"订单名称","小时","产品标题","订单标记","订购数量","毛销售额","净销售额","总销售额"
"#3440","2026-05-15 13:00:00","P377 celebrity pocket pussy sex toy for men | Tantaly","260519",3,119.97,107.98,107.98
"#3440","2026-05-15 13:00:00","P377 celebrity pocket pussy sex toy for men | Tantaly","/collections/femboys-sex-doll",3,119.97,107.98,107.98
"#3211","2026-01-22 02:00:00","H126 TPE Oral Sex Doll Head 丨WM Doll Head","260113",1,378,351.55,351.55
"#3523","2026-06-15 09:00:00","H125 Thick Big Lips TPE Oral Blowjob Sex Doll Head 丨WM Doll Head","/products/h125-sex-doll-head",1,378,378,378
"#3428","2026-05-11 06:00:00","T405-15.43lb/47cm-Light weight Realistic Curvy Sex Torso Doll","260512",1,199,199,199
"#3377","2026-04-23 20:00:00","Shipping Protection","260424",1,31.63,31.63,31.63
"#3324","2026-03-20 14:00:00","A260-Lusandy Sex Dolls with Big Asses Silicone 22lb Sexy and Gel Butt Mini Sex Dolls【IN Stock US/EU】","linkdolls.com",1,599,551.08,551.08
"#3549","2026-06-23 00:00:00","T524(16.8lb)  Charming Abs And Big Hard Cock-Boys/black Ebony male sex doll For Women | xingse","/collections/black-torso-sex-dolls",1,249,249,249
"#3542","2026-06-21 01:00:00","Shipping Protection","260623",1,5.05,5.05,5.05
"#3424","2026-05-10 07:00:00","T403-Black(9.92lb) Mini GYATT BBW Thick Realistic small sex doll","xcottonsp",1,99,99,99
"#3160","2026-01-05 04:00:00","H009 TPE Oral Sex Doll Head 丨WM Doll Head","xcottonsp",1,428,428,428
"#3546","2026-06-22 07:00:00","T501-Black(25.3lb) Big Ass BBW Ebony Sex Doll Torso Realistic, Full Breasts & Hips","260625",1,309,278.1,278.1
"#3557","2026-06-26 18:00:00","H858 Silicone Anime Sex Doll Head｜Elsa Babe Head","头架",1,898,898,898
"#3146","2026-01-01 15:00:00","T292 - 70.55 lbs Chloe ROS Life Size Silicone life size sex doll torso with Head [In Stock USA& Europe] | MAX  Series","260105",1,1299,1104.15,1104.15
"#3163","2026-01-05 11:00:00","Shipping Protection","xcottonsp",1,17.23,15.5,15.5
"#3298","2026-03-05 17:00:00","Shipping Protection","xcottonsp",1,11.05,10.27,10.27
"#3484","2026-06-01 13:00:00","Shipping Protection","xcottonsp",1,12.25,12.25,12.25
"#3197","2026-01-17 11:00:00","T26-(8.8lb)Big Boobs Cheap Sex Doll Torso｜Mini Size-Easy to carry","/collections/all",1,169,169,169
"#3473","2026-05-28 09:00:00","F2458-164cm(5.4ft)-39kg G Cup Ada Life-Size Silicone Head Sex Doll【IN STOCK US/EU】｜Sigafun Doll","260608",1,1168,1168,1168
"#3442","2026-05-15 15:00:00","A684-(41.8lb)Big Booty Sex Dolls Torso Realistic ssbbwsex","260516",1,559,503.1,503.1
"#3510","2026-06-09 19:00:00","Shipping Protection","xcottonsp",1,4.15,4.15,4.15
"#3422","2026-05-09 21:00:00","T443-20.94LB Sex Doll Big Boobs Silicone Life-Size Torso | LoveNestle Series","260512",1,499,449.11,449.11
"#3251","2026-02-08 02:00:00","Shipping Protection","linkdolls.com",1,46.93,46.93,46.93
"#3488","2026-06-03 12:00:00","A308-(13lb) Soft Silicone Realistic Big Ass Sex Toy For Men","260605",1,269,269,269
"#3265","2026-02-16 20:00:00","F1063-162cm(5.3ft) F Cup Chloe S-TPE Sex Doll [IN STOCK USA]｜Fun West Doll","/collections/flat-chest-sex-doll",1,1399,1399,1399
"#3273","2026-02-19 13:00:00","H892 Silicone Anime Sex Doll Head｜Elsa Babe Head","xcottonsp",1,699,699,699
"#3263","2026-02-15 10:00:00","T667-(20.2lbs) Luxury Super Cheap Realistic Female Silicone Torso Sex Doll For Men","/collections/in-stock-usa-1",1,459,459,459
"#3554","2026-06-25 10:00:00","T588V-16.09lb Sucking Sex Torso TPE Vibration & Auto Clean Sex Doll Torsos","/unknow",1,265,265,265
"#3434","2026-05-12 03:00:00","T660 - 9.35lbs TPR 8.46in Dildo Insert AI Sex Dolls Male Torso Toy & Masturbator【IN Stock US】 | Xinse","260512",1,149,149,149
"#3173","2026-01-09 00:00:00","Shipping Protection","260210",1,49.48,44.53,44.53
"#3320","2026-03-18 10:00:00",,"#3317 舌头费用",1,79,79,79
"#3332","2026-03-25 04:00:00","Shipping Protection","/en-ca/cart",1,9.25,9.25,9.25
"#3332","2026-03-25 04:00:00","Shipping Protection","260407",1,9.25,9.25,9.25
"#3215","2026-01-24 21:00:00","Shipping Protection","xcottonsp",1,5.56,5.56,5.56
"#3185","2026-01-11 08:00:00","A547 (2.4lb)Miniest Realistic Fake Butt mini torso sex doll For Man 100% Genuine","260113",1,69,69,69
"#3187","2026-01-12 04:00:00","A555-32lbs 32lb Sucking Sex Doll Torso Realistic Ass Robot Vibrating Best Sex Dolls Torso","xcottonsp",1,599,539.11,539.11
"#3230","2026-01-30 03:00:00","T665-32lbs/76cm Luxury Silicone Life Sized Best Sex Torso– Robotic & Realistic","/collections/judy-rona-doll",1,857,857,857
"#3162","2026-01-05 08:00:00","Shipping Protection","260110",1,5.05,5.05,5.05
"#3525","2026-06-15 23:00:00","F4750-161cm(43kg) H Cup Fat Big Ass Silicone Ros BBW Sex Doll toy ｜Starpery Doll","送球衣",1,3497,3497,3497
"#3202","2026-01-19 13:00:00","T233 (12.1lb丨16.5'') Futa Big Breast Sex Doll Torso & Torso Dildo Bisexual","/collections/shemale-sex-doll-torso-1",1,269,269,269
"#3560","2026-06-28 04:00:00","T15(34lbs)Cinnamon-Luxury BBW Sex Dolls Realistic Silicone Sex Dolls Torso With Huge Breasts｜Climax Doll","xcottonsp",1,784,784,784
"#3476","2026-05-29 14:00:00","D057- (19.69'') 1.76kg Male Torso TPR Dildo Shemale Penis Smooth| Xingse","/products/d057-19-69",1,79,79,79
"#3509","2026-06-09 13:00:00","KW001-Golden Medium Curly Wig for Dolls","/collections/under-100",1,79,79,79
"#3502","2026-06-07 18:00:00","T502-21lb/53cm-Realisitc Torso Sexdoll Big Boobs Round Ass","加热棒润滑液",1,284,284,284
"#3554","2026-06-25 10:00:00","T588V-16.09lb Sucking Sex Torso TPE Vibration & Auto Clean Sex Doll Torsos","260626",1,265,265,265
"#3337","2026-03-27 09:00:00","Shipping Protection","260328",1,26.53,26.53,26.53
"#3183","2026-01-11 01:00:00","T404 (50.7lb/99cm) Realistic Half Torso Sex Doll With Perky Breasts,Big ass & Double Channels","260117",1,499,449.11,449.11
"#3540","2026-06-20 18:00:00","F9364-167cm(5ft4)-28.5kg B Cup Silicone ROS Christmas Life Sized Sex Doll丨Lusandy doll","/unknow",1,2669,2402.1,2402.1
"#3182","2026-01-10 23:00:00","Shipping Protection","xcottonsp",1,4.45,4.13,4.13
"#3214","2026-01-24 00:00:00","P119-30cm/11.8in 2.5kg Fake Pussy Silicone Anime Hentai Sex Doll｜Doll Castle","xcottonsp",1,269,269,269
"#3153","2026-01-03 05:00:00","H130 TPE Oral Blowjob Sex Doll Head  [IN STOCK USA / EU]丨WM Doll Head","加急快递",1,516,516,516
"#3551","2026-06-23 23:00:00","P381-2.2lbs Meru The Succubus Mini Anime Hentai Sex Toy - Silicone Pocket Pussy | MRL","xcottonsp",1,199,199,199
"#3211","2026-01-22 02:00:00","H126 TPE Oral Sex Doll Head 丨WM Doll Head","加急快递",1,378,351.55,351.55
"#3293","2026-03-01 19:00:00","A682-(19lb) Bigass Sexdoll Torso TPE 19lb Sucking Vibration Realistic Ass Best Sex Torsos","260303",1,369,369,369
"#3431","2026-05-11 10:00:00","Shipping Protection","260526",1,7.75,7.75,7.75
"#3263","2026-02-15 10:00:00","Shipping Protection","260216",1,9.25,9.25,9.25
"#3245","2026-02-06 04:00:00","B33-(18.8lb) Big Breast  & Vagina Huge Tits Sex Soft Gel Boobs Male Masturbator","260207",1,288,288,288
"#3541","2026-06-20 23:00:00","A943-23.8lb 7.9inch Huge Penis Dildo Femboy TPE Cheap Male Sex Doll Torso | qita doll","加热棒",1,424,424,424
"#3220","2026-01-27 03:00:00","Shipping Protection","/collections/sex-doll-torso",1,20.23,20.23,20.23
"#3591","2026-07-11 01:00:00","Shipping Protection","/cart",1,14.23,14.23,14.23
"#3389","2026-04-29 07:00:00","Shipping Protection","xcottonsp",1,15.73,15.73,15.73
"#3236","2026-01-31 21:00:00","P101-4LB Mini Silicone Pocket Pussy Hentai Realistic Bl Anime Sex Toys","/60719464687/orders/bb9",1,459,426.88,426.88
"#3256","2026-02-09 21:00:00","A664-(37.5lb) Silicone Butt Sexy and Real Realistic Huge Ass Sex Doll Torso","linkdolls.com",1,788,788,788
"#3159","2026-01-04 07:00:00","F2319-163cm(5.3ft) 53kg G Cup Hips Over 140"" ROS Movable Jaw Full Size Sex Dolls Huge Ass Sex Doll丨SY Doll","/collections/doll-castle",1,2845,2845,2845
"#3330","2026-03-24 02:00:00","Shipping Protection","260325",1,10.45,10.45,10.45
"#3610","2026-07-18 18:00:00","A664-(37.5lb) Silicone Butt Sexy and Real Realistic Huge Ass Sex Doll Torso",,1,724,724,724
"#3522","2026-06-14 21:00:00","F110-165cm -37kg Realistic Asian TPE Cute Femboy Sex Doll for Companionship-Qita Doll","加急快递",1,1849,1849,1849
"#3404","2026-05-04 11:00:00","A805-8.5lb Realistic & Lightweight Big Ass Toy Silicone Butt Torso","linkdolls.com",1,179,179,179
"#3159","2026-01-04 07:00:00","Shipping Protection","260117",1,60.58,60.58,60.58
"#3167","2026-01-06 18:00:00","T636 - 33.7 lbs/6.7 ft  Mark Dildo Realistic TPE Male Sex Doll Torso with Big Dick | Tantaly","加热棒润滑液",1,444,412.93,412.93
"#3191","2026-01-14 21:00:00","Shipping Protection","xcottonsp",1,7.15,7.15,7.15
"#3523","2026-06-15 09:00:00","H125 Thick Big Lips TPE Oral Blowjob Sex Doll Head 丨WM Doll Head","260701",1,378,378,378
"#3480","2026-05-31 13:00:00","F2580-168cm(5.5ft) 39kg Realistic Sex Doll Emotional Support Companion Silicone｜Real Lady","/collections/sex-doll-head",1,4250,3910,3910
"#3169","2026-01-08 01:00:00","H872 Silicone Anime Sex Doll Head｜Elsa Babe Head","260206",1,699,699,699
"#3232","2026-01-30 09:00:00","Shipping Protection","260130",1,3.25,3.25,3.25
"#3465","2026-05-25 02:00:00","H027 TPE Oral Blowjob Sex Doll Head [IN STOCK USA / EU]丨WM Doll Head","加急快递",1,428,428,428
"#3454","2026-05-21 16:00:00","F2457-164cm(5.4ft)-39kg G Cup Life-Size sex with sexual doll Silicone Head Sex Doll【IN STOCK US/EU】｜Sigafun Doll","/blogs/dolls-info-qustions/buy-your-sex",1,968,968,968
"#3358","2026-04-10 01:00:00","B38-17.1lb/36.2inch Suntan Silicone Sex Doll Huge Tits Sex Torso for Realistic Titjob - Climax Doll","260421",1,379,379,379
"#3464","2026-05-24 18:00:00","A683-(24lb)Sexy And Real Realistic Ass Female Bigass SexDoll","260526",1,369,369,369
"#3160","2026-01-05 04:00:00","H009 TPE Oral Sex Doll Head 丨WM Doll Head","260119",1,428,428,428
"#3228","2026-01-29 18:00:00","Shipping Protection","260202",1,5.35,5.35,5.35
"#3541","2026-06-20 23:00:00","A943-23.8lb 7.9inch Huge Penis Dildo Femboy TPE Cheap Male Sex Doll Torso | qita doll","/linkdolls.com",1,424,424,424
"#3163","2026-01-05 11:00:00","Shipping Protection","260119",1,17.23,15.5,15.5
"#3336","2026-03-27 06:00:00","Shipping Protection","xcottonsp",1,4.15,4.15,4.15
"#3447","2026-05-19 06:00:00","A664-(37.5lb) Silicone Butt Sexy and Real Realistic Huge Ass Sex Doll Torso","/collections/all",1,699,699,699
"#3203","2026-01-19 16:00:00","Shipping Protection","xcottonsp",1,8.05,8.05,8.05
"#3291","2026-02-28 22:00:00","Shipping Protection","xcottonsp",1,55.03,51.17,51.17
"#3532","2026-06-18 12:00:00","A664-(37.5lb) Silicone Butt Sexy and Real Realistic Huge Ass Sex Doll Torso","/unknow",1,788,788,788
"#3280","2026-02-25 12:00:00","T507V- (70.54lb) LifeSize Vibrating & Sucking Best Robot Sex Doll Torso ｜Luxury Sexiest Stripper Plump Hot Sex Toy for Man","260226",1,899,899,899
"#3311","2026-03-13 12:00:00","P83-2.87lb 5.5inch Dildo Bbw Hentai Transgender Best Mini Male Futa Torso Sex Doll | MRL","/unknow",1,129,129,129
"#3361","2026-04-12 03:00:00","H001  TPE Oral Sex Doll Head  [IN STOCK USA / EU]丨WM Doll Head","260427",1,497,497,497
"#3198","2026-01-17 16:00:00","Shipping Protection","xcottonsp",1,6.85,6.85,6.85
"#3208","2026-01-20 22:00:00","A358-(27.5lb) Big Butt BBW Black Sex Doll Torso Realistic with Gel Butt - Climax Doll","/collections/fake-ass-sex-toy",1,544,544,544
"#3454","2026-05-21 16:00:00","F2457-164cm(5.4ft)-39kg G Cup Life-Size sex with sexual doll Silicone Head Sex Doll【IN STOCK US/EU】｜Sigafun Doll","xcottonsp",1,968,968,968
"#3222","2026-01-27 14:00:00","A684-(41.8lb)Big Booty Sex Dolls Torso Realistic ssbbwsex","加热棒",1,559,503.1,503.1
"#3559","2026-06-27 19:00:00","Shipping Protection","/unknow",1,60.58,60.58,60.58
"#3475","2026-05-29 08:00:00","A647 - 17.6 lbs Scaly Fantasy Silicone Best Sex Torso Booty Alien Pussy Sex Toy Torso","/collections/furry-sex-doll",1,399,399,399
"#3416","2026-05-06 14:00:00","A664-(37.5lb) Silicone Butt Sexy and Real Realistic Huge Ass Sex Doll Torso","260506",1,719,719,719
"#3446","2026-05-18 22:00:00","D336(3.3 lbs丨7.5'') Brown Upgraded King Kong Gunner Dildo Male Torso Sex Doll","/collections/sex-doll-torso-dildo",1,69,69,69
"#3470","2026-05-27 11:00:00","T643 - 48.5 lbs Life-Size Realistic BBW Best Sex Torso | Plump Woman with Chubby Belly","/pages/best-sex-doll-promotions",1,699,650.07,650.07
"#3402","2026-05-03 05:00:00","A647 - 17.6 lbs Scaly Fantasy Silicone Best Sex Torso Booty Alien Pussy Sex Toy Torso","260516",1,528,528,528
"#3560","2026-06-28 04:00:00","T15(34lbs)Cinnamon-Luxury BBW Sex Dolls Realistic Silicone Sex Dolls Torso With Huge Breasts｜Climax Doll","/products/t709-",1,784,784,784
"#3495","2026-06-05 01:00:00","B38-17.1lb/36.2inch Silicone Titty Fuck Sex Toy To Experience Cinnamon | Climax Doll","260611",1,529,529,529
"#3222","2026-01-27 14:00:00","A684-(41.8lb)Big Booty Sex Dolls Torso Realistic ssbbwsex","加急快递",1,559,503.1,503.1
"#3266","2026-02-17 00:00:00","T401-23.36lb/52cm-Big Boobs Round Ass Realistic Curves Sextorso","/collections/sex-torso-doll-in-stock",1,269,269,269
"#3507","2026-06-09 03:00:00","A805-8.5lb Realistic & Lightweight Big Ass Toy Silicone Butt Torso","xcottonsp",1,179,179,179
"#3497","2026-06-05 15:00:00","H205 ROS Silicone Sex Doll Head [IN STOCK USA]丨Galatea Doll Head","PVC头架",1,568,568,568
"#3252","2026-02-08 04:00:00","A432- 35.27lb Daisy Huge Ass Sex Doll Torso – Silicone, Realistic Dual Tunnels | LoveNestle","/unknow",1,644,598.92,598.92
"#3217","2026-01-25 21:00:00","Shipping Protection","xcottonsp",1,11.65,11.65,11.65
"#3532","2026-06-18 12:00:00","A664-(37.5lb) Silicone Butt Sexy and Real Realistic Huge Ass Sex Doll Torso","润滑液",1,788,788,788
"#3258","2026-02-12 10:00:00","T205-BBW Sex Doll Torso TPE Mini Sex Dolls  41.22lb|53cm Curvy Fat Belly","xcottonsp",1,599,599,599
"#3507","2026-06-09 03:00:00","Shipping Protection","/collections/silicone-ass",1,3.85,3.85,3.85
"#3208","2026-01-20 22:00:00","KT001-Reusable Drying Rod","加热棒润滑液",1,99,99,99
"#3473","2026-05-28 09:00:00","F2458-164cm(5.4ft)-39kg G Cup Ada Life-Size Silicone Head Sex Doll【IN STOCK US/EU】｜Sigafun Doll","6.8-6.21之间送达",1,1168,1168,1168
"#3411","2026-05-05 20:00:00","A311-17.4lb Silicone Big Butt Torso – Extended Thighs, Mid-Thigh Length & Realistic Design","260521",1,449,449,449
"#3577","2026-07-06 16:00:00","A303 11lb Silicone Big Butt Torso – Realistic & Lightweight Big Ass Sex Toy","260713",1,199,199,199
"#3432","2026-05-11 17:00:00","H121 TPE Oral Blowjob Sex Doll Head 丨WM Doll Head","260514",1,378,378,378
"#3152","2026-01-03 04:00:00","H892 Silicone Anime Sex Doll Head｜Elsa Babe Head","xcottonsp",1,699,699,699
"#3437","2026-05-13 23:00:00","T69(43lb）Belle Big Ass Big Booty Sexual Silicone Torso SexDoll | Sigafun Doll","/collections/sex-doll-torso",1,1118,1118,1118
"#3464","2026-05-24 18:00:00","A683-(24lb)Sexy And Real Realistic Ass Female Bigass SexDoll","xcottonsp",1,369,369,369
"#3461","2026-05-23 06:00:00","T645 - 59.52 lbs Grace ROS Life Size Silicone Sex Doll Torso with Red Head [In Stock USA& Europe] | MAX Series","/collections/full-doll",1,1200,1080,1080
"#3569","2026-07-03 02:00:00","Shipping Protection","/collections/best-seller",1,2.65,2.65,2.65
"#3380","2026-04-24 10:00:00","A682-(19lb) Bigass Sexdoll Torso TPE 19lb Sucking Vibration Realistic Ass Best Sex Torsos","260427",1,369,332.1,332.1
"#3183","2026-01-11 01:00:00","T404 (50.7lb/99cm) Realistic Half Torso Sex Doll With Perky Breasts,Big ass & Double Channels","xcottonsp",1,499,449.11,449.11
"#3344","2026-04-01 01:00:00","Shipping Protection","/unknow",1,12.25,12.25,12.25
"#3196","2026-01-17 11:00:00","Shipping Protection","/unknow",1,6.85,6.37,6.37
"#3183","2026-01-11 01:00:00","T404 (50.7lb/99cm) Realistic Half Torso Sex Doll With Perky Breasts,Big ass & Double Channels","/products/f1445a-163cm",1,499,449.11,449.11
"#3170","2026-01-08 09:00:00","H877 Silicone Anime Sex Doll Head｜Elsa Babe Head","/en-ca/products/h952",1,787.9,709.11,709.11
"#3153","2026-01-03 05:00:00","H130 TPE Oral Blowjob Sex Doll Head  [IN STOCK USA / EU]丨WM Doll Head","xcottonsp",1,516,516,516
"#3592","2026-07-11 19:00:00","Shipping Protection","/collections/sex-doll-head",1,11.35,11.35,11.35
"#3378","2026-04-24 02:00:00","Shipping Protection","260427",1,5.65,5.65,5.65
"#3571","2026-07-04 01:00:00","F8614—164cm/5ft4-38.75kg I Cup Aisan Silicone Huge Breast Sex Doll Ruby- Firefly Diary Max","加急快递",1,3108,3108,3108
"#3260","2026-02-12 14:00:00","Shipping Protection","xcottonsp",1,15.73,14.15,14.15
"#3202","2026-01-19 13:00:00","Shipping Protection","/collections/shemale-sex-doll-torso-1",1,5.65,5.65,5.65
"#3368","2026-04-16 11:00:00","Shipping Protection","260511",1,55.03,49.52,49.52
"#3182","2026-01-10 23:00:00","Shipping Protection","/collections/male-sex-doll",1,4.45,4.13,4.13
"#3529","2026-06-17 15:00:00","Shipping Protection","xcottonsp",1,5.95,5.95,5.95
"#3337","2026-03-27 09:00:00","T463-59.52LB Lana ROS Life Size Red Head Silicone Japanese Sex Doll Torso With Head【In Stock USA& Europe】｜MAX Series","xcottonsp",1,1200,1200,1200
"#3449","2026-05-20 15:00:00","A295 -Judy Rona Big Butt Torso Silicone Big Ass Sex Toy 26.9lb Realisitc Skin","260601",1,584,584,584
"#3412","2026-05-06 01:00:00","P80-4.6kg Megumi Futanari Shemale Sex Doll Torso with 11"" Horse Dildo & 3 Channels | Mrl","/unknow",1,198,198,198
"#3160","2026-01-05 04:00:00","Shipping Protection","/collections/tpe-sex-doll-head",1,8.65,8.65,8.65
"#3537","2026-06-19 05:00:00","A571 (19.4lb) Black BBW Big Ass Sex Doll Torso Doggy Style Fat Butt","260623",1,229,229,229
"#3159","2026-01-04 07:00:00","Shipping Protection","/collections/doll-castle",1,60.58,60.58,60.58
"#3237","2026-02-01 15:00:00","Shipping Protection","xcottonsp",1,4.15,4.15,4.15
"#3259","2026-02-12 14:00:00","T521 (5.38lb)Fleshlight Cheap Life Like Sex Doll｜ Male Masturbator For Man","xcottonsp",1,99,99,99
"#3202","2026-01-19 13:00:00","T233 (12.1lb丨16.5'') Futa Big Breast Sex Doll Torso & Torso Dildo Bisexual","xcottonsp",1,269,269,269
"#3154","2026-01-03 14:00:00","Shipping Protection","xcottonsp",1,5.65,5.65,5.65
"#3531","2026-06-18 09:00:00",,"/cart",1,179,179,179
"#3590","2026-07-11 01:00:00","T404 (50.7lb/99cm) Realistic Half Torso Sex Doll With Perky Breasts,Big ass & Double Channels","海运",1,599,599,599
"#3451","2026-05-21 06:00:00","A302-(21.4lb) Silicone Realistic Big Ass Torso with Long Waist","/products/a302-21-4lb",1,499,449.1,449.1
"#3252","2026-02-08 04:00:00","A432- 35.27lb Daisy Huge Ass Sex Doll Torso – Silicone, Realistic Dual Tunnels | LoveNestle","260209",1,644,598.92,598.92
"#3265","2026-02-16 20:00:00","F1063-162cm(5.3ft) F Cup Chloe S-TPE Sex Doll [IN STOCK USA]｜Fun West Doll","260217",1,1399,1399,1399
"#3406","2026-05-05 07:00:00","Shipping Protection","xcottonsp",1,4.15,4.15,4.15
"#3572","2026-07-04 23:00:00","T435-72.75LB Romona Silicone Lifesize Anime Sex Doll Best ssbbw sex doll Torso | LoveNestle Series","润滑液",1,1319,1319,1319
"#3238","2026-02-01 23:00:00","Shipping Protection","linkdolls.com",1,11.95,11.95,11.95
"#3399","2026-05-02 06:00:00","Shipping Protection","260525",1,36.73,34.15,34.15
"#3470","2026-05-27 11:00:00","T643 - 48.5 lbs Life-Size Realistic BBW Best Sex Torso | Plump Woman with Chubby Belly","海运",1,699,650.07,650.07
"#3178","2026-01-10 11:00:00","f9257- 160cm(5ft3)-35kg E Cup Silicone Female Sex Doll丨Doll senior","xcottonsp",1,1004,1004,1004
"#3493","2026-06-04 05:00:00","T522 (5lbs)Petite Sex Doll Fake Pussy Best Cheap small sex doll Male Sex Toy 100% Genuine","/collections/mini-sex-doll-torso",1,88,88,88
"#3499","2026-06-06 05:00:00","D336(3.3 lbs丨7.5'') Brown Upgraded King Kong Gunner Dildo Male Torso Sex Doll","/collections/black-male-sex-doll",1,69,69,69
"#3262","2026-02-12 22:00:00","F3476-161cm(5f3)-47kg  D Cup Chubby  Silicone Head Sex Doll | Aibei Doll","内衣",1,2953,2953,2953
"#3421","2026-05-09 18:00:00","V324 - Silicone Realistic Poseable Sex Doll Feet for Foot Worship (EU 35 / US 6)","/collections/vajankle-foot-fetish-toys",1,399,399,399
"#3439","2026-05-14 03:00:00","T666-39.7lbs/83cm Silicone Luxury Super Realistic Life Size Torso Sex Doll And Robots","/unknow",1,1127,1014.31,1014.31
"#3534","2026-06-18 18:00:00","KA010-PVC Head Stand","260623",1,119,119,119
"#3371","2026-04-19 14:00:00","Shipping Protection","/collections/sex-doll-head",1,15.73,15.73,15.73
"#3503","2026-06-08 00:00:00","F4668-T165cm(5.4ft)-33kg Liam.A C Cup Real Medium butt Silicone AI Sex Doll Robot｜SE Doll",,1,255,255,255
"#3267","2026-02-17 02:00:00","H442 ROS Free Hair Impants Real Oral Movable Jaw Blowjob Silicone Sex Doll Head | SY Doll","/products/f2414-164cm",1,499,499,499
"#3510","2026-06-09 19:00:00","A303 11lb Silicone Big Butt Torso – Realistic & Lightweight Big Ass Sex Toy","260612",1,199,199,199
"#3381","2026-04-25 00:00:00","T411-50.7lbs/92cm silicone sex dolls Luxury Super Realistic Human Size Best Torso Sexdoll And Robots","260513",1,1099,989.11,989.11
"#3363","2026-04-13 21:00:00","A260-Lusandy Sex Dolls with Big Asses Silicone 22lb Sexy and Gel Butt Mini Sex Dolls【IN Stock US/EU】","260419",1,629,584.97,584.97
"#3179","2026-01-10 12:00:00","T431-73.68LB Hailey Life Size Latina Silicone Sex Doll Torso With Head【In Stock USA& Europe & Canada】｜MAX Series","/unknow",1,1299,1195.08,1195.08
"#3235","2026-01-31 15:00:00","Shipping Protection","260203",1,3.25,3.25,3.25
"#3593","2026-07-12 11:00:00","T665-32lbs/76cm Luxury Silicone Life Sized Best Sex Torso– Robotic & Realistic","/unknow",1,689,640.77,640.77
"#3441","2026-05-15 14:00:00","T401-23.36lb/52cm-Big Boobs Round Ass Realistic Curves Sextorso","/unknow",1,269,250.17,250.17
"#3415","2026-05-06 10:00:00","P77-3.15lb Spider Girl Onahle Fake Pussy Anime Hentai Sex Toy | MRL","260509",1,238,238,238
"#3303","2026-03-06 21:00:00","Shipping Protection","260312",1,4.15,4.15,4.15
"#3249","2026-02-07 15:00:00","Shipping Protection","xcottonsp",1,5.05,4.54,4.54
"#3242","2026-02-03 06:00:00","A323- 32lbs Huge Ass Sex Doll Torso Liquid Silicone Chubby Sex Doll Belly Butt Ultra-Soft","/collections/all",1,799,719.11,719.11
"#3443","2026-05-15 23:00:00","T588V-16.09lb Sucking Sex Torso TPE Vibration & Auto Clean Sex Doll Torsos","/unknow",1,265,265,265
"#3260","2026-02-12 14:00:00","H232 ROS Silicone Blowjob Sex Doll Head丨WM Doll Head","/collections/ros-sex-doll-heads-1",1,767,690.31,690.31
"#3560","2026-06-28 04:00:00","Shipping Protection","xcottonsp",1,15.73,15.73,15.73
"#3331","2026-03-24 04:00:00","Shipping Protection","260407",1,9.25,9.25,9.25
"#3331","2026-03-24 04:00:00","Shipping Protection","/en-ca/cart",1,9.25,9.25,9.25
"#3259","2026-02-12 14:00:00","Shipping Protection","linkdolls.com",1,2.05,2.05,2.05
"#3408","2026-05-05 09:00:00","Shipping Protection","xcottonsp",1,6.25,6.25,6.25
"#3248","2026-02-07 11:00:00","H292  Silicone Sex Doll Head丨Angel Kiss Doll Head","额外假发",1,597,597,597
"#3270","2026-02-18 12:00:00","A664-(37.5lb) Silicone Butt Sexy and Real Realistic Huge Ass Sex Doll Torso","260219",1,699,629.1,629.1
"#3208","2026-01-20 22:00:00","KT001-Reusable Drying Rod","260203",1,99,99,99
"#3306","2026-03-08 12:00:00","A512 (57.32lb) Big Ass Sex Torso Doggy Style 1:1 Life-Sized BBW Big Sex Butts","加热棒",1,624,624,624
"#3417","2026-05-06 18:00:00","F8170-150cm(4.9ft)-27.6kg F Cup R8 Lena Best Silicone Sex Doll With Robot｜Real Lady","加急快递",1,5178,4660.2,4660.2
"#3577","2026-07-06 16:00:00","Shipping Protection","260713",1,4.15,4.15,4.15
"#3208","2026-01-20 22:00:00","A358-(27.5lb) Big Butt BBW Black Sex Doll Torso Realistic with Gel Butt - Climax Doll","xcottonsp",1,544,544,544
"#3425","2026-05-10 08:00:00","H042 ELF Fantasy Realistic Sex Doll Head with High Forehead","260528",1,418,418,418
"#3406","2026-05-05 07:00:00","Shipping Protection","/collections/black-male-sex-doll",1,4.15,4.15,4.15
"#3316","2026-03-17 18:00:00","T293-30.9lbs/72cm Super Realistic Luxury Silicone Life Size Sex Doll Torso","260318",1,599,557.07,557.07
"#3466","2026-05-25 10:00:00","Shipping Protection","260601",1,16.48,16.48,16.48
"#3241","2026-02-03 03:00:00","T590-(35.27lb)Luxury Female Torso Tribbing Sex Doll with Fully Automatic Sucking Vibrating Sex Doll Torso","加急快递",1,699,699,699
"#3308","2026-03-10 23:00:00","T590-(35.27lb)Luxury Female Torso Tribbing Sex Doll with Fully Automatic Sucking Vibrating Sex Doll Torso","/collections/torso-only",1,699,699,699
"#3303","2026-03-06 21:00:00","T1214-5kg (11lbs) TPE Realistic Sex Doll Torso | DU AI","260312",1,199,199,199
"#3147","2026-01-01 17:00:00","Shipping Protection","xcottonsp",1,14.23,14.23,14.23
"#3572","2026-07-04 23:00:00","T435-72.75LB Romona Silicone Lifesize Anime Sex Doll Best ssbbw sex doll Torso | LoveNestle Series","/products/t435-72-75lb",1,1319,1319,1319
"#3250","2026-02-07 19:00:00","Shipping Protection","xcottonsp",1,17.98,16.72,16.72
"#3529","2026-06-17 15:00:00","L583(13.2lb/27.5‘’) 70cm Cheap Sex Doll Legs with Realistic Feet & Dual Channels - Affordable Leg Fetish Torso","260620",1,284,284,284
"#3555","2026-06-25 20:00:00","T588V-16.09lb Sucking Sex Torso TPE Vibration & Auto Clean Sex Doll Torsos","/collections/vibrating-sex-doll-torso",1,265,265,265
"#3465","2026-05-25 02:00:00","H027 TPE Oral Blowjob Sex Doll Head [IN STOCK USA / EU]丨WM Doll Head","260611",1,428,428,428
"#3311","2026-03-13 12:00:00","Shipping Protection","xcottonsp",1,2.65,2.65,2.65
"#3560","2026-06-28 04:00:00","Shipping Protection","/products/t709-",1,15.73,15.73,15.73
"#3449","2026-05-20 15:00:00","A295 -Judy Rona Big Butt Torso Silicone Big Ass Sex Toy 26.9lb Realisitc Skin","/collections/fake-ass-sex-toy",1,584,584,584
"#3371","2026-04-19 14:00:00","H422 ROS Free Hair Impants  Real Oral Movable Jaw Silicone Sex Doll Head   | SY Doll","xcottonsp",1,767,767,767
"#3148","2026-01-01 22:00:00","V27-4.41 lbs Single Left Silicone Big Footjob Sex Toys with Vajankle","/collections/vajankle-foot-fetish-toys",1,334,334,334
"#3445","2026-05-18 04:00:00","A664-(37.5lb) Silicone Butt Sexy and Real Realistic Huge Ass Sex Doll Torso","260518",1,699,629.11,629.11
"#3347","2026-04-02 01:00:00","F8033-150cm/5ft-27.5kg Silicone  Anime Hentai Sex Doll Furries| Elsa Babe","/collections/furry-sex-doll",1,2623,2623,2623
"#3435","2026-05-12 23:00:00","T6-(60lb) Luxury Thin Cinnamon Half Torso Sex Doll Small Flat Chested【in stock】|Climax Doll","海运",1,799,719.11,719.11
"#3566","2026-06-30 23:00:00","H002 X-Bot AI Smart Doll Head – Multi-Language Talking, Lifelike Expressions & Interactive Emotions | SE Doll Head","/collections/sex-doll-head",1,1499,1499,1499
"#3252","2026-02-08 04:00:00","A432- 35.27lb Daisy Huge Ass Sex Doll Torso – Silicone, Realistic Dual Tunnels | LoveNestle","加热棒",1,644,598.92,598.92
"#3486","2026-06-01 22:00:00","H624 ROS Silicone Love Doll Head ｜Zelex Doll Head","260617",1,548.9,548.9,548.9
"#3584","2026-07-08 07:00:00","F555-161cm(5ft3)/52.5kg H Cup Huge Areola Adult Silicone BBW Sex Doll｜Starpery Doll","/cart",1,2975,2975,2975
"#3513","2026-06-12 05:00:00","P116-2.2 lbs Muscle Fake Pussy Realistic Masturbator Mini Hentai Sex Doll Torso | MRL","260615",1,99,99,99
"#3159","2026-01-04 07:00:00","F2319-163cm(5.3ft) 53kg G Cup Hips Over 140"" ROS Movable Jaw Full Size Sex Dolls Huge Ass Sex Doll丨SY Doll","260117",1,2845,2845,2845
"#3195","2026-01-17 02:00:00","Shipping Protection","linkdolls.com",1,29.08,29.08,29.08
"#3162","2026-01-05 08:00:00","Shipping Protection","/collections/vajankle-foot-fetish-toys",1,5.05,5.05,5.05
"#3464","2026-05-24 18:00:00","A683-(24lb)Sexy And Real Realistic Ass Female Bigass SexDoll","/collections/fake-ass-sex-toy",1,369,369,369
"#3188","2026-01-12 11:00:00","Shipping Protection","260121",1,15.73,14.15,14.15
"#3315","2026-03-16 12:00:00","A547 (2.4lb)Miniest Realistic Fake Butt mini torso sex doll For Man 100% Genuine","失效订单",1,89,89,89
"#3562","2026-06-29 02:00:00","T637 – 36.4 lbs Mark PRO TPE Male Sex Doll Torso with Removable Silicone Dildo -3 Sizes Available | Tantaly","260629",1,489,489,489
"#3560","2026-06-28 04:00:00","T15(34lbs)Cinnamon-Luxury BBW Sex Dolls Realistic Silicone Sex Dolls Torso With Huge Breasts｜Climax Doll","260709",1,784,784,784
"#3542","2026-06-21 01:00:00","Shipping Protection","xcottonsp",1,5.05,5.05,5.05
"#3279","2026-02-25 10:00:00","A512 (57.32lb) Big Ass Sex Torso Doggy Style 1:1 Life-Sized BBW Big Sex Butts","250227",1,599,599,599
"#3594","2026-07-12 19:00:00","A943-23.8lb 7.9inch Huge Penis Dildo Femboy TPE Cheap Male Sex Doll Torso | qita doll","260717",1,399,359.1,359.1
"#3545","2026-06-22 06:00:00","V26 - 1.54 lbs Realistic Silicone Vajankle Right Foot Fetish Sex Toy with Channels","/collections/vajankle-foot-fetish-toys",1,269,269,269
"#3278","2026-02-24 01:00:00","A664-(37.5lb) Silicone Butt Sexy and Real Realistic Huge Ass Sex Doll Torso","/unknow",1,699,699,699
"#3190","2026-01-13 20:00:00","V23 - Under200 Cheap TPE Vajancle Sex Doll Feet Masturbator for Men","260119",1,179,179,179
"#3389","2026-04-29 07:00:00","H224 ROS Silicone Blowjob Sex Doll Head [IN STOCK USA]丨Galatea Doll Head","PVC头架",1,766,766,766
"#3290","2026-02-28 15:00:00","T509 (37.5lb) Realistic Lifesize Sex Doll Torso｜Half Body","linkdolls.com",1,499,499,499
"#3201","2026-01-19 10:00:00","Shipping Protection","/collections/boob-job-sex-toys",1,7.75,7.75,7.75
"#3292","2026-03-01 17:00:00","A660-Big Booty Sex Torso Realistic Big Ass Silicone 25lb Big Booty Sex Dolls Torso Ass","260303",1,699,650.07,650.07
"#3193","2026-01-15 03:00:00","Shipping Protection","xcottonsp",1,5.35,5.35,5.35
"#3449","2026-05-20 15:00:00","Shipping Protection","260601",1,11.95,11.95,11.95
"#3591","2026-07-11 01:00:00","A664-(37.5lb) Silicone Butt Sexy and Real Realistic Huge Ass Sex Doll Torso","260713",1,699,699,699
"#3314","2026-03-15 20:00:00","A512 (57.32lb) Big Ass Sex Torso Doggy Style 1:1 Life-Sized BBW Big Sex Butts","/products/599-83lb-sex-doll-torso",1,599,599,599
"#3170","2026-01-08 09:00:00","Shipping Protection","260206",1,31.99,28.79,28.79
"#3295","2026-03-03 09:00:00","L417(41.9lb/41.7‘’) Crurophilia Silicone Sex Doll Legs and Feet Combo for Foot Fetish – Realistic Skin Feel","/unknow",1,849,764.1,764.1
"#3511","2026-06-11 08:00:00","A682-(19lb) Bigass Sexdoll Torso TPE 19lb Sucking Vibration Realistic Ass Best Sex Torsos","/en-ca/products/a682",1,369,369,369
"#3545","2026-06-22 06:00:00","Shipping Protection","润滑液",1,5.65,5.65,5.65
"#3445","2026-05-18 04:00:00","A664-(37.5lb) Silicone Butt Sexy and Real Realistic Huge Ass Sex Doll Torso","xcottonsp",1,699,629.11,629.11
"#3332","2026-03-25 04:00:00","P101-4LB Mini Silicone Pocket Pussy Hentai Realistic Bl Anime Sex Toys","xcottonsp",1,459,459,459
"#3586","2026-07-10 04:00:00","A512 (57.32lb) Big Ass Sex Torso Doggy Style 1:1 Life-Sized BBW Big Sex Butts","加热棒润滑液",1,644,644,644
"#3183","2026-01-11 01:00:00","Shipping Protection","260117",1,10.15,9.13,9.13
"#3528","2026-06-17 14:00:00","Shipping Protection","260624",1,19.48,19.48,19.48
"#3507","2026-06-09 03:00:00","A805-8.5lb Realistic & Lightweight Big Ass Toy Silicone Butt Torso","/collections/silicone-ass",1,179,179,179
"#3507","2026-06-09 03:00:00","Shipping Protection","260611",1,3.85,3.85,3.85
"#3217","2026-01-25 21:00:00","Shipping Protection","/collections/sex-doll-head",1,11.65,11.65,11.65
"#3443","2026-05-15 23:00:00","T588V-16.09lb Sucking Sex Torso TPE Vibration & Auto Clean Sex Doll Torsos","xcottonsp",1,265,265,265
"#3289","2026-02-28 10:00:00","A625-55LB Eva BBW Doggy Style Sex Doll丨Tantaly","260304",1,779.9,779.9,779.9
"#3181","2026-01-10 22:00:00","Shipping Protection","260130",1,12.88,11.59,11.59
"#3189","2026-01-12 18:00:00","T904(9.56lb)  6.88″ Dildo Electric Male Rechargeable Sex Doll  Ass Torso Adult Toys For Female","/linkdolls.com",1,199,199,199
"#3311","2026-03-13 12:00:00","Shipping Protection","260316",1,2.65,2.65,2.65
"#3289","2026-02-28 10:00:00","A625-55LB Eva BBW Doggy Style Sex Doll丨Tantaly","赠加热棒",1,779.9,779.9,779.9
"#3225","2026-01-29 03:00:00","F4918-150cm(4ft9)-26.2kg B Cup Small Breast TPE Sex Doll | Aibei Doll","xcottonsp",1,1208,1208,1208
"#3286","2026-02-27 13:00:00","A664-(37.5lb) Silicone Butt Sexy and Real Realistic Huge Ass Sex Doll Torso","260302",1,719,719,719
"#3585","2026-07-08 12:00:00","Shipping Protection","260709",1,20.23,20.23,20.23
"#3217","2026-01-25 21:00:00","H1031  Silicone Blowjob Sex Doll Head丨Aibei Doll Head","/collections/sex-doll-head",1,578,578,578
"#3211","2026-01-22 02:00:00","H126 TPE Oral Sex Doll Head 丨WM Doll Head","加急",1,378,351.55,351.55
"#3302","2026-03-06 21:00:00","A599 (83lb) BBW Sex Doll Torso Big Booty Doggy Style Sucking Doll Biggest Ass Best Sex Torso【IN STOCK US】","260314",1,999,999,999
"#3233","2026-01-31 02:00:00","Shipping Protection","xcottonsp",1,4.15,4.15,4.15
"#3149","2026-01-02 00:00:00","Shipping Protection","xcottonsp",1,14.23,14.23,14.23
"#3241","2026-02-03 03:00:00","Shipping Protection","xcottonsp",1,14.23,14.23,14.23
"#3422","2026-05-09 21:00:00","Shipping Protection","260512",1,10.15,9.13,9.13
"#3255","2026-02-09 18:00:00","T660 - 9.35lbs TPR 8.46in Dildo Insert AI Sex Dolls Male Torso Toy & Masturbator【IN Stock US】 | Xinse","加急快递",1,149,149,149
"#3245","2026-02-06 04:00:00","B33-(18.8lb) Big Breast  & Vagina Huge Tits Sex Soft Gel Boobs Male Masturbator","xcottonsp",1,288,288,288
"#3570","2026-07-03 09:00:00","P125-Hands-free Silicone Super Realistic Pocket Pussy | Judy Rona","260706",1,89,82.77,82.77
"#3528","2026-06-17 14:00:00","Shipping Protection","xcottonsp",1,19.48,19.48,19.48
"#3272","2026-02-19 06:00:00","H125 Thick Big Lips TPE Oral Blowjob Sex Doll Head 丨WM Doll Head","/collections/black-sex-doll-heads",1,299,299,299
"#3521","2026-06-14 17:00:00","Shipping Protection","260618",1,5.65,5.65,5.65
"#3238","2026-02-01 23:00:00","Shipping Protection","260207",1,11.95,11.95,11.95
"#3416","2026-05-06 14:00:00","Shipping Protection","260506",1,14.98,14.98,14.98
"#3518","2026-06-13 18:00:00","P898-Fake Sexy Pussy Best Cheap Pocket Pussy 100% Genuine | Climax Doll","260618",1,89,89,89
"#3259","2026-02-12 14:00:00","Shipping Protection","260215",1,2.05,2.05,2.05
"#3223","2026-01-28 02:00:00","Shipping Protection","xcottonsp",1,5.95,5.95,5.95
"#3287","2026-02-27 22:00:00","P898-Fake Sexy Pussy Best Cheap Pocket Pussy 100% Genuine | Climax Doll","260309",1,89,80.1,80.1
"#3250","2026-02-07 19:00:00","T507V- (70.54lb) LifeSize Vibrating & Sucking Best Robot Sex Doll Torso ｜Luxury Sexiest Stripper Plump Hot Sex Toy for Man","260209",1,899,836.08,836.08
"#3530","2026-06-18 01:00:00","P381-2.2lbs Meru The Succubus Mini Anime Hentai Sex Toy - Silicone Pocket Pussy | MRL","260620",1,199,199,199
"#3238","2026-02-01 23:00:00","H1029  Silicone Sex Doll Head丨Aibei Doll Head","linkdolls.com",1,597,597,597
"#3388","2026-04-29 05:00:00","F1374-158cm I Cup Aurora Close Eyes Sex Doll｜Irontech Doll","内衣",1,2490,2490,2490
"#3164","2026-01-05 22:00:00","B33-(18.8lb) Big Breast  & Vagina Huge Tits Sex Soft Gel Boobs Male Masturbator","260110",1,288,288,288
"#3435","2026-05-12 23:00:00","T6-(60lb) Luxury Thin Cinnamon Half Torso Sex Doll Small Flat Chested【in stock】|Climax Doll","260526",1,799,719.11,719.11
"#3478","2026-05-30 02:00:00","B439-BBW Huge E-Cup Ultra-Soft Silicone Sex Doll Titfuck Sex Toy Torso - 15.96LB | LoveNestle","xcottonsp",1,399,399,399
"#3325","2026-03-22 20:00:00","T631 - 63.9 lbs Morgpie Pornstar Sexdoll Life Like Sex Doll with Tantabosom | Tantaly","/products/t631-63-9lb",1,969,969,969
"#3606","2026-07-17 18:00:00","F7675-163cm(5ft3)-33kg E Cup Life Size ROS Silicone Life Size Sex Dolls【Lightweight】｜WM Doll",,1,3171,2853.9,2853.9
"#3396","2026-05-01 12:00:00","T26-(8.8lb)Big Boobs Cheap Sex Doll Torso｜Mini Size-Easy to carry","xcottonsp",1,169,169,169
"#3192","2026-01-15 01:00:00","Shipping Protection","xcottonsp",1,2.95,2.95,2.95
"#3278","2026-02-24 01:00:00","A664-(37.5lb) Silicone Butt Sexy and Real Realistic Huge Ass Sex Doll Torso","加热棒",1,699,699,699
"#3579","2026-07-07 03:00:00","T525(16.1lb) 6.69inch Dildo Premium Femboy  toy masturbator Shemale -Lesbian Sex Dolls Torso Dildo&Trans male Sex Doll Torso | xingse","加热棒",1,349,314.1,314.1
"#3190","2026-01-13 20:00:00","V23 - Under200 Cheap TPE Vajancle Sex Doll Feet Masturbator for Men","xcottonsp",1,179,179,179
"#3264","2026-02-15 14:00:00","Shipping Protection","xcottonsp",1,8.05,7.4,7.4
"#3258","2026-02-12 10:00:00","T205-BBW Sex Doll Torso TPE Mini Sex Dolls  41.22lb|53cm Curvy Fat Belly","260302",1,599,599,599
"#3390","2026-04-29 11:00:00","A664-(37.5lb) Silicone Butt Sexy and Real Realistic Huge Ass Sex Doll Torso","加热棒",1,724,651.61,651.61
"#3232","2026-01-30 09:00:00","T702- (10.5lb）Realistic Busty BBW Big Boobs Booty torso sexdoll Pocket Pussy Male Masturbator Adult Toy","xcottonsp",1,149,149,149
"#3586","2026-07-10 04:00:00","Shipping Protection","/collections/life-size-ass",1,12.88,12.88,12.88
"#3249","2026-02-07 15:00:00","Shipping Protection","260209",1,5.05,4.54,4.54
"#3153","2026-01-03 05:00:00","Shipping Protection","加急快递",1,10.45,10.45,10.45
"#3598","2026-07-14 04:00:00","B45 - 32 lbs Realistic Silicone Breast Masturbator | Breast Sex Toys For Titjob & Bust Play","/collections/boob-job-sex-toys",1,699,699,699
"#3291","2026-02-28 22:00:00","F5425- Elsa Babe Hentai Anime Waifu Sex Dolls Silicone Head 150cm 27.5kg","/collections/the-best-male-sex-dolls",1,2746,2553.79,2553.79
"#3614","2026-07-19 09:00:00","H995 TPE Oral Blowjob Sex Doll Head-Bodybuilding | Irontech Doll Head",,1,374,374,374
"#3184","2026-01-11 08:00:00","T904(9.56lb)  6.88″ Dildo Electric Male Rechargeable Sex Doll  Ass Torso Adult Toys For Female","/collections/sex-doll-torso-dildo",1,199,199,199
"#3392","2026-04-30 04:00:00","A599 (83lb) BBW Sex Doll Torso Big Booty Doggy Style Sucking Doll Biggest Ass Best Sex Torso【IN STOCK US】","linkdolls.com",1,999,899.1,899.1
"#3154","2026-01-03 14:00:00","Shipping Protection","/collections/all",1,5.65,5.65,5.65
"#3167","2026-01-06 18:00:00","Shipping Protection","加热棒润滑液",1,8.95,8.32,8.32
"#3148","2026-01-01 22:00:00","V27-4.41 lbs Single Left Silicone Big Footjob Sex Toys with Vajankle","润滑液",1,334,334,334
"#3508","2026-06-09 05:00:00","A323- 32lbs Huge Ass Sex Doll Torso Liquid Silicone Chubby Sex Doll Belly Butt Ultra-Soft","260610",1,649,584.1,584.1
"#3189","2026-01-12 18:00:00","T904(9.56lb)  6.88″ Dildo Electric Male Rechargeable Sex Doll  Ass Torso Adult Toys For Female","260116",1,199,199,199
"#3424","2026-05-10 07:00:00","T403-Black(9.92lb) Mini GYATT BBW Thick Realistic small sex doll","/en-ca",1,99,99,99
"#3331","2026-03-24 04:00:00","Shipping Protection","xcottonsp",1,9.25,9.25,9.25
"#3306","2026-03-08 12:00:00","Shipping Protection","加热棒",1,12.88,12.88,12.88
"#3291","2026-02-28 22:00:00","F5425- Elsa Babe Hentai Anime Waifu Sex Dolls Silicone Head 150cm 27.5kg","xcottonsp",1,2746,2553.79,2553.79
"#3345","2026-04-01 07:00:00","T522 (5lbs)Petite Sex Doll Fake Pussy Best Cheap small sex doll Male Sex Toy 100% Genuine","260401",1,88,88,88
"#3388","2026-04-29 05:00:00","Shipping Protection","260523",1,55.03,55.03,55.03
"#3243","2026-02-03 07:00:00","Shipping Protection","260204",1,11.65,11.65,11.65
"#3250","2026-02-07 19:00:00","Shipping Protection","260209",1,17.98,16.72,16.72
"#3224","2026-01-28 13:00:00","T531(12.1lb/53cm) Shemale Fuck Doll Torso with 6.7"" Built-in Dildo - Trans Woman Femboy Toy | JLY","260130",1,289,289,289
"#3437","2026-05-13 23:00:00","T69(43lb）Belle Big Ass Big Booty Sexual Silicone Torso SexDoll | Sigafun Doll","加急快递",1,1118,1118,1118
"#3326","2026-03-23 05:00:00","T521 (5.38lb)Fleshlight Cheap Life Like Sex Doll｜ Male Masturbator For Man","/collections/lesbian-sex-doll-torso",1,99,99,99
"#3213","2026-01-23 07:00:00","T519(20.32lb) Curvy Lightweight 55cm Sex Doll Torsos&Plump Breasts&Large round nipples","xcottonsp",1,239,239,239
"#3601","2026-07-16 03:00:00","T305-63.93LB Liz Big Boobs Silicone Sex Doll With Mature Curves | LoveNestle Series","加热棒",1,824,824,824
"#3243","2026-02-03 07:00:00","A684-(41.8lb)Big Booty Sex Dolls Torso Realistic ssbbwsex","260204",1,579,579,579
"#3303","2026-03-06 21:00:00","T1214-5kg (11lbs) TPE Realistic Sex Doll Torso | DU AI","/products/588-16-09lbsex",1,199,199,199
"#3317","2026-03-18 00:00:00","H125 Thick Big Lips TPE Oral Blowjob Sex Doll Head 丨WM Doll Head","260403",1,299,299,299
"#3436","2026-05-13 16:00:00","A664-(37.5lb) Silicone Butt Sexy and Real Realistic Huge Ass Sex Doll Torso","260514",1,699,629.1,629.1
"#3575","2026-07-06 06:00:00","T230 (20.3lb丨21.6'')8inch Dildo Femboy Black Big Breast &Torso Dildo shemale sex torso","/unknow",1,299,299,299
"#3568","2026-07-01 10:00:00","T405-15.43lb/47cm-Light weight Realistic Curvy Sex Torso Doll","/linkdolls.com",1,219,197.1,197.1
"#3425","2026-05-10 08:00:00","H042 ELF Fantasy Realistic Sex Doll Head with High Forehead","/collections/elf-sex-doll-heads",1,418,418,418
"#3541","2026-06-20 23:00:00","Shipping Protection","260623",1,8.65,8.65,8.65
"#3582","2026-07-07 15:00:00",,"260718",1,169,169,169
"#3242","2026-02-03 06:00:00","A323- 32lbs Huge Ass Sex Doll Torso Liquid Silicone Chubby Sex Doll Belly Butt Ultra-Soft","xcottonsp",1,799,719.11,719.11
"#3223","2026-01-28 02:00:00","A681-(15.5lb)Sexy And Real Realistic Big Ass BBW Chubby Masturbator Cheap Sex Dolls Torso","xcottonsp",1,294,294,294
"#3543","2026-06-21 03:00:00","P8- Japanese Pocket Pussy Hentai Fake Vagina","/collections/anime-mini-sex-doll",1,129,129,129
"#3281","2026-02-27 00:00:00","P76-44LB 15.7"" Huge Cock Trans Torso - Hentai Shemale Futa Sex Doll Torso | MRL","/collections/shemale-sex-doll-torso-1",1,699,699,699
"#3583","2026-07-07 19:00:00","A260-Lusandy Sex Dolls with Big Asses Silicone 22lb Sexy and Gel Butt Mini Sex Dolls【IN Stock US/EU】","/collections/sex-doll-anal",1,599,599,599
"#3248","2026-02-07 11:00:00","H292  Silicone Sex Doll Head丨Angel Kiss Doll Head","260323",1,597,597,597
"#3557","2026-06-26 18:00:00","H858 Silicone Anime Sex Doll Head｜Elsa Babe Head","/60719464687/orders/",1,898,898,898
"#3321","2026-03-18 12:00:00","F5425- Elsa Babe Hentai Anime Waifu Sex Dolls Silicone Head 150cm 27.5kg","送假发和发饰",1,2627,2627,2627
"#3304","2026-03-07 05:00:00","P126-Real Feel Silicone Pocket Pussy – Highly Detailed Design | Judy Rona","260311",1,89,82.77,82.77
"#3364","2026-04-15 04:00:00","A219-(9.4lb)  Realistic Pocket Pussy With Thick Ass Silincone Sex Toy|Top Fire","linkdolls.com",1,169,169,169
"#3274","2026-02-20 18:00:00","A418-(8lb) Sexy and Real Fat Lady Ass Realistic Black BBW Ebony Chubby Sex Doll Torso [ In Stock US ]","xcottonsp",1,179,179,179
"#3396","2026-05-01 12:00:00","Shipping Protection","xcottonsp",1,3.55,3.55,3.55
"#3178","2026-01-10 11:00:00","Shipping Protection","加热棒",1,20.23,20.23,20.23
"#3474","2026-05-28 19:00:00","B439-BBW Huge E-Cup Ultra-Soft Silicone Sex Doll Titfuck Sex Toy Torso - 15.96LB | LoveNestle","260529",1,399,359.1,359.1
"#3258","2026-02-12 10:00:00","T205-BBW Sex Doll Torso TPE Mini Sex Dolls  41.22lb|53cm Curvy Fat Belly","/collections/bbw-sex-doll-torso",1,599,599,599
"#3231","2026-01-30 06:00:00","T524(16.8lb)  Charming Abs And Big Hard Cock-Boys/black Ebony male sex doll For Women | xingse","260130",1,249,249,249
"#3391","2026-04-29 20:00:00",,"PVC头架",1,69,69,69
"#3261","2026-02-12 21:00:00","T60-20.28lb 7"" Dildo Cheap Realistic Trans Torso Sex Doll - Lightweight Shemale Torso","/collections/shemale-sex-doll-torso-1",1,299,299,299
"#3541","2026-06-20 23:00:00","Shipping Protection","/linkdolls.com",1,8.65,8.65,8.65
"#3390","2026-04-29 11:00:00","A664-(37.5lb) Silicone Butt Sexy and Real Realistic Huge Ass Sex Doll Torso","260430",1,724,651.61,651.61
"#3187","2026-01-12 04:00:00","Shipping Protection","/unknow",1,12.25,11.02,11.02
"#3157","2026-01-04 05:00:00","H415 ROS Free Hair Impants  Real Oral Movable Jaw Silicone Sex Doll Head   | SY Doll","260110",1,567,510.31,510.31
"#3455","2026-05-21 19:00:00","H628 ROS Silicone Love Doll Head ｜Zelex Doll Head","/unknow",1,928,928,928
"#3476","2026-05-29 14:00:00","D057- (19.69'') 1.76kg Male Torso TPR Dildo Shemale Penis Smooth| Xingse","xcottonsp",1,79,79,79
"#3189","2026-01-12 18:00:00","Shipping Protection","/linkdolls.com",1,4.15,4.15,4.15
"#3525","2026-06-15 23:00:00","F4750-161cm(43kg) H Cup Fat Big Ass Silicone Ros BBW Sex Doll toy ｜Starpery Doll","260711",1,3497,3497,3497
"#3256","2026-02-09 21:00:00","A664-(37.5lb) Silicone Butt Sexy and Real Realistic Huge Ass Sex Doll Torso","润滑液",1,788,788,788
"#3352","2026-04-05 22:00:00","A303 11lb Silicone Big Butt Torso – Realistic & Lightweight Big Ass Sex Toy","260408",1,199,199,199
"#3544","2026-06-21 10:00:00","A503 (18lb) Big Ass Sex Doll Torso&pussy sex toys","/collections/bbw-sex-doll-torso",1,284,284,284
"#3408","2026-05-05 09:00:00","Shipping Protection","260521",1,6.25,6.25,6.25
"#3295","2026-03-03 09:00:00","L417(41.9lb/41.7‘’) Crurophilia Silicone Sex Doll Legs and Feet Combo for Foot Fetish – Realistic Skin Feel","260329",1,849,764.1,764.1
"#3571","2026-07-04 01:00:00","F8614—164cm/5ft4-38.75kg I Cup Aisan Silicone Huge Breast Sex Doll Ruby- Firefly Diary Max","/linkdolls.com",1,3108,3108,3108
"#3481","2026-05-31 14:00:00",,"/60719464687/orders/",1,154.56,154.56,154.56
"#3199","2026-01-18 06:00:00","Shipping Protection","/products/a418-8lb-sexy",1,3.25,3.25,3.25
"#3290","2026-02-28 15:00:00","T592(67.2lb) Black-BBW Sex Dolls｜Gel Breasts & Big Ass Ebony Sex Doll Torso【In Stock US/EU】|Climax Doll","260306",1,899,899,899
"#3262","2026-02-12 22:00:00","F3476-161cm(5f3)-47kg  D Cup Chubby  Silicone Head Sex Doll | Aibei Doll","/products/f5617-163cm",1,2953,2953,2953
"#3285","2026-02-27 11:00:00","P76-44LB 15.7"" Huge Cock Trans Torso - Hentai Shemale Futa Sex Doll Torso | MRL","260302",1,699,629.1,629.1
"#3505","2026-06-08 19:00:00","F7601-170cm/5ft6 41kg F Cup Huge Breast TPE BBW Sex Doll  [IN STOCK USA]|SY Doll","海运",1,999,899.1,899.1
"#3309","2026-03-12 15:00:00","L425(48.5lb/117cm) Silicone Leg and Foot Worship Model for Femdom and Trampling Roleplay | Judy Rona","260321",1,899,899,899
"#3248","2026-02-07 11:00:00","T424-48.5lbs/93cm silicone doll sex Super Realistic Human Size Luxury Torso Sex Dolls And Robots","260323",1,1137,1137,1137
"#3337","2026-03-27 09:00:00","Shipping Protection","xcottonsp",1,26.53,26.53,26.53
"#3535","2026-06-18 23:00:00","V23 - Under200 Cheap TPE Vajancle Sex Doll Feet Masturbator for Men","260620",1,179,179,179
"#3349","2026-04-04 00:00:00","B38-17.1lb/36.2inch Suntan Silicone Sex Doll Huge Tits Sex Torso for Realistic Titjob - Climax Doll","xcottonsp",1,379,379,379
"#3199","2026-01-18 06:00:00","A418-(8lb) Sexy and Real Fat Lady Ass Realistic Black BBW Ebony Chubby Sex Doll Torso [ In Stock US ]","xcottonsp",1,159,159,159
"#3208","2026-01-20 22:00:00","Shipping Protection","xcottonsp",1,12.88,12.88,12.88
"#3506","2026-06-08 22:00:00","A512 (57.32lb) Big Ass Sex Torso Doggy Style 1:1 Life-Sized BBW Big Sex Butts","260610",1,599,599,599
"#3498","2026-06-06 03:00:00","H230 ROS Silicone Blowjob Sex Doll Head丨WM Doll Head","/collections/sex-doll-torso",1,499,499,499
"#3608","2026-07-18 01:00:00","A800-(34.94lb) Silicone Big Butt Ass Realistic Sex Doll Torso- Climax Doll",,1,649,649,649
"#3387","2026-04-28 22:00:00","A499-84.92LB BBW Big Booty Sex Doll Torso Silicone | LoveNestle Series","/collections/all",1,1529,1529,1529
"#3261","2026-02-12 21:00:00","T60-20.28lb 7"" Dildo Cheap Realistic Trans Torso Sex Doll - Lightweight Shemale Torso","xcottonsp",1,299,299,299
"#3342","2026-03-30 22:00:00","Shipping Protection","xcottonsp",1,10.15,10.15,10.15
"#3332","2026-03-25 04:00:00","Shipping Protection","xcottonsp",1,9.25,9.25,9.25
"#3233","2026-01-31 02:00:00","Shipping Protection","260302",1,4.15,4.15,4.15
"#3327","2026-03-23 06:00:00","T639 - 26.5lbs Silicone Male Sex Dolls Torso Realistic Body with Dildo for Woman | Judy Runa","260331",1,628,628,628
"#3220","2026-01-27 03:00:00","Shipping Protection","260205",1,20.23,20.23,20.23
"#3287","2026-02-27 22:00:00","P898-Fake Sexy Pussy Best Cheap Pocket Pussy 100% Genuine | Climax Doll","/collections/silicone-pocket-pussy",1,89,80.1,80.1
"#3248","2026-02-07 11:00:00","H292  Silicone Sex Doll Head丨Angel Kiss Doll Head","加急快递",1,597,597,597
"#3458","2026-05-22 18:00:00","Shipping Protection","xcottonsp",1,7.75,7.75,7.75
"#3296","2026-03-03 17:00:00","A664-(37.5lb) Silicone Butt Sexy and Real Realistic Huge Ass Sex Doll Torso",,1,744,744,744
"#3219","2026-01-27 01:00:00","A943-23.8lb 7.9inch Huge Penis Dildo Femboy TPE Cheap Male Sex Doll Torso | qita doll","加急快递",1,399,359.11,359.11
"#3477","2026-05-30 01:00:00","Shipping Protection","xcottonsp",1,14.23,14.23,14.23
"#3542","2026-06-21 01:00:00","T524(16.8lb)  Charming Abs And Big Hard Cock-Boys/black Ebony male sex doll For Women | xingse","260623",1,249,249,249
"#3225","2026-01-29 03:00:00","Shipping Protection","xcottonsp",1,26.53,26.53,26.53
"#3188","2026-01-12 11:00:00","Shipping Protection","xcottonsp",1,15.73,14.15,14.15
"#3236","2026-01-31 21:00:00","Shipping Protection","xcottonsp",1,9.25,8.6,8.6
"#3218","2026-01-26 22:00:00","A212-(12.13lb)  Realistic Pocket Pussy with Thick Ass","260129",1,169,152.1,152.1
"#3152","2026-01-03 04:00:00","H892 Silicone Anime Sex Doll Head｜Elsa Babe Head","260124",1,699,699,699
"#3584","2026-07-08 07:00:00","F555-161cm(5ft3)/52.5kg H Cup Huge Areola Adult Silicone BBW Sex Doll｜Starpery Doll","内衣",1,2975,2975,2975
"#3413","2026-05-06 02:00:00","T502-21lb/53cm-Realisitc Torso Sexdoll Big Boobs Round Ass","260506",1,239,239,239
"#3200","2026-01-18 22:00:00","Shipping Protection","/unknow",1,2.35,2.35,2.35
"#3450","2026-05-21 01:00:00","B37-14.8lb/Full Bust: 33.8inch-Cinnamon Silicone  Boob Job Breast Sex Titty Fucking Mammary Intercourse Sex Toy Titjob","/de/collections/huge-breast-torso",1,339,339,339
"#3247","2026-02-06 16:00:00","Shipping Protection","xcottonsp",1,31.63,28.46,28.46
"#3466","2026-05-25 10:00:00","Shipping Protection","加热棒",1,16.48,16.48,16.48
"#3575","2026-07-06 06:00:00","T230 (20.3lb丨21.6'')8inch Dildo Femboy Black Big Breast &Torso Dildo shemale sex torso","260708",1,299,299,299
"#3170","2026-01-08 09:00:00","H523 Mini Anime Silicone Sex Doll Head｜Elsa Babe Head","xcottonsp",1,677.9,610.12,610.12
"#3214","2026-01-24 00:00:00","Shipping Protection","xcottonsp",1,5.65,5.65,5.65
"#3288","2026-02-28 07:00:00","Shipping Protection","xcottonsp",1,6.25,6.25,6.25
"#3353","2026-04-06 04:00:00","T659 - 4.6 lbs Realistic Dildo For Silicone Sex Doll Torso Toy Male Masturbator | Judy Rona","/en-ca/collections/sex-doll-torso-dildo",1,149,149,149
"#3579","2026-07-07 03:00:00","T525(16.1lb) 6.69inch Dildo Premium Femboy  toy masturbator Shemale -Lesbian Sex Dolls Torso Dildo&Trans male Sex Doll Torso | xingse","260710",1,349,314.1,314.1
"#3537","2026-06-19 05:00:00","A571 (19.4lb) Black BBW Big Ass Sex Doll Torso Doggy Style Fat Butt","/products/a664-37",1,229,229,229
"#3271","2026-02-18 12:00:00","A537-(7.05lb)Big ass torso sex with sex doll 3 functions:Sucking&Vibration&Exhaust","/collections/fake-ass-sex-toy",1,260,260,260
"#3445","2026-05-18 04:00:00","A664-(37.5lb) Silicone Butt Sexy and Real Realistic Huge Ass Sex Doll Torso","/products/a664-37",1,699,629.11,629.11
"#3586","2026-07-10 04:00:00","A512 (57.32lb) Big Ass Sex Torso Doggy Style 1:1 Life-Sized BBW Big Sex Butts","260716",1,644,644,644
"#3357","2026-04-09 00:00:00","F5554-160cm/5ft2-36kg  Anime Life Size Silicone Sex Doll | Elsa Babe","干燥棒*2",1,2815,2533.5,2533.5
"#3496","2026-06-05 05:00:00","B38-17.1lb/Full Bust: 36.2inch-Yellow Silicone Titjob  Boob Job Breast Sex Titty Fucking Mammary Intercourse Sex Toy","/collections/breast-toy",1,379,379,379
"#3456","2026-05-22 00:00:00","A546 (3lb) Lightweight tiny sex doll pocket pussy Cheap Black Ebony Sex Doll Torso 100% Genuine","linkdolls.com",1,89,89,89
"#3397","2026-05-01 13:00:00","T267-17.6lbs Realistic Adult Black Ebony Best Cheap Male Sex Torso | QSX","/collections/torso-dildo",1,259,259,259
"#3219","2026-01-27 01:00:00","Shipping Protection","xcottonsp",1,8.05,7.24,7.24
"#3576","2026-07-06 15:00:00","T590-(35.27lb)Luxury Female Torso Tribbing Sex Doll with Fully Automatic Sucking Vibrating Sex Doll Torso","/products/sigafun-f728",1,699,650.07,650.07
"#3551","2026-06-23 23:00:00","Shipping Protection","xcottonsp",1,4.15,4.15,4.15
"#3224","2026-01-28 13:00:00","Shipping Protection","/collections/shemale-sex-doll-torso-1",1,5.95,5.95,5.95
"#3563","2026-06-29 13:00:00","F9302-150cm/4ft9-41kg B Cup ROS Silicone Head Shemale Fuck Doll｜Doll Castle","/collections/femboys-sex-doll",1,1599,1599,1599
"#3466","2026-05-25 10:00:00","A664-(37.5lb) Silicone Butt Sexy and Real Realistic Huge Ass Sex Doll Torso","/linkdolls.com",1,793,793,793
"#3409","2026-05-05 11:00:00","A446-10.80LB Naomi Pocket Pussy Big Ass Sex Doll Big Booty Sexdoll | LoveNestle Series","260513",1,279,279,279
"#3351","2026-04-05 00:00:00","L583(13.2lb/27.5‘’) 70cm Cheap Sex Doll Legs with Realistic Feet & Dual Channels - Affordable Leg Fetish Torso",,1,259,240.87,240.87
"#3212","2026-01-22 04:00:00","Shipping Protection","260123",1,31.63,29.41,29.41
"#3327","2026-03-23 06:00:00","T639 - 26.5lbs Silicone Male Sex Dolls Torso Realistic Body with Dildo for Woman | Judy Runa","/collections/sex-doll-torso-dildo",1,628,628,628
"#3203","2026-01-19 16:00:00","B439-BBW Huge E-Cup Ultra-Soft Silicone Sex Doll Titfuck Sex Toy Torso - 15.96LB | LoveNestle","xcottonsp",1,399,399,399
"#3421","2026-05-09 18:00:00","V324 - Silicone Realistic Poseable Sex Doll Feet for Foot Worship (EU 35 / US 6)","260514",1,399,399,399
"#3153","2026-01-03 05:00:00","H130 TPE Oral Blowjob Sex Doll Head  [IN STOCK USA / EU]丨WM Doll Head","260126",1,516,516,516
"#3229","2026-01-29 18:00:00","Shipping Protection","260202",1,12.88,11.59,11.59
"#3579","2026-07-07 03:00:00","T525(16.1lb) 6.69inch Dildo Premium Femboy  toy masturbator Shemale -Lesbian Sex Dolls Torso Dildo&Trans male Sex Doll Torso | xingse","/en-ca/collections/shemale-sex-doll",1,349,314.1,314.1
"#3177","2026-01-10 02:00:00","Shipping Protection","xcottonsp",1,4.15,3.73,3.73
"#3230","2026-01-30 03:00:00","Shipping Protection","260203",1,17.23,17.23,17.23
"#3370","2026-04-18 16:00:00","T531(12.1lb/53cm) Shemale Fuck Doll Torso with 6.7"" Built-in Dildo - Trans Woman Femboy Toy | JLY","260423",1,289,289,289
"#3454","2026-05-21 16:00:00","F2457-164cm(5.4ft)-39kg G Cup Life-Size sex with sexual doll Silicone Head Sex Doll【IN STOCK US/EU】｜Sigafun Doll","260609",1,968,968,968
"#3334","2026-03-26 15:00:00","A409-(17.6lb)Big Ass Realistic Sex Torso TPE Material Dual Entry","/collections/fake-ass-sex-toy",1,299,299,299
"#3424","2026-05-10 07:00:00","Shipping Protection","xcottonsp",1,2.05,2.05,2.05
"#3222","2026-01-27 14:00:00","A684-(41.8lb)Big Booty Sex Dolls Torso Realistic ssbbwsex","260128",1,559,503.1,503.1
"#3330","2026-03-24 02:00:00","P102-5.28LB Strong Suction Cup Silicone Hentai Mini Male Sex Doll Torso with Dildo  | TAYUTA","/en-ca/collections/vendors",1,509,509,509
"#3294","2026-03-03 03:00:00","H702 ROS Silicone Blowjob Sex Doll Head [IN STOCK USA]｜Zelex Doll Head","/pages/sy-rotating-tongue",1,599,539.1,539.1
"#3457","2026-05-22 01:00:00","B43 – 39.7 lbs / 18kg Silicone Big Boobs Sex Doll Torso, Gel Breasts & Realistic Vagina for Men","/products/b43-silicone-sex-doll",1,724,673.32,673.32
"#3586","2026-07-10 04:00:00","A512 (57.32lb) Big Ass Sex Torso Doggy Style 1:1 Life-Sized BBW Big Sex Butts","/collections/life-size-ass",1,644,644,644
"#3487","2026-06-02 10:00:00","A664-(37.5lb) Silicone Butt Sexy and Real Realistic Huge Ass Sex Doll Torso","260602",1,699,699,699
"#3276","2026-02-22 13:00:00","T6-(60lb) Luxury Thin Cinnamon Half Torso Sex Doll Small Flat Chested【in stock】|Climax Doll","/products/t6-luxury-realistic",1,749,674.11,674.11
"#3434","2026-05-12 03:00:00","Shipping Protection","260512",1,3.25,3.25,3.25
"#3371","2026-04-19 14:00:00","H422 ROS Free Hair Impants  Real Oral Movable Jaw Silicone Sex Doll Head   | SY Doll","260427",1,767,767,767
"#3231","2026-01-30 06:00:00","Shipping Protection","260130",1,5.05,5.05,5.05
"#3510","2026-06-09 19:00:00","A303 11lb Silicone Big Butt Torso – Realistic & Lightweight Big Ass Sex Toy","xcottonsp",1,199,199,199
"#3304","2026-03-07 05:00:00","P126-Real Feel Silicone Pocket Pussy – Highly Detailed Design | Judy Rona","/en-ca/collections/pocket-pussy",1,89,82.77,82.77
"#3225","2026-01-29 03:00:00","F4918-150cm(4ft9)-26.2kg B Cup Small Breast TPE Sex Doll | Aibei Doll","/collections/robotic-sex-doll",1,1208,1208,1208
"#3256","2026-02-09 21:00:00","Shipping Protection","xcottonsp",1,16.48,16.48,16.48
"#3497","2026-06-05 15:00:00","H205 ROS Silicone Sex Doll Head [IN STOCK USA]丨Galatea Doll Head","/collections/sex-doll-head",1,568,568,568
"#3164","2026-01-05 22:00:00","B33-(18.8lb) Big Breast  & Vagina Huge Tits Sex Soft Gel Boobs Male Masturbator","xcottonsp",1,288,288,288
"#3581","2026-07-07 11:00:00","T592(67.2lb) Black-BBW Sex Dolls｜Gel Breasts & Big Ass Ebony Sex Doll Torso【In Stock US/EU】|Climax Doll","260708",1,779,779,779
"#3202","2026-01-19 13:00:00","T233 (12.1lb丨16.5'') Futa Big Breast Sex Doll Torso & Torso Dildo Bisexual","260120",1,269,269,269
"#3322","2026-03-18 23:00:00","T205-BBW Sex Doll Torso TPE Mini Sex Dolls  41.22lb|53cm Curvy Fat Belly","/en-ca/collections/bbw-life-size-torso",1,599,557.07,557.07
"#3291","2026-02-28 22:00:00","F5425- Elsa Babe Hentai Anime Waifu Sex Dolls Silicone Head 150cm 27.5kg","同款假发+发饰",1,2746,2553.79,2553.79
"#3419","2026-05-07 22:00:00","A512 (57.32lb) Big Ass Sex Torso Doggy Style 1:1 Life-Sized BBW Big Sex Butts","260508",1,599,557.07,557.07
"#3515","2026-06-12 11:00:00","P122-Realistic Silicone Pocket Pussies – Lifelike Details & Real Feel| Judy Rona","/collections/fake-pussy-fake-vagina",1,89,89,89
"#3250","2026-02-07 19:00:00","Shipping Protection","/collections/vibrating-sex-doll-torso",1,17.98,16.72,16.72
"#3597","2026-07-14 02:00:00",,"/orders/",1,370.3,370.3,370.3
"#3334","2026-03-26 15:00:00","A409-(17.6lb)Big Ass Realistic Sex Torso TPE Material Dual Entry","260403",1,299,299,299
"#3174","2026-01-09 01:00:00","B439-BBW Huge E-Cup Ultra-Soft Silicone Sex Doll Titfuck Sex Toy Torso - 15.96LB | LoveNestle","xcottonsp",1,399,399,399
"#3182","2026-01-10 23:00:00","T942-8.4lb 7.9inch Huge Penis Dildo Femboy TPE Cheap male sex dolls Torso | qita doll","润滑液",1,219,203.68,203.68
"#3562","2026-06-29 02:00:00","T637 – 36.4 lbs Mark PRO TPE Male Sex Doll Torso with Removable Silicone Dildo -3 Sizes Available | Tantaly","/products/t637",1,489,489,489
"#3300","2026-03-06 08:00:00","Shipping Protection","xcottonsp",1,4.15,4.15,4.15
"#3417","2026-05-06 18:00:00","F8170-150cm(4.9ft)-27.6kg F Cup R8 Lena Best Silicone Sex Doll With Robot｜Real Lady","/products/f4927-",1,5178,4660.2,4660.2
"#3562","2026-06-29 02:00:00","Shipping Protection","/products/t637",1,9.85,9.85,9.85
"#3461","2026-05-23 06:00:00","T645 - 59.52 lbs Grace ROS Life Size Silicone Sex Doll Torso with Red Head [In Stock USA& Europe] | MAX Series","260528",1,1200,1080,1080
"#3149","2026-01-02 00:00:00","Shipping Protection","260113",1,14.23,14.23,14.23
"#3194","2026-01-15 19:00:00","Shipping Protection","260117",1,4.15,4.15,4.15
"#3212","2026-01-22 04:00:00","A599 (83lb) BBW Sex Doll Torso Big Booty Doggy Style Sucking Doll Biggest Ass Best Sex Torso【IN STOCK US】","/products/599-83lb-sex-doll-torso",1,1549,1440.58,1440.58
"#3244","2026-02-05 22:00:00","Shipping Protection","260207",1,4.15,4.15,4.15
"#3235","2026-01-31 15:00:00","Shipping Protection","xcottonsp",1,3.25,3.25,3.25
"#3198","2026-01-17 16:00:00","Shipping Protection","/ja/collections/male-sex-doll",1,6.85,6.85,6.85
"#3330","2026-03-24 02:00:00","Shipping Protection","xcottonsp",1,10.45,10.45,10.45
"#3147","2026-01-01 17:00:00","Shipping Protection","/collections/anime-sex-doll",1,14.23,14.23,14.23
"#3172","2026-01-09 00:00:00","F8045-150cm/5ft-27.5kg Silicone  Anime Hentai Sex Doll | Elsa Babe","260210",1,2458,2212.2,2212.2
"#3347","2026-04-02 01:00:00","F8033-150cm/5ft-27.5kg Silicone  Anime Hentai Sex Doll Furries| Elsa Babe","xcottonsp",1,2623,2623,2623
"#3541","2026-06-20 23:00:00","A943-23.8lb 7.9inch Huge Penis Dildo Femboy TPE Cheap Male Sex Doll Torso | qita doll","260623",1,424,424,424
"#3396","2026-05-01 12:00:00","T26-(8.8lb)Big Boobs Cheap Sex Doll Torso｜Mini Size-Easy to carry","blogs/dolls-info-qustions/budget-under",1,169,169,169
"#3406","2026-05-05 07:00:00","T904(9.56lb)  6.88″ Dildo Electric Male Rechargeable Sex Doll  Ass Torso Adult Toys For Female","260509",1,199,199,199
"#3233","2026-01-31 02:00:00","Shipping Protection","加急快递",1,4.15,4.15,4.15
"#3533","2026-06-18 14:00:00","Shipping Protection","/unknow",1,8.05,7.48,7.48
"#3149","2026-01-02 00:00:00","Shipping Protection","加急快递",1,14.23,14.23,14.23
"#3241","2026-02-03 03:00:00","Shipping Protection","加急快递",1,14.23,14.23,14.23
"#3170","2026-01-08 09:00:00","Shipping Protection","/en-ca/products/h952",1,31.99,28.79,28.79
"#3188","2026-01-12 11:00:00","A664-(37.5lb) Silicone Butt Sexy and Real Realistic Huge Ass Sex Doll Torso","/collections/full-doll",1,768,691.21,691.21
"#3206","2026-01-20 10:00:00","Shipping Protection","/collections/sex-doll-torso",1,6.25,6.25,6.25
"#3148","2026-01-01 22:00:00","V27-4.41 lbs Single Left Silicone Big Footjob Sex Toys with Vajankle","260114",1,334,334,334
"#3331","2026-03-24 04:00:00","P101-4LB Mini Silicone Pocket Pussy Hentai Realistic Bl Anime Sex Toys","/en-ca/cart",1,459,459,459
"#3569","2026-07-03 02:00:00","Shipping Protection","xcottonsp",1,2.65,2.65,2.65
"#3201","2026-01-19 10:00:00","B38-17.1lb/Full Bust: 36.2inch-Black Ebony Silicone Breast Sex Toys Fucking Mammary Intercourse","260203",1,379,379,379
"#3585","2026-07-08 12:00:00","F1444-163cm(5f3)-52kg  E Cup  Wheat Skin Realistic Soft TPE BBW Full Size Sex Dolls 【IN Stock USA/EU】| Aibei Doll","260709",1,999,999,999
"#3303","2026-03-06 21:00:00","Shipping Protection","/products/588-16-09lbsex",1,4.15,4.15,4.15
"#3532","2026-06-18 12:00:00","Shipping Protection","260625",1,16.48,16.48,16.48
"#3247","2026-02-06 16:00:00","A499-84.92LB BBW Big Booty Sex Doll Torso Silicone | LoveNestle Series","/collections/all",1,1529,1376.11,1376.11
"#3478","2026-05-30 02:00:00","B439-BBW Huge E-Cup Ultra-Soft Silicone Sex Doll Titfuck Sex Toy Torso - 15.96LB | LoveNestle","260602",1,399,399,399
"#3215","2026-01-24 21:00:00","Shipping Protection","/en-fi/collections/vajankle-foot",1,5.56,5.56,5.56
"#3341","2026-03-30 21:00:00","P129-Best Pocket Pussy 2026 Super Realistic Pocket Pussy | Firefly Diary","/products/p129-real-feel",1,109,109,109
"#3363","2026-04-13 21:00:00","A260-Lusandy Sex Dolls with Big Asses Silicone 22lb Sexy and Gel Butt Mini Sex Dolls【IN Stock US/EU】","/collections/full-doll",1,629,584.97,584.97
"#3158","2026-01-04 05:00:00","Shipping Protection","/unknow",1,4.15,4.15,4.15
"#3577","2026-07-06 16:00:00","Shipping Protection","/unknow",1,4.15,4.15,4.15
"#3483","2026-06-01 09:00:00","V332 - Ultra-Soft Silicone Sex Doll Feet with Real Feel Texture for Foot Fetish","/collections/vajankle-foot-fetish-toys",1,249,249,249
"#3456","2026-05-22 00:00:00","A546 (3lb) Lightweight tiny sex doll pocket pussy Cheap Black Ebony Sex Doll Torso 100% Genuine","260526",1,89,89,89
"#3607","2026-07-17 21:00:00","Shipping Protection",,1,39.28,35.35,35.35
"#3177","2026-01-10 02:00:00","T904(9.56lb)  6.88″ Dildo Electric Male Rechargeable Sex Doll  Ass Torso Adult Toys For Female","260113",1,199,179.11,179.11
"#3185","2026-01-11 08:00:00","A547 (2.4lb)Miniest Realistic Fake Butt mini torso sex doll For Man 100% Genuine","xcottonsp",1,69,69,69
"#3260","2026-02-12 14:00:00","H232 ROS Silicone Blowjob Sex Doll Head丨WM Doll Head","加急快递",1,767,690.31,690.31
"#3307","2026-03-09 14:00:00","P57-(4.4lb)TPE Large Stimulating Realistic Pocket Pussy","260310",1,149,149,149
"#3493","2026-06-04 05:00:00","A550 (6.28lb)Fake Booty Pussy and Anal Mini Ass Doll Cheap Mens Sex Toys","/collections/mini-sex-doll-torso",1,79,79,79
"#3422","2026-05-09 21:00:00","Shipping Protection","/products/a457-37-74lb",1,10.15,9.13,9.13
"#3376","2026-04-23 15:00:00","B439-BBW Huge E-Cup Ultra-Soft Silicone Sex Doll Titfuck Sex Toy Torso - 15.96LB | LoveNestle","260515",1,399,371.08,371.08
"#3201","2026-01-19 10:00:00","B38-17.1lb/Full Bust: 36.2inch-Black Ebony Silicone Breast Sex Toys Fucking Mammary Intercourse","/collections/boob-job-sex-toys",1,379,379,379
"#3263","2026-02-15 10:00:00","Shipping Protection","xcottonsp",1,9.25,9.25,9.25
"#3214","2026-01-24 00:00:00","Shipping Protection","/collections/furry-sex-doll",1,5.65,5.65,5.65
"#3182","2026-01-10 23:00:00","T942-8.4lb 7.9inch Huge Penis Dildo Femboy TPE Cheap male sex dolls Torso | qita doll","260114",1,219,203.68,203.68
"#3260","2026-02-12 14:00:00","Shipping Protection","/collections/ros-sex-doll-heads-1",1,15.73,14.15,14.15
"#3153","2026-01-03 05:00:00","Shipping Protection","xcottonsp",1,10.45,10.45,10.45
"#3225","2026-01-29 03:00:00","Shipping Protection","/collections/robotic-sex-doll",1,26.53,26.53,26.53
"#3151","2026-01-02 22:00:00","Shipping Protection","260105",1,17.98,17.98,17.98
"#3544","2026-06-21 10:00:00","A503 (18lb) Big Ass Sex Doll Torso&pussy sex toys","260623",1,284,284,284
"#3306","2026-03-08 12:00:00","A512 (57.32lb) Big Ass Sex Torso Doggy Style 1:1 Life-Sized BBW Big Sex Butts","/collections/all",1,624,624,624
"#3423","2026-05-10 03:00:00","H442 ROS Free Hair Impants Real Oral Movable Jaw Blowjob Silicone Sex Doll Head | SY Doll","/collections/robotic-sex-doll",1,499,499,499
"#3312","2026-03-13 17:00:00","H711  Yuffie Silicone Sex Doll Head ｜Jiu Sheng Doll","linkdolls.com",1,499,449.1,449.1
"#3247","2026-02-06 16:00:00","A499-84.92LB BBW Big Booty Sex Doll Torso Silicone | LoveNestle Series","260206",1,1529,1376.11,1376.11
"#3189","2026-01-12 18:00:00","Shipping Protection","xcottonsp",1,4.15,4.15,4.15
"#3263","2026-02-15 10:00:00","T667-(20.2lbs) Luxury Super Cheap Realistic Female Silicone Torso Sex Doll For Men","xcottonsp",1,459,459,459
"#3478","2026-05-30 02:00:00","Shipping Protection","/products/b439-ultra-soft-",1,8.05,8.05,8.05
"#3149","2026-01-02 00:00:00","A664-(37.5lb) Silicone Butt Sexy and Real Realistic Huge Ass Sex Doll Torso","linkdolls.com",1,699,699,699
"#3348","2026-04-02 13:00:00","Shipping Protection","xcottonsp",1,2.05,2.05,2.05
"#3602","2026-07-16 06:00:00","P383-Best Silicone Realistic Pocket Pussy 100% Genuine for Men| Notye","/unknow",1,299,278.07,278.07
"#3464","2026-05-24 18:00:00","Shipping Protection","260526",1,7.45,7.45,7.45
"#3240","2026-02-02 23:00:00","T258-6.61lb Big Boobs Mini Best Cheap BBW Sex Torsos Doll |QSX","/collections/bbw-black-sex-doll",1,159,159,159
"#3254","2026-02-09 06:00:00","T3-(8.04lb/1.3ft)Papaya Breast Mini Sexdoll Torso | New Sex Doll","260210",1,129,116.1,116.1
"#3230","2026-01-30 03:00:00","T665-32lbs/76cm Luxury Silicone Life Sized Best Sex Torso– Robotic & Realistic","xcottonsp",1,857,857,857
"#3533","2026-06-18 14:00:00","P87-24.3LB Lucy Tan Fuckable Tits Breasts Ebony Black BBW Sex Dolls xxx Torso | MRL","260622",1,399,371.08,371.08
"#3422","2026-05-09 21:00:00","T443-20.94LB Sex Doll Big Boobs Silicone Life-Size Torso | LoveNestle Series","/products/a457-37-74lb",1,499,449.11,449.11
"#3328","2026-03-23 09:00:00","F3063—160cm/5ft3-37.2kg J Cup Big Breast Silicone BBW Sex Doll(ZELEX SLE)｜Zelex Doll","/collections/angel-kiss-doll",1,2099,1889.11,1889.11
"#3563","2026-06-29 13:00:00","F9302-150cm/4ft9-41kg B Cup ROS Silicone Head Shemale Fuck Doll｜Doll Castle","衣服",1,1599,1599,1599
"#3405","2026-05-04 23:00:00","T60-20.28lb 7"" Dildo Cheap Realistic Trans Torso Sex Doll - Lightweight Shemale Torso","/collections/shemale-sex-doll-torso-1",1,299,299,299
"#3521","2026-06-14 17:00:00","Shipping Protection","/collections/life-sized-sex-doll",1,5.65,5.65,5.65
"#3220","2026-01-27 03:00:00","Shipping Protection","xcottonsp",1,20.23,20.23,20.23
"#3568","2026-07-01 10:00:00","T405-15.43lb/47cm-Light weight Realistic Curvy Sex Torso Doll","260706",1,219,197.1,197.1
"#3164","2026-01-05 22:00:00","Shipping Protection","260110",1,5.95,5.95,5.95
"#3260","2026-02-12 14:00:00","H232 ROS Silicone Blowjob Sex Doll Head丨WM Doll Head","260324",1,767,690.31,690.31
"#3157","2026-01-04 05:00:00","H415 ROS Free Hair Impants  Real Oral Movable Jaw Silicone Sex Doll Head   | SY Doll","xcottonsp",1,567,510.31,510.31
"#3246","2026-02-06 11:00:00","T690-(86lb)Suntan Mega TPE Gel Chest BBW Sex Doll Torso With Huge Breasts【IN STOCK US/ EU】｜Climax Doll","/collections/all",1,899,899,899
"#3508","2026-06-09 05:00:00","A323- 32lbs Huge Ass Sex Doll Torso Liquid Silicone Chubby Sex Doll Belly Butt Ultra-Soft","/en-ca/products/a664-37-5lb",1,649,584.1,584.1
"#3551","2026-06-23 23:00:00","P381-2.2lbs Meru The Succubus Mini Anime Hentai Sex Toy - Silicone Pocket Pussy | MRL","/collections/mini-sex-doll-torso",1,199,199,199
"#3477","2026-05-30 01:00:00","Shipping Protection","260602",1,14.23,14.23,14.23
"#3543","2026-06-21 03:00:00","Shipping Protection","/collections/anime-mini-sex-doll",1,2.65,2.65,2.65
"#3491","2026-06-03 23:00:00","A599 (83lb) BBW Sex Doll Torso Big Booty Doggy Style Sucking Doll Biggest Ass Best Sex Torso【IN STOCK US】","加热棒",1,1174,1174,1174
"#3556","2026-06-26 11:00:00","P671-Vibrating pocket pussy ASS & Pussy Cheap Adult Sex Toy|Mini Size Ass Sex Torso 100% Genuine","/collections/under-100",1,89,89,89
"#3399","2026-05-02 06:00:00","Shipping Protection","linkdolls.com",1,36.73,34.15,34.15
"#3232","2026-01-30 09:00:00","Shipping Protection","linkdolls.com",1,3.25,3.25,3.25
"#3484","2026-06-01 13:00:00","Shipping Protection","260603",1,12.25,12.25,12.25
"#3153","2026-01-03 05:00:00","H130 TPE Oral Blowjob Sex Doll Head  [IN STOCK USA / EU]丨WM Doll Head","PVC头架",1,516,516,516
"#3489","2026-06-03 14:00:00","B42 - 7.7 lbs Silicone Big Breast & Vagina Sex Toy for Men Soft Gel-Boobs Torso","/collections/boob-job-sex-toys",1,299,299,299
"#3333","2026-03-26 12:00:00","P671-Vibrating pocket pussy ASS & Pussy Cheap Adult Sex Toy|Mini Size Ass Sex Torso 100% Genuine","260327",1,89,89,89
"#3290","2026-02-28 15:00:00","T592(67.2lb) Black-BBW Sex Dolls｜Gel Breasts & Big Ass Ebony Sex Doll Torso【In Stock US/EU】|Climax Doll","linkdolls.com",1,899,899,899
"#3560","2026-06-28 04:00:00","Shipping Protection","260709",1,15.73,15.73,15.73
"#3384","2026-04-27 07:00:00","T660 - 9.35lbs TPR 8.46in Dildo Insert AI Sex Dolls Male Torso Toy & Masturbator【IN Stock US】 | Xinse","/collections/sex-doll-torso-dildo",1,149,149,149
"#3403","2026-05-04 07:00:00","Shipping Protection","xcottonsp",1,4.15,4.15,4.15
"#3245","2026-02-06 04:00:00","Shipping Protection","260207",1,5.95,5.95,5.95
"#3596","2026-07-13 14:00:00","A553 (2.43lb)Mini Fat Belly Fake Pussy and Anal Ass Cheap Sex Dolls For Men 100% Genuine","260716",1,79,71.1,71.1
"#3458","2026-05-22 18:00:00","Shipping Protection","260610",1,7.75,7.75,7.75
"#3214","2026-01-24 00:00:00","P119-30cm/11.8in 2.5kg Fake Pussy Silicone Anime Hentai Sex Doll｜Doll Castle","/collections/furry-sex-doll",1,269,269,269
"#3376","2026-04-23 15:00:00","B439-BBW Huge E-Cup Ultra-Soft Silicone Sex Doll Titfuck Sex Toy Torso - 15.96LB | LoveNestle","xcottonsp",1,399,371.08,371.08
"#3521","2026-06-14 17:00:00","T401-23.36lb/52cm-Big Boobs Round Ass Realistic Curves Sextorso","260618",1,269,269,269
"#3177","2026-01-10 02:00:00","T904(9.56lb)  6.88″ Dildo Electric Male Rechargeable Sex Doll  Ass Torso Adult Toys For Female","xcottonsp",1,199,179.11,179.11
"#3399","2026-05-02 06:00:00","Shipping Protection","海运",1,36.73,34.15,34.15
"#3267","2026-02-17 02:00:00","H442 ROS Free Hair Impants Real Oral Movable Jaw Blowjob Silicone Sex Doll Head | SY Doll","260307",1,499,499,499
"#3156","2026-01-04 03:00:00","V326 - Trample-Proof TPE Sex Foot Toy for Hardcore Fetish - Size EU 31 US 2","260110",1,329,329,329
"#3220","2026-01-27 03:00:00","T276-36.38lbs/80cm Lightweight Life-Size Sex Doll Torso | Climax Doll","xcottonsp",1,984,984,984
"#3151","2026-01-02 22:00:00","Shipping Protection","加热棒润滑液",1,17.98,17.98,17.98
"#3468","2026-05-27 09:00:00","H692 ROS Silicone Blowjob Sex Doll Head [IN STOCK USA]丨Galatea Doll Head","PVC头架",1,568,568,568
"#3502","2026-06-07 18:00:00","T502-21lb/53cm-Realisitc Torso Sexdoll Big Boobs Round Ass","/collections/anime-sex-doll",1,284,284,284
"#3542","2026-06-21 01:00:00","T524(16.8lb)  Charming Abs And Big Hard Cock-Boys/black Ebony male sex doll For Women | xingse","/linkdolls.com",1,249,249,249
"#3251","2026-02-08 02:00:00","Shipping Protection","260312",1,46.93,46.93,46.93
"#3555","2026-06-25 20:00:00","T588V-16.09lb Sucking Sex Torso TPE Vibration & Auto Clean Sex Doll Torsos","260626",1,265,265,265
"#3279","2026-02-25 10:00:00","A512 (57.32lb) Big Ass Sex Torso Doggy Style 1:1 Life-Sized BBW Big Sex Butts","/cart",1,599,599,599
"#3244","2026-02-05 22:00:00","P80-4.6kg Megumi Futanari Shemale Sex Doll Torso with 11"" Horse Dildo & 3 Channels | Mrl","xcottonsp",1,198,198,198
"#3411","2026-05-05 20:00:00","A311-17.4lb Silicone Big Butt Torso – Extended Thighs, Mid-Thigh Length & Realistic Design","linkdolls.com",1,449,449,449
"#3379","2026-04-24 04:00:00","T406-7.45lb/30cm-Badonkadonk Papaya Breast Cheap bbw Mini Torso Sex Doll","260430",1,99,99,99
"#3283","2026-02-27 06:00:00","A683-(24lb)Sexy And Real Realistic Ass Female Bigass SexDoll","/blogs/dolls-info-qustions/tpe-torso",1,369,369,369
"#3204","2026-01-20 04:00:00","A664-(37.5lb) Silicone Butt Sexy and Real Realistic Huge Ass Sex Doll Torso","/checkouts/cn/hWN7",1,699,699,699
"#3174","2026-01-09 01:00:00","B439-BBW Huge E-Cup Ultra-Soft Silicone Sex Doll Titfuck Sex Toy Torso - 15.96LB | LoveNestle","260109",1,399,399,399
"#3433","2026-05-11 23:00:00","T405-15.43lb/47cm-Light weight Realistic Curvy Sex Torso Doll","linkdolls.com",1,199,179.1,179.1
"#3148","2026-01-01 22:00:00","Shipping Protection","润滑液",1,6.85,6.85,6.85
"#3270","2026-02-18 12:00:00","A664-(37.5lb) Silicone Butt Sexy and Real Realistic Huge Ass Sex Doll Torso","加热棒",1,699,629.1,629.1
"#3261","2026-02-12 21:00:00","T60-20.28lb 7"" Dildo Cheap Realistic Trans Torso Sex Doll - Lightweight Shemale Torso","260226",1,299,299,299
"#3389","2026-04-29 07:00:00","Shipping Protection","/collections/sex-doll-head",1,15.73,15.73,15.73
"#3352","2026-04-05 22:00:00","A303 11lb Silicone Big Butt Torso – Realistic & Lightweight Big Ass Sex Toy","/collections/fake-ass-sex-toy",1,199,199,199
"#3569","2026-07-03 02:00:00","T3-(8.04lb/1.3ft)Papaya Breast Mini Sexdoll Torso | New Sex Doll","xcottonsp",1,129,129,129
"#3586","2026-07-10 04:00:00","Shipping Protection","260716",1,12.88,12.88,12.88
"#3213","2026-01-23 07:00:00","Shipping Protection","sex-torso-doll-in-stock-europe",1,8.65,8.65,8.65
"#3220","2026-01-27 03:00:00","T276-36.38lbs/80cm Lightweight Life-Size Sex Doll Torso | Climax Doll","加热棒",1,984,984,984
"#3173","2026-01-09 00:00:00","F8193-150cm/5ft-27.5kg  Silicone Anime Girl Sex Doll Manga | Elsa Babe","260210",1,2458,2212.21,2212.21
"#3229","2026-01-29 18:00:00","Shipping Protection","xcottonsp",1,12.88,11.59,11.59
"#3290","2026-02-28 15:00:00","T592(67.2lb) Black-BBW Sex Dolls｜Gel Breasts & Big Ass Ebony Sex Doll Torso【In Stock US/EU】|Climax Doll","260311",1,899,899,899
"#3177","2026-01-10 02:00:00","Shipping Protection","260113",1,4.15,3.73,3.73
"#3336","2026-03-27 06:00:00","A303 11lb Silicone Big Butt Torso – Realistic & Lightweight Big Ass Sex Toy","xcottonsp",1,199,199,199
"#3435","2026-05-12 23:00:00","Shipping Protection","海运",1,16.48,14.83,14.83
"#3331","2026-03-24 04:00:00","P101-4LB Mini Silicone Pocket Pussy Hentai Realistic Bl Anime Sex Toys","260407",1,459,459,459
"#3457","2026-05-22 01:00:00","B43 – 39.7 lbs / 18kg Silicone Big Boobs Sex Doll Torso, Gel Breasts & Realistic Vagina for Men","260530",1,724,673.32,673.32
"#3313","2026-03-14 21:00:00","H385 ROS Silicone Sex Doll Head [IN STOCK USA]丨Galatea  Doll Head","260320",1,499,464.07,464.07
"#3248","2026-02-07 11:00:00","T424-48.5lbs/93cm silicone doll sex Super Realistic Human Size Luxury Torso Sex Dolls And Robots","260304",1,1137,1137,1137
"#3435","2026-05-12 23:00:00","Shipping Protection","linkdolls.com",1,16.48,14.83,14.83
"#3339","2026-03-29 11:00:00","A682-(19lb) Bigass Sexdoll Torso TPE 19lb Sucking Vibration Realistic Ass Best Sex Torsos","260330",1,369,369,369
"#3470","2026-05-27 11:00:00","T643 - 48.5 lbs Life-Size Realistic BBW Best Sex Torso | Plump Woman with Chubby Belly","260602",1,699,650.07,650.07
"#3330","2026-03-24 02:00:00","P102-5.28LB Strong Suction Cup Silicone Hentai Mini Male Sex Doll Torso with Dildo  | TAYUTA","xcottonsp",1,509,509,509
"#3285","2026-02-27 11:00:00","P76-44LB 15.7"" Huge Cock Trans Torso - Hentai Shemale Futa Sex Doll Torso | MRL","/collections/shemale-sex-doll-torso-1",1,699,629.1,629.1
"#3200","2026-01-18 22:00:00","P7071-One Channels Fake Pussy Anime pocket pussy Mini Hentai Cheap Sex Toy | MRL","/unknow",1,109,109,109
"#3323","2026-03-20 00:00:00","T588V-16.09lb Sucking Sex Torso TPE Vibration & Auto Clean Sex Doll Torsos","linkdolls.com",1,265,238.5,238.5
"#3288","2026-02-28 07:00:00","H121 TPE Oral Blowjob Sex Doll Head 丨WM Doll Head","xcottonsp",1,299,299,299
"#3159","2026-01-04 07:00:00","F2319-163cm(5.3ft) 53kg G Cup Hips Over 140"" ROS Movable Jaw Full Size Sex Dolls Huge Ass Sex Doll丨SY Doll","xcottonsp",1,2845,2845,2845
"#3176","2026-01-09 11:00:00","A599 (83lb) Coco Realistic TPE Female Mega Big Sex Butts Ebony Chubby BBW","润滑液",1,1019,1019,1019
"#3560","2026-06-28 04:00:00","Shipping Protection","加热棒润滑液",1,15.73,15.73,15.73
"#3415","2026-05-06 10:00:00","P77-3.15lb Spider Girl Onahle Fake Pussy Anime Hentai Sex Toy | MRL","加热棒润滑液",1,238,238,238
"#3193","2026-01-15 03:00:00","A446-10.80LB Naomi Pocket Pussy Big Ass Sex Doll Big Booty Sexdoll | LoveNestle Series","/collections/anime-sex-doll",1,259,259,259
"#3298","2026-03-05 17:00:00","T443-20.94LB Sex Doll Big Boobs Silicone Life-Size Torso | LoveNestle Series","/en-ca/products/f9270",1,544,505.93,505.93
"#3217","2026-01-25 21:00:00","H1031  Silicone Blowjob Sex Doll Head丨Aibei Doll Head","260129",1,578,578,578
"#3366","2026-04-15 06:00:00","H207 ROS Silicone Sex Doll Head [IN STOCK USA]丨Galatea Doll Head","加急快递",1,667,667,667
"#3509","2026-06-09 13:00:00","KW001-Golden Medium Curly Wig for Dolls","260611",1,79,79,79
"#3373","2026-04-20 04:00:00","H213 ROS Silicone Sex Doll Head [IN STOCK USA]丨Galatea Doll Head","快递加急",1,864,864,864
"#3219","2026-01-27 01:00:00","Shipping Protection","加急快递",1,8.05,7.24,7.24
"#3259","2026-02-12 14:00:00","T521 (5.38lb)Fleshlight Cheap Life Like Sex Doll｜ Male Masturbator For Man","260215",1,99,99,99
"#3444","2026-05-16 03:00:00","P899-Fake Sexy Pussy Cheap Realistic Silicone Best Pocket Pussy | Climax Doll","/products/f8106-168cm",1,89,89,89
"#3182","2026-01-10 23:00:00","T942-8.4lb 7.9inch Huge Penis Dildo Femboy TPE Cheap male sex dolls Torso | qita doll","/collections/male-sex-doll",1,219,203.68,203.68
"#3559","2026-06-27 19:00:00","Shipping Protection","衣服",1,60.58,60.58,60.58
"#3176","2026-01-09 11:00:00","A599 (83lb) Coco Realistic TPE Female Mega Big Sex Butts Ebony Chubby BBW","加急快递",1,1019,1019,1019
"#3212","2026-01-22 04:00:00","A599 (83lb) BBW Sex Doll Torso Big Booty Doggy Style Sucking Doll Biggest Ass Best Sex Torso【IN STOCK US】","260123",1,1549,1440.58,1440.58
"#3162","2026-01-05 08:00:00","V636 - Vajankle Foot Fetish Toys & Female Feet","260110",1,239,239,239
"#3176","2026-01-09 11:00:00","Shipping Protection","260117",1,20.98,20.98,20.98
"#3146","2026-01-01 15:00:00","T292 - 70.55 lbs Chloe ROS Life Size Silicone life size sex doll torso with Head [In Stock USA& Europe] | MAX  Series","260109售后",1,1299,1104.15,1104.15
"#3221","2026-01-27 06:00:00","A512 (57.32lb) Big Ass Sex Torso Doggy Style 1:1 Life-Sized BBW Big Sex Butts","/collections/bbw-sex-doll-torso",1,619,619,619
"#3367","2026-04-16 05:00:00","P47- Vibrating Ass Torso Sex Doll Male Masturbators Pocket Pussy Butt","/collections/sex-doll-torso",1,129,129,129
"#3217","2026-01-25 21:00:00","H1031  Silicone Blowjob Sex Doll Head丨Aibei Doll Head","xcottonsp",1,578,578,578
"#3233","2026-01-31 02:00:00","T905(9.03lb)  6.69″ Dildo Electric Male Sex Doll Torso Dildo Rechargeable For Female","加急快递",1,199,199,199
"#3274","2026-02-20 18:00:00","Shipping Protection","260225",1,3.85,3.85,3.85
"#3224","2026-01-28 13:00:00","T531(12.1lb/53cm) Shemale Fuck Doll Torso with 6.7"" Built-in Dildo - Trans Woman Femboy Toy | JLY","/collections/shemale-sex-doll-torso-1",1,289,289,289
"#3197","2026-01-17 11:00:00","T26-(8.8lb)Big Boobs Cheap Sex Doll Torso｜Mini Size-Easy to carry","xcottonsp",1,169,169,169
"#3382","2026-04-26 09:00:00","P323 lana rhoades electric pocket pussy sex toy for men | jiuai","/products/p323-lana-rhoades",1,139,139,139
"#3155","2026-01-03 15:00:00","H080 Thick Big Lips TPE Oral Sex Doll Head 丨WM Doll Head","260117",1,378,378,378
"#3357","2026-04-09 00:00:00","F5554-160cm/5ft2-36kg  Anime Life Size Silicone Sex Doll | Elsa Babe","送F5429全套衣服包括鞋",1,2815,2533.5,2533.5
"#3208","2026-01-20 22:00:00","A358-(27.5lb) Big Butt BBW Black Sex Doll Torso Realistic with Gel Butt - Climax Doll","加热棒润滑液",1,544,544,544
"#3152","2026-01-03 04:00:00","Shipping Protection","xcottonsp",1,14.23,14.23,14.23
"#3416","2026-05-06 14:00:00","Shipping Protection","xcottonsp",1,14.98,14.98,14.98
"#3224","2026-01-28 13:00:00","Shipping Protection","260130",1,5.95,5.95,5.95
"#3311","2026-03-13 12:00:00","P83-2.87lb 5.5inch Dildo Bbw Hentai Transgender Best Mini Male Futa Torso Sex Doll | MRL","润滑剂",1,129,129,129
"#3209","2026-01-21 08:00:00","P72-8.82lb 6.5/5.5inch Dildo Diphallia Futanari  Double Penis Sex Doll Torso | MRL","/products/p72",1,198,182.16,182.16
"#3191","2026-01-14 21:00:00","V24 - Cheap Silicone Fleshlight Foot with Toe Detail and Soft Insert Tunnel - Size EU 34 US 5","/collections/vajankle-foot-fetish-toys",1,349,349,349
"#3290","2026-02-28 15:00:00","T509 (37.5lb) Realistic Lifesize Sex Doll Torso｜Half Body","260306",1,499,499,499
"#3157","2026-01-04 05:00:00","H415 ROS Free Hair Impants  Real Oral Movable Jaw Silicone Sex Doll Head   | SY Doll","头架",1,567,510.31,510.31
"#3165","2026-01-06 03:00:00","T346-24.46 lbs Huge Breast Hentai TPE BBW Sex Doll Torso | MRL","260108",1,548.9,548.9,548.9
"#3241","2026-02-03 03:00:00","Shipping Protection","/collections/sex-doll-torso",1,14.23,14.23,14.23
"#3395","2026-05-01 12:00:00","V27-4.41 lbs Single Left Silicone Big Footjob Sex Toys with Vajankle","加急快递",1,314,314,314
"#3166","2026-01-06 06:00:00","B38-17.1lb/36.2inch Suntan Silicone Sex Doll Huge Tits Sex Torso for Realistic Titjob - Climax Doll","260115",1,379,341.1,341.1
"#3543","2026-06-21 03:00:00","Shipping Protection","润滑液",1,2.65,2.65,2.65
"#3321","2026-03-18 12:00:00","F5425- Elsa Babe Hentai Anime Waifu Sex Dolls Silicone Head 150cm 27.5kg","快递加急",1,2627,2627,2627
"#3378","2026-04-24 02:00:00","T663V-(15.4lb/16.14inch)Lightweight Vibrating & Sucking Sex Doll Torso","xcottonsp",1,279,279,279
"#3230","2026-01-30 03:00:00","T665-32lbs/76cm Luxury Silicone Life Sized Best Sex Torso– Robotic & Realistic","260203",1,857,857,857
"#3155","2026-01-03 15:00:00","H080 Thick Big Lips TPE Oral Sex Doll Head 丨WM Doll Head","/collections/sex-doll-head",1,378,378,378
"#3368","2026-04-16 11:00:00","F1222-160cm(46kg) I Cup Luna Big Ass Silicone Perky Boobs Sex BBW Sex Dolls｜Irontech Doll","260511",1,2716,2444.41,2444.41
"#3501","2026-06-07 14:00:00","T444-37.48LB Realistic Silicone Shemale Sex Doll Torso with 8.3"" Huge Detachable Torso With Dildo | LoveNestle Series","/collections/shemale-sex-doll-torso-1",1,699,699,699
"#3230","2026-01-30 03:00:00","Shipping Protection","xcottonsp",1,17.23,17.23,17.23
"#3408","2026-05-05 09:00:00","Shipping Protection","/collections/sex-doll-head",1,6.25,6.25,6.25
"#3520","2026-06-14 06:00:00","A312-12lb, 18cm (7.1"") 2026 Premium Soft Silicone Male Torso Dildo for Women & All Genders | Judy Rona","260618",1,338,338,338
"#3245","2026-02-06 04:00:00","Shipping Protection","linkdolls.com",1,5.95,5.95,5.95
"#3193","2026-01-15 03:00:00","Shipping Protection","260115",1,5.35,5.35,5.35
"#3612","2026-07-19 07:00:00","P14- Anime Hentai Fake Pussy",,1,149,149,149
"#3548","2026-06-23 00:00:00","A512 (57.32lb) Big Ass Sex Torso Doggy Style 1:1 Life-Sized BBW Big Sex Butts","260623",1,599,599,599
"#3241","2026-02-03 03:00:00","Shipping Protection","260228",1,14.23,14.23,14.23
"#3489","2026-06-03 14:00:00","B42 - 7.7 lbs Silicone Big Breast & Vagina Sex Toy for Men Soft Gel-Boobs Torso","260608",1,299,299,299
"#3176","2026-01-09 11:00:00","Shipping Protection","润滑液",1,20.98,20.98,20.98
"#3580","2026-07-07 10:00:00","H125 Thick Big Lips TPE Oral Blowjob Sex Doll Head 丨WM Doll Head","/products/h125-sex-doll-head",1,299,269.1,269.1
"#3248","2026-02-07 11:00:00","H292  Silicone Sex Doll Head丨Angel Kiss Doll Head","260304",1,597,597,597
"#3472","2026-05-28 06:00:00","F9010-157cm/5ft1 29KG B Cup Realistic Skinny TPE Sex Doll | SY Doll","/linkdolls.com",1,1458,1312.2,1312.2
"#3354","2026-04-06 23:00:00","H-Custom Silicone Sex Doll Head","260627",1,1395,1395,1395
"#3339","2026-03-29 11:00:00","A682-(19lb) Bigass Sexdoll Torso TPE 19lb Sucking Vibration Realistic Ass Best Sex Torsos","/collections/all",1,369,369,369
"#3157","2026-01-04 05:00:00","H415 ROS Free Hair Impants  Real Oral Movable Jaw Silicone Sex Doll Head   | SY Doll","/checkouts/cn/hWN4x",1,567,510.31,510.31
"#3611","2026-07-19 06:00:00","Shipping Protection",,1,5.65,5.65,5.65
"#3418","2026-05-07 01:00:00","A681-(15.5lb)Sexy And Real Realistic Big Ass BBW Chubby Masturbator Cheap Sex Dolls Torso","/en-ca",1,269,242.1,242.1
"#3151","2026-01-02 22:00:00","Shipping Protection","/checkouts/cn/hWN6KRB",1,17.98,17.98,17.98
"#3212","2026-01-22 04:00:00","Shipping Protection","润滑液",1,31.63,29.41,29.41
"#3225","2026-01-29 03:00:00","Shipping Protection","260203",1,26.53,26.53,26.53
"#3527","2026-06-16 13:00:00","T276-36.38lbs/80cm Lightweight Life-Size Sex Doll Torso | Climax Doll","/60719464687/orders",1,959,959,959
"#3211","2026-01-22 02:00:00","H126 TPE Oral Sex Doll Head 丨WM Doll Head","xcottonsp",1,378,351.55,351.55
"#3607","2026-07-17 21:00:00","F110-165cm -37kg Realistic Asian TPE Cute Femboy Sex Doll for Companionship-Qita Doll",,1,1849,1664.11,1664.11
"#3524","2026-06-15 15:00:00","Shipping Protection","xcottonsp",1,4.45,4.45,4.45
"#3349","2026-04-04 00:00:00","Shipping Protection","xcottonsp",1,7.15,7.15,7.15
"#3167","2026-01-06 18:00:00","T636 - 33.7 lbs/6.7 ft  Mark Dildo Realistic TPE Male Sex Doll Torso with Big Dick | Tantaly","/collections/sex-doll-torso-dildo",1,444,412.93,412.93
"#3167","2026-01-06 18:00:00","Shipping Protection","/collections/sex-doll-torso-dildo",1,8.95,8.32,8.32
"#3586","2026-07-10 04:00:00","A512 (57.32lb) Big Ass Sex Torso Doggy Style 1:1 Life-Sized BBW Big Sex Butts","xcottonsp",1,644,644,644
"#3161","2026-01-05 06:00:00","H442 ROS Free Hair Impants Real Oral Movable Jaw Blowjob Silicone Sex Doll Head | SY Doll","/unknow",1,617,573.82,573.82
"#3264","2026-02-15 14:00:00","Shipping Protection","260216",1,8.05,7.4,7.4
"#3590","2026-07-11 01:00:00","T404 (50.7lb/99cm) Realistic Half Torso Sex Doll With Perky Breasts,Big ass & Double Channels","/collections/sex-doll-legs",1,599,599,599
"#3528","2026-06-17 14:00:00","F2463-163cm(5.3ft)-40kg C Cup Sydney Realistic Silicone Head Famous Sex Doll【IN STOCK US/EU】｜Sigafun Doll","260618",1,968,968,968
"#3600","2026-07-14 19:00:00","A499-84.92LB BBW Big Booty Sex Doll Torso Silicone | LoveNestle Series","2607515",1,1574,1574,1574
"#3380","2026-04-24 10:00:00","A682-(19lb) Bigass Sexdoll Torso TPE 19lb Sucking Vibration Realistic Ass Best Sex Torsos","linkdolls.com",1,369,332.1,332.1
"#3479","2026-05-31 12:00:00","A418-(8lb) Sexy and Real Fat Lady Ass Realistic Black BBW Ebony Chubby Sex Doll Torso [ In Stock US ]","260611",1,159,159,159
"#3299","2026-03-05 19:00:00","Shipping Protection","260321",1,7.75,7.75,7.75
"#3330","2026-03-24 02:00:00","P102-5.28LB Strong Suction Cup Silicone Hentai Mini Male Sex Doll Torso with Dildo  | TAYUTA","260325",1,509,509,509
"#3434","2026-05-12 03:00:00","T660 - 9.35lbs TPR 8.46in Dildo Insert AI Sex Dolls Male Torso Toy & Masturbator【IN Stock US】 | Xinse","/collections/sex-doll-torso-dildo",1,149,149,149
"#3176","2026-01-09 11:00:00","Shipping Protection","/unknow",1,20.98,20.98,20.98
"#3420","2026-05-09 12:00:00",,"linkdolls.com",1,81.9,81.9,81.9
"#3401","2026-05-02 13:00:00","Shipping Protection","xcottonsp",1,46.93,46.93,46.93
"#3355","2026-04-07 03:00:00","A308-(13lb) Soft Silicone Realistic Big Ass Sex Toy For Men","260408",1,269,242.1,242.1
"#3178","2026-01-10 11:00:00","f9257- 160cm(5ft3)-35kg E Cup Silicone Female Sex Doll丨Doll senior","/collections/bbw-sex-doll-torso",1,1004,1004,1004
"#3381","2026-04-25 00:00:00","Shipping Protection","/unknow",1,22.48,20.23,20.23
"#3341","2026-03-30 21:00:00","P129-Best Pocket Pussy 2026 Super Realistic Pocket Pussy | Firefly Diary","260403",1,109,109,109
"#3397","2026-05-01 13:00:00","T267-17.6lbs Realistic Adult Black Ebony Best Cheap Male Sex Torso | QSX","260506",1,259,259,259
"#3147","2026-01-01 17:00:00","H823 Silicone Anime Sex Doll Head｜Elsa Babe Head","260202",1,699,699,699
"#3390","2026-04-29 11:00:00","Shipping Protection","加热棒",1,14.98,13.48,13.48
"#3533","2026-06-18 14:00:00","P87-24.3LB Lucy Tan Fuckable Tits Breasts Ebony Black BBW Sex Dolls xxx Torso | MRL","xcottonsp",1,399,371.08,371.08
"#3191","2026-01-14 21:00:00","Shipping Protection","加急快递",1,7.15,7.15,7.15
"#3251","2026-02-08 02:00:00","F5998-175cm/5ft9-49kg Full Size ROS Head Silicone Male Sex Doll For Women With Hair Transplant | Qita doll","linkdolls.com",1,2299,2299,2299
"#3170","2026-01-08 09:00:00","H877 Silicone Anime Sex Doll Head｜Elsa Babe Head","xcottonsp",1,787.9,709.11,709.11
"#3362","2026-04-13 06:00:00","Shipping Protection","同款假发+发饰",1,49.48,49.48,49.48
"#3184","2026-01-11 08:00:00","T904(9.56lb)  6.88″ Dildo Electric Male Rechargeable Sex Doll  Ass Torso Adult Toys For Female","xcottonsp",1,199,199,199
"#3192","2026-01-15 01:00:00","Shipping Protection","260115",1,2.95,2.95,2.95
"#3377","2026-04-23 20:00:00","Shipping Protection","/products/a499-bbw-big-booty-silicone",1,31.63,31.63,31.63
"#3173","2026-01-09 00:00:00","Shipping Protection","xcottonsp",1,49.48,44.53,44.53
"#3497","2026-06-05 15:00:00","H205 ROS Silicone Sex Doll Head [IN STOCK USA]丨Galatea Doll Head","260610",1,568,568,568
"#3472","2026-05-28 06:00:00","F9010-157cm/5ft1 29KG B Cup Realistic Skinny TPE Sex Doll | SY Doll","260604",1,1458,1312.2,1312.2
"#3337","2026-03-27 09:00:00","T463-59.52LB Lana ROS Life Size Red Head Silicone Japanese Sex Doll Torso With Head【In Stock USA& Europe】｜MAX Series","260328",1,1200,1200,1200
"#3208","2026-01-20 22:00:00","KT001-Reusable Drying Rod","干燥棒",1,99,99,99
"#3237","2026-02-01 15:00:00","Shipping Protection","260205",1,4.15,4.15,4.15
"#3262","2026-02-12 22:00:00","F3476-161cm(5f3)-47kg  D Cup Chubby  Silicone Head Sex Doll | Aibei Doll","260311",1,2953,2953,2953
"#3274","2026-02-20 18:00:00","Shipping Protection","xcottonsp",1,3.85,3.85,3.85
"#3355","2026-04-07 03:00:00","A308-(13lb) Soft Silicone Realistic Big Ass Sex Toy For Men","linkdolls.com",1,269,242.1,242.1
"#3208","2026-01-20 22:00:00","Shipping Protection","260203",1,12.88,12.88,12.88
"#3151","2026-01-02 22:00:00","A664-(37.5lb) Silicone Butt Sexy and Real Realistic Huge Ass Sex Doll Torso","xcottonsp",1,873,873,873
"#3378","2026-04-24 02:00:00","Shipping Protection","xcottonsp",1,5.65,5.65,5.65
"#3316","2026-03-17 18:00:00","T293-30.9lbs/72cm Super Realistic Luxury Silicone Life Size Sex Doll Torso","/products/t667-20-3lbs",1,599,557.07,557.07
"#3260","2026-02-12 14:00:00","Shipping Protection","260324",1,15.73,14.15,14.15
"#3167","2026-01-06 18:00:00","T636 - 33.7 lbs/6.7 ft  Mark Dildo Realistic TPE Male Sex Doll Torso with Big Dick | Tantaly","260112",1,444,412.93,412.93
"#3437","2026-05-13 23:00:00","T69(43lb）Belle Big Ass Big Booty Sexual Silicone Torso SexDoll | Sigafun Doll","260526",1,1118,1118,1118
"#3186","2026-01-11 19:00:00","T406-7.45lb/30cm-Badonkadonk Papaya Breast Cheap bbw Mini Torso Sex Doll","260115",1,99,99,99
"#3489","2026-06-03 14:00:00","Shipping Protection","/collections/boob-job-sex-toys",1,6.25,6.25,6.25
"#3243","2026-02-03 07:00:00","Shipping Protection","xcottonsp",1,11.65,11.65,11.65
"#3190","2026-01-13 20:00:00","V23 - Under200 Cheap TPE Vajancle Sex Doll Feet Masturbator for Men","/collections/vajankle-foot-fetish-toys",1,179,179,179
"#3195","2026-01-17 02:00:00","Shipping Protection","260124",1,29.08,29.08,29.08
"#3561","2026-06-29 01:00:00","A781-17.6lb Silicone Big Butt Torso – Lightweight Realistic Big Ass","/collections/silicone-ass",1,324,324,324
"#3586","2026-07-10 04:00:00","Shipping Protection","xcottonsp",1,12.88,12.88,12.88
"#3255","2026-02-09 18:00:00","T660 - 9.35lbs TPR 8.46in Dildo Insert AI Sex Dolls Male Torso Toy & Masturbator【IN Stock US】 | Xinse","/unknow",1,149,149,149
"#3248","2026-02-07 11:00:00","T424-48.5lbs/93cm silicone doll sex Super Realistic Human Size Luxury Torso Sex Dolls And Robots","加急快递",1,1137,1137,1137
"#3585","2026-07-08 12:00:00","Shipping Protection","xcottonsp",1,20.23,20.23,20.23
"#3228","2026-01-29 18:00:00","Shipping Protection","xcottonsp",1,5.35,5.35,5.35
"#3485","2026-06-01 21:00:00","T690-(86lb)Suntan Mega TPE Gel Chest BBW Sex Doll Torso With Huge Breasts【IN STOCK US/ EU】｜Climax Doll","/collections/sex-doll-torso",1,1099,1099,1099
"#3221","2026-01-27 06:00:00","A512 (57.32lb) Big Ass Sex Torso Doggy Style 1:1 Life-Sized BBW Big Sex Butts","260127",1,619,619,619
"#3262","2026-02-12 22:00:00","Shipping Protection","/products/f5617-163cm",1,60.58,60.58,60.58
"#3469","2026-05-27 11:00:00","T717-44lb/25.2in BBW Silicone Sex Torso Papaya Breast Gel Boobs & Ass","海运",1,949,759.2,759.2
"#3147","2026-01-01 17:00:00","Shipping Protection","260419",1,14.23,14.23,14.23
"#3491","2026-06-03 23:00:00","A599 (83lb) BBW Sex Doll Torso Big Booty Doggy Style Sucking Doll Biggest Ass Best Sex Torso【IN STOCK US】","/collections/fake-ass-sex-toy",1,1174,1174,1174
"#3300","2026-03-06 08:00:00","V24 - Cheap Silicone Fleshlight Foot with Toe Detail and Soft Insert Tunnel - Size EU 34 US 5","260306",1,199,199,199
"#3599","2026-07-14 09:00:00","T588V-16.09lb Sucking Sex Torso TPE Vibration & Auto Clean Sex Doll Torsos","260715",1,265,265,265
"#3482","2026-06-01 07:00:00","H416 ROS Free Hair Impants  Real Oral Movable Jaw Silicone Sex Doll Head   | SY Doll","/cart",1,767,767,767
"#3393","2026-04-30 13:00:00","Shipping Protection","xcottonsp",1,7.45,7.45,7.45
"#3277","2026-02-23 10:00:00","L582(7.7lb/23.6‘’) Sex Doll Legs Footjob Cheap Leg Torso Toys Female Big Ass Masturbator For Men","260226",1,199,199,199
"#3387","2026-04-28 22:00:00","Shipping Protection","xcottonsp",1,31.63,31.63,31.63
"#3480","2026-05-31 13:00:00","F2580-168cm(5.5ft) 39kg Realistic Sex Doll Emotional Support Companion Silicone｜Real Lady","转向链接器",1,4250,3910,3910
"#3221","2026-01-27 06:00:00","Shipping Protection","润滑液",1,12.88,12.88,12.88
"#3228","2026-01-29 18:00:00","P70-MRL Centaur Double Channels Doll Hentai Mini Anime Fake Pussy 4.1lb","xcottonsp",1,258,258,258
"#3257","2026-02-12 06:00:00","A423-(17.6lb) Silicone Butt Sexy and Real Realistic Big Ass sex doll sex Torso","linkdolls.com",1,399,399,399
"#3326","2026-03-23 05:00:00","T521 (5.38lb)Fleshlight Cheap Life Like Sex Doll｜ Male Masturbator For Man","赠加热棒",1,99,99,99
"#3390","2026-04-29 11:00:00","Shipping Protection","260430",1,14.98,13.48,13.48
"#3406","2026-05-05 07:00:00","T904(9.56lb)  6.88″ Dildo Electric Male Rechargeable Sex Doll  Ass Torso Adult Toys For Female","/collections/black-male-sex-doll",1,199,199,199
"#3153","2026-01-03 05:00:00","Shipping Protection","260126",1,10.45,10.45,10.45
"#3260","2026-02-12 14:00:00","Shipping Protection","加急快递",1,15.73,14.15,14.15
"#3538","2026-06-19 16:00:00","T417-25.35lb/63cm-Big Boobs Round Ass Realistic Curves Torso Sexdoll","linkdolls.com",1,359,323.1,323.1
"#3234","2026-01-31 11:00:00","Shipping Protection","/products/t445-27-56lb-silicone",1,6.85,6.85,6.85
"#3538","2026-06-19 16:00:00","T417-25.35lb/63cm-Big Boobs Round Ass Realistic Curves Torso Sexdoll","润滑液",1,359,323.1,323.1
"#3185","2026-01-11 08:00:00","Shipping Protection","/products/5-38lb",1,1.45,1.45,1.45
"#3424","2026-05-10 07:00:00","Shipping Protection","260515",1,2.05,2.05,2.05
"#3348","2026-04-02 13:00:00","Shipping Protection","/products/p380-3-32-lbs",1,2.05,2.05,2.05
"#3414","2026-05-06 08:00:00","A664-(37.5lb) Silicone Butt Sexy and Real Realistic Huge Ass Sex Doll Torso","260506",1,699,699,699
"#3477","2026-05-30 01:00:00","Shipping Protection","/linkdolls.com",1,14.23,14.23,14.23
"#3443","2026-05-15 23:00:00","Shipping Protection","/unknow",1,5.35,5.35,5.35
"#3466","2026-05-25 10:00:00","Shipping Protection","/linkdolls.com",1,16.48,16.48,16.48
"#3474","2026-05-28 19:00:00","B439-BBW Huge E-Cup Ultra-Soft Silicone Sex Doll Titfuck Sex Toy Torso - 15.96LB | LoveNestle","linkdolls.com",1,399,359.1,359.1
"#3277","2026-02-23 10:00:00","L582(7.7lb/23.6‘’) Sex Doll Legs Footjob Cheap Leg Torso Toys Female Big Ass Masturbator For Men","linkdolls.com",1,199,199,199
"#3489","2026-06-03 14:00:00","Shipping Protection","260608",1,6.25,6.25,6.25
"#3212","2026-01-22 04:00:00","A599 (83lb) BBW Sex Doll Torso Big Booty Doggy Style Sucking Doll Biggest Ass Best Sex Torso【IN STOCK US】","润滑液",1,1549,1440.58,1440.58
"#3254","2026-02-09 06:00:00","T3-(8.04lb/1.3ft)Papaya Breast Mini Sexdoll Torso | New Sex Doll","/unknow",1,129,116.1,116.1
"#3275","2026-02-21 07:00:00","T663V-(15.4lb/16.14inch)Lightweight Vibrating & Sucking Sex Doll Torso","加热棒润滑液",1,324,324,324
"#3300","2026-03-06 08:00:00","Shipping Protection","/en-ca/collections/vajankle-foot-fetish",1,4.15,4.15,4.15
"#3283","2026-02-27 06:00:00","A683-(24lb)Sexy And Real Realistic Ass Female Bigass SexDoll","260228",1,369,369,369
"#3176","2026-01-09 11:00:00","A599 (83lb) Coco Realistic TPE Female Mega Big Sex Butts Ebony Chubby BBW","260117",1,1019,1019,1019
"#3266","2026-02-17 00:00:00","T401-23.36lb/52cm-Big Boobs Round Ass Realistic Curves Sextorso","260220",1,269,269,269
"#3432","2026-05-11 17:00:00","T202（12.9lb|31cm) Mona BBW Fat Belly Lady Torso Black bbw sex doll torso【IN STOCK USA】","/collections/sex-doll-head",1,199,199,199
"#3243","2026-02-03 07:00:00","A684-(41.8lb)Big Booty Sex Dolls Torso Realistic ssbbwsex","润滑液",1,579,579,579
"#3235","2026-01-31 15:00:00","A418-(8lb) Sexy and Real Fat Lady Ass Realistic Black BBW Ebony Chubby Sex Doll Torso [ In Stock US ]","260203",1,159,159,159
"#3491","2026-06-03 23:00:00","A599 (83lb) BBW Sex Doll Torso Big Booty Doggy Style Sucking Doll Biggest Ass Best Sex Torso【IN STOCK US】","260612",1,1174,1174,1174
"#3207","2026-01-20 18:00:00","H131 TPE Oral Sex Doll Head 丨WM Doll Head","/collections/sex-doll-head",1,299,299,299
"#3298","2026-03-05 17:00:00","T443-20.94LB Sex Doll Big Boobs Silicone Life-Size Torso | LoveNestle Series","xcottonsp",1,544,505.93,505.93
"#3213","2026-01-23 07:00:00","T519(20.32lb) Curvy Lightweight 55cm Sex Doll Torsos&Plump Breasts&Large round nipples","sex-torso-doll-in-stock-europe",1,239,239,239
"#3589","2026-07-10 14:00:00","D336(3.3 lbs丨7.5'') Brown Upgraded King Kong Gunner Dildo Male Torso Sex Doll","/collections/sex-doll-torso",1,69,69,69
"#3256","2026-02-09 21:00:00","Shipping Protection","260304",1,16.48,16.48,16.48
"#3233","2026-01-31 02:00:00","T905(9.03lb)  6.69″ Dildo Electric Male Sex Doll Torso Dildo Rechargeable For Female","xcottonsp",1,199,199,199
"#3373","2026-04-20 04:00:00","H213 ROS Silicone Sex Doll Head [IN STOCK USA]丨Galatea Doll Head","/unknow",1,864,864,864
"#3153","2026-01-03 05:00:00","Shipping Protection","/collections/vajankle-foot-fetish-toys",1,10.45,10.45,10.45
"#3489","2026-06-03 14:00:00","Shipping Protection","xcottonsp",1,6.25,6.25,6.25
"#3213","2026-01-23 07:00:00","Shipping Protection","260130",1,8.65,8.65,8.65
"#3569","2026-07-03 02:00:00","T3-(8.04lb/1.3ft)Papaya Breast Mini Sexdoll Torso | New Sex Doll","/collections/best-seller",1,129,129,129
"#3190","2026-01-13 20:00:00","Shipping Protection","/collections/vajankle-foot-fetish-toys",1,3.85,3.85,3.85
"#3248","2026-02-07 11:00:00","T424-48.5lbs/93cm silicone doll sex Super Realistic Human Size Luxury Torso Sex Dolls And Robots","额外假发",1,1137,1137,1137
"#3476","2026-05-29 14:00:00","D057- (19.69'') 1.76kg Male Torso TPR Dildo Shemale Penis Smooth| Xingse","260608",1,79,79,79
"#3234","2026-01-31 11:00:00","T449-13.89LB Mini Olivia Mini Sex Doll Silicone pawg sex doll Pocket Pussy | LoveNestle Series","/products/t445-27-56lb-silicone",1,329,329,329
"#3405","2026-05-04 23:00:00","T60-20.28lb 7"" Dildo Cheap Realistic Trans Torso Sex Doll - Lightweight Shemale Torso","260509",1,299,299,299
"#3416","2026-05-06 14:00:00","A664-(37.5lb) Silicone Butt Sexy and Real Realistic Huge Ass Sex Doll Torso","xcottonsp",1,719,719,719
"#3239","2026-02-02 11:00:00","A358-(27.5lb) Big Butt BBW Black Sex Doll Torso Realistic with Gel Butt - Climax Doll","/products/a359-27-5lb",1,499,449.1,449.1
"#3157","2026-01-04 05:00:00","Shipping Protection","xcottonsp",1,11.35,10.21,10.21
"#3483","2026-06-01 09:00:00","V332 - Ultra-Soft Silicone Sex Doll Feet with Real Feel Texture for Foot Fetish","260608",1,249,249,249
"#3308","2026-03-10 23:00:00","T590-(35.27lb)Luxury Female Torso Tribbing Sex Doll with Fully Automatic Sucking Vibrating Sex Doll Torso","260311",1,699,699,699
"#3180","2026-01-10 20:00:00","A664-(37.5lb) Silicone Butt Sexy and Real Realistic Huge Ass Sex Doll Torso","260112",1,699,629.1,629.1
"#3500","2026-06-06 22:00:00","A512 (57.32lb) Big Ass Sex Torso Doggy Style 1:1 Life-Sized BBW Big Sex Butts","/collections/all",1,599,599,599
"#3261","2026-02-12 21:00:00","Shipping Protection","260226",1,6.25,6.25,6.25
"#3383","2026-04-26 23:00:00","H894 Silicone Anime Sex Doll Head｜Elsa Babe Head","/collections/black-sex-doll-heads",1,699,699,699
"#3422","2026-05-09 21:00:00","Shipping Protection","xcottonsp",1,10.15,9.13,9.13
"#3147","2026-01-01 17:00:00","Shipping Protection","260202",1,14.23,14.23,14.23
"#3403","2026-05-04 07:00:00","A303 11lb Silicone Big Butt Torso – Realistic & Lightweight Big Ass Sex Toy","260511",1,199,199,199
"#3200","2026-01-18 22:00:00","Shipping Protection","260124",1,2.35,2.35,2.35
"#3545","2026-06-22 06:00:00","Shipping Protection","260701",1,5.65,5.65,5.65
"#3170","2026-01-08 09:00:00","H523 Mini Anime Silicone Sex Doll Head｜Elsa Babe Head","260206",1,677.9,610.12,610.12
"#3174","2026-01-09 01:00:00","Shipping Protection","xcottonsp",1,8.05,8.05,8.05
"#3464","2026-05-24 18:00:00","Shipping Protection","xcottonsp",1,7.45,7.45,7.45
"#3408","2026-05-05 09:00:00","Shipping Protection","加急快递",1,6.25,6.25,6.25
"#3291","2026-02-28 22:00:00","Shipping Protection","/collections/the-best-male-sex-dolls",1,55.03,51.17,51.17
"#3194","2026-01-15 19:00:00","P381-2.2lbs Meru The Succubus Mini Anime Hentai Sex Toy - Silicone Pocket Pussy | MRL","/collections/electric-pocket-pussy",1,199,199,199
"#3585","2026-07-08 12:00:00","F1444-163cm(5f3)-52kg  E Cup  Wheat Skin Realistic Soft TPE BBW Full Size Sex Dolls 【IN Stock USA/EU】| Aibei Doll","xcottonsp",1,999,999,999
"#3507","2026-06-09 03:00:00","Shipping Protection","xcottonsp",1,3.85,3.85,3.85
"#3261","2026-02-12 21:00:00","Shipping Protection","/collections/shemale-sex-doll-torso-1",1,6.25,6.25,6.25
"#3244","2026-02-05 22:00:00","Shipping Protection","/collections/futa-sex-doll",1,4.15,4.15,4.15
"#3236","2026-01-31 21:00:00","Shipping Protection","260204",1,9.25,8.6,8.6
"#3530","2026-06-18 01:00:00","P381-2.2lbs Meru The Succubus Mini Anime Hentai Sex Toy - Silicone Pocket Pussy | MRL","/collections/fake-pussy-hentai-sex-doll",1,199,199,199
"#3588","2026-07-10 13:00:00","A418-(8lb) Sexy and Real Fat Lady Ass Realistic Black BBW Ebony Chubby Sex Doll Torso [ In Stock US ]","加热棒润滑液",1,204,204,204
"#3399","2026-05-02 06:00:00","F6209—172cm/5.6ft-37.5kg A Cup Realistic Flat Chest Sex Doll - TOP-CYDOLL","xcottonsp",1,1729,1607.98,1607.98
"#3571","2026-07-04 01:00:00","F8614—164cm/5ft4-38.75kg I Cup Aisan Silicone Huge Breast Sex Doll Ruby- Firefly Diary Max","加热毯",1,3108,3108,3108
"#3545","2026-06-22 06:00:00","V26 - 1.54 lbs Realistic Silicone Vajankle Right Foot Fetish Sex Toy with Channels","xcottonsp",1,269,269,269
"#3378","2026-04-24 02:00:00","T663V-(15.4lb/16.14inch)Lightweight Vibrating & Sucking Sex Doll Torso","/unknow",1,279,279,279
"#3347","2026-04-02 01:00:00","Shipping Protection","xcottonsp",1,55.03,55.03,55.03
"#3221","2026-01-27 06:00:00","A512 (57.32lb) Big Ass Sex Torso Doggy Style 1:1 Life-Sized BBW Big Sex Butts","xcottonsp",1,619,619,619
"#3454","2026-05-21 16:00:00","F2457-164cm(5.4ft)-39kg G Cup Life-Size sex with sexual doll Silicone Head Sex Doll【IN STOCK US/EU】｜Sigafun Doll","260526",1,968,968,968
"#3368","2026-04-16 11:00:00","Shipping Protection","/products/h231-ros-silicone",1,55.03,49.52,49.52
"#3376","2026-04-23 15:00:00","B439-BBW Huge E-Cup Ultra-Soft Silicone Sex Doll Titfuck Sex Toy Torso - 15.96LB | LoveNestle","/collections/boob-job-sex-toys",1,399,371.08,371.08
"#3146","2026-01-01 15:00:00","T292 - 70.55 lbs Chloe ROS Life Size Silicone life size sex doll torso with Head [In Stock USA& Europe] | MAX  Series","/products/t288-70-55-lbs-roxy",1,1299,1104.15,1104.15
"#3181","2026-01-10 22:00:00","H799 Sex Doll Head-Silicone-for an irresistibly stunning look and confident warmth【Irontech Doll Head】","/products/h232-ros-silicone",1,644,579.61,579.61
"#3197","2026-01-17 11:00:00","T26-(8.8lb)Big Boobs Cheap Sex Doll Torso｜Mini Size-Easy to carry","260121",1,169,169,169
"#3586","2026-07-10 04:00:00","Shipping Protection","加热棒润滑液",1,12.88,12.88,12.88
"#3299","2026-03-05 19:00:00","Shipping Protection","/collections/sex-doll-head",1,7.75,7.75,7.75
"#3388","2026-04-29 05:00:00","F1374-158cm I Cup Aurora Close Eyes Sex Doll｜Irontech Doll","xcottonsp",1,2490,2490,2490
"#3401","2026-05-02 13:00:00","F305-158cm/5ft2(57kg) Aisha E Cup TPE Adult Big Chest BBW Sex Dolls | YL Doll","/products/f9194-47-5kg-m-cup",1,2299,2299,2299
"#3332","2026-03-25 04:00:00","P101-4LB Mini Silicone Pocket Pussy Hentai Realistic Bl Anime Sex Toys","/en-ca/cart",1,459,459,459
"#3236","2026-01-31 21:00:00","Shipping Protection","/60719464687/orders/bb9",1,9.25,8.6,8.6
"#3180","2026-01-10 20:00:00","A664-(37.5lb) Silicone Butt Sexy and Real Realistic Huge Ass Sex Doll Torso","/collections/bbw-sex-doll-torso",1,699,629.1,629.1
"#3480","2026-05-31 13:00:00","F2580-168cm(5.5ft) 39kg Realistic Sex Doll Emotional Support Companion Silicone｜Real Lady","260704",1,4250,3910,3910
"#3532","2026-06-18 12:00:00","Shipping Protection","xcottonsp",1,16.48,16.48,16.48
"#3216","2026-01-25 05:00:00","Shipping Protection","/collections/fake-ass-sex-toy",1,11.35,11.35,11.35
"#3299","2026-03-05 19:00:00","H125 Thick Big Lips TPE Oral Blowjob Sex Doll Head 丨WM Doll Head","260321",1,378,378,378
"#3362","2026-04-13 06:00:00","Shipping Protection","260512",1,49.48,49.48,49.48
"#3237","2026-02-01 15:00:00","Shipping Protection","/collections/sex-doll-torso-dildo",1,4.15,4.15,4.15
"#3417","2026-05-06 18:00:00","F8170-150cm(4.9ft)-27.6kg F Cup R8 Lena Best Silicone Sex Doll With Robot｜Real Lady","加热毯",1,5178,4660.2,4660.2
"#3263","2026-02-15 10:00:00","Shipping Protection","/collections/in-stock-usa-1",1,9.25,9.25,9.25
"#3244","2026-02-05 22:00:00","P80-4.6kg Megumi Futanari Shemale Sex Doll Torso with 11"" Horse Dildo & 3 Channels | Mrl","/collections/futa-sex-doll",1,198,198,198
"#3156","2026-01-04 03:00:00","Shipping Protection","加急快递",1,6.85,6.85,6.85
"#3388","2026-04-29 05:00:00","Shipping Protection","/collections/sex-doll-torso",1,55.03,55.03,55.03
"#3208","2026-01-20 22:00:00","KT001-Reusable Drying Rod","/collections/fake-ass-sex-toy",1,99,99,99
"#3223","2026-01-28 02:00:00","A681-(15.5lb)Sexy And Real Realistic Big Ass BBW Chubby Masturbator Cheap Sex Dolls Torso","/unknow",1,294,294,294
"#3182","2026-01-10 23:00:00","Shipping Protection","260114",1,4.45,4.13,4.13
"#3439","2026-05-14 03:00:00","Shipping Protection","护理粉",1,23.23,20.9,20.9
"#3191","2026-01-14 21:00:00","V24 - Cheap Silicone Fleshlight Foot with Toe Detail and Soft Insert Tunnel - Size EU 34 US 5","加急快递",1,349,349,349
"#3442","2026-05-15 15:00:00","A684-(41.8lb)Big Booty Sex Dolls Torso Realistic ssbbwsex","/products/products-a684",1,559,503.1,503.1
"#3543","2026-06-21 03:00:00","P8- Japanese Pocket Pussy Hentai Fake Vagina","260625",1,129,129,129
"#3426","2026-05-10 09:00:00","H419 ROS Free Hair Impants  Real Oral Movable Jaw Silicone Sex Doll Head   | SY Doll","260516",1,668,601.2,601.2
"#3242","2026-02-03 06:00:00","A323- 32lbs Huge Ass Sex Doll Torso Liquid Silicone Chubby Sex Doll Belly Butt Ultra-Soft","260204",1,799,719.11,719.11
"#3229","2026-01-29 18:00:00","Shipping Protection","加热棒",1,12.88,11.59,11.59
"#3375","2026-04-21 08:00:00","P124-Silicon Sex Doll Pussy Masturbator with Skin-Like Feel | Judy Rona","/products/33lbs-lifelike-ass-sex-toy",1,89,89,89
"#3214","2026-01-24 00:00:00","Shipping Protection","260130",1,5.65,5.65,5.65
"#3208","2026-01-20 22:00:00","Shipping Protection","加热棒润滑液",1,12.88,12.88,12.88
"#3476","2026-05-29 14:00:00","Shipping Protection","260608",1,1.75,1.75,1.75
"#3444","2026-05-16 03:00:00","P899-Fake Sexy Pussy Cheap Realistic Silicone Best Pocket Pussy | Climax Doll","260519",1,89,89,89
"#3191","2026-01-14 21:00:00","Shipping Protection","/collections/vajankle-foot-fetish-toys",1,7.15,7.15,7.15
"#3289","2026-02-28 10:00:00","A625-55LB Eva BBW Doggy Style Sex Doll丨Tantaly","/en-ca",1,779.9,779.9,779.9
"#3157","2026-01-04 05:00:00","Shipping Protection","/checkouts/cn/hWN4x",1,11.35,10.21,10.21
"#3245","2026-02-06 04:00:00","Shipping Protection","xcottonsp",1,5.95,5.95,5.95
"#3458","2026-05-22 18:00:00","H144 TPE Sex Doll Head | Irontech Doll Head","/collections/sex-doll-head",1,374,374,374
"#3407","2026-05-05 07:00:00","T902(21.49lb) D Cup Electric Vibrating Shemale Sex Doll Torso with 3"" Dildo","260509",1,399,399,399
"#3340","2026-03-29 17:00:00","T659 - 4.6 lbs Realistic Dildo For Silicone Sex Doll Torso Toy Male Masturbator | Judy Rona","/collections/sex-doll-torso-dildo",1,218,218,218
"#3325","2026-03-22 20:00:00","T631 - 63.9 lbs Morgpie Pornstar Sexdoll Life Like Sex Doll with Tantabosom | Tantaly","260328",1,969,969,969
"#3219","2026-01-27 01:00:00","Shipping Protection","260130",1,8.05,7.24,7.24
"#3157","2026-01-04 05:00:00","Shipping Protection","260110",1,11.35,10.21,10.21
"#3241","2026-02-03 03:00:00","T590-(35.27lb)Luxury Female Torso Tribbing Sex Doll with Fully Automatic Sucking Vibrating Sex Doll Torso","xcottonsp",1,699,699,699
"#3504","2026-06-08 08:00:00","A316-17.4lbs Silicone Big Ass BBW Sex Doll Thick Torso【IN Stock US/EU】 | MRL","260609",1,549,549,549
"#3501","2026-06-07 14:00:00","T444-37.48LB Realistic Silicone Shemale Sex Doll Torso with 8.3"" Huge Detachable Torso With Dildo | LoveNestle Series","260609",1,699,699,699
"#3206","2026-01-20 10:00:00","Shipping Protection","260205",1,6.25,6.25,6.25
"#3148","2026-01-01 22:00:00","Shipping Protection","xcottonsp",1,6.85,6.85,6.85
"#3386","2026-04-27 20:00:00","A312-12lb, 18cm (7.1"") 2026 Premium Soft Silicone Male Torso Dildo for Women & All Genders | Judy Rona","260506",1,269,269,269
"#3439","2026-05-14 03:00:00","T666-39.7lbs/83cm Silicone Luxury Super Realistic Life Size Torso Sex Doll And Robots","护理粉",1,1127,1014.31,1014.31
"#3216","2026-01-25 05:00:00","Shipping Protection","260126",1,11.35,11.35,11.35
"#3233","2026-01-31 02:00:00","T905(9.03lb)  6.69″ Dildo Electric Male Sex Doll Torso Dildo Rechargeable For Female","260302",1,199,199,199
"#3155","2026-01-03 15:00:00","H080 Thick Big Lips TPE Oral Sex Doll Head 丨WM Doll Head","加急快递",1,378,378,378
"#3588","2026-07-10 13:00:00","A418-(8lb) Sexy and Real Fat Lady Ass Realistic Black BBW Ebony Chubby Sex Doll Torso [ In Stock US ]","/collections/black-torso-sex-dolls",1,204,204,204
"#3569","2026-07-03 02:00:00","T3-(8.04lb/1.3ft)Papaya Breast Mini Sexdoll Torso | New Sex Doll","260706",1,129,129,129
"#3485","2026-06-01 21:00:00","T690-(86lb)Suntan Mega TPE Gel Chest BBW Sex Doll Torso With Huge Breasts【IN STOCK US/ EU】｜Climax Doll","260616",1,1099,1099,1099
"#3270","2026-02-18 12:00:00","A664-(37.5lb) Silicone Butt Sexy and Real Realistic Huge Ass Sex Doll Torso","/collections/in-stock-usa-1",1,699,629.1,629.1
"#3346","2026-04-01 21:00:00","B38-17.1lb/Full Bust: 36.2inch-Black Ebony Silicone Breast Sex Toys Fucking Mammary Intercourse","过期订单",1,379,379,379
"#3322","2026-03-18 23:00:00","T205-BBW Sex Doll Torso TPE Mini Sex Dolls  41.22lb|53cm Curvy Fat Belly","260321",1,599,557.07,557.07
"#3545","2026-06-22 06:00:00","V26 - 1.54 lbs Realistic Silicone Vajankle Right Foot Fetish Sex Toy with Channels","润滑液",1,269,269,269
"#3163","2026-01-05 11:00:00","Shipping Protection","/collections/sex-doll-head",1,17.23,15.5,15.5
"#3216","2026-01-25 05:00:00","A295 -Judy Rona Big Butt Torso Silicone Big Ass Sex Toy 26.9lb Realisitc Skin","260126",1,559,559,559
"#3466","2026-05-25 10:00:00","A664-(37.5lb) Silicone Butt Sexy and Real Realistic Huge Ass Sex Doll Torso","260601",1,793,793,793
"#3517","2026-06-13 09:00:00","P14- Anime Hentai Fake Pussy",,1,149,149,149
"#3540","2026-06-20 18:00:00","F9364-167cm(5ft4)-28.5kg B Cup Silicone ROS Christmas Life Sized Sex Doll丨Lusandy doll","衣服",1,2669,2402.1,2402.1
"#3231","2026-01-30 06:00:00","Shipping Protection","xcottonsp",1,5.05,5.05,5.05
"#3395","2026-05-01 12:00:00","V27-4.41 lbs Single Left Silicone Big Footjob Sex Toys with Vajankle","260522",1,314,314,314
"#3262","2026-02-12 22:00:00","Shipping Protection","xcottonsp",1,60.58,60.58,60.58
"#3344","2026-04-01 01:00:00","A512 (57.32lb) Big Ass Sex Torso Doggy Style 1:1 Life-Sized BBW Big Sex Butts","260401",1,599,599,599
"#3528","2026-06-17 14:00:00","Shipping Protection","260618",1,19.48,19.48,19.48
"#3521","2026-06-14 17:00:00","Shipping Protection","xcottonsp",1,5.65,5.65,5.65
"#3408","2026-05-05 09:00:00","H027 TPE Oral Blowjob Sex Doll Head [IN STOCK USA / EU]丨WM Doll Head","260521",1,299,299,299
"#3520","2026-06-14 06:00:00","A312-12lb, 18cm (7.1"") 2026 Premium Soft Silicone Male Torso Dildo for Women & All Genders | Judy Rona","/collections/sex-doll-torso-dildo",1,338,338,338
"#3213","2026-01-23 07:00:00","T704(11.46lb)  Lifelike Big Penis Male Sex Doll Torso Dildo Adult Toys With 5.9″ Dildo for Female Masturbation | xingse","xcottonsp",1,189,189,189
"#3476","2026-05-29 14:00:00","Shipping Protection","xcottonsp",1,1.75,1.75,1.75
"#3370","2026-04-18 16:00:00","T531(12.1lb/53cm) Shemale Fuck Doll Torso with 6.7"" Built-in Dildo - Trans Woman Femboy Toy | JLY","/collections/shemale-sex-doll-torso-1",1,289,289,289
"#3194","2026-01-15 19:00:00","P381-2.2lbs Meru The Succubus Mini Anime Hentai Sex Toy - Silicone Pocket Pussy | MRL","260117",1,199,199,199
"#3387","2026-04-28 22:00:00","Shipping Protection","/collections/all",1,31.63,31.63,31.63
"#3273","2026-02-19 13:00:00","H892 Silicone Anime Sex Doll Head｜Elsa Babe Head","260324",1,699,699,699
"#3193","2026-01-15 03:00:00","A446-10.80LB Naomi Pocket Pussy Big Ass Sex Doll Big Booty Sexdoll | LoveNestle Series","xcottonsp",1,259,259,259
"#3574","2026-07-05 18:00:00","A303 11lb Silicone Big Butt Torso – Realistic & Lightweight Big Ass Sex Toy","260708",1,199,199,199
"#3417","2026-05-06 18:00:00","Shipping Protection","飞机箱",1,105,94.5,94.5
"#3570","2026-07-03 09:00:00","P125-Hands-free Silicone Super Realistic Pocket Pussy | Judy Rona","/linkdolls.com",1,89,82.77,82.77
"#3416","2026-05-06 14:00:00","Shipping Protection","润滑液",1,14.98,14.98,14.98
"#3171","2026-01-08 17:00:00",,"补运费",1,197,197,197
"#3447","2026-05-19 06:00:00","A664-(37.5lb) Silicone Butt Sexy and Real Realistic Huge Ass Sex Doll Torso","260520",1,699,699,699
"#3161","2026-01-05 06:00:00","Shipping Protection","260117",1,12.88,11.97,11.97
"#3274","2026-02-20 18:00:00","Shipping Protection","/collections/black-sex-dolls",1,3.85,3.85,3.85
"#3160","2026-01-05 04:00:00","H009 TPE Oral Sex Doll Head 丨WM Doll Head","/collections/tpe-sex-doll-head",1,428,428,428
"#3427","2026-05-10 15:00:00","D570 (7.4'') Sex Toys Cheap Male trans torso TPE Auto Vibrating Dildo-Large Size","/collections/under-100",1,79,79,79
"#3231","2026-01-30 06:00:00","T524(16.8lb)  Charming Abs And Big Hard Cock-Boys/black Ebony male sex doll For Women | xingse","xcottonsp",1,249,249,249
"#3349","2026-04-04 00:00:00","Shipping Protection","260408",1,7.15,7.15,7.15
"#3542","2026-06-21 01:00:00","T524(16.8lb)  Charming Abs And Big Hard Cock-Boys/black Ebony male sex doll For Women | xingse","xcottonsp",1,249,249,249
"#3241","2026-02-03 03:00:00","T590-(35.27lb)Luxury Female Torso Tribbing Sex Doll with Fully Automatic Sucking Vibrating Sex Doll Torso","/collections/sex-doll-torso",1,699,699,699
"#3288","2026-02-28 07:00:00","H121 TPE Oral Blowjob Sex Doll Head 丨WM Doll Head","/unknow",1,299,299,299
"#3576","2026-07-06 15:00:00","T590-(35.27lb)Luxury Female Torso Tribbing Sex Doll with Fully Automatic Sucking Vibrating Sex Doll Torso","260708",1,699,650.07,650.07
"#3312","2026-03-13 17:00:00","H711  Yuffie Silicone Sex Doll Head ｜Jiu Sheng Doll","260403",1,499,449.1,449.1
"#3376","2026-04-23 15:00:00","Shipping Protection","260515",1,8.05,7.48,7.48
"#3152","2026-01-03 04:00:00","Shipping Protection","/collections/sex-doll-head",1,14.23,14.23,14.23
"#3151","2026-01-02 22:00:00","A664-(37.5lb) Silicone Butt Sexy and Real Realistic Huge Ass Sex Doll Torso","260105",1,873,873,873
"#3514","2026-06-12 07:00:00","L307(35lb/88cm) Sexy Silicone Sex Doll Legs Robot Woman Toy Sex | SY Doll","加急快递",1,949,854.1,854.1
"#3415","2026-05-06 10:00:00","P7071-One Channels Fake Pussy Anime pocket pussy Mini Hentai Cheap Sex Toy | MRL","加热棒润滑液",1,303,303,303
"#3343","2026-03-31 12:00:00","A683-(24lb)Sexy And Real Realistic Ass Female Bigass SexDoll","260401",1,369,369,369
"#3181","2026-01-10 22:00:00","H799 Sex Doll Head-Silicone-for an irresistibly stunning look and confident warmth【Irontech Doll Head】","260130",1,644,579.61,579.61
"#3321","2026-03-18 12:00:00","F5425- Elsa Babe Hentai Anime Waifu Sex Dolls Silicone Head 150cm 27.5kg","干燥棒",1,2627,2627,2627
"#3273","2026-02-19 13:00:00","Shipping Protection","260324",1,14.23,14.23,14.23
"#3435","2026-05-12 23:00:00","Shipping Protection","260526",1,16.48,14.83,14.83
"#3184","2026-01-11 08:00:00","Shipping Protection","260113",1,4.15,4.15,4.15
"#3417","2026-05-06 18:00:00","Shipping Protection","/products/f4927-",1,105,94.5,94.5
"#3432","2026-05-11 17:00:00","H121 TPE Oral Blowjob Sex Doll Head 丨WM Doll Head","/collections/sex-doll-head",1,378,378,378
"#3615","2026-07-19 15:00:00","V26 - 1.54 lbs Realistic Silicone Vajankle Right Foot Fetish Sex Toy with Channels",,1,199,199,199
"#3165","2026-01-06 03:00:00","T346-24.46 lbs Huge Breast Hentai TPE BBW Sex Doll Torso | MRL","/en-ca/products/t346",1,548.9,548.9,548.9
"#3601","2026-07-16 03:00:00","T305-63.93LB Liz Big Boobs Silicone Sex Doll With Mature Curves | LoveNestle Series","/collections/bbw-sex-doll-torso",1,824,824,824
"#3463","2026-05-24 05:00:00","V26 - 1.54 lbs Realistic Silicone Vajankle Right Foot Fetish Sex Toy with Channels",,1,249,249,249
"#3348","2026-04-02 13:00:00","P380-3.15lbs Battle of Plants Puffball Mushroom Silicone Mini Anime Hentai Sex Doll| MRL","xcottonsp",1,99,99,99
"#3204","2026-01-20 04:00:00","A664-(37.5lb) Silicone Butt Sexy and Real Realistic Huge Ass Sex Doll Torso","xcottonsp",1,699,699,699
"#3268","2026-02-17 04:00:00","B439-BBW Huge E-Cup Ultra-Soft Silicone Sex Doll Titfuck Sex Toy Torso - 15.96LB | LoveNestle","260218",1,399,399,399
"#3234","2026-01-31 11:00:00","Shipping Protection","xcottonsp",1,6.85,6.85,6.85
"#3553","2026-06-24 20:00:00","A681-(15.5lb)Sexy And Real Realistic Big Ass BBW Chubby Masturbator Cheap Sex Dolls Torso","linkdolls.com",1,269,242.1,242.1
"#3291","2026-02-28 22:00:00","Shipping Protection","同款假发+发饰",1,55.03,51.17,51.17
"#3173","2026-01-09 00:00:00","F8193-150cm/5ft-27.5kg  Silicone Anime Girl Sex Doll Manga | Elsa Babe","xcottonsp",1,2458,2212.21,2212.21
"#3151","2026-01-02 22:00:00","A664-(37.5lb) Silicone Butt Sexy and Real Realistic Huge Ass Sex Doll Torso","/checkouts/cn/hWN6KRB",1,873,873,873
"#3487","2026-06-02 10:00:00","A664-(37.5lb) Silicone Butt Sexy and Real Realistic Huge Ass Sex Doll Torso","/linkdolls.com",1,699,699,699
"#3248","2026-02-07 11:00:00","H292  Silicone Sex Doll Head丨Angel Kiss Doll Head","加热棒",1,597,597,597
"#3543","2026-06-21 03:00:00","Shipping Protection","260625",1,2.65,2.65,2.65
"#3244","2026-02-05 22:00:00","Shipping Protection","xcottonsp",1,4.15,4.15,4.15
"#3609","2026-07-18 17:00:00","P14- Anime Hentai Fake Pussy",,1,149,149,149
"#3241","2026-02-03 03:00:00","T590-(35.27lb)Luxury Female Torso Tribbing Sex Doll with Fully Automatic Sucking Vibrating Sex Doll Torso","260228",1,699,699,699
"#3349","2026-04-04 00:00:00","B38-17.1lb/36.2inch Suntan Silicone Sex Doll Huge Tits Sex Torso for Realistic Titjob - Climax Doll","/en-ca/collections/boob-job-sex-toys",1,379,379,379
"#3211","2026-01-22 02:00:00","Shipping Protection","260113",1,7.75,7.2,7.2
"#3269","2026-02-18 05:00:00","F4929- 166cm 33kg C Cup Silicone Head S-TPE WM Sex Dolls: Vine Talk AI Box丨WM Doll","/products/f4929-166cm",1,3021,2809.53,2809.53
"#3262","2026-02-12 22:00:00","Shipping Protection","内衣",1,60.58,60.58,60.58
"#3403","2026-05-04 07:00:00","Shipping Protection","260511",1,4.15,4.15,4.15
"#3221","2026-01-27 06:00:00","Shipping Protection","/collections/bbw-sex-doll-torso",1,12.88,12.88,12.88
"#3249","2026-02-07 15:00:00","P379-3.32 lbs Snake Girl Medusa Hentai Onahole Silicone Hentai Sex Toys Pussy | MRL","260209",1,249,224.11,224.11
"#3573","2026-07-05 13:00:00","P671-Vibrating pocket pussy ASS & Pussy Cheap Adult Sex Toy|Mini Size Ass Sex Torso 100% Genuine","260708",1,89,82.77,82.77
"#3519","2026-06-13 18:00:00",,"/linkdolls.com",1,990,990,990
"#3223","2026-01-28 02:00:00","Shipping Protection","260130",1,5.95,5.95,5.95
"#3594","2026-07-12 19:00:00","A943-23.8lb 7.9inch Huge Penis Dildo Femboy TPE Cheap Male Sex Doll Torso | qita doll","/linkdolls.com",1,399,359.1,359.1
"#3477","2026-05-30 01:00:00","A458-43.43LB Gina 1:1 Life Size Doggy Style Big Ass Silicone sex torso | LoveNestle Series","xcottonsp",1,689,689,689
"#3588","2026-07-10 13:00:00","A418-(8lb) Sexy and Real Fat Lady Ass Realistic Black BBW Ebony Chubby Sex Doll Torso [ In Stock US ]","260713",1,204,204,204
"#3213","2026-01-23 07:00:00","T704(11.46lb)  Lifelike Big Penis Male Sex Doll Torso Dildo Adult Toys With 5.9″ Dildo for Female Masturbation | xingse","sex-torso-doll-in-stock-europe",1,189,189,189
"#3215","2026-01-24 21:00:00","V332 - Ultra-Soft Silicone Sex Doll Feet with Real Feel Texture for Foot Fetish","260130",1,273.9,273.9,273.9
"#3207","2026-01-20 18:00:00","H131 TPE Oral Sex Doll Head 丨WM Doll Head","260206",1,299,299,299
"#3529","2026-06-17 15:00:00","L583(13.2lb/27.5‘’) 70cm Cheap Sex Doll Legs with Realistic Feet & Dual Channels - Affordable Leg Fetish Torso","xcottonsp",1,284,284,284
"#3551","2026-06-23 23:00:00","Shipping Protection","260626",1,4.15,4.15,4.15
"#3333","2026-03-26 12:00:00","P671-Vibrating pocket pussy ASS & Pussy Cheap Adult Sex Toy|Mini Size Ass Sex Torso 100% Genuine","/collections/fake-pussy-fake-vagina",1,89,89,89
"#3547","2026-06-22 20:00:00","T5(15.43lb/1.67ft)Light weight Curvy cheap realistic Best Sex Torso Doll","260624",1,199,199,199
"#3196","2026-01-17 11:00:00","T407-25.35lb/63cm-Black Big Boobs Round Ass Realistic Curves Sex Doll Torsos","/unknow",1,339,315.28,315.28
"#3274","2026-02-20 18:00:00","A418-(8lb) Sexy and Real Fat Lady Ass Realistic Black BBW Ebony Chubby Sex Doll Torso [ In Stock US ]","润滑剂",1,179,179,179
"#3503","2026-06-08 00:00:00","Shipping Protection",,1,5.35,5.35,5.35
"#3393","2026-04-30 13:00:00","A433-16.54LB Lucy Silicone Realistic Pussy BBW Mini Sex Doll Bubble Butt Hip Toy| LoveNestle Series","xcottonsp",1,364,364,364
"#3162","2026-01-05 08:00:00","Shipping Protection","加急快递",1,5.05,5.05,5.05
"#3453","2026-05-21 10:00:00","P381-2.2lbs Meru The Succubus Mini Anime Hentai Sex Toy - Silicone Pocket Pussy | MRL","/collections/anime-pocket-pussy",1,199,199,199
"#3493","2026-06-04 05:00:00","A550 (6.28lb)Fake Booty Pussy and Anal Mini Ass Doll Cheap Mens Sex Toys","260608",1,79,79,79
"#3156","2026-01-04 03:00:00","V326 - Trample-Proof TPE Sex Foot Toy for Hardcore Fetish - Size EU 31 US 2","/collections/vajankle-foot-fetish-toys",1,329,329,329
"#3548","2026-06-23 00:00:00","A512 (57.32lb) Big Ass Sex Torso Doggy Style 1:1 Life-Sized BBW Big Sex Butts","/collections/fake-ass-sex-toy",1,599,599,599
"#3175","2026-01-09 08:00:00","B439-BBW Huge E-Cup Ultra-Soft Silicone Sex Doll Titfuck Sex Toy Torso - 15.96LB | LoveNestle","260109",1,399,399,399
"#3256","2026-02-09 21:00:00","Shipping Protection","润滑液",1,16.48,16.48,16.48
"#3490","2026-06-03 19:00:00","T267-17.6lbs Realistic Adult Black Ebony Best Cheap Male Sex Torso | QSX","/collections/femboys-sex-doll",1,259,259,259
"#3573","2026-07-05 13:00:00","P671-Vibrating pocket pussy ASS & Pussy Cheap Adult Sex Toy|Mini Size Ass Sex Torso 100% Genuine","/en-ca/products/671",1,89,82.77,82.77
"#3529","2026-06-17 15:00:00","Shipping Protection","/collections/vajankle-foot-fetish-toys",1,5.95,5.95,5.95
"#3338","2026-03-28 18:00:00","A499-84.92LB BBW Big Booty Sex Doll Torso Silicone | LoveNestle Series","linkdolls.com",1,1529,1529,1529
"#3416","2026-05-06 14:00:00","A664-(37.5lb) Silicone Butt Sexy and Real Realistic Huge Ass Sex Doll Torso","linkdolls.com",1,719,719,719
"#3167","2026-01-06 18:00:00","Shipping Protection","260112",1,8.95,8.32,8.32
"#3185","2026-01-11 08:00:00","A547 (2.4lb)Miniest Realistic Fake Butt mini torso sex doll For Man 100% Genuine","/products/5-38lb",1,69,69,69
"#3360","2026-04-11 09:00:00","P380-3.15lbs Battle of Plants Puffball Mushroom Silicone Mini Anime Hentai Sex Doll| MRL","260414",1,99,92.07,92.07
"#3173","2026-01-09 00:00:00","F8193-150cm/5ft-27.5kg  Silicone Anime Girl Sex Doll Manga | Elsa Babe","/unknow",1,2458,2212.21,2212.21
"#3211","2026-01-22 02:00:00","Shipping Protection","加急快递",1,7.75,7.2,7.2
"#3213","2026-01-23 07:00:00","T519(20.32lb) Curvy Lightweight 55cm Sex Doll Torsos&Plump Breasts&Large round nipples","260130",1,239,239,239
"#3233","2026-01-31 02:00:00","T905(9.03lb)  6.69″ Dildo Electric Male Sex Doll Torso Dildo Rechargeable For Female","/collections/male-sex-doll",1,199,199,199
"#3376","2026-04-23 15:00:00","Shipping Protection","/collections/boob-job-sex-toys",1,8.05,7.48,7.48
"#3220","2026-01-27 03:00:00","Shipping Protection","加热棒",1,20.23,20.23,20.23
"#3415","2026-05-06 10:00:00","P77-3.15lb Spider Girl Onahle Fake Pussy Anime Hentai Sex Toy | MRL","/products/p77-hentai-sex-toy-mrl",1,238,238,238
"#3529","2026-06-17 15:00:00","L583(13.2lb/27.5‘’) 70cm Cheap Sex Doll Legs with Realistic Feet & Dual Channels - Affordable Leg Fetish Torso","加热棒",1,284,284,284
"#3455","2026-05-21 19:00:00","H628 ROS Silicone Love Doll Head ｜Zelex Doll Head","260605",1,928,928,928
"#3305","2026-03-07 13:00:00","T702- (10.5lb）Realistic Busty BBW Big Boobs Booty torso sexdoll Pocket Pussy Male Masturbator Adult Toy","/collections/bbw-sex-doll-torso",1,149,149,149
"#3587","2026-07-10 06:00:00","F2319-163cm(5.3ft) 53kg G Cup Hips Over 140"" ROS Movable Jaw Full Size Sex Dolls Huge Ass Sex Doll丨SY Doll","加热毯",1,4626,4163.4,4163.4
"#3247","2026-02-06 16:00:00","A499-84.92LB BBW Big Booty Sex Doll Torso Silicone | LoveNestle Series","xcottonsp",1,1529,1376.11,1376.11
"#3512","2026-06-11 10:00:00","A303 11lb Silicone Big Butt Torso – Realistic & Lightweight Big Ass Sex Toy","/collections/fake-ass-sex-toy",1,199,199,199
"#3533","2026-06-18 14:00:00","Shipping Protection","xcottonsp",1,8.05,7.48,7.48
"#3200","2026-01-18 22:00:00","P7071-One Channels Fake Pussy Anime pocket pussy Mini Hentai Cheap Sex Toy | MRL","xcottonsp",1,109,109,109
"#3469","2026-05-27 11:00:00","T717-44lb/25.2in BBW Silicone Sex Torso Papaya Breast Gel Boobs & Ass","/en-ca",1,949,759.2,759.2
"#3390","2026-04-29 11:00:00","A664-(37.5lb) Silicone Butt Sexy and Real Realistic Huge Ass Sex Doll Torso","/collections/fake-ass-sex-toy",1,724,651.61,651.61
"#3350","2026-04-04 22:00:00","L584(19lb/70cm) Sex Doll Legs Realistic Female Sexy Leg Sex Dolls Torso For Men Big Booty Sexdoll Hip Male｜Aiyuan",,1,299,299,299
"#3473","2026-05-28 09:00:00","Shipping Protection","6.8-6.21之间送达",1,23.98,23.98,23.98
"#3234","2026-01-31 11:00:00","T449-13.89LB Mini Olivia Mini Sex Doll Silicone pawg sex doll Pocket Pussy | LoveNestle Series","xcottonsp",1,329,329,329
"#3184","2026-01-11 08:00:00","T904(9.56lb)  6.88″ Dildo Electric Male Rechargeable Sex Doll  Ass Torso Adult Toys For Female","260113",1,199,199,199
"#3553","2026-06-24 20:00:00","A681-(15.5lb)Sexy And Real Realistic Big Ass BBW Chubby Masturbator Cheap Sex Dolls Torso","260626",1,269,242.1,242.1
"#3348","2026-04-02 13:00:00","Shipping Protection","260409",1,2.05,2.05,2.05
"#3270","2026-02-18 12:00:00","A664-(37.5lb) Silicone Butt Sexy and Real Realistic Huge Ass Sex Doll Torso","内衣",1,699,629.1,629.1
"#3581","2026-07-07 11:00:00","T592(67.2lb) Black-BBW Sex Dolls｜Gel Breasts & Big Ass Ebony Sex Doll Torso【In Stock US/EU】|Climax Doll","/products/592",1,779,779,779
"#3158","2026-01-04 05:00:00","Shipping Protection","xcottonsp",1,4.15,4.15,4.15
"#3577","2026-07-06 16:00:00","Shipping Protection","xcottonsp",1,4.15,4.15,4.15
"#3399","2026-05-02 06:00:00","F6209—172cm/5.6ft-37.5kg A Cup Realistic Flat Chest Sex Doll - TOP-CYDOLL","海运",1,1729,1607.98,1607.98
"#3232","2026-01-30 09:00:00","T702- (10.5lb）Realistic Busty BBW Big Boobs Booty torso sexdoll Pocket Pussy Male Masturbator Adult Toy","260130",1,149,149,149
"#3498","2026-06-06 03:00:00","H230 ROS Silicone Blowjob Sex Doll Head丨WM Doll Head","260701",1,499,499,499
"#3251","2026-02-08 02:00:00","F5998-175cm/5ft9-49kg Full Size ROS Head Silicone Male Sex Doll For Women With Hair Transplant | Qita doll","260312",1,2299,2299,2299
"#3263","2026-02-15 10:00:00","T667-(20.2lbs) Luxury Super Cheap Realistic Female Silicone Torso Sex Doll For Men","260216",1,459,459,459
"#3242","2026-02-03 06:00:00","Shipping Protection","xcottonsp",1,16.48,14.83,14.83
"#3543","2026-06-21 03:00:00","P8- Japanese Pocket Pussy Hentai Fake Vagina","润滑液",1,129,129,129
"#3445","2026-05-18 04:00:00","Shipping Protection","260518",1,14.23,12.8,12.8
"#3399","2026-05-02 06:00:00","F6209—172cm/5.6ft-37.5kg A Cup Realistic Flat Chest Sex Doll - TOP-CYDOLL","linkdolls.com",1,1729,1607.98,1607.98
"#3227","2026-01-29 05:00:00",,"260206",1,38,38,38
"#3175","2026-01-09 08:00:00","B439-BBW Huge E-Cup Ultra-Soft Silicone Sex Doll Titfuck Sex Toy Torso - 15.96LB | LoveNestle","/unknow",1,399,399,399
"#3187","2026-01-12 04:00:00","Shipping Protection","260114",1,12.25,11.02,11.02
"#3562","2026-06-29 02:00:00","T637 – 36.4 lbs Mark PRO TPE Male Sex Doll Torso with Removable Silicone Dildo -3 Sizes Available | Tantaly","xcottonsp",1,489,489,489
"#3388","2026-04-29 05:00:00","F1374-158cm I Cup Aurora Close Eyes Sex Doll｜Irontech Doll","260523",1,2490,2490,2490
"#3257","2026-02-12 06:00:00","A423-(17.6lb) Silicone Butt Sexy and Real Realistic Big Ass sex doll sex Torso","260216",1,399,399,399
"#3150","2026-01-02 14:00:00","P79-8.95LB Hentai Mammary Intercourse Best Mini BBW Torso Sex Doll Anime | MRL","/collections/anime-pocket-pussy",1,208,193.44,193.44
"#3409","2026-05-05 11:00:00","A446-10.80LB Naomi Pocket Pussy Big Ass Sex Doll Big Booty Sexdoll | LoveNestle Series","润滑液",1,279,279,279
"#3269","2026-02-18 05:00:00","F4929- 166cm 33kg C Cup Silicone Head S-TPE WM Sex Dolls: Vine Talk AI Box丨WM Doll","260325",1,3021,2809.53,2809.53
"#3267","2026-02-17 02:00:00","Shipping Protection","/products/f2414-164cm",1,10.15,10.15,10.15
"#3564","2026-06-30 00:00:00","A316-17.4lbs Silicone Big Ass BBW Sex Doll Thick Torso【IN Stock US/EU】 | MRL","260702",1,549,549,549
"#3347","2026-04-02 01:00:00","F8033-150cm/5ft-27.5kg Silicone  Anime Hentai Sex Doll Furries| Elsa Babe","260516",1,2623,2623,2623
"#3184","2026-01-11 08:00:00","Shipping Protection","/collections/sex-doll-torso-dildo",1,4.15,4.15,4.15
"#3218","2026-01-26 22:00:00","A212-(12.13lb)  Realistic Pocket Pussy with Thick Ass","linkdolls.com",1,169,152.1,152.1
"#3191","2026-01-14 21:00:00","V24 - Cheap Silicone Fleshlight Foot with Toe Detail and Soft Insert Tunnel - Size EU 34 US 5","xcottonsp",1,349,349,349
"#3259","2026-02-12 14:00:00","T521 (5.38lb)Fleshlight Cheap Life Like Sex Doll｜ Male Masturbator For Man","linkdolls.com",1,99,99,99
"#3323","2026-03-20 00:00:00","T588V-16.09lb Sucking Sex Torso TPE Vibration & Auto Clean Sex Doll Torsos","260323",1,265,238.5,238.5
"#3193","2026-01-15 03:00:00","A446-10.80LB Naomi Pocket Pussy Big Ass Sex Doll Big Booty Sexdoll | LoveNestle Series","260115",1,259,259,259
"#3467","2026-05-25 22:00:00","T637 – 36.4 lbs Mark PRO TPE Male Sex Doll Torso with Removable Silicone Dildo -3 Sizes Available | Tantaly","260530",1,489,440.1,440.1
"#3488","2026-06-03 12:00:00","A308-(13lb) Soft Silicone Realistic Big Ass Sex Toy For Men","/en-ca",1,269,269,269
"#3181","2026-01-10 22:00:00","Shipping Protection","xcottonsp",1,12.88,11.59,11.59
"#3194","2026-01-15 19:00:00","P381-2.2lbs Meru The Succubus Mini Anime Hentai Sex Toy - Silicone Pocket Pussy | MRL","xcottonsp",1,199,199,199
"#3330","2026-03-24 02:00:00","Shipping Protection","/en-ca/collections/vendors",1,10.45,10.45,10.45
"#3385","2026-04-27 15:00:00","A555-32lbs 32lb Sucking Sex Doll Torso Realistic Ass Robot Vibrating Best Sex Dolls Torso","260428",1,599,557.07,557.07
"#3529","2026-06-17 15:00:00","Shipping Protection","260620",1,5.95,5.95,5.95
"#3342","2026-03-30 22:00:00","H404 ROS Free Hair Impants  Real Oral Movable Jaw Silicone Sex Doll Head   | SY Doll","/unknow",1,499,499,499
"#3189","2026-01-12 18:00:00","Shipping Protection","260116",1,4.15,4.15,4.15
"#3157","2026-01-04 05:00:00","Shipping Protection","头架",1,11.35,10.21,10.21
"#3297","2026-03-04 06:00:00","A682-(19lb) Bigass Sexdoll Torso TPE 19lb Sucking Vibration Realistic Ass Best Sex Torsos","260305",1,369,369,369
"#3605","2026-07-17 07:00:00","L582(7.7lb/23.6‘’) Sex Doll Legs Footjob Cheap Leg Torso Toys Female Big Ass Masturbator For Men","/collections/vajankle-foot-fetish-toys",1,199,199,199
"#3436","2026-05-13 16:00:00","A664-(37.5lb) Silicone Butt Sexy and Real Realistic Huge Ass Sex Doll Torso","/en-ca/collections/silicone-ass",1,699,629.1,629.1
"#3273","2026-02-19 13:00:00","H892 Silicone Anime Sex Doll Head｜Elsa Babe Head","/collections/sex-doll-head",1,699,699,699
"#3280","2026-02-25 12:00:00","T507V- (70.54lb) LifeSize Vibrating & Sucking Best Robot Sex Doll Torso ｜Luxury Sexiest Stripper Plump Hot Sex Toy for Man","/checkouts/cn/hWN9B5",1,899,899,899
"#3419","2026-05-07 22:00:00","A512 (57.32lb) Big Ass Sex Torso Doggy Style 1:1 Life-Sized BBW Big Sex Butts","/collections/vendors",1,599,557.07,557.07
"#3505","2026-06-08 19:00:00","F7601-170cm/5ft6 41kg F Cup Huge Breast TPE BBW Sex Doll  [IN STOCK USA]|SY Doll","/products/f4668-165cm",1,999,899.1,899.1
"#3528","2026-06-17 14:00:00","F2463-163cm(5.3ft)-40kg C Cup Sydney Realistic Silicone Head Famous Sex Doll【IN STOCK US/EU】｜Sigafun Doll","/en-ca/collections/celebrity-sex-doll",1,968,968,968
"#3492","2026-06-04 00:00:00","P73-6.39lb  BBW Cowgirl Busty Big Ass Silicone Fake Sex Toys Pussy | MRL",,1,148,148,148
"#3298","2026-03-05 17:00:00","Shipping Protection","260306",1,11.05,10.27,10.27
"#3235","2026-01-31 15:00:00","A418-(8lb) Sexy and Real Fat Lady Ass Realistic Black BBW Ebony Chubby Sex Doll Torso [ In Stock US ]","/products/t940-33lb",1,159,159,159
"#3256","2026-02-09 21:00:00","Shipping Protection","linkdolls.com",1,16.48,16.48,16.48
"#3443","2026-05-15 23:00:00","Shipping Protection","xcottonsp",1,5.35,5.35,5.35
"#3559","2026-06-27 19:00:00","F9406-163cm/5ft4-39kg Silicone Anime Hentai Sex Toy Female Sex Doll | Elsa Babe","衣服",1,2769,2436.72,2436.72
"#3291","2026-02-28 22:00:00","Shipping Protection","260416",1,55.03,51.17,51.17
"#3562","2026-06-29 02:00:00","Shipping Protection","xcottonsp",1,9.85,9.85,9.85
"#3245","2026-02-06 04:00:00","B33-(18.8lb) Big Breast  & Vagina Huge Tits Sex Soft Gel Boobs Male Masturbator","linkdolls.com",1,288,288,288
"#3274","2026-02-20 18:00:00","Shipping Protection","润滑剂",1,3.85,3.85,3.85
"#3264","2026-02-15 14:00:00","T668-(9.6lbs) Mini Realistic Silicone Torso Super Realistic Female","xcottonsp",1,399,367.09,367.09
"#3201","2026-01-19 10:00:00","Shipping Protection","xcottonsp",1,7.75,7.75,7.75
"#3484","2026-06-01 13:00:00","A555-32lbs 32lb Sucking Sex Doll Torso Realistic Ass Robot Vibrating Best Sex Dolls Torso","/products/a555-moving",1,599,599,599
"#3582","2026-07-07 15:00:00",,"/products/f2580",1,169,169,169
"#3416","2026-05-06 14:00:00","A664-(37.5lb) Silicone Butt Sexy and Real Realistic Huge Ass Sex Doll Torso","润滑液",1,719,719,719
"#3209","2026-01-21 08:00:00","P72-8.82lb 6.5/5.5inch Dildo Diphallia Futanari  Double Penis Sex Doll Torso | MRL","260124",1,198,182.16,182.16
"#3484","2026-06-01 13:00:00","A555-32lbs 32lb Sucking Sex Doll Torso Realistic Ass Robot Vibrating Best Sex Dolls Torso","260603",1,599,599,599
"#3558","2026-06-27 16:00:00","T403-Black(9.92lb) Mini GYATT BBW Thick Realistic small sex doll","260629",1,99,91.08,91.08
"#3412","2026-05-06 01:00:00","P80-4.6kg Megumi Futanari Shemale Sex Doll Torso with 11"" Horse Dildo & 3 Channels | Mrl","260507",1,198,198,198
"#3458","2026-05-22 18:00:00","Shipping Protection","/collections/sex-doll-head",1,7.75,7.75,7.75
"#3195","2026-01-17 02:00:00","F8117-170cm(5f6)-40kg H Cup big breast TPE Sex Doll | Aibei Doll","260124",1,1428,1428,1428
"#3148","2026-01-01 22:00:00","V27-4.41 lbs Single Left Silicone Big Footjob Sex Toys with Vajankle","xcottonsp",1,334,334,334
"#3344","2026-04-01 01:00:00","A512 (57.32lb) Big Ass Sex Torso Doggy Style 1:1 Life-Sized BBW Big Sex Butts","xcottonsp",1,599,599,599
"#3539","2026-06-20 12:00:00","A433-16.54LB Lucy Silicone Realistic Pussy BBW Mini Sex Doll Bubble Butt Hip Toy| LoveNestle Series",,1,364,364,364
"#3448","2026-05-19 20:00:00","P898-Fake Sexy Pussy Best Cheap Pocket Pussy 100% Genuine | Climax Doll","260523",1,89,89,89
"#3581","2026-07-07 11:00:00","T592(67.2lb) Black-BBW Sex Dolls｜Gel Breasts & Big Ass Ebony Sex Doll Torso【In Stock US/EU】|Climax Doll","润滑液",1,779,779,779
"#3364","2026-04-15 04:00:00","A219-(9.4lb)  Realistic Pocket Pussy With Thick Ass Silincone Sex Toy|Top Fire","260419",1,169,169,169
"#3572","2026-07-04 23:00:00","T435-72.75LB Romona Silicone Lifesize Anime Sex Doll Best ssbbw sex doll Torso | LoveNestle Series","260707",1,1319,1319,1319
"#3448","2026-05-19 20:00:00","P898-Fake Sexy Pussy Best Cheap Pocket Pussy 100% Genuine | Climax Doll","/en-ca",1,89,89,89
"#3262","2026-02-12 22:00:00","Shipping Protection","260311",1,60.58,60.58,60.58
"#3249","2026-02-07 15:00:00","P379-3.32 lbs Snake Girl Medusa Hentai Onahole Silicone Hentai Sex Toys Pussy | MRL","xcottonsp",1,249,224.11,224.11
"#3389","2026-04-29 07:00:00","Shipping Protection","260525",1,15.73,15.73,15.73
"#3408","2026-05-05 09:00:00","H027 TPE Oral Blowjob Sex Doll Head [IN STOCK USA / EU]丨WM Doll Head","加急快递",1,299,299,299
"#3429","2026-05-11 07:00:00","H426 ROS Free Hair Impants  Real Oral Movable Jaw Silicone Sex Doll Head   | SY Doll","/unknow",1,499,449.1,449.1
"#3299","2026-03-05 19:00:00","H125 Thick Big Lips TPE Oral Blowjob Sex Doll Head 丨WM Doll Head","/collections/sex-doll-head",1,378,378,378
"#3362","2026-04-13 06:00:00","F5425- Elsa Babe Hentai Anime Waifu Sex Dolls Silicone Head 150cm 27.5kg","260512",1,2453,2453,2453
"#3258","2026-02-12 10:00:00","Shipping Protection","260302",1,12.25,12.25,12.25
"#3237","2026-02-01 15:00:00","T905(9.03lb)  6.69″ Dildo Electric Male Sex Doll Torso Dildo Rechargeable For Female","xcottonsp",1,199,199,199
"#3389","2026-04-29 07:00:00","Shipping Protection","PVC头架",1,15.73,15.73,15.73
"#3366","2026-04-15 06:00:00","H207 ROS Silicone Sex Doll Head [IN STOCK USA]丨Galatea Doll Head","/collections/full-doll",1,667,667,667
"#3529","2026-06-17 15:00:00","L583(13.2lb/27.5‘’) 70cm Cheap Sex Doll Legs with Realistic Feet & Dual Channels - Affordable Leg Fetish Torso","/collections/vajankle-foot-fetish-toys",1,284,284,284
"#3347","2026-04-02 01:00:00","Shipping Protection","260516",1,55.03,55.03,55.03
"#3417","2026-05-06 18:00:00","F8170-150cm(4.9ft)-27.6kg F Cup R8 Lena Best Silicone Sex Doll With Robot｜Real Lady","飞机箱",1,5178,4660.2,4660.2
"#3462","2026-05-23 12:00:00","T403-Black(9.92lb) Mini GYATT BBW Thick Realistic small sex doll","/en-ca/search",1,99,99,99
"#3343","2026-03-31 12:00:00","A683-(24lb)Sexy And Real Realistic Ass Female Bigass SexDoll","/unknow",1,369,369,369
"#3234","2026-01-31 11:00:00","T449-13.89LB Mini Olivia Mini Sex Doll Silicone pawg sex doll Pocket Pussy | LoveNestle Series","260203",1,329,329,329
"#3226","2026-01-29 03:00:00","T267-17.6lbs Realistic Adult Black Ebony Best Cheap Male Sex Torso | QSX","/collections/torso-dildo",1,259,259,259
"#3235","2026-01-31 15:00:00","Shipping Protection","/products/t940-33lb",1,3.25,3.25,3.25
"#3494","2026-06-04 16:00:00","H101 ELF FantasyTPE Sex Doll Head 丨WM Doll Head","/collections/elf-sex-doll-heads",1,447,447,447
"#3206","2026-01-20 10:00:00","H122 Fantasy ELF TPE Oral Sex Doll Head  [IN STOCK USA]丨WM Doll Head","/collections/sex-doll-torso",1,299,299,299
"#3445","2026-05-18 04:00:00","Shipping Protection","xcottonsp",1,14.23,12.8,12.8
"#3303","2026-03-06 21:00:00","T1214-5kg (11lbs) TPE Realistic Sex Doll Torso | DU AI","xcottonsp",1,199,199,199
"#3313","2026-03-14 21:00:00","H385 ROS Silicone Sex Doll Head [IN STOCK USA]丨Galatea  Doll Head","/collections/electric-sex-doll-head",1,499,464.07,464.07
"#3560","2026-06-28 04:00:00","T15(34lbs)Cinnamon-Luxury BBW Sex Dolls Realistic Silicone Sex Dolls Torso With Huge Breasts｜Climax Doll","加热棒润滑液",1,784,784,784
"#3585","2026-07-08 12:00:00","Shipping Protection","/products/f2385",1,20.23,20.23,20.23
"#3176","2026-01-09 11:00:00","A599 (83lb) Coco Realistic TPE Female Mega Big Sex Butts Ebony Chubby BBW","/unknow",1,1019,1019,1019
"#3512","2026-06-11 10:00:00","A303 11lb Silicone Big Butt Torso – Realistic & Lightweight Big Ass Sex Toy","260618",1,199,199,199
"#3499","2026-06-06 05:00:00","D336(3.3 lbs丨7.5'') Brown Upgraded King Kong Gunner Dildo Male Torso Sex Doll","260610",1,69,69,69
"#3264","2026-02-15 14:00:00","T668-(9.6lbs) Mini Realistic Silicone Torso Super Realistic Female","260216",1,399,367.09,367.09
"#3187","2026-01-12 04:00:00","A555-32lbs 32lb Sucking Sex Doll Torso Realistic Ass Robot Vibrating Best Sex Dolls Torso","260114",1,599,539.11,539.11
"#3466","2026-05-25 10:00:00","A664-(37.5lb) Silicone Butt Sexy and Real Realistic Huge Ass Sex Doll Torso","加热棒",1,793,793,793
"#3443","2026-05-15 23:00:00","Shipping Protection","260519",1,5.35,5.35,5.35
"#3258","2026-02-12 10:00:00","T205-BBW Sex Doll Torso TPE Mini Sex Dolls  41.22lb|53cm Curvy Fat Belly","加急快递",1,599,599,599
"#3243","2026-02-03 07:00:00","A684-(41.8lb)Big Booty Sex Dolls Torso Realistic ssbbwsex","/collections/fake-ass-sex-toy",1,579,579,579
"#3532","2026-06-18 12:00:00","Shipping Protection","润滑液",1,16.48,16.48,16.48
"#3219","2026-01-27 01:00:00","A943-23.8lb 7.9inch Huge Penis Dildo Femboy TPE Cheap Male Sex Doll Torso | qita doll","xcottonsp",1,399,359.11,359.11
"#3318","2026-03-18 01:00:00","P370 mia khalifa pocket pussy sex toy for men | jiuai","/collections/jiuai",1,119,107.1,107.1
"#3169","2026-01-08 01:00:00","H872 Silicone Anime Sex Doll Head｜Elsa Babe Head","/unknow",1,699,699,699
"#3495","2026-06-05 01:00:00","B38-17.1lb/36.2inch Silicone Titty Fuck Sex Toy To Experience Cinnamon | Climax Doll","/blogs/dolls-info-qustions/5-reasons-",1,529,529,529
"#3459","2026-05-23 01:00:00","A547 (2.4lb)Miniest Realistic Fake Butt mini torso sex doll For Man 100% Genuine","/collections/mini-sex-doll-torso",1,69,69,69
"#3381","2026-04-25 00:00:00","T411-50.7lbs/92cm silicone sex dolls Luxury Super Realistic Human Size Best Torso Sexdoll And Robots","/unknow",1,1099,989.11,989.11
"#3194","2026-01-15 19:00:00","Shipping Protection","xcottonsp",1,4.15,4.15,4.15
"#3204","2026-01-20 04:00:00","A664-(37.5lb) Silicone Butt Sexy and Real Realistic Huge Ass Sex Doll Torso","260121",1,699,699,699
"#3233","2026-01-31 02:00:00","Shipping Protection","/collections/male-sex-doll",1,4.15,4.15,4.15
"#3202","2026-01-19 13:00:00","Shipping Protection","xcottonsp",1,5.65,5.65,5.65
"#3544","2026-06-21 10:00:00","A503 (18lb) Big Ass Sex Doll Torso&pussy sex toys","加热棒润滑液",1,284,284,284
"#3486","2026-06-01 22:00:00","H624 ROS Silicone Love Doll Head ｜Zelex Doll Head","/en-fi",1,548.9,548.9,548.9
"#3366","2026-04-15 06:00:00","H207 ROS Silicone Sex Doll Head [IN STOCK USA]丨Galatea Doll Head","260519",1,667,667,667
"#3514","2026-06-12 07:00:00","L307(35lb/88cm) Sexy Silicone Sex Doll Legs Robot Woman Toy Sex | SY Doll","260707",1,949,854.1,854.1
"#3156","2026-01-04 03:00:00","Shipping Protection","/collections/vajankle-foot-fetish-toys",1,6.85,6.85,6.85
"#3299","2026-03-05 19:00:00","Shipping Protection","xcottonsp",1,7.75,7.75,7.75
"#3369","2026-04-18 08:00:00","A561-(33lb)Lifelike Ass Sex Toy|Luxury TPE Ass Torso BBW Sex Doll Nude","/en-ca",1,399,371.07,371.07
"#3228","2026-01-29 18:00:00","P70-MRL Centaur Double Channels Doll Hentai Mini Anime Fake Pussy 4.1lb","/collections/anime-pocket-pussy",1,258,258,258
"#3508","2026-06-09 05:00:00","A323- 32lbs Huge Ass Sex Doll Torso Liquid Silicone Chubby Sex Doll Belly Butt Ultra-Soft","海运",1,649,584.1,584.1
"#3331","2026-03-24 04:00:00","P101-4LB Mini Silicone Pocket Pussy Hentai Realistic Bl Anime Sex Toys","xcottonsp",1,459,459,459
"#3212","2026-01-22 04:00:00","Shipping Protection","/products/599-83lb-sex-doll-torso",1,31.63,29.41,29.41
"#3551","2026-06-23 23:00:00","P381-2.2lbs Meru The Succubus Mini Anime Hentai Sex Toy - Silicone Pocket Pussy | MRL","260626",1,199,199,199
"#3337","2026-03-27 09:00:00","T463-59.52LB Lana ROS Life Size Red Head Silicone Japanese Sex Doll Torso With Head【In Stock USA& Europe】｜MAX Series","linkdolls.com",1,1200,1200,1200
"#3276","2026-02-22 13:00:00","Shipping Protection","/products/t6-luxury-realistic",1,14.98,13.48,13.48
"#3228","2026-01-29 18:00:00","Shipping Protection","/collections/anime-pocket-pussy",1,5.35,5.35,5.35
"#3438","2026-05-14 01:00:00","B41 - 22.7 lbs Silicone Big Sex Breast Masturbator | Breast Sex Toys For Titjob & Bust Play","260521",1,749,749,749
"#3438","2026-05-14 01:00:00","B41 - 22.7 lbs Silicone Big Sex Breast Masturbator | Breast Sex Toys For Titjob & Bust Play","/60719464687/orders/",1,749,749,749
"#3151","2026-01-02 22:00:00","Shipping Protection","xcottonsp",1,17.98,17.98,17.98
"#3394","2026-05-01 00:00:00","H701 TPE Oral Sex Doll Head [IN STOCK USA / EU] 丨WM Doll Head","260505",1,378,378,378
"#3291","2026-02-28 22:00:00","F5425- Elsa Babe Hentai Anime Waifu Sex Dolls Silicone Head 150cm 27.5kg","脐环",1,2746,2553.79,2553.79
"#3388","2026-04-29 05:00:00","Shipping Protection","xcottonsp",1,55.03,55.03,55.03
"#3162","2026-01-05 08:00:00","V636 - Vajankle Foot Fetish Toys & Female Feet","加急快递",1,239,239,239
"#3149","2026-01-02 00:00:00","A664-(37.5lb) Silicone Butt Sexy and Real Realistic Huge Ass Sex Doll Torso","xcottonsp",1,699,699,699
"#3542","2026-06-21 01:00:00","Shipping Protection","/linkdolls.com",1,5.05,5.05,5.05
"#3532","2026-06-18 12:00:00","Shipping Protection","/unknow",1,16.48,16.48,16.48
"#3577","2026-07-06 16:00:00","A303 11lb Silicone Big Butt Torso – Realistic & Lightweight Big Ass Sex Toy","/unknow",1,199,199,199
"#3473","2026-05-28 09:00:00","F2458-164cm(5.4ft)-39kg G Cup Ada Life-Size Silicone Head Sex Doll【IN STOCK US/EU】｜Sigafun Doll","xcottonsp",1,1168,1168,1168
"#3441","2026-05-15 14:00:00","H833 Silicone Anime Sex Doll Head｜Elsa Babe Head","/unknow",1,1735,1613.56,1613.56
"#3220","2026-01-27 03:00:00","T276-36.38lbs/80cm Lightweight Life-Size Sex Doll Torso | Climax Doll","/collections/sex-doll-torso",1,984,984,984
"#3489","2026-06-03 14:00:00","B42 - 7.7 lbs Silicone Big Breast & Vagina Sex Toy for Men Soft Gel-Boobs Torso","xcottonsp",1,299,299,299
"#3387","2026-04-28 22:00:00","A499-84.92LB BBW Big Booty Sex Doll Torso Silicone | LoveNestle Series","xcottonsp",1,1529,1529,1529
"#3224","2026-01-28 13:00:00","T531(12.1lb/53cm) Shemale Fuck Doll Torso with 6.7"" Built-in Dildo - Trans Woman Femboy Toy | JLY","xcottonsp",1,289,289,289
"#3196","2026-01-17 11:00:00","T407-25.35lb/63cm-Black Big Boobs Round Ass Realistic Curves Sex Doll Torsos","260120",1,339,315.28,315.28
"#3347","2026-04-02 01:00:00","Shipping Protection","/collections/furry-sex-doll",1,55.03,55.03,55.03
"#3488","2026-06-03 12:00:00","A308-(13lb) Soft Silicone Realistic Big Ass Sex Toy For Men","加热棒",1,269,269,269
"#3303","2026-03-06 21:00:00","Shipping Protection","xcottonsp",1,4.15,4.15,4.15
"#3162","2026-01-05 08:00:00","V636 - Vajankle Foot Fetish Toys & Female Feet","xcottonsp",1,239,239,239
"#3198","2026-01-17 16:00:00","T903(17.63lb)  6.69″ Automatic Thrusting Male Sex Doll with Multi-Speed Vibration and Big Dick","/ja/collections/male-sex-doll",1,339,339,339
"#3460","2026-05-23 03:00:00","Shipping Protection","/collections/full-doll",1,12.25,12.25,12.25
"#3247","2026-02-06 16:00:00","Shipping Protection","/collections/all",1,31.63,28.46,28.46
"#3212","2026-01-22 04:00:00","Shipping Protection","xcottonsp",1,31.63,29.41,29.41
"#3477","2026-05-30 01:00:00","A458-43.43LB Gina 1:1 Life Size Doggy Style Big Ass Silicone sex torso | LoveNestle Series","/linkdolls.com",1,689,689,689
"#3545","2026-06-22 06:00:00","V26 - 1.54 lbs Realistic Silicone Vajankle Right Foot Fetish Sex Toy with Channels","260701",1,269,269,269
"#3353","2026-04-06 04:00:00","T659 - 4.6 lbs Realistic Dildo For Silicone Sex Doll Torso Toy Male Masturbator | Judy Rona","260409",1,149,149,149
"#3431","2026-05-11 10:00:00","B38-17.1lb/36.2inch Silicone Titty Fuck Sex Toy To Experience Cinnamon | Climax Doll","/unknow",1,379,379,379
"#3219","2026-01-27 01:00:00","A943-23.8lb 7.9inch Huge Penis Dildo Femboy TPE Cheap Male Sex Doll Torso | qita doll","/unknow",1,399,359.11,359.11
"#3399","2026-05-02 06:00:00","Shipping Protection","xcottonsp",1,36.73,34.15,34.15
"#3232","2026-01-30 09:00:00","Shipping Protection","xcottonsp",1,3.25,3.25,3.25
"#3390","2026-04-29 11:00:00","Shipping Protection","xcottonsp",1,14.98,13.48,13.48
"#3181","2026-01-10 22:00:00","H799 Sex Doll Head-Silicone-for an irresistibly stunning look and confident warmth【Irontech Doll Head】","xcottonsp",1,644,579.61,579.61
"#3518","2026-06-13 18:00:00","P898-Fake Sexy Pussy Best Cheap Pocket Pussy 100% Genuine | Climax Doll","/cart",1,89,89,89
"#3410","2026-05-05 20:00:00",,"linkdolls.com",1,361,361,361
"#3533","2026-06-18 14:00:00","Shipping Protection","260622",1,8.05,7.48,7.48
"#3336","2026-03-27 06:00:00","Shipping Protection","260403",1,4.15,4.15,4.15
"#3596","2026-07-13 14:00:00","A553 (2.43lb)Mini Fat Belly Fake Pussy and Anal Ass Cheap Sex Dolls For Men 100% Genuine","/collections/fake-pussy-hentai-sex-doll",1,79,71.1,71.1
"#3552","2026-06-23 23:00:00",,,1,99,99,99
"#3371","2026-04-19 14:00:00","Shipping Protection","260427",1,15.73,15.73,15.73
"#3462","2026-05-23 12:00:00","T403-Black(9.92lb) Mini GYATT BBW Thick Realistic small sex doll","海运",1,99,99,99
"#3161","2026-01-05 06:00:00","Shipping Protection","/unknow",1,12.88,11.97,11.97
"#3478","2026-05-30 02:00:00","Shipping Protection","260602",1,8.05,8.05,8.05
"#3258","2026-02-12 10:00:00","Shipping Protection","xcottonsp",1,12.25,12.25,12.25
"#3422","2026-05-09 21:00:00","T443-20.94LB Sex Doll Big Boobs Silicone Life-Size Torso | LoveNestle Series","xcottonsp",1,499,449.11,449.11
"#3348","2026-04-02 13:00:00","P380-3.15lbs Battle of Plants Puffball Mushroom Silicone Mini Anime Hentai Sex Doll| MRL","/products/p380-3-32-lbs",1,99,99,99
"#3395","2026-05-01 12:00:00","V27-4.41 lbs Single Left Silicone Big Footjob Sex Toys with Vajankle","/collections/vajankle-foot-fetish-toys",1,314,314,314
"#3565","2026-06-30 11:00:00","A210-11.7lb Budget-Friendly Shemale Sex Doll Torso Under $200 - 2026 Best Value","/collections/fake-ass-sex-toy",1,199,199,199
"#3401","2026-05-02 13:00:00","Shipping Protection","/products/f9194-47-5kg-m-cup",1,46.93,46.93,46.93
"#3417","2026-05-06 18:00:00","Shipping Protection","260602",1,105,94.5,94.5
"#3403","2026-05-04 07:00:00","Shipping Protection","linkdolls.com",1,4.15,4.15,4.15
"#3215","2026-01-24 21:00:00","V332 - Ultra-Soft Silicone Sex Doll Feet with Real Feel Texture for Foot Fetish","xcottonsp",1,273.9,273.9,273.9
"#3208","2026-01-20 22:00:00","Shipping Protection","干燥棒",1,12.88,12.88,12.88
"#3161","2026-01-05 06:00:00","H442 ROS Free Hair Impants Real Oral Movable Jaw Blowjob Silicone Sex Doll Head | SY Doll","260117",1,617,573.82,573.82
"#3336","2026-03-27 06:00:00","Shipping Protection","/collections/sex-doll-torso",1,4.15,4.15,4.15
"#3451","2026-05-21 06:00:00","A302-(21.4lb) Silicone Realistic Big Ass Torso with Long Waist","260523",1,499,449.1,449.1
"#3203","2026-01-19 16:00:00","B439-BBW Huge E-Cup Ultra-Soft Silicone Sex Doll Titfuck Sex Toy Torso - 15.96LB | LoveNestle","linkdolls.com",1,399,399,399
"#3281","2026-02-27 00:00:00","A599 (83lb) BBW Sex Doll Torso Big Booty Doggy Style Sucking Doll Biggest Ass Best Sex Torso【IN STOCK US】","/collections/shemale-sex-doll-torso-1",1,999,999,999
"#3360","2026-04-11 09:00:00","P380-3.15lbs Battle of Plants Puffball Mushroom Silicone Mini Anime Hentai Sex Doll| MRL","/en-ca/collections/mrl-doll",1,99,92.07,92.07
"#3274","2026-02-20 18:00:00","A418-(8lb) Sexy and Real Fat Lady Ass Realistic Black BBW Ebony Chubby Sex Doll Torso [ In Stock US ]","/collections/black-sex-dolls",1,179,179,179
"#3484","2026-06-01 13:00:00","Shipping Protection","/products/a555-moving",1,12.25,12.25,12.25
"#3390","2026-04-29 11:00:00","Shipping Protection","/collections/fake-ass-sex-toy",1,14.98,13.48,13.48
"#3178","2026-01-10 11:00:00","Shipping Protection","/collections/bbw-sex-doll-torso",1,20.23,20.23,20.23
"#3426","2026-05-10 09:00:00","H419 ROS Free Hair Impants  Real Oral Movable Jaw Silicone Sex Doll Head   | SY Doll","linkdolls.com",1,668,601.2,601.2
"#3452","2026-05-21 06:00:00","H706 ROS Silicone Blowjob Sex Doll Head [IN STOCK USA]｜Zelex Doll Head","/products/se-doll-head-x-bot",1,499,424.15,424.15
"#3260","2026-02-12 14:00:00","H232 ROS Silicone Blowjob Sex Doll Head丨WM Doll Head","xcottonsp",1,767,690.31,690.31
"#3406","2026-05-05 07:00:00","Shipping Protection","260509",1,4.15,4.15,4.15
"#3223","2026-01-28 02:00:00","A681-(15.5lb)Sexy And Real Realistic Big Ass BBW Chubby Masturbator Cheap Sex Dolls Torso","加热棒",1,294,294,294
"#3178","2026-01-10 11:00:00","f9257- 160cm(5ft3)-35kg E Cup Silicone Female Sex Doll丨Doll senior","260112",1,1004,1004,1004
"#3278","2026-02-24 01:00:00","A664-(37.5lb) Silicone Butt Sexy and Real Realistic Huge Ass Sex Doll Torso","260228",1,699,699,699
"#3178","2026-01-10 11:00:00","Shipping Protection","260112",1,20.23,20.23,20.23
"#3371","2026-04-19 14:00:00","H422 ROS Free Hair Impants  Real Oral Movable Jaw Silicone Sex Doll Head   | SY Doll","/collections/sex-doll-head",1,767,767,767
"#3450","2026-05-21 01:00:00","B37-14.8lb/Full Bust: 33.8inch-Cinnamon Silicone  Boob Job Breast Sex Titty Fucking Mammary Intercourse Sex Toy Titjob","260604",1,339,339,339
"#3577","2026-07-06 16:00:00","A303 11lb Silicone Big Butt Torso – Realistic & Lightweight Big Ass Sex Toy","xcottonsp",1,199,199,199
"#3300","2026-03-06 08:00:00","V24 - Cheap Silicone Fleshlight Foot with Toe Detail and Soft Insert Tunnel - Size EU 34 US 5","xcottonsp",1,199,199,199
"#3381","2026-04-25 00:00:00","Shipping Protection","xcottonsp",1,22.48,20.23,20.23
"#3468","2026-05-27 09:00:00","H692 ROS Silicone Blowjob Sex Doll Head [IN STOCK USA]丨Galatea Doll Head","/unknow",1,568,568,568
"#3228","2026-01-29 18:00:00","P70-MRL Centaur Double Channels Doll Hentai Mini Anime Fake Pussy 4.1lb","260202",1,258,258,258
"#3300","2026-03-06 08:00:00","V24 - Cheap Silicone Fleshlight Foot with Toe Detail and Soft Insert Tunnel - Size EU 34 US 5","/en-ca/collections/vajankle-foot-fetish",1,199,199,199
"#3324","2026-03-20 14:00:00","A260-Lusandy Sex Dolls with Big Asses Silicone 22lb Sexy and Gel Butt Mini Sex Dolls【IN Stock US/EU】","260320",1,599,551.08,551.08
"#3211","2026-01-22 02:00:00","Shipping Protection","加急",1,7.75,7.2,7.2
"#3176","2026-01-09 11:00:00","Shipping Protection","xcottonsp",1,20.98,20.98,20.98
"#3468","2026-05-27 09:00:00","H692 ROS Silicone Blowjob Sex Doll Head [IN STOCK USA]丨Galatea Doll Head","260529",1,568,568,568
"#3495","2026-06-05 01:00:00","B38-17.1lb/36.2inch Silicone Titty Fuck Sex Toy To Experience Cinnamon | Climax Doll","加急快递",1,529,529,529
"#3375","2026-04-21 08:00:00","P124-Silicon Sex Doll Pussy Masturbator with Skin-Like Feel | Judy Rona","260427",1,89,89,89
"#3202","2026-01-19 13:00:00","Shipping Protection","260120",1,5.65,5.65,5.65
"#3248","2026-02-07 11:00:00","H292  Silicone Sex Doll Head丨Angel Kiss Doll Head","linkdolls.com",1,597,597,597
"#3295","2026-03-03 09:00:00","L417(41.9lb/41.7‘’) Crurophilia Silicone Sex Doll Legs and Feet Combo for Foot Fetish – Realistic Skin Feel","海运",1,849,764.1,764.1
"#3288","2026-02-28 07:00:00","Shipping Protection","260313",1,6.25,6.25,6.25
"#3362","2026-04-13 06:00:00","F5425- Elsa Babe Hentai Anime Waifu Sex Dolls Silicone Head 150cm 27.5kg","同款假发+发饰",1,2453,2453,2453
"#3524","2026-06-15 15:00:00","Shipping Protection","/unknow",1,4.45,4.45,4.45
"#3385","2026-04-27 15:00:00","A555-32lbs 32lb Sucking Sex Doll Torso Realistic Ass Robot Vibrating Best Sex Dolls Torso","/products/a555-32-1lbbbw-big-ass",1,599,557.07,557.07
"#3413","2026-05-06 02:00:00","T502-21lb/53cm-Realisitc Torso Sexdoll Big Boobs Round Ass","/unknow",1,239,239,239
"#3243","2026-02-03 07:00:00","Shipping Protection","润滑液",1,11.65,11.65,11.65
"#3164","2026-01-05 22:00:00","Shipping Protection","xcottonsp",1,5.95,5.95,5.95
"#3221","2026-01-27 06:00:00","Shipping Protection","260127",1,12.88,12.88,12.88
"#3521","2026-06-14 17:00:00","T401-23.36lb/52cm-Big Boobs Round Ass Realistic Curves Sextorso","/collections/life-sized-sex-doll",1,269,269,269
"#3216","2026-01-25 05:00:00","Shipping Protection","xcottonsp",1,11.35,11.35,11.35
"#3229","2026-01-29 18:00:00","Shipping Protection","linkdolls.com",1,12.88,11.59,11.59
"#3533","2026-06-18 14:00:00","P87-24.3LB Lucy Tan Fuckable Tits Breasts Ebony Black BBW Sex Dolls xxx Torso | MRL","/unknow",1,399,371.08,371.08
"#3150","2026-01-02 14:00:00","P79-8.95LB Hentai Mammary Intercourse Best Mini BBW Torso Sex Doll Anime | MRL","260105",1,208,193.44,193.44
"#3500","2026-06-06 22:00:00","A512 (57.32lb) Big Ass Sex Torso Doggy Style 1:1 Life-Sized BBW Big Sex Butts","260609",1,599,599,599
"#3240","2026-02-02 23:00:00","T258-6.61lb Big Boobs Mini Best Cheap BBW Sex Torsos Doll |QSX","260205",1,159,159,159
"#3356","2026-04-08 23:00:00",,"260523",1,1458,1458,1458
"#3342","2026-03-30 22:00:00","H404 ROS Free Hair Impants  Real Oral Movable Jaw Silicone Sex Doll Head   | SY Doll","260409",1,499,499,499
"#3206","2026-01-20 10:00:00","H122 Fantasy ELF TPE Oral Sex Doll Head  [IN STOCK USA]丨WM Doll Head","260205",1,299,299,299
"#3591","2026-07-11 01:00:00","A664-(37.5lb) Silicone Butt Sexy and Real Realistic Huge Ass Sex Doll Torso","/cart",1,699,699,699
"#3468","2026-05-27 09:00:00","H692 ROS Silicone Blowjob Sex Doll Head [IN STOCK USA]丨Galatea Doll Head","260626",1,568,568,568
"#3344","2026-04-01 01:00:00","A512 (57.32lb) Big Ass Sex Torso Doggy Style 1:1 Life-Sized BBW Big Sex Butts","/unknow",1,599,599,599
"#3388","2026-04-29 05:00:00","Shipping Protection","内衣",1,55.03,55.03,55.03
"#3215","2026-01-24 21:00:00","Shipping Protection","260130",1,5.56,5.56,5.56
"#3417","2026-05-06 18:00:00","Shipping Protection","加急快递",1,105,94.5,94.5
"#3475","2026-05-29 08:00:00","A647 - 17.6 lbs Scaly Fantasy Silicone Best Sex Torso Booty Alien Pussy Sex Toy Torso","260624",1,399,399,399
"#3585","2026-07-08 12:00:00","F1444-163cm(5f3)-52kg  E Cup  Wheat Skin Realistic Soft TPE BBW Full Size Sex Dolls 【IN Stock USA/EU】| Aibei Doll","/products/f2385",1,999,999,999
"#3299","2026-03-05 19:00:00","H125 Thick Big Lips TPE Oral Blowjob Sex Doll Head 丨WM Doll Head","xcottonsp",1,378,378,378
"#3378","2026-04-24 02:00:00","Shipping Protection","/unknow",1,5.65,5.65,5.65
"#3407","2026-05-05 07:00:00","T902(21.49lb) D Cup Electric Vibrating Shemale Sex Doll Torso with 3"" Dildo","/products/t90221-49lb-d-cup",1,399,399,399
"#3388","2026-04-29 05:00:00","F1374-158cm I Cup Aurora Close Eyes Sex Doll｜Irontech Doll","/collections/sex-doll-torso",1,2490,2490,2490
"#3402","2026-05-03 05:00:00","A647 - 17.6 lbs Scaly Fantasy Silicone Best Sex Torso Booty Alien Pussy Sex Toy Torso","/collections/alien-sex-dolls",1,528,528,528
"#3185","2026-01-11 08:00:00","Shipping Protection","260113",1,1.45,1.45,1.45
"#3221","2026-01-27 06:00:00","Shipping Protection","xcottonsp",1,12.88,12.88,12.88
"#3545","2026-06-22 06:00:00","Shipping Protection","/collections/vajankle-foot-fetish-toys",1,5.65,5.65,5.65
"#3192","2026-01-15 01:00:00","T403-Black(9.92lb) Mini GYATT BBW Thick Realistic small sex doll","加热棒润滑液",1,144,144,144
"#3435","2026-05-12 23:00:00","T6-(60lb) Luxury Thin Cinnamon Half Torso Sex Doll Small Flat Chested【in stock】|Climax Doll","linkdolls.com",1,799,719.11,719.11
"#3173","2026-01-09 00:00:00","Shipping Protection","/unknow",1,49.48,44.53,44.53
"#3249","2026-02-07 15:00:00","P379-3.32 lbs Snake Girl Medusa Hentai Onahole Silicone Hentai Sex Toys Pussy | MRL","/collections/tayuta",1,249,224.11,224.11
"#3354","2026-04-06 23:00:00","H-Custom Silicone Sex Doll Head","/collections/sex-doll-head",1,1395,1395,1395
"#3592","2026-07-11 19:00:00","H901 Free Iron AI Talking ROS-MAX Silicone Blowjob Head Sex Doll Emotional Support Companion | Irontech Doll","/collections/sex-doll-head",1,559,559,559
"#3567","2026-07-01 08:00:00",,"/linkdolls.com",1,32,32,32
"#3453","2026-05-21 10:00:00","P381-2.2lbs Meru The Succubus Mini Anime Hentai Sex Toy - Silicone Pocket Pussy | MRL","260523",1,199,199,199
"#3154","2026-01-03 14:00:00","A681-(15.5lb)Sexy And Real Realistic Big Ass BBW Chubby Masturbator Cheap Sex Dolls Torso","260105",1,269,269,269
"#3243","2026-02-03 07:00:00","Shipping Protection","/collections/fake-ass-sex-toy",1,11.65,11.65,11.65
"#3235","2026-01-31 15:00:00","A418-(8lb) Sexy and Real Fat Lady Ass Realistic Black BBW Ebony Chubby Sex Doll Torso [ In Stock US ]","xcottonsp",1,159,159,159
"#3547","2026-06-22 20:00:00","T5(15.43lb/1.67ft)Light weight Curvy cheap realistic Best Sex Torso Doll","/products/t5",1,199,199,199
"#3496","2026-06-05 05:00:00","B38-17.1lb/Full Bust: 36.2inch-Yellow Silicone Titjob  Boob Job Breast Sex Titty Fucking Mammary Intercourse Sex Toy","260605",1,379,379,379
"#3348","2026-04-02 13:00:00","P380-3.15lbs Battle of Plants Puffball Mushroom Silicone Mini Anime Hentai Sex Doll| MRL","260409",1,99,99,99
"#3232","2026-01-30 09:00:00","T702- (10.5lb）Realistic Busty BBW Big Boobs Booty torso sexdoll Pocket Pussy Male Masturbator Adult Toy","linkdolls.com",1,149,149,149
"#3439","2026-05-14 03:00:00","Shipping Protection","/unknow",1,23.23,20.9,20.9
"#3368","2026-04-16 11:00:00","F1222-160cm(46kg) I Cup Luna Big Ass Silicone Perky Boobs Sex BBW Sex Dolls｜Irontech Doll","/products/h231-ros-silicone",1,2716,2444.41,2444.41
"#3525","2026-06-15 23:00:00","Shipping Protection","/collections/bbw-sex-doll-torso",1,71.68,71.68,71.68
"#3282","2026-02-27 04:00:00","T666-39.7lbs/83cm Silicone Luxury Super Realistic Life Size Torso Sex Doll And Robots",,1,998,898.2,898.2
"#3203","2026-01-19 16:00:00","Shipping Protection","260122",1,8.05,8.05,8.05
"#3416","2026-05-06 14:00:00","Shipping Protection","linkdolls.com",1,14.98,14.98,14.98
"#3390","2026-04-29 11:00:00","A664-(37.5lb) Silicone Butt Sexy and Real Realistic Huge Ass Sex Doll Torso","260515",1,724,651.61,651.61
"#3336","2026-03-27 06:00:00","A303 11lb Silicone Big Butt Torso – Realistic & Lightweight Big Ass Sex Toy","260403",1,199,199,199
"#3284","2026-02-27 09:00:00","H442 ROS Free Hair Impants Real Oral Movable Jaw Blowjob Silicone Sex Doll Head | SY Doll","/collections/sex-doll-head",1,568,528.24,528.24
"#3417","2026-05-06 18:00:00","F8170-150cm(4.9ft)-27.6kg F Cup R8 Lena Best Silicone Sex Doll With Robot｜Real Lady","xcottonsp",1,5178,4660.2,4660.2
"#3349","2026-04-04 00:00:00","Shipping Protection","/en-ca/collections/boob-job-sex-toys",1,7.15,7.15,7.15
"#3214","2026-01-24 00:00:00","P119-30cm/11.8in 2.5kg Fake Pussy Silicone Anime Hentai Sex Doll｜Doll Castle","260130",1,269,269,269
"#3458","2026-05-22 18:00:00","H144 TPE Sex Doll Head | Irontech Doll Head","xcottonsp",1,374,374,374
"#3198","2026-01-17 16:00:00","Shipping Protection","260122",1,6.85,6.85,6.85
"#3550","2026-06-23 18:00:00","B38-17.1lb/36.2inch Silicone Titty Fuck Sex Toy To Experience Cinnamon | Climax Doll","/collections/boob-job-sex-toys",1,379,379,379
"#3449","2026-05-20 15:00:00","Shipping Protection","/collections/fake-ass-sex-toy",1,11.95,11.95,11.95
"#3151","2026-01-02 22:00:00","A664-(37.5lb) Silicone Butt Sexy and Real Realistic Huge Ass Sex Doll Torso","加热棒润滑液",1,873,873,873
"#3600","2026-07-14 19:00:00","A499-84.92LB BBW Big Booty Sex Doll Torso Silicone | LoveNestle Series","加热棒润滑液",1,1574,1574,1574
"#3491","2026-06-03 23:00:00","A599 (83lb) BBW Sex Doll Torso Big Booty Doggy Style Sucking Doll Biggest Ass Best Sex Torso【IN STOCK US】","加急快递",1,1174,1174,1174
"#3160","2026-01-05 04:00:00","Shipping Protection","260119",1,8.65,8.65,8.65
"#3147","2026-01-01 17:00:00","H823 Silicone Anime Sex Doll Head｜Elsa Babe Head","xcottonsp",1,699,699,699
"#3400","2026-05-02 12:00:00",,"PVC头架",1,69,69,69
"#3511","2026-06-11 08:00:00","A682-(19lb) Bigass Sexdoll Torso TPE 19lb Sucking Vibration Realistic Ass Best Sex Torsos","260612",1,369,369,369
"#3480","2026-05-31 13:00:00","F2580-168cm(5.5ft) 39kg Realistic Sex Doll Emotional Support Companion Silicone｜Real Lady","干燥棒",1,4250,3910,3910
"#3401","2026-05-02 13:00:00","F305-158cm/5ft2(57kg) Aisha E Cup TPE Adult Big Chest BBW Sex Dolls | YL Doll","260522",1,2299,2299,2299
"#3589","2026-07-10 14:00:00","D336(3.3 lbs丨7.5'') Brown Upgraded King Kong Gunner Dildo Male Torso Sex Doll","260713",1,69,69,69
"#3434","2026-05-12 03:00:00","Shipping Protection","/collections/sex-doll-torso-dildo",1,3.25,3.25,3.25
"#3196","2026-01-17 11:00:00","Shipping Protection","xcottonsp",1,6.85,6.37,6.37
"#3344","2026-04-01 01:00:00","Shipping Protection","xcottonsp",1,12.25,12.25,12.25
"#3480","2026-05-31 13:00:00","F2580-168cm(5.5ft) 39kg Realistic Sex Doll Emotional Support Companion Silicone｜Real Lady","衣服",1,4250,3910,3910
"#3362","2026-04-13 06:00:00","Shipping Protection","/collections/life-size-anime-sex-doll",1,49.48,49.48,49.48
"#3186","2026-01-11 19:00:00","T406-7.45lb/30cm-Badonkadonk Papaya Breast Cheap bbw Mini Torso Sex Doll","/products/t406-7-45lb",1,99,99,99
"#3377","2026-04-23 20:00:00","A499-84.92LB BBW Big Booty Sex Doll Torso Silicone | LoveNestle Series","/products/a499-bbw-big-booty-silicone",1,1529,1529,1529
"#3525","2026-06-15 23:00:00","Shipping Protection","送球衣",1,71.68,71.68,71.68
"#3574","2026-07-05 18:00:00","A303 11lb Silicone Big Butt Torso – Realistic & Lightweight Big Ass Sex Toy","/collections/foot-pocket-pussy",1,199,199,199
"#3384","2026-04-27 07:00:00","T660 - 9.35lbs TPR 8.46in Dildo Insert AI Sex Dolls Male Torso Toy & Masturbator【IN Stock US】 | Xinse","260427",1,149,149,149
"#3430","2026-05-11 09:00:00",,"/60719464687/orders",1,268,268,268
"#3319","2026-03-18 10:00:00","A681-(15.5lb)Sexy And Real Realistic Big Ass BBW Chubby Masturbator Cheap Sex Dolls Torso","260319",1,269,269,269
"#3601","2026-07-16 03:00:00","T305-63.93LB Liz Big Boobs Silicone Sex Doll With Mature Curves | LoveNestle Series","260716",1,824,824,824
"#3587","2026-07-10 06:00:00","F2319-163cm(5.3ft) 53kg G Cup Hips Over 140"" ROS Movable Jaw Full Size Sex Dolls Huge Ass Sex Doll丨SY Doll","260713",1,4626,4163.4,4163.4
"#3361","2026-04-12 03:00:00","H001  TPE Oral Sex Doll Head  [IN STOCK USA / EU]丨WM Doll Head","/collections/sex-doll-head",1,497,497,497
"#3356","2026-04-08 23:00:00",,"/unknow",1,1458,1458,1458
"#3223","2026-01-28 02:00:00","A681-(15.5lb)Sexy And Real Realistic Big Ass BBW Chubby Masturbator Cheap Sex Dolls Torso","260130",1,294,294,294
"#3200","2026-01-18 22:00:00","P7071-One Channels Fake Pussy Anime pocket pussy Mini Hentai Cheap Sex Toy | MRL","260124",1,109,109,109
"#3156","2026-01-04 03:00:00","V326 - Trample-Proof TPE Sex Foot Toy for Hardcore Fetish - Size EU 31 US 2","加急快递",1,329,329,329
"#3583","2026-07-07 19:00:00","A260-Lusandy Sex Dolls with Big Asses Silicone 22lb Sexy and Gel Butt Mini Sex Dolls【IN Stock US/EU】","260708",1,599,599,599
"#3189","2026-01-12 18:00:00","T904(9.56lb)  6.88″ Dildo Electric Male Rechargeable Sex Doll  Ass Torso Adult Toys For Female","xcottonsp",1,199,199,199
"#3464","2026-05-24 18:00:00","Shipping Protection","/collections/fake-ass-sex-toy",1,7.45,7.45,7.45
"#3147","2026-01-01 17:00:00","H823 Silicone Anime Sex Doll Head｜Elsa Babe Head","260419",1,699,699,699
"#3264","2026-02-15 14:00:00","T668-(9.6lbs) Mini Realistic Silicone Torso Super Realistic Female","/products/t6443",1,399,367.09,367.09
"#3194","2026-01-15 19:00:00","Shipping Protection","/collections/electric-pocket-pussy",1,4.15,4.15,4.15
"#3236","2026-01-31 21:00:00","P101-4LB Mini Silicone Pocket Pussy Hentai Realistic Bl Anime Sex Toys","260204",1,459,426.88,426.88
"#3176","2026-01-09 11:00:00","A599 (83lb) Coco Realistic TPE Female Mega Big Sex Butts Ebony Chubby BBW","xcottonsp",1,1019,1019,1019
"#3192","2026-01-15 01:00:00","T403-Black(9.92lb) Mini GYATT BBW Thick Realistic small sex doll","/collections/under-100",1,144,144,144
"#3211","2026-01-22 02:00:00","H126 TPE Oral Sex Doll Head 丨WM Doll Head","/products/h073-sex-doll-head",1,378,351.55,351.55
"#3319","2026-03-18 10:00:00","A681-(15.5lb)Sexy And Real Realistic Big Ass BBW Chubby Masturbator Cheap Sex Dolls Torso","/en-ca/collections/silicone-ass",1,269,269,269
"#3231","2026-01-30 06:00:00","Shipping Protection","/collections/torso-dildo",1,5.05,5.05,5.05
"#3275","2026-02-21 07:00:00","T663V-(15.4lb/16.14inch)Lightweight Vibrating & Sucking Sex Doll Torso","260225",1,324,324,324
"#3318","2026-03-18 01:00:00","P370 mia khalifa pocket pussy sex toy for men | jiuai","260320",1,119,107.1,107.1
"#3476","2026-05-29 14:00:00","Shipping Protection","/products/d057-19-69",1,1.75,1.75,1.75
"#3205","2026-01-20 09:00:00","P414 (13.9lb) S2 Silicone Realistic Pocket Pussy Male Masturbator Fake Vagina Sex Toy","260128",1,428,398.04,398.04
"#3381","2026-04-25 00:00:00","T411-50.7lbs/92cm silicone sex dolls Luxury Super Realistic Human Size Best Torso Sexdoll And Robots","xcottonsp",1,1099,989.11,989.11
"#3297","2026-03-04 06:00:00","A682-(19lb) Bigass Sexdoll Torso TPE 19lb Sucking Vibration Realistic Ass Best Sex Torsos","/collections/all",1,369,369,369
"#3561","2026-06-29 01:00:00","A781-17.6lb Silicone Big Butt Torso – Lightweight Realistic Big Ass","260630",1,324,324,324
"#3513","2026-06-12 05:00:00","P116-2.2 lbs Muscle Fake Pussy Realistic Masturbator Mini Hentai Sex Doll Torso | MRL","/linkdolls.com",1,99,99,99
"#3291","2026-02-28 22:00:00","Shipping Protection","脐环",1,55.03,51.17,51.17
"#3149","2026-01-02 00:00:00","Shipping Protection","linkdolls.com",1,14.23,14.23,14.23
"#3208","2026-01-20 22:00:00","Shipping Protection","/collections/fake-ass-sex-toy",1,12.88,12.88,12.88
"#3565","2026-06-30 11:00:00","A210-11.7lb Budget-Friendly Shemale Sex Doll Torso Under $200 - 2026 Best Value","260702",1,199,199,199
"#3221","2026-01-27 06:00:00","A512 (57.32lb) Big Ass Sex Torso Doggy Style 1:1 Life-Sized BBW Big Sex Butts","润滑液",1,619,619,619
"#3463","2026-05-24 05:00:00","Shipping Protection",,1,5.05,5.05,5.05
"#3376","2026-04-23 15:00:00","Shipping Protection","xcottonsp",1,8.05,7.48,7.48
"#3549","2026-06-23 00:00:00","T524(16.8lb)  Charming Abs And Big Hard Cock-Boys/black Ebony male sex doll For Women | xingse","260623",1,249,249,249
"#3505","2026-06-08 19:00:00","F7601-170cm/5ft6 41kg F Cup Huge Breast TPE BBW Sex Doll  [IN STOCK USA]|SY Doll","260622",1,999,899.1,899.1
"#3329","2026-03-23 14:00:00","T732-72.7lbs/101cm Silicone Luxury Super Realistic Life Size Torso Sex Doll With Head and Arm Sex Doll","/collections/sex-doll-head",1,2485,2485,2485
"#3167","2026-01-06 18:00:00","Shipping Protection","xcottonsp",1,8.95,8.32,8.32
"#3149","2026-01-02 00:00:00","A664-(37.5lb) Silicone Butt Sexy and Real Realistic Huge Ass Sex Doll Torso","260113",1,699,699,699
"#3603","2026-07-16 10:00:00","T501(25.3lb/45cm)Best Realistic Best Cheap BBW Torso Sex Dolls |Big Round Ass","260716",1,299,299,299
"#3551","2026-06-23 23:00:00","Shipping Protection","/collections/mini-sex-doll-torso",1,4.15,4.15,4.15
"#3484","2026-06-01 13:00:00","A555-32lbs 32lb Sucking Sex Doll Torso Realistic Ass Robot Vibrating Best Sex Dolls Torso","xcottonsp",1,599,599,599
"#3443","2026-05-15 23:00:00","T588V-16.09lb Sucking Sex Torso TPE Vibration & Auto Clean Sex Doll Torsos","260519",1,265,265,265
"#3170","2026-01-08 09:00:00","Shipping Protection","xcottonsp",1,31.99,28.79,28.79
"#3216","2026-01-25 05:00:00","A295 -Judy Rona Big Butt Torso Silicone Big Ass Sex Toy 26.9lb Realisitc Skin","/collections/fake-ass-sex-toy",1,559,559,559
"#3273","2026-02-19 13:00:00","Shipping Protection","/collections/sex-doll-head",1,14.23,14.23,14.23
"#3152","2026-01-03 04:00:00","H892 Silicone Anime Sex Doll Head｜Elsa Babe Head","/collections/sex-doll-head",1,699,699,699
"#3479","2026-05-31 12:00:00","A418-(8lb) Sexy and Real Fat Lady Ass Realistic Black BBW Ebony Chubby Sex Doll Torso [ In Stock US ]","/collections/black-torso-sex-dolls",1,159,159,159
"#3183","2026-01-11 01:00:00","Shipping Protection","xcottonsp",1,10.15,9.13,9.13
"#3195","2026-01-17 02:00:00","F8117-170cm(5f6)-40kg H Cup big breast TPE Sex Doll | Aibei Doll","linkdolls.com",1,1428,1428,1428
"#3529","2026-06-17 15:00:00","Shipping Protection","加热棒",1,5.95,5.95,5.95
"#3167","2026-01-06 18:00:00","T636 - 33.7 lbs/6.7 ft  Mark Dildo Realistic TPE Male Sex Doll Torso with Big Dick | Tantaly","xcottonsp",1,444,412.93,412.93
"#3237","2026-02-01 15:00:00","T905(9.03lb)  6.69″ Dildo Electric Male Sex Doll Torso Dildo Rechargeable For Female","/collections/sex-doll-torso-dildo",1,199,199,199
"#3409","2026-05-05 11:00:00","A446-10.80LB Naomi Pocket Pussy Big Ass Sex Doll Big Booty Sexdoll | LoveNestle Series","linkdolls.com",1,279,279,279
"#3394","2026-05-01 00:00:00","H701 TPE Oral Sex Doll Head [IN STOCK USA / EU] 丨WM Doll Head","/collections/sex-doll-head",1,378,378,378
"#3294","2026-03-03 03:00:00","H702 ROS Silicone Blowjob Sex Doll Head [IN STOCK USA]｜Zelex Doll Head","260309",1,599,539.1,539.1
"#3389","2026-04-29 07:00:00","H224 ROS Silicone Blowjob Sex Doll Head [IN STOCK USA]丨Galatea Doll Head","260525",1,766,766,766
"#3534","2026-06-18 18:00:00","KA010-PVC Head Stand","/60719464687/orders",1,119,119,119
"#3160","2026-01-05 04:00:00","Shipping Protection","xcottonsp",1,8.65,8.65,8.65
"#3417","2026-05-06 18:00:00","Shipping Protection","加热毯",1,105,94.5,94.5
"#3371","2026-04-19 14:00:00","Shipping Protection","xcottonsp",1,15.73,15.73,15.73
"#3204","2026-01-20 04:00:00","Shipping Protection","260121",1,14.23,14.23,14.23
"#3392","2026-04-30 04:00:00","A599 (83lb) BBW Sex Doll Torso Big Booty Doggy Style Sucking Doll Biggest Ass Best Sex Torso【IN STOCK US】","260504",1,999,899.1,899.1
"#3613","2026-07-19 09:00:00","T232(19.8lb丨21.6'') 8inch Dildo Ladyboy Big Breast  Shemale Torso Sex Doll Huge Dildo",,1,299,278.08,278.08
"#3321","2026-03-18 12:00:00","F5425- Elsa Babe Hentai Anime Waifu Sex Dolls Silicone Head 150cm 27.5kg","260516",1,2627,2627,2627
"#3199","2026-01-18 06:00:00","Shipping Protection","xcottonsp",1,3.25,3.25,3.25
"#3192","2026-01-15 01:00:00","T403-Black(9.92lb) Mini GYATT BBW Thick Realistic small sex doll","260115",1,144,144,144
"#3454","2026-05-21 16:00:00","Shipping Protection","/blogs/dolls-info-qustions/buy-your-sex",1,19.48,19.48,19.48
"#3611","2026-07-19 06:00:00","V332 - Ultra-Soft Silicone Sex Doll Feet with Real Feel Texture for Foot Fetish",,1,269,269,269
"#3188","2026-01-12 11:00:00","A664-(37.5lb) Silicone Butt Sexy and Real Realistic Huge Ass Sex Doll Torso","xcottonsp",1,768,691.21,691.21
"#3306","2026-03-08 12:00:00","Shipping Protection","/collections/all",1,12.88,12.88,12.88
"#3166","2026-01-06 06:00:00","B38-17.1lb/36.2inch Suntan Silicone Sex Doll Huge Tits Sex Torso for Realistic Titjob - Climax Doll","/collections/boob-job-sex-toys",1,379,341.1,341.1
"#3298","2026-03-05 17:00:00","T443-20.94LB Sex Doll Big Boobs Silicone Life-Size Torso | LoveNestle Series","260306",1,544,505.93,505.93
"#3213","2026-01-23 07:00:00","Shipping Protection","xcottonsp",1,8.65,8.65,8.65
"#3428","2026-05-11 06:00:00","T405-15.43lb/47cm-Light weight Realistic Curvy Sex Torso Doll","linkdolls.com",1,199,199,199
"#3510","2026-06-09 19:00:00","Shipping Protection","260612",1,4.15,4.15,4.15
"#3149","2026-01-02 00:00:00","A664-(37.5lb) Silicone Butt Sexy and Real Realistic Huge Ass Sex Doll Torso","加急快递",1,699,699,699
"#3311","2026-03-13 12:00:00","Shipping Protection","/unknow",1,2.65,2.65,2.65
"#3398","2026-05-02 02:00:00","V21 - Foot Fleshlight with Realistic Toes and Deep Pleasure Tunnel  for Foot Fetish Beginners","/collections/vajankle-foot-fetish-toys",1,149,149,149
"#3510","2026-06-09 19:00:00","A303 11lb Silicone Big Butt Torso – Realistic & Lightweight Big Ass Sex Toy","/collections/bbw-sex-doll-torso",1,199,199,199
"#3525","2026-06-15 23:00:00","F4750-161cm(43kg) H Cup Fat Big Ass Silicone Ros BBW Sex Doll toy ｜Starpery Doll","/collections/bbw-sex-doll-torso",1,3497,3497,3497
"#3154","2026-01-03 14:00:00","A681-(15.5lb)Sexy And Real Realistic Big Ass BBW Chubby Masturbator Cheap Sex Dolls Torso","xcottonsp",1,269,269,269
"#3358","2026-04-10 01:00:00","B38-17.1lb/36.2inch Suntan Silicone Sex Doll Huge Tits Sex Torso for Realistic Titjob - Climax Doll","/en-ca/collections/boob-job-sex-toys",1,379,379,379
"#3593","2026-07-12 11:00:00","T665-32lbs/76cm Luxury Silicone Life Sized Best Sex Torso– Robotic & Realistic","260714",1,689,640.77,640.77
"#3203","2026-01-19 16:00:00","B439-BBW Huge E-Cup Ultra-Soft Silicone Sex Doll Titfuck Sex Toy Torso - 15.96LB | LoveNestle","260122",1,399,399,399
"#3152","2026-01-03 04:00:00","Shipping Protection","260124",1,14.23,14.23,14.23
"#3524","2026-06-15 15:00:00","Shipping Protection","260626",1,4.45,4.45,4.45
"#3540","2026-06-20 18:00:00","F9364-167cm(5ft4)-28.5kg B Cup Silicone ROS Christmas Life Sized Sex Doll丨Lusandy doll","海运",1,2669,2402.1,2402.1
"#3212","2026-01-22 04:00:00","A599 (83lb) BBW Sex Doll Torso Big Booty Doggy Style Sucking Doll Biggest Ass Best Sex Torso【IN STOCK US】","xcottonsp",1,1549,1440.58,1440.58
"#3187","2026-01-12 04:00:00","A555-32lbs 32lb Sucking Sex Doll Torso Realistic Ass Robot Vibrating Best Sex Dolls Torso","/unknow",1,599,539.11,539.11
"#3335","2026-03-27 04:00:00","T665-32lbs/76cm Luxury Silicone Life Sized Best Sex Torso– Robotic & Realistic","linkdolls.com",1,689,620.1,620.1
"#3178","2026-01-10 11:00:00","f9257- 160cm(5ft3)-35kg E Cup Silicone Female Sex Doll丨Doll senior","加热棒",1,1004,1004,1004
"#3562","2026-06-29 02:00:00","Shipping Protection","260629",1,9.85,9.85,9.85
"#3429","2026-05-11 07:00:00","H426 ROS Free Hair Impants  Real Oral Movable Jaw Silicone Sex Doll Head   | SY Doll","260519",1,499,449.1,449.1
"#3445","2026-05-18 04:00:00","Shipping Protection","/products/a664-37",1,14.23,12.8,12.8
"#3406","2026-05-05 07:00:00","T904(9.56lb)  6.88″ Dildo Electric Male Rechargeable Sex Doll  Ass Torso Adult Toys For Female","xcottonsp",1,199,199,199
"#3219","2026-01-27 01:00:00","A943-23.8lb 7.9inch Huge Penis Dildo Femboy TPE Cheap Male Sex Doll Torso | qita doll","260130",1,399,359.11,359.11
"#3344","2026-04-01 01:00:00","Shipping Protection","260401",1,12.25,12.25,12.25
"#3242","2026-02-03 06:00:00","Shipping Protection","/collections/all",1,16.48,14.83,14.83
"#3182","2026-01-10 23:00:00","Shipping Protection","润滑液",1,4.45,4.13,4.13
"#3197","2026-01-17 11:00:00","Shipping Protection","260121",1,3.55,3.55,3.55
"#3449","2026-05-20 15:00:00","A295 -Judy Rona Big Butt Torso Silicone Big Ass Sex Toy 26.9lb Realisitc Skin","xcottonsp",1,584,584,584
"#3262","2026-02-12 22:00:00","F3476-161cm(5f3)-47kg  D Cup Chubby  Silicone Head Sex Doll | Aibei Doll","xcottonsp",1,2953,2953,2953
"#3210","2026-01-21 19:00:00","T293-30.9lbs/72cm Super Realistic Luxury Silicone Life Size Sex Doll Torso","/collections/judy-rona-doll",1,599,539.1,539.1
"#3251","2026-02-08 02:00:00","F5998-175cm/5ft9-49kg Full Size ROS Head Silicone Male Sex Doll For Women With Hair Transplant | Qita doll","xcottonsp",1,2299,2299,2299
"#3332","2026-03-25 04:00:00","P101-4LB Mini Silicone Pocket Pussy Hentai Realistic Bl Anime Sex Toys","260407",1,459,459,459
"#3164","2026-01-05 22:00:00","B33-(18.8lb) Big Breast  & Vagina Huge Tits Sex Soft Gel Boobs Male Masturbator","/collections/boob-job-sex-toys",1,288,288,288
"#3258","2026-02-12 10:00:00","Shipping Protection","加急快递",1,12.25,12.25,12.25
"#3467","2026-05-25 22:00:00","T637 – 36.4 lbs Mark PRO TPE Male Sex Doll Torso with Removable Silicone Dildo -3 Sizes Available | Tantaly","/collections/sex-doll-torso-dildo",1,489,440.1,440.1
"#3418","2026-05-07 01:00:00","A681-(15.5lb)Sexy And Real Realistic Big Ass BBW Chubby Masturbator Cheap Sex Dolls Torso","260508",1,269,242.1,242.1
"#3454","2026-05-21 16:00:00","Shipping Protection","xcottonsp",1,19.48,19.48,19.48
"#3408","2026-05-05 09:00:00","H027 TPE Oral Blowjob Sex Doll Head [IN STOCK USA / EU]丨WM Doll Head","xcottonsp",1,299,299,299
"#3247","2026-02-06 16:00:00","Shipping Protection","260206",1,31.63,28.46,28.46
"#3451","2026-05-21 06:00:00","A302-(21.4lb) Silicone Realistic Big Ass Torso with Long Waist","260615",1,499,449.1,449.1
"#3199","2026-01-18 06:00:00","A418-(8lb) Sexy and Real Fat Lady Ass Realistic Black BBW Ebony Chubby Sex Doll Torso [ In Stock US ]","/products/a418-8lb-sexy",1,159,159,159
"#3261","2026-02-12 21:00:00","Shipping Protection","xcottonsp",1,6.25,6.25,6.25
"#3345","2026-04-01 07:00:00","T522 (5lbs)Petite Sex Doll Fake Pussy Best Cheap small sex doll Male Sex Toy 100% Genuine","/collections/full-doll",1,88,88,88
"#3198","2026-01-17 16:00:00","T903(17.63lb)  6.69″ Automatic Thrusting Male Sex Doll with Multi-Speed Vibration and Big Dick","xcottonsp",1,339,339,339
"#3246","2026-02-06 11:00:00","T690-(86lb)Suntan Mega TPE Gel Chest BBW Sex Doll Torso With Huge Breasts【IN STOCK US/ EU】｜Climax Doll","260206",1,899,899,899
"#3234","2026-01-31 11:00:00","Shipping Protection","260203",1,6.85,6.85,6.85
"#3168","2026-01-07 07:00:00","Shipping Protection","/collections/fake-pussy-fake-vagina",1,1.45,1.45,1.45
"#3158","2026-01-04 05:00:00","P72-8.82lb 6.5/5.5inch Dildo Diphallia Futanari  Double Penis Sex Doll Torso | MRL","xcottonsp",1,198,198,198
"#3256","2026-02-09 21:00:00","A664-(37.5lb) Silicone Butt Sexy and Real Realistic Huge Ass Sex Doll Torso","260304",1,788,788,788
"#3213","2026-01-23 07:00:00","T704(11.46lb)  Lifelike Big Penis Male Sex Doll Torso Dildo Adult Toys With 5.9″ Dildo for Female Masturbation | xingse","260130",1,189,189,189
"#3595","2026-07-13 00:00:00","H658 Thick Big Lips Silicone ROS Blowjob Sex Doll Head 丨Doll Castle Head","/products/h658",1,749,749,749
"#3538","2026-06-19 16:00:00","T417-25.35lb/63cm-Big Boobs Round Ass Realistic Curves Torso Sexdoll","260623",1,359,323.1,323.1
"#3150","2026-01-02 14:00:00","P79-8.95LB Hentai Mammary Intercourse Best Mini BBW Torso Sex Doll Anime | MRL","润滑液",1,208,193.44,193.44
"#3559","2026-06-27 19:00:00","F9406-163cm/5ft4-39kg Silicone Anime Hentai Sex Toy Female Sex Doll | Elsa Babe","/unknow",1,2769,2436.72,2436.72
"#3504","2026-06-08 08:00:00","A316-17.4lbs Silicone Big Ass BBW Sex Doll Thick Torso【IN Stock US/EU】 | MRL","/collections/silicone-ass",1,549,549,549
"#3478","2026-05-30 02:00:00","B439-BBW Huge E-Cup Ultra-Soft Silicone Sex Doll Titfuck Sex Toy Torso - 15.96LB | LoveNestle","/products/b439-ultra-soft-",1,399,399,399
"#3183","2026-01-11 01:00:00","Shipping Protection","/products/f1445a-163cm",1,10.15,9.13,9.13
"#3288","2026-02-28 07:00:00","H121 TPE Oral Blowjob Sex Doll Head 丨WM Doll Head","260313",1,299,299,299
"#3337","2026-03-27 09:00:00","Shipping Protection","linkdolls.com",1,26.53,26.53,26.53
"#3328","2026-03-23 09:00:00","Shipping Protection","/collections/angel-kiss-doll",1,44.38,39.94,39.94
"#3208","2026-01-20 22:00:00","A358-(27.5lb) Big Butt BBW Black Sex Doll Torso Realistic with Gel Butt - Climax Doll","260203",1,544,544,544
"#3174","2026-01-09 01:00:00","Shipping Protection","260109",1,8.05,8.05,8.05
"#3357","2026-04-09 00:00:00","F5554-160cm/5ft2-36kg  Anime Life Size Silicone Sex Doll | Elsa Babe","260523",1,2815,2533.5,2533.5
"#3163","2026-01-05 11:00:00","H435 ROS Free Hair Impants  Real Oral Movable Jaw Silicone Sex Doll Head   | SY Doll","头架",1,835,751.51,751.51
"#3569","2026-07-03 02:00:00","Shipping Protection","260706",1,2.65,2.65,2.65
"#3603","2026-07-16 10:00:00","T501(25.3lb/45cm)Best Realistic Best Cheap BBW Torso Sex Dolls |Big Round Ass","/linkdolls.com",1,299,299,299
"#3176","2026-01-09 11:00:00","Shipping Protection","加急快递",1,20.98,20.98,20.98
"#3521","2026-06-14 17:00:00","T401-23.36lb/52cm-Big Boobs Round Ass Realistic Curves Sextorso","xcottonsp",1,269,269,269
"#3524","2026-06-15 15:00:00","B36-7.5lb/Full Bust: 24inch-Cinnamon Silicone Breast Sex Titty Fucking Mammary Intercourse Sex Toy Titjob Boob Job","260626",1,219,219,219
"#3311","2026-03-13 12:00:00","Shipping Protection","润滑剂",1,2.65,2.65,2.65
"#3564","2026-06-30 00:00:00","A316-17.4lbs Silicone Big Ass BBW Sex Doll Thick Torso【IN Stock US/EU】 | MRL","/collections/bbw-sex-doll-torso",1,549,549,549
"#3208","2026-01-20 22:00:00","A358-(27.5lb) Big Butt BBW Black Sex Doll Torso Realistic with Gel Butt - Climax Doll","干燥棒",1,544,544,544
"#3163","2026-01-05 11:00:00","H435 ROS Free Hair Impants  Real Oral Movable Jaw Silicone Sex Doll Head   | SY Doll","260119",1,835,751.51,751.51
"#3215","2026-01-24 21:00:00","V332 - Ultra-Soft Silicone Sex Doll Feet with Real Feel Texture for Foot Fetish","/en-fi/collections/vajankle-foot",1,273.9,273.9,273.9
"#3424","2026-05-10 07:00:00","Shipping Protection","/en-ca",1,2.05,2.05,2.05
"#3329","2026-03-23 14:00:00","Shipping Protection","/collections/sex-doll-head",1,55.03,55.03,55.03
"#3244","2026-02-05 22:00:00","P80-4.6kg Megumi Futanari Shemale Sex Doll Torso with 11"" Horse Dildo & 3 Channels | Mrl","260207",1,198,198,198
"#3286","2026-02-27 13:00:00","A664-(37.5lb) Silicone Butt Sexy and Real Realistic Huge Ass Sex Doll Torso","linkdolls.com",1,719,719,719
"#3449","2026-05-20 15:00:00","Shipping Protection","xcottonsp",1,11.95,11.95,11.95
"#3242","2026-02-03 06:00:00","Shipping Protection","260204",1,16.48,14.83,14.83
"#3373","2026-04-20 04:00:00","H213 ROS Silicone Sex Doll Head [IN STOCK USA]丨Galatea Doll Head","头架",1,864,864,864
"#3459","2026-05-23 01:00:00","A547 (2.4lb)Miniest Realistic Fake Butt mini torso sex doll For Man 100% Genuine","260526",1,69,69,69
"#3490","2026-06-03 19:00:00","T267-17.6lbs Realistic Adult Black Ebony Best Cheap Male Sex Torso | QSX","260605",1,259,259,259
"#3220","2026-01-27 03:00:00","T276-36.38lbs/80cm Lightweight Life-Size Sex Doll Torso | Climax Doll","260205",1,984,984,984
"#3349","2026-04-04 00:00:00","B38-17.1lb/36.2inch Suntan Silicone Sex Doll Huge Tits Sex Torso for Realistic Titjob - Climax Doll","260408",1,379,379,379
"#3284","2026-02-27 09:00:00","H442 ROS Free Hair Impants Real Oral Movable Jaw Blowjob Silicone Sex Doll Head | SY Doll","260318",1,568,528.24,528.24
"#3307","2026-03-09 14:00:00","P57-(4.4lb)TPE Large Stimulating Realistic Pocket Pussy","/collections/fake-pussy-fake-vagina",1,149,149,149
"#3268","2026-02-17 04:00:00","B439-BBW Huge E-Cup Ultra-Soft Silicone Sex Doll Titfuck Sex Toy Torso - 15.96LB | LoveNestle","/collections/boob-job-sex-toys",1,399,399,399
"#3174","2026-01-09 01:00:00","Shipping Protection","/collections/robotic-sex-doll",1,8.05,8.05,8.05
"#3311","2026-03-13 12:00:00","P83-2.87lb 5.5inch Dildo Bbw Hentai Transgender Best Mini Male Futa Torso Sex Doll | MRL","260316",1,129,129,129
"#3414","2026-05-06 08:00:00","A664-(37.5lb) Silicone Butt Sexy and Real Realistic Huge Ass Sex Doll Torso","/unknow",1,699,699,699
"#3431","2026-05-11 10:00:00","B38-17.1lb/36.2inch Silicone Titty Fuck Sex Toy To Experience Cinnamon | Climax Doll","260526",1,379,379,379
"#3163","2026-01-05 11:00:00","H435 ROS Free Hair Impants  Real Oral Movable Jaw Silicone Sex Doll Head   | SY Doll","xcottonsp",1,835,751.51,751.51
"#3559","2026-06-27 19:00:00","F9406-163cm/5ft4-39kg Silicone Anime Hentai Sex Toy Female Sex Doll | Elsa Babe","送20克染色膏",1,2769,2436.72,2436.72
"#3524","2026-06-15 15:00:00","B36-7.5lb/Full Bust: 24inch-Cinnamon Silicone Breast Sex Titty Fucking Mammary Intercourse Sex Toy Titjob Boob Job","/unknow",1,219,219,219
"#3478","2026-05-30 02:00:00","Shipping Protection","xcottonsp",1,8.05,8.05,8.05
"#3526","2026-06-16 10:00:00","T593 - 48.5 lbs Black Realistic Sex Doll Torso | Flat-Chested Small Breasts Design | Climax Doll","/collections/climax-doll",1,799,799,799
"#3604","2026-07-17 01:00:00","T524(16.8lb)  Charming Abs And Big Hard Cock-Boys/black Ebony male sex doll For Women | xingse",,1,249,249,249
"#3494","2026-06-04 16:00:00","H101 ELF FantasyTPE Sex Doll Head 丨WM Doll Head","260626",1,447,447,447
"#3378","2026-04-24 02:00:00","T663V-(15.4lb/16.14inch)Lightweight Vibrating & Sucking Sex Doll Torso","260427",1,279,279,279
"#3417","2026-05-06 18:00:00","Shipping Protection","xcottonsp",1,105,94.5,94.5
"#3532","2026-06-18 12:00:00","A664-(37.5lb) Silicone Butt Sexy and Real Realistic Huge Ass Sex Doll Torso","xcottonsp",1,788,788,788
"#3600","2026-07-14 19:00:00","A499-84.92LB BBW Big Booty Sex Doll Torso Silicone | LoveNestle Series","/products/a499-bbw-big-booty-silicone",1,1574,1574,1574
"#3229","2026-01-29 18:00:00","T205-BBW Sex Doll Torso TPE Mini Sex Dolls  41.22lb|53cm Curvy Fat Belly","加热棒",1,624,561.61,561.61
"#3226","2026-01-29 03:00:00","T267-17.6lbs Realistic Adult Black Ebony Best Cheap Male Sex Torso | QSX","260130",1,259,259,259
"#3237","2026-02-01 15:00:00","T905(9.03lb)  6.69″ Dildo Electric Male Sex Doll Torso Dildo Rechargeable For Female","260205",1,199,199,199
"#3458","2026-05-22 18:00:00","H144 TPE Sex Doll Head | Irontech Doll Head","260610",1,374,374,374
"#3164","2026-01-05 22:00:00","Shipping Protection","/collections/boob-job-sex-toys",1,5.95,5.95,5.95
"#3526","2026-06-16 10:00:00","T593 - 48.5 lbs Black Realistic Sex Doll Torso | Flat-Chested Small Breasts Design | Climax Doll","260702",1,799,799,799
"#3314","2026-03-15 20:00:00","A512 (57.32lb) Big Ass Sex Torso Doggy Style 1:1 Life-Sized BBW Big Sex Butts","260318",1,599,599,599
"#3300","2026-03-06 08:00:00","Shipping Protection","260306",1,4.15,4.15,4.15
"#3236","2026-01-31 21:00:00","P101-4LB Mini Silicone Pocket Pussy Hentai Realistic Bl Anime Sex Toys","xcottonsp",1,459,426.88,426.88
"#3396","2026-05-01 12:00:00","Shipping Protection","blogs/dolls-info-qustions/budget-under",1,3.55,3.55,3.55
"#3264","2026-02-15 14:00:00","Shipping Protection","/products/t6443",1,8.05,7.4,7.4
"#3506","2026-06-08 22:00:00","A512 (57.32lb) Big Ass Sex Torso Doggy Style 1:1 Life-Sized BBW Big Sex Butts","/linkdolls.com",1,599,599,599
"#3158","2026-01-04 05:00:00","P72-8.82lb 6.5/5.5inch Dildo Diphallia Futanari  Double Penis Sex Doll Torso | MRL","260106",1,198,198,198
"#3383","2026-04-26 23:00:00","H894 Silicone Anime Sex Doll Head｜Elsa Babe Head","260526",1,699,699,699
"#3321","2026-03-18 12:00:00","F5425- Elsa Babe Hentai Anime Waifu Sex Dolls Silicone Head 150cm 27.5kg","/collections/life-size-anime-sex-doll",1,2627,2627,2627
"#3525","2026-06-15 23:00:00","F4750-161cm(43kg) H Cup Fat Big Ass Silicone Ros BBW Sex Doll toy ｜Starpery Doll","xcottonsp",1,3497,3497,3497
"#3210","2026-01-21 19:00:00","T293-30.9lbs/72cm Super Realistic Luxury Silicone Life Size Sex Doll Torso","260122",1,599,539.1,539.1
"#3292","2026-03-01 17:00:00","A660-Big Booty Sex Torso Realistic Big Ass Silicone 25lb Big Booty Sex Dolls Torso Ass","/products/a323-32-lbs",1,699,650.07,650.07
"#3229","2026-01-29 18:00:00","T205-BBW Sex Doll Torso TPE Mini Sex Dolls  41.22lb|53cm Curvy Fat Belly","linkdolls.com",1,624,561.61,561.61
"#3185","2026-01-11 08:00:00","Shipping Protection","xcottonsp",1,1.45,1.45,1.45
"#3301","2026-03-06 11:00:00","T285k-103cm/3ft5″ J-Cup Natural Nadia Voss.A Silicone Sex Doll Torso With Head【IN Stock US/EU】｜SE Doll","/products/t285k-103cm",1,1249,1249,1249
"#3401","2026-05-02 13:00:00","Shipping Protection","260522",1,46.93,46.93,46.93
"#3591","2026-07-11 01:00:00","Shipping Protection","260713",1,14.23,14.23,14.23
"#3528","2026-06-17 14:00:00","Shipping Protection","/en-ca/collections/celebrity-sex-doll",1,19.48,19.48,19.48
"#3196","2026-01-17 11:00:00","Shipping Protection","260120",1,6.85,6.37,6.37
"#3525","2026-06-15 23:00:00","Shipping Protection","xcottonsp",1,71.68,71.68,71.68
"#3399","2026-05-02 06:00:00","F6209—172cm/5.6ft-37.5kg A Cup Realistic Flat Chest Sex Doll - TOP-CYDOLL","260525",1,1729,1607.98,1607.98
"#3381","2026-04-25 00:00:00","Shipping Protection","260513",1,22.48,20.23,20.23
"#3417","2026-05-06 18:00:00","F8170-150cm(4.9ft)-27.6kg F Cup R8 Lena Best Silicone Sex Doll With Robot｜Real Lady","260602",1,5178,4660.2,4660.2
"#3201","2026-01-19 10:00:00","B38-17.1lb/Full Bust: 36.2inch-Black Ebony Silicone Breast Sex Toys Fucking Mammary Intercourse","xcottonsp",1,379,379,379
"#3163","2026-01-05 11:00:00","H435 ROS Free Hair Impants  Real Oral Movable Jaw Silicone Sex Doll Head   | SY Doll","/collections/sex-doll-head",1,835,751.51,751.51
"#3532","2026-06-18 12:00:00","A664-(37.5lb) Silicone Butt Sexy and Real Realistic Huge Ass Sex Doll Torso","260625",1,788,788,788
"#3205","2026-01-20 09:00:00","P414 (13.9lb) S2 Silicone Realistic Pocket Pussy Male Masturbator Fake Vagina Sex Toy","/unknow",1,428,398.04,398.04
"#3197","2026-01-17 11:00:00","Shipping Protection","/collections/all",1,3.55,3.55,3.55
"#3374","2026-04-20 05:00:00","T589-(20.67lb)Discreet Sex Torso With Vibratiing Automatic Sucking Vibrating Sex Doll Pocket Pussy","260424",1,299,299,299
"#3516","2026-06-12 17:00:00",,"/checkouts/do/",1,270,270,270
"#3251","2026-02-08 02:00:00","Shipping Protection","xcottonsp",1,46.93,46.93,46.93
"#3373","2026-04-20 04:00:00","H213 ROS Silicone Sex Doll Head [IN STOCK USA]丨Galatea Doll Head","260530",1,864,864,864
"#3374","2026-04-20 05:00:00","T589-(20.67lb)Discreet Sex Torso With Vibratiing Automatic Sucking Vibrating Sex Doll Pocket Pussy","linkdolls.com",1,299,299,299
"#3460","2026-05-23 03:00:00","T609-48.06LB Diana Realistic Masturbator Pornstar Sex Doll丨Tantaly","/collections/full-doll",1,599,599,599
"#3192","2026-01-15 01:00:00","T403-Black(9.92lb) Mini GYATT BBW Thick Realistic small sex doll","xcottonsp",1,144,144,144
"#3342","2026-03-30 22:00:00","Shipping Protection","260409",1,10.15,10.15,10.15
"#3396","2026-05-01 12:00:00","Shipping Protection","260504",1,3.55,3.55,3.55
"#3431","2026-05-11 10:00:00","Shipping Protection","/unknow",1,7.75,7.75,7.75
"#3587","2026-07-10 06:00:00","F2319-163cm(5.3ft) 53kg G Cup Hips Over 140"" ROS Movable Jaw Full Size Sex Dolls Huge Ass Sex Doll丨SY Doll","/products/f2319a",1,4626,4163.4,4163.4
"#3528","2026-06-17 14:00:00","F2463-163cm(5.3ft)-40kg C Cup Sydney Realistic Silicone Head Famous Sex Doll【IN STOCK US/EU】｜Sigafun Doll","xcottonsp",1,968,968,968
"#3208","2026-01-20 22:00:00","KT001-Reusable Drying Rod","xcottonsp",1,99,99,99
"#3286","2026-02-27 13:00:00","A664-(37.5lb) Silicone Butt Sexy and Real Realistic Huge Ass Sex Doll Torso","润滑液",1,719,719,719
"#3536","2026-06-19 04:00:00","H378 ROS Silicone Sex Doll Head丨Galatea Doll Head",,1,697,697,697
"#3187","2026-01-12 04:00:00","Shipping Protection","xcottonsp",1,12.25,11.02,11.02
"#3336","2026-03-27 06:00:00","A303 11lb Silicone Big Butt Torso – Realistic & Lightweight Big Ass Sex Toy","/collections/sex-doll-torso",1,199,199,199
"#3147","2026-01-01 17:00:00","H823 Silicone Anime Sex Doll Head｜Elsa Babe Head","/collections/anime-sex-doll",1,699,699,699
"#3546","2026-06-22 07:00:00","T501-Black(25.3lb) Big Ass BBW Ebony Sex Doll Torso Realistic, Full Breasts & Hips","/collections/big-ass-sex-doll-torso",1,309,278.1,278.1
"#3469","2026-05-27 11:00:00","T717-44lb/25.2in BBW Silicone Sex Torso Papaya Breast Gel Boobs & Ass","260602",1,949,759.2,759.2
"#3510","2026-06-09 19:00:00","Shipping Protection","/collections/bbw-sex-doll-torso",1,4.15,4.15,4.15
"#3253","2026-02-08 14:00:00","F4918-150cm(4ft9)-26.2kg B Cup Small Breast TPE Sex Doll | Aibei Doll",,1,999,999,999
"#3229","2026-01-29 18:00:00","T205-BBW Sex Doll Torso TPE Mini Sex Dolls  41.22lb|53cm Curvy Fat Belly","260202",1,624,561.61,561.61
"#3427","2026-05-10 15:00:00","D570 (7.4'') Sex Toys Cheap Male trans torso TPE Auto Vibrating Dildo-Large Size","260516",1,79,79,79
"#3290","2026-02-28 15:00:00","T509 (37.5lb) Realistic Lifesize Sex Doll Torso｜Half Body","260311",1,499,499,499
"#3293","2026-03-01 19:00:00","A682-(19lb) Bigass Sexdoll Torso TPE 19lb Sucking Vibration Realistic Ass Best Sex Torsos","linkdolls.com",1,369,369,369
"#3148","2026-01-01 22:00:00","Shipping Protection","/collections/vajankle-foot-fetish-toys",1,6.85,6.85,6.85
"#3454","2026-05-21 16:00:00","Shipping Protection","260526",1,19.48,19.48,19.48
"#3309","2026-03-12 15:00:00","L425(48.5lb/117cm) Silicone Leg and Foot Worship Model for Femdom and Trampling Roleplay | Judy Rona","/collections/sex-doll-feet",1,899,899,899
"#3181","2026-01-10 22:00:00","Shipping Protection","/products/h232-ros-silicone",1,12.88,11.59,11.59
"#3372","2026-04-19 14:00:00","T295 - 67.24 lbs Phoebe ROS Silicone BBW Sex Dolls Torso with Head sex with sexual doll[In Stock USA& Europe] | MAX  Series","linkdolls.com",1,1299,1195.08,1195.08
"#3438","2026-05-14 01:00:00","B41 - 22.7 lbs Silicone Big Sex Breast Masturbator | Breast Sex Toys For Titjob & Bust Play","加急快递",1,749,749,749
"#3258","2026-02-12 10:00:00","Shipping Protection","/collections/bbw-sex-doll-torso",1,12.25,12.25,12.25
"#3403","2026-05-04 07:00:00","A303 11lb Silicone Big Butt Torso – Realistic & Lightweight Big Ass Sex Toy","xcottonsp",1,199,199,199
"#3411","2026-05-05 20:00:00","A311-17.4lb Silicone Big Butt Torso – Extended Thighs, Mid-Thigh Length & Realistic Design","快递加急",1,449,449,449
"#3404","2026-05-04 11:00:00","A805-8.5lb Realistic & Lightweight Big Ass Toy Silicone Butt Torso","260521",1,179,179,179
"#3391","2026-04-29 20:00:00",,"linkdolls.com",1,69,69,69
"#3256","2026-02-09 21:00:00","A664-(37.5lb) Silicone Butt Sexy and Real Realistic Huge Ass Sex Doll Torso","xcottonsp",1,788,788,788
"#3224","2026-01-28 13:00:00","Shipping Protection","xcottonsp",1,5.95,5.95,5.95
"#3342","2026-03-30 22:00:00","Shipping Protection","/unknow",1,10.15,10.15,10.15
"#3568","2026-07-01 10:00:00","T405-15.43lb/47cm-Light weight Realistic Curvy Sex Torso Doll","润滑液",1,219,197.1,197.1
"#3326","2026-03-23 05:00:00","T521 (5.38lb)Fleshlight Cheap Life Like Sex Doll｜ Male Masturbator For Man","260327",1,99,99,99
"#3432","2026-05-11 17:00:00","T202（12.9lb|31cm) Mona BBW Fat Belly Lady Torso Black bbw sex doll torso【IN STOCK USA】","260514",1,199,199,199
"#3524","2026-06-15 15:00:00","B36-7.5lb/Full Bust: 24inch-Cinnamon Silicone Breast Sex Titty Fucking Mammary Intercourse Sex Toy Titjob Boob Job","xcottonsp",1,219,219,219
"#3184","2026-01-11 08:00:00","Shipping Protection","xcottonsp",1,4.15,4.15,4.15
"#3253","2026-02-08 14:00:00","Shipping Protection",,1,20.23,20.23,20.23
"#3288","2026-02-28 07:00:00","Shipping Protection","/unknow",1,6.25,6.25,6.25
"#3377","2026-04-23 20:00:00","Shipping Protection","xcottonsp",1,31.63,31.63,31.63
"#3178","2026-01-10 11:00:00","Shipping Protection","xcottonsp",1,20.23,20.23,20.23
"#3238","2026-02-01 23:00:00","H1029  Silicone Sex Doll Head丨Aibei Doll Head","260207",1,597,597,597
"#3477","2026-05-30 01:00:00","A458-43.43LB Gina 1:1 Life Size Doggy Style Big Ass Silicone sex torso | LoveNestle Series","260602",1,689,689,689
"#3424","2026-05-10 07:00:00","T403-Black(9.92lb) Mini GYATT BBW Thick Realistic small sex doll","260515",1,99,99,99
"#3200","2026-01-18 22:00:00","Shipping Protection","xcottonsp",1,2.35,2.35,2.35
"#3153","2026-01-03 05:00:00","Shipping Protection","PVC头架",1,10.45,10.45,10.45
"#3541","2026-06-20 23:00:00","Shipping Protection","加热棒",1,8.65,8.65,8.65
"#3377","2026-04-23 20:00:00","A499-84.92LB BBW Big Booty Sex Doll Torso Silicone | LoveNestle Series","xcottonsp",1,1529,1529,1529
"#3248","2026-02-07 11:00:00","T424-48.5lbs/93cm silicone doll sex Super Realistic Human Size Luxury Torso Sex Dolls And Robots","linkdolls.com",1,1137,1137,1137
"#3225","2026-01-29 03:00:00","F4918-150cm(4ft9)-26.2kg B Cup Small Breast TPE Sex Doll | Aibei Doll","260203",1,1208,1208,1208
"#3156","2026-01-04 03:00:00","Shipping Protection","260110",1,6.85,6.85,6.85
"#3188","2026-01-12 11:00:00","A664-(37.5lb) Silicone Butt Sexy and Real Realistic Huge Ass Sex Doll Torso","260121",1,768,691.21,691.21
"#3369","2026-04-18 08:00:00","A561-(33lb)Lifelike Ass Sex Toy|Luxury TPE Ass Torso BBW Sex Doll Nude","260428",1,399,371.07,371.07
"#3382","2026-04-26 09:00:00","P323 lana rhoades electric pocket pussy sex toy for men | jiuai","260429",1,139,139,139
"#3163","2026-01-05 11:00:00","Shipping Protection","头架",1,17.23,15.5,15.5
"#3219","2026-01-27 01:00:00","Shipping Protection","/unknow",1,8.05,7.24,7.24
"#3408","2026-05-05 09:00:00","H027 TPE Oral Blowjob Sex Doll Head [IN STOCK USA / EU]丨WM Doll Head","/collections/sex-doll-head",1,299,299,299
"#3389","2026-04-29 07:00:00","H224 ROS Silicone Blowjob Sex Doll Head [IN STOCK USA]丨Galatea Doll Head","/collections/sex-doll-head",1,766,766,766
"#3203","2026-01-19 16:00:00","Shipping Protection","linkdolls.com",1,8.05,8.05,8.05
"#3493","2026-06-04 05:00:00","T522 (5lbs)Petite Sex Doll Fake Pussy Best Cheap small sex doll Male Sex Toy 100% Genuine","260608",1,88,88,88
"#3170","2026-01-08 09:00:00","H523 Mini Anime Silicone Sex Doll Head｜Elsa Babe Head","/en-ca/products/h952",1,677.9,610.12,610.12
"#3271","2026-02-18 12:00:00","A537-(7.05lb)Big ass torso sex with sex doll 3 functions:Sucking&Vibration&Exhaust","260225",1,260,260,260
"#3473","2026-05-28 09:00:00","Shipping Protection","260608",1,23.98,23.98,23.98
"#3311","2026-03-13 12:00:00","P83-2.87lb 5.5inch Dildo Bbw Hentai Transgender Best Mini Male Futa Torso Sex Doll | MRL","xcottonsp",1,129,129,129
"#3305","2026-03-07 13:00:00","T702- (10.5lb）Realistic Busty BBW Big Boobs Booty torso sexdoll Pocket Pussy Male Masturbator Adult Toy","260310",1,149,149,149
"#3275","2026-02-21 07:00:00","T663V-(15.4lb/16.14inch)Lightweight Vibrating & Sucking Sex Doll Torso","/unknow",1,324,324,324
"#3248","2026-02-07 11:00:00","T424-48.5lbs/93cm silicone doll sex Super Realistic Human Size Luxury Torso Sex Dolls And Robots","加热棒",1,1137,1137,1137
"#3446","2026-05-18 22:00:00","D336(3.3 lbs丨7.5'') Brown Upgraded King Kong Gunner Dildo Male Torso Sex Doll","260520",1,69,69,69
"#3217","2026-01-25 21:00:00","Shipping Protection","260129",1,11.65,11.65,11.65
"#3340","2026-03-29 17:00:00","T659 - 4.6 lbs Realistic Dildo For Silicone Sex Doll Torso Toy Male Masturbator | Judy Rona","260408",1,218,218,218
"#3454","2026-05-21 16:00:00","Shipping Protection","260609",1,19.48,19.48,19.48
"#3243","2026-02-03 07:00:00","A684-(41.8lb)Big Booty Sex Dolls Torso Realistic ssbbwsex","xcottonsp",1,579,579,579
"#3302","2026-03-06 21:00:00","A599 (83lb) BBW Sex Doll Torso Big Booty Doggy Style Sucking Doll Biggest Ass Best Sex Torso【IN STOCK US】","linkdolls.com",1,999,999,999
"#3158","2026-01-04 05:00:00","Shipping Protection","260106",1,4.15,4.15,4.15
"#3473","2026-05-28 09:00:00","Shipping Protection","xcottonsp",1,23.98,23.98,23.98
"#3159","2026-01-04 07:00:00","Shipping Protection","xcottonsp",1,60.58,60.58,60.58
"#3204","2026-01-20 04:00:00","Shipping Protection","xcottonsp",1,14.23,14.23,14.23
"#3502","2026-06-07 18:00:00","T502-21lb/53cm-Realisitc Torso Sexdoll Big Boobs Round Ass","260609",1,284,284,284
"#3284","2026-02-27 09:00:00","H442 ROS Free Hair Impants Real Oral Movable Jaw Blowjob Silicone Sex Doll Head | SY Doll","PVC头架",1,568,528.24,528.24
"#3317","2026-03-18 00:00:00","H125 Thick Big Lips TPE Oral Blowjob Sex Doll Head 丨WM Doll Head","/collections/fantasy-sex-doll-heads",1,299,299,299
"#3231","2026-01-30 06:00:00","T524(16.8lb)  Charming Abs And Big Hard Cock-Boys/black Ebony male sex doll For Women | xingse","/collections/torso-dildo",1,249,249,249
"#3158","2026-01-04 05:00:00","P72-8.82lb 6.5/5.5inch Dildo Diphallia Futanari  Double Penis Sex Doll Torso | MRL","/unknow",1,198,198,198
"#3250","2026-02-07 19:00:00","T507V- (70.54lb) LifeSize Vibrating & Sucking Best Robot Sex Doll Torso ｜Luxury Sexiest Stripper Plump Hot Sex Toy for Man","/collections/vibrating-sex-doll-torso",1,899,836.08,836.08
"#3578","2026-07-06 22:00:00","P672-Vibrating Buttocks Sex Doll – Automatic Sucking Vibrating Pocket Pussy, Doggy Style 7.9lbs","/de/collections/electric-pocket-pussy",1,149,149,149
"#3372","2026-04-19 14:00:00","T295 - 67.24 lbs Phoebe ROS Silicone BBW Sex Dolls Torso with Head sex with sexual doll[In Stock USA& Europe] | MAX  Series","260424",1,1299,1195.08,1195.08
"#3515","2026-06-12 11:00:00","P122-Realistic Silicone Pocket Pussies – Lifelike Details & Real Feel| Judy Rona","260615",1,89,89,89
"#3365","2026-04-15 05:00:00","T665-32lbs/76cm Luxury Silicone Life Sized Best Sex Torso– Robotic & Realistic","260423",1,917,825.3,825.3
"#3174","2026-01-09 01:00:00","B439-BBW Huge E-Cup Ultra-Soft Silicone Sex Doll Titfuck Sex Toy Torso - 15.96LB | LoveNestle","/collections/robotic-sex-doll",1,399,399,399
"#3379","2026-04-24 04:00:00","T406-7.45lb/30cm-Badonkadonk Papaya Breast Cheap bbw Mini Torso Sex Doll","/collections/full-doll",1,99,99,99
"#3211","2026-01-22 02:00:00","Shipping Protection","/products/h073-sex-doll-head",1,7.75,7.2,7.2
"#3528","2026-06-17 14:00:00","F2463-163cm(5.3ft)-40kg C Cup Sydney Realistic Silicone Head Famous Sex Doll【IN STOCK US/EU】｜Sigafun Doll","260624",1,968,968,968
"#3301","2026-03-06 11:00:00","T285k-103cm/3ft5″ J-Cup Natural Nadia Voss.A Silicone Sex Doll Torso With Head【IN Stock US/EU】｜SE Doll","260310",1,1249,1249,1249
"#3386","2026-04-27 20:00:00","A312-12lb, 18cm (7.1"") 2026 Premium Soft Silicone Male Torso Dildo for Women & All Genders | Judy Rona","/collections/all",1,269,269,269
"#3310","2026-03-12 15:00:00",,"#3309订单补充",1,76.57,76.57,76.57
"#3557","2026-06-26 18:00:00","H858 Silicone Anime Sex Doll Head｜Elsa Babe Head","加急快递",1,898,898,898
"#3177","2026-01-10 02:00:00","T904(9.56lb)  6.88″ Dildo Electric Male Rechargeable Sex Doll  Ass Torso Adult Toys For Female","/collections/shemale-sex-toy",1,199,179.11,179.11
"#3223","2026-01-28 02:00:00","Shipping Protection","加热棒",1,5.95,5.95,5.95
"#3335","2026-03-27 04:00:00","T665-32lbs/76cm Luxury Silicone Life Sized Best Sex Torso– Robotic & Realistic","260330",1,689,620.1,620.1
"#3522","2026-06-14 21:00:00","F110-165cm -37kg Realistic Asian TPE Cute Femboy Sex Doll for Companionship-Qita Doll","/collections/femboys-sex-doll",1,1849,1849,1849
"#3359","2026-04-10 20:00:00","D409(1.4 LBS丨8.86"") Realistic Doggy Dildo Doll with Thick Knot & Veins - Medical Grade Silicone Beast Toy",,1,149,134.1,134.1
"#3342","2026-03-30 22:00:00","H404 ROS Free Hair Impants  Real Oral Movable Jaw Silicone Sex Doll Head   | SY Doll","xcottonsp",1,499,499,499
"#3172","2026-01-09 00:00:00","F8045-150cm/5ft-27.5kg Silicone  Anime Hentai Sex Doll | Elsa Babe","/unknow",1,2458,2212.2,2212.2
"#3377","2026-04-23 20:00:00","A499-84.92LB BBW Big Booty Sex Doll Torso Silicone | LoveNestle Series","260424",1,1529,1529,1529
"#3216","2026-01-25 05:00:00","A295 -Judy Rona Big Butt Torso Silicone Big Ass Sex Toy 26.9lb Realisitc Skin","xcottonsp",1,559,559,559
"#3550","2026-06-23 18:00:00","B38-17.1lb/36.2inch Silicone Titty Fuck Sex Toy To Experience Cinnamon | Climax Doll","260706",1,379,379,379
"#3188","2026-01-12 11:00:00","Shipping Protection","/collections/full-doll",1,15.73,14.15,14.15
"#3390","2026-04-29 11:00:00","A664-(37.5lb) Silicone Butt Sexy and Real Realistic Huge Ass Sex Doll Torso","xcottonsp",1,724,651.61,651.61
"#3230","2026-01-30 03:00:00","Shipping Protection","/collections/judy-rona-doll",1,17.23,17.23,17.23
"#3267","2026-02-17 02:00:00","Shipping Protection","260307",1,10.15,10.15,10.15
"#3249","2026-02-07 15:00:00","Shipping Protection","/collections/tayuta",1,5.05,4.54,4.54
"#3415","2026-05-06 10:00:00","P7071-One Channels Fake Pussy Anime pocket pussy Mini Hentai Cheap Sex Toy | MRL","/products/p77-hentai-sex-toy-mrl",1,303,303,303
"#3229","2026-01-29 18:00:00","T205-BBW Sex Doll Torso TPE Mini Sex Dolls  41.22lb|53cm Curvy Fat Belly","xcottonsp",1,624,561.61,561.61
"#3162","2026-01-05 08:00:00","Shipping Protection","xcottonsp",1,5.05,5.05,5.05
"#3154","2026-01-03 14:00:00","Shipping Protection","260105",1,5.65,5.65,5.65
"#3557","2026-06-26 18:00:00","H858 Silicone Anime Sex Doll Head｜Elsa Babe Head","260718",1,898,898,898
"#3190","2026-01-13 20:00:00","Shipping Protection","260119",1,3.85,3.85,3.85
"#3423","2026-05-10 03:00:00","H442 ROS Free Hair Impants Real Oral Movable Jaw Blowjob Silicone Sex Doll Head | SY Doll","260516",1,499,499,499
"#3274","2026-02-20 18:00:00","A418-(8lb) Sexy and Real Fat Lady Ass Realistic Black BBW Ebony Chubby Sex Doll Torso [ In Stock US ]","260225",1,179,179,179
"#3204","2026-01-20 04:00:00","Shipping Protection","/checkouts/cn/hWN7",1,14.23,14.23,14.23
"#3559","2026-06-27 19:00:00","Shipping Protection","送20克染色膏",1,60.58,60.58,60.58
"#3198","2026-01-17 16:00:00","T903(17.63lb)  6.69″ Automatic Thrusting Male Sex Doll with Multi-Speed Vibration and Big Dick","260122",1,339,339,339
"#3403","2026-05-04 07:00:00","A303 11lb Silicone Big Butt Torso – Realistic & Lightweight Big Ass Sex Toy","linkdolls.com",1,199,199,199
"#3153","2026-01-03 05:00:00","H130 TPE Oral Blowjob Sex Doll Head  [IN STOCK USA / EU]丨WM Doll Head","/collections/vajankle-foot-fetish-toys",1,516,516,516
"#3398","2026-05-02 02:00:00","V21 - Foot Fleshlight with Realistic Toes and Deep Pleasure Tunnel  for Foot Fetish Beginners","260511",1,149,149,149
"#3211","2026-01-22 02:00:00","Shipping Protection","xcottonsp",1,7.75,7.2,7.2
"#3298","2026-03-05 17:00:00","Shipping Protection","/en-ca/products/f9270",1,11.05,10.27,10.27
"#3558","2026-06-27 16:00:00","T403-Black(9.92lb) Mini GYATT BBW Thick Realistic small sex doll","/products/yeloly-ssbbw",1,99,91.08,91.08
"#3177","2026-01-10 02:00:00","Shipping Protection","/collections/shemale-sex-toy",1,4.15,3.73,3.73
"#3563","2026-06-29 13:00:00","F9302-150cm/4ft9-41kg B Cup ROS Silicone Head Shemale Fuck Doll｜Doll Castle","260718",1,1599,1599,1599
"#3527","2026-06-16 13:00:00","T276-36.38lbs/80cm Lightweight Life-Size Sex Doll Torso | Climax Doll","260702",1,959,959,959
"#3193","2026-01-15 03:00:00","Shipping Protection","/collections/anime-sex-doll",1,5.35,5.35,5.35
"#3545","2026-06-22 06:00:00","Shipping Protection","xcottonsp",1,5.65,5.65,5.65
"#3197","2026-01-17 11:00:00","Shipping Protection","xcottonsp",1,3.55,3.55,3.55
"#3365","2026-04-15 05:00:00","T665-32lbs/76cm Luxury Silicone Life Sized Best Sex Torso– Robotic & Realistic","linkdolls.com",1,917,825.3,825.3
"#3525","2026-06-15 23:00:00","Shipping Protection","260711",1,71.68,71.68,71.68
"#3465","2026-05-25 02:00:00","H027 TPE Oral Blowjob Sex Doll Head [IN STOCK USA / EU]丨WM Doll Head","/collections/sex-doll-head",1,428,428,428
"#3415","2026-05-06 10:00:00","P7071-One Channels Fake Pussy Anime pocket pussy Mini Hentai Cheap Sex Toy | MRL","260509",1,303,303,303
"#3273","2026-02-19 13:00:00","Shipping Protection","xcottonsp",1,14.23,14.23,14.23
"#3222","2026-01-27 14:00:00","A684-(41.8lb)Big Booty Sex Dolls Torso Realistic ssbbwsex","/checkouts/cn/hWN8",1,559,503.1,503.1
"#3298","2026-03-05 17:00:00","T443-20.94LB Sex Doll Big Boobs Silicone Life-Size Torso | LoveNestle Series","加热棒润滑液",1,544,505.93,505.93
"#3192","2026-01-15 01:00:00","Shipping Protection","加热棒润滑液",1,2.95,2.95,2.95
"#3599","2026-07-14 09:00:00","T588V-16.09lb Sucking Sex Torso TPE Vibration & Auto Clean Sex Doll Torsos","/linkdolls.com",1,265,265,265
"#3190","2026-01-13 20:00:00","Shipping Protection","xcottonsp",1,3.85,3.85,3.85
"#3154","2026-01-03 14:00:00","A681-(15.5lb)Sexy And Real Realistic Big Ass BBW Chubby Masturbator Cheap Sex Dolls Torso","/collections/all",1,269,269,269
"#3170","2026-01-08 09:00:00","H877 Silicone Anime Sex Doll Head｜Elsa Babe Head","260206",1,787.9,709.11,709.11
"#3338","2026-03-28 18:00:00","A499-84.92LB BBW Big Booty Sex Doll Torso Silicone | LoveNestle Series","260330",1,1529,1529,1529
"#3250","2026-02-07 19:00:00","T507V- (70.54lb) LifeSize Vibrating & Sucking Best Robot Sex Doll Torso ｜Luxury Sexiest Stripper Plump Hot Sex Toy for Man","xcottonsp",1,899,836.08,836.08
"#3255","2026-02-09 18:00:00","T660 - 9.35lbs TPR 8.46in Dildo Insert AI Sex Dolls Male Torso Toy & Masturbator【IN Stock US】 | Xinse","260303",1,149,149,149
"#3223","2026-01-28 02:00:00","Shipping Protection","/unknow",1,5.95,5.95,5.95
"#3259","2026-02-12 14:00:00","Shipping Protection","xcottonsp",1,2.05,2.05,2.05
"#3507","2026-06-09 03:00:00","A805-8.5lb Realistic & Lightweight Big Ass Toy Silicone Butt Torso","260611",1,179,179,179
"#3396","2026-05-01 12:00:00","T26-(8.8lb)Big Boobs Cheap Sex Doll Torso｜Mini Size-Easy to carry","260504",1,169,169,169
"#3272","2026-02-19 06:00:00","H125 Thick Big Lips TPE Oral Blowjob Sex Doll Head 丨WM Doll Head","260318",1,299,299,299
"#3471","2026-05-27 15:00:00","H442 ROS Free Hair Impants Real Oral Movable Jaw Blowjob Silicone Sex Doll Head | SY Doll","/unknow",1,668,668,668
"#3298","2026-03-05 17:00:00","Shipping Protection","加热棒润滑液",1,11.05,10.27,10.27
"#3227","2026-01-29 05:00:00",,"/60719464687/orders",1,38,38,38
"#3148","2026-01-01 22:00:00","Shipping Protection","260114",1,6.85,6.85,6.85
"#3227","2026-01-29 05:00:00",,"配件",1,38,38,38
"#3201","2026-01-19 10:00:00","Shipping Protection","260203",1,7.75,7.75,7.75
"#3182","2026-01-10 23:00:00","T942-8.4lb 7.9inch Huge Penis Dildo Femboy TPE Cheap male sex dolls Torso | qita doll","xcottonsp",1,219,203.68,203.68
"#3361","2026-04-12 03:00:00","H001  TPE Oral Sex Doll Head  [IN STOCK USA / EU]丨WM Doll Head","PVC头架",1,497,497,497
"#3401","2026-05-02 13:00:00","F305-158cm/5ft2(57kg) Aisha E Cup TPE Adult Big Chest BBW Sex Dolls | YL Doll","xcottonsp",1,2299,2299,2299
"#3390","2026-04-29 11:00:00","Shipping Protection","260515",1,14.98,13.48,13.48
"#3535","2026-06-18 23:00:00","V23 - Under200 Cheap TPE Vajancle Sex Doll Feet Masturbator for Men","/ja/collections/foot-toy",1,179,179,179
"#3613","2026-07-19 09:00:00","Shipping Protection",,1,6.25,5.81,5.81
"#3291","2026-02-28 22:00:00","F5425- Elsa Babe Hentai Anime Waifu Sex Dolls Silicone Head 150cm 27.5kg","260416",1,2746,2553.79,2553.79
"#3168","2026-01-07 07:00:00","P32-Authentic Feeling Fake Vagina Insert Cheap pocket pussy 100% Genuine","/collections/fake-pussy-fake-vagina",1,69,69,69
"#3362","2026-04-13 06:00:00","F5425- Elsa Babe Hentai Anime Waifu Sex Dolls Silicone Head 150cm 27.5kg","/collections/life-size-anime-sex-doll",1,2453,2453,2453
"#3196","2026-01-17 11:00:00","T407-25.35lb/63cm-Black Big Boobs Round Ass Realistic Curves Sex Doll Torsos","xcottonsp",1,339,315.28,315.28
"#3389","2026-04-29 07:00:00","H224 ROS Silicone Blowjob Sex Doll Head [IN STOCK USA]丨Galatea Doll Head","xcottonsp",1,766,766,766
"#3514","2026-06-12 07:00:00","L307(35lb/88cm) Sexy Silicone Sex Doll Legs Robot Woman Toy Sex | SY Doll","/cart",1,949,854.1,854.1
"#3441","2026-05-15 14:00:00","Shipping Protection","/unknow",1,41.83,38.9,38.9
"#3192","2026-01-15 01:00:00","Shipping Protection","/collections/under-100",1,2.95,2.95,2.95
"#3162","2026-01-05 08:00:00","V636 - Vajankle Foot Fetish Toys & Female Feet","/collections/vajankle-foot-fetish-toys",1,239,239,239
"#3321","2026-03-18 12:00:00",,"/collections/life-size-anime-sex-doll",0,0,0,0
"#3317","2026-03-18 00:00:00",,"/collections/fantasy-sex-doll-heads",0,0,0,0
"#3395","2026-05-01 12:00:00",,"加急快递",0,0,0,0
"#3200","2026-01-18 22:00:00",,"xcottonsp",0,0,0,0
"#3283","2026-02-27 06:00:00",,"260228",0,0,0,0
"#3242","2026-02-03 06:00:00",,"xcottonsp",0,0,0,0
"#3178","2026-01-10 11:00:00",,"加热棒",0,0,0,0
"#3115","2026-01-05 10:00:00",,"/products/35cm-sexy-ass-sex-doll",0,0,-60,-60
"#3211","2026-01-22 02:00:00",,"xcottonsp",0,0,0,0
"#3437","2026-05-13 23:00:00",,"/collections/sex-doll-torso",0,0,0,0
"#3316","2026-03-17 18:00:00",,"260318",0,0,0,0
"#3586","2026-07-10 04:00:00",,"加热棒润滑液",0,0,0,0
"#3446","2026-05-18 22:00:00",,"260520",0,0,0,0
"#3585","2026-07-08 12:00:00",,"xcottonsp",0,0,0,0
"#3409","2026-06-01 00:00:00",,"linkdolls.com",0,0,-20,-20
"#3579","2026-07-07 03:00:00",,"260710",0,0,0,39
"#3177","2026-01-10 02:00:00",,"/collections/shemale-sex-toy",0,0,0,0
"#3571","2026-07-04 01:00:00",,"加热毯",0,0,0,0
"#3536","2026-06-19 04:00:00",,,0,0,0,0
"#3305","2026-03-07 13:00:00",,"/collections/bbw-sex-doll-torso",0,0,0,0
"#3497","2026-06-05 15:00:00",,"PVC头架",0,0,0,0
"#3571","2026-07-04 01:00:00",,"/linkdolls.com",0,0,0,0
"#3470","2026-05-27 11:00:00",,"/pages/best-sex-doll-promotions",0,0,0,0
"#3363","2026-04-13 21:00:00",,"260419",0,0,0,0
"#3453","2026-05-21 10:00:00",,"260523",0,0,0,0
"#3215","2026-01-24 21:00:00",,"xcottonsp",0,0,0,0
"#3469","2026-05-27 11:00:00",,"260602",0,0,0,0
"#3322","2026-03-18 23:00:00",,"260321",0,0,0,0
"#3238","2026-02-01 23:00:00",,"260207",0,0,0,0
"#3241","2026-02-03 03:00:00",,"260228",0,0,0,109
"#3386","2026-04-27 20:00:00",,"/collections/all",0,0,0,0
"#3250","2026-02-07 19:00:00",,"xcottonsp",0,0,0,0
"#3317","2026-03-18 00:00:00",,"260403",0,0,0,0
"#3461","2026-05-28 10:00:00",,"/collections/full-doll",0,0,-181,-181
"#3594","2026-07-12 19:00:00",,"260717",0,0,0,0
"#3585","2026-07-08 12:00:00",,"260709",0,0,0,0
"#3536","2026-06-20 20:00:00",,,0,0,0,0
"#3586","2026-07-10 04:00:00",,"xcottonsp",0,0,0,0
"#3370","2026-04-18 16:00:00",,"/collections/shemale-sex-doll-torso-1",0,0,0,0
"#3262","2026-02-12 22:00:00",,"260311",0,0,0,0
"#3220","2026-01-27 03:00:00",,"260205",0,0,0,0
"#3463","2026-05-25 22:00:00","Shipping Protection",,0,0,-5.05,-5.05
"#3465","2026-05-25 02:00:00",,"加急快递",0,0,0,0
"#3336","2026-03-27 06:00:00",,"xcottonsp",0,0,0,0
"#3448","2026-05-19 20:00:00",,"/en-ca",0,0,0,0
"#3462","2026-05-23 12:00:00",,"/en-ca/search",0,0,0,0
"#3448","2026-05-19 20:00:00",,"260523",0,0,0,0
"#3313","2026-03-14 21:00:00",,"/collections/electric-sex-doll-head",0,0,0,0
"#3504","2026-06-08 08:00:00",,"/collections/silicone-ass",0,0,0,0
"#3550","2026-06-23 18:00:00",,"/collections/boob-job-sex-toys",0,0,0,0
"#3219","2026-02-02 16:00:00",,"加急快递",0,0,-25,-25
"#3361","2026-04-12 03:00:00",,"260427",0,0,0,0
"#3312","2026-04-18 18:00:00",,"260403",0,0,-10,-10
"#3444","2026-05-16 03:00:00",,"/products/f8106-168cm",0,0,0,0
"#3486","2026-06-01 22:00:00",,"/en-fi",0,0,0,0
"#3469","2026-05-27 11:00:00",,"/en-ca",0,0,0,0
"#3173","2026-01-09 20:00:00",,"/unknow",0,0,-179.1,-179.1
"#3164","2026-01-05 22:00:00",,"/collections/boob-job-sex-toys",0,0,0,0
"#3228","2026-01-29 18:00:00",,"260202",0,0,0,0
"#3188","2026-01-12 11:00:00",,"/collections/full-doll",0,0,0,0
"#3325","2026-03-22 20:00:00",,"260328",0,0,0,0
"#3291","2026-02-28 22:00:00",,"脐环",0,0,0,0
"#3229","2026-01-29 18:00:00",,"加热棒",0,0,0,0
"#3192","2026-01-15 01:00:00",,"加热棒润滑液",0,0,0,0
"#3447","2026-05-19 06:00:00",,"/collections/all",0,0,0,0
"#3154","2026-01-03 14:00:00",,"260105",0,0,0,0
"#3390","2026-04-29 11:00:00",,"260430",0,0,0,0
"#3258","2026-02-12 10:00:00",,"xcottonsp",0,0,0,0
"#3183","2026-01-11 01:00:00",,"xcottonsp",0,0,0,0
"#3478","2026-05-30 02:00:00",,"/products/b439-ultra-soft-",0,0,0,0
"#3221","2026-01-27 06:00:00",,"260127",0,0,0,0
"#3498","2026-06-06 03:00:00",,"/collections/sex-doll-torso",0,0,0,0
"#3208","2026-01-20 22:00:00",,"260203",0,0,0,0
"#3562","2026-06-29 02:00:00",,"xcottonsp",0,0,0,0
"#3281","2026-03-01 00:00:00","A599 (83lb) BBW Sex Doll Torso Big Booty Doggy Style Sucking Doll Biggest Ass Best Sex Torso【IN STOCK US】","/collections/shemale-sex-doll-torso-1",0,0,-999,-999
"#3152","2026-01-03 04:00:00",,"/collections/sex-doll-head",0,0,0,0
"#3371","2026-04-19 14:00:00",,"xcottonsp",0,0,0,0
"#3339","2026-03-29 11:00:00",,"/collections/all",0,0,0,0
"#3277","2026-02-23 10:00:00",,"linkdolls.com",0,0,0,0
"#3565","2026-06-30 11:00:00",,"260702",0,0,0,0
"#3162","2026-01-05 08:00:00",,"260110",0,0,0,0
"#3184","2026-01-11 08:00:00",,"/collections/sex-doll-torso-dildo",0,0,0,0
"#3359","2026-04-15 09:00:00",,,0,0,0,0
"#3304","2026-03-07 05:00:00",,"260311",0,0,0,0
"#3390","2026-04-29 11:00:00",,"260515",0,0,0,0
"#3454","2026-05-26 21:00:00",,"/blogs/dolls-info-qustions/buy-your-sex",0,0,0,0
"#3374","2026-04-20 05:00:00",,"260424",0,0,0,0
"#3218","2026-01-26 22:00:00",,"linkdolls.com",0,0,0,0
"#3251","2026-02-08 02:00:00",,"linkdolls.com",0,0,0,0
"#3521","2026-06-14 17:00:00",,"xcottonsp",0,0,0,0
"#3413","2026-05-06 02:00:00",,"260506",0,0,0,0
"#3190","2026-01-13 20:00:00",,"/collections/vajankle-foot-fetish-toys",0,0,0,0
"#3551","2026-06-23 23:00:00",,"260626",0,0,0,0
"#3224","2026-01-28 13:00:00",,"xcottonsp",0,0,0,0
"#3532","2026-06-18 12:00:00",,"xcottonsp",0,0,0,0
"#3199","2026-01-18 06:00:00",,"xcottonsp",0,0,0,0
"#3181","2026-01-10 22:00:00",,"/products/h232-ros-silicone",0,0,0,0
"#3581","2026-07-07 11:00:00",,"260708",0,0,0,0
"#3219","2026-02-02 16:00:00",,"260130",0,0,-25,-25
"#3506","2026-06-08 22:00:00",,"260610",0,0,0,0
"#3223","2026-01-28 02:00:00",,"/unknow",0,0,0,0
"#3276","2026-02-26 09:00:00","Shipping Protection","/products/t6-luxury-realistic",0,0,-13.48,-13.48
"#3535","2026-06-18 23:00:00",,"/ja/collections/foot-toy",0,0,0,0
"#3477","2026-05-30 01:00:00",,"/linkdolls.com",0,0,0,0
"#3520","2026-06-14 06:00:00",,"/collections/sex-doll-torso-dildo",0,0,0,0
"#3511","2026-06-11 08:00:00",,"/en-ca/products/a682",0,0,0,0
"#3471","2026-06-02 13:00:00","H442 ROS Free Hair Impants Real Oral Movable Jaw Blowjob Silicone Sex Doll Head | SY Doll","/unknow",0,0,-668,-668
"#3398","2026-05-02 02:00:00",,"260511",0,0,0,0
"#3401","2026-05-02 13:00:00",,"260522",0,0,0,0
"#3223","2026-01-28 23:00:00",,"/unknow",0,0,-51.9,-51.9
"#3251","2026-02-08 02:00:00",,"xcottonsp",0,0,0,0
"#3471","2026-05-27 15:00:00",,"/unknow",0,0,0,0
"#3212","2026-01-22 04:00:00",,"xcottonsp",0,0,0,0
"#3351","2026-04-05 00:00:00",,,0,0,0,0
"#3576","2026-07-06 15:00:00",,"260708",0,0,0,0
"#3258","2026-02-12 10:00:00",,"加急快递",0,0,0,0
"#3510","2026-06-09 19:00:00",,"xcottonsp",0,0,0,0
"#3280","2026-02-25 12:00:00",,"/checkouts/cn/hWN9B5",0,0,0,0
"#3294","2026-03-03 03:00:00",,"/pages/sy-rotating-tongue",0,0,0,0
"#3248","2026-02-07 11:00:00",,"加热棒",0,0,0,0
"#3480","2026-05-31 13:00:00",,"260704",0,0,0,0
"#3206","2026-01-20 10:00:00",,"/collections/sex-doll-torso",0,0,0,0
"#3246","2026-02-06 11:00:00",,"260206",0,0,0,0
"#3296","2026-03-04 12:00:00","A664-(37.5lb) Silicone Butt Sexy and Real Realistic Huge Ass Sex Doll Torso",,0,0,-744,-744
"#3524","2026-06-15 15:00:00",,"260626",0,0,0,0
"#3323","2026-03-20 00:00:00",,"260323",0,0,0,69
"#3157","2026-01-04 05:00:00",,"xcottonsp",0,0,0,0
"#3576","2026-07-06 15:00:00",,"/products/sigafun-f728",0,0,0,0
"#3173","2026-01-09 00:00:00",,"260210",0,0,0,0
"#3255","2026-02-09 18:00:00",,"/unknow",0,0,0,0
"#3176","2026-01-09 11:00:00",,"/unknow",0,0,0,0
"#3438","2026-05-14 01:00:00",,"260521",0,0,0,0
"#3439","2026-05-20 19:00:00","Shipping Protection","护理粉",0,0,-20.9,-20.9
"#3214","2026-01-24 00:00:00",,"xcottonsp",0,0,0,0
"#3328","2026-03-23 09:00:00",,"/collections/angel-kiss-doll",0,0,-50,-50
"#3497","2026-06-05 15:00:00",,"/collections/sex-doll-head",0,0,0,0
"#3163","2026-01-05 11:00:00",,"xcottonsp",0,0,0,0
"#3367","2026-04-16 10:00:00",,"/collections/sex-doll-torso",0,0,0,0
"#3306","2026-03-09 11:00:00","Shipping Protection","/collections/all",0,0,-12.88,-12.88
"#3185","2026-01-11 08:00:00",,"xcottonsp",0,0,0,0
"#3027","2026-02-08 00:00:00",,"xcottonsp",0,0,-70,-70
"#3578","2026-07-06 22:00:00",,"/de/collections/electric-pocket-pussy",0,0,0,0
"#3533","2026-06-18 14:00:00",,"260622",0,0,0,0
"#3530","2026-06-18 01:00:00",,"/collections/fake-pussy-hentai-sex-doll",0,0,0,0
"#3350","2026-04-04 23:00:00",,,0,0,0,0
"#3295","2026-03-03 09:00:00",,"260329",0,0,0,0
"#3306","2026-03-08 12:00:00",,"/collections/all",0,0,0,0
"#3147","2026-01-01 17:00:00",,"/collections/anime-sex-doll",0,0,0,0
"#3162","2026-01-05 08:00:00",,"/collections/vajankle-foot-fetish-toys",0,0,0,0
"#3557","2026-06-26 18:00:00",,"260718",0,0,0,0
"#3388","2026-04-29 05:00:00",,"内衣",0,0,0,0
"#3347","2026-04-02 01:00:00",,"260516",0,0,0,0
"#3235","2026-01-31 15:00:00",,"260203",0,0,0,0
"#3333","2026-03-26 12:00:00",,"/collections/fake-pussy-fake-vagina",0,0,0,0
"#3435","2026-05-12 23:00:00",,"linkdolls.com",0,0,0,0
"#3231","2026-01-30 06:00:00",,"/collections/torso-dildo",0,0,0,39
"#3600","2026-07-14 19:00:00",,"加热棒润滑液",0,0,0,0
"#3316","2026-03-17 18:00:00",,"/products/t667-20-3lbs",0,0,0,0
"#3454","2026-05-21 16:00:00",,"260609",0,0,0,0
"#3193","2026-01-15 03:00:00",,"/collections/anime-sex-doll",0,0,0,0
"#3256","2026-02-09 21:00:00",,"linkdolls.com",0,0,0,0
"#3570","2026-07-03 09:00:00",,"/linkdolls.com",0,0,0,0
"#3244","2026-02-05 22:00:00",,"/collections/futa-sex-doll",0,0,0,0
"#3163","2026-01-05 11:00:00",,"260119",0,0,0,0
"#3492","2026-06-05 19:00:00","P73-6.39lb  BBW Cowgirl Busty Big Ass Silicone Fake Sex Toys Pussy | MRL",,0,0,-148,-148
"#3289","2026-02-28 10:00:00",,"赠加热棒",0,0,0,0
"#3208","2026-01-20 22:00:00",,"加热棒润滑液",0,0,0,0
"#3545","2026-06-22 06:00:00",,"/collections/vajankle-foot-fetish-toys",0,0,0,0
"#3159","2026-01-04 07:00:00",,"/collections/doll-castle",0,0,0,0
"#3193","2026-01-15 03:00:00",,"xcottonsp",0,0,0,0
"#3527","2026-06-16 13:00:00",,"260702",0,0,0,0
"#3385","2026-04-27 15:00:00",,"/products/a555-32-1lbbbw-big-ass",0,0,0,0
"#3395","2026-05-01 12:00:00",,"260522",0,0,0,0
"#3350","2026-04-04 22:00:00",,,0,0,0,0
"#3244","2026-02-28 16:00:00",,"/collections/futa-sex-doll",0,0,-20.2,-20.2
"#3152","2026-01-03 04:00:00",,"xcottonsp",0,0,0,0
"#3291","2026-02-28 22:00:00",,"xcottonsp",0,0,0,0
"#3482","2026-06-02 13:00:00","H416 ROS Free Hair Impants  Real Oral Movable Jaw Silicone Sex Doll Head   | SY Doll","/cart",0,0,-767,-767
"#3533","2026-06-18 14:00:00",,"/unknow",0,0,0,0
"#3237","2026-02-01 15:00:00",,"xcottonsp",0,0,0,0
"#3491","2026-06-03 23:00:00",,"加急快递",0,0,0,0
"#3345","2026-04-01 07:00:00",,"260401",0,0,0,0
"#3151","2026-01-05 10:00:00",,"加热棒润滑液",0,0,-174,-174
"#3417","2026-05-06 18:00:00",,"260602",0,0,0,0
"#3476","2026-05-29 14:00:00",,"/products/d057-19-69",0,0,0,0
"#3417","2026-05-06 18:00:00",,"xcottonsp",0,0,0,0
"#3209","2026-01-21 08:00:00",,"260124",0,0,0,0
"#3518","2026-06-13 18:00:00",,"260618",0,0,0,0
"#3225","2026-01-29 03:00:00",,"260203",0,0,0,0
"#3177","2026-01-10 02:00:00",,"260113",0,0,0,0
"#3429","2026-05-11 07:00:00",,"/unknow",0,0,0,0
"#3547","2026-06-22 20:00:00",,"260624",0,0,0,0
"#3489","2026-06-03 14:00:00",,"260608",0,0,0,0
"#3215","2026-01-24 21:00:00",,"260130",0,0,0,0
"#3262","2026-02-12 22:00:00",,"内衣",0,0,0,0
"#3178","2026-01-10 11:00:00",,"260112",0,0,0,0
"#3560","2026-06-28 04:00:00",,"加热棒润滑液",0,0,0,0
"#3151","2026-01-02 22:00:00",,"260105",0,0,0,0
"#3301","2026-03-06 11:00:00",,"260310",0,0,0,0
"#3577","2026-07-06 16:00:00",,"/unknow",0,0,0,0
"#3199","2026-01-18 06:00:00",,"/products/a418-8lb-sexy",0,0,0,0
"#3600","2026-07-14 19:00:00",,"/products/a499-bbw-big-booty-silicone",0,0,0,0
"#3228","2026-01-29 18:00:00",,"/collections/anime-pocket-pussy",0,0,0,0
"#3304","2026-03-07 05:00:00",,"/en-ca/collections/pocket-pussy",0,0,0,0
"#3278","2026-02-24 01:00:00",,"加热棒",0,0,0,0
"#3276","2026-02-26 09:00:00",,"/products/t6-luxury-realistic",0,0,0,0
"#3450","2026-05-21 01:00:00",,"/de/collections/huge-breast-torso",0,0,0,0
"#3568","2026-07-01 10:00:00",,"260706",0,0,0,0
"#3461","2026-05-23 06:00:00",,"/collections/full-doll",0,0,0,0
"#3521","2026-06-14 17:00:00",,"/collections/life-sized-sex-doll",0,0,0,0
"#3517","2026-06-13 09:00:00",,,0,0,0,0
"#3285","2026-02-27 11:00:00",,"260302",0,0,0,0
"#3514","2026-06-12 07:00:00",,"260707",0,0,0,0
"#3346","2026-04-01 21:00:00",,"过期订单",0,0,0,0
"#3335","2026-03-27 04:00:00",,"260330",0,0,0,0
"#3174","2026-01-09 01:00:00",,"xcottonsp",0,0,0,0
"#3173","2026-01-09 00:00:00",,"/unknow",0,0,0,0
"#3445","2026-05-18 04:00:00",,"xcottonsp",0,0,0,0
"#3494","2026-06-04 16:00:00",,"260626",0,0,0,0
"#3309","2026-03-12 15:00:00",,"/collections/sex-doll-feet",0,0,0,0
"#3458","2026-05-22 18:00:00",,"/collections/sex-doll-head",0,0,0,0
"#3176","2026-01-09 11:00:00",,"260117",0,0,0,0
"#3432","2026-05-11 17:00:00",,"260514",0,0,0,0
"#3157","2026-01-04 05:00:00",,"/checkouts/cn/hWN4x",0,0,0,0
"#3277","2026-02-23 10:00:00",,"260226",0,0,0,0
"#3233","2026-01-31 02:00:00",,"xcottonsp",0,0,0,0
"#3371","2026-04-19 14:00:00",,"260427",0,0,0,0
"#3366","2026-04-15 06:00:00",,"/collections/full-doll",0,0,0,0
"#3380","2026-04-24 10:00:00",,"260427",0,0,0,0
"#3311","2026-03-13 12:00:00",,"260316",0,0,0,0
"#3443","2026-05-15 23:00:00",,"/unknow",0,0,0,0
"#3461","2026-05-23 06:00:00",,"260528",0,0,0,0
"#3464","2026-05-24 18:00:00",,"xcottonsp",0,0,0,0
"#3563","2026-06-29 13:00:00",,"/collections/femboys-sex-doll",0,0,0,0
"#3196","2026-01-17 11:00:00",,"xcottonsp",0,0,0,0
"#3211","2026-01-22 02:00:00",,"加急快递",0,0,0,0
"#3282","2026-03-01 19:00:00","T666-39.7lbs/83cm Silicone Luxury Super Realistic Life Size Torso Sex Doll And Robots",,0,0,-898.2,-898.2
"#3330","2026-03-24 02:00:00",,"/en-ca/collections/vendors",0,0,0,0
"#3613","2026-07-19 09:00:00",,,0,0,0,0
"#3224","2026-01-28 13:00:00",,"260130",0,0,0,0
"#3274","2026-02-20 18:00:00",,"xcottonsp",0,0,0,0
"#3168","2026-01-07 07:00:00",,"/collections/fake-pussy-fake-vagina",0,0,0,0
"#3208","2026-01-20 22:00:00",,"/collections/fake-ass-sex-toy",0,0,0,0
"#3270","2026-02-18 12:00:00",,"/collections/in-stock-usa-1",0,0,0,0
"#3520","2026-06-14 06:00:00",,"260618",0,0,0,0
"#3219","2026-02-02 16:00:00",,"xcottonsp",0,0,-25,-25
"#3602","2026-07-16 06:00:00",,"/unknow",0,0,0,0
"#3261","2026-02-12 21:00:00",,"260226",0,0,0,0
"#3297","2026-03-04 06:00:00",,"260305",0,0,0,0
"#3339","2026-03-29 11:00:00",,"260330",0,0,0,0
"#3403","2026-05-04 07:00:00",,"260511",0,0,0,0
"#3439","2026-05-20 19:00:00",,"/unknow",0,0,0,0
"#3484","2026-06-01 13:00:00",,"260603",0,0,0,0
"#3454","2026-05-26 21:00:00",,"260609",0,0,0,0
"#3550","2026-06-23 18:00:00",,"260706",0,0,0,0
"#3182","2026-01-10 23:00:00",,"xcottonsp",0,0,0,0
"#3360","2026-04-11 09:00:00",,"/en-ca/collections/mrl-doll",0,0,0,0
"#3173","2026-01-09 20:00:00",,"260210",0,0,-179.1,-179.1
"#3414","2026-05-06 08:00:00",,"260506",0,0,0,0
"#3329","2026-03-24 16:00:00",,"/collections/sex-doll-head",0,0,0,0
"#3194","2026-01-15 19:00:00",,"260117",0,0,0,0
"#3491","2026-06-03 23:00:00",,"/collections/fake-ass-sex-toy",0,0,0,0
"#3612","2026-07-19 07:00:00",,,0,0,0,0
"#3243","2026-02-03 07:00:00",,"润滑液",0,0,0,0
"#3334","2026-03-26 15:00:00",,"260403",0,0,0,0
"#3341","2026-03-30 21:00:00",,"260403",0,0,0,0
"#3251","2026-02-08 02:00:00",,"260312",0,0,0,0
"#3424","2026-05-10 07:00:00",,"xcottonsp",0,0,0,0
"#3279","2026-02-25 10:00:00",,"250227",0,0,0,139
"#3434","2026-05-12 03:00:00",,"/collections/sex-doll-torso-dildo",0,0,0,0
"#3583","2026-07-07 19:00:00",,"260708",0,0,0,0
"#3352","2026-04-05 22:00:00",,"/collections/fake-ass-sex-toy",0,0,0,0
"#3439","2026-05-14 03:00:00",,"/unknow",0,0,0,0
"#3214","2026-01-24 00:00:00",,"260130",0,0,0,0
"#3449","2026-05-20 15:00:00",,"xcottonsp",0,0,0,0
"#3540","2026-06-20 18:00:00",,"海运",0,0,0,0
"#3259","2026-02-12 14:00:00",,"xcottonsp",0,0,0,0
"#3374","2026-04-20 05:00:00",,"linkdolls.com",0,0,0,0
"#3222","2026-01-27 14:00:00",,"加热棒",0,0,0,0
"#3459","2026-05-23 01:00:00",,"260526",0,0,0,0
"#3198","2026-01-17 16:00:00",,"xcottonsp",0,0,0,0
"#3554","2026-06-25 10:00:00",,"260626",0,0,0,0
"#3342","2026-03-30 22:00:00",,"/unknow",0,0,0,0
"#3587","2026-07-14 04:00:00",,"260713",0,0,-475.2,-475.2
"#3406","2026-05-05 07:00:00",,"/collections/black-male-sex-doll",0,0,0,0
"#3192","2026-01-15 01:00:00",,"xcottonsp",0,0,0,0
"#3424","2026-05-10 07:00:00",,"/en-ca",0,0,0,0
"#3261","2026-02-12 21:00:00",,"xcottonsp",0,0,0,0
"#3467","2026-05-25 22:00:00",,"260530",0,0,0,0
"#3330","2026-03-24 02:00:00",,"xcottonsp",0,0,0,0
"#3330","2026-03-24 02:00:00",,"260325",0,0,0,0
"#3321","2026-03-18 12:00:00",,"快递加急",0,0,0,0
"#3292","2026-03-01 17:00:00",,"/products/a323-32-lbs",0,0,0,0
"#3588","2026-07-10 13:00:00",,"/collections/black-torso-sex-dolls",0,0,0,0
"#3406","2026-05-05 07:00:00",,"xcottonsp",0,0,0,0
"#3490","2026-06-03 19:00:00",,"260605",0,0,0,0
"#3260","2026-02-12 14:00:00",,"xcottonsp",0,0,0,0
"#3425","2026-05-10 08:00:00",,"/collections/elf-sex-doll-heads",0,0,0,0
"#3528","2026-06-24 21:00:00",,"260618",0,0,0,0
"#3485","2026-06-01 21:00:00",,"/collections/sex-doll-torso",0,0,0,0
"#3506","2026-06-08 22:00:00",,"/linkdolls.com",0,0,0,0
"#3397","2026-05-01 13:00:00",,"260506",0,0,0,0
"#3202","2026-01-19 13:00:00",,"260120",0,0,0,0
"#3552","2026-06-26 11:00:00",,,0,0,-99,-99
"#3247","2026-02-06 16:00:00",,"260206",0,0,0,0
"#3493","2026-06-04 05:00:00",,"/collections/mini-sex-doll-torso",0,0,0,39
"#3248","2026-02-07 11:00:00",,"加急快递",0,0,0,0
"#3219","2026-02-02 16:00:00",,"/unknow",0,0,-25,-25
"#3084","2026-01-12 15:00:00",,"/collections/fake-ass-sex-toy",0,0,-699,-699
"#3233","2026-01-31 02:00:00",,"260302",0,0,0,0
"#3546","2026-06-22 07:00:00",,"260625",0,0,0,0
"#3314","2026-03-15 20:00:00",,"/products/599-83lb-sex-doll-torso",0,0,0,0
"#3578","2026-07-12 02:00:00",,"/de/collections/electric-pocket-pussy",0,0,0,0
"#3587","2026-07-10 06:00:00",,"260713",0,0,0,0
"#3574","2026-07-05 18:00:00",,"/collections/foot-pocket-pussy",0,0,0,0
"#3223","2026-01-28 23:00:00",,"260130",0,0,-51.9,-51.9
"#3586","2026-07-10 04:00:00",,"/collections/life-size-ass",0,0,0,0
"#3213","2026-01-23 07:00:00",,"260130",0,0,0,89
"#3172","2026-01-09 20:00:00",,"/unknow",0,0,-179.1,-179.1
"#3223","2026-01-28 02:00:00",,"260130",0,0,0,0
"#3229","2026-01-29 18:00:00",,"260202",0,0,0,0
"#3479","2026-05-31 12:00:00",,"/collections/black-torso-sex-dolls",0,0,0,0
"#3260","2026-02-12 14:00:00",,"加急快递",0,0,0,0
"#3252","2026-02-08 04:00:00",,"/unknow",0,0,0,0
"#3204","2026-01-20 04:00:00",,"/checkouts/cn/hWN7",0,0,0,0
"#3281","2026-03-01 00:00:00",,"/collections/shemale-sex-doll-torso-1",0,0,0,0
"#3371","2026-04-19 14:00:00",,"/collections/sex-doll-head",0,0,0,0
"#3585","2026-07-08 12:00:00",,"/products/f2385",0,0,0,0
"#3247","2026-02-06 16:00:00",,"/collections/all",0,0,0,0
"#3268","2026-02-17 04:00:00",,"/collections/boob-job-sex-toys",0,0,0,0
"#3183","2026-01-11 01:00:00",,"260117",0,0,0,0
"#3384","2026-04-27 07:00:00",,"/collections/sex-doll-torso-dildo",0,0,0,0
"#3256","2026-02-09 21:00:00",,"润滑液",0,0,0,0
"#3390","2026-04-29 11:00:00",,"xcottonsp",0,0,0,0
"#3407","2026-05-05 07:00:00",,"/products/t90221-49lb-d-cup",0,0,0,0
"#3196","2026-01-17 11:00:00",,"260120",0,0,0,0
"#3239","2026-02-18 21:00:00","A358-(27.5lb) Big Butt BBW Black Sex Doll Torso Realistic with Gel Butt - Climax Doll","/products/a359-27-5lb",0,0,-449.1,-449.1
"#3515","2026-06-12 11:00:00",,"/collections/fake-pussy-fake-vagina",0,0,0,0
"#3593","2026-07-12 11:00:00",,"/unknow",0,0,0,0
"#3236","2026-01-31 21:00:00",,"xcottonsp",0,0,0,0
"#3241","2026-02-03 03:00:00",,"xcottonsp",0,0,0,109
"#3221","2026-01-27 06:00:00",,"xcottonsp",0,0,0,0
"#3529","2026-06-17 15:00:00",,"260620",0,0,0,0
"#3354","2026-04-06 23:00:00",,"/collections/sex-doll-head",0,0,0,0
"#3225","2026-01-29 03:00:00",,"/collections/robotic-sex-doll",0,0,0,0
"#3553","2026-06-24 20:00:00",,"linkdolls.com",0,0,0,0
"#3468","2026-05-27 09:00:00",,"PVC头架",0,0,0,0
"#3409","2026-05-05 11:00:00",,"润滑液",0,0,0,0
"#3312","2026-04-18 18:00:00",,"linkdolls.com",0,0,-10,-10
"#3299","2026-03-05 19:00:00",,"/collections/sex-doll-head",0,0,0,0
"#3362","2026-04-13 06:00:00",,"/collections/life-size-anime-sex-doll",0,0,0,0
"#3213","2026-01-23 07:00:00",,"sex-torso-doll-in-stock-europe",0,0,0,89
"#3608","2026-07-18 01:00:00",,,0,0,0,0
"#3570","2026-07-03 09:00:00",,"260706",0,0,0,0
"#3185","2026-01-11 08:00:00",,"/products/5-38lb",0,0,0,0
"#3557","2026-06-26 18:00:00",,"加急快递",0,0,0,0
"#3270","2026-02-18 12:00:00",,"260219",0,0,0,0
"#3285","2026-02-27 11:00:00",,"/collections/shemale-sex-doll-torso-1",0,0,0,0
"#3355","2026-04-07 03:00:00",,"260408",0,0,0,0
"#3166","2026-01-06 06:00:00",,"/collections/boob-job-sex-toys",0,0,0,0
"#3342","2026-03-30 22:00:00",,"xcottonsp",0,0,0,0
"#3181","2026-01-10 22:00:00",,"260130",0,0,0,0
"#3230","2026-01-30 03:00:00",,"260203",0,0,0,0
"#3565","2026-06-30 11:00:00",,"/collections/fake-ass-sex-toy",0,0,0,0
"#3353","2026-04-06 04:00:00",,"260409",0,0,0,0
"#3165","2026-01-06 03:00:00",,"/en-ca/products/t346",0,0,0,0
"#3445","2026-05-18 04:00:00",,"/products/a664-37",0,0,0,0
"#3599","2026-07-14 09:00:00",,"260715",0,0,0,0
"#3512","2026-06-11 10:00:00",,"/collections/fake-ass-sex-toy",0,0,0,0
"#3295","2026-03-03 09:00:00",,"海运",0,0,0,0
"#3166","2026-01-06 06:00:00",,"260115",0,0,0,0
"#3529","2026-06-17 15:00:00",,"加热棒",0,0,0,0
"#3537","2026-06-19 05:00:00",,"/products/a664-37",0,0,0,0
"#3376","2026-04-23 15:00:00",,"/collections/boob-job-sex-toys",0,0,0,0
"#3337","2026-03-27 09:00:00",,"260328",0,0,0,0
"#3327","2026-03-23 06:00:00",,"/collections/sex-doll-torso-dildo",0,0,0,0
"#3528","2026-06-24 21:00:00",,"/en-ca/collections/celebrity-sex-doll",0,0,0,0
"#3276","2026-02-22 13:00:00",,"/products/t6-luxury-realistic",0,0,0,0
"#3243","2026-02-03 07:00:00",,"260204",0,0,0,0
"#3436","2026-05-13 16:00:00",,"/en-ca/collections/silicone-ass",0,0,0,0
"#3584","2026-07-08 07:00:00",,"/cart",0,0,0,0
"#3360","2026-04-11 09:00:00",,"260414",0,0,0,0
"#3115","2026-01-05 10:00:00",,"xcottonsp",0,0,-60,-60
"#3382","2026-04-26 09:00:00",,"260429",0,0,0,0
"#3306","2026-03-09 11:00:00","A512 (57.32lb) Big Ass Sex Torso Doggy Style 1:1 Life-Sized BBW Big Sex Butts","加热棒",0,0,-624,-624
"#3372","2026-04-19 14:00:00",,"260424",0,0,0,0
"#3514","2026-06-12 07:00:00",,"加急快递",0,0,0,0
"#3573","2026-07-05 13:00:00",,"260708",0,0,0,0
"#3542","2026-06-21 01:00:00",,"/linkdolls.com",0,0,0,0
"#3511","2026-06-11 08:00:00",,"260612",0,0,0,0
"#3167","2026-01-06 18:00:00",,"260112",0,0,0,0
"#3488","2026-06-03 12:00:00",,"260605",0,0,0,0
"#3279","2026-02-25 10:00:00",,"/cart",0,0,0,139
"#3415","2026-05-07 23:00:00","P77-3.15lb Spider Girl Onahle Fake Pussy Anime Hentai Sex Toy | MRL","加热棒润滑液",0,0,-238,-238
"#3601","2026-07-16 03:00:00",,"260716",0,0,0,0
"#3280","2026-02-25 12:00:00",,"260226",0,0,0,0
"#3300","2026-03-06 08:00:00",,"/en-ca/collections/vajankle-foot-fetish",0,0,0,0
"#3289","2026-02-28 10:00:00",,"/en-ca",0,0,0,0
"#3244","2026-02-28 16:00:00",,"xcottonsp",0,0,-20.2,-20.2
"#3484","2026-06-01 13:00:00",,"xcottonsp",0,0,0,0
"#3184","2026-01-11 08:00:00",,"xcottonsp",0,0,0,0
"#3533","2026-06-18 14:00:00",,"xcottonsp",0,0,0,0
"#3428","2026-05-11 06:00:00",,"linkdolls.com",0,0,0,0
"#3387","2026-04-28 22:00:00",,"/collections/all",0,0,0,0
"#3234","2026-01-31 11:00:00",,"xcottonsp",0,0,0,0
"#3284","2026-02-27 09:00:00",,"260318",0,0,0,0
"#3419","2026-05-07 22:00:00",,"260508",0,0,0,0
"#3187","2026-01-12 04:00:00",,"260114",0,0,0,0
"#3294","2026-03-03 03:00:00",,"260309",0,0,0,0
"#3182","2026-01-10 23:00:00",,"/collections/male-sex-doll",0,0,0,0
"#3503","2026-06-08 12:00:00",,,0,0,0,0
"#3386","2026-04-27 20:00:00",,"260506",0,0,0,0
"#3357","2026-04-09 00:00:00",,"干燥棒*2",0,0,0,0
"#3358","2026-04-10 01:00:00",,"/en-ca/collections/boob-job-sex-toys",0,0,0,0
"#3326","2026-03-23 05:00:00",,"/collections/lesbian-sex-doll-torso",0,0,0,0
"#3271","2026-02-18 12:00:00",,"/collections/fake-ass-sex-toy",0,0,0,0
"#3202","2026-01-19 13:00:00",,"xcottonsp",0,0,0,0
"#3154","2026-01-03 14:00:00",,"/collections/all",0,0,0,0
"#3286","2026-02-27 13:00:00",,"260302",0,0,0,0
"#3577","2026-07-06 16:00:00",,"xcottonsp",0,0,0,0
"#3382","2026-04-26 09:00:00",,"/products/p323-lana-rhoades",0,0,0,0
"#3180","2026-01-10 20:00:00",,"/collections/bbw-sex-doll-torso",0,0,0,0
"#3454","2026-05-21 16:00:00",,"260526",0,0,0,0
"#3160","2026-01-05 04:00:00",,"260119",0,0,0,0
"#3488","2026-06-05 11:00:00",,"加热棒",0,0,-26.9,-26.9
"#3427","2026-05-10 15:00:00",,"260516",0,0,0,0
"#3463","2026-05-25 22:00:00",,,0,0,0,0
"#3263","2026-02-15 10:00:00",,"/collections/in-stock-usa-1",0,0,0,0
"#3354","2026-04-06 23:00:00",,"260627",0,0,0,0
"#3148","2026-02-04 13:00:00",,"/collections/vajankle-foot-fetish-toys",0,0,-100,-100
"#3416","2026-05-06 14:00:00",,"xcottonsp",0,0,0,0
"#3399","2026-05-02 06:00:00",,"海运",0,0,0,0
"#3173","2026-01-09 00:00:00",,"xcottonsp",0,0,0,0
"#3328","2026-03-25 13:00:00","Shipping Protection","/collections/angel-kiss-doll",0,0,-39.94,-39.94
"#3535","2026-06-18 23:00:00",,"260620",0,0,0,0
"#3443","2026-05-15 23:00:00",,"xcottonsp",0,0,0,0
"#3573","2026-07-05 13:00:00",,"/en-ca/products/671",0,0,0,0
"#3232","2026-01-30 09:00:00",,"linkdolls.com",0,0,0,0
"#3321","2026-03-18 12:00:00",,"260516",0,0,0,0
"#3495","2026-06-05 01:00:00",,"加急快递",0,0,0,0
"#3172","2026-01-09 00:00:00",,"260210",0,0,0,0
"#3510","2026-06-09 19:00:00",,"260612",0,0,0,0
"#3412","2026-05-06 01:00:00",,"260507",0,0,0,0
"#3180","2026-01-10 20:00:00",,"260112",0,0,0,0
"#3233","2026-01-31 02:00:00",,"/collections/male-sex-doll",0,0,0,0
"#3357","2026-04-09 00:00:00",,"260523",0,0,0,0
"#3352","2026-04-05 22:00:00",,"260408",0,0,0,0
"#3160","2026-01-05 04:00:00",,"xcottonsp",0,0,0,0
"#3458","2026-05-22 18:00:00",,"260610",0,0,0,0
"#3260","2026-02-12 14:00:00",,"260324",0,0,0,0
"#3614","2026-07-19 09:00:00",,,0,0,0,0
"#3375","2026-04-21 08:00:00",,"260427",0,0,0,0
"#3257","2026-02-12 06:00:00",,"linkdolls.com",0,0,0,0
"#3161","2026-01-05 06:00:00",,"/unknow",0,0,0,0
"#3325","2026-03-22 20:00:00",,"/products/t631-63-9lb",0,0,0,0
"#3544","2026-06-21 10:00:00",,"260623",0,0,0,0
"#3331","2026-03-24 04:00:00",,"/en-ca/cart",0,0,0,0
"#3252","2026-02-08 04:00:00",,"260209",0,0,0,0
"#3474","2026-05-28 19:00:00",,"260529",0,0,0,0
"#3470","2026-05-27 11:00:00",,"海运",0,0,0,0
"#3196","2026-01-17 11:00:00",,"/unknow",0,0,0,0
"#3596","2026-07-13 14:00:00",,"/collections/fake-pussy-hentai-sex-doll",0,0,0,0
"#3147","2026-01-01 17:00:00",,"260202",0,0,0,0
"#3172","2026-01-09 00:00:00",,"/unknow",0,0,0,0
"#3329","2026-03-24 16:00:00","T732-72.7lbs/101cm Silicone Luxury Super Realistic Life Size Torso Sex Doll With Head and Arm Sex Doll","/collections/sex-doll-head",0,0,-2485,-2485
"#3301","2026-03-06 11:00:00",,"/products/t285k-103cm",0,0,0,0
"#3291","2026-02-28 22:00:00",,"260416",0,0,0,0
"#3201","2026-01-19 10:00:00",,"xcottonsp",0,0,0,0
"#3513","2026-06-12 05:00:00",,"260615",0,0,0,0
"#3561","2026-06-29 01:00:00",,"/collections/silicone-ass",0,0,0,0
"#3372","2026-04-19 14:00:00",,"linkdolls.com",0,0,0,0
"#3532","2026-06-18 12:00:00",,"/unknow",0,0,0,0
"#3287","2026-02-27 22:00:00",,"/collections/silicone-pocket-pussy",0,0,0,0
"#3417","2026-05-06 18:00:00",,"飞机箱",0,0,0,0
"#3434","2026-05-12 03:00:00",,"260512",0,0,0,0
"#3589","2026-07-10 14:00:00",,"/collections/sex-doll-torso",0,0,0,0
"#3213","2026-01-23 07:00:00",,"xcottonsp",0,0,0,89
"#3204","2026-01-20 04:00:00",,"xcottonsp",0,0,0,0
"#3373","2026-04-20 04:00:00",,"/unknow",0,0,0,0
"#3267","2026-02-17 02:00:00",,"/products/f2414-164cm",0,0,0,0
"#3299","2026-03-05 19:00:00",,"260321",0,0,0,0
"#3151","2026-01-05 10:00:00",,"260105",0,0,-174,-174
"#3223","2026-01-28 23:00:00",,"xcottonsp",0,0,-51.9,-51.9
"#3460","2026-05-28 16:00:00",,"/collections/full-doll",0,0,0,0
"#3615","2026-07-19 15:00:00",,,0,0,0,0
"#3161","2026-01-05 06:00:00",,"260117",0,0,0,0
"#3314","2026-03-15 20:00:00",,"260318",0,0,0,0
"#3517","2026-06-16 00:00:00",,,0,0,0,0
"#3586","2026-07-10 04:00:00",,"260716",0,0,0,0
"#3223","2026-01-28 02:00:00",,"xcottonsp",0,0,0,0
"#3146","2026-01-01 15:00:00",,"260109售后",0,0,0,0
"#3541","2026-06-20 23:00:00",,"/linkdolls.com",0,0,0,0
"#3501","2026-06-07 14:00:00",,"260609",0,0,0,0
"#3547","2026-06-22 20:00:00",,"/products/t5",0,0,0,0
"#3541","2026-06-20 23:00:00",,"260623",0,0,0,0
"#3174","2026-01-09 01:00:00",,"260109",0,0,0,0
"#3149","2026-01-02 00:00:00",,"xcottonsp",0,0,0,0
"#3197","2026-01-17 11:00:00",,"xcottonsp",0,0,0,0
"#3528","2026-06-17 14:00:00",,"260618",0,0,0,0
"#3415","2026-05-07 23:00:00","P77-3.15lb Spider Girl Onahle Fake Pussy Anime Hentai Sex Toy | MRL","/products/p77-hentai-sex-toy-mrl",0,0,-238,-238
"#3505","2026-06-08 19:00:00",,"海运",0,0,0,0
"#3417","2026-05-06 18:00:00",,"加热毯",0,0,0,0
"#3318","2026-03-18 01:00:00",,"/collections/jiuai",0,0,0,0
"#3176","2026-01-09 11:00:00",,"xcottonsp",0,0,0,0
"#3203","2026-01-19 16:00:00",,"260122",0,0,0,0
"#3258","2026-02-12 10:00:00",,"260302",0,0,0,0
"#3162","2026-01-05 08:00:00",,"xcottonsp",0,0,0,0
"#3587","2026-07-10 06:00:00",,"/products/f2319a",0,0,0,0
"#3326","2026-03-23 05:00:00",,"赠加热棒",0,0,0,0
"#3027","2026-02-08 00:00:00",,"/unknow",0,0,-70,-70
"#3342","2026-03-30 22:00:00",,"260409",0,0,0,0
"#3364","2026-04-15 04:00:00",,"260419",0,0,0,0
"#3588","2026-07-10 13:00:00",,"260713",0,0,0,0
"#3311","2026-03-13 12:00:00",,"润滑剂",0,0,0,0
"#3361","2026-04-12 03:00:00",,"PVC头架",0,0,0,0
"#3153","2026-01-03 05:00:00",,"加急快递",0,0,0,0
"#3322","2026-03-18 23:00:00",,"/en-ca/collections/bbw-life-size-torso",0,0,0,0
"#3379","2026-04-24 04:00:00",,"260430",0,0,0,0
"#3204","2026-01-20 04:00:00",,"260121",0,0,0,0
"#3146","2026-01-01 15:00:00",,"260105",0,0,0,0
"#3220","2026-01-27 03:00:00",,"加热棒",0,0,0,0
"#3300","2026-03-06 08:00:00",,"xcottonsp",0,0,0,0
"#3255","2026-02-09 18:00:00",,"260303",0,0,0,0
"#3148","2026-01-01 22:00:00",,"/collections/vajankle-foot-fetish-toys",0,0,0,0
"#3181","2026-01-10 22:00:00",,"xcottonsp",0,0,0,0
"#3315","2026-03-16 12:00:00",,"失效订单",0,0,0,0
"#3245","2026-02-06 04:00:00",,"linkdolls.com",0,0,0,0
"#3409","2026-06-01 00:00:00",,"260513",0,0,-20,-20
"#3211","2026-01-22 02:00:00",,"加急",0,0,0,0
"#3151","2026-01-05 10:00:00",,"/checkouts/cn/hWN6KRB",0,0,-174,-174
"#3197","2026-01-17 11:00:00",,"260121",0,0,0,0
"#3402","2026-05-03 05:00:00",,"260516",0,0,0,0
"#3523","2026-06-15 09:00:00",,"260701",0,0,0,0
"#3423","2026-05-10 03:00:00",,"/collections/robotic-sex-doll",0,0,0,0
"#3366","2026-04-15 06:00:00",,"260519",0,0,0,0
"#3491","2026-06-03 23:00:00",,"260612",0,0,0,0
"#3408","2026-05-05 09:00:00",,"/collections/sex-doll-head",0,0,0,0
"#3306","2026-03-08 12:00:00",,"加热棒",0,0,0,0
"#3249","2026-02-07 15:00:00",,"/collections/tayuta",0,0,0,0
"#3484","2026-06-01 13:00:00",,"/products/a555-moving",0,0,0,0
"#3415","2026-05-06 10:00:00",,"260509",0,0,0,0
"#3250","2026-02-07 19:00:00",,"260209",0,0,0,0
"#3329","2026-03-24 16:00:00","Shipping Protection","/collections/sex-doll-head",0,0,-55.03,-55.03
"#3404","2026-05-04 11:00:00",,"linkdolls.com",0,0,0,0
"#3561","2026-06-29 01:00:00",,"260630",0,0,0,0
"#3200","2026-01-18 22:00:00",,"/unknow",0,0,0,0
"#3473","2026-05-28 09:00:00",,"260608",0,0,0,0
"#3438","2026-05-14 01:00:00",,"/60719464687/orders/",0,0,0,0
"#3238","2026-02-01 23:00:00",,"linkdolls.com",0,0,0,0
"#3477","2026-05-30 01:00:00",,"260602",0,0,0,0
"#3482","2026-06-02 13:00:00",,"/cart",0,0,0,0
"#3408","2026-05-05 09:00:00",,"260521",0,0,0,0
"#3274","2026-02-20 18:00:00",,"/collections/black-sex-dolls",0,0,0,0
"#3475","2026-05-29 08:00:00",,"/collections/furry-sex-doll",0,0,0,0
"#3367","2026-04-16 10:00:00","P47- Vibrating Ass Torso Sex Doll Male Masturbators Pocket Pussy Butt","/collections/sex-doll-torso",0,0,-129,-129
"#3477","2026-05-30 01:00:00",,"xcottonsp",0,0,0,0
"#3244","2026-02-28 16:00:00",,"260207",0,0,-20.2,-20.2
"#3216","2026-01-25 05:00:00",,"/collections/fake-ass-sex-toy",0,0,0,0
"#3572","2026-07-04 23:00:00",,"润滑液",0,0,0,0
"#3454","2026-05-26 21:00:00",,"260526",0,0,0,0
"#3545","2026-06-22 06:00:00",,"xcottonsp",0,0,0,0
"#3543","2026-06-21 03:00:00",,"润滑液",0,0,0,0
"#3334","2026-03-26 15:00:00",,"/collections/fake-ass-sex-toy",0,0,0,0
"#3318","2026-03-18 01:00:00",,"260320",0,0,0,0
"#3210","2026-01-21 19:00:00",,"260122",0,0,0,0
"#3155","2026-01-03 15:00:00",,"/collections/sex-doll-head",0,0,0,0
"#3514","2026-06-12 07:00:00",,"/cart",0,0,0,0
"#3218","2026-01-26 22:00:00",,"260129",0,0,0,0
"#3326","2026-03-23 05:00:00",,"260327",0,0,0,0
"#3148","2026-01-01 22:00:00",,"xcottonsp",0,0,0,0
"#3358","2026-04-10 01:00:00",,"260421",0,0,0,0
"#3494","2026-06-04 16:00:00",,"/collections/elf-sex-doll-heads",0,0,0,0
"#3160","2026-01-05 04:00:00",,"/collections/tpe-sex-doll-head",0,0,0,0
"#3393","2026-04-30 13:00:00",,"xcottonsp",0,0,0,0
"#3289","2026-02-28 10:00:00",,"260304",0,0,0,0
"#3275","2026-02-21 07:00:00",,"260225",0,0,0,69
"#3269","2026-02-18 05:00:00",,"/products/f4929-166cm",0,0,0,0
"#3415","2026-05-07 23:00:00",,"/products/p77-hentai-sex-toy-mrl",0,0,0,0
"#3347","2026-04-02 01:00:00",,"/collections/furry-sex-doll",0,0,0,0
"#3149","2026-01-02 00:00:00",,"加急快递",0,0,0,0
"#3194","2026-01-15 19:00:00",,"xcottonsp",0,0,0,0
"#3383","2026-04-26 23:00:00",,"260526",0,0,0,0
"#3173","2026-01-09 20:00:00",,"xcottonsp",0,0,-179.1,-179.1
"#3366","2026-05-27 11:00:00",,"260519",0,0,-80.04,-80.04
"#3297","2026-03-04 06:00:00",,"/collections/all",0,0,0,0
"#3468","2026-05-27 09:00:00",,"/unknow",0,0,0,0
"#3355","2026-04-07 03:00:00",,"linkdolls.com",0,0,0,0
"#3439","2026-05-20 19:00:00","T666-39.7lbs/83cm Silicone Luxury Super Realistic Life Size Torso Sex Doll And Robots","/unknow",0,0,-1014.31,-1014.31
"#3476","2026-05-29 14:00:00",,"xcottonsp",0,0,0,0
"#3555","2026-06-25 20:00:00",,"/collections/vibrating-sex-doll-torso",0,0,0,0
"#3522","2026-06-14 21:00:00",,"/collections/femboys-sex-doll",0,0,0,0
"#3480","2026-05-31 13:00:00",,"/collections/sex-doll-head",0,0,0,0
"#3488","2026-06-03 12:00:00",,"/en-ca",0,0,0,0
"#3418","2026-05-07 01:00:00",,"260508",0,0,0,0
"#3447","2026-05-19 06:00:00",,"260520",0,0,0,0
"#3415","2026-05-07 23:00:00",,"加热棒润滑液",0,0,0,0
"#3503","2026-06-08 12:00:00","F4668-T165cm(5.4ft)-33kg Liam.A C Cup Real Medium butt Silicone AI Sex Doll Robot｜SE Doll",,0,0,-255,-255
"#3226","2026-01-29 03:00:00",,"260130",0,0,0,0
"#3377","2026-04-23 20:00:00",,"260424",0,0,0,0
"#3568","2026-07-01 10:00:00",,"/linkdolls.com",0,0,0,0
"#3587","2026-07-14 04:00:00",,"/products/f2319a",0,0,-475.2,-475.2
"#3538","2026-06-19 16:00:00",,"260623",0,0,0,0
"#3450","2026-05-21 01:00:00",,"260604",0,0,0,0
"#3528","2026-06-17 14:00:00",,"/en-ca/collections/celebrity-sex-doll",0,0,0,0
"#3611","2026-07-19 06:00:00",,,0,0,0,0
"#3191","2026-01-14 21:00:00",,"xcottonsp",0,0,0,0
"#3486","2026-06-01 22:00:00",,"260617",0,0,0,0
"#3500","2026-06-06 22:00:00",,"260609",0,0,0,0
"#3415","2026-05-06 10:00:00",,"/products/p77-hentai-sex-toy-mrl",0,0,0,0
"#3532","2026-06-18 12:00:00",,"260625",0,0,0,0
"#3268","2026-02-17 04:00:00",,"260218",0,0,0,0
"#3390","2026-04-29 11:00:00",,"/collections/fake-ass-sex-toy",0,0,0,0
"#3428","2026-05-11 06:00:00",,"260512",0,0,0,0
"#3303","2026-03-06 21:00:00",,"/products/588-16-09lbsex",0,0,0,0
"#3269","2026-02-18 05:00:00",,"260325",0,0,0,0
"#3545","2026-06-22 06:00:00",,"260701",0,0,0,0
"#3333","2026-03-26 12:00:00",,"260327",0,0,0,0
"#3241","2026-02-03 03:00:00",,"/collections/sex-doll-torso",0,0,0,109
"#3470","2026-05-28 16:00:00",,"260602",0,0,-70.97,-70.97
"#3157","2026-01-04 05:00:00",,"260110",0,0,0,0
"#3423","2026-05-10 03:00:00",,"260516",0,0,0,0
"#3431","2026-05-11 10:00:00",,"260526",0,0,0,0
"#3604","2026-07-17 01:00:00",,,0,0,0,0
"#3148","2026-02-04 13:00:00",,"xcottonsp",0,0,-100,-100
"#3401","2026-05-02 13:00:00",,"xcottonsp",0,0,0,0
"#3553","2026-06-24 20:00:00",,"260626",0,0,0,0
"#3424","2026-05-10 07:00:00",,"260515",0,0,0,0
"#3363","2026-04-13 21:00:00",,"/collections/full-doll",0,0,0,0
"#3172","2026-01-09 20:00:00",,"260210",0,0,-179.1,-179.1
"#3588","2026-07-10 13:00:00",,"加热棒润滑液",0,0,0,0
"#3247","2026-02-06 16:00:00",,"xcottonsp",0,0,0,0
"#3115","2026-01-05 10:00:00",,"251222",0,0,-60,-60
"#3507","2026-06-09 03:00:00",,"xcottonsp",0,0,0,0
"#3591","2026-07-11 01:00:00",,"/cart",0,0,0,0
"#3298","2026-03-05 17:00:00",,"260306",0,0,0,0
"#3563","2026-06-29 13:00:00",,"衣服",0,0,0,0
"#3243","2026-02-03 07:00:00",,"/collections/fake-ass-sex-toy",0,0,0,0
"#3266","2026-02-17 00:00:00",,"260220",0,0,0,0
"#3261","2026-02-12 21:00:00",,"/collections/shemale-sex-doll-torso-1",0,0,0,0
"#3300","2026-03-06 08:00:00",,"260306",0,0,0,0
"#3449","2026-05-20 15:00:00",,"/collections/fake-ass-sex-toy",0,0,0,0
"#3262","2026-02-12 22:00:00",,"xcottonsp",0,0,0,0
"#3470","2026-05-27 11:00:00",,"260602",0,0,0,0
"#3380","2026-04-24 10:00:00",,"linkdolls.com",0,0,0,0
"#3417","2026-06-03 20:00:00",,"飞机箱",0,0,0,0
"#3242","2026-02-03 06:00:00",,"260204",0,0,0,0
"#3207","2026-01-20 18:00:00",,"260206",0,0,0,0
"#3319","2026-03-18 10:00:00",,"/en-ca/collections/silicone-ass",0,0,0,0
"#3493","2026-06-04 05:00:00",,"260608",0,0,0,39
"#3440","2026-05-15 13:00:00",,"260519",0,0,0,0
"#3442","2026-05-15 15:00:00",,"260516",0,0,0,0
"#3395","2026-05-01 12:00:00",,"/collections/vajankle-foot-fetish-toys",0,0,0,0
"#3265","2026-02-16 20:00:00",,"/collections/flat-chest-sex-doll",0,0,0,0
"#3179","2026-01-13 10:00:00","T431-73.68LB Hailey Life Size Latina Silicone Sex Doll Torso With Head【In Stock USA& Europe & Canada】｜MAX Series","/unknow",0,0,-1195.08,-1195.08
"#3408","2026-05-05 09:00:00",,"加急快递",0,0,0,0
"#3269","2026-02-25 00:00:00",,"/products/f4929-166cm",0,0,-138.57,-138.57
"#3610","2026-07-18 18:00:00",,,0,0,0,0
"#3225","2026-01-29 03:00:00",,"xcottonsp",0,0,0,0
"#3495","2026-06-05 01:00:00",,"/blogs/dolls-info-qustions/5-reasons-",0,0,0,0
"#3394","2026-05-01 00:00:00",,"/collections/sex-doll-head",0,0,0,0
"#3534","2026-06-18 18:00:00",,"/60719464687/orders",0,0,0,0
"#3170","2026-01-08 09:00:00",,"/en-ca/products/h952",0,0,0,0
"#3460","2026-05-28 16:00:00","Shipping Protection","/collections/full-doll",0,0,-12.25,-12.25
"#3587","2026-07-10 06:00:00",,"加热毯",0,0,0,0
"#3379","2026-04-24 04:00:00",,"/collections/full-doll",0,0,0,0
"#3464","2026-05-24 18:00:00",,"/collections/fake-ass-sex-toy",0,0,0,0
"#3399","2026-05-02 06:00:00",,"xcottonsp",0,0,0,0
"#3425","2026-05-10 08:00:00",,"260528",0,0,0,0
"#3439","2026-05-20 19:00:00",,"护理粉",0,0,0,0
"#3229","2026-01-29 18:00:00",,"xcottonsp",0,0,0,0
"#3282","2026-03-01 19:00:00",,,0,0,0,0
"#3554","2026-06-25 10:00:00",,"/unknow",0,0,0,0
"#3510","2026-06-09 19:00:00",,"/collections/bbw-sex-doll-torso",0,0,0,0
"#3472","2026-05-28 06:00:00",,"260604",0,0,0,0
"#3148","2026-02-04 13:00:00",,"润滑液",0,0,-100,-100
"#3246","2026-02-06 11:00:00",,"/collections/all",0,0,0,0
"#3417","2026-06-03 20:00:00",,"加热毯",0,0,0,0
"#3378","2026-04-24 02:00:00",,"260427",0,0,0,69
"#3367","2026-04-16 05:00:00",,"/collections/sex-doll-torso",0,0,0,0
"#3263","2026-02-15 10:00:00",,"260216",0,0,0,0
"#3387","2026-04-28 22:00:00",,"xcottonsp",0,0,0,0
"#3426","2026-05-10 09:00:00",,"linkdolls.com",0,0,0,0
"#3191","2026-01-14 21:00:00",,"加急快递",0,0,0,0
"#3389","2026-04-29 07:00:00",,"260525",0,0,0,0
"#3574","2026-07-05 18:00:00",,"260708",0,0,0,0
"#3271","2026-02-18 12:00:00",,"260225",0,0,0,0
"#3186","2026-01-11 19:00:00",,"/products/t406-7-45lb",0,0,0,0
"#3283","2026-02-27 06:00:00",,"/blogs/dolls-info-qustions/tpe-torso",0,0,0,0
"#3216","2026-01-25 05:00:00",,"260126",0,0,0,0
"#3544","2026-06-21 10:00:00",,"加热棒润滑液",0,0,0,0
"#3291","2026-02-28 22:00:00",,"/collections/the-best-male-sex-dolls",0,0,0,0
"#3205","2026-01-20 09:00:00",,"/unknow",0,0,0,0
"#3435","2026-05-12 23:00:00",,"260526",0,0,0,0
"#3569","2026-07-03 02:00:00",,"260706",0,0,0,0
"#3575","2026-07-06 06:00:00",,"/unknow",0,0,0,0
"#3445","2026-05-18 04:00:00",,"260518",0,0,0,0
"#3253","2026-02-09 10:00:00","F4918-150cm(4ft9)-26.2kg B Cup Small Breast TPE Sex Doll | Aibei Doll",,0,0,-999,-999
"#3348","2026-04-02 13:00:00",,"xcottonsp",0,0,0,0
"#3308","2026-03-10 23:00:00",,"260311",0,0,0,0
"#3530","2026-06-18 01:00:00",,"260620",0,0,0,0
"#3545","2026-06-22 06:00:00",,"润滑液",0,0,0,0
"#3475","2026-05-29 08:00:00",,"260624",0,0,0,0
"#3562","2026-06-29 02:00:00",,"/products/t637",0,0,0,0
"#3302","2026-03-06 21:00:00",,"linkdolls.com",0,0,0,0
"#3426","2026-05-10 09:00:00",,"260516",0,0,0,0
"#3148","2026-01-01 22:00:00",,"润滑液",0,0,0,0
"#3178","2026-01-10 11:00:00",,"xcottonsp",0,0,0,0
"#3241","2026-02-03 03:00:00",,"加急快递",0,0,0,109
"#3416","2026-05-06 14:00:00",,"linkdolls.com",0,0,0,0
"#3192","2026-01-15 01:00:00",,"/collections/under-100",0,0,0,0
"#3559","2026-06-27 19:00:00",,"送20克染色膏",0,0,0,0
"#3311","2026-03-13 12:00:00",,"xcottonsp",0,0,0,0
"#3331","2026-03-24 04:00:00",,"xcottonsp",0,0,0,0
"#3581","2026-07-07 11:00:00",,"润滑液",0,0,0,0
"#3168","2026-01-08 09:00:00","P32-Authentic Feeling Fake Vagina Insert Cheap pocket pussy 100% Genuine","/collections/fake-pussy-fake-vagina",0,0,-69,-69
"#3197","2026-01-17 11:00:00",,"/collections/all",0,0,0,0
"#3389","2026-04-29 07:00:00",,"PVC头架",0,0,0,0
"#3273","2026-02-19 13:00:00",,"xcottonsp",0,0,0,0
"#3456","2026-05-22 00:00:00",,"linkdolls.com",0,0,0,19
"#3417","2026-06-03 20:00:00",,"/products/f4927-",0,0,0,0
"#3263","2026-02-15 10:00:00",,"xcottonsp",0,0,0,0
"#3439","2026-05-14 03:00:00",,"护理粉",0,0,0,0
"#3306","2026-03-09 11:00:00",,"加热棒",0,0,0,0
"#3286","2026-02-27 13:00:00",,"linkdolls.com",0,0,0,0
"#3198","2026-01-17 16:00:00",,"260122",0,0,0,0
"#3593","2026-07-12 11:00:00",,"260714",0,0,0,0
"#3148","2026-02-04 13:00:00",,"260114",0,0,-100,-100
"#3368","2026-04-16 11:00:00",,"260511",0,0,0,0
"#3366","2026-05-27 11:00:00",,"/collections/full-doll",0,0,-80.04,-80.04
"#3462","2026-05-23 12:00:00",,"海运",0,0,0,0
"#3329","2026-03-23 14:00:00",,"/collections/sex-doll-head",0,0,0,0
"#3336","2026-03-27 06:00:00",,"/collections/sex-doll-torso",0,0,0,0
"#3396","2026-05-01 12:00:00",,"xcottonsp",0,0,0,0
"#3281","2026-03-01 00:00:00","P76-44LB 15.7"" Huge Cock Trans Torso - Hentai Shemale Futa Sex Doll Torso | MRL","/collections/shemale-sex-doll-torso-1",0,0,-699,-699
"#3150","2026-01-02 14:00:00",,"/collections/anime-pocket-pussy",0,0,0,0
"#3259","2026-02-12 14:00:00",,"260215",0,0,0,0
"#3273","2026-02-19 13:00:00",,"/collections/sex-doll-head",0,0,0,0
"#3288","2026-02-28 07:00:00",,"xcottonsp",0,0,0,0
"#3340","2026-03-29 17:00:00",,"/collections/sex-doll-torso-dildo",0,0,0,0
"#3436","2026-05-13 16:00:00",,"260514",0,0,0,0
"#3509","2026-06-09 13:00:00",,"260611",0,0,0,0
"#3298","2026-03-05 17:00:00",,"xcottonsp",0,0,0,0
"#3381","2026-04-25 00:00:00",,"xcottonsp",0,0,0,0
"#3523","2026-06-15 09:00:00",,"/products/h125-sex-doll-head",0,0,0,0
"#3521","2026-06-14 17:00:00",,"260618",0,0,0,0
"#3466","2026-05-25 10:00:00",,"260601",0,0,0,0
"#3507","2026-06-09 03:00:00",,"260611",0,0,0,0
"#3508","2026-06-09 05:00:00",,"260610",0,0,0,0
"#3429","2026-05-11 07:00:00",,"260519",0,0,0,0
"#3234","2026-01-31 11:00:00",,"/products/t445-27-56lb-silicone",0,0,0,0
"#3442","2026-05-15 15:00:00",,"/products/products-a684",0,0,0,0
"#3146","2026-01-01 15:00:00",,"/products/t288-70-55-lbs-roxy",0,0,0,0
"#3421","2026-05-09 18:00:00",,"/collections/vajankle-foot-fetish-toys",0,0,0,0
"#3503","2026-06-08 12:00:00","Shipping Protection",,0,0,-5.35,-5.35
"#3256","2026-02-09 21:00:00",,"260304",0,0,0,0
"#3515","2026-06-12 11:00:00",,"260615",0,0,0,0
"#3495","2026-06-05 01:00:00",,"260611",0,0,0,0
"#3540","2026-06-20 18:00:00",,"/unknow",0,0,0,0
"#3313","2026-03-14 21:00:00",,"260320",0,0,0,0
"#3298","2026-03-05 17:00:00",,"加热棒润滑液",0,0,0,0
"#3244","2026-02-05 22:00:00",,"xcottonsp",0,0,0,0
"#3308","2026-03-10 23:00:00",,"/collections/torso-only",0,0,0,0
"#3343","2026-03-31 12:00:00",,"/unknow",0,0,0,0
"#3361","2026-04-12 03:00:00",,"/collections/sex-doll-head",0,0,0,0
"#3605","2026-07-17 07:00:00",,"/collections/vajankle-foot-fetish-toys",0,0,0,0
"#3381","2026-04-25 00:00:00",,"260513",0,0,0,0
"#3148","2026-01-01 22:00:00",,"260114",0,0,0,0
"#3184","2026-01-11 08:00:00",,"260113",0,0,0,0
"#3365","2026-04-15 05:00:00",,"linkdolls.com",0,0,0,0
"#3348","2026-04-02 13:00:00",,"/products/p380-3-32-lbs",0,0,0,0
"#3159","2026-01-04 07:00:00",,"260117",0,0,0,0
"#3449","2026-05-20 15:00:00",,"260601",0,0,0,0
"#3415","2026-05-06 10:00:00",,"加热棒润滑液",0,0,0,0
"#3240","2026-02-02 23:00:00",,"/collections/bbw-black-sex-doll",0,0,0,0
"#3027","2026-02-08 00:00:00",,"251219",0,0,-70,-70
"#3274","2026-02-20 18:00:00",,"260225",0,0,0,0
"#3601","2026-07-16 03:00:00",,"/collections/bbw-sex-doll-torso",0,0,0,0
"#3453","2026-05-21 10:00:00",,"/collections/anime-pocket-pussy",0,0,0,0
"#3385","2026-04-27 15:00:00",,"260428",0,0,0,0
"#3596","2026-07-13 14:00:00",,"260716",0,0,0,0
"#3443","2026-05-15 23:00:00",,"260519",0,0,0,0
"#3174","2026-01-09 01:00:00",,"/collections/robotic-sex-doll",0,0,0,0
"#3164","2026-01-05 22:00:00",,"260110",0,0,0,0
"#3575","2026-07-06 06:00:00",,"260708",0,0,0,0
"#3388","2026-04-29 05:00:00",,"/collections/sex-doll-torso",0,0,0,0
"#3255","2026-02-09 18:00:00",,"加急快递",0,0,0,0
"#3549","2026-06-23 00:00:00",,"260623",0,0,0,0
"#3179","2026-01-10 12:00:00",,"/unknow",0,0,0,0
"#3454","2026-05-26 21:00:00",,"xcottonsp",0,0,0,0
"#3176","2026-01-09 11:00:00",,"润滑液",0,0,0,0
"#3418","2026-05-07 01:00:00",,"/en-ca",0,0,0,0
"#3409","2026-06-01 00:00:00",,"润滑液",0,0,-20,-20
"#3189","2026-01-12 18:00:00",,"xcottonsp",0,0,0,0
"#3253","2026-02-09 10:00:00","Shipping Protection",,0,0,-20.23,-20.23
"#3162","2026-01-05 08:00:00",,"加急快递",0,0,0,0
"#3205","2026-01-20 09:00:00",,"260128",0,0,0,0
"#3150","2026-01-02 14:00:00",,"260105",0,0,0,0
"#3470","2026-05-28 16:00:00",,"海运",0,0,-70.97,-70.97
"#3394","2026-05-01 00:00:00",,"260505",0,0,0,0
"#3150","2026-01-02 14:00:00",,"润滑液",0,0,0,0
"#3167","2026-01-06 18:00:00",,"/collections/sex-doll-torso-dildo",0,0,0,0
"#3253","2026-02-08 14:00:00",,,0,0,0,0
"#3559","2026-06-27 19:00:00",,"/unknow",0,0,0,0
"#3415","2026-05-07 23:00:00",,"260509",0,0,0,0
"#3499","2026-06-06 05:00:00",,"/collections/black-male-sex-doll",0,0,0,0
"#3324","2026-03-20 14:00:00",,"linkdolls.com",0,0,0,0
"#3272","2026-02-19 06:00:00",,"/collections/black-sex-doll-heads",0,0,0,0
"#3259","2026-02-12 14:00:00",,"linkdolls.com",0,0,0,0
"#3338","2026-03-28 18:00:00",,"260330",0,0,0,0
"#3440","2026-05-15 13:00:00",,"/collections/femboys-sex-doll",0,0,0,0
"#3409","2026-05-05 11:00:00",,"linkdolls.com",0,0,0,0
"#3153","2026-01-03 05:00:00",,"/collections/vajankle-foot-fetish-toys",0,0,0,0
"#3416","2026-05-06 14:00:00",,"润滑液",0,0,0,0
"#3455","2026-06-06 09:00:00",,"/unknow",0,0,-150,-150
"#3345","2026-04-01 07:00:00",,"/collections/full-doll",0,0,0,0
"#3483","2026-06-01 09:00:00",,"260608",0,0,0,0
"#3260","2026-02-12 14:00:00",,"/collections/ros-sex-doll-heads-1",0,0,0,0
"#3324","2026-03-20 14:00:00",,"260320",0,0,0,0
"#3216","2026-01-25 05:00:00",,"xcottonsp",0,0,0,0
"#3151","2026-01-05 10:00:00",,"xcottonsp",0,0,-174,-174
"#3257","2026-02-12 06:00:00",,"260216",0,0,0,0
"#3249","2026-02-07 15:00:00",,"xcottonsp",0,0,0,0
"#3451","2026-05-21 06:00:00",,"260615",0,0,0,0
"#3417","2026-06-03 20:00:00",,"加急快递",0,0,0,0
"#3569","2026-07-03 02:00:00",,"xcottonsp",0,0,0,0
"#3558","2026-06-27 16:00:00",,"/products/yeloly-ssbbw",0,0,0,0
"#3147","2026-01-01 17:00:00",,"xcottonsp",0,0,0,0
"#3485","2026-06-01 21:00:00",,"260616",0,0,0,0
"#3378","2026-04-24 02:00:00",,"xcottonsp",0,0,0,69
"#3337","2026-03-27 09:00:00",,"xcottonsp",0,0,0,0
"#3291","2026-02-28 22:00:00",,"同款假发+发饰",0,0,0,0
"#3348","2026-04-02 13:00:00",,"260409",0,0,0,0
"#3500","2026-06-06 22:00:00",,"/collections/all",0,0,0,0
"#3195","2026-01-17 02:00:00",,"linkdolls.com",0,0,0,0
"#3201","2026-01-19 10:00:00",,"/collections/boob-job-sex-toys",0,0,0,0
"#3276","2026-02-26 09:00:00","T6-(60lb) Luxury Thin Cinnamon Half Torso Sex Doll Small Flat Chested【in stock】|Climax Doll","/products/t6-luxury-realistic",0,0,-674.11,-674.11
"#3508","2026-06-09 05:00:00",,"/en-ca/products/a664-37-5lb",0,0,0,0
"#3219","2026-01-27 01:00:00",,"/unknow",0,0,0,0
"#3524","2026-06-15 15:00:00",,"/unknow",0,0,0,0
"#3564","2026-06-30 00:00:00",,"260702",0,0,0,0
"#3563","2026-06-29 13:00:00",,"260718",0,0,0,0
"#3195","2026-01-17 02:00:00",,"260124",0,0,0,0
"#3548","2026-06-23 00:00:00",,"/collections/fake-ass-sex-toy",0,0,0,0
"#3491","2026-06-03 23:00:00",,"加热棒",0,0,0,0
"#3158","2026-01-04 05:00:00",,"/unknow",0,0,0,0
"#3208","2026-01-20 22:00:00",,"xcottonsp",0,0,0,0
"#3538","2026-06-19 16:00:00",,"润滑液",0,0,0,0
"#3480","2026-05-31 13:00:00",,"干燥棒",0,0,0,0
"#3479","2026-05-31 12:00:00",,"260611",0,0,0,0
"#3579","2026-07-07 03:00:00",,"加热棒",0,0,0,39
"#3452","2026-05-22 22:00:00","H706 ROS Silicone Blowjob Sex Doll Head [IN STOCK USA]｜Zelex Doll Head","/products/se-doll-head-x-bot",0,0,-424.15,-424.15
"#3594","2026-07-12 19:00:00",,"/linkdolls.com",0,0,0,0
"#3438","2026-05-14 01:00:00",,"加急快递",0,0,0,0
"#3503","2026-06-08 00:00:00",,,0,0,0,0
"#3219","2026-01-27 01:00:00",,"加急快递",0,0,0,0
"#3275","2026-02-21 07:00:00",,"/unknow",0,0,0,69
"#3359","2026-04-10 20:00:00",,,0,0,0,0
"#3376","2026-04-23 15:00:00",,"xcottonsp",0,0,0,0
"#3253","2026-02-09 10:00:00",,,0,0,0,0
"#3149","2026-01-02 00:00:00",,"260113",0,0,0,0
"#3193","2026-01-15 03:00:00",,"260115",0,0,0,0
"#3281","2026-02-27 00:00:00",,"/collections/shemale-sex-doll-torso-1",0,0,0,0
"#3309","2026-03-12 15:00:00",,"260321",0,0,0,0
"#3463","2026-05-25 22:00:00","V26 - 1.54 lbs Realistic Silicone Vajankle Right Foot Fetish Sex Toy with Channels",,0,0,-249,-249
"#3441","2026-05-15 14:00:00",,"/unknow",0,0,0,0
"#3609","2026-07-18 17:00:00",,,0,0,0,0
"#3290","2026-02-28 15:00:00",,"260311",0,0,0,89
"#3455","2026-05-21 19:00:00",,"/unknow",0,0,0,0
"#3341","2026-03-30 21:00:00",,"/products/p129-real-feel",0,0,0,0
"#3452","2026-05-21 06:00:00",,"/products/se-doll-head-x-bot",0,0,0,0
"#3328","2026-03-25 13:00:00",,"/collections/angel-kiss-doll",0,0,50,50
"#3365","2026-04-15 05:00:00",,"260423",0,0,0,0
"#3214","2026-01-24 00:00:00",,"/collections/furry-sex-doll",0,0,0,0
"#3427","2026-05-10 15:00:00",,"/collections/under-100",0,0,0,0
"#3237","2026-02-01 15:00:00",,"/collections/sex-doll-torso-dildo",0,0,0,0
"#3248","2026-02-07 11:00:00",,"260304",0,0,0,0
"#3189","2026-01-12 18:00:00",,"260116",0,0,0,0
"#3454","2026-05-21 16:00:00",,"xcottonsp",0,0,0,0
"#3170","2026-01-08 09:00:00",,"xcottonsp",0,0,0,0
"#3388","2026-04-29 05:00:00",,"260523",0,0,0,0
"#3275","2026-02-21 07:00:00",,"加热棒润滑液",0,0,0,69
"#3452","2026-05-22 22:00:00",,"/products/se-doll-head-x-bot",0,0,0,0
"#3555","2026-06-25 20:00:00",,"260626",0,0,0,0
"#3226","2026-01-29 03:00:00",,"/collections/torso-dildo",0,0,0,0
"#3292","2026-03-01 17:00:00",,"260303",0,0,0,0
"#3349","2026-04-04 00:00:00",,"/en-ca/collections/boob-job-sex-toys",0,0,0,0
"#3457","2026-05-22 01:00:00",,"/products/b43-silicone-sex-doll",0,0,0,0
"#3284","2026-02-27 09:00:00",,"/collections/sex-doll-head",0,0,0,0
"#3433","2026-05-11 23:00:00",,"linkdolls.com",0,0,0,0
"#3155","2026-01-03 15:00:00",,"加急快递",0,0,0,0
"#3209","2026-01-21 08:00:00",,"/products/p72",0,0,0,0
"#3518","2026-06-13 18:00:00",,"/cart",0,0,0,0
"#3546","2026-06-22 07:00:00",,"/collections/big-ass-sex-doll-torso",0,0,0,0
"#3224","2026-01-28 13:00:00",,"/collections/shemale-sex-doll-torso-1",0,0,0,0
"#3192","2026-01-15 01:00:00",,"260115",0,0,0,0
"#3296","2026-03-04 12:00:00",,,0,0,0,0
"#3373","2026-04-20 04:00:00",,"快递加急",0,0,0,0
"#3397","2026-05-01 13:00:00",,"/collections/torso-dildo",0,0,0,0
"#3306","2026-03-09 11:00:00","A512 (57.32lb) Big Ass Sex Torso Doggy Style 1:1 Life-Sized BBW Big Sex Butts","/collections/all",0,0,-624,-624
"#3422","2026-05-09 21:00:00",,"260512",0,0,0,0
"#3332","2026-03-25 04:00:00",,"260407",0,0,0,0
"#3471","2026-06-02 13:00:00",,"/unknow",0,0,0,0
"#3564","2026-06-30 00:00:00",,"/collections/bbw-sex-doll-torso",0,0,0,0
"#3153","2026-01-03 05:00:00",,"PVC头架",0,0,0,0
"#3476","2026-05-29 14:00:00",,"260608",0,0,0,0
"#3528","2026-06-24 21:00:00",,"260624",0,0,0,0
"#3244","2026-02-05 22:00:00",,"260207",0,0,0,0
"#3496","2026-06-05 05:00:00",,"/collections/breast-toy",0,0,0,0
"#3344","2026-04-01 01:00:00",,"/unknow",0,0,0,139
"#3406","2026-05-05 07:00:00",,"260509",0,0,0,0
"#3589","2026-07-10 14:00:00",,"260713",0,0,0,0
"#3384","2026-04-27 07:00:00",,"260427",0,0,0,0
"#3601","2026-07-16 03:00:00",,"加热棒",0,0,0,0
"#3526","2026-06-16 10:00:00",,"/collections/climax-doll",0,0,0,0
"#3319","2026-03-18 10:00:00",,"260319",0,0,0,0
"#3198","2026-01-17 16:00:00",,"/ja/collections/male-sex-doll",0,0,0,0
"#3466","2026-05-25 10:00:00",,"加热棒",0,0,0,0
"#3537","2026-06-19 05:00:00",,"260623",0,0,0,0
"#3190","2026-01-13 20:00:00",,"xcottonsp",0,0,0,0
"#3252","2026-02-08 04:00:00",,"加热棒",0,0,0,0
"#3080","2026-01-21 17:00:00",,"251204",0,0,-198,-198
"#3362","2026-04-13 06:00:00",,"同款假发+发饰",0,0,0,0
"#3349","2026-04-04 00:00:00",,"260408",0,0,0,0
"#3187","2026-01-12 04:00:00",,"xcottonsp",0,0,0,0
"#3235","2026-01-31 15:00:00",,"xcottonsp",0,0,0,0
"#3206","2026-01-20 10:00:00",,"260205",0,0,0,0
"#3528","2026-06-24 21:00:00",,"xcottonsp",0,0,0,0
"#3505","2026-06-08 19:00:00",,"/products/f4668-165cm",0,0,0,0
"#3151","2026-01-02 22:00:00",,"加热棒润滑液",0,0,0,0
"#3566","2026-06-30 23:00:00",,"/collections/sex-doll-head",0,0,0,0
"#3435","2026-05-12 23:00:00",,"海运",0,0,0,0
"#3409","2026-05-05 11:00:00",,"260513",0,0,0,0
"#3473","2026-05-28 09:00:00",,"xcottonsp",0,0,0,0
"#3190","2026-01-13 20:00:00",,"260119",0,0,0,0
"#3323","2026-03-20 00:00:00",,"linkdolls.com",0,0,0,69
"#3408","2026-05-05 09:00:00",,"xcottonsp",0,0,0,0
"#3167","2026-01-06 18:00:00",,"加热棒润滑液",0,0,0,0
"#3256","2026-02-09 21:00:00",,"xcottonsp",0,0,0,0
"#3450","2026-06-18 10:00:00",,"/de/collections/huge-breast-torso",0,0,-33.9,-33.9
"#3158","2026-01-04 05:00:00",,"260106",0,0,0,0
"#3525","2026-06-15 23:00:00",,"260711",0,0,0,0
"#3027","2026-02-08 00:00:00",,"251119",0,0,-70,-70
"#3293","2026-03-01 19:00:00",,"260303",0,0,0,0
"#3558","2026-06-27 16:00:00",,"260629",0,0,0,0
"#3221","2026-01-27 06:00:00",,"润滑液",0,0,0,0
"#3388","2026-04-29 05:00:00",,"xcottonsp",0,0,0,0
"#3534","2026-06-18 18:00:00",,"260623",0,0,0,0
"#3603","2026-07-16 10:00:00",,"260716",0,0,0,0
"#3417","2026-06-03 20:00:00",,"xcottonsp",0,0,0,0
"#3417","2026-06-03 20:00:00",,"260602",0,0,0,0
"#3248","2026-02-07 11:00:00",,"额外假发",0,0,0,0
"#3237","2026-02-01 15:00:00",,"260205",0,0,0,0
"#3264","2026-02-15 14:00:00",,"/products/t6443",0,0,0,0
"#3508","2026-06-09 05:00:00",,"海运",0,0,0,0
"#3306","2026-03-09 11:00:00","Shipping Protection","加热棒",0,0,-12.88,-12.88
"#3529","2026-06-17 15:00:00",,"xcottonsp",0,0,0,0
"#3254","2026-02-09 06:00:00",,"260210",0,0,0,19
"#3286","2026-02-27 13:00:00",,"润滑液",0,0,0,0
"#3446","2026-05-18 22:00:00",,"/collections/sex-doll-torso-dildo",0,0,0,0
"#3465","2026-05-25 02:00:00",,"/collections/sex-doll-head",0,0,0,0
"#3413","2026-05-06 02:00:00",,"/unknow",0,0,0,0
"#3541","2026-06-20 23:00:00",,"加热棒",0,0,0,0
"#3451","2026-05-21 06:00:00",,"260523",0,0,0,0
"#3343","2026-03-31 12:00:00",,"260401",0,0,0,0
"#3421","2026-05-09 18:00:00",,"260514",0,0,0,0
"#3557","2026-06-26 18:00:00",,"头架",0,0,0,0
"#3470","2026-05-28 16:00:00",,"/pages/best-sex-doll-promotions",0,0,-70.97,-70.97
"#3572","2026-07-04 23:00:00",,"/products/t435-72-75lb",0,0,0,0
"#3454","2026-05-21 16:00:00",,"/blogs/dolls-info-qustions/buy-your-sex",0,0,0,0
"#3236","2026-01-31 21:00:00",,"260204",0,0,0,0
"#3404","2026-05-04 11:00:00",,"260521",0,0,0,0
"#3572","2026-07-04 23:00:00",,"260707",0,0,0,0
"#3450","2026-06-18 10:00:00",,"260604",0,0,-33.9,-33.9
"#3344","2026-04-01 01:00:00",,"xcottonsp",0,0,0,139
"#3480","2026-05-31 13:00:00",,"转向链接器",0,0,0,0
"#3201","2026-01-19 10:00:00",,"260203",0,0,0,0
"#3599","2026-07-14 09:00:00",,"/linkdolls.com",0,0,0,0
"#3464","2026-05-24 18:00:00",,"260526",0,0,0,0
"#3231","2026-01-30 06:00:00",,"260130",0,0,0,39
"#3590","2026-07-11 01:00:00",,"/collections/sex-doll-legs",0,0,0,0
"#3468","2026-05-27 09:00:00",,"260626",0,0,0,0
"#3366","2026-05-27 11:00:00",,"加急快递",0,0,-80.04,-80.04
"#3328","2026-03-25 13:00:00","F3063—160cm/5ft3-37.2kg J Cup Big Breast Silicone BBW Sex Doll(ZELEX SLE)｜Zelex Doll","/collections/angel-kiss-doll",0,0,-1889.11,-1889.11
"#3560","2026-06-28 04:00:00",,"260709",0,0,0,0
"#3499","2026-06-06 05:00:00",,"260610",0,0,0,0
"#3156","2026-01-04 03:00:00",,"加急快递",0,0,0,0
"#3489","2026-06-03 14:00:00",,"/collections/boob-job-sex-toys",0,0,0,0
"#3468","2026-05-27 09:00:00",,"260529",0,0,0,0
"#3368","2026-04-16 11:00:00",,"/products/h231-ros-silicone",0,0,0,0
"#3497","2026-06-05 15:00:00",,"260610",0,0,0,0
"#3351","2026-04-05 17:00:00",,,0,0,0,0
"#3390","2026-04-29 11:00:00",,"加热棒",0,0,0,0
"#3233","2026-01-31 02:00:00",,"加急快递",0,0,0,0
"#3579","2026-07-07 03:00:00",,"/en-ca/collections/shemale-sex-doll",0,0,0,39
"#3293","2026-03-01 19:00:00",,"linkdolls.com",0,0,0,0
"#3607","2026-07-17 21:00:00",,,0,0,0,0
"#3487","2026-06-02 10:00:00",,"260602",0,0,0,0
"#3232","2026-01-30 09:00:00",,"260130",0,0,0,0
"#3422","2026-05-09 21:00:00",,"/products/a457-37-74lb",0,0,0,0
"#3498","2026-06-06 03:00:00",,"260701",0,0,0,0
"#3504","2026-06-08 08:00:00",,"260609",0,0,0,0
"#3187","2026-01-12 04:00:00",,"/unknow",0,0,0,0
"#3182","2026-01-10 23:00:00",,"润滑液",0,0,0,0
"#3211","2026-01-22 02:00:00",,"260113",0,0,0,0
"#3539","2026-07-07 00:00:00",,,0,0,0,0
"#3262","2026-02-12 22:00:00",,"/products/f5617-163cm",0,0,0,0
"#3335","2026-03-27 04:00:00",,"linkdolls.com",0,0,0,0
"#3411","2026-05-05 20:00:00",,"260521",0,0,0,0
"#3357","2026-04-09 00:00:00",,"送F5429全套衣服包括鞋",0,0,0,0
"#3147","2026-01-01 17:00:00",,"260419",0,0,0,0
"#3203","2026-01-19 16:00:00",,"xcottonsp",0,0,0,0
"#3399","2026-05-02 06:00:00",,"260525",0,0,0,0
"#3154","2026-01-03 14:00:00",,"xcottonsp",0,0,0,0
"#3525","2026-06-15 23:00:00",,"/collections/bbw-sex-doll-torso",0,0,0,0
"#3560","2026-06-28 04:00:00",,"/products/t709-",0,0,0,0
"#3270","2026-02-18 12:00:00",,"内衣",0,0,0,0
"#3156","2026-01-04 03:00:00",,"260110",0,0,0,0
"#3169","2026-01-08 01:00:00",,"/unknow",0,0,0,0
"#3243","2026-02-03 07:00:00",,"xcottonsp",0,0,0,0
"#3332","2026-03-25 04:00:00",,"/en-ca/cart",0,0,0,0
"#3467","2026-05-25 22:00:00",,"/collections/sex-doll-torso-dildo",0,0,0,0
"#3340","2026-03-29 17:00:00",,"260408",0,0,0,0
"#3250","2026-02-07 19:00:00",,"/collections/vibrating-sex-doll-torso",0,0,0,0
"#3152","2026-01-03 04:00:00",,"260124",0,0,0,0
"#3306","2026-03-09 11:00:00",,"/collections/all",0,0,0,0
"#3249","2026-02-07 15:00:00",,"260209",0,0,0,0
"#3228","2026-01-29 18:00:00",,"xcottonsp",0,0,0,0
"#3460","2026-05-23 03:00:00",,"/collections/full-doll",0,0,0,0
"#3389","2026-04-29 07:00:00",,"xcottonsp",0,0,0,0
"#3560","2026-06-28 04:00:00",,"xcottonsp",0,0,0,0
"#3272","2026-02-19 06:00:00",,"260318",0,0,0,0
"#3175","2026-01-09 08:00:00",,"/unknow",0,0,0,0
"#3248","2026-02-07 11:00:00",,"linkdolls.com",0,0,0,0
"#3578","2026-07-12 02:00:00","P672-Vibrating Buttocks Sex Doll – Automatic Sucking Vibrating Pocket Pussy, Doggy Style 7.9lbs","/de/collections/electric-pocket-pussy",0,0,-149,-149
"#3222","2026-01-27 14:00:00",,"260128",0,0,0,0
"#3490","2026-06-03 19:00:00",,"/collections/femboys-sex-doll",0,0,0,0
"#3185","2026-01-11 08:00:00",,"260113",0,0,0,0
"#3483","2026-06-01 09:00:00",,"/collections/vajankle-foot-fetish-toys",0,0,0,0
"#3526","2026-06-16 10:00:00",,"260702",0,0,0,0
"#3303","2026-03-06 21:00:00",,"xcottonsp",0,0,0,0
"#3581","2026-07-07 11:00:00",,"/products/592",0,0,0,0
"#3221","2026-01-27 06:00:00",,"/collections/bbw-sex-doll-torso",0,0,0,0
"#3353","2026-04-06 04:00:00",,"/en-ca/collections/sex-doll-torso-dildo",0,0,0,0
"#3398","2026-05-02 02:00:00",,"/collections/vajankle-foot-fetish-toys",0,0,0,0
"#3264","2026-02-15 14:00:00",,"xcottonsp",0,0,0,0
"#3577","2026-07-06 16:00:00",,"260713",0,0,0,0
"#3542","2026-06-21 01:00:00",,"260623",0,0,0,0
"#3559","2026-06-27 19:00:00",,"衣服",0,0,0,0
"#3458","2026-05-22 18:00:00",,"xcottonsp",0,0,0,0
"#3298","2026-03-05 17:00:00",,"/en-ca/products/f9270",0,0,0,0
"#3378","2026-04-24 02:00:00",,"/unknow",0,0,0,69
"#3229","2026-01-29 18:00:00",,"linkdolls.com",0,0,0,0
"#3338","2026-03-28 18:00:00",,"linkdolls.com",0,0,0,0
"#3274","2026-02-20 18:00:00",,"润滑剂",0,0,0,0
"#3288","2026-02-28 07:00:00",,"260313",0,0,0,0
"#3401","2026-05-02 13:00:00",,"/products/f9194-47-5kg-m-cup",0,0,0,0
"#3548","2026-06-23 00:00:00",,"260623",0,0,0,0
"#3265","2026-02-16 20:00:00",,"260217",0,0,0,0
"#3159","2026-01-04 07:00:00",,"xcottonsp",0,0,0,0
"#3536","2026-06-20 20:00:00","H378 ROS Silicone Sex Doll Head丨Galatea Doll Head",,0,0,-697,-697
"#3266","2026-02-17 00:00:00",,"/collections/sex-torso-doll-in-stock",0,0,0,0
"#3524","2026-06-15 15:00:00",,"xcottonsp",0,0,0,0
"#3439","2026-05-20 19:00:00","Shipping Protection","/unknow",0,0,-20.9,-20.9
"#3219","2026-01-27 01:00:00",,"xcottonsp",0,0,0,0
"#3307","2026-03-09 14:00:00",,"/collections/fake-pussy-fake-vagina",0,0,0,0
"#3600","2026-07-14 19:00:00",,"2607515",0,0,0,0
"#3163","2026-01-05 11:00:00",,"/collections/sex-doll-head",0,0,0,0
"#3235","2026-01-31 15:00:00",,"/products/t940-33lb",0,0,0,0
"#3269","2026-02-25 00:00:00",,"260325",0,0,-138.57,-138.57
"#3211","2026-01-22 02:00:00",,"/products/h073-sex-doll-head",0,0,0,0
"#3592","2026-07-11 19:00:00",,"/collections/sex-doll-head",0,0,0,0
"#3267","2026-02-17 02:00:00",,"260307",0,0,0,0
"#3278","2026-02-24 01:00:00",,"/unknow",0,0,0,0
"#3492","2026-06-04 00:00:00",,,0,0,0,0
"#3487","2026-06-02 10:00:00",,"/linkdolls.com",0,0,0,0
"#3488","2026-06-05 11:00:00",,"/en-ca",0,0,-26.9,-26.9
"#3258","2026-02-12 10:00:00",,"/collections/bbw-sex-doll-torso",0,0,0,0
"#3296","2026-03-03 17:00:00",,,0,0,0,0
"#3598","2026-07-14 04:00:00",,"/collections/boob-job-sex-toys",0,0,0,0
"#3469","2026-05-27 11:00:00",,"海运",0,0,0,0
"#3422","2026-05-09 21:00:00",,"xcottonsp",0,0,0,0
"#3478","2026-05-30 02:00:00",,"260602",0,0,0,0
"#3158","2026-01-04 05:00:00",,"xcottonsp",0,0,0,0
"#3153","2026-01-03 05:00:00",,"260126",0,0,0,0
"#3461","2026-05-28 10:00:00",,"260528",0,0,-181,-181
"#3478","2026-05-30 02:00:00",,"xcottonsp",0,0,0,0
"#3544","2026-06-21 10:00:00",,"/collections/bbw-sex-doll-torso",0,0,0,0
"#3321","2026-03-18 12:00:00",,"送假发和发饰",0,0,0,0
"#3399","2026-05-02 06:00:00",,"linkdolls.com",0,0,0,0
"#3182","2026-01-10 23:00:00",,"260114",0,0,0,0
"#3264","2026-02-15 14:00:00",,"260216",0,0,0,0
"#3290","2026-02-28 15:00:00",,"260306",0,0,0,89
"#3183","2026-01-11 01:00:00",,"/products/f1445a-163cm",0,0,0,0
"#3457","2026-05-22 01:00:00",,"260530",0,0,0,0
"#3405","2026-05-04 23:00:00",,"/collections/shemale-sex-doll-torso-1",0,0,0,0
"#3245","2026-02-06 04:00:00",,"260207",0,0,0,0
"#3551","2026-06-23 23:00:00",,"xcottonsp",0,0,0,0
"#3513","2026-06-12 05:00:00",,"/linkdolls.com",0,0,0,0
"#3417","2026-05-06 18:00:00",,"加急快递",0,0,0,0
"#3242","2026-02-03 06:00:00",,"/collections/all",0,0,0,0
"#3502","2026-06-07 18:00:00",,"/collections/anime-sex-doll",0,0,0,0
"#3212","2026-01-22 04:00:00",,"260123",0,0,0,0
"#3332","2026-03-25 04:00:00",,"xcottonsp",0,0,0,0
"#3178","2026-01-10 11:00:00",,"/collections/bbw-sex-doll-torso",0,0,0,0
"#3350","2026-04-04 23:00:00","L584(19lb/70cm) Sex Doll Legs Realistic Female Sexy Leg Sex Dolls Torso For Men Big Booty Sexdoll Hip Male｜Aiyuan",,0,0,-299,-299
"#3248","2026-02-07 11:00:00",,"260323",0,0,0,0
"#3460","2026-05-28 16:00:00","T609-48.06LB Diana Realistic Masturbator Pornstar Sex Doll丨Tantaly","/collections/full-doll",0,0,-599,-599
"#3217","2026-01-25 21:00:00",,"/collections/sex-doll-head",0,0,0,0
"#3194","2026-01-15 19:00:00",,"/collections/electric-pocket-pussy",0,0,0,0
"#3456","2026-05-22 00:00:00",,"260526",0,0,0,19
"#3543","2026-06-21 03:00:00",,"260625",0,0,0,0
"#3603","2026-07-16 10:00:00",,"/linkdolls.com",0,0,0,0
"#3305","2026-03-07 13:00:00",,"260310",0,0,0,0
"#3191","2026-01-14 21:00:00",,"/collections/vajankle-foot-fetish-toys",0,0,0,0
"#3451","2026-05-21 06:00:00",,"/products/a302-21-4lb",0,0,0,0
"#3203","2026-01-19 16:00:00",,"linkdolls.com",0,0,0,0
"#3375","2026-04-21 08:00:00",,"/products/33lbs-lifelike-ass-sex-toy",0,0,0,0
"#3517","2026-06-16 00:00:00","P14- Anime Hentai Fake Pussy",,0,0,-149,-149
"#3528","2026-06-17 14:00:00",,"xcottonsp",0,0,0,0
"#3392","2026-04-30 04:00:00",,"linkdolls.com",0,0,0,0
"#3466","2026-05-25 10:00:00",,"/linkdolls.com",0,0,0,0
"#3151","2026-01-02 22:00:00",,"xcottonsp",0,0,0,0
"#3288","2026-02-28 07:00:00",,"/unknow",0,0,0,0
"#3240","2026-02-02 23:00:00",,"260205",0,0,0,0
"#3405","2026-05-04 23:00:00",,"260509",0,0,0,0
"#3295","2026-03-03 09:00:00",,"/unknow",0,0,0,0
"#3373","2026-04-20 04:00:00",,"头架",0,0,0,0
"#3540","2026-06-20 18:00:00",,"衣服",0,0,0,0
"#3419","2026-05-07 22:00:00",,"/collections/vendors",0,0,0,0
"#3351","2026-04-05 17:00:00","L583(13.2lb/27.5‘’) 70cm Cheap Sex Doll Legs with Realistic Feet & Dual Channels - Affordable Leg Fetish Torso",,0,0,-240.87,-240.87
"#3472","2026-05-28 06:00:00",,"/linkdolls.com",0,0,0,0
"#3282","2026-02-27 04:00:00",,,0,0,0,0
"#3299","2026-03-05 19:00:00",,"xcottonsp",0,0,0,0
"#3376","2026-04-23 15:00:00",,"260515",0,0,0,0
"#3321","2026-03-18 12:00:00",,"干燥棒",0,0,0,0
"#3381","2026-04-25 00:00:00",,"/unknow",0,0,0,0
"#3431","2026-05-11 10:00:00",,"/unknow",0,0,0,0
"#3509","2026-06-09 13:00:00",,"/collections/under-100",0,0,0,0
"#3455","2026-05-21 19:00:00",,"260605",0,0,0,0
"#3186","2026-01-11 19:00:00",,"260115",0,0,0,0
"#3220","2026-01-27 03:00:00",,"xcottonsp",0,0,0,0
"#3331","2026-03-24 04:00:00",,"260407",0,0,0,0
"#3501","2026-06-07 14:00:00",,"/collections/shemale-sex-doll-torso-1",0,0,0,0
"#3402","2026-05-03 05:00:00",,"/collections/alien-sex-dolls",0,0,0,0
"#3157","2026-01-04 05:00:00",,"头架",0,0,0,0
"#3403","2026-05-04 07:00:00",,"linkdolls.com",0,0,0,0
"#3389","2026-04-29 07:00:00",,"/collections/sex-doll-head",0,0,0,0
"#3270","2026-02-18 12:00:00",,"加热棒",0,0,0,0
"#3414","2026-05-06 08:00:00",,"/unknow",0,0,0,0
"#3231","2026-01-30 06:00:00",,"xcottonsp",0,0,0,39
"#3538","2026-06-19 16:00:00",,"linkdolls.com",0,0,0,0
"#3176","2026-01-09 11:00:00",,"加急快递",0,0,0,0
"#3532","2026-06-18 12:00:00",,"润滑液",0,0,0,0
"#3168","2026-01-08 09:00:00","Shipping Protection","/collections/fake-pussy-fake-vagina",0,0,-1.45,-1.45
"#3290","2026-02-28 15:00:00",,"linkdolls.com",0,0,0,89
"#3489","2026-06-03 14:00:00",,"xcottonsp",0,0,0,0
"#3307","2026-03-09 14:00:00",,"260310",0,0,0,0
"#3080","2026-01-21 17:00:00",,"/unknow",0,0,-198,-198
"#3222","2026-01-27 14:00:00",,"/checkouts/cn/hWN8",0,0,0,0
"#3155","2026-01-03 15:00:00",,"260117",0,0,0,0
"#3359","2026-04-15 09:00:00","D409(1.4 LBS丨8.86"") Realistic Doggy Dildo Doll with Thick Knot & Veins - Medical Grade Silicone Beast Toy",,0,0,-134.1,-134.1
"#3312","2026-03-13 17:00:00",,"linkdolls.com",0,0,0,0
"#3336","2026-03-27 06:00:00",,"260403",0,0,0,0
"#3562","2026-06-29 02:00:00",,"260629",0,0,0,0
"#3411","2026-05-05 20:00:00",,"linkdolls.com",0,0,0,0
"#3539","2026-07-07 00:00:00","A433-16.54LB Lucy Silicone Realistic Pussy BBW Mini Sex Doll Bubble Butt Hip Toy| LoveNestle Series",,0,0,-364,-364
"#3149","2026-01-02 00:00:00",,"linkdolls.com",0,0,0,0
"#3432","2026-05-11 17:00:00",,"/collections/sex-doll-head",0,0,0,0
"#3163","2026-01-05 11:00:00",,"头架",0,0,0,0
"#3502","2026-06-07 18:00:00",,"加热棒润滑液",0,0,0,0
"#3377","2026-04-23 20:00:00",,"/products/a499-bbw-big-booty-silicone",0,0,0,0
"#3232","2026-01-30 09:00:00",,"xcottonsp",0,0,0,0
"#3444","2026-05-16 03:00:00",,"260519",0,0,0,0
"#3344","2026-04-01 01:00:00",,"260401",0,0,0,139
"#3411","2026-05-05 20:00:00",,"快递加急",0,0,0,0
"#3278","2026-02-24 01:00:00",,"260228",0,0,0,0
"#3507","2026-06-09 03:00:00",,"/collections/silicone-ass",0,0,0,0
"#3412","2026-05-06 01:00:00",,"/unknow",0,0,0,0
"#3439","2026-05-20 19:00:00","T666-39.7lbs/83cm Silicone Luxury Super Realistic Life Size Torso Sex Doll And Robots","护理粉",0,0,-1014.31,-1014.31
"#3212","2026-01-22 04:00:00",,"润滑液",0,0,0,0
"#3528","2026-06-17 14:00:00",,"260624",0,0,0,0
"#3223","2026-01-28 02:00:00",,"加热棒",0,0,0,0
"#3230","2026-01-30 03:00:00",,"xcottonsp",0,0,0,0
"#3551","2026-06-23 23:00:00",,"/collections/mini-sex-doll-torso",0,0,0,0
"#3580","2026-07-07 10:00:00",,"/products/h125-sex-doll-head",0,0,0,0
"#3223","2026-01-28 23:00:00",,"加热棒",0,0,-51.9,-51.9
"#3370","2026-04-18 16:00:00",,"260423",0,0,0,0
"#3512","2026-06-11 10:00:00",,"260618",0,0,0,0
"#3175","2026-01-09 08:00:00",,"260109",0,0,0,0
"#3230","2026-01-30 03:00:00",,"/collections/judy-rona-doll",0,0,0,0
"#3591","2026-07-11 01:00:00",,"260713",0,0,0,0
"#3502","2026-06-07 18:00:00",,"260609",0,0,0,0
"#3200","2026-01-18 22:00:00",,"260124",0,0,0,0
"#3177","2026-01-10 02:00:00",,"xcottonsp",0,0,0,0
"#3539","2026-06-20 12:00:00",,,0,0,0,0
"#3571","2026-07-04 01:00:00",,"加急快递",0,0,0,0
"#3606","2026-07-17 18:00:00",,,0,0,-89.1,-89.1
"#3273","2026-02-19 13:00:00",,"260324",0,0,0,0
"#3527","2026-06-16 13:00:00",,"/60719464687/orders",0,0,0,0
"#3364","2026-04-15 04:00:00",,"linkdolls.com",0,0,0,0
"#3222","2026-01-27 14:00:00",,"加急快递",0,0,0,0
"#3474","2026-05-28 19:00:00",,"linkdolls.com",0,0,0,0
"#3392","2026-04-30 04:00:00",,"260504",0,0,0,0
"#3522","2026-06-14 21:00:00",,"加急快递",0,0,0,0
"#3362","2026-04-13 06:00:00",,"260512",0,0,0,0
"#3210","2026-01-21 19:00:00",,"/collections/judy-rona-doll",0,0,0,0
"#3170","2026-01-08 09:00:00",,"260206",0,0,0,0
"#3188","2026-01-12 11:00:00",,"260121",0,0,0,0
"#3239","2026-02-02 11:00:00",,"/products/a359-27-5lb",0,0,0,0
"#3488","2026-06-05 11:00:00",,"260605",0,0,-26.9,-26.9
"#3396","2026-05-01 12:00:00",,"260504",0,0,0,0
"#3505","2026-06-08 19:00:00",,"260622",0,0,0,0
"#3168","2026-01-08 09:00:00",,"/collections/fake-pussy-fake-vagina",0,0,0,0
"#3482","2026-06-01 07:00:00",,"/cart",0,0,0,0
"#3465","2026-05-25 02:00:00",,"260611",0,0,0,0
"#3215","2026-01-24 21:00:00",,"/en-fi/collections/vajankle-foot",0,0,0,0
"#3556","2026-06-26 11:00:00",,"/collections/under-100",0,0,0,0
"#3234","2026-01-31 11:00:00",,"260203",0,0,0,0
"#3496","2026-06-05 05:00:00",,"260605",0,0,0,0
"#3373","2026-04-20 04:00:00",,"260530",0,0,0,0
"#3417","2026-05-06 18:00:00",,"/products/f4927-",0,0,0,0
"#3164","2026-01-05 22:00:00",,"xcottonsp",0,0,0,0
"#3151","2026-01-02 22:00:00",,"/checkouts/cn/hWN6KRB",0,0,0,0
"#3156","2026-01-04 03:00:00",,"/collections/vajankle-foot-fetish-toys",0,0,0,0
"#3165","2026-01-06 03:00:00",,"260108",0,0,0,0
"#3459","2026-05-23 01:00:00",,"/collections/mini-sex-doll-torso",0,0,0,0
"#3212","2026-01-22 04:00:00",,"/products/599-83lb-sex-doll-torso",0,0,0,0
"#3303","2026-03-06 21:00:00",,"260312",0,0,0,0
"#3595","2026-07-13 00:00:00",,"/products/h658",0,0,0,0
"#3455","2026-06-06 09:00:00",,"260605",0,0,-150,-150
"#3153","2026-01-03 05:00:00",,"xcottonsp",0,0,0,0
"#3312","2026-03-13 17:00:00",,"260403",0,0,0,0
"#3347","2026-04-02 01:00:00",,"xcottonsp",0,0,0,0
"#3437","2026-05-13 23:00:00",,"加急快递",0,0,0,0
"#3084","2026-01-12 15:00:00",,"251211",0,0,-699,-699
"#3549","2026-06-23 00:00:00",,"/collections/black-torso-sex-dolls",0,0,0,0
"#3207","2026-01-20 18:00:00",,"/collections/sex-doll-head",0,0,0,0
"#3590","2026-07-11 01:00:00",,"海运",0,0,0,0
"#3543","2026-06-21 03:00:00",,"/collections/anime-mini-sex-doll",0,0,0,0
"#3219","2026-01-27 01:00:00",,"260130",0,0,0,0
"#3377","2026-04-23 20:00:00",,"xcottonsp",0,0,0,0
"#3302","2026-03-06 21:00:00",,"260314",0,0,0,0
"#3416","2026-05-06 14:00:00",,"260506",0,0,0,0
"#3488","2026-06-03 12:00:00",,"加热棒",0,0,0,0
"#3383","2026-04-26 23:00:00",,"/collections/black-sex-doll-heads",0,0,0,0
"#3349","2026-04-04 00:00:00",,"xcottonsp",0,0,0,0
"#3584","2026-07-08 07:00:00",,"内衣",0,0,0,0
"#3208","2026-01-20 22:00:00",,"干燥棒",0,0,0,0
"#3529","2026-06-17 15:00:00",,"/collections/vajankle-foot-fetish-toys",0,0,0,0
"#3188","2026-01-12 11:00:00",,"xcottonsp",0,0,0,0
"#3217","2026-01-25 21:00:00",,"xcottonsp",0,0,0,0
"#3167","2026-01-06 18:00:00",,"xcottonsp",0,0,0,0
"#3396","2026-05-01 12:00:00",,"blogs/dolls-info-qustions/budget-under",0,0,0,0
"#3369","2026-04-18 08:00:00",,"260428",0,0,0,0
"#3492","2026-06-05 19:00:00",,,0,0,0,0
"#3473","2026-05-28 09:00:00",,"6.8-6.21之间送达",0,0,0,0
"#3202","2026-01-19 13:00:00",,"/collections/shemale-sex-doll-torso-1",0,0,0,0
"#3287","2026-02-27 22:00:00",,"260309",0,0,0,0
"#3480","2026-05-31 13:00:00",,"衣服",0,0,0,0
"#3284","2026-02-27 09:00:00",,"PVC头架",0,0,0,0
"#3403","2026-05-04 07:00:00",,"xcottonsp",0,0,0,0
"#3415","2026-05-07 23:00:00","P77-3.15lb Spider Girl Onahle Fake Pussy Anime Hentai Sex Toy | MRL","260509",0,0,-238,-238
"#3236","2026-01-31 21:00:00",,"/60719464687/orders/bb9",0,0,0,0
"#3217","2026-01-25 21:00:00",,"260129",0,0,0,0
"#3542","2026-06-21 01:00:00",,"xcottonsp",0,0,0,0
"#3557","2026-06-26 18:00:00",,"/60719464687/orders/",0,0,0,0
"#3407","2026-05-05 07:00:00",,"260509",0,0,0,0
"#3568","2026-07-01 10:00:00",,"润滑液",0,0,0,0
"#3327","2026-03-23 06:00:00",,"260331",0,0,0,0
"#3169","2026-01-08 01:00:00",,"260206",0,0,0,0
"#3525","2026-06-15 23:00:00",,"送球衣",0,0,0,0
"#3437","2026-05-13 23:00:00",,"260526",0,0,0,0
"#3369","2026-04-18 08:00:00",,"/en-ca",0,0,0,0
"#3366","2026-04-15 06:00:00",,"加急快递",0,0,0,0
"#3337","2026-03-27 09:00:00",,"linkdolls.com",0,0,0,0
"#3569","2026-07-03 02:00:00",,"/collections/best-seller",0,0,0,0
"#3245","2026-02-06 04:00:00",,"xcottonsp",0,0,0,0
"#3189","2026-01-12 18:00:00",,"/linkdolls.com",0,0,0,0
"#3583","2026-07-07 19:00:00",,"/collections/sex-doll-anal",0,0,0,0
"#3254","2026-02-09 06:00:00",,"/unknow",0,0,0,19
"#3311","2026-03-13 12:00:00",,"/unknow",0,0,0,0
"#3220","2026-01-27 03:00:00",,"/collections/sex-doll-torso",0,0,0,0
"#3463","2026-05-24 05:00:00",,,0,0,0,0
"#3587","2026-07-14 04:00:00",,"加热毯",0,0,-475.2,-475.2
"#3525","2026-06-15 23:00:00",,"xcottonsp",0,0,0,0
