"登陆页面类型","登陆页面路径","在线商店访客","访问","有商品添加到购物车的访问","到达结账页面的访问","完成结账的访问","转化率","页面浏览量","结账转化率","添加至购物车率","到达结账页面率","到达并完成结账的访问","平均访问持续时间","每次访问的页面浏览量","跳出率","完成结账率","跳出次数","Online store visitors (20260518)","Sessions (20260518)","Sessions with cart additions (20260518)","Sessions that reached checkout (20260518)","Sessions that completed checkout (20260518)","Conversion rate (20260518)","Pageviews (20260518)","Checkout conversion rate (20260518)","Added to cart rate (20260518)","Reached checkout rate (20260518)","Sessions that reached and completed checkout (20260518)","Average session duration (20260518)","Pageviews per session (20260518)","Bounce rate (20260518)","Completed checkout rate (20260518)","Bounces (20260518)","Online store visitors (20260518) ","Sessions (20260518) ","Sessions with cart additions (20260518) ","Sessions that reached checkout (20260518) ","Sessions that completed checkout (20260518) ","Conversion rate (20260518) ","Pageviews (20260518) ","Checkout conversion rate (20260518) ","Added to cart rate (20260518) ","Reached checkout rate (20260518) ","Sessions that reached and completed checkout (20260518) ","Average session duration (20260518) ","Pageviews per session (20260518) ","Bounce rate (20260518) ","Completed checkout rate (20260518) ","Bounces (20260518) "
"Homepage","/",863,960,27,8,0,0,5962,0,0.028125,0.008333333333333333,0,321.5395833333333,6.210416666666666,0.325,0,312,863,960,27,8,0,0,5962,0,0.028125,0.008333333333333333,0,321.5395833333333,6.210416666666666,0.325,0,312,0,0,0,0,,,0,,0,0,,0,0,0,,0
"Collection","/collections/bbw-sex-doll-torso",787,841,9,2,0,0,3873,0,0.01070154577883472,0.0023781212841854932,0,212.05112960761,4.605231866825208,0.36504161712247324,0,307,787,841,9,2,0,0,3873,0,0.01070154577883472,0.0023781212841854932,0,212.05112960761,4.605231866825208,0.36504161712247324,0,307,0,0,0,0,,,0,,0,0,,0,0,0,,0
"Collection","/collections/vajankle-foot-fetish-toys",722,742,3,1,0,0,2205,0,0.004043126684636119,0.0013477088948787063,0,94.90566037735849,2.9716981132075473,0.5444743935309974,0,404,722,742,3,1,0,0,2205,0,0.004043126684636119,0.0013477088948787063,0,94.90566037735849,2.9716981132075473,0.5444743935309974,0,404,0,0,0,0,,,0,,0,0,,0,0,0,,0
"Collection","/collections/robotic-sex-doll",694,716,13,1,0,0,2175,0,0.018156424581005588,0.0013966480446927375,0,132.87430167597765,3.037709497206704,0.553072625698324,0,396,694,716,13,1,0,0,2175,0,0.018156424581005588,0.0013966480446927375,0,132.87430167597765,3.037709497206704,0.553072625698324,0,396,0,0,0,0,,,0,,0,0,,0,0,0,,0
"Collection","/collections/all",660,676,5,2,1,0.0014792899408284023,2582,0.5,0.0073964497041420114,0.0029585798816568047,1,162.57396449704143,3.8195266272189348,0.46597633136094674,0.5,315,660,676,5,2,1,0.0014792899408284023,2582,0.5,0.0073964497041420114,0.0029585798816568047,1,162.57396449704143,3.8195266272189348,0.46597633136094674,0.5,315,0,0,0,0,0,0,0,0,0,0,0,0,0,0,0,0
"Collection","/collections/anime-sex-doll",644,658,5,3,0,0,2903,0,0.007598784194528876,0.004559270516717325,0,149.55775075987842,4.411854103343465,0.4787234042553192,0,315,644,658,5,3,0,0,2903,0,0.007598784194528876,0.004559270516717325,0,149.55775075987842,4.411854103343465,0.4787234042553192,0,315,0,0,0,0,,,0,,0,0,,0,0,0,,0
"Collection","/collections/full-doll",572,595,4,2,0,0,2996,0,0.0067226890756302525,0.0033613445378151263,0,221.127731092437,5.035294117647059,0.3899159663865546,0,232,572,595,4,2,0,0,2996,0,0.0067226890756302525,0.0033613445378151263,0,221.127731092437,5.035294117647059,0.3899159663865546,0,232,0,0,0,0,,,0,,0,0,,0,0,0,,0
"Collection","/collections/sex-doll-head",558,576,14,4,1,0.001736111111111111,3612,0.25,0.024305555555555556,0.006944444444444444,1,258.74131944444446,6.270833333333333,0.21354166666666666,0.25,123,558,576,14,4,1,0.001736111111111111,3612,0.25,0.024305555555555556,0.006944444444444444,1,258.74131944444446,6.270833333333333,0.21354166666666666,0.25,123,0,0,0,0,0,0,0,0,0,0,0,0,0,0,0,0
"Collection","/collections/celebrity-sex-dolls",477,500,0,0,0,0,1866,,0,0,0,196.494,3.732,0.46,,230,477,500,0,0,0,0,1866,,0,0,0,196.494,3.732,0.46,,230,0,0,,,,,0,,,,,0,0,0,,0
"Collection","/collections/fake-ass-sex-toy",402,418,6,3,2,0.004784688995215311,1580,0.6666666666666666,0.014354066985645933,0.007177033492822967,2,173.04066985645932,3.7799043062200957,0.4473684210526316,0.6666666666666666,187,402,418,6,3,2,0.004784688995215311,1580,0.6666666666666666,0.014354066985645933,0.007177033492822967,2,173.04066985645932,3.7799043062200957,0.4473684210526316,0.6666666666666666,187,0,0,0,0,0,0,0,0,0,0,0,0,0,0,0,0
"Collection","/collections/femboys-sex-doll",368,373,4,3,0,0,1231,0,0.010723860589812333,0.00804289544235925,0,101.1313672922252,3.3002680965147455,0.46380697050938335,0,173,368,373,4,3,0,0,1231,0,0.010723860589812333,0.00804289544235925,0,101.1313672922252,3.3002680965147455,0.46380697050938335,0,173,0,0,0,0,,,0,,0,0,,0,0,0,,0
"Blog Article","/blogs/featured-blog/how-to-diy-an-sex-doll-you",337,342,0,0,0,0,570,,0,0,0,48.60818713450293,1.6666666666666667,0.8508771929824561,,291,337,342,0,0,0,0,570,,0,0,0,48.60818713450293,1.6666666666666667,0.8508771929824561,,291,0,0,,,,,0,,,,,0,0,0,,0
"Blog Article","/blogs/featured-blog/how-to-make-fake-pussy",336,336,0,0,0,0,420,,0,0,0,32.38392857142857,1.25,0.8928571428571429,,300,336,336,0,0,0,0,420,,0,0,0,32.38392857142857,1.25,0.8928571428571429,,300,0,0,,,,,0,,,,,0,0,0,,0
"Collection","/collections/furry-sex-doll",319,332,1,0,0,0,739,,0.0030120481927710845,0,0,74.59939759036145,2.2259036144578315,0.6746987951807228,,224,319,332,1,0,0,0,739,,0.0030120481927710845,0,0,74.59939759036145,2.2259036144578315,0.6746987951807228,,224,0,0,0,,,,0,,0,,,0,0,0,,0
"Collection","/collections/shemale-sex-doll-torso-1",289,298,2,1,0,0,1027,0,0.006711409395973154,0.003355704697986577,0,149.2751677852349,3.446308724832215,0.412751677852349,0,123,289,298,2,1,0,0,1027,0,0.006711409395973154,0.003355704697986577,0,149.2751677852349,3.446308724832215,0.412751677852349,0,123,0,0,0,0,,,0,,0,0,,0,0,0,,0
"Collection","/collections/sex-doll-torso-dildo-for-woman",289,295,1,0,0,0,872,,0.003389830508474576,0,0,148.5593220338983,2.9559322033898305,0.535593220338983,,158,289,295,1,0,0,0,872,,0.003389830508474576,0,0,148.5593220338983,2.9559322033898305,0.535593220338983,,158,0,0,0,,,,0,,0,,,0,0,0,,0
"Collection","/collections/black-sex-dolls",241,255,0,0,0,0,823,,0,0,0,112.92941176470588,3.227450980392157,0.5490196078431373,,140,241,255,0,0,0,0,823,,0,0,0,112.92941176470588,3.227450980392157,0.5490196078431373,,140,0,0,,,,,0,,,,,0,0,0,,0
"Collection","/collections/sex-doll-videos",225,238,1,0,0,0,692,,0.004201680672268907,0,0,129.3613445378151,2.907563025210084,0.7016806722689075,,167,225,238,1,0,0,0,692,,0.004201680672268907,0,0,129.3613445378151,2.907563025210084,0.7016806722689075,,167,0,0,0,,,,0,,0,,,0,0,0,,0
"Collection","/collections/boob-job-sex-toys",215,224,1,1,0,0,645,0,0.004464285714285714,0.004464285714285714,0,107.39285714285714,2.8794642857142856,0.5669642857142857,0,127,215,224,1,1,0,0,645,0,0.004464285714285714,0.004464285714285714,0,107.39285714285714,2.8794642857142856,0.5669642857142857,0,127,0,0,0,0,,,0,,0,0,,0,0,0,,0
"Collection","/collections/sex-doll-torso",209,214,4,1,1,0.004672897196261682,1061,1,0.018691588785046728,0.004672897196261682,1,264.58878504672896,4.957943925233645,0.397196261682243,1,85,209,214,4,1,1,0.004672897196261682,1061,1,0.018691588785046728,0.004672897196261682,1,264.58878504672896,4.957943925233645,0.397196261682243,1,85,0,0,0,0,0,0,0,0,0,0,0,0,0,0,0,0
"Blog Article","/blogs/dolls-info-qustions/how-to-make-a-fake-ass-sex-toy",202,206,0,0,0,0,325,,0,0,0,78.25728155339806,1.5776699029126213,0.7572815533980582,,156,202,206,0,0,0,0,325,,0,0,0,78.25728155339806,1.5776699029126213,0.7572815533980582,,156,0,0,,,,,0,,,,,0,0,0,,0
,"/de/collections/robotic-sex-doll",182,184,2,1,0,0,584,0,0.010869565217391304,0.005434782608695652,0,110.875,3.1739130434782608,0.592391304347826,0,109,182,184,2,1,0,0,584,0,0.010869565217391304,0.005434782608695652,0,110.875,3.1739130434782608,0.592391304347826,0,109,0,0,0,0,,,0,,0,0,,0,0,0,,0
"Collection","/collections/fake-pussy-fake-vagina-sex-toys",177,182,3,2,1,0.005494505494505495,774,0.5,0.016483516483516484,0.01098901098901099,1,148.47802197802199,4.252747252747253,0.6043956043956044,0.5,110,177,182,3,2,1,0.005494505494505495,774,0.5,0.016483516483516484,0.01098901098901099,1,148.47802197802199,4.252747252747253,0.6043956043956044,0.5,110,0,0,0,0,0,0,0,0,0,0,0,0,0,0,0,0
"Collection","/collections/futa-sex-doll",164,168,0,0,0,0,518,,0,0,0,149.73214285714286,3.0833333333333335,0.5,,84,164,168,0,0,0,0,518,,0,0,0,149.73214285714286,3.0833333333333335,0.5,,84,0,0,,,,,0,,,,,0,0,0,,0
"Collection","/collections/black-torso-sex-dolls",144,150,0,0,0,0,336,,0,0,0,95.60666666666667,2.24,0.6133333333333333,,92,144,150,0,0,0,0,336,,0,0,0,95.60666666666667,2.24,0.6133333333333333,,92,0,0,,,,,0,,,,,0,0,0,,0
"Collection","/collections/under-100",144,146,2,0,0,0,385,,0.0136986301369863,0,0,91.27397260273973,2.636986301369863,0.6164383561643836,,90,144,146,2,0,0,0,385,,0.0136986301369863,0,0,91.27397260273973,2.636986301369863,0.6164383561643836,,90,0,0,0,,,,0,,0,,,0,0,0,,0
"Collection","/collections/huge-breasts-sex-dolls",136,144,0,0,0,0,591,,0,0,0,158.38194444444446,4.104166666666667,0.3958333333333333,,57,136,144,0,0,0,0,591,,0,0,0,158.38194444444446,4.104166666666667,0.3958333333333333,,57,0,0,,,,,0,,,,,0,0,0,,0
"Collection","/collections/shemale-sex-toy",141,144,0,0,0,0,337,,0,0,0,75.92361111111111,2.3402777777777777,0.6875,,99,141,144,0,0,0,0,337,,0,0,0,75.92361111111111,2.3402777777777777,0.6875,,99,0,0,,,,,0,,,,,0,0,0,,0
"Collection","/collections/flat-chest-sex-doll",118,126,0,0,0,0,457,,0,0,0,258.2936507936508,3.626984126984127,0.4365079365079365,,55,118,126,0,0,0,0,457,,0,0,0,258.2936507936508,3.626984126984127,0.4365079365079365,,55,0,0,,,,,0,,,,,0,0,0,,0
"Custom Page","/pages/sex-doll-gif",124,126,0,0,0,0,223,,0,0,0,31.42063492063492,1.7698412698412698,0.7936507936507936,,100,124,126,0,0,0,0,223,,0,0,0,31.42063492063492,1.7698412698412698,0.7936507936507936,,100,0,0,,,,,0,,,,,0,0,0,,0
"Collection","/collections/silicone-ass",105,108,1,0,0,0,341,,0.009259259259259259,0,0,116.47222222222223,3.1574074074074074,0.6203703703703703,,67,105,108,1,0,0,0,341,,0.009259259259259259,0,0,116.47222222222223,3.1574074074074074,0.6203703703703703,,67,0,0,0,,,,0,,0,,,0,0,0,,0
"Collection","/collections/anime-mini-sex-doll",100,103,0,0,0,0,220,,0,0,0,87.77669902912622,2.1359223300970873,0.6796116504854369,,70,100,103,0,0,0,0,220,,0,0,0,87.77669902912622,2.1359223300970873,0.6796116504854369,,70,0,0,,,,,0,,,,,0,0,0,,0
"Collection","/collections/big-booty-sex-dolls",96,101,1,1,0,0,325,0,0.009900990099009901,0.009900990099009901,0,128.35643564356437,3.217821782178218,0.46534653465346537,0,47,96,101,1,1,0,0,325,0,0.009900990099009901,0.009900990099009901,0,128.35643564356437,3.217821782178218,0.46534653465346537,0,47,0,0,0,0,,,0,,0,0,,0,0,0,,0
"Collection","/collections/anime-pocket-pussy",89,90,1,1,1,0.011111111111111112,268,1,0.011111111111111112,0.011111111111111112,1,148.16666666666666,2.977777777777778,0.5555555555555556,1,50,89,90,1,1,1,0.011111111111111112,268,1,0.011111111111111112,0.011111111111111112,1,148.16666666666666,2.977777777777778,0.5555555555555556,1,50,0,0,0,0,0,0,0,0,0,0,0,0,0,0,0,0
"Collection","/collections/lesbian-sex-doll-torso",88,89,0,0,0,0,178,,0,0,0,67.75280898876404,2,0.6629213483146067,,59,88,89,0,0,0,0,178,,0,0,0,67.75280898876404,2,0.6629213483146067,,59,0,0,,,,,0,,,,,0,0,0,,0
"Product","/products/599-83lb-sex-doll-torso-with-realistic-oversized-ass",69,83,1,0,0,0,219,,0.012048192771084338,0,0,139.19277108433735,2.63855421686747,0.6144578313253012,,51,69,83,1,0,0,0,219,,0.012048192771084338,0,0,139.19277108433735,2.63855421686747,0.6144578313253012,,51,0,0,0,,,,0,,0,,,0,0,0,,0
"Blog Article","/blogs/sex-doll-torso-blog/top-7-sex-poses-with-your-torso-sex-doll",81,82,0,0,0,0,134,,0,0,0,67.40243902439025,1.6341463414634145,0.8292682926829268,,68,81,82,0,0,0,0,134,,0,0,0,67.40243902439025,1.6341463414634145,0.8292682926829268,,68,0,0,,,,,0,,,,,0,0,0,,0
"Collection","/collections/vibrating-sex-doll-torso",69,75,0,0,0,0,187,,0,0,0,126.8,2.493333333333333,0.6,,45,69,75,0,0,0,0,187,,0,0,0,126.8,2.493333333333333,0.6,,45,0,0,,,,,0,,,,,0,0,0,,0
"Collection","/collections/18s-sex-doll",70,73,0,0,0,0,173,,0,0,0,77.28767123287672,2.3698630136986303,0.6438356164383562,,47,70,73,0,0,0,0,173,,0,0,0,77.28767123287672,2.3698630136986303,0.6438356164383562,,47,0,0,,,,,0,,,,,0,0,0,,0
"Collection","/collections/torso-shemale-sex-doll",68,71,1,0,0,0,218,,0.014084507042253521,0,0,207.38028169014083,3.0704225352112675,0.49295774647887325,,35,68,71,1,0,0,0,218,,0.014084507042253521,0,0,207.38028169014083,3.0704225352112675,0.49295774647887325,,35,0,0,0,,,,0,,0,,,0,0,0,,0
"Collection","/collections/silicone-pocket-pussy",66,69,2,0,0,0,196,,0.028985507246376812,0,0,129.30434782608697,2.8405797101449277,0.4927536231884058,,34,66,69,2,0,0,0,196,,0.028985507246376812,0,0,129.30434782608697,2.8405797101449277,0.4927536231884058,,34,0,0,0,,,,0,,0,,,0,0,0,,0
"Collection","/collections/life-size-anime-sex-doll",67,68,0,0,0,0,340,,0,0,0,248.5441176470588,5,0.47058823529411764,,32,67,68,0,0,0,0,340,,0,0,0,248.5441176470588,5,0.47058823529411764,,32,0,0,,,,,0,,,,,0,0,0,,0
"Collection","/collections/asian-sex-doll",64,67,1,0,0,0,233,,0.014925373134328358,0,0,175.7910447761194,3.4776119402985075,0.417910447761194,,28,64,67,1,0,0,0,233,,0.014925373134328358,0,0,175.7910447761194,3.4776119402985075,0.417910447761194,,28,0,0,0,,,,0,,0,,,0,0,0,,0
"Collection","/collections/foot-pocket-pussy",62,62,0,0,0,0,167,,0,0,0,118.8225806451613,2.693548387096774,0.6129032258064516,,38,62,62,0,0,0,0,167,,0,0,0,118.8225806451613,2.693548387096774,0.6129032258064516,,38,0,0,,,,,0,,,,,0,0,0,,0
,"/en-ca/collections/enchanting-delights-2024-top-real-sex-doll-recommendations",59,59,0,0,0,0,61,,0,0,0,2.0338983050847457,1.0338983050847457,0.9661016949152542,,57,59,59,0,0,0,0,61,,0,0,0,2.0338983050847457,1.0338983050847457,0.9661016949152542,,57,0,0,,,,,0,,,,,0,0,0,,0
"Product","/products/t901-21-51lb-c-cup-7-08-dildo-electric-shemale-big-penis-male-female-sex-doll-torso-adult-toys",58,58,0,0,0,0,58,,0,0,0,0,1,1,,58,58,58,0,0,0,0,58,,0,0,0,0,1,1,,58,0,0,,,,,0,,,,,,0,0,,0
"Collection","/collections/animal-hentai-sex-doll",56,56,1,0,0,0,198,,0.017857142857142856,0,0,201.75,3.5357142857142856,0.625,,35,56,56,1,0,0,0,198,,0.017857142857142856,0,0,201.75,3.5357142857142856,0.625,,35,0,0,0,,,,0,,0,,,0,0,0,,0
"Collection","/collections/chinese-sex-doll",55,56,0,0,0,0,144,,0,0,0,124.125,2.5714285714285716,0.5892857142857143,,33,55,56,0,0,0,0,144,,0,0,0,124.125,2.5714285714285716,0.5892857142857143,,33,0,0,,,,,0,,,,,0,0,0,,0
,"/ja/blogs/featured-blog/how-to-make-fake-pussy",54,56,0,0,0,0,58,,0,0,0,1.8392857142857142,1.0357142857142858,0.9821428571428571,,55,54,56,0,0,0,0,58,,0,0,0,1.8392857142857142,1.0357142857142858,0.9821428571428571,,55,0,0,,,,,0,,,,,0,0,0,,0
"Collection","/collections/mini-sex-doll-torso",54,54,1,1,1,0.018518518518518517,130,1,0.018518518518518517,0.018518518518518517,1,92.33333333333333,2.4074074074074074,0.6111111111111112,1,33,54,54,1,1,1,0.018518518518518517,130,1,0.018518518518518517,0.018518518518518517,1,92.33333333333333,2.4074074074074074,0.6111111111111112,1,33,0,0,0,0,0,0,0,0,0,0,0,0,0,0,0,0
,"/en-ca/collections/all",51,52,1,1,0,0,179,0,0.019230769230769232,0.019230769230769232,0,92.21153846153847,3.4423076923076925,0.5384615384615384,0,28,51,52,1,1,0,0,179,0,0.019230769230769232,0.019230769230769232,0,92.21153846153847,3.4423076923076925,0.5384615384615384,0,28,0,0,0,0,,,0,,0,0,,0,0,0,,0
"Collection","/collections/alien-sex-dolls",52,52,1,0,0,0,186,,0.019230769230769232,0,0,140.30769230769232,3.576923076923077,0.4807692307692308,,25,52,52,1,0,0,0,186,,0.019230769230769232,0,0,140.30769230769232,3.576923076923077,0.4807692307692308,,25,0,0,0,,,,0,,0,,,0,0,0,,0
"Collection","/collections/torso-dildo",47,49,0,0,0,0,143,,0,0,0,75.95918367346938,2.9183673469387754,0.5714285714285714,,28,47,49,0,0,0,0,143,,0,0,0,75.95918367346938,2.9183673469387754,0.5714285714285714,,28,0,0,,,,,0,,,,,0,0,0,,0
,"/en-ca/collections/sex-doll-head",44,47,2,1,0,0,385,0,0.0425531914893617,0.02127659574468085,0,478.1276595744681,8.191489361702128,0.1276595744680851,0,6,44,47,2,1,0,0,385,0,0.0425531914893617,0.02127659574468085,0,478.1276595744681,8.191489361702128,0.1276595744680851,0,6,0,0,0,0,,,0,,0,0,,0,0,0,,0
"List of Collections","/collections/vendors",45,47,1,0,0,0,210,,0.02127659574468085,0,0,191.87234042553192,4.468085106382978,0.44680851063829785,,21,45,47,1,0,0,0,210,,0.02127659574468085,0,0,191.87234042553192,4.468085106382978,0.44680851063829785,,21,0,0,0,,,,0,,0,,,0,0,0,,0
"Collection","/collections/best-seller-sex-dolls-under-200",45,46,0,0,0,0,77,,0,0,0,86.5,1.673913043478261,0.6304347826086957,,29,45,46,0,0,0,0,77,,0,0,0,86.5,1.673913043478261,0.6304347826086957,,29,0,0,,,,,0,,,,,0,0,0,,0
,"/en-ca/collections/vajankle-foot-fetish-toys",44,45,0,0,0,0,96,,0,0,0,28.066666666666666,2.1333333333333333,0.6666666666666666,,30,44,45,0,0,0,0,96,,0,0,0,28.066666666666666,2.1333333333333333,0.6666666666666666,,30,0,0,,,,,0,,,,,0,0,0,,0
"Product","/products/f5700-160cm-5ft4-55kg-q-cup-silicone-anime-bear-furry-sex-doll-with-round-ears-castle-doll",31,43,0,0,0,0,109,,0,0,0,129.37209302325581,2.5348837209302326,0.6744186046511628,,29,31,43,0,0,0,0,109,,0,0,0,129.37209302325581,2.5348837209302326,0.6744186046511628,,29,0,0,,,,,0,,,,,0,0,0,,0
,"/en-ca/collections/bbw-sex-doll-torso",39,43,0,0,0,0,229,,0,0,0,293.51162790697674,5.325581395348837,0.18604651162790697,,8,39,43,0,0,0,0,229,,0,0,0,293.51162790697674,5.325581395348837,0.18604651162790697,,8,0,0,,,,,0,,,,,0,0,0,,0
,"/en-ca",38,42,5,5,1,0.023809523809523808,509,0.2,0.11904761904761904,0.11904761904761904,1,536.8095238095239,12.119047619047619,0.11904761904761904,0.25,5,38,42,5,5,1,0.023809523809523808,509,0.2,0.11904761904761904,0.11904761904761904,1,536.8095238095239,12.119047619047619,0.11904761904761904,0.25,5,0,0,0,0,0,0,0,0,0,0,0,0,0,0,0,0
,"/de/blogs/featured-blog/how-to-make-fake-pussy",40,42,0,0,0,0,58,,0,0,0,56.04761904761905,1.380952380952381,0.8095238095238095,,34,40,42,0,0,0,0,58,,0,0,0,56.04761904761905,1.380952380952381,0.8095238095238095,,34,0,0,,,,,0,,,,,0,0,0,,0
"Blog Article","/blogs/dolls-info-qustions/improved-missionary-position-with-fit-sex-doll-enhanced-sex-swing-experience",41,41,0,0,0,0,68,,0,0,0,12.073170731707316,1.6585365853658536,0.34146341463414637,,14,41,41,0,0,0,0,68,,0,0,0,12.073170731707316,1.6585365853658536,0.34146341463414637,,14,0,0,,,,,0,,,,,0,0,0,,0
"Collection","/collections/petite-sex-doll",38,39,0,0,0,0,112,,0,0,0,83.05128205128206,2.871794871794872,0.6923076923076923,,27,38,39,0,0,0,0,112,,0,0,0,83.05128205128206,2.871794871794872,0.6923076923076923,,27,0,0,,,,,0,,,,,0,0,0,,0
,"/en-ca/collections/robotic-sex-doll",38,39,1,0,0,0,109,,0.02564102564102564,0,0,150.6153846153846,2.7948717948717947,0.6410256410256411,,25,38,39,1,0,0,0,109,,0.02564102564102564,0,0,150.6153846153846,2.7948717948717947,0.6410256410256411,,25,0,0,0,,,,0,,0,,,0,0,0,,0
"Collection","/collections/enchanting-delights-2024-top-real-sex-doll-recommendations",38,38,0,0,0,0,184,,0,0,0,299.5,4.842105263157895,0.4473684210526316,,17,38,38,0,0,0,0,184,,0,0,0,299.5,4.842105263157895,0.4473684210526316,,17,0,0,,,,,0,,,,,0,0,0,,0
"Collection","/collections/ros-sex-doll-heads-1",32,36,1,1,0,0,133,0,0.027777777777777776,0.027777777777777776,0,250.11111111111111,3.6944444444444446,0.4166666666666667,0,15,32,36,1,1,0,0,133,0,0.027777777777777776,0.027777777777777776,0,250.11111111111111,3.6944444444444446,0.4166666666666667,0,15,0,0,0,0,,,0,,0,0,,0,0,0,,0
,"/en-ca/collections/anime-sex-doll",35,35,0,0,0,0,104,,0,0,0,138.34285714285716,2.9714285714285715,0.37142857142857144,,13,35,35,0,0,0,0,104,,0,0,0,138.34285714285716,2.9714285714285715,0.37142857142857144,,13,0,0,,,,,0,,,,,0,0,0,,0
"Collection","/collections/hentai-sex-dolls-connecting-fantasy-to-reality",35,35,0,0,0,0,91,,0,0,0,61.77142857142857,2.6,0.6285714285714286,,22,35,35,0,0,0,0,91,,0,0,0,61.77142857142857,2.6,0.6285714285714286,,22,0,0,,,,,0,,,,,0,0,0,,0
"Collection","/collections/sex-doll-anal",33,33,0,0,0,0,91,,0,0,0,227.87878787878788,2.757575757575758,0.5757575757575758,,19,33,33,0,0,0,0,91,,0,0,0,227.87878787878788,2.757575757575758,0.5757575757575758,,19,0,0,,,,,0,,,,,0,0,0,,0
"Collection","/collections/under-1000-full-doll",27,33,1,0,0,0,148,,0.030303030303030304,0,0,188.87878787878788,4.484848484848484,0.2727272727272727,,9,27,33,1,0,0,0,148,,0.030303030303030304,0,0,188.87878787878788,4.484848484848484,0.2727272727272727,,9,0,0,0,,,,0,,0,,,0,0,0,,0
"Blog Article","/blogs/dolls-info-qustions/what-s-it-really-like-to-have-sex-nbsp-with-a-sex-doll",32,32,0,0,0,0,38,,0,0,0,10.375,1.1875,0.90625,,29,32,32,0,0,0,0,38,,0,0,0,10.375,1.1875,0.90625,,29,0,0,,,,,0,,,,,0,0,0,,0
"Collection","/collections/onahole",30,30,0,0,0,0,46,,0,0,0,12.033333333333333,1.5333333333333334,0.6666666666666666,,20,30,30,0,0,0,0,46,,0,0,0,12.033333333333333,1.5333333333333334,0.6666666666666666,,20,0,0,,,,,0,,,,,0,0,0,,0
,"/en-ca/blogs/featured-blog/how-to-make-fake-pussy",28,29,0,0,0,0,40,,0,0,0,60.206896551724135,1.3793103448275863,0.7586206896551724,,22,28,29,0,0,0,0,40,,0,0,0,60.206896551724135,1.3793103448275863,0.7586206896551724,,22,0,0,,,,,0,,,,,0,0,0,,0
"Blog Article","/blogs/dolls-info-qustions/how-to-titty-fuck-experience-the-ultimate-pleasure-with-a-huge-breast-sex-doll",29,29,0,0,0,0,70,,0,0,0,110.93103448275862,2.413793103448276,0.6206896551724138,,18,29,29,0,0,0,0,70,,0,0,0,110.93103448275862,2.413793103448276,0.6206896551724138,,18,0,0,,,,,0,,,,,0,0,0,,0
,"/en-ca/collections/full-doll",28,28,0,0,0,0,157,,0,0,0,195.64285714285714,5.607142857142857,0.25,,7,28,28,0,0,0,0,157,,0,0,0,195.64285714285714,5.607142857142857,0.25,,7,0,0,,,,,0,,,,,0,0,0,,0
"Collection","/collections/black-male-sex-doll",24,28,0,0,0,0,94,,0,0,0,192.82142857142858,3.357142857142857,0.42857142857142855,,12,24,28,0,0,0,0,94,,0,0,0,192.82142857142858,3.357142857142857,0.42857142857142855,,12,0,0,,,,,0,,,,,0,0,0,,0
"Collection","/collections/medium-butt-sex-doll",28,28,0,0,0,0,38,,0,0,0,8.464285714285714,1.3571428571428572,0.6428571428571429,,18,28,28,0,0,0,0,38,,0,0,0,8.464285714285714,1.3571428571428572,0.6428571428571429,,18,0,0,,,,,0,,,,,0,0,0,,0
"Collection","/collections/naked-sex-doll",27,28,0,0,0,0,108,,0,0,0,149.25,3.857142857142857,0.39285714285714285,,11,27,28,0,0,0,0,108,,0,0,0,149.25,3.857142857142857,0.39285714285714285,,11,0,0,,,,,0,,,,,0,0,0,,0
,"/products_preview",7,26,0,0,0,0,55,,0,0,0,486.5,2.1153846153846154,0.6923076923076923,,18,7,26,0,0,0,0,55,,0,0,0,486.5,2.1153846153846154,0.6923076923076923,,18,0,0,,,,,0,,,,,0,0,0,,0
"Blog Article","/blogs/dolls-info-qustions/%F0%9F%94%A5-top-5-most-popular-big-butt-chubby-belly-curvy-body-pornstar-style-sex-dolls-in-2025-%F0%9F%94%A5",26,26,0,0,0,0,34,,0,0,0,6.576923076923077,1.3076923076923077,0.8461538461538461,,22,26,26,0,0,0,0,34,,0,0,0,6.576923076923077,1.3076923076923077,0.8461538461538461,,22,0,0,,,,,0,,,,,0,0,0,,0
"Blog Article","/blogs/dolls-info-qustions/gentlemans-paradise-exploring-nsfw-anime-figures-and-sex-dolls",26,26,0,0,0,0,46,,0,0,0,67.8076923076923,1.7692307692307692,0.7307692307692307,,19,26,26,0,0,0,0,46,,0,0,0,67.8076923076923,1.7692307692307692,0.7307692307692307,,19,0,0,,,,,0,,,,,0,0,0,,0
"Collection","/collections/fake-pussy-hentai-sex-doll",25,25,1,0,0,0,104,,0.04,0,0,200.36,4.16,0.48,,12,25,25,1,0,0,0,104,,0.04,0,0,200.36,4.16,0.48,,12,0,0,0,,,,0,,0,,,0,0,0,,0
"Collection","/collections/fantasy-sex-dolls",24,24,0,0,0,0,52,,0,0,0,98.33333333333333,2.1666666666666665,0.625,,15,24,24,0,0,0,0,52,,0,0,0,98.33333333333333,2.1666666666666665,0.625,,15,0,0,,,,,0,,,,,0,0,0,,0
"Collection","/collections/halloween-sex-doll",24,24,0,0,0,0,108,,0,0,0,108.91666666666667,4.5,0.625,,15,24,24,0,0,0,0,108,,0,0,0,108.91666666666667,4.5,0.625,,15,0,0,,,,,0,,,,,0,0,0,,0
"Cart","/cart",17,24,4,1,0,0,317,0,0.16666666666666666,0.041666666666666664,0,608.4166666666666,13.208333333333334,0.2916666666666667,,7,17,24,4,1,0,0,317,0,0.16666666666666666,0.041666666666666664,0,608.4166666666666,13.208333333333334,0.2916666666666667,,7,0,0,0,0,,,0,,0,0,,0,0,0,,0
,"/en-ca/collections/fake-ass-sex-toy",24,24,0,0,0,0,93,,0,0,0,217.16666666666666,3.875,0.2916666666666667,,7,24,24,0,0,0,0,93,,0,0,0,217.16666666666666,3.875,0.2916666666666667,,7,0,0,,,,,0,,,,,0,0,0,,0
"Product","/products/57-32lb-sex-doll-torso-with-life-size-ass-and-soft-skin-512-sex-doll-torso",23,24,0,0,0,0,74,,0,0,0,199.54166666666666,3.0833333333333335,0.4583333333333333,,11,23,24,0,0,0,0,74,,0,0,0,199.54166666666666,3.0833333333333335,0.4583333333333333,,11,0,0,,,,,0,,,,,0,0,0,,0
"Checkout","/60719464687/orders/f85c575059ee50c4b5ba128d3b97cfe3",1,23,0,0,0,0,25,,0,0,0,2.347826086956522,1.0869565217391304,0.9130434782608695,,21,1,23,0,0,0,0,25,,0,0,0,2.347826086956522,1.0869565217391304,0.9130434782608695,,21,0,0,,,,,0,,,,,0,0,0,,0
"Collection","/collections/bbw-black-sex-doll",23,23,0,0,0,0,72,,0,0,0,129.6086956521739,3.130434782608696,0.391304347826087,,9,23,23,0,0,0,0,72,,0,0,0,129.6086956521739,3.130434782608696,0.391304347826087,,9,0,0,,,,,0,,,,,0,0,0,,0
"Collection","/collections/ai-sex-dolls-list",22,22,0,0,0,0,42,,0,0,0,81.86363636363636,1.9090909090909092,0.5454545454545454,,12,22,22,0,0,0,0,42,,0,0,0,81.86363636363636,1.9090909090909092,0.5454545454545454,,12,0,0,,,,,0,,,,,0,0,0,,0
"Product","/products/a499-bbw-big-booty-silicone-sex-doll-torso",19,22,1,1,0,0,34,0,0.045454545454545456,0.045454545454545456,0,141.27272727272728,1.5454545454545454,0.6818181818181818,0,15,19,22,1,1,0,0,34,0,0.045454545454545456,0.045454545454545456,0,141.27272727272728,1.5454545454545454,0.6818181818181818,0,15,0,0,0,0,,,0,,0,0,,0,0,0,,0
,"/en-ca/collections/furry-sex-doll",22,22,0,0,0,0,62,,0,0,0,217.63636363636363,2.8181818181818183,0.5909090909090909,,13,22,22,0,0,0,0,62,,0,0,0,217.63636363636363,2.8181818181818183,0.5909090909090909,,13,0,0,,,,,0,,,,,0,0,0,,0
,"/en-ca/collections/celebrity-sex-dolls",21,22,0,0,0,0,70,,0,0,0,120.0909090909091,3.1818181818181817,0.2727272727272727,,6,21,22,0,0,0,0,70,,0,0,0,120.0909090909091,3.1818181818181817,0.2727272727272727,,6,0,0,,,,,0,,,,,0,0,0,,0
"Blog Article","/blogs/real-sex-doll-reviews-pros-cons-real-usage-tests/2026-meru-hentai-sex-doll-review-comprehensive-comparison-of-4-hot-models",21,22,0,0,0,0,55,,0,0,0,228.95454545454547,2.5,0.6818181818181818,,15,21,22,0,0,0,0,55,,0,0,0,228.95454545454547,2.5,0.6818181818181818,,15,0,0,,,,,0,,,,,0,0,0,,0
"Collection","/collections/pocket-pussy-ass",21,22,0,0,0,0,60,,0,0,0,105.04545454545455,2.727272727272727,0.6818181818181818,,15,21,22,0,0,0,0,60,,0,0,0,105.04545454545455,2.727272727272727,0.6818181818181818,,15,0,0,,,,,0,,,,,0,0,0,,0
,"/en-ca/products/58313-2lb-27-5-sex-doll-legs",21,21,0,0,0,0,21,,0,0,0,0,1,1,,21,21,21,0,0,0,0,21,,0,0,0,0,1,1,,21,0,0,,,,,0,,,,,,0,0,,0
"Collection","/collections/sex-doll-feet",19,21,0,0,0,0,69,,0,0,0,107.85714285714286,3.2857142857142856,0.38095238095238093,,8,19,21,0,0,0,0,69,,0,0,0,107.85714285714286,3.2857142857142856,0.38095238095238093,,8,0,0,,,,,0,,,,,0,0,0,,0
"Blog Article","/blogs/dolls-info-qustions/what-weight-of-butt-torso-sex-dolls-is-most-suitable",21,21,0,0,0,0,32,,0,0,0,64,1.5238095238095237,0.5238095238095238,,11,21,21,0,0,0,0,32,,0,0,0,64,1.5238095238095237,0.5238095238095238,,11,0,0,,,,,0,,,,,0,0,0,,0
,"/en-ca/collections/femboys-sex-doll",20,21,0,0,0,0,78,,0,0,0,88.85714285714286,3.7142857142857144,0.47619047619047616,,10,20,21,0,0,0,0,78,,0,0,0,88.85714285714286,3.7142857142857144,0.47619047619047616,,10,0,0,,,,,0,,,,,0,0,0,,0
"Blog Article","/blogs/featured-blog/2025-top-sex-doll-brands-annual-update-summary",21,21,0,0,0,0,92,,0,0,0,261.3809523809524,4.380952380952381,0.23809523809523808,,5,21,21,0,0,0,0,92,,0,0,0,261.3809523809524,4.380952380952381,0.23809523809523808,,5,0,0,,,,,0,,,,,0,0,0,,0
"Search","/search",17,20,0,0,0,0,72,,0,0,0,309.45,3.6,0.45,,9,17,20,0,0,0,0,72,,0,0,0,309.45,3.6,0.45,,9,0,0,,,,,0,,,,,0,0,0,,0
"Blog Article","/blogs/dolls-info-qustions/discover-the-secrets-of-the-vagina",20,20,0,0,0,0,41,,0,0,0,61.1,2.05,0.75,,15,20,20,0,0,0,0,41,,0,0,0,61.1,2.05,0.75,,15,0,0,,,,,0,,,,,0,0,0,,0
"Product","/products/a664-37-5lb-silicone-butt-sexy-and-real-realistic-big-ass-sex-doll-torso",18,20,2,2,1,0.05,72,0.5,0.1,0.1,1,194.45,3.6,0.7,0.5,14,18,20,2,2,1,0.05,72,0.5,0.1,0.1,1,194.45,3.6,0.7,0.5,14,0,0,0,0,0,0,0,0,0,0,0,0,0,0,0,0
"Collection","/collections/ai-sex-doll",18,20,0,0,0,0,52,,0,0,0,173.85,2.6,0.7,,14,18,20,0,0,0,0,52,,0,0,0,173.85,2.6,0.7,,14,0,0,,,,,0,,,,,0,0,0,,0
"Blog Article","/blogs/recent-brand-updates-new-arrivals-for-sex-dolls/irontech-brand-new-iron-ai-complete-highlights-breakdown",17,20,0,0,0,0,32,,0,0,0,20.6,1.6,0.4,,8,17,20,0,0,0,0,32,,0,0,0,20.6,1.6,0.4,,8,0,0,,,,,0,,,,,0,0,0,,0
,"/en-ca/collections/sex-doll-torso-dildo-for-woman",20,20,1,0,0,0,53,,0.05,0,0,164.75,2.65,0.45,,9,20,20,1,0,0,0,53,,0.05,0,0,164.75,2.65,0.45,,9,0,0,0,,,,0,,0,,,0,0,0,,0
,"/en-ca/blogs/featured-blog/how-to-diy-an-sex-doll-you",20,20,0,0,0,0,24,,0,0,0,5.8,1.2,0.9,,18,20,20,0,0,0,0,24,,0,0,0,5.8,1.2,0.9,,18,0,0,,,,,0,,,,,0,0,0,,0
"Collection","/collections/tpe-ass",20,20,0,0,0,0,100,,0,0,0,179.65,5,0.4,,8,20,20,0,0,0,0,100,,0,0,0,179.65,5,0.4,,8,0,0,,,,,0,,,,,0,0,0,,0
"Blog Article","/blogs/dolls-info-qustions/tpe-real-oral-sex-ros-vs-silicone-real-oral-sex-ros",19,19,0,0,0,0,32,,0,0,0,12.68421052631579,1.6842105263157894,0.3157894736842105,,6,19,19,0,0,0,0,32,,0,0,0,12.68421052631579,1.6842105263157894,0.3157894736842105,,6,0,0,,,,,0,,,,,0,0,0,,0
"Product","/products/f6209-172cm-5-6ft-37-5kg-a-cup-realistic-flat-chest-sex-doll-top-cydoll",12,19,0,0,0,0,54,,0,0,0,119.89473684210526,2.8421052631578947,0.42105263157894735,,8,12,19,0,0,0,0,54,,0,0,0,119.89473684210526,2.8421052631578947,0.42105263157894735,,8,0,0,,,,,0,,,,,0,0,0,,0
"Collection","/collections/silicone-sex-dolls",19,19,0,0,0,0,87,,0,0,0,229.8421052631579,4.578947368421052,0.42105263157894735,,8,19,19,0,0,0,0,87,,0,0,0,229.8421052631579,4.578947368421052,0.42105263157894735,,8,0,0,,,,,0,,,,,0,0,0,,0
,"/de/collections/sex-doll-feet",18,19,0,0,0,0,50,,0,0,0,40.36842105263158,2.6315789473684212,0.5263157894736842,,10,18,19,0,0,0,0,50,,0,0,0,40.36842105263158,2.6315789473684212,0.5263157894736842,,10,0,0,,,,,0,,,,,0,0,0,,0
,"/de/collections/futa-sex-doll",19,19,0,0,0,0,56,,0,0,0,91.26315789473684,2.9473684210526314,0.47368421052631576,,9,19,19,0,0,0,0,56,,0,0,0,91.26315789473684,2.9473684210526314,0.47368421052631576,,9,0,0,,,,,0,,,,,0,0,0,,0
"Product","/products/se-doll-head-x-bot-ai-smart-multi-language-talking-h002",16,19,1,1,0,0,47,0,0.05263157894736842,0.05263157894736842,0,81.84210526315789,2.473684210526316,0.5789473684210527,0,11,16,19,1,1,0,0,47,0,0.05263157894736842,0.05263157894736842,0,81.84210526315789,2.473684210526316,0.5789473684210527,0,11,0,0,0,0,,,0,,0,0,,0,0,0,,0
,"/en-ca/collections/fake-pussy-fake-vagina-sex-toys",19,19,0,0,0,0,55,,0,0,0,44.526315789473685,2.8947368421052633,0.5789473684210527,,11,19,19,0,0,0,0,55,,0,0,0,44.526315789473685,2.8947368421052633,0.5789473684210527,,11,0,0,,,,,0,,,,,0,0,0,,0
"Collection","/collections/sex-doll-factory-pictures",18,19,0,0,0,0,163,,0,0,0,477,8.578947368421053,0.21052631578947367,,4,18,19,0,0,0,0,163,,0,0,0,477,8.578947368421053,0.21052631578947367,,4,0,0,,,,,0,,,,,0,0,0,,0
"Collection","/collections/life-size-shemale-sex-doll",19,19,0,0,0,0,64,,0,0,0,233.6315789473684,3.3684210526315788,0.5263157894736842,,10,19,19,0,0,0,0,64,,0,0,0,233.6315789473684,3.3684210526315788,0.5263157894736842,,10,0,0,,,,,0,,,,,0,0,0,,0
"Collection","/collections/bbw-latina-sex-doll",18,18,0,0,0,0,45,,0,0,0,83.83333333333333,2.5,0.3888888888888889,,7,18,18,0,0,0,0,45,,0,0,0,83.83333333333333,2.5,0.3888888888888889,,7,0,0,,,,,0,,,,,0,0,0,,0
"Collection","/collections/electric-sex-doll-head",16,17,1,0,0,0,79,,0.058823529411764705,0,0,480.70588235294116,4.647058823529412,0.29411764705882354,,5,16,17,1,0,0,0,79,,0.058823529411764705,0,0,480.70588235294116,4.647058823529412,0.29411764705882354,,5,0,0,0,,,,0,,0,,,0,0,0,,0
"Product","/products/silicone-realistic-legs-feet-50lb",13,17,1,1,0,0,39,0,0.058823529411764705,0.058823529411764705,0,179.2941176470588,2.2941176470588234,0.5294117647058824,0,9,13,17,1,1,0,0,39,0,0.058823529411764705,0.058823529411764705,0,179.2941176470588,2.2941176470588234,0.5294117647058824,0,9,0,0,0,0,,,0,,0,0,,0,0,0,,0
"Collection","/collections/shemale-sex-doll",17,17,0,0,0,0,25,,0,0,0,10.941176470588236,1.4705882352941178,0.6470588235294118,,11,17,17,0,0,0,0,25,,0,0,0,10.941176470588236,1.4705882352941178,0.6470588235294118,,11,0,0,,,,,0,,,,,0,0,0,,0
"Custom Page","/pages/full-doll",17,17,0,0,0,0,77,,0,0,0,262.47058823529414,4.529411764705882,0.35294117647058826,,6,17,17,0,0,0,0,77,,0,0,0,262.47058823529414,4.529411764705882,0.35294117647058826,,6,0,0,,,,,0,,,,,0,0,0,,0
"Product","/collections/sex-doll-torso/products/591sex-doll-torso",17,17,0,0,0,0,63,,0,0,0,190.41176470588235,3.7058823529411766,0.47058823529411764,,8,17,17,0,0,0,0,63,,0,0,0,190.41176470588235,3.7058823529411766,0.47058823529411764,,8,0,0,,,,,0,,,,,0,0,0,,0
"Collection","/collections/male-sex-doll",17,17,1,0,0,0,57,,0.058823529411764705,0,0,132.7058823529412,3.3529411764705883,0.5882352941176471,,10,17,17,1,0,0,0,57,,0.058823529411764705,0,0,132.7058823529412,3.3529411764705883,0.5882352941176471,,10,0,0,0,,,,0,,0,,,0,0,0,,0
"Blog Article","/blogs/dolls-info-qustions/why-do-men-like-to-have-sex-with-bigass-women",17,17,0,0,0,0,18,,0,0,0,1.3529411764705883,1.0588235294117647,0.9411764705882353,,16,17,17,0,0,0,0,18,,0,0,0,1.3529411764705883,1.0588235294117647,0.9411764705882353,,16,0,0,,,,,0,,,,,0,0,0,,0
"Collection","/collections/life-sized-sex-doll",17,17,0,0,0,0,56,,0,0,0,263.3529411764706,3.2941176470588234,0.5294117647058824,,9,17,17,0,0,0,0,56,,0,0,0,263.3529411764706,3.2941176470588234,0.5294117647058824,,9,0,0,,,,,0,,,,,0,0,0,,0
"Collection","/collections/sex-doll-torso-with-head",15,16,1,1,0,0,291,0,0.0625,0.0625,0,1300.1875,18.1875,0.25,0,4,15,16,1,1,0,0,291,0,0.0625,0.0625,0,1300.1875,18.1875,0.25,0,4,0,0,0,0,,,0,,0,0,,0,0,0,,0
,"/en-ca/collections/shemale-sex-doll-torso-1",16,16,0,0,0,0,32,,0,0,0,94.75,2,0.5625,,9,16,16,0,0,0,0,32,,0,0,0,94.75,2,0.5625,,9,0,0,,,,,0,,,,,0,0,0,,0
"Collection","/collections/big-ass-sex-doll-tpe-body",16,16,0,0,0,0,48,,0,0,0,187.0625,3,0.3125,,5,16,16,0,0,0,0,48,,0,0,0,187.0625,3,0.3125,,5,0,0,,,,,0,,,,,0,0,0,,0
"Blog Article","/blogs/dolls-info-qustions/are-you-also-leaning-toward-big-butt-sex-dolls",16,16,0,0,0,0,114,,0,0,0,327.25,7.125,0.5625,,9,16,16,0,0,0,0,114,,0,0,0,327.25,7.125,0.5625,,9,0,0,,,,,0,,,,,0,0,0,,0
"Blog Article","/blogs/dolls-info-qustions/top-cydoll-auto-blowjob-function-game-changing-feature-now-live",16,16,0,0,0,0,24,,0,0,0,88.8125,1.5,0.6875,,11,16,16,0,0,0,0,24,,0,0,0,88.8125,1.5,0.6875,,11,0,0,,,,,0,,,,,0,0,0,,0
"Blog Article","/blogs/dolls-info-qustions/vaginal-and-anal-design-of-life-size-sex-dolls",16,16,1,0,0,0,124,,0.0625,0,0,481.1875,7.75,0.6875,,11,16,16,1,0,0,0,124,,0.0625,0,0,481.1875,7.75,0.6875,,11,0,0,0,,,,0,,0,,,0,0,0,,0
"Blog Article","/blogs/dolls-info-qustions/shocking-in-depth-review-of-naimi-1-1-celebrity-sex-doll",16,16,0,0,0,0,21,,0,0,0,14.125,1.3125,0.875,,14,16,16,0,0,0,0,21,,0,0,0,14.125,1.3125,0.875,,14,0,0,,,,,0,,,,,0,0,0,,0
"Collection","/collections/mini-flat-chest-sex-doll",15,16,0,0,0,0,32,,0,0,0,99.1875,2,0.5,,8,15,16,0,0,0,0,32,,0,0,0,99.1875,2,0.5,,8,0,0,,,,,0,,,,,0,0,0,,0
,"/en-fi/blogs/featured-blog/how-to-make-fake-pussy",16,16,0,0,0,0,22,,0,0,0,18.75,1.375,0.9375,,15,16,16,0,0,0,0,22,,0,0,0,18.75,1.375,0.9375,,15,0,0,,,,,0,,,,,0,0,0,,0
"Collection","/collections/s-tpe-doll",16,16,0,0,0,0,62,,0,0,0,190.9375,3.875,0.8125,,13,16,16,0,0,0,0,62,,0,0,0,190.9375,3.875,0.8125,,13,0,0,,,,,0,,,,,0,0,0,,0
"Blog Article","/blogs/dolls-info-qustions/what-oral-depth-of-a-sex-doll-head-is-best-for-blowjobs",14,16,0,0,0,0,26,,0,0,0,31.625,1.625,0.375,,6,14,16,0,0,0,0,26,,0,0,0,31.625,1.625,0.375,,6,0,0,,,,,0,,,,,0,0,0,,0
"Collection","/collections/life-size-ass",14,15,0,0,0,0,66,,0,0,0,138.6,4.4,0.6666666666666666,,10,14,15,0,0,0,0,66,,0,0,0,138.6,4.4,0.6666666666666666,,10,0,0,,,,,0,,,,,0,0,0,,0
"Collection","/collections/torso-sex-doll-with-gel-breasts",15,15,0,0,0,0,53,,0,0,0,287.06666666666666,3.533333333333333,0.4666666666666667,,7,15,15,0,0,0,0,53,,0,0,0,287.06666666666666,3.533333333333333,0.4666666666666667,,7,0,0,,,,,0,,,,,0,0,0,,0
"Collection","/collections/anime-sex-doll-cheap",15,15,0,0,0,0,47,,0,0,0,463.26666666666665,3.1333333333333333,0.4666666666666667,,7,15,15,0,0,0,0,47,,0,0,0,463.26666666666665,3.1333333333333333,0.4666666666666667,,7,0,0,,,,,0,,,,,0,0,0,,0
"Collection","/collections/sex-doll-legs",10,15,0,0,0,0,41,,0,0,0,251.06666666666666,2.7333333333333334,0.4,,6,10,15,0,0,0,0,41,,0,0,0,251.06666666666666,2.7333333333333334,0.4,,6,0,0,,,,,0,,,,,0,0,0,,0
"Collection","/collections/pocket-pussy",14,15,0,0,0,0,22,,0,0,0,15.333333333333334,1.4666666666666666,0.6666666666666666,,10,14,15,0,0,0,0,22,,0,0,0,15.333333333333334,1.4666666666666666,0.6666666666666666,,10,0,0,,,,,0,,,,,0,0,0,,0
"Collection","/collections/mini-hentai-sex-doll",14,14,0,0,0,0,61,,0,0,0,189.85714285714286,4.357142857142857,0.35714285714285715,,5,14,14,0,0,0,0,61,,0,0,0,189.85714285714286,4.357142857142857,0.35714285714285715,,5,0,0,,,,,0,,,,,0,0,0,,0
"Collection","/collections/anime-hentai-sex-doll",13,14,0,0,0,0,63,,0,0,0,181.14285714285714,4.5,0.42857142857142855,,6,13,14,0,0,0,0,63,,0,0,0,181.14285714285714,4.5,0.42857142857142855,,6,0,0,,,,,0,,,,,0,0,0,,0
"Collection","/collections/erovenus-sex-doll",13,14,0,0,0,0,71,,0,0,0,435.92857142857144,5.071428571428571,0.35714285714285715,,5,13,14,0,0,0,0,71,,0,0,0,435.92857142857144,5.071428571428571,0.35714285714285715,,5,0,0,,,,,0,,,,,0,0,0,,0
"Collection","/collections/silicone-sex-doll-torso-love-torso-silicone-doll",14,14,0,0,0,0,48,,0,0,0,229.71428571428572,3.4285714285714284,0.21428571428571427,,3,14,14,0,0,0,0,48,,0,0,0,229.71428571428572,3.4285714285714284,0.21428571428571427,,3,0,0,,,,,0,,,,,0,0,0,,0
"Product","/products/f5945-155mcm5-1ft-40kg-2-0-g-cup-asian-anime-silicone-head-chinese-sex-doll-bezlya-doll",1,14,0,0,0,0,14,,0,0,0,0,1,1,,14,1,14,0,0,0,0,14,,0,0,0,0,1,1,,14,0,0,,,,,0,,,,,,0,0,,0
"Collection","/collections/1600-1999-sex-doll",14,14,0,0,0,0,41,,0,0,0,292.42857142857144,2.9285714285714284,0.35714285714285715,,5,14,14,0,0,0,0,41,,0,0,0,292.42857142857144,2.9285714285714284,0.35714285714285715,,5,0,0,,,,,0,,,,,0,0,0,,0
"Product","/products/t968-50-7lbs-92cm-silicone-luxury-super-realistic-human-size-sex-dolls-torso-with-head",14,14,0,0,0,0,14,,0,0,0,0,1,1,,14,14,14,0,0,0,0,14,,0,0,0,0,1,1,,14,0,0,,,,,0,,,,,,0,0,,0
"Collection","/collections/300-600",14,14,0,0,0,0,27,,0,0,0,37.214285714285715,1.9285714285714286,0.5714285714285714,,8,14,14,0,0,0,0,27,,0,0,0,37.214285714285715,1.9285714285714286,0.5714285714285714,,8,0,0,,,,,0,,,,,0,0,0,,0
"Collection","/collections/young-male-sex-doll",14,14,0,0,0,0,25,,0,0,0,212.14285714285714,1.7857142857142858,0.6428571428571429,,9,14,14,0,0,0,0,25,,0,0,0,212.14285714285714,1.7857142857142858,0.6428571428571429,,9,0,0,,,,,0,,,,,0,0,0,,0
"Collection","/collections/milf-sex-dolls",14,14,0,0,0,0,61,,0,0,0,159.64285714285714,4.357142857142857,0.5,,7,14,14,0,0,0,0,61,,0,0,0,159.64285714285714,4.357142857142857,0.5,,7,0,0,,,,,0,,,,,0,0,0,,0
,"/en-ca/collections/sex-doll-torso",14,14,0,0,0,0,60,,0,0,0,152.57142857142858,4.285714285714286,0.42857142857142855,,6,14,14,0,0,0,0,60,,0,0,0,152.57142857142858,4.285714285714286,0.42857142857142855,,6,0,0,,,,,0,,,,,0,0,0,,0
"Product","/products/f5547-150cm4-9ft-27-6kg-f-cup-r7-life-size-silicone-sex-doll-real-lady",14,14,0,0,0,0,14,,0,0,0,0,1,1,,14,14,14,0,0,0,0,14,,0,0,0,0,1,1,,14,0,0,,,,,0,,,,,,0,0,,0
,"/en-ca/collections/futa-sex-doll",13,13,0,0,0,0,93,,0,0,0,240.46153846153845,7.153846153846154,0.46153846153846156,,6,13,13,0,0,0,0,93,,0,0,0,240.46153846153845,7.153846153846154,0.46153846153846156,,6,0,0,,,,,0,,,,,0,0,0,,0
"Collection","/collections/monster-hentai-sex-doll",13,13,0,0,0,0,40,,0,0,0,289.7692307692308,3.076923076923077,0.23076923076923078,,3,13,13,0,0,0,0,40,,0,0,0,289.7692307692308,3.076923076923077,0.23076923076923078,,3,0,0,,,,,0,,,,,0,0,0,,0
"Product","/products/f5425-elsa-babe-hentai-anime-waifu-sex-dolls-silicone-head-150cm-27-5kg",11,13,0,0,0,0,26,,0,0,0,56.61538461538461,2,0.5384615384615384,,7,11,13,0,0,0,0,26,,0,0,0,56.61538461538461,2,0.5384615384615384,,7,0,0,,,,,0,,,,,0,0,0,,0
"Collection","/collections/cheap-sex-doll",12,13,0,0,0,0,36,,0,0,0,153.07692307692307,2.769230769230769,0.46153846153846156,,6,12,13,0,0,0,0,36,,0,0,0,153.07692307692307,2.769230769230769,0.46153846153846156,,6,0,0,,,,,0,,,,,0,0,0,,0
"Collection","/collections/bezlya",10,13,1,0,0,0,157,,0.07692307692307693,0,0,445,12.076923076923077,0.46153846153846156,,6,10,13,1,0,0,0,157,,0.07692307692307693,0,0,445,12.076923076923077,0.46153846153846156,,6,0,0,0,,,,0,,0,,,0,0,0,,0
"Blog Article","/blogs/dolls-info-qustions/safely-disposing-the-used-sex-dolls",13,13,0,0,0,0,14,,0,0,0,1.5384615384615385,1.0769230769230769,0.9230769230769231,,12,13,13,0,0,0,0,14,,0,0,0,1.5384615384615385,1.0769230769230769,0.9230769230769231,,12,0,0,,,,,0,,,,,0,0,0,,0
,"/en-ca/collections/boob-job-sex-toys",13,13,0,0,0,0,28,,0,0,0,180,2.1538461538461537,0.38461538461538464,,5,13,13,0,0,0,0,28,,0,0,0,180,2.1538461538461537,0.38461538461538464,,5,0,0,,,,,0,,,,,0,0,0,,0
"Blog Article","/blogs/sex-doll-option-videos/video-11-electric-hip-and-waist",12,13,0,0,0,0,22,,0,0,0,79.76923076923077,1.6923076923076923,0.9230769230769231,,12,12,13,0,0,0,0,22,,0,0,0,79.76923076923077,1.6923076923076923,0.9230769230769231,,12,0,0,,,,,0,,,,,0,0,0,,0
"Blog Article","/blogs/dolls-info-qustions/how-to-make-fake-pussy",13,13,0,0,0,0,30,,0,0,0,107.61538461538461,2.3076923076923075,0.5384615384615384,,7,13,13,0,0,0,0,30,,0,0,0,107.61538461538461,2.3076923076923075,0.5384615384615384,,7,0,0,,,,,0,,,,,0,0,0,,0
"Collection","/collections/electric-pocket-pussy",13,13,0,0,0,0,29,,0,0,0,146.84615384615384,2.230769230769231,0.6153846153846154,,8,13,13,0,0,0,0,29,,0,0,0,146.84615384615384,2.230769230769231,0.6153846153846154,,8,0,0,,,,,0,,,,,0,0,0,,0
"Collection","/collections/mini-sex-doll",12,13,0,0,0,0,69,,0,0,0,439.15384615384613,5.3076923076923075,0.5384615384615384,,7,12,13,0,0,0,0,69,,0,0,0,439.15384615384613,5.3076923076923075,0.5384615384615384,,7,0,0,,,,,0,,,,,0,0,0,,0
"Blog Article","/blogs/real-sex-doll-reviews-pros-cons-real-usage-tests/top-8-big-ass-sex-doll-torsos-you-can-t-resist",13,13,0,0,0,0,32,,0,0,0,43.76923076923077,2.4615384615384617,0.15384615384615385,,2,13,13,0,0,0,0,32,,0,0,0,43.76923076923077,2.4615384615384617,0.15384615384615385,,2,0,0,,,,,0,,,,,0,0,0,,0
"Product","/products/t71",5,12,1,1,0,0,28,0,0.08333333333333333,0.08333333333333333,0,146.66666666666666,2.3333333333333335,0.5833333333333334,0,7,5,12,1,1,0,0,28,0,0.08333333333333333,0.08333333333333333,0,146.66666666666666,2.3333333333333335,0.5833333333333334,0,7,0,0,0,0,,,0,,0,0,,0,0,0,,0
,"/en-ca/collections/flat-chest-sex-doll",12,12,0,0,0,0,24,,0,0,0,307.3333333333333,2,0.6666666666666666,,8,12,12,0,0,0,0,24,,0,0,0,307.3333333333333,2,0.6666666666666666,,8,0,0,,,,,0,,,,,0,0,0,,0
"Product","/products/judy-rona-big-butt-torso-silicone-26lb-realistic-sex-doll",8,12,0,0,0,0,34,,0,0,0,240.08333333333334,2.8333333333333335,0.4166666666666667,,5,8,12,0,0,0,0,34,,0,0,0,240.08333333333334,2.8333333333333335,0.4166666666666667,,5,0,0,,,,,0,,,,,0,0,0,,0
,"/ja/collections/male-sex-doll",6,12,0,0,0,0,22,,0,0,0,147.25,1.8333333333333333,0.6666666666666666,,8,6,12,0,0,0,0,22,,0,0,0,147.25,1.8333333333333333,0.6666666666666666,,8,0,0,,,,,0,,,,,0,0,0,,0
"Collection","/collections/bbw-milf-sex-doll",12,12,0,0,0,0,92,,0,0,0,456,7.666666666666667,0.16666666666666666,,2,12,12,0,0,0,0,92,,0,0,0,456,7.666666666666667,0.16666666666666666,,2,0,0,,,,,0,,,,,0,0,0,,0
"Collection","/collections/the-best-male-sex-dolls-of-2024-explained-choosing-your-ideal-lover",12,12,0,0,0,0,63,,0,0,0,185.16666666666666,5.25,0.4166666666666667,,5,12,12,0,0,0,0,63,,0,0,0,185.16666666666666,5.25,0.4166666666666667,,5,0,0,,,,,0,,,,,0,0,0,,0
"Collection","/collections/hyper-realistic-sex-doll",12,12,0,0,0,0,107,,0,0,0,245.08333333333334,8.916666666666666,0.3333333333333333,,4,12,12,0,0,0,0,107,,0,0,0,245.08333333333334,8.916666666666666,0.3333333333333333,,4,0,0,,,,,0,,,,,0,0,0,,0
"Collection","/collections/firefly-diary",12,12,0,0,0,0,98,,0,0,0,474.9166666666667,8.166666666666666,0.16666666666666666,,2,12,12,0,0,0,0,98,,0,0,0,474.9166666666667,8.166666666666666,0.16666666666666666,,2,0,0,,,,,0,,,,,0,0,0,,0
"Product","/products/p381-3-15lbs-meru-the-succubus-onahole-fake-pussy-silicone-anime-hentai-sex-doll-mrl",12,12,0,0,0,0,18,,0,0,0,7.666666666666667,1.5,0.9166666666666666,,11,12,12,0,0,0,0,18,,0,0,0,7.666666666666667,1.5,0.9166666666666666,,11,0,0,,,,,0,,,,,0,0,0,,0
,"/ja/pages/sex-doll-gif",10,11,0,0,0,0,12,,0,0,0,47.63636363636363,1.0909090909090908,0.9090909090909091,,10,10,11,0,0,0,0,12,,0,0,0,47.63636363636363,1.0909090909090908,0.9090909090909091,,10,0,0,,,,,0,,,,,0,0,0,,0
"Collection","/collections/saggy-huge-breast-sex-doll",11,11,0,0,0,0,18,,0,0,0,148.27272727272728,1.6363636363636365,0.7272727272727273,,8,11,11,0,0,0,0,18,,0,0,0,148.27272727272728,1.6363636363636365,0.7272727272727273,,8,0,0,,,,,0,,,,,0,0,0,,0
,"/en-ca/collections/naked-sex-doll",10,11,0,0,0,0,37,,0,0,0,245.0909090909091,3.3636363636363638,0.45454545454545453,,5,10,11,0,0,0,0,37,,0,0,0,245.0909090909091,3.3636363636363638,0.45454545454545453,,5,0,0,,,,,0,,,,,0,0,0,,0
,"/de/collections/shemale-sex-doll-torso-1",11,11,0,0,0,0,28,,0,0,0,294.72727272727275,2.5454545454545454,0.45454545454545453,,5,11,11,0,0,0,0,28,,0,0,0,294.72727272727275,2.5454545454545454,0.45454545454545453,,5,0,0,,,,,0,,,,,0,0,0,,0
"Blog Article","/blogs/dolls-info-qustions/does-the-sex-doll-feel-real-an-honest-review-from-a-real-user",10,11,0,0,0,0,28,,0,0,0,72.27272727272727,2.5454545454545454,0.36363636363636365,,4,10,11,0,0,0,0,28,,0,0,0,72.27272727272727,2.5454545454545454,0.36363636363636365,,4,0,0,,,,,0,,,,,0,0,0,,0
"Collection","/collections/torso-only",11,11,0,0,0,0,35,,0,0,0,428.45454545454544,3.1818181818181817,0.5454545454545454,,6,11,11,0,0,0,0,35,,0,0,0,428.45454545454544,3.1818181818181817,0.5454545454545454,,6,0,0,,,,,0,,,,,0,0,0,,0
"Collection","/collections/real-lady",9,11,0,0,0,0,30,,0,0,0,161.45454545454547,2.727272727272727,0.45454545454545453,,5,9,11,0,0,0,0,30,,0,0,0,161.45454545454547,2.727272727272727,0.45454545454545453,,5,0,0,,,,,0,,,,,0,0,0,,0
"Collection","/collections/mrl-doll",11,11,1,1,0,0,52,0,0.09090909090909091,0.09090909090909091,0,295.27272727272725,4.7272727272727275,0.09090909090909091,0,1,11,11,1,1,0,0,52,0,0.09090909090909091,0.09090909090909091,0,295.27272727272725,4.7272727272727275,0.09090909090909091,0,1,0,0,0,0,,,0,,0,0,,0,0,0,,0
"Collection","/collections/qita-doll",11,11,0,0,0,0,23,,0,0,0,36.72727272727273,2.090909090909091,0.45454545454545453,,5,11,11,0,0,0,0,23,,0,0,0,36.72727272727273,2.090909090909091,0.45454545454545453,,5,0,0,,,,,0,,,,,0,0,0,,0
,"/de/collections/bbw-ass-torso",11,11,0,0,0,0,29,,0,0,0,57.09090909090909,2.6363636363636362,0.6363636363636364,,7,11,11,0,0,0,0,29,,0,0,0,57.09090909090909,2.6363636363636362,0.6363636363636364,,7,0,0,,,,,0,,,,,0,0,0,,0
"Collection","/collections/cheap-mini-sex-doll",11,11,0,0,0,0,35,,0,0,0,108.0909090909091,3.1818181818181817,0.36363636363636365,,4,11,11,0,0,0,0,35,,0,0,0,108.0909090909091,3.1818181818181817,0.36363636363636365,,4,0,0,,,,,0,,,,,0,0,0,,0
,"/de/blogs/dolls-info-qustions/gentlemans-paradise-exploring-nsfw-anime-figures-and-sex-dolls",11,11,0,0,0,0,22,,0,0,0,16.272727272727273,2,0.6363636363636364,,7,11,11,0,0,0,0,22,,0,0,0,16.272727272727273,2,0.6363636363636364,,7,0,0,,,,,0,,,,,0,0,0,,0
"Collection","/collections/best-sellers-in-big-boobs",11,11,0,0,0,0,89,,0,0,0,590,8.090909090909092,0.36363636363636365,,4,11,11,0,0,0,0,89,,0,0,0,590,8.090909090909092,0.36363636363636365,,4,0,0,,,,,0,,,,,0,0,0,,0
"Collection","/collections/huge-breast-torso-sex-doll",10,11,0,0,0,0,26,,0,0,0,28.545454545454547,2.3636363636363638,0.09090909090909091,,1,10,11,0,0,0,0,26,,0,0,0,28.545454545454547,2.3636363636363638,0.09090909090909091,,1,0,0,,,,,0,,,,,0,0,0,,0
"Blog Article","/blogs/dolls-info-qustions/the-latest-sex-dolls-innovations-and-breakthroughs-in-2025",9,10,0,0,0,0,16,,0,0,0,41.2,1.6,0.6,,6,9,10,0,0,0,0,16,,0,0,0,41.2,1.6,0.6,,6,0,0,,,,,0,,,,,0,0,0,,0
"Collection","/collections/top-cydoll",10,10,0,0,0,0,61,,0,0,0,273.7,6.1,0.3,,3,10,10,0,0,0,0,61,,0,0,0,273.7,6.1,0.3,,3,0,0,,,,,0,,,,,0,0,0,,0
"Custom Page","/pages/all-category",9,10,1,1,0,0,87,0,0.1,0.1,0,405.1,8.7,0.3,0,3,9,10,1,1,0,0,87,0,0.1,0.1,0,405.1,8.7,0.3,0,3,0,0,0,0,,,0,,0,0,,0,0,0,,0
"Collection","/collections/bbw-ass-torso",10,10,0,0,0,0,23,,0,0,0,109.6,2.3,0.4,,4,10,10,0,0,0,0,23,,0,0,0,109.6,2.3,0.4,,4,0,0,,,,,0,,,,,0,0,0,,0
,"/de/blogs/dolls-info-qustions/shocking-in-depth-review-of-naimi-1-1-celebrity-sex-doll",10,10,0,0,0,0,16,,0,0,0,13.1,1.6,0.9,,9,10,10,0,0,0,0,16,,0,0,0,13.1,1.6,0.9,,9,0,0,,,,,0,,,,,0,0,0,,0
"Blog Article","/blogs/dolls-info-qustions/ridmii-tenar-f9127-new-ai-sex-doll",10,10,0,0,0,0,19,,0,0,0,20.5,1.9,0.1,,1,10,10,0,0,0,0,19,,0,0,0,20.5,1.9,0.1,,1,0,0,,,,,0,,,,,0,0,0,,0
,"/en-ca/collections/huge-breasts-sex-dolls",10,10,0,0,0,0,55,,0,0,0,243.7,5.5,0.2,,2,10,10,0,0,0,0,55,,0,0,0,243.7,5.5,0.2,,2,0,0,,,,,0,,,,,0,0,0,,0
,"/en-ca/collections/shemale-sex-toy",10,10,0,0,0,0,20,,0,0,0,16.8,2,0.7,,7,10,10,0,0,0,0,20,,0,0,0,16.8,2,0.7,,7,0,0,,,,,0,,,,,0,0,0,,0
"Collection","/collections/doll-castle",8,10,0,0,0,0,51,,0,0,0,376.4,5.1,0.3,,3,8,10,0,0,0,0,51,,0,0,0,376.4,5.1,0.3,,3,0,0,,,,,0,,,,,0,0,0,,0
"Collection","/collections/teen-sex-dolls",10,10,0,0,0,0,30,,0,0,0,79.5,3,0.7,,7,10,10,0,0,0,0,30,,0,0,0,79.5,3,0.7,,7,0,0,,,,,0,,,,,0,0,0,,0
,"/de/collections/shemale-sex-doll",8,10,0,0,0,0,43,,0,0,0,241.3,4.3,0.3,,3,8,10,0,0,0,0,43,,0,0,0,241.3,4.3,0.3,,3,0,0,,,,,0,,,,,0,0,0,,0
"Blog Article","/blogs/dolls-info-qustions/foot-fetish-uncovered-10-types-of-foot-fetish-3-must-have-foot-fetish-toys",9,10,0,0,0,0,11,,0,0,0,11.4,1.1,0.9,,9,9,10,0,0,0,0,11,,0,0,0,11.4,1.1,0.9,,9,0,0,,,,,0,,,,,0,0,0,,0
"Blog Article","/blogs/dolls-info-qustions/elsa-babe-doll-craftsmanship-introduction",10,10,0,0,0,0,17,,0,0,0,15.7,1.7,0.4,,4,10,10,0,0,0,0,17,,0,0,0,15.7,1.7,0.4,,4,0,0,,,,,0,,,,,0,0,0,,0
"Checkout","/60719464687/orders/124b8f4663b5adf4bd269ee2e00f5128",2,10,0,0,0,0,39,,0,0,0,566.9,3.9,0.4,,4,2,10,0,0,0,0,39,,0,0,0,566.9,3.9,0.4,,4,0,0,,,,,0,,,,,0,0,0,,0
"Blog Article","/blogs/dolls-info-qustions/a-must-read-for-anime-fans-anime-futa-sex-dolls-bring-your-2d-fantasy-to-life",10,10,0,0,0,0,20,,0,0,0,46.4,2,0.9,,9,10,10,0,0,0,0,20,,0,0,0,46.4,2,0.9,,9,0,0,,,,,0,,,,,0,0,0,,0
,"/en-fi/collections/bbw-sex-doll-torso",10,10,0,0,0,0,17,,0,0,0,132.4,1.7,0.6,,6,10,10,0,0,0,0,17,,0,0,0,132.4,1.7,0.6,,6,0,0,,,,,0,,,,,0,0,0,,0
"Collection","/collections/tpe-sex-dolls",10,10,1,1,0,0,37,0,0.1,0.1,0,245.2,3.7,0.4,0,4,10,10,1,1,0,0,37,0,0.1,0.1,0,245.2,3.7,0.4,0,4,0,0,0,0,,,0,,0,0,,0,0,0,,0
"Blog Article","/blogs/dolls-info-qustions/why-do-women-enjoy-anal-sex-5-honest-reasons-you-never-expected",7,9,0,0,0,0,9,,0,0,0,0,1,1,,9,7,9,0,0,0,0,9,,0,0,0,0,1,1,,9,0,0,,,,,0,,,,,,0,0,,0
"Collection","/collections/new-arrivals-robot-sex-dolls",8,9,0,0,0,0,28,,0,0,0,207.77777777777777,3.111111111111111,0.4444444444444444,,4,8,9,0,0,0,0,28,,0,0,0,207.77777777777777,3.111111111111111,0.4444444444444444,,4,0,0,,,,,0,,,,,0,0,0,,0
"Blog Article","/blogs/dolls-info-qustions/what-to-do-if-your-sex-doll-is-too-heavy-a-practical-guide",8,9,0,0,0,0,11,,0,0,0,45.111111111111114,1.2222222222222223,0.7777777777777778,,7,8,9,0,0,0,0,11,,0,0,0,45.111111111111114,1.2222222222222223,0.7777777777777778,,7,0,0,,,,,0,,,,,0,0,0,,0
"Collection","/collections/bbw-life-size-torso",9,9,0,0,0,0,29,,0,0,0,171.88888888888889,3.2222222222222223,0.5555555555555556,,5,9,9,0,0,0,0,29,,0,0,0,171.88888888888889,3.2222222222222223,0.5555555555555556,,5,0,0,,,,,0,,,,,0,0,0,,0
"Product","/products/f5546-153cm-5ft-28kg-silicone-anime-hentai-male-sex-dolls-elsa-babe",6,9,0,0,0,0,38,,0,0,0,234,4.222222222222222,0.5555555555555556,,5,6,9,0,0,0,0,38,,0,0,0,234,4.222222222222222,0.5555555555555556,,5,0,0,,,,,0,,,,,0,0,0,,0
,"/en-fi/blogs/dolls-info-qustions/%F0%9F%94%A5-top-5-most-popular-big-butt-chubby-belly-curvy-body-pornstar-style-sex-dolls-in-2025-%F0%9F%94%A5",9,9,0,0,0,0,10,,0,0,0,4.111111111111111,1.1111111111111112,0.8888888888888888,,8,9,9,0,0,0,0,10,,0,0,0,4.111111111111111,1.1111111111111112,0.8888888888888888,,8,0,0,,,,,0,,,,,0,0,0,,0
,"/en-ca/blogs/dolls-info-qustions/how-to-make-a-fake-ass-sex-toy",9,9,0,0,0,0,19,,0,0,0,96.55555555555556,2.111111111111111,0.7777777777777778,,7,9,9,0,0,0,0,19,,0,0,0,96.55555555555556,2.111111111111111,0.7777777777777778,,7,0,0,,,,,0,,,,,0,0,0,,0
,"/en-ca/collections/anime-mini-sex-doll",9,9,0,0,0,0,12,,0,0,0,59.333333333333336,1.3333333333333333,0.6666666666666666,,6,9,9,0,0,0,0,12,,0,0,0,59.333333333333336,1.3333333333333333,0.6666666666666666,,6,0,0,,,,,0,,,,,0,0,0,,0
"Blog Article","/blogs/dolls-info-qustions/zelex-sle-3-0-upgrade-all-new-features-same-great-price",9,9,0,0,0,0,12,,0,0,0,113.66666666666667,1.3333333333333333,0.6666666666666666,,6,9,9,0,0,0,0,12,,0,0,0,113.66666666666667,1.3333333333333333,0.6666666666666666,,6,0,0,,,,,0,,,,,0,0,0,,0
,"/de/collections/celebrity-sex-dolls",9,9,0,0,0,0,26,,0,0,0,103.44444444444444,2.888888888888889,0.6666666666666666,,6,9,9,0,0,0,0,26,,0,0,0,103.44444444444444,2.888888888888889,0.6666666666666666,,6,0,0,,,,,0,,,,,0,0,0,,0
"Product","/products/a410-22lbsexy-and-real-realistic-ass-chubby-masturbator-sex-doll-torso",5,9,1,1,0,0,16,0,0.1111111111111111,0.1111111111111111,0,56.22222222222222,1.7777777777777777,0.7777777777777778,0,7,5,9,1,1,0,0,16,0,0.1111111111111111,0.1111111111111111,0,56.22222222222222,1.7777777777777777,0.7777777777777778,0,7,0,0,0,0,,,0,,0,0,,0,0,0,,0
"Product","/products/t908k-giant-sex-doll-bbw-torso-climax",8,9,0,0,0,0,19,,0,0,0,68.22222222222223,2.111111111111111,0.6666666666666666,,6,8,9,0,0,0,0,19,,0,0,0,68.22222222222223,2.111111111111111,0.6666666666666666,,6,0,0,,,,,0,,,,,0,0,0,,0
"Blog Article","/blogs/dolls-info-qustions/guide-to-the-buttocks-of-sex-doll-torsos",8,9,0,0,0,0,10,,0,0,0,11.777777777777779,1.1111111111111112,0.8888888888888888,,8,8,9,0,0,0,0,10,,0,0,0,11.777777777777779,1.1111111111111112,0.8888888888888888,,8,0,0,,,,,0,,,,,0,0,0,,0
,"/en-ca/collections/shemale-sex-doll",9,9,1,0,0,0,28,,0.1111111111111111,0,0,132,3.111111111111111,0.4444444444444444,,4,9,9,1,0,0,0,28,,0.1111111111111111,0,0,132,3.111111111111111,0.4444444444444444,,4,0,0,0,,,,0,,0,,,0,0,0,,0
,"/de/collections/big-ass-sex-doll-life-size",9,9,0,0,0,0,47,,0,0,0,377.22222222222223,5.222222222222222,0.1111111111111111,,1,9,9,0,0,0,0,47,,0,0,0,377.22222222222223,5.222222222222222,0.1111111111111111,,1,0,0,,,,,0,,,,,0,0,0,,0
"Collection","/collections/in-stock-usa-1",9,9,0,0,0,0,24,,0,0,0,106.77777777777777,2.6666666666666665,0.5555555555555556,,5,9,9,0,0,0,0,24,,0,0,0,106.77777777777777,2.6666666666666665,0.5555555555555556,,5,0,0,,,,,0,,,,,0,0,0,,0
"Collection","/collections/mini-silicone-torso",8,8,1,0,0,0,21,,0.125,0,0,56.25,2.625,0.75,,6,8,8,1,0,0,0,21,,0.125,0,0,56.25,2.625,0.75,,6,0,0,0,,,,0,,0,,,0,0,0,,0
"Blog Article","/blogs/dolls-info-qustions/how-to-choose-a-sex-doll-torso-that-matches-your-height",8,8,0,0,0,0,11,,0,0,0,4.375,1.375,0.625,,5,8,8,0,0,0,0,11,,0,0,0,4.375,1.375,0.625,,5,0,0,,,,,0,,,,,0,0,0,,0
"Product","/collections/sex-doll-torso/products/55cm-big-boobs-torso-sex-doll-502-sex-doll-torso",8,8,0,0,0,0,40,,0,0,0,219.125,5,0.25,,2,8,8,0,0,0,0,40,,0,0,0,219.125,5,0.25,,2,0,0,,,,,0,,,,,0,0,0,,0
"Customer Account","/account/unsubscribe",6,8,0,0,0,0,8,,0,0,0,0,1,1,,8,6,8,0,0,0,0,8,,0,0,0,0,1,1,,8,0,0,,,,,0,,,,,,0,0,,0
"Checkout","/60719464687/orders/3b2cac718ac471ff5d6b877c7dbc903e",1,8,1,0,0,0,177,,0.125,0,0,1180.25,22.125,0.375,,3,1,8,1,0,0,0,177,,0.125,0,0,1180.25,22.125,0.375,,3,0,0,0,,,,0,,0,,,0,0,0,,0
"Collection","/collections/bbw-sex-dolls",8,8,0,0,0,0,48,,0,0,0,200.25,6,0.5,,4,8,8,0,0,0,0,48,,0,0,0,200.25,6,0.5,,4,0,0,,,,,0,,,,,0,0,0,,0
,"/en-ca/collections/under-100",7,8,0,0,0,0,24,,0,0,0,139.875,3,0.75,,6,7,8,0,0,0,0,24,,0,0,0,139.875,3,0.75,,6,0,0,,,,,0,,,,,0,0,0,,0
"Product","/products/f2428-165cm-5ft4-f-cup-korean-k-pop-girl-group-realistic-silicone-sex-doll-wonder-dolly-irontech-doll",8,8,0,0,0,0,12,,0,0,0,57.5,1.5,0.875,,7,8,8,0,0,0,0,12,,0,0,0,57.5,1.5,0.875,,7,0,0,,,,,0,,,,,0,0,0,,0
"Blog Article","/blogs/sex-doll-torso-blog/7-minutes-to-take-you-to-find-the-most-suitable-male-torso-sex-doll",8,8,0,0,0,0,15,,0,0,0,23.75,1.875,0.125,,1,8,8,0,0,0,0,15,,0,0,0,23.75,1.875,0.125,,1,0,0,,,,,0,,,,,0,0,0,,0
"Blog Article","/blogs/dolls-info-qustions/irontech-doll-launches-the-stunning-oriental-series",8,8,0,0,0,0,14,,0,0,0,13.5,1.75,0.25,,2,8,8,0,0,0,0,14,,0,0,0,13.5,1.75,0.25,,2,0,0,,,,,0,,,,,0,0,0,,0
"Collection","/collections/anime-cosplay-sex-doll",7,8,0,0,0,0,16,,0,0,0,67,2,0.625,,5,7,8,0,0,0,0,16,,0,0,0,67,2,0.625,,5,0,0,,,,,0,,,,,0,0,0,,0
"Product","/products/f6101-158cm-5ft2-47kg-c-cup-asian-silicone-sex-doll-shedoll",1,8,0,0,0,0,8,,0,0,0,0,1,1,,8,1,8,0,0,0,0,8,,0,0,0,0,1,1,,8,0,0,,,,,0,,,,,,0,0,,0
"Collection","/collections/wm-doll",8,8,1,1,1,0.125,98,1,0.125,0.125,1,847.125,12.25,0.375,1,3,8,8,1,1,1,0.125,98,1,0.125,0.125,1,847.125,12.25,0.375,1,3,0,0,0,0,0,0,0,0,0,0,0,0,0,0,0,0
"Blog Article","/blogs/dolls-info-qustions/4-things-tell-you-how-to-use-a-lesbian-sex-doll",8,8,0,0,0,0,12,,0,0,0,36.625,1.5,0.875,,7,8,8,0,0,0,0,12,,0,0,0,36.625,1.5,0.875,,7,0,0,,,,,0,,,,,0,0,0,,0
"Blog Article","/blogs/dolls-info-qustions/the-ultimate-guide-to-best-stuffed-animal-sex-dolls-in-2025",7,8,0,0,0,0,8,,0,0,0,0,1,1,,8,7,8,0,0,0,0,8,,0,0,0,0,1,1,,8,0,0,,,,,0,,,,,,0,0,,0
"Product","/products/f9377-161cm5ft3-41-5kg-h-cup-huge-breast-adult-silicone-ssbbw-sex-doll-starpery-doll",7,8,0,0,0,0,9,,0,0,0,11.875,1.125,0.875,,7,7,8,0,0,0,0,9,,0,0,0,11.875,1.125,0.875,,7,0,0,,,,,0,,,,,0,0,0,,0
"Blog Article","/blogs/featured-blog/best-torso-sex-doll-brands-of-2026",8,8,0,0,0,0,17,,0,0,0,56.125,2.125,0.375,,3,8,8,0,0,0,0,17,,0,0,0,56.125,2.125,0.375,,3,0,0,,,,,0,,,,,0,0,0,,0
"Collection","/collections/mini-bbw-sex-doll",8,8,0,0,0,0,21,,0,0,0,93,2.625,0.375,,3,8,8,0,0,0,0,21,,0,0,0,93,2.625,0.375,,3,0,0,,,,,0,,,,,0,0,0,,0
,"/ja/blogs/dolls-info-qustions/big-booty-sex-doll-a-complete-breakdown",8,8,0,0,0,0,15,,0,0,0,18.125,1.875,0.125,,1,8,8,0,0,0,0,15,,0,0,0,18.125,1.875,0.125,,1,0,0,,,,,0,,,,,0,0,0,,0
"Collection","/collections/silicone-torso-with-head",5,8,0,0,0,0,66,,0,0,0,495.75,8.25,0.25,,2,5,8,0,0,0,0,66,,0,0,0,495.75,8.25,0.25,,2,0,0,,,,,0,,,,,0,0,0,,0
"Collection","/collections/japanese-anime-sex-doll",5,8,0,0,0,0,22,,0,0,0,123.375,2.75,0.5,,4,5,8,0,0,0,0,22,,0,0,0,123.375,2.75,0.5,,4,0,0,,,,,0,,,,,0,0,0,,0
"Product","/products/h377-ros-silicone-sex-doll-head%E4%B8%A8galatate-doll-head",7,7,0,0,0,0,7,,0,0,0,0,1,1,,7,7,7,0,0,0,0,7,,0,0,0,0,1,1,,7,0,0,,,,,0,,,,,,0,0,,0
"Collection","/collections/movie-music-celebrities",7,7,0,0,0,0,41,,0,0,0,165.28571428571428,5.857142857142857,0.5714285714285714,,4,7,7,0,0,0,0,41,,0,0,0,165.28571428571428,5.857142857142857,0.5714285714285714,,4,0,0,,,,,0,,,,,0,0,0,,0
"Collection","/collections/huge-breasts-japanese-sex-doll",6,7,0,0,0,0,29,,0,0,0,182.28571428571428,4.142857142857143,0.2857142857142857,,2,6,7,0,0,0,0,29,,0,0,0,182.28571428571428,4.142857142857143,0.2857142857142857,,2,0,0,,,,,0,,,,,0,0,0,,0
"Product","/products/f6130-160cm-5ft2-36kg-c-cup-tpe-silicone-head-sex-doll-sy-doll",2,7,0,0,0,0,7,,0,0,0,0,1,1,,7,2,7,0,0,0,0,7,,0,0,0,0,1,1,,7,0,0,,,,,0,,,,,,0,0,,0
,"/en-ca/blogs/dolls-info-qustions/how-to-titty-fuck-experience-the-ultimate-pleasure-with-a-huge-breast-sex-doll",6,7,0,0,0,0,8,,0,0,0,2.2857142857142856,1.1428571428571428,0.8571428571428571,,6,6,7,0,0,0,0,8,,0,0,0,2.2857142857142856,1.1428571428571428,0.8571428571428571,,6,0,0,,,,,0,,,,,0,0,0,,0
"Product","/products/f2575-170cm5-6ft-43kg-d-cup-snow-angel-vyrella-ros-max-silicone-sex-doll-real-lady",1,7,0,0,0,0,7,,0,0,0,0,1,1,,7,1,7,0,0,0,0,7,,0,0,0,0,1,1,,7,0,0,,,,,0,,,,,,0,0,,0
"Product","/products/t350-37-5lbs-50cm-tpe-realistic-trans-torso-sex-dolls-in-stock-eu-yq",7,7,0,0,0,0,7,,0,0,0,0,1,1,,7,7,7,0,0,0,0,7,,0,0,0,0,1,1,,7,0,0,,,,,0,,,,,,0,0,,0
"Blog Article","/blogs/sex-doll-option-videos/video-16-wm-exclusive-real-oral-sexros",7,7,0,0,0,0,7,,0,0,0,0,1,1,,7,7,7,0,0,0,0,7,,0,0,0,0,1,1,,7,0,0,,,,,0,,,,,,0,0,,0
"Collection","/collections/big-ass-sex-doll-torso",7,7,0,0,0,0,23,,0,0,0,138.85714285714286,3.2857142857142856,0.5714285714285714,,4,7,7,0,0,0,0,23,,0,0,0,138.85714285714286,3.2857142857142856,0.5714285714285714,,4,0,0,,,,,0,,,,,0,0,0,,0
"Product","/products/f5232-ivy-162cm5ft3-j-cup-big-boobs-big-ass-tpe-sex-doll-jx-galaxy",3,7,0,0,0,0,15,,0,0,0,727.4285714285714,2.142857142857143,0.7142857142857143,,5,3,7,0,0,0,0,15,,0,0,0,727.4285714285714,2.142857142857143,0.7142857142857143,,5,0,0,,,,,0,,,,,0,0,0,,0
"Collection","/collections/life-size-torso",7,7,0,0,0,0,51,,0,0,0,486.2857142857143,7.285714285714286,0,,0,7,7,0,0,0,0,51,,0,0,0,486.2857142857143,7.285714285714286,0,,0,0,0,,,,,0,,,,,0,0,,,
"Custom Page","/pages/torso-sex-doll-videos",7,7,0,0,0,0,11,,0,0,0,44.857142857142854,1.5714285714285714,0.7142857142857143,,5,7,7,0,0,0,0,11,,0,0,0,44.857142857142854,1.5714285714285714,0.7142857142857143,,5,0,0,,,,,0,,,,,0,0,0,,0
"Collection","/collections/big-ass-sex-doll-life-size",7,7,0,0,0,0,36,,0,0,0,214.14285714285714,5.142857142857143,0,,0,7,7,0,0,0,0,36,,0,0,0,214.14285714285714,5.142857142857143,0,,0,0,0,,,,,0,,,,,0,0,,,
"Collection","/collections/100-199",7,7,0,0,0,0,23,,0,0,0,174.57142857142858,3.2857142857142856,0.7142857142857143,,5,7,7,0,0,0,0,23,,0,0,0,174.57142857142858,3.2857142857142856,0.7142857142857143,,5,0,0,,,,,0,,,,,0,0,0,,0
"Product","/products/f2461-163cm5-3ft-40kg-c-cup-realistic-silicone-head-sex-doll-in-stock-us-sigafun-doll",7,7,1,1,0,0,14,0,0.14285714285714285,0.14285714285714285,0,75.57142857142857,2,0.7142857142857143,0,5,7,7,1,1,0,0,14,0,0.14285714285714285,0.14285714285714285,0,75.57142857142857,2,0.7142857142857143,0,5,0,0,0,0,,,0,,0,0,,0,0,0,,0
"Checkout","/60719464687/orders/05854bf49600529c6ce95dc852adf00d",2,7,0,0,0,0,89,,0,0,0,594.4285714285714,12.714285714285714,0.14285714285714285,,1,2,7,0,0,0,0,89,,0,0,0,594.4285714285714,12.714285714285714,0.14285714285714285,,1,0,0,,,,,0,,,,,0,0,0,,0
"Blog Article","/blogs/dolls-info-qustions/%F0%9F%94%A5-2025-best-fake-ass-sex-toy-recommendations-6-ultra-realistic-big-booty-dolls-for-ultimate-pleasure",7,7,0,0,0,0,39,,0,0,0,439.7142857142857,5.571428571428571,0.42857142857142855,,3,7,7,0,0,0,0,39,,0,0,0,439.7142857142857,5.571428571428571,0.42857142857142855,,3,0,0,,,,,0,,,,,0,0,0,,0
"Blog Article","/blogs/recent-brand-updates-new-arrivals-for-sex-dolls/se-x-bot-ai-sex-doll-head-review",6,7,0,0,0,0,34,,0,0,0,144.71428571428572,4.857142857142857,0.5714285714285714,,4,6,7,0,0,0,0,34,,0,0,0,144.71428571428572,4.857142857142857,0.5714285714285714,,4,0,0,,,,,0,,,,,0,0,0,,0
"Collection","/collections/doggy-dildo-doll-guide-dog-knot-dildos-1",7,7,0,0,0,0,26,,0,0,0,93.14285714285714,3.7142857142857144,0.5714285714285714,,4,7,7,0,0,0,0,26,,0,0,0,93.14285714285714,3.7142857142857144,0.5714285714285714,,4,0,0,,,,,0,,,,,0,0,0,,0
,"/de/collections/huge-breast-torso-sex-doll",7,7,1,1,1,0.14285714285714285,86,1,0.14285714285714285,0.14285714285714285,1,538.1428571428571,12.285714285714286,0.42857142857142855,1,3,7,7,1,1,1,0.14285714285714285,86,1,0.14285714285714285,0.14285714285714285,1,538.1428571428571,12.285714285714286,0.42857142857142855,1,3,0,0,0,0,0,0,0,0,0,0,0,0,0,0,0,0
"Product","/products/f5978-156cm-5ft1-f-cup-big-ass-large-breast-silicone-head-sex-doll-2025-sy-doll",1,7,0,0,0,0,7,,0,0,0,0,1,1,,7,1,7,0,0,0,0,7,,0,0,0,0,1,1,,7,0,0,,,,,0,,,,,,0,0,,0
,"/en-ca/collections/black-sex-dolls",7,7,0,0,0,0,69,,0,0,0,386.7142857142857,9.857142857142858,0,,0,7,7,0,0,0,0,69,,0,0,0,386.7142857142857,9.857142857142858,0,,0,0,0,,,,,0,,,,,0,0,,,
"Blog Article","/blogs/dolls-info-qustions/latest-mini-anime-sex-dolls-are-here-compact-and-fun",7,7,0,0,0,0,9,,0,0,0,3.5714285714285716,1.2857142857142858,0.8571428571428571,,6,7,7,0,0,0,0,9,,0,0,0,3.5714285714285716,1.2857142857142858,0.8571428571428571,,6,0,0,,,,,0,,,,,0,0,0,,0
"Product","/products/f1647-157cm-5ft1-29kg-b-cup-realistic-skinny-tpe-sex-doll-sy-doll",7,7,0,0,0,0,7,,0,0,0,0,1,1,,7,7,7,0,0,0,0,7,,0,0,0,0,1,1,,7,0,0,,,,,0,,,,,,0,0,,0
,"/en-ca/collections/torso-shemale-sex-doll",7,7,0,0,0,0,20,,0,0,0,177.28571428571428,2.857142857142857,0.5714285714285714,,4,7,7,0,0,0,0,20,,0,0,0,177.28571428571428,2.857142857142857,0.5714285714285714,,4,0,0,,,,,0,,,,,0,0,0,,0
"Product","/products/t434-2-69lb-silicone-male-masturbator-sex-toys-for-men-lovenestle",7,7,0,0,0,0,7,,0,0,0,0,1,1,,7,7,7,0,0,0,0,7,,0,0,0,0,1,1,,7,0,0,,,,,0,,,,,,0,0,,0
"Blog Article","/blogs/dolls-info-qustions/exploring-the-best-breasts-for-titty-fucking",7,7,0,0,0,0,9,,0,0,0,17.571428571428573,1.2857142857142858,0.7142857142857143,,5,7,7,0,0,0,0,9,,0,0,0,17.571428571428573,1.2857142857142858,0.7142857142857143,,5,0,0,,,,,0,,,,,0,0,0,,0
"Blog Index","/blogs/dolls-info-qustions/articles",5,7,0,0,0,0,16,,0,0,0,497.42857142857144,2.2857142857142856,0.5714285714285714,,4,5,7,0,0,0,0,16,,0,0,0,497.42857142857144,2.2857142857142856,0.5714285714285714,,4,0,0,,,,,0,,,,,0,0,0,,0
,"/en-ca/collections/sex-doll-videos",7,7,0,0,0,0,13,,0,0,0,62.142857142857146,1.8571428571428572,0.8571428571428571,,6,7,7,0,0,0,0,13,,0,0,0,62.142857142857146,1.8571428571428572,0.8571428571428571,,6,0,0,,,,,0,,,,,0,0,0,,0
"Product","/products/f2456-164cm5-4ft-39kg-g-cup-cecily-life-size-silicone-head-sex-doll-in-stock-us-sigafun-doll",7,7,0,0,0,0,11,,0,0,0,29.428571428571427,1.5714285714285714,0.5714285714285714,,4,7,7,0,0,0,0,11,,0,0,0,29.428571428571427,1.5714285714285714,0.5714285714285714,,4,0,0,,,,,0,,,,,0,0,0,,0
"Collection","/collections/zelex-doll",7,7,0,0,0,0,26,,0,0,0,328.42857142857144,3.7142857142857144,0.2857142857142857,,2,7,7,0,0,0,0,26,,0,0,0,328.42857142857144,3.7142857142857144,0.2857142857142857,,2,0,0,,,,,0,,,,,0,0,0,,0
,"/de/collections/anime-sex-doll",7,7,0,0,0,0,78,,0,0,0,514.1428571428571,11.142857142857142,0.14285714285714285,,1,7,7,0,0,0,0,78,,0,0,0,514.1428571428571,11.142857142857142,0.14285714285714285,,1,0,0,,,,,0,,,,,0,0,0,,0
"Product","/products/f6131-159cm-5ft3-36kg-c-cup-lifelike-silicone-head-tpe-body-sex-doll-rosretty-doll",7,7,0,0,0,0,9,,0,0,0,261,1.2857142857142858,0.8571428571428571,,6,7,7,0,0,0,0,9,,0,0,0,261,1.2857142857142858,0.8571428571428571,,6,0,0,,,,,0,,,,,0,0,0,,0
"Collection","/collections/japanese-milf-sex-doll",7,7,0,0,0,0,12,,0,0,0,23.142857142857142,1.7142857142857142,0.7142857142857143,,5,7,7,0,0,0,0,12,,0,0,0,23.142857142857142,1.7142857142857142,0.7142857142857143,,5,0,0,,,,,0,,,,,0,0,0,,0
"Collection","/collections/japanese-sex-doll",7,7,0,0,0,0,17,,0,0,0,193.42857142857142,2.4285714285714284,0.42857142857142855,,3,7,7,0,0,0,0,17,,0,0,0,193.42857142857142,2.4285714285714284,0.42857142857142855,,3,0,0,,,,,0,,,,,0,0,0,,0
"Collection","/collections/nianta-doll",7,7,0,0,0,0,20,,0,0,0,156.85714285714286,2.857142857142857,0.42857142857142855,,3,7,7,0,0,0,0,20,,0,0,0,156.85714285714286,2.857142857142857,0.42857142857142855,,3,0,0,,,,,0,,,,,0,0,0,,0
,"/de/products/lightweight-ass-toy-silicone-8-5lb-a805",1,7,0,0,0,0,7,,0,0,0,0,1,1,,7,1,7,0,0,0,0,7,,0,0,0,0,1,1,,7,0,0,,,,,0,,,,,,0,0,,0
"Blog Article","/blogs/dolls-info-qustions/why-does-the-butt-attract-men",7,7,0,0,0,0,13,,0,0,0,62.142857142857146,1.8571428571428572,0.2857142857142857,,2,7,7,0,0,0,0,13,,0,0,0,62.142857142857146,1.8571428571428572,0.2857142857142857,,2,0,0,,,,,0,,,,,0,0,0,,0
"Collection","/collections/cheap-bbw-sex-doll",7,7,0,0,0,0,20,,0,0,0,131.28571428571428,2.857142857142857,0.5714285714285714,,4,7,7,0,0,0,0,20,,0,0,0,131.28571428571428,2.857142857142857,0.5714285714285714,,4,0,0,,,,,0,,,,,0,0,0,,0
,"/de/collections/silicone-pocket-pussy",5,6,0,0,0,0,8,,0,0,0,12.5,1.3333333333333333,0.8333333333333334,,5,5,6,0,0,0,0,8,,0,0,0,12.5,1.3333333333333333,0.8333333333333334,,5,0,0,,,,,0,,,,,0,0,0,,0
,"/de/blogs/sex-doll-torso-blog/top-7-sex-poses-with-your-torso-sex-doll",6,6,0,0,0,0,9,,0,0,0,20.166666666666668,1.5,0.6666666666666666,,4,6,6,0,0,0,0,9,,0,0,0,20.166666666666668,1.5,0.6666666666666666,,4,0,0,,,,,0,,,,,0,0,0,,0
"Blog Article","/blogs/dolls-info-qustions/2025-hot-selling-japanese-sex-dolls-popular-products-and-their-unique-charm-unveiled",5,6,0,0,0,0,37,,0,0,0,229.33333333333334,6.166666666666667,0.5,,3,5,6,0,0,0,0,37,,0,0,0,229.33333333333334,6.166666666666667,0.5,,3,0,0,,,,,0,,,,,0,0,0,,0
"Product","/products/evasdoll-tall-silicone-doll-182cm-f737",4,6,0,0,0,0,9,,0,0,0,58.666666666666664,1.5,0.6666666666666666,,4,4,6,0,0,0,0,9,,0,0,0,58.666666666666664,1.5,0.6666666666666666,,4,0,0,,,,,0,,,,,0,0,0,,0
"Product","/products/a495-35-27lb-brenda-big-ass-sex-doll-lifesize-realistic-sex-doll-with-big-booty-lovenestle-inf",2,6,0,0,0,0,21,,0,0,0,48.166666666666664,3.5,0.3333333333333333,,2,2,6,0,0,0,0,21,,0,0,0,48.166666666666664,3.5,0.3333333333333333,,2,0,0,,,,,0,,,,,0,0,0,,0
"Blog Article","/blogs/dolls-info-qustions/vine-talk-aibox-bringing-your-girl-to-life-and-understanding-your-heart",6,6,0,0,0,0,7,,0,0,0,0.16666666666666666,1.1666666666666667,0.8333333333333334,,5,6,6,0,0,0,0,7,,0,0,0,0.16666666666666666,1.1666666666666667,0.8333333333333334,,5,0,0,,,,,0,,,,,0,0,0,,0
"Custom Page","/pages/ai-sex-doll-function",6,6,0,0,0,0,17,,0,0,0,206.83333333333334,2.8333333333333335,0.6666666666666666,,4,6,6,0,0,0,0,17,,0,0,0,206.83333333333334,2.8333333333333335,0.6666666666666666,,4,0,0,,,,,0,,,,,0,0,0,,0
,"/de/blogs/dolls-info-qustions/what-are-the-sex-positions-with-my-arab-sex-doll",6,6,0,0,0,0,13,,0,0,0,51.833333333333336,2.1666666666666665,0.6666666666666666,,4,6,6,0,0,0,0,13,,0,0,0,51.833333333333336,2.1666666666666665,0.6666666666666666,,4,0,0,,,,,0,,,,,0,0,0,,0
"Product","/products/h431-ros-free-hair-impants-real-oral-movable-jaw-silicone-sex-doll-head-sy-doll",6,6,0,0,0,0,6,,0,0,0,0,1,1,,6,6,6,0,0,0,0,6,,0,0,0,0,1,1,,6,0,0,,,,,0,,,,,,0,0,,0
"Collection","/collections/ass-mini-male-sex-doll",6,6,0,0,0,0,10,,0,0,0,180.33333333333334,1.6666666666666667,0.6666666666666666,,4,6,6,0,0,0,0,10,,0,0,0,180.33333333333334,1.6666666666666667,0.6666666666666666,,4,0,0,,,,,0,,,,,0,0,0,,0
,"/de/collections/mini-hentai-sex-doll",6,6,0,0,0,0,7,,0,0,0,7.666666666666667,1.1666666666666667,0.8333333333333334,,5,6,6,0,0,0,0,7,,0,0,0,7.666666666666667,1.1666666666666667,0.8333333333333334,,5,0,0,,,,,0,,,,,0,0,0,,0
"Blog Index","/blogs/dolls-info-qustions",5,6,0,0,0,0,8,,0,0,0,56.666666666666664,1.3333333333333333,0.8333333333333334,,5,5,6,0,0,0,0,8,,0,0,0,56.666666666666664,1.3333333333333333,0.8333333333333334,,5,0,0,,,,,0,,,,,0,0,0,,0
"Collection","/collections/flat-chest-japanese-sex-doll",6,6,0,0,0,0,6,,0,0,0,0,1,1,,6,6,6,0,0,0,0,6,,0,0,0,0,1,1,,6,0,0,,,,,0,,,,,,0,0,,0
"Blog Article","/blogs/dolls-info-qustions/small-size-big-satisfaction-a-complete-real-life-sex-experience-review-of-the-mini-sex-doll",6,6,0,0,0,0,8,,0,0,0,17,1.3333333333333333,0.8333333333333334,,5,6,6,0,0,0,0,8,,0,0,0,17,1.3333333333333333,0.8333333333333334,,5,0,0,,,,,0,,,,,0,0,0,,0
"Collection","/collections/anime-sex-doll-torso",6,6,0,0,0,0,17,,0,0,0,98.5,2.8333333333333335,0.6666666666666666,,4,6,6,0,0,0,0,17,,0,0,0,98.5,2.8333333333333335,0.6666666666666666,,4,0,0,,,,,0,,,,,0,0,0,,0
"Product","/products/a599-83lb-coco-sucking-doggy-style-bbw-big-booty-sex-doll-torso-luxury-realistic-biggest-ass-sex-toy",6,6,0,0,0,0,7,,0,0,0,1.5,1.1666666666666667,0.8333333333333334,,5,6,6,0,0,0,0,7,,0,0,0,1.5,1.1666666666666667,0.8333333333333334,,5,0,0,,,,,0,,,,,0,0,0,,0
"Blog Article","/blogs/dolls-info-qustions/little-secrets-about-vagina-and-anus-of-sex-dolls",6,6,0,0,0,0,10,,0,0,0,106.5,1.6666666666666667,0.5,,3,6,6,0,0,0,0,10,,0,0,0,106.5,1.6666666666666667,0.5,,3,0,0,,,,,0,,,,,0,0,0,,0
"Collection","/collections/big-ass-sex-doll-500-999",6,6,0,0,0,0,35,,0,0,0,320.8333333333333,5.833333333333333,0.16666666666666666,,1,6,6,0,0,0,0,35,,0,0,0,320.8333333333333,5.833333333333333,0.16666666666666666,,1,0,0,,,,,0,,,,,0,0,0,,0
"Collection","/collections/big-boobs-sex-dolls",6,6,0,0,0,0,23,,0,0,0,28.166666666666668,3.8333333333333335,0.6666666666666666,,4,6,6,0,0,0,0,23,,0,0,0,28.166666666666668,3.8333333333333335,0.6666666666666666,,4,0,0,,,,,0,,,,,0,0,0,,0
,"/ja/collections/fake-ass-sex-toy",6,6,0,0,0,0,11,,0,0,0,43,1.8333333333333333,0.5,,3,6,6,0,0,0,0,11,,0,0,0,43,1.8333333333333333,0.5,,3,0,0,,,,,0,,,,,0,0,0,,0
"Collection","/collections/200-299",6,6,0,0,0,0,12,,0,0,0,51.833333333333336,2,0.6666666666666666,,4,6,6,0,0,0,0,12,,0,0,0,51.833333333333336,2,0.6666666666666666,,4,0,0,,,,,0,,,,,0,0,0,,0
"Blog Article","/blogs/dolls-info-qustions/zelex-fusion-series-redefining-realism-in-lifelike-dolls",6,6,0,0,0,0,7,,0,0,0,17.833333333333332,1.1666666666666667,0.8333333333333334,,5,6,6,0,0,0,0,7,,0,0,0,17.833333333333332,1.1666666666666667,0.8333333333333334,,5,0,0,,,,,0,,,,,0,0,0,,0
,"/de/blogs/dolls-info-qustions/real-lady-sex-doll-unveils-new-ros-max-options-r6-and-r7",6,6,0,0,0,0,12,,0,0,0,13.666666666666666,2,0,,0,6,6,0,0,0,0,12,,0,0,0,13.666666666666666,2,0,,0,0,0,,,,,0,,,,,0,0,,,
"Checkout","/60719464687/orders/db018dc3f636ef49e64b2186f8a9a278",1,6,0,0,0,0,8,,0,0,0,357.8333333333333,1.3333333333333333,0.6666666666666666,,4,1,6,0,0,0,0,8,,0,0,0,357.8333333333333,1.3333333333333333,0.6666666666666666,,4,0,0,,,,,0,,,,,0,0,0,,0
,"/ja/collections/mini-hentai-sex-doll",6,6,0,0,0,0,8,,0,0,0,12,1.3333333333333333,0.8333333333333334,,5,6,6,0,0,0,0,8,,0,0,0,12,1.3333333333333333,0.8333333333333334,,5,0,0,,,,,0,,,,,0,0,0,,0
,"/en-ca/collections/18s-sex-doll",6,6,0,0,0,0,7,,0,0,0,121.83333333333333,1.1666666666666667,0.8333333333333334,,5,6,6,0,0,0,0,7,,0,0,0,121.83333333333333,1.1666666666666667,0.8333333333333334,,5,0,0,,,,,0,,,,,0,0,0,,0
"Product","/products/h074-sex-doll-head",6,6,0,0,0,0,18,,0,0,0,276.3333333333333,3,0.6666666666666666,,4,6,6,0,0,0,0,18,,0,0,0,276.3333333333333,3,0.6666666666666666,,4,0,0,,,,,0,,,,,0,0,0,,0
"Product","/products/f9141-doll-senior-huge-boob-sex-doll-anime-asian-ros-gel-breast-silicone-170cm-43kg",4,6,0,0,0,0,22,,0,0,0,183.16666666666666,3.6666666666666665,0,,0,4,6,0,0,0,0,22,,0,0,0,183.16666666666666,3.6666666666666665,0,,0,0,0,,,,,0,,,,,0,0,,,
"Blog Article","/blogs/dolls-info-qustions/sex-positions-you-must-try",6,6,0,0,0,0,6,,0,0,0,0,1,1,,6,6,6,0,0,0,0,6,,0,0,0,0,1,1,,6,0,0,,,,,0,,,,,,0,0,,0
"Custom Page","/pages/cheap-sex-doll-guide",6,6,0,0,0,0,12,,0,0,0,20.5,2,0.6666666666666666,,4,6,6,0,0,0,0,12,,0,0,0,20.5,2,0.6666666666666666,,4,0,0,,,,,0,,,,,0,0,0,,0
"Product","/products/v26-vajancle-silicone-right-feet",5,6,0,0,0,0,7,,0,0,0,25.166666666666668,1.1666666666666667,0.8333333333333334,,5,5,6,0,0,0,0,7,,0,0,0,25.166666666666668,1.1666666666666667,0.8333333333333334,,5,0,0,,,,,0,,,,,0,0,0,,0
,"/en-ca/collections/vendors",6,6,0,0,0,0,13,,0,0,0,412.5,2.1666666666666665,0.6666666666666666,,4,6,6,0,0,0,0,13,,0,0,0,412.5,2.1666666666666665,0.6666666666666666,,4,0,0,,,,,0,,,,,0,0,0,,0
,"/de/blogs/dolls-info-qustions/in-depth-review-of-chunmomo-bezlya-collaborative-celebrity-sex-doll",6,6,0,0,0,0,24,,0,0,0,93.5,4,0.6666666666666666,,4,6,6,0,0,0,0,24,,0,0,0,93.5,4,0.6666666666666666,,4,0,0,,,,,0,,,,,0,0,0,,0
,"/de",6,6,0,0,0,0,9,,0,0,0,12,1.5,0.6666666666666666,,4,6,6,0,0,0,0,9,,0,0,0,12,1.5,0.6666666666666666,,4,0,0,,,,,0,,,,,0,0,0,,0
"Custom Page","/pages/sex-doll-review-video-collection",6,6,0,0,0,0,17,,0,0,0,28.666666666666668,2.8333333333333335,0.8333333333333334,,5,6,6,0,0,0,0,17,,0,0,0,28.666666666666668,2.8333333333333335,0.8333333333333334,,5,0,0,,,,,0,,,,,0,0,0,,0
,"/en-ca/collections/silicone-ass",6,6,0,0,0,0,22,,0,0,0,435.3333333333333,3.6666666666666665,0.16666666666666666,,1,6,6,0,0,0,0,22,,0,0,0,435.3333333333333,3.6666666666666665,0.16666666666666666,,1,0,0,,,,,0,,,,,0,0,0,,0
"Collection","/collections/sex-focused-robot-sex-doll",6,6,0,0,0,0,10,,0,0,0,50,1.6666666666666667,0.6666666666666666,,4,6,6,0,0,0,0,10,,0,0,0,50,1.6666666666666667,0.6666666666666666,,4,0,0,,,,,0,,,,,0,0,0,,0
"Product","/products/f5928-165cm-5ft4-37-5kg-f-cup-realistic-lifesize-silicone-celebrity-sex-doll-zelex-doll",6,6,0,0,0,0,32,,0,0,0,429.5,5.333333333333333,0,,0,6,6,0,0,0,0,32,,0,0,0,429.5,5.333333333333333,0,,0,0,0,,,,,0,,,,,0,0,,,
"Product","/products/f2409-164cm5-4ft-d-cup-ai-chatbot-blinking-smiling-robot-sex-doll%E4%B8%A8sy-doll",3,6,0,0,0,0,6,,0,0,0,0,1,1,,6,3,6,0,0,0,0,6,,0,0,0,0,1,1,,6,0,0,,,,,0,,,,,,0,0,,0
"Product","/products/f1559-elsa-babe-165cm-5ft4-full-silicone-sexy-anime-sex-dolls",2,5,0,0,0,0,42,,0,0,0,625,8.4,0.2,,1,2,5,0,0,0,0,42,,0,0,0,625,8.4,0.2,,1,0,0,,,,,0,,,,,0,0,0,,0
,"/ja/collections/ai-sex-doll",5,5,0,0,0,0,6,,0,0,0,6.4,1.2,0.8,,4,5,5,0,0,0,0,6,,0,0,0,6.4,1.2,0.8,,4,0,0,,,,,0,,,,,0,0,0,,0
,"/en-ca/collections/asian-sex-doll",5,5,0,0,0,0,36,,0,0,0,667.6,7.2,0,,0,5,5,0,0,0,0,36,,0,0,0,667.6,7.2,0,,0,0,0,,,,,0,,,,,0,0,,,
"Product","/products/h984-sex-doll-head-r-irontech-doll-head",4,5,0,0,0,0,57,,0,0,0,662,11.4,0,,0,4,5,0,0,0,0,57,,0,0,0,662,11.4,0,,0,0,0,,,,,0,,,,,0,0,,,
"Blog Article","/blogs/dolls-info-qustions/the-ultimate-guide-to-starpery-sex-dolls-the-realism-and-innovation",5,5,0,0,0,0,6,,0,0,0,5,1.2,0.8,,4,5,5,0,0,0,0,6,,0,0,0,5,1.2,0.8,,4,0,0,,,,,0,,,,,0,0,0,,0
,"/ja/collections/robotic-sex-doll",5,5,0,0,0,0,7,,0,0,0,33,1.4,0.6,,3,5,5,0,0,0,0,7,,0,0,0,33,1.4,0.6,,3,0,0,,,,,0,,,,,0,0,0,,0
"Blog Article","/blogs/dolls-info-qustions/13-sex-doll-storage-practical-tips-youll-definitely-use",4,5,0,0,0,0,9,,0,0,0,48.6,1.8,0.8,,4,4,5,0,0,0,0,9,,0,0,0,48.6,1.8,0.8,,4,0,0,,,,,0,,,,,0,0,0,,0
"Product","/products/t683-24lbsexy-and-real-realistic-ass-sex-doll-torso",3,5,1,2,0,0,14,0,0.2,0.4,0,194.8,2.8,0.6,0,3,3,5,1,2,0,0,14,0,0.2,0.4,0,194.8,2.8,0.6,0,3,0,0,0,0,,,0,,0,0,,0,0,0,,0
"Blog Article","/blogs/dolls-info-qustions/2025-how-to-perform-oral-sex-with-a-real-sex-doll",5,5,0,0,0,0,6,,0,0,0,2.6,1.2,0.8,,4,5,5,0,0,0,0,6,,0,0,0,2.6,1.2,0.8,,4,0,0,,,,,0,,,,,0,0,0,,0
"Collection","/collections/starpery-doll",5,5,1,1,0,0,17,0,0.2,0.2,0,200.8,3.4,0.8,0,4,5,5,1,1,0,0,17,0,0.2,0.2,0,200.8,3.4,0.8,0,4,0,0,0,0,,,0,,0,0,,0,0,0,,0
"Collection","/collections/yl-doll",5,5,0,0,0,0,10,,0,0,0,52.8,2,0.4,,2,5,5,0,0,0,0,10,,0,0,0,52.8,2,0.4,,2,0,0,,,,,0,,,,,0,0,0,,0
"Blog Article","/blogs/dolls-info-qustions/how-realistic-the-fake-pussy-is",5,5,0,0,0,0,21,,0,0,0,88.2,4.2,0.6,,3,5,5,0,0,0,0,21,,0,0,0,88.2,4.2,0.6,,3,0,0,,,,,0,,,,,0,0,0,,0
"Blog Article","/blogs/dolls-info-qustions/why-do-men-love-sucking-breasts-reasons-revealed-busty-sex-doll-recommendations",5,5,0,0,0,0,25,,0,0,0,284.6,5,0.6,,3,5,5,0,0,0,0,25,,0,0,0,284.6,5,0.6,,3,0,0,,,,,0,,,,,0,0,0,,0
"Product","/products/a446-10-80lb-silicone-pocket-pussy-big-ass-sex-doll-torso-lovenestle",3,5,0,0,0,0,27,,0,0,0,217.4,5.4,0.6,,3,3,5,0,0,0,0,27,,0,0,0,217.4,5.4,0.6,,3,0,0,,,,,0,,,,,0,0,0,,0
"Product","/products/f5599-150cm-5ft-26kg-m1-flat-chest-life-size-silicone-sex-doll-md-doll",5,5,0,0,0,0,13,,0,0,0,288.8,2.6,0.6,,3,5,5,0,0,0,0,13,,0,0,0,288.8,2.6,0.6,,3,0,0,,,,,0,,,,,0,0,0,,0
"Blog Article","/blogs/sex-doll-option-videos/video-12-auto-blowjob",5,5,0,0,0,0,10,,0,0,0,38,2,0.8,,4,5,5,0,0,0,0,10,,0,0,0,38,2,0.8,,4,0,0,,,,,0,,,,,0,0,0,,0
"Blog Article","/blogs/dolls-info-qustions/pay-in-4",4,5,0,0,0,0,19,,0,0,0,477.2,3.8,0.2,,1,4,5,0,0,0,0,19,,0,0,0,477.2,3.8,0.2,,1,0,0,,,,,0,,,,,0,0,0,,0
"Blog Article","/blogs/dolls-info-qustions/which-condoms-can-be-used-with-18s-sex-dolls",4,5,0,0,0,0,6,,0,0,0,1.2,1.2,0.8,,4,4,5,0,0,0,0,6,,0,0,0,1.2,1.2,0.8,,4,0,0,,,,,0,,,,,0,0,0,,0
"Collection","/collections/tantaly-videos",5,5,0,0,0,0,5,,0,0,0,0,1,1,,5,5,5,0,0,0,0,5,,0,0,0,0,1,1,,5,0,0,,,,,0,,,,,,0,0,,0
"Collection","/collections/fat-sex-doll",5,5,0,0,0,0,38,,0,0,0,540,7.6,0.2,,1,5,5,0,0,0,0,38,,0,0,0,540,7.6,0.2,,1,0,0,,,,,0,,,,,0,0,0,,0
"Product","/products/p108-26cm-10-2in-1-5kg-silicone-celebrity-anime-hentai-sex-toys-castle-doll",5,5,0,0,0,0,7,,0,0,0,252.6,1.4,0.6,,3,5,5,0,0,0,0,7,,0,0,0,252.6,1.4,0.6,,3,0,0,,,,,0,,,,,0,0,0,,0
,"/ja/blogs/dolls-info-qustions/4-things-tell-you-how-to-use-a-lesbian-sex-doll",5,5,0,0,0,0,5,,0,0,0,0,1,1,,5,5,5,0,0,0,0,5,,0,0,0,0,1,1,,5,0,0,,,,,0,,,,,,0,0,,0
,"/en-ca/products/f2114-172cm5-6ft-39kg-b-cup-european-tpe-sex-doll%E4%B8%A8wm-doll",5,5,0,0,0,0,5,,0,0,0,0,1,1,,5,5,5,0,0,0,0,5,,0,0,0,0,1,1,,5,0,0,,,,,0,,,,,,0,0,,0
"Product","/products/a660-big-ass-torso-silicone-25lb-super-elastic-realistic",4,5,0,0,0,0,13,,0,0,0,123.2,2.6,0.6,,3,4,5,0,0,0,0,13,,0,0,0,123.2,2.6,0.6,,3,0,0,,,,,0,,,,,0,0,0,,0
,"/en-fi/collections/all",5,5,0,0,0,0,6,,0,0,0,39,1.2,0.8,,4,5,5,0,0,0,0,6,,0,0,0,39,1.2,0.8,,4,0,0,,,,,0,,,,,0,0,0,,0
"Product","/products/p103-5-28lb-strong-suction-cup-silicone-hentai-male-mini-sex-doll-with-dildo-tayuta",4,5,0,0,0,0,5,,0,0,0,0,1,1,,5,4,5,0,0,0,0,5,,0,0,0,0,1,1,,5,0,0,,,,,0,,,,,,0,0,,0
"Product","/products/t588v-torso-tpe-16lb-sucking-vibration-auto-clean",5,5,0,0,0,0,19,,0,0,0,175.8,3.8,0.2,,1,5,5,0,0,0,0,19,,0,0,0,175.8,3.8,0.2,,1,0,0,,,,,0,,,,,0,0,0,,0
"Blog Article","/blogs/featured-blog/over-10-effective-tips-for-drying-sex-doll-torso-vagina-and-anal",5,5,0,0,0,0,6,,0,0,0,0.2,1.2,0.8,,4,5,5,0,0,0,0,6,,0,0,0,0.2,1.2,0.8,,4,0,0,,,,,0,,,,,0,0,0,,0
"Blog Article","/blogs/dolls-info-qustions/must-read-for-trans-men-sleeves-vs-electric-pocket-pussy-which-one-is-right-for-you",5,5,0,0,0,0,6,,0,0,0,1.2,1.2,0.8,,4,5,5,0,0,0,0,6,,0,0,0,1.2,1.2,0.8,,4,0,0,,,,,0,,,,,0,0,0,,0
"Collection","/collections/fit-sex-doll",5,5,0,0,0,0,8,,0,0,0,7.4,1.6,0.4,,2,5,5,0,0,0,0,8,,0,0,0,7.4,1.6,0.4,,2,0,0,,,,,0,,,,,0,0,0,,0
"Collection","/collections/anime-banner",1,5,0,0,0,0,106,,0,0,0,984.4,21.2,0,,0,1,5,0,0,0,0,106,,0,0,0,984.4,21.2,0,,0,0,0,,,,,0,,,,,0,0,,,
"Collection","/collections/tantaly-sex-doll",5,5,0,0,0,0,5,,0,0,0,0,1,1,,5,5,5,0,0,0,0,5,,0,0,0,0,1,1,,5,0,0,,,,,0,,,,,,0,0,,0
"Blog Article","/blogs/dolls-info-qustions/real-lady-vs-mlw-sex-dolls-unboxing-hands-on-review",3,5,0,0,0,0,25,,0,0,0,144,5,0.6,,3,3,5,0,0,0,0,25,,0,0,0,144,5,0.6,,3,0,0,,,,,0,,,,,0,0,0,,0
"Collection","/collections/irontech-doll-silicone-sex-dolls",5,5,0,0,0,0,14,,0,0,0,441.8,2.8,0.2,,1,5,5,0,0,0,0,14,,0,0,0,441.8,2.8,0.2,,1,0,0,,,,,0,,,,,0,0,0,,0
"Collection","/collections/pornstar-sex-doll",5,5,0,0,0,0,5,,0,0,0,0,1,1,,5,5,5,0,0,0,0,5,,0,0,0,0,1,1,,5,0,0,,,,,0,,,,,,0,0,,0
,"/en-ca/products/599-83lb-sex-doll-torso-with-realistic-oversized-ass",5,5,0,0,0,0,16,,0,0,0,280.6,3.2,0.2,,1,5,5,0,0,0,0,16,,0,0,0,280.6,3.2,0.2,,1,0,0,,,,,0,,,,,0,0,0,,0
"Product","/collections/sex-doll-torso/products/631-lifesize-sex-doll-torso",4,5,0,0,0,0,5,,0,0,0,0,1,1,,5,4,5,0,0,0,0,5,,0,0,0,0,1,1,,5,0,0,,,,,0,,,,,,0,0,,0
,"/en-ca/collections/ros-sex-doll-heads-1",5,5,0,0,0,0,10,,0,0,0,76.4,2,0.6,,3,5,5,0,0,0,0,10,,0,0,0,76.4,2,0.6,,3,0,0,,,,,0,,,,,0,0,0,,0
"List of Collections","/collections",5,5,0,0,0,0,5,,0,0,0,0,1,1,,5,5,5,0,0,0,0,5,,0,0,0,0,1,1,,5,0,0,,,,,0,,,,,,0,0,,0
"Collection","/collections/silicone-sex-doll-heads",4,5,0,0,0,0,7,,0,0,0,40,1.4,0.6,,3,4,5,0,0,0,0,7,,0,0,0,40,1.4,0.6,,3,0,0,,,,,0,,,,,0,0,0,,0
"Collection","/collections/funwest-doll",5,5,1,0,0,0,14,,0.2,0,0,354.8,2.8,0.4,,2,5,5,1,0,0,0,14,,0.2,0,0,354.8,2.8,0.4,,2,0,0,0,,,,0,,0,,,0,0,0,,0
"Product","/products/h231-ros-silicone-sex-doll-head%E4%B8%A8wm-doll-head",5,5,0,0,0,0,5,,0,0,0,0,1,1,,5,5,5,0,0,0,0,5,,0,0,0,0,1,1,,5,0,0,,,,,0,,,,,,0,0,,0
"Checkout","/60719464687/orders/b7fbed860026992e20a04fdd4afa5728",2,5,0,0,0,0,8,,0,0,0,241.4,1.6,0.6,,3,2,5,0,0,0,0,8,,0,0,0,241.4,1.6,0.6,,3,0,0,,,,,0,,,,,0,0,0,,0
"Blog Article","/blogs/complete-sex-doll-guide-for-beginners/the-ultimate-2026-tpe-sex-dolls-cleaning-longevity-guide",5,5,0,0,0,0,5,,0,0,0,0,1,1,,5,5,5,0,0,0,0,5,,0,0,0,0,1,1,,5,0,0,,,,,0,,,,,,0,0,,0
"Product","/products/v323-silicone-ultra-soft-foot-fleshlight-with-real-feel-texture",5,5,0,0,0,0,8,,0,0,0,31,1.6,0.6,,3,5,5,0,0,0,0,8,,0,0,0,31,1.6,0.6,,3,0,0,,,,,0,,,,,0,0,0,,0
,"/ja/blogs/dolls-info-qustions/how-to-make-fake-pussy",5,5,0,0,0,0,20,,0,0,0,19.6,4,0.4,,2,5,5,0,0,0,0,20,,0,0,0,19.6,4,0.4,,2,0,0,,,,,0,,,,,0,0,0,,0
"Collection","/collections/new-arrivals",5,5,0,0,0,0,42,,0,0,0,301.6,8.4,0.2,,1,5,5,0,0,0,0,42,,0,0,0,301.6,8.4,0.2,,1,0,0,,,,,0,,,,,0,0,0,,0
,"/en-ca/collections/alien-sex-dolls",5,5,0,0,0,0,11,,0,0,0,96.2,2.2,0.6,,3,5,5,0,0,0,0,11,,0,0,0,96.2,2.2,0.6,,3,0,0,,,,,0,,,,,0,0,0,,0
"Collection","/collections/sci-fi-alien-sex-doll",5,5,0,0,0,0,39,,0,0,0,227.8,7.8,0,,0,5,5,0,0,0,0,39,,0,0,0,227.8,7.8,0,,0,0,0,,,,,0,,,,,0,0,,,
,"/en-ca/collections/breast-toy",4,5,0,0,0,0,5,,0,0,0,0,1,1,,5,4,5,0,0,0,0,5,,0,0,0,0,1,1,,5,0,0,,,,,0,,,,,,0,0,,0
"Product","/products/a302-21-4lb-silicone-realistic-big-ass-torso-with-long-waist",2,5,0,0,0,0,49,,0,0,0,668.2,9.8,0.2,,1,2,5,0,0,0,0,49,,0,0,0,668.2,9.8,0.2,,1,0,0,,,,,0,,,,,0,0,0,,0
,"/de/collections/bbw-sex-doll-torso",5,5,0,0,0,0,22,,0,0,0,351,4.4,0.2,,1,5,5,0,0,0,0,22,,0,0,0,351,4.4,0.2,,1,0,0,,,,,0,,,,,0,0,0,,0
,"/de/collections/huge-breasts-sex-dolls",5,5,0,0,0,0,83,,0,0,0,450.6,16.6,0.6,,3,5,5,0,0,0,0,83,,0,0,0,450.6,16.6,0.6,,3,0,0,,,,,0,,,,,0,0,0,,0
"Blog Article","/blogs/dolls-info-qustions/how-to-use-a-milf-sex-doll",4,4,0,0,0,0,4,,0,0,0,0,1,1,,4,4,4,0,0,0,0,4,,0,0,0,0,1,1,,4,0,0,,,,,0,,,,,,0,0,,0
"Blog Article","/blogs/dolls-info-qustions/lets-talk-about-sex-robots-baby",4,4,0,0,0,0,16,,0,0,0,189.75,4,0.5,,2,4,4,0,0,0,0,16,,0,0,0,189.75,4,0.5,,2,0,0,,,,,0,,,,,0,0,0,,0
"Product","/products/t393-8-9lb-heketa-anime-hentai-sex-doll-ass-mrl",4,4,0,0,0,0,4,,0,0,0,0,1,1,,4,4,4,0,0,0,0,4,,0,0,0,0,1,1,,4,0,0,,,,,0,,,,,,0,0,,0
"Collection","/collections/jiuai",4,4,0,0,0,0,12,,0,0,0,74.5,3,0.5,,2,4,4,0,0,0,0,12,,0,0,0,74.5,3,0.5,,2,0,0,,,,,0,,,,,0,0,0,,0
"Product","/products/f5707k-168cm-5ft6-40kg-a-cup-rabbit-police-officer-anime-best-animal-hentai-sex-doll-in-stock-castle-doll",2,4,0,0,0,0,4,,0,0,0,0,1,1,,4,2,4,0,0,0,0,4,,0,0,0,0,1,1,,4,0,0,,,,,0,,,,,,0,0,,0
"Blog Article","/blogs/dolls-info-qustions/quick-orgasm-top-7-tips-for-anal-sex-with-sex-dolls",4,4,0,0,0,0,19,,0,0,0,277.75,4.75,0.75,,3,4,4,0,0,0,0,19,,0,0,0,277.75,4.75,0.75,,3,0,0,,,,,0,,,,,0,0,0,,0
"Blog Article","/blogs/dolls-info-qustions/is-a-fully-loose-skeleton-full-body-doll-worth-it",4,4,0,0,0,0,11,,0,0,0,128.5,2.75,0.5,,2,4,4,0,0,0,0,11,,0,0,0,128.5,2.75,0.5,,2,0,0,,,,,0,,,,,0,0,0,,0
"Product","/products/b439-ultra-soft-silicone-sex-doll-boobs-titfuck-torso-erovenus",2,4,1,2,0,0,11,0,0.25,0.5,0,164.75,2.75,0.5,0,2,2,4,1,2,0,0,11,0,0.25,0.5,0,164.75,2.75,0.5,0,2,0,0,0,0,,,0,,0,0,,0,0,0,,0
,"/en-ca/collections/life-size-torso",4,4,0,0,0,0,23,,0,0,0,347.25,5.75,0.25,,1,4,4,0,0,0,0,23,,0,0,0,347.25,5.75,0.25,,1,0,0,,,,,0,,,,,0,0,0,,0
,"/de/collections/sex-doll-in-25kg-30kg57-66lbs",4,4,0,0,0,0,11,,0,0,0,31.25,2.75,0.5,,2,4,4,0,0,0,0,11,,0,0,0,31.25,2.75,0.5,,2,0,0,,,,,0,,,,,0,0,0,,0
"Collection","/collections/jiusheng-doll",3,4,0,0,0,0,32,,0,0,0,237,8,0.25,,1,3,4,0,0,0,0,32,,0,0,0,237,8,0.25,,1,0,0,,,,,0,,,,,0,0,0,,0
"Product","/products/t69-43lb-belle-lifelike-silicone-sex-doll-torso-sigafun-doll",4,4,0,0,0,0,9,,0,0,0,92,2.25,0.25,,1,4,4,0,0,0,0,9,,0,0,0,92,2.25,0.25,,1,0,0,,,,,0,,,,,0,0,0,,0
"Collection","/collections/aitia",4,4,0,0,0,0,28,,0,0,0,236,7,0,,0,4,4,0,0,0,0,28,,0,0,0,236,7,0,,0,0,0,,,,,0,,,,,0,0,,,
"Product","/products/f9194-47-5kg-m-cup-goat-mommy-anime-realistic-silicone-hentai-sex-doll-doll-castle",3,4,0,0,0,0,6,,0,0,0,33.75,1.5,0.75,,3,3,4,0,0,0,0,6,,0,0,0,33.75,1.5,0.75,,3,0,0,,,,,0,,,,,0,0,0,,0
"Blog Article","/blogs/dolls-info-qustions/solo-play-with-twist-how-to-combine-sex-doll-with-sex-swing-for-maximum-thrill-and-safety",4,4,0,0,0,0,4,,0,0,0,0,1,1,,4,4,4,0,0,0,0,4,,0,0,0,0,1,1,,4,0,0,,,,,0,,,,,,0,0,,0
"Product","/products/h027-sex-doll-head",4,4,0,0,0,0,4,,0,0,0,0,1,1,,4,4,4,0,0,0,0,4,,0,0,0,0,1,1,,4,0,0,,,,,0,,,,,,0,0,,0
,"/en-ca/collections/vibrating-sex-doll-torso",4,4,0,0,0,0,4,,0,0,0,0,1,1,,4,4,4,0,0,0,0,4,,0,0,0,0,1,1,,4,0,0,,,,,0,,,,,,0,0,,0
"Product","/products/t646-73-68lb-riko-ros-life-size-silicone-sex-doll-torso-with-head-in-stock-usa-europe-max",2,4,1,2,0,0,35,0,0.25,0.5,0,1178.5,8.75,0.25,0,1,2,4,1,2,0,0,35,0,0.25,0.5,0,1178.5,8.75,0.25,0,1,0,0,0,0,,,0,,0,0,,0,0,0,,0
"Product","/products/f9135-175cm-40kg-drake-strong-femboy-silicone-most-realistic-male-porn-celebrity-sex-doll-irontech-doll",4,4,0,0,0,0,10,,0,0,0,131.5,2.5,0.5,,2,4,4,0,0,0,0,10,,0,0,0,131.5,2.5,0.5,,2,0,0,,,,,0,,,,,0,0,0,,0
"Blog Article","/blogs/dolls-info-qustions/2024-why-does-my-realistic-sex-toy-smell-like-chemicals",4,4,0,0,0,0,6,,0,0,0,159,1.5,0.5,,2,4,4,0,0,0,0,6,,0,0,0,159,1.5,0.5,,2,0,0,,,,,0,,,,,0,0,0,,0
"Blog Article","/blogs/dolls-info-qustions/se-doll-sex-bot-series-feature-comparison-waist-rotation-vs-hip-thrusting-vs-head-nodding",4,4,0,0,0,0,4,,0,0,0,0,1,1,,4,4,4,0,0,0,0,4,,0,0,0,0,1,1,,4,0,0,,,,,0,,,,,,0,0,,0
"Collection","/collections/teardrop-huge-breast-sex-doll",4,4,0,0,0,0,48,,0,0,0,1152.75,12,0.5,,2,4,4,0,0,0,0,48,,0,0,0,1152.75,12,0.5,,2,0,0,,,,,0,,,,,0,0,0,,0
"Collection","/collections/tpe-sex-doll-head",3,4,0,0,0,0,10,,0,0,0,24,2.5,0.25,,1,3,4,0,0,0,0,10,,0,0,0,24,2.5,0.25,,1,0,0,,,,,0,,,,,0,0,0,,0
"Collection","/collections/8-9in-male-sex-doll",4,4,0,0,0,0,8,,0,0,0,39.25,2,0.75,,3,4,4,0,0,0,0,8,,0,0,0,39.25,2,0.75,,3,0,0,,,,,0,,,,,0,0,0,,0
"Collection","/collections/black-sex-doll-heads",4,4,0,0,0,0,27,,0,0,0,219.25,6.75,0.5,,2,4,4,0,0,0,0,27,,0,0,0,219.25,6.75,0.5,,2,0,0,,,,,0,,,,,0,0,0,,0
,"/de/collections/mrl-doll",3,4,0,0,0,0,5,,0,0,0,2.25,1.25,0.75,,3,3,4,0,0,0,0,5,,0,0,0,2.25,1.25,0.75,,3,0,0,,,,,0,,,,,0,0,0,,0
"Collection","/collections/wm-doll-factory-photos",4,4,0,0,0,0,37,,0,0,0,670.75,9.25,0,,0,4,4,0,0,0,0,37,,0,0,0,670.75,9.25,0,,0,0,0,,,,,0,,,,,0,0,,,
"Blog Article","/blogs/dolls-info-qustions/4-easy-positions-to-enjoy-with-your-bbw-sex-doll",4,4,0,0,0,0,4,,0,0,0,0,1,1,,4,4,4,0,0,0,0,4,,0,0,0,0,1,1,,4,0,0,,,,,0,,,,,,0,0,,0
,"/en-ca/collections/japanese-milf-sex-doll",4,4,0,0,0,0,4,,0,0,0,0.25,1,1,,4,4,4,0,0,0,0,4,,0,0,0,0.25,1,1,,4,0,0,,,,,0,,,,,0,0,0,,0
"Collection","/collections/black-sex-doll-luxury",4,4,0,0,0,0,6,,0,0,0,2.25,1.5,0.75,,3,4,4,0,0,0,0,6,,0,0,0,2.25,1.5,0.75,,3,0,0,,,,,0,,,,,0,0,0,,0
"Product","/products/t293-30-9lbs-72cm-super-realistic-luxury-life-size-silicone-sex-doll-torso",4,4,0,0,0,0,6,,0,0,0,2.5,1.5,0.75,,3,4,4,0,0,0,0,6,,0,0,0,2.5,1.5,0.75,,3,0,0,,,,,0,,,,,0,0,0,,0
"Collection","/collections/sy-doll",4,4,0,0,0,0,45,,0,0,0,646.5,11.25,0,,0,4,4,0,0,0,0,45,,0,0,0,646.5,11.25,0,,0,0,0,,,,,0,,,,,0,0,,,
"Product","/products/a555-moving-sex-doll-nude-robot-vibrating-torso",3,4,0,0,0,0,14,,0,0,0,616.75,3.5,0.5,,2,3,4,0,0,0,0,14,,0,0,0,616.75,3.5,0.5,,2,0,0,,,,,0,,,,,0,0,0,,0
"Checkout","/60719464687/orders/ecddb4242ad8ecafbdc0a79f021d6100",2,4,0,0,0,0,12,,0,0,0,553.5,3,0.25,,1,2,4,0,0,0,0,12,,0,0,0,553.5,3,0.25,,1,0,0,,,,,0,,,,,0,0,0,,0
,"/en-fi/blogs/dolls-info-qustions/are-you-also-leaning-toward-big-butt-sex-dolls",4,4,0,0,0,0,4,,0,0,0,0,1,1,,4,4,4,0,0,0,0,4,,0,0,0,0,1,1,,4,0,0,,,,,0,,,,,,0,0,,0
"Collection","/collections/porn-celebrities",2,4,0,0,0,0,17,,0,0,0,184.75,4.25,0.5,,2,2,4,0,0,0,0,17,,0,0,0,184.75,4.25,0.5,,2,0,0,,,,,0,,,,,0,0,0,,0
"Product","/products/f4811-161cm-5ft346kg-j-cup-sexy-silicone-bbw-chubby-chinese-sex-doll-hr-doll",2,4,0,0,0,0,12,,0,0,0,171.75,3,0.5,,2,2,4,0,0,0,0,12,,0,0,0,171.75,3,0.5,,2,0,0,,,,,0,,,,,0,0,0,,0
"Blog Article","/blogs/dolls-info-qustions/the-best-futa-sex-dolls-to-buy-in-2025-brand-guide-buying-tips",4,4,0,0,0,0,7,,0,0,0,42.25,1.75,0.5,,2,4,4,0,0,0,0,7,,0,0,0,42.25,1.75,0.5,,2,0,0,,,,,0,,,,,0,0,0,,0
"Collection","/collections/judy-rona-doll",4,4,0,0,0,0,8,,0,0,0,346.25,2,0.75,,3,4,4,0,0,0,0,8,,0,0,0,346.25,2,0.75,,3,0,0,,,,,0,,,,,0,0,0,,0
"Product","/products/f5968-158cm-5ft2-c-cup-realistic-black-skin-silicone-head-sex-doll-rosretty-doll",2,4,0,0,0,0,23,,0,0,0,111.75,5.75,0.75,,3,2,4,0,0,0,0,23,,0,0,0,111.75,5.75,0.75,,3,0,0,,,,,0,,,,,0,0,0,,0
,"/en-fi/pages/torso-sex-doll-videos",4,4,0,0,0,0,5,,0,0,0,4.5,1.25,0.75,,3,4,4,0,0,0,0,5,,0,0,0,4.5,1.25,0.75,,3,0,0,,,,,0,,,,,0,0,0,,0
"Product","/products/a519-28-4lb-doggy-style-sex-doll-bottom-realistic-3d-ass-sex-doll",4,4,0,0,0,0,13,,0,0,0,175.75,3.25,0.5,,2,4,4,0,0,0,0,13,,0,0,0,175.75,3.25,0.5,,2,0,0,,,,,0,,,,,0,0,0,,0
"Product","/products/t692k-64-6lb-grace-flat-chest-torso-sex-doll-with-head-climax-doll",4,4,0,0,0,0,31,,0,0,0,406.75,7.75,0,,0,4,4,0,0,0,0,31,,0,0,0,406.75,7.75,0,,0,0,0,,,,,0,,,,,0,0,,,
,"/de/collections/silicone-ass",4,4,0,0,0,0,13,,0,0,0,141,3.25,0.25,,1,4,4,0,0,0,0,13,,0,0,0,141,3.25,0.25,,1,0,0,,,,,0,,,,,0,0,0,,0
"Blog Article","/blogs/featured-blog/the-best-hyper-realistic-sex-dolls-brands-features-and-buying-guide",4,4,0,0,0,0,11,,0,0,0,37.5,2.75,0.75,,3,4,4,0,0,0,0,11,,0,0,0,37.5,2.75,0.75,,3,0,0,,,,,0,,,,,0,0,0,,0
,"/de/collections/petite-sex-doll",4,4,0,0,0,0,13,,0,0,0,122.25,3.25,0.5,,2,4,4,0,0,0,0,13,,0,0,0,122.25,3.25,0.5,,2,0,0,,,,,0,,,,,0,0,0,,0
"Custom Page","/pages/video9-irontech",4,4,0,0,0,0,4,,0,0,0,0,1,1,,4,4,4,0,0,0,0,4,,0,0,0,0,1,1,,4,0,0,,,,,0,,,,,,0,0,,0
"Product","/products/58313-2lb-27-5-sex-doll-legs",4,4,0,0,0,0,11,,0,0,0,159,2.75,0.5,,2,4,4,0,0,0,0,11,,0,0,0,159,2.75,0.5,,2,0,0,,,,,0,,,,,0,0,0,,0
"Product","/products/f5996-164cm5-4ft-36kg-d-cup-silicone-head-celebrity-sex-doll-%E4%B8%A8rosretty-doll",1,4,0,0,0,0,8,,0,0,0,40.75,2,0.5,,2,1,4,0,0,0,0,8,,0,0,0,40.75,2,0.5,,2,0,0,,,,,0,,,,,0,0,0,,0
"Product","/products/l42548-5lb-117cm-silicone-leg-and-foot-worship-model-for-femdom-and-trampling-roleplay",4,4,0,0,0,0,4,,0,0,0,0,1,1,,4,4,4,0,0,0,0,4,,0,0,0,0,1,1,,4,0,0,,,,,0,,,,,,0,0,,0
"Collection","/collections/evasdoll",4,4,0,0,0,0,73,,0,0,0,1354.5,18.25,0,,0,4,4,0,0,0,0,73,,0,0,0,1354.5,18.25,0,,0,0,0,,,,,0,,,,,0,0,,,
"Collection","/collections/climax-doll",4,4,0,0,0,0,9,,0,0,0,91.25,2.25,0.5,,2,4,4,0,0,0,0,9,,0,0,0,91.25,2.25,0.5,,2,0,0,,,,,0,,,,,0,0,0,,0
"Collection","/collections/breast-toy",4,4,0,0,0,0,7,,0,0,0,23.75,1.75,0.5,,2,4,4,0,0,0,0,7,,0,0,0,23.75,1.75,0.5,,2,0,0,,,,,0,,,,,0,0,0,,0
"Blog Article","/blogs/sex-doll-torso-blog/top-7-sex-doll-torsos",4,4,0,0,0,0,4,,0,0,0,0,1,1,,4,4,4,0,0,0,0,4,,0,0,0,0,1,1,,4,0,0,,,,,0,,,,,,0,0,,0
"Collection","/collections/elsa-babe",4,4,0,0,0,0,35,,0,0,0,371.75,8.75,0.25,,1,4,4,0,0,0,0,35,,0,0,0,371.75,8.75,0.25,,1,0,0,,,,,0,,,,,0,0,0,,0
,"/de/collections/huge-breasts-japanese-sex-doll",4,4,0,0,0,0,59,,0,0,0,499,14.75,0.25,,1,4,4,0,0,0,0,59,,0,0,0,499,14.75,0.25,,1,0,0,,,,,0,,,,,0,0,0,,0
"Blog Article","/blogs/dolls-info-qustions/what-are-the-sex-positions-with-my-arab-sex-doll",4,4,0,0,0,0,5,,0,0,0,0.5,1.25,0.75,,3,4,4,0,0,0,0,5,,0,0,0,0.5,1.25,0.75,,3,0,0,,,,,0,,,,,0,0,0,,0
"Checkout","/orders/6988977012975",1,4,0,0,0,0,4,,0,0,0,0,1,1,,4,1,4,0,0,0,0,4,,0,0,0,0,1,1,,4,0,0,,,,,0,,,,,,0,0,,0
"Collection","/collections/65cm-sex-doll",4,4,0,0,0,0,5,,0,0,0,1.75,1.25,0.75,,3,4,4,0,0,0,0,5,,0,0,0,1.75,1.25,0.75,,3,0,0,,,,,0,,,,,0,0,0,,0
,"/en-ca/collections/the-best-male-sex-dolls-of-2024-explained-choosing-your-ideal-lover",4,4,0,0,0,0,7,,0,0,0,29.5,1.75,0.5,,2,4,4,0,0,0,0,7,,0,0,0,29.5,1.75,0.5,,2,0,0,,,,,0,,,,,0,0,0,,0
"Product","/products/p88-24-3lb-sex-dolls-torso-mrl",4,4,0,0,0,0,4,,0,0,0,0,1,1,,4,4,4,0,0,0,0,4,,0,0,0,0,1,1,,4,0,0,,,,,0,,,,,,0,0,,0
,"/en-ca/blogs/sex-doll-torso-blog/top-7-sex-poses-with-your-torso-sex-doll",3,4,0,0,0,0,4,,0,0,0,0,1,1,,4,3,4,0,0,0,0,4,,0,0,0,0,1,1,,4,0,0,,,,,0,,,,,,0,0,,0
"Product","/products/a418-8lb-sexy-and-real-fat-lady-ass-realistic-chubby-sex-doll-torso",3,4,0,0,0,0,4,,0,0,0,0,1,1,,4,3,4,0,0,0,0,4,,0,0,0,0,1,1,,4,0,0,,,,,0,,,,,,0,0,,0
"Product","/products/f7538-167cm-49kg-silicone-head-tpe-body-full-size-adult-bbw-sex-doll-nicola-ridmii",1,4,0,0,0,0,10,,0,0,0,10.25,2.5,0.25,,1,1,4,0,0,0,0,10,,0,0,0,10.25,2.5,0.25,,1,0,0,,,,,0,,,,,0,0,0,,0
"Collection","/collections/mlw-doll",4,4,0,0,0,0,5,,0,0,0,3.25,1.25,0.75,,3,4,4,0,0,0,0,5,,0,0,0,3.25,1.25,0.75,,3,0,0,,,,,0,,,,,0,0,0,,0
"Blog Article","/blogs/dolls-info-qustions/recommended-small-breast-sex-dolls-suitable-for-japanese-porn-student-movies",4,4,0,0,0,0,4,,0,0,0,0,1,1,,4,4,4,0,0,0,0,4,,0,0,0,0,1,1,,4,0,0,,,,,0,,,,,,0,0,,0
"Product","/products/t666-39-7lbs-luxury-super-realistic-human-size-silicone-torso-sex-doll",4,4,1,1,0,0,56,0,0.25,0.25,0,1210.5,14,0.25,0,1,4,4,1,1,0,0,56,0,0.25,0.25,0,1210.5,14,0.25,0,1,0,0,0,0,,,0,,0,0,,0,0,0,,0
"Product","/products/f1248-164cm-f-cup-luna-big-boobs-doll-irontech-doll",3,4,0,0,0,0,7,,0,0,0,105.5,1.75,0.75,,3,3,4,0,0,0,0,7,,0,0,0,105.5,1.75,0.75,,3,0,0,,,,,0,,,,,0,0,0,,0
,"/en-ca/collections/big-boobs-japanese-sex-doll",4,4,1,0,0,0,12,,0.25,0,0,73.75,3,0.75,,3,4,4,1,0,0,0,12,,0.25,0,0,73.75,3,0.75,,3,0,0,0,,,,0,,0,,,0,0,0,,0
"Product","/products/f3782-158cm-5ft232kg-e-cup-silicone-adult-full-sexy-europe-sex-doll-yl-doll",2,4,0,0,0,0,15,,0,0,0,199.25,3.75,0.75,,3,2,4,0,0,0,0,15,,0,0,0,199.25,3.75,0.75,,3,0,0,,,,,0,,,,,0,0,0,,0
"Product","/products/f4759k-175cm5ft9-69kg-x-cup-huge-breast-fat-thick-ass-tpe-ssbbw-sex-doll-in-stock-castle-doll",4,4,0,0,0,0,4,,0,0,0,0,1,1,,4,4,4,0,0,0,0,4,,0,0,0,0,1,1,,4,0,0,,,,,0,,,,,,0,0,,0
"Collection","/collections/sucking-vagina-ai-sex-doll",4,4,0,0,0,0,13,,0,0,0,457.5,3.25,0.75,,3,4,4,0,0,0,0,13,,0,0,0,457.5,3.25,0.75,,3,0,0,,,,,0,,,,,0,0,0,,0
"Product","/products/f7626-163cm5-3ft-e-cup-great-huge-butt-tpe-body-silicone-head-sex-doll-for-men%E4%B8%A8sy-doll",4,4,0,0,0,0,5,,0,0,0,30.25,1.25,0.75,,3,4,4,0,0,0,0,5,,0,0,0,30.25,1.25,0.75,,3,0,0,,,,,0,,,,,0,0,0,,0
,"/ja/collections/japanese-sex-doll",4,4,0,0,0,0,12,,0,0,0,46,3,0.25,,1,4,4,0,0,0,0,12,,0,0,0,46,3,0.25,,1,0,0,,,,,0,,,,,0,0,0,,0
"Blog Article","/blogs/dolls-info-qustions/big-ass-sex-doll-recommendations-under-1000-high-value-picks",4,4,0,0,0,0,7,,0,0,0,11,1.75,0.25,,1,4,4,0,0,0,0,7,,0,0,0,11,1.75,0.25,,1,0,0,,,,,0,,,,,0,0,0,,0
,"/en-ca/collections/torso-dildo",4,4,0,0,0,0,6,,0,0,0,9,1.5,0.5,,2,4,4,0,0,0,0,6,,0,0,0,9,1.5,0.5,,2,0,0,,,,,0,,,,,0,0,0,,0
"Product","/products/v637-portable-tpe-foot-fetish-toys-for-discrete-storage-in-small-apartments",4,4,2,1,0,0,14,0,0.5,0.25,0,261.5,3.5,0.5,0,2,4,4,2,1,0,0,14,0,0.5,0.25,0,261.5,3.5,0.5,0,2,0,0,0,0,,,0,,0,0,,0,0,0,,0
"Product","/products/f8503-164cm-36kg-silicone-ros-head-with-oral-sex-doll-full-size-adult-sex-doll-lumina-ridmii",4,4,0,0,0,0,4,,0,0,0,0,1,1,,4,4,4,0,0,0,0,4,,0,0,0,0,1,1,,4,0,0,,,,,0,,,,,,0,0,,0
"Blog Article","/blogs/dolls-info-qustions/is-a-half-torso-sex-doll-worth-it-the-honest-breakdown",4,4,0,0,0,0,4,,0,0,0,0,1,1,,4,4,4,0,0,0,0,4,,0,0,0,0,1,1,,4,0,0,,,,,0,,,,,,0,0,,0
"Blog Article","/blogs/dolls-info-qustions/what-are-sex-dolls-made-of-complete-material-guide",4,4,0,0,0,0,10,,0,0,0,136.75,2.5,0.5,,2,4,4,0,0,0,0,10,,0,0,0,136.75,2.5,0.5,,2,0,0,,,,,0,,,,,0,0,0,,0
"Product","/products/f4474a-163cm5-3ft-51kg-h-cup-bbw-big-booty-large-butt-tpe-sex-doll-2025%E4%B8%A8wm-doll",2,4,0,0,0,0,14,,0,0,0,365,3.5,0,,0,2,4,0,0,0,0,14,,0,0,0,365,3.5,0,,0,0,0,,,,,0,,,,,0,0,,,
"Product","/products/f6163-22kg-d-cup-animal-hentai-realistic-silicone-sex-doll-castle-doll",4,4,0,0,0,0,24,,0,0,0,196.25,6,0.5,,2,4,4,0,0,0,0,24,,0,0,0,196.25,6,0.5,,2,0,0,,,,,0,,,,,0,0,0,,0
"Product","/products/h794-sex-doll-head-silicone-irontech-doll-head-1",2,4,0,0,0,0,5,,0,0,0,6.25,1.25,0.75,,3,2,4,0,0,0,0,5,,0,0,0,6.25,1.25,0.75,,3,0,0,,,,,0,,,,,0,0,0,,0
"Product","/products/f8217-150cm-5ft-27-5kg-silicone-anime-sex-doll-elsa-babe",4,4,0,0,0,0,5,,0,0,0,0.75,1.25,0.75,,3,4,4,0,0,0,0,5,,0,0,0,0.75,1.25,0.75,,3,0,0,,,,,0,,,,,0,0,0,,0
"Product","/collections/sex-doll-torso/products/562-fat-ass-torso-doll-silicone-ass",3,4,0,0,0,0,11,,0,0,0,93.5,2.75,0.25,,1,3,4,0,0,0,0,11,,0,0,0,93.5,2.75,0.25,,1,0,0,,,,,0,,,,,0,0,0,,0
,"/de/collections/fake-ass-sex-toy",4,4,0,0,0,0,4,,0,0,0,0,1,1,,4,4,4,0,0,0,0,4,,0,0,0,0,1,1,,4,0,0,,,,,0,,,,,,0,0,,0
"Product","/products/f2577-171cm5-6ft-37-5kg-d-cup-ros-silicone-sex-doll-irontech-doll",3,4,0,0,0,0,15,,0,0,0,452.5,3.75,0.25,,1,3,4,0,0,0,0,15,,0,0,0,452.5,3.75,0.25,,1,0,0,,,,,0,,,,,0,0,0,,0
"Product","/products/t643-plump-sexual-bbw-sex-toy-torso",2,4,0,0,0,0,6,,0,0,0,187.5,1.5,0.5,,2,2,4,0,0,0,0,6,,0,0,0,187.5,1.5,0.5,,2,0,0,,,,,0,,,,,0,0,0,,0
,"/en-fi/collections/full-doll",4,4,0,0,0,0,22,,0,0,0,262.75,5.5,0,,0,4,4,0,0,0,0,22,,0,0,0,262.75,5.5,0,,0,0,0,,,,,0,,,,,0,0,,,
,"/en-ca/collections/animal-hentai-sex-doll",2,4,0,0,0,0,8,,0,0,0,4.25,2,0,,0,2,4,0,0,0,0,8,,0,0,0,4.25,2,0,,0,0,0,,,,,0,,,,,0,0,,,
"Collection","/collections/sigafun-doll",4,4,0,0,0,0,19,,0,0,0,175.25,4.75,0.25,,1,4,4,0,0,0,0,19,,0,0,0,175.25,4.75,0.25,,1,0,0,,,,,0,,,,,0,0,0,,0
"Blog Article","/blogs/dolls-info-qustions/tpe-dolls-tearing-and-peeling-difficulties-easy-to-solve-there-is-a-trick",4,4,0,0,0,0,12,,0,0,0,44.5,3,0.5,,2,4,4,0,0,0,0,12,,0,0,0,44.5,3,0.5,,2,0,0,,,,,0,,,,,0,0,0,,0
"Product","/products/p101-0-88lb-18in-double-realistic-dildo-with-snakehead-silicone-hentai-male-sex-doll-tayuta",4,4,0,0,0,0,12,,0,0,0,348.25,3,0.25,,1,4,4,0,0,0,0,12,,0,0,0,348.25,3,0.25,,1,0,0,,,,,0,,,,,0,0,0,,0
,"/de/collections/mini-torso",4,4,0,0,0,0,10,,0,0,0,73.75,2.5,0.5,,2,4,4,0,0,0,0,10,,0,0,0,73.75,2.5,0.5,,2,0,0,,,,,0,,,,,0,0,0,,0
"Collection","/collections/torso-under-200",4,4,0,0,0,0,11,,0,0,0,149.75,2.75,0.5,,2,4,4,0,0,0,0,11,,0,0,0,149.75,2.75,0.5,,2,0,0,,,,,0,,,,,0,0,0,,0
,"/en-ca/pages/sex-doll-gif",4,4,0,0,0,0,10,,0,0,0,140.5,2.5,0.25,,1,4,4,0,0,0,0,10,,0,0,0,140.5,2.5,0.25,,1,0,0,,,,,0,,,,,0,0,0,,0
"Product","/products/p72-2-2lb-beatus-diphallia-futanari-big-penis-double-penis-sex-diphallism-hentai-sex-toy-mrl",4,4,0,0,0,0,7,,0,0,0,7.75,1.75,0.75,,3,4,4,0,0,0,0,7,,0,0,0,7.75,1.75,0.75,,3,0,0,,,,,0,,,,,0,0,0,,0
"Product","/products/f9188-178cm-5ft10-67-5kg-i-cup-silicone-trans-futanari-sex-doll",4,4,0,0,0,0,7,,0,0,0,65.75,1.75,0.75,,3,4,4,0,0,0,0,7,,0,0,0,65.75,1.75,0.75,,3,0,0,,,,,0,,,,,0,0,0,,0
"Product","/products/f9187-big-tit-sex-doll-futa-trans-doll-castle",2,4,0,0,0,0,14,,0,0,0,636.5,3.5,0.25,,1,2,4,0,0,0,0,14,,0,0,0,636.5,3.5,0.25,,1,0,0,,,,,0,,,,,0,0,0,,0
"Collection","/collections/aibei-doll-videos",4,4,0,0,0,0,102,,0,0,0,750.25,25.5,0.5,,2,4,4,0,0,0,0,102,,0,0,0,750.25,25.5,0.5,,2,0,0,,,,,0,,,,,0,0,0,,0
"Product","/products/f8106-168cm5-5ft-39kg-h-cup-r5-realistic-silicone-sex-doll-real-lady",4,4,0,0,0,0,8,,0,0,0,56.5,2,0.5,,2,4,4,0,0,0,0,8,,0,0,0,56.5,2,0.5,,2,0,0,,,,,0,,,,,0,0,0,,0
"Product","/products/a309-19lb-soft-silicone-realistic-big-ass-sex-dolls-torso",2,4,0,0,0,0,12,,0,0,0,73.25,3,0.5,,2,2,4,0,0,0,0,12,,0,0,0,73.25,3,0.5,,2,0,0,,,,,0,,,,,0,0,0,,0
,"/en-ca/collections/electric-pocket-pussy",3,3,0,0,0,0,4,,0,0,0,13.666666666666666,1.3333333333333333,0.6666666666666666,,2,3,3,0,0,0,0,4,,0,0,0,13.666666666666666,1.3333333333333333,0.6666666666666666,,2,0,0,,,,,0,,,,,0,0,0,,0
"Blog Article","/blogs/dolls-info-qustions/masturbation-place",2,3,0,0,0,0,3,,0,0,0,0,1,1,,3,2,3,0,0,0,0,3,,0,0,0,0,1,1,,3,0,0,,,,,0,,,,,,0,0,,0
"Product","/products/l46850lb-110cm-tpe-sexy-lifesize-sex-doll-legs-qita-doll",3,3,0,0,0,0,3,,0,0,0,0,1,1,,3,3,3,0,0,0,0,3,,0,0,0,0,1,1,,3,0,0,,,,,0,,,,,,0,0,,0
"Collection","/collections/2000-sex-doll",3,3,0,0,0,0,7,,0,0,0,31.333333333333332,2.3333333333333335,0.3333333333333333,,1,3,3,0,0,0,0,7,,0,0,0,31.333333333333332,2.3333333333333335,0.3333333333333333,,1,0,0,,,,,0,,,,,0,0,0,,0
,"/ja/blogs/dolls-info-qustions/whats-the-deal-with-moaning-sex-robots-anyway",3,3,0,0,0,0,3,,0,0,0,0,1,1,,3,3,3,0,0,0,0,3,,0,0,0,0,1,1,,3,0,0,,,,,0,,,,,,0,0,,0
"Product","/products/b43-silicone-sex-doll-big-boobs-torso-gel-breasts",3,3,1,1,1,0.3333333333333333,10,1,0.3333333333333333,0.3333333333333333,1,384.6666666666667,3.3333333333333335,0.6666666666666666,1,2,3,3,1,1,1,0.3333333333333333,10,1,0.3333333333333333,0.3333333333333333,1,384.6666666666667,3.3333333333333335,0.6666666666666666,1,2,0,0,0,0,0,0,0,0,0,0,0,0,0,0,0,0
"Collection","/collections/ros-sex-doll",3,3,0,0,0,0,30,,0,0,0,1515.6666666666667,10,0.3333333333333333,,1,3,3,0,0,0,0,30,,0,0,0,1515.6666666666667,10,0.3333333333333333,,1,0,0,,,,,0,,,,,0,0,0,,0
,"/en-ca/collections/under-1000-full-doll",3,3,0,0,0,0,9,,0,0,0,116.33333333333333,3,0.3333333333333333,,1,3,3,0,0,0,0,9,,0,0,0,116.33333333333333,3,0.3333333333333333,,1,0,0,,,,,0,,,,,0,0,0,,0
"Blog Article","/blogs/featured-blog/evas-doll-180cm-f6229-full-review",3,3,0,0,0,0,23,,0,0,0,85.66666666666667,7.666666666666667,0.3333333333333333,,1,3,3,0,0,0,0,23,,0,0,0,85.66666666666667,7.666666666666667,0.3333333333333333,,1,0,0,,,,,0,,,,,0,0,0,,0
"Product","/products/f521k-171cm-5ft6-a-cup-flat-chest-skinny-silicone-sex-doll-in-stock-us-starpery-doll",3,3,0,0,0,0,18,,0,0,0,324.3333333333333,6,0.6666666666666666,,2,3,3,0,0,0,0,18,,0,0,0,324.3333333333333,6,0.6666666666666666,,2,0,0,,,,,0,,,,,0,0,0,,0
"Collection","/collections/chubby-sex-doll",3,3,0,0,0,0,3,,0,0,0,0,1,1,,3,3,3,0,0,0,0,3,,0,0,0,0,1,1,,3,0,0,,,,,0,,,,,,0,0,,0
"Product","/products/f9109-150cm-5ft-27-5kg-silicone-best-sex-doll-anime-elsa-babe",2,3,0,0,0,0,8,,0,0,0,22,2.6666666666666665,0.3333333333333333,,1,2,3,0,0,0,0,8,,0,0,0,22,2.6666666666666665,0.3333333333333333,,1,0,0,,,,,0,,,,,0,0,0,,0
"Product","/products/p379-3-86lb-anime-fake-pussy-medusa-silicone-hentai-sex-doll-mrl",3,3,0,0,0,0,3,,0,0,0,0,1,1,,3,3,3,0,0,0,0,3,,0,0,0,0,1,1,,3,0,0,,,,,0,,,,,,0,0,,0
"Product","/products/f6123-150cm-4ft9-29kg-a-cup-flat-chested-silicone-sex-doll-sy-doll",3,3,0,0,0,0,46,,0,0,0,557.3333333333334,15.333333333333334,0.3333333333333333,,1,3,3,0,0,0,0,46,,0,0,0,557.3333333333334,15.333333333333334,0.3333333333333333,,1,0,0,,,,,0,,,,,0,0,0,,0
,"/de/collections/ros-sex-doll-heads-1",2,3,0,0,0,0,11,,0,0,0,211.66666666666666,3.6666666666666665,0.6666666666666666,,2,2,3,0,0,0,0,11,,0,0,0,211.66666666666666,3.6666666666666665,0.6666666666666666,,2,0,0,,,,,0,,,,,0,0,0,,0
"Blog Article","/blogs/dolls-info-qustions/types-of-femboy-sex-dolls",3,3,0,0,0,0,17,,0,0,0,62,5.666666666666667,0.6666666666666666,,2,3,3,0,0,0,0,17,,0,0,0,62,5.666666666666667,0.6666666666666666,,2,0,0,,,,,0,,,,,0,0,0,,0
,"/en-fi/blogs/dolls-info-qustions/exploring-the-best-breasts-for-titty-fucking",3,3,0,0,0,0,6,,0,0,0,40.333333333333336,2,0.6666666666666666,,2,3,3,0,0,0,0,6,,0,0,0,40.333333333333336,2,0.6666666666666666,,2,0,0,,,,,0,,,,,0,0,0,,0
,"/en-ca/collections/bbw-sex-dolls",3,3,0,0,0,0,12,,0,0,0,181,4,0.3333333333333333,,1,3,3,0,0,0,0,12,,0,0,0,181,4,0.3333333333333333,,1,0,0,,,,,0,,,,,0,0,0,,0
"Blog Article","/blogs/dolls-info-qustions/4-recommended-futa-sex-dolls-a-guide-to-realistic-touch-and-dual-gender-appeal",3,3,0,0,0,0,5,,0,0,0,446.6666666666667,1.6666666666666667,0.6666666666666666,,2,3,3,0,0,0,0,5,,0,0,0,446.6666666666667,1.6666666666666667,0.6666666666666666,,2,0,0,,,,,0,,,,,0,0,0,,0
"Product","/products/t298-40-79lbs-100cm-lightweight-life-size-sex-doll-torso-with-head-can-choose-no-head-climax-doll",3,3,0,0,0,0,22,,0,0,0,772.3333333333334,7.333333333333333,0,,0,3,3,0,0,0,0,22,,0,0,0,772.3333333333334,7.333333333333333,0,,0,0,0,,,,,0,,,,,0,0,,,
"Checkout","/60719464687/orders/f23f6688934f1bd0acaa32fb55bfa789",3,3,0,0,0,0,5,,0,0,0,9.666666666666666,1.6666666666666667,0.3333333333333333,,1,3,3,0,0,0,0,5,,0,0,0,9.666666666666666,1.6666666666666667,0.3333333333333333,,1,0,0,,,,,0,,,,,0,0,0,,0
"Blog Article","/blogs/dolls-info-qustions/test-3",3,3,0,0,0,0,3,,0,0,0,0,1,1,,3,3,3,0,0,0,0,3,,0,0,0,0,1,1,,3,0,0,,,,,0,,,,,,0,0,,0
,"/en-ca/collections/onahole",3,3,0,0,0,0,3,,0,0,0,0,1,1,,3,3,3,0,0,0,0,3,,0,0,0,0,1,1,,3,0,0,,,,,0,,,,,,0,0,,0
"Collection","/collections/big-ass-sex-dolls",3,3,0,0,0,0,11,,0,0,0,54.666666666666664,3.6666666666666665,0.3333333333333333,,1,3,3,0,0,0,0,11,,0,0,0,54.666666666666664,3.6666666666666665,0.3333333333333333,,1,0,0,,,,,0,,,,,0,0,0,,0
,"/en-ca/collections/big-ass-sex-doll-life-size",3,3,0,0,0,0,4,,0,0,0,15.666666666666666,1.3333333333333333,0.6666666666666666,,2,3,3,0,0,0,0,4,,0,0,0,15.666666666666666,1.3333333333333333,0.6666666666666666,,2,0,0,,,,,0,,,,,0,0,0,,0
"Product","/products/silicone-butt-thighs-17-4lb",3,3,0,0,0,0,3,,0,0,0,0,1,1,,3,3,3,0,0,0,0,3,,0,0,0,0,1,1,,3,0,0,,,,,0,,,,,,0,0,,0
"Product","/products/f5573-150cm-5ft-27-5kg-shemale-anime-futa-silicone-sex-doll-elsa-babe",3,3,0,0,0,0,6,,0,0,0,123.66666666666667,2,0.3333333333333333,,1,3,3,0,0,0,0,6,,0,0,0,123.66666666666667,2,0.3333333333333333,,1,0,0,,,,,0,,,,,0,0,0,,0
"Collection","/collections/anime-alien-sex-doll",3,3,0,0,0,0,3,,0,0,0,0,1,1,,3,3,3,0,0,0,0,3,,0,0,0,0,1,1,,3,0,0,,,,,0,,,,,,0,0,,0
"Collection","/collections/latina-sex-doll-heads",3,3,0,0,0,0,9,,0,0,0,159.66666666666666,3,0.6666666666666666,,2,3,3,0,0,0,0,9,,0,0,0,159.66666666666666,3,0.6666666666666666,,2,0,0,,,,,0,,,,,0,0,0,,0
,"/en-fi/collections/vibrating-sex-doll-torso",3,3,0,0,0,0,3,,0,0,0,0,1,1,,3,3,3,0,0,0,0,3,,0,0,0,0,1,1,,3,0,0,,,,,0,,,,,,0,0,,0
,"/en-ca/collections/life-size-ass",3,3,0,0,0,0,15,,0,0,0,529.6666666666666,5,0,,0,3,3,0,0,0,0,15,,0,0,0,529.6666666666666,5,0,,0,0,0,,,,,0,,,,,0,0,,,
,"/en-ca/collections/big-booty-sex-dolls",3,3,0,0,0,0,7,,0,0,0,62.666666666666664,2.3333333333333335,0.3333333333333333,,1,3,3,0,0,0,0,7,,0,0,0,62.666666666666664,2.3333333333333335,0.3333333333333333,,1,0,0,,,,,0,,,,,0,0,0,,0
"Product","/products/h1031-silicone-sex-doll-head%E4%B8%A8aibei-doll-head",1,3,0,0,0,0,3,,0,0,0,0,1,1,,3,1,3,0,0,0,0,3,,0,0,0,0,1,1,,3,0,0,,,,,0,,,,,,0,0,,0
"Product","/products/t659-26-5lbs-realistic-dildo-for-silicone-woman-with-male-sex-doll%E4%B8%A8judy-rona",3,3,0,0,0,0,7,,0,0,0,91.33333333333333,2.3333333333333335,0.6666666666666666,,2,3,3,0,0,0,0,7,,0,0,0,91.33333333333333,2.3333333333333335,0.6666666666666666,,2,0,0,,,,,0,,,,,0,0,0,,0
"Blog Article","/blogs/dolls-info-qustions/welcome-to-future-ai-sex-doll-function-exploration",3,3,0,0,0,0,5,,0,0,0,729.3333333333334,1.6666666666666667,0.6666666666666666,,2,3,3,0,0,0,0,5,,0,0,0,729.3333333333334,1.6666666666666667,0.6666666666666666,,2,0,0,,,,,0,,,,,0,0,0,,0
"Checkout","/60719464687/orders/c8e5acc8aa204a8951cd8cbc259774ec",3,3,0,0,0,0,7,,0,0,0,100.66666666666667,2.3333333333333335,0.3333333333333333,,1,3,3,0,0,0,0,7,,0,0,0,100.66666666666667,2.3333333333333335,0.3333333333333333,,1,0,0,,,,,0,,,,,0,0,0,,0
,"/en-ca/products/f9011-150cm-4ft9-26kg-c-cup-campus-cheerleader-girl-tpe-sex-doll-sy-doll",2,3,0,0,0,0,21,,0,0,0,634.3333333333334,7,0.3333333333333333,,1,2,3,0,0,0,0,21,,0,0,0,634.3333333333334,7,0.3333333333333333,,1,0,0,,,,,0,,,,,0,0,0,,0
"Blog Article","/blogs/dolls-info-qustions/2025-best-furry-sex-doll-picks-your-fantasy-comes-to-life",3,3,0,0,0,0,4,,0,0,0,7.333333333333333,1.3333333333333333,0.6666666666666666,,2,3,3,0,0,0,0,4,,0,0,0,7.333333333333333,1.3333333333333333,0.6666666666666666,,2,0,0,,,,,0,,,,,0,0,0,,0
"Collection","/collections/md-doll",3,3,0,0,0,0,5,,0,0,0,42.666666666666664,1.6666666666666667,0.6666666666666666,,2,3,3,0,0,0,0,5,,0,0,0,42.666666666666664,1.6666666666666667,0.6666666666666666,,2,0,0,,,,,0,,,,,0,0,0,,0
"Blog Article","/blogs/dolls-info-qustions/how-deep-is-the-vagina-5-key-things-you-need-to-know-about-the-vagina",3,3,0,0,0,0,4,,0,0,0,5.333333333333333,1.3333333333333333,0.6666666666666666,,2,3,3,0,0,0,0,4,,0,0,0,5.333333333333333,1.3333333333333333,0.6666666666666666,,2,0,0,,,,,0,,,,,0,0,0,,0
"Collection","/collections/rosertty-doll",3,3,0,0,0,0,11,,0,0,0,100,3.6666666666666665,0,,0,3,3,0,0,0,0,11,,0,0,0,100,3.6666666666666665,0,,0,0,0,,,,,0,,,,,0,0,,,
"Collection","/collections/w-r-4-0",3,3,0,0,0,0,6,,0,0,0,43.333333333333336,2,0.6666666666666666,,2,3,3,0,0,0,0,6,,0,0,0,43.333333333333336,2,0.6666666666666666,,2,0,0,,,,,0,,,,,0,0,0,,0
,"/de/collections/pornstar-sex-doll",3,3,0,0,0,0,3,,0,0,0,0,1,1,,3,3,3,0,0,0,0,3,,0,0,0,0,1,1,,3,0,0,,,,,0,,,,,,0,0,,0
"Product","/products/b42-7-7lbs-silicone-breast-vagina-sex-toy",3,3,0,0,0,0,3,,0,0,0,0,1,1,,3,3,3,0,0,0,0,3,,0,0,0,0,1,1,,3,0,0,,,,,0,,,,,,0,0,,0
"Blog Article","/blogs/dolls-info-qustions/whether-sex-dolls-can-be-rented",3,3,0,0,0,0,3,,0,0,0,0,1,1,,3,3,3,0,0,0,0,3,,0,0,0,0,1,1,,3,0,0,,,,,0,,,,,,0,0,,0
"Collection","/collections/fake-ass-over-899",3,3,0,0,0,0,11,,0,0,0,583.3333333333334,3.6666666666666665,0,,0,3,3,0,0,0,0,11,,0,0,0,583.3333333333334,3.6666666666666665,0,,0,0,0,,,,,0,,,,,0,0,,,
"Product","/products/firefly-diary-closed-eye-silicone-165cm-f733",2,3,0,0,0,0,6,,0,0,0,145.33333333333334,2,0.6666666666666666,,2,2,3,0,0,0,0,6,,0,0,0,145.33333333333334,2,0.6666666666666666,,2,0,0,,,,,0,,,,,0,0,0,,0
,"/en-ca/collections/bbw-ass-torso",3,3,0,0,0,0,10,,0,0,0,92.66666666666667,3.3333333333333335,0,,0,3,3,0,0,0,0,10,,0,0,0,92.66666666666667,3.3333333333333335,0,,0,0,0,,,,,0,,,,,0,0,,,
,"/en-fi/collections/femboys-sex-doll",3,3,0,0,0,0,11,,0,0,0,77,3.6666666666666665,0.3333333333333333,,1,3,3,0,0,0,0,11,,0,0,0,77,3.6666666666666665,0.3333333333333333,,1,0,0,,,,,0,,,,,0,0,0,,0
"Collection","/collections/medium-torso",2,3,0,0,0,0,14,,0,0,0,451.6666666666667,4.666666666666667,0.6666666666666666,,2,2,3,0,0,0,0,14,,0,0,0,451.6666666666667,4.666666666666667,0.6666666666666666,,2,0,0,,,,,0,,,,,0,0,0,,0
,"/ja/blogs/dolls-info-qustions/gentlemans-paradise-exploring-nsfw-anime-figures-and-sex-dolls",3,3,0,0,0,0,3,,0,0,0,0,1,1,,3,3,3,0,0,0,0,3,,0,0,0,0,1,1,,3,0,0,,,,,0,,,,,,0,0,,0
"Blog Article","/blogs/dolls-info-qustions/wanna-make-your-sex-doll-look-like-an-anime-character-heres-how",3,3,0,0,0,0,7,,0,0,0,59,2.3333333333333335,0,,0,3,3,0,0,0,0,7,,0,0,0,59,2.3333333333333335,0,,0,0,0,,,,,0,,,,,0,0,,,
"Blog Article","/blogs/dolls-info-qustions/how-to-deal-with-stuck-joints-in-sex-dolls-professional-repair-and-maintenance-guide",3,3,0,0,0,0,4,,0,0,0,363.6666666666667,1.3333333333333333,0.6666666666666666,,2,3,3,0,0,0,0,4,,0,0,0,363.6666666666667,1.3333333333333333,0.6666666666666666,,2,0,0,,,,,0,,,,,0,0,0,,0
"Product","/products/p382-2-4lb-dragon-head-silicone-hentai-sex-doll-torso-toy-male-masturbator-mrl",3,3,0,0,0,0,4,,0,0,0,21.666666666666668,1.3333333333333333,0.6666666666666666,,2,3,3,0,0,0,0,4,,0,0,0,21.666666666666668,1.3333333333333333,0.6666666666666666,,2,0,0,,,,,0,,,,,0,0,0,,0
"Blog Article","/blogs/dolls-info-qustions/nsfw-time-revealing-the-most-popular-porn-stars-and-celebrity-sex-dolls",3,3,0,0,0,0,4,,0,0,0,8,1.3333333333333333,0.6666666666666666,,2,3,3,0,0,0,0,4,,0,0,0,8,1.3333333333333333,0.6666666666666666,,2,0,0,,,,,0,,,,,0,0,0,,0
"Blog Article","/blogs/dolls-info-qustions/love-doll-comprehensive-guide-and-faqs-for-2025",3,3,0,0,0,0,5,,0,0,0,17,1.6666666666666667,0.6666666666666666,,2,3,3,0,0,0,0,5,,0,0,0,17,1.6666666666666667,0.6666666666666666,,2,0,0,,,,,0,,,,,0,0,0,,0
"Blog Article","/blogs/dolls-info-qustions/unlocking-private-desires-the-secrets-of-torso-sex-doll-10-inch-dildo",3,3,0,0,0,0,4,,0,0,0,50.666666666666664,1.3333333333333333,0.6666666666666666,,2,3,3,0,0,0,0,4,,0,0,0,50.666666666666664,1.3333333333333333,0.6666666666666666,,2,0,0,,,,,0,,,,,0,0,0,,0
"Blog Article","/blogs/dolls-info-qustions/sex-doll-storage-furniture-discreet-safe-and-space-saving-solutions",3,3,0,0,0,0,3,,0,0,0,0,1,1,,3,3,3,0,0,0,0,3,,0,0,0,0,1,1,,3,0,0,,,,,0,,,,,,0,0,,0
"Product","/products/f5961-150cm-4ft9-f-cup-114-powerful-big-ass-tpe-ssbbw-plus-size-sex-dolls-2025-sy-doll",1,3,0,0,0,0,3,,0,0,0,0,1,1,,3,1,3,0,0,0,0,3,,0,0,0,0,1,1,,3,0,0,,,,,0,,,,,,0,0,,0
"Collection","/collections/black-sex-doll-under-100",3,3,0,0,0,0,34,,0,0,0,1081.3333333333333,11.333333333333334,0.3333333333333333,,1,3,3,0,0,0,0,34,,0,0,0,1081.3333333333333,11.333333333333334,0.3333333333333333,,1,0,0,,,,,0,,,,,0,0,0,,0
"Blog Article","/blogs/dolls-info-qustions/your-first-sex-doll-the-ultimate-beginner-s-guide-to-using-her-right",3,3,0,0,0,0,3,,0,0,0,0,1,1,,3,3,3,0,0,0,0,3,,0,0,0,0,1,1,,3,0,0,,,,,0,,,,,,0,0,,0
"Product","/products/f6266-172cm-5-6ft-37-5kg-a-cup-realistic-flat-chest-sex-doll-with-ros-head-top-cydoll",3,3,0,0,0,0,3,,0,0,0,0,1,1,,3,3,3,0,0,0,0,3,,0,0,0,0,1,1,,3,0,0,,,,,0,,,,,,0,0,,0
"Blog Article","/blogs/dolls-info-qustions/how-to-play-with-a-big-booty-sex-doll-these-positions-will-blow-your-mind",3,3,0,0,0,0,5,,0,0,0,205.66666666666666,1.6666666666666667,0.3333333333333333,,1,3,3,0,0,0,0,5,,0,0,0,205.66666666666666,1.6666666666666667,0.3333333333333333,,1,0,0,,,,,0,,,,,0,0,0,,0
"Blog Article","/blogs/dolls-info-qustions/4-tips-for-oral-sex-with-blow-job-dolls-to-enhance-your-sexual-experience",3,3,0,0,0,0,3,,0,0,0,0,1,1,,3,3,3,0,0,0,0,3,,0,0,0,0,1,1,,3,0,0,,,,,0,,,,,,0,0,,0
"Product","/products/t692k-grace-flat-chested-sex-doll-torso-t692k",3,3,0,0,0,0,151,,0,0,0,3715.3333333333335,50.333333333333336,0,,0,3,3,0,0,0,0,151,,0,0,0,3715.3333333333335,50.333333333333336,0,,0,0,0,,,,,0,,,,,0,0,,,
"Product","/products/t450-65-92lb-silicone-big-boobs-sex-doll-torso-lovenestle",3,3,0,0,0,0,6,,0,0,0,328.3333333333333,2,0.3333333333333333,,1,3,3,0,0,0,0,6,,0,0,0,328.3333333333333,2,0.3333333333333333,,1,0,0,,,,,0,,,,,0,0,0,,0
"Blog Article","/blogs/featured-blog/the-4-technical-features-about-sex-doll-skeleton",3,3,0,0,0,0,15,,0,0,0,461.6666666666667,5,0.6666666666666666,,2,3,3,0,0,0,0,15,,0,0,0,461.6666666666667,5,0.6666666666666666,,2,0,0,,,,,0,,,,,0,0,0,,0
"Collection","/collections/irontech-doll",3,3,0,0,0,0,72,,0,0,0,461,24,0,,0,3,3,0,0,0,0,72,,0,0,0,461,24,0,,0,0,0,,,,,0,,,,,0,0,,,
"Collection","/collections/latina-sex-dolls",3,3,0,0,0,0,3,,0,0,0,0,1,1,,3,3,3,0,0,0,0,3,,0,0,0,0,1,1,,3,0,0,,,,,0,,,,,,0,0,,0
,"/en-ca/collections/mini-sex-doll-torso",3,3,0,0,0,0,5,,0,0,0,111,1.6666666666666667,0.3333333333333333,,1,3,3,0,0,0,0,5,,0,0,0,111,1.6666666666666667,0.3333333333333333,,1,0,0,,,,,0,,,,,0,0,0,,0
"Product","/products/f9267-161cm5ft3-h-cup-huge-breast-adult-silicone-sex-doll-bbw-starpery-doll",3,3,0,0,0,0,3,,0,0,0,0,1,1,,3,3,3,0,0,0,0,3,,0,0,0,0,1,1,,3,0,0,,,,,0,,,,,,0,0,,0
"Product","/products/t431-73-68lb-hailey-life-size-latina-silicone-sex-doll-torso-with-head-in-stock-usa-europe-canada-max",3,3,0,0,0,0,16,,0,0,0,469,5.333333333333333,0.6666666666666666,,2,3,3,0,0,0,0,16,,0,0,0,469,5.333333333333333,0.6666666666666666,,2,0,0,,,,,0,,,,,0,0,0,,0
"Blog Article","/blogs/dolls-info-qustions/new-sigafun-series-officially-released-every-model-is-irresistible",3,3,0,0,0,0,3,,0,0,0,0,1,1,,3,3,3,0,0,0,0,3,,0,0,0,0,1,1,,3,0,0,,,,,0,,,,,,0,0,,0
,"/en-fi",3,3,0,0,0,0,16,,0,0,0,213.33333333333334,5.333333333333333,0,,0,3,3,0,0,0,0,16,,0,0,0,213.33333333333334,5.333333333333333,0,,0,0,0,,,,,0,,,,,0,0,,,
"Product","/products/v324-silicone-ultra-realistic-foot-toy-with-veins-and-wrinkles",3,3,0,0,0,0,5,,0,0,0,80.66666666666667,1.6666666666666667,0.3333333333333333,,1,3,3,0,0,0,0,5,,0,0,0,80.66666666666667,1.6666666666666667,0.3333333333333333,,1,0,0,,,,,0,,,,,0,0,0,,0
"Blog Article","/blogs/dolls-info-qustions/sex-doll-shops-in-la",3,3,0,0,0,0,5,,0,0,0,41.333333333333336,1.6666666666666667,0.6666666666666666,,2,3,3,0,0,0,0,5,,0,0,0,41.333333333333336,1.6666666666666667,0.6666666666666666,,2,0,0,,,,,0,,,,,0,0,0,,0
,"/en-ca/products/f4759-175cm5ft9-69kg-x-cup-huge-breast-fat-ass-tpe-fat-ssbbw-sex-doll-castle-doll",2,3,0,0,0,0,4,,0,0,0,24.333333333333332,1.3333333333333333,0.6666666666666666,,2,2,3,0,0,0,0,4,,0,0,0,24.333333333333332,1.3333333333333333,0.6666666666666666,,2,0,0,,,,,0,,,,,0,0,0,,0
"Collection","/collections/duomeishi",3,3,0,0,0,0,11,,0,0,0,87.33333333333333,3.6666666666666665,0.3333333333333333,,1,3,3,0,0,0,0,11,,0,0,0,87.33333333333333,3.6666666666666665,0.3333333333333333,,1,0,0,,,,,0,,,,,0,0,0,,0
"Blog Article","/blogs/dolls-info-qustions/how-to-use-a-sex-doll-head-to-enhance-intimacy-and-physical-mental-well-being",2,3,0,0,0,0,15,,0,0,0,517,5,0.3333333333333333,,1,2,3,0,0,0,0,15,,0,0,0,517,5,0.3333333333333333,,1,0,0,,,,,0,,,,,0,0,0,,0
"Product","/products/f2169-157cm5-15ft-35kg-c-cup-meru-fantasy-alien-silicone-hentai-sex-doll%E4%B8%A8climax-doll-ultra",3,3,0,0,0,0,10,,0,0,0,255.33333333333334,3.3333333333333335,0.3333333333333333,,1,3,3,0,0,0,0,10,,0,0,0,255.33333333333334,3.3333333333333335,0.3333333333333333,,1,0,0,,,,,0,,,,,0,0,0,,0
"Blog Article","/blogs/dolls-info-qustions/how-to-properly-use-chinese-sex-dolls-a-comprehensive-guide",3,3,0,0,0,0,5,,0,0,0,3,1.6666666666666667,0.3333333333333333,,1,3,3,0,0,0,0,5,,0,0,0,3,1.6666666666666667,0.3333333333333333,,1,0,0,,,,,0,,,,,0,0,0,,0
"Product","/products/products-a684-big-booty-ssbbw-gel-41-8lb-realistic-torso",3,3,0,0,0,0,6,,0,0,0,20.666666666666668,2,0.6666666666666666,,2,3,3,0,0,0,0,6,,0,0,0,20.666666666666668,2,0.6666666666666666,,2,0,0,,,,,0,,,,,0,0,0,,0
"Product","/products/v332-ultra-soft-silicone-foot-with-real-feel-texture-for-foot-fetish",3,3,0,0,0,0,7,,0,0,0,61,2.3333333333333335,0.6666666666666666,,2,3,3,0,0,0,0,7,,0,0,0,61,2.3333333333333335,0.6666666666666666,,2,0,0,,,,,0,,,,,0,0,0,,0
"Blog Article","/blogs/dolls-info-qustions/complete-guide-to-installing-male-sex-doll-penises-3-simple-methods",3,3,0,0,0,0,4,,0,0,0,7.666666666666667,1.3333333333333333,0.6666666666666666,,2,3,3,0,0,0,0,4,,0,0,0,7.666666666666667,1.3333333333333333,0.6666666666666666,,2,0,0,,,,,0,,,,,0,0,0,,0
,"/en-ca/blogs/dolls-info-qustions/gentlemans-paradise-exploring-nsfw-anime-figures-and-sex-dolls",3,3,0,0,0,0,4,,0,0,0,33.333333333333336,1.3333333333333333,0.6666666666666666,,2,3,3,0,0,0,0,4,,0,0,0,33.333333333333336,1.3333333333333333,0.6666666666666666,,2,0,0,,,,,0,,,,,0,0,0,,0
,"/en-ca/collections/anime-pocket-pussy",3,3,0,0,0,0,4,,0,0,0,9.666666666666666,1.3333333333333333,0.6666666666666666,,2,3,3,0,0,0,0,4,,0,0,0,9.666666666666666,1.3333333333333333,0.6666666666666666,,2,0,0,,,,,0,,,,,0,0,0,,0
"Blog Article","/blogs/dolls-info-qustions/sex-doll-ass-sexier",3,3,0,0,0,0,3,,0,0,0,0,1,1,,3,3,3,0,0,0,0,3,,0,0,0,0,1,1,,3,0,0,,,,,0,,,,,,0,0,,0
"Product","/products/f2387-163cm5-3ft-53kg-g-cup-s6-great-doggy-style-huge-butt-silicone-head-realistic-sex-doll-2025%E4%B8%A8sy-doll",3,3,0,0,0,0,4,,0,0,0,3.6666666666666665,1.3333333333333333,0.6666666666666666,,2,3,3,0,0,0,0,4,,0,0,0,3.6666666666666665,1.3333333333333333,0.6666666666666666,,2,0,0,,,,,0,,,,,0,0,0,,0
"Product","/products/h417-ros-free-hair-impants-real-oral-movable-jaw-silicone-sex-doll-head-sy-doll",2,3,0,0,0,0,15,,0,0,0,389.6666666666667,5,0.3333333333333333,,1,2,3,0,0,0,0,15,,0,0,0,389.6666666666667,5,0.3333333333333333,,1,0,0,,,,,0,,,,,0,0,0,,0
"Product","/products/f4249-160cm5-3ft-38kg-i-cup-anime-tpe-hentai-sex-doll%E4%B8%A8wm-doll",1,3,0,0,0,0,3,,0,0,0,0,1,1,,3,1,3,0,0,0,0,3,,0,0,0,0,1,1,,3,0,0,,,,,0,,,,,,0,0,,0
"Product","/products/t454-20-74lb-silicone-realistic-mini-sex-doll-torso-lovenestle",3,3,0,0,0,0,5,,0,0,0,24.666666666666668,1.6666666666666667,0.6666666666666666,,2,3,3,0,0,0,0,5,,0,0,0,24.666666666666668,1.6666666666666667,0.6666666666666666,,2,0,0,,,,,0,,,,,0,0,0,,0
"Collection","/collections/anime-sex-doll-heads",2,3,0,0,0,0,17,,0,0,0,188,5.666666666666667,0.3333333333333333,,1,2,3,0,0,0,0,17,,0,0,0,188,5.666666666666667,0.3333333333333333,,1,0,0,,,,,0,,,,,0,0,0,,0
"Collection","/collections/big-ass-sex-doll-2000",3,3,0,0,0,0,5,,0,0,0,8.666666666666666,1.6666666666666667,0.6666666666666666,,2,3,3,0,0,0,0,5,,0,0,0,8.666666666666666,1.6666666666666667,0.6666666666666666,,2,0,0,,,,,0,,,,,0,0,0,,0
,"/en-ca/products/f9330-150cm-4ft9-41kg-b-cup-ros-silicone-head-shemale-doll-hot-sex-doll-castle",2,3,0,0,0,0,5,,0,0,0,17,1.6666666666666667,0.6666666666666666,,2,2,3,0,0,0,0,5,,0,0,0,17,1.6666666666666667,0.6666666666666666,,2,0,0,,,,,0,,,,,0,0,0,,0
"Product","/products/f2319-sy-163cm-g-cup-super-fat-bbw-life-size-sex-doll",3,3,0,0,0,0,9,,0,0,0,125,3,0.3333333333333333,,1,3,3,0,0,0,0,9,,0,0,0,125,3,0.3333333333333333,,1,0,0,,,,,0,,,,,0,0,0,,0
,"/en-ca/collections/sex-doll-anal",3,3,0,0,0,0,3,,0,0,0,0,1,1,,3,3,3,0,0,0,0,3,,0,0,0,0,1,1,,3,0,0,,,,,0,,,,,,0,0,,0
"Product","/products/f8000-150cm-5ft-27-5kg-silicone-anime-hentai-sex-doll-elsa-babe",3,3,0,0,0,0,3,,0,0,0,0,1,1,,3,3,3,0,0,0,0,3,,0,0,0,0,1,1,,3,0,0,,,,,0,,,,,,0,0,,0
"Collection","/collections/cst-doll",3,3,0,0,0,0,18,,0,0,0,254.33333333333334,6,0.6666666666666666,,2,3,3,0,0,0,0,18,,0,0,0,254.33333333333334,6,0.6666666666666666,,2,0,0,,,,,0,,,,,0,0,0,,0
"Product","/collections/sex-doll-torso/products/test-501-25-3lb-45cm-life-sized-and-realistic-bbw-sex-doll-torso",3,3,0,0,0,0,5,,0,0,0,42,1.6666666666666667,0.3333333333333333,,1,3,3,0,0,0,0,5,,0,0,0,42,1.6666666666666667,0.3333333333333333,,1,0,0,,,,,0,,,,,0,0,0,,0
"Blog Article","/blogs/dolls-info-qustions/%F0%9F%92%A1-the-ultimate-guide-to-tantaly-revolutionary-sex-dolls-that-redefine-pleasure",3,3,1,0,0,0,10,,0.3333333333333333,0,0,78,3.3333333333333335,0.3333333333333333,,1,3,3,1,0,0,0,10,,0.3333333333333333,0,0,78,3.3333333333333335,0.3333333333333333,,1,0,0,0,,,,0,,0,,,0,0,0,,0
"Product","/products/f8538-161cm-39-6kg-ros-silicone-head-tpe-body-full-size-adult-sex-doll-ginny-in-stock-usa-ridmii",1,3,0,0,0,0,47,,0,0,0,712.6666666666666,15.666666666666666,0,,0,1,3,0,0,0,0,47,,0,0,0,712.6666666666666,15.666666666666666,0,,0,0,0,,,,,0,,,,,0,0,,,
"Collection","/collections/anime-elf-sex-doll",3,3,0,0,0,0,10,,0,0,0,198,3.3333333333333335,0.6666666666666666,,2,3,3,0,0,0,0,10,,0,0,0,198,3.3333333333333335,0.6666666666666666,,2,0,0,,,,,0,,,,,0,0,0,,0
"Product","/products/v24-silicone-fleshlight-foot-with-toe-detail-and-soft-insert-tunnel",2,3,0,0,0,0,9,,0,0,0,380.6666666666667,3,0.3333333333333333,,1,2,3,0,0,0,0,9,,0,0,0,380.6666666666667,3,0.3333333333333333,,1,0,0,,,,,0,,,,,0,0,0,,0
"Blog Article","/blogs/complete-sex-doll-guide-for-beginners/tpe-vs-silicone-a-guide-to-sex-doll-material-selection",3,3,0,0,0,0,3,,0,0,0,0,1,1,,3,3,3,0,0,0,0,3,,0,0,0,0,1,1,,3,0,0,,,,,0,,,,,,0,0,,0
"Collection","/collections/new-sex-dolls-2023-05",3,3,0,0,0,0,12,,0,0,0,87,4,0,,0,3,3,0,0,0,0,12,,0,0,0,87,4,0,,0,0,0,,,,,0,,,,,0,0,,,
"Collection","/collections/blonde-sex-dolls",3,3,0,0,0,0,4,,0,0,0,22,1.3333333333333333,0.6666666666666666,,2,3,3,0,0,0,0,4,,0,0,0,22,1.3333333333333333,0.6666666666666666,,2,0,0,,,,,0,,,,,0,0,0,,0
"Blog Article","/blogs/dolls-info-qustions/foot-smother-a-guide-to-safe-and-sensual-play",3,3,0,0,0,0,4,,0,0,0,107.33333333333333,1.3333333333333333,0.6666666666666666,,2,3,3,0,0,0,0,4,,0,0,0,107.33333333333333,1.3333333333333333,0.6666666666666666,,2,0,0,,,,,0,,,,,0,0,0,,0
"Collection","/collections/fantasy-sex-doll-heads",2,3,0,0,0,0,4,,0,0,0,0.3333333333333333,1.3333333333333333,0.6666666666666666,,2,2,3,0,0,0,0,4,,0,0,0,0.3333333333333333,1.3333333333333333,0.6666666666666666,,2,0,0,,,,,0,,,,,0,0,0,,0
"Product","/products/a303-silicone-big-butt-torso-lightweight-realistic-vagina",3,3,0,0,0,0,6,,0,0,0,45,2,0.3333333333333333,,1,3,3,0,0,0,0,6,,0,0,0,45,2,0.3333333333333333,,1,0,0,,,,,0,,,,,0,0,0,,0
,"/en-ca/products/f5992-166cm5-4ft-33kg-c-cup-tpe-sex-doll%E4%B8%A8sy-doll",3,3,0,0,0,0,5,,0,0,0,21,1.6666666666666667,0.6666666666666666,,2,3,3,0,0,0,0,5,,0,0,0,21,1.6666666666666667,0.6666666666666666,,2,0,0,,,,,0,,,,,0,0,0,,0
,"/de/collections/erovenus-sex-doll",3,3,0,0,0,0,5,,0,0,0,354.3333333333333,1.6666666666666667,0.3333333333333333,,1,3,3,0,0,0,0,5,,0,0,0,354.3333333333333,1.6666666666666667,0.3333333333333333,,1,0,0,,,,,0,,,,,0,0,0,,0
"Product","/products/f2384a-163cm5-3ft-70kg-53kg-g-cup-s6-best-big-ass-silicone-head-real-bbw-sex-doll-booty-2025%E4%B8%A8sy-doll",3,3,0,0,0,0,7,,0,0,0,49.666666666666664,2.3333333333333335,0.3333333333333333,,1,3,3,0,0,0,0,7,,0,0,0,49.666666666666664,2.3333333333333335,0.3333333333333333,,1,0,0,,,,,0,,,,,0,0,0,,0
"Product","/products/t946-86cm-3ft-22-5kg-k-cup-sle-bbw-sex-doll-torso-with-headzelex-sle-2-0-in-stock-usa-canada-zelex-doll",3,3,0,0,0,0,11,,0,0,0,398.3333333333333,3.6666666666666665,0.3333333333333333,,1,3,3,0,0,0,0,11,,0,0,0,398.3333333333333,3.6666666666666665,0.3333333333333333,,1,0,0,,,,,0,,,,,0,0,0,,0
"Product","/products/f744-asian-realistic-sex-doll-with-ros-head-top-cydol",3,3,0,0,0,0,3,,0,0,0,0.6666666666666666,1,1,,3,3,3,0,0,0,0,3,,0,0,0,0.6666666666666666,1,1,,3,0,0,,,,,0,,,,,0,0,0,,0
,"/en-ca/products/f6137-160cm-5-2ft-36kg-c-cup-tpe-silicone-head-sex-doll-sy-doll",3,3,0,0,0,0,4,,0,0,0,24,1.3333333333333333,0.6666666666666666,,2,3,3,0,0,0,0,4,,0,0,0,24,1.3333333333333333,0.6666666666666666,,2,0,0,,,,,0,,,,,0,0,0,,0
"Product","/products/p98-0-84lb-muscle-with-tail-anime-fake-pussy-silicone-hentai-figure-sex-doll-mrl",3,3,0,0,0,0,5,,0,0,0,12.666666666666666,1.6666666666666667,0.6666666666666666,,2,3,3,0,0,0,0,5,,0,0,0,12.666666666666666,1.6666666666666667,0.6666666666666666,,2,0,0,,,,,0,,,,,0,0,0,,0
"Collection","/collections/climax-doll-videos",3,3,0,0,0,0,16,,0,0,0,60.333333333333336,5.333333333333333,0.3333333333333333,,1,3,3,0,0,0,0,16,,0,0,0,60.333333333333336,5.333333333333333,0.3333333333333333,,1,0,0,,,,,0,,,,,0,0,0,,0
"Product","/products/f2463-163cm5-3ft-40kg-c-cup-sydney-realistic-silicone-head-sex-doll-in-stock-us-sigafun-doll",3,3,0,0,0,0,3,,0,0,0,0,1,1,,3,3,3,0,0,0,0,3,,0,0,0,0,1,1,,3,0,0,,,,,0,,,,,,0,0,,0
"Product","/products/f5659-175cm-5ft7-e-cup-movable-jaws-silicone-sex-doll-inspiration-zelex-doll",2,3,0,0,0,0,13,,0,0,0,1031.6666666666667,4.333333333333333,0,,0,2,3,0,0,0,0,13,,0,0,0,1031.6666666666667,4.333333333333333,0,,0,0,0,,,,,0,,,,,0,0,,,
"Product","/products/52416-8lb-54cm-charming-abs-and-big-hard-cock-boys-male-sex-dolls-torso-for-women",2,3,0,0,0,0,5,,0,0,0,393.3333333333333,1.6666666666666667,0.3333333333333333,,1,2,3,0,0,0,0,5,,0,0,0,393.3333333333333,1.6666666666666667,0.3333333333333333,,1,0,0,,,,,0,,,,,0,0,0,,0
"Product","/products/f8505-164cm-37kg-silicone-life-size-implanted-hair-sex-doll-adult-female-sex-doll-kaya-in-stock-usa-ridmii",3,3,0,0,0,0,5,,0,0,0,455.6666666666667,1.6666666666666667,0.6666666666666666,,2,3,3,0,0,0,0,5,,0,0,0,455.6666666666667,1.6666666666666667,0.6666666666666666,,2,0,0,,,,,0,,,,,0,0,0,,0
"Product","/products/t442-91-93lb-silicone-big-booty-life-sex-doll-torso-lovenestle",3,3,1,0,0,0,14,,0.3333333333333333,0,0,179,4.666666666666667,0.6666666666666666,,2,3,3,1,0,0,0,14,,0.3333333333333333,0,0,179,4.666666666666667,0.6666666666666666,,2,0,0,0,,,,0,,0,,,0,0,0,,0
"Product","/products/f9363-walrus-mini-hentai-figure-silicone-sex-doll",3,3,0,0,0,0,10,,0,0,0,276.6666666666667,3.3333333333333335,0.6666666666666666,,2,3,3,0,0,0,0,10,,0,0,0,276.6666666666667,3.3333333333333335,0.6666666666666666,,2,0,0,,,,,0,,,,,0,0,0,,0
,"/en-ca/collections/best-seller-sex-dolls-under-200",3,3,0,0,0,0,7,,0,0,0,124,2.3333333333333335,0.3333333333333333,,1,3,3,0,0,0,0,7,,0,0,0,124,2.3333333333333335,0.3333333333333333,,1,0,0,,,,,0,,,,,0,0,0,,0
"Blog Article","/blogs/dolls-info-qustions/lesbian-beginners-guide-how-to-use-lesbian-sex-dolls",3,3,0,0,0,0,4,,0,0,0,22,1.3333333333333333,0.6666666666666666,,2,3,3,0,0,0,0,4,,0,0,0,22,1.3333333333333333,0.6666666666666666,,2,0,0,,,,,0,,,,,0,0,0,,0
"Product","/products/products-climax-doll-bbw-big-butt-black-gel-27-5lb-realistic-torso",3,3,0,0,0,0,5,,0,0,0,43.333333333333336,1.6666666666666667,0.6666666666666666,,2,3,3,0,0,0,0,5,,0,0,0,43.333333333333336,1.6666666666666667,0.6666666666666666,,2,0,0,,,,,0,,,,,0,0,0,,0
"Product","/products/climax-doll-lightweight-torso-80cm-t735",3,3,0,0,0,0,13,,0,0,0,263.6666666666667,4.333333333333333,0.3333333333333333,,1,3,3,0,0,0,0,13,,0,0,0,263.6666666666667,4.333333333333333,0.3333333333333333,,1,0,0,,,,,0,,,,,0,0,0,,0
"Blog Article","/blogs/featured-blog/how-to-properly-dry-the-sex-doll-torso-keep-her-body-vagina-anus-fresh-and-clean",3,3,0,0,0,0,3,,0,0,0,0,1,1,,3,3,3,0,0,0,0,3,,0,0,0,0,1,1,,3,0,0,,,,,0,,,,,,0,0,,0
"Product","/products/f1929k-164cm5ft4-g-cup-hazel-life-size-sex-doll-irontech-doll",1,3,0,0,0,0,17,,0,0,0,270,5.666666666666667,0.3333333333333333,,1,1,3,0,0,0,0,17,,0,0,0,270,5.666666666666667,0.3333333333333333,,1,0,0,,,,,0,,,,,0,0,0,,0
,"/en-ca/collections/silicone-pocket-pussy",2,3,0,0,0,0,11,,0,0,0,186.66666666666666,3.6666666666666665,0.3333333333333333,,1,2,3,0,0,0,0,11,,0,0,0,186.66666666666666,3.6666666666666665,0.3333333333333333,,1,0,0,,,,,0,,,,,0,0,0,,0
,"/en-ca/collections/halloween-sex-doll",3,3,0,0,0,0,11,,0,0,0,329.6666666666667,3.6666666666666665,0.3333333333333333,,1,3,3,0,0,0,0,11,,0,0,0,329.6666666666667,3.6666666666666665,0.3333333333333333,,1,0,0,,,,,0,,,,,0,0,0,,0
,"/en-ca/collections/black-torso-sex-dolls",3,3,0,0,0,0,7,,0,0,0,53,2.3333333333333335,0.3333333333333333,,1,3,3,0,0,0,0,7,,0,0,0,53,2.3333333333333335,0.3333333333333333,,1,0,0,,,,,0,,,,,0,0,0,,0
"Blog Article","/blogs/dolls-info-qustions/why-do-female-characters-in-anime-often-have-exaggeratedly-large-breasts",3,3,0,0,0,0,7,,0,0,0,89.66666666666667,2.3333333333333335,0.6666666666666666,,2,3,3,0,0,0,0,7,,0,0,0,89.66666666666667,2.3333333333333335,0.6666666666666666,,2,0,0,,,,,0,,,,,0,0,0,,0
"Product","/products/f555-161cm-bbw-sex-doll-silicone-starpery",3,3,0,0,0,0,13,,0,0,0,109.33333333333333,4.333333333333333,0.6666666666666666,,2,3,3,0,0,0,0,13,,0,0,0,109.33333333333333,4.333333333333333,0.6666666666666666,,2,0,0,,,,,0,,,,,0,0,0,,0
"Product","/products/a423-17-6lb-silicone-butt-sexy-and-real-realistic-big-ass-sex-doll-torso",3,3,0,0,0,0,3,,0,0,0,0,1,1,,3,3,3,0,0,0,0,3,,0,0,0,0,1,1,,3,0,0,,,,,0,,,,,,0,0,,0
"Collection","/collections/new-arrivals-sex-doll",3,3,0,0,0,0,78,,0,0,0,1935.3333333333333,26,0,,0,3,3,0,0,0,0,78,,0,0,0,1935.3333333333333,26,0,,0,0,0,,,,,0,,,,,0,0,,,
"Product","/products/f2457-164cm5-4ft-39kg-g-cup-life-size-silicone-head-sex-doll-in-stock-us-sigafun-doll",3,3,0,0,0,0,10,,0,0,0,161,3.3333333333333335,0.3333333333333333,,1,3,3,0,0,0,0,10,,0,0,0,161,3.3333333333333335,0.3333333333333333,,1,0,0,,,,,0,,,,,0,0,0,,0
"Blog Article","/blogs/sex-doll-torso-blog/8-best-sex-doll-torsos-with-heads",3,3,0,0,0,0,18,,0,0,0,60.333333333333336,6,0.3333333333333333,,1,3,3,0,0,0,0,18,,0,0,0,60.333333333333336,6,0.3333333333333333,,1,0,0,,,,,0,,,,,0,0,0,,0
"Collection","/collections/breast-vagina",3,3,0,0,0,0,4,,0,0,0,1.6666666666666667,1.3333333333333333,0.6666666666666666,,2,3,3,0,0,0,0,4,,0,0,0,1.6666666666666667,1.3333333333333333,0.6666666666666666,,2,0,0,,,,,0,,,,,0,0,0,,0
"Product","/products/lightweight-ass-toy-silicone-8-5lb-a805",3,3,0,0,0,0,4,,0,0,0,421.3333333333333,1.3333333333333333,0.6666666666666666,,2,3,3,0,0,0,0,4,,0,0,0,421.3333333333333,1.3333333333333333,0.6666666666666666,,2,0,0,,,,,0,,,,,0,0,0,,0
"Collection","/collections/mini-torso-alien",3,3,0,0,0,0,9,,0,0,0,119,3,0,,0,3,3,0,0,0,0,9,,0,0,0,119,3,0,,0,0,0,,,,,0,,,,,0,0,,,
"Product","/products/f6142-150cm4-9ft-28kg-d-cup-silicone-sex-doll%E4%B8%A8rosretty-doll",2,3,0,0,0,0,6,,0,0,0,189.33333333333334,2,0.6666666666666666,,2,2,3,0,0,0,0,6,,0,0,0,189.33333333333334,2,0.6666666666666666,,2,0,0,,,,,0,,,,,0,0,0,,0
"Collection","/collections/best-sellers-in-pussy",3,3,0,0,0,0,9,,0,0,0,74.33333333333333,3,0.6666666666666666,,2,3,3,0,0,0,0,9,,0,0,0,74.33333333333333,3,0.6666666666666666,,2,0,0,,,,,0,,,,,0,0,0,,0
,"/de/collections/all",3,3,0,0,0,0,4,,0,0,0,26.333333333333332,1.3333333333333333,0.6666666666666666,,2,3,3,0,0,0,0,4,,0,0,0,26.333333333333332,1.3333333333333333,0.6666666666666666,,2,0,0,,,,,0,,,,,0,0,0,,0
"Blog Article","/blogs/dolls-info-qustions/would-you-put-a-dildo-on-your-sex-doll",2,2,0,0,0,0,2,,0,0,0,0,1,1,,2,2,2,0,0,0,0,2,,0,0,0,0,1,1,,2,0,0,,,,,0,,,,,,0,0,,0
,"/en-fi/products/t502-big-boobs-sex-torso-21lb-tpe-round-ass",2,2,0,0,0,0,2,,0,0,0,0,1,1,,2,2,2,0,0,0,0,2,,0,0,0,0,1,1,,2,0,0,,,,,0,,,,,,0,0,,0
"Product","/products/f1246-164cm-f-cup-hedy-big-boobs-doll-irontech-doll",2,2,0,0,0,0,2,,0,0,0,0,1,1,,2,2,2,0,0,0,0,2,,0,0,0,0,1,1,,2,0,0,,,,,0,,,,,,0,0,,0
,"/de/collections/enchanting-delights-2024-top-real-sex-doll-recommendations",2,2,0,0,0,0,2,,0,0,0,0,1,1,,2,2,2,0,0,0,0,2,,0,0,0,0,1,1,,2,0,0,,,,,0,,,,,,0,0,,0
"Collection","/collections/600-999",1,2,0,0,0,0,4,,0,0,0,108.5,2,0,,0,1,2,0,0,0,0,4,,0,0,0,108.5,2,0,,0,0,0,,,,,0,,,,,0,0,,,
"Product","/products/f6340-168cm-35kg-f-cup-silicone-doll-ros-head",1,2,0,0,0,0,16,,0,0,0,314.5,8,0.5,,1,1,2,0,0,0,0,16,,0,0,0,314.5,8,0.5,,1,0,0,,,,,0,,,,,0,0,0,,0
"Product","/products/592-67lb-75cm-bbw-sex-doll-torso-big-tits-big-ass-sex-doll-torso",2,2,0,0,0,0,4,,0,0,0,564.5,2,0.5,,1,2,2,0,0,0,0,4,,0,0,0,564.5,2,0.5,,1,0,0,,,,,0,,,,,0,0,0,,0
,"/en-ca/products/f8101-165cm5-5ft-47kg-e-cup-ss203-ros-full-size-s-tpe-silicone-head-sex-doll%E4%B8%A8wm-doll",1,2,0,0,0,0,47,,0,0,0,2299,23.5,0.5,,1,1,2,0,0,0,0,47,,0,0,0,2299,23.5,0.5,,1,0,0,,,,,0,,,,,0,0,0,,0
"Product","/products/562-fat-ass-torso-doll-silicone-ass",2,2,0,0,0,0,3,,0,0,0,23,1.5,0.5,,1,2,2,0,0,0,0,3,,0,0,0,23,1.5,0.5,,1,0,0,,,,,0,,,,,0,0,0,,0
"Product","/products/f5998-175cm-5ft9-49kg-full-size-hair-transplant-ros-sex-with-silicone-male-sex-doll-qita-doll",2,2,0,0,0,0,5,,0,0,0,165,2.5,0.5,,1,2,2,0,0,0,0,5,,0,0,0,165,2.5,0.5,,1,0,0,,,,,0,,,,,0,0,0,,0
"Product","/products/h677-silicone-sex-doll-head-real-lady-doll",2,2,0,0,0,0,4,,0,0,0,38,2,0.5,,1,2,2,0,0,0,0,4,,0,0,0,38,2,0.5,,1,0,0,,,,,0,,,,,0,0,0,,0
,"/de/collections/monster-hentai-sex-doll",2,2,0,0,0,0,11,,0,0,0,131.5,5.5,0,,0,2,2,0,0,0,0,11,,0,0,0,131.5,5.5,0,,0,0,0,,,,,0,,,,,0,0,,,
,"/de/blogs/dolls-info-qustions/4-tips-for-oral-sex-with-blow-job-dolls-to-enhance-your-sexual-experience",1,2,0,0,0,0,2,,0,0,0,0,1,1,,2,1,2,0,0,0,0,2,,0,0,0,0,1,1,,2,0,0,,,,,0,,,,,,0,0,,0
"Product","/products/f2123-wm-172cm-d-cup-latina-life-sized-sex-dolls",2,2,0,0,0,0,2,,0,0,0,0,1,1,,2,2,2,0,0,0,0,2,,0,0,0,0,1,1,,2,0,0,,,,,0,,,,,,0,0,,0
"Product","/products/v325-foot-worship-silicone-doll-with-wrinkled-soles-and-arch-curve",2,2,0,0,0,0,6,,0,0,0,26.5,3,0,,0,2,2,0,0,0,0,6,,0,0,0,26.5,3,0,,0,0,0,,,,,0,,,,,0,0,,,
"Blog Article","/blogs/dolls-info-qustions/2-in-1-ai-sex-doll-experience-motorized-hip-movement-and-vaginal-suction-combined",2,2,0,0,0,0,3,,0,0,0,3.5,1.5,0.5,,1,2,2,0,0,0,0,3,,0,0,0,3.5,1.5,0.5,,1,0,0,,,,,0,,,,,0,0,0,,0
"Collection","/collections/black-hair-sex-doll",2,2,0,0,0,0,4,,0,0,0,12.5,2,0.5,,1,2,2,0,0,0,0,4,,0,0,0,12.5,2,0.5,,1,0,0,,,,,0,,,,,0,0,0,,0
"Product","/products/f4246-150cm4-9ft-25kg-a-cup-anime-tpe-hentai-sex-doll%E4%B8%A8wm-doll",2,2,0,0,0,0,38,,0,0,0,1046.5,19,0.5,,1,2,2,0,0,0,0,38,,0,0,0,1046.5,19,0.5,,1,0,0,,,,,0,,,,,0,0,0,,0
"Product","/products/f8095-150cm-5ft-27-5kg-japanese-anime-silicone-sex-doll-elsa-babe",1,2,0,0,0,0,9,,0,0,0,242.5,4.5,0.5,,1,1,2,0,0,0,0,9,,0,0,0,242.5,4.5,0.5,,1,0,0,,,,,0,,,,,0,0,0,,0
"Product","/products/590-sex-doll-torso",2,2,0,0,0,0,6,,0,0,0,335,3,0.5,,1,2,2,0,0,0,0,6,,0,0,0,335,3,0.5,,1,0,0,,,,,0,,,,,0,0,0,,0
"Product","/products/f7137-155mcm5-12ft-34-5kg-2-1-i-cup-robot-silicone-head-adult-asian-sex-doll-bezlya-doll",2,2,0,0,0,0,26,,0,0,0,950.5,13,0,,0,2,2,0,0,0,0,26,,0,0,0,950.5,13,0,,0,0,0,,,,,0,,,,,0,0,,,
"Blog Article","/blogs/dolls-info-qustions/elevate-your-experience-popular-ai-girlfriend-software-to-enhance-your-connection-with-sex-dolls",2,2,0,0,0,0,5,,0,0,0,21,2.5,0,,0,2,2,0,0,0,0,5,,0,0,0,21,2.5,0,,0,0,0,,,,,0,,,,,0,0,,,
"Product","/products/f4871-162cm-5ft2-40kg-x-cup-bbs-ssbbw-sex-doll-body-weight-loss-starpery-doll",1,2,0,0,0,0,4,,0,0,0,39,2,0.5,,1,1,2,0,0,0,0,4,,0,0,0,39,2,0.5,,1,0,0,,,,,0,,,,,0,0,0,,0
"Collection","/collections/ridmii-doll",2,2,0,0,0,0,2,,0,0,0,0,1,1,,2,2,2,0,0,0,0,2,,0,0,0,0,1,1,,2,0,0,,,,,0,,,,,,0,0,,0
"Collection","/collections/azm-doll",2,2,0,0,0,0,5,,0,0,0,33.5,2.5,0.5,,1,2,2,0,0,0,0,5,,0,0,0,33.5,2.5,0.5,,1,0,0,,,,,0,,,,,0,0,0,,0
"Collection","/collections/lifesize",2,2,0,0,0,0,2,,0,0,0,0,1,1,,2,2,2,0,0,0,0,2,,0,0,0,0,1,1,,2,0,0,,,,,0,,,,,,0,0,,0
"Collection","/collections/se-doll",2,2,0,0,0,0,7,,0,0,0,139,3.5,0,,0,2,2,0,0,0,0,7,,0,0,0,139,3.5,0,,0,0,0,,,,,0,,,,,0,0,,,
"Product","/products/f5956-165cm5ft4-35kg-b-cup-silicone-ros-flat-chest-asian-celebrity-sex-doll%E4%B8%A8doll-senior",2,2,0,0,0,0,5,,0,0,0,220,2.5,0.5,,1,2,2,0,0,0,0,5,,0,0,0,220,2.5,0.5,,1,0,0,,,,,0,,,,,0,0,0,,0
,"/en-ca/blogs/featured-blog/the-ultimate-guide-to-cleaning-powered-sex-dolls-keep-your-toy-safe-clean-and-fully-functional",2,2,0,0,0,0,2,,0,0,0,0,1,1,,2,2,2,0,0,0,0,2,,0,0,0,0,1,1,,2,0,0,,,,,0,,,,,,0,0,,0
,"/de/collections/ass-mini-male-sex-doll",2,2,0,0,0,0,4,,0,0,0,4,2,0,,0,2,2,0,0,0,0,4,,0,0,0,4,2,0,,0,0,0,,,,,0,,,,,0,0,,,
,"/en-ca/products/f9010-157cm-5ft1-29kg-b-cup-realistic-skinny-tpe-sex-doll-sy-doll",2,2,0,0,0,0,7,,0,0,0,141.5,3.5,0.5,,1,2,2,0,0,0,0,7,,0,0,0,141.5,3.5,0.5,,1,0,0,,,,,0,,,,,0,0,0,,0
,"/de/collections/sex-doll-torso",2,2,0,0,0,0,3,,0,0,0,12.5,1.5,0.5,,1,2,2,0,0,0,0,3,,0,0,0,12.5,1.5,0.5,,1,0,0,,,,,0,,,,,0,0,0,,0
"Product","/products/t717-44-1lb-25-2in-bbw-silicone-sex-doll-torso",2,2,0,0,0,0,5,,0,0,0,2,2.5,0,,0,2,2,0,0,0,0,5,,0,0,0,2,2.5,0,,0,0,0,,,,,0,,,,,0,0,,,
"Product","/products/h422-ros-free-hair-impants-real-oral-movable-jaw-silicone-sex-doll-head-sy-doll",1,2,0,0,0,0,2,,0,0,0,0,1,1,,2,1,2,0,0,0,0,2,,0,0,0,0,1,1,,2,0,0,,,,,0,,,,,,0,0,,0
"Collection","/collections/all/big-ass",2,2,0,0,0,0,3,,0,0,0,24,1.5,0.5,,1,2,2,0,0,0,0,3,,0,0,0,24,1.5,0.5,,1,0,0,,,,,0,,,,,0,0,0,,0
,"/en-fi/blogs/featured-blog/how-to-diy-an-sex-doll-you",2,2,0,0,0,0,2,,0,0,0,0,1,1,,2,2,2,0,0,0,0,2,,0,0,0,0,1,1,,2,0,0,,,,,0,,,,,,0,0,,0
"Blog Article","/blogs/dolls-info-qustions/buy-your-sex-doll-now-by-afterpaypay-in-4",2,2,1,1,1,0.5,59,1,0.5,0.5,1,1867,29.5,0,1,0,2,2,1,1,1,0.5,59,1,0.5,0.5,1,1867,29.5,0,1,0,0,0,0,0,0,0,0,0,0,0,0,0,0,,0,
"Product","/products/b44-39-7-lbs-platinum-silicone-realistic-breast-with-a-vagina-masturbator-notye",2,2,0,0,0,0,10,,0,0,0,362,5,0,,0,2,2,0,0,0,0,10,,0,0,0,362,5,0,,0,0,0,,,,,0,,,,,0,0,,,
"Product","/products/f4044-155cm5ft1-o-cup-super-huge-pendulous-breast-tpe-sex-doll-castle-doll",1,2,0,0,0,0,2,,0,0,0,0,1,1,,2,1,2,0,0,0,0,2,,0,0,0,0,1,1,,2,0,0,,,,,0,,,,,,0,0,,0
"Product","/products/f1460-150cm4f9-31-5kg-m-cup-muscular-tpe-sex-doll-aibei-doll",1,2,0,0,0,0,4,,0,0,0,182,2,0.5,,1,1,2,0,0,0,0,4,,0,0,0,182,2,0.5,,1,0,0,,,,,0,,,,,0,0,0,,0
"Product","/products/t480-sy-doll-d-cup-silicone-torso-human-sex-robot-movable-jaw",2,2,0,0,0,0,6,,0,0,0,183,3,0,,0,2,2,0,0,0,0,6,,0,0,0,183,3,0,,0,0,0,,,,,0,,,,,0,0,,,
"Product","/products/t267-big-coke-male-sex-dolls-torso-dildo-for-women",2,2,0,0,0,0,5,,0,0,0,216.5,2.5,0.5,,1,2,2,0,0,0,0,5,,0,0,0,216.5,2.5,0.5,,1,0,0,,,,,0,,,,,0,0,0,,0
"Product","/products/f514-174cm-d-cup-muslce-silicone-sex-doll-in-stock-usa-starpery-doll",2,2,0,0,0,0,2,,0,0,0,0,1,1,,2,2,2,0,0,0,0,2,,0,0,0,0,1,1,,2,0,0,,,,,0,,,,,,0,0,,0
"Product","/products/f5681-160cm-5ft352-5kg-k-cup-best-fat-big-ass-breasts-life-size-bbw-silicone-super-fat-big-belly-sex-doll-starpery-doll",2,2,0,0,0,0,10,,0,0,0,441,5,0.5,,1,2,2,0,0,0,0,10,,0,0,0,441,5,0.5,,1,0,0,,,,,0,,,,,0,0,0,,0
"Product","/products/f8152-150cm-black-silicone-f-cup-real-lady-sex-dolls",1,2,0,0,0,0,6,,0,0,0,333.5,3,0.5,,1,1,2,0,0,0,0,6,,0,0,0,333.5,3,0.5,,1,0,0,,,,,0,,,,,0,0,0,,0
"Product","/products/f4610-165cm-5ft5-36-5kg-femboy-full-size-sex-with-silicone-head-male-sex-doll-qita-doll",1,2,0,0,0,0,26,,0,0,0,1053,13,0.5,,1,1,2,0,0,0,0,26,,0,0,0,1053,13,0.5,,1,0,0,,,,,0,,,,,0,0,0,,0
,"/ja/collections/furry-sex-doll",1,2,0,0,0,0,3,,0,0,0,161.5,1.5,0.5,,1,1,2,0,0,0,0,3,,0,0,0,161.5,1.5,0.5,,1,0,0,,,,,0,,,,,0,0,0,,0
"Blog Article","/blogs/dolls-info-qustions/hey-as-a-woman-is-it-weird-if-i-want-to-buy-a-strap-on-dildo-to-get-it-on-with-a-female-trans-sex-doll",2,2,0,0,0,0,4,,0,0,0,2.5,2,0.5,,1,2,2,0,0,0,0,4,,0,0,0,2.5,2,0.5,,1,0,0,,,,,0,,,,,0,0,0,,0
,"/en-ca/collections/fake-pussy-hentai-sex-doll",2,2,0,0,0,0,3,,0,0,0,1.5,1.5,0.5,,1,2,2,0,0,0,0,3,,0,0,0,1.5,1.5,0.5,,1,0,0,,,,,0,,,,,0,0,0,,0
"Product","/products/md-motorized-dildo-male-doll-180cm-42kg-f738",1,2,0,0,0,0,2,,0,0,0,0,1,1,,2,1,2,0,0,0,0,2,,0,0,0,0,1,1,,2,0,0,,,,,0,,,,,,0,0,,0
"Product","/products/f8110-150cm-5ft-27-5kg-anime-silicone-sex-doll-elsa-babe",2,2,0,0,0,0,2,,0,0,0,0,1,1,,2,2,2,0,0,0,0,2,,0,0,0,0,1,1,,2,0,0,,,,,0,,,,,,0,0,,0
"Product","/products/f3069-160cm-j-cup-milf-silicone-head-movable-jaw-sle-body-real-sex-doll-zelex-doll",1,2,0,0,0,0,2,,0,0,0,0,1,1,,2,1,2,0,0,0,0,2,,0,0,0,0,1,1,,2,0,0,,,,,0,,,,,,0,0,,0
,"/en-fi/collections/vendors",2,2,0,0,0,0,7,,0,0,0,35.5,3.5,0.5,,1,2,2,0,0,0,0,7,,0,0,0,35.5,3.5,0.5,,1,0,0,,,,,0,,,,,0,0,0,,0
"Product","/products/t1357-3lb-black-gel-breast-luxury-big-boobs-bbw-sex-doll-torso-in-stock-usa-climax-doll",2,2,0,0,0,0,7,,0,0,0,291.5,3.5,0,,0,2,2,0,0,0,0,7,,0,0,0,291.5,3.5,0,,0,0,0,,,,,0,,,,,0,0,,,
"Blog Article","/blogs/dolls-info-qustions/top-5-sex-doll-anal",2,2,0,0,0,0,6,,0,0,0,73,3,0.5,,1,2,2,0,0,0,0,6,,0,0,0,73,3,0.5,,1,0,0,,,,,0,,,,,0,0,0,,0
"Custom Page","/pages/celebrity-sex-doll-guide",2,2,0,0,0,0,12,,0,0,0,72.5,6,0,,0,2,2,0,0,0,0,12,,0,0,0,72.5,6,0,,0,0,0,,,,,0,,,,,0,0,,,
,"/en-ca/collections/petite-sex-doll",1,2,0,0,0,0,21,,0,0,0,3415.5,10.5,0,,0,1,2,0,0,0,0,21,,0,0,0,3415.5,10.5,0,,0,0,0,,,,,0,,,,,0,0,,,
"Custom Page","/pages/ai-robot-function-videos",2,2,0,0,0,0,3,,0,0,0,138,1.5,0.5,,1,2,2,0,0,0,0,3,,0,0,0,138,1.5,0.5,,1,0,0,,,,,0,,,,,0,0,0,,0
"Blog Article","/blogs/real-sex-doll-reviews-pros-cons-real-usage-tests/evas-doll-180cm-f6229-full-review",2,2,0,0,0,0,2,,0,0,0,0,1,1,,2,2,2,0,0,0,0,2,,0,0,0,0,1,1,,2,0,0,,,,,0,,,,,,0,0,,0
"Collection","/collections/doll-forever",2,2,0,0,0,0,2,,0,0,0,3,1,1,,2,2,2,0,0,0,0,2,,0,0,0,3,1,1,,2,0,0,,,,,0,,,,,0,0,0,,0
"Collection","/collections/new-this-week",2,2,0,0,0,0,4,,0,0,0,16,2,0.5,,1,2,2,0,0,0,0,4,,0,0,0,16,2,0.5,,1,0,0,,,,,0,,,,,0,0,0,,0
"Product","/products/f2317-157cm5-15ft-35kg-d-cup-gali-flat-cheast-silicone-sex-doll%E4%B8%A8climax-doll-ultra",1,2,0,0,0,0,6,,0,0,0,94,3,0,,0,1,2,0,0,0,0,6,,0,0,0,94,3,0,,0,0,0,,,,,0,,,,,0,0,,,
"Product","/products/f2447-150cm-4ft9-d-cup-m35-blonde-cute-girl-ros-movable-jaw-silicone-sex-doll-sy-doll",2,2,0,0,0,0,2,,0,0,0,0,1,1,,2,2,2,0,0,0,0,2,,0,0,0,0,1,1,,2,0,0,,,,,0,,,,,,0,0,,0
,"/en-ca/collections/anime-cosplay-sex-doll",2,2,0,0,0,0,4,,0,0,0,30.5,2,0.5,,1,2,2,0,0,0,0,4,,0,0,0,30.5,2,0.5,,1,0,0,,,,,0,,,,,0,0,0,,0
"Product","/products/f2555-152cm5ft-26-5kg-d-cup-youthful-look-realistic-silicone-sex-doll-in-stock-usa-fun-west-doll",2,2,0,0,0,0,2,,0,0,0,0,1,1,,2,2,2,0,0,0,0,2,,0,0,0,0,1,1,,2,0,0,,,,,0,,,,,,0,0,,0
"Product","/products/t665-silicone-realistic-torso-32lbs",2,2,0,0,0,0,6,,0,0,0,108.5,3,0.5,,1,2,2,0,0,0,0,6,,0,0,0,108.5,3,0.5,,1,0,0,,,,,0,,,,,0,0,0,,0
"Blog Article","/blogs/dolls-info-qustions/pocket-pussy-full-range-of-types-which-one-is-best-for-you",2,2,1,1,0,0,17,0,0.5,0.5,0,853,8.5,0.5,0,1,2,2,1,1,0,0,17,0,0.5,0.5,0,853,8.5,0.5,0,1,0,0,0,0,,,0,,0,0,,0,0,0,,0
"Product","/products/f8203-157cm5-1ft-33kg-b-cup-anime-pvc-head-stpe-sex-doll%E4%B8%A8wm-doll",2,2,0,0,0,0,2,,0,0,0,0,1,1,,2,2,2,0,0,0,0,2,,0,0,0,0,1,1,,2,0,0,,,,,0,,,,,,0,0,,0
"Product","/products/f3773-yl-doll-153cm-ssbbw-full-size-sex-doll",2,2,0,1,0,0,37,0,0,0.5,0,2203.5,18.5,0.5,,1,2,2,0,1,0,0,37,0,0,0.5,0,2203.5,18.5,0.5,,1,0,0,,0,,,0,,,0,,0,0,0,,0
"Custom Page","/pages/funwest-video",2,2,0,0,0,0,3,,0,0,0,22.5,1.5,0.5,,1,2,2,0,0,0,0,3,,0,0,0,22.5,1.5,0.5,,1,0,0,,,,,0,,,,,0,0,0,,0
"Product","/products/f5668-175cm-5ft7-e-cup-movable-jaws-silicone-sex-doll-inspiration-zelex-doll",2,2,0,0,0,0,2,,0,0,0,0,1,1,,2,2,2,0,0,0,0,2,,0,0,0,0,1,1,,2,0,0,,,,,0,,,,,,0,0,,0
"Product","/products/f2137-wm-doll-174cm-milf-sex-doll-life-size",2,2,0,0,0,0,4,,0,0,0,61,2,0.5,,1,2,2,0,0,0,0,4,,0,0,0,61,2,0.5,,1,0,0,,,,,0,,,,,0,0,0,,0
,"/ja/collections/naked-sex-doll",2,2,0,0,0,0,4,,0,0,0,195,2,0.5,,1,2,2,0,0,0,0,4,,0,0,0,195,2,0.5,,1,0,0,,,,,0,,,,,0,0,0,,0
"Product","/products/h614-ros-silicone-sex-doll-zelex-doll-head",2,2,0,0,0,0,2,,0,0,0,0,1,1,,2,2,2,0,0,0,0,2,,0,0,0,0,1,1,,2,0,0,,,,,0,,,,,,0,0,,0
"Product","/products/p89-11-24lb-big-penis-sex-doll-for-women-anal-sex-toy-male-sex-dolls-torso-mrl",2,2,0,0,0,0,3,,0,0,0,37.5,1.5,0.5,,1,2,2,0,0,0,0,3,,0,0,0,37.5,1.5,0.5,,1,0,0,,,,,0,,,,,0,0,0,,0
"Product","/products/f1614-rosretty-160cm-celebrity-life-size-realistic-sex-doll",2,2,0,0,0,0,6,,0,0,0,702.5,3,0,,0,2,2,0,0,0,0,6,,0,0,0,702.5,3,0,,0,0,0,,,,,0,,,,,0,0,,,
"Collection","/collections/qian-you",2,2,0,0,0,0,2,,0,0,0,0,1,1,,2,2,2,0,0,0,0,2,,0,0,0,0,1,1,,2,0,0,,,,,0,,,,,,0,0,,0
,"/de/collections/mini-bbw-sex-doll",2,2,0,0,0,0,4,,0,0,0,144,2,0,,0,2,2,0,0,0,0,4,,0,0,0,144,2,0,,0,0,0,,,,,0,,,,,0,0,,,
"Product","/products/f5466-climax-doll-160cm-silicone-sex-dolls-full-size",2,2,0,0,0,0,2,,0,0,0,0,1,1,,2,2,2,0,0,0,0,2,,0,0,0,0,1,1,,2,0,0,,,,,0,,,,,,0,0,,0
"Collection","/collections/funwest-doll-factory-photos",2,2,0,0,0,0,28,,0,0,0,474,14,0.5,,1,2,2,0,0,0,0,28,,0,0,0,474,14,0.5,,1,0,0,,,,,0,,,,,0,0,0,,0
"Product","/products/f9298-174cm-5ft7-33-5kg-d-cup-silicone-life-size-realistic-sex-doll-in-stock-usa-starpery-doll",2,2,0,0,0,0,5,,0,0,0,136,2.5,0.5,,1,2,2,0,0,0,0,5,,0,0,0,136,2.5,0.5,,1,0,0,,,,,0,,,,,0,0,0,,0
"Product","/products/f4039-150cm-k-cup-big-ass-huge-breast-tpe-bbw-sex-dolls-doll-castle",2,2,0,0,0,0,2,,0,0,0,0,1,1,,2,2,2,0,0,0,0,2,,0,0,0,0,1,1,,2,0,0,,,,,0,,,,,,0,0,,0
"Product","/products/f3315-160cm-5ft239-5kg-g-cup-tpe-adult-big-chest-curve-beauty-sex-doll-yl-doll",2,2,0,0,0,0,2,,0,0,0,0,1,1,,2,2,2,0,0,0,0,2,,0,0,0,0,1,1,,2,0,0,,,,,0,,,,,,0,0,,0
"Blog Article","/blogs/complete-sex-doll-guide-for-beginners/how-to-restore-faded-nipples-on-a-tpe-sex-doll-a-step-by-step-guide",2,2,0,0,0,0,8,,0,0,0,1634.5,4,0,,0,2,2,0,0,0,0,8,,0,0,0,1634.5,4,0,,0,0,0,,,,,0,,,,,0,0,,,
,"/de/blogs/real-sex-doll-reviews-pros-cons-real-usage-tests/shedoll-sex-doll-real-review-hands-on-experience",2,2,0,0,0,0,2,,0,0,0,0,1,1,,2,2,2,0,0,0,0,2,,0,0,0,0,1,1,,2,0,0,,,,,0,,,,,,0,0,,0
"Blog Article","/blogs/dolls-info-qustions/sy-doll-redefining-oral-interaction-for-robotic-sex-dolls",2,2,0,0,0,0,3,,0,0,0,8,1.5,0.5,,1,2,2,0,0,0,0,3,,0,0,0,8,1.5,0.5,,1,0,0,,,,,0,,,,,0,0,0,,0
"Product","/products/f8099-150cm-5ft-27-5kg-anime-silicone-sex-doll-elsa-babe",1,2,0,0,0,0,3,,0,0,0,17.5,1.5,0.5,,1,1,2,0,0,0,0,3,,0,0,0,17.5,1.5,0.5,,1,0,0,,,,,0,,,,,0,0,0,,0
,"/en-ca/collections/ai-sex-dolls-list",2,2,0,0,0,0,3,,0,0,0,35.5,1.5,0.5,,1,2,2,0,0,0,0,3,,0,0,0,35.5,1.5,0.5,,1,0,0,,,,,0,,,,,0,0,0,,0
,"/de/collections/big-ass-sex-doll-mini-torso",2,2,0,0,0,0,2,,0,0,0,0,1,1,,2,2,2,0,0,0,0,2,,0,0,0,0,1,1,,2,0,0,,,,,0,,,,,,0,0,,0
"Product","/products/f9189-178cm-5ft10-67-5kg-i-cup-ros-silicone-life-size-male-trans-sex-doll-doll-castle",2,2,0,0,0,0,2,,0,0,0,0,1,1,,2,2,2,0,0,0,0,2,,0,0,0,0,1,1,,2,0,0,,,,,0,,,,,,0,0,,0
"Product","/products/t917-109cm3ft7-25-8kg-g-cup-silicone-head-movable-jaw-sle-body-bubble-butt-silicone-sex-doll-torso-with-head-zelex-doll",2,2,0,0,0,0,8,,0,0,0,111.5,4,0,,0,2,2,0,0,0,0,8,,0,0,0,111.5,4,0,,0,0,0,,,,,0,,,,,0,0,,,
"Collection","/collections/doll-senior",2,2,0,0,0,0,8,,0,0,0,61,4,0.5,,1,2,2,0,0,0,0,8,,0,0,0,61,4,0.5,,1,0,0,,,,,0,,,,,0,0,0,,0
"Product","/products/f2291-funwest-blue-fantasy-sex-dolls-blue-anime-tpe-157cm-40kg-g-cup",2,2,0,0,0,0,2,,0,0,0,0,1,1,,2,2,2,0,0,0,0,2,,0,0,0,0,1,1,,2,0,0,,,,,0,,,,,,0,0,,0
"Product","/products/f3000-157cm5ft1-32kg-d-cup-medium-breast-tpe-sex-doll-aibei-doll",1,2,0,0,0,0,6,,0,0,0,700,3,0,,0,1,2,0,0,0,0,6,,0,0,0,700,3,0,,0,0,0,,,,,0,,,,,0,0,,,
"Product","/products/h620-ros-silicone-sex-doll-head-zelex-doll-head",2,2,0,0,0,0,2,,0,0,0,0,1,1,,2,2,2,0,0,0,0,2,,0,0,0,0,1,1,,2,0,0,,,,,0,,,,,,0,0,,0
"Blog Article","/blogs/dolls-info-qustions/how-to-eat-ass-a-deep-dive-into-rimming-techniques-and-sex-doll-play",2,2,0,0,0,0,2,,0,0,0,0,1,1,,2,2,2,0,0,0,0,2,,0,0,0,0,1,1,,2,0,0,,,,,0,,,,,,0,0,,0
,"/ja/collections/full-size-type-torso",2,2,0,0,0,0,4,,0,0,0,76.5,2,0.5,,1,2,2,0,0,0,0,4,,0,0,0,76.5,2,0.5,,1,0,0,,,,,0,,,,,0,0,0,,0
,"/ja",2,2,0,0,0,0,18,,0,0,0,955,9,0.5,,1,2,2,0,0,0,0,18,,0,0,0,955,9,0.5,,1,0,0,,,,,0,,,,,0,0,0,,0
"Product","/products/t6-luxury-realistic-flat-chested-sex-doll-torso",2,2,0,0,0,0,2,,0,0,0,0,1,1,,2,2,2,0,0,0,0,2,,0,0,0,0,1,1,,2,0,0,,,,,0,,,,,,0,0,,0
,"/en-ca/blogs/dolls-info-qustions/top-cydoll-auto-blowjob-function-game-changing-feature-now-live",2,2,0,0,0,0,4,,0,0,0,50.5,2,0.5,,1,2,2,0,0,0,0,4,,0,0,0,50.5,2,0.5,,1,0,0,,,,,0,,,,,0,0,0,,0
,"/de/blogs/complete-sex-doll-guide-for-beginners/sex-doll-unboxing-guide-for-beginners-what-every-new-owner-should-know",2,2,0,0,0,0,2,,0,0,0,0,1,1,,2,2,2,0,0,0,0,2,,0,0,0,0,1,1,,2,0,0,,,,,0,,,,,,0,0,,0
,"/ja/collections/sex-doll-factory-pictures",1,2,0,0,0,0,4,,0,0,0,28.5,2,0.5,,1,1,2,0,0,0,0,4,,0,0,0,28.5,2,0.5,,1,0,0,,,,,0,,,,,0,0,0,,0
,"/en-ca/blogs/dolls-info-qustions/the-latest-sex-dolls-innovations-and-breakthroughs-in-2025",2,2,0,0,0,0,2,,0,0,0,0,1,1,,2,2,2,0,0,0,0,2,,0,0,0,0,1,1,,2,0,0,,,,,0,,,,,,0,0,,0
,"/de/blogs/featured-blog/how-to-diy-an-sex-doll-you",2,2,0,0,0,0,4,,0,0,0,21,2,0.5,,1,2,2,0,0,0,0,4,,0,0,0,21,2,0.5,,1,0,0,,,,,0,,,,,0,0,0,,0
"Product","/products/b38-17-1lb-suntan-silicone-sex-doll-titfuck-torso",1,2,0,0,0,0,2,,0,0,0,0,1,1,,2,1,2,0,0,0,0,2,,0,0,0,0,1,1,,2,0,0,,,,,0,,,,,,0,0,,0
"Product","/products/f1506-158cm5ft2-38-5kg-d-cup-tifa-alien-silicone-head-sex-doll-climax-doll",2,2,0,0,0,0,2,,0,0,0,0,1,1,,2,2,2,0,0,0,0,2,,0,0,0,0,1,1,,2,0,0,,,,,0,,,,,,0,0,,0
,"/ja/blogs/real-sex-doll-reviews-pros-cons-real-usage-tests/shedoll-sex-doll-real-review-hands-on-experience",2,2,0,0,0,0,2,,0,0,0,0,1,1,,2,2,2,0,0,0,0,2,,0,0,0,0,1,1,,2,0,0,,,,,0,,,,,,0,0,,0
"Product","/products/f6319-159cm-5ft-25kg-medium-chest-asian-silicone-sex-boll-with-realistic-skin-texture-md-doll",1,2,0,0,0,0,2,,0,0,0,0,1,1,,2,1,2,0,0,0,0,2,,0,0,0,0,1,1,,2,0,0,,,,,0,,,,,,0,0,,0
,"/en-ca/collections/life-size-anime-sex-doll",2,2,0,0,0,0,9,,0,0,0,512.5,4.5,0.5,,1,2,2,0,0,0,0,9,,0,0,0,512.5,4.5,0.5,,1,0,0,,,,,0,,,,,0,0,0,,0
"Product","/products/l10-67lb-104cm-tall-fat-pop-art-faty-sex-doll-legs-climax-doll",2,2,1,0,0,0,16,,0.5,0,0,551,8,0.5,,1,2,2,1,0,0,0,16,,0.5,0,0,551,8,0.5,,1,0,0,0,,,,0,,0,,,0,0,0,,0
"Product","/products/t462-73-68lb-hazel-ros-life-size-silicone-sex-doll-torso-with-head-in-stock-usa-europe-canada-max",2,2,0,0,0,0,2,,0,0,0,0,1,1,,2,2,2,0,0,0,0,2,,0,0,0,0,1,1,,2,0,0,,,,,0,,,,,,0,0,,0
"Checkout","/60719464687/orders/51b033d552296abbc05aad2be0a08139",1,2,0,0,0,0,2,,0,0,0,0,1,1,,2,1,2,0,0,0,0,2,,0,0,0,0,1,1,,2,0,0,,,,,0,,,,,,0,0,,0
"Product","/products/h515-mini-anime-silicone-sex-doll-head-elsa-babe-head",2,2,0,0,0,0,2,,0,0,0,0,1,1,,2,2,2,0,0,0,0,2,,0,0,0,0,1,1,,2,0,0,,,,,0,,,,,,0,0,,0
,"/en-ca/collections/sigafun-doll",2,2,0,0,0,0,4,,0,0,0,56,2,0.5,,1,2,2,0,0,0,0,4,,0,0,0,56,2,0.5,,1,0,0,,,,,0,,,,,0,0,0,,0
,"/de/collections/sex-focused-robot-sex-doll",2,2,0,0,0,0,2,,0,0,0,0,1,1,,2,2,2,0,0,0,0,2,,0,0,0,0,1,1,,2,0,0,,,,,0,,,,,,0,0,,0
,"/en-fi/products/f5805-176cm-5ft3-41kg-e-cup-silicone-realistic-ros-head-sex-doll-top-cydoll",2,2,0,0,0,0,2,,0,0,0,0,1,1,,2,2,2,0,0,0,0,2,,0,0,0,0,1,1,,2,0,0,,,,,0,,,,,,0,0,,0
"Product","/products/h702-ros-silicone-sex-doll-head-in-stock-usa-zelex-doll-head",1,2,0,0,0,0,2,,0,0,0,0,1,1,,2,1,2,0,0,0,0,2,,0,0,0,0,1,1,,2,0,0,,,,,0,,,,,,0,0,,0
,"/de/blogs/sex-doll-torso-blog/4-best-sex-doll-torsos-for-titty-sex",2,2,0,0,0,0,4,,0,0,0,59,2,0.5,,1,2,2,0,0,0,0,4,,0,0,0,59,2,0.5,,1,0,0,,,,,0,,,,,0,0,0,,0
"Product","/products/f7618-161cm-5ft3-f-cup-realistic-tpe-body-silicone-head-sex-doll-rosretty-doll",2,2,0,0,0,0,4,,0,0,0,659.5,2,0,,0,2,2,0,0,0,0,4,,0,0,0,659.5,2,0,,0,0,0,,,,,0,,,,,0,0,,,
"Collection","/collections/elsa-babe-factory-photos",2,2,0,0,0,0,2,,0,0,0,4,1,1,,2,2,2,0,0,0,0,2,,0,0,0,4,1,1,,2,0,0,,,,,0,,,,,0,0,0,,0
"Product","/products/b38-17-1lb-full-bust-36-2inch-yellow-silicone-titjob-boob-job-breast-sex-titty-fucking-mammary-intercourse-sex-toy",2,2,0,0,0,0,2,,0,0,0,0,1,1,,2,2,2,0,0,0,0,2,,0,0,0,0,1,1,,2,0,0,,,,,0,,,,,,0,0,,0
"Product","/products/p119-30cm-11-8in-2-5kg-silicone-anime-hentai-sex-doll-castle-doll",2,2,0,0,0,0,2,,0,0,0,0,1,1,,2,2,2,0,0,0,0,2,,0,0,0,0,1,1,,2,0,0,,,,,0,,,,,,0,0,,0
"Product","/products/a571-19-4lbblack-sex-doll-torso-fat-ass",1,2,0,0,0,0,2,,0,0,0,0,1,1,,2,1,2,0,0,0,0,2,,0,0,0,0,1,1,,2,0,0,,,,,0,,,,,,0,0,,0
"Product","/products/f6334-realistic-skin-silicone-asian-sex-doll",2,2,0,0,0,0,5,,0,0,0,60.5,2.5,0.5,,1,2,2,0,0,0,0,5,,0,0,0,60.5,2.5,0.5,,1,0,0,,,,,0,,,,,0,0,0,,0
"Product","/products/f2460-164cm5-4ft-39kg-g-cup-life-size-silicone-head-sex-doll-in-stock-us-sigafun-doll",2,2,1,1,0,0,9,0,0.5,0.5,0,119,4.5,0.5,0,1,2,2,1,1,0,0,9,0,0.5,0.5,0,119,4.5,0.5,0,1,0,0,0,0,,,0,,0,0,,0,0,0,,0
"Product","/products/f3411-150cm4ft9-26-2kg-b-cup-small-breast-tpe-sex-doll-aibei-doll",1,2,0,0,0,0,18,,0,0,0,812.5,9,0.5,,1,1,2,0,0,0,0,18,,0,0,0,812.5,9,0.5,,1,0,0,,,,,0,,,,,0,0,0,,0
"Blog Article","/blogs/dolls-info-qustions/s-tpe",2,2,0,0,0,0,2,,0,0,0,0,1,1,,2,2,2,0,0,0,0,2,,0,0,0,0,1,1,,2,0,0,,,,,0,,,,,,0,0,,0
"Checkout","/60719464687/orders/9a4f55f4d5b6dbb5c8a896c1e43bf25b",1,2,0,0,0,0,2,,0,0,0,0,1,1,,2,1,2,0,0,0,0,2,,0,0,0,0,1,1,,2,0,0,,,,,0,,,,,,0,0,,0
,"/de/search",2,2,0,0,0,0,3,,0,0,0,36,1.5,0.5,,1,2,2,0,0,0,0,3,,0,0,0,36,1.5,0.5,,1,0,0,,,,,0,,,,,0,0,0,,0
"Blog Article","/blogs/dolls-info-qustions/how-to-carry-your-heavy-doll",2,2,0,0,0,0,2,,0,0,0,0,1,1,,2,2,2,0,0,0,0,2,,0,0,0,0,1,1,,2,0,0,,,,,0,,,,,,0,0,,0
"Collection","/collections/electric-male-sex-doll",2,2,0,0,0,0,5,,0,0,0,170,2.5,0,,0,2,2,0,0,0,0,5,,0,0,0,170,2.5,0,,0,0,0,,,,,0,,,,,0,0,,,
"Blog Article","/blogs/featured-blog/irontech-brand-new-iron-ai-complete-highlights-breakdown",2,2,0,0,0,0,10,,0,0,0,211.5,5,0.5,,1,2,2,0,0,0,0,10,,0,0,0,211.5,5,0.5,,1,0,0,,,,,0,,,,,0,0,0,,0
"Product","/products/f4904-150cm4ft9-35-5kg-b-cup-silicone-anime-style-furry-bunny-doll-climax-doll-ultra",2,2,0,0,0,0,3,,0,0,0,146,1.5,0.5,,1,2,2,0,0,0,0,3,,0,0,0,146,1.5,0.5,,1,0,0,,,,,0,,,,,0,0,0,,0
"Checkout","/60719464687/orders/002e3483cfaa37c3ccbaba10b2a82912",2,2,0,0,0,0,7,,0,0,0,117.5,3.5,0.5,,1,2,2,0,0,0,0,7,,0,0,0,117.5,3.5,0.5,,1,0,0,,,,,0,,,,,0,0,0,,0
,"/en-ca/collections/chinese-sex-doll",2,2,0,0,0,0,5,,0,0,0,60,2.5,0.5,,1,2,2,0,0,0,0,5,,0,0,0,60,2.5,0.5,,1,0,0,,,,,0,,,,,0,0,0,,0
"Product","/products/f5497-150cm-asian-petite-f-cup-japanese-sex-bot-moving-custom",1,2,0,0,0,0,2,,0,0,0,0,1,1,,2,1,2,0,0,0,0,2,,0,0,0,0,1,1,,2,0,0,,,,,0,,,,,,0,0,,0
"Collection","/collections/budget-friendly-life-size-sex-dolls-torsos-flat-20-discount-today",2,2,1,0,0,0,40,,0.5,0,0,1894.5,20,0,,0,2,2,1,0,0,0,40,,0.5,0,0,1894.5,20,0,,0,0,0,0,,,,0,,0,,,0,0,,,
"Blog Article","/blogs/dolls-info-qustions/lubricant-recommendation-for-your-sex-doll",2,2,0,0,0,0,3,,0,0,0,50,1.5,0.5,,1,2,2,0,0,0,0,3,,0,0,0,50,1.5,0.5,,1,0,0,,,,,0,,,,,0,0,0,,0
"Product","/products/p389-2-6lb-furry-anime-pocket-pussy-silicone-stroker-mrl",2,2,0,0,0,0,2,,0,0,0,0,1,1,,2,2,2,0,0,0,0,2,,0,0,0,0,1,1,,2,0,0,,,,,0,,,,,,0,0,,0
,"/en-ca/products/t372-realistic-silicone-shark-hentai-anime-sex-doll",2,2,0,0,0,0,5,,0,0,0,98,2.5,0.5,,1,2,2,0,0,0,0,5,,0,0,0,98,2.5,0.5,,1,0,0,,,,,0,,,,,0,0,0,,0
"Product","/products/a441-8-24lb-pocket-pussy-vagina-stroker-male-masturbator-lovenestle",1,2,0,0,0,0,21,,0,0,0,668.5,10.5,0.5,,1,1,2,0,0,0,0,21,,0,0,0,668.5,10.5,0.5,,1,0,0,,,,,0,,,,,0,0,0,,0
"Product","/products/f110-165cm-37kg-finley-thin-face-shy-asian-teen-tpe-cute-femboy-sex-doll-qita-doll",2,2,0,0,0,0,13,,0,0,0,691.5,6.5,0,,0,2,2,0,0,0,0,13,,0,0,0,691.5,6.5,0,,0,0,0,,,,,0,,,,,0,0,,,
"Product","/products/f2278-168cm-d-cup-new-daisy-silicone-sex-doll-normon-doll",2,2,0,0,0,0,2,,0,0,0,0,1,1,,2,2,2,0,0,0,0,2,,0,0,0,0,1,1,,2,0,0,,,,,0,,,,,,0,0,,0
"Product","/products/f9240-156cm-5ft1-e-cup-silicone-head-life-size-realistic-sex-doll-starpery-doll",2,2,0,0,0,0,2,,0,0,0,0,1,1,,2,2,2,0,0,0,0,2,,0,0,0,0,1,1,,2,0,0,,,,,0,,,,,,0,0,,0
,"/de/blogs/dolls-info-qustions/%F0%9F%94%A5-2025-best-fake-ass-sex-toy-recommendations-6-ultra-realistic-big-booty-dolls-for-ultimate-pleasure",2,2,0,0,0,0,2,,0,0,0,0,1,1,,2,2,2,0,0,0,0,2,,0,0,0,0,1,1,,2,0,0,,,,,0,,,,,,0,0,,0
"Collection","/collections/funwest-doll-silicone",1,2,0,0,0,0,6,,0,0,0,106,3,0.5,,1,1,2,0,0,0,0,6,,0,0,0,106,3,0.5,,1,0,0,,,,,0,,,,,0,0,0,,0
,"/ja/collections/aitia",2,2,0,0,0,0,4,,0,0,0,22,2,0.5,,1,2,2,0,0,0,0,4,,0,0,0,22,2,0.5,,1,0,0,,,,,0,,,,,0,0,0,,0
"Blog Article","/blogs/dolls-info-qustions/mlws-power-move-t1-t2-torso-upgrades-debut-alongside-sora-ros",2,2,0,0,0,0,40,,0,0,0,578,20,0,,0,2,2,0,0,0,0,40,,0,0,0,578,20,0,,0,0,0,,,,,0,,,,,0,0,,,
,"/en-ca/products/f6129-170cm-5ft6-40kg-d-cup-s11-tpe-silicone-head-sex-doll-sy-doll",2,2,0,0,0,0,7,,0,0,0,141.5,3.5,0.5,,1,2,2,0,0,0,0,7,,0,0,0,141.5,3.5,0.5,,1,0,0,,,,,0,,,,,0,0,0,,0
,"/en-ca/products/f4755-163cm-40kg-e-cup-life-size-best-silicone-sex-doll-for-man-zelex-sle-2-0-in-stock-usa-canada-zelex-doll",2,2,0,0,0,0,36,,0,0,0,654,18,0.5,,1,2,2,0,0,0,0,36,,0,0,0,654,18,0.5,,1,0,0,,,,,0,,,,,0,0,0,,0
"Blog Article","/blogs/dolls-info-qustions/don-t-let-stains-ruin-your-doll-the-complete-guide-to-cleaning-tpe-sex-dolls",2,2,0,0,0,0,2,,0,0,0,0,1,1,,2,2,2,0,0,0,0,2,,0,0,0,0,1,1,,2,0,0,,,,,0,,,,,,0,0,,0
"Product","/products/f2344a-151cm4-9ft-65kg-t-cup-hips-over-155-jasmine-bbw-biggest-ass-huge-breast-movable-jaw-sex-doll%E4%B8%A8climax-doll-pro",1,2,0,0,0,0,4,,0,0,0,10,2,0.5,,1,1,2,0,0,0,0,4,,0,0,0,10,2,0.5,,1,0,0,,,,,0,,,,,0,0,0,,0
"Blog Article","/blogs/featured-blog/complete-guide-to-fixing-tpe-full-size-sex-doll-makeup-fading",2,2,0,0,0,0,2,,0,0,0,0,1,1,,2,2,2,0,0,0,0,2,,0,0,0,0,1,1,,2,0,0,,,,,0,,,,,,0,0,,0
"Collection","/collections/big-ass-sex-doll-mini-torso",2,2,0,0,0,0,11,,0,0,0,80.5,5.5,0,,0,2,2,0,0,0,0,11,,0,0,0,80.5,5.5,0,,0,0,0,,,,,0,,,,,0,0,,,
"Product","/products/f3476-161cm5f3-47kg-d-cup-chubby-tpe-body-silicone-head-sex-doll-aibei-doll",1,2,0,0,0,0,2,,0,0,0,0,1,1,,2,1,2,0,0,0,0,2,,0,0,0,0,1,1,,2,0,0,,,,,0,,,,,,0,0,,0
"Product","/products/570-male-torso-tpe-auto-vibrating-dildo",1,2,0,0,0,0,6,,0,0,0,43.5,3,0.5,,1,1,2,0,0,0,0,6,,0,0,0,43.5,3,0.5,,1,0,0,,,,,0,,,,,0,0,0,,0
"Collection","/collections/self-cleaning-ai-sex-doll",2,2,0,0,0,0,4,,0,0,0,14.5,2,0,,0,2,2,0,0,0,0,4,,0,0,0,14.5,2,0,,0,0,0,,,,,0,,,,,0,0,,,
"Blog Article","/blogs/dolls-info-qustions/big-booty-sex-doll-a-complete-breakdown",2,2,0,0,0,0,12,,0,0,0,906,6,0,,0,2,2,0,0,0,0,12,,0,0,0,906,6,0,,0,0,0,,,,,0,,,,,0,0,,,
,"/de/collections/natural-huge-breast-sex-doll",2,2,0,0,0,0,4,,0,0,0,51.5,2,0.5,,1,2,2,0,0,0,0,4,,0,0,0,51.5,2,0.5,,1,0,0,,,,,0,,,,,0,0,0,,0
,"/de/collections/anime-sex-doll-under-200",2,2,0,0,0,0,3,,0,0,0,10.5,1.5,0.5,,1,2,2,0,0,0,0,3,,0,0,0,10.5,1.5,0.5,,1,0,0,,,,,0,,,,,0,0,0,,0
"Collection","/collections/anime-sex-doll-stpe",2,2,0,0,0,0,2,,0,0,0,0,1,1,,2,2,2,0,0,0,0,2,,0,0,0,0,1,1,,2,0,0,,,,,0,,,,,,0,0,,0
,"/en-fi/collections/sex-doll-torso-dildo-for-woman",2,2,0,0,0,0,4,,0,0,0,171,2,0.5,,1,2,2,0,0,0,0,4,,0,0,0,171,2,0.5,,1,0,0,,,,,0,,,,,0,0,0,,0
"Blog Article","/blogs/dolls-info-qustions/porn-stars-brought-to-life-the-irontech-porn-star-series-that-ignites-your-desire",2,2,0,0,0,0,2,,0,0,0,0,1,1,,2,2,2,0,0,0,0,2,,0,0,0,0,1,1,,2,0,0,,,,,0,,,,,,0,0,,0
"Collection","/collections/7-8in-male-sex-doll",2,2,0,0,0,0,18,,0,0,0,246.5,9,0,,0,2,2,0,0,0,0,18,,0,0,0,246.5,9,0,,0,0,0,,,,,0,,,,,0,0,,,
,"/en-fi/blogs/dolls-info-qustions/how-to-properly-use-chinese-sex-dolls-a-comprehensive-guide",2,2,0,0,0,0,2,,0,0,0,0,1,1,,2,2,2,0,0,0,0,2,,0,0,0,0,1,1,,2,0,0,,,,,0,,,,,,0,0,,0
"App Generated","/apps/order-tracking",1,2,0,0,0,0,2,,0,0,0,0,1,1,,2,1,2,0,0,0,0,2,,0,0,0,0,1,1,,2,0,0,,,,,0,,,,,,0,0,,0
"Product","/products/t610-45lb-ruka-momoto-obokozu-japanese-sex-doll-life-size-with-tantabosom%E4%B8%A8tantaly",2,2,0,0,0,0,2,,0,0,0,0,1,1,,2,2,2,0,0,0,0,2,,0,0,0,0,1,1,,2,0,0,,,,,0,,,,,,0,0,,0
"Product","/products/f5447-170cm5-6ft-43kg-d-cup-r3-life-size-silicone-sex-doll-real-lady",2,2,0,0,0,0,3,,0,0,0,5.5,1.5,0.5,,1,2,2,0,0,0,0,3,,0,0,0,5.5,1.5,0.5,,1,0,0,,,,,0,,,,,0,0,0,,0
"Product","/products/f1247-164cm-f-cup-luna-big-boobs-doll-irontech-doll",2,2,0,0,0,0,3,,0,0,0,10,1.5,0.5,,1,2,2,0,0,0,0,3,,0,0,0,10,1.5,0.5,,1,0,0,,,,,0,,,,,0,0,0,,0
"Product","/products/f1067-159cm5-2ft-a-cup-lily-tpe-sex-doll-in-stock-usa-fun-west-doll",2,2,0,0,0,0,5,,0,0,0,58,2.5,0.5,,1,2,2,0,0,0,0,5,,0,0,0,58,2.5,0.5,,1,0,0,,,,,0,,,,,0,0,0,,0
,"/en-ca/pages/cheap-sex-doll-guide",2,2,0,0,0,0,2,,0,0,0,0,1,1,,2,2,2,0,0,0,0,2,,0,0,0,0,1,1,,2,0,0,,,,,0,,,,,,0,0,,0
,"/en-ca/blogs/recent-brand-updates-new-arrivals-for-sex-dolls/se-x-bot-ai-sex-doll-head-review",2,2,0,0,0,0,3,,0,0,0,8,1.5,0.5,,1,2,2,0,0,0,0,3,,0,0,0,8,1.5,0.5,,1,0,0,,,,,0,,,,,0,0,0,,0
"Product","/products/f5681-160cm-5ft332-5kg-k-cup-best-fat-huge-breasts-silicone-bbw-sex-doll-in-stock-us-starpery-doll",1,2,0,0,0,0,3,,0,0,0,75.5,1.5,0.5,,1,1,2,0,0,0,0,3,,0,0,0,75.5,1.5,0.5,,1,0,0,,,,,0,,,,,0,0,0,,0
"Product","/products/f2344-151cm4-9ft-65kg-m-cup-bbw-jasmine-huge-breast-silicone-mini-sex-doll%E4%B8%A8climax-doll-pro",2,2,0,0,0,0,11,,0,0,0,731,5.5,0,,0,2,2,0,0,0,0,11,,0,0,0,731,5.5,0,,0,0,0,,,,,0,,,,,0,0,,,
"Product","/products/f1301-168cm-b-cup-luna-coser-sex-doll-irontech-doll",2,2,0,0,0,0,2,,0,0,0,0,1,1,,2,2,2,0,0,0,0,2,,0,0,0,0,1,1,,2,0,0,,,,,0,,,,,,0,0,,0
,"/de/collections/electric-male-sex-doll",2,2,0,0,0,0,4,,0,0,0,44,2,0.5,,1,2,2,0,0,0,0,4,,0,0,0,44,2,0.5,,1,0,0,,,,,0,,,,,0,0,0,,0
"Product","/products/t502-big-boobs-sex-torso-21lb-tpe-round-ass",2,2,0,0,0,0,2,,0,0,0,0,1,1,,2,2,2,0,0,0,0,2,,0,0,0,0,1,1,,2,0,0,,,,,0,,,,,,0,0,,0
"Product","/products/t445-27-56lb-silicone-bbw-sex-doll-torso-for-men-lovenestle",2,2,0,0,0,0,23,,0,0,0,1341,11.5,0,,0,2,2,0,0,0,0,23,,0,0,0,1341,11.5,0,,0,0,0,,,,,0,,,,,0,0,,,
"Product","/products/t282k-107cm-3ft6-24kg-h-cup-sex-with-sexual-doll-silicone-sex-doll-with-head-se-doll",1,2,0,0,0,0,5,,0,0,0,13.5,2.5,0.5,,1,1,2,0,0,0,0,5,,0,0,0,13.5,2.5,0.5,,1,0,0,,,,,0,,,,,0,0,0,,0
"Blog Article","/blogs/dolls-info-qustions/in-depth-review-of-chunmomo-bezlya-collaborative-celebrity-sex-doll",2,2,0,0,0,0,3,,0,0,0,25.5,1.5,0.5,,1,2,2,0,0,0,0,3,,0,0,0,25.5,1.5,0.5,,1,0,0,,,,,0,,,,,0,0,0,,0
"Collection","/collections/asia-sex-doll-heads",2,2,0,0,0,0,2,,0,0,0,0,1,1,,2,2,2,0,0,0,0,2,,0,0,0,0,1,1,,2,0,0,,,,,0,,,,,,0,0,,0
"Product","/products/f1618-163cm-5ft3-g-cup-fat-girl-realistic-silicone-head-sex-doll-rosretty-doll",1,2,0,0,0,0,3,,0,0,0,5.5,1.5,0.5,,1,1,2,0,0,0,0,3,,0,0,0,5.5,1.5,0.5,,1,0,0,,,,,0,,,,,0,0,0,,0
"Product","/products/f7644-8kg-d-cup-animal-hentai-realistic-furry-silicone-sex-doll-doll-castle",2,2,0,0,0,0,4,,0,0,0,104.5,2,0.5,,1,2,2,0,0,0,0,4,,0,0,0,104.5,2,0.5,,1,0,0,,,,,0,,,,,0,0,0,,0
"Product","/products/f3719-163cm5-3ft-serika-e-cup-tpe-young-asian-adult-fantasy-woman-sex-doll-se-doll",2,2,0,0,0,0,51,,0,0,0,1305.5,25.5,0,,0,2,2,0,0,0,0,51,,0,0,0,1305.5,25.5,0,,0,0,0,,,,,0,,,,,0,0,,,
"Blog Article","/blogs/dolls-info-qustions/four-easy-steps-to-transform-your-sex-doll-into-a-milf-sex-doll",2,2,0,0,0,0,2,,0,0,0,0,1,1,,2,2,2,0,0,0,0,2,,0,0,0,0,1,1,,2,0,0,,,,,0,,,,,,0,0,,0
,"/en-ca/products/f9265-150cm-5ft-27-5kg-silicone-head-anime-full-size-sex-dolls-elsa-babe",2,2,0,0,0,0,2,,0,0,0,0,1,1,,2,2,2,0,0,0,0,2,,0,0,0,0,1,1,,2,0,0,,,,,0,,,,,,0,0,,0
"Product","/products/b38-silicone-sex-doll-titfuck-torso-realistic-titfuck-to-climax",2,2,0,0,0,0,10,,0,0,0,530.5,5,0,,0,2,2,0,0,0,0,10,,0,0,0,530.5,5,0,,0,0,0,,,,,0,,,,,0,0,,,
,"/ja/collections/vibrating-sex-doll-torso",2,2,0,0,0,0,2,,0,0,0,0,1,1,,2,2,2,0,0,0,0,2,,0,0,0,0,1,1,,2,0,0,,,,,0,,,,,,0,0,,0
"Product","/products/p106-1-5kg-clownfish-pluggable-mouth-figures-silicone-anime-hentai-sex-toys-castle-doll",2,2,0,0,0,0,2,,0,0,0,0,1,1,,2,2,2,0,0,0,0,2,,0,0,0,0,1,1,,2,0,0,,,,,0,,,,,,0,0,,0
"Product","/products/f1308-160cm-i-cup-penny-black-sex-doll-irontech-doll",2,2,0,0,0,0,10,,0,0,0,474,5,0,,0,2,2,0,0,0,0,10,,0,0,0,474,5,0,,0,0,0,,,,,0,,,,,0,0,,,
,"/en-ca/products/f5500-171cm-5ft6-55kg-c-cup-realistic-silicone-head-tpe-body-sex-doll-in-stock-usa-sy-doll-1",2,2,0,0,0,0,2,,0,0,0,0,1,1,,2,2,2,0,0,0,0,2,,0,0,0,0,1,1,,2,0,0,,,,,0,,,,,,0,0,,0
"Collection","/collections/effeminate-femboy-sex-doll",2,2,0,0,0,0,2,,0,0,0,0,1,1,,2,2,2,0,0,0,0,2,,0,0,0,0,1,1,,2,0,0,,,,,0,,,,,,0,0,,0
"Collection","/collections/20s-sex-doll",2,2,0,0,0,0,3,,0,0,0,10.5,1.5,0.5,,1,2,2,0,0,0,0,3,,0,0,0,10.5,1.5,0.5,,1,0,0,,,,,0,,,,,0,0,0,,0
"Blog Article","/blogs/dolls-info-qustions/celebrity-sex-dolls-revealed-from-screen-to-reality",2,2,0,0,0,0,4,,0,0,0,409.5,2,0,,0,2,2,0,0,0,0,4,,0,0,0,409.5,2,0,,0,0,0,,,,,0,,,,,0,0,,,
"Blog Article","/blogs/dolls-info-qustions/5-unexpected-reasons-you-must-try-shemale-sex-dolls-at-least-once",2,2,0,0,0,0,2,,0,0,0,0,1,1,,2,2,2,0,0,0,0,2,,0,0,0,0,1,1,,2,0,0,,,,,0,,,,,,0,0,,0
"Product","/products/h877-silicone-sex-doll-head-elsa-babe-head",1,2,0,0,0,0,2,,0,0,0,0,1,1,,2,1,2,0,0,0,0,2,,0,0,0,0,1,1,,2,0,0,,,,,0,,,,,,0,0,,0
"Product","/products/t645-59-52lb-grace-ros-life-size-red-head-silicone-sex-doll-torso-with-head-in-stock-usa-max",1,2,0,0,0,0,9,,0,0,0,302,4.5,0.5,,1,1,2,0,0,0,0,9,,0,0,0,302,4.5,0.5,,1,0,0,,,,,0,,,,,0,0,0,,0
,"/en-ca/blogs/dolls-info-qustions/13-sex-doll-storage-practical-tips-youll-definitely-use",2,2,0,0,0,0,2,,0,0,0,0,1,1,,2,2,2,0,0,0,0,2,,0,0,0,0,1,1,,2,0,0,,,,,0,,,,,,0,0,,0
"Product","/products/f1304-153cm-5ft-f-cup-fenny-blonde-milf-petite-silicone-love-doll-irontech-doll",2,2,1,0,0,0,11,,0.5,0,0,1102.5,5.5,0,,0,2,2,1,0,0,0,11,,0.5,0,0,1102.5,5.5,0,,0,0,0,0,,,,0,,0,,,0,0,,,
"Product","/products/f1567k-174cm-5ft7-d-cup-silicone-high-end-sex-dolls-in-stock-us-starpery-doll",2,2,0,0,0,0,3,,0,0,0,41,1.5,0.5,,1,2,2,0,0,0,0,3,,0,0,0,41,1.5,0.5,,1,0,0,,,,,0,,,,,0,0,0,,0
"Product","/products/f1592k-172cm-5ft6-f-cup-redhead-full-body-silicone-female-sex-doll-in-stock-us-starpery-doll",2,2,0,0,0,0,4,,0,0,0,53.5,2,0.5,,1,2,2,0,0,0,0,4,,0,0,0,53.5,2,0.5,,1,0,0,,,,,0,,,,,0,0,0,,0
"Product","/products/f2385-163cm5-3ft-g-cup-138-bbw-big-butt-tpe-sex-doll%E4%B8%A8sy-doll",2,2,0,0,0,0,4,,0,0,0,596.5,2,0.5,,1,2,2,0,0,0,0,4,,0,0,0,596.5,2,0.5,,1,0,0,,,,,0,,,,,0,0,0,,0
"Product","/products/climax-doll-lightweight-torso-head-100cm-t736",2,2,0,0,0,0,2,,0,0,0,0,1,1,,2,2,2,0,0,0,0,2,,0,0,0,0,1,1,,2,0,0,,,,,0,,,,,,0,0,,0
"Blog Article","/blogs/dolls-info-qustions/creating-the-perfect-companion-the-ultimate-guide-to-sex-doll-hair-care",2,2,0,0,0,0,2,,0,0,0,0,1,1,,2,2,2,0,0,0,0,2,,0,0,0,0,1,1,,2,0,0,,,,,0,,,,,,0,0,,0
"Product","/products/f2550-159cm5-2ft-33-5kg-h-cup-ros-max-r8-honey-bronze-silicone-sex-doll-real-lady",2,2,0,0,0,0,22,,0,0,0,592.5,11,0.5,,1,2,2,0,0,0,0,22,,0,0,0,592.5,11,0.5,,1,0,0,,,,,0,,,,,0,0,0,,0
,"/en-ca/collections/bbw-black-sex-doll",2,2,0,0,0,0,5,,0,0,0,33,2.5,0,,0,2,2,0,0,0,0,5,,0,0,0,33,2.5,0,,0,0,0,,,,,0,,,,,0,0,,,
"Product","/products/f9015-161cm-5ft4-57kg-j-cup-tpe-superfat-big-ass-best-bbw-huge-tits-sex-doll-6ye",2,2,0,0,0,0,2,,0,0,0,0,1,1,,2,2,2,0,0,0,0,2,,0,0,0,0,1,1,,2,0,0,,,,,0,,,,,,0,0,,0
,"/de/collections/full-doll",2,2,0,0,0,0,11,,0,0,0,513,5.5,0.5,,1,2,2,0,0,0,0,11,,0,0,0,513,5.5,0.5,,1,0,0,,,,,0,,,,,0,0,0,,0
,"/de/collections/lesbian-sex-doll-1",2,2,0,0,0,0,2,,0,0,0,0,1,1,,2,2,2,0,0,0,0,2,,0,0,0,0,1,1,,2,0,0,,,,,0,,,,,,0,0,,0
"Product","/products/l47667-2lb-104cm-fat-underclothes-sex-doll-legs-climax-doll",2,2,0,0,0,0,3,,0,0,0,12.5,1.5,0.5,,1,2,2,0,0,0,0,3,,0,0,0,12.5,1.5,0.5,,1,0,0,,,,,0,,,,,0,0,0,,0
,"/en-ca/collections/s-tpe-doll",2,2,0,0,0,0,2,,0,0,0,0,1,1,,2,2,2,0,0,0,0,2,,0,0,0,0,1,1,,2,0,0,,,,,0,,,,,,0,0,,0
"Blog Article","/blogs/dolls-info-qustions/how-women-use-sex-dolls",2,2,0,0,0,0,2,,0,0,0,0,1,1,,2,2,2,0,0,0,0,2,,0,0,0,0,1,1,,2,0,0,,,,,0,,,,,,0,0,,0
"Product","/products/t664-15-43lbs-tpr-9-4in-dildo-detachable-real-male-ai-sex-doll-torso-xinse",2,2,0,0,0,0,6,,0,0,0,1317,3,0.5,,1,2,2,0,0,0,0,6,,0,0,0,1317,3,0.5,,1,0,0,,,,,0,,,,,0,0,0,,0
"Product","/products/l47958-4lb-84cm-sex-doll-legs-with-realistic-vagina-anal-big-butt-sex-toy-climax-doll",2,2,0,0,0,0,2,,0,0,0,0,1,1,,2,2,2,0,0,0,0,2,,0,0,0,0,1,1,,2,0,0,,,,,0,,,,,,0,0,,0
,"/ja/collections/silicone-sex-dolls",2,2,0,0,0,0,2,,0,0,0,0,1,1,,2,2,2,0,0,0,0,2,,0,0,0,0,1,1,,2,0,0,,,,,0,,,,,,0,0,,0
"Product","/products/f5121-75cm2ft5-22kg-d-cup-anna-golden-hair-tpe-sex-doll-jx-doll",2,2,0,0,0,0,2,,0,0,0,0,1,1,,2,2,2,0,0,0,0,2,,0,0,0,0,1,1,,2,0,0,,,,,0,,,,,,0,0,,0
"Collection","/collections/b-cup-sex-dolls",2,2,0,0,0,0,3,,0,0,0,19.5,1.5,0.5,,1,2,2,0,0,0,0,3,,0,0,0,19.5,1.5,0.5,,1,0,0,,,,,0,,,,,0,0,0,,0
"Product","/products/b37-yellow-silicone-sex-doll-boobs-torso-titjob",2,2,0,0,0,0,42,,0,0,0,931,21,0.5,,1,2,2,0,0,0,0,42,,0,0,0,931,21,0.5,,1,0,0,,,,,0,,,,,0,0,0,,0
"Blog Article","/blogs/dolls-info-qustions/how-to-heat-the-sex-doll-torso",2,2,0,0,0,0,2,,0,0,0,0,1,1,,2,2,2,0,0,0,0,2,,0,0,0,0,1,1,,2,0,0,,,,,0,,,,,,0,0,,0
,"/de/collections/bbw-milf-sex-doll",2,2,0,0,0,0,4,,0,0,0,40,2,0.5,,1,2,2,0,0,0,0,4,,0,0,0,40,2,0.5,,1,0,0,,,,,0,,,,,0,0,0,,0
"Collection","/collections/clothes-for-sex-dolls",2,2,0,0,0,0,6,,0,0,0,46,3,0.5,,1,2,2,0,0,0,0,6,,0,0,0,46,3,0.5,,1,0,0,,,,,0,,,,,0,0,0,,0
,"/ja/collections/aitia-videos",2,2,0,0,0,0,18,,0,0,0,476.5,9,0,,0,2,2,0,0,0,0,18,,0,0,0,476.5,9,0,,0,0,0,,,,,0,,,,,0,0,,,
"Product","/products/f5703-160cm-5ft2-45-5kg-celebrity-femboy-male-sex-doll-with-7-1in-electric-thrusting-penis-sy-doll",2,2,0,0,0,0,10,,0,0,0,89,5,0.5,,1,2,2,0,0,0,0,10,,0,0,0,89,5,0.5,,1,0,0,,,,,0,,,,,0,0,0,,0
"Blog Article","/blogs/dolls-info-qustions/how-to-prevent-tearing-in-the-vagina-and-anus-of-tpe-or-silicone-sex-dolls",2,2,0,0,0,0,2,,0,0,0,0,1,1,,2,2,2,0,0,0,0,2,,0,0,0,0,1,1,,2,0,0,,,,,0,,,,,,0,0,,0
,"/en-ca/search",2,2,0,0,0,0,65,,0,0,0,903.5,32.5,0.5,,1,2,2,0,0,0,0,65,,0,0,0,903.5,32.5,0.5,,1,0,0,,,,,0,,,,,0,0,0,,0
,"/en-ca/blogs/dolls-info-qustions/a-must-read-for-anime-fans-anime-futa-sex-dolls-bring-your-2d-fantasy-to-life",2,2,0,0,0,0,3,,0,0,0,21,1.5,0.5,,1,2,2,0,0,0,0,3,,0,0,0,21,1.5,0.5,,1,0,0,,,,,0,,,,,0,0,0,,0
,"/ja/collections/shemale-sex-doll-torso-1",2,2,0,0,0,0,7,,0,0,0,780.5,3.5,0,,0,2,2,0,0,0,0,7,,0,0,0,780.5,3.5,0,,0,0,0,,,,,0,,,,,0,0,,,
"Product","/products/f2103-172cm5-6ft-39kg-b-cup-american-blonde-hair-stpe-sex-doll-in-stock-usa-%E4%B8%A8wm-doll",2,2,0,0,0,0,4,,0,0,0,83.5,2,0.5,,1,2,2,0,0,0,0,4,,0,0,0,83.5,2,0.5,,1,0,0,,,,,0,,,,,0,0,0,,0
,"/de/collections/best-sellers-in-ass",2,2,0,0,0,0,4,,0,0,0,18,2,0.5,,1,2,2,0,0,0,0,4,,0,0,0,18,2,0.5,,1,0,0,,,,,0,,,,,0,0,0,,0
"Blog Article","/blogs/sex-doll-torso-blog/how-to-heat-the-sex-doll-torso",2,2,0,0,0,0,2,,0,0,0,0,1,1,,2,2,2,0,0,0,0,2,,0,0,0,0,1,1,,2,0,0,,,,,0,,,,,,0,0,,0
"Product","/products/t59417-61lb-suntan-bbw-pear-shaped-saggy-breasts-sex-doll-torso-big-tits",2,2,0,0,0,0,2,,0,0,0,0,1,1,,2,2,2,0,0,0,0,2,,0,0,0,0,1,1,,2,0,0,,,,,0,,,,,,0,0,,0
"Product","/products/f4758a-175cm5ft9-69kg-x-cup-huge-breast-fat-thick-ass-tpe-ssbbw-chubby-sex-doll-doll-castle",2,2,0,0,0,0,13,,0,0,0,271,6.5,0.5,,1,2,2,0,0,0,0,13,,0,0,0,271,6.5,0.5,,1,0,0,,,,,0,,,,,0,0,0,,0
"Product","/products/f1988-150cm4-9ft-42-5kg-m-cup-bbw-bubble-butt-tpe-sex-dolls%E4%B8%A8wm-doll",2,2,0,0,0,0,3,,0,0,0,72.5,1.5,0.5,,1,2,2,0,0,0,0,3,,0,0,0,72.5,1.5,0.5,,1,0,0,,,,,0,,,,,0,0,0,,0
,"/de/collections/realistic-sex-doll-list",2,2,0,0,0,0,5,,0,0,0,25,2.5,0,,0,2,2,0,0,0,0,5,,0,0,0,25,2.5,0,,0,0,0,,,,,0,,,,,0,0,,,
,"/ja/collections/big-booty-sex-dolls",2,2,0,0,0,0,3,,0,0,0,11.5,1.5,0.5,,1,2,2,0,0,0,0,3,,0,0,0,11.5,1.5,0.5,,1,0,0,,,,,0,,,,,0,0,0,,0
,"/en-ca/products/t600-19-8-lbs-b-cup-realistic-silicone-life-size-sex-doll-torso-top-fire-doll",2,2,0,0,0,0,2,,0,0,0,0,1,1,,2,2,2,0,0,0,0,2,,0,0,0,0,1,1,,2,0,0,,,,,0,,,,,,0,0,,0
"Blog Article","/blogs/dolls-info-qustions/can-dildos-be-installed-on-sex-dolls-of-course",2,2,0,0,0,0,5,,0,0,0,414.5,2.5,0.5,,1,2,2,0,0,0,0,5,,0,0,0,414.5,2.5,0.5,,1,0,0,,,,,0,,,,,0,0,0,,0
,"/en-ca/products/f648-160cm-e-cup-silicone-sex-doll-jiusheng-doll",2,2,0,0,0,0,7,,0,0,0,130.5,3.5,0.5,,1,2,2,0,0,0,0,7,,0,0,0,130.5,3.5,0.5,,1,0,0,,,,,0,,,,,0,0,0,,0
,"/policies/privacy-policy",2,2,0,0,0,0,14,,0,0,0,127,7,0,,0,2,2,0,0,0,0,14,,0,0,0,127,7,0,,0,0,0,,,,,0,,,,,0,0,,,
"Blog Article","/blogs/sex-doll-option-videos/video-04-moaning-sound",2,2,0,0,0,0,2,,0,0,0,0,1,1,,2,2,2,0,0,0,0,2,,0,0,0,0,1,1,,2,0,0,,,,,0,,,,,,0,0,,0
"Blog Article","/blogs/dolls-info-qustions/what-size-penis-should-you-buy-for-your-male-sex-doll",2,2,0,0,0,0,2,,0,0,0,0,1,1,,2,2,2,0,0,0,0,2,,0,0,0,0,1,1,,2,0,0,,,,,0,,,,,,0,0,,0
"Blog Article","/blogs/dolls-info-qustions/best-budget-full-size-sex-dolls-in-2026-azm-ridmii-top-cy-sigafun-reviewed",2,2,0,0,0,0,22,,0,0,0,695,11,0.5,,1,2,2,0,0,0,0,22,,0,0,0,695,11,0.5,,1,0,0,,,,,0,,,,,0,0,0,,0
"Product","/products/f2435-159cm5-2ft-39kg-d-cup-ai-chat-life-size-silicone-head-sex-doll-sigafun-doll",2,2,0,0,0,0,4,,0,0,0,83,2,0.5,,1,2,2,0,0,0,0,4,,0,0,0,83,2,0.5,,1,0,0,,,,,0,,,,,0,0,0,,0
,"/en-ca/collections/sex-doll-torso/products/591sex-doll-torso",2,2,0,0,0,0,6,,0,0,0,17,3,0.5,,1,2,2,0,0,0,0,6,,0,0,0,17,3,0.5,,1,0,0,,,,,0,,,,,0,0,0,,0
,"/de/collections/fantasy-sex-dolls",2,2,0,0,0,0,2,,0,0,0,0,1,1,,2,2,2,0,0,0,0,2,,0,0,0,0,1,1,,2,0,0,,,,,0,,,,,,0,0,,0
"Product","/products/t291-67-24-lbs-marina-ros-life-size-silicone-sex-doll-torso-with-head-in-stock-usa-europe-max-series",2,2,0,0,0,0,4,,0,0,0,8.5,2,0.5,,1,2,2,0,0,0,0,4,,0,0,0,8.5,2,0.5,,1,0,0,,,,,0,,,,,0,0,0,,0
"Collection","/collections/erovenus-doll-in-stock-usa",2,2,0,0,0,0,2,,0,0,0,0,1,1,,2,2,2,0,0,0,0,2,,0,0,0,0,1,1,,2,0,0,,,,,0,,,,,,0,0,,0
"Product","/products/t639-26-5lbs-realistic-dildo-for-silicone-woman-with-male-sex-doll%E4%B8%A8",1,2,0,0,0,0,2,,0,0,0,0,1,1,,2,1,2,0,0,0,0,2,,0,0,0,0,1,1,,2,0,0,,,,,0,,,,,,0,0,,0
"Product","/products/f5518-160cm5ft2-45-2kg-l-cup-meru-fantasy-silicone-heade-sex-doll-in-stock-usa-climax-doll-pro",2,2,0,0,0,0,2,,0,0,0,0,1,1,,2,2,2,0,0,0,0,2,,0,0,0,0,1,1,,2,0,0,,,,,0,,,,,,0,0,,0
"Product","/products/f5495-wm-doll-166cm-silicone-head-tpe-full-sex-doll",2,2,0,0,0,0,2,,0,0,0,0,1,1,,2,2,2,0,0,0,0,2,,0,0,0,0,1,1,,2,0,0,,,,,0,,,,,,0,0,,0
,"/de/blogs/dolls-info-qustions/2025-five-stylish-and-charming-chinese-sex-doll",2,2,0,0,0,0,2,,0,0,0,0,1,1,,2,2,2,0,0,0,0,2,,0,0,0,0,1,1,,2,0,0,,,,,0,,,,,,0,0,,0
"Product","/products/671-vibrating-realsitic-ass-sex-toy-mini-size-ass-sex-torso",2,2,0,0,0,0,12,,0,0,0,68.5,6,0.5,,1,2,2,0,0,0,0,12,,0,0,0,68.5,6,0.5,,1,0,0,,,,,0,,,,,0,0,0,,0
"Blog Article","/blogs/dolls-info-qustions/how-to-use-a-doggy-dildo-doll-from-beginner-basics-to-7-practical-positions",2,2,0,0,0,0,2,,0,0,0,0,1,1,,2,2,2,0,0,0,0,2,,0,0,0,0,1,1,,2,0,0,,,,,0,,,,,,0,0,,0
"Blog Article","/blogs/real-sex-doll-reviews-pros-cons-real-usage-tests/why-the-irontech-165t-s20-is-dominating-the-market-and-becoming-a-global-best-seller",2,2,0,0,0,0,2,,0,0,0,0,1,1,,2,2,2,0,0,0,0,2,,0,0,0,0,1,1,,2,0,0,,,,,0,,,,,,0,0,,0
"Product","/products/t403-black9-92lb-mini-gyatt-bbw-thick-sex-doll-torso-big-round-ass",2,2,0,0,0,0,4,,0,0,0,39.5,2,0.5,,1,2,2,0,0,0,0,4,,0,0,0,39.5,2,0.5,,1,0,0,,,,,0,,,,,0,0,0,,0
"Product","/products/f5950-164cm5ft4-40-5kg-robot-all-in-one-seamless-neck-silicone-celebrity-sex-doll-irontech-doll",2,2,0,0,0,0,2,,0,0,0,0,1,1,,2,2,2,0,0,0,0,2,,0,0,0,0,1,1,,2,0,0,,,,,0,,,,,,0,0,,0
"Product","/products/t421-39lbs-74cm-human-size-luxury-realistic-torso-sex-dolls",2,2,0,0,0,0,8,,0,0,0,128,4,0.5,,1,2,2,0,0,0,0,8,,0,0,0,128,4,0.5,,1,0,0,,,,,0,,,,,0,0,0,,0
"Product","/products/f2579-171cm5-6ft-37-5kg-d-cup-ros-max-pink-lovers-silicone-sex-doll-irontech-doll",1,2,0,0,0,0,8,,0,0,0,370,4,0,,0,1,2,0,0,0,0,8,,0,0,0,370,4,0,,0,0,0,,,,,0,,,,,0,0,,,
"Product","/products/f2431-162cm5-4ft-39kg-h-cup-r1-adela-silicone-sex-doll-real-lady",2,2,0,0,0,0,14,,0,0,0,406,7,0,,0,2,2,0,0,0,0,14,,0,0,0,406,7,0,,0,0,0,,,,,0,,,,,0,0,,,
"Collection","/collections/best-sellers-in-head",2,2,0,0,0,0,2,,0,0,0,0,1,1,,2,2,2,0,0,0,0,2,,0,0,0,0,1,1,,2,0,0,,,,,0,,,,,,0,0,,0
"Collection","/collections/doll-senior-the-twelve-zodiac-series",1,2,0,0,0,0,4,,0,0,0,7.5,2,0,,0,1,2,0,0,0,0,4,,0,0,0,7.5,2,0,,0,0,0,,,,,0,,,,,0,0,,,
"Product","/products/t713-50-7lb-39-3inch-human-size-torso-sex-doll-luxury-sexiest-stripper-plump-hot-sex-toy-for-man",2,2,0,0,0,0,5,,0,0,0,194,2.5,0.5,,1,2,2,0,0,0,0,5,,0,0,0,194,2.5,0.5,,1,0,0,,,,,0,,,,,0,0,0,,0
"Product","/products/t6212-3lbminisize-silicone-sex-doll-torso-sigafun-doll",2,2,0,0,0,0,2,,0,0,0,0,1,1,,2,2,2,0,0,0,0,2,,0,0,0,0,1,1,,2,0,0,,,,,0,,,,,,0,0,,0
"Product","/products/f3800-160cm-5ft2-suzuki-aoi-silicone-anime-hentai-sex-doll-elsa-babe",1,2,0,0,0,0,2,,0,0,0,0,1,1,,2,1,2,0,0,0,0,2,,0,0,0,0,1,1,,2,0,0,,,,,0,,,,,,0,0,,0
,"/en-ca/collections/hentai-sex-dolls-connecting-fantasy-to-reality",2,2,0,0,0,0,10,,0,0,0,889,5,0.5,,1,2,2,0,0,0,0,10,,0,0,0,889,5,0.5,,1,0,0,,,,,0,,,,,0,0,0,,0
"Product","/products/f302-160cm5ft2-34kg-a-cup-life-size-premium-flat-chest-stpe-sex-doll-in-stock-usa-wm-doll",1,2,0,0,0,0,5,,0,0,0,108.5,2.5,0.5,,1,1,2,0,0,0,0,5,,0,0,0,108.5,2.5,0.5,,1,0,0,,,,,0,,,,,0,0,0,,0
"Collection","/collections/elsa-babe-head-factory-photos",2,2,0,0,0,0,2,,0,0,0,0,1,1,,2,2,2,0,0,0,0,2,,0,0,0,0,1,1,,2,0,0,,,,,0,,,,,,0,0,,0
"Collection","/collections/tpe-torso",2,2,0,0,0,0,14,,0,0,0,351,7,0,,0,2,2,0,0,0,0,14,,0,0,0,351,7,0,,0,0,0,,,,,0,,,,,0,0,,,
"Product","/products/f2198-165cm5ft4-g-cup-s43-sylvia-silicone-sex-doll-irontech-doll",2,2,0,0,0,0,21,,0,0,0,460.5,10.5,0.5,,1,2,2,0,0,0,0,21,,0,0,0,460.5,10.5,0.5,,1,0,0,,,,,0,,,,,0,0,0,,0
,"/en-ca/products/t1220-17-5kg-38-6lbs-tpe-realistic-sex-doll-torso-du-ai",2,2,0,0,0,0,2,,0,0,0,0,1,1,,2,2,2,0,0,0,0,2,,0,0,0,0,1,1,,2,0,0,,,,,0,,,,,,0,0,,0
"Collection","/collections/irontech-doll-factory-photos",2,2,0,0,0,0,71,,0,0,0,1193.5,35.5,0,,0,2,2,0,0,0,0,71,,0,0,0,1193.5,35.5,0,,0,0,0,,,,,0,,,,,0,0,,,
"Product","/products/f8112k-162cm-5ft3-40-5kg-h-cup-m29-plump-body-silicone-bbw-sex-doll-in-stock-us-md-doll",2,2,0,0,0,0,13,,0,0,0,369.5,6.5,0,,0,2,2,0,0,0,0,13,,0,0,0,369.5,6.5,0,,0,0,0,,,,,0,,,,,0,0,,,
"Product","/products/h001-sex-doll-head",2,2,0,0,0,0,37,,0,0,0,1393.5,18.5,0.5,,1,2,2,0,0,0,0,37,,0,0,0,1393.5,18.5,0.5,,1,0,0,,,,,0,,,,,0,0,0,,0
"Product","/products/f1751-173cm-5ft7-c-cup-petite-clown-movable-jaw-realistic-love-doll-rosretty-dolls",2,2,0,0,0,0,3,,0,0,0,35.5,1.5,0.5,,1,2,2,0,0,0,0,3,,0,0,0,35.5,1.5,0.5,,1,0,0,,,,,0,,,,,0,0,0,,0
"Blog Article","/blogs/dolls-info-qustions/celebrity-sex-dolls-hot-picks-6-asian-inspired-star-lookalikes",2,2,0,0,0,0,2,,0,0,0,0,1,1,,2,2,2,0,0,0,0,2,,0,0,0,0,1,1,,2,0,0,,,,,0,,,,,,0,0,,0
,"/ja/blogs/dolls-info-qustions/shocking-in-depth-review-of-naimi-1-1-celebrity-sex-doll",2,2,0,0,0,0,2,,0,0,0,0,1,1,,2,2,2,0,0,0,0,2,,0,0,0,0,1,1,,2,0,0,,,,,0,,,,,,0,0,,0
"Product","/products/593-49lb-80cm-the-realistic-flat-chested-sex-doll-torso-delicate-skin-graceful-figure",2,2,0,0,0,0,3,,0,0,0,15.5,1.5,0.5,,1,2,2,0,0,0,0,3,,0,0,0,15.5,1.5,0.5,,1,0,0,,,,,0,,,,,0,0,0,,0
"Collection","/collections/cartoon-sex-doll",2,2,0,0,0,0,4,,0,0,0,80,2,0.5,,1,2,2,0,0,0,0,4,,0,0,0,80,2,0.5,,1,0,0,,,,,0,,,,,0,0,0,,0
"Collection","/collections/full-round-huge-breast-sex-doll",2,2,0,0,0,0,3,,0,0,0,2,1.5,0.5,,1,2,2,0,0,0,0,3,,0,0,0,2,1.5,0.5,,1,0,0,,,,,0,,,,,0,0,0,,0
,"/de/blogs/dolls-info-qustions/why-do-men-love-sucking-breasts-reasons-revealed-busty-sex-doll-recommendations",2,2,0,0,0,0,2,,0,0,0,0,1,1,,2,2,2,0,0,0,0,2,,0,0,0,0,1,1,,2,0,0,,,,,0,,,,,,0,0,,0
"Collection","/collections/aibei-doll",2,2,0,0,0,0,4,,0,0,0,104,2,0.5,,1,2,2,0,0,0,0,4,,0,0,0,104,2,0.5,,1,0,0,,,,,0,,,,,0,0,0,,0
,"/en-ca/collections/blue-skin-alien",2,2,0,0,0,0,30,,0,0,0,236,15,0,,0,2,2,0,0,0,0,30,,0,0,0,236,15,0,,0,0,0,,,,,0,,,,,0,0,,,
"Product","/products/f7148-155rcm5-12ft-32-5kg-2-1-a-cup-robot-silicone-head-adult-asian-sex-doll-bezlya-doll",2,2,0,0,0,0,56,,0,0,0,913,28,0.5,,1,2,2,0,0,0,0,56,,0,0,0,913,28,0.5,,1,0,0,,,,,0,,,,,0,0,0,,0
"Product","/products/a686-luxury-silicone-big-ass-torso-29lb",2,2,0,0,0,0,2,,0,0,0,0,1,1,,2,2,2,0,0,0,0,2,,0,0,0,0,1,1,,2,0,0,,,,,0,,,,,,0,0,,0
"Product","/products/f8112-162cm-5ft3-40-5kg-h-cup-m29-plump-body-silicone-sex-doll-md-doll",2,2,0,0,0,0,8,,0,0,0,529,4,0.5,,1,2,2,0,0,0,0,8,,0,0,0,529,4,0.5,,1,0,0,,,,,0,,,,,0,0,0,,0
"Blog Article","/blogs/dolls-info-qustions/how-a-most-realistic-male-sex-doll-is-manufactured",2,2,0,0,0,0,2,,0,0,0,0,1,1,,2,2,2,0,0,0,0,2,,0,0,0,0,1,1,,2,0,0,,,,,0,,,,,,0,0,,0
"Product","/products/irontech-ros-silicone-doll-153cm-f732",2,2,0,0,0,0,10,,0,0,0,1048,5,0,,0,2,2,0,0,0,0,10,,0,0,0,1048,5,0,,0,0,0,,,,,0,,,,,0,0,,,
"Blog Article","/blogs/dolls-info-qustions/what-is-the-difference-between-ai-sex-dolls-and-sex-robots",2,2,0,0,0,0,3,,0,0,0,135,1.5,0.5,,1,2,2,0,0,0,0,3,,0,0,0,135,1.5,0.5,,1,0,0,,,,,0,,,,,0,0,0,,0
"Product","/products/f7120-168cm5-5ft-42-5kg-2-2u-e-cup-premium-chinese-sex-doll-with-3-love-holes-live-action-cosplay-bezlya-doll",2,2,1,0,0,0,17,,0.5,0,0,352,8.5,0,,0,2,2,1,0,0,0,17,,0.5,0,0,352,8.5,0,,0,0,0,0,,,,0,,0,,,0,0,,,
"Checkout","/60719464687/orders/c6a3b99e5d3b461e37ae900dd6087fbb",2,2,0,0,0,0,2,,0,0,0,0,1,1,,2,2,2,0,0,0,0,2,,0,0,0,0,1,1,,2,0,0,,,,,0,,,,,,0,0,,0
"Product","/products/p117-2-2lb-fake-pussy-realistic-masturbator-mini-hentai-sex-doll-torso-in-stock-mrl",2,2,0,0,0,0,2,,0,0,0,0,1,1,,2,2,2,0,0,0,0,2,,0,0,0,0,1,1,,2,0,0,,,,,0,,,,,,0,0,,0
"Product","/products/f8165-150cm-5ft-27-5kg-silicone-anime-hentai-sex-doll-elsa-babe",2,2,0,0,0,0,21,,0,0,0,402.5,10.5,0.5,,1,2,2,0,0,0,0,21,,0,0,0,402.5,10.5,0.5,,1,0,0,,,,,0,,,,,0,0,0,,0
"Product","/products/f9343-elsa-babe-hentai-sex-toy-silicone-head-150cm-27-5kg",2,2,0,0,0,0,30,,0,0,0,447,15,0,,0,2,2,0,0,0,0,30,,0,0,0,447,15,0,,0,0,0,,,,,0,,,,,0,0,,,
,"/en-fi/blogs/sex-doll-torso-blog/top-7-sex-poses-with-your-torso-sex-doll",2,2,0,0,0,0,2,,0,0,0,0,1,1,,2,2,2,0,0,0,0,2,,0,0,0,0,1,1,,2,0,0,,,,,0,,,,,,0,0,,0
"Product","/products/t289-79-37-lbs-lydia-ros-life-size-silicone-sex-doll-torso-with-head-in-stock-usa-europe-max-series",2,2,0,0,0,0,36,,0,0,0,2954.5,18,0,,0,2,2,0,0,0,0,36,,0,0,0,2954.5,18,0,,0,0,0,,,,,0,,,,,0,0,,,
"Collection","/collections/facial-expressions-ai-sex-doll",2,2,0,0,0,0,16,,0,0,0,484.5,8,0,,0,2,2,0,0,0,0,16,,0,0,0,484.5,8,0,,0,0,0,,,,,0,,,,,0,0,,,
"Product","/products/a515-5-68lb-lightweight-realistic-butt-cheap-mini-sex-toy-male-masturbator",2,2,0,0,0,0,2,,0,0,0,0.5,1,1,,2,2,2,0,0,0,0,2,,0,0,0,0.5,1,1,,2,0,0,,,,,0,,,,,0,0,0,,0
"Product","/products/f1028-fun-west-doll-anime-adult-sex-dolls-stpe-155cm-34kg-in-stock-usa-eu",1,2,0,0,0,0,43,,0,0,0,1405.5,21.5,0,,0,1,2,0,0,0,0,43,,0,0,0,1405.5,21.5,0,,0,0,0,,,,,0,,,,,0,0,,,
"Product","/products/h232-ros-silicone-sex-doll-head%E4%B8%A8wm-doll-head",2,2,0,0,0,0,4,,0,0,0,88,2,0.5,,1,2,2,0,0,0,0,4,,0,0,0,88,2,0.5,,1,0,0,,,,,0,,,,,0,0,0,,0
"Product","/products/f1049-159cm-tpe-sex-doll-fun-west-doll",2,2,0,0,0,0,3,,0,0,0,42,1.5,0.5,,1,2,2,0,0,0,0,3,,0,0,0,42,1.5,0.5,,1,0,0,,,,,0,,,,,0,0,0,,0
"Product","/products/f2267-163cm-f-cup-eve-silicone-sex-doll-normon-doll",2,2,0,0,0,0,2,,0,0,0,0,1,1,,2,2,2,0,0,0,0,2,,0,0,0,0,1,1,,2,0,0,,,,,0,,,,,,0,0,,0
"Blog Article","/blogs/dolls-info-qustions/lusandy-doll-redefining-realism-and-the-warmth-of-companionship",2,2,0,0,0,0,2,,0,0,0,0,1,1,,2,2,2,0,0,0,0,2,,0,0,0,0,1,1,,2,0,0,,,,,0,,,,,,0,0,,0
"Product","/products/a461-27-87lb-caroline-big-ass-sex-doll-torso-lovenestle",2,2,0,0,0,0,8,,0,0,0,91,4,0.5,,1,2,2,0,0,0,0,8,,0,0,0,91,4,0.5,,1,0,0,,,,,0,,,,,0,0,0,,0
"Blog Article","/blogs/dolls-info-qustions/how-to-integrate-sex-toys-and-torso-sex-dolls-into-foreplay",2,2,0,0,0,0,2,,0,0,0,0,1,1,,2,2,2,0,0,0,0,2,,0,0,0,0,1,1,,2,0,0,,,,,0,,,,,,0,0,,0
"Blog Article","/blogs/dolls-info-qustions/sex-torso-vs-masturbation-which-one-is-right-for-you-this-article-has-the-answer",2,2,0,0,0,0,2,,0,0,0,0,1,1,,2,2,2,0,0,0,0,2,,0,0,0,0,1,1,,2,0,0,,,,,0,,,,,,0,0,,0
"Product","/products/t720-9-03lb-anime-cow-wife-silicone-tomboy-furry-futa-hentai-sex-doll-mrl",2,2,0,0,0,0,2,,0,0,0,0,1,1,,2,2,2,0,0,0,0,2,,0,0,0,0,1,1,,2,0,0,,,,,0,,,,,,0,0,,0
"Checkout","/60719464687/orders/05a1c0adb90b2e7e4d5fe857bd86d102",2,2,0,0,0,0,2,,0,0,0,0,1,1,,2,2,2,0,0,0,0,2,,0,0,0,0,1,1,,2,0,0,,,,,0,,,,,,0,0,,0
"Product","/products/f3471-160cm5f3-42kg-h-cup-chubby-tpe-sex-doll-aibei-doll",2,2,0,0,0,0,2,,0,0,0,0,1,1,,2,2,2,0,0,0,0,2,,0,0,0,0,1,1,,2,0,0,,,,,0,,,,,,0,0,,0
"Collection","/collections/lifesize-male-sex-doll-torso",2,2,0,0,0,0,8,,0,0,0,152.5,4,0.5,,1,2,2,0,0,0,0,8,,0,0,0,152.5,4,0.5,,1,0,0,,,,,0,,,,,0,0,0,,0
"Product","/products/f4485-158cm5-2ft-33kg-d-cup-anime-silicone-head-sex-doll%E4%B8%A86ye",2,2,0,0,0,0,2,,0,0,0,0,1,1,,2,2,2,0,0,0,0,2,,0,0,0,0,1,1,,2,0,0,,,,,0,,,,,,0,0,,0
"Product","/products/f5467-161cm5-3ft-53kg-i-cup-vica-silicone-ssbbw-sex-doll%E4%B8%A8climax-doll-ultra",2,2,0,0,0,0,2,,0,0,0,0,1,1,,2,2,2,0,0,0,0,2,,0,0,0,0,1,1,,2,0,0,,,,,0,,,,,,0,0,,0
"Product","/products/f5936-155mcm5-1ft-38kg-2-2cf-e-cup-furry-sex-doll-in-purple-plush-cat-costume-realistic-silicone-anime-catgirl-doll-for-adults-bezlya-doll",1,2,0,0,0,0,2,,0,0,0,0,1,1,,2,1,2,0,0,0,0,2,,0,0,0,0,1,1,,2,0,0,,,,,0,,,,,,0,0,,0
"Product","/products/f2384-sy-163cm-g-cup-bbw-big-ass-life-size-sex-doll",2,2,0,0,0,0,2,,0,0,0,0,1,1,,2,2,2,0,0,0,0,2,,0,0,0,0,1,1,,2,0,0,,,,,0,,,,,,0,0,,0
"Product","/products/f9148k-150cm-4ft9-29kg-f-cup-mini-silicone-full-size-sex-doll-in-stock-us-starpery-doll",2,2,0,0,0,0,2,,0,0,0,0,1,1,,2,2,2,0,0,0,0,2,,0,0,0,0,1,1,,2,0,0,,,,,0,,,,,,0,0,,0
"Collection","/collections/lesbian-sex-doll-1",2,2,0,0,0,0,4,,0,0,0,201,2,0.5,,1,2,2,0,0,0,0,4,,0,0,0,201,2,0.5,,1,0,0,,,,,0,,,,,0,0,0,,0
"Product","/products/t346-3-86lb-muscle-tail-anime-fake-pussy-silicone-tomboy-furry-hentai-sex-doll-mrl",2,2,0,0,0,0,7,,0,0,0,55.5,3.5,0.5,,1,2,2,0,0,0,0,7,,0,0,0,55.5,3.5,0.5,,1,0,0,,,,,0,,,,,0,0,0,,0
"Collection","/collections/black-ass-sex-doll",2,2,0,0,0,0,3,,0,0,0,38.5,1.5,0.5,,1,2,2,0,0,0,0,3,,0,0,0,38.5,1.5,0.5,,1,0,0,,,,,0,,,,,0,0,0,,0
,"/en-ca/collections/tantaly-sex-doll",2,2,0,0,0,0,4,,0,0,0,105.5,2,0.5,,1,2,2,0,0,0,0,4,,0,0,0,105.5,2,0.5,,1,0,0,,,,,0,,,,,0,0,0,,0
"Product","/products/f2596-150cm-f-cup-silicone-realistic-real-lady-sex-doll",2,2,0,0,0,0,31,,0,0,0,519,15.5,0,,0,2,2,0,0,0,0,31,,0,0,0,519,15.5,0,,0,0,0,,,,,0,,,,,0,0,,,
"Blog Article","/blogs/dolls-info-qustions/complete-analysis-of-sex-doll-torso-skeleton-structure-and-its-benefits",2,2,0,0,0,0,2,,0,0,0,0,1,1,,2,2,2,0,0,0,0,2,,0,0,0,0,1,1,,2,0,0,,,,,0,,,,,,0,0,,0
,"/en-ca/products/f6128-157cm-5ft1-29kg-b-cup-realistic-skinny-tpe-sex-doll-sy-doll",2,2,0,0,0,0,2,,0,0,0,0,1,1,,2,2,2,0,0,0,0,2,,0,0,0,0,1,1,,2,0,0,,,,,0,,,,,,0,0,,0
"Product","/products/f9113-21kg-a-cup-rabbit-police-officer-anime-best-animal-hentai-sex-doll-castle-doll",2,2,0,0,0,0,21,,0,0,0,273,10.5,0.5,,1,2,2,0,0,0,0,21,,0,0,0,273,10.5,0.5,,1,0,0,,,,,0,,,,,0,0,0,,0
"Product","/products/h125-sex-doll-head",2,2,0,0,0,0,6,,0,0,0,243.5,3,0.5,,1,2,2,0,0,0,0,6,,0,0,0,243.5,3,0.5,,1,0,0,,,,,0,,,,,0,0,0,,0
,"/ja/blogs/real-sex-doll-reviews-pros-cons-real-usage-tests/2026-meru-hentai-sex-doll-review-comprehensive-comparison-of-4-hot-models",2,2,0,0,0,0,2,,0,0,0,0,1,1,,2,2,2,0,0,0,0,2,,0,0,0,0,1,1,,2,0,0,,,,,0,,,,,,0,0,,0
,"/de/blogs/dolls-info-qustions/firefly-diary-max-series-arrives-2-major-updates-in-november",2,2,0,0,0,0,2,,0,0,0,0,1,1,,2,2,2,0,0,0,0,2,,0,0,0,0,1,1,,2,0,0,,,,,0,,,,,,0,0,,0
"Product","/products/t3",2,2,0,0,0,0,32,,0,0,0,2014.5,16,0.5,,1,2,2,0,0,0,0,32,,0,0,0,2014.5,16,0.5,,1,0,0,,,,,0,,,,,0,0,0,,0
,"/en-ca/collections/life-size-shemale-sex-doll",1,2,0,0,0,0,10,,0,0,0,91,5,0,,0,1,2,0,0,0,0,10,,0,0,0,91,5,0,,0,0,0,,,,,0,,,,,0,0,,,
"Product","/products/h111-sex-doll-head",2,2,0,0,0,0,3,,0,0,0,10.5,1.5,0.5,,1,2,2,0,0,0,0,3,,0,0,0,10.5,1.5,0.5,,1,0,0,,,,,0,,,,,0,0,0,,0
,"/en-fi/collections/huge-breast-torso-sex-doll",2,2,0,0,0,0,3,,0,0,0,5.5,1.5,0.5,,1,2,2,0,0,0,0,3,,0,0,0,5.5,1.5,0.5,,1,0,0,,,,,0,,,,,0,0,0,,0
,"/en-ca/collections/cheap-sex-doll",1,2,0,0,0,0,7,,0,0,0,453,3.5,0.5,,1,1,2,0,0,0,0,7,,0,0,0,453,3.5,0.5,,1,0,0,,,,,0,,,,,0,0,0,,0
,"/de/collections",2,2,0,0,0,0,2,,0,0,0,0,1,1,,2,2,2,0,0,0,0,2,,0,0,0,0,1,1,,2,0,0,,,,,0,,,,,,0,0,,0
"Collection","/collections/o-cup-sex-doll",2,2,0,0,0,0,39,,0,0,0,1839,19.5,0.5,,1,2,2,0,0,0,0,39,,0,0,0,1839,19.5,0.5,,1,0,0,,,,,0,,,,,0,0,0,,0
,"/en-ca/products/f346-166cm5ft5-33kg-c-cup-premium-boxing-women-tpe-sex-doll-wm-doll",2,2,0,0,0,0,6,,0,0,0,78.5,3,0.5,,1,2,2,0,0,0,0,6,,0,0,0,78.5,3,0.5,,1,0,0,,,,,0,,,,,0,0,0,,0
"Product","/products/f4852-160cm5ft3-35kg-e-cup-silicone-ros-best-asian-chinese-sex-doll%E4%B8%A8doll-senior",2,2,0,0,0,0,3,,0,0,0,78.5,1.5,0.5,,1,2,2,0,0,0,0,3,,0,0,0,78.5,1.5,0.5,,1,0,0,,,,,0,,,,,0,0,0,,0
"Product","/products/f1930k-164cm5ft4-f-cup-lucky-life-size-sex-doll-irontech-doll",2,2,0,0,0,0,2,,0,0,0,0,1,1,,2,2,2,0,0,0,0,2,,0,0,0,0,1,1,,2,0,0,,,,,0,,,,,,0,0,,0
"Blog Article","/blogs/dolls-info-qustions/what-is-the-experience-like-with-a-big-ass-sex-doll-real-feelings-in-depth-review",2,2,0,0,0,0,2,,0,0,0,0,1,1,,2,2,2,0,0,0,0,2,,0,0,0,0,1,1,,2,0,0,,,,,0,,,,,,0,0,,0
"Product","/products/f3002-fun-west-doll-life-size-sex-doll-stpe-155cm-34kg-in-stock-usa",2,2,0,0,0,0,2,,0,0,0,0,1,1,,2,2,2,0,0,0,0,2,,0,0,0,0,1,1,,2,0,0,,,,,0,,,,,,0,0,,0
"Product","/products/h411-ros-free-hair-impants-real-oral-movable-jaw-silicone-sex-doll-head-sy-doll",2,2,0,0,0,0,10,,0,0,0,350.5,5,0.5,,1,2,2,0,0,0,0,10,,0,0,0,350.5,5,0.5,,1,0,0,,,,,0,,,,,0,0,0,,0
"Product","/products/t912-108cm3ft7-30kg-j-cup-silicone-head-movable-jaw-sle-body-bubble-butt-sex-doll-torso-with-head-zelex-doll-1",2,2,0,0,0,0,2,,0,0,0,0,1,1,,2,2,2,0,0,0,0,2,,0,0,0,0,1,1,,2,0,0,,,,,0,,,,,,0,0,,0
"Product","/products/f6336-life-size-ros-sex-doll-realistic",1,2,0,0,0,0,5,,0,0,0,330,2.5,0.5,,1,1,2,0,0,0,0,5,,0,0,0,330,2.5,0.5,,1,0,0,,,,,0,,,,,0,0,0,,0
"Collection","/collections/torso-sex-dolls",2,2,0,0,0,0,3,,0,0,0,7.5,1.5,0.5,,1,2,2,0,0,0,0,3,,0,0,0,7.5,1.5,0.5,,1,0,0,,,,,0,,,,,0,0,0,,0
"Product","/products/f9041-164cm-5ft5-37-5kg-g-cup-cheap-realistic-silicone-sex-dolls-zelex-doll",2,2,0,0,0,0,2,,0,0,0,0,1,1,,2,2,2,0,0,0,0,2,,0,0,0,0,1,1,,2,0,0,,,,,0,,,,,,0,0,,0
"Product","/products/t693-64-6lb-meru-anime-alien-sex-doll-torso-with-flat-chest-silicone-head-red-skin-torso-pro",2,2,0,0,0,0,3,,0,0,0,463.5,1.5,0.5,,1,2,2,0,0,0,0,3,,0,0,0,463.5,1.5,0.5,,1,0,0,,,,,0,,,,,0,0,0,,0
,"/en-ca/blogs/sex-doll-torso-blog/4-best-sex-doll-torsos-for-titty-sex",2,2,0,0,0,0,5,,0,0,0,74,2.5,0.5,,1,2,2,0,0,0,0,5,,0,0,0,74,2.5,0.5,,1,0,0,,,,,0,,,,,0,0,0,,0
"Collection","/collections/nianta-doll-factory-photos",1,1,0,0,0,0,6,,0,0,0,368,6,0,,0,1,1,0,0,0,0,6,,0,0,0,368,6,0,,0,0,0,,,,,0,,,,,0,0,,,
"Blog Article","/blogs/recent-brand-updates-new-arrivals-for-sex-dolls/sy-doll-redefining-oral-interaction-for-robotic-sex-dolls",1,1,0,0,0,0,1,,0,0,0,0,1,1,,1,1,1,0,0,0,0,1,,0,0,0,0,1,1,,1,0,0,,,,,0,,,,,,0,0,,0
"Blog Article","/blogs/dolls-info-qustions/sex-experts-recommend-top-ten-sex-pillows-to-enhance-your-bbw-sex-doll-experience",1,1,0,0,0,0,1,,0,0,0,0,1,1,,1,1,1,0,0,0,0,1,,0,0,0,0,1,1,,1,0,0,,,,,0,,,,,,0,0,,0
,"/en-fi/blogs/dolls-info-qustions/the-top-5-most-popular-naked-sex-dolls-in-2025",1,1,0,0,0,0,1,,0,0,0,0,1,1,,1,1,1,0,0,0,0,1,,0,0,0,0,1,1,,1,0,0,,,,,0,,,,,,0,0,,0
"Collection","/collections/sex-doll-in-stock-europe-all",1,1,0,0,0,0,1,,0,0,0,0,1,1,,1,1,1,0,0,0,0,1,,0,0,0,0,1,1,,1,0,0,,,,,0,,,,,,0,0,,0
,"/de/collections/electric-sex-doll-head",1,1,0,0,0,0,1,,0,0,0,0,1,1,,1,1,1,0,0,0,0,1,,0,0,0,0,1,1,,1,0,0,,,,,0,,,,,,0,0,,0
,"/en-fi/blogs/dolls-info-qustions/how-women-use-sex-dolls",1,1,0,0,0,0,2,,0,0,0,20,2,0,,0,1,1,0,0,0,0,2,,0,0,0,20,2,0,,0,0,0,,,,,0,,,,,0,0,,,
"Product","/products/h107-sex-doll-head",1,1,0,0,0,0,1,,0,0,0,0,1,1,,1,1,1,0,0,0,0,1,,0,0,0,0,1,1,,1,0,0,,,,,0,,,,,,0,0,,0
"Blog Article","/blogs/dolls-info-qustions/keep-sex-doll-like-new-essential-cleaning-and-maintenance-tips",1,1,0,0,0,0,1,,0,0,0,0,1,1,,1,1,1,0,0,0,0,1,,0,0,0,0,1,1,,1,0,0,,,,,0,,,,,,0,0,,0
,"/he/blogs/dolls-info-qustions/3-reasons-why-you-should-buy-sex-dolls-for-your-partner",1,1,0,0,0,0,1,,0,0,0,0,1,1,,1,1,1,0,0,0,0,1,,0,0,0,0,1,1,,1,0,0,,,,,0,,,,,,0,0,,0
,"/en-ca/collections/best-sellers-in-big-boobs",1,1,0,0,0,0,2,,0,0,0,323,2,0,,0,1,1,0,0,0,0,2,,0,0,0,323,2,0,,0,0,0,,,,,0,,,,,0,0,,,
"Product","/products/f311-163cm5-3ft-51kg-198-h-cup-dora-best-bbw-milf-big-booty-stpe-sex-doll-in-stock-usa-%E4%B8%A8wm-doll",1,1,0,0,0,0,2,,0,0,0,508,2,0,,0,1,1,0,0,0,0,2,,0,0,0,508,2,0,,0,0,0,,,,,0,,,,,0,0,,,
"Product","/products/f2530-165cm-35kg-f-cup-mia-life-size-silicone-sex-doll-felexia-doll",1,1,0,0,0,0,1,,0,0,0,0,1,1,,1,1,1,0,0,0,0,1,,0,0,0,0,1,1,,1,0,0,,,,,0,,,,,,0,0,,0
"Blog Article","/blogs/dolls-info-qustions/what-is-it-like-to-use-a-shemale-sex-doll",1,1,0,0,0,0,1,,0,0,0,0,1,1,,1,1,1,0,0,0,0,1,,0,0,0,0,1,1,,1,0,0,,,,,0,,,,,,0,0,,0
"Product","/products/f5639-171cm-40kg-c-cup-silicone-head-movable-jaw-sle-body-silicone-celebrity-sex-doll-in-stock-usa-canada-zelex-doll",1,1,0,0,0,0,1,,0,0,0,0,1,1,,1,1,1,0,0,0,0,1,,0,0,0,0,1,1,,1,0,0,,,,,0,,,,,,0,0,,0
,"/en-fi/collections/18s-sex-doll",1,1,0,0,0,0,3,,0,0,0,42,3,0,,0,1,1,0,0,0,0,3,,0,0,0,42,3,0,,0,0,0,,,,,0,,,,,0,0,,,
,"/ja/blogs/dolls-info-qustions/top-5-most-popular-silicone-torso-sex-dolls-which-one-is-the-true-goddess",1,1,0,0,0,0,1,,0,0,0,0,1,1,,1,1,1,0,0,0,0,1,,0,0,0,0,1,1,,1,0,0,,,,,0,,,,,,0,0,,0
,"/ja/blogs/dolls-info-qustions/budget-under-200-check-out-these-7-cheap-mini-sex-dolls",1,1,0,0,0,0,1,,0,0,0,0,1,1,,1,1,1,0,0,0,0,1,,0,0,0,0,1,1,,1,0,0,,,,,0,,,,,,0,0,,0
"Product","/products/f3521-163cm5-4ft-51kg-h-cup-bbw-tpe-sex-doll%E4%B8%A8wm-doll",1,1,0,0,0,0,1,,0,0,0,0,1,1,,1,1,1,0,0,0,0,1,,0,0,0,0,1,1,,1,0,0,,,,,0,,,,,,0,0,,0
,"/en-ca/collections/200-299",1,1,0,0,0,0,1,,0,0,0,0,1,1,,1,1,1,0,0,0,0,1,,0,0,0,0,1,1,,1,0,0,,,,,0,,,,,,0,0,,0
"Blog Article","/blogs/sex-doll-torso-blog/fake-pussy-why-men-choose",1,1,0,0,0,0,1,,0,0,0,0,1,1,,1,1,1,0,0,0,0,1,,0,0,0,0,1,1,,1,0,0,,,,,0,,,,,,0,0,,0
,"/ja/collections/starpery-doll-videos",1,1,0,0,0,0,1,,0,0,0,0,1,1,,1,1,1,0,0,0,0,1,,0,0,0,0,1,1,,1,0,0,,,,,0,,,,,,0,0,,0
,"/de/collections/asian-sex-doll",1,1,0,0,0,0,1,,0,0,0,0,1,1,,1,1,1,0,0,0,0,1,,0,0,0,0,1,1,,1,0,0,,,,,0,,,,,,0,0,,0
"Collection","/collections/judy-rona-in-stock-usa",1,1,0,0,0,0,2,,0,0,0,14,2,0,,0,1,1,0,0,0,0,2,,0,0,0,14,2,0,,0,0,0,,,,,0,,,,,0,0,,,
"Blog Article","/blogs/dolls-info-qustions/five-points-show-how-men-love-big-ass",1,1,0,0,0,0,1,,0,0,0,0,1,1,,1,1,1,0,0,0,0,1,,0,0,0,0,1,1,,1,0,0,,,,,0,,,,,,0,0,,0
"Product","/collections/life-sized-sex-doll/products/65cm-realistic-sex-doll-torso-with-perky-breasts-and-big-sexy-ass-509-sex-doll-torso",1,1,0,0,0,0,3,,0,0,0,59,3,0,,0,1,1,0,0,0,0,3,,0,0,0,59,3,0,,0,0,0,,,,,0,,,,,0,0,,,
"Collection","/collections/sy-doll-videos",1,1,0,0,0,0,1,,0,0,0,0,1,1,,1,1,1,0,0,0,0,1,,0,0,0,0,1,1,,1,0,0,,,,,0,,,,,,0,0,,0
,"/en-ca/blogs/dolls-info-qustions/waist-hip-ratio-off-the-charts-deep-dive-into-the-top-5-sex-doll-brands",1,1,0,0,0,0,1,,0,0,0,0,1,1,,1,1,1,0,0,0,0,1,,0,0,0,0,1,1,,1,0,0,,,,,0,,,,,,0,0,,0
"Collection","/collections/torso-in-stock-usa",1,1,0,0,0,0,1,,0,0,0,0,1,1,,1,1,1,0,0,0,0,1,,0,0,0,0,1,1,,1,0,0,,,,,0,,,,,,0,0,,0
"Product","/products/f7520-176cm-5ft7-c-cup-weight-loss-silicone-sex-doll-darianna-starpery-doll",1,1,0,0,0,0,1,,0,0,0,0,1,1,,1,1,1,0,0,0,0,1,,0,0,0,0,1,1,,1,0,0,,,,,0,,,,,,0,0,,0
"Product","/products/f9117-160cm-5ft2-36kg-g-cup-silicone-sexual-male-best-shemale-sex-doll-castle-doll",1,1,0,0,0,0,1,,0,0,0,0,1,1,,1,1,1,0,0,0,0,1,,0,0,0,0,1,1,,1,0,0,,,,,0,,,,,,0,0,,0
,"/en-ca/blogs/dolls-info-qustions/pay-in-4",1,1,0,0,0,0,1,,0,0,0,0,1,1,,1,1,1,0,0,0,0,1,,0,0,0,0,1,1,,1,0,0,,,,,0,,,,,,0,0,,0
"Product","/products/f7113-156cm5-12ft-29-7kg-2-1-b-cup-robot-silicone-head-adult-asian-sex-doll-bezlya-doll",1,1,0,0,0,0,1,,0,0,0,0,1,1,,1,1,1,0,0,0,0,1,,0,0,0,0,1,1,,1,0,0,,,,,0,,,,,,0,0,,0
"Product","/products/f5518-160cm5ft2-45-2kg-l-cup-meru-fantasy-silicone-heade-sex-doll-climax-doll-pro",1,1,0,0,0,0,1,,0,0,0,0,1,1,,1,1,1,0,0,0,0,1,,0,0,0,0,1,1,,1,0,0,,,,,0,,,,,,0,0,,0
,"/en-fi/blogs/dolls-info-qustions/test-3",1,1,0,0,0,0,2,,0,0,0,11,2,0,,0,1,1,0,0,0,0,2,,0,0,0,11,2,0,,0,0,0,,,,,0,,,,,0,0,,,
"Product","/products/f9330-150cm-4ft9-41kg-b-cup-ros-silicone-head-shemale-doll-hot-sex-doll-castle",1,1,0,0,0,0,12,,0,0,0,934,12,0,,0,1,1,0,0,0,0,12,,0,0,0,934,12,0,,0,0,0,,,,,0,,,,,0,0,,,
"Product","/products/f2396-158cm-5ft2-32kg-e-cup-big-breast-sexy-silicone-sex-doll-irontech%E4%B8%A8bailey-doll",1,1,0,0,0,0,27,,0,0,0,768,27,0,,0,1,1,0,0,0,0,27,,0,0,0,768,27,0,,0,0,0,,,,,0,,,,,0,0,,,
,"/en-ca/collections/monster-hentai-sex-doll",1,1,0,0,0,0,3,,0,0,0,15,3,0,,0,1,1,0,0,0,0,3,,0,0,0,15,3,0,,0,0,0,,,,,0,,,,,0,0,,,
"Product","/products/v321-silicone-realistic-feet-with-socks-sock-fleshlight-for-unique-fetish",1,1,0,0,0,0,2,,0,0,0,21,2,0,,0,1,1,0,0,0,0,2,,0,0,0,21,2,0,,0,0,0,,,,,0,,,,,0,0,,,
,"/en-ca/blogs/dolls-info-qustions/why-do-female-characters-in-anime-often-have-exaggeratedly-large-breasts",1,1,0,0,0,0,1,,0,0,0,0,1,1,,1,1,1,0,0,0,0,1,,0,0,0,0,1,1,,1,0,0,,,,,0,,,,,,0,0,,0
"Blog Article","/blogs/dolls-info-qustions/top-2026-powerful-tutorial-prevent-genital-tears-for-sex-dolls",1,1,0,0,0,0,1,,0,0,0,0,1,1,,1,1,1,0,0,0,0,1,,0,0,0,0,1,1,,1,0,0,,,,,0,,,,,,0,0,,0
,"/ja/blogs/dolls-info-qustions/why-do-women-enjoy-anal-sex-5-honest-reasons-you-never-expected",1,1,0,0,0,0,1,,0,0,0,0,1,1,,1,1,1,0,0,0,0,1,,0,0,0,0,1,1,,1,0,0,,,,,0,,,,,,0,0,,0
"Product","/products/f2311-167cm5ft5-d-cup-s20-ros-silicone-sex-doll-irontech-doll",1,1,0,0,0,0,6,,0,0,0,107,6,0,,0,1,1,0,0,0,0,6,,0,0,0,107,6,0,,0,0,0,,,,,0,,,,,0,0,,,
"Product","/products/t280-48-5lbs-80cm-884-lightweight-life-size-sex-doll-torso-climax-doll",1,1,0,0,0,0,1,,0,0,0,1,1,1,,1,1,1,0,0,0,0,1,,0,0,0,1,1,1,,1,0,0,,,,,0,,,,,0,0,0,,0
"Collection","/collections/sex-torso-doll-in-stock-europe",1,1,0,0,0,0,5,,0,0,0,158,5,0,,0,1,1,0,0,0,0,5,,0,0,0,158,5,0,,0,0,0,,,,,0,,,,,0,0,,,
,"/ja/collections/male-masturbator",1,1,0,0,0,0,4,,0,0,0,1454,4,0,,0,1,1,0,0,0,0,4,,0,0,0,1454,4,0,,0,0,0,,,,,0,,,,,0,0,,,
"Product","/products/a323-big-ass-torso-liquid-silicone-32lb-chubby-belly-ass",1,1,0,0,0,0,19,,0,0,0,1202,19,0,,0,1,1,0,0,0,0,19,,0,0,0,1202,19,0,,0,0,0,,,,,0,,,,,0,0,,,
"Blog Index","/blogs/complete-sex-doll-guide-for-beginners",1,1,0,0,0,0,1,,0,0,0,0,1,1,,1,1,1,0,0,0,0,1,,0,0,0,0,1,1,,1,0,0,,,,,0,,,,,,0,0,,0
"Collection","/collections/lusandy-doll-videos",1,1,0,0,0,0,1,,0,0,0,0,1,1,,1,1,1,0,0,0,0,1,,0,0,0,0,1,1,,1,0,0,,,,,0,,,,,,0,0,,0
,"/de/blogs/dolls-info-qustions/the-ultimate-guide-to-starpery-sex-dolls-the-realism-and-innovation",1,1,0,0,0,0,1,,0,0,0,0,1,1,,1,1,1,0,0,0,0,1,,0,0,0,0,1,1,,1,0,0,,,,,0,,,,,,0,0,,0
,"/ja/collections/all",1,1,0,0,0,0,2,,0,0,0,42,2,0,,0,1,1,0,0,0,0,2,,0,0,0,42,2,0,,0,0,0,,,,,0,,,,,0,0,,,
"Collection","/collections/silicone-torso",1,1,0,0,0,0,1,,0,0,0,0,1,1,,1,1,1,0,0,0,0,1,,0,0,0,0,1,1,,1,0,0,,,,,0,,,,,,0,0,,0
"Checkout","/60719464687/orders/f7104ca8ac8ec4ce809baa3b30cc1c82",1,1,0,0,0,0,1,,0,0,0,0,1,1,,1,1,1,0,0,0,0,1,,0,0,0,0,1,1,,1,0,0,,,,,0,,,,,,0,0,,0
,"/en-fi/products/t480-sy-doll-d-cup-silicone-torso-human-sex-robot-movable-jaw",1,1,0,0,0,0,1,,0,0,0,5,1,1,,1,1,1,0,0,0,0,1,,0,0,0,5,1,1,,1,0,0,,,,,0,,,,,0,0,0,,0
,"/en-ca/products/h528-mini-anime-silicone-sex-doll-head-elsa-babe-head",1,1,0,0,0,0,1,,0,0,0,0,1,1,,1,1,1,0,0,0,0,1,,0,0,0,0,1,1,,1,0,0,,,,,0,,,,,,0,0,,0
,"/en-ca/blogs/dolls-info-qustions/recommended-electric-torso-dolls",1,1,0,0,0,0,1,,0,0,0,0,1,1,,1,1,1,0,0,0,0,1,,0,0,0,0,1,1,,1,0,0,,,,,0,,,,,,0,0,,0
"Blog Article","/blogs/dolls-info-qustions/how-to-effectively-reduce-the-weight-of-a-bbw-sex-doll-torso-tips-and-advice",1,1,0,0,0,0,1,,0,0,0,0,1,1,,1,1,1,0,0,0,0,1,,0,0,0,0,1,1,,1,0,0,,,,,0,,,,,,0,0,,0
,"/ja/blogs/dolls-info-qustions/why-do-people-feel-biological-reproductive-desire-for-characters-in-hentai-anime-nbsp",1,1,0,0,0,0,1,,0,0,0,0,1,1,,1,1,1,0,0,0,0,1,,0,0,0,0,1,1,,1,0,0,,,,,0,,,,,,0,0,,0
"Product","/products/f4465-153cm5ft-34kg-h-cup-silicone-japanese-nurse-sex-doll-medical-roleplay-love-doll-aibei-doll",1,1,0,0,0,0,5,,0,0,0,1974,5,0,,0,1,1,0,0,0,0,5,,0,0,0,1974,5,0,,0,0,0,,,,,0,,,,,0,0,,,
"Product","/products/f8077-150cm-5ft-27kg-m15-medium-chest-chinese-silicone-sex-doll-md-doll",1,1,0,0,0,0,1,,0,0,0,0,1,1,,1,1,1,0,0,0,0,1,,0,0,0,0,1,1,,1,0,0,,,,,0,,,,,,0,0,,0
,"/en-ca/collections/black-cocoa-sex-doll",1,1,0,0,0,0,1,,0,0,0,0,1,1,,1,1,1,0,0,0,0,1,,0,0,0,0,1,1,,1,0,0,,,,,0,,,,,,0,0,,0
"Collection","/collections/black-sex-doll-entry-level",1,1,0,0,0,0,1,,0,0,0,0,1,1,,1,1,1,0,0,0,0,1,,0,0,0,0,1,1,,1,0,0,,,,,0,,,,,,0,0,,0
"Collection","/collections/elsa-babe-videos",1,1,0,0,0,0,1,,0,0,0,0,1,1,,1,1,1,0,0,0,0,1,,0,0,0,0,1,1,,1,0,0,,,,,0,,,,,,0,0,,0
,"/en-fi/collections/the-best-male-sex-dolls-of-2024-explained-choosing-your-ideal-lover",1,1,0,0,0,0,1,,0,0,0,0,1,1,,1,1,1,0,0,0,0,1,,0,0,0,0,1,1,,1,0,0,,,,,0,,,,,,0,0,,0
"Product","/products/f4558-170cm5-7ft-40kg-d-cup-medium-butt-silicone-real-fit-sex-doll%E4%B8%A8sy-doll-1",1,1,0,0,0,0,1,,0,0,0,0,1,1,,1,1,1,0,0,0,0,1,,0,0,0,0,1,1,,1,0,0,,,,,0,,,,,,0,0,,0
,"/en-ca/collections/black-sex-doll-under-100",1,1,1,1,1,1,9,1,1,1,1,172,9,0,1,0,1,1,1,1,1,1,9,1,1,1,1,172,9,0,1,0,0,0,0,0,0,0,0,0,0,0,0,0,0,,0,
"Product","/products/587-18-74lbsex-doll-torso-with-fully-automatic-cleaning",1,1,0,0,0,0,1,,0,0,0,0,1,1,,1,1,1,0,0,0,0,1,,0,0,0,0,1,1,,1,0,0,,,,,0,,,,,,0,0,,0
,"/en-ca/products/h442-ros-free-hair-impants-real-oral-movable-jaw-silicone-sex-doll-head-sy-doll",1,1,0,0,0,0,1,,0,0,0,0,1,1,,1,1,1,0,0,0,0,1,,0,0,0,0,1,1,,1,0,0,,,,,0,,,,,,0,0,,0
,"/en-fi/products/h424-ros-free-hair-impants-real-oral-movable-jaw-silicone-sex-doll-head-sy-doll",1,1,0,0,0,0,1,,0,0,0,0,1,1,,1,1,1,0,0,0,0,1,,0,0,0,0,1,1,,1,0,0,,,,,0,,,,,,0,0,,0
"Blog Article","/blogs/dolls-info-qustions/safe",1,1,0,0,0,0,2,,0,0,0,23,2,0,,0,1,1,0,0,0,0,2,,0,0,0,23,2,0,,0,0,0,,,,,0,,,,,0,0,,,
"Product","/products/f5708-158cm-5ft2-36kg-g-cup-silicone-sexual-male-best-shemale-sex-doll-castle-doll",1,1,0,0,0,0,15,,0,0,0,1161,15,0,,0,1,1,0,0,0,0,15,,0,0,0,1161,15,0,,0,0,0,,,,,0,,,,,0,0,,,
"Checkout","/60719464687/orders/044eb4fc192893c301fd8a3a5caeb884",1,1,0,0,0,0,9,,0,0,0,848,9,0,,0,1,1,0,0,0,0,9,,0,0,0,848,9,0,,0,0,0,,,,,0,,,,,0,0,,,
,"/ja/blogs/featured-blog/exploring-the-unique-appeal-and-features-of-torso-sex-dolls",1,1,0,0,0,0,1,,0,0,0,0,1,1,,1,1,1,0,0,0,0,1,,0,0,0,0,1,1,,1,0,0,,,,,0,,,,,,0,0,,0
,"/ja/collections/bbw-milf-sex-doll",1,1,0,0,0,0,3,,0,0,0,39,3,0,,0,1,1,0,0,0,0,3,,0,0,0,39,3,0,,0,0,0,,,,,0,,,,,0,0,,,
"Blog Article","/blogs/dolls-info-qustions/budget-under-200-check-out-these-7-cheap-mini-sex-dolls",1,1,0,0,0,0,1,,0,0,0,0,1,1,,1,1,1,0,0,0,0,1,,0,0,0,0,1,1,,1,0,0,,,,,0,,,,,,0,0,,0
,"/de/collections/firefly-diary-videos",1,1,0,0,0,0,6,,0,0,0,243,6,0,,0,1,1,0,0,0,0,6,,0,0,0,243,6,0,,0,0,0,,,,,0,,,,,0,0,,,
,"/en-ca/blogs/dolls-info-qustions/your-first-sex-doll-the-ultimate-beginner-s-guide-to-using-her-right",1,1,0,0,0,0,1,,0,0,0,0,1,1,,1,1,1,0,0,0,0,1,,0,0,0,0,1,1,,1,0,0,,,,,0,,,,,,0,0,,0
"Product","/products/f4683-150cm-5ft2-40-6kg-akira-d-cup-s-tpe-european-sex-doll-piper-doll",1,1,0,0,0,0,4,,0,0,0,64,4,0,,0,1,1,0,0,0,0,4,,0,0,0,64,4,0,,0,0,0,,,,,0,,,,,0,0,,,
"Product","/products/f9203-165cm5ft4-32kg-f-cup-sleeping-fully-articulated-skeleton-silicone-gel-breast-most-realistic-sex-doll%E4%B8%A8doll-senior",1,1,0,0,0,0,1,,0,0,0,0,1,1,,1,1,1,0,0,0,0,1,,0,0,0,0,1,1,,1,0,0,,,,,0,,,,,,0,0,,0
,"/en-ca/collections/big-ass-sex-dolls",1,1,0,0,0,0,4,,0,0,0,194,4,0,,0,1,1,0,0,0,0,4,,0,0,0,194,4,0,,0,0,0,,,,,0,,,,,0,0,,,
"Product","/products/t686k-73-8lb-hazel-torso-with-head-sex-doll-silicone-head-torso-pro",1,1,0,0,0,0,1,,0,0,0,0,1,1,,1,1,1,0,0,0,0,1,,0,0,0,0,1,1,,1,0,0,,,,,0,,,,,,0,0,,0
"Product","/products/f1219-160cm-46kg-i-cup-betty-big-breasts-japanese-wife-sex-doll-romantic-partner-irontech-doll",1,1,0,0,0,0,1,,0,0,0,0,1,1,,1,1,1,0,0,0,0,1,,0,0,0,0,1,1,,1,0,0,,,,,0,,,,,,0,0,,0
,"/en-ca/products/f5633-166cm-5ft3-35-7kg-k-cup-silicone-celebrity-sex-dollzelex-sle-2-0-in-stock-usa-canada-zelex-doll",1,1,0,0,0,0,1,,0,0,0,0,1,1,,1,1,1,0,0,0,0,1,,0,0,0,0,1,1,,1,0,0,,,,,0,,,,,,0,0,,0
"Blog Article","/blogs/dolls-info-qustions/dress-up-your-male-sex-doll",1,1,0,0,0,0,2,,0,0,0,50,2,0,,0,1,1,0,0,0,0,2,,0,0,0,50,2,0,,0,0,0,,,,,0,,,,,0,0,,,
"Collection","/collections/over-9in-male-sex-doll",1,1,0,0,0,0,1,,0,0,0,0,1,1,,1,1,1,0,0,0,0,1,,0,0,0,0,1,1,,1,0,0,,,,,0,,,,,,0,0,,0
,"/ja/blogs/dolls-info-qustions/how-to-make-a-fake-ass-sex-toy",1,1,0,0,0,0,1,,0,0,0,0,1,1,,1,1,1,0,0,0,0,1,,0,0,0,0,1,1,,1,0,0,,,,,0,,,,,,0,0,,0
"Product","/products/546-4lb-lightweight-black-ass-sex-doll-torso",1,1,0,0,0,0,1,,0,0,0,0,1,1,,1,1,1,0,0,0,0,1,,0,0,0,0,1,1,,1,0,0,,,,,0,,,,,,0,0,,0
"Collection","/collections/galaxy",1,1,0,0,0,0,3,,0,0,0,159,3,0,,0,1,1,0,0,0,0,3,,0,0,0,159,3,0,,0,0,0,,,,,0,,,,,0,0,,,
"Product","/products/f7531k-151cm-4ft9-b-cup-mini-asian-teen-silicone-sex-doll-in-stock-us-starpery-doll",1,1,0,0,0,0,1,,0,0,0,0,1,1,,1,1,1,0,0,0,0,1,,0,0,0,0,1,1,,1,0,0,,,,,0,,,,,,0,0,,0
"Blog Article","/blogs/dolls-info-qustions/have-sex-with-a-japnese-sex-doll",1,1,0,0,0,0,1,,0,0,0,0,1,1,,1,1,1,0,0,0,0,1,,0,0,0,0,1,1,,1,0,0,,,,,0,,,,,,0,0,,0
"Product","/products/h619-ros-silicone-sex-doll-head-zelex-doll-head",1,1,0,0,0,0,1,,0,0,0,0,1,1,,1,1,1,0,0,0,0,1,,0,0,0,0,1,1,,1,0,0,,,,,0,,,,,,0,0,,0
"Product","/products/sigafun-f728-164cm-g-cup-sex-doll-emotional-support-companion",1,1,0,0,0,0,1,,0,0,0,0,1,1,,1,1,1,0,0,0,0,1,,0,0,0,0,1,1,,1,0,0,,,,,0,,,,,,0,0,,0
,"/ja/collections/tpe-body-silicone-head",1,1,0,0,0,0,1,,0,0,0,0,1,1,,1,1,1,0,0,0,0,1,,0,0,0,0,1,1,,1,0,0,,,,,0,,,,,,0,0,,0
"Product","/products/p331-automatic-pocket-pussy-sex-toy-for-men-jiuai",1,1,0,0,0,0,1,,0,0,0,0,1,1,,1,1,1,0,0,0,0,1,,0,0,0,0,1,1,,1,0,0,,,,,0,,,,,,0,0,,0
"Product","/products/f4491-159cm5f2-52kg-o-cup-chubby-realistic-tpe-sex-doll-aibei-doll",1,1,0,0,0,0,5,,0,0,0,1427,5,0,,0,1,1,0,0,0,0,5,,0,0,0,1427,5,0,,0,0,0,,,,,0,,,,,0,0,,,
"Product","/products/f5536-165cm-5ft5-50kg-n-cup-ebony-black-tpe-bbw-sex-doll-6ye",1,1,0,0,0,0,32,,0,0,0,1793,32,0,,0,1,1,0,0,0,0,32,,0,0,0,1793,32,0,,0,0,0,,,,,0,,,,,0,0,,,
,"/en-ca/products/f4344-163cm5ft3-34kg-c-cup-asian-tpe-sex-doll-wm-doll",1,1,0,0,0,0,1,,0,0,0,0,1,1,,1,1,1,0,0,0,0,1,,0,0,0,0,1,1,,1,0,0,,,,,0,,,,,,0,0,,0
"Product","/products/f8070-161cm5-28ft-32-8kg-2-1-i-cup-silicone-head-adult-japanese-bunny-queen-sex-doll-bezlya-doll",1,1,0,0,0,0,1,,0,0,0,0,1,1,,1,1,1,0,0,0,0,1,,0,0,0,0,1,1,,1,0,0,,,,,0,,,,,,0,0,,0
"Collection","/collections/black-sex-doll-tanned",1,1,0,0,0,0,24,,0,0,0,1690,24,0,,0,1,1,0,0,0,0,24,,0,0,0,1690,24,0,,0,0,0,,,,,0,,,,,0,0,,,
,"/en-ca/collections/cartoon-sex-doll",1,1,0,0,0,0,2,,0,0,0,647,2,0,,0,1,1,0,0,0,0,2,,0,0,0,647,2,0,,0,0,0,,,,,0,,,,,0,0,,,
,"/en-fi/products/h524-mini-anime-silicone-sex-doll-head-elsa-babe-head",1,1,0,0,0,0,1,,0,0,0,0,1,1,,1,1,1,0,0,0,0,1,,0,0,0,0,1,1,,1,0,0,,,,,0,,,,,,0,0,,0
"Product","/products/f6280-160cm-5ft3-34kg-e-cup-silicone-closed-eyes-sex-doll-with-large-breasts-firefly-diary-max",1,1,0,0,0,0,1,,0,0,0,0,1,1,,1,1,1,0,0,0,0,1,,0,0,0,0,1,1,,1,0,0,,,,,0,,,,,,0,0,,0
,"/en-fi/products/h092-sex-doll-head",1,1,0,0,0,0,1,,0,0,0,0,1,1,,1,1,1,0,0,0,0,1,,0,0,0,0,1,1,,1,0,0,,,,,0,,,,,,0,0,,0
,"/de/pages/avada-sitemap",1,1,0,0,0,0,1,,0,0,0,0,1,1,,1,1,1,0,0,0,0,1,,0,0,0,0,1,1,,1,0,0,,,,,0,,,,,,0,0,,0
,"/ja/blogs/dolls-info-qustions/recommended-electric-torso-dolls",1,1,0,0,0,0,1,,0,0,0,0,1,1,,1,1,1,0,0,0,0,1,,0,0,0,0,1,1,,1,0,0,,,,,0,,,,,,0,0,,0
"Product","/products/f5030-170cm-5ft6-d-cup-asian-silicone-sex-doll-jx-doll",1,1,0,0,0,0,21,,0,0,0,592,21,0,,0,1,1,0,0,0,0,21,,0,0,0,592,21,0,,0,0,0,,,,,0,,,,,0,0,,,
,"/ja/collections/doll-senior-the-twelve-zodiac-series",1,1,0,0,0,0,1,,0,0,0,0,1,1,,1,1,1,0,0,0,0,1,,0,0,0,0,1,1,,1,0,0,,,,,0,,,,,,0,0,,0
"Blog Article","/blogs/recent-brand-updates-new-arrivals-for-sex-dolls/mrl-fantasy-sex-toys-realistic-anime-furry-and-monster-girl-torso-collection",1,1,0,0,0,0,3,,0,0,0,83,3,0,,0,1,1,0,0,0,0,3,,0,0,0,83,3,0,,0,0,0,,,,,0,,,,,0,0,,,
,"/ja/blogs/dolls-info-qustions/how-to-deal-with-stuck-joints-in-sex-dolls-professional-repair-and-maintenance-guide",1,1,0,0,0,0,1,,0,0,0,0,1,1,,1,1,1,0,0,0,0,1,,0,0,0,0,1,1,,1,0,0,,,,,0,,,,,,0,0,,0
,"/ja/blogs/complete-sex-doll-guide-for-beginners/sex-doll-unboxing-guide-for-beginners-what-every-new-owner-should-know",1,1,0,0,0,0,1,,0,0,0,0,1,1,,1,1,1,0,0,0,0,1,,0,0,0,0,1,1,,1,0,0,,,,,0,,,,,,0,0,,0
,"/en-ca/blogs/featured-blog/over-10-effective-tips-for-drying-sex-doll-torso-vagina-and-anal",1,1,0,0,0,0,1,,0,0,0,0,1,1,,1,1,1,0,0,0,0,1,,0,0,0,0,1,1,,1,0,0,,,,,0,,,,,,0,0,,0
,"/en-ca/products/f4231-175cm5-9ft-38kg-d-cup-celebrity-tpe-sex-doll%E4%B8%A8wm-doll",1,1,0,0,0,0,1,,0,0,0,0,1,1,,1,1,1,0,0,0,0,1,,0,0,0,0,1,1,,1,0,0,,,,,0,,,,,,0,0,,0
"Product","/products/t966-76cm-2-5ft-36kg-g-cup-silicone-head-cheap-huge-breast-bbw-sex-doll-torso-with-head-rosretty-doll",1,1,0,0,0,0,1,,0,0,0,0,1,1,,1,1,1,0,0,0,0,1,,0,0,0,0,1,1,,1,0,0,,,,,0,,,,,,0,0,,0
,"/en-fi/products/h510-mini-anime-silicone-sex-doll-head-elsa-babe-head",1,1,0,0,0,0,1,,0,0,0,0,1,1,,1,1,1,0,0,0,0,1,,0,0,0,0,1,1,,1,0,0,,,,,0,,,,,,0,0,,0
"Blog Article","/blogs/dolls-info-qustions/the-history-of-male-sex-toys",1,1,0,0,0,0,2,,0,0,0,7,2,0,,0,1,1,0,0,0,0,2,,0,0,0,7,2,0,,0,0,0,,,,,0,,,,,0,0,,,
"Product","/products/f5556-150cm-5ft-27-5kg-life-size-hentai-anime-silicone-sex-doll-elsa-babe",1,1,0,0,0,0,1,,0,0,0,0,1,1,,1,1,1,0,0,0,0,1,,0,0,0,0,1,1,,1,0,0,,,,,0,,,,,,0,0,,0
"Blog Article","/blogs/dolls-info-qustions/eco-friendly-using-sex-doll",1,1,0,0,0,0,1,,0,0,0,0,1,1,,1,1,1,0,0,0,0,1,,0,0,0,0,1,1,,1,0,0,,,,,0,,,,,,0,0,,0
,"/en-fi/collections/best-sellers-in-big-boobs",1,1,0,0,0,0,1,,0,0,0,0,1,1,,1,1,1,0,0,0,0,1,,0,0,0,0,1,1,,1,0,0,,,,,0,,,,,,0,0,,0
"Product","/products/f148-153cm-tpe-sex-doll",1,1,0,0,0,0,1,,0,0,0,0,1,1,,1,1,1,0,0,0,0,1,,0,0,0,0,1,1,,1,0,0,,,,,0,,,,,,0,0,,0
,"/ja/collections/climax-doll-videos",1,1,0,0,0,0,2,,0,0,0,7,2,0,,0,1,1,0,0,0,0,2,,0,0,0,7,2,0,,0,0,0,,,,,0,,,,,0,0,,,
,"/de/blogs/dolls-info-qustions/do-older-women-still-use-sex-toys",1,1,0,0,0,0,1,,0,0,0,0,1,1,,1,1,1,0,0,0,0,1,,0,0,0,0,1,1,,1,0,0,,,,,0,,,,,,0,0,,0
"Blog Article","/blogs/dolls-info-qustions/2026-doggy-dildo-doll-user-guide",1,1,0,0,0,0,1,,0,0,0,0,1,1,,1,1,1,0,0,0,0,1,,0,0,0,0,1,1,,1,0,0,,,,,0,,,,,,0,0,,0
"Product","/products/f6019-163cm-5ft4-43kg-h-cup-asian-silicone-head-tpe-body-sex-doll-shedoll",1,1,0,0,0,0,4,,0,0,0,1660,4,0,,0,1,1,0,0,0,0,4,,0,0,0,1660,4,0,,0,0,0,,,,,0,,,,,0,0,,,
,"/en-ca/products/p76-5-49lb-fake-pussy-mini-hentai-sex-toy-mrl",1,1,0,0,0,0,9,,0,0,0,1037,9,0,,0,1,1,0,0,0,0,9,,0,0,0,1037,9,0,,0,0,0,,,,,0,,,,,0,0,,,
"Product","/products/in-stock-usa-p73-8-82lb-diphallia-futanari-big-penis-double-penis-shemale-hentai-cheap-male-sex-doll-mrl",1,1,0,0,0,0,1,,0,0,0,0,1,1,,1,1,1,0,0,0,0,1,,0,0,0,0,1,1,,1,0,0,,,,,0,,,,,,0,0,,0
"Collection","/collections/bbw-sex-doll-list",1,1,0,0,0,0,3,,0,0,0,66,3,0,,0,1,1,0,0,0,0,3,,0,0,0,66,3,0,,0,0,0,,,,,0,,,,,0,0,,,
,"/en-ca/blogs/dolls-info-qustions/why-are-female-sex-dolls-more-popular-than-male-sex-dolls",1,1,0,0,0,0,1,,0,0,0,0,1,1,,1,1,1,0,0,0,0,1,,0,0,0,0,1,1,,1,0,0,,,,,0,,,,,,0,0,,0
"Custom Page","/pages/intellectual-property-rights",1,1,0,0,0,0,1,,0,0,0,0,1,1,,1,1,1,0,0,0,0,1,,0,0,0,0,1,1,,1,0,0,,,,,0,,,,,,0,0,,0
"Product","/products/f2458-164cm5-4ft-39kg-g-cup-ada-life-size-silicone-head-sex-doll-in-stock-us-sigafun-doll",1,1,0,0,0,0,1,,0,0,0,0,1,1,,1,1,1,0,0,0,0,1,,0,0,0,0,1,1,,1,0,0,,,,,0,,,,,,0,0,,0
"Product","/products/f4780-162cm5-4ft-39-5kg-2-2u-b-cup-asian-real-silicone-chinese-sex-doll-bezlya-doll",1,1,0,0,0,0,11,,0,0,0,1155,11,0,,0,1,1,0,0,0,0,11,,0,0,0,1155,11,0,,0,0,0,,,,,0,,,,,0,0,,,
"Product","/products/f7548-168cm-5ft5-41kg-f-cup-tpe-body-silicone-head-japanese-young-sex-doll-in-stock-usa-lilydoll",1,1,0,0,0,0,1,,0,0,0,0,1,1,,1,1,1,0,0,0,0,1,,0,0,0,0,1,1,,1,0,0,,,,,0,,,,,,0,0,,0
"Collection","/collections/c-cup-sex-dolls",1,1,0,0,0,0,3,,0,0,0,421,3,0,,0,1,1,0,0,0,0,3,,0,0,0,421,3,0,,0,0,0,,,,,0,,,,,0,0,,,
"Product","/products/f4338-153cm5-1ft-32kg-b-cup-asian-tpe-sex-doll%E4%B8%A8wm-doll",1,1,0,0,0,0,5,,0,0,0,1285,5,0,,0,1,1,0,0,0,0,5,,0,0,0,1285,5,0,,0,0,0,,,,,0,,,,,0,0,,,
,"/ja/collections/firefly-diary",1,1,0,0,0,0,15,,0,0,0,453,15,0,,0,1,1,0,0,0,0,15,,0,0,0,453,15,0,,0,0,0,,,,,0,,,,,0,0,,,
,"/ja/blogs/featured-blog/the-best-hyper-realistic-sex-dolls-brands-features-and-buying-guide",1,1,0,0,0,0,1,,0,0,0,0,1,1,,1,1,1,0,0,0,0,1,,0,0,0,0,1,1,,1,0,0,,,,,0,,,,,,0,0,,0
"Collection","/collections/lilydoll",1,1,0,0,0,0,1,,0,0,0,0,1,1,,1,1,1,0,0,0,0,1,,0,0,0,0,1,1,,1,0,0,,,,,0,,,,,,0,0,,0
,"/en-ca/products/f3498-166cm5f4-41kg-h-cup-big-breast-sex-doll-aibei-doll",1,1,0,0,0,0,3,,0,0,0,91,3,0,,0,1,1,0,0,0,0,3,,0,0,0,91,3,0,,0,0,0,,,,,0,,,,,0,0,,,
,"/en-ca/products/f1484-160cm5ft3-45-2kg-l-cup-hellen-yoland-celebrity-tpe-sex-doll-climax-doll",1,1,0,0,0,0,2,,0,0,0,46,2,0,,0,1,1,0,0,0,0,2,,0,0,0,46,2,0,,0,0,0,,,,,0,,,,,0,0,,,
"Collection","/collections/orgasm-hentai-sex-doll",1,1,0,0,0,0,1,,0,0,0,0,1,1,,1,1,1,0,0,0,0,1,,0,0,0,0,1,1,,1,0,0,,,,,0,,,,,,0,0,,0
,"/en-ca/products/f5965-sy-doll-flat-chest-fantasy-sex-dolls-movable-jaw-elf-silicone-150cm-29kg-a-cup",1,1,0,0,0,0,1,,0,0,0,0,1,1,,1,1,1,0,0,0,0,1,,0,0,0,0,1,1,,1,0,0,,,,,0,,,,,,0,0,,0
"Collection","/collections/se-doll-videos",1,1,0,0,0,0,1,,0,0,0,0,1,1,,1,1,1,0,0,0,0,1,,0,0,0,0,1,1,,1,0,0,,,,,0,,,,,,0,0,,0
,"/policies/refund-policy",1,1,0,0,0,0,5,,0,0,0,866,5,0,,0,1,1,0,0,0,0,5,,0,0,0,866,5,0,,0,0,0,,,,,0,,,,,0,0,,,
,"/blog/xxx",1,1,0,0,0,0,1,,0,0,0,0,1,1,,1,1,1,0,0,0,0,1,,0,0,0,0,1,1,,1,0,0,,,,,0,,,,,,0,0,,0
,"/vi/collections/mini-sex-doll",1,1,0,0,0,0,1,,0,0,0,0,1,1,,1,1,1,0,0,0,0,1,,0,0,0,0,1,1,,1,0,0,,,,,0,,,,,,0,0,,0
"Product","/products/f3516-160cm5-2ft-39kg-d-cup-asian-tpe-sex-doll%E4%B8%A8wm-doll",1,1,0,0,0,0,5,,0,0,0,1285,5,0,,0,1,1,0,0,0,0,5,,0,0,0,1285,5,0,,0,0,0,,,,,0,,,,,0,0,,,
,"/de/products/f1247-164cm-f-cup-luna-big-boobs-doll-irontech-doll",1,1,0,0,0,0,1,,0,0,0,0,1,1,,1,1,1,0,0,0,0,1,,0,0,0,0,1,1,,1,0,0,,,,,0,,,,,,0,0,,0
,"/ja/collections/vendors",1,1,0,0,0,0,7,,0,0,0,139,7,0,,0,1,1,0,0,0,0,7,,0,0,0,139,7,0,,0,0,0,,,,,0,,,,,0,0,,,
"Collection","/collections/sex-doll-cheerleader",1,1,0,0,0,0,5,,0,0,0,107,5,0,,0,1,1,0,0,0,0,5,,0,0,0,107,5,0,,0,0,0,,,,,0,,,,,0,0,,,
"Product","/products/t362-37-5lbtpe-sex-doll-torso-with-head-aibei-doll",1,1,0,0,0,0,1,,0,0,0,0,1,1,,1,1,1,0,0,0,0,1,,0,0,0,0,1,1,,1,0,0,,,,,0,,,,,,0,0,,0
,"/en-ca/products/f9377-161cm5ft3-41-5kg-h-cup-huge-breast-adult-silicone-ssbbw-sex-doll-starpery-doll",1,1,0,0,0,0,1,,0,0,0,0,1,1,,1,1,1,0,0,0,0,1,,0,0,0,0,1,1,,1,0,0,,,,,0,,,,,,0,0,,0
"Checkout","/checkouts/cn/hWNC7f18W8QPCh9hr2TqAvJp/en-us",1,1,0,1,1,1,4,1,0,1,1,220,4,0,,0,1,1,0,1,1,1,4,1,0,1,1,220,4,0,,0,0,0,,0,0,0,0,0,,0,0,0,0,,,
"Product","/products/f8564-lusandy-doll-ros-best-life-size-silicone-sex-dolls-d-cup-165cm5ft4-40-5kg",1,1,0,0,0,0,8,,0,0,0,527,8,0,,0,1,1,0,0,0,0,8,,0,0,0,527,8,0,,0,0,0,,,,,0,,,,,0,0,,,
,"/en-ca/collections/torso-sex-doll-with-gel-breasts",1,1,0,0,0,0,1,,0,0,0,0,1,1,,1,1,1,0,0,0,0,1,,0,0,0,0,1,1,,1,0,0,,,,,0,,,,,,0,0,,0
"Product","/products/f2290-159cm5ft2-46kg-e-cup-savannahblack-milf-silicone-sex-doll-climax-doll-ultra",1,1,0,0,0,0,1,,0,0,0,0,1,1,,1,1,1,0,0,0,0,1,,0,0,0,0,1,1,,1,0,0,,,,,0,,,,,,0,0,,0
"Product","/products/f5971-160cm-european-celebrity-nude-robot-tactile-feedback-custom",1,1,1,0,0,0,116,,1,0,0,4065,116,0,,0,1,1,1,0,0,0,116,,1,0,0,4065,116,0,,0,0,0,0,,,,0,,0,,,0,0,,,
"Product","/products/h650-ros-free-hair-impants-real-oral-movable-jaw-silicone-sex-doll-head-meizaoren",1,1,0,0,0,0,1,,0,0,0,0,1,1,,1,1,1,0,0,0,0,1,,0,0,0,0,1,1,,1,0,0,,,,,0,,,,,,0,0,,0
,"/en-ca/blogs/dolls-info-qustions/2025-how-to-perform-oral-sex-with-a-real-sex-doll",1,1,0,0,0,0,1,,0,0,0,0,1,1,,1,1,1,0,0,0,0,1,,0,0,0,0,1,1,,1,0,0,,,,,0,,,,,,0,0,,0
"Blog Article","/blogs/featured-blog/the-ultimate-guide-to-cleaning-powered-sex-dolls-keep-your-toy-safe-clean-and-fully-functional",1,1,0,0,0,0,1,,0,0,0,0,1,1,,1,1,1,0,0,0,0,1,,0,0,0,0,1,1,,1,0,0,,,,,0,,,,,,0,0,,0
,"/en-ca/blogs/sex-doll-torso-blog/must-have-in-july-high-value-bbw-torso-sex-doll-recommendations",1,1,0,0,0,0,1,,0,0,0,0,1,1,,1,1,1,0,0,0,0,1,,0,0,0,0,1,1,,1,0,0,,,,,0,,,,,,0,0,,0
"Product","/products/f3339-166cm-5ft434kg-g-cup-tpe-huge-breast-curve-lightweight-sexy-woman-sex-doll-yl-doll",1,1,0,0,0,0,4,,0,0,0,1836,4,0,,0,1,1,0,0,0,0,4,,0,0,0,1836,4,0,,0,0,0,,,,,0,,,,,0,0,,,
,"/en-ca/collections/cheap-mini-sex-doll",1,1,0,0,0,0,1,,0,0,0,0,1,1,,1,1,1,0,0,0,0,1,,0,0,0,0,1,1,,1,0,0,,,,,0,,,,,,0,0,,0
"Product","/products/f4856-153cm-5ft0-38kg-e-cup-tpe-sexual-mini-latina-sex-doll-in-stock-usa-castle-doll",1,1,0,0,0,0,5,,0,0,0,1914,5,0,,0,1,1,0,0,0,0,5,,0,0,0,1914,5,0,,0,0,0,,,,,0,,,,,0,0,,,
"Product","/products/f305-158cm-5ft2-57kg-aisha-e-cup-tpe-big-ass-adult-big-chest-sex-doll-yl-doll",1,1,0,0,0,0,1,,0,0,0,0,1,1,,1,1,1,0,0,0,0,1,,0,0,0,0,1,1,,1,0,0,,,,,0,,,,,,0,0,,0
"Product","/products/real-lady-ros-silicone-doll-159cm-h-cup-f741",1,1,0,0,0,0,1,,0,0,0,0,1,1,,1,1,1,0,0,0,0,1,,0,0,0,0,1,1,,1,0,0,,,,,0,,,,,,0,0,,0
"Product","/products/a2-23-8lbs-sex-doll-butt-with-sucking-pussy",1,1,0,0,0,0,1,,0,0,0,2,1,1,,1,1,1,0,0,0,0,1,,0,0,0,2,1,1,,1,0,0,,,,,0,,,,,0,0,0,,0
,"/en-ca/products/a720-s-tpe-bbw-big-ass-fat-sex-doll-torso",1,1,0,0,0,0,2,,0,0,0,71,2,0,,0,1,1,0,0,0,0,2,,0,0,0,71,2,0,,0,0,0,,,,,0,,,,,0,0,,,
,"/en-ca/collections/pocket-pussy-ass",1,1,0,0,0,0,1,,0,0,0,0,1,1,,1,1,1,0,0,0,0,1,,0,0,0,0,1,1,,1,0,0,,,,,0,,,,,,0,0,,0
"Collection","/collections/shedoll",1,1,0,0,0,0,6,,0,0,0,586,6,0,,0,1,1,0,0,0,0,6,,0,0,0,586,6,0,,0,0,0,,,,,0,,,,,0,0,,,
"Collection","/collections/all/f-cup",1,1,0,0,0,0,1,,0,0,0,0,1,1,,1,1,1,0,0,0,0,1,,0,0,0,0,1,1,,1,0,0,,,,,0,,,,,,0,0,,0
"Product","/products/f1988-150cm4-9ft-42-5kg-m-cup-bbw-tpe-sex-doll%E4%B8%A8wm-doll",1,1,0,0,0,0,16,,0,0,0,763,16,0,,0,1,1,0,0,0,0,16,,0,0,0,763,16,0,,0,0,0,,,,,0,,,,,0,0,,,
,"/ja/collections/funwest-doll-videos",1,1,0,0,0,0,1,,0,0,0,0,1,1,,1,1,1,0,0,0,0,1,,0,0,0,0,1,1,,1,0,0,,,,,0,,,,,,0,0,,0
"Product","/products/t937-117cm3ft10-27-1kg-e-cup-silicone-head-movable-jaw-sle-body-bubble-butt-silicone-sex-doll-torso-with-head-in-stock-usa-canada-zelex-doll",1,1,0,0,0,0,5,,0,0,0,170,5,0,,0,1,1,0,0,0,0,5,,0,0,0,170,5,0,,0,0,0,,,,,0,,,,,0,0,,,
"Product","/products/f5027-170cm-5ft6-d-cup-himari-asian-silicone-sex-doll-jx-doll",1,1,0,0,0,0,1,,0,0,0,0,1,1,,1,1,1,0,0,0,0,1,,0,0,0,0,1,1,,1,0,0,,,,,0,,,,,,0,0,,0
"Blog Article","/blogs/dolls-info-qustions/metabox-ai-a-revolutionary-upgrade-of-the-smart-companion",1,1,0,0,0,0,2,,0,0,0,11,2,0,,0,1,1,0,0,0,0,2,,0,0,0,11,2,0,,0,0,0,,,,,0,,,,,0,0,,,
"Collection","/collections/sex-doll-with-papaya-breast-pear-shaped-breast",1,1,0,0,0,0,1,,0,0,0,0,1,1,,1,1,1,0,0,0,0,1,,0,0,0,0,1,1,,1,0,0,,,,,0,,,,,,0,0,,0
,"/ja/blogs/dolls-info-qustions/5-best-sex-doll-torso",1,1,0,0,0,0,1,,0,0,0,0,1,1,,1,1,1,0,0,0,0,1,,0,0,0,0,1,1,,1,0,0,,,,,0,,,,,,0,0,,0
"Product","/products/f1712-168cm-5ft5-h-cup-bbw-realistic-silicone-sex-doll-starpery-doll",1,1,0,0,0,0,1,,0,0,0,0,1,1,,1,1,1,0,0,0,0,1,,0,0,0,0,1,1,,1,0,0,,,,,0,,,,,,0,0,,0
,"/de/collections/vendors",1,1,0,0,0,0,7,,0,0,0,105,7,0,,0,1,1,0,0,0,0,7,,0,0,0,105,7,0,,0,0,0,,,,,0,,,,,0,0,,,
,"/en-fi/products/f3709-161cm5-3ft-leila-f-cup-tpe-young-sexy-european-woman-love-doll-se-doll",1,1,0,0,0,0,1,,0,0,0,0,1,1,,1,1,1,0,0,0,0,1,,0,0,0,0,1,1,,1,0,0,,,,,0,,,,,,0,0,,0
"Product","/products/t205-bbw-sex-torso-tpe-41-22lb-curvy-fat-belly",1,1,0,0,0,0,3,,0,0,0,17,3,0,,0,1,1,0,0,0,0,3,,0,0,0,17,3,0,,0,0,0,,,,,0,,,,,0,0,,,
"Product","/products/f5155-163cm-d-cup-dream-girlfriend-ros-silicone-sex-doll-galatea-doll",1,1,0,0,0,0,1,,0,0,0,0,1,1,,1,1,1,0,0,0,0,1,,0,0,0,0,1,1,,1,0,0,,,,,0,,,,,,0,0,,0
"Product","/products/a409-big-ass-tpe-sex-torso-17-6lb-dual-entry",1,1,0,0,0,0,9,,0,0,0,218,9,0,,0,1,1,0,0,0,0,9,,0,0,0,218,9,0,,0,0,0,,,,,0,,,,,0,0,,,
"Blog Article","/blogs/featured-blog/real-lady-doll-ss-makeup",1,1,0,0,0,0,1,,0,0,0,0,1,1,,1,1,1,0,0,0,0,1,,0,0,0,0,1,1,,1,0,0,,,,,0,,,,,,0,0,,0
"Product","/products/f2308-157cm5ft1-jenny-h-cup-tpe-sexy-big-breasted-chinese-cute-girl-love-doll-se-doll",1,1,0,0,0,0,1,,0,0,0,0,1,1,,1,1,1,0,0,0,0,1,,0,0,0,0,1,1,,1,0,0,,,,,0,,,,,,0,0,,0
"Product","/products/h668-silicone-sex-doll-head%E4%B8%A8irontech-doll-head",1,1,0,0,0,0,2,,0,0,0,5,2,0,,0,1,1,0,0,0,0,2,,0,0,0,5,2,0,,0,0,0,,,,,0,,,,,0,0,,,
,"/en-ca/products/f3508-159cm5ft2-49kg-o-cup-big-tits-silicone-head-sex-doll-climax-doll-classic",1,1,0,0,0,0,6,,0,0,0,40,6,0,,0,1,1,0,0,0,0,6,,0,0,0,40,6,0,,0,0,0,,,,,0,,,,,0,0,,,
"Collection","/collections/moan-ai-sex-doll",1,1,0,0,0,0,2,,0,0,0,16,2,0,,0,1,1,0,0,0,0,2,,0,0,0,16,2,0,,0,0,0,,,,,0,,,,,0,0,,,
"Product","/products/f9370-f9370-elsa-cheap-full-body-sex-doll-full-pussy",1,1,0,0,0,0,1,,0,0,0,0,1,1,,1,1,1,0,0,0,0,1,,0,0,0,0,1,1,,1,0,0,,,,,0,,,,,,0,0,,0
"Collection","/collections/yateaolai",1,1,0,0,0,0,1,,0,0,0,0,1,1,,1,1,1,0,0,0,0,1,,0,0,0,0,1,1,,1,0,0,,,,,0,,,,,,0,0,,0
,"/en-ca/products/f691-mina-170cm-5ft5-summer-elves-high-quality-black-silicone-real-sex-doll-zelex-doll",1,1,0,0,0,0,1,,0,0,0,0,1,1,,1,1,1,0,0,0,0,1,,0,0,0,0,1,1,,1,0,0,,,,,0,,,,,,0,0,,0
"Product","/products/f7669-irokebijin-l-cup-gel-filled-anime-bbw-sex-doll-torso",1,1,0,0,0,0,1,,0,0,0,0,1,1,,1,1,1,0,0,0,0,1,,0,0,0,0,1,1,,1,0,0,,,,,0,,,,,,0,0,,0
"Product","/products/f7145-168cm-5ft6-41kg-a-cup-elf-fantasy-silicon-sexual-hentai-best-alien-sex-doll-castle-doll",1,1,0,0,0,0,1,,0,0,0,0,1,1,,1,1,1,0,0,0,0,1,,0,0,0,0,1,1,,1,0,0,,,,,0,,,,,,0,0,,0
,"/de/collections/firefly-diary",1,1,0,0,0,0,2,,0,0,0,21,2,0,,0,1,1,0,0,0,0,2,,0,0,0,21,2,0,,0,0,0,,,,,0,,,,,0,0,,,
"Product","/products/p380-3-32-lbs-anime-fake-pussy-medusa-silicone-hentai-sex-doll-mrl",1,1,0,0,0,0,1,,0,0,0,0,1,1,,1,1,1,0,0,0,0,1,,0,0,0,0,1,1,,1,0,0,,,,,0,,,,,,0,0,,0
"Product","/products/f5150-163cm-d-cup-ros-silicone-sex-doll-galatea-doll",1,1,0,0,0,0,1,,0,0,0,0,1,1,,1,1,1,0,0,0,0,1,,0,0,0,0,1,1,,1,0,0,,,,,0,,,,,,0,0,,0
,"/de/collections/breast-toy",1,1,0,0,0,0,1,,0,0,0,0,1,1,,1,1,1,0,0,0,0,1,,0,0,0,0,1,1,,1,0,0,,,,,0,,,,,,0,0,,0
,"/en-fi/products/9180666364143",1,1,0,0,0,0,1,,0,0,0,0,1,1,,1,1,1,0,0,0,0,1,,0,0,0,0,1,1,,1,0,0,,,,,0,,,,,,0,0,,0
,"/de/collections/climax-doll",1,1,0,0,0,0,1,,0,0,0,0,1,1,,1,1,1,0,0,0,0,1,,0,0,0,0,1,1,,1,0,0,,,,,0,,,,,,0,0,,0
"Collection","/collections/bbw-mini-size-torso",1,1,0,0,0,0,3,,0,0,0,1227,3,0,,0,1,1,0,0,0,0,3,,0,0,0,1227,3,0,,0,0,0,,,,,0,,,,,0,0,,,
,"/en-ca/products/f5594-150cm-5ft-27-5kg-anime-silicone-sex-doll-elsa-babe",1,1,0,0,0,0,5,,0,0,0,132,5,0,,0,1,1,0,0,0,0,5,,0,0,0,132,5,0,,0,0,0,,,,,0,,,,,0,0,,,
,"/de/collections/aibei-doll-in-stock-usa",1,1,0,0,0,0,1,,0,0,0,0,1,1,,1,1,1,0,0,0,0,1,,0,0,0,0,1,1,,1,0,0,,,,,0,,,,,,0,0,,0
,"/de/cart",1,1,0,0,0,0,1,,0,0,0,0,1,1,,1,1,1,0,0,0,0,1,,0,0,0,0,1,1,,1,0,0,,,,,0,,,,,,0,0,,0
"Product","/products/f2319a-163cm5-3ft-53kg-g-cup-hips-over-140-ros-movable-jaw-super-fat-bbw-huge-ass-sex-doll%E4%B8%A8sy-doll",1,1,0,0,0,0,20,,0,0,0,865,20,0,,0,1,1,0,0,0,0,20,,0,0,0,865,20,0,,0,0,0,,,,,0,,,,,0,0,,,
"Collection","/collections/starpery-doll-torso-videos",1,1,0,0,0,0,2,,0,0,0,96,2,0,,0,1,1,0,0,0,0,2,,0,0,0,96,2,0,,0,0,0,,,,,0,,,,,0,0,,,
"Blog Article","/blogs/dolls-info-qustions/decision-fatigue-the-ultimate-2025-guide-to-choosing-the-best-sex-doll-brand",1,1,0,0,0,0,1,,0,0,0,0,1,1,,1,1,1,0,0,0,0,1,,0,0,0,0,1,1,,1,0,0,,,,,0,,,,,,0,0,,0
"Product","/products/f5689-185cm-6ft1-45kg-gavin-7-09in-dildo-premium-silicone-head-femboy-sex-doll-for-roleplay-fetish-scenarios-jiusheng-doll",1,1,0,0,0,0,2,,0,0,0,199,2,0,,0,1,1,0,0,0,0,2,,0,0,0,199,2,0,,0,0,0,,,,,0,,,,,0,0,,,
"Product","/products/f7675-163cm5ft3-33kg-e-cup-life-size-ros-silicone-life-size-sex-dolls-lightweight-wm-doll",1,1,0,0,0,0,2,,0,0,0,1402,2,0,,0,1,1,0,0,0,0,2,,0,0,0,1402,2,0,,0,0,0,,,,,0,,,,,0,0,,,
"Product","/products/45cm-tpr-luxury-sex-doll-torso-with-sexy-small-waist-514-sex-doll-torso",1,1,0,0,0,0,5,,0,0,0,737,5,0,,0,1,1,0,0,0,0,5,,0,0,0,737,5,0,,0,0,0,,,,,0,,,,,0,0,,,
"Collection","/collections/with-head-alien-sex-doll",1,1,0,0,0,0,3,,0,0,0,91,3,0,,0,1,1,0,0,0,0,3,,0,0,0,91,3,0,,0,0,0,,,,,0,,,,,0,0,,,
"Product","/products/f1249-164cm-f-cup-suki-big-boobs-doll-irontech-doll",1,1,0,0,0,0,1,,0,0,0,0,1,1,,1,1,1,0,0,0,0,1,,0,0,0,0,1,1,,1,0,0,,,,,0,,,,,,0,0,,0
,"/en-ca/products/f4808-164cm-5ft5-37-5kg-g-cup-full-size-realistic-silicone-sex-dollszelex-sle-2-0-in-stock-usa-canada-zelex-doll",1,1,0,0,0,0,1,,0,0,0,0,1,1,,1,1,1,0,0,0,0,1,,0,0,0,0,1,1,,1,0,0,,,,,0,,,,,,0,0,,0
,"/de/blogs/sex-doll-torso-blog/recommended-portable-and-practical-bbw-sex-doll-torso-styles",1,1,0,0,0,0,1,,0,0,0,0,1,1,,1,1,1,0,0,0,0,1,,0,0,0,0,1,1,,1,0,0,,,,,0,,,,,,0,0,,0
"Blog Article","/blogs/real-sex-doll-reviews-pros-cons-real-usage-tests/best-budget-full-size-sex-dolls-in-2026-azm-ridmii-top-cy-sigafun-reviewed",1,1,0,0,0,0,1,,0,0,0,0,1,1,,1,1,1,0,0,0,0,1,,0,0,0,0,1,1,,1,0,0,,,,,0,,,,,,0,0,,0
,"/en-ca/blogs/dolls-info-qustions/small-size-big-satisfaction-a-complete-real-life-sex-experience-review-of-the-mini-sex-doll",1,1,0,0,0,0,1,,0,0,0,0,1,1,,1,1,1,0,0,0,0,1,,0,0,0,0,1,1,,1,0,0,,,,,0,,,,,,0,0,,0
"Product","/products/f5148-163cm-d-cup-winter-beauty-ros-silicone-sex-doll-galatea-doll",1,1,0,0,0,0,2,,0,0,0,853,2,0,,0,1,1,0,0,0,0,2,,0,0,0,853,2,0,,0,0,0,,,,,0,,,,,0,0,,,
"Product","/products/f6283-168cm-5ft5-35kg-f-cup-silicone-realistic-sex-doll-top-cydoll",1,1,1,0,0,0,2,,1,0,0,16,2,0,,0,1,1,1,0,0,0,2,,1,0,0,16,2,0,,0,0,0,0,,,,0,,0,,,0,0,,,
"Product","/products/h354-silicone-sex-doll-head-real-lady-doll",1,1,1,0,0,0,2,,1,0,0,11,2,0,,0,1,1,1,0,0,0,2,,1,0,0,11,2,0,,0,0,0,0,,,,0,,0,,,0,0,,,
,"/en-ca/products/f1971k-164cm-f-cup-locy-big-boobs-doll-irontech-doll",1,1,0,0,0,0,1,,0,0,0,0,1,1,,1,1,1,0,0,0,0,1,,0,0,0,0,1,1,,1,0,0,,,,,0,,,,,,0,0,,0
,"/en-fi/pages/full-doll",1,1,0,0,0,0,5,,0,0,0,36,5,0,,0,1,1,0,0,0,0,5,,0,0,0,36,5,0,,0,0,0,,,,,0,,,,,0,0,,,
"Product","/products/t924-111cm3ft7-27-4kg-k-cup-silicone-head-movable-jaw-sle-body-bubble-butt-silicone-sex-doll-torso-with-head-zelex-doll",1,1,0,1,0,0,7,0,0,1,0,142,7,0,,0,1,1,0,1,0,0,7,0,0,1,0,142,7,0,,0,0,0,,0,,,0,,,0,,0,0,,,
"Product","/products/firefly-diary-a-cup-silicone-cute-young-asian-151cm",1,1,0,0,0,0,1,,0,0,0,0,1,1,,1,1,1,0,0,0,0,1,,0,0,0,0,1,1,,1,0,0,,,,,0,,,,,,0,0,,0
,"/en-fi/collections/shemale-sex-doll-torso-1",1,1,0,0,0,0,8,,0,0,0,147,8,0,,0,1,1,0,0,0,0,8,,0,0,0,147,8,0,,0,0,0,,,,,0,,,,,0,0,,,
"Product","/products/f5526-150cm4-9ft-28kg-d-cup-black-sex-doll%E4%B8%A8rosretty-doll",1,1,0,0,0,0,1,,0,0,0,0,1,1,,1,1,1,0,0,0,0,1,,0,0,0,0,1,1,,1,0,0,,,,,0,,,,,,0,0,,0
,"/en-ca/collections/6ye-doll",1,1,0,0,0,0,16,,0,0,0,433,16,0,,0,1,1,0,0,0,0,16,,0,0,0,433,16,0,,0,0,0,,,,,0,,,,,0,0,,,
"Product","/products/f4015-165cm-5ft5-g-cup-wayne-realistic-silicone-sex-doll-starpery-doll",1,1,0,0,0,0,1,,0,0,0,0,1,1,,1,1,1,0,0,0,0,1,,0,0,0,0,1,1,,1,0,0,,,,,0,,,,,,0,0,,0
,"/en-fi/blogs/dolls-info-qustions/the-ultimate-guide-to-starpery-sex-dolls-the-realism-and-innovation",1,1,0,0,0,0,1,,0,0,0,0,1,1,,1,1,1,0,0,0,0,1,,0,0,0,0,1,1,,1,0,0,,,,,0,,,,,,0,0,,0
,"/ja/blogs/dolls-info-qustions/top-3-flat-chested-sex-dolls-of-2025-ultimate-flatness-unique-allure",1,1,0,0,0,0,2,,0,0,0,24,2,0,,0,1,1,0,0,0,0,2,,0,0,0,24,2,0,,0,0,0,,,,,0,,,,,0,0,,,
"Blog Article","/blogs/dolls-info-qustions/what-are-the-different-types-of-sex-dolls",1,1,0,0,0,0,1,,0,0,0,0,1,1,,1,1,1,0,0,0,0,1,,0,0,0,0,1,1,,1,0,0,,,,,0,,,,,,0,0,,0
"Product","/products/f3000-150cm5-1ft-f-cup-princesa-tpe-sex-doll-fun-west-doll",1,1,0,0,0,0,1,,0,0,0,0,1,1,,1,1,1,0,0,0,0,1,,0,0,0,0,1,1,,1,0,0,,,,,0,,,,,,0,0,,0
"Product","/products/l64838lbs-42-silicone-legs-realistic-skin-feel",1,1,0,0,0,0,5,,0,0,0,286,5,0,,0,1,1,0,0,0,0,5,,0,0,0,286,5,0,,0,0,0,,,,,0,,,,,0,0,,,
"Product","/products/f4615-177cm-5ft10-55kg-femboy-full-size-sex-with-silicone-male-sex-doll-qita-doll",1,1,0,0,0,0,3,,0,0,0,1262,3,0,,0,1,1,0,0,0,0,3,,0,0,0,1262,3,0,,0,0,0,,,,,0,,,,,0,0,,,
,"/en-ca/products/v321-silicone-realistic-feet-with-socks-sock-fleshlight-for-unique-fetish",1,1,0,0,0,0,1,,0,0,0,0,1,1,,1,1,1,0,0,0,0,1,,0,0,0,0,1,1,,1,0,0,,,,,0,,,,,,0,0,,0
"Product","/products/h697-tpe-oral-sex-doll-head-in-stock-eu%E4%B8%A8wm-doll-head",1,1,0,0,0,0,2,,0,0,0,10,2,0,,0,1,1,0,0,0,0,2,,0,0,0,10,2,0,,0,0,0,,,,,0,,,,,0,0,,,
,"/en-ca/blogs/featured-blog/the-4-technical-features-about-sex-doll-skeleton",1,1,0,0,0,0,1,,0,0,0,0,1,1,,1,1,1,0,0,0,0,1,,0,0,0,0,1,1,,1,0,0,,,,,0,,,,,,0,0,,0
"Product","/products/f4891-171cm-robotic-sex-doll-realistic-silicone-head-robot-pussy",1,1,0,0,0,0,7,,0,0,0,44,7,0,,0,1,1,0,0,0,0,7,,0,0,0,44,7,0,,0,0,0,,,,,0,,,,,0,0,,,
"Collection","/collections/shemale",1,1,0,0,0,0,3,,0,0,0,78,3,0,,0,1,1,0,0,0,0,3,,0,0,0,78,3,0,,0,0,0,,,,,0,,,,,0,0,,,
"Product","/products/f4093-153cm-45kg-q-cup-full-silicone-ssbbw-hentai-biggest-ssbbw-sex-doll-castle-doll",1,1,0,0,0,0,5,,0,0,0,671,5,0,,0,1,1,0,0,0,0,5,,0,0,0,671,5,0,,0,0,0,,,,,0,,,,,0,0,,,
"Checkout","/checkouts/cn/hWNCJ6pvlV9WaSrqhao5bpBg/en-us",1,1,0,1,0,0,1,0,0,1,0,0,1,0,,0,1,1,0,1,0,0,1,0,0,1,0,0,1,0,,0,0,0,,0,,,0,,,0,,,0,,,
,"/de/products/599-83lb-sex-doll-torso-with-realistic-oversized-ass",1,1,0,0,0,0,1,,0,0,0,0,1,1,,1,1,1,0,0,0,0,1,,0,0,0,0,1,1,,1,0,0,,,,,0,,,,,,0,0,,0
"Custom Page","/pages/win-linkdolls-discout-code",1,1,0,0,0,0,1,,0,0,0,0,1,1,,1,1,1,0,0,0,0,1,,0,0,0,0,1,1,,1,0,0,,,,,0,,,,,,0,0,,0
"Product","/products/f7132-163cm5-4ft-35kg-2-1-b-cup-asian-real-silicone-chinese-sex-doll-bezlya-doll",1,1,0,0,0,0,3,,0,0,0,123,3,0,,0,1,1,0,0,0,0,3,,0,0,0,123,3,0,,0,0,0,,,,,0,,,,,0,0,,,
"Product","/products/a23-24-3lbs-luxury-silicone-bbw-life-size-doggy-style-sex-doll-torso-double-channel-male-masturbator",1,1,0,0,0,0,2,,0,0,0,57,2,0,,0,1,1,0,0,0,0,2,,0,0,0,57,2,0,,0,0,0,,,,,0,,,,,0,0,,,
"Product","/products/f2569-153cm-5ft-f-cup-ros-max-asian-big-ass-silicone-sex-doll-irontech-oriental",1,1,0,0,0,0,1,,0,0,0,0,1,1,,1,1,1,0,0,0,0,1,,0,0,0,0,1,1,,1,0,0,,,,,0,,,,,,0,0,,0
,"/en-ca/products/t239-mini-bbw-sex-doll-torso-collection-fat-belly",1,1,0,0,0,0,1,,0,0,0,0,1,1,,1,1,1,0,0,0,0,1,,0,0,0,0,1,1,,1,0,0,,,,,0,,,,,,0,0,,0
"Blog Article","/blogs/dolls-info-qustions/best-vibrating-sex-torso-types-who-it-suits",1,1,0,0,0,0,1,,0,0,0,0,1,1,,1,1,1,0,0,0,0,1,,0,0,0,0,1,1,,1,0,0,,,,,0,,,,,,0,0,,0
,"/en-ca/blogs/dolls-info-qustions/4-easy-positions-to-enjoy-with-your-bbw-sex-doll",1,1,0,0,0,0,1,,0,0,0,0,1,1,,1,1,1,0,0,0,0,1,,0,0,0,0,1,1,,1,0,0,,,,,0,,,,,,0,0,,0
"Product","/products/h-custom-silicone-sex-doll-head",1,1,0,0,0,0,4,,0,0,0,525,4,0,,0,1,1,0,0,0,0,4,,0,0,0,525,4,0,,0,0,0,,,,,0,,,,,0,0,,,
,"/en-ca/products/f925-161cm5-3ft-nidalee-f-cup-tpe-redhead-latina-sexy-girl-big-ass-love-doll-se-doll",1,1,0,0,0,0,9,,0,0,0,197,9,0,,0,1,1,0,0,0,0,9,,0,0,0,197,9,0,,0,0,0,,,,,0,,,,,0,0,,,
"Product","/products/l47048-5lb-110cm-tpe-doggystyle-long-legs-sex-doll-qita-doll",1,1,0,0,0,0,1,,0,0,0,0,1,1,,1,1,1,0,0,0,0,1,,0,0,0,0,1,1,,1,0,0,,,,,0,,,,,,0,0,,0
"Product","/products/f4040-150cm-k-cup-huge-breast-tpe-sex-doll-castle-doll",1,1,0,0,0,0,2,,0,0,0,376,2,0,,0,1,1,0,0,0,0,2,,0,0,0,376,2,0,,0,0,0,,,,,0,,,,,0,0,,,
"Product","/products/t972-117cm3ft10-27-1kg-e-cup-silicone-head-sle-body-sex-doll-torso-with-head-in-stock-usa-canada-zelex-doll",1,1,0,0,0,0,31,,0,0,0,1386,31,0,,0,1,1,0,0,0,0,31,,0,0,0,1386,31,0,,0,0,0,,,,,0,,,,,0,0,,,
"Product","/products/f7628-164cm5-4ft-36kg-d-cup-realistic-movable-jaw-head-tpe-body-sex-doll%E4%B8%A8sy-doll",1,1,0,0,0,0,3,,0,0,0,1646,3,0,,0,1,1,0,0,0,0,3,,0,0,0,1646,3,0,,0,0,0,,,,,0,,,,,0,0,,,
,"/en-ca/collections/male-sex-doll",1,1,0,0,0,0,2,,0,0,0,65,2,0,,0,1,1,0,0,0,0,2,,0,0,0,65,2,0,,0,0,0,,,,,0,,,,,0,0,,,
"Collection","/collections/firefly-diary-videos",1,1,0,0,0,0,1,,0,0,0,0,1,1,,1,1,1,0,0,0,0,1,,0,0,0,0,1,1,,1,0,0,,,,,0,,,,,,0,0,,0
"Blog Article","/blogs/dolls-info-qustions/best-sex-doll-torsos-of-2025-ultra-realistic-picks-for-the-ultimate-pleasure",1,1,0,0,0,0,1,,0,0,0,0,1,1,,1,1,1,0,0,0,0,1,,0,0,0,0,1,1,,1,0,0,,,,,0,,,,,,0,0,,0
"Product","/products/f2015-162cm5-3ft-35kg-e-cup-irina-milf-life-size-cheap-stpe-sex-doll-in-stock-usa-%E4%B8%A8wm-doll",1,1,0,0,0,0,3,,0,0,0,992,3,0,,0,1,1,0,0,0,0,3,,0,0,0,992,3,0,,0,0,0,,,,,0,,,,,0,0,,,
"Collection","/collections/dolls-castle-in-stock-usa",1,1,0,0,0,0,2,,0,0,0,12,2,0,,0,1,1,0,0,0,0,2,,0,0,0,12,2,0,,0,0,0,,,,,0,,,,,0,0,,,
"Product","/products/a647-17-6lbs-scaly-fantasy-butt-silicone-ass",1,1,0,0,0,0,9,,0,0,0,3,9,0,,0,1,1,0,0,0,0,9,,0,0,0,3,9,0,,0,0,0,,,,,0,,,,,0,0,,,
"Blog Article","/blogs/dolls-info-qustions/waist-hip-ratio-off-the-charts-deep-dive-into-the-top-5-sex-doll-brands",1,1,0,0,0,0,1,,0,0,0,0,1,1,,1,1,1,0,0,0,0,1,,0,0,0,0,1,1,,1,0,0,,,,,0,,,,,,0,0,,0
"Product","/products/h1108-ros-silicone-real-oral-sex-doll-head-irontech-doll-brand",1,1,0,0,0,0,1,,0,0,0,0,1,1,,1,1,1,0,0,0,0,1,,0,0,0,0,1,1,,1,0,0,,,,,0,,,,,,0,0,,0
,"/en-ca/blogs/dolls-info-qustions/the-big-ass-sex-toy-craze-why-men-are-obsessed-with-full-hipped-dolls",1,1,0,0,0,0,1,,0,0,0,0,1,1,,1,1,1,0,0,0,0,1,,0,0,0,0,1,1,,1,0,0,,,,,0,,,,,,0,0,,0
,"/en-ca/blogs/dolls-info-qustions/understanding-ai-robotic-sex-dolls",1,1,0,0,0,0,1,,0,0,0,0,1,1,,1,1,1,0,0,0,0,1,,0,0,0,0,1,1,,1,0,0,,,,,0,,,,,,0,0,,0
"Product","/products/m939",1,1,0,0,0,0,1,,0,0,0,0,1,1,,1,1,1,0,0,0,0,1,,0,0,0,0,1,1,,1,0,0,,,,,0,,,,,,0,0,,0
,"/en-ca/collections/300-600",1,1,0,0,0,0,1,,0,0,0,0,1,1,,1,1,1,0,0,0,0,1,,0,0,0,0,1,1,,1,0,0,,,,,0,,,,,,0,0,,0
"Product","/products/t357-113cm-53lbs-d-cup-realistic-skin-silicone-sex-doll-torso-with-head-funwest-doll",1,1,0,0,0,0,1,,0,0,0,0,1,1,,1,1,1,0,0,0,0,1,,0,0,0,0,1,1,,1,0,0,,,,,0,,,,,,0,0,,0
,"/ja/blogs/dolls-info-qustions/sex-doll-transformation-guide-how-to-revamp-and-create-a-one-of-a-kind-look",1,1,0,0,0,0,1,,0,0,0,0,1,1,,1,1,1,0,0,0,0,1,,0,0,0,0,1,1,,1,0,0,,,,,0,,,,,,0,0,,0
"Product","/products/f3575-154cm5-1ft-37kg-b-cup-asian-fantasy-tpe-mini-sex-doll%E4%B8%A8wm-doll",1,1,0,0,0,0,1,,0,0,0,0,1,1,,1,1,1,0,0,0,0,1,,0,0,0,0,1,1,,1,0,0,,,,,0,,,,,,0,0,,0
,"/en-fi/products/h529-silicone-sex-doll-head-elsa-babe-head",1,1,0,0,0,0,1,,0,0,0,0,1,1,,1,1,1,0,0,0,0,1,,0,0,0,0,1,1,,1,0,0,,,,,0,,,,,,0,0,,0
"Product","/products/8984696389871",1,1,0,0,0,0,1,,0,0,0,0,1,1,,1,1,1,0,0,0,0,1,,0,0,0,0,1,1,,1,0,0,,,,,0,,,,,,0,0,,0
,"/en-ca/collections/sex-doll-legs",1,1,0,0,0,0,1,,0,0,0,0,1,1,,1,1,1,0,0,0,0,1,,0,0,0,0,1,1,,1,0,0,,,,,0,,,,,,0,0,,0
"Product","/products/t615-40-3lb-monica-2-0-best-hentai-sex-doll-torso-for-breast-fun%E4%B8%A8tantaly",1,1,0,0,0,0,3,,0,0,0,55,3,0,,0,1,1,0,0,0,0,3,,0,0,0,55,3,0,,0,0,0,,,,,0,,,,,0,0,,,
,"/ja/collections/bbw-latina-sex-doll",1,1,0,0,0,0,1,,0,0,0,0,1,1,,1,1,1,0,0,0,0,1,,0,0,0,0,1,1,,1,0,0,,,,,0,,,,,,0,0,,0
"Product","/products/f6178k-168cm-5ft5-35kg-f-cup-silicone-realistic-sex-doll-in-stock-usa-top-cydoll",1,1,0,0,0,0,4,,0,0,0,166,4,0,,0,1,1,0,0,0,0,4,,0,0,0,166,4,0,,0,0,0,,,,,0,,,,,0,0,,,
"Blog Article","/blogs/dolls-info-qustions/my-favorite-hentai-sex-dolls-the-easy-grab-from-drawer-collection",1,1,0,0,0,0,2,,0,0,0,18,2,0,,0,1,1,0,0,0,0,2,,0,0,0,18,2,0,,0,0,0,,,,,0,,,,,0,0,,,
"Blog Article","/blogs/dolls-info-qustions/how-to-clean-a-pocket-pussy-a-complete-guide-for-long-lasting-pleasure",1,1,0,0,0,0,1,,0,0,0,0,1,1,,1,1,1,0,0,0,0,1,,0,0,0,0,1,1,,1,0,0,,,,,0,,,,,,0,0,,0
,"/en-ca/products/se-doll-head-x-bot-ai-smart-multi-language-talking-h002",1,1,0,0,0,0,7,,0,0,0,191,7,0,,0,1,1,0,0,0,0,7,,0,0,0,191,7,0,,0,0,0,,,,,0,,,,,0,0,,,
,"/en-ca/products/f5632-166cm-5ft3-35-7kg-k-cup-silicone-celebrity-sex-dollzelex-sle-2-0-in-stock-usa-canada-zelex-doll",1,1,0,0,0,0,29,,0,0,0,1033,29,0,,0,1,1,0,0,0,0,29,,0,0,0,1033,29,0,,0,0,0,,,,,0,,,,,0,0,,,
,"/en-ca/blogs/featured-blog/the-differences-between-tpe-and-silicone-vajankle",1,1,0,0,0,0,2,,0,0,0,10,2,0,,0,1,1,0,0,0,0,2,,0,0,0,10,2,0,,0,0,0,,,,,0,,,,,0,0,,,
"Product","/products/f8193-150cm-5ft-27-5kg-silicone-anime-sex-doll-elsa-babe",1,1,0,0,0,0,16,,0,0,0,904,16,0,,0,1,1,0,0,0,0,16,,0,0,0,904,16,0,,0,0,0,,,,,0,,,,,0,0,,,
"Product","/products/f6333-165cm-56kg-e-cup-silicone-sex-doll",1,1,0,0,0,0,1,,0,0,0,0,1,1,,1,1,1,0,0,0,0,1,,0,0,0,0,1,1,,1,0,0,,,,,0,,,,,,0,0,,0
"Blog Article","/blogs/dolls-info-qustions/why-do-boys-always-like-18-year-old-girls-sex-doll-edition",1,1,0,0,0,0,1,,0,0,0,0,1,1,,1,1,1,0,0,0,0,1,,0,0,0,0,1,1,,1,0,0,,,,,0,,,,,,0,0,,0
"Blog Article","/blogs/dolls-info-qustions/cleaning-and-care-guide-for-big-ass-sex-dolls",1,1,0,0,0,0,1,,0,0,0,0,1,1,,1,1,1,0,0,0,0,1,,0,0,0,0,1,1,,1,0,0,,,,,0,,,,,,0,0,,0
"Product","/products/f5254-cindy-162cm5ft3-j-cup-big-boobs-sexy-silicone-sex-doll-jx-galaxy",1,1,0,0,0,0,1,,0,0,0,0,1,1,,1,1,1,0,0,0,0,1,,0,0,0,0,1,1,,1,0,0,,,,,0,,,,,,0,0,,0
"Product","/products/f9233-156cm5ft1-38kg-komachi-d-cup-s-tpe-animes-cheap-hentai-sex-doll-irokebijin-doll",1,1,0,0,0,0,1,,0,0,0,0,1,1,,1,1,1,0,0,0,0,1,,0,0,0,0,1,1,,1,0,0,,,,,0,,,,,,0,0,,0
,"/scramjet/https%3A%2F%2Flinkdolls.com%2Fcollections%2Funder-100",1,1,0,0,0,0,2,,0,0,0,103,2,0,,0,1,1,0,0,0,0,2,,0,0,0,103,2,0,,0,0,0,,,,,0,,,,,0,0,,,
,"/en-fi/pages/video9-irontech",1,1,0,0,0,0,1,,0,0,0,0,1,1,,1,1,1,0,0,0,0,1,,0,0,0,0,1,1,,1,0,0,,,,,0,,,,,,0,0,,0
"Custom Page","/pages/sex-doll-video",1,1,0,0,0,0,1,,0,0,0,0,1,1,,1,1,1,0,0,0,0,1,,0,0,0,0,1,1,,1,0,0,,,,,0,,,,,,0,0,,0
"Product","/products/f4409-155cm5-1ft-29kg-d-cup-asian-tpe-sex-doll%E4%B8%A8wm-doll",1,1,0,0,0,0,6,,0,0,0,1062,6,0,,0,1,1,0,0,0,0,6,,0,0,0,1062,6,0,,0,0,0,,,,,0,,,,,0,0,,,
"Product","/products/f9157-161cm5ft3-34kg-e-cup-fit-real-medium-butt-silicone-real-sex-doll-nude-se-doll",1,1,0,0,0,0,2,,0,0,0,68,2,0,,0,1,1,0,0,0,0,2,,0,0,0,68,2,0,,0,0,0,,,,,0,,,,,0,0,,,
"Collection","/collections/lusandy-doll-in-stock-usa",1,1,0,0,0,0,1,,0,0,0,0,1,1,,1,1,1,0,0,0,0,1,,0,0,0,0,1,1,,1,0,0,,,,,0,,,,,,0,0,,0
"Product","/products/f1202-152cm-a-cup-miya-wild-sex-dolll-irontech-doll",1,1,0,0,0,0,1,,0,0,0,0,1,1,,1,1,1,0,0,0,0,1,,0,0,0,0,1,1,,1,0,0,,,,,0,,,,,,0,0,,0
"Product","/products/f6239-159cm-5ft2-40kg-b-cup-asian-sex-doll-tpe-body-silicone-head-lilydoll",1,1,0,0,0,0,27,,0,0,0,1460,27,0,,0,1,1,0,0,0,0,27,,0,0,0,1460,27,0,,0,0,0,,,,,0,,,,,0,0,,,
"Checkout","/checkouts/cn/hWNCEgPQlsRUr22mgI72VoA5/en-us",1,1,0,1,0,0,11,0,0,1,0,837,11,0,,0,1,1,0,1,0,0,11,0,0,1,0,837,11,0,,0,0,0,,0,,,0,,,0,,0,0,,,
"Product","/products/f1203-152cm-a-cup-voluptuous-dolll-irontech-doll",1,1,0,0,0,0,1,,0,0,0,0,1,1,,1,1,1,0,0,0,0,1,,0,0,0,0,1,1,,1,0,0,,,,,0,,,,,,0,0,,0
"Blog Article","/blogs/dolls-info-qustions/aibei-doll-the-perfect-combination-of-fine-details-and-customization",1,1,0,0,0,0,1,,0,0,0,0,1,1,,1,1,1,0,0,0,0,1,,0,0,0,0,1,1,,1,0,0,,,,,0,,,,,,0,0,,0
,"/ja/collections/full-femboy-sex-doll",1,1,0,0,0,0,1,,0,0,0,0,1,1,,1,1,1,0,0,0,0,1,,0,0,0,0,1,1,,1,0,0,,,,,0,,,,,,0,0,,0
"Product","/products/t90894-8lbsblack-bbw-tpe-torso-sex-doll-with-huge-breasts-cliamx-doll-classic",1,1,0,0,0,0,3,,0,0,0,155,3,0,,0,1,1,0,0,0,0,3,,0,0,0,155,3,0,,0,0,0,,,,,0,,,,,0,0,,,
"Blog Article","/blogs/sex-doll-torso-blog/guide-to-sex-doll-torsos-choosing-the-perfect-companion-for-you",1,1,0,0,0,0,1,,0,0,0,0,1,1,,1,1,1,0,0,0,0,1,,0,0,0,0,1,1,,1,0,0,,,,,0,,,,,,0,0,,0
,"/en-ca/products/t238-30-75lbs-lightweight-life-size-flat-chested-sex-doll-torso-with-head-climax-doll",1,1,0,0,0,0,1,,0,0,0,0,1,1,,1,1,1,0,0,0,0,1,,0,0,0,0,1,1,,1,0,0,,,,,0,,,,,,0,0,,0
,"/en-fi/blogs/dolls-info-qustions/do-sex-dolls-feel-real",1,1,0,0,0,0,1,,0,0,0,0,1,1,,1,1,1,0,0,0,0,1,,0,0,0,0,1,1,,1,0,0,,,,,0,,,,,,0,0,,0
,"/de/products/9022086742255",1,1,0,0,0,0,1,,0,0,0,0,1,1,,1,1,1,0,0,0,0,1,,0,0,0,0,1,1,,1,0,0,,,,,0,,,,,,0,0,,0
"Product","/products/f4923-161cm5-3ft-53kg-i-cup-miko-silicone-ssbbw-sex-doll%E4%B8%A8climax-doll",1,1,0,0,0,0,6,,0,0,0,1406,6,0,,0,1,1,0,0,0,0,6,,0,0,0,1406,6,0,,0,0,0,,,,,0,,,,,0,0,,,
,"/ja/collections/black-sex-dolls",1,1,0,0,0,0,5,,0,0,0,158,5,0,,0,1,1,0,0,0,0,5,,0,0,0,158,5,0,,0,0,0,,,,,0,,,,,0,0,,,
"Product","/products/f5065-170cm-5ft6-d-cup-mei-chinese-silicone-sex-doll-jx-doll-%E5%A4%8D%E5%88%B6",1,1,0,0,0,0,4,,0,0,0,112,4,0,,0,1,1,0,0,0,0,4,,0,0,0,112,4,0,,0,0,0,,,,,0,,,,,0,0,,,
,"/en-fi/blogs/featured-blog/how-to-tattoo-your-male-sex-doll",1,1,0,0,0,0,1,,0,0,0,0,1,1,,1,1,1,0,0,0,0,1,,0,0,0,0,1,1,,1,0,0,,,,,0,,,,,,0,0,,0
"Product","/products/f3788-170cm-5ft637kg-d-cup-tpe-sexy-woman-latina-lightweight-sex-doll-yl-doll",1,1,0,0,0,0,11,,0,0,0,318,11,0,,0,1,1,0,0,0,0,11,,0,0,0,318,11,0,,0,0,0,,,,,0,,,,,0,0,,,
"Product","/products/f3687-161cm5-3ft-melody-f-cup-tpe-vibrant-short-blond-hair-sporty-girl-love-doll-se-doll",1,1,0,0,0,0,1,,0,0,0,0,1,1,,1,1,1,0,0,0,0,1,,0,0,0,0,1,1,,1,0,0,,,,,0,,,,,,0,0,,0
"Collection","/collections/black-sex-doll-500-1000",1,1,0,0,0,0,1,,0,0,0,0,1,1,,1,1,1,0,0,0,0,1,,0,0,0,0,1,1,,1,0,0,,,,,0,,,,,,0,0,,0
,"/en-ca/products/t306-11lb-leo-mini-male-sex-doll-compatible-with-silicone-dildo-tantaly",1,1,0,0,0,0,2,,0,0,0,32,2,0,,0,1,1,0,0,0,0,2,,0,0,0,32,2,0,,0,0,0,,,,,0,,,,,0,0,,,
"Product","/products/f7556-168cm-36kg-silicone-ros-head-tpe-body-full-size-adult-sex-doll-lorena-in-stock-usa-ridmii",1,1,0,0,0,0,1,,0,0,0,0,1,1,,1,1,1,0,0,0,0,1,,0,0,0,0,1,1,,1,0,0,,,,,0,,,,,,0,0,,0
,"/de/collections/buying-first-sex-doll",1,1,0,0,0,0,1,,0,0,0,0,1,1,,1,1,1,0,0,0,0,1,,0,0,0,0,1,1,,1,0,0,,,,,0,,,,,,0,0,,0
"Product","/products/f1622-166cm-5ft4-c-cup-realistic-black-skin-silicone-head-sex-doll-rosretty-doll",1,1,0,0,0,0,1,,0,0,0,0,1,1,,1,1,1,0,0,0,0,1,,0,0,0,0,1,1,,1,0,0,,,,,0,,,,,,0,0,,0
"Product","/products/f8136-167cm5ft6-35kg-e-cup-ab12-silicone-sex-doll-in-stock-us-aibei-doll-luxe",1,1,0,0,0,0,102,,0,0,0,2672,102,0,,0,1,1,0,0,0,0,102,,0,0,0,2672,102,0,,0,0,0,,,,,0,,,,,0,0,,,
,"/en-fi/collections/anime-cosplay-sex-doll",1,1,0,0,0,0,1,,0,0,0,0,1,1,,1,1,1,0,0,0,0,1,,0,0,0,0,1,1,,1,0,0,,,,,0,,,,,,0,0,,0
"Product","/products/f5302-silicone-huge-boobs-dolls-sineem",1,1,0,0,0,0,1,,0,0,0,0,1,1,,1,1,1,0,0,0,0,1,,0,0,0,0,1,1,,1,0,0,,,,,0,,,,,,0,0,,0
"Product","/products/f7069-162cm-6ft3-44kg-p-cup-elf-fantasy-tpe-sexual-hentai-alien-girl-sex-doll-castle-doll",1,1,0,0,0,0,1,,0,0,0,0,1,1,,1,1,1,0,0,0,0,1,,0,0,0,0,1,1,,1,0,0,,,,,0,,,,,,0,0,,0
,"/en-ca/blogs/dolls-info-qustions/what-to-do-if-your-sex-doll-is-too-heavy-a-practical-guide",1,1,0,0,0,0,1,,0,0,0,0,1,1,,1,1,1,0,0,0,0,1,,0,0,0,0,1,1,,1,0,0,,,,,0,,,,,,0,0,,0
"Product","/products/t771-arcana-doll-realistic-silicone-life-size-sex-doll-torso-with-head-j-cup-72-7-lbs",1,1,0,0,0,0,1,,0,0,0,0,1,1,,1,1,1,0,0,0,0,1,,0,0,0,0,1,1,,1,0,0,,,,,0,,,,,,0,0,,0
"Product","/products/f521-171cm-silicone-flat-chest-sex-doll-a-cup-starpery-doll",1,1,0,0,0,0,1,,0,0,0,0,1,1,,1,1,1,0,0,0,0,1,,0,0,0,0,1,1,,1,0,0,,,,,0,,,,,,0,0,,0
,"/en-fi/products/f3871-165cm-5ft4-h-cup-big-pointy-nipples-tpe-sex-doll-hr-doll",1,1,0,0,0,0,1,,0,0,0,0,1,1,,1,1,1,0,0,0,0,1,,0,0,0,0,1,1,,1,0,0,,,,,0,,,,,,0,0,,0
"Product","/products/p395-octopus-anime-pocket-pussy-onahole-hentai-sex-doll-mrl",1,1,0,0,0,0,1,,0,0,0,0,1,1,,1,1,1,0,0,0,0,1,,0,0,0,0,1,1,,1,0,0,,,,,0,,,,,,0,0,,0
"Product","/products/f3308-160cm-5ft2-39-5kg-g-cup-tpe-adult-big-chest-curve-beauty-sex-doll-yl-doll",1,1,0,0,0,0,3,,0,0,0,1526,3,0,,0,1,1,0,0,0,0,3,,0,0,0,1526,3,0,,0,0,0,,,,,0,,,,,0,0,,,
"Product","/products/f7643-168cm-5ft5-35kg-f-cup-silicone-asian-realistic-sex-doll-xixi-top-cydoll",1,1,0,0,0,0,7,,0,0,0,1515,7,0,,0,1,1,0,0,0,0,7,,0,0,0,1515,7,0,,0,0,0,,,,,0,,,,,0,0,,,
,"/en-ca/products/a599-83lb-coco-sucking-doggy-style-bbw-big-booty-sex-doll-torso-luxury-realistic-biggest-ass-sex-toy",1,1,0,0,0,0,1,,0,0,0,0,1,1,,1,1,1,0,0,0,0,1,,0,0,0,0,1,1,,1,0,0,,,,,0,,,,,,0,0,,0
,"/en-fi/pages/japanese-sex-doll-buying-guide",1,1,0,0,0,0,1,,0,0,0,0,1,1,,1,1,1,0,0,0,0,1,,0,0,0,0,1,1,,1,0,0,,,,,0,,,,,,0,0,,0
"Product","/products/t501-big-ass-bbw-ebony-sex-doll-torso-25-3lb-realistic",1,1,0,0,0,0,1,,0,0,0,0,1,1,,1,1,1,0,0,0,0,1,,0,0,0,0,1,1,,1,0,0,,,,,0,,,,,,0,0,,0
,"/en-ca/blogs/dolls-info-qustions/celebrity-sex-dolls-hot-picks-6-asian-inspired-star-lookalikes",1,1,0,0,0,0,1,,0,0,0,0,1,1,,1,1,1,0,0,0,0,1,,0,0,0,0,1,1,,1,0,0,,,,,0,,,,,,0,0,,0
"Checkout","/checkouts/cn/hWNCNHTECxk2wimYQDPv2BHN/en-us",1,1,0,1,0,0,1,0,0,1,0,0,1,0,,0,1,1,0,1,0,0,1,0,0,1,0,0,1,0,,0,0,0,,0,,,0,,,0,,,0,,,
"Product","/products/f2387a-163cm5-3ft-53kg-g-cup-s6-great-doggy-style-huge-butt-silicone-head-realistic-sex-doll-2025%E4%B8%A8sy-doll",1,1,0,0,0,0,1,,0,0,0,0,1,1,,1,1,1,0,0,0,0,1,,0,0,0,0,1,1,,1,0,0,,,,,0,,,,,,0,0,,0
"Collection","/collections/gay-sex-doll",1,1,0,0,0,0,8,,0,0,0,158,8,0,,0,1,1,0,0,0,0,8,,0,0,0,158,8,0,,0,0,0,,,,,0,,,,,0,0,,,
,"/en-ca/blogs/dolls-info-qustions/3-stunning-black-sex-dolls-you-can-t-miss-in-2025",1,1,0,0,0,0,2,,0,0,0,6,2,0,,0,1,1,0,0,0,0,2,,0,0,0,6,2,0,,0,0,0,,,,,0,,,,,0,0,,,
"Product","/products/t952-84cm-2ft9-28-3kg-j-cup-sle-bbw-sex-doll-porn-torso-with-headzelex-sle-2-0-in-stock-usa-canada-zelex-doll-%E5%89%AF%E6%9C%AC",1,1,0,0,0,0,8,,0,0,0,238,8,0,,0,1,1,0,0,0,0,8,,0,0,0,238,8,0,,0,0,0,,,,,0,,,,,0,0,,,
"Blog Article","/blogs/complete-sex-doll-guide-for-beginners/sex-doll-torso-usage-guide",1,1,0,0,0,0,1,,0,0,0,0,1,1,,1,1,1,0,0,0,0,1,,0,0,0,0,1,1,,1,0,0,,,,,0,,,,,,0,0,,0
"Collection","/collections/big-ass-sex-doll-curvy-sex-doll",1,1,0,0,0,0,7,,0,0,0,181,7,0,,0,1,1,0,0,0,0,7,,0,0,0,181,7,0,,0,0,0,,,,,0,,,,,0,0,,,
,"/de/collections/anime-cosplay-sex-doll",1,1,0,0,0,0,9,,0,0,0,295,9,0,,0,1,1,0,0,0,0,9,,0,0,0,295,9,0,,0,0,0,,,,,0,,,,,0,0,,,
,"/de/blogs/dolls-info-qustions/starpery-doll-2025-full-upgrade-three-major-innovations-enhancing-the-user-experience",1,1,0,0,0,0,1,,0,0,0,0,1,1,,1,1,1,0,0,0,0,1,,0,0,0,0,1,1,,1,0,0,,,,,0,,,,,,0,0,,0
,"/de/collections/life-size-shemale-sex-doll",1,1,0,0,0,0,1,,0,0,0,0,1,1,,1,1,1,0,0,0,0,1,,0,0,0,0,1,1,,1,0,0,,,,,0,,,,,,0,0,,0
,"/en-ca/products/f5560-150cm4ft9-33kg-f-cup-japanese-life-size-tpe-sex-doll-aibei-doll",1,1,0,0,0,0,4,,0,0,0,117,4,0,,0,1,1,0,0,0,0,4,,0,0,0,117,4,0,,0,0,0,,,,,0,,,,,0,0,,,
"Product","/products/climax-flat-chested-torso-head-100cm-t734",1,1,0,0,0,0,1,,0,0,0,0,1,1,,1,1,1,0,0,0,0,1,,0,0,0,0,1,1,,1,0,0,,,,,0,,,,,,0,0,,0
"Product","/products/a458-43-43lb-silicone-1-1-life-size-doggy-style-big-ass-lovenestle",1,1,1,0,0,0,3,,1,0,0,145,3,0,,0,1,1,1,0,0,0,3,,1,0,0,145,3,0,,0,0,0,0,,,,0,,0,,,0,0,,,
,"/en-ca/products/f7014-170cm5ft6-44kg-f-cup-silicone-ros-best-latina-sex-doll%E4%B8%A8lusandy-doll",1,1,0,0,0,0,1,,0,0,0,0,1,1,,1,1,1,0,0,0,0,1,,0,0,0,0,1,1,,1,0,0,,,,,0,,,,,,0,0,,0
,"/ja/collections/foot-toy",1,1,0,0,0,0,1,,0,0,0,0,1,1,,1,1,1,0,0,0,0,1,,0,0,0,0,1,1,,1,0,0,,,,,0,,,,,,0,0,,0
"Product","/products/t337-103cm-3ft5-j-cup-natural-sophia-lane-a-silicone-sex-doll-torso-with-head-se-doll",1,1,0,0,0,0,1,,0,0,0,0,1,1,,1,1,1,0,0,0,0,1,,0,0,0,0,1,1,,1,0,0,,,,,0,,,,,,0,0,,0
,"/en-ca/products/f9334-170cm5ft7-43kg-g-cup-silicone-ros-gel-breast-fuck-dolls%E4%B8%A8doll-senior",1,1,0,0,0,0,8,,0,0,0,480,8,0,,0,1,1,0,0,0,0,8,,0,0,0,480,8,0,,0,0,0,,,,,0,,,,,0,0,,,
"Product","/products/p114-1-3lb-fake-pussy-realistic-masturbator-mini-sex-doll-torso-in-stock-mrl",1,1,0,0,0,0,1,,0,0,0,0,1,1,,1,1,1,0,0,0,0,1,,0,0,0,0,1,1,,1,0,0,,,,,0,,,,,,0,0,,0
,"/en-ca/products/f1406-158cm5f2-32kg-h-cup-big-breast-tpe-sex-doll-aibei-doll",1,1,0,0,0,0,2,,0,0,0,27,2,0,,0,1,1,0,0,0,0,2,,0,0,0,27,2,0,,0,0,0,,,,,0,,,,,0,0,,,
"Product","/products/l48233-07lb-80cm-sexy-big-booty-tpe-sex-doll-legs-climax-doll",1,1,1,0,0,0,7,,1,0,0,343,7,0,,0,1,1,1,0,0,0,7,,1,0,0,343,7,0,,0,0,0,0,,,,0,,0,,,0,0,,,
,"/en-ca/products/f4475-151cm4ft11-37kg-f-cup-robotic-blonde-tpe-sex-doll-aibei-doll",1,1,0,0,0,0,9,,0,0,0,293,9,0,,0,1,1,0,0,0,0,9,,0,0,0,293,9,0,,0,0,0,,,,,0,,,,,0,0,,,
"Product","/products/f6027-163cm-5ft4-51kg-h-cup-asian-ros-silicone-sex-doll-shedoll",1,1,0,0,0,0,1,,0,0,0,0,1,1,,1,1,1,0,0,0,0,1,,0,0,0,0,1,1,,1,0,0,,,,,0,,,,,,0,0,,0
"Product","/products/f4884-150cm4ft9-45kg-j-cup-lightweight-large-breast-fat-ass-tpe-ssbbw-brown-sex-doll-body-castle-doll",1,1,0,0,0,0,1,,0,0,0,0,1,1,,1,1,1,0,0,0,0,1,,0,0,0,0,1,1,,1,0,0,,,,,0,,,,,,0,0,,0
,"/de/blogs/featured-blog/complete-guide-to-fixing-tpe-full-size-sex-doll-makeup-fading",1,1,0,0,0,0,1,,0,0,0,0,1,1,,1,1,1,0,0,0,0,1,,0,0,0,0,1,1,,1,0,0,,,,,0,,,,,,0,0,,0
"Product","/products/f4904k-150cm4ft9-35-5kg-b-cup-silicone-furry-bunny-life-size-anime-sex-doll-in-stock-eu-climax-doll-ultra",1,1,0,0,0,0,1,,0,0,0,0,1,1,,1,1,1,0,0,0,0,1,,0,0,0,0,1,1,,1,0,0,,,,,0,,,,,,0,0,,0
"Product","/products/t327-35-7lb-85cm-g-cup-real-skin-texture-weight-reduction-silicone-sex-doll-torso-starpery-doll",1,1,0,0,0,0,1,,0,0,0,0,1,1,,1,1,1,0,0,0,0,1,,0,0,0,0,1,1,,1,0,0,,,,,0,,,,,,0,0,,0
"Product","/products/f7679-150cm4ft9-37-6kg-l-cup-s-tpe-gel-filled-life-size-anime-sex-doll-irokebijin-doll",1,1,0,0,0,0,1,,0,0,0,0,1,1,,1,1,1,0,0,0,0,1,,0,0,0,0,1,1,,1,0,0,,,,,0,,,,,,0,0,,0
"Product","/products/v322-silicone-vajankle-foot-fetish-toy-with-detailed-foot-design",1,1,0,0,0,0,1,,0,0,0,0,1,1,,1,1,1,0,0,0,0,1,,0,0,0,0,1,1,,1,0,0,,,,,0,,,,,,0,0,,0
"Collection","/collections/close-eyes-sex-doll-heads-1",1,1,0,0,0,0,1,,0,0,0,0,1,1,,1,1,1,0,0,0,0,1,,0,0,0,0,1,1,,1,0,0,,,,,0,,,,,,0,0,,0
"Product","/products/f2506-158cm5-2ft-35kg-h-cup-ava-sterling-ros-silicone-sex-doll-in-stock-usa-nianta-doll",1,1,0,0,0,0,1,,0,0,0,0,1,1,,1,1,1,0,0,0,0,1,,0,0,0,0,1,1,,1,0,0,,,,,0,,,,,,0,0,,0
"Collection","/collections/black-pocket-pussy",1,1,0,0,0,0,3,,0,0,0,117,3,0,,0,1,1,0,0,0,0,3,,0,0,0,117,3,0,,0,0,0,,,,,0,,,,,0,0,,,
"Product","/products/f4602-175cm60kg-femboy-real-life-gay-best-male-sex-doll-qita-doll",1,1,0,0,0,0,1,,0,0,0,0,1,1,,1,1,1,0,0,0,0,1,,0,0,0,0,1,1,,1,0,0,,,,,0,,,,,,0,0,,0
"Blog Article","/blogs/dolls-info-qustions/the-best-asian-sex-doll-bezlya-sex-doll-2-2u-series-function-analysis",1,1,0,0,0,0,1,,0,0,0,0,1,1,,1,1,1,0,0,0,0,1,,0,0,0,0,1,1,,1,0,0,,,,,0,,,,,,0,0,,0
"Product","/products/t940-33lb-77cm-2-2u-d-cup-asian-real-ros-silicone-torso-sex-doll-with-head-bezlya-doll",1,1,0,0,0,0,5,,0,0,0,90,5,0,,0,1,1,0,0,0,0,5,,0,0,0,90,5,0,,0,0,0,,,,,0,,,,,0,0,,,
"Product","/products/t271-33-07lbs-80cm-miko-lightweight-life-size-sex-doll-torso-with-head-climax-doll",1,1,0,0,0,0,1,,0,0,0,0,1,1,,1,1,1,0,0,0,0,1,,0,0,0,0,1,1,,1,0,0,,,,,0,,,,,,0,0,,0
,"/en-ca/products/f1222-160cm46kg-i-cup-luna-big-ass-silicone-sex-doll-in-stock-usa-irontech-doll",1,1,0,0,0,0,5,,0,0,0,374,5,0,,0,1,1,0,0,0,0,5,,0,0,0,374,5,0,,0,0,0,,,,,0,,,,,0,0,,,
"Product","/products/h974-sex-doll-head-seductive-eyes-irontech-doll-head",1,1,0,0,0,0,1,,0,0,0,0,1,1,,1,1,1,0,0,0,0,1,,0,0,0,0,1,1,,1,0,0,,,,,0,,,,,,0,0,,0
"Blog Article","/blogs/dolls-info-qustions/top-sex-doll-torsos-under-200",1,1,0,0,0,0,1,,0,0,0,0,1,1,,1,1,1,0,0,0,0,1,,0,0,0,0,1,1,,1,0,0,,,,,0,,,,,,0,0,,0
"Product","/products/f3407-150cm4ft9-26-2kg-a-cup-small-breast-tpe-sex-doll-aibei-doll",1,1,0,0,0,0,2,,0,0,0,27,2,0,,0,1,1,0,0,0,0,2,,0,0,0,27,2,0,,0,0,0,,,,,0,,,,,0,0,,,
,"/en-ca/collections/bbw-mini-size-torso",1,1,0,0,0,0,2,,0,0,0,4,2,0,,0,1,1,0,0,0,0,2,,0,0,0,4,2,0,,0,0,0,,,,,0,,,,,0,0,,,
"Product","/products/l867-2lb-82cm-crurophilia-fat-tpe-legs-and-feet-combo-realistic-skin-feel-climax-doll",1,1,0,0,0,0,1,,0,0,0,0,1,1,,1,1,1,0,0,0,0,1,,0,0,0,0,1,1,,1,0,0,,,,,0,,,,,,0,0,,0
"Product","/products/f3761-161cm5ft4-e-cup-silicone-sexy-realistic-adult-women-sex-doll-se-doll",1,1,0,0,0,0,1,,0,0,0,0,1,1,,1,1,1,0,0,0,0,1,,0,0,0,0,1,1,,1,0,0,,,,,0,,,,,,0,0,,0
"Product","/products/7-7lb-big-boobs-and-big-butts-sex-doll-torso-sex-toy-for-man-508-sex-doll-torso",1,1,0,0,0,0,1,,0,0,0,1,1,1,,1,1,1,0,0,0,0,1,,0,0,0,1,1,1,,1,0,0,,,,,0,,,,,0,0,0,,0
,"/en-ca/products/f5901-161cm5ft3-37kg-d-cup-mei-silicone-ros-best-big-tits-asian-sex-doll%E4%B8%A8lusandy-doll",1,1,0,0,0,0,2,,0,0,0,7,2,0,,0,1,1,0,0,0,0,2,,0,0,0,7,2,0,,0,0,0,,,,,0,,,,,0,0,,,
"Product","/products/f6209k-172cm-5-6ft-37-5kg-a-cup-realistic-flat-chest-sex-doll-in-stock-usa-top-cydoll",1,1,0,0,0,0,3,,0,0,0,121,3,0,,0,1,1,0,0,0,0,3,,0,0,0,121,3,0,,0,0,0,,,,,0,,,,,0,0,,,
"Blog Article","/blogs/dolls-info-qustions/from-midnight-anime-to-3d-nightstands-3-hentai-sex-dolls-that-actually-exist",1,1,0,0,0,0,1,,0,0,0,0,1,1,,1,1,1,0,0,0,0,1,,0,0,0,0,1,1,,1,0,0,,,,,0,,,,,,0,0,,0
"Product","/products/f3776-153cm-5ft44kg-g-cup-tpe-sexy-mature-woman-big-butt-sex-doll-yl-doll",1,1,0,0,0,0,4,,0,0,0,1685,4,0,,0,1,1,0,0,0,0,4,,0,0,0,1685,4,0,,0,0,0,,,,,0,,,,,0,0,,,
"Product","/products/f671-150cm-d-cup-silicone-head-tpe-body-jiusheng-doll",1,1,0,0,0,0,1,,0,0,0,0,1,1,,1,1,1,0,0,0,0,1,,0,0,0,0,1,1,,1,0,0,,,,,0,,,,,,0,0,,0
"Collection","/collections/dangxia",1,1,0,0,0,0,10,,0,0,0,1923,10,0,,0,1,1,0,0,0,0,10,,0,0,0,1923,10,0,,0,0,0,,,,,0,,,,,0,0,,,
,"/en-ca/products/f3484-165cm5f4-34kg-h-cup-big-breast-tpe-sex-doll-aibei-doll",1,1,0,0,0,0,6,,0,0,0,111,6,0,,0,1,1,0,0,0,0,6,,0,0,0,111,6,0,,0,0,0,,,,,0,,,,,0,0,,,
,"/en-fi/products/t711v-15lblightweight-vibrating-sucking-sex-doll-torso",1,1,0,0,0,0,1,,0,0,0,0,1,1,,1,1,1,0,0,0,0,1,,0,0,0,0,1,1,,1,0,0,,,,,0,,,,,,0,0,,0
,"/de/blogs/dolls-info-qustions/se-doll-sex-bot-series-feature-comparison-waist-rotation-vs-hip-thrusting-vs-head-nodding",1,1,0,0,0,0,1,,0,0,0,0,1,1,,1,1,1,0,0,0,0,1,,0,0,0,0,1,1,,1,0,0,,,,,0,,,,,,0,0,,0
"Checkout","/checkouts/cn/hWNCNHPrKZypHrwPNDh0LbqT/en-us",1,1,0,1,0,0,1,0,0,1,0,0,1,0,,0,1,1,0,1,0,0,1,0,0,1,0,0,1,0,,0,0,0,,0,,,0,,,0,,,0,,,
"Product","/products/t428-106cm3ft5-33-4kg-c-cup-kimberly-bubble-butt-silicone-sex-doll-torso-with-head-in-stock-usa-canada-lovenestle",1,1,0,0,0,0,1,,0,0,0,0,1,1,,1,1,1,0,0,0,0,1,,0,0,0,0,1,1,,1,0,0,,,,,0,,,,,,0,0,,0
"Product","/products/t425-35lbs-70cm-tpe-realistic-male-gay-sex-dolls-for-women-in-stock-eu-yq",1,1,0,0,0,0,3,,0,0,0,1685,3,0,,0,1,1,0,0,0,0,3,,0,0,0,1685,3,0,,0,0,0,,,,,0,,,,,0,0,,,
"Product","/products/f4389-168cm5-5ft-54kg-l-cup-asian-tpe-sex-doll%E4%B8%A8wm-doll",1,1,0,0,0,0,3,,0,0,0,116,3,0,,0,1,1,0,0,0,0,3,,0,0,0,116,3,0,,0,0,0,,,,,0,,,,,0,0,,,
"Blog Article","/blogs/dolls-info-qustions/whats-the-deal-with-moaning-sex-robots-anyway",1,1,0,0,0,0,1,,0,0,0,0,1,1,,1,1,1,0,0,0,0,1,,0,0,0,0,1,1,,1,0,0,,,,,0,,,,,,0,0,,0
"Blog Article","/blogs/dolls-info-qustions/how-to-safely-bathe-with-your-love-doll",1,1,0,0,0,0,1,,0,0,0,0,1,1,,1,1,1,0,0,0,0,1,,0,0,0,0,1,1,,1,0,0,,,,,0,,,,,,0,0,,0
,"/en-ca/products/f1880-165cm5ft4-a-cup-ella-most-realistic-sex-doll-irontech-doll",1,1,0,0,0,0,6,,0,0,0,230,6,0,,0,1,1,0,0,0,0,6,,0,0,0,230,6,0,,0,0,0,,,,,0,,,,,0,0,,,
"Product","/products/f1066-159cm-tpe-sex-doll-fun-west-doll",1,1,0,0,0,0,1,,0,0,0,0,1,1,,1,1,1,0,0,0,0,1,,0,0,0,0,1,1,,1,0,0,,,,,0,,,,,,0,0,,0
"Product","/products/f3252-150cm-4ft935-5kg-g-cup-big-breasted-european-nude-blonde-beauty-sex-doll-yl-doll",1,1,0,0,0,0,7,,0,0,0,338,7,0,,0,1,1,0,0,0,0,7,,0,0,0,338,7,0,,0,0,0,,,,,0,,,,,0,0,,,
,"/en-ca/products/f7602-163cm-d-cup-silicone-sex-doll-galatea-doll",1,1,0,0,0,0,1,,0,0,0,0,1,1,,1,1,1,0,0,0,0,1,,0,0,0,0,1,1,,1,0,0,,,,,0,,,,,,0,0,,0
"Product","/products/f6032-163cm-5ft4-51kg-h-cup-asian-silicone-sex-doll-shedoll",1,1,0,0,0,0,4,,0,0,0,1667,4,0,,0,1,1,0,0,0,0,4,,0,0,0,1667,4,0,,0,0,0,,,,,0,,,,,0,0,,,
,"/en-ca/products/f5579-157cm5ft1-32kg-d-cup-medium-breast-tpe-sex-doll-aibei-doll",1,1,0,0,0,0,1,,0,0,0,0,1,1,,1,1,1,0,0,0,0,1,,0,0,0,0,1,1,,1,0,0,,,,,0,,,,,,0,0,,0
,"/ja/blogs/dolls-info-qustions/must-read-for-trans-men-sleeves-vs-electric-pocket-pussy-which-one-is-right-for-you",1,1,0,0,0,0,1,,0,0,0,0,1,1,,1,1,1,0,0,0,0,1,,0,0,0,0,1,1,,1,0,0,,,,,0,,,,,,0,0,,0
,"/en-ca/products/f5677-165cm-5ft4-big-boobs-silicone-celebrity-sex-doll-in-stock-usa-canada",1,1,0,0,0,0,1,,0,0,0,0,1,1,,1,1,1,0,0,0,0,1,,0,0,0,0,1,1,,1,0,0,,,,,0,,,,,,0,0,,0
"Product","/products/yl-doll-157cm5ft7-mg",1,1,0,0,0,0,1,,0,0,0,0,1,1,,1,1,1,0,0,0,0,1,,0,0,0,0,1,1,,1,0,0,,,,,0,,,,,,0,0,,0
,"/en-fi/blogs/dolls-info-qustions/complete-guide-to-installing-male-sex-doll-penises-3-simple-methods",1,1,0,0,0,0,1,,0,0,0,0,1,1,,1,1,1,0,0,0,0,1,,0,0,0,0,1,1,,1,0,0,,,,,0,,,,,,0,0,,0
,"/en-ca/collections/saggy-huge-breast-sex-doll",1,1,0,0,0,0,16,,0,0,0,1155,16,0,,0,1,1,0,0,0,0,16,,0,0,0,1155,16,0,,0,0,0,,,,,0,,,,,0,0,,,
"Product","/products/t726-24kg-anime-dolphin-mating-hentai-silicone-sexdoll-torso-doll-castle",1,1,0,0,0,0,1,,0,0,0,0,1,1,,1,1,1,0,0,0,0,1,,0,0,0,0,1,1,,1,0,0,,,,,0,,,,,,0,0,,0
"Collection","/collections/big-ass-sex-doll-cheap",1,1,0,0,0,0,1,,0,0,0,0,1,1,,1,1,1,0,0,0,0,1,,0,0,0,0,1,1,,1,0,0,,,,,0,,,,,,0,0,,0
,"/en-fi/collections/foot-pocket-pussy",1,1,0,0,0,0,1,,0,0,0,0,1,1,,1,1,1,0,0,0,0,1,,0,0,0,0,1,1,,1,0,0,,,,,0,,,,,,0,0,,0
,"/en-ca/blogs/dolls-info-qustions/comprehensive-guide-how-to-clean-a-sex-doll-torso",1,1,0,0,0,0,1,,0,0,0,0,1,1,,1,1,1,0,0,0,0,1,,0,0,0,0,1,1,,1,0,0,,,,,0,,,,,,0,0,,0
,"/en-fi/products/f6208-176cm-5-77ft-41kg-e-cup-beatrice-silicone-realistic-sex-doll-top-cydoll",1,1,0,0,0,0,1,,0,0,0,0,1,1,,1,1,1,0,0,0,0,1,,0,0,0,0,1,1,,1,0,0,,,,,0,,,,,,0,0,,0
"Product","/products/f4708-doll-castle-150cm-j-cup-bbw-life-sized-sex-doll",1,1,0,0,0,0,1,,0,0,0,0,1,1,,1,1,1,0,0,0,0,1,,0,0,0,0,1,1,,1,0,0,,,,,0,,,,,,0,0,,0
"Collection","/collections/dolls-castle-torso-videos",1,1,0,0,0,0,1,,0,0,0,0,1,1,,1,1,1,0,0,0,0,1,,0,0,0,0,1,1,,1,0,0,,,,,0,,,,,,0,0,,0
,"/en-ca/products/f4952-166cm5f4-41kg-h-cup-big-breast-silicone-head-sex-doll-aibei-doll",1,1,0,0,0,0,1,,0,0,0,0,1,1,,1,1,1,0,0,0,0,1,,0,0,0,0,1,1,,1,0,0,,,,,0,,,,,,0,0,,0
"Collection","/collections/best-sell-doll",1,1,0,0,0,0,1,,0,0,0,0,1,1,,1,1,1,0,0,0,0,1,,0,0,0,0,1,1,,1,0,0,,,,,0,,,,,,0,0,,0
,"/en-ca/products/h516-mini-anime-silicone-sex-doll-head-elsa-babe-head",1,1,0,0,0,0,1,,0,0,0,0,1,1,,1,1,1,0,0,0,0,1,,0,0,0,0,1,1,,1,0,0,,,,,0,,,,,,0,0,,0
"Collection","/collections/angel-kiss-doll",1,1,0,0,0,0,1,,0,0,0,0,1,1,,1,1,1,0,0,0,0,1,,0,0,0,0,1,1,,1,0,0,,,,,0,,,,,,0,0,,0
"Blog Article","/blogs/dolls-info-qustions/how-realistic-can-dolls-be-an-astonishingly-lifelike-experience",1,1,0,0,0,0,2,,0,0,0,5,2,0,,0,1,1,0,0,0,0,2,,0,0,0,5,2,0,,0,0,0,,,,,0,,,,,0,0,,,
"Product","/products/f3537-160cm5-2ft-42kg-b-cup-fantasy-tpe-sex-doll%E4%B8%A8wm-doll",1,1,1,0,0,0,2,,1,0,0,59,2,0,,0,1,1,1,0,0,0,2,,1,0,0,59,2,0,,0,0,0,0,,,,0,,0,,,0,0,,,
"Product","/products/a553-2-43lbmini-fat-belly-fake-pussy-and-anal-ass-doll",1,1,0,0,0,0,1,,0,0,0,0,1,1,,1,1,1,0,0,0,0,1,,0,0,0,0,1,1,,1,0,0,,,,,0,,,,,,0,0,,0
"Checkout","/60719464687/orders/ceea482b63f9e9765371dfe574499f9a",1,1,0,0,0,0,1,,0,0,0,0,1,1,,1,1,1,0,0,0,0,1,,0,0,0,0,1,1,,1,0,0,,,,,0,,,,,,0,0,,0
"Checkout","/checkouts/cn/hWNCO8rcT4eMxyFKnjz9bWvh/en-us",1,1,0,1,0,0,3,0,0,1,0,9,3,0,,0,1,1,0,1,0,0,3,0,0,1,0,9,3,0,,0,0,0,,0,,,0,,,0,,0,0,,,
,"/en-ca/products/f555-161cm-bbw-sex-doll-silicone-starpery",1,1,0,0,0,0,1,,0,0,0,0,1,1,,1,1,1,0,0,0,0,1,,0,0,0,0,1,1,,1,0,0,,,,,0,,,,,,0,0,,0
"Product","/products/t316-silicone-sex-doll-torso-realistic-female-sex-torso-sineem",1,1,0,0,0,0,6,,0,0,0,286,6,0,,0,1,1,0,0,0,0,6,,0,0,0,286,6,0,,0,0,0,,,,,0,,,,,0,0,,,
"Product","/products/f5449-150cm-5ft-27-5kg-silicone-anime-hentai-sex-dolls-elsa-babe",1,1,0,0,0,0,1,,0,0,0,0,1,1,,1,1,1,0,0,0,0,1,,0,0,0,0,1,1,,1,0,0,,,,,0,,,,,,0,0,,0
"Product","/products/h680-hard-silicone-anime-sex-doll-head-irokebijin-doll",1,1,0,0,0,0,1,,0,0,0,0,1,1,,1,1,1,0,0,0,0,1,,0,0,0,0,1,1,,1,0,0,,,,,0,,,,,,0,0,,0
"Product","/products/kt002-premium-water-based-doll-cleaning-machine",1,1,0,0,0,0,1,,0,0,0,0,1,1,,1,1,1,0,0,0,0,1,,0,0,0,0,1,1,,1,0,0,,,,,0,,,,,,0,0,,0
,"/en-ca/blogs/dolls-info-qustions/exploring-the-best-breasts-for-titty-fucking",1,1,0,0,0,0,1,,0,0,0,0,1,1,,1,1,1,0,0,0,0,1,,0,0,0,0,1,1,,1,0,0,,,,,0,,,,,,0,0,,0
"Blog Article","/blogs/dolls-info-qustions/makeup-for-hentai-sex-doll-create-your-own-anime-goddess",1,1,0,0,0,0,1,,0,0,0,0,1,1,,1,1,1,0,0,0,0,1,,0,0,0,0,1,1,,1,0,0,,,,,0,,,,,,0,0,,0
"Product","/products/d3363-3lb%e4%b8%a87-5-brown-upgraded-king-kong-gunner-male-butt-with-dildo",1,1,0,0,0,0,2,,0,0,0,286,2,0,,0,1,1,0,0,0,0,2,,0,0,0,286,2,0,,0,0,0,,,,,0,,,,,0,0,,,
"Collection","/collections/black-sex-doll-premium",1,1,0,0,0,0,10,,0,0,0,1117,10,0,,0,1,1,0,0,0,0,10,,0,0,0,1117,10,0,,0,0,0,,,,,0,,,,,0,0,,,
"Product","/products/f1011-161cm-e-cup-sex-doll-fun-west-doll",1,1,0,0,0,0,5,,0,0,0,69,5,0,,0,1,1,0,0,0,0,5,,0,0,0,69,5,0,,0,0,0,,,,,0,,,,,0,0,,,
"Product","/products/t449-13-89lb-silicone-pocket-pussy-sex-doll-torso-lovenestle",1,1,0,0,0,0,2,,0,0,0,82,2,0,,0,1,1,0,0,0,0,2,,0,0,0,82,2,0,,0,0,0,,,,,0,,,,,0,0,,,
"Collection","/collections/xingse-in-stock-europe-2026",1,1,0,0,0,0,1,,0,0,0,0,1,1,,1,1,1,0,0,0,0,1,,0,0,0,0,1,1,,1,0,0,,,,,0,,,,,,0,0,,0
"Product","/products/f9222-159cm-5ft2-c-cup-silicone-life-size-sex-doll-starpery-doll",1,1,0,0,0,0,1,,0,0,0,0,1,1,,1,1,1,0,0,0,0,1,,0,0,0,0,1,1,,1,0,0,,,,,0,,,,,,0,0,,0
,"/de/collections/lifesize-male-sex-doll-torso",1,1,0,0,0,0,1,,0,0,0,0,1,1,,1,1,1,0,0,0,0,1,,0,0,0,0,1,1,,1,0,0,,,,,0,,,,,,0,0,,0
"Custom Page","/pages/about-us",1,1,0,0,0,0,4,,0,0,0,614,4,0,,0,1,1,0,0,0,0,4,,0,0,0,614,4,0,,0,0,0,,,,,0,,,,,0,0,,,
,"/de/products/a517-half-torso-sex-doll-ass-3d-bottom",1,1,0,0,0,0,1,,0,0,0,0,1,1,,1,1,1,0,0,0,0,1,,0,0,0,0,1,1,,1,0,0,,,,,0,,,,,,0,0,,0
,"/en-ca/collections/in-stock-sex-doll-heads",1,1,0,0,0,0,1,,0,0,0,0,1,1,,1,1,1,0,0,0,0,1,,0,0,0,0,1,1,,1,0,0,,,,,0,,,,,,0,0,,0
"Product","/products/f8122-154cm5ft1-32-4kg-c-cup-s-tori-black-silicone-head-sex-doll-climax-doll-pro",1,1,0,0,0,0,1,,0,0,0,0,1,1,,1,1,1,0,0,0,0,1,,0,0,0,0,1,1,,1,0,0,,,,,0,,,,,,0,0,,0
,"/de/blogs/dolls-info-qustions/the-hot-item-of-the-year-is-coming-caste-dolls-new-hentai-sex-doll-is-on-the-shelves",1,1,0,0,0,0,1,,0,0,0,0,1,1,,1,1,1,0,0,0,0,1,,0,0,0,0,1,1,,1,0,0,,,,,0,,,,,,0,0,,0
,"/en-ca/blogs/real-sex-doll-reviews-pros-cons-real-usage-tests/7-top-brands-of-silicone-sex-dolls-jelly-breast-experience-which-is-the-softest-and-most-realistic",1,1,0,0,0,0,1,,0,0,0,0,1,1,,1,1,1,0,0,0,0,1,,0,0,0,0,1,1,,1,0,0,,,,,0,,,,,,0,0,,0
"Blog Article","/blogs/dolls-info-qustions/unveiling-irontech-6-key-features-you-need-to-know",1,1,0,0,0,0,1,,0,0,0,0,1,1,,1,1,1,0,0,0,0,1,,0,0,0,0,1,1,,1,0,0,,,,,0,,,,,,0,0,,0
"Product","/products/f234-street-fighter-176cm-5ft9-silicone-fighting-male-sex-doll-irontech-doll",1,1,0,0,0,0,2,,0,0,0,99,2,0,,0,1,1,0,0,0,0,2,,0,0,0,99,2,0,,0,0,0,,,,,0,,,,,0,0,,,
,"/vi/blogs/dolls-info-qustions/how-to-diy-an-sex-doll-you",1,1,0,0,0,0,1,,0,0,0,0,1,1,,1,1,1,0,0,0,0,1,,0,0,0,0,1,1,,1,0,0,,,,,0,,,,,,0,0,,0
,"/en-fi/blogs/dolls-info-qustions/best-vibrating-sex-torso-types-who-it-suits",1,1,0,0,0,0,1,,0,0,0,0,1,1,,1,1,1,0,0,0,0,1,,0,0,0,0,1,1,,1,0,0,,,,,0,,,,,,0,0,,0
"Product","/products/f2415-162cm5-4ft-39kg-h-cup-toned-body-silicone-sex-doll-real-lady",1,1,0,0,0,0,1,,0,0,0,0,1,1,,1,1,1,0,0,0,0,1,,0,0,0,0,1,1,,1,0,0,,,,,0,,,,,,0,0,,0
,"/ja/blogs/featured-blog/why-irontech-doll-has-become-a-global-leading-sex-doll-brand",1,1,0,0,0,0,1,,0,0,0,0,1,1,,1,1,1,0,0,0,0,1,,0,0,0,0,1,1,,1,0,0,,,,,0,,,,,,0,0,,0
"Product","/products/p121-4kg-deep-throat-figures-silicone-hentai-anime-sex-doll-castle-doll",1,1,0,0,0,0,1,,0,0,0,0,1,1,,1,1,1,0,0,0,0,1,,0,0,0,0,1,1,,1,0,0,,,,,0,,,,,,0,0,,0
"Product","/products/f8101-165cm5-5ft-47kg-e-cup-ss203-ros-full-size-s-tpe-silicone-head-sex-doll%E4%B8%A8wm-doll",1,1,1,1,0,0,3,0,1,1,0,566,3,0,0,0,1,1,1,1,0,0,3,0,1,1,0,566,3,0,0,0,0,0,0,0,,,0,,0,0,,0,0,,,
"Product","/products/598-77lb-84cmlife-size-sex-doll-torso-with-head-and-hands",1,1,0,0,0,0,3,,0,0,0,245,3,0,,0,1,1,0,0,0,0,3,,0,0,0,245,3,0,,0,0,0,,,,,0,,,,,0,0,,,
,"/en-ca/products/a409-big-ass-tpe-sex-torso-17-6lb-dual-entry",1,1,0,0,0,0,1,,0,0,0,0,1,1,,1,1,1,0,0,0,0,1,,0,0,0,0,1,1,,1,0,0,,,,,0,,,,,,0,0,,0
"Product","/products/f3322-160cm-5ft239-5kg-g-cup-tpe-adult-big-chest-curve-beauty-sex-doll-yl-doll",1,1,0,0,0,0,1,,0,0,0,0,1,1,,1,1,1,0,0,0,0,1,,0,0,0,0,1,1,,1,0,0,,,,,0,,,,,,0,0,,0
,"/en-ca/products/f9356-150cm-anime-silicone-sex-doll-elsa-babe",1,1,0,0,0,0,1,,0,0,0,1,1,1,,1,1,1,0,0,0,0,1,,0,0,0,1,1,1,,1,0,0,,,,,0,,,,,0,0,0,,0
"Product","/products/f7659-150cm4ft11-25kg-d-cup-silicone-ros-japanese-mini-sex-doll-miye-with-implanted-hair-gel-breast-oral%E4%B8%A8doll-senior",1,1,0,0,0,0,3,,0,0,0,117,3,0,,0,1,1,0,0,0,0,3,,0,0,0,117,3,0,,0,0,0,,,,,0,,,,,0,0,,,
,"/de/products/9017077137647",1,1,0,0,0,0,1,,0,0,0,0,1,1,,1,1,1,0,0,0,0,1,,0,0,0,0,1,1,,1,0,0,,,,,0,,,,,,0,0,,0
"Product","/products/a218-22lb-realistic-pocket-pussy-with-thick-ass-top-fire",1,1,0,0,0,0,1,,0,0,0,0,1,1,,1,1,1,0,0,0,0,1,,0,0,0,0,1,1,,1,0,0,,,,,0,,,,,,0,0,,0
,"/en-ca/blogs/dolls-info-qustions/full-size-sex-dolls-the-most-popular-types",1,1,0,0,0,0,1,,0,0,0,0,1,1,,1,1,1,0,0,0,0,1,,0,0,0,0,1,1,,1,0,0,,,,,0,,,,,,0,0,,0
"Collection","/collections/kkk",1,1,0,0,0,0,1,,0,0,0,0,1,1,,1,1,1,0,0,0,0,1,,0,0,0,0,1,1,,1,0,0,,,,,0,,,,,,0,0,,0
"Product","/products/f2441-163cm5-3ft-53kg-g-cup-sex-doll%E4%B8%A8sy-doll",1,1,0,0,0,0,2,,0,0,0,514,2,0,,0,1,1,0,0,0,0,2,,0,0,0,514,2,0,,0,0,0,,,,,0,,,,,0,0,,,
,"/en-fi/products/8937700851951",1,1,0,0,0,0,1,,0,0,0,0,1,1,,1,1,1,0,0,0,0,1,,0,0,0,0,1,1,,1,0,0,,,,,0,,,,,,0,0,,0
"Collection","/collections/6ye-doll",1,1,0,0,0,0,1,,0,0,0,0,1,1,,1,1,1,0,0,0,0,1,,0,0,0,0,1,1,,1,0,0,,,,,0,,,,,,0,0,,0
,"/en-ca/products/f4463-160cm5f3-39kg-f-cup-petite-silicone-head-medium-butt-sex-doll-aibei-doll",1,1,0,0,0,0,2,,0,0,0,7,2,0,,0,1,1,0,0,0,0,2,,0,0,0,7,2,0,,0,0,0,,,,,0,,,,,0,0,,,
"Collection","/collections/sex-doll-with-electric-hip-and-waist",1,1,0,0,0,0,18,,0,0,0,760,18,0,,0,1,1,0,0,0,0,18,,0,0,0,760,18,0,,0,0,0,,,,,0,,,,,0,0,,,
"Product","/products/f6203-165cm-5ft4-37kg-a-cup-silicone-sex-doll-firefly-diary",1,1,0,0,0,0,3,,0,0,0,144,3,0,,0,1,1,0,0,0,0,3,,0,0,0,144,3,0,,0,0,0,,,,,0,,,,,0,0,,,
"Product","/products/f2082-monique-starpery-172cm-f-cup-female-sex-doll",1,1,0,0,0,0,1,,0,0,0,0,1,1,,1,1,1,0,0,0,0,1,,0,0,0,0,1,1,,1,0,0,,,,,0,,,,,,0,0,,0
"Product","/products/f2162-165cm-5ft5-g-cup-natalia-realistic-silicone-sex-doll-starpery-doll",1,1,0,0,0,0,1,,0,0,0,0,1,1,,1,1,1,0,0,0,0,1,,0,0,0,0,1,1,,1,0,0,,,,,0,,,,,,0,0,,0
"Product","/products/f1444-aibei-163cm-e-cup-bbw-life-size-sex-doll",1,1,0,0,0,0,1,,0,0,0,0,1,1,,1,1,1,0,0,0,0,1,,0,0,0,0,1,1,,1,0,0,,,,,0,,,,,,0,0,,0
,"/en-ca/blogs/dolls-info-qustions/the-ultimate-guide-to-starpery-sex-dolls-the-realism-and-innovation",1,1,0,0,0,0,1,,0,0,0,0,1,1,,1,1,1,0,0,0,0,1,,0,0,0,0,1,1,,1,0,0,,,,,0,,,,,,0,0,,0
"Product","/products/f8533k-167cm-49-2kg-silicone-ros-head-tpe-body-full-size-adult-sex-doll-marissa-in-stock-usa-ridmii",1,1,0,0,0,0,1,,0,0,0,3,1,1,,1,1,1,0,0,0,0,1,,0,0,0,3,1,1,,1,0,0,,,,,0,,,,,0,0,0,,0
"Blog Article","/blogs/dolls-info-qustions/the-vibration-and-suction-functions-of-automatic-sex-dolls",1,1,0,0,0,0,1,,0,0,0,0,1,1,,1,1,1,0,0,0,0,1,,0,0,0,0,1,1,,1,0,0,,,,,0,,,,,,0,0,,0
"Blog Article","/blogs/dolls-info-qustions/top-5-best-foot-fetish-toys-you-can-buy-online-in-2025",1,1,0,0,0,0,1,,0,0,0,0,1,1,,1,1,1,0,0,0,0,1,,0,0,0,0,1,1,,1,0,0,,,,,0,,,,,,0,0,,0
"Product","/products/f5834k-168cm-5ft5-35kg-f-cup-silicone-realistic-sex-doll-in-stock-usa-top-cydoll",1,1,0,0,0,0,6,,0,0,0,200,6,0,,0,1,1,0,0,0,0,6,,0,0,0,200,6,0,,0,0,0,,,,,0,,,,,0,0,,,
"Blog Article","/blogs/dolls-info-qustions/choosing-between-a-torso-dildo-and-a-dildo-a-relaxed-guide",1,1,0,0,0,0,1,,0,0,0,0,1,1,,1,1,1,0,0,0,0,1,,0,0,0,0,1,1,,1,0,0,,,,,0,,,,,,0,0,,0
"Product","/products/f4546-157cm5ft1-31kg-yuuka-i-h-cup-silicone-sexy-fit-real-medium-butt-chinese-sex-doll-se-doll",1,1,0,0,0,0,4,,0,0,0,1807,4,0,,0,1,1,0,0,0,0,4,,0,0,0,1807,4,0,,0,0,0,,,,,0,,,,,0,0,,,
"Product","/products/t408-fat-sex-dolls-121cm-long-legs-bbw-torso",1,1,0,0,0,0,2,,0,0,0,11,2,0,,0,1,1,0,0,0,0,2,,0,0,0,11,2,0,,0,0,0,,,,,0,,,,,0,0,,,
"Product","/products/f4499-161cm5-3ft-53kg-h-cup-lottie-asian-silicone-sex-doll%E4%B8%A8climax-doll-pro",1,1,0,0,0,0,1,,0,0,0,0,1,1,,1,1,1,0,0,0,0,1,,0,0,0,0,1,1,,1,0,0,,,,,0,,,,,,0,0,,0
"Product","/products/f9309-165cm-f-cup-most-realistic-sex-doll-doll-senior",1,1,0,0,0,0,1,,0,0,0,0,1,1,,1,1,1,0,0,0,0,1,,0,0,0,0,1,1,,1,0,0,,,,,0,,,,,,0,0,,0
"Blog Article","/blogs/dolls-info-qustions/comprehensive-guide-to-realistic-foot-fetish-toys",1,1,0,0,0,0,2,,0,0,0,24,2,0,,0,1,1,0,0,0,0,2,,0,0,0,24,2,0,,0,0,0,,,,,0,,,,,0,0,,,
"Product","/products/f1313-164cm-f-cup-miku-big-boobs-doll-irontech-doll",1,1,0,0,0,0,1,,0,0,0,0,1,1,,1,1,1,0,0,0,0,1,,0,0,0,0,1,1,,1,0,0,,,,,0,,,,,,0,0,,0
,"/ja/blogs/featured-blog/why-choose-the-irontech-silicone-sex-dolls",1,1,0,0,0,0,1,,0,0,0,0,1,1,,1,1,1,0,0,0,0,1,,0,0,0,0,1,1,,1,0,0,,,,,0,,,,,,0,0,,0
,"/en-fi/collections/6-foot-sex-doll",1,1,0,0,0,0,1,,0,0,0,0,1,1,,1,1,1,0,0,0,0,1,,0,0,0,0,1,1,,1,0,0,,,,,0,,,,,,0,0,,0
"Collection","/collections/frontpage",1,1,0,0,0,0,2,,0,0,0,64,2,0,,0,1,1,0,0,0,0,2,,0,0,0,64,2,0,,0,0,0,,,,,0,,,,,0,0,,,
"Product","/products/f8170-150cm4-9ft-27-6kg-f-cup-ros-max-r8-lena-silicone-sex-doll-real-lady",1,1,0,0,0,0,1,,0,0,0,0,1,1,,1,1,1,0,0,0,0,1,,0,0,0,0,1,1,,1,0,0,,,,,0,,,,,,0,0,,0
,"/en-ca/collections/qita-doll",1,1,0,0,0,0,1,,0,0,0,0,1,1,,1,1,1,0,0,0,0,1,,0,0,0,0,1,1,,1,0,0,,,,,0,,,,,,0,0,,0
"Collection","/collections/vajankle-foot-fetish-toys/",1,1,0,0,0,0,1,,0,0,0,0,1,1,,1,1,1,0,0,0,0,1,,0,0,0,0,1,1,,1,0,0,,,,,0,,,,,,0,0,,0
,"/en-ca/products/h721-sex-doll-head-with-curly-black-hair-irontech-doll-head",1,1,0,0,0,0,1,,0,0,0,0,1,1,,1,1,1,0,0,0,0,1,,0,0,0,0,1,1,,1,0,0,,,,,0,,,,,,0,0,,0
"Product","/products/f1714-167cm-5ft5-e-cup-silicone-sex-doll-starpery-doll",1,1,0,0,0,0,1,,0,0,0,0,1,1,,1,1,1,0,0,0,0,1,,0,0,0,0,1,1,,1,0,0,,,,,0,,,,,,0,0,,0
"Product","/products/f313-150cm-4ft9-42-5kg-m-cup-bigass-alien-tpe-sex-doll-wm-doll",1,1,0,0,0,0,1,,0,0,0,0,1,1,,1,1,1,0,0,0,0,1,,0,0,0,0,1,1,,1,0,0,,,,,0,,,,,,0,0,,0
,"/en-ca/collections/mrl-doll",1,1,0,0,0,0,1,,0,0,0,0,1,1,,1,1,1,0,0,0,0,1,,0,0,0,0,1,1,,1,0,0,,,,,0,,,,,,0,0,,0
,"/en-ca/collections/black-hair-sex-doll",1,1,0,0,0,0,1,,0,0,0,0,1,1,,1,1,1,0,0,0,0,1,,0,0,0,0,1,1,,1,0,0,,,,,0,,,,,,0,0,,0
,"/en-ca/products/f1624-166cm-5ft4-c-cup-lifelike-silicone-head-sex-doll-rosretty-doll",1,1,0,0,0,0,1,,0,0,0,0,1,1,,1,1,1,0,0,0,0,1,,0,0,0,0,1,1,,1,0,0,,,,,0,,,,,,0,0,,0
,"/en-ca/products/f2031-162cm5-3ft-34kg-f-cup-european-tpe-sex-doll%E4%B8%A8wm-doll",1,1,0,0,0,0,8,,0,0,0,356,8,0,,0,1,1,0,0,0,0,8,,0,0,0,356,8,0,,0,0,0,,,,,0,,,,,0,0,,,
"Product","/products/linkdolls-f3251-150cm-4ft935-5kg-leslie-g-cup-big-breasted-european-nude-beauty-sex-doll-yl-doll",1,1,0,0,0,0,1,,0,0,0,0,1,1,,1,1,1,0,0,0,0,1,,0,0,0,0,1,1,,1,0,0,,,,,0,,,,,,0,0,,0
"Custom Page","/pages/anime-sex-doll-buying-guide",1,1,0,0,0,0,1,,0,0,0,0,1,1,,1,1,1,0,0,0,0,1,,0,0,0,0,1,1,,1,0,0,,,,,0,,,,,,0,0,,0
"Product","/products/f5653-170cm5-6ft-36-2kg-c-cup-full-silicone-life-size-celebrity-sex-doll%E4%B8%A8zelex-doll",1,1,0,0,0,0,1,,0,0,0,0,1,1,,1,1,1,0,0,0,0,1,,0,0,0,0,1,1,,1,0,0,,,,,0,,,,,,0,0,,0
"Product","/products/f8187-164cm-5ft4-45kg-h-cup-m39-life-size-asian-sex-doll-md-doll",1,1,0,0,0,0,4,,0,0,0,841,4,0,,0,1,1,0,0,0,0,4,,0,0,0,841,4,0,,0,0,0,,,,,0,,,,,0,0,,,
,"/en-ca/products/f5580-157cm5ft1-32kg-d-cup-medium-breast-tpe-sex-doll-aibei-doll",1,1,0,0,0,0,1,,0,0,0,0,1,1,,1,1,1,0,0,0,0,1,,0,0,0,0,1,1,,1,0,0,,,,,0,,,,,,0,0,,0
"Product","/products/f2516-158cm-5ft2-d-cup-red-silicone-head-big-breasts-sex-doll-rosretty-dolls",1,1,0,0,0,0,4,,0,0,0,1318,4,0,,0,1,1,0,0,0,0,4,,0,0,0,1318,4,0,,0,0,0,,,,,0,,,,,0,0,,,
"Product","/products/f8509-163cm-36kg-d-cup-silicone-head-tpe-body-full-size-adult-sex-doll-aggie-in-stock-usa-ridmii",1,1,0,0,0,0,6,,0,0,0,332,6,0,,0,1,1,0,0,0,0,6,,0,0,0,332,6,0,,0,0,0,,,,,0,,,,,0,0,,,
"Product","/products/h631-ros-silicone-sex-doll-head-zelex-doll-head",1,1,0,0,0,0,1,,0,0,0,0,1,1,,1,1,1,0,0,0,0,1,,0,0,0,0,1,1,,1,0,0,,,,,0,,,,,,0,0,,0
"Product","/products/firefly-diary-japanese-silicone-160cm-f734",1,1,0,0,0,0,1,,0,0,0,0,1,1,,1,1,1,0,0,0,0,1,,0,0,0,0,1,1,,1,0,0,,,,,0,,,,,,0,0,,0
"Blog Article","/blogs/dolls-info-qustions/futa-sex-dolls-where-fantasy-meets-reality-in-the-world-of-anime-temptation",1,1,0,0,0,0,1,,0,0,0,0,1,1,,1,1,1,0,0,0,0,1,,0,0,0,0,1,1,,1,0,0,,,,,0,,,,,,0,0,,0
,"/en-fi/blogs/dolls-info-qustions/3-stunning-black-sex-dolls-you-can-t-miss-in-2025",1,1,0,0,0,0,1,,0,0,0,0,1,1,,1,1,1,0,0,0,0,1,,0,0,0,0,1,1,,1,0,0,,,,,0,,,,,,0,0,,0
"Product","/products/8083631964399",1,1,0,0,0,0,1,,0,0,0,0,1,1,,1,1,1,0,0,0,0,1,,0,0,0,0,1,1,,1,0,0,,,,,0,,,,,,0,0,,0
"Blog Article","/blogs/dolls-info-qustions/10-countries-legal-to-buy-sex-dolls",1,1,0,0,0,0,10,,0,0,0,1682,10,0,,0,1,1,0,0,0,0,10,,0,0,0,1682,10,0,,0,0,0,,,,,0,,,,,0,0,,,
"Blog Article","/blogs/dolls-info-qustions/japanese-wives-image",1,1,0,0,0,0,1,,0,0,0,0,1,1,,1,1,1,0,0,0,0,1,,0,0,0,0,1,1,,1,0,0,,,,,0,,,,,,0,0,,0
"Blog Article","/blogs/dolls-info-qustions/zelex-inspiration-series-2-0-gets-a-full-scale-upgrade-ultra-realistic-dolls-are-here-to-amaze",1,1,0,0,0,0,1,,0,0,0,0,1,1,,1,1,1,0,0,0,0,1,,0,0,0,0,1,1,,1,0,0,,,,,0,,,,,,0,0,,0
"Blog Article","/blogs/dolls-info-qustions/exploring-the-world-of-sexual-fantasies-how-to-use-a-sex-doll-torso-to-fulfill-sexual-fantasies",1,1,0,0,0,0,1,,0,0,0,0,1,1,,1,1,1,0,0,0,0,1,,0,0,0,0,1,1,,1,0,0,,,,,0,,,,,,0,0,,0
,"/en-ca/blogs/dolls-info-qustions/porn-stars-brought-to-life-the-irontech-porn-star-series-that-ignites-your-desire",1,1,0,0,0,0,1,,0,0,0,0,1,1,,1,1,1,0,0,0,0,1,,0,0,0,0,1,1,,1,0,0,,,,,0,,,,,,0,0,,0
,"/en-ca/collections/sex-doll-ass",1,1,0,0,0,0,1,,0,0,0,0,1,1,,1,1,1,0,0,0,0,1,,0,0,0,0,1,1,,1,0,0,,,,,0,,,,,,0,0,,0
"Checkout","/60719464687/orders/03616c4ebe17a099285a9929f992cc9c",1,1,0,0,0,0,1,,0,0,0,0,1,1,,1,1,1,0,0,0,0,1,,0,0,0,0,1,1,,1,0,0,,,,,0,,,,,,0,0,,0
,"/en-ca/products/v322-silicone-vajankle-foot-fetish-toy-with-detailed-foot-design",1,1,0,0,0,0,1,,0,0,0,0,1,1,,1,1,1,0,0,0,0,1,,0,0,0,0,1,1,,1,0,0,,,,,0,,,,,,0,0,,0
"Product","/products/h674-silicone-sex-doll-head-real-lady-doll",1,1,0,0,0,0,1,,0,0,0,0,1,1,,1,1,1,0,0,0,0,1,,0,0,0,0,1,1,,1,0,0,,,,,0,,,,,,0,0,,0
,"/en-fi/products/f2421-168cm-m-cup-shemale-femboy-big-ass-musculature-silicone-sex-doll-castle-doll",1,1,0,0,0,0,1,,0,0,0,0,1,1,,1,1,1,0,0,0,0,1,,0,0,0,0,1,1,,1,0,0,,,,,0,,,,,,0,0,,0
,"/en-ca/products/f1053-159cm-tpe-sex-doll-fun-west-doll",1,1,0,0,0,0,1,,0,0,0,0,1,1,,1,1,1,0,0,0,0,1,,0,0,0,0,1,1,,1,0,0,,,,,0,,,,,,0,0,,0
"Product","/products/t426-106cm3ft5-33-4kg-c-cup-bubble-butt-silicone-sex-doll-torso-with-head-in-stock-usa-canada-lovenestle",1,1,0,0,0,0,63,,0,0,0,7325,63,0,,0,1,1,0,0,0,0,63,,0,0,0,7325,63,0,,0,0,0,,,,,0,,,,,0,0,,,
,"/en-fi/products/f5515-168cm5-5ft-39kg-h-cup-r4-life-size-silicone-sex-doll-real-lady",1,1,0,0,0,0,1,,0,0,0,0,1,1,,1,1,1,0,0,0,0,1,,0,0,0,0,1,1,,1,0,0,,,,,0,,,,,,0,0,,0
"Blog Article","/blogs/dolls-info-qustions/do-sex-doll-butts-give-you-the-benefits-of-real-ones",1,1,0,0,0,0,1,,0,0,0,0,1,1,,1,1,1,0,0,0,0,1,,0,0,0,0,1,1,,1,0,0,,,,,0,,,,,,0,0,,0
,"/en-fi/collections/mini-flat-chest-sex-doll",1,1,0,0,0,0,7,,0,0,0,356,7,0,,0,1,1,0,0,0,0,7,,0,0,0,356,7,0,,0,0,0,,,,,0,,,,,0,0,,,
,"/en-fi/blogs/dolls-info-qustions/how-to-pick-a-fake-pussy-and-sex-doll-torso",1,1,0,0,0,0,1,,0,0,0,0,1,1,,1,1,1,0,0,0,0,1,,0,0,0,0,1,1,,1,0,0,,,,,0,,,,,,0,0,,0
,"/en-ca/collections/effeminate-femboy-sex-doll",1,1,0,0,0,0,1,,0,0,0,0,1,1,,1,1,1,0,0,0,0,1,,0,0,0,0,1,1,,1,0,0,,,,,0,,,,,,0,0,,0
"Product","/products/h112-sex-doll-head",1,1,0,0,0,0,1,,0,0,0,0,1,1,,1,1,1,0,0,0,0,1,,0,0,0,0,1,1,,1,0,0,,,,,0,,,,,,0,0,,0
"Product","/products/a685-42-9lbsuper-soft-gel-butt-realistic-ass-sex-doll-torso",1,1,0,0,0,0,1,,0,0,0,0,1,1,,1,1,1,0,0,0,0,1,,0,0,0,0,1,1,,1,0,0,,,,,0,,,,,,0,0,,0
,"/en-ca/blogs/featured-blog/best-torso-sex-doll-brands-of-2026",1,1,0,0,0,0,9,,0,0,0,628,9,0,,0,1,1,0,0,0,0,9,,0,0,0,628,9,0,,0,0,0,,,,,0,,,,,0,0,,,
,"/en-fi/blogs/dolls-info-qustions/irontech-default-configuration-fully-upgraded-premium-experience-delivered-instantly-truly-worth-every-penny",1,1,0,0,0,0,1,,0,0,0,0,1,1,,1,1,1,0,0,0,0,1,,0,0,0,0,1,1,,1,0,0,,,,,0,,,,,,0,0,,0
,"/en-ca/products/f9364-life-sized-sex-dolls-lusandy-full-sized-christmas-edition",1,1,0,0,0,0,1,,0,0,0,0,1,1,,1,1,1,0,0,0,0,1,,0,0,0,0,1,1,,1,0,0,,,,,0,,,,,,0,0,,0
"Product","/products/8965939462383",1,1,0,0,0,0,1,,0,0,0,0,1,1,,1,1,1,0,0,0,0,1,,0,0,0,0,1,1,,1,0,0,,,,,0,,,,,,0,0,,0
"Product","/products/a457-37-74lb-silicone-1-1-life-sized-pussy-ass-masturbator-big-ass-torso-lovenestle",1,1,0,0,0,0,1,,0,0,0,0,1,1,,1,1,1,0,0,0,0,1,,0,0,0,0,1,1,,1,0,0,,,,,0,,,,,,0,0,,0
,"/en-ca/products/f7644-8kg-d-cup-animal-hentai-realistic-furry-silicone-sex-doll-doll-castle",1,1,0,0,0,0,1,,0,0,0,0,1,1,,1,1,1,0,0,0,0,1,,0,0,0,0,1,1,,1,0,0,,,,,0,,,,,,0,0,,0
"Product","/products/f3256-150cm-4ft935-5kg-g-cup-big-breasted-european-nude-blonde-woman-sex-doll-yl-doll",1,1,0,0,0,0,1,,0,0,0,0,1,1,,1,1,1,0,0,0,0,1,,0,0,0,0,1,1,,1,0,0,,,,,0,,,,,,0,0,,0
,"/en-ca/collections/65cm-sex-doll",1,1,0,0,0,0,1,,0,0,0,0,1,1,,1,1,1,0,0,0,0,1,,0,0,0,0,1,1,,1,0,0,,,,,0,,,,,,0,0,,0
"Collection","/collections/normon-doll",1,1,0,0,0,0,3,,0,0,0,59,3,0,,0,1,1,0,0,0,0,3,,0,0,0,59,3,0,,0,0,0,,,,,0,,,,,0,0,,,
,"/en-ca/collections/sex-doll-torso/products/519-20-28lb-curvy-lightweight-55cm-sex-doll-torso",1,1,0,0,0,0,7,,0,0,0,121,7,0,,0,1,1,0,0,0,0,7,,0,0,0,121,7,0,,0,0,0,,,,,0,,,,,0,0,,,
"Product","/products/a308-13lb-19lb-30lb-three-sizes-silicone-soft-realistic-big-ass-sex-dolls-torso",1,1,0,0,0,0,2,,0,0,0,47,2,0,,0,1,1,0,0,0,0,2,,0,0,0,47,2,0,,0,0,0,,,,,0,,,,,0,0,,,
,"/en-ca/collections/chubby-sex-doll-1",1,1,0,0,0,0,2,,0,0,0,3,2,0,,0,1,1,0,0,0,0,2,,0,0,0,3,2,0,,0,0,0,,,,,0,,,,,0,0,,,
"Product","/products/t68-luxury-lifelike-silicone-sex-doll-torso-sigafun-doll",1,1,0,0,0,0,1,,0,0,0,0,1,1,,1,1,1,0,0,0,0,1,,0,0,0,0,1,1,,1,0,0,,,,,0,,,,,,0,0,,0
,"/en-ca/collections/sex-doll-with-electric-hip-and-waist",1,1,0,0,0,0,3,,0,0,0,30,3,0,,0,1,1,0,0,0,0,3,,0,0,0,30,3,0,,0,0,0,,,,,0,,,,,0,0,,,
"Collection","/collections/sex-doll-torso-combination-package-for-couples",1,1,0,0,0,0,1,,0,0,0,0,1,1,,1,1,1,0,0,0,0,1,,0,0,0,0,1,1,,1,0,0,,,,,0,,,,,,0,0,,0
"Blog Article","/blogs/featured-blog/complete-guide-to-storage-and-maintenance-of-sex-doll-torso",1,1,0,0,0,0,1,,0,0,0,0,1,1,,1,1,1,0,0,0,0,1,,0,0,0,0,1,1,,1,0,0,,,,,0,,,,,,0,0,,0
"Product","/products/f9114-21kg-c-cup-rabbit-police-officer-anime-best-animal-hentai-sex-doll-castle-doll",1,1,0,0,0,0,1,,0,0,0,0,1,1,,1,1,1,0,0,0,0,1,,0,0,0,0,1,1,,1,0,0,,,,,0,,,,,,0,0,,0
"Product","/products/f1447-153cm5ft-34kg-h-cup-petite-fantasy-anime-tpe-sex-doll-in-stock-usa-aibei-doll",1,1,0,0,0,0,1,,0,0,0,0,1,1,,1,1,1,0,0,0,0,1,,0,0,0,0,1,1,,1,0,0,,,,,0,,,,,,0,0,,0
"Product","/products/l30459lbs-36-2-realistic-tpe-sex-doll-torso-legs",1,1,0,0,0,0,9,,0,0,0,162,9,0,,0,1,1,0,0,0,0,9,,0,0,0,162,9,0,,0,0,0,,,,,0,,,,,0,0,,,
,"/en-ca/collections/qian-you",1,1,0,0,0,0,1,,0,0,0,0,1,1,,1,1,1,0,0,0,0,1,,0,0,0,0,1,1,,1,0,0,,,,,0,,,,,,0,0,,0
"Product","/products/f3443-153cm5ft-34kg-n-cup-real-silicone-mine-sex-doll-aibei-doll",1,1,0,0,0,0,5,,0,0,0,2100,5,0,,0,1,1,0,0,0,0,5,,0,0,0,2100,5,0,,0,0,0,,,,,0,,,,,0,0,,,
"Blog Article","/blogs/dolls-info-qustions/dangerous-and-fascinating-the-irresistible-allure-of-mermaid-sex-doll",1,1,0,0,0,0,1,,0,0,0,0,1,1,,1,1,1,0,0,0,0,1,,0,0,0,0,1,1,,1,0,0,,,,,0,,,,,,0,0,,0
"Product","/products/f5960-168cm-5ft5-39-5kg-full-silicone-sex-doll-h-cup-busty-curvy-lightweight-beauty-superfat-bbw-sex-doll-starpery-doll",1,1,0,0,0,0,1,,0,0,0,0,1,1,,1,1,1,0,0,0,0,1,,0,0,0,0,1,1,,1,0,0,,,,,0,,,,,,0,0,,0
"Blog Article","/blogs/dolls-info-qustions/does-youth-mean-being-not-busty-recommended-large-bust-18s-sex-dolls",1,1,0,0,0,0,4,,0,0,0,365,4,0,,0,1,1,0,0,0,0,4,,0,0,0,365,4,0,,0,0,0,,,,,0,,,,,0,0,,,
,"/de/collections/emotion-robot-sex-doll",1,1,0,0,0,0,1,,0,0,0,0,1,1,,1,1,1,0,0,0,0,1,,0,0,0,0,1,1,,1,0,0,,,,,0,,,,,,0,0,,0
"Product","/products/f5772-150cm4ft9-32-5kg-aiko-b-cup-s-tpe-animes-gel-filled-hentai-sex-doll-irokebijin-doll",1,1,0,0,0,0,3,,0,0,0,1194,3,0,,0,1,1,0,0,0,0,3,,0,0,0,1194,3,0,,0,0,0,,,,,0,,,,,0,0,,,
,"/en-ca/collections/firefly-diary",1,1,0,0,0,0,1,,0,0,0,0,1,1,,1,1,1,0,0,0,0,1,,0,0,0,0,1,1,,1,0,0,,,,,0,,,,,,0,0,,0
,"/de/blogs/dolls-info-qustions/real-lady-vs-mlw-sex-dolls-unboxing-hands-on-review",1,1,0,0,0,0,1,,0,0,0,0,1,1,,1,1,1,0,0,0,0,1,,0,0,0,0,1,1,,1,0,0,,,,,0,,,,,,0,0,,0
,"/en-ca/products/f1031-155cm-tpe-sex-doll-fun-west-doll",1,1,0,0,0,0,2,,0,0,0,56,2,0,,0,1,1,0,0,0,0,2,,0,0,0,56,2,0,,0,0,0,,,,,0,,,,,0,0,,,
"Product","/products/f3811-165cm-5ft4-zana-fox-silicone-anime-sex-doll-elsa-babe",1,1,0,0,0,0,2,,0,0,0,10,2,0,,0,1,1,0,0,0,0,2,,0,0,0,10,2,0,,0,0,0,,,,,0,,,,,0,0,,,
,"/en-fi/products/f9003-161cm5-3ft-39-6kg-d-cup-real-life-christmas-silicone-head-ai-sex-doll%E4%B8%A8sy-doll",1,1,0,0,0,0,1,,0,0,0,0,1,1,,1,1,1,0,0,0,0,1,,0,0,0,0,1,1,,1,0,0,,,,,0,,,,,,0,0,,0
"Product","/products/t361-52-91lbs-100cm-lightweight-life-size-sex-doll-torso-with-head-can-choose-no-head-climax-doll",1,1,0,0,0,0,3,,0,0,0,641,3,0,,0,1,1,0,0,0,0,3,,0,0,0,641,3,0,,0,0,0,,,,,0,,,,,0,0,,,
"Product","/products/f5995-152cm-5ft-37kg-c-cup-movable-jaw-silicone-head-mini-sex-doll-rosretty-doll",1,1,0,0,0,0,1,,0,0,0,0,1,1,,1,1,1,0,0,0,0,1,,0,0,0,0,1,1,,1,0,0,,,,,0,,,,,,0,0,,0
,"/ja/blogs/real-sex-doll-reviews-pros-cons-real-usage-tests/top-8-big-ass-sex-doll-torsos-you-can-t-resist",1,1,0,0,0,0,3,,0,0,0,146,3,0,,0,1,1,0,0,0,0,3,,0,0,0,146,3,0,,0,0,0,,,,,0,,,,,0,0,,,
"Blog Article","/blogs/dolls-info-qustions/how-to-have-a-blast-with-petite-sex-dolls",1,1,0,0,0,0,1,,0,0,0,0,1,1,,1,1,1,0,0,0,0,1,,0,0,0,0,1,1,,1,0,0,,,,,0,,,,,,0,0,,0
"Product","/products/real-lady-ros-max-silicone-sex-doll-168cm-39kg-f727",1,1,0,0,0,0,2,,0,0,0,17,2,0,,0,1,1,0,0,0,0,2,,0,0,0,17,2,0,,0,0,0,,,,,0,,,,,0,0,,,
"Product","/products/f143-162cm-5ft3-full-silicone-sex-doll",1,1,0,0,0,0,4,,0,0,0,27,4,0,,0,1,1,0,0,0,0,4,,0,0,0,27,4,0,,0,0,0,,,,,0,,,,,0,0,,,
"Collection","/collections/rui-mei",1,1,0,0,0,0,1,,0,0,0,0,1,1,,1,1,1,0,0,0,0,1,,0,0,0,0,1,1,,1,0,0,,,,,0,,,,,,0,0,,0
"Product","/products/f8080-162cm-5ft3-40-5kg-m16-plump-body-asian-sex-doll-md-doll",1,1,0,0,0,0,1,,0,0,0,0,1,1,,1,1,1,0,0,0,0,1,,0,0,0,0,1,1,,1,0,0,,,,,0,,,,,,0,0,,0
"Product","/products/f7634-164cm-5ft4-36kg-g-cup-silicone-asian-sex-doll-firefly-diary",1,1,0,0,0,0,1,,0,0,0,0,1,1,,1,1,1,0,0,0,0,1,,0,0,0,0,1,1,,1,0,0,,,,,0,,,,,,0,0,,0
"Product","/products/f4782-162cm5-4ft-39-5kg-2-2u-b-cup-asian-real-silicone-chinese-sex-doll-bezlya-doll",1,1,0,0,0,0,4,,0,0,0,1654,4,0,,0,1,1,0,0,0,0,4,,0,0,0,1654,4,0,,0,0,0,,,,,0,,,,,0,0,,,
,"/en-ca/account/unsubscribe",1,1,0,0,0,0,1,,0,0,0,0,1,1,,1,1,1,0,0,0,0,1,,0,0,0,0,1,1,,1,0,0,,,,,0,,,,,,0,0,,0
"Product","/products/f9336-elsa-babe-anime-milf-full-size-sex-doll-silicone-head-150cm",1,1,0,0,0,0,1,,0,0,0,0,1,1,,1,1,1,0,0,0,0,1,,0,0,0,0,1,1,,1,0,0,,,,,0,,,,,,0,0,,0
"Product","/products/f9248-165cm5ft4-35kg-b-cup-silicone-ros-flat-chest-asian-life-sized-sex-dolls%E4%B8%A8doll-senior",1,1,0,0,0,0,1,,0,0,0,0,1,1,,1,1,1,0,0,0,0,1,,0,0,0,0,1,1,,1,0,0,,,,,0,,,,,,0,0,,0
"Product","/products/f3712-161cm5-3ft-martha-f-cup-tpe-young-sexy-latin-cheerleader-girls-love-doll-se-doll",1,1,0,0,0,0,4,,0,0,0,1354,4,0,,0,1,1,0,0,0,0,4,,0,0,0,1354,4,0,,0,0,0,,,,,0,,,,,0,0,,,
,"/en-ca/blogs/dolls-info-qustions/a-closer-look-at-the-firefly-diary-brand",1,1,0,0,0,0,2,,0,0,0,512,2,0,,0,1,1,0,0,0,0,2,,0,0,0,512,2,0,,0,0,0,,,,,0,,,,,0,0,,,
"Blog Article","/blogs/featured-blog/exhibition-diary-the-2025-guangzhou-adult-expo-was-absolutely-mind-blowing",1,1,0,0,0,0,1,,0,0,0,0,1,1,,1,1,1,0,0,0,0,1,,0,0,0,0,1,1,,1,0,0,,,,,0,,,,,,0,0,,0
,"/de/blogs/featured-blog/2026-sex-doll-lubricant-recommendations-find-the-perfect-formula-for-your-experience",1,1,0,0,0,0,1,,0,0,0,0,1,1,,1,1,1,0,0,0,0,1,,0,0,0,0,1,1,,1,0,0,,,,,0,,,,,,0,0,,0
,"/de/collections/funwest-doll-factory-photos",1,1,0,0,0,0,1,,0,0,0,0,1,1,,1,1,1,0,0,0,0,1,,0,0,0,0,1,1,,1,0,0,,,,,0,,,,,,0,0,,0
"Product","/products/603-20lb-sexy-and-real-realistic-3d-ass-sex-doll-torso",1,1,0,0,0,0,1,,0,0,0,0,1,1,,1,1,1,0,0,0,0,1,,0,0,0,0,1,1,,1,0,0,,,,,0,,,,,,0,0,,0
"Product","/products/h437-ros-free-hair-impants-real-oral-movable-jaw-silicone-sex-doll-head-sy-doll",1,1,0,0,0,0,1,,0,0,0,0,1,1,,1,1,1,0,0,0,0,1,,0,0,0,0,1,1,,1,0,0,,,,,0,,,,,,0,0,,0
,"/en-ca/products/b38-silicone-sex-doll-titfuck-torso-realistic-titfuck-to-climax",1,1,0,0,0,0,12,,0,0,0,993,12,0,,0,1,1,0,0,0,0,12,,0,0,0,993,12,0,,0,0,0,,,,,0,,,,,0,0,,,
"Product","/products/f178-tpe-sex-doll-158cm5ft2",1,1,0,0,0,0,1,,0,0,0,0,1,1,,1,1,1,0,0,0,0,1,,0,0,0,0,1,1,,1,0,0,,,,,0,,,,,,0,0,,0
"Product","/products/f555k-161cm5ft3-52-5kg-h-cup-huge-areola-adult-silicone-bbw-super-fat-big-belly-sex-doll-in-stock-us-starpery-doll",1,1,1,0,0,0,28,,1,0,0,2359,28,0,,0,1,1,1,0,0,0,28,,1,0,0,2359,28,0,,0,0,0,0,,,,0,,0,,,0,0,,,
,"/en-ca/collections/anime-hentai-sex-doll",1,1,0,0,0,0,7,,0,0,0,205,7,0,,0,1,1,0,0,0,0,7,,0,0,0,205,7,0,,0,0,0,,,,,0,,,,,0,0,,,
,"/de/blogs/dolls-info-qustions/a-must-read-for-anime-fans-anime-futa-sex-dolls-bring-your-2d-fantasy-to-life",1,1,0,0,0,0,1,,0,0,0,0,1,1,,1,1,1,0,0,0,0,1,,0,0,0,0,1,1,,1,0,0,,,,,0,,,,,,0,0,,0
,"/en-ca/collections/ai-sex-doll",1,1,0,0,0,0,1,,0,0,0,0,1,1,,1,1,1,0,0,0,0,1,,0,0,0,0,1,1,,1,0,0,,,,,0,,,,,,0,0,,0
"Product","/products/p394-2-2lbs-little-jade-dragon-anime-pocket-pussy-onahole-hentai-sex-doll-mrl",1,1,0,0,0,0,9,,0,0,0,181,9,0,,0,1,1,0,0,0,0,9,,0,0,0,181,9,0,,0,0,0,,,,,0,,,,,0,0,,,
"Product","/products/t283-107cm-3ft6-24kg-h-cup-natural-scarlett-reed-a-silicone-realistic-sex-doll-with-head-se-doll",1,1,0,0,0,0,53,,0,0,0,3974,53,0,,0,1,1,0,0,0,0,53,,0,0,0,3974,53,0,,0,0,0,,,,,0,,,,,0,0,,,
"Product","/products/f5696k-t161cm5-3ft-34kg-kemeny-c-c-cup-silicone-asian-chinese-sex-doll-in-stock-us-se-doll",1,1,0,0,0,0,1,,0,0,0,0,1,1,,1,1,1,0,0,0,0,1,,0,0,0,0,1,1,,1,0,0,,,,,0,,,,,,0,0,,0
,"/en-ca/products/h-custom-silicone-sex-doll-head",1,1,0,0,0,0,1,,0,0,0,0,1,1,,1,1,1,0,0,0,0,1,,0,0,0,0,1,1,,1,0,0,,,,,0,,,,,,0,0,,0
,"/en-ca/products/f7142-158cm-5ft1-27kg-b-cup-silicon-sexual-european-sex-doll-castle-doll",1,1,0,0,0,0,1,,0,0,0,0,1,1,,1,1,1,0,0,0,0,1,,0,0,0,0,1,1,,1,0,0,,,,,0,,,,,,0,0,,0
"Product","/products/589-sex-doll-torso",1,1,0,0,0,0,1,,0,0,0,0,1,1,,1,1,1,0,0,0,0,1,,0,0,0,0,1,1,,1,0,0,,,,,0,,,,,,0,0,,0
"Product","/products/p48-realistic-vibraitng-pussy-sex-toy",1,1,0,0,0,0,1,,0,0,0,0,1,1,,1,1,1,0,0,0,0,1,,0,0,0,0,1,1,,1,0,0,,,,,0,,,,,,0,0,,0
,"/en-ca/blogs/dolls-info-qustions/is-using-sex-dolls-in-a-relationship-considered-cheating",1,1,0,0,0,0,2,,0,0,0,1254,2,0,,0,1,1,0,0,0,0,2,,0,0,0,1254,2,0,,0,0,0,,,,,0,,,,,0,0,,,
,"/ja/collections/sex-doll-videos",1,1,0,0,0,0,2,,0,0,0,334,2,0,,0,1,1,0,0,0,0,2,,0,0,0,334,2,0,,0,0,0,,,,,0,,,,,0,0,,,
"Product","/products/f167-156cm-tpe-sex-doll",1,1,0,0,0,0,1,,0,0,0,0,1,1,,1,1,1,0,0,0,0,1,,0,0,0,0,1,1,,1,0,0,,,,,0,,,,,,0,0,,0
"Product","/products/f8109-150cm-5ft-27-5kg-anime-silicone-sex-doll-elsa-babe",1,1,0,0,0,0,6,,0,0,0,197,6,0,,0,1,1,0,0,0,0,6,,0,0,0,197,6,0,,0,0,0,,,,,0,,,,,0,0,,,
,"/en-fi/products/p381-3-15lbs-meru-the-succubus-onahole-fake-pussy-silicone-anime-hentai-sex-doll-mrl",1,1,0,0,0,0,1,,0,0,0,0,1,1,,1,1,1,0,0,0,0,1,,0,0,0,0,1,1,,1,0,0,,,,,0,,,,,,0,0,,0
"Product","/products/f6037-165cm-5ft4-56kg-e-cup-asian-ros-silicone-sex-doll-shedoll",1,1,0,0,0,0,4,,0,0,0,1672,4,0,,0,1,1,0,0,0,0,4,,0,0,0,1672,4,0,,0,0,0,,,,,0,,,,,0,0,,,
"Blog Article","/blogs/dolls-info-qustions/how-to-use-and-maintain-the-naked-sex-doll",1,1,0,0,0,0,1,,0,0,0,0,1,1,,1,1,1,0,0,0,0,1,,0,0,0,0,1,1,,1,0,0,,,,,0,,,,,,0,0,,0
,"/vi/blogs/dolls-info-qustions/how-to-make-fake-pussy",1,1,0,0,0,0,1,,0,0,0,0,1,1,,1,1,1,0,0,0,0,1,,0,0,0,0,1,1,,1,0,0,,,,,0,,,,,,0,0,,0
"Product","/products/f5073-170cm-5ft6-d-cup-riku-japanese-sexy-silicone-sex-doll-jx-doll",1,1,0,0,0,0,1,,0,0,0,0,1,1,,1,1,1,0,0,0,0,1,,0,0,0,0,1,1,,1,0,0,,,,,0,,,,,,0,0,,0
,"/ja/blogs/complete-sex-doll-guide-for-beginners/sex-doll-torso-usage-guide",1,1,0,0,0,0,1,,0,0,0,0,1,1,,1,1,1,0,0,0,0,1,,0,0,0,0,1,1,,1,0,0,,,,,0,,,,,,0,0,,0
"Product","/products/f1223-160cm-i-cup-pearl-black-lady-sex-doll-irontech-doll",1,1,0,0,0,0,1,,0,0,0,0,1,1,,1,1,1,0,0,0,0,1,,0,0,0,0,1,1,,1,0,0,,,,,0,,,,,,0,0,,0
,"/en-ca/collections/mini-flat-chest-sex-doll",1,1,0,0,0,0,1,,0,0,0,0,1,1,,1,1,1,0,0,0,0,1,,0,0,0,0,1,1,,1,0,0,,,,,0,,,,,,0,0,,0
"Product","/products/t444-37-48lb-realistic-silicone-shemale-sex-doll-torso-with-8-3-huge-detachable-dildo-lovenestle-series",1,1,0,0,0,0,3,,0,0,0,111,3,0,,0,1,1,0,0,0,0,3,,0,0,0,111,3,0,,0,0,0,,,,,0,,,,,0,0,,,
,"/de/products/f5976-silicone-male-sex-doll-custom-electric-thrusting-18cm-cock",1,1,0,0,0,0,1,,0,0,0,0,1,1,,1,1,1,0,0,0,0,1,,0,0,0,0,1,1,,1,0,0,,,,,0,,,,,,0,0,,0
,"/ja/collections/milf-sex-dolls",1,1,0,0,0,0,1,,0,0,0,0,1,1,,1,1,1,0,0,0,0,1,,0,0,0,0,1,1,,1,0,0,,,,,0,,,,,,0,0,,0
,"/en-ca/blogs/dolls-info-qustions/latest-mini-anime-sex-dolls-are-here-compact-and-fun",1,1,0,0,0,0,1,,0,0,0,0,1,1,,1,1,1,0,0,0,0,1,,0,0,0,0,1,1,,1,0,0,,,,,0,,,,,,0,0,,0
,"/en-ca/blogs/dolls-info-qustions/exploring-the-world-of-futa-sex-dolls-and-customization",1,1,0,0,0,0,1,,0,0,0,0,1,1,,1,1,1,0,0,0,0,1,,0,0,0,0,1,1,,1,0,0,,,,,0,,,,,,0,0,,0
"Product","/products/h401-ros-free-hair-impants-real-oral-movable-jaw-silicone-sex-doll-head",1,1,0,0,0,0,1,,0,0,0,0,1,1,,1,1,1,0,0,0,0,1,,0,0,0,0,1,1,,1,0,0,,,,,0,,,,,,0,0,,0
"Product","/products/f3907-160cm5-2ft-european-jasmine-realistic-silicone-sex-doll-with-e-cup-bust-fun-west-doll",1,1,0,0,0,0,1,,0,0,0,0,1,1,,1,1,1,0,0,0,0,1,,0,0,0,0,1,1,,1,0,0,,,,,0,,,,,,0,0,,0
,"/en-fi/collections/bbw-life-size-torso",1,1,0,0,0,0,3,,0,0,0,1702,3,0,,0,1,1,0,0,0,0,3,,0,0,0,1702,3,0,,0,0,0,,,,,0,,,,,0,0,,,
"Product","/products/lusandy-big-ass-torso-gel-silicone-22lb-sex-doll",1,1,0,0,0,0,3,,0,0,0,187,3,0,,0,1,1,0,0,0,0,3,,0,0,0,187,3,0,,0,0,0,,,,,0,,,,,0,0,,,
"Blog Article","/blogs/dolls-info-qustions/a-closer-look-at-the-firefly-diary-brand",1,1,0,0,0,0,4,,0,0,0,1196,4,0,,0,1,1,0,0,0,0,4,,0,0,0,1196,4,0,,0,0,0,,,,,0,,,,,0,0,,,
"Product","/products/t285k-103cm-3ft5-j-cup-natural-nadia-voss-a-silicon-sex-doll-torso-with-head-in-stock-us-eu-se-doll",1,1,0,0,0,0,1,,0,0,0,0,1,1,,1,1,1,0,0,0,0,1,,0,0,0,0,1,1,,1,0,0,,,,,0,,,,,,0,0,,0
,"/en-ca/products/t330-93cm-silicone-sex-doll-torso-with-head-maya%E4%B8%A8lusandy-doll",1,1,0,0,0,0,1,,0,0,0,0,1,1,,1,1,1,0,0,0,0,1,,0,0,0,0,1,1,,1,0,0,,,,,0,,,,,,0,0,,0
"Collection","/collections/notye-doll",1,1,0,0,0,0,51,,0,0,0,5545,51,0,,0,1,1,0,0,0,0,51,,0,0,0,5545,51,0,,0,0,0,,,,,0,,,,,0,0,,,
"Product","/products/t931-51kg-j-cup-tpe-adult-big-chest-big-ass-ssbbw-sex-doll-torso-with-head-yl-doll",1,1,0,0,0,0,2,,0,0,0,7,2,0,,0,1,1,0,0,0,0,2,,0,0,0,7,2,0,,0,0,0,,,,,0,,,,,0,0,,,
,"/en-ca/products/f7582k-159cm-5ft2-e-cup-silicone-realistic-life-size-sex-dolls-mio-in-stock-us-starpery-doll",1,1,0,0,0,0,1,,0,0,0,0,1,1,,1,1,1,0,0,0,0,1,,0,0,0,0,1,1,,1,0,0,,,,,0,,,,,,0,0,,0
,"/de/collections/best-sell-big-ass",1,1,0,0,0,0,1,,0,0,0,0,1,1,,1,1,1,0,0,0,0,1,,0,0,0,0,1,1,,1,0,0,,,,,0,,,,,,0,0,,0
,"/de/collections/male-sex-doll",1,1,0,0,0,0,1,,0,0,0,0,1,1,,1,1,1,0,0,0,0,1,,0,0,0,0,1,1,,1,0,0,,,,,0,,,,,,0,0,,0
,"/en-ca/blogs/dolls-info-qustions/safely-disposing-the-used-sex-dolls",1,1,0,0,0,0,1,,0,0,0,0,1,1,,1,1,1,0,0,0,0,1,,0,0,0,0,1,1,,1,0,0,,,,,0,,,,,,0,0,,0
"Product","/products/f632-165cm-silicone-love-doll-zelex-doll",1,1,0,0,0,0,1,,0,0,0,0,1,1,,1,1,1,0,0,0,0,1,,0,0,0,0,1,1,,1,0,0,,,,,0,,,,,,0,0,,0
"Product","/products/f9351-elsa-babe-150cm-5ft-hentai-life-size-sex-dolls",1,1,0,0,0,0,2,,0,0,0,75,2,0,,0,1,1,0,0,0,0,2,,0,0,0,75,2,0,,0,0,0,,,,,0,,,,,0,0,,,
"Product","/products/f3677-157cm5ft1-phoebe-h-cup-tpe-sexy-big-breasted-pure-chinese-girl-love-doll-se-doll",1,1,0,0,0,0,2,,0,0,0,103,2,0,,0,1,1,0,0,0,0,2,,0,0,0,103,2,0,,0,0,0,,,,,0,,,,,0,0,,,
"Product","/products/f4445-160cm5-2ft-42kg-b-cup-milf-tpe-sex-doll%E4%B8%A8wm-doll",1,1,0,0,0,0,1,,0,0,0,0,1,1,,1,1,1,0,0,0,0,1,,0,0,0,0,1,1,,1,0,0,,,,,0,,,,,,0,0,,0
,"/de/blogs/dolls-info-qustions/what-to-do-if-your-sex-doll-is-too-heavy-a-practical-guide",1,1,0,0,0,0,1,,0,0,0,0,1,1,,1,1,1,0,0,0,0,1,,0,0,0,0,1,1,,1,0,0,,,,,0,,,,,,0,0,,0
"Checkout","/60719464687/orders/324afd019a27b2a67d19b9b799017620",1,1,0,0,0,0,1,,0,0,0,0,1,1,,1,1,1,0,0,0,0,1,,0,0,0,0,1,1,,1,0,0,,,,,0,,,,,,0,0,,0
"Product","/products/f8046-150cm-5ft-27-5kg-silicone-anime-hentai-sex-doll-elsa-babe",1,1,0,0,0,0,2,,0,0,0,1,2,0,,0,1,1,0,0,0,0,2,,0,0,0,1,2,0,,0,0,0,,,,,0,,,,,0,0,,,
,"/ja/collections/realistic-sex-doll-list",1,1,0,0,0,0,1,,0,0,0,0,1,1,,1,1,1,0,0,0,0,1,,0,0,0,0,1,1,,1,0,0,,,,,0,,,,,,0,0,,0
,"/en-ca/products/f5141-162cm-d-cup-super-modle-ros-silicone-sex-doll-galatea-doll",1,1,0,0,0,0,3,,0,0,0,73,3,0,,0,1,1,0,0,0,0,3,,0,0,0,73,3,0,,0,0,0,,,,,0,,,,,0,0,,,
,"/en-ca/products/h937-sex-doll-head-silicone-cute-glasses-irontech-doll-head",1,1,0,0,0,0,1,,0,0,0,0,1,1,,1,1,1,0,0,0,0,1,,0,0,0,0,1,1,,1,0,0,,,,,0,,,,,,0,0,,0
,"/de/collections/top-cydoll",1,1,0,0,0,0,3,,0,0,0,98,3,0,,0,1,1,0,0,0,0,3,,0,0,0,98,3,0,,0,0,0,,,,,0,,,,,0,0,,,
"Product","/products/f9350-doll-senior-185cm-silicone-male-life-size-sex-doll",1,1,0,0,0,0,8,,0,0,0,586,8,0,,0,1,1,0,0,0,0,8,,0,0,0,586,8,0,,0,0,0,,,,,0,,,,,0,0,,,
"Product","/products/p79-11-02lb-hentai-best-mini-bbw-sex-doll-torso-mrl",1,1,0,0,0,0,1,,0,0,0,0,1,1,,1,1,1,0,0,0,0,1,,0,0,0,0,1,1,,1,0,0,,,,,0,,,,,,0,0,,0
,"/en-fi/blogs/dolls-info-qustions/differences-between-tpe-and-silicone-sex-dolls",1,1,0,0,0,0,1,,0,0,0,0,1,1,,1,1,1,0,0,0,0,1,,0,0,0,0,1,1,,1,0,0,,,,,0,,,,,,0,0,,0
"Blog Article","/blogs/complete-sex-doll-guide-for-beginners/sex-doll-unboxing-guide-for-beginners-what-every-new-owner-should-know",1,1,0,0,0,0,1,,0,0,0,0,1,1,,1,1,1,0,0,0,0,1,,0,0,0,0,1,1,,1,0,0,,,,,0,,,,,,0,0,,0
"Product","/products/58219-8lb-29-5-sex-doll-legs",1,1,0,0,0,0,1,,0,0,0,0,1,1,,1,1,1,0,0,0,0,1,,0,0,0,0,1,1,,1,0,0,,,,,0,,,,,,0,0,,0
"Product","/products/f4719-152cm-5ft-37kg-f-cup-realistic-tpe-big-ass-bbw-sex-doll-sy-doll",1,1,0,0,0,0,2,,0,0,0,28,2,0,,0,1,1,0,0,0,0,2,,0,0,0,28,2,0,,0,0,0,,,,,0,,,,,0,0,,,
"Product","/products/h1023-sex-doll-head-bright-as-a-flower-irontech-doll-head",1,1,0,0,0,0,2,,0,0,0,34,2,0,,0,1,1,0,0,0,0,2,,0,0,0,34,2,0,,0,0,0,,,,,0,,,,,0,0,,,
"Product","/products/t938-150cm-4ft9-g-cup-256-powerful-big-ass-tpe-ssbbw-plus-size-sex-dolls-2025-sy-doll",1,1,0,0,0,0,3,,0,0,0,314,3,0,,0,1,1,0,0,0,0,3,,0,0,0,314,3,0,,0,0,0,,,,,0,,,,,0,0,,,
"Product","/products/f9285-178cm-giant-p-cup-big-tit-sex-doll-huge-boobs",1,1,0,0,0,0,1,,0,0,0,0,1,1,,1,1,1,0,0,0,0,1,,0,0,0,0,1,1,,1,0,0,,,,,0,,,,,,0,0,,0
"Blog Article","/blogs/dolls-info-qustions/repair-the-sex-dolls-torso",1,1,0,0,0,0,1,,0,0,0,0,1,1,,1,1,1,0,0,0,0,1,,0,0,0,0,1,1,,1,0,0,,,,,0,,,,,,0,0,,0
"Product","/products/f5821-176cm-5ft3-41kg-e-cup-rebecca-silicone-realistic-ros-head-sex-doll-top-cydoll",1,1,1,0,0,0,37,,1,0,0,1079,37,0,,0,1,1,1,0,0,0,37,,1,0,0,1079,37,0,,0,0,0,0,,,,0,,0,,,0,0,,,
"Product","/products/f2436-159cm5-2ft-39kg-d-cup-ai-chat-life-size-silicone-head-sex-doll-sigafun-doll",1,1,0,0,0,0,7,,0,0,0,81,7,0,,0,1,1,0,0,0,0,7,,0,0,0,81,7,0,,0,0,0,,,,,0,,,,,0,0,,,
,"/en-fi/blogs/dolls-info-qustions/2024-why-does-my-realistic-sex-toy-smell-like-chemicals",1,1,0,0,0,0,1,,0,0,0,0,1,1,,1,1,1,0,0,0,0,1,,0,0,0,0,1,1,,1,0,0,,,,,0,,,,,,0,0,,0
"Blog Article","/blogs/dolls-info-qustions/silicone-vs-tpe-vajankle",1,1,0,0,0,0,1,,0,0,0,0,1,1,,1,1,1,0,0,0,0,1,,0,0,0,0,1,1,,1,0,0,,,,,0,,,,,,0,0,,0
,"/en-fi/products/top-fire-doll-155cm-g-cup-silicone-full-sex-dolls-f8569",1,1,0,0,0,0,1,,0,0,0,0,1,1,,1,1,1,0,0,0,0,1,,0,0,0,0,1,1,,1,0,0,,,,,0,,,,,,0,0,,0
"Product","/products/f8239-168cm5-5ft-34kg-silicone-full-size-sex-doll-azm-doll",1,1,0,0,0,0,5,,0,0,0,65,5,0,,0,1,1,0,0,0,0,5,,0,0,0,65,5,0,,0,0,0,,,,,0,,,,,0,0,,,
"Collection","/collections/in-stock-usa",1,1,0,0,0,0,2,,0,0,0,13,2,0,,0,1,1,0,0,0,0,2,,0,0,0,13,2,0,,0,0,0,,,,,0,,,,,0,0,,,
,"/de/blogs/dolls-info-qustions/guide-to-buying-the-newest-sex-dolls-of-2025",1,1,0,0,0,0,1,,0,0,0,0,1,1,,1,1,1,0,0,0,0,1,,0,0,0,0,1,1,,1,0,0,,,,,0,,,,,,0,0,,0
"Product","/products/h384-ros-silicone-sex-doll-head%E4%B8%A8galatate-doll-head",1,1,1,1,0,0,32,0,1,1,0,1265,32,0,0,0,1,1,1,1,0,0,32,0,1,1,0,1265,32,0,0,0,0,0,0,0,,,0,,0,0,,0,0,,,
"Product","/products/f8118-159cm5-2ft-33-5kg-h-cup-r12-ros-max-life-size-silicone-sex-doll-real-lady",1,1,0,0,0,0,5,,0,0,0,259,5,0,,0,1,1,0,0,0,0,5,,0,0,0,259,5,0,,0,0,0,,,,,0,,,,,0,0,,,
,"/en-fi/products/f5708-158cm-5ft2-36kg-g-cup-silicone-sexual-male-best-shemale-sex-doll-castle-doll",1,1,0,0,0,0,1,,0,0,0,0,1,1,,1,1,1,0,0,0,0,1,,0,0,0,0,1,1,,1,0,0,,,,,0,,,,,,0,0,,0
"Product","/products/f287-158cm-5f2-41kg-s-cup-eunice-bbw-chubby-big-boobs-tpe-medium-butt-sex-doll-wm-doll",1,1,0,0,0,0,1,,0,0,0,0,1,1,,1,1,1,0,0,0,0,1,,0,0,0,0,1,1,,1,0,0,,,,,0,,,,,,0,0,,0
,"/en-ca/blogs/dolls-info-qustions/vaginal-and-anal-design-of-life-size-sex-dolls",1,1,0,0,0,0,1,,0,0,0,0,1,1,,1,1,1,0,0,0,0,1,,0,0,0,0,1,1,,1,0,0,,,,,0,,,,,,0,0,,0
"Product","/products/f4882-165cm-50kg-d-cup-sexy-tpe-muscle-latina-sex-doll-castle-doll",1,1,0,0,0,0,15,,0,0,0,1233,15,0,,0,1,1,0,0,0,0,15,,0,0,0,1233,15,0,,0,0,0,,,,,0,,,,,0,0,,,
,"/en-ca/blogs/dolls-info-qustions/guide-to-the-buttocks-of-sex-doll-torsos",1,1,0,0,0,0,1,,0,0,0,0,1,1,,1,1,1,0,0,0,0,1,,0,0,0,0,1,1,,1,0,0,,,,,0,,,,,,0,0,,0
,"/en-ca/collections/big-ass-sex-doll-mini-torso",1,1,0,0,0,0,2,,0,0,0,7,2,0,,0,1,1,0,0,0,0,2,,0,0,0,7,2,0,,0,0,0,,,,,0,,,,,0,0,,,
,"/de/collections/irontech-doll-factory-photos",1,1,0,0,0,0,1,,0,0,0,0,1,1,,1,1,1,0,0,0,0,1,,0,0,0,0,1,1,,1,0,0,,,,,0,,,,,,0,0,,0
,"/de/collections/c-cup-sex-dolls",1,1,0,0,0,0,8,,0,0,0,487,8,0,,0,1,1,0,0,0,0,8,,0,0,0,487,8,0,,0,0,0,,,,,0,,,,,0,0,,,
"Collection","/collections/mrl-videos",1,1,0,0,0,0,1,,0,0,0,0,1,1,,1,1,1,0,0,0,0,1,,0,0,0,0,1,1,,1,0,0,,,,,0,,,,,,0,0,,0
,"/ja/collections/celebrity-sex-dolls",1,1,0,0,0,0,1,,0,0,0,0,1,1,,1,1,1,0,0,0,0,1,,0,0,0,0,1,1,,1,0,0,,,,,0,,,,,,0,0,,0
,"/de/collections/black-cocoa-sex-doll",1,1,0,0,0,0,1,,0,0,0,0,1,1,,1,1,1,0,0,0,0,1,,0,0,0,0,1,1,,1,0,0,,,,,0,,,,,,0,0,,0
"Blog Article","/blogs/dolls-info-qustions/ways-to-interact-with-femboy-sex-dolls",1,1,0,0,0,0,1,,0,0,0,0,1,1,,1,1,1,0,0,0,0,1,,0,0,0,0,1,1,,1,0,0,,,,,0,,,,,,0,0,,0
"Product","/products/f7027-163cm-6ft4-37kg-f-cup-tpe-sexual-european-sex-doll-in-stock-usa-castle-doll",1,1,0,0,0,0,1,,0,0,0,0,1,1,,1,1,1,0,0,0,0,1,,0,0,0,0,1,1,,1,0,0,,,,,0,,,,,,0,0,,0
,"/en-fi/products/544-5-5lb-29cm-mini-torso-sex-doll",1,1,0,0,0,0,1,,0,0,0,0,1,1,,1,1,1,0,0,0,0,1,,0,0,0,0,1,1,,1,0,0,,,,,0,,,,,,0,0,,0
,"/en-ca/products/silicone-butt-thighs-17-4lb",1,1,0,0,0,0,5,,0,0,0,219,5,0,,0,1,1,0,0,0,0,5,,0,0,0,219,5,0,,0,0,0,,,,,0,,,,,0,0,,,
"Product","/products/l41741-9lb-41-7-crurophilia-silicone-legs-and-feet-combo-realistic-skin-feel",1,1,0,0,0,0,5,,0,0,0,65,5,0,,0,1,1,0,0,0,0,5,,0,0,0,65,5,0,,0,0,0,,,,,0,,,,,0,0,,,
"Product","/products/top-fire-doll-162cm-silicone-full-sex-doll-f8568",1,1,0,0,0,0,1,,0,0,0,0,1,1,,1,1,1,0,0,0,0,1,,0,0,0,0,1,1,,1,0,0,,,,,0,,,,,,0,0,,0
"Checkout","/60719464687/orders/ea9be4712acdce2e5d725e062fdbc563",1,1,0,0,0,0,13,,0,0,0,308,13,0,,0,1,1,0,0,0,0,13,,0,0,0,308,13,0,,0,0,0,,,,,0,,,,,0,0,,,
,"/en-ca/blogs/complete-sex-doll-guide-for-beginners/how-much-does-a-sex-doll-really-cost",1,1,0,0,0,0,1,,0,0,0,0,1,1,,1,1,1,0,0,0,0,1,,0,0,0,0,1,1,,1,0,0,,,,,0,,,,,,0,0,,0
"Product","/products/t295-67-24-lbs-phoebe-ros-life-size-silicone-bbw-sex-dolls-torso-with-head-in-stock-usa-europe-max-series",1,1,0,0,0,0,1,,0,0,0,0,1,1,,1,1,1,0,0,0,0,1,,0,0,0,0,1,1,,1,0,0,,,,,0,,,,,,0,0,,0
"Product","/products/h918-se-tpe-sex-doll-head-se-doll-head",1,1,0,0,0,0,1,,0,0,0,0,1,1,,1,1,1,0,0,0,0,1,,0,0,0,0,1,1,,1,0,0,,,,,0,,,,,,0,0,,0
"Product","/products/f3012-165cm-5ft4-f-cup-silicone-head-with-tpe-body-sex-doll-zelex-doll",1,1,0,0,0,0,1,,0,0,0,0,1,1,,1,1,1,0,0,0,0,1,,0,0,0,0,1,1,,1,0,0,,,,,0,,,,,,0,0,,0
"Product","/products/p80-megumi-shemale-sex-doll-torso-11-inch-dildo-3-channels",1,1,0,0,0,0,7,,0,0,0,431,7,0,,0,1,1,0,0,0,0,7,,0,0,0,431,7,0,,0,0,0,,,,,0,,,,,0,0,,,
,"/en-fi/collections/anime-mini-sex-doll",1,1,0,0,0,0,1,,0,0,0,0,1,1,,1,1,1,0,0,0,0,1,,0,0,0,0,1,1,,1,0,0,,,,,0,,,,,,0,0,,0
"Blog Article","/blogs/dolls-info-qustions/metabox-let-dolls-embrace-the-ai-era-interaction-will-never-be-monotonous-again",1,1,0,0,0,0,1,,0,0,0,0,1,1,,1,1,1,0,0,0,0,1,,0,0,0,0,1,1,,1,0,0,,,,,0,,,,,,0,0,,0
"Checkout","/60719464687/orders/71d7dde629b9f66f463d99091e3cb670",1,1,0,0,0,0,1,,0,0,0,0,1,1,,1,1,1,0,0,0,0,1,,0,0,0,0,1,1,,1,0,0,,,,,0,,,,,,0,0,,0
,"/de/collections/electric-pocket-pussy",1,1,0,0,0,0,2,,0,0,0,469,2,0,,0,1,1,0,0,0,0,2,,0,0,0,469,2,0,,0,0,0,,,,,0,,,,,0,0,,,
"Product","/products/f7016-153cm-5ft0-38kg-e-cup-tpe-sexual-mini-latina-sex-doll-in-stock-usa-castle-doll",1,1,0,0,0,0,1,,0,0,0,0,1,1,,1,1,1,0,0,0,0,1,,0,0,0,0,1,1,,1,0,0,,,,,0,,,,,,0,0,,0
,"/en-fi/collections/bbw-sex-dolls",1,1,0,0,0,0,1,,0,0,0,0,1,1,,1,1,1,0,0,0,0,1,,0,0,0,0,1,1,,1,0,0,,,,,0,,,,,,0,0,,0
,"/en-fi/collections/irontech-doll-factory-photos",1,1,0,0,0,0,2,,0,0,0,31,2,0,,0,1,1,0,0,0,0,2,,0,0,0,31,2,0,,0,0,0,,,,,0,,,,,0,0,,,
,"/en-ca/products/f5983-166cm5-4ft-33kg-c-cup-tpe-celebrity-sex-doll%E4%B8%A8sy-doll",1,1,0,0,0,0,1,,0,0,0,0,1,1,,1,1,1,0,0,0,0,1,,0,0,0,0,1,1,,1,0,0,,,,,0,,,,,,0,0,,0
"Product","/products/h988-sex-doll-head-hot-bitch-irontech-doll-head",1,1,0,0,0,0,1,,0,0,0,0,1,1,,1,1,1,0,0,0,0,1,,0,0,0,0,1,1,,1,0,0,,,,,0,,,,,,0,0,,0
,"/en-ca/blogs/dolls-info-qustions/newbie-torso-sex-doll-buying-tutorial-the-best-selection-guide-at-the-same-price",1,1,0,0,0,0,1,,0,0,0,0,1,1,,1,1,1,0,0,0,0,1,,0,0,0,0,1,1,,1,0,0,,,,,0,,,,,,0,0,,0
"Product","/products/f6024-163cm-5ft4-51kg-h-cup-asian-ros-silicone-sex-doll-shedoll",1,1,0,0,0,0,1,,0,0,0,0,1,1,,1,1,1,0,0,0,0,1,,0,0,0,0,1,1,,1,0,0,,,,,0,,,,,,0,0,,0
,"/de/collections/robot-sex-dolls-1",1,1,0,0,0,0,1,,0,0,0,1,1,1,,1,1,1,0,0,0,0,1,,0,0,0,1,1,1,,1,0,0,,,,,0,,,,,0,0,0,,0
,"/en-ca/collections/dw",1,1,0,0,0,0,1,,0,0,0,0,1,1,,1,1,1,0,0,0,0,1,,0,0,0,0,1,1,,1,0,0,,,,,0,,,,,,0,0,,0
,"/en-ca/products/t346-3-86lb-muscle-tail-anime-fake-pussy-silicone-tomboy-furry-hentai-sex-doll-mrl",1,1,1,1,0,0,8,0,1,1,0,209,8,0,0,0,1,1,1,1,0,0,8,0,1,1,0,209,8,0,0,0,0,0,0,0,,,0,,0,0,,0,0,,,
,"/en-ca/collections/electric-sex-doll-head",1,1,0,0,0,0,1,,0,0,0,0,1,1,,1,1,1,0,0,0,0,1,,0,0,0,0,1,1,,1,0,0,,,,,0,,,,,,0,0,,0
"Blog Article","/blogs/sex-doll-option-videos/video01-gel-breasts",1,1,0,0,0,0,5,,0,0,0,25,5,0,,0,1,1,0,0,0,0,5,,0,0,0,25,5,0,,0,0,0,,,,,0,,,,,0,0,,,
"Product","/products/reallady-silicone-ros-doll-159cm-h-cup-f724",1,1,0,0,0,0,1,,0,0,0,0,1,1,,1,1,1,0,0,0,0,1,,0,0,0,0,1,1,,1,0,0,,,,,0,,,,,,0,0,,0
"Product","/products/f4589-175cm5ft8-57kg-lifesize-tpe-effeminate-male-sex-doll-wm-doll",1,1,0,0,0,0,1,,0,0,0,0,1,1,,1,1,1,0,0,0,0,1,,0,0,0,0,1,1,,1,0,0,,,,,0,,,,,,0,0,,0
"Blog Article","/blogs/dolls-info-qustions/why-sex-doll-torso-is-the-hottest-choice",1,1,0,0,0,0,1,,0,0,0,0,1,1,,1,1,1,0,0,0,0,1,,0,0,0,0,1,1,,1,0,0,,,,,0,,,,,,0,0,,0
"Product","/products/real-lady-silicone-sex-doll-168cm-39kg-f723",1,1,0,0,0,0,5,,0,0,0,290,5,0,,0,1,1,0,0,0,0,5,,0,0,0,290,5,0,,0,0,0,,,,,0,,,,,0,0,,,
"Product","/products/a360-27-5lb-silicone-butt-sexy-and-gel-big-ass-sex-doll-torso-climax-doll",1,1,0,0,0,0,2,,0,0,0,1,2,0,,0,1,1,0,0,0,0,2,,0,0,0,1,2,0,,0,0,0,,,,,0,,,,,0,0,,,
"Product","/products/f9256-170cm5ft7-43kg-g-cup-silicone-ros-gel-breast-full-body-sex-doll%E4%B8%A8doll-senior",1,1,0,0,0,0,2,,0,0,0,195,2,0,,0,1,1,0,0,0,0,2,,0,0,0,195,2,0,,0,0,0,,,,,0,,,,,0,0,,,
,"/en-ca/products/9384362770671",1,1,0,0,0,0,1,,0,0,0,0,1,1,,1,1,1,0,0,0,0,1,,0,0,0,0,1,1,,1,0,0,,,,,0,,,,,,0,0,,0
"Product","/products/h110-sex-doll-head",1,1,0,0,0,0,3,,0,0,0,1,3,0,,0,1,1,0,0,0,0,3,,0,0,0,1,3,0,,0,0,0,,,,,0,,,,,0,0,,,
"Product","/products/f5997-175cm-5ft9-49kg-femboy-full-size-sex-with-silicone-male-sex-doll-qita-doll",1,1,0,0,0,0,2,,0,0,0,865,2,0,,0,1,1,0,0,0,0,2,,0,0,0,865,2,0,,0,0,0,,,,,0,,,,,0,0,,,
,"/en-fi/blogs/featured-blog/best-torso-sex-doll-brands-of-2026",1,1,0,0,0,0,1,,0,0,0,0,1,1,,1,1,1,0,0,0,0,1,,0,0,0,0,1,1,,1,0,0,,,,,0,,,,,,0,0,,0
"Product","/products/f7022-162cm-6ft3-44kg-p-cup-elf-fantasy-tpe-sexual-hentai-best-alien-sex-doll-in-stock-usa-castle-doll",1,1,0,0,0,0,1,,0,0,0,0,1,1,,1,1,1,0,0,0,0,1,,0,0,0,0,1,1,,1,0,0,,,,,0,,,,,,0,0,,0
"Product","/products/f3551-162cm5-3ft-34kg-f-cup-milf-tpe-sex-doll%E4%B8%A8wm-doll",1,1,0,0,0,0,5,,0,0,0,1906,5,0,,0,1,1,0,0,0,0,5,,0,0,0,1906,5,0,,0,0,0,,,,,0,,,,,0,0,,,
,"/en-ca/products/f2325-155cm5-1ft-34kg-f-cup-rose-tpe-small-sex-doll-fun-west-doll",1,1,0,0,0,0,1,,0,0,0,0,1,1,,1,1,1,0,0,0,0,1,,0,0,0,0,1,1,,1,0,0,,,,,0,,,,,,0,0,,0
"Blog Article","/blogs/dolls-info-qustions/newbie-torso-sex-doll-buying-tutorial-the-best-selection-guide-at-the-same-price",1,1,0,0,0,0,1,,0,0,0,0,1,1,,1,1,1,0,0,0,0,1,,0,0,0,0,1,1,,1,0,0,,,,,0,,,,,,0,0,,0
,"/de/blogs/dolls-info-qustions/how-to-enjoy-bigass-sex-doll",1,1,0,0,0,0,1,,0,0,0,0,1,1,,1,1,1,0,0,0,0,1,,0,0,0,0,1,1,,1,0,0,,,,,0,,,,,,0,0,,0
,"/de/collections/tpe-torso",1,1,0,0,0,0,1,,0,0,0,0,1,1,,1,1,1,0,0,0,0,1,,0,0,0,0,1,1,,1,0,0,,,,,0,,,,,,0,0,,0
"Product","/products/f3472-160cm5f3-39kg-f-cup-chinese-tpe-sex-doll-aibei-doll",1,1,0,0,0,0,3,,0,0,0,1418,3,0,,0,1,1,0,0,0,0,3,,0,0,0,1418,3,0,,0,0,0,,,,,0,,,,,0,0,,,
"Product","/products/f4518-150cm-4ft928kg-ariel-j-cup-full-anime-mini-silicone-love-doll-piper-doll",1,1,0,0,0,0,1,,0,0,0,0,1,1,,1,1,1,0,0,0,0,1,,0,0,0,0,1,1,,1,0,0,,,,,0,,,,,,0,0,,0
"Product","/products/f670-165cm-silicone-love-doll-zelex-doll",1,1,0,0,0,0,1,,0,0,0,0,1,1,,1,1,1,0,0,0,0,1,,0,0,0,0,1,1,,1,0,0,,,,,0,,,,,,0,0,,0
"Product","/products/f1032-165cm-tpe-sex-doll-fun-west-doll",1,1,0,0,0,0,1,,0,0,0,0,1,1,,1,1,1,0,0,0,0,1,,0,0,0,0,1,1,,1,0,0,,,,,0,,,,,,0,0,,0
"Product","/products/f1466-166cm5f4-41kg-h-cup-big-breast-tpe-sex-doll-aibei-doll",1,1,0,0,0,0,1,,0,0,0,1,1,1,,1,1,1,0,0,0,0,1,,0,0,0,1,1,1,,1,0,0,,,,,0,,,,,0,0,0,,0
,"/en-fi/collections/futa-sex-doll",1,1,0,0,0,0,6,,0,0,0,157,6,0,,0,1,1,0,0,0,0,6,,0,0,0,157,6,0,,0,0,0,,,,,0,,,,,0,0,,,
,"/de/collections/zelex-doll",1,1,0,0,0,0,1,,0,0,0,3,1,1,,1,1,1,0,0,0,0,1,,0,0,0,3,1,1,,1,0,0,,,,,0,,,,,0,0,0,,0
"Blog Index","/blogs/featured-blog",1,1,0,0,0,0,1,,0,0,0,0,1,1,,1,1,1,0,0,0,0,1,,0,0,0,0,1,1,,1,0,0,,,,,0,,,,,,0,0,,0
,"/en-fi/pages/avada-sitemap-products",1,1,0,0,0,0,1,,0,0,0,0,1,1,,1,1,1,0,0,0,0,1,,0,0,0,0,1,1,,1,0,0,,,,,0,,,,,,0,0,,0
,"/ja/blogs/dolls-info-qustions/understanding-ai-robotic-sex-dolls",1,1,0,0,0,0,1,,0,0,0,0,1,1,,1,1,1,0,0,0,0,1,,0,0,0,0,1,1,,1,0,0,,,,,0,,,,,,0,0,,0
,"/ja/collections/bbw-sex-doll-2",1,1,0,0,0,0,3,,0,0,0,262,3,0,,0,1,1,0,0,0,0,3,,0,0,0,262,3,0,,0,0,0,,,,,0,,,,,0,0,,,
,"/en-fi/products/f5808-176cm-5ft3-41kg-e-cup-silicone-realistic-ros-head-sex-doll-top-cydoll",1,1,0,0,0,0,1,,0,0,0,0,1,1,,1,1,1,0,0,0,0,1,,0,0,0,0,1,1,,1,0,0,,,,,0,,,,,,0,0,,0
"Product","/products/climax-doll-60cm-life-size-sex-doll-torso-t741",1,1,0,0,0,0,2,,0,0,0,244,2,0,,0,1,1,0,0,0,0,2,,0,0,0,244,2,0,,0,0,0,,,,,0,,,,,0,0,,,
"Product","/products/d054-9-69-black-male-torso-tpr-dildo-shemale-hentai-monster-tentacles-in-stock-xingse",1,1,0,0,0,0,1,,0,0,0,0,1,1,,1,1,1,0,0,0,0,1,,0,0,0,0,1,1,,1,0,0,,,,,0,,,,,,0,0,,0
"Blog Article","/blogs/dolls-info-qustions/naked-sex-doll-the-ultimate-sexual-fantasy",1,1,0,0,0,0,1,,0,0,0,0,1,1,,1,1,1,0,0,0,0,1,,0,0,0,0,1,1,,1,0,0,,,,,0,,,,,,0,0,,0
,"/en-ca/blogs/dolls-info-qustions/sex-position",1,1,0,0,0,0,1,,0,0,0,0,1,1,,1,1,1,0,0,0,0,1,,0,0,0,0,1,1,,1,0,0,,,,,0,,,,,,0,0,,0
"Product","/products/f7511-170cm-c-cup-tori-silicone-sex-doll-normon-doll",1,1,0,0,0,0,1,,0,0,0,0,1,1,,1,1,1,0,0,0,0,1,,0,0,0,0,1,1,,1,0,0,,,,,0,,,,,,0,0,,0
"Product","/products/t448-17-42lb-silicone-mini-big-boobs-sex-doll-torso-lovenestle",1,1,0,0,0,0,5,,0,0,0,182,5,0,,0,1,1,0,0,0,0,5,,0,0,0,182,5,0,,0,0,0,,,,,0,,,,,0,0,,,
"Product","/products/b37-14-8lb-suntan-silicone-torso-realistic-titfuck-to",1,1,0,0,0,0,1,,0,0,0,0,1,1,,1,1,1,0,0,0,0,1,,0,0,0,0,1,1,,1,0,0,,,,,0,,,,,,0,0,,0
"Product","/products/t600-19-8-lbs-b-cup-realistic-silicone-life-size-sex-doll-torso-top-fire-doll",1,1,0,0,0,0,1,,0,0,0,0,1,1,,1,1,1,0,0,0,0,1,,0,0,0,0,1,1,,1,0,0,,,,,0,,,,,,0,0,,0
"Product","/products/t635",1,1,0,0,0,0,2,,0,0,0,30,2,0,,0,1,1,0,0,0,0,2,,0,0,0,30,2,0,,0,0,0,,,,,0,,,,,0,0,,,
"Blog Article","/blogs/dolls-info-qustions/what-are-the-best-types-of-sex-doll-cleaning-products-to-use-in-2025",1,1,0,0,0,0,1,,0,0,0,0,1,1,,1,1,1,0,0,0,0,1,,0,0,0,0,1,1,,1,0,0,,,,,0,,,,,,0,0,,0
"Blog Index","/blogs/real-sex-doll-reviews-pros-cons-real-usage-tests/tagged/sex-doll-review",1,1,0,0,0,0,1,,0,0,0,0,1,1,,1,1,1,0,0,0,0,1,,0,0,0,0,1,1,,1,0,0,,,,,0,,,,,,0,0,,0
,"/en-ca/products/9325102006511",1,1,0,0,0,0,1,,0,0,0,0,1,1,,1,1,1,0,0,0,0,1,,0,0,0,0,1,1,,1,0,0,,,,,0,,,,,,0,0,,0
"Product","/products/a621-26-2lb-kylie-removable-vagina-stripper-sex-big-ass-sex-doll-with-tantabutt%E4%B8%A8tantaly",1,1,0,0,0,0,1,,0,0,0,0,1,1,,1,1,1,0,0,0,0,1,,0,0,0,0,1,1,,1,0,0,,,,,0,,,,,,0,0,,0
,"/ja/search",1,1,0,0,0,0,1,,0,0,0,0,1,1,,1,1,1,0,0,0,0,1,,0,0,0,0,1,1,,1,0,0,,,,,0,,,,,,0,0,,0
"Product","/products/f5958-150cm-4ft9-29kg-a-cup-ros-flat-chested-movable-jew-elf-silicone-small-alien-sex-doll-sy-doll",1,1,0,0,0,0,30,,0,0,0,2205,30,0,,0,1,1,0,0,0,0,30,,0,0,0,2205,30,0,,0,0,0,,,,,0,,,,,0,0,,,
,"/en-fi/collections/cheap-silicone-sex-dolls",1,1,0,0,0,0,4,,0,0,0,241,4,0,,0,1,1,0,0,0,0,4,,0,0,0,241,4,0,,0,0,0,,,,,0,,,,,0,0,,,
"Product","/products/h054-sex-doll-head",1,1,0,0,0,0,1,,0,0,0,0,1,1,,1,1,1,0,0,0,0,1,,0,0,0,0,1,1,,1,0,0,,,,,0,,,,,,0,0,,0
"Product","/products/f6177-164cm-5ft4-36kg-g-cup-silicone-asian-chinese-sex-doll-firefly-diary",1,1,0,0,0,0,1,,0,0,0,0,1,1,,1,1,1,0,0,0,0,1,,0,0,0,0,1,1,,1,0,0,,,,,0,,,,,,0,0,,0
"Product","/products/52815-4lb-53cm-black-big-coke-male-sex-dolls-torso-for-women",1,1,0,0,0,0,1,,0,0,0,0,1,1,,1,1,1,0,0,0,0,1,,0,0,0,0,1,1,,1,0,0,,,,,0,,,,,,0,0,,0
,"/en-ca/products/f8522-166cm-33kg-silicone-ros-head-tpe-body-full-size-adult-sex-doll-kenya-in-stock-usa-ridmii",1,1,0,0,0,0,3,,0,0,0,82,3,0,,0,1,1,0,0,0,0,3,,0,0,0,82,3,0,,0,0,0,,,,,0,,,,,0,0,,,
"Product","/products/f5143-163cm-d-cup-sexy-beach-beauty-ros-silicone-sex-doll-galatea-doll",1,1,0,0,0,0,1,,0,0,0,0,1,1,,1,1,1,0,0,0,0,1,,0,0,0,0,1,1,,1,0,0,,,,,0,,,,,,0,0,,0
"Product","/products/f1920k-168cm5-5ft-d-cup-emily-most-realistic-sex-doll-irontech-doll",1,1,0,0,0,0,1,,0,0,0,0,1,1,,1,1,1,0,0,0,0,1,,0,0,0,0,1,1,,1,0,0,,,,,0,,,,,,0,0,,0
,"/en-ca/products/t975-91cm-3ft-28-4kg-e-cup-sle-sex-doll-torso-with-headzelex-sle-2-0-in-stock-usa-canada-zelex-doll",1,1,0,0,0,0,1,,0,0,0,0,1,1,,1,1,1,0,0,0,0,1,,0,0,0,0,1,1,,1,0,0,,,,,0,,,,,,0,0,,0
"Blog Article","/blogs/dolls-info-qustions/top-8-big-ass-sex-doll-torsos-you-can-t-resist",1,1,0,0,0,0,1,,0,0,0,0,1,1,,1,1,1,0,0,0,0,1,,0,0,0,0,1,1,,1,0,0,,,,,0,,,,,,0,0,,0
"Product","/products/t774-arcana-doll-realistic-silicone-male-life-size-sex-doll-torso-with-head-55-lbs",1,1,0,0,0,0,1,,0,0,0,0,1,1,,1,1,1,0,0,0,0,1,,0,0,0,0,1,1,,1,0,0,,,,,0,,,,,,0,0,,0
"Collection","/collections/male-torso",1,1,0,0,0,0,3,,0,0,0,27,3,0,,0,1,1,0,0,0,0,3,,0,0,0,27,3,0,,0,0,0,,,,,0,,,,,0,0,,,
,"/en-ca/products/f4357-166cm5f4-41kg-h-cup-big-breast-sex-doll-aibei-doll",1,1,0,0,0,0,2,,0,0,0,113,2,0,,0,1,1,0,0,0,0,2,,0,0,0,113,2,0,,0,0,0,,,,,0,,,,,0,0,,,
"Checkout","/60719464687/orders/2ecb87669042bd7054f27448b5dcdfc2",1,1,0,0,0,0,1,,0,0,0,0,1,1,,1,1,1,0,0,0,0,1,,0,0,0,0,1,1,,1,0,0,,,,,0,,,,,,0,0,,0
,"/ja/blogs/dolls-info-qustions/top-10-sex-doll-torsos-with-the-best-butt-feel",1,1,0,0,0,0,1,,0,0,0,0,1,1,,1,1,1,0,0,0,0,1,,0,0,0,0,1,1,,1,0,0,,,,,0,,,,,,0,0,,0
"Product","/products/f9304-150cm-5ft-27-5kg-silicone-head-anime-sex-doll-tiny-elsa-babe",1,1,0,0,0,0,2,,0,0,0,128,2,0,,0,1,1,0,0,0,0,2,,0,0,0,128,2,0,,0,0,0,,,,,0,,,,,0,0,,,
"Collection","/collections/azm-doll-factory-photos",1,1,0,0,0,0,1,,0,0,0,0,1,1,,1,1,1,0,0,0,0,1,,0,0,0,0,1,1,,1,0,0,,,,,0,,,,,,0,0,,0
"Product","/products/f4009-163cm-5ft3-g-cup-oksana-halloween-silicone-sex-doll-starpery-doll",1,1,0,0,0,0,1,,0,0,0,0,1,1,,1,1,1,0,0,0,0,1,,0,0,0,0,1,1,,1,0,0,,,,,0,,,,,,0,0,,0
"Product","/products/f2586-157cm5-2ft-39kg-g-cup-realistic-silicone-sex-doll-fun-west-doll",1,1,1,0,0,0,2,,1,0,0,116,2,0,,0,1,1,1,0,0,0,2,,1,0,0,116,2,0,,0,0,0,0,,,,0,,0,,,0,0,,,
,"/en-ca/products/l006-male-torso-tpe-auto-vibrating-dildo",1,1,0,0,0,0,3,,0,0,0,651,3,0,,0,1,1,0,0,0,0,3,,0,0,0,651,3,0,,0,0,0,,,,,0,,,,,0,0,,,
"Checkout","/checkouts/cn/hWNCQHOSaG1T4Sxr5IqmQbRr/en-gr",1,1,0,1,0,0,1,0,0,1,0,0,1,0,,0,1,1,0,1,0,0,1,0,0,1,0,0,1,0,,0,0,0,,0,,,0,,,0,,,0,,,
"Product","/products/f7666-170cm-5ft7-27kg-a-cup-silicone-flat-chest-full-body-sex-doll-eiko-doll-castle",1,1,0,0,0,0,3,,0,0,0,26,3,0,,0,1,1,0,0,0,0,3,,0,0,0,26,3,0,,0,0,0,,,,,0,,,,,0,0,,,
,"/en-ca/blogs/dolls-info-qustions/5-new-bbw-sex-dolls-for-november-2025",1,1,0,0,0,0,1,,0,0,0,0,1,1,,1,1,1,0,0,0,0,1,,0,0,0,0,1,1,,1,0,0,,,,,0,,,,,,0,0,,0
"Collection","/collections/black-sex-bbw",1,1,0,0,0,0,1,,0,0,0,0,1,1,,1,1,1,0,0,0,0,1,,0,0,0,0,1,1,,1,0,0,,,,,0,,,,,,0,0,,0
"Product","/products/f1269-165cm-g-cup-suki-huge-breasts-silicone-japanese-teen-sex-doll-petite-and-realistic-love-doll-irontech-doll",1,1,0,0,0,0,2,,0,0,0,428,2,0,,0,1,1,0,0,0,0,2,,0,0,0,428,2,0,,0,0,0,,,,,0,,,,,0,0,,,
"Product","/products/f163-156cm5ft-39-5kg-h-cup-suny-hot-big-boobs-sex-doll-in-stock-us-wm-doll",1,1,0,0,0,0,2,,0,0,0,783,2,0,,0,1,1,0,0,0,0,2,,0,0,0,783,2,0,,0,0,0,,,,,0,,,,,0,0,,,
"Product","/products/f9327-165cm-5ft5-33-3kg-d-cup-silicone-luxury-sex-dolls-zelex-sle-zelex-doll",1,1,0,0,0,0,7,,0,0,0,716,7,0,,0,1,1,0,0,0,0,7,,0,0,0,716,7,0,,0,0,0,,,,,0,,,,,0,0,,,
,"/en-ca/products/f7102-158cm-5ft1-30kg-d-cup-silicon-sexual-european-sex-doll-castle-doll",1,1,0,0,0,0,1,,0,0,0,0,1,1,,1,1,1,0,0,0,0,1,,0,0,0,0,1,1,,1,0,0,,,,,0,,,,,,0,0,,0
,"/ja/blogs/dolls-info-qustions/3-stunning-black-sex-dolls-you-can-t-miss-in-2025",1,1,0,0,0,0,1,,0,0,0,0,1,1,,1,1,1,0,0,0,0,1,,0,0,0,0,1,1,,1,0,0,,,,,0,,,,,,0,0,,0
"Blog Article","/blogs/complete-sex-doll-guide-for-beginners/where-can-i-buy-a-sex-doll-safe-and-reliable-options",1,1,0,0,0,0,1,,0,0,0,0,1,1,,1,1,1,0,0,0,0,1,,0,0,0,0,1,1,,1,0,0,,,,,0,,,,,,0,0,,0
,"/en-ca/products/t65126kg-57-3lb-gel-big-breasts-cheap-bbw-sex-doll-torso-wm-doll",1,1,0,0,0,0,1,,0,0,0,3,1,1,,1,1,1,0,0,0,0,1,,0,0,0,3,1,1,,1,0,0,,,,,0,,,,,0,0,0,,0
"Collection","/collections/hr-doll-factory-photos",1,1,0,0,0,0,2,,0,0,0,53,2,0,,0,1,1,0,0,0,0,2,,0,0,0,53,2,0,,0,0,0,,,,,0,,,,,0,0,,,
,"/ja/blogs/dolls-info-qustions/do-older-women-still-use-sex-toys",1,1,0,0,0,0,1,,0,0,0,0,1,1,,1,1,1,0,0,0,0,1,,0,0,0,0,1,1,,1,0,0,,,,,0,,,,,,0,0,,0
"Collection","/collections/wm-doll-videos",1,1,0,0,0,0,1,,0,0,0,0,1,1,,1,1,1,0,0,0,0,1,,0,0,0,0,1,1,,1,0,0,,,,,0,,,,,,0,0,,0
,"/en-ca/blogs/dolls-info-qustions/practical-dressing-guide-for-huge-breast-sex-dolls-no-more-struggling-no-more-squeezing",1,1,0,0,0,0,1,,0,0,0,0,1,1,,1,1,1,0,0,0,0,1,,0,0,0,0,1,1,,1,0,0,,,,,0,,,,,,0,0,,0
"Product","/products/f1528-150cm-5ft-27-5kg-full-silicone-cosplay-inspired-furry-rabbit-sex-doll-real-fur-touch-lifelike-flexibility-elsa-babe",1,1,0,0,0,0,1,,0,0,0,0,1,1,,1,1,1,0,0,0,0,1,,0,0,0,0,1,1,,1,0,0,,,,,0,,,,,,0,0,,0
"Product","/products/v27-4-41-lbs-left-silicone-customizable-realistic-footjob-sex-toys-with-vajankle-size-eu-42-us-9-5",1,1,0,0,0,0,1,,0,0,0,0,1,1,,1,1,1,0,0,0,0,1,,0,0,0,0,1,1,,1,0,0,,,,,0,,,,,,0,0,,0
,"/en-ca/products/9391153742063",1,1,0,0,0,0,1,,0,0,0,0,1,1,,1,1,1,0,0,0,0,1,,0,0,0,0,1,1,,1,0,0,,,,,0,,,,,,0,0,,0
,"/en-fi/products/f6163-22kg-d-cup-animal-hentai-realistic-silicone-sex-doll-castle-doll",1,1,0,0,0,0,1,,0,0,0,0,1,1,,1,1,1,0,0,0,0,1,,0,0,0,0,1,1,,1,0,0,,,,,0,,,,,,0,0,,0
"Product","/products/f4883-153cm-45kg-q-cup-full-silicone-ssbbw-biggest-bbw-sex-doll-body-castle-doll",1,1,0,0,0,0,2,,0,0,0,21,2,0,,0,1,1,0,0,0,0,2,,0,0,0,21,2,0,,0,0,0,,,,,0,,,,,0,0,,,
"Product","/products/f3524-163cm5-4ft-51kg-h-cup-bbw-tpe-sex-doll%E4%B8%A8wm-doll",1,1,0,0,0,0,1,,0,0,0,0,1,1,,1,1,1,0,0,0,0,1,,0,0,0,0,1,1,,1,0,0,,,,,0,,,,,,0,0,,0
"Product","/products/f4475-151cm4ft11-37kg-f-cup-robotic-blonde-tpe-sex-doll-aibei-doll",1,1,0,0,0,0,1,,0,0,0,0,1,1,,1,1,1,0,0,0,0,1,,0,0,0,0,1,1,,1,0,0,,,,,0,,,,,,0,0,,0
"Product","/products/f861-151cm-4ft9-kiko-e-cup-tpe-asian-girl-cute-lolita-sex-doll-se-doll",1,1,0,0,0,0,1,,0,0,0,0,1,1,,1,1,1,0,0,0,0,1,,0,0,0,0,1,1,,1,0,0,,,,,0,,,,,,0,0,,0
,"/ja/collections/aibei-doll-factory-photos",1,1,0,0,0,0,14,,0,0,0,275,14,0,,0,1,1,0,0,0,0,14,,0,0,0,275,14,0,,0,0,0,,,,,0,,,,,0,0,,,
,"/ja/blogs/dolls-info-qustions/sex-doll-shops-in-la",1,1,0,0,0,0,1,,0,0,0,0,1,1,,1,1,1,0,0,0,0,1,,0,0,0,0,1,1,,1,0,0,,,,,0,,,,,,0,0,,0
"Product","/products/f8037-150cm-5ft-27-5kg-silicone-anime-hentai-sex-doll-elsa-babe",1,1,0,0,0,0,1,,0,0,0,0,1,1,,1,1,1,0,0,0,0,1,,0,0,0,0,1,1,,1,0,0,,,,,0,,,,,,0,0,,0
"Product","/products/lovenestle-huge-ass-sex-doll-torso-silicone-dual-tunnels",1,1,0,0,0,0,127,,0,0,0,5386,127,0,,0,1,1,0,0,0,0,127,,0,0,0,5386,127,0,,0,0,0,,,,,0,,,,,0,0,,,
"Product","/products/f4237-150cm4-9ft-29kg-l-cup-celebrity-tpe-sex-doll%E4%B8%A8wm-doll",1,1,0,0,0,0,1,,0,0,0,0,1,1,,1,1,1,0,0,0,0,1,,0,0,0,0,1,1,,1,0,0,,,,,0,,,,,,0,0,,0
"Product","/products/f5163-159cm-5ft2-silicone-sex-doll-yufan-e-cup-petite-asian-cheap-full-body-sex-doll-starpery-doll",1,1,0,0,0,0,1,,0,0,0,0,1,1,,1,1,1,0,0,0,0,1,,0,0,0,0,1,1,,1,0,0,,,,,0,,,,,,0,0,,0
,"/en-ca/collections/elf-sex-doll-heads-elf-sex-doll-heads",1,1,0,0,0,0,2,,0,0,0,79,2,0,,0,1,1,0,0,0,0,2,,0,0,0,79,2,0,,0,0,0,,,,,0,,,,,0,0,,,
"Product","/products/f3511-170cm-5-6ft-43kg-d-cup-life-size-silicone-sex-doll-real-lady",1,1,0,0,0,0,4,,0,0,0,53,4,0,,0,1,1,0,0,0,0,4,,0,0,0,53,4,0,,0,0,0,,,,,0,,,,,0,0,,,
"Product","/products/h130-sex-doll-head",1,1,0,0,0,0,1,,0,0,0,0,1,1,,1,1,1,0,0,0,0,1,,0,0,0,0,1,1,,1,0,0,,,,,0,,,,,,0,0,,0
,"/de/products/8110872002799",1,1,0,0,0,0,1,,0,0,0,0,1,1,,1,1,1,0,0,0,0,1,,0,0,0,0,1,1,,1,0,0,,,,,0,,,,,,0,0,,0
,"/en-fi/products/f5700-160cm-5ft4-55kg-q-cup-silicone-anime-bear-furry-sex-doll-with-round-ears-castle-doll",1,1,0,0,0,0,1,,0,0,0,0,1,1,,1,1,1,0,0,0,0,1,,0,0,0,0,1,1,,1,0,0,,,,,0,,,,,,0,0,,0
"Product","/products/p104-anime-hentai-sex-toys-castle-doll",1,1,0,0,0,0,14,,0,0,0,3373,14,0,,0,1,1,0,0,0,0,14,,0,0,0,3373,14,0,,0,0,0,,,,,0,,,,,0,0,,,
,"/en-fi/pages/sex-doll-review-video-collection",1,1,0,0,0,0,1,,0,0,0,0,1,1,,1,1,1,0,0,0,0,1,,0,0,0,0,1,1,,1,0,0,,,,,0,,,,,,0,0,,0
"Product","/products/f5847-161cm-5ft3-30kg-e-cup-asian-silicone-sex-doll-il-doll",1,1,0,0,0,0,1,,0,0,0,0,1,1,,1,1,1,0,0,0,0,1,,0,0,0,0,1,1,,1,0,0,,,,,0,,,,,,0,0,,0
"Collection","/collections/starpery-doll-videos",1,1,0,0,0,0,1,,0,0,0,0,1,1,,1,1,1,0,0,0,0,1,,0,0,0,0,1,1,,1,0,0,,,,,0,,,,,,0,0,,0
,"/ja/collections/lesbian-sex-doll",1,1,0,0,0,0,5,,0,0,0,327,5,0,,0,1,1,0,0,0,0,5,,0,0,0,327,5,0,,0,0,0,,,,,0,,,,,0,0,,,
"Checkout","/60719464687/orders/55ca61427ab79d0feb649d5ce2eca288",1,1,0,0,0,0,5,,0,0,0,53,5,0,,0,1,1,0,0,0,0,5,,0,0,0,53,5,0,,0,0,0,,,,,0,,,,,0,0,,,
"Product","/products/f9352-elsa-babe-150cm-5ft-fantasy-life-size-sex-doll",1,1,0,0,0,0,1,,0,0,0,0,1,1,,1,1,1,0,0,0,0,1,,0,0,0,0,1,1,,1,0,0,,,,,0,,,,,,0,0,,0
,"/en-ca/blogs/dolls-info-qustions/does-the-sex-doll-feel-real-an-honest-review-from-a-real-user",1,1,0,0,0,0,1,,0,0,0,0,1,1,,1,1,1,0,0,0,0,1,,0,0,0,0,1,1,,1,0,0,,,,,0,,,,,,0,0,,0
"Product","/products/f2141-157cm-g-cup-lily-tpe-sex-doll-fun-west-doll",1,1,0,0,0,0,1,,0,0,0,0,1,1,,1,1,1,0,0,0,0,1,,0,0,0,0,1,1,,1,0,0,,,,,0,,,,,,0,0,,0
"Product","/products/p601-27lb-sex-doll-black-bottom-realistic-3d-ass-sex-doll",1,1,0,0,0,0,1,,0,0,0,0,1,1,,1,1,1,0,0,0,0,1,,0,0,0,0,1,1,,1,0,0,,,,,0,,,,,,0,0,,0
"Product","/products/f9335-164cm-5ft5-33-8kg-g-cup-cheap-sle-life-size-sex-doll-zelex-doll",1,1,0,0,0,0,6,,0,0,0,28,6,0,,0,1,1,0,0,0,0,6,,0,0,0,28,6,0,,0,0,0,,,,,0,,,,,0,0,,,
"Product","/products/f5939-163mcm5-4ft-37kg-2-2cf-e-cup-silicone-japanese-flight-attendant-sex-doll-cabin-crew-roleplay-love-doll-bezlya-doll",1,1,0,0,0,0,8,,0,0,0,231,8,0,,0,1,1,0,0,0,0,8,,0,0,0,231,8,0,,0,0,0,,,,,0,,,,,0,0,,,
"Product","/products/f5714-t161cm5-3ft-34kg-kitty-g-c-cup-silicone-asian-chinese-sex-doll-se-doll",1,1,0,0,0,0,1,,0,0,0,0,1,1,,1,1,1,0,0,0,0,1,,0,0,0,0,1,1,,1,0,0,,,,,0,,,,,,0,0,,0
,"/en-ca/blogs/featured-blog/exhibition-diary-the-2025-guangzhou-adult-expo-was-absolutely-mind-blowing",1,1,0,0,0,0,1,,0,0,0,0,1,1,,1,1,1,0,0,0,0,1,,0,0,0,0,1,1,,1,0,0,,,,,0,,,,,,0,0,,0
"Product","/products/f3333-165cm-5ft440-5kg-e-cup-tpe-big-chest-curve-sexy-full-body-sex-doll-yl-doll",1,1,0,0,0,0,1,,0,0,0,0,1,1,,1,1,1,0,0,0,0,1,,0,0,0,0,1,1,,1,0,0,,,,,0,,,,,,0,0,,0
"Product","/products/656-foot-fetish-toys-silicone-feet-1",1,1,0,0,0,0,1,,0,0,0,0,1,1,,1,1,1,0,0,0,0,1,,0,0,0,0,1,1,,1,0,0,,,,,0,,,,,,0,0,,0
,"/en-fi/collections/mrl-doll",1,1,0,0,0,0,23,,0,0,0,717,23,0,,0,1,1,0,0,0,0,23,,0,0,0,717,23,0,,0,0,0,,,,,0,,,,,0,0,,,
"Blog Article","/blogs/dolls-info-qustions/mini-sex-doll-vs-other-sex-dolls-understanding-the-differences",1,1,0,0,0,0,1,,0,0,0,0,1,1,,1,1,1,0,0,0,0,1,,0,0,0,0,1,1,,1,0,0,,,,,0,,,,,,0,0,,0
"Collection","/collections/zelex%C2%AE-sle-doll",1,1,0,0,0,0,3,,0,0,0,49,3,0,,0,1,1,0,0,0,0,3,,0,0,0,49,3,0,,0,0,0,,,,,0,,,,,0,0,,,
"Blog Article","/blogs/dolls-info-qustions/shedoll-s-coolrush-tpe-a-game-changer-in-sex-doll-materials",1,1,0,0,0,0,1,,0,0,0,0,1,1,,1,1,1,0,0,0,0,1,,0,0,0,0,1,1,,1,0,0,,,,,0,,,,,,0,0,,0
,"/en-ca/collections/g-cup-sex-dolls",1,1,0,0,0,0,1,,0,0,0,0,1,1,,1,1,1,0,0,0,0,1,,0,0,0,0,1,1,,1,0,0,,,,,0,,,,,,0,0,,0
"Blog Article","/blogs/dolls-info-qustions/a-comprehensive-guide-to-finding-the-ideal-dildo-1",1,1,0,0,0,0,2,,0,0,0,8,2,0,,0,1,1,0,0,0,0,2,,0,0,0,8,2,0,,0,0,0,,,,,0,,,,,0,0,,,
"Collection","/collections/mini",1,1,0,0,0,0,2,,0,0,0,965,2,0,,0,1,1,0,0,0,0,2,,0,0,0,965,2,0,,0,0,0,,,,,0,,,,,0,0,,,
"Blog Article","/blogs/dolls-info-qustions/ai-sex-dolls-market-expected-to-exceed-5-billion-dollars-by-2030-with-ai-technology-as-the-key-9",1,1,0,0,0,0,1,,0,0,0,0,1,1,,1,1,1,0,0,0,0,1,,0,0,0,0,1,1,,1,0,0,,,,,0,,,,,,0,0,,0
"Blog Article","/blogs/dolls-info-qustions/what-kind-of-soap-is-best-for-cleaning-torso-sex-dolls-2",1,1,0,0,0,0,1,,0,0,0,0,1,1,,1,1,1,0,0,0,0,1,,0,0,0,0,1,1,,1,0,0,,,,,0,,,,,,0,0,,0
,"/ja/collections/qian-you",1,1,0,0,0,0,1,,0,0,0,0,1,1,,1,1,1,0,0,0,0,1,,0,0,0,0,1,1,,1,0,0,,,,,0,,,,,,0,0,,0
"Collection","/collections/black-tan-sex-doll",1,1,0,0,0,0,1,,0,0,0,0,1,1,,1,1,1,0,0,0,0,1,,0,0,0,0,1,1,,1,0,0,,,,,0,,,,,,0,0,,0
"Product","/products/se-doll-elf-silicone-t161cm-f736",1,1,0,0,0,0,1,,0,0,0,0,1,1,,1,1,1,0,0,0,0,1,,0,0,0,0,1,1,,1,0,0,,,,,0,,,,,,0,0,,0
,"/en-ca/blogs/dolls-info-qustions/how-to-deal-with-stuck-joints-in-sex-dolls-professional-repair-and-maintenance-guide",1,1,0,0,0,0,1,,0,0,0,0,1,1,,1,1,1,0,0,0,0,1,,0,0,0,0,1,1,,1,0,0,,,,,0,,,,,,0,0,,0
,"/en-ca/products/f5618-156cm-5ft1-46-6kg-d-cup-big-ass-large-breast-ros-movable-jaw-silicone-ssbbw-sex-dolls-sy-doll",1,1,0,0,0,0,1,,0,0,0,0,1,1,,1,1,1,0,0,0,0,1,,0,0,0,0,1,1,,1,0,0,,,,,0,,,,,,0,0,,0
"Product","/products/f4039-150cm-k-cup-huge-breast-tpe-sex-doll-castle-doll",1,1,0,0,0,0,1,,0,0,0,0,1,1,,1,1,1,0,0,0,0,1,,0,0,0,0,1,1,,1,0,0,,,,,0,,,,,,0,0,,0
,"/ja/collections/hyper-realistic-sex-doll",1,1,0,0,0,0,2,,0,0,0,23,2,0,,0,1,1,0,0,0,0,2,,0,0,0,23,2,0,,0,0,0,,,,,0,,,,,0,0,,,
"Product","/products/f1566k-174cm-5ft7-c-cup-silicone-sex-doll-in-stock-us-starpery-doll",1,1,0,0,0,0,1,,0,0,0,0,1,1,,1,1,1,0,0,0,0,1,,0,0,0,0,1,1,,1,0,0,,,,,0,,,,,,0,0,,0
,"/en-fi/collections/asian-sex-doll",1,1,0,0,0,0,3,,0,0,0,51,3,0,,0,1,1,0,0,0,0,3,,0,0,0,51,3,0,,0,0,0,,,,,0,,,,,0,0,,,
"Product","/products/t920-109cm3ft7-25-8kg-g-cup-silicone-head-movable-jaw-sle-body-bubble-butt-silicone-sex-doll-torso-with-head-zelex-doll",1,1,1,0,0,0,59,,1,0,0,3185,59,0,,0,1,1,1,0,0,0,59,,1,0,0,3185,59,0,,0,0,0,0,,,,0,,0,,,0,0,,,
"Blog Article","/blogs/recent-brand-updates-new-arrivals-for-sex-dolls/irontech-doll-ros-max-head-how-a-more-natural-simulation-experience-is-achieved",1,1,0,0,0,0,2,,0,0,0,5,2,0,,0,1,1,0,0,0,0,2,,0,0,0,5,2,0,,0,0,0,,,,,0,,,,,0,0,,,
"Product","/products/d4141-lbs%E4%B8%A86-42-realistic-silicone-dildo-with-veined-texture-and-suction-cup-base",1,1,0,0,0,0,1,,0,0,0,0,1,1,,1,1,1,0,0,0,0,1,,0,0,0,0,1,1,,1,0,0,,,,,0,,,,,,0,0,,0
,"/en-fi/products/v237-vajancle-sex-doll-feet-feet-fetish-masturbator",1,1,0,0,0,0,1,,0,0,0,0,1,1,,1,1,1,0,0,0,0,1,,0,0,0,0,1,1,,1,0,0,,,,,0,,,,,,0,0,,0
"Product","/products/m940-tight-vagina-sex-toys-19-for-man-automatic-pocket-pussy-thruster-male-cup-pussycat",1,1,0,0,0,0,1,,0,0,0,0,1,1,,1,1,1,0,0,0,0,1,,0,0,0,0,1,1,,1,0,0,,,,,0,,,,,,0,0,,0
"Product","/products/f2523-159cm5-2ft-37kg-a-cup-white-giselle-realistic-silicone-sex-doll-fun-west-doll",1,1,0,0,0,0,1,,0,0,0,0,1,1,,1,1,1,0,0,0,0,1,,0,0,0,0,1,1,,1,0,0,,,,,0,,,,,,0,0,,0
,"/en-ca/pages/black-sex-doll-buy-guide",1,1,0,0,0,0,1,,0,0,0,0,1,1,,1,1,1,0,0,0,0,1,,0,0,0,0,1,1,,1,0,0,,,,,0,,,,,,0,0,,0
"Blog Article","/blogs/featured-blog/2026-sex-doll-lubricant-recommendations-find-the-perfect-formula-for-your-experience",1,1,0,0,0,0,2,,0,0,0,192,2,0,,0,1,1,0,0,0,0,2,,0,0,0,192,2,0,,0,0,0,,,,,0,,,,,0,0,,,
"Product","/products/f4402-155cm5-1ft-27kg-a-cup-blonde-tpe-sex-doll%E4%B8%A8wm-doll",1,1,0,0,0,0,7,,0,0,0,1028,7,0,,0,1,1,0,0,0,0,7,,0,0,0,1028,7,0,,0,0,0,,,,,0,,,,,0,0,,,
"Product","/products/f2455-164cm5-4ft-39kg-g-cup-life-size-silicone-head-sex-doll-in-stock-us-sigafun-doll",1,1,0,0,0,0,1,,0,0,0,0,1,1,,1,1,1,0,0,0,0,1,,0,0,0,0,1,1,,1,0,0,,,,,0,,,,,,0,0,,0
,"/en-ca/blogs/dolls-info-qustions/what-s-it-really-like-to-have-sex-nbsp-with-a-sex-doll",1,1,0,0,0,0,1,,0,0,0,0,1,1,,1,1,1,0,0,0,0,1,,0,0,0,0,1,1,,1,0,0,,,,,0,,,,,,0,0,,0
"Product","/products/f4703-160cm5-3ft-34kg-2-1-b-cup-mini-asian-chinese-silicone-head-sex-doll-bezlya-doll",1,1,0,0,0,0,1,,0,0,0,0,1,1,,1,1,1,0,0,0,0,1,,0,0,0,0,1,1,,1,0,0,,,,,0,,,,,,0,0,,0
"Product","/products/f1325-165cm-5ft4-g-cup-kitty-big-boobs-silicone-sex-doll-in-stock-usa-irontech-doll",1,1,0,0,0,0,1,,0,0,0,0,1,1,,1,1,1,0,0,0,0,1,,0,0,0,0,1,1,,1,0,0,,,,,0,,,,,,0,0,,0
"Blog Article","/blogs/dolls-info-qustions/why-do-men-love-sexy-legs-on-a-woman",1,1,0,0,0,0,5,,0,0,0,44,5,0,,0,1,1,0,0,0,0,5,,0,0,0,44,5,0,,0,0,0,,,,,0,,,,,0,0,,,
"Product","/products/f4245-159cm5-2ft-27kg-b-cup-anime-tpe-hentai-sex-doll%E4%B8%A8wm-doll",1,1,0,0,0,0,2,,0,0,0,104,2,0,,0,1,1,0,0,0,0,2,,0,0,0,104,2,0,,0,0,0,,,,,0,,,,,0,0,,,
"Collection","/collections/europe-sex-doll-heads-1",1,1,0,0,0,0,3,,0,0,0,42,3,0,,0,1,1,0,0,0,0,3,,0,0,0,42,3,0,,0,0,0,,,,,0,,,,,0,0,,,
"Product","/products/549-6-28lb-round-ass-sex-doll-torso",1,1,0,0,0,0,1,,0,0,0,0,1,1,,1,1,1,0,0,0,0,1,,0,0,0,0,1,1,,1,0,0,,,,,0,,,,,,0,0,,0
"Blog Article","/blogs/dolls-info-qustions/how-to-be-a-qualified-cowboy-through-a-male-sex-doll",1,1,0,0,0,0,1,,0,0,0,0,1,1,,1,1,1,0,0,0,0,1,,0,0,0,0,1,1,,1,0,0,,,,,0,,,,,,0,0,,0
"Product","/products/f4621-167cm-5ft6-47kg-femboy-full-size-sex-with-tpe-male-sex-doll-hr-doll",1,1,0,0,0,0,1,,0,0,0,0,1,1,,1,1,1,0,0,0,0,1,,0,0,0,0,1,1,,1,0,0,,,,,0,,,,,,0,0,,0
"Blog Article","/blogs/dolls-info-qustions/how-to-choose-the-perfect-30-40-pound-torso-doll",1,1,0,0,0,0,1,,0,0,0,0,1,1,,1,1,1,0,0,0,0,1,,0,0,0,0,1,1,,1,0,0,,,,,0,,,,,,0,0,,0
"Product","/products/t65526kg-57-3lb-87cm-huge-ass-gel-big-breasts-bbw-mini-sex-doll-torso-wm-doll",1,1,0,0,0,0,1,,0,0,0,0,1,1,,1,1,1,0,0,0,0,1,,0,0,0,0,1,1,,1,0,0,,,,,0,,,,,,0,0,,0
"Product","/products/h931-sex-doll-head-silicone-irontech-doll-head",1,1,0,0,0,0,1,,0,0,0,0,1,1,,1,1,1,0,0,0,0,1,,0,0,0,0,1,1,,1,0,0,,,,,0,,,,,,0,0,,0
,"/en-ca/collections/new-arrivals-robot-sex-dolls",1,1,0,0,0,0,1,,0,0,0,0,1,1,,1,1,1,0,0,0,0,1,,0,0,0,0,1,1,,1,0,0,,,,,0,,,,,,0,0,,0
,"/en-ca/products/f7510-170cm-c-cup-sarah-silicone-sex-doll-normon-doll",1,1,0,0,0,0,3,,0,0,0,12,3,0,,0,1,1,0,0,0,0,3,,0,0,0,12,3,0,,0,0,0,,,,,0,,,,,0,0,,,
"Product","/products/a214-4-4lb-pocket-pussy-for-men-duomeishi",1,1,0,0,0,0,1,,0,0,0,1,1,1,,1,1,1,0,0,0,0,1,,0,0,0,1,1,1,,1,0,0,,,,,0,,,,,0,0,0,,0
"Blog Article","/blogs/dolls-info-qustions/tpe-vs-silicone-a-guide-to-sex-doll-material-selection",1,1,0,0,0,0,2,,0,0,0,18,2,0,,0,1,1,0,0,0,0,2,,0,0,0,18,2,0,,0,0,0,,,,,0,,,,,0,0,,,
"Product","/products/f1361-155cm-b-cup-mia-shemale-sex-doll-irontech-doll",1,1,0,0,0,0,2,,0,0,0,5,2,0,,0,1,1,0,0,0,0,2,,0,0,0,5,2,0,,0,0,0,,,,,0,,,,,0,0,,,
"Product","/products/f3264-151cm-5ft30kg-maya-c-cup-sexy-mature-women-sex-doll-yl-doll",1,1,0,0,0,0,1,,0,0,0,0,1,1,,1,1,1,0,0,0,0,1,,0,0,0,0,1,1,,1,0,0,,,,,0,,,,,,0,0,,0
"Product","/products/b38-17-1lb-full-bust-36-2inch-black-silicone-titjob-boob-job-breast-sex-titty-fucking-mammary-intercourse-sex-toy",1,1,0,0,0,0,1,,0,0,0,0,1,1,,1,1,1,0,0,0,0,1,,0,0,0,0,1,1,,1,0,0,,,,,0,,,,,,0,0,,0
"Product","/products/h629-ros-silicone-sex-doll-head-zelex-doll-head",1,1,0,0,0,0,1,,0,0,0,0,1,1,,1,1,1,0,0,0,0,1,,0,0,0,0,1,1,,1,0,0,,,,,0,,,,,,0,0,,0
"Product","/products/f1571-171cm-5ft-6-a-cup-silicone-sex-doll-starpery-doll",1,1,0,0,0,0,1,,0,0,0,0,1,1,,1,1,1,0,0,0,0,1,,0,0,0,0,1,1,,1,0,0,,,,,0,,,,,,0,0,,0
"Product","/products/f1707-169cm-5ft5-c-cup-silicone-petite-sex-doll-starpery-doll",1,1,0,0,0,0,1,,0,0,0,0,1,1,,1,1,1,0,0,0,0,1,,0,0,0,0,1,1,,1,0,0,,,,,0,,,,,,0,0,,0
,"/en-ca/collections/japanese-young-sex-doll",1,1,0,0,0,0,2,,0,0,0,20,2,0,,0,1,1,0,0,0,0,2,,0,0,0,20,2,0,,0,0,0,,,,,0,,,,,0,0,,,
,"/de/blogs/dolls-info-qustions/4-easy-positions-to-enjoy-with-your-bbw-sex-doll",1,1,0,0,0,0,1,,0,0,0,0,1,1,,1,1,1,0,0,0,0,1,,0,0,0,0,1,1,,1,0,0,,,,,0,,,,,,0,0,,0
,"/de/collections/best-seller-sex-dolls-500-999",1,1,0,0,0,0,1,,0,0,0,0,1,1,,1,1,1,0,0,0,0,1,,0,0,0,0,1,1,,1,0,0,,,,,0,,,,,,0,0,,0
"Product","/products/h615-ros-silicone-sex-doll-zelex-doll-head",1,1,0,0,0,0,1,,0,0,0,0,1,1,,1,1,1,0,0,0,0,1,,0,0,0,0,1,1,,1,0,0,,,,,0,,,,,,0,0,,0
,"/en-ca/products/t9059-03lb-6-69-dildo-electric-male-sex-doll-torso-dildo-rechargeable-for-female",1,1,0,0,0,0,1,,0,0,0,0,1,1,,1,1,1,0,0,0,0,1,,0,0,0,0,1,1,,1,0,0,,,,,0,,,,,,0,0,,0
"Product","/products/531sex-doll-torso",1,1,0,0,0,0,1,,0,0,0,0,1,1,,1,1,1,0,0,0,0,1,,0,0,0,0,1,1,,1,0,0,,,,,0,,,,,,0,0,,0
"Product","/products/f4304-167cm5-5ft-41kg-j-cup-blonde-tpe-sex-doll%E4%B8%A8wm-doll",1,1,0,0,0,0,1,,0,0,0,0,1,1,,1,1,1,0,0,0,0,1,,0,0,0,0,1,1,,1,0,0,,,,,0,,,,,,0,0,,0
,"/de/collections/fake-pussy-fake-vagina-sex-toys",1,1,0,0,0,0,2,,0,0,0,9,2,0,,0,1,1,0,0,0,0,2,,0,0,0,9,2,0,,0,0,0,,,,,0,,,,,0,0,,,
,"/en-fi/collections/robotic-sex-doll",1,1,0,0,0,0,1,,0,0,0,0,1,1,,1,1,1,0,0,0,0,1,,0,0,0,0,1,1,,1,0,0,,,,,0,,,,,,0,0,,0
"Product","/products/t464-19-8lbs-neko-catwoman-futanari-toys-tpe-mini-anime-doll-mrl",1,1,0,0,0,0,1,,0,0,0,0,1,1,,1,1,1,0,0,0,0,1,,0,0,0,0,1,1,,1,0,0,,,,,0,,,,,,0,0,,0
,"/de/collections/qian-you",1,1,0,0,0,0,1,,0,0,0,0,1,1,,1,1,1,0,0,0,0,1,,0,0,0,0,1,1,,1,0,0,,,,,0,,,,,,0,0,,0
"Checkout","/60719464687/orders/43b36b5d36c43399748a9c48d048d302",1,1,0,0,0,0,2,,0,0,0,1035,2,0,,0,1,1,0,0,0,0,2,,0,0,0,1035,2,0,,0,0,0,,,,,0,,,,,0,0,,,
"Collection","/collections/bbw-torso-new-product",1,1,0,0,0,0,1,,0,0,0,0,1,1,,1,1,1,0,0,0,0,1,,0,0,0,0,1,1,,1,0,0,,,,,0,,,,,,0,0,,0
"Product","/products/f2583-164cm-f-cup-ebony-suntan-big-boobs-silicone-sex-doll-irontech-doll",1,1,0,0,0,0,1,,0,0,0,0,1,1,,1,1,1,0,0,0,0,1,,0,0,0,0,1,1,,1,0,0,,,,,0,,,,,,0,0,,0
,"/de/collections/curvy-sex-dolls",1,1,0,0,0,0,1,,0,0,0,0,1,1,,1,1,1,0,0,0,0,1,,0,0,0,0,1,1,,1,0,0,,,,,0,,,,,,0,0,,0
,"/ja/collections/full-doll",1,1,0,0,0,0,2,,0,0,0,1,2,0,,0,1,1,0,0,0,0,2,,0,0,0,1,2,0,,0,0,0,,,,,0,,,,,0,0,,,
,"/en-ca/products/f9329-150cm-4ft9-41kg-b-cup-ros-silicone-head-shemale-live-sex-doll-doll-castle",1,1,0,0,0,0,1,,0,0,0,0,1,1,,1,1,1,0,0,0,0,1,,0,0,0,0,1,1,,1,0,0,,,,,0,,,,,,0,0,,0
"Product","/products/f2344a-151cm4-9ft-65kg-m-cup-jasmine-bbw-biggest-ass-huge-breast-movable-jaw-sex-doll-2024%E4%B8%A8climax-doll-pro",1,1,0,0,0,0,1,,0,0,0,0,1,1,,1,1,1,0,0,0,0,1,,0,0,0,0,1,1,,1,0,0,,,,,0,,,,,,0,0,,0
,"/en-fi/collections/black-male-sex-doll",1,1,0,0,0,0,1,,0,0,0,0,1,1,,1,1,1,0,0,0,0,1,,0,0,0,0,1,1,,1,0,0,,,,,0,,,,,,0,0,,0
"Collection","/collections/blue-skin-alien",1,1,0,0,0,0,1,,0,0,0,0,1,1,,1,1,1,0,0,0,0,1,,0,0,0,0,1,1,,1,0,0,,,,,0,,,,,,0,0,,0
"Checkout","/checkouts/cn/hWNCM8PvWv1ZCHuCF2v9P7Tt/en",1,1,0,1,0,0,1,0,0,1,0,0,1,0,,0,1,1,0,1,0,0,1,0,0,1,0,0,1,0,,0,0,0,,0,,,0,,,0,,,0,,,
,"/en-ca/blogs/dolls-info-qustions/7-best-mini-torso-sex-dolls-for-beginners",1,1,0,0,0,0,1,,0,0,0,0,1,1,,1,1,1,0,0,0,0,1,,0,0,0,0,1,1,,1,0,0,,,,,0,,,,,,0,0,,0
,"/en-ca/products/h428-ros-free-hair-impants-real-oral-movable-jaw-silicone-sex-doll-head-sy-doll",1,1,0,0,0,0,1,,0,0,0,0,1,1,,1,1,1,0,0,0,0,1,,0,0,0,0,1,1,,1,0,0,,,,,0,,,,,,0,0,,0
"Product","/products/p57-large-stimulating-fake-sexy-vagina-big-realistic-pussy",1,1,0,0,0,0,1,,0,0,0,0,1,1,,1,1,1,0,0,0,0,1,,0,0,0,0,1,1,,1,0,0,,,,,0,,,,,,0,0,,0
,"/pages",1,1,0,0,0,0,10,,0,0,0,3659,10,0,,0,1,1,0,0,0,0,10,,0,0,0,3659,10,0,,0,0,0,,,,,0,,,,,0,0,,,
"Product","/products/f9228-168cm5-6ft-39kg-b-cup-fusion-silicone-sex-dolls-%E4%B8%A8zelex-doll",1,1,0,0,0,0,4,,0,0,0,149,4,0,,0,1,1,0,0,0,0,4,,0,0,0,149,4,0,,0,0,0,,,,,0,,,,,0,0,,,
"Product","/products/f8024-150cm-5ft-27-5kg-silicone-anime-hentai-sex-doll-elsa-babe",1,1,0,0,0,0,1,,0,0,0,0,1,1,,1,1,1,0,0,0,0,1,,0,0,0,0,1,1,,1,0,0,,,,,0,,,,,,0,0,,0
"Collection","/collections/red-head-sex-doll",1,1,0,0,0,0,1,,0,0,0,0,1,1,,1,1,1,0,0,0,0,1,,0,0,0,0,1,1,,1,0,0,,,,,0,,,,,,0,0,,0
,"/de/blogs/dolls-info-qustions/sex-experts-recommend-top-ten-sex-pillows-to-enhance-your-bbw-sex-doll-experience",1,1,0,0,0,0,1,,0,0,0,0,1,1,,1,1,1,0,0,0,0,1,,0,0,0,0,1,1,,1,0,0,,,,,0,,,,,,0,0,,0
"Product","/products/f1653-170cm-5ft740kg-femboy-muscular-blond-short-hair-tpe-male-sex-doll-in-stock-usa-doll-forever",1,1,0,0,0,0,1,,0,0,0,0,1,1,,1,1,1,0,0,0,0,1,,0,0,0,0,1,1,,1,0,0,,,,,0,,,,,,0,0,,0
,"/en-ca/collections/best-seller-sex-dolls-200-499",1,1,0,0,0,0,1,,0,0,0,0,1,1,,1,1,1,0,0,0,0,1,,0,0,0,0,1,1,,1,0,0,,,,,0,,,,,,0,0,,0
"Product","/products/f3764-161cm5ft4-e-cup-silicone-sexy-realistic-adult-women-sex-doll-se-doll",1,1,0,0,0,0,1,,0,0,0,0,1,1,,1,1,1,0,0,0,0,1,,0,0,0,0,1,1,,1,0,0,,,,,0,,,,,,0,0,,0
"Product","/products/f7130-156cm5-12ft-29-7kg-2-1-b-cup-robot-silicone-head-adult-asian-sex-doll-bezlya-doll",1,1,0,0,0,0,3,,0,0,0,1502,3,0,,0,1,1,0,0,0,0,3,,0,0,0,1502,3,0,,0,0,0,,,,,0,,,,,0,0,,,
,"/en-ca/collections/160cm-169cm-5ft3-5ft6",1,1,0,0,0,0,1,,0,0,0,1,1,1,,1,1,1,0,0,0,0,1,,0,0,0,1,1,1,,1,0,0,,,,,0,,,,,0,0,0,,0
"Product","/products/t430-73-68lb-skylar-life-size-latina-silicone-sex-doll-torso-with-head-in-stock-usa-europe-canada-max",1,1,0,0,0,0,1,,0,0,0,0,1,1,,1,1,1,0,0,0,0,1,,0,0,0,0,1,1,,1,0,0,,,,,0,,,,,,0,0,,0
,"/en-fi/collections/vajankle-foot-fetish-toys",1,1,0,0,0,0,1,,0,0,0,0,1,1,,1,1,1,0,0,0,0,1,,0,0,0,0,1,1,,1,0,0,,,,,0,,,,,,0,0,,0
"Blog Article","/blogs/dolls-info-qustions/enhancing-your-bbw-sex-doll-experience-customization-options-to-consider",1,1,0,0,0,0,1,,0,0,0,0,1,1,,1,1,1,0,0,0,0,1,,0,0,0,0,1,1,,1,0,0,,,,,0,,,,,,0,0,,0
"Collection","/collections/anime-sex-doll-head",1,1,1,0,0,0,6,,1,0,0,212,6,0,,0,1,1,1,0,0,0,6,,1,0,0,212,6,0,,0,0,0,0,,,,0,,0,,,0,0,,,
"Product","/products/f2008-wm-doll-157cm-asian-real-life-size-sex-doll",1,1,0,0,0,0,2,,0,0,0,39,2,0,,0,1,1,0,0,0,0,2,,0,0,0,39,2,0,,0,0,0,,,,,0,,,,,0,0,,,
"Blog Article","/blogs/dolls-info-qustions/a",1,1,0,0,0,0,10,,0,0,0,775,10,0,,0,1,1,0,0,0,0,10,,0,0,0,775,10,0,,0,0,0,,,,,0,,,,,0,0,,,
,"/en-ca/products/p387-mrl-snake-girl-cartoon-hentai-figure-best-pocket-pussy-small-sex-doll-silicone-19-62lb",1,1,0,0,0,0,1,,0,0,0,0,1,1,,1,1,1,0,0,0,0,1,,0,0,0,0,1,1,,1,0,0,,,,,0,,,,,,0,0,,0
,"/en-ca/products/f2053-166cm5-5ft-33kg-c-cup-milf-tpe-sex-doll%E4%B8%A8wm-doll",1,1,0,0,0,0,1,,0,0,0,0,1,1,,1,1,1,0,0,0,0,1,,0,0,0,0,1,1,,1,0,0,,,,,0,,,,,,0,0,,0
,"/en-ca/products/f2042-164cm5-4ft-34kg-j-cup-milf-tpe-sex-doll%E4%B8%A8wm-doll",1,1,0,0,0,0,1,,0,0,0,0,1,1,,1,1,1,0,0,0,0,1,,0,0,0,0,1,1,,1,0,0,,,,,0,,,,,,0,0,,0
"Collection","/collections/full-femboy-sex-doll",1,1,0,0,0,0,2,,0,0,0,231,2,0,,0,1,1,0,0,0,0,2,,0,0,0,231,2,0,,0,0,0,,,,,0,,,,,0,0,,,
"Product","/products/l36-41-45lb-107cm-sex-doll-legs-round-and-super-long-legges-torso",1,1,0,0,0,0,9,,0,0,0,289,9,0,,0,1,1,0,0,0,0,9,,0,0,0,289,9,0,,0,0,0,,,,,0,,,,,0,0,,,
"Blog Article","/blogs/dolls-info-qustions/how-men-can-use-sex-dolls-to-overcome-fake-orgasms",1,1,0,0,0,0,1,,0,0,0,0,1,1,,1,1,1,0,0,0,0,1,,0,0,0,0,1,1,,1,0,0,,,,,0,,,,,,0,0,,0
,"/en-fi/collections/doggystyle-sex-doll",1,1,0,0,0,0,1,,0,0,0,0,1,1,,1,1,1,0,0,0,0,1,,0,0,0,0,1,1,,1,0,0,,,,,0,,,,,,0,0,,0
,"/ja/blogs/dolls-info-qustions/big-ass-sex-doll-recommendations-under-1000-high-value-picks",1,1,0,0,0,0,1,,0,0,0,0,1,1,,1,1,1,0,0,0,0,1,,0,0,0,0,1,1,,1,0,0,,,,,0,,,,,,0,0,,0
,"/en-ca/blogs/dolls-info-qustions/quick-orgasm-top-7-tips-for-anal-sex-with-sex-dolls",1,1,0,0,0,0,1,,0,0,0,0,1,1,,1,1,1,0,0,0,0,1,,0,0,0,0,1,1,,1,0,0,,,,,0,,,,,,0,0,,0
,"/de/blogs/dolls-info-qustions/explore-five-different-types-of-realistic-life-size-sex-dolls",1,1,0,0,0,0,1,,0,0,0,0,1,1,,1,1,1,0,0,0,0,1,,0,0,0,0,1,1,,1,0,0,,,,,0,,,,,,0,0,,0
"Product","/products/f9369-stpe-gel-filled-big-breasts-hentai-bbw-sex-doll-irokebijin-doll",1,1,0,0,0,0,1,,0,0,0,0,1,1,,1,1,1,0,0,0,0,1,,0,0,0,0,1,1,,1,0,0,,,,,0,,,,,,0,0,,0
"Product","/products/004-hands-free-vibrating-male-masturbator",1,1,0,0,0,0,1,,0,0,0,0,1,1,,1,1,1,0,0,0,0,1,,0,0,0,0,1,1,,1,0,0,,,,,0,,,,,,0,0,,0
,"/en-fi/products/h577-silicone-sex-doll-head-elsa-babe-head",1,1,0,0,0,0,1,,0,0,0,0,1,1,,1,1,1,0,0,0,0,1,,0,0,0,0,1,1,,1,0,0,,,,,0,,,,,,0,0,,0
"Product","/products/f5918-150cm4ft9-37-6kg-akane-l-cup-s-tpe-gel-filled-big-breasts-animes-bbw-mini-hentai-sex-doll-irokebijin-doll",1,1,0,0,0,0,35,,0,0,0,546,35,0,,0,1,1,0,0,0,0,35,,0,0,0,546,35,0,,0,0,0,,,,,0,,,,,0,0,,,
"Product","/products/h658-thick-big-lips-silicone-sex-doll-head-%E4%B8%A8doll-castle-head",1,1,0,0,0,0,1,,0,0,0,0,1,1,,1,1,1,0,0,0,0,1,,0,0,0,0,1,1,,1,0,0,,,,,0,,,,,,0,0,,0
,"/en-fi/products/f2508-164cm5-4ft-36kg-e-cup-yuki-arai-ros-silicone-sex-doll-in-stock-usa-nianta-doll",1,1,0,0,0,0,1,,0,0,0,0,1,1,,1,1,1,0,0,0,0,1,,0,0,0,0,1,1,,1,0,0,,,,,0,,,,,,0,0,,0
,"/de/products/f5573-150cm-5ft-27-5kg-shemale-anime-futa-silicone-sex-doll-elsa-babe",1,1,0,0,0,0,1,,0,0,0,0,1,1,,1,1,1,0,0,0,0,1,,0,0,0,0,1,1,,1,0,0,,,,,0,,,,,,0,0,,0
"Collection","/collections/funwest-doll-in-stock-usa-1",1,1,0,0,0,0,29,,0,0,0,678,29,0,,0,1,1,0,0,0,0,29,,0,0,0,678,29,0,,0,0,0,,,,,0,,,,,0,0,,,
"Product","/products/v331-lifelike-silicone-feet-textured-skin-wrinkles-veins",1,1,0,0,0,0,1,,0,0,0,0,1,1,,1,1,1,0,0,0,0,1,,0,0,0,0,1,1,,1,0,0,,,,,0,,,,,,0,0,,0
,"/de/collections/dw",1,1,0,0,0,0,1,,0,0,0,0,1,1,,1,1,1,0,0,0,0,1,,0,0,0,0,1,1,,1,0,0,,,,,0,,,,,,0,0,,0
"Blog Article","/blogs/dolls-info-qustions/popularization-of-knowledge-about-sex-doll-skeletons",1,1,0,0,0,0,1,,0,0,0,0,1,1,,1,1,1,0,0,0,0,1,,0,0,0,0,1,1,,1,0,0,,,,,0,,,,,,0,0,,0
"Product","/products/f4685-150cm-5ft2-40-6kg-akira-d-cup-tpe-european-sex-doll-piper-doll",1,1,0,0,0,0,1,,0,0,0,0,1,1,,1,1,1,0,0,0,0,1,,0,0,0,0,1,1,,1,0,0,,,,,0,,,,,,0,0,,0
,"/en-fi/blogs/dolls-info-qustions/sex-torso-vs-masturbation-which-one-is-right-for-you-this-article-has-the-answer",1,1,0,0,0,0,1,,0,0,0,0,1,1,,1,1,1,0,0,0,0,1,,0,0,0,0,1,1,,1,0,0,,,,,0,,,,,,0,0,,0
"Product","/products/f8201-160cm-5ft3-28kg-c-cup-m43-fanny-silicone-sex-doll-md-doll",1,1,0,0,0,0,5,,0,0,0,1215,5,0,,0,1,1,0,0,0,0,5,,0,0,0,1215,5,0,,0,0,0,,,,,0,,,,,0,0,,,
"Product","/products/t372-realistic-silicone-shark-hentai-anime-sex-doll",1,1,0,0,0,0,1,,0,0,0,0,1,1,,1,1,1,0,0,0,0,1,,0,0,0,0,1,1,,1,0,0,,,,,0,,,,,,0,0,,0
,"/en-ca/products/f5971-160cm-european-celebrity-nude-robot-tactile-feedback-custom",1,1,0,0,0,0,5,,0,0,0,118,5,0,,0,1,1,0,0,0,0,5,,0,0,0,118,5,0,,0,0,0,,,,,0,,,,,0,0,,,
"Product","/products/h144-sex-doll-head",1,1,1,1,1,1,4,1,1,1,1,949,4,0,1,0,1,1,1,1,1,1,4,1,1,1,1,949,4,0,1,0,0,0,0,0,0,0,0,0,0,0,0,0,0,,0,
"Product","/products/f4841-164cm-5ft545kg-k-cup-sexy-silicone-ros-biggest-bbw-sex-doll-hr-doll",1,1,0,0,0,0,1,,0,0,0,2,1,1,,1,1,1,0,0,0,0,1,,0,0,0,2,1,1,,1,0,0,,,,,0,,,,,0,0,0,,0
,"/en-ca/collections/silicone-sex-dolls",1,1,0,0,0,0,17,,0,0,0,1067,17,0,,0,1,1,0,0,0,0,17,,0,0,0,1067,17,0,,0,0,0,,,,,0,,,,,0,0,,,
,"/ja/blogs/featured-blog/complete-guide-to-fixing-tpe-full-size-sex-doll-makeup-fading",1,1,0,0,0,0,1,,0,0,0,0,1,1,,1,1,1,0,0,0,0,1,,0,0,0,0,1,1,,1,0,0,,,,,0,,,,,,0,0,,0
"Blog Article","/blogs/dolls-info-qustions/unlock-the-ultimate-pleasure-code-nukige-games-hentai-sex-dolls-that-ll-melt-your-resistance-21",1,1,0,0,0,0,1,,0,0,0,0,1,1,,1,1,1,0,0,0,0,1,,0,0,0,0,1,1,,1,0,0,,,,,0,,,,,,0,0,,0
"Blog Article","/blogs/dolls-info-qustions/sedoll-set-series-grand-launch-all-new-silicone-head-torso-sex-doll-embrace-light-luxury",1,1,0,0,0,0,1,,0,0,0,0,1,1,,1,1,1,0,0,0,0,1,,0,0,0,0,1,1,,1,0,0,,,,,0,,,,,,0,0,,0
"Product","/products/f2045-165cm5-5ft-34kg-d-cup-hentai-tpe-sex-doll%E4%B8%A8wm-doll",1,1,0,0,0,0,1,,0,0,0,0,1,1,,1,1,1,0,0,0,0,1,,0,0,0,0,1,1,,1,0,0,,,,,0,,,,,,0,0,,0
"Product","/products/f3388-153cm-5ft31kg-panam-e-cup-silicone-adult-full-sexy-europe-sex-doll-yl-doll",1,1,0,0,0,0,5,,0,0,0,1803,5,0,,0,1,1,0,0,0,0,5,,0,0,0,1803,5,0,,0,0,0,,,,,0,,,,,0,0,,,
,"/ja/blogs/dolls-info-qustions/are-condoms-waterproof-don-t-just-focus-on-the-wet-have-you-thought-about-safety",1,1,0,0,0,0,1,,0,0,0,0,1,1,,1,1,1,0,0,0,0,1,,0,0,0,0,1,1,,1,0,0,,,,,0,,,,,,0,0,,0
"Product","/products/573-ass-sex-doll-torso",1,1,0,0,0,0,1,,0,0,0,0,1,1,,1,1,1,0,0,0,0,1,,0,0,0,0,1,1,,1,0,0,,,,,0,,,,,,0,0,,0
,"/de/collections/movable-jaw",1,1,0,0,0,0,1,,0,0,0,0,1,1,,1,1,1,0,0,0,0,1,,0,0,0,0,1,1,,1,0,0,,,,,0,,,,,,0,0,,0
"Product","/products/f3200-154cm-5ft1-h-cup-anime-silicone-head-sex-doll-irontech-doll",1,1,0,0,0,0,11,,0,0,0,179,11,0,,0,1,1,0,0,0,0,11,,0,0,0,179,11,0,,0,0,0,,,,,0,,,,,0,0,,,
,"/en-ca/products/9388756336879",1,1,0,0,0,0,1,,0,0,0,0,1,1,,1,1,1,0,0,0,0,1,,0,0,0,0,1,1,,1,0,0,,,,,0,,,,,,0,0,,0
"Product","/products/t288-70-55-lbs-roxy-ros-life-size-silicone-sex-doll-torso-with-head-in-stock-usa-europe-max-series",1,1,0,0,0,0,1,,0,0,0,0,1,1,,1,1,1,0,0,0,0,1,,0,0,0,0,1,1,,1,0,0,,,,,0,,,,,,0,0,,0
"Product","/products/40cm-perfect-sexy-big-ass-sex-doll-torso-518-sex-doll-torso",1,1,0,0,0,0,1,,0,0,0,0,1,1,,1,1,1,0,0,0,0,1,,0,0,0,0,1,1,,1,0,0,,,,,0,,,,,,0,0,,0
,"/de/blogs/full-sex-doll-blog/zero-to-hero-guide-how-first-timers-should-choose-full-body-sex-dolls",1,1,0,0,0,0,1,,0,0,0,0,1,1,,1,1,1,0,0,0,0,1,,0,0,0,0,1,1,,1,0,0,,,,,0,,,,,,0,0,,0
,"/en-fi/blogs/dolls-info-qustions/how-to-make-a-fake-ass-sex-toy",1,1,0,0,0,0,1,,0,0,0,0,1,1,,1,1,1,0,0,0,0,1,,0,0,0,0,1,1,,1,0,0,,,,,0,,,,,,0,0,,0
,"/en-ca/blogs/dolls-info-qustions/dangerous-and-fascinating-the-irresistible-allure-of-mermaid-sex-doll",1,1,0,0,0,0,2,,0,0,0,188,2,0,,0,1,1,0,0,0,0,2,,0,0,0,188,2,0,,0,0,0,,,,,0,,,,,0,0,,,
,"/en-ca/collections/black-male-sex-doll",1,1,0,0,0,0,1,,0,0,0,0,1,1,,1,1,1,0,0,0,0,1,,0,0,0,0,1,1,,1,0,0,,,,,0,,,,,,0,0,,0
,"/en-ca/collections/torso-only",1,1,0,0,0,0,3,,0,0,0,62,3,0,,0,1,1,0,0,0,0,3,,0,0,0,62,3,0,,0,0,0,,,,,0,,,,,0,0,,,
,"/en-fi/products/f8102-166cm-5ft5-38kg-m28-d-cup-life-size-sex-doll-md-doll",1,1,0,0,0,0,1,,0,0,0,0,1,1,,1,1,1,0,0,0,0,1,,0,0,0,0,1,1,,1,0,0,,,,,0,,,,,,0,0,,0
"Blog Article","/blogs/dolls-info-qustions/what-is-a-male-masturbator-a-non-awkward-hardcore-guide",1,1,0,0,0,0,5,,0,0,0,778,5,0,,0,1,1,0,0,0,0,5,,0,0,0,778,5,0,,0,0,0,,,,,0,,,,,0,0,,,
"Collection","/collections/dildo-male-sex-doll",1,1,1,1,0,0,4,0,1,1,0,646,4,0,0,0,1,1,1,1,0,0,4,0,1,1,0,646,4,0,0,0,0,0,0,0,,,0,,0,0,,0,0,,,
,"/ja/blogs/dolls-info-qustions/sex-experts-recommend-top-ten-sex-pillows-to-enhance-your-bbw-sex-doll-experience",1,1,0,0,0,0,1,,0,0,0,0,1,1,,1,1,1,0,0,0,0,1,,0,0,0,0,1,1,,1,0,0,,,,,0,,,,,,0,0,,0
,"/en-ca/collections/sy-doll",1,1,0,0,0,0,8,,0,0,0,156,8,0,,0,1,1,0,0,0,0,8,,0,0,0,156,8,0,,0,0,0,,,,,0,,,,,0,0,,,
"Product","/products/f155-154cm-puls-tpe-sex-doll",1,1,0,0,0,0,3,,0,0,0,79,3,0,,0,1,1,0,0,0,0,3,,0,0,0,79,3,0,,0,0,0,,,,,0,,,,,0,0,,,
,"/en-fi/products/f5820-168cm-5ft5-35kg-f-cup-wan-silicone-realistic-with-ros-head-sex-doll-top-cydoll",1,1,0,0,0,0,1,,0,0,0,0,1,1,,1,1,1,0,0,0,0,1,,0,0,0,0,1,1,,1,0,0,,,,,0,,,,,,0,0,,0
"Custom Page","/pages/why-choose-lightweight-wm-doll",1,1,0,0,0,0,1,,0,0,0,0,1,1,,1,1,1,0,0,0,0,1,,0,0,0,0,1,1,,1,0,0,,,,,0,,,,,,0,0,,0
"Product","/products/f4474-163cm5-4ft-51kg-h-cup-bbw-big-booty-tpe-sex-doll%E4%B8%A8wm-doll",1,1,0,0,0,0,14,,0,0,0,422,14,0,,0,1,1,0,0,0,0,14,,0,0,0,422,14,0,,0,0,0,,,,,0,,,,,0,0,,,
"Product","/products/f6299-160cm-5ft3-34kg-e-cup-silicone-japanese-sex-doll-large-breasts-firefly-diary-max",1,1,0,0,0,0,4,,0,0,0,56,4,0,,0,1,1,0,0,0,0,4,,0,0,0,56,4,0,,0,0,0,,,,,0,,,,,0,0,,,
"Collection","/collections/xingse",1,1,0,0,0,0,1,,0,0,0,0,1,1,,1,1,1,0,0,0,0,1,,0,0,0,0,1,1,,1,0,0,,,,,0,,,,,,0,0,,0
"Collection","/collections/mlw-doll-head-factory-photos",1,1,0,0,0,0,15,,0,0,0,2047,15,0,,0,1,1,0,0,0,0,15,,0,0,0,2047,15,0,,0,0,0,,,,,0,,,,,0,0,,,
"Product","/products/f5451-150cm4ft9-27kg-b-cup-asian-tpe-sex-doll-aibei-doll",1,1,0,0,0,0,1,,0,0,0,0,1,1,,1,1,1,0,0,0,0,1,,0,0,0,0,1,1,,1,0,0,,,,,0,,,,,,0,0,,0
"Collection","/collections/lusandy-doll-factory-photos",1,1,0,0,0,0,6,,0,0,0,123,6,0,,0,1,1,0,0,0,0,6,,0,0,0,123,6,0,,0,0,0,,,,,0,,,,,0,0,,,
,"/en-ca/products/f5985-157cm-5ft1-29kg-b-cup-realistic-skinny-tpe-sex-doll-sy-doll",1,1,0,0,0,0,1,,0,0,0,0,1,1,,1,1,1,0,0,0,0,1,,0,0,0,0,1,1,,1,0,0,,,,,0,,,,,,0,0,,0
"Collection","/collections/top-fire-doll",1,1,0,0,0,0,41,,0,0,0,884,41,0,,0,1,1,0,0,0,0,41,,0,0,0,884,41,0,,0,0,0,,,,,0,,,,,0,0,,,
"Product","/products/a437-38-8lb-silicone-big-ass-sex-doll-torso-with-bubble-butt-lovenestle",1,1,0,0,0,0,6,,0,0,0,629,6,0,,0,1,1,0,0,0,0,6,,0,0,0,629,6,0,,0,0,0,,,,,0,,,,,0,0,,,
,"/en-ca/collections/tpe-sex-doll-head",1,1,0,0,0,0,1,,0,0,0,0,1,1,,1,1,1,0,0,0,0,1,,0,0,0,0,1,1,,1,0,0,,,,,0,,,,,,0,0,,0
"Product","/products/t204-22-04lb-90cmdaisy-luxury-curvy-torso-doll",1,1,0,0,0,0,1,,0,0,0,0,1,1,,1,1,1,0,0,0,0,1,,0,0,0,0,1,1,,1,0,0,,,,,0,,,,,,0,0,,0
"Product","/products/h034-sex-doll-head",1,1,0,0,0,0,1,,0,0,0,0,1,1,,1,1,1,0,0,0,0,1,,0,0,0,0,1,1,,1,0,0,,,,,0,,,,,,0,0,,0
"Product","/products/v22-silicone-foot-stroker-with-realistic-tunnel",1,1,0,0,0,0,1,,0,0,0,0,1,1,,1,1,1,0,0,0,0,1,,0,0,0,0,1,1,,1,0,0,,,,,0,,,,,,0,0,,0
,"/de/collections/mini-sex-doll-torso",1,1,0,0,0,0,1,,0,0,0,0,1,1,,1,1,1,0,0,0,0,1,,0,0,0,0,1,1,,1,0,0,,,,,0,,,,,,0,0,,0
"Product","/products/f9010-157cm-5ft1-29kg-b-cup-realistic-skinny-tpe-sex-doll-sy-doll",1,1,0,0,0,0,1,,0,0,0,0,1,1,,1,1,1,0,0,0,0,1,,0,0,0,0,1,1,,1,0,0,,,,,0,,,,,,0,0,,0
"Product","/products/f9140-175cm-5ft9-49kg-full-size-hair-transplant-ros-sex-with-silicone-male-sex-doll-qita-doll",1,1,0,0,0,0,1,,0,0,0,0,1,1,,1,1,1,0,0,0,0,1,,0,0,0,0,1,1,,1,0,0,,,,,0,,,,,,0,0,,0
"Product","/products/f4901-climax-doll-ultra-thick-ass-sex-dolls-usa-silicone-161cm-53kg",1,1,0,0,0,0,1,,0,0,0,0,1,1,,1,1,1,0,0,0,0,1,,0,0,0,0,1,1,,1,0,0,,,,,0,,,,,,0,0,,0
"Product","/products/h542-silicone-sex-doll-head-elsa-babe-head",1,1,0,0,0,0,1,,0,0,0,0,1,1,,1,1,1,0,0,0,0,1,,0,0,0,0,1,1,,1,0,0,,,,,0,,,,,,0,0,,0
,"/en-fi/blogs/dolls-info-qustions/silicone-vs-tpe-vajankle",1,1,0,0,0,0,1,,0,0,0,0,1,1,,1,1,1,0,0,0,0,1,,0,0,0,0,1,1,,1,0,0,,,,,0,,,,,,0,0,,0
,"/ja/collections/funwest-doll-factory-photos",1,1,0,0,0,0,1,,0,0,0,0,1,1,,1,1,1,0,0,0,0,1,,0,0,0,0,1,1,,1,0,0,,,,,0,,,,,,0,0,,0
,"/en-fi/collections/silicone-sex-doll-torso-love-torso-silicone-doll",1,1,0,0,0,0,1,,0,0,0,0,1,1,,1,1,1,0,0,0,0,1,,0,0,0,0,1,1,,1,0,0,,,,,0,,,,,,0,0,,0
"Blog Article","/blogs/dolls-info-qustions/how-does-sex-with-life-size-sex-dolls-compare-to-real-sex",1,1,0,0,0,0,1,,0,0,0,0,1,1,,1,1,1,0,0,0,0,1,,0,0,0,0,1,1,,1,0,0,,,,,0,,,,,,0,0,,0
"Product","/products/p128-4-4lb-realistic-pocket-pussy-with-thick-ass-silincone-sex-toy-top-fire",1,1,0,0,0,0,1,,0,0,0,0,1,1,,1,1,1,0,0,0,0,1,,0,0,0,0,1,1,,1,0,0,,,,,0,,,,,,0,0,,0
"Product","/products/f1660-158cm5f2-e-cup-blue-skin-special-makeup-tpe-sex-doll",1,1,0,0,0,0,1,,0,0,0,0,1,1,,1,1,1,0,0,0,0,1,,0,0,0,0,1,1,,1,0,0,,,,,0,,,,,,0,0,,0
"Product","/products/h621-ros-silicone-sex-doll-head-zelex-doll-head",1,1,0,0,0,0,1,,0,0,0,0,1,1,,1,1,1,0,0,0,0,1,,0,0,0,0,1,1,,1,0,0,,,,,0,,,,,,0,0,,0
,"/de/collections/big-boobs-japanese-sex-doll",1,1,0,0,0,0,1,,0,0,0,0,1,1,,1,1,1,0,0,0,0,1,,0,0,0,0,1,1,,1,0,0,,,,,0,,,,,,0,0,,0
"Collection","/collections/black-sex-doll-fit",1,1,0,0,0,0,5,,0,0,0,373,5,0,,0,1,1,0,0,0,0,5,,0,0,0,373,5,0,,0,0,0,,,,,0,,,,,0,0,,,
"Blog Article","/blogs/dolls-info-qustions/threesome-with-sex-doll",1,1,0,0,0,0,1,,0,0,0,0,1,1,,1,1,1,0,0,0,0,1,,0,0,0,0,1,1,,1,0,0,,,,,0,,,,,,0,0,,0
,"/de/collections/clothes-for-sex-dolls",1,1,0,0,0,0,1,,0,0,0,0,1,1,,1,1,1,0,0,0,0,1,,0,0,0,0,1,1,,1,0,0,,,,,0,,,,,,0,0,,0
,"/de/collections/20s-sex-doll",1,1,0,0,0,0,1,,0,0,0,0,1,1,,1,1,1,0,0,0,0,1,,0,0,0,0,1,1,,1,0,0,,,,,0,,,,,,0,0,,0
"Product","/products/f1670-159cm5f2-52kg-o-cup-chubby-silver-hair-realistic-tpe-sex-doll-aibei-doll",1,1,0,0,0,0,2,,0,0,0,24,2,0,,0,1,1,0,0,0,0,2,,0,0,0,24,2,0,,0,0,0,,,,,0,,,,,0,0,,,
"Product","/products/h708-ros-silicone-sex-doll-head-in-stock-usa-zelex-doll-head",1,1,0,0,0,0,1,,0,0,0,0,1,1,,1,1,1,0,0,0,0,1,,0,0,0,0,1,1,,1,0,0,,,,,0,,,,,,0,0,,0
"Product","/products/f2430a-158cm-5ft2-40kg-x-cup-bbs-lustina-weight-reduction-full-silicone-ssbbw-sex-doll-starpery-doll",1,1,0,0,0,0,1,,0,0,0,0,1,1,,1,1,1,0,0,0,0,1,,0,0,0,0,1,1,,1,0,0,,,,,0,,,,,,0,0,,0
,"/de/collections/big-ass-sex-doll-curvy-sex-doll",1,1,0,0,0,0,5,,0,0,0,263,5,0,,0,1,1,0,0,0,0,5,,0,0,0,263,5,0,,0,0,0,,,,,0,,,,,0,0,,,
"Product","/products/f1932k-irontech-164cm-f-cup-full-body-sexdoll-hybrid",1,1,1,0,0,0,12,,1,0,0,1736,12,0,,0,1,1,1,0,0,0,12,,1,0,0,1736,12,0,,0,0,0,0,,,,0,,0,,,0,0,,,
"Collection","/collections/fake-ass-500-999",1,1,0,0,0,0,6,,0,0,0,309,6,0,,0,1,1,0,0,0,0,6,,0,0,0,309,6,0,,0,0,0,,,,,0,,,,,0,0,,,
"Collection","/collections/european-sex-dolls",1,1,0,0,0,0,1,,0,0,0,0,1,1,,1,1,1,0,0,0,0,1,,0,0,0,0,1,1,,1,0,0,,,,,0,,,,,,0,0,,0
,"/ja/blogs/dolls-info-qustions/why-these-sex-dolls-became-global-best-sellers-the-secrets-revealed",1,1,0,0,0,0,1,,0,0,0,0,1,1,,1,1,1,0,0,0,0,1,,0,0,0,0,1,1,,1,0,0,,,,,0,,,,,,0,0,,0
,"/en-ca/products/climax-doll-lightweight-torso-80cm-t735",1,1,0,0,0,0,4,,0,0,0,142,4,0,,0,1,1,0,0,0,0,4,,0,0,0,142,4,0,,0,0,0,,,,,0,,,,,0,0,,,
,"/de/products/8031930024175",1,1,0,0,0,0,1,,0,0,0,0,1,1,,1,1,1,0,0,0,0,1,,0,0,0,0,1,1,,1,0,0,,,,,0,,,,,,0,0,,0
"Product","/products/f4344-163cm5ft3-34kg-c-cup-asian-tpe-sex-doll-wm-doll",1,1,0,0,0,0,4,,0,0,0,1075,4,0,,0,1,1,0,0,0,0,4,,0,0,0,1075,4,0,,0,0,0,,,,,0,,,,,0,0,,,
"Product","/products/f1224-160cm-i-cup-hedy-sex-doll-irontech-doll",1,1,0,0,0,0,1,,0,0,0,0,1,1,,1,1,1,0,0,0,0,1,,0,0,0,0,1,1,,1,0,0,,,,,0,,,,,,0,0,,0
"Product","/products/f4004a-161cm-5ft352-5kg-h-cup-best-fat-big-ass-breasts-life-size-bbw-silicone-super-fat-big-belly-sex-doll-in-stock-usa-starpery-doll",1,1,0,0,0,0,1,,0,0,0,0,1,1,,1,1,1,0,0,0,0,1,,0,0,0,0,1,1,,1,0,0,,,,,0,,,,,,0,0,,0
,"/en-ca/blogs/dolls-info-qustions/starpery-doll-2025-full-upgrade-three-major-innovations-enhancing-the-user-experience",1,1,0,0,0,0,1,,0,0,0,0,1,1,,1,1,1,0,0,0,0,1,,0,0,0,0,1,1,,1,0,0,,,,,0,,,,,,0,0,,0
"Collection","/collections/loli-sex-dolls",1,1,0,0,0,0,4,,0,0,0,98,4,0,,0,1,1,0,0,0,0,4,,0,0,0,98,4,0,,0,0,0,,,,,0,,,,,0,0,,,
"Collection","/collections/mini-torso",1,1,0,0,0,0,3,,0,0,0,172,3,0,,0,1,1,0,0,0,0,3,,0,0,0,172,3,0,,0,0,0,,,,,0,,,,,0,0,,,
,"/ja/blogs/dolls-info-qustions/the-history-of-male-sex-toys",1,1,0,0,0,0,1,,0,0,0,0,1,1,,1,1,1,0,0,0,0,1,,0,0,0,0,1,1,,1,0,0,,,,,0,,,,,,0,0,,0
"Product","/products/a351-7-7lb-silicone-deer-ass-furry-sex-doll-torso-mrl",1,1,0,0,0,0,1,,0,0,0,0,1,1,,1,1,1,0,0,0,0,1,,0,0,0,0,1,1,,1,0,0,,,,,0,,,,,,0,0,,0
,"/de/products/f1049-159cm-tpe-sex-doll-fun-west-doll",1,1,0,0,0,0,1,,0,0,0,0,1,1,,1,1,1,0,0,0,0,1,,0,0,0,0,1,1,,1,0,0,,,,,0,,,,,,0,0,,0
,"/ja/blogs/dolls-info-qustions/hentai-sex-dolls-vs-figures-which-fills-your-cravings",1,1,0,0,0,0,2,,0,0,0,7,2,0,,0,1,1,0,0,0,0,2,,0,0,0,7,2,0,,0,0,0,,,,,0,,,,,0,0,,,
,"/en-ca/products/h505-mini-anime-silicone-sex-doll-head-elsa-babe-head",1,1,0,0,0,0,1,,0,0,0,0,1,1,,1,1,1,0,0,0,0,1,,0,0,0,0,1,1,,1,0,0,,,,,0,,,,,,0,0,,0
"Product","/products/h566-silicone-sex-doll-head-elsa-babe-head",1,1,0,0,0,0,3,,0,0,0,50,3,0,,0,1,1,0,0,0,0,3,,0,0,0,50,3,0,,0,0,0,,,,,0,,,,,0,0,,,
"Product","/products/f3477-163cm5f3-52kg-e-cup-european-tpe-sex-doll-aibei-doll",1,1,0,0,0,0,2,,0,0,0,1051,2,0,,0,1,1,0,0,0,0,2,,0,0,0,1051,2,0,,0,0,0,,,,,0,,,,,0,0,,,
,"/en-ca/blogs/sex-doll-torso-blog/8-best-sex-doll-torsos-with-heads",1,1,0,0,0,0,2,,0,0,0,110,2,0,,0,1,1,0,0,0,0,2,,0,0,0,110,2,0,,0,0,0,,,,,0,,,,,0,0,,,
"Product","/products/582-sexdoll-legs",1,1,0,0,0,0,2,,0,0,0,188,2,0,,0,1,1,0,0,0,0,2,,0,0,0,188,2,0,,0,0,0,,,,,0,,,,,0,0,,,
,"/en-fi/collections/elsa-babe",1,1,0,0,0,0,1,,0,0,0,0,1,1,,1,1,1,0,0,0,0,1,,0,0,0,0,1,1,,1,0,0,,,,,0,,,,,,0,0,,0
,"/en-fi/collections/sex-doll-head",1,1,0,0,0,0,5,,0,0,0,74,5,0,,0,1,1,0,0,0,0,5,,0,0,0,74,5,0,,0,0,0,,,,,0,,,,,0,0,,,
"Product","/products/f1736-155cm-5ft1-f-cup-realistic-full-silicone-sex-doll-piper-doll",1,1,0,0,0,0,1,,0,0,0,0,1,1,,1,1,1,0,0,0,0,1,,0,0,0,0,1,1,,1,0,0,,,,,0,,,,,,0,0,,0
"Product","/products/f1373-158cm-i-cup-amanda-sex-doll-irontech-doll",1,1,0,0,0,0,5,,0,0,0,1764,5,0,,0,1,1,0,0,0,0,5,,0,0,0,1764,5,0,,0,0,0,,,,,0,,,,,0,0,,,
,"/en-fi/collections/medium-butt-sex-doll",1,1,0,0,0,0,3,,0,0,0,21,3,0,,0,1,1,0,0,0,0,3,,0,0,0,21,3,0,,0,0,0,,,,,0,,,,,0,0,,,
"Product","/products/t369-20-2lbs-55cm-medium-size-realistic-torso-sucking-sex-dolls-in-stock-eu",1,1,0,0,0,0,2,,0,0,0,7,2,0,,0,1,1,0,0,0,0,2,,0,0,0,7,2,0,,0,0,0,,,,,0,,,,,0,0,,,
"Product","/products/h218-ros-silicone-sex-doll-head%E4%B8%A8galatea-doll-head",1,1,0,0,0,0,1,,0,0,0,0,1,1,,1,1,1,0,0,0,0,1,,0,0,0,0,1,1,,1,0,0,,,,,0,,,,,,0,0,,0
,"/en-ca/collections/angel-kiss-doll-factory-photos",1,1,0,0,0,0,1,,0,0,0,0,1,1,,1,1,1,0,0,0,0,1,,0,0,0,0,1,1,,1,0,0,,,,,0,,,,,,0,0,,0
"Product","/products/8973058048239",1,1,0,0,0,0,1,,0,0,0,0,1,1,,1,1,1,0,0,0,0,1,,0,0,0,0,1,1,,1,0,0,,,,,0,,,,,,0,0,,0
,"/en-ca/products/p107-4kg-deep-throat-figures-silicone-anime-hentai-sex-toys-castle-doll",1,1,0,0,0,0,1,,0,0,0,0,1,1,,1,1,1,0,0,0,0,1,,0,0,0,0,1,1,,1,0,0,,,,,0,,,,,,0,0,,0
"Product","/products/f5934-155mcm5-1ft-38kg-2-2cf-e-cup-mini-ros-silicone-japanese-sex-doll-bezlya-doll",1,1,0,0,0,0,18,,0,0,0,941,18,0,,0,1,1,0,0,0,0,18,,0,0,0,941,18,0,,0,0,0,,,,,0,,,,,0,0,,,
,"/en-ca/products/f7582-159cm-5ft2-e-cup-silicone-sex-doll-mio-starpery-doll",1,1,0,0,0,0,1,,0,0,0,0,1,1,,1,1,1,0,0,0,0,1,,0,0,0,0,1,1,,1,0,0,,,,,0,,,,,,0,0,,0
"Product","/products/ge127-170cm5-6ft-36-2kg-d-cup-silicone-head-best-sex-dolls-for-men%E4%B8%A8zelex-doll",1,1,0,0,0,0,1,,0,0,0,0,1,1,,1,1,1,0,0,0,0,1,,0,0,0,0,1,1,,1,0,0,,,,,0,,,,,,0,0,,0
,"/en-fi/collections/sucking-vagina-ai-sex-doll",1,1,0,0,0,0,1,,0,0,0,0,1,1,,1,1,1,0,0,0,0,1,,0,0,0,0,1,1,,1,0,0,,,,,0,,,,,,0,0,,0
"Product","/products/f1999-156cm5-1ft-39-5kg-h-cup-asian-tpe-sex-doll%E4%B8%A8wm-doll",1,1,0,0,0,0,1,,0,0,0,0,1,1,,1,1,1,0,0,0,0,1,,0,0,0,0,1,1,,1,0,0,,,,,0,,,,,,0,0,,0
"Product","/products/f2537-ros-silicone-head-tpe-body-huge-breast-sex-doll",1,1,0,0,0,0,2,,0,0,0,1397,2,0,,0,1,1,0,0,0,0,2,,0,0,0,1397,2,0,,0,0,0,,,,,0,,,,,0,0,,,
"Collection","/collections/curvy-sex-dolls",1,1,0,1,0,0,25,0,0,1,0,2515,25,0,,0,1,1,0,1,0,0,25,0,0,1,0,2515,25,0,,0,0,0,,0,,,0,,,0,,0,0,,,
"Blog Article","/blogs/dolls-info-qustions/the-fun-of-bbw-sex-dolls",1,1,0,0,0,0,1,,0,0,0,0,1,1,,1,1,1,0,0,0,0,1,,0,0,0,0,1,1,,1,0,0,,,,,0,,,,,,0,0,,0
"Product","/products/f4473-163cm5-4ft-51kg-h-cup-bbw-big-booty-tpe-sex-doll%E4%B8%A8wm-doll",1,1,0,0,0,0,1,,0,0,0,0,1,1,,1,1,1,0,0,0,0,1,,0,0,0,0,1,1,,1,0,0,,,,,0,,,,,,0,0,,0
"Product","/products/f9378-161cm5ft3-41-5kg-h-cup-huge-breast-silicone-ssbbw-sex-doll-with-weight-reduction-4-0-starpery-doll",1,1,0,0,0,0,1,,0,0,0,0,1,1,,1,1,1,0,0,0,0,1,,0,0,0,0,1,1,,1,0,0,,,,,0,,,,,,0,0,,0
"Product","/products/f9002-160cm-glasses-black-hair-best-sex-robot-custom",1,1,0,0,0,0,1,,0,0,0,0,1,1,,1,1,1,0,0,0,0,1,,0,0,0,0,1,1,,1,0,0,,,,,0,,,,,,0,0,,0
,"/en-ca/products/f600-165cm-f-cup-lifesize-sex-doll-cst-doll",1,1,0,0,0,0,1,,0,0,0,0,1,1,,1,1,1,0,0,0,0,1,,0,0,0,0,1,1,,1,0,0,,,,,0,,,,,,0,0,,0
"Checkout","/60719464687/orders/64c41e64ab328e0a63d66b472ffec300",1,1,0,0,0,0,1,,0,0,0,0,1,1,,1,1,1,0,0,0,0,1,,0,0,0,0,1,1,,1,0,0,,,,,0,,,,,,0,0,,0
"Product","/products/h346-silicone-sex-doll-head-real-lady-doll",1,1,0,0,0,0,1,,0,0,0,0,1,1,,1,1,1,0,0,0,0,1,,0,0,0,0,1,1,,1,0,0,,,,,0,,,,,,0,0,,0
"Collection","/collections/zelex-doll-in-stock-usa",1,1,0,0,0,0,2,,0,0,0,27,2,0,,0,1,1,0,0,0,0,2,,0,0,0,27,2,0,,0,0,0,,,,,0,,,,,0,0,,,
"Product","/products/f4745-160cm-5ft3-41kg-j-cup-big-breast-silicone-bbw-sex-dollzelex-sle-2-0-in-stock-usa-canada-zelex-doll",1,1,0,0,0,0,1,,0,0,0,0,1,1,,1,1,1,0,0,0,0,1,,0,0,0,0,1,1,,1,0,0,,,,,0,,,,,,0,0,,0
"Product","/products/f5012-160cm-5ft3-d-cup-snowy-asian-silicone-sex-doll-jx-doll",1,1,0,0,0,0,8,,0,0,0,1575,8,0,,0,1,1,0,0,0,0,8,,0,0,0,1575,8,0,,0,0,0,,,,,0,,,,,0,0,,,
,"/de/collections/tpe-body-silicone-head",1,1,0,0,0,0,1,,0,0,0,0,1,1,,1,1,1,0,0,0,0,1,,0,0,0,0,1,1,,1,0,0,,,,,0,,,,,,0,0,,0
,"/en-ca/products/t448-17-42lb-silicone-mini-big-boobs-sex-doll-torso-lovenestle",1,1,0,0,0,0,1,,0,0,0,0,1,1,,1,1,1,0,0,0,0,1,,0,0,0,0,1,1,,1,0,0,,,,,0,,,,,,0,0,,0
"Product","/products/f5826-176cm-5ft3-41kg-e-cup-polly-silicone-realistic-sex-doll-top-cydoll",1,1,0,0,0,0,1,,0,0,0,0,1,1,,1,1,1,0,0,0,0,1,,0,0,0,0,1,1,,1,0,0,,,,,0,,,,,,0,0,,0
"Product","/products/h141-silicone-sex-doll-face-qita-doll-head",1,1,0,0,0,0,2,,0,0,0,30,2,0,,0,1,1,0,0,0,0,2,,0,0,0,30,2,0,,0,0,0,,,,,0,,,,,0,0,,,
"Product","/products/d052-11-02-black-male-torso-tpr-dildo-shemale-hentai-monster-tentacles-in-stock-xingse",1,1,0,0,0,0,1,,0,0,0,0,1,1,,1,1,1,0,0,0,0,1,,0,0,0,0,1,1,,1,0,0,,,,,0,,,,,,0,0,,0
,"/en-ca/products/f1378-158cm-i-cup-jane-sex-doll-irontech-doll",1,1,0,0,0,0,1,,0,0,0,0,1,1,,1,1,1,0,0,0,0,1,,0,0,0,0,1,1,,1,0,0,,,,,0,,,,,,0,0,,0
"Product","/products/f117-175cm5ft8-57kg-tpe-lifesize-sexy-femboy-doll-with-flat-chest-soft-buttocks-wm-doll",1,1,0,0,0,0,1,,0,0,0,0,1,1,,1,1,1,0,0,0,0,1,,0,0,0,0,1,1,,1,0,0,,,,,0,,,,,,0,0,,0
"Product","/products/f8076-168cm-5ft5-31-5kg-m13-japanese-silicone-sex-doll-md-doll",1,1,0,0,0,0,1,,0,0,0,0,1,1,,1,1,1,0,0,0,0,1,,0,0,0,0,1,1,,1,0,0,,,,,0,,,,,,0,0,,0
"Product","/products/f3648-150cm-4ft9-crystal-petty-c-cup-silicone-big-butt-pure-sexy-girl-sex-doll-cst-doll",1,1,0,0,0,0,1,,0,0,0,0,1,1,,1,1,1,0,0,0,0,1,,0,0,0,0,1,1,,1,0,0,,,,,0,,,,,,0,0,,0
"Collection","/collections/hr-doll",1,1,0,0,0,0,2,,0,0,0,2,2,0,,0,1,1,0,0,0,0,2,,0,0,0,2,2,0,,0,0,0,,,,,0,,,,,0,0,,,
"Checkout","/60719464687/orders/f0d39d8a3df2c8c891edef6ffd122b01",1,1,0,0,0,0,4,,0,0,0,797,4,0,,0,1,1,0,0,0,0,4,,0,0,0,797,4,0,,0,0,0,,,,,0,,,,,0,0,,,
"Product","/products/f8031-150cm-5ft-27-5kg-silicone-anime-hentai-sex-doll-elsa-babe",1,1,0,0,0,0,1,,0,0,0,0,1,1,,1,1,1,0,0,0,0,1,,0,0,0,0,1,1,,1,0,0,,,,,0,,,,,,0,0,,0
"Product","/products/f8134-150cm4ft9-33kg-f-cup-life-size-tpe-sex-doll-aibei-doll",1,1,0,0,0,0,1,,0,0,0,0,1,1,,1,1,1,0,0,0,0,1,,0,0,0,0,1,1,,1,0,0,,,,,0,,,,,,0,0,,0
"Product","/products/65cm-realistic-sex-doll-torso-with-perky-breasts-and-big-sexy-ass-509-sex-doll-torso",1,1,0,0,0,0,4,,0,0,0,3,4,0,,0,1,1,0,0,0,0,4,,0,0,0,3,4,0,,0,0,0,,,,,0,,,,,0,0,,,
"Blog Article","/blogs/dolls-info-qustions/5-best-sex-doll-torso",1,1,0,0,0,0,1,,0,0,0,0,1,1,,1,1,1,0,0,0,0,1,,0,0,0,0,1,1,,1,0,0,,,,,0,,,,,,0,0,,0
,"/en-ca/blogs/dolls-info-qustions/5-unexpected-reasons-you-must-try-shemale-sex-dolls-at-least-once",1,1,0,0,0,0,1,,0,0,0,0,1,1,,1,1,1,0,0,0,0,1,,0,0,0,0,1,1,,1,0,0,,,,,0,,,,,,0,0,,0
"Product","/products/f3882-167cm-5ft5-47kg-ultra-realistic-porn-star-femboy-sex-doll-premium-build-hr-doll",1,1,0,0,0,0,3,,0,0,0,250,3,0,,0,1,1,0,0,0,0,3,,0,0,0,250,3,0,,0,0,0,,,,,0,,,,,0,0,,,
,"/en-ca/products/f9342-elsa-babe-cute-hentai-life-size-sex-doll-silicone-head-150cm-27-5kg",1,1,0,0,0,0,1,,0,0,0,0,1,1,,1,1,1,0,0,0,0,1,,0,0,0,0,1,1,,1,0,0,,,,,0,,,,,,0,0,,0
,"/en-ca/collections/fantasy-sex-dolls",1,1,0,0,0,0,1,,0,0,0,0,1,1,,1,1,1,0,0,0,0,1,,0,0,0,0,1,1,,1,0,0,,,,,0,,,,,,0,0,,0
"Product","/products/f6126-171cm-5ft6-55kg-c-cup-realistic-silicone-head-tpe-body-sex-doll-sy-doll",1,1,0,0,0,0,2,,0,0,0,3,2,0,,0,1,1,0,0,0,0,2,,0,0,0,3,2,0,,0,0,0,,,,,0,,,,,0,0,,,
"Blog Article","/blogs/dolls-info-qustions/hentai-sex-doll-1v1-real-test-on-the-cleaning-resistance-of-ultra-durable-makeup-vs-regular-makeup",1,1,0,0,0,0,1,,0,0,0,0,1,1,,1,1,1,0,0,0,0,1,,0,0,0,0,1,1,,1,0,0,,,,,0,,,,,,0,0,,0
,"/de/collections/big-ass-sex-dolls",1,1,0,0,0,0,2,,0,0,0,14,2,0,,0,1,1,0,0,0,0,2,,0,0,0,14,2,0,,0,0,0,,,,,0,,,,,0,0,,,
"Product","/products/f112-165cm-37kg-edward-golden-hair-tpe-fantasy-prince-femboy-twink-sex-doll-qita-doll",1,1,0,0,0,0,5,,0,0,0,201,5,0,,0,1,1,0,0,0,0,5,,0,0,0,201,5,0,,0,0,0,,,,,0,,,,,0,0,,,
"Product","/products/f9007-164cm5-4ft-36kg-d-cup-silicone-movable-jaw-head-japanese-sex-doll%E4%B8%A8rosretty-doll",1,1,0,0,0,0,5,,0,0,0,1762,5,0,,0,1,1,0,0,0,0,5,,0,0,0,1762,5,0,,0,0,0,,,,,0,,,,,0,0,,,
"Product","/products/f3078-166cm-k-cup-silicone-head-movable-jaw-sle-body-real-sex-doll-zelex-doll",1,1,0,0,0,0,1,,0,0,0,0,1,1,,1,1,1,0,0,0,0,1,,0,0,0,0,1,1,,1,0,0,,,,,0,,,,,,0,0,,0
,"/en-ca/products/f8235-168cm5-5ft-34kg-b-cup-silicone-full-size-sex-doll-azm-doll",1,1,0,0,0,0,3,,0,0,0,104,3,0,,0,1,1,0,0,0,0,3,,0,0,0,104,3,0,,0,0,0,,,,,0,,,,,0,0,,,
"Product","/products/h11-real-lady-doll-ros-max-customizable-silicone-sex-doll-head",1,1,0,0,0,0,1,,0,0,0,0,1,1,,1,1,1,0,0,0,0,1,,0,0,0,0,1,1,,1,0,0,,,,,0,,,,,,0,0,,0
"Product","/products/f542k-171cm-thin-sex-doll-a-cup-small-tits-japanese-flat-chest-silicone-sex-doll-in-stock-us-starpery-doll",1,1,0,0,0,0,1,,0,0,0,0,1,1,,1,1,1,0,0,0,0,1,,0,0,0,0,1,1,,1,0,0,,,,,0,,,,,,0,0,,0
"Product","/products/f1428-158cm5f2-31-25kg-c-cup-small-breast-tpe-sex-doll-aibei-doll",1,1,0,0,0,0,1,,0,0,0,0,1,1,,1,1,1,0,0,0,0,1,,0,0,0,0,1,1,,1,0,0,,,,,0,,,,,,0,0,,0
"Product","/products/f8146-165cm-5ft4-34-7kg-silicone-anime-sex-doll-elsa-babe",1,1,0,0,0,0,1,,0,0,0,0,1,1,,1,1,1,0,0,0,0,1,,0,0,0,0,1,1,,1,0,0,,,,,0,,,,,,0,0,,0
"Blog Article","/blogs/dolls-info-qustions/how-to-stop-dark-clothes-from-ruining-your-sex-doll-s-skin",1,1,0,0,0,0,1,,0,0,0,0,1,1,,1,1,1,0,0,0,0,1,,0,0,0,0,1,1,,1,0,0,,,,,0,,,,,,0,0,,0
,"/en-ca/collections/foot-pocket-pussy",1,1,0,0,0,0,1,,0,0,0,0,1,1,,1,1,1,0,0,0,0,1,,0,0,0,0,1,1,,1,0,0,,,,,0,,,,,,0,0,,0
"Product","/products/f4986-163cm5ft3-51kg-h-cup-silicone-head-sex-doll-wm-doll",1,1,0,0,0,0,6,,0,0,0,1118,6,0,,0,1,1,0,0,0,0,6,,0,0,0,1118,6,0,,0,0,0,,,,,0,,,,,0,0,,,
"Blog Article","/blogs/dolls-info-qustions/the-fusion-of-anime-culture-and-reality-from-figures-to-furry-sex-dolls",1,1,0,0,0,0,1,,0,0,0,0,1,1,,1,1,1,0,0,0,0,1,,0,0,0,0,1,1,,1,0,0,,,,,0,,,,,,0,0,,0
"Product","/products/f1955k-157cm-g-cup-policewoman-tpe-sex-doll-fun-west-doll",1,1,0,0,0,0,1,,0,0,0,0,1,1,,1,1,1,0,0,0,0,1,,0,0,0,0,1,1,,1,0,0,,,,,0,,,,,,0,0,,0
"Product","/products/f6339-168cm-35kg-f-cup-celebrity-sex-doll",1,1,0,0,0,0,2,,0,0,0,45,2,0,,0,1,1,0,0,0,0,2,,0,0,0,45,2,0,,0,0,0,,,,,0,,,,,0,0,,,
,"/en-ca/products/f5805-176cm-5ft3-41kg-e-cup-silicone-realistic-ros-head-sex-doll-top-cydoll",1,1,0,0,0,0,2,,0,0,0,5,2,0,,0,1,1,0,0,0,0,2,,0,0,0,5,2,0,,0,0,0,,,,,0,,,,,0,0,,,
,"/en-fi/blogs/dolls-info-qustions/can-ai-sex-dolls-replace-real-women",1,1,0,0,0,0,1,,0,0,0,0,1,1,,1,1,1,0,0,0,0,1,,0,0,0,0,1,1,,1,0,0,,,,,0,,,,,,0,0,,0
"Collection","/collections/you-qu-in-stock-europe-2026",1,1,0,0,0,0,1,,0,0,0,0,1,1,,1,1,1,0,0,0,0,1,,0,0,0,0,1,1,,1,0,0,,,,,0,,,,,,0,0,,0
"Product","/products/f703-157cm5-2ft-42kg-g-cup-ros-realistic-skin-texture-silicone-sex-doll-fun-west-doll",1,1,0,0,0,0,17,,0,0,0,425,17,0,,0,1,1,0,0,0,0,17,,0,0,0,425,17,0,,0,0,0,,,,,0,,,,,0,0,,,
,"/en-ca/blogs/dolls-info-qustions/whether-sex-dolls-can-be-rented",1,1,0,0,0,0,1,,0,0,0,0,1,1,,1,1,1,0,0,0,0,1,,0,0,0,0,1,1,,1,0,0,,,,,0,,,,,,0,0,,0
"Blog Article","/blogs/dolls-info-qustions/recommended-electric-torso-dolls",1,1,0,0,0,0,1,,0,0,0,0,1,1,,1,1,1,0,0,0,0,1,,0,0,0,0,1,1,,1,0,0,,,,,0,,,,,,0,0,,0
"Product","/products/f9310-t165cm5-4ft-33kg-c-cup-silicone-realistic-life-size-sex-dolls-se-doll",1,1,0,0,0,0,1,,0,0,0,0,1,1,,1,1,1,0,0,0,0,1,,0,0,0,0,1,1,,1,0,0,,,,,0,,,,,,0,0,,0
,"/en-ca/collections/lusandy-doll-factory-photos",1,1,0,0,0,0,1,,0,0,0,0,1,1,,1,1,1,0,0,0,0,1,,0,0,0,0,1,1,,1,0,0,,,,,0,,,,,,0,0,,0
,"/en-fi/products/t316-sex-torso-realistic-female-sex-torso-sineem",1,1,0,0,0,0,1,,0,0,0,0,1,1,,1,1,1,0,0,0,0,1,,0,0,0,0,1,1,,1,0,0,,,,,0,,,,,,0,0,,0
,"/en-ca/collections/bbw-milf-sex-doll",1,1,0,0,0,0,36,,0,0,0,2213,36,0,,0,1,1,0,0,0,0,36,,0,0,0,2213,36,0,,0,0,0,,,,,0,,,,,0,0,,,
,"/de/collections/in-stock-usa-1",1,1,0,0,0,0,5,,0,0,0,210,5,0,,0,1,1,0,0,0,0,5,,0,0,0,210,5,0,,0,0,0,,,,,0,,,,,0,0,,,
"Collection","/collections/japanese-cosplay-sex-doll",1,1,0,0,0,0,5,,0,0,0,112,5,0,,0,1,1,0,0,0,0,5,,0,0,0,112,5,0,,0,0,0,,,,,0,,,,,0,0,,,
"Blog Article","/blogs/dolls-info-qustions/sex-toys-vs-sex-doll-torso-which-one-should-you-choose-this-article-will-help-you-decide",1,1,0,0,0,0,1,,0,0,0,0,1,1,,1,1,1,0,0,0,0,1,,0,0,0,0,1,1,,1,0,0,,,,,0,,,,,,0,0,,0
,"/ja/collections/best-sell-doll",1,1,0,0,0,0,1,,0,0,0,0,1,1,,1,1,1,0,0,0,0,1,,0,0,0,0,1,1,,1,0,0,,,,,0,,,,,,0,0,,0
"Product","/products/f4929-166cm-sexbot-vine-talk-ai-silicone-head-wm-doll",1,1,0,0,0,0,6,,0,0,0,292,6,0,,0,1,1,0,0,0,0,6,,0,0,0,292,6,0,,0,0,0,,,,,0,,,,,0,0,,,
,"/ja/products/9071272165615",1,1,0,0,0,0,1,,0,0,0,0,1,1,,1,1,1,0,0,0,0,1,,0,0,0,0,1,1,,1,0,0,,,,,0,,,,,,0,0,,0
"Blog Article","/blogs/dolls-info-qustions/anal-pleasure-with-big-booty-sex-doll",1,1,0,0,0,0,1,,0,0,0,0,1,1,,1,1,1,0,0,0,0,1,,0,0,0,0,1,1,,1,0,0,,,,,0,,,,,,0,0,,0
"Product","/products/f5863-161cm-5ft3-30kg-e-cup-european-silicone-sex-doll-il-doll",1,1,0,0,0,0,4,,0,0,0,788,4,0,,0,1,1,0,0,0,0,4,,0,0,0,788,4,0,,0,0,0,,,,,0,,,,,0,0,,,
,"/ja/collections/1000-1599-cheap-sex-doll",1,1,0,0,0,0,1,,0,0,0,0,1,1,,1,1,1,0,0,0,0,1,,0,0,0,0,1,1,,1,0,0,,,,,0,,,,,,0,0,,0
,"/ja/blogs/dolls-info-qustions/the-best-usage-of-shemale-sex-dolls",1,1,0,0,0,0,1,,0,0,0,0,1,1,,1,1,1,0,0,0,0,1,,0,0,0,0,1,1,,1,0,0,,,,,0,,,,,,0,0,,0
"Blog Article","/blogs/dolls-info-qustions/how-to-hide-your-full-size-sex-doll",1,1,0,0,0,0,1,,0,0,0,0,1,1,,1,1,1,0,0,0,0,1,,0,0,0,0,1,1,,1,0,0,,,,,0,,,,,,0,0,,0
,"/de/blogs/dolls-info-qustions/is-it-good-for-men-to-use-dildos",1,1,0,0,0,0,1,,0,0,0,0,1,1,,1,1,1,0,0,0,0,1,,0,0,0,0,1,1,,1,0,0,,,,,0,,,,,,0,0,,0
,"/en-ca/collections/b-cup-sex-dolls",1,1,0,0,0,0,1,,0,0,0,0,1,1,,1,1,1,0,0,0,0,1,,0,0,0,0,1,1,,1,0,0,,,,,0,,,,,,0,0,,0
,"/ja/products/9039537209583",1,1,0,0,0,0,1,,0,0,0,0,1,1,,1,1,1,0,0,0,0,1,,0,0,0,0,1,1,,1,0,0,,,,,0,,,,,,0,0,,0
,"/ja/collections/blonde-sex-dolls",1,1,0,0,0,0,1,,0,0,0,0,1,1,,1,1,1,0,0,0,0,1,,0,0,0,0,1,1,,1,0,0,,,,,0,,,,,,0,0,,0
"Blog Article","/blogs/complete-sex-doll-guide-for-beginners/dress-help-to-stand-out-fat-sex-doll-curve",1,1,0,0,0,0,1,,0,0,0,0,1,1,,1,1,1,0,0,0,0,1,,0,0,0,0,1,1,,1,0,0,,,,,0,,,,,,0,0,,0
,"/en-fi/blogs/sex-doll-torso-blog/recognize-these-4-points-better-understand-the-sex-torsos",1,1,0,0,0,0,1,,0,0,0,0,1,1,,1,1,1,0,0,0,0,1,,0,0,0,0,1,1,,1,0,0,,,,,0,,,,,,0,0,,0
"Product","/products/f5561-150cm4ft9-33kg-f-cup-life-size-silicone-head-sex-doll-aibei-doll",1,1,0,0,0,0,1,,0,0,0,0,1,1,,1,1,1,0,0,0,0,1,,0,0,0,0,1,1,,1,0,0,,,,,0,,,,,,0,0,,0
"Custom Page","/pages/irontech-ai",1,1,0,0,0,0,4,,0,0,0,477,4,0,,0,1,1,0,0,0,0,4,,0,0,0,477,4,0,,0,0,0,,,,,0,,,,,0,0,,,
,"/en-ca/products/7529078685935",1,1,0,0,0,0,1,,0,0,0,0,1,1,,1,1,1,0,0,0,0,1,,0,0,0,0,1,1,,1,0,0,,,,,0,,,,,,0,0,,0
"Product","/products/h080-sex-doll-head-1",1,1,0,0,0,0,1,,0,0,0,0,1,1,,1,1,1,0,0,0,0,1,,0,0,0,0,1,1,,1,0,0,,,,,0,,,,,,0,0,,0
,"/de/products/9066033381615",1,1,0,0,0,0,1,,0,0,0,0,1,1,,1,1,1,0,0,0,0,1,,0,0,0,0,1,1,,1,0,0,,,,,0,,,,,,0,0,,0
,"/en-ca/products/9193630564591",1,1,0,0,0,0,1,,0,0,0,0,1,1,,1,1,1,0,0,0,0,1,,0,0,0,0,1,1,,1,0,0,,,,,0,,,,,,0,0,,0
,"/en-fi/products/8973548093679",1,1,0,0,0,0,1,,0,0,0,0,1,1,,1,1,1,0,0,0,0,1,,0,0,0,0,1,1,,1,0,0,,,,,0,,,,,,0,0,,0
"Product","/products/top-fire-doll-165cm-silicone-full-sex-dolls-f8574",1,1,0,0,0,0,2,,0,0,0,65,2,0,,0,1,1,0,0,0,0,2,,0,0,0,65,2,0,,0,0,0,,,,,0,,,,,0,0,,,
"Product","/products/f5690-185cm-6ft1-45kg-finn-7-09in-dildo-realistic-femboy-sex-doll-with-soft-silicone-body-lifelike-design-jiusheng-doll",1,1,0,0,0,0,1,,0,0,0,0,1,1,,1,1,1,0,0,0,0,1,,0,0,0,0,1,1,,1,0,0,,,,,0,,,,,,0,0,,0
,"/ja/blogs/dolls-info-qustions/from-mannequin-to-companion-how-real-life-sex-dolls-conquered-western-users-through-realism",1,1,0,0,0,0,1,,0,0,0,0,1,1,,1,1,1,0,0,0,0,1,,0,0,0,0,1,1,,1,0,0,,,,,0,,,,,,0,0,,0
"Blog Article","/blogs/dolls-info-qustions/what-to-think-about-before-buying-a-torso-dildo",1,1,0,0,0,0,8,,0,0,0,738,8,0,,0,1,1,0,0,0,0,8,,0,0,0,738,8,0,,0,0,0,,,,,0,,,,,0,0,,,
"Collection","/collections/top-cydoll-videos",1,1,0,0,0,0,1,,0,0,0,0,1,1,,1,1,1,0,0,0,0,1,,0,0,0,0,1,1,,1,0,0,,,,,0,,,,,,0,0,,0
"Blog Article","/blogs/dolls-info-qustions/the-best-usage-of-shemale-sex-dolls",1,1,0,0,0,0,1,,0,0,0,0,1,1,,1,1,1,0,0,0,0,1,,0,0,0,0,1,1,,1,0,0,,,,,0,,,,,,0,0,,0
,"/en-ca/collections/top-cydoll",1,1,0,0,0,0,1,,0,0,0,0,1,1,,1,1,1,0,0,0,0,1,,0,0,0,0,1,1,,1,0,0,,,,,0,,,,,,0,0,,0
"Product","/products/f7005-159cm5ft2-45-5kg-g-cup-silicone-ros-best-latina-sex-doll%E4%B8%A8lusandy-doll",1,1,0,0,0,0,1,,0,0,0,0,1,1,,1,1,1,0,0,0,0,1,,0,0,0,0,1,1,,1,0,0,,,,,0,,,,,,0,0,,0
"Blog Article","/blogs/dolls-info-qustions/5-things-to-know-before-trying-the-stand-and-carry-sexual-position",1,1,0,0,0,0,1,,0,0,0,0,1,1,,1,1,1,0,0,0,0,1,,0,0,0,0,1,1,,1,0,0,,,,,0,,,,,,0,0,,0
"Product","/products/f2195-157cm5-2ft-g-cup-tpe-japanese-sun-kissed-beauty-young-sex-doll-amy-fun-west-doll",1,1,0,0,0,0,45,,0,0,0,855,45,0,,0,1,1,0,0,0,0,45,,0,0,0,855,45,0,,0,0,0,,,,,0,,,,,0,0,,,
"Product","/products/t347-24-46lb-huge-breast-shemale-bbw-sex-doll-torso-mrl",1,1,0,0,0,0,1,,0,0,0,0,1,1,,1,1,1,0,0,0,0,1,,0,0,0,0,1,1,,1,0,0,,,,,0,,,,,,0,0,,0
"Checkout","/checkouts/cn/hWNCM6uSUC1gJbZvDUt6HcQb/en",1,1,0,1,0,0,1,0,0,1,0,0,1,0,,0,1,1,0,1,0,0,1,0,0,1,0,0,1,0,,0,0,0,,0,,,0,,,0,,,0,,,
"Collection","/collections/legs",1,1,0,0,0,0,2,,0,0,0,6,2,0,,0,1,1,0,0,0,0,2,,0,0,0,6,2,0,,0,0,0,,,,,0,,,,,0,0,,,
,"/en-fi/collections/big-ass-sex-doll-cheap",1,1,0,0,0,0,1,,0,0,0,0,1,1,,1,1,1,0,0,0,0,1,,0,0,0,0,1,1,,1,0,0,,,,,0,,,,,,0,0,,0
"Product","/products/f9174-168cm-5ft5-elise-36-2kg-c-cup-silicone-naked-realistic-sex-doll-jiusheng-doll",1,1,0,0,0,0,1,,0,0,0,0,1,1,,1,1,1,0,0,0,0,1,,0,0,0,0,1,1,,1,0,0,,,,,0,,,,,,0,0,,0
"Collection","/collections/ros-2-robot-features",1,1,0,0,0,0,1,,0,0,0,0,1,1,,1,1,1,0,0,0,0,1,,0,0,0,0,1,1,,1,0,0,,,,,0,,,,,,0,0,,0
,"/en-ca/products/t464-19-8lbs-neko-catwoman-futanari-toys-tpe-mini-anime-doll-mrl",1,1,0,0,0,0,1,,0,0,0,0,1,1,,1,1,1,0,0,0,0,1,,0,0,0,0,1,1,,1,0,0,,,,,0,,,,,,0,0,,0
"Product","/products/f3420-158cm5f2-28kg-a-cup-flat-chest-tpe-sex-doll-aibei-doll",1,1,0,0,0,0,1,,0,0,0,0,1,1,,1,1,1,0,0,0,0,1,,0,0,0,0,1,1,,1,0,0,,,,,0,,,,,,0,0,,0
,"/de/blogs/featured-blog/why-choose-the-irontech-silicone-sex-dolls",1,1,0,0,0,0,1,,0,0,0,0,1,1,,1,1,1,0,0,0,0,1,,0,0,0,0,1,1,,1,0,0,,,,,0,,,,,,0,0,,0
"Collection","/collections/cheap-silicone-sex-dolls",1,1,0,0,0,0,3,,0,0,0,103,3,0,,0,1,1,0,0,0,0,3,,0,0,0,103,3,0,,0,0,0,,,,,0,,,,,0,0,,,
"Product","/products/t730-110cm3-6ft-27kg-e-cup-silicone-real-skin-textured-torso-sex-doll-with-head-in-stock-usa-top-cydoll",1,1,0,0,0,0,2,,0,0,0,1287,2,0,,0,1,1,0,0,0,0,2,,0,0,0,1287,2,0,,0,0,0,,,,,0,,,,,0,0,,,
,"/de/blogs/sex-doll-option-videos/video-11-electric-hip-and-waist",1,1,0,0,0,0,1,,0,0,0,0,1,1,,1,1,1,0,0,0,0,1,,0,0,0,0,1,1,,1,0,0,,,,,0,,,,,,0,0,,0
"Blog Article","/blogs/dolls-info-qustions/japanese-girls-become-the-most-popular-women",1,1,0,0,0,0,1,,0,0,0,0,1,1,,1,1,1,0,0,0,0,1,,0,0,0,0,1,1,,1,0,0,,,,,0,,,,,,0,0,,0
"Product","/products/519-20-28lb-curvy-lightweight-55cm-sex-doll-torso",1,1,0,0,0,0,1,,0,0,0,0,1,1,,1,1,1,0,0,0,0,1,,0,0,0,0,1,1,,1,0,0,,,,,0,,,,,,0,0,,0
"Blog Article","/blogs/real-sex-doll-reviews-pros-cons-real-usage-tests/7-top-brands-of-silicone-sex-dolls-jelly-breast-experience-which-is-the-softest-and-most-realistic",1,1,0,0,0,0,1,,0,0,0,0,1,1,,1,1,1,0,0,0,0,1,,0,0,0,0,1,1,,1,0,0,,,,,0,,,,,,0,0,,0
,"/en-ca/products/f8188-167cm-5ft5-43kg-m40-d-cup-black-silicone-sex-doll-md-doll",1,1,0,0,0,0,1,,0,0,0,0,1,1,,1,1,1,0,0,0,0,1,,0,0,0,0,1,1,,1,0,0,,,,,0,,,,,,0,0,,0
,"/en-ca/blogs/complete-sex-doll-guide-for-beginners/the-ultimate-2026-tpe-sex-dolls-cleaning-longevity-guide",1,1,0,0,0,0,1,,0,0,0,0,1,1,,1,1,1,0,0,0,0,1,,0,0,0,0,1,1,,1,0,0,,,,,0,,,,,,0,0,,0
"Product","/products/f5688-180cm-5ft11-35kg-gavin-7-09in-dildo-japanese-femboy-sex-doll-premium-silicone-with-dual-pleasure-designl-jiusheng-doll",1,1,0,0,0,0,11,,0,0,0,931,11,0,,0,1,1,0,0,0,0,11,,0,0,0,931,11,0,,0,0,0,,,,,0,,,,,0,0,,,
,"/de/blogs/dolls-info-qustions/wm-doll-the-artistic-benchmark-of-high-end-realistic-dolls",1,1,0,0,0,0,1,,0,0,0,0,1,1,,1,1,1,0,0,0,0,1,,0,0,0,0,1,1,,1,0,0,,,,,0,,,,,,0,0,,0
,"/ja/blogs/full-sex-doll-blog/zero-to-hero-guide-how-first-timers-should-choose-full-body-sex-dolls",1,1,0,0,0,0,1,,0,0,0,0,1,1,,1,1,1,0,0,0,0,1,,0,0,0,0,1,1,,1,0,0,,,,,0,,,,,,0,0,,0
,"/...",1,1,0,0,0,0,1,,0,0,0,0,1,1,,1,1,1,0,0,0,0,1,,0,0,0,0,1,1,,1,0,0,,,,,0,,,,,,0,0,,0
"Product","/products/f1992-150cm4-9ft-42-5kg-m-cup-fantasy-tpe-sex-doll%E4%B8%A8wm-doll",1,1,0,0,0,0,1,,0,0,0,0,1,1,,1,1,1,0,0,0,0,1,,0,0,0,0,1,1,,1,0,0,,,,,0,,,,,,0,0,,0
"Product","/products/t637-36-4lb-mark-pro-realistic-removable-silicone-dildo-for-tpe-male-sex-doll%E4%B8%A8tantaly",1,1,0,0,0,0,1,,0,0,0,0,1,1,,1,1,1,0,0,0,0,1,,0,0,0,0,1,1,,1,0,0,,,,,0,,,,,,0,0,,0
"Collection","/collections/30s-sex-doll",1,1,0,0,0,0,1,,0,0,0,0,1,1,,1,1,1,0,0,0,0,1,,0,0,0,0,1,1,,1,0,0,,,,,0,,,,,,0,0,,0
,"/en-ca/collections/male-torso",1,1,0,0,0,0,2,,0,0,0,13,2,0,,0,1,1,0,0,0,0,2,,0,0,0,13,2,0,,0,0,0,,,,,0,,,,,0,0,,,
"Checkout","/orders/7091244630255",1,1,0,0,0,0,1,,0,0,0,0,1,1,,1,1,1,0,0,0,0,1,,0,0,0,0,1,1,,1,0,0,,,,,0,,,,,,0,0,,0
,"/en-fi/blogs/real-sex-doll-reviews-pros-cons-real-usage-tests",1,1,0,0,0,0,1,,0,0,0,0,1,1,,1,1,1,0,0,0,0,1,,0,0,0,0,1,1,,1,0,0,,,,,0,,,,,,0,0,,0
,"/de/products/f1260-165cm-g-cup-dark-big-boobs-doll-irontech-doll",1,1,0,0,0,0,1,,0,0,0,0,1,1,,1,1,1,0,0,0,0,1,,0,0,0,0,1,1,,1,0,0,,,,,0,,,,,,0,0,,0
"Product","/products/f607-150cm-d-cup-tpe-sex-doll-jiusheng-doll",1,1,0,0,0,0,1,,0,0,0,0,1,1,,1,1,1,0,0,0,0,1,,0,0,0,0,1,1,,1,0,0,,,,,0,,,,,,0,0,,0
"Product","/products/h776-sex-doll-head-silicone-tan-girl-irontech-doll-head",1,1,0,0,0,0,8,,0,0,0,351,8,0,,0,1,1,0,0,0,0,8,,0,0,0,351,8,0,,0,0,0,,,,,0,,,,,0,0,,,
"Product","/products/f173-156cm-tpe-sex-doll",1,1,0,0,0,0,4,,0,0,0,203,4,0,,0,1,1,0,0,0,0,4,,0,0,0,203,4,0,,0,0,0,,,,,0,,,,,0,0,,,
,"/en-fi/blogs/dolls-info-qustions/the-history-of-male-sex-toys",1,1,0,0,0,0,1,,0,0,0,0,1,1,,1,1,1,0,0,0,0,1,,0,0,0,0,1,1,,1,0,0,,,,,0,,,,,,0,0,,0
"Product","/products/f4495-162cm5-3ft-47kg-d-cup-anime-silicone-head-sex-doll%E4%B8%A86ye",1,1,0,0,0,0,1,,0,0,0,0,1,1,,1,1,1,0,0,0,0,1,,0,0,0,0,1,1,,1,0,0,,,,,0,,,,,,0,0,,0
,"/en-ca/blogs/dolls-info-qustions/how-to-play-with-a-big-booty-sex-doll-these-positions-will-blow-your-mind",1,1,0,0,0,0,1,,0,0,0,0,1,1,,1,1,1,0,0,0,0,1,,0,0,0,0,1,1,,1,0,0,,,,,0,,,,,,0,0,,0
"Blog Article","/blogs/dolls-info-qustions/7-best-mini-torso-sex-dolls-for-beginners",1,1,0,0,0,0,1,,0,0,0,0,1,1,,1,1,1,0,0,0,0,1,,0,0,0,0,1,1,,1,0,0,,,,,0,,,,,,0,0,,0
"Product","/products/f4788-155mcm5-1ft-38kg-2-2cf-e-cup-mini-ros-silicone-asian-chinese-adult-sex-doll-bezlya-doll",1,1,0,0,0,0,1,,0,0,0,0,1,1,,1,1,1,0,0,0,0,1,,0,0,0,0,1,1,,1,0,0,,,,,0,,,,,,0,0,,0
"Product","/products/f4390-166cm5-5ft-33kg-c-cup-asian-tpe-sex-doll%E4%B8%A8wm-doll",1,1,0,0,0,0,6,,0,0,0,1015,6,0,,0,1,1,0,0,0,0,6,,0,0,0,1015,6,0,,0,0,0,,,,,0,,,,,0,0,,,
"Collection","/collections/natural-huge-breast-sex-doll",1,1,0,0,0,0,1,,0,0,0,0,1,1,,1,1,1,0,0,0,0,1,,0,0,0,0,1,1,,1,0,0,,,,,0,,,,,,0,0,,0
"Product","/products/f1728-150cm-4ft9-akira-c-cup-full-silicone-sex-doll-piper-doll",1,1,0,0,0,0,3,,0,0,0,34,3,0,,0,1,1,0,0,0,0,3,,0,0,0,34,3,0,,0,0,0,,,,,0,,,,,0,0,,,
"Product","/products/f8144-150cm4-9ft-27-6kg-f-cup-ros-max-r8-black-silicone-sex-doll-real-lady",1,1,0,0,0,0,1,,0,0,0,0,1,1,,1,1,1,0,0,0,0,1,,0,0,0,0,1,1,,1,0,0,,,,,0,,,,,,0,0,,0
"Blog Article","/blogs/dolls-info-qustions/which-black-sex-doll-is-the-best-these-brands-and-styles-are-worth-buying",1,1,0,0,0,0,1,,0,0,0,0,1,1,,1,1,1,0,0,0,0,1,,0,0,0,0,1,1,,1,0,0,,,,,0,,,,,,0,0,,0
"Product","/products/f8211-168cm-5ft5-36-5kg-e-cup-m44-life-size-sex-doll-md-doll",1,1,0,0,0,0,1,,0,0,0,0,1,1,,1,1,1,0,0,0,0,1,,0,0,0,0,1,1,,1,0,0,,,,,0,,,,,,0,0,,0
"Product","/products/h706-ros-silicone-sex-doll-head-in-stock-usa-zelex-doll-head",1,1,0,1,1,1,27,1,0,1,1,1814,27,0,,0,1,1,0,1,1,1,27,1,0,1,1,1814,27,0,,0,0,0,,0,0,0,0,0,,0,0,0,0,,,
"Product","/products/f2430k-158cm-weight-reduction-full-silicone-us-starpery-doll",1,1,0,0,0,0,1,,0,0,0,0,1,1,,1,1,1,0,0,0,0,1,,0,0,0,0,1,1,,1,0,0,,,,,0,,,,,,0,0,,0
"Product","/products/f4776-163cm5-4ft-34kg-2-2-d-cup-asian-real-silicone-ros-real-chinese-sex-doll-bezlya-doll",1,1,0,0,0,0,1,,0,0,0,0,1,1,,1,1,1,0,0,0,0,1,,0,0,0,0,1,1,,1,0,0,,,,,0,,,,,,0,0,,0
"Product","/products/h532-tpe-oral-sex-doll-head-with-tonge%E4%B8%A8funwest-doll-head",1,1,0,0,0,0,1,,0,0,0,0,1,1,,1,1,1,0,0,0,0,1,,0,0,0,0,1,1,,1,0,0,,,,,0,,,,,,0,0,,0
,"/en-ca/collections/climax-doll-videos",1,1,0,0,0,0,1,,0,0,0,0,1,1,,1,1,1,0,0,0,0,1,,0,0,0,0,1,1,,1,0,0,,,,,0,,,,,,0,0,,0
"Product","/products/f306-160cm5ft2-34kg-a-cup-realistic-small-tits-tpe-love-doll-wm-doll",1,1,0,0,0,0,1,,0,0,0,0,1,1,,1,1,1,0,0,0,0,1,,0,0,0,0,1,1,,1,0,0,,,,,0,,,,,,0,0,,0
"Product","/products/t681-61lbbig-boots-sex-doll-torso",1,1,0,0,0,0,1,,0,0,0,0,1,1,,1,1,1,0,0,0,0,1,,0,0,0,0,1,1,,1,0,0,,,,,0,,,,,,0,0,,0
,"/ja/blogs/dolls-info-qustions/how-to-hide-your-full-size-sex-doll",1,1,0,0,0,0,1,,0,0,0,0,1,1,,1,1,1,0,0,0,0,1,,0,0,0,0,1,1,,1,0,0,,,,,0,,,,,,0,0,,0
,"/de/collections/real-lady",1,1,0,0,0,0,1,,0,0,0,0,1,1,,1,1,1,0,0,0,0,1,,0,0,0,0,1,1,,1,0,0,,,,,0,,,,,,0,0,,0
"Product","/products/t319-silicone-life-size-sextorso-no-head-climax-doll",1,1,0,0,0,0,3,,0,0,0,44,3,0,,0,1,1,0,0,0,0,3,,0,0,0,44,3,0,,0,0,0,,,,,0,,,,,0,0,,,
"Product","/products/l48141-4lb-83cm-sexy-big-ass-tpe-sex-doll-leg-model-climax-doll",1,1,0,0,0,0,1,,0,0,0,0,1,1,,1,1,1,0,0,0,0,1,,0,0,0,0,1,1,,1,0,0,,,,,0,,,,,,0,0,,0
"Product","/products/h021-sex-doll-head",1,1,0,0,0,0,1,,0,0,0,0,1,1,,1,1,1,0,0,0,0,1,,0,0,0,0,1,1,,1,0,0,,,,,0,,,,,,0,0,,0
"Collection","/collections/human-size-torso-sex-doll",1,1,0,0,0,0,1,,0,0,0,0,1,1,,1,1,1,0,0,0,0,1,,0,0,0,0,1,1,,1,0,0,,,,,0,,,,,,0,0,,0
"Product","/products/f7118-155cm5-12ft-34-5kg-2-1-i-cup-ink-moon-sorceress-silicone-asian-exotic-mini-sex-doll-for-men-bezlya-doll",1,1,0,0,0,0,7,,0,0,0,1328,7,0,,0,1,1,0,0,0,0,7,,0,0,0,1328,7,0,,0,0,0,,,,,0,,,,,0,0,,,
,"/en-ca/products/9388784353519",1,1,0,0,0,0,1,,0,0,0,0,1,1,,1,1,1,0,0,0,0,1,,0,0,0,0,1,1,,1,0,0,,,,,0,,,,,,0,0,,0
"Product","/products/f2233-150cm-4ft9-a-cup-ultra-realistic-mini-tpe-sex-doll-petite-body-with-lifelike-features-sy-doll",1,1,0,0,0,0,3,,0,0,0,26,3,0,,0,1,1,0,0,0,0,3,,0,0,0,26,3,0,,0,0,0,,,,,0,,,,,0,0,,,
"Product","/products/f1069-157cm-tpe-sex-doll-fun-west-doll",1,1,0,0,0,0,1,,0,0,0,0,1,1,,1,1,1,0,0,0,0,1,,0,0,0,0,1,1,,1,0,0,,,,,0,,,,,,0,0,,0
,"/en-ca/collections/big-ass-sex-doll-torso",1,1,0,0,0,0,2,,0,0,0,7,2,0,,0,1,1,0,0,0,0,2,,0,0,0,7,2,0,,0,0,0,,,,,0,,,,,0,0,,,
"Collection","/collections/tpe-body-silicone-head",1,1,0,0,0,0,1,,0,0,0,0,1,1,,1,1,1,0,0,0,0,1,,0,0,0,0,1,1,,1,0,0,,,,,0,,,,,,0,0,,0
,"/en-ca/products/f3532-166cm5-5ft-33kg-c-cup-asian-tpe-sex-doll%E4%B8%A8wm-doll",1,1,0,0,0,0,1,,0,0,0,0,1,1,,1,1,1,0,0,0,0,1,,0,0,0,0,1,1,,1,0,0,,,,,0,,,,,,0,0,,0
"Product","/products/f5456-166cm5-5ft-33kg-ss194-c-cup-life-size-silicone-head-s-tpe-sex-doll%E4%B8%A8wm-doll",1,1,0,0,0,0,1,,0,0,0,0,1,1,,1,1,1,0,0,0,0,1,,0,0,0,0,1,1,,1,0,0,,,,,0,,,,,,0,0,,0
"Product","/products/l35-48lb-106cm-sex-doll-legs-skinny-and-passion-tpe-legs-torso-sigafun",1,1,0,0,0,0,1,,0,0,0,0,1,1,,1,1,1,0,0,0,0,1,,0,0,0,0,1,1,,1,0,0,,,,,0,,,,,,0,0,,0
,"/en-ca/collections/accessories",1,1,0,0,0,0,1,,0,0,0,0,1,1,,1,1,1,0,0,0,0,1,,0,0,0,0,1,1,,1,0,0,,,,,0,,,,,,0,0,,0
"Checkout","/60719464687/orders/083c44df658b55f9a5b29d4506f2c75b",1,1,0,0,0,0,1,,0,0,0,0,1,1,,1,1,1,0,0,0,0,1,,0,0,0,0,1,1,,1,0,0,,,,,0,,,,,,0,0,,0
,"/en-ca/products/f7064-170cm-5ft7-37kg-b-cup-elf-fantasy-tpe-dragon-furry-sex-doll-castle-doll",1,1,0,0,0,0,1,,0,0,0,0,1,1,,1,1,1,0,0,0,0,1,,0,0,0,0,1,1,,1,0,0,,,,,0,,,,,,0,0,,0
"Blog Article","/blogs/dolls-info-qustions/best-3-dressing-ways-to-show-off-your-big-boobs-sex-doll",1,1,0,0,0,0,1,,0,0,0,0,1,1,,1,1,1,0,0,0,0,1,,0,0,0,0,1,1,,1,0,0,,,,,0,,,,,,0,0,,0
"Product","/products/h982-sex-doll-head-lovely-student-irontech-doll-head",1,1,0,0,0,0,4,,0,0,0,63,4,0,,0,1,1,0,0,0,0,4,,0,0,0,63,4,0,,0,0,0,,,,,0,,,,,0,0,,,
,"/en-fi/blogs/dolls-info-qustions/exploring-the-world-of-sexual-fantasies-how-to-use-a-sex-doll-torso-to-fulfill-sexual-fantasies",1,1,0,0,0,0,1,,0,0,0,0,1,1,,1,1,1,0,0,0,0,1,,0,0,0,0,1,1,,1,0,0,,,,,0,,,,,,0,0,,0
"Collection","/collections/silver-fox-male-sex-doll",1,1,0,0,0,0,2,,0,0,0,11,2,0,,0,1,1,0,0,0,0,2,,0,0,0,11,2,0,,0,0,0,,,,,0,,,,,0,0,,,
,"/en-ca/products/f5616-161cm5ft3-35kg-regina-k-f-cup-tpe-buy-robot-celebrity-sex-dolls-se-doll",1,1,0,0,0,0,1,,0,0,0,0,1,1,,1,1,1,0,0,0,0,1,,0,0,0,0,1,1,,1,0,0,,,,,0,,,,,,0,0,,0
,"/en-ca/blogs/dolls-info-qustions/bringing-fantasies-to-life-the-ultimate-sex-doll-roleplay-experience",1,1,0,0,0,0,1,,0,0,0,0,1,1,,1,1,1,0,0,0,0,1,,0,0,0,0,1,1,,1,0,0,,,,,0,,,,,,0,0,,0
,"/ja/blogs/dolls-info-qustions/huge-breasts-sex-doll-what-really-sets-the-three-breast-structures-apart",1,1,0,0,0,0,1,,0,0,0,0,1,1,,1,1,1,0,0,0,0,1,,0,0,0,0,1,1,,1,0,0,,,,,0,,,,,,0,0,,0
,"/en-ca/products/f2418-152cm-5ft-c-cup-m36-silicone-head-mini-sex-doll-sy-doll",1,1,0,0,0,0,1,,0,0,0,0,1,1,,1,1,1,0,0,0,0,1,,0,0,0,0,1,1,,1,0,0,,,,,0,,,,,,0,0,,0
"Product","/products/t292-70-55-lbs-chloe-ros-life-size-silicone-sex-doll-torso-with-head-in-stock-usa-europe-max-series",1,1,0,0,0,0,2,,0,0,0,92,2,0,,0,1,1,0,0,0,0,2,,0,0,0,92,2,0,,0,0,0,,,,,0,,,,,0,0,,,
,"/en-ca/products/f2137-174cm5-7ft-45kg-g-cup-milf-tpe-sex-doll%E4%B8%A8wm-doll",1,1,0,0,0,0,4,,0,0,0,121,4,0,,0,1,1,0,0,0,0,4,,0,0,0,121,4,0,,0,0,0,,,,,0,,,,,0,0,,,
"Blog Article","/blogs/featured-blog/exploring-the-unique-appeal-and-features-of-torso-sex-dolls",1,1,0,0,0,0,1,,0,0,0,0,1,1,,1,1,1,0,0,0,0,1,,0,0,0,0,1,1,,1,0,0,,,,,0,,,,,,0,0,,0
"Product","/products/8919204298991",1,1,0,0,0,0,1,,0,0,0,0,1,1,,1,1,1,0,0,0,0,1,,0,0,0,0,1,1,,1,0,0,,,,,0,,,,,,0,0,,0
"Product","/products/f1222-160cm-i-cup-celine-sex-doll-irontech-doll",1,1,0,0,0,0,8,,0,0,0,686,8,0,,0,1,1,0,0,0,0,8,,0,0,0,686,8,0,,0,0,0,,,,,0,,,,,0,0,,,
,"/en-fi/products/8917363884271",1,1,0,0,0,0,1,,0,0,0,0,1,1,,1,1,1,0,0,0,0,1,,0,0,0,0,1,1,,1,0,0,,,,,0,,,,,,0,0,,0
"Custom Page","/pages/wish-list",1,1,0,0,0,0,2,,0,0,0,5,2,0,,0,1,1,0,0,0,0,2,,0,0,0,5,2,0,,0,0,0,,,,,0,,,,,0,0,,,
"Blog Article","/blogs/dolls-info-qustions/the-best-types-of-big-ass-torso-sex-dolls-designed-for-doggy-style",1,1,0,0,0,0,1,,0,0,0,0,1,1,,1,1,1,0,0,0,0,1,,0,0,0,0,1,1,,1,0,0,,,,,0,,,,,,0,0,,0
"Product","/products/f4768-155rcm5-1ft-37kg-2-0-a-cup-robot-silicone-head-adult-asian-chinese-sex-doll-bezlya-doll",1,1,0,0,0,0,2,,0,0,0,17,2,0,,0,1,1,0,0,0,0,2,,0,0,0,17,2,0,,0,0,0,,,,,0,,,,,0,0,,,
,"/de/blogs/real-sex-doll-reviews-pros-cons-real-usage-tests/the-ultimate-in-in-depth-experience-sharing-of-sy-doll-163cm-big-bottomed-plus-size",1,1,0,0,0,0,1,,0,0,0,0,1,1,,1,1,1,0,0,0,0,1,,0,0,0,0,1,1,,1,0,0,,,,,0,,,,,,0,0,,0
,"/en-fi/blogs/dolls-info-qustions/discover-the-secrets-of-the-vagina",1,1,0,0,0,0,1,,0,0,0,0,1,1,,1,1,1,0,0,0,0,1,,0,0,0,0,1,1,,1,0,0,,,,,0,,,,,,0,0,,0
"Product","/products/f2377-176cm-5ft9-40kg-silicone-kung-fu-hero-lifelike-male-sex-doll-irontech-doll",1,1,0,0,0,0,12,,0,0,0,1694,12,0,,0,1,1,0,0,0,0,12,,0,0,0,1694,12,0,,0,0,0,,,,,0,,,,,0,0,,,
"Product","/products/t336-117cm-3ft9-22kg-f-cup-natural-zoe-ellis-a-silicone-realistic-sex-doll-torso-se-doll",1,1,0,0,0,0,1,,0,0,0,0,1,1,,1,1,1,0,0,0,0,1,,0,0,0,0,1,1,,1,0,0,,,,,0,,,,,,0,0,,0
"Blog Article","/blogs/real-sex-doll-reviews-pros-cons-real-usage-tests/the-ultimate-in-in-depth-experience-sharing-of-sy-doll-163cm-big-bottomed-plus-size",1,1,0,0,0,0,4,,0,0,0,540,4,0,,0,1,1,0,0,0,0,4,,0,0,0,540,4,0,,0,0,0,,,,,0,,,,,0,0,,,
"Product","/products/t770-arcana-doll-realistic-silicone-life-size-sex-doll-torso-with-head-j-cup-59-5-lbs",1,1,0,0,0,0,1,,0,0,0,0,1,1,,1,1,1,0,0,0,0,1,,0,0,0,0,1,1,,1,0,0,,,,,0,,,,,,0,0,,0
"Blog Article","/blogs/dolls-info-qustions/how-to-pick-a-fake-pussy-and-sex-doll-torso",1,1,0,0,0,0,1,,0,0,0,0,1,1,,1,1,1,0,0,0,0,1,,0,0,0,0,1,1,,1,0,0,,,,,0,,,,,,0,0,,0
"Collection","/collections/jiuai-factory-photos",1,1,0,0,0,0,1,,0,0,0,0,1,1,,1,1,1,0,0,0,0,1,,0,0,0,0,1,1,,1,0,0,,,,,0,,,,,,0,0,,0
,"/de/collections/japanese-anime-sex-doll",1,1,0,0,0,0,1,,0,0,0,0,1,1,,1,1,1,0,0,0,0,1,,0,0,0,0,1,1,,1,0,0,,,,,0,,,,,,0,0,,0
"Product","/products/h618-ros-silicone-sex-doll-head-zelex-doll-head",1,1,0,0,0,0,1,,0,0,0,0,1,1,,1,1,1,0,0,0,0,1,,0,0,0,0,1,1,,1,0,0,,,,,0,,,,,,0,0,,0
"Product","/products/f3390-151cm-5ft30kg-c-cup-tpe-sexy-mature-whole-body-europe-girl-sex-doll-yl-doll",1,1,0,0,0,0,6,,0,0,0,19,6,0,,0,1,1,0,0,0,0,6,,0,0,0,19,6,0,,0,0,0,,,,,0,,,,,0,0,,,
,"/de/blogs/dolls-info-qustions/big-ass-sex-doll-or-small-ass-sex-doll",1,1,0,0,0,0,2,,0,0,0,59,2,0,,0,1,1,0,0,0,0,2,,0,0,0,59,2,0,,0,0,0,,,,,0,,,,,0,0,,,
"Product","/products/h678-silicone-anime-sex-doll-head-irokebijin-doll",1,1,0,0,0,0,2,,0,0,0,51,2,0,,0,1,1,0,0,0,0,2,,0,0,0,51,2,0,,0,0,0,,,,,0,,,,,0,0,,,
,"/en-ca/products/f6135-160cm-5ft2-36kg-c-cup-tpe-silicone-head-sex-doll-sy-doll",1,1,0,0,0,0,1,,0,0,0,0,1,1,,1,1,1,0,0,0,0,1,,0,0,0,0,1,1,,1,0,0,,,,,0,,,,,,0,0,,0
"Product","/products/f7029-170cm-6ft6-37kg-b-cup-tpe-sexual-european-sex-doll-in-stock-usa-castle-doll",1,1,0,0,0,0,1,,0,0,0,0,1,1,,1,1,1,0,0,0,0,1,,0,0,0,0,1,1,,1,0,0,,,,,0,,,,,,0,0,,0
,"/de/blogs/dolls-info-qustions/exploring-the-best-personal-time-spaces",1,1,0,0,0,0,1,,0,0,0,0,1,1,,1,1,1,0,0,0,0,1,,0,0,0,0,1,1,,1,0,0,,,,,0,,,,,,0,0,,0
"Product","/products/t677-66lb-sola-sex-doll-torso-with-round-thigh-silicone-head-torso",1,1,0,0,0,0,2,,0,0,0,906,2,0,,0,1,1,0,0,0,0,2,,0,0,0,906,2,0,,0,0,0,,,,,0,,,,,0,0,,,
"Blog Article","/blogs/dolls-info-qustions/breast-types-for-sex-doll-torso",1,1,0,0,0,0,1,,0,0,0,0,1,1,,1,1,1,0,0,0,0,1,,0,0,0,0,1,1,,1,0,0,,,,,0,,,,,,0,0,,0
,"/de/products/t204-22-04lb-90cmdaisy-luxury-curvy-torso-doll",1,1,0,0,0,0,2,,0,0,0,395,2,0,,0,1,1,0,0,0,0,2,,0,0,0,395,2,0,,0,0,0,,,,,0,,,,,0,0,,,
"Product","/products/h121-sex-doll-head",1,1,0,0,0,0,1,,0,0,0,0,1,1,,1,1,1,0,0,0,0,1,,0,0,0,0,1,1,,1,0,0,,,,,0,,,,,,0,0,,0
"Product","/products/h375-ros-silicone-sex-doll-head%E4%B8%A8galatate-doll-head",1,1,0,0,0,0,1,,0,0,0,0,1,1,,1,1,1,0,0,0,0,1,,0,0,0,0,1,1,,1,0,0,,,,,0,,,,,,0,0,,0
"Product","/products/f4710a-150cm4ft9-45kg-j-cup-lightweight-large-breast-tpe-fat-bbw-big-booty-sex-doll-doll-castle",1,1,0,0,0,0,1,,0,0,0,0,1,1,,1,1,1,0,0,0,0,1,,0,0,0,0,1,1,,1,0,0,,,,,0,,,,,,0,0,,0
"Blog Article","/blogs/dolls-info-qustions/the-history-of-sex-doll-brothels",1,1,0,0,0,0,1,,0,0,0,0,1,1,,1,1,1,0,0,0,0,1,,0,0,0,0,1,1,,1,0,0,,,,,0,,,,,,0,0,,0
,"/en-ca/products/f7608-152cm-5ft-38kg-c-cup-movable-jaw-head-tpe-sex-doll-sy-doll",1,1,0,0,0,0,2,,0,0,0,40,2,0,,0,1,1,0,0,0,0,2,,0,0,0,40,2,0,,0,0,0,,,,,0,,,,,0,0,,,
"Product","/products/f4038-150cm-k-cup-huge-breast-tpe-sex-doll-castle-doll",1,1,0,0,0,0,1,,0,0,0,0,1,1,,1,1,1,0,0,0,0,1,,0,0,0,0,1,1,,1,0,0,,,,,0,,,,,,0,0,,0
,"/en-fi/products/8977584324847",1,1,0,0,0,0,1,,0,0,0,0,1,1,,1,1,1,0,0,0,0,1,,0,0,0,0,1,1,,1,0,0,,,,,0,,,,,,0,0,,0
,"/en-ca/blogs/dolls-info-qustions/how-to-integrate-sex-toys-and-torso-sex-dolls-into-foreplay",1,1,0,0,0,0,1,,0,0,0,0,1,1,,1,1,1,0,0,0,0,1,,0,0,0,0,1,1,,1,0,0,,,,,0,,,,,,0,0,,0
,"/en-ca/products/f5599-150cm-5ft-26kg-m1-flat-chest-life-size-silicone-sex-doll-md-doll",1,1,0,0,0,0,1,,0,0,0,0,1,1,,1,1,1,0,0,0,0,1,,0,0,0,0,1,1,,1,0,0,,,,,0,,,,,,0,0,,0
"Collection","/collections/starpery-doll-factory-photos",1,1,0,0,0,0,17,,0,0,0,547,17,0,,0,1,1,0,0,0,0,17,,0,0,0,547,17,0,,0,0,0,,,,,0,,,,,0,0,,,
"Collection","/collections/big-boobs-japanese-sex-doll",1,1,0,0,0,0,4,,0,0,0,217,4,0,,0,1,1,0,0,0,0,4,,0,0,0,217,4,0,,0,0,0,,,,,0,,,,,0,0,,,
"Product","/products/f5577-150cm4ft9-33kg-f-cup-life-size-tpe-sex-doll-aibei-doll",1,1,0,0,0,0,5,,0,0,0,63,5,0,,0,1,1,0,0,0,0,5,,0,0,0,63,5,0,,0,0,0,,,,,0,,,,,0,0,,,
"Product","/products/f2539-150cm4-9ft-27-6kg-f-cup-ros-max-r11-alara-best-silicone-sex-doll-real-lady",1,1,0,0,0,0,1,,0,0,0,0,1,1,,1,1,1,0,0,0,0,1,,0,0,0,0,1,1,,1,0,0,,,,,0,,,,,,0,0,,0
"Collection","/collections/il-doll",1,1,0,0,0,0,6,,0,0,0,2681,6,0,,0,1,1,0,0,0,0,6,,0,0,0,2681,6,0,,0,0,0,,,,,0,,,,,0,0,,,
,"/en-ca/blogs/dolls-info-qustions/decision-fatigue-the-ultimate-2025-guide-to-choosing-the-best-sex-doll-brand",1,1,0,0,0,0,9,,0,0,0,1298,9,0,,0,1,1,0,0,0,0,9,,0,0,0,1298,9,0,,0,0,0,,,,,0,,,,,0,0,,,
,"/en-fi/products/8764082094319",1,1,0,0,0,0,1,,0,0,0,0,1,1,,1,1,1,0,0,0,0,1,,0,0,0,0,1,1,,1,0,0,,,,,0,,,,,,0,0,,0
,"/en-ca/products/f3594-160cm5-2ft-34kg-a-cup-asian-tpe-sex-doll%E4%B8%A8wm-doll",1,1,0,0,0,0,17,,0,0,0,1231,17,0,,0,1,1,0,0,0,0,17,,0,0,0,1231,17,0,,0,0,0,,,,,0,,,,,0,0,,,
,"/en-ca/blogs/dolls-info-qustions/sex-doll-robots",1,1,0,0,0,0,1,,0,0,0,0,1,1,,1,1,1,0,0,0,0,1,,0,0,0,0,1,1,,1,0,0,,,,,0,,,,,,0,0,,0
,"/en-fi/blogs/dolls-info-qustions/how-a-most-realistic-male-sex-doll-is-manufactured",1,1,0,0,0,0,3,,0,0,0,44,3,0,,0,1,1,0,0,0,0,3,,0,0,0,44,3,0,,0,0,0,,,,,0,,,,,0,0,,,
"Product","/products/f7607-150cm-4ft9-26kg-c-cup-movable-jaw-head-tpe-sex-doll-sy-doll",1,1,0,0,0,0,17,,0,0,0,621,17,0,,0,1,1,0,0,0,0,17,,0,0,0,621,17,0,,0,0,0,,,,,0,,,,,0,0,,,
,"/de/collections/dolls-castle-sex-dolls-fullsize",1,1,0,0,0,0,1,,0,0,0,0,1,1,,1,1,1,0,0,0,0,1,,0,0,0,0,1,1,,1,0,0,,,,,0,,,,,,0,0,,0
"Product","/products/f2325-155cm5-1ft-34kg-f-cup-rose-tpe-small-sex-doll-fun-west-doll",1,1,0,0,0,0,1,,0,0,0,0,1,1,,1,1,1,0,0,0,0,1,,0,0,0,0,1,1,,1,0,0,,,,,0,,,,,,0,0,,0
"Product","/products/h635-ros-silicone-sex-doll-head-zelex-doll-head",1,1,0,0,0,0,1,,0,0,0,0,1,1,,1,1,1,0,0,0,0,1,,0,0,0,0,1,1,,1,0,0,,,,,0,,,,,,0,0,,0
,"/en-ca/products/537-sex-doll",1,1,0,0,0,0,1,,0,0,0,0,1,1,,1,1,1,0,0,0,0,1,,0,0,0,0,1,1,,1,0,0,,,,,0,,,,,,0,0,,0
,"/en-fi/products/8896420643055",1,1,0,0,0,0,1,,0,0,0,0,1,1,,1,1,1,0,0,0,0,1,,0,0,0,0,1,1,,1,0,0,,,,,0,,,,,,0,0,,0
,"/de/collections/new-arrivals",1,1,0,0,0,0,2,,0,0,0,6,2,0,,0,1,1,0,0,0,0,2,,0,0,0,6,2,0,,0,0,0,,,,,0,,,,,0,0,,,
"Product","/products/f1229-160cm-i-cup-zara-sex-doll-irontech-doll",1,1,0,0,0,0,2,,0,0,0,11,2,0,,0,1,1,0,0,0,0,2,,0,0,0,11,2,0,,0,0,0,,,,,0,,,,,0,0,,,
"Product","/products/h667-silicone-sex-doll-head%E4%B8%A8irontech-doll-head",1,1,0,0,0,0,1,,0,0,0,0,1,1,,1,1,1,0,0,0,0,1,,0,0,0,0,1,1,,1,0,0,,,,,0,,,,,,0,0,,0
"Product","/products/f2522-159cm5-2ft-37kg-a-cup-lyra-realistic-silicone-sex-doll-fun-west-doll",1,1,0,0,0,0,1,,0,0,0,0,1,1,,1,1,1,0,0,0,0,1,,0,0,0,0,1,1,,1,0,0,,,,,0,,,,,,0,0,,0
,"/ja/collections/bezlya-videos",1,1,0,0,0,0,7,,0,0,0,596,7,0,,0,1,1,0,0,0,0,7,,0,0,0,596,7,0,,0,0,0,,,,,0,,,,,0,0,,,
"Product","/products/t973-107cm-3ft2-elise-25kg-c-cup-silicone-realistic-sex-doll-torso-with-head-jiusheng-doll",1,1,0,0,0,0,1,,0,0,0,0,1,1,,1,1,1,0,0,0,0,1,,0,0,0,0,1,1,,1,0,0,,,,,0,,,,,,0,0,,0
,"/en-ca/products/f7586-174cm-5ft7-33-5kg-d-cup-silicone-celebrity-sexdoll-keisha-starpery-doll",1,1,0,0,0,0,1,,0,0,0,0,1,1,,1,1,1,0,0,0,0,1,,0,0,0,0,1,1,,1,0,0,,,,,0,,,,,,0,0,,0
"Product","/products/linkdolls-f892-160cm5ft2-suzumi-c-cup-silicone-asian-woman-cute-japanese-big-ass-love-doll-se-doll",1,1,0,0,0,0,1,,0,0,0,0,1,1,,1,1,1,0,0,0,0,1,,0,0,0,0,1,1,,1,0,0,,,,,0,,,,,,0,0,,0
"Product","/products/t290-72-10-lbs-doris-ros-life-size-silicone-sex-doll-torso-with-head-in-stock-usa-europe-max-series",1,1,0,0,0,0,5,,0,0,0,309,5,0,,0,1,1,0,0,0,0,5,,0,0,0,309,5,0,,0,0,0,,,,,0,,,,,0,0,,,
"Product","/products/f3206-164cm-f-cup-s30-big-boobs-doll-irontech-doll",1,1,0,0,0,0,31,,0,0,0,3437,31,0,,0,1,1,0,0,0,0,31,,0,0,0,3437,31,0,,0,0,0,,,,,0,,,,,0,0,,,
,"/en-ca/products/f6123-150cm-4ft9-29kg-a-cup-flat-chested-silicone-sex-doll-sy-doll",1,1,0,0,0,0,1,,0,0,0,0,1,1,,1,1,1,0,0,0,0,1,,0,0,0,0,1,1,,1,0,0,,,,,0,,,,,,0,0,,0
"Product","/products/h009-sex-doll-head",1,1,0,0,0,0,12,,0,0,0,485,12,0,,0,1,1,0,0,0,0,12,,0,0,0,485,12,0,,0,0,0,,,,,0,,,,,0,0,,,
"Blog Article","/blogs/dolls-info-qustions/ultimate-guide-to-sex-doll-wig-care-tips-for-keeping-it-smooth-and-shiny",1,1,0,0,0,0,2,,0,0,0,13,2,0,,0,1,1,0,0,0,0,2,,0,0,0,13,2,0,,0,0,0,,,,,0,,,,,0,0,,,
"Blog Article","/blogs/dolls-info-qustions/is-using-sex-dolls-in-a-relationship-considered-cheating",1,1,0,0,0,0,1,,0,0,0,0,1,1,,1,1,1,0,0,0,0,1,,0,0,0,0,1,1,,1,0,0,,,,,0,,,,,,0,0,,0
"Product","/products/f2277-168cm-d-cup-daisy-silicone-sex-doll-normon-doll",1,1,0,0,0,0,1,,0,0,0,0,1,1,,1,1,1,0,0,0,0,1,,0,0,0,0,1,1,,1,0,0,,,,,0,,,,,,0,0,,0
"Product","/products/f9284-178cm-5ft10-63kg-p-cup-ros-silicone-pawg-sex-doll-doll-castle",1,1,0,0,0,0,2,,0,0,0,4,2,0,,0,1,1,0,0,0,0,2,,0,0,0,4,2,0,,0,0,0,,,,,0,,,,,0,0,,,
"Product","/products/l46951-8lb-116cm-tpe-big-booty-masturbator-torso-toys-long-legs-qita-doll",1,1,0,0,0,0,1,,0,0,0,0,1,1,,1,1,1,0,0,0,0,1,,0,0,0,0,1,1,,1,0,0,,,,,0,,,,,,0,0,,0
,"/en-fi/products/f1363-157cm-h-cup-hellen-tanned-sex-doll-irontech-doll",1,1,0,0,0,0,1,,0,0,0,0,1,1,,1,1,1,0,0,0,0,1,,0,0,0,0,1,1,,1,0,0,,,,,0,,,,,,0,0,,0
"Product","/products/f3409-150cm4ft9-26-25kg-b-cup-small-breast-tpe-sex-doll-aibei-doll",1,1,0,0,0,0,56,,0,0,0,5417,56,0,,0,1,1,0,0,0,0,56,,0,0,0,5417,56,0,,0,0,0,,,,,0,,,,,0,0,,,
"Product","/products/h530-tpe-oral-sex-doll-head-with-tonge%E4%B8%A8funwest-doll-head",1,1,0,0,0,0,1,,0,0,0,0,1,1,,1,1,1,0,0,0,0,1,,0,0,0,0,1,1,,1,0,0,,,,,0,,,,,,0,0,,0
"Blog Article","/blogs/dolls-info-qustions/choosing-the-perfect-wig-for-a-30-year-old-sex-doll",1,1,0,0,0,0,1,,0,0,0,0,1,1,,1,1,1,0,0,0,0,1,,0,0,0,0,1,1,,1,0,0,,,,,0,,,,,,0,0,,0
"Collection","/collections/black-sex-dolls%20",1,1,0,0,0,0,1,,0,0,0,0,1,1,,1,1,1,0,0,0,0,1,,0,0,0,0,1,1,,1,0,0,,,,,0,,,,,,0,0,,0
,"/en-fi/products/9223177306351",1,1,0,0,0,0,1,,0,0,0,0,1,1,,1,1,1,0,0,0,0,1,,0,0,0,0,1,1,,1,0,0,,,,,0,,,,,,0,0,,0
,"/de/collections/sexy-celebrity-sexy-doll",1,1,0,0,0,0,1,,0,0,0,1,1,1,,1,1,1,0,0,0,0,1,,0,0,0,1,1,1,,1,0,0,,,,,0,,,,,0,0,0,,0
,"/en-ca/collections/pornstar-sex-doll",1,1,0,0,0,0,1,,0,0,0,0,1,1,,1,1,1,0,0,0,0,1,,0,0,0,0,1,1,,1,0,0,,,,,0,,,,,,0,0,,0
"Product","/products/t667-20-3lbs-luxury-super-realistic-silicone-torso-sex-doll",1,1,0,0,0,0,2,,0,0,0,21,2,0,,0,1,1,0,0,0,0,2,,0,0,0,21,2,0,,0,0,0,,,,,0,,,,,0,0,,,
"Product","/products/f5221-verna-158cm5ft2-h-cup-black-straight-hair-asian-tpe-sex-doll-jx-galaxy",1,1,0,0,0,0,1,,0,0,0,0,1,1,,1,1,1,0,0,0,0,1,,0,0,0,0,1,1,,1,0,0,,,,,0,,,,,,0,0,,0
,"/de/collections/life-size-ass",1,1,0,0,0,0,1,,0,0,0,0,1,1,,1,1,1,0,0,0,0,1,,0,0,0,0,1,1,,1,0,0,,,,,0,,,,,,0,0,,0
,"/en-fi/products/f7107-168cm-5ft5-40kg-g-cup-silicon-sexual-european-sex-doll-castle-doll",1,1,0,0,0,0,1,,0,0,0,0,1,1,,1,1,1,0,0,0,0,1,,0,0,0,0,1,1,,1,0,0,,,,,0,,,,,,0,0,,0
,"/en-ca/products/f5425-elsa-babe-hentai-anime-waifu-sex-dolls-silicone-head-150cm-27-5kg",1,1,0,0,0,0,1,,0,0,0,0,1,1,,1,1,1,0,0,0,0,1,,0,0,0,0,1,1,,1,0,0,,,,,0,,,,,,0,0,,0
"Product","/products/f5301-silicone-full-size-big-breast-dolls-life-size-sex-dolls-sineem",1,1,0,0,0,0,5,,0,0,0,804,5,0,,0,1,1,0,0,0,0,5,,0,0,0,804,5,0,,0,0,0,,,,,0,,,,,0,0,,,
"Product","/products/f4218-169cm5-7ft-44kg-l-cup-milf-tpe-sex-doll%E4%B8%A8wm-doll",1,1,0,0,0,0,21,,0,0,0,484,21,0,,0,1,1,0,0,0,0,21,,0,0,0,484,21,0,,0,0,0,,,,,0,,,,,0,0,,,
"Product","/products/h509-mini-anime-silicone-sex-doll-head-elsa-babe-head",1,1,0,0,0,0,1,,0,0,0,0,1,1,,1,1,1,0,0,0,0,1,,0,0,0,0,1,1,,1,0,0,,,,,0,,,,,,0,0,,0
"Product","/products/t9065-66lb-7-87-dildo-electric-male-rechargeable-sex-doll-ass-torso-adult-toys-for-female",1,1,0,0,0,0,1,,0,0,0,0,1,1,,1,1,1,0,0,0,0,1,,0,0,0,0,1,1,,1,0,0,,,,,0,,,,,,0,0,,0
"Product","/products/f4890-169cm-big-ass-robot-sex-doll-sexbot-sy-dolls",1,1,0,0,0,0,2,,0,0,0,13,2,0,,0,1,1,0,0,0,0,2,,0,0,0,13,2,0,,0,0,0,,,,,0,,,,,0,0,,,
"Blog Article","/blogs/dolls-info-qustions/4-reasons-why-milfs-are-so-popular-in-2023",1,1,0,0,0,0,1,,0,0,0,0,1,1,,1,1,1,0,0,0,0,1,,0,0,0,0,1,1,,1,0,0,,,,,0,,,,,,0,0,,0
"Blog Article","/blogs/dolls-info-qustions/hidden-art-sex-doll-torsos-and-astonishing-storage-hacks",1,1,0,0,0,0,1,,0,0,0,0,1,1,,1,1,1,0,0,0,0,1,,0,0,0,0,1,1,,1,0,0,,,,,0,,,,,,0,0,,0
"Collection","/collections/climax-doll-factory-photos",1,1,0,0,0,0,2,,0,0,0,20,2,0,,0,1,1,0,0,0,0,2,,0,0,0,20,2,0,,0,0,0,,,,,0,,,,,0,0,,,
"Product","/products/f3064-zelex-172cm-alexandra-silicone-life-size-sex-doll",1,1,0,0,0,0,1,,0,0,0,0,1,1,,1,1,1,0,0,0,0,1,,0,0,0,0,1,1,,1,0,0,,,,,0,,,,,,0,0,,0
,"/en-fi/collections/in-stock-usa-1",1,1,0,0,0,0,3,,0,0,0,35,3,0,,0,1,1,0,0,0,0,3,,0,0,0,35,3,0,,0,0,0,,,,,0,,,,,0,0,,,
"Blog Article","/blogs/featured-blog/how-to-tattoo-your-male-sex-doll",1,1,0,0,0,0,1,,0,0,0,0,1,1,,1,1,1,0,0,0,0,1,,0,0,0,0,1,1,,1,0,0,,,,,0,,,,,,0,0,,0
"Blog Article","/blogs/dolls-info-qustions/the-top-5-most-popular-naked-sex-dolls-in-2025",1,1,0,0,0,0,1,,0,0,0,0,1,1,,1,1,1,0,0,0,0,1,,0,0,0,0,1,1,,1,0,0,,,,,0,,,,,,0,0,,0
"Product","/products/h692-ros-silicone-sex-doll-head-in-stock-usa%E4%B8%A8galatea-doll-head",1,1,0,0,0,0,1,,0,0,0,0,1,1,,1,1,1,0,0,0,0,1,,0,0,0,0,1,1,,1,0,0,,,,,0,,,,,,0,0,,0
,"/en-fi/blogs/dolls-info-qustions/femboy-sex-doll-vs-shemale-sex-doll-what-s-the-real-difference",1,1,0,0,0,0,1,,0,0,0,0,1,1,,1,1,1,0,0,0,0,1,,0,0,0,0,1,1,,1,0,0,,,,,0,,,,,,0,0,,0
"Product","/products/f6311-175cm-5-7ft-35kg-d-cup-ros-silicone-realistic-sex-doll-weight-reduction-ido-doll",1,1,0,0,0,0,1,,0,0,0,0,1,1,,1,1,1,0,0,0,0,1,,0,0,0,0,1,1,,1,0,0,,,,,0,,,,,,0,0,,0
"Product","/products/f6191-41kg-e-cup-monie-fantasy-cute-horse-face-anime-furry-sex-doll-climax-doll-pro",1,1,0,0,0,0,1,,0,0,0,0,1,1,,1,1,1,0,0,0,0,1,,0,0,0,0,1,1,,1,0,0,,,,,0,,,,,,0,0,,0
,"/en-fi/products/t442-91-93lb-silicone-big-booty-life-sex-doll-torso-lovenestle",1,1,0,0,0,0,1,,0,0,0,0,1,1,,1,1,1,0,0,0,0,1,,0,0,0,0,1,1,,1,0,0,,,,,0,,,,,,0,0,,0
"Product","/products/f9360-ros-silicone-full-body-sex-doll-e-cup-asian-beauty",1,1,0,0,0,0,2,,0,0,0,22,2,0,,0,1,1,0,0,0,0,2,,0,0,0,22,2,0,,0,0,0,,,,,0,,,,,0,0,,,
"Collection","/collections/ido-doll",1,1,0,0,0,0,1,,0,0,0,0,1,1,,1,1,1,0,0,0,0,1,,0,0,0,0,1,1,,1,0,0,,,,,0,,,,,,0,0,,0
"Product","/products/f3521k-163cm5-3ft-51kg-h-cup-bbw-best-big-ass-tpe-sex-doll-in-stock-usa-%E4%B8%A8wm-doll",1,1,0,0,0,0,4,,0,0,0,133,4,0,,0,1,1,0,0,0,0,4,,0,0,0,133,4,0,,0,0,0,,,,,0,,,,,0,0,,,
"Product","/products/f816-157cm5ft1-phoebe-h-cup-tpe-full-size-adult-asian-cute-chinese-girl-love-doll-se-doll",1,1,0,0,0,0,2,,0,0,0,20,2,0,,0,1,1,0,0,0,0,2,,0,0,0,20,2,0,,0,0,0,,,,,0,,,,,0,0,,,
"Blog Article","/blogs/dolls-info-qustions/how-to-assemble-and-use-a-sex-doll-electric-stand",1,1,0,0,0,0,1,,0,0,0,0,1,1,,1,1,1,0,0,0,0,1,,0,0,0,0,1,1,,1,0,0,,,,,0,,,,,,0,0,,0
,"/en-fi/blogs/dolls-info-qustions/do-humans-have-a-penis-bone",1,1,0,0,0,0,1,,0,0,0,0,1,1,,1,1,1,0,0,0,0,1,,0,0,0,0,1,1,,1,0,0,,,,,0,,,,,,0,0,,0
"Product","/products/f4494-170cm-5-6ft-43kg-d-cup-life-size-silicone-sex-doll-real-lady",1,1,0,0,0,0,7,,0,0,0,346,7,0,,0,1,1,0,0,0,0,7,,0,0,0,346,7,0,,0,0,0,,,,,0,,,,,0,0,,,
"Checkout","/orders",1,1,0,0,0,0,3,,0,0,0,3,3,0,,0,1,1,0,0,0,0,3,,0,0,0,3,3,0,,0,0,0,,,,,0,,,,,0,0,,,
"Blog Article","/blogs/sex-doll-torso-blog/the-most-life-like-torso-sex-doll",1,1,0,0,0,0,5,,0,0,0,312,5,0,,0,1,1,0,0,0,0,5,,0,0,0,312,5,0,,0,0,0,,,,,0,,,,,0,0,,,
,"/en-ca/products/9387900502255",1,1,0,0,0,0,1,,0,0,0,0,1,1,,1,1,1,0,0,0,0,1,,0,0,0,0,1,1,,1,0,0,,,,,0,,,,,,0,0,,0
"Blog Article","/blogs/dolls-info-qustions/why-there-is-an-exophilia%20",1,1,0,0,0,0,1,,0,0,0,0,1,1,,1,1,1,0,0,0,0,1,,0,0,0,0,1,1,,1,0,0,,,,,0,,,,,,0,0,,0
"Product","/products/f5955-t161cm5-3ft-34kg-aryana-a-c-cup-silicone-anime-alien-sex-doll-se-doll",1,1,0,0,0,0,2,,0,0,0,18,2,0,,0,1,1,0,0,0,0,2,,0,0,0,18,2,0,,0,0,0,,,,,0,,,,,0,0,,,
"Blog Article","/blogs/dolls-info-qustions/sex-doll-transformation-guide-how-to-revamp-and-create-a-one-of-a-kind-look",1,1,0,0,0,0,2,,0,0,0,353,2,0,,0,1,1,0,0,0,0,2,,0,0,0,353,2,0,,0,0,0,,,,,0,,,,,0,0,,,
"Collection","/collections/yehe",1,1,0,0,0,0,1,,0,0,0,0,1,1,,1,1,1,0,0,0,0,1,,0,0,0,0,1,1,,1,0,0,,,,,0,,,,,,0,0,,0
"Product","/products/f9173-161cm5-3ft-53kg-i-cup-silicone-halloween-ssbbw-sex-doll%E4%B8%A8climax-doll-ultra",1,1,0,0,0,0,1,,0,0,0,0,1,1,,1,1,1,0,0,0,0,1,,0,0,0,0,1,1,,1,0,0,,,,,0,,,,,,0,0,,0
"Product","/products/a722-31lb-silicone-real-realistic-big-ass-sexy-sex-doll-torso-butt",1,1,0,0,0,0,2,,0,0,0,497,2,0,,0,1,1,0,0,0,0,2,,0,0,0,497,2,0,,0,0,0,,,,,0,,,,,0,0,,,
"Product","/products/f1051-157cm-tpe-sex-doll-fun-west-doll",1,1,0,0,0,0,1,,0,0,0,0,1,1,,1,1,1,0,0,0,0,1,,0,0,0,0,1,1,,1,0,0,,,,,0,,,,,,0,0,,0
"Blog Article","/blogs/featured-blog/ai-sex-dolls-jinsan-s-1-900-model-takes-over-euro-america",1,1,0,0,0,0,1,,0,0,0,0,1,1,,1,1,1,0,0,0,0,1,,0,0,0,0,1,1,,1,0,0,,,,,0,,,,,,0,0,,0
"Collection","/collections/sineem",1,1,0,0,0,0,22,,0,0,0,636,22,0,,0,1,1,0,0,0,0,22,,0,0,0,636,22,0,,0,0,0,,,,,0,,,,,0,0,,,
,"/en-ca/pages/anime-sex-dolls",1,1,0,0,0,0,12,,0,0,0,143,12,0,,0,1,1,0,0,0,0,12,,0,0,0,143,12,0,,0,0,0,,,,,0,,,,,0,0,,,
