"登陆页面类型","登陆页面路径","在线商店访客","访问","有商品添加到购物车的访问","到达结账页面的访问","完成结账的访问","转化率","页面浏览量","结账转化率","添加至购物车率","到达结账页面率","到达并完成结账的访问","平均访问持续时间","每次访问的页面浏览量","跳出率","完成结账率","跳出次数","Online store visitors (20260608)","Sessions (20260608)","Sessions with cart additions (20260608)","Sessions that reached checkout (20260608)","Sessions that completed checkout (20260608)","Conversion rate (20260608)","Pageviews (20260608)","Checkout conversion rate (20260608)","Added to cart rate (20260608)","Reached checkout rate (20260608)","Sessions that reached and completed checkout (20260608)","Average session duration (20260608)","Pageviews per session (20260608)","Bounce rate (20260608)","Completed checkout rate (20260608)","Bounces (20260608)","Online store visitors (20260608) ","Sessions (20260608) ","Sessions with cart additions (20260608) ","Sessions that reached checkout (20260608) ","Sessions that completed checkout (20260608) ","Conversion rate (20260608) ","Pageviews (20260608) ","Checkout conversion rate (20260608) ","Added to cart rate (20260608) ","Reached checkout rate (20260608) ","Sessions that reached and completed checkout (20260608) ","Average session duration (20260608) ","Pageviews per session (20260608) ","Bounce rate (20260608) ","Completed checkout rate (20260608) ","Bounces (20260608) "
"Collection","/collections/robotic-sex-doll",1175,1225,13,7,0,0,3423,0,0.010612244897959184,0.005714285714285714,0,98.07673469387755,2.7942857142857145,0.563265306122449,0,690,1175,1225,13,7,0,0,3423,0,0.010612244897959184,0.005714285714285714,0,98.07673469387755,2.7942857142857145,0.563265306122449,0,690,0,0,0,0,,,0,,0,0,,0,0,0,,0
"Homepage","/",1096,1205,25,14,2,0.0016597510373443983,6806,0.14285714285714285,0.02074688796680498,0.011618257261410789,2,259.12697095435686,5.648132780082988,0.3360995850622407,0.14285714285714285,405,1096,1205,25,14,2,0.0016597510373443983,6806,0.14285714285714285,0.02074688796680498,0.011618257261410789,2,259.12697095435686,5.648132780082988,0.3360995850622407,0.14285714285714285,405,0,0,0,0,0,0,0,0,0,0,0,0,0,0,0,0
"Collection","/collections/bbw-sex-doll-torso",934,994,14,4,1,0.001006036217303823,4848,0.25,0.014084507042253521,0.004024144869215292,1,242.20623742454728,4.877263581488934,0.3983903420523139,0.25,396,934,994,14,4,1,0.001006036217303823,4848,0.25,0.014084507042253521,0.004024144869215292,1,242.20623742454728,4.877263581488934,0.3983903420523139,0.25,396,0,0,0,0,0,0,0,0,0,0,0,0,0,0,0,0
"Collection","/collections/full-doll",963,982,20,13,0,0,5248,0,0.020366598778004074,0.013238289205702648,0,222.59674134419552,5.344195519348268,0.3533604887983707,0,347,963,982,20,13,0,0,5248,0,0.020366598778004074,0.013238289205702648,0,222.59674134419552,5.344195519348268,0.3533604887983707,0,347,0,0,0,0,,,0,,0,0,,0,0,0,,0
"Collection","/collections/anime-sex-doll",829,863,8,1,0,0,3025,0,0.009269988412514484,0.0011587485515643105,0,129.52491309385863,3.5052143684820396,0.5561993047508691,0,480,829,863,8,1,0,0,3025,0,0.009269988412514484,0.0011587485515643105,0,129.52491309385863,3.5052143684820396,0.5561993047508691,0,480,0,0,0,0,,,0,,0,0,,0,0,0,,0
"Collection","/collections/sex-doll-head",756,772,18,3,0,0,4751,0,0.023316062176165803,0.0038860103626943004,0,251.10103626943004,6.154145077720207,0.172279792746114,0,133,756,772,18,3,0,0,4751,0,0.023316062176165803,0.0038860103626943004,0,251.10103626943004,6.154145077720207,0.172279792746114,0,133,0,0,0,0,,,0,,0,0,,0,0,0,,0
"Blog Article","/blogs/featured-blog/how-to-make-fake-pussy",638,646,0,0,0,0,773,,0,0,0,27.475232198142415,1.196594427244582,0.891640866873065,,576,638,646,0,0,0,0,773,,0,0,0,27.475232198142415,1.196594427244582,0.891640866873065,,576,0,0,,,,,0,,,,,0,0,0,,0
"Collection","/collections/celebrity-sex-dolls",616,631,7,1,0,0,2216,0,0.011093502377179081,0.001584786053882726,0,145.0824088748019,3.5118858954041206,0.4706814580031696,0,297,616,631,7,1,0,0,2216,0,0.011093502377179081,0.001584786053882726,0,145.0824088748019,3.5118858954041206,0.4706814580031696,0,297,0,0,0,0,,,0,,0,0,,0,0,0,,0
"Collection","/collections/all",567,585,5,3,0,0,2250,0,0.008547008547008548,0.005128205128205128,0,173.94358974358974,3.8461538461538463,0.5128205128205128,0,300,567,585,5,3,0,0,2250,0,0.008547008547008548,0.005128205128205128,0,173.94358974358974,3.8461538461538463,0.5128205128205128,0,300,0,0,0,0,,,0,,0,0,,0,0,0,,0
"Collection","/collections/sex-doll-videos",543,562,2,0,0,0,1219,,0.0035587188612099642,0,0,51.85053380782918,2.1690391459074734,0.7508896797153025,,422,543,562,2,0,0,0,1219,,0.0035587188612099642,0,0,51.85053380782918,2.1690391459074734,0.7508896797153025,,422,0,0,0,,,,0,,0,,,0,0,0,,0
"Collection","/collections/vajankle-foot-fetish-toys",527,538,2,0,0,0,1818,,0.0037174721189591076,0,0,137.62825278810408,3.379182156133829,0.4516728624535316,,243,527,538,2,0,0,0,1818,,0.0037174721189591076,0,0,137.62825278810408,3.379182156133829,0.4516728624535316,,243,0,0,0,,,,0,,0,,,0,0,0,,0
"Blog Article","/blogs/featured-blog/how-to-diy-an-sex-doll-you",489,498,0,0,0,0,765,,0,0,0,38.73694779116466,1.536144578313253,0.8654618473895582,,431,489,498,0,0,0,0,765,,0,0,0,38.73694779116466,1.536144578313253,0.8654618473895582,,431,0,0,,,,,0,,,,,0,0,0,,0
"Collection","/collections/fake-ass-sex-toy",414,427,5,3,1,0.00234192037470726,1410,0.3333333333333333,0.0117096018735363,0.00702576112412178,1,132.81498829039813,3.3021077283372366,0.48243559718969553,0.3333333333333333,206,414,427,5,3,1,0.00234192037470726,1410,0.3333333333333333,0.0117096018735363,0.00702576112412178,1,132.81498829039813,3.3021077283372366,0.48243559718969553,0.3333333333333333,206,0,0,0,0,0,0,0,0,0,0,0,0,0,0,0,0
"Collection","/collections/furry-sex-doll",403,426,3,1,0,0,1165,0,0.007042253521126761,0.002347417840375587,0,104.28169014084507,2.7347417840375585,0.5821596244131455,0,248,403,426,3,1,0,0,1165,0,0.007042253521126761,0.002347417840375587,0,104.28169014084507,2.7347417840375585,0.5821596244131455,0,248,0,0,0,0,,,0,,0,0,,0,0,0,,0
"Collection","/collections/shemale-sex-doll-torso-1",404,417,1,0,0,0,1471,,0.002398081534772182,0,0,139.02877697841726,3.52757793764988,0.49640287769784175,,207,404,417,1,0,0,0,1471,,0.002398081534772182,0,0,139.02877697841726,3.52757793764988,0.49640287769784175,,207,0,0,0,,,,0,,0,,,0,0,0,,0
"Collection","/collections/femboys-sex-doll",381,389,5,1,0,0,1489,0,0.012853470437017995,0.002570694087403599,0,163.06169665809767,3.827763496143959,0.43444730077120824,0,169,381,389,5,1,0,0,1489,0,0.012853470437017995,0.002570694087403599,0,163.06169665809767,3.827763496143959,0.43444730077120824,0,169,0,0,0,0,,,0,,0,0,,0,0,0,,0
"Collection","/collections/sex-doll-torso-dildo-for-woman",329,340,6,4,1,0.0029411764705882353,1389,0.25,0.01764705882352941,0.011764705882352941,1,183.8029411764706,4.0852941176470585,0.4294117647058823,0.25,146,329,340,6,4,1,0.0029411764705882353,1389,0.25,0.01764705882352941,0.011764705882352941,1,183.8029411764706,4.0852941176470585,0.4294117647058823,0.25,146,0,0,0,0,0,0,0,0,0,0,0,0,0,0,0,0
"Collection","/collections/flat-chest-sex-doll",270,283,2,1,0,0,1036,0,0.007067137809187279,0.0035335689045936395,0,152.08833922261485,3.6607773851590104,0.45229681978798586,0,128,270,283,2,1,0,0,1036,0,0.007067137809187279,0.0035335689045936395,0,152.08833922261485,3.6607773851590104,0.45229681978798586,0,128,0,0,0,0,,,0,,0,0,,0,0,0,,0
"Collection","/collections/black-sex-dolls",255,270,6,0,0,0,1130,,0.022222222222222223,0,0,202.54814814814816,4.185185185185185,0.42592592592592593,,115,255,270,6,0,0,0,1130,,0.022222222222222223,0,0,202.54814814814816,4.185185185185185,0.42592592592592593,,115,0,0,0,,,,0,,0,,,0,0,0,,0
"Collection","/collections/boob-job-sex-toys",264,266,2,2,0,0,809,0,0.007518796992481203,0.007518796992481203,0,147.3345864661654,3.0413533834586466,0.5413533834586466,0,144,264,266,2,2,0,0,809,0,0.007518796992481203,0.007518796992481203,0,147.3345864661654,3.0413533834586466,0.5413533834586466,0,144,0,0,0,0,,,0,,0,0,,0,0,0,,0
"Collection","/collections/futa-sex-doll",246,250,1,0,0,0,848,,0.004,0,0,169.596,3.392,0.428,,107,246,250,1,0,0,0,848,,0.004,0,0,169.596,3.392,0.428,,107,0,0,0,,,,0,,0,,,0,0,0,,0
"Blog Article","/blogs/dolls-info-qustions/how-to-make-a-fake-ass-sex-toy",223,234,0,0,0,0,331,,0,0,0,63.68376068376068,1.4145299145299146,0.811965811965812,,190,223,234,0,0,0,0,331,,0,0,0,63.68376068376068,1.4145299145299146,0.811965811965812,,190,0,0,,,,,0,,,,,0,0,0,,0
"Collection","/collections/fake-pussy-fake-vagina-sex-toys",217,221,8,6,1,0.004524886877828055,829,0.16666666666666666,0.03619909502262444,0.027149321266968326,1,129.14027149321268,3.751131221719457,0.5113122171945701,0.16666666666666666,113,217,221,8,6,1,0.004524886877828055,829,0.16666666666666666,0.03619909502262444,0.027149321266968326,1,129.14027149321268,3.751131221719457,0.5113122171945701,0.16666666666666666,113,0,0,0,0,0,0,0,0,0,0,0,0,0,0,0,0
"Collection","/collections/under-100",213,215,2,1,1,0.004651162790697674,494,1,0.009302325581395349,0.004651162790697674,1,106.56744186046511,2.297674418604651,0.627906976744186,1,135,213,215,2,1,1,0.004651162790697674,494,1,0.009302325581395349,0.004651162790697674,1,106.56744186046511,2.297674418604651,0.627906976744186,1,135,0,0,0,0,0,0,0,0,0,0,0,0,0,0,0,0
"Collection","/collections/sex-doll-torso",195,202,4,3,0,0,918,0,0.019801980198019802,0.01485148514851485,0,210.67326732673268,4.544554455445544,0.3811881188118812,0,77,195,202,4,3,0,0,918,0,0.019801980198019802,0.01485148514851485,0,210.67326732673268,4.544554455445544,0.3811881188118812,0,77,0,0,0,0,,,0,,0,0,,0,0,0,,0
"Collection","/collections/huge-breasts-sex-dolls",163,167,1,0,0,0,636,,0.005988023952095809,0,0,137.65269461077844,3.808383233532934,0.46706586826347307,,78,163,167,1,0,0,0,636,,0.005988023952095809,0,0,137.65269461077844,3.808383233532934,0.46706586826347307,,78,0,0,0,,,,0,,0,,,0,0,0,,0
"Collection","/collections/enchanting-delights-2024-top-real-sex-doll-recommendations",145,148,0,0,0,0,397,,0,0,0,107.18243243243244,2.6824324324324325,0.5337837837837838,,79,145,148,0,0,0,0,397,,0,0,0,107.18243243243244,2.6824324324324325,0.5337837837837838,,79,0,0,,,,,0,,,,,0,0,0,,0
"Collection","/collections/black-torso-sex-dolls",132,138,2,1,0,0,369,0,0.014492753623188406,0.007246376811594203,0,158.14492753623188,2.6739130434782608,0.5072463768115942,0,70,132,138,2,1,0,0,369,0,0.014492753623188406,0.007246376811594203,0,158.14492753623188,2.6739130434782608,0.5072463768115942,0,70,0,0,0,0,,,0,,0,0,,0,0,0,,0
"Collection","/collections/anime-pocket-pussy",133,133,0,0,0,0,335,,0,0,0,99.203007518797,2.518796992481203,0.6390977443609023,,85,133,133,0,0,0,0,335,,0,0,0,99.203007518797,2.518796992481203,0.6390977443609023,,85,0,0,,,,,0,,,,,0,0,0,,0
"Collection","/collections/vibrating-sex-doll-torso",126,128,0,0,0,0,247,,0,0,0,42.984375,1.9296875,0.6875,,88,126,128,0,0,0,0,247,,0,0,0,42.984375,1.9296875,0.6875,,88,0,0,,,,,0,,,,,0,0,0,,0
,"/de/collections/robotic-sex-doll",122,125,1,0,0,0,340,,0.008,0,0,68.904,2.72,0.64,,80,122,125,1,0,0,0,340,,0.008,0,0,68.904,2.72,0.64,,80,0,0,0,,,,0,,0,,,0,0,0,,0
"Custom Page","/pages/sex-doll-gif",120,121,0,0,0,0,161,,0,0,0,23.462809917355372,1.3305785123966942,0.8099173553719008,,98,120,121,0,0,0,0,161,,0,0,0,23.462809917355372,1.3305785123966942,0.8099173553719008,,98,0,0,,,,,0,,,,,0,0,0,,0
"Collection","/collections/18s-sex-doll",119,121,0,0,0,0,238,,0,0,0,103.44628099173553,1.9669421487603307,0.628099173553719,,76,119,121,0,0,0,0,238,,0,0,0,103.44628099173553,1.9669421487603307,0.628099173553719,,76,0,0,,,,,0,,,,,0,0,0,,0
"Collection","/collections/shemale-sex-toy",118,120,1,1,0,0,325,0,0.008333333333333333,0.008333333333333333,0,87.8,2.7083333333333335,0.6833333333333333,0,82,118,120,1,1,0,0,325,0,0.008333333333333333,0.008333333333333333,0,87.8,2.7083333333333335,0.6833333333333333,0,82,0,0,0,0,,,0,,0,0,,0,0,0,,0
"Collection","/collections/silicone-ass",113,118,2,2,2,0.01694915254237288,403,1,0.01694915254237288,0.01694915254237288,2,135.4915254237288,3.4152542372881354,0.5338983050847458,1,63,113,118,2,2,2,0.01694915254237288,403,1,0.01694915254237288,0.01694915254237288,2,135.4915254237288,3.4152542372881354,0.5338983050847458,1,63,0,0,0,0,0,0,0,0,0,0,0,0,0,0,0,0
"Collection","/collections/asian-sex-doll",114,117,0,0,0,0,359,,0,0,0,123.71794871794872,3.0683760683760686,0.48717948717948717,,57,114,117,0,0,0,0,359,,0,0,0,123.71794871794872,3.0683760683760686,0.48717948717948717,,57,0,0,,,,,0,,,,,0,0,0,,0
"Product","/products/599-83lb-sex-doll-torso-with-realistic-oversized-ass",108,113,1,0,0,0,228,,0.008849557522123894,0,0,77.17699115044248,2.017699115044248,0.8053097345132744,,91,108,113,1,0,0,0,228,,0.008849557522123894,0,0,77.17699115044248,2.017699115044248,0.8053097345132744,,91,0,0,0,,,,0,,0,,,0,0,0,,0
"Collection","/collections/anime-mini-sex-doll",106,108,0,0,0,0,290,,0,0,0,113.00925925925925,2.685185185185185,0.6481481481481481,,70,106,108,0,0,0,0,290,,0,0,0,113.00925925925925,2.685185185185185,0.6481481481481481,,70,0,0,,,,,0,,,,,0,0,0,,0
"Collection","/collections/big-booty-sex-dolls",99,99,1,1,0,0,394,0,0.010101010101010102,0.010101010101010102,0,208.66666666666666,3.9797979797979797,0.42424242424242425,0,42,99,99,1,1,0,0,394,0,0.010101010101010102,0.010101010101010102,0,208.66666666666666,3.9797979797979797,0.42424242424242425,0,42,0,0,0,0,,,0,,0,0,,0,0,0,,0
"Collection","/collections/lesbian-sex-doll-torso",89,94,0,0,0,0,244,,0,0,0,149.39361702127658,2.595744680851064,0.648936170212766,,61,89,94,0,0,0,0,244,,0,0,0,149.39361702127658,2.595744680851064,0.648936170212766,,61,0,0,,,,,0,,,,,0,0,0,,0
"Collection","/collections/torso-shemale-sex-doll",88,89,1,0,0,0,281,,0.011235955056179775,0,0,179.73033707865167,3.157303370786517,0.5842696629213483,,52,88,89,1,0,0,0,281,,0.011235955056179775,0,0,179.73033707865167,3.157303370786517,0.5842696629213483,,52,0,0,0,,,,0,,0,,,0,0,0,,0
"Collection","/collections/mini-sex-doll-torso",79,80,0,0,0,0,149,,0,0,0,33.2625,1.8625,0.725,,58,79,80,0,0,0,0,149,,0,0,0,33.2625,1.8625,0.725,,58,0,0,,,,,0,,,,,0,0,0,,0
"Collection","/collections/animal-hentai-sex-doll",72,79,1,1,0,0,249,0,0.012658227848101266,0.012658227848101266,0,157.9746835443038,3.151898734177215,0.5316455696202531,0,42,72,79,1,1,0,0,249,0,0.012658227848101266,0.012658227848101266,0,157.9746835443038,3.151898734177215,0.5316455696202531,0,42,0,0,0,0,,,0,,0,0,,0,0,0,,0
"Blog Article","/blogs/sex-doll-torso-blog/top-7-sex-poses-with-your-torso-sex-doll",75,77,0,0,0,0,133,,0,0,0,59.25974025974026,1.7272727272727273,0.7922077922077922,,61,75,77,0,0,0,0,133,,0,0,0,59.25974025974026,1.7272727272727273,0.7922077922077922,,61,0,0,,,,,0,,,,,0,0,0,,0
,"/de/blogs/featured-blog/how-to-make-fake-pussy",77,77,0,0,0,0,85,,0,0,0,5.090909090909091,1.103896103896104,0.922077922077922,,71,77,77,0,0,0,0,85,,0,0,0,5.090909090909091,1.103896103896104,0.922077922077922,,71,0,0,,,,,0,,,,,0,0,0,,0
"Collection","/collections/life-size-anime-sex-doll",66,67,0,0,0,0,295,,0,0,0,199.3134328358209,4.402985074626866,0.34328358208955223,,23,66,67,0,0,0,0,295,,0,0,0,199.3134328358209,4.402985074626866,0.34328358208955223,,23,0,0,,,,,0,,,,,0,0,0,,0
"Product","/products/t901-21-51lb-c-cup-7-08-dildo-electric-shemale-big-penis-male-female-sex-doll-torso-adult-toys",60,60,0,0,0,0,60,,0,0,0,0,1,1,,60,60,60,0,0,0,0,60,,0,0,0,0,1,1,,60,0,0,,,,,0,,,,,,0,0,,0
,"/en-ca",58,59,1,0,0,0,476,,0.01694915254237288,0,0,348,8.067796610169491,0.2033898305084746,,12,58,59,1,0,0,0,476,,0.01694915254237288,0,0,348,8.067796610169491,0.2033898305084746,,12,0,0,0,,,,0,,0,,,0,0,0,,0
"Collection","/collections/best-seller-sex-dolls-under-200",59,59,2,1,0,0,190,0,0.03389830508474576,0.01694915254237288,0,170.4406779661017,3.2203389830508473,0.5084745762711864,0,30,59,59,2,1,0,0,190,0,0.03389830508474576,0.01694915254237288,0,170.4406779661017,3.2203389830508473,0.5084745762711864,0,30,0,0,0,0,,,0,,0,0,,0,0,0,,0
"Collection","/collections/pocket-pussy-ass",56,58,0,0,0,0,121,,0,0,0,73.39655172413794,2.086206896551724,0.7068965517241379,,41,56,58,0,0,0,0,121,,0,0,0,73.39655172413794,2.086206896551724,0.7068965517241379,,41,0,0,,,,,0,,,,,0,0,0,,0
"Collection","/collections/torso-dildo",55,55,0,0,0,0,145,,0,0,0,102.9090909090909,2.6363636363636362,0.509090909090909,,28,55,55,0,0,0,0,145,,0,0,0,102.9090909090909,2.6363636363636362,0.509090909090909,,28,0,0,,,,,0,,,,,0,0,0,,0
,"/en-fi/blogs/featured-blog/how-to-make-fake-pussy",54,54,0,0,0,0,79,,0,0,0,17.37037037037037,1.462962962962963,0.9074074074074074,,49,54,54,0,0,0,0,79,,0,0,0,17.37037037037037,1.462962962962963,0.9074074074074074,,49,0,0,,,,,0,,,,,0,0,0,,0
"Collection","/collections/silicone-pocket-pussy",53,53,0,0,0,0,134,,0,0,0,150.54716981132074,2.5283018867924527,0.5660377358490566,,30,53,53,0,0,0,0,134,,0,0,0,150.54716981132074,2.5283018867924527,0.5660377358490566,,30,0,0,,,,,0,,,,,0,0,0,,0
,"/en-ca/collections/robotic-sex-doll",51,52,0,0,0,0,198,,0,0,0,157.1153846153846,3.8076923076923075,0.4230769230769231,,22,51,52,0,0,0,0,198,,0,0,0,157.1153846153846,3.8076923076923075,0.4230769230769231,,22,0,0,,,,,0,,,,,0,0,0,,0
"Collection","/collections/fake-pussy-hentai-sex-doll",49,51,1,1,0,0,232,0,0.0196078431372549,0.0196078431372549,0,172.7058823529412,4.549019607843137,0.5294117647058824,0,27,49,51,1,1,0,0,232,0,0.0196078431372549,0.0196078431372549,0,172.7058823529412,4.549019607843137,0.5294117647058824,0,27,0,0,0,0,,,0,,0,0,,0,0,0,,0
"Collection","/collections/sex-doll-feet",51,51,0,0,0,0,114,,0,0,0,42.705882352941174,2.235294117647059,0.6666666666666666,,34,51,51,0,0,0,0,114,,0,0,0,42.705882352941174,2.235294117647059,0.6666666666666666,,34,0,0,,,,,0,,,,,0,0,0,,0
"Collection","/collections/mini-sex-doll",48,51,0,0,0,0,106,,0,0,0,137.33333333333334,2.0784313725490198,0.5882352941176471,,30,48,51,0,0,0,0,106,,0,0,0,137.33333333333334,2.0784313725490198,0.5882352941176471,,30,0,0,,,,,0,,,,,0,0,0,,0
"Blog Article","/blogs/dolls-info-qustions/%F0%9F%94%A5-top-5-most-popular-big-butt-chubby-belly-curvy-body-pornstar-style-sex-dolls-in-2025-%F0%9F%94%A5",50,50,0,0,0,0,77,,0,0,0,24.4,1.54,0.78,,39,50,50,0,0,0,0,77,,0,0,0,24.4,1.54,0.78,,39,0,0,,,,,0,,,,,0,0,0,,0
,"/en-ca/collections/bbw-sex-doll-torso",49,49,0,0,0,0,180,,0,0,0,136.44897959183675,3.673469387755102,0.3673469387755102,,18,49,49,0,0,0,0,180,,0,0,0,136.44897959183675,3.673469387755102,0.3673469387755102,,18,0,0,,,,,0,,,,,0,0,0,,0
"Collection","/collections/chinese-sex-doll",47,49,0,0,0,0,90,,0,0,0,58.12244897959184,1.836734693877551,0.7551020408163265,,37,47,49,0,0,0,0,90,,0,0,0,58.12244897959184,1.836734693877551,0.7551020408163265,,37,0,0,,,,,0,,,,,0,0,0,,0
"Product","/products/57-32lb-sex-doll-torso-with-life-size-ass-and-soft-skin-512-sex-doll-torso",48,49,0,0,0,0,128,,0,0,0,257.265306122449,2.6122448979591835,0.673469387755102,,33,48,49,0,0,0,0,128,,0,0,0,257.265306122449,2.6122448979591835,0.673469387755102,,33,0,0,,,,,0,,,,,0,0,0,,0
,"/en-ca/collections/enchanting-delights-2024-top-real-sex-doll-recommendations",47,47,0,0,0,0,89,,0,0,0,28.93617021276596,1.8936170212765957,0.8723404255319149,,41,47,47,0,0,0,0,89,,0,0,0,28.93617021276596,1.8936170212765957,0.8723404255319149,,41,0,0,,,,,0,,,,,0,0,0,,0
,"/ja/blogs/featured-blog/how-to-make-fake-pussy",45,47,0,0,0,0,53,,0,0,0,15.425531914893616,1.127659574468085,0.9148936170212766,,43,45,47,0,0,0,0,53,,0,0,0,15.425531914893616,1.127659574468085,0.9148936170212766,,43,0,0,,,,,0,,,,,0,0,0,,0
,"/en-ca/collections/sex-doll-head",42,46,3,1,0,0,326,0,0.06521739130434782,0.021739130434782608,0,238.95652173913044,7.086956521739131,0.15217391304347827,0,7,42,46,3,1,0,0,326,0,0.06521739130434782,0.021739130434782608,0,238.95652173913044,7.086956521739131,0.15217391304347827,0,7,0,0,0,0,,,0,,0,0,,0,0,0,,0
"Blog Article","/blogs/dolls-info-qustions/how-to-titty-fuck-experience-the-ultimate-pleasure-with-a-huge-breast-sex-doll",45,46,0,0,0,0,62,,0,0,0,29.97826086956522,1.3478260869565217,0.8478260869565217,,39,45,46,0,0,0,0,62,,0,0,0,29.97826086956522,1.3478260869565217,0.8478260869565217,,39,0,0,,,,,0,,,,,0,0,0,,0
"Collection","/collections/life-size-shemale-sex-doll",46,46,0,0,0,0,181,,0,0,0,192.06521739130434,3.9347826086956523,0.3695652173913043,,17,46,46,0,0,0,0,181,,0,0,0,192.06521739130434,3.9347826086956523,0.3695652173913043,,17,0,0,,,,,0,,,,,0,0,0,,0
"Collection","/collections/ros-sex-doll-heads-1",43,44,1,1,0,0,177,0,0.022727272727272728,0.022727272727272728,0,212,4.0227272727272725,0.5,0,22,43,44,1,1,0,0,177,0,0.022727272727272728,0.022727272727272728,0,212,4.0227272727272725,0.5,0,22,0,0,0,0,,,0,,0,0,,0,0,0,,0
"List of Collections","/collections/vendors",41,43,1,0,0,0,250,,0.023255813953488372,0,0,247.11627906976744,5.813953488372093,0.4186046511627907,,18,41,43,1,0,0,0,250,,0.023255813953488372,0,0,247.11627906976744,5.813953488372093,0.4186046511627907,,18,0,0,0,,,,0,,0,,,0,0,0,,0
"Blog Article","/blogs/dolls-info-qustions/why-do-men-like-to-have-sex-with-bigass-women",42,42,0,0,0,0,70,,0,0,0,90,1.6666666666666667,0.8809523809523809,,37,42,42,0,0,0,0,70,,0,0,0,90,1.6666666666666667,0.8809523809523809,,37,0,0,,,,,0,,,,,0,0,0,,0
"Collection","/collections/petite-sex-doll",39,41,0,0,0,0,104,,0,0,0,160.5609756097561,2.5365853658536586,0.5853658536585366,,24,39,41,0,0,0,0,104,,0,0,0,160.5609756097561,2.5365853658536586,0.5853658536585366,,24,0,0,,,,,0,,,,,0,0,0,,0
"Collection","/collections/anime-hentai-sex-doll",40,41,0,0,0,0,150,,0,0,0,281.6585365853659,3.658536585365854,0.5609756097560976,,23,40,41,0,0,0,0,150,,0,0,0,281.6585365853659,3.658536585365854,0.5609756097560976,,23,0,0,,,,,0,,,,,0,0,0,,0
"Collection","/collections/young-male-sex-doll",40,41,0,0,0,0,106,,0,0,0,150.9512195121951,2.5853658536585367,0.5609756097560976,,23,40,41,0,0,0,0,106,,0,0,0,150.9512195121951,2.5853658536585367,0.5609756097560976,,23,0,0,,,,,0,,,,,0,0,0,,0
"Collection","/collections/bbw-black-sex-doll",40,41,2,2,0,0,176,0,0.04878048780487805,0.04878048780487805,0,154.02439024390245,4.2926829268292686,0.4634146341463415,0,19,40,41,2,2,0,0,176,0,0.04878048780487805,0.04878048780487805,0,154.02439024390245,4.2926829268292686,0.4634146341463415,0,19,0,0,0,0,,,0,,0,0,,0,0,0,,0
"Blog Article","/blogs/real-sex-doll-reviews-pros-cons-real-usage-tests/2026-meru-hentai-sex-doll-review-comprehensive-comparison-of-4-hot-models",39,39,1,1,0,0,82,0,0.02564102564102564,0.02564102564102564,0,109.3076923076923,2.1025641025641026,0.7948717948717948,0,31,39,39,1,1,0,0,82,0,0.02564102564102564,0.02564102564102564,0,109.3076923076923,2.1025641025641026,0.7948717948717948,0,31,0,0,0,0,,,0,,0,0,,0,0,0,,0
,"/en-ca/blogs/featured-blog/how-to-make-fake-pussy",38,38,0,0,0,0,43,,0,0,0,36.55263157894737,1.131578947368421,0.8947368421052632,,34,38,38,0,0,0,0,43,,0,0,0,36.55263157894737,1.131578947368421,0.8947368421052632,,34,0,0,,,,,0,,,,,0,0,0,,0
,"/en-ca/collections/full-doll",36,37,0,0,0,0,142,,0,0,0,185.05405405405406,3.8378378378378377,0.35135135135135137,,13,36,37,0,0,0,0,142,,0,0,0,185.05405405405406,3.8378378378378377,0.35135135135135137,,13,0,0,,,,,0,,,,,0,0,0,,0
"Blog Article","/blogs/dolls-info-qustions/2025-hot-selling-japanese-sex-dolls-popular-products-and-their-unique-charm-unveiled",31,35,0,0,0,0,53,,0,0,0,130.4,1.5142857142857142,0.7428571428571429,,26,31,35,0,0,0,0,53,,0,0,0,130.4,1.5142857142857142,0.7428571428571429,,26,0,0,,,,,0,,,,,0,0,0,,0
"Collection","/collections/naked-sex-doll",34,35,0,0,0,0,162,,0,0,0,147.9142857142857,4.628571428571429,0.2857142857142857,,10,34,35,0,0,0,0,162,,0,0,0,147.9142857142857,4.628571428571429,0.2857142857142857,,10,0,0,,,,,0,,,,,0,0,0,,0
"Collection","/collections/onahole",34,34,0,0,0,0,58,,0,0,0,51,1.7058823529411764,0.7058823529411765,,24,34,34,0,0,0,0,58,,0,0,0,51,1.7058823529411764,0.7058823529411765,,24,0,0,,,,,0,,,,,0,0,0,,0
"Collection","/collections/sex-doll-legs",32,34,0,0,0,0,161,,0,0,0,308.29411764705884,4.735294117647059,0.4117647058823529,,14,32,34,0,0,0,0,161,,0,0,0,308.29411764705884,4.735294117647059,0.4117647058823529,,14,0,0,,,,,0,,,,,0,0,0,,0
,"/en-ca/collections/vajankle-foot-fetish-toys",34,34,1,1,0,0,115,0,0.029411764705882353,0.029411764705882353,0,87.76470588235294,3.3823529411764706,0.5588235294117647,0,19,34,34,1,1,0,0,115,0,0.029411764705882353,0.029411764705882353,0,87.76470588235294,3.3823529411764706,0.5588235294117647,0,19,0,0,0,0,,,0,,0,0,,0,0,0,,0
,"/en-ca/collections/celebrity-sex-dolls",32,33,0,0,0,0,108,,0,0,0,260.6666666666667,3.272727272727273,0.5151515151515151,,17,32,33,0,0,0,0,108,,0,0,0,260.6666666666667,3.272727272727273,0.5151515151515151,,17,0,0,,,,,0,,,,,0,0,0,,0
,"/en-ca/collections/all",32,32,1,1,0,0,121,0,0.03125,0.03125,0,136.5,3.78125,0.40625,0,13,32,32,1,1,0,0,121,0,0.03125,0.03125,0,136.5,3.78125,0.40625,0,13,0,0,0,0,,,0,,0,0,,0,0,0,,0
"Blog Article","/blogs/dolls-info-qustions/gentlemans-paradise-exploring-nsfw-anime-figures-and-sex-dolls",32,32,0,0,0,0,133,,0,0,0,118.25,4.15625,0.65625,,21,32,32,0,0,0,0,133,,0,0,0,118.25,4.15625,0.65625,,21,0,0,,,,,0,,,,,0,0,0,,0
"Collection","/collections/mini-hentai-sex-doll",31,31,0,0,0,0,86,,0,0,0,208,2.774193548387097,0.3548387096774194,,11,31,31,0,0,0,0,86,,0,0,0,208,2.774193548387097,0.3548387096774194,,11,0,0,,,,,0,,,,,0,0,0,,0
"Collection","/collections/foot-pocket-pussy",30,31,0,0,0,0,56,,0,0,0,99,1.8064516129032258,0.6451612903225806,,20,30,31,0,0,0,0,56,,0,0,0,99,1.8064516129032258,0.6451612903225806,,20,0,0,,,,,0,,,,,0,0,0,,0
"Collection","/collections/new-arrivals-robot-sex-dolls",31,31,0,0,0,0,127,,0,0,0,134.48387096774192,4.096774193548387,0.2903225806451613,,9,31,31,0,0,0,0,127,,0,0,0,134.48387096774192,4.096774193548387,0.2903225806451613,,9,0,0,,,,,0,,,,,0,0,0,,0
"Collection","/collections/black-male-sex-doll",31,31,0,0,0,0,65,,0,0,0,173.32258064516128,2.096774193548387,0.5483870967741935,,17,31,31,0,0,0,0,65,,0,0,0,173.32258064516128,2.096774193548387,0.5483870967741935,,17,0,0,,,,,0,,,,,0,0,0,,0
"Cart","/cart",25,31,9,5,2,0.06451612903225806,284,0.4,0.2903225806451613,0.16129032258064516,2,580.5806451612904,9.161290322580646,0.2903225806451613,0.6666666666666666,9,25,31,9,5,2,0.06451612903225806,284,0.4,0.2903225806451613,0.16129032258064516,2,580.5806451612904,9.161290322580646,0.2903225806451613,0.6666666666666666,9,0,0,0,0,0,0,0,0,0,0,0,0,0,0,0,0
"Collection","/collections/alien-sex-dolls",30,30,0,0,0,0,144,,0,0,0,229.6,4.8,0.4,,12,30,30,0,0,0,0,144,,0,0,0,229.6,4.8,0.4,,12,0,0,,,,,0,,,,,0,0,0,,0
"Blog Article","/blogs/dolls-info-qustions/discover-the-secrets-of-the-vagina",28,29,0,0,0,0,56,,0,0,0,89.48275862068965,1.9310344827586208,0.7241379310344828,,21,28,29,0,0,0,0,56,,0,0,0,89.48275862068965,1.9310344827586208,0.7241379310344828,,21,0,0,,,,,0,,,,,0,0,0,,0
,"/en-ca/collections/shemale-sex-doll-torso-1",29,29,0,0,0,0,124,,0,0,0,127.37931034482759,4.275862068965517,0.4482758620689655,,13,29,29,0,0,0,0,124,,0,0,0,127.37931034482759,4.275862068965517,0.4482758620689655,,13,0,0,,,,,0,,,,,0,0,0,,0
"Collection","/collections/ai-sex-doll",29,29,0,0,0,0,52,,0,0,0,52.58620689655172,1.793103448275862,0.6896551724137931,,20,29,29,0,0,0,0,52,,0,0,0,52.58620689655172,1.793103448275862,0.6896551724137931,,20,0,0,,,,,0,,,,,0,0,0,,0
,"/en-ca/collections/fake-ass-sex-toy",28,29,1,1,0,0,128,0,0.034482758620689655,0.034482758620689655,0,216.79310344827587,4.413793103448276,0.4827586206896552,0,14,28,29,1,1,0,0,128,0,0.034482758620689655,0.034482758620689655,0,216.79310344827587,4.413793103448276,0.4827586206896552,0,14,0,0,0,0,,,0,,0,0,,0,0,0,,0
"Collection","/collections/ai-sex-dolls-list",27,27,0,0,0,0,83,,0,0,0,206.1851851851852,3.074074074074074,0.5555555555555556,,15,27,27,0,0,0,0,83,,0,0,0,206.1851851851852,3.074074074074074,0.5555555555555556,,15,0,0,,,,,0,,,,,0,0,0,,0
"Blog Article","/blogs/dolls-info-qustions/what-s-it-really-like-to-have-sex-nbsp-with-a-sex-doll",26,27,0,0,0,0,29,,0,0,0,27.703703703703702,1.0740740740740742,0.9259259259259259,,25,26,27,0,0,0,0,29,,0,0,0,27.703703703703702,1.0740740740740742,0.9259259259259259,,25,0,0,,,,,0,,,,,0,0,0,,0
"Collection","/collections/cheap-sex-doll",25,26,0,0,0,0,184,,0,0,0,388.5769230769231,7.076923076923077,0.38461538461538464,,10,25,26,0,0,0,0,184,,0,0,0,388.5769230769231,7.076923076923077,0.38461538461538464,,10,0,0,,,,,0,,,,,0,0,0,,0
"Product","/products/a499-bbw-big-booty-silicone-sex-doll-torso",23,26,1,1,0,0,99,0,0.038461538461538464,0.038461538461538464,0,599.3846153846154,3.8076923076923075,0.6153846153846154,0,16,23,26,1,1,0,0,99,0,0.038461538461538464,0.038461538461538464,0,599.3846153846154,3.8076923076923075,0.6153846153846154,0,16,0,0,0,0,,,0,,0,0,,0,0,0,,0
,"/en-ca/collections/femboys-sex-doll",26,26,0,0,0,0,90,,0,0,0,199.30769230769232,3.4615384615384617,0.3076923076923077,,8,26,26,0,0,0,0,90,,0,0,0,199.30769230769232,3.4615384615384617,0.3076923076923077,,8,0,0,,,,,0,,,,,0,0,0,,0
"Blog Article","/blogs/dolls-info-qustions/shocking-in-depth-review-of-naimi-1-1-celebrity-sex-doll",24,25,0,0,0,0,39,,0,0,0,32.32,1.56,0.72,,18,24,25,0,0,0,0,39,,0,0,0,32.32,1.56,0.72,,18,0,0,,,,,0,,,,,0,0,0,,0
"Collection","/collections/torso-sex-doll-with-gel-breasts",24,24,0,0,0,0,100,,0,0,0,233.625,4.166666666666667,0.375,,9,24,24,0,0,0,0,100,,0,0,0,233.625,4.166666666666667,0.375,,9,0,0,,,,,0,,,,,0,0,0,,0
,"/en-ca/collections/anime-sex-doll",24,24,0,0,0,0,65,,0,0,0,39.208333333333336,2.7083333333333335,0.5,,12,24,24,0,0,0,0,65,,0,0,0,39.208333333333336,2.7083333333333335,0.5,,12,0,0,,,,,0,,,,,0,0,0,,0
"Custom Page","/pages/torso-sex-doll-videos",24,24,0,0,0,0,39,,0,0,0,23.166666666666668,1.625,0.8333333333333334,,20,24,24,0,0,0,0,39,,0,0,0,23.166666666666668,1.625,0.8333333333333334,,20,0,0,,,,,0,,,,,0,0,0,,0
,"/en-ca/collections/furry-sex-doll",24,24,1,1,0,0,65,0,0.041666666666666664,0.041666666666666664,0,82.04166666666667,2.7083333333333335,0.4583333333333333,0,11,24,24,1,1,0,0,65,0,0.041666666666666664,0.041666666666666664,0,82.04166666666667,2.7083333333333335,0.4583333333333333,0,11,0,0,0,0,,,0,,0,0,,0,0,0,,0
"Collection","/collections/life-sized-sex-doll",23,24,1,1,1,0.041666666666666664,88,1,0.041666666666666664,0.041666666666666664,1,176.95833333333334,3.6666666666666665,0.625,1,15,23,24,1,1,1,0.041666666666666664,88,1,0.041666666666666664,0.041666666666666664,1,176.95833333333334,3.6666666666666665,0.625,1,15,0,0,0,0,0,0,0,0,0,0,0,0,0,0,0,0
"Blog Article","/blogs/featured-blog/the-4-technical-features-about-sex-doll-skeleton",10,23,1,0,0,0,39,,0.043478260869565216,0,0,160.43478260869566,1.6956521739130435,0.8260869565217391,,19,10,23,1,0,0,0,39,,0.043478260869565216,0,0,160.43478260869566,1.6956521739130435,0.8260869565217391,,19,0,0,0,,,,0,,0,,,0,0,0,,0
"Blog Article","/blogs/dolls-info-qustions/top-cydoll-auto-blowjob-function-game-changing-feature-now-live",22,23,0,0,0,0,50,,0,0,0,248.65217391304347,2.1739130434782608,0.6521739130434783,,15,22,23,0,0,0,0,50,,0,0,0,248.65217391304347,2.1739130434782608,0.6521739130434783,,15,0,0,,,,,0,,,,,0,0,0,,0
,"/de/collections/futa-sex-doll",23,23,0,0,0,0,98,,0,0,0,202.7826086956522,4.260869565217392,0.2608695652173913,,6,23,23,0,0,0,0,98,,0,0,0,202.7826086956522,4.260869565217392,0.2608695652173913,,6,0,0,,,,,0,,,,,0,0,0,,0
"Collection","/collections/hentai-sex-dolls-connecting-fantasy-to-reality",22,23,0,0,0,0,47,,0,0,0,53.21739130434783,2.0434782608695654,0.5652173913043478,,13,22,23,0,0,0,0,47,,0,0,0,53.21739130434783,2.0434782608695654,0.5652173913043478,,13,0,0,,,,,0,,,,,0,0,0,,0
"Product","/products/f5425-elsa-babe-hentai-anime-waifu-sex-dolls-silicone-head-150cm-27-5kg",18,22,1,0,0,0,117,,0.045454545454545456,0,0,257.40909090909093,5.318181818181818,0.6818181818181818,,15,18,22,1,0,0,0,117,,0.045454545454545456,0,0,257.40909090909093,5.318181818181818,0.6818181818181818,,15,0,0,0,,,,0,,0,,,0,0,0,,0
"Collection","/collections/sex-doll-anal",22,22,0,0,0,0,51,,0,0,0,47.22727272727273,2.3181818181818183,0.6818181818181818,,15,22,22,0,0,0,0,51,,0,0,0,47.22727272727273,2.3181818181818183,0.6818181818181818,,15,0,0,,,,,0,,,,,0,0,0,,0
,"/en-ca/collections/sex-doll-torso-dildo-for-woman",22,22,0,0,0,0,126,,0,0,0,232.45454545454547,5.7272727272727275,0.45454545454545453,,10,22,22,0,0,0,0,126,,0,0,0,232.45454545454547,5.7272727272727275,0.45454545454545453,,10,0,0,,,,,0,,,,,0,0,0,,0
"Collection","/collections/cheap-mini-sex-doll",22,22,1,0,0,0,46,,0.045454545454545456,0,0,54.40909090909091,2.090909090909091,0.5454545454545454,,12,22,22,1,0,0,0,46,,0.045454545454545456,0,0,54.40909090909091,2.090909090909091,0.5454545454545454,,12,0,0,0,,,,0,,0,,,0,0,0,,0
"Product","/products/v26-vajancle-silicone-right-feet",22,22,0,0,0,0,23,,0,0,0,68.27272727272727,1.0454545454545454,0.9545454545454546,,21,22,22,0,0,0,0,23,,0,0,0,68.27272727272727,1.0454545454545454,0.9545454545454546,,21,0,0,,,,,0,,,,,0,0,0,,0
"Collection","/collections/under-1000-full-doll",18,22,1,0,0,0,86,,0.045454545454545456,0,0,210.22727272727272,3.909090909090909,0.4090909090909091,,9,18,22,1,0,0,0,86,,0.045454545454545456,0,0,210.22727272727272,3.909090909090909,0.4090909090909091,,9,0,0,0,,,,0,,0,,,0,0,0,,0
"Collection","/collections/tpe-ass",20,22,1,1,0,0,120,0,0.045454545454545456,0.045454545454545456,0,354.1818181818182,5.454545454545454,0.36363636363636365,0,8,20,22,1,1,0,0,120,0,0.045454545454545456,0.045454545454545456,0,354.1818181818182,5.454545454545454,0.36363636363636365,0,8,0,0,0,0,,,0,,0,0,,0,0,0,,0
,"/en-ca/collections/flat-chest-sex-doll",21,21,0,0,0,0,87,,0,0,0,239.47619047619048,4.142857142857143,0.38095238095238093,,8,21,21,0,0,0,0,87,,0,0,0,239.47619047619048,4.142857142857143,0.38095238095238093,,8,0,0,,,,,0,,,,,0,0,0,,0
"Collection","/collections/monster-hentai-sex-doll",20,21,0,0,0,0,68,,0,0,0,111.76190476190476,3.238095238095238,0.5714285714285714,,12,20,21,0,0,0,0,68,,0,0,0,111.76190476190476,3.238095238095238,0.5714285714285714,,12,0,0,,,,,0,,,,,0,0,0,,0
"Collection","/collections/electric-sex-doll-head",21,21,1,0,0,0,109,,0.047619047619047616,0,0,206.8095238095238,5.190476190476191,0.3333333333333333,,7,21,21,1,0,0,0,109,,0.047619047619047616,0,0,206.8095238095238,5.190476190476191,0.3333333333333333,,7,0,0,0,,,,0,,0,,,0,0,0,,0
"Collection","/collections/life-size-torso",17,21,0,0,0,0,110,,0,0,0,245.66666666666666,5.238095238095238,0.38095238095238093,,8,17,21,0,0,0,0,110,,0,0,0,245.66666666666666,5.238095238095238,0.38095238095238093,,8,0,0,,,,,0,,,,,0,0,0,,0
"Collection","/collections/shemale-sex-doll",21,21,0,0,0,0,78,,0,0,0,161.71428571428572,3.7142857142857144,0.38095238095238093,,8,21,21,0,0,0,0,78,,0,0,0,161.71428571428572,3.7142857142857144,0.38095238095238093,,8,0,0,,,,,0,,,,,0,0,0,,0
"Product","/collections/sex-doll-torso/products/591sex-doll-torso",21,21,0,0,0,0,81,,0,0,0,137.85714285714286,3.857142857142857,0.3333333333333333,,7,21,21,0,0,0,0,81,,0,0,0,137.85714285714286,3.857142857142857,0.3333333333333333,,7,0,0,,,,,0,,,,,0,0,0,,0
"Search","/search",18,20,0,0,0,0,76,,0,0,0,278,3.8,0.5,,10,18,20,0,0,0,0,76,,0,0,0,278,3.8,0.5,,10,0,0,,,,,0,,,,,0,0,0,,0
"Custom Page","/pages/full-doll",20,20,0,0,0,0,139,,0,0,0,324.7,6.95,0.25,,5,20,20,0,0,0,0,139,,0,0,0,324.7,6.95,0.25,,5,0,0,,,,,0,,,,,0,0,0,,0
"Collection","/collections/200-299",20,20,0,0,0,0,34,,0,0,0,43.1,1.7,0.65,,13,20,20,0,0,0,0,34,,0,0,0,43.1,1.7,0.65,,13,0,0,,,,,0,,,,,0,0,0,,0
"Collection","/collections/male-sex-doll",20,20,0,0,0,0,54,,0,0,0,94,2.7,0.4,,8,20,20,0,0,0,0,54,,0,0,0,94,2.7,0.4,,8,0,0,,,,,0,,,,,0,0,0,,0
"Collection","/collections/fat-sex-doll",18,19,0,0,0,0,73,,0,0,0,260.7894736842105,3.8421052631578947,0.2631578947368421,,5,18,19,0,0,0,0,73,,0,0,0,260.7894736842105,3.8421052631578947,0.2631578947368421,,5,0,0,,,,,0,,,,,0,0,0,,0
"Custom Page","/pages/video9-irontech",12,19,0,0,0,0,70,,0,0,0,276.6842105263158,3.6842105263157894,0.6842105263157895,,13,12,19,0,0,0,0,70,,0,0,0,276.6842105263158,3.6842105263157894,0.6842105263157895,,13,0,0,,,,,0,,,,,0,0,0,,0
,"/en-ca/collections/sex-doll-torso",18,19,0,0,0,0,95,,0,0,0,398.2631578947368,5,0.3684210526315789,,7,18,19,0,0,0,0,95,,0,0,0,398.2631578947368,5,0.3684210526315789,,7,0,0,,,,,0,,,,,0,0,0,,0
,"/en-ca/collections/boob-job-sex-toys",17,18,0,0,0,0,109,,0,0,0,186.27777777777777,6.055555555555555,0.5,,9,17,18,0,0,0,0,109,,0,0,0,186.27777777777777,6.055555555555555,0.5,,9,0,0,,,,,0,,,,,0,0,0,,0
"Collection","/collections/halloween-sex-doll",18,18,0,0,0,0,29,,0,0,0,21.22222222222222,1.6111111111111112,0.7222222222222222,,13,18,18,0,0,0,0,29,,0,0,0,21.22222222222222,1.6111111111111112,0.7222222222222222,,13,0,0,,,,,0,,,,,0,0,0,,0
"Product","/products/t968-50-7lbs-92cm-silicone-luxury-super-realistic-human-size-sex-dolls-torso-with-head",18,18,0,0,0,0,18,,0,0,0,0.1111111111111111,1,1,,18,18,18,0,0,0,0,18,,0,0,0,0.1111111111111111,1,1,,18,0,0,,,,,0,,,,,0,0,0,,0
"Collection","/collections/electric-pocket-pussy",18,18,0,0,0,0,35,,0,0,0,19.333333333333332,1.9444444444444444,0.5,,9,18,18,0,0,0,0,35,,0,0,0,19.333333333333332,1.9444444444444444,0.5,,9,0,0,,,,,0,,,,,0,0,0,,0
"Product","/products/f6131-159cm-5ft3-36kg-c-cup-lifelike-silicone-head-tpe-body-sex-doll-rosretty-doll",18,18,0,0,0,0,21,,0,0,0,6.444444444444445,1.1666666666666667,0.9444444444444444,,17,18,18,0,0,0,0,21,,0,0,0,6.444444444444445,1.1666666666666667,0.9444444444444444,,17,0,0,,,,,0,,,,,0,0,0,,0
"Collection","/collections/bbw-latina-sex-doll",17,17,0,0,0,0,74,,0,0,0,237.88235294117646,4.352941176470588,0.4117647058823529,,7,17,17,0,0,0,0,74,,0,0,0,237.88235294117646,4.352941176470588,0.4117647058823529,,7,0,0,,,,,0,,,,,0,0,0,,0
"Blog Article","/blogs/dolls-info-qustions/is-a-fully-loose-skeleton-full-body-doll-worth-it",15,17,0,0,0,0,57,,0,0,0,172.35294117647058,3.3529411764705883,0.6470588235294118,,11,15,17,0,0,0,0,57,,0,0,0,172.35294117647058,3.3529411764705883,0.6470588235294118,,11,0,0,,,,,0,,,,,0,0,0,,0
"Collection","/collections/saggy-huge-breast-sex-doll",16,17,0,0,0,0,65,,0,0,0,180.64705882352942,3.823529411764706,0.29411764705882354,,5,16,17,0,0,0,0,65,,0,0,0,180.64705882352942,3.823529411764706,0.29411764705882354,,5,0,0,,,,,0,,,,,0,0,0,,0
"Checkout","/60719464687/orders/b9effcd6c9d9edce7873ea1d5b0470ff",6,17,0,0,0,0,18,,0,0,0,0.17647058823529413,1.0588235294117647,0.9411764705882353,,16,6,17,0,0,0,0,18,,0,0,0,0.17647058823529413,1.0588235294117647,0.9411764705882353,,16,0,0,,,,,0,,,,,0,0,0,,0
"Collection","/collections/black-pocket-pussy",17,17,0,0,0,0,18,,0,0,0,1.411764705882353,1.0588235294117647,0.9411764705882353,,16,17,17,0,0,0,0,18,,0,0,0,1.411764705882353,1.0588235294117647,0.9411764705882353,,16,0,0,,,,,0,,,,,0,0,0,,0
,"/ja/collections/male-sex-doll",10,17,0,0,0,0,21,,0,0,0,18.235294117647058,1.2352941176470589,0.8823529411764706,,15,10,17,0,0,0,0,21,,0,0,0,18.235294117647058,1.2352941176470589,0.8823529411764706,,15,0,0,,,,,0,,,,,0,0,0,,0
"Collection","/collections/fantasy-sex-dolls",17,17,1,0,0,0,110,,0.058823529411764705,0,0,318.52941176470586,6.470588235294118,0.29411764705882354,,5,17,17,1,0,0,0,110,,0.058823529411764705,0,0,318.52941176470586,6.470588235294118,0.29411764705882354,,5,0,0,0,,,,0,,0,,,0,0,0,,0
"Collection","/collections/sucking-vagina-ai-sex-doll",17,17,0,0,0,0,33,,0,0,0,143.23529411764707,1.9411764705882353,0.6470588235294118,,11,17,17,0,0,0,0,33,,0,0,0,143.23529411764707,1.9411764705882353,0.6470588235294118,,11,0,0,,,,,0,,,,,0,0,0,,0
"Blog Article","/blogs/dolls-info-qustions/what-weight-of-butt-torso-sex-dolls-is-most-suitable",17,17,0,0,0,0,39,,0,0,0,135.23529411764707,2.2941176470588234,0.5882352941176471,,10,17,17,0,0,0,0,39,,0,0,0,135.23529411764707,2.2941176470588234,0.5882352941176471,,10,0,0,,,,,0,,,,,0,0,0,,0
,"/de/collections/fake-pussy-fake-vagina-sex-toys",17,17,0,0,0,0,48,,0,0,0,188.1764705882353,2.823529411764706,0.5882352941176471,,10,17,17,0,0,0,0,48,,0,0,0,188.1764705882353,2.823529411764706,0.5882352941176471,,10,0,0,,,,,0,,,,,0,0,0,,0
"Collection","/collections/hyper-realistic-sex-doll",17,17,0,0,0,0,41,,0,0,0,71.11764705882354,2.411764705882353,0.4117647058823529,,7,17,17,0,0,0,0,41,,0,0,0,71.11764705882354,2.411764705882353,0.4117647058823529,,7,0,0,,,,,0,,,,,0,0,0,,0
,"/de/collections/bbw-ass-torso",17,17,0,0,0,0,44,,0,0,0,185.8235294117647,2.588235294117647,0.5882352941176471,,10,17,17,0,0,0,0,44,,0,0,0,185.8235294117647,2.588235294117647,0.5882352941176471,,10,0,0,,,,,0,,,,,0,0,0,,0
"Collection","/collections/pocket-pussy",17,17,0,0,0,0,37,,0,0,0,51.94117647058823,2.176470588235294,0.5294117647058824,,9,17,17,0,0,0,0,37,,0,0,0,51.94117647058823,2.176470588235294,0.5294117647058824,,9,0,0,,,,,0,,,,,0,0,0,,0
"Collection","/collections/mini-bbw-sex-doll",17,17,0,0,0,0,32,,0,0,0,137,1.8823529411764706,0.5294117647058824,,9,17,17,0,0,0,0,32,,0,0,0,137,1.8823529411764706,0.5294117647058824,,9,0,0,,,,,0,,,,,0,0,0,,0
,"/en-ca/blogs/featured-blog/how-to-diy-an-sex-doll-you",17,17,0,0,0,0,18,,0,0,0,0.17647058823529413,1.0588235294117647,0.9411764705882353,,16,17,17,0,0,0,0,18,,0,0,0,0.17647058823529413,1.0588235294117647,0.9411764705882353,,16,0,0,,,,,0,,,,,0,0,0,,0
"Collection","/collections/bbw-ass-torso",16,16,0,0,0,0,26,,0,0,0,36.6875,1.625,0.75,,12,16,16,0,0,0,0,26,,0,0,0,36.6875,1.625,0.75,,12,0,0,,,,,0,,,,,0,0,0,,0
,"/en-ca/collections/naked-sex-doll",13,16,0,0,0,0,37,,0,0,0,93.9375,2.3125,0.6875,,11,13,16,0,0,0,0,37,,0,0,0,93.9375,2.3125,0.6875,,11,0,0,,,,,0,,,,,0,0,0,,0
"Collection","/collections/doll-castle",13,16,0,0,0,0,154,,0,0,0,577.75,9.625,0.1875,,3,13,16,0,0,0,0,154,,0,0,0,577.75,9.625,0.1875,,3,0,0,,,,,0,,,,,0,0,0,,0
"Collection","/collections/teen-sex-dolls",13,16,0,0,0,0,50,,0,0,0,132.4375,3.125,0.6875,,11,13,16,0,0,0,0,50,,0,0,0,132.4375,3.125,0.6875,,11,0,0,,,,,0,,,,,0,0,0,,0
"Collection","/collections/300-600",16,16,0,0,0,0,58,,0,0,0,398.125,3.625,0.625,,10,16,16,0,0,0,0,58,,0,0,0,398.125,3.625,0.625,,10,0,0,,,,,0,,,,,0,0,0,,0
"Collection","/collections/mini-flat-chest-sex-doll",16,16,0,0,0,0,29,,0,0,0,94.375,1.8125,0.5625,,9,16,16,0,0,0,0,29,,0,0,0,94.375,1.8125,0.5625,,9,0,0,,,,,0,,,,,0,0,0,,0
,"/ja/pages/sex-doll-gif",15,15,0,0,0,0,15,,0,0,0,0,1,1,,15,15,15,0,0,0,0,15,,0,0,0,0,1,1,,15,0,0,,,,,0,,,,,,0,0,,0
"Collection","/collections/life-size-ass",14,15,1,0,0,0,103,,0.06666666666666667,0,0,486.8,6.866666666666666,0.26666666666666666,,4,14,15,1,0,0,0,103,,0.06666666666666667,0,0,486.8,6.866666666666666,0.26666666666666666,,4,0,0,0,,,,0,,0,,,0,0,0,,0
"Blog Article","/blogs/dolls-info-qustions/test-3",15,15,0,0,0,0,15,,0,0,0,0,1,1,,15,15,15,0,0,0,0,15,,0,0,0,0,1,1,,15,0,0,,,,,0,,,,,,0,0,,0
"Product","/products/a664-37-5lb-silicone-butt-sexy-and-real-realistic-big-ass-sex-doll-torso",13,15,0,0,0,0,56,,0,0,0,197.8,3.7333333333333334,0.26666666666666666,,4,13,15,0,0,0,0,56,,0,0,0,197.8,3.7333333333333334,0.26666666666666666,,4,0,0,,,,,0,,,,,0,0,0,,0
"Blog Article","/blogs/dolls-info-qustions/why-do-women-enjoy-anal-sex-5-honest-reasons-you-never-expected",15,15,0,0,0,0,17,,0,0,0,51.93333333333333,1.1333333333333333,0.9333333333333333,,14,15,15,0,0,0,0,17,,0,0,0,51.93333333333333,1.1333333333333333,0.9333333333333333,,14,0,0,,,,,0,,,,,0,0,0,,0
,"/ja/blogs/dolls-info-qustions/top-3-flat-chested-sex-dolls-of-2025-ultimate-flatness-unique-allure",15,15,0,0,0,0,49,,0,0,0,158.6,3.2666666666666666,0.8666666666666667,,13,15,15,0,0,0,0,49,,0,0,0,158.6,3.2666666666666666,0.8666666666666667,,13,0,0,,,,,0,,,,,0,0,0,,0
"Collection","/collections/8-9in-male-sex-doll",15,15,0,0,0,0,69,,0,0,0,206.86666666666667,4.6,0.4,,6,15,15,0,0,0,0,69,,0,0,0,206.86666666666667,4.6,0.4,,6,0,0,,,,,0,,,,,0,0,0,,0
"Collection","/collections/big-ass-sex-doll-tpe-body",14,15,2,1,0,0,89,0,0.13333333333333333,0.06666666666666667,0,439.6666666666667,5.933333333333334,0.3333333333333333,0,5,14,15,2,1,0,0,89,0,0.13333333333333333,0.06666666666666667,0,439.6666666666667,5.933333333333334,0.3333333333333333,0,5,0,0,0,0,,,0,,0,0,,0,0,0,,0
,"/en-ca/blogs/dolls-info-qustions/how-to-make-a-fake-ass-sex-toy",15,15,0,0,0,0,18,,0,0,0,89.86666666666666,1.2,0.9333333333333333,,14,15,15,0,0,0,0,18,,0,0,0,89.86666666666666,1.2,0.9333333333333333,,14,0,0,,,,,0,,,,,0,0,0,,0
"Collection","/collections/new-arrivals",6,15,0,0,0,0,32,,0,0,0,150.26666666666668,2.1333333333333333,0.6,,9,6,15,0,0,0,0,32,,0,0,0,150.26666666666668,2.1333333333333333,0.6,,9,0,0,,,,,0,,,,,0,0,0,,0
"Blog Article","/blogs/dolls-info-qustions/the-latest-sex-dolls-innovations-and-breakthroughs-in-2025",12,14,0,0,0,0,53,,0,0,0,321.35714285714283,3.7857142857142856,0.5,,7,12,14,0,0,0,0,53,,0,0,0,321.35714285714283,3.7857142857142856,0.5,,7,0,0,,,,,0,,,,,0,0,0,,0
"Collection","/collections/huge-breasts-japanese-sex-doll",14,14,0,0,0,0,20,,0,0,0,59.785714285714285,1.4285714285714286,0.7857142857142857,,11,14,14,0,0,0,0,20,,0,0,0,59.785714285714285,1.4285714285714286,0.7857142857142857,,11,0,0,,,,,0,,,,,0,0,0,,0
"Product","/products/b439-ultra-soft-silicone-sex-doll-boobs-titfuck-torso-erovenus",12,14,0,0,0,0,16,,0,0,0,118.14285714285714,1.1428571428571428,0.8571428571428571,,12,12,14,0,0,0,0,16,,0,0,0,118.14285714285714,1.1428571428571428,0.8571428571428571,,12,0,0,,,,,0,,,,,0,0,0,,0
"Collection","/collections/bbw-milf-sex-doll",14,14,0,0,0,0,52,,0,0,0,149.57142857142858,3.7142857142857144,0.5,,7,14,14,0,0,0,0,52,,0,0,0,149.57142857142858,3.7142857142857144,0.5,,7,0,0,,,,,0,,,,,0,0,0,,0
"Blog Article","/blogs/dolls-info-qustions/safely-disposing-the-used-sex-dolls",13,14,0,0,0,0,16,,0,0,0,0.5714285714285714,1.1428571428571428,0.9285714285714286,,13,13,14,0,0,0,0,16,,0,0,0,0.5714285714285714,1.1428571428571428,0.9285714285714286,,13,0,0,,,,,0,,,,,0,0,0,,0
,"/de/collections/shemale-sex-doll-torso-1",14,14,0,0,0,0,59,,0,0,0,260,4.214285714285714,0.42857142857142855,,6,14,14,0,0,0,0,59,,0,0,0,260,4.214285714285714,0.42857142857142855,,6,0,0,,,,,0,,,,,0,0,0,,0
"Collection","/collections/1600-1999-sex-doll",14,14,1,1,0,0,67,0,0.07142857142857142,0.07142857142857142,0,182.28571428571428,4.785714285714286,0.14285714285714285,0,2,14,14,1,1,0,0,67,0,0.07142857142857142,0.07142857142857142,0,182.28571428571428,4.785714285714286,0.14285714285714285,0,2,0,0,0,0,,,0,,0,0,,0,0,0,,0
"Blog Article","/blogs/dolls-info-qustions/vaginal-and-anal-design-of-life-size-sex-dolls",14,14,1,0,0,0,73,,0.07142857142857142,0,0,174.14285714285714,5.214285714285714,0.5714285714285714,,8,14,14,1,0,0,0,73,,0.07142857142857142,0,0,174.14285714285714,5.214285714285714,0.5714285714285714,,8,0,0,0,,,,0,,0,,,0,0,0,,0
,"/en-ca/collections/fake-pussy-fake-vagina-sex-toys",14,14,0,0,0,0,43,,0,0,0,114.85714285714286,3.0714285714285716,0.5714285714285714,,8,14,14,0,0,0,0,43,,0,0,0,114.85714285714286,3.0714285714285716,0.5714285714285714,,8,0,0,,,,,0,,,,,0,0,0,,0
"Blog Article","/blogs/dolls-info-qustions/a-must-read-for-anime-fans-anime-futa-sex-dolls-bring-your-2d-fantasy-to-life",14,14,1,0,0,0,74,,0.07142857142857142,0,0,141.42857142857142,5.285714285714286,0.42857142857142855,,6,14,14,1,0,0,0,74,,0.07142857142857142,0,0,141.42857142857142,5.285714285714286,0.42857142857142855,,6,0,0,0,,,,0,,0,,,0,0,0,,0
,"/de/collections/big-ass-sex-doll-life-size",14,14,0,0,0,0,46,,0,0,0,78.35714285714286,3.2857142857142856,0.5714285714285714,,8,14,14,0,0,0,0,46,,0,0,0,78.35714285714286,3.2857142857142856,0.5714285714285714,,8,0,0,,,,,0,,,,,0,0,0,,0
"Collection","/collections/mini-silicone-torso",13,13,0,0,0,0,19,,0,0,0,81,1.4615384615384615,0.6923076923076923,,9,13,13,0,0,0,0,19,,0,0,0,81,1.4615384615384615,0.6923076923076923,,9,0,0,,,,,0,,,,,0,0,0,,0
,"/en-ca/collections/vibrating-sex-doll-torso",13,13,1,1,0,0,75,0,0.07692307692307693,0.07692307692307693,0,353.7692307692308,5.769230769230769,0.38461538461538464,0,5,13,13,1,1,0,0,75,0,0.07692307692307693,0.07692307692307693,0,353.7692307692308,5.769230769230769,0.38461538461538464,0,5,0,0,0,0,,,0,,0,0,,0,0,0,,0
"Collection","/collections/top-cydoll",13,13,0,0,0,0,36,,0,0,0,121.92307692307692,2.769230769230769,0.46153846153846156,,6,13,13,0,0,0,0,36,,0,0,0,121.92307692307692,2.769230769230769,0.46153846153846156,,6,0,0,,,,,0,,,,,0,0,0,,0
"Collection","/collections/big-boobs-sex-dolls",10,13,0,0,0,0,62,,0,0,0,252.15384615384616,4.769230769230769,0.46153846153846156,,6,10,13,0,0,0,0,62,,0,0,0,252.15384615384616,4.769230769230769,0.46153846153846156,,6,0,0,,,,,0,,,,,0,0,0,,0
,"/en-fi/pages/torso-sex-doll-videos",11,13,0,0,0,0,19,,0,0,0,26.846153846153847,1.4615384615384615,0.8461538461538461,,11,11,13,0,0,0,0,19,,0,0,0,26.846153846153847,1.4615384615384615,0.8461538461538461,,11,0,0,,,,,0,,,,,0,0,0,,0
,"/de/collections/flat-chest-sex-doll",13,13,0,0,0,0,49,,0,0,0,133.76923076923077,3.769230769230769,0.5384615384615384,,7,13,13,0,0,0,0,49,,0,0,0,133.76923076923077,3.769230769230769,0.5384615384615384,,7,0,0,,,,,0,,,,,0,0,0,,0
"Checkout","/60719464687/orders/b2cf61add1cb410b027974a0113bd604",2,13,0,0,0,0,24,,0,0,0,101,1.8461538461538463,0.7692307692307693,,10,2,13,0,0,0,0,24,,0,0,0,101,1.8461538461538463,0.7692307692307693,,10,0,0,,,,,0,,,,,0,0,0,,0
"Blog Article","/blogs/dolls-info-qustions/zelex-sle-3-0-upgrade-all-new-features-same-great-price",13,13,0,0,0,0,23,,0,0,0,128.23076923076923,1.7692307692307692,0.7692307692307693,,10,13,13,0,0,0,0,23,,0,0,0,128.23076923076923,1.7692307692307692,0.7692307692307693,,10,0,0,,,,,0,,,,,0,0,0,,0
"Collection","/collections/milf-sex-dolls",13,13,0,0,0,0,32,,0,0,0,82.46153846153847,2.4615384615384617,0.5384615384615384,,7,13,13,0,0,0,0,32,,0,0,0,82.46153846153847,2.4615384615384617,0.5384615384615384,,7,0,0,,,,,0,,,,,0,0,0,,0
"Collection","/collections/sex-doll-factory-pictures",9,13,0,0,0,0,125,,0,0,0,517.6923076923077,9.615384615384615,0.3076923076923077,,4,9,13,0,0,0,0,125,,0,0,0,517.6923076923077,9.615384615384615,0.3076923076923077,,4,0,0,,,,,0,,,,,0,0,0,,0
"Product","/products/h125-sex-doll-head",13,13,2,2,0,0,31,0,0.15384615384615385,0.15384615384615385,0,295.15384615384613,2.3846153846153846,0.6923076923076923,0,9,13,13,2,2,0,0,31,0,0.15384615384615385,0.15384615384615385,0,295.15384615384613,2.3846153846153846,0.6923076923076923,0,9,0,0,0,0,,,0,,0,0,,0,0,0,,0
"Blog Article","/blogs/dolls-info-qustions/se-doll-sex-bot-series-feature-comparison-waist-rotation-vs-hip-thrusting-vs-head-nodding",10,12,0,0,0,0,71,,0,0,0,516.8333333333334,5.916666666666667,0.5833333333333334,,7,10,12,0,0,0,0,71,,0,0,0,516.8333333333334,5.916666666666667,0.5833333333333334,,7,0,0,,,,,0,,,,,0,0,0,,0
"Custom Page","/pages/all-category",10,12,0,0,0,0,92,,0,0,0,306.5,7.666666666666667,0.25,,3,10,12,0,0,0,0,92,,0,0,0,306.5,7.666666666666667,0.25,,3,0,0,,,,,0,,,,,0,0,0,,0
"Collection","/collections/anime-sex-doll-torso",12,12,0,0,0,0,19,,0,0,0,31.75,1.5833333333333333,0.6666666666666666,,8,12,12,0,0,0,0,19,,0,0,0,31.75,1.5833333333333333,0.6666666666666666,,8,0,0,,,,,0,,,,,0,0,0,,0
"Product","/products/a599-83lb-coco-sucking-doggy-style-bbw-big-booty-sex-doll-torso-luxury-realistic-biggest-ass-sex-toy",12,12,0,0,0,0,49,,0,0,0,278.8333333333333,4.083333333333333,0.6666666666666666,,8,12,12,0,0,0,0,49,,0,0,0,278.8333333333333,4.083333333333333,0.6666666666666666,,8,0,0,,,,,0,,,,,0,0,0,,0
"Collection","/collections/porn-celebrities",11,12,0,0,0,0,41,,0,0,0,64.66666666666667,3.4166666666666665,0.5833333333333334,,7,11,12,0,0,0,0,41,,0,0,0,64.66666666666667,3.4166666666666665,0.5833333333333334,,7,0,0,,,,,0,,,,,0,0,0,,0
,"/de/collections/huge-breast-torso-sex-doll",12,12,2,1,0,0,91,0,0.16666666666666666,0.08333333333333333,0,277.25,7.583333333333333,0.4166666666666667,0,5,12,12,2,1,0,0,91,0,0.16666666666666666,0.08333333333333333,0,277.25,7.583333333333333,0.4166666666666667,0,5,0,0,0,0,,,0,,0,0,,0,0,0,,0
"Collection","/collections/anime-cosplay-sex-doll",12,12,0,0,0,0,29,,0,0,0,25.833333333333332,2.4166666666666665,0.5,,6,12,12,0,0,0,0,29,,0,0,0,25.833333333333332,2.4166666666666665,0.5,,6,0,0,,,,,0,,,,,0,0,0,,0
"Product","/products/v324-silicone-ultra-realistic-foot-toy-with-veins-and-wrinkles",12,12,0,0,0,0,15,,0,0,0,6.833333333333333,1.25,0.8333333333333334,,10,12,12,0,0,0,0,15,,0,0,0,6.833333333333333,1.25,0.8333333333333334,,10,0,0,,,,,0,,,,,0,0,0,,0
"Blog Article","/blogs/featured-blog/best-torso-sex-doll-brands-of-2026",12,12,1,0,0,0,49,,0.08333333333333333,0,0,336.0833333333333,4.083333333333333,0.3333333333333333,,4,12,12,1,0,0,0,49,,0.08333333333333333,0,0,336.0833333333333,4.083333333333333,0.3333333333333333,,4,0,0,0,,,,0,,0,,,0,0,0,,0
"Collection","/collections/s-tpe-doll",10,12,0,0,0,0,24,,0,0,0,84.75,2,0.75,,9,10,12,0,0,0,0,24,,0,0,0,84.75,2,0.75,,9,0,0,,,,,0,,,,,0,0,0,,0
"Collection","/collections/top-rated-japanese-sex-dolls-in-2026",11,11,0,0,0,0,51,,0,0,0,348.1818181818182,4.636363636363637,0.6363636363636364,,7,11,11,0,0,0,0,51,,0,0,0,348.1818181818182,4.636363636363637,0.6363636363636364,,7,0,0,,,,,0,,,,,0,0,0,,0
"Collection","/collections/sex-doll-torso-with-head",11,11,0,0,0,0,28,,0,0,0,328.54545454545456,2.5454545454545454,0.36363636363636365,,4,11,11,0,0,0,0,28,,0,0,0,328.54545454545456,2.5454545454545454,0.36363636363636365,,4,0,0,,,,,0,,,,,0,0,0,,0
"Product","/products/b43-silicone-sex-doll-big-boobs-torso-gel-breasts",11,11,0,0,0,0,41,,0,0,0,130.72727272727272,3.727272727272727,0.9090909090909091,,10,11,11,0,0,0,0,41,,0,0,0,130.72727272727272,3.727272727272727,0.9090909090909091,,10,0,0,,,,,0,,,,,0,0,0,,0
"Blog Article","/blogs/dolls-info-qustions/have-sex-with-a-japnese-sex-doll",11,11,0,0,0,0,11,,0,0,0,0,1,1,,11,11,11,0,0,0,0,11,,0,0,0,0,1,1,,11,0,0,,,,,0,,,,,,0,0,,0
"Collection","/collections/big-ass-sex-doll-torso",10,11,0,0,0,0,69,,0,0,0,522.8181818181819,6.2727272727272725,0.45454545454545453,,5,10,11,0,0,0,0,69,,0,0,0,522.8181818181819,6.2727272727272725,0.45454545454545453,,5,0,0,,,,,0,,,,,0,0,0,,0
"Blog Article","/blogs/recent-brand-updates-new-arrivals-for-sex-dolls/se-x-bot-ai-sex-doll-head-review",10,11,1,0,0,0,48,,0.09090909090909091,0,0,183.9090909090909,4.363636363636363,0.2727272727272727,,3,10,11,1,0,0,0,48,,0.09090909090909091,0,0,183.9090909090909,4.363636363636363,0.2727272727272727,,3,0,0,0,,,,0,,0,,,0,0,0,,0
,"/de/collections/sex-doll-feet",11,11,0,0,0,0,32,,0,0,0,60.54545454545455,2.909090909090909,0.6363636363636364,,7,11,11,0,0,0,0,32,,0,0,0,60.54545454545455,2.909090909090909,0.6363636363636364,,7,0,0,,,,,0,,,,,0,0,0,,0
,"/de/collections/anime-sex-doll",11,11,0,0,0,0,50,,0,0,0,190.27272727272728,4.545454545454546,0.2727272727272727,,3,11,11,0,0,0,0,50,,0,0,0,190.27272727272728,4.545454545454546,0.2727272727272727,,3,0,0,,,,,0,,,,,0,0,0,,0
"Product","/products/p379-3-86lb-anime-fake-pussy-medusa-silicone-hentai-sex-doll-mrl",10,10,0,0,0,0,12,,0,0,0,6,1.2,0.8,,8,10,10,0,0,0,0,12,,0,0,0,6,1.2,0.8,,8,0,0,,,,,0,,,,,0,0,0,,0
,"/de/blogs/dolls-info-qustions/what-are-the-sex-positions-with-my-arab-sex-doll",8,10,0,0,0,0,13,,0,0,0,6.7,1.3,0.9,,9,8,10,0,0,0,0,13,,0,0,0,6.7,1.3,0.9,,9,0,0,,,,,0,,,,,0,0,0,,0
,"/products_preview",4,10,0,0,0,0,21,,0,0,0,362.8,2.1,0.5,,5,4,10,0,0,0,0,21,,0,0,0,362.8,2.1,0.5,,5,0,0,,,,,0,,,,,0,0,0,,0
"Collection","/collections/silicone-sex-dolls",10,10,0,0,0,0,35,,0,0,0,224.4,3.5,0.5,,5,10,10,0,0,0,0,35,,0,0,0,224.4,3.5,0.5,,5,0,0,,,,,0,,,,,0,0,0,,0
"Blog Article","/blogs/dolls-info-qustions/2025-best-furry-sex-doll-picks-your-fantasy-comes-to-life",10,10,0,0,0,0,17,,0,0,0,36.6,1.7,0.6,,6,10,10,0,0,0,0,17,,0,0,0,36.6,1.7,0.6,,6,0,0,,,,,0,,,,,0,0,0,,0
"Collection","/collections/rosertty-doll",8,10,0,0,0,0,73,,0,0,0,663.2,7.3,0.6,,6,8,10,0,0,0,0,73,,0,0,0,663.2,7.3,0.6,,6,0,0,,,,,0,,,,,0,0,0,,0
,"/de/blogs/dolls-info-qustions/shocking-in-depth-review-of-naimi-1-1-celebrity-sex-doll",10,10,0,0,0,0,19,,0,0,0,49.2,1.9,0.8,,8,10,10,0,0,0,0,19,,0,0,0,49.2,1.9,0.8,,8,0,0,,,,,0,,,,,0,0,0,,0
"Collection","/collections/erovenus-sex-doll",10,10,0,0,0,0,36,,0,0,0,175.2,3.6,0.5,,5,10,10,0,0,0,0,36,,0,0,0,175.2,3.6,0.5,,5,0,0,,,,,0,,,,,0,0,0,,0
"Collection","/collections/electric-male-sex-doll",10,10,0,0,0,0,32,,0,0,0,97.1,3.2,0.3,,3,10,10,0,0,0,0,32,,0,0,0,97.1,3.2,0.3,,3,0,0,,,,,0,,,,,0,0,0,,0
"Product","/products/f7891-14kg-silicone-cute-furry-sex-doll-demon-sheep-rabbit-mrl",7,10,0,0,0,0,13,,0,0,0,7.3,1.3,0.9,,9,7,10,0,0,0,0,13,,0,0,0,7.3,1.3,0.9,,9,0,0,,,,,0,,,,,0,0,0,,0
"Product","/products/f6266-172cm-5-6ft-37-5kg-a-cup-realistic-flat-chest-sex-doll-with-ros-head-top-cydoll",10,10,0,0,0,0,10,,0,0,0,0,1,1,,10,10,10,0,0,0,0,10,,0,0,0,0,1,1,,10,0,0,,,,,0,,,,,,0,0,,0
"Collection","/collections/big-ass-sex-doll-mini-torso",9,10,0,0,0,0,35,,0,0,0,115.3,3.5,0.3,,3,9,10,0,0,0,0,35,,0,0,0,115.3,3.5,0.3,,3,0,0,,,,,0,,,,,0,0,0,,0
"Blog Article","/blogs/dolls-info-qustions/new-sigafun-series-officially-released-every-model-is-irresistible",10,10,0,0,0,0,23,,0,0,0,124.4,2.3,0.5,,5,10,10,0,0,0,0,23,,0,0,0,124.4,2.3,0.5,,5,0,0,,,,,0,,,,,0,0,0,,0
"Product","/products/f5978-156cm-5ft1-f-cup-big-ass-large-breast-silicone-head-sex-doll-2025-sy-doll",2,10,0,0,0,0,23,,0,0,0,84.7,2.3,0.9,,9,2,10,0,0,0,0,23,,0,0,0,84.7,2.3,0.9,,9,0,0,,,,,0,,,,,0,0,0,,0
,"/ja/collections/vibrating-sex-doll-torso",10,10,0,0,0,0,19,,0,0,0,144.1,1.9,0.8,,8,10,10,0,0,0,0,19,,0,0,0,144.1,1.9,0.8,,8,0,0,,,,,0,,,,,0,0,0,,0
,"/en-ca/collections/anime-mini-sex-doll",9,10,0,0,0,0,35,,0,0,0,228.5,3.5,0.4,,4,9,10,0,0,0,0,35,,0,0,0,228.5,3.5,0.4,,4,0,0,,,,,0,,,,,0,0,0,,0
"Blog Article","/blogs/dolls-info-qustions/real-lady-vs-mlw-sex-dolls-unboxing-hands-on-review",9,10,0,0,0,0,28,,0,0,0,83.3,2.8,0.5,,5,9,10,0,0,0,0,28,,0,0,0,83.3,2.8,0.5,,5,0,0,,,,,0,,,,,0,0,0,,0
"Product","/products/f6101-158cm-5ft2-47kg-c-cup-asian-silicone-sex-doll-shedoll",1,10,0,0,0,0,11,,0,0,0,139.4,1.1,0.9,,9,1,10,0,0,0,0,11,,0,0,0,139.4,1.1,0.9,,9,0,0,,,,,0,,,,,0,0,0,,0
"Blog Article","/blogs/dolls-info-qustions/exploring-the-best-breasts-for-titty-fucking",10,10,0,0,0,0,12,,0,0,0,72.6,1.2,0.8,,8,10,10,0,0,0,0,12,,0,0,0,72.6,1.2,0.8,,8,0,0,,,,,0,,,,,0,0,0,,0
"Collection","/collections/huge-breast-torso-sex-doll",10,10,0,0,0,0,36,,0,0,0,277.9,3.6,0.4,,4,10,10,0,0,0,0,36,,0,0,0,277.9,3.6,0.4,,4,0,0,,,,,0,,,,,0,0,0,,0
"Blog Article","/blogs/featured-blog/what-is-a-sex-doll",9,9,0,0,0,0,18,,0,0,0,92.44444444444444,2,0.7777777777777778,,7,9,9,0,0,0,0,18,,0,0,0,92.44444444444444,2,0.7777777777777778,,7,0,0,,,,,0,,,,,0,0,0,,0
"Product","/products/a720-s-tpe-bbw-big-ass-fat-sex-doll-torso",5,9,0,0,0,0,9,,0,0,0,0,1,1,,9,5,9,0,0,0,0,9,,0,0,0,0,1,1,,9,0,0,,,,,0,,,,,,0,0,,0
,"/en-ca/collections/futa-sex-doll",9,9,0,0,0,0,19,,0,0,0,49.333333333333336,2.111111111111111,0.5555555555555556,,5,9,9,0,0,0,0,19,,0,0,0,49.333333333333336,2.111111111111111,0.5555555555555556,,5,0,0,,,,,0,,,,,0,0,0,,0
"Product","/products/f5700-160cm-5ft4-55kg-q-cup-silicone-anime-bear-furry-sex-doll-with-round-ears-castle-doll",5,9,1,0,0,0,28,,0.1111111111111111,0,0,76.44444444444444,3.111111111111111,0.7777777777777778,,7,5,9,1,0,0,0,28,,0.1111111111111111,0,0,76.44444444444444,3.111111111111111,0.7777777777777778,,7,0,0,0,,,,0,,0,,,0,0,0,,0
"Collection","/collections/big-ass-sex-dolls",9,9,0,0,0,0,44,,0,0,0,111.55555555555556,4.888888888888889,0.3333333333333333,,3,9,9,0,0,0,0,44,,0,0,0,111.55555555555556,4.888888888888889,0.3333333333333333,,3,0,0,,,,,0,,,,,0,0,0,,0
"Collection","/collections/latina-sex-doll-heads",8,9,0,0,0,0,15,,0,0,0,69.55555555555556,1.6666666666666667,0.8888888888888888,,8,8,9,0,0,0,0,15,,0,0,0,69.55555555555556,1.6666666666666667,0.8888888888888888,,8,0,0,,,,,0,,,,,0,0,0,,0
,"/de/collections/mini-hentai-sex-doll",9,9,0,0,0,0,31,,0,0,0,57.333333333333336,3.4444444444444446,0.6666666666666666,,6,9,9,0,0,0,0,31,,0,0,0,57.333333333333336,3.4444444444444446,0.6666666666666666,,6,0,0,,,,,0,,,,,0,0,0,,0
"Collection","/collections/anime-sex-doll-cheap",9,9,1,0,0,0,77,,0.1111111111111111,0,0,414.1111111111111,8.555555555555555,0.4444444444444444,,4,9,9,1,0,0,0,77,,0.1111111111111111,0,0,414.1111111111111,8.555555555555555,0.4444444444444444,,4,0,0,0,,,,0,,0,,,0,0,0,,0
,"/ja/collections/sex-doll-factory-pictures",3,9,0,0,0,0,15,,0,0,0,10.555555555555555,1.6666666666666667,0.8888888888888888,,8,3,9,0,0,0,0,15,,0,0,0,10.555555555555555,1.6666666666666667,0.8888888888888888,,8,0,0,,,,,0,,,,,0,0,0,,0
"Blog Article","/blogs/dolls-info-qustions/%F0%9F%94%A5-2025-best-fake-ass-sex-toy-recommendations-6-ultra-realistic-big-booty-dolls-for-ultimate-pleasure",9,9,0,0,0,0,31,,0,0,0,233.44444444444446,3.4444444444444446,0.5555555555555556,,5,9,9,0,0,0,0,31,,0,0,0,233.44444444444446,3.4444444444444446,0.5555555555555556,,5,0,0,,,,,0,,,,,0,0,0,,0
"Collection","/collections/bbw-life-size-torso",9,9,0,0,0,0,38,,0,0,0,122.77777777777777,4.222222222222222,0.3333333333333333,,3,9,9,0,0,0,0,38,,0,0,0,122.77777777777777,4.222222222222222,0.3333333333333333,,3,0,0,,,,,0,,,,,0,0,0,,0
"Product","/products/p382-2-4lb-dragon-head-silicone-hentai-sex-doll-torso-toy-male-masturbator-mrl",9,9,1,0,0,0,27,,0.1111111111111111,0,0,24.555555555555557,3,0.6666666666666666,,6,9,9,1,0,0,0,27,,0.1111111111111111,0,0,24.555555555555557,3,0.6666666666666666,,6,0,0,0,,,,0,,0,,,0,0,0,,0
"Product","/products/a660-big-ass-torso-silicone-25lb-super-elastic-realistic",7,9,1,0,0,0,103,,0.1111111111111111,0,0,862.7777777777778,11.444444444444445,0.4444444444444444,,4,7,9,1,0,0,0,103,,0.1111111111111111,0,0,862.7777777777778,11.444444444444445,0.4444444444444444,,4,0,0,0,,,,0,,0,,,0,0,0,,0
"Product","/products/t444-37-48lb-realistic-silicone-shemale-sex-doll-torso-with-8-3-huge-detachable-dildo-lovenestle-series",7,9,0,0,0,0,9,,0,0,0,0,1,1,,9,7,9,0,0,0,0,9,,0,0,0,0,1,1,,9,0,0,,,,,0,,,,,,0,0,,0
"Blog Article","/blogs/complete-sex-doll-guide-for-beginners/sex-doll-unboxing-guide-for-beginners-what-every-new-owner-should-know",9,9,0,0,0,0,12,,0,0,0,4.666666666666667,1.3333333333333333,0.7777777777777778,,7,9,9,0,0,0,0,12,,0,0,0,4.666666666666667,1.3333333333333333,0.7777777777777778,,7,0,0,,,,,0,,,,,0,0,0,,0
"Blog Article","/blogs/dolls-info-qustions/does-the-sex-doll-feel-real-an-honest-review-from-a-real-user",9,9,0,0,0,0,65,,0,0,0,456.55555555555554,7.222222222222222,0.8888888888888888,,8,9,9,0,0,0,0,65,,0,0,0,456.55555555555554,7.222222222222222,0.8888888888888888,,8,0,0,,,,,0,,,,,0,0,0,,0
"Blog Article","/blogs/dolls-info-qustions/how-to-make-fake-pussy",9,9,0,0,0,0,54,,0,0,0,88.88888888888889,6,0.4444444444444444,,4,9,9,0,0,0,0,54,,0,0,0,88.88888888888889,6,0.4444444444444444,,4,0,0,,,,,0,,,,,0,0,0,,0
"Collection","/collections/torso-only",8,9,0,0,0,0,41,,0,0,0,272.44444444444446,4.555555555555555,0.1111111111111111,,1,8,9,0,0,0,0,41,,0,0,0,272.44444444444446,4.555555555555555,0.1111111111111111,,1,0,0,,,,,0,,,,,0,0,0,,0
"Collection","/collections/anime-elf-sex-doll",8,9,0,0,0,0,79,,0,0,0,463.3333333333333,8.777777777777779,0.3333333333333333,,3,8,9,0,0,0,0,79,,0,0,0,463.3333333333333,8.777777777777779,0.3333333333333333,,3,0,0,,,,,0,,,,,0,0,0,,0
,"/de/collections/erovenus-sex-doll",9,9,0,0,0,0,29,,0,0,0,118.66666666666667,3.2222222222222223,0.4444444444444444,,4,9,9,0,0,0,0,29,,0,0,0,118.66666666666667,3.2222222222222223,0.4444444444444444,,4,0,0,,,,,0,,,,,0,0,0,,0
"Product","/products/a351-7-7lb-silicone-deer-ass-furry-sex-doll-torso-mrl",9,9,0,0,0,0,9,,0,0,0,0,1,1,,9,9,9,0,0,0,0,9,,0,0,0,0,1,1,,9,0,0,,,,,0,,,,,,0,0,,0
"Blog Index","/blogs/dolls-info-qustions/articles",3,9,0,0,0,0,24,,0,0,0,845,2.6666666666666665,0.3333333333333333,,3,3,9,0,0,0,0,24,,0,0,0,845,2.6666666666666665,0.3333333333333333,,3,0,0,,,,,0,,,,,0,0,0,,0
"Checkout","/60719464687/orders/33188f4addead1749ee8d24a278efb42",1,9,0,0,0,0,24,,0,0,0,510.55555555555554,2.6666666666666665,0.3333333333333333,,3,1,9,0,0,0,0,24,,0,0,0,510.55555555555554,2.6666666666666665,0.3333333333333333,,3,0,0,,,,,0,,,,,0,0,0,,0
,"/de/blogs/dolls-info-qustions/gentlemans-paradise-exploring-nsfw-anime-figures-and-sex-dolls",9,9,0,0,0,0,14,,0,0,0,29.88888888888889,1.5555555555555556,0.7777777777777778,,7,9,9,0,0,0,0,14,,0,0,0,29.88888888888889,1.5555555555555556,0.7777777777777778,,7,0,0,,,,,0,,,,,0,0,0,,0
"Product","/products/f7601-170cm-5ft6-41kg-tpe-huge-breast-sex-doll-in-stock-us",2,9,0,0,0,0,9,,0,0,0,0,1,1,,9,2,9,0,0,0,0,9,,0,0,0,0,1,1,,9,0,0,,,,,0,,,,,,0,0,,0
"Collection","/collections/best-sellers-in-big-boobs",9,9,0,0,0,0,13,,0,0,0,15.88888888888889,1.4444444444444444,0.6666666666666666,,6,9,9,0,0,0,0,13,,0,0,0,15.88888888888889,1.4444444444444444,0.6666666666666666,,6,0,0,,,,,0,,,,,0,0,0,,0
"Blog Article","/blogs/dolls-info-qustions/what-oral-depth-of-a-sex-doll-head-is-best-for-blowjobs",9,9,0,0,0,0,16,,0,0,0,42.111111111111114,1.7777777777777777,0.4444444444444444,,4,9,9,0,0,0,0,16,,0,0,0,42.111111111111114,1.7777777777777777,0.4444444444444444,,4,0,0,,,,,0,,,,,0,0,0,,0
"Collection","/collections/japanese-anime-sex-doll",8,9,0,0,0,0,31,,0,0,0,344.1111111111111,3.4444444444444446,0.3333333333333333,,3,8,9,0,0,0,0,31,,0,0,0,344.1111111111111,3.4444444444444446,0.3333333333333333,,3,0,0,,,,,0,,,,,0,0,0,,0
,"/de/collections/bbw-sex-doll-torso",9,9,0,0,0,0,42,,0,0,0,153,4.666666666666667,0.3333333333333333,,3,9,9,0,0,0,0,42,,0,0,0,153,4.666666666666667,0.3333333333333333,,3,0,0,,,,,0,,,,,0,0,0,,0
,"/de/collections/enchanting-delights-2024-top-real-sex-doll-recommendations",8,8,0,0,0,0,19,,0,0,0,35.25,2.375,0.625,,5,8,8,0,0,0,0,19,,0,0,0,35.25,2.375,0.625,,5,0,0,,,,,0,,,,,0,0,0,,0
,"/de/blogs/sex-doll-torso-blog/top-7-sex-poses-with-your-torso-sex-doll",8,8,0,0,0,0,14,,0,0,0,260.25,1.75,0.625,,5,8,8,0,0,0,0,14,,0,0,0,260.25,1.75,0.625,,5,0,0,,,,,0,,,,,0,0,0,,0
"Blog Article","/blogs/dolls-info-qustions/how-to-choose-a-sex-doll-torso-that-matches-your-height",8,8,0,0,0,0,10,,0,0,0,4.75,1.25,0.75,,6,8,8,0,0,0,0,10,,0,0,0,4.75,1.25,0.75,,6,0,0,,,,,0,,,,,0,0,0,,0
"Custom Page","/pages/celebrity-sex-doll-guide",8,8,0,0,0,0,35,,0,0,0,370.75,4.375,0.125,,1,8,8,0,0,0,0,35,,0,0,0,370.75,4.375,0.125,,1,0,0,,,,,0,,,,,0,0,0,,0
,"/ja/collections/robotic-sex-doll",8,8,0,0,0,0,49,,0,0,0,209.625,6.125,0.5,,4,8,8,0,0,0,0,49,,0,0,0,209.625,6.125,0.5,,4,0,0,,,,,0,,,,,0,0,0,,0
"Blog Article","/blogs/dolls-info-qustions/2025-how-to-perform-oral-sex-with-a-real-sex-doll",8,8,0,0,0,0,25,,0,0,0,172,3.125,0.375,,3,8,8,0,0,0,0,25,,0,0,0,172,3.125,0.375,,3,0,0,,,,,0,,,,,0,0,0,,0
,"/en-ca/collections/lesbian-sex-doll-torso",8,8,0,0,0,0,10,,0,0,0,13.125,1.25,0.75,,6,8,8,0,0,0,0,10,,0,0,0,13.125,1.25,0.75,,6,0,0,,,,,0,,,,,0,0,0,,0
"Collection","/collections/black-sex-doll-heads",8,8,0,0,0,0,25,,0,0,0,317.5,3.125,0.5,,4,8,8,0,0,0,0,25,,0,0,0,317.5,3.125,0.5,,4,0,0,,,,,0,,,,,0,0,0,,0
"Collection","/collections/bbw-sex-dolls",7,8,1,0,0,0,85,,0.125,0,0,843.75,10.625,0.375,,3,7,8,1,0,0,0,85,,0.125,0,0,843.75,10.625,0.375,,3,0,0,0,,,,0,,0,,,0,0,0,,0
"Product","/products/b42-7-7lbs-silicone-breast-vagina-sex-toy",5,8,1,1,0,0,21,0,0.125,0.125,0,60,2.625,0.625,0,5,5,8,1,1,0,0,21,0,0.125,0.125,0,60,2.625,0.625,0,5,0,0,0,0,,,0,,0,0,,0,0,0,,0
"Product","/products/f110-165cm-37kg-finley-thin-face-shy-asian-teen-tpe-cute-femboy-sex-doll-qita-doll",4,8,0,0,0,0,87,,0,0,0,522.375,10.875,0.375,,3,4,8,0,0,0,0,87,,0,0,0,522.375,10.875,0.375,,3,0,0,,,,,0,,,,,0,0,0,,0
"Collection","/collections/the-best-male-sex-dolls-of-2024-explained-choosing-your-ideal-lover",8,8,0,0,0,0,14,,0,0,0,79,1.75,0.5,,4,8,8,0,0,0,0,14,,0,0,0,79,1.75,0.5,,4,0,0,,,,,0,,,,,0,0,0,,0
,"/en-ca/collections/shemale-sex-toy",8,8,0,0,0,0,28,,0,0,0,113.375,3.5,0.25,,2,8,8,0,0,0,0,28,,0,0,0,113.375,3.5,0.25,,2,0,0,,,,,0,,,,,0,0,0,,0
,"/de/collections/petite-sex-doll",8,8,0,0,0,0,75,,0,0,0,484.375,9.375,0.5,,4,8,8,0,0,0,0,75,,0,0,0,484.375,9.375,0.5,,4,0,0,,,,,0,,,,,0,0,0,,0
,"/de/collections/huge-breasts-japanese-sex-doll",7,8,0,0,0,0,55,,0,0,0,310,6.875,0,,0,7,8,0,0,0,0,55,,0,0,0,310,6.875,0,,0,0,0,,,,,0,,,,,0,0,,,
"Product","/products/f5945-155mcm5-1ft-40kg-2-0-g-cup-asian-anime-silicone-head-chinese-sex-doll-bezlya-doll",1,8,0,0,0,0,8,,0,0,0,0,1,1,,8,1,8,0,0,0,0,8,,0,0,0,0,1,1,,8,0,0,,,,,0,,,,,,0,0,,0
,"/en-ca/collections/18s-sex-doll",8,8,0,0,0,0,11,,0,0,0,42.5,1.375,0.75,,6,8,8,0,0,0,0,11,,0,0,0,42.5,1.375,0.75,,6,0,0,,,,,0,,,,,0,0,0,,0
"Blog Article","/blogs/dolls-info-qustions/what-is-it-like-to-have-sex-with-a-male-sex-doll",8,8,0,0,0,0,10,,0,0,0,134.875,1.25,0.75,,6,8,8,0,0,0,0,10,,0,0,0,134.875,1.25,0.75,,6,0,0,,,,,0,,,,,0,0,0,,0
"Collection","/collections/mrl-doll",8,8,0,0,0,0,15,,0,0,0,61.75,1.875,0.625,,5,8,8,0,0,0,0,15,,0,0,0,61.75,1.875,0.625,,5,0,0,,,,,0,,,,,0,0,0,,0
"Collection","/collections/full-femboy-sex-doll",8,8,0,0,0,0,17,,0,0,0,50.25,2.125,0.375,,3,8,8,0,0,0,0,17,,0,0,0,50.25,2.125,0.375,,3,0,0,,,,,0,,,,,0,0,0,,0
"Blog Article","/blogs/dolls-info-qustions/foot-smother-a-guide-to-safe-and-sensual-play",8,8,0,0,0,0,11,,0,0,0,2.75,1.375,0.875,,7,8,8,0,0,0,0,11,,0,0,0,2.75,1.375,0.875,,7,0,0,,,,,0,,,,,0,0,0,,0
"Product","/products/f6163-22kg-d-cup-animal-hentai-realistic-silicone-sex-doll-castle-doll",4,8,0,0,0,0,22,,0,0,0,55.375,2.75,0.75,,6,4,8,0,0,0,0,22,,0,0,0,55.375,2.75,0.75,,6,0,0,,,,,0,,,,,0,0,0,,0
,"/de/collections/foot-pocket-pussy",7,8,0,0,0,0,15,,0,0,0,12.875,1.875,0.625,,5,7,8,0,0,0,0,15,,0,0,0,12.875,1.875,0.625,,5,0,0,,,,,0,,,,,0,0,0,,0
"Product","/products/t442-91-93lb-silicone-big-booty-life-sex-doll-torso-lovenestle",8,8,0,0,0,0,22,,0,0,0,54.5,2.75,0.5,,4,8,8,0,0,0,0,22,,0,0,0,54.5,2.75,0.5,,4,0,0,,,,,0,,,,,0,0,0,,0
,"/de/collections/celebrity-sex-dolls",8,8,0,0,0,0,36,,0,0,0,74.625,4.5,0.25,,2,8,8,0,0,0,0,36,,0,0,0,74.625,4.5,0.25,,2,0,0,,,,,0,,,,,0,0,0,,0
"Collection","/collections/zelex-doll",5,8,0,0,0,0,107,,0,0,0,819.375,13.375,0.25,,2,5,8,0,0,0,0,107,,0,0,0,819.375,13.375,0.25,,2,0,0,,,,,0,,,,,0,0,0,,0
,"/en-ca/collections/black-torso-sex-dolls",8,8,0,0,0,0,26,,0,0,0,266.375,3.25,0.375,,3,8,8,0,0,0,0,26,,0,0,0,266.375,3.25,0.375,,3,0,0,,,,,0,,,,,0,0,0,,0
,"/en-fi/blogs/dolls-info-qustions/discover-the-secrets-of-the-vagina",8,8,0,0,0,0,31,,0,0,0,465.75,3.875,0.625,,5,8,8,0,0,0,0,31,,0,0,0,465.75,3.875,0.625,,5,0,0,,,,,0,,,,,0,0,0,,0
"Collection","/collections/torso-under-200",7,8,0,0,0,0,25,,0,0,0,187.375,3.125,0.375,,3,7,8,0,0,0,0,25,,0,0,0,187.375,3.125,0.375,,3,0,0,,,,,0,,,,,0,0,0,,0
"Collection","/collections/sex-focused-robot-sex-doll",8,8,0,0,0,0,13,,0,0,0,121.5,1.625,0.5,,4,8,8,0,0,0,0,13,,0,0,0,121.5,1.625,0.5,,4,0,0,,,,,0,,,,,0,0,0,,0
,"/de/collections/huge-breasts-sex-dolls",5,8,0,0,0,0,34,,0,0,0,490,4.25,0.625,,5,5,8,0,0,0,0,34,,0,0,0,490,4.25,0.625,,5,0,0,,,,,0,,,,,0,0,0,,0
"Collection","/collections/silicone-torso",5,7,0,0,0,0,20,,0,0,0,150.14285714285714,2.857142857142857,0.42857142857142855,,3,5,7,0,0,0,0,20,,0,0,0,150.14285714285714,2.857142857142857,0.42857142857142855,,3,0,0,,,,,0,,,,,0,0,0,,0
"Blog Article","/blogs/dolls-info-qustions/the-ultimate-guide-to-starpery-sex-dolls-the-realism-and-innovation",7,7,0,0,0,0,33,,0,0,0,230.57142857142858,4.714285714285714,0.8571428571428571,,6,7,7,0,0,0,0,33,,0,0,0,230.57142857142858,4.714285714285714,0.8571428571428571,,6,0,0,,,,,0,,,,,0,0,0,,0
"Blog Article","/blogs/dolls-info-qustions/elevate-your-experience-popular-ai-girlfriend-software-to-enhance-your-connection-with-sex-dolls",7,7,0,0,0,0,10,,0,0,0,222.14285714285714,1.4285714285714286,0.8571428571428571,,6,7,7,0,0,0,0,10,,0,0,0,222.14285714285714,1.4285714285714286,0.8571428571428571,,6,0,0,,,,,0,,,,,0,0,0,,0
"Blog Article","/blogs/dolls-info-qustions/4-recommended-futa-sex-dolls-a-guide-to-realistic-touch-and-dual-gender-appeal",7,7,0,0,0,0,8,,0,0,0,7.857142857142857,1.1428571428571428,0.8571428571428571,,6,7,7,0,0,0,0,8,,0,0,0,7.857142857142857,1.1428571428571428,0.8571428571428571,,6,0,0,,,,,0,,,,,0,0,0,,0
,"/en-fi/collections/shemale-sex-doll-torso-1",7,7,0,0,0,0,13,,0,0,0,23.142857142857142,1.8571428571428572,0.42857142857142855,,3,7,7,0,0,0,0,13,,0,0,0,23.142857142857142,1.8571428571428572,0.42857142857142855,,3,0,0,,,,,0,,,,,0,0,0,,0
"Blog Article","/blogs/dolls-info-qustions/best-vibrating-sex-torso-types-who-it-suits",7,7,0,0,0,0,13,,0,0,0,123.14285714285714,1.8571428571428572,0.5714285714285714,,4,7,7,0,0,0,0,13,,0,0,0,123.14285714285714,1.8571428571428572,0.5714285714285714,,4,0,0,,,,,0,,,,,0,0,0,,0
,"/en-fi/collections/vibrating-sex-doll-torso",7,7,0,0,0,0,8,,0,0,0,3.7142857142857144,1.1428571428571428,0.8571428571428571,,6,7,7,0,0,0,0,8,,0,0,0,3.7142857142857144,1.1428571428571428,0.8571428571428571,,6,0,0,,,,,0,,,,,0,0,0,,0
"Blog Article","/blogs/dolls-info-qustions/4-easy-positions-to-enjoy-with-your-bbw-sex-doll",6,7,0,0,0,0,7,,0,0,0,0,1,1,,7,6,7,0,0,0,0,7,,0,0,0,0,1,1,,7,0,0,,,,,0,,,,,,0,0,,0
"Blog Article","/blogs/dolls-info-qustions/why-do-men-love-sucking-breasts-reasons-revealed-busty-sex-doll-recommendations",7,7,0,0,0,0,10,,0,0,0,72.57142857142857,1.4285714285714286,0.5714285714285714,,4,7,7,0,0,0,0,10,,0,0,0,72.57142857142857,1.4285714285714286,0.5714285714285714,,4,0,0,,,,,0,,,,,0,0,0,,0
"Collection","/collections/doll-senior",7,7,0,0,0,0,29,,0,0,0,228.71428571428572,4.142857142857143,0.14285714285714285,,1,7,7,0,0,0,0,29,,0,0,0,228.71428571428572,4.142857142857143,0.14285714285714285,,1,0,0,,,,,0,,,,,0,0,0,,0
"Collection","/collections/big-ass-sex-doll-life-size",7,7,0,0,0,0,22,,0,0,0,92.28571428571429,3.142857142857143,0.42857142857142855,,3,7,7,0,0,0,0,22,,0,0,0,92.28571428571429,3.142857142857143,0.42857142857142855,,3,0,0,,,,,0,,,,,0,0,0,,0
"Blog Article","/blogs/dolls-info-qustions/pay-in-4",7,7,2,2,0,0,43,0,0.2857142857142857,0.2857142857142857,0,235.57142857142858,6.142857142857143,0.2857142857142857,0,2,7,7,2,2,0,0,43,0,0.2857142857142857,0.2857142857142857,0,235.57142857142858,6.142857142857143,0.2857142857142857,0,2,0,0,0,0,,,0,,0,0,,0,0,0,,0
"Product","/products/a555-moving-sex-doll-nude-robot-vibrating-torso",7,7,0,0,0,0,45,,0,0,0,220.42857142857142,6.428571428571429,0.7142857142857143,,5,7,7,0,0,0,0,45,,0,0,0,220.42857142857142,6.428571428571429,0.7142857142857143,,5,0,0,,,,,0,,,,,0,0,0,,0
"Collection","/collections/md-doll",6,7,0,0,0,0,40,,0,0,0,296.14285714285717,5.714285714285714,0.42857142857142855,,3,6,7,0,0,0,0,40,,0,0,0,296.14285714285717,5.714285714285714,0.42857142857142855,,3,0,0,,,,,0,,,,,0,0,0,,0
"Blog Article","/blogs/dolls-info-qustions/how-deep-is-the-vagina-5-key-things-you-need-to-know-about-the-vagina",7,7,0,0,0,0,10,,0,0,0,64.85714285714286,1.4285714285714286,0.7142857142857143,,5,7,7,0,0,0,0,10,,0,0,0,64.85714285714286,1.4285714285714286,0.7142857142857143,,5,0,0,,,,,0,,,,,0,0,0,,0
,"/ja/blogs/dolls-info-qustions/gentlemans-paradise-exploring-nsfw-anime-figures-and-sex-dolls",7,7,0,0,0,0,10,,0,0,0,7,1.4285714285714286,0.7142857142857143,,5,7,7,0,0,0,0,10,,0,0,0,7,1.4285714285714286,0.7142857142857143,,5,0,0,,,,,0,,,,,0,0,0,,0
"Collection","/collections/judy-rona-doll",7,7,0,0,0,0,30,,0,0,0,158.14285714285714,4.285714285714286,0,,0,7,7,0,0,0,0,30,,0,0,0,158.14285714285714,4.285714285714286,0,,0,0,0,,,,,0,,,,,0,0,,,
"Blog Article","/blogs/sex-doll-option-videos/video-11-electric-hip-and-waist",6,7,0,0,0,0,63,,0,0,0,185.57142857142858,9,0.2857142857142857,,2,6,7,0,0,0,0,63,,0,0,0,185.57142857142858,9,0.2857142857142857,,2,0,0,,,,,0,,,,,0,0,0,,0
,"/en-ca/collections/huge-breasts-sex-dolls",7,7,0,0,0,0,39,,0,0,0,162.14285714285714,5.571428571428571,0.14285714285714285,,1,7,7,0,0,0,0,39,,0,0,0,162.14285714285714,5.571428571428571,0.14285714285714285,,1,0,0,,,,,0,,,,,0,0,0,,0
"Blog Article","/blogs/dolls-info-qustions/how-to-play-with-a-big-booty-sex-doll-these-positions-will-blow-your-mind",7,7,0,0,0,0,20,,0,0,0,108.42857142857143,2.857142857142857,0.5714285714285714,,4,7,7,0,0,0,0,20,,0,0,0,108.42857142857143,2.857142857142857,0.5714285714285714,,4,0,0,,,,,0,,,,,0,0,0,,0
"Collection","/collections/irontech-doll",7,7,0,0,0,0,23,,0,0,0,165.57142857142858,3.2857142857142856,0.7142857142857143,,5,7,7,0,0,0,0,23,,0,0,0,165.57142857142858,3.2857142857142856,0.7142857142857143,,5,0,0,,,,,0,,,,,0,0,0,,0
"Collection","/collections/climax-doll",6,7,0,0,0,0,22,,0,0,0,88.14285714285714,3.142857142857143,0.42857142857142855,,3,6,7,0,0,0,0,22,,0,0,0,88.14285714285714,3.142857142857143,0.42857142857142855,,3,0,0,,,,,0,,,,,0,0,0,,0
,"/en-ca/collections/black-sex-dolls",7,7,0,0,0,0,14,,0,0,0,36.285714285714285,2,0.42857142857142855,,3,7,7,0,0,0,0,14,,0,0,0,36.285714285714285,2,0.42857142857142855,,3,0,0,,,,,0,,,,,0,0,0,,0
,"/en-ca/blogs/sex-doll-torso-blog/top-7-sex-poses-with-your-torso-sex-doll",7,7,0,0,0,0,7,,0,0,0,0,1,1,,7,7,7,0,0,0,0,7,,0,0,0,0,1,1,,7,0,0,,,,,0,,,,,,0,0,,0
"Collection","/collections/tantaly-sex-doll",7,7,0,0,0,0,29,,0,0,0,270,4.142857142857143,0.14285714285714285,,1,7,7,0,0,0,0,29,,0,0,0,270,4.142857142857143,0.14285714285714285,,1,0,0,,,,,0,,,,,0,0,0,,0
,"/de/collections/shemale-sex-doll",7,7,0,0,0,0,11,,0,0,0,24.571428571428573,1.5714285714285714,0.7142857142857143,,5,7,7,0,0,0,0,11,,0,0,0,24.571428571428573,1.5714285714285714,0.7142857142857143,,5,0,0,,,,,0,,,,,0,0,0,,0
"Product","/products/f1647-157cm-5ft1-29kg-b-cup-realistic-skinny-tpe-sex-doll-sy-doll",7,7,0,0,0,0,7,,0,0,0,0,1,1,,7,7,7,0,0,0,0,7,,0,0,0,0,1,1,,7,0,0,,,,,0,,,,,,0,0,,0
"Product","/collections/sex-doll-torso/products/631-lifesize-sex-doll-torso",7,7,0,0,0,0,49,,0,0,0,246.85714285714286,7,0.2857142857142857,,2,7,7,0,0,0,0,49,,0,0,0,246.85714285714286,7,0.2857142857142857,,2,0,0,,,,,0,,,,,0,0,0,,0
,"/en-ca/collections/sex-doll-videos",7,7,0,0,0,0,37,,0,0,0,128.71428571428572,5.285714285714286,0.7142857142857143,,5,7,7,0,0,0,0,37,,0,0,0,128.71428571428572,5.285714285714286,0.7142857142857143,,5,0,0,,,,,0,,,,,0,0,0,,0
"Product","/products/h892-silicone-sex-doll-head-elsa-babe-head",1,7,0,0,0,0,8,,0,0,0,116.14285714285714,1.1428571428571428,0.8571428571428571,,6,1,7,0,0,0,0,8,,0,0,0,116.14285714285714,1.1428571428571428,0.8571428571428571,,6,0,0,,,,,0,,,,,0,0,0,,0
"Product","/collections/sex-doll-torso/products/562-fat-ass-torso-doll-silicone-ass",6,7,0,0,0,0,20,,0,0,0,40.42857142857143,2.857142857142857,0.5714285714285714,,4,6,7,0,0,0,0,20,,0,0,0,40.42857142857143,2.857142857142857,0.5714285714285714,,4,0,0,,,,,0,,,,,0,0,0,,0
"Blog Article","/blogs/dolls-info-qustions/how-a-most-realistic-male-sex-doll-is-manufactured",7,7,0,0,0,0,20,,0,0,0,158.42857142857142,2.857142857142857,0.5714285714285714,,4,7,7,0,0,0,0,20,,0,0,0,158.42857142857142,2.857142857142857,0.5714285714285714,,4,0,0,,,,,0,,,,,0,0,0,,0
"Blog Article","/blogs/featured-blog/2025-top-sex-doll-brands-annual-update-summary",7,7,0,0,0,0,10,,0,0,0,18.857142857142858,1.4285714285714286,0.8571428571428571,,6,7,7,0,0,0,0,10,,0,0,0,18.857142857142858,1.4285714285714286,0.8571428571428571,,6,0,0,,,,,0,,,,,0,0,0,,0
,"/en-ca/collections/vendors",7,7,0,0,0,0,18,,0,0,0,138.85714285714286,2.5714285714285716,0.7142857142857143,,5,7,7,0,0,0,0,18,,0,0,0,138.85714285714286,2.5714285714285716,0.7142857142857143,,5,0,0,,,,,0,,,,,0,0,0,,0
"Blog Article","/blogs/dolls-info-qustions/7-best-mini-torso-sex-dolls-for-beginners",7,7,0,0,0,0,7,,0,0,0,0,1,1,,7,7,7,0,0,0,0,7,,0,0,0,0,1,1,,7,0,0,,,,,0,,,,,,0,0,,0
"Blog Article","/blogs/dolls-info-qustions/why-do-female-characters-in-anime-often-have-exaggeratedly-large-breasts",7,7,0,0,0,0,18,,0,0,0,338,2.5714285714285716,0.7142857142857143,,5,7,7,0,0,0,0,18,,0,0,0,338,2.5714285714285716,0.7142857142857143,,5,0,0,,,,,0,,,,,0,0,0,,0
"Product","/products/p381-3-15lbs-meru-the-succubus-onahole-fake-pussy-silicone-anime-hentai-sex-doll-mrl",7,7,1,0,0,0,108,,0.14285714285714285,0,0,1488.2857142857142,15.428571428571429,0.42857142857142855,,3,7,7,1,0,0,0,108,,0.14285714285714285,0,0,1488.2857142857142,15.428571428571429,0.42857142857142855,,3,0,0,0,,,,0,,0,,,0,0,0,,0
,"/de/collections/silicone-pocket-pussy",6,6,0,0,0,0,6,,0,0,0,0,1,1,,6,6,6,0,0,0,0,6,,0,0,0,0,1,1,,6,0,0,,,,,0,,,,,,0,0,,0
"Product","/products/562-fat-ass-torso-doll-silicone-ass",5,6,0,0,0,0,7,,0,0,0,6.833333333333333,1.1666666666666667,0.8333333333333334,,5,5,6,0,0,0,0,7,,0,0,0,6.833333333333333,1.1666666666666667,0.8333333333333334,,5,0,0,,,,,0,,,,,0,0,0,,0
"Blog Article","/blogs/dolls-info-qustions/how-to-use-a-milf-sex-doll",6,6,0,0,0,0,7,,0,0,0,10.666666666666666,1.1666666666666667,0.8333333333333334,,5,6,6,0,0,0,0,7,,0,0,0,10.666666666666666,1.1666666666666667,0.8333333333333334,,5,0,0,,,,,0,,,,,0,0,0,,0
"Collection","/collections/se-doll",5,6,1,1,0,0,54,0,0.16666666666666666,0.16666666666666666,0,575.6666666666666,9,0.16666666666666666,0,1,5,6,1,1,0,0,54,0,0.16666666666666666,0.16666666666666666,0,575.6666666666666,9,0.16666666666666666,0,1,0,0,0,0,,,0,,0,0,,0,0,0,,0
"Product","/products/h422-ros-free-hair-impants-real-oral-movable-jaw-silicone-sex-doll-head-sy-doll",5,6,0,0,0,0,8,,0,0,0,180.83333333333334,1.3333333333333333,0.8333333333333334,,5,5,6,0,0,0,0,8,,0,0,0,180.83333333333334,1.3333333333333333,0.8333333333333334,,5,0,0,,,,,0,,,,,0,0,0,,0
,"/en-fi/blogs/featured-blog/how-to-diy-an-sex-doll-you",6,6,0,0,0,0,6,,0,0,0,0,1,1,,6,6,6,0,0,0,0,6,,0,0,0,0,1,1,,6,0,0,,,,,0,,,,,,0,0,,0
"Blog Article","/blogs/dolls-info-qustions/2026-doggy-dildo-doll-user-guide",6,6,0,0,0,0,6,,0,0,0,0,1,1,,6,6,6,0,0,0,0,6,,0,0,0,0,1,1,,6,0,0,,,,,0,,,,,,0,0,,0
,"/en-ca/products/f6294-160cm-5ft3-34kg-e-cup-silicone-japanese-sex-doll-large-breasts-firefly-diary-max",4,6,0,0,0,0,114,,0,0,0,1574.5,19,0.16666666666666666,,1,4,6,0,0,0,0,114,,0,0,0,1574.5,19,0.16666666666666666,,1,0,0,,,,,0,,,,,0,0,0,,0
"Product","/products/f2319a-163cm5-3ft-53kg-g-cup-hips-over-140-ros-movable-jaw-super-fat-bbw-huge-ass-sex-doll%E4%B8%A8sy-doll",6,6,0,0,0,0,39,,0,0,0,568.1666666666666,6.5,0.5,,3,6,6,0,0,0,0,39,,0,0,0,568.1666666666666,6.5,0.5,,3,0,0,,,,,0,,,,,0,0,0,,0
"Blog Article","/blogs/dolls-info-qustions/pocket-pussy-full-range-of-types-which-one-is-best-for-you",6,6,0,0,0,0,9,,0,0,0,18,1.5,0.8333333333333334,,5,6,6,0,0,0,0,9,,0,0,0,18,1.5,0.8333333333333334,,5,0,0,,,,,0,,,,,0,0,0,,0
,"/ja/collections/naked-sex-doll",6,6,0,0,0,0,8,,0,0,0,4.5,1.3333333333333333,0.6666666666666666,,4,6,6,0,0,0,0,8,,0,0,0,4.5,1.3333333333333333,0.6666666666666666,,4,0,0,,,,,0,,,,,0,0,0,,0
"Product","/products/f7624-160cm-5-2ft-35kg-d-cup-silicone-japanese-sex-doll-sy-doll",1,6,0,0,0,0,16,,0,0,0,418.6666666666667,2.6666666666666665,0.8333333333333334,,5,1,6,0,0,0,0,16,,0,0,0,418.6666666666667,2.6666666666666665,0.8333333333333334,,5,0,0,,,,,0,,,,,0,0,0,,0
"Product","/products/p898-fake-sexy-pussy",6,6,0,0,0,0,13,,0,0,0,160.66666666666666,2.1666666666666665,0.8333333333333334,,5,6,6,0,0,0,0,13,,0,0,0,160.66666666666666,2.1666666666666665,0.8333333333333334,,5,0,0,,,,,0,,,,,0,0,0,,0
"Collection","/collections/funwest-doll-factory-photos",6,6,0,0,0,0,57,,0,0,0,181.33333333333334,9.5,0.3333333333333333,,2,6,6,0,0,0,0,57,,0,0,0,181.33333333333334,9.5,0.3333333333333333,,2,0,0,,,,,0,,,,,0,0,0,,0
"Product","/products/silicone-realistic-legs-feet-50lb",6,6,0,0,0,0,9,,0,0,0,258.3333333333333,1.5,0.8333333333333334,,5,6,6,0,0,0,0,9,,0,0,0,258.3333333333333,1.5,0.8333333333333334,,5,0,0,,,,,0,,,,,0,0,0,,0
"Collection","/collections/bezlya",4,6,0,0,0,0,24,,0,0,0,160,4,0.6666666666666666,,4,4,6,0,0,0,0,24,,0,0,0,160,4,0.6666666666666666,,4,0,0,,,,,0,,,,,0,0,0,,0
"Blog Article","/blogs/dolls-info-qustions/small-size-big-satisfaction-a-complete-real-life-sex-experience-review-of-the-mini-sex-doll",6,6,0,0,0,0,7,,0,0,0,11.5,1.1666666666666667,0.8333333333333334,,5,6,6,0,0,0,0,7,,0,0,0,11.5,1.1666666666666667,0.8333333333333334,,5,0,0,,,,,0,,,,,0,0,0,,0
"Collection","/collections/sy-doll",6,6,0,0,0,0,34,,0,0,0,265.3333333333333,5.666666666666667,0.16666666666666666,,1,6,6,0,0,0,0,34,,0,0,0,265.3333333333333,5.666666666666667,0.16666666666666666,,1,0,0,,,,,0,,,,,0,0,0,,0
"Product","/products/f9301-150cm-4ft9-41kg-b-cup-ros-silicone-head-flat-chest-life-size-trans-sex-doll-with-fixed-6-7-dildo-doll-castle",5,6,0,0,0,0,23,,0,0,0,251.5,3.8333333333333335,0.5,,3,5,6,0,0,0,0,23,,0,0,0,251.5,3.8333333333333335,0.5,,3,0,0,,,,,0,,,,,0,0,0,,0
"Product","/products/f542k-171cm-f542k-small-tit-sex-doll-flat-chest",6,6,0,0,0,0,6,,0,0,0,0,1,1,,6,6,6,0,0,0,0,6,,0,0,0,0,1,1,,6,0,0,,,,,0,,,,,,0,0,,0
"Blog Article","/blogs/dolls-info-qustions/what-to-do-if-your-sex-doll-is-too-heavy-a-practical-guide",6,6,0,0,0,0,7,,0,0,0,1.6666666666666667,1.1666666666666667,0.8333333333333334,,5,6,6,0,0,0,0,7,,0,0,0,1.6666666666666667,1.1666666666666667,0.8333333333333334,,5,0,0,,,,,0,,,,,0,0,0,,0
,"/en-ca/collections/under-100",6,6,0,0,0,0,13,,0,0,0,34.166666666666664,2.1666666666666665,0.3333333333333333,,2,6,6,0,0,0,0,13,,0,0,0,34.166666666666664,2.1666666666666665,0.3333333333333333,,2,0,0,,,,,0,,,,,0,0,0,,0
"Collection","/collections/sex-doll-with-electric-hip-and-waist",6,6,0,0,0,0,34,,0,0,0,358.6666666666667,5.666666666666667,0.5,,3,6,6,0,0,0,0,34,,0,0,0,358.6666666666667,5.666666666666667,0.5,,3,0,0,,,,,0,,,,,0,0,0,,0
"Blog Article","/blogs/dolls-info-qustions/your-first-sex-doll-the-ultimate-beginner-s-guide-to-using-her-right",5,6,0,0,0,0,11,,0,0,0,22.5,1.8333333333333333,0.8333333333333334,,5,5,6,0,0,0,0,11,,0,0,0,22.5,1.8333333333333333,0.8333333333333334,,5,0,0,,,,,0,,,,,0,0,0,,0
,"/en-fi/collections/all",6,6,0,0,0,0,19,,0,0,0,105.83333333333333,3.1666666666666665,0.5,,3,6,6,0,0,0,0,19,,0,0,0,105.83333333333333,3.1666666666666665,0.5,,3,0,0,,,,,0,,,,,0,0,0,,0
"Collection","/collections/latina-sex-dolls",6,6,0,0,0,0,34,,0,0,0,417,5.666666666666667,0.5,,3,6,6,0,0,0,0,34,,0,0,0,417,5.666666666666667,0.5,,3,0,0,,,,,0,,,,,0,0,0,,0
,"/en-ca/cart",6,6,1,1,0,0,14,0,0.16666666666666666,0.16666666666666666,0,80.33333333333333,2.3333333333333335,0.6666666666666666,0,4,6,6,1,1,0,0,14,0,0.16666666666666666,0.16666666666666666,0,80.33333333333333,2.3333333333333335,0.6666666666666666,0,4,0,0,0,0,,,0,,0,0,,0,0,0,,0
"Blog Article","/blogs/dolls-info-qustions/must-read-for-trans-men-sleeves-vs-electric-pocket-pussy-which-one-is-right-for-you",6,6,0,0,0,0,7,,0,0,0,3.6666666666666665,1.1666666666666667,0.8333333333333334,,5,6,6,0,0,0,0,7,,0,0,0,3.6666666666666665,1.1666666666666667,0.8333333333333334,,5,0,0,,,,,0,,,,,0,0,0,,0
"Product","/products/p88-24-3lb-sex-dolls-torso-mrl",5,6,0,0,0,0,47,,0,0,0,635.8333333333334,7.833333333333333,0.6666666666666666,,4,5,6,0,0,0,0,47,,0,0,0,635.8333333333334,7.833333333333333,0.6666666666666666,,4,0,0,,,,,0,,,,,0,0,0,,0
"Product","/products/a418-8lb-sexy-and-real-fat-lady-ass-realistic-chubby-sex-doll-torso",5,6,0,0,0,0,12,,0,0,0,23.833333333333332,2,0.8333333333333334,,5,5,6,0,0,0,0,12,,0,0,0,23.833333333333332,2,0.8333333333333334,,5,0,0,,,,,0,,,,,0,0,0,,0
"Collection","/collections/real-lady",6,6,0,0,0,0,32,,0,0,0,557.5,5.333333333333333,0.5,,3,6,6,0,0,0,0,32,,0,0,0,557.5,5.333333333333333,0.5,,3,0,0,,,,,0,,,,,0,0,0,,0
"Blog Article","/blogs/featured-blog/2026-sex-doll-lubricant-recommendations-find-the-perfect-formula-for-your-experience",6,6,0,0,0,0,7,,0,0,0,13.833333333333334,1.1666666666666667,0.8333333333333334,,5,6,6,0,0,0,0,7,,0,0,0,13.833333333333334,1.1666666666666667,0.8333333333333334,,5,0,0,,,,,0,,,,,0,0,0,,0
"Collection","/collections/b-cup-sex-dolls",6,6,0,0,0,0,10,,0,0,0,87.16666666666667,1.6666666666666667,0.5,,3,6,6,0,0,0,0,10,,0,0,0,87.16666666666667,1.6666666666666667,0.5,,3,0,0,,,,,0,,,,,0,0,0,,0
,"/de/collections/bbw-milf-sex-doll",6,6,0,0,0,0,53,,0,0,0,692,8.833333333333334,0.3333333333333333,,2,6,6,0,0,0,0,53,,0,0,0,692,8.833333333333334,0.3333333333333333,,2,0,0,,,,,0,,,,,0,0,0,,0
"Product","/products/531sex-doll-torso",5,6,0,0,0,0,11,,0,0,0,219.16666666666666,1.8333333333333333,0.6666666666666666,,4,5,6,0,0,0,0,11,,0,0,0,219.16666666666666,1.8333333333333333,0.6666666666666666,,4,0,0,,,,,0,,,,,0,0,0,,0
,"/en-fi/collections/robotic-sex-doll",6,6,0,0,0,0,13,,0,0,0,178.33333333333334,2.1666666666666665,0.5,,3,6,6,0,0,0,0,13,,0,0,0,178.33333333333334,2.1666666666666665,0.5,,3,0,0,,,,,0,,,,,0,0,0,,0
"Blog Article","/blogs/dolls-info-qustions/how-to-install-a-removable-vaginal-insert-into-a-sex-doll",6,6,0,0,0,0,7,,0,0,0,8.5,1.1666666666666667,0.8333333333333334,,5,6,6,0,0,0,0,7,,0,0,0,8.5,1.1666666666666667,0.8333333333333334,,5,0,0,,,,,0,,,,,0,0,0,,0
,"/en-ca/products/f7891-14kg-silicone-cute-furry-sex-doll-demon-sheep-rabbit-mrl",6,6,1,1,0,0,16,0,0.16666666666666666,0.16666666666666666,0,437.6666666666667,2.6666666666666665,0.8333333333333334,0,5,6,6,1,1,0,0,16,0,0.16666666666666666,0.16666666666666666,0,437.6666666666667,2.6666666666666665,0.8333333333333334,0,5,0,0,0,0,,,0,,0,0,,0,0,0,,0
"Blog Article","/blogs/dolls-info-qustions/can-dildos-be-installed-on-sex-dolls-of-course",6,6,0,0,0,0,7,,0,0,0,32.666666666666664,1.1666666666666667,0.8333333333333334,,5,6,6,0,0,0,0,7,,0,0,0,32.666666666666664,1.1666666666666667,0.8333333333333334,,5,0,0,,,,,0,,,,,0,0,0,,0
"Blog Article","/blogs/dolls-info-qustions/%F0%9F%92%A1-the-ultimate-guide-to-tantaly-revolutionary-sex-dolls-that-redefine-pleasure",6,6,0,0,0,0,11,,0,0,0,45,1.8333333333333333,0.16666666666666666,,1,6,6,0,0,0,0,11,,0,0,0,45,1.8333333333333333,0.16666666666666666,,1,0,0,,,,,0,,,,,0,0,0,,0
,"/en-fi/blogs/dolls-info-qustions/how-to-make-a-fake-ass-sex-toy",6,6,0,0,0,0,11,,0,0,0,157.83333333333334,1.8333333333333333,0.6666666666666666,,4,6,6,0,0,0,0,11,,0,0,0,157.83333333333334,1.8333333333333333,0.6666666666666666,,4,0,0,,,,,0,,,,,0,0,0,,0
"Product","/products/582-sexdoll-legs",5,6,1,1,0,0,31,0,0.16666666666666666,0.16666666666666666,0,573,5.166666666666667,0.6666666666666666,0,4,5,6,1,1,0,0,31,0,0.16666666666666666,0.16666666666666666,0,573,5.166666666666667,0.6666666666666666,0,4,0,0,0,0,,,0,,0,0,,0,0,0,,0
"Blog Article","/blogs/dolls-info-qustions/how-to-use-a-doggy-dildo-doll-from-beginner-basics-to-7-practical-positions",6,6,0,0,0,0,6,,0,0,0,0,1,1,,6,6,6,0,0,0,0,6,,0,0,0,0,1,1,,6,0,0,,,,,0,,,,,,0,0,,0
"Blog Article","/blogs/dolls-info-qustions/foot-fetish-uncovered-10-types-of-foot-fetish-3-must-have-foot-fetish-toys",6,6,0,0,0,0,8,,0,0,0,6.833333333333333,1.3333333333333333,0.8333333333333334,,5,6,6,0,0,0,0,8,,0,0,0,6.833333333333333,1.3333333333333333,0.8333333333333334,,5,0,0,,,,,0,,,,,0,0,0,,0
"Blog Article","/blogs/dolls-info-qustions/sex-positions-you-must-try",6,6,0,0,0,0,6,,0,0,0,0,1,1,,6,6,6,0,0,0,0,6,,0,0,0,0,1,1,,6,0,0,,,,,0,,,,,,0,0,,0
"Product","/products/f7690-161cm5ft3-41-5kg-h-cup-huge-breast-silicone-ssbbw-sex-doll-with-weight-reduction-4-0-starpery-doll",6,6,0,0,0,0,12,,0,0,0,107.83333333333333,2,0.3333333333333333,,2,6,6,0,0,0,0,12,,0,0,0,107.83333333333333,2,0.3333333333333333,,2,0,0,,,,,0,,,,,0,0,0,,0
"Collection","/collections/tpe-body-silicone-head",6,6,0,0,0,0,7,,0,0,0,1.1666666666666667,1.1666666666666667,0.8333333333333334,,5,6,6,0,0,0,0,7,,0,0,0,1.1666666666666667,1.1666666666666667,0.8333333333333334,,5,0,0,,,,,0,,,,,0,0,0,,0
"Custom Page","/pages/sex-doll-review-video-collection",6,6,0,0,0,0,6,,0,0,0,0,1,1,,6,6,6,0,0,0,0,6,,0,0,0,0,1,1,,6,0,0,,,,,0,,,,,,0,0,,0
"Collection","/collections/lesbian-sex-doll-1",6,6,0,0,0,0,10,,0,0,0,45.833333333333336,1.6666666666666667,0.6666666666666666,,4,6,6,0,0,0,0,10,,0,0,0,45.833333333333336,1.6666666666666667,0.6666666666666666,,4,0,0,,,,,0,,,,,0,0,0,,0
"Blog Article","/blogs/dolls-info-qustions/hidden-art-sex-doll-torsos-and-astonishing-storage-hacks",6,6,0,0,0,0,6,,0,0,0,0,1,1,,6,6,6,0,0,0,0,6,,0,0,0,0,1,1,,6,0,0,,,,,0,,,,,,0,0,,0
"Collection","/collections/in-stock-usa-1",6,6,0,0,0,0,24,,0,0,0,75.16666666666667,4,0.16666666666666666,,1,6,6,0,0,0,0,24,,0,0,0,75.16666666666667,4,0.16666666666666666,,1,0,0,,,,,0,,,,,0,0,0,,0
"Product","/products/f1246-164cm-f-cup-hedy-big-boobs-doll-irontech-doll",5,5,0,0,0,0,5,,0,0,0,0,1,1,,5,5,5,0,0,0,0,5,,0,0,0,0,1,1,,5,0,0,,,,,0,,,,,,0,0,,0
"Blog Article","/blogs/dolls-info-qustions/how-ultra-realistic-silicone-sex-dolls-are-made",5,5,0,0,0,0,7,,0,0,0,30.8,1.4,0.8,,4,5,5,0,0,0,0,7,,0,0,0,30.8,1.4,0.8,,4,0,0,,,,,0,,,,,0,0,0,,0
,"/en-ca/collections/asian-sex-doll",5,5,0,0,0,0,12,,0,0,0,203,2.4,0.4,,2,5,5,0,0,0,0,12,,0,0,0,203,2.4,0.4,,2,0,0,,,,,0,,,,,0,0,0,,0
,"/ja/blogs/dolls-info-qustions/whats-the-deal-with-moaning-sex-robots-anyway",5,5,0,0,0,0,6,,0,0,0,10.6,1.2,0.8,,4,5,5,0,0,0,0,6,,0,0,0,10.6,1.2,0.8,,4,0,0,,,,,0,,,,,0,0,0,,0
"Product","/products/546-4lb-lightweight-black-ass-sex-doll-torso",5,5,1,0,0,0,18,,0.2,0,0,222.2,3.6,0.4,,2,5,5,1,0,0,0,18,,0.2,0,0,222.2,3.6,0.4,,2,0,0,0,,,,0,,0,,,0,0,0,,0
"Collection","/collections/jiusheng-doll",5,5,0,0,0,0,11,,0,0,0,32.4,2.2,0.4,,2,5,5,0,0,0,0,11,,0,0,0,32.4,2.2,0.4,,2,0,0,,,,,0,,,,,0,0,0,,0
"Blog Article","/blogs/dolls-info-qustions/top-5-sex-doll-anal",5,5,0,0,0,0,9,,0,0,0,42.4,1.8,0.6,,3,5,5,0,0,0,0,9,,0,0,0,42.4,1.8,0.6,,3,0,0,,,,,0,,,,,0,0,0,,0
"Custom Page","/pages/ai-robot-function-videos",5,5,0,0,0,0,6,,0,0,0,1.4,1.2,0.8,,4,5,5,0,0,0,0,6,,0,0,0,1.4,1.2,0.8,,4,0,0,,,,,0,,,,,0,0,0,,0
"Product","/collections/sex-doll-torso/products/55cm-big-boobs-torso-sex-doll-502-sex-doll-torso",5,5,0,0,0,0,48,,0,0,0,537.4,9.6,0,,0,5,5,0,0,0,0,48,,0,0,0,537.4,9.6,0,,0,0,0,,,,,0,,,,,0,0,,,
"Blog Article","/blogs/sex-doll-option-videos/video-16-wm-exclusive-real-oral-sexros",5,5,0,0,0,0,14,,0,0,0,97,2.8,0.8,,4,5,5,0,0,0,0,14,,0,0,0,97,2.8,0.8,,4,0,0,,,,,0,,,,,0,0,0,,0
"Collection","/collections/yl-doll",5,5,0,0,0,0,6,,0,0,0,2.6,1.2,0.8,,4,5,5,0,0,0,0,6,,0,0,0,2.6,1.2,0.8,,4,0,0,,,,,0,,,,,0,0,0,,0
"Collection","/collections/lusandy-doll",5,5,0,0,0,0,26,,0,0,0,106,5.2,0.8,,4,5,5,0,0,0,0,26,,0,0,0,106,5.2,0.8,,4,0,0,,,,,0,,,,,0,0,0,,0
"Product","/products/t435-72-75lb-silicone-lifesize-anime-sex-doll-ssbbw-sex-doll-torso-lovenestle",5,5,0,0,0,0,7,,0,0,0,25.4,1.4,0.8,,4,5,5,0,0,0,0,7,,0,0,0,25.4,1.4,0.8,,4,0,0,,,,,0,,,,,0,0,0,,0
,"/de/blogs/real-sex-doll-reviews-pros-cons-real-usage-tests/shedoll-sex-doll-real-review-hands-on-experience",5,5,0,0,0,0,68,,0,0,0,416.8,13.6,0.6,,3,5,5,0,0,0,0,68,,0,0,0,416.8,13.6,0.6,,3,0,0,,,,,0,,,,,0,0,0,,0
"Collection","/collections/flat-chest-japanese-sex-doll",5,5,0,0,0,0,18,,0,0,0,303.2,3.6,0.4,,2,5,5,0,0,0,0,18,,0,0,0,303.2,3.6,0.4,,2,0,0,,,,,0,,,,,0,0,0,,0
"Product","/products/f6209-172cm-5-6ft-37-5kg-a-cup-realistic-flat-chest-sex-doll-top-cydoll",5,5,0,0,0,0,17,,0,0,0,201.2,3.4,0.6,,3,5,5,0,0,0,0,17,,0,0,0,201.2,3.4,0.6,,3,0,0,,,,,0,,,,,0,0,0,,0
"Product","/products/f7643-168cm-5ft5-35kg-f-cup-silicone-asian-realistic-sex-doll-xixi-top-cydoll",1,5,0,0,0,0,18,,0,0,0,239.2,3.6,0,,0,1,5,0,0,0,0,18,,0,0,0,239.2,3.6,0,,0,0,0,,,,,0,,,,,0,0,,,
"Blog Article","/blogs/dolls-info-qustions/how-to-eat-ass-a-deep-dive-into-rimming-techniques-and-sex-doll-play",5,5,0,0,0,0,11,,0,0,0,59.6,2.2,0.8,,4,5,5,0,0,0,0,11,,0,0,0,59.6,2.2,0.8,,4,0,0,,,,,0,,,,,0,0,0,,0
,"/de/collections/anime-cosplay-sex-doll",5,5,0,0,0,0,9,,0,0,0,18.4,1.8,0.6,,3,5,5,0,0,0,0,9,,0,0,0,18.4,1.8,0.6,,3,0,0,,,,,0,,,,,0,0,0,,0
,"/ja/blogs/dolls-info-qustions/4-things-tell-you-how-to-use-a-lesbian-sex-doll",5,5,0,0,0,0,5,,0,0,0,0,1,1,,5,5,5,0,0,0,0,5,,0,0,0,0,1,1,,5,0,0,,,,,0,,,,,,0,0,,0
"Blog Article","/blogs/dolls-info-qustions/love-doll-comprehensive-guide-and-faqs-for-2025",5,5,0,0,0,0,5,,0,0,0,0,1,1,,5,5,5,0,0,0,0,5,,0,0,0,0,1,1,,5,0,0,,,,,0,,,,,,0,0,,0
,"/ja/collections/fake-ass-sex-toy",4,5,0,0,0,0,8,,0,0,0,18.8,1.6,0.4,,2,4,5,0,0,0,0,8,,0,0,0,18.8,1.6,0.4,,2,0,0,,,,,0,,,,,0,0,0,,0
"Blog Article","/blogs/dolls-info-qustions/irontech-doll-launches-the-stunning-oriental-series",5,5,0,0,0,0,11,,0,0,0,28,2.2,0.6,,3,5,5,0,0,0,0,11,,0,0,0,28,2.2,0.6,,3,0,0,,,,,0,,,,,0,0,0,,0
"Product","/products/p85-8lb-ssbbw-sex-doll-mini-torso",3,5,0,0,0,0,26,,0,0,0,241.6,5.2,0.4,,2,3,5,0,0,0,0,26,,0,0,0,241.6,5.2,0.4,,2,0,0,,,,,0,,,,,0,0,0,,0
"Blog Article","/blogs/dolls-info-qustions/zelex-inspiration-series-2-0-gets-a-full-scale-upgrade-ultra-realistic-dolls-are-here-to-amaze",4,5,0,0,0,0,16,,0,0,0,309.2,3.2,0.6,,3,4,5,0,0,0,0,16,,0,0,0,309.2,3.2,0.6,,3,0,0,,,,,0,,,,,0,0,0,,0
"Product","/products/notye-2sizes-silicone-butt-a779",5,5,0,0,0,0,25,,0,0,0,148.2,5,0.8,,4,5,5,0,0,0,0,25,,0,0,0,148.2,5,0.8,,4,0,0,,,,,0,,,,,0,0,0,,0
"Collection","/collections/sex-doll-torso-combination-package-for-couples",5,5,0,0,0,0,7,,0,0,0,34.4,1.4,0.6,,3,5,5,0,0,0,0,7,,0,0,0,34.4,1.4,0.6,,3,0,0,,,,,0,,,,,0,0,0,,0
"Product","/products/f2344a-151cm4-9ft-65kg-t-cup-hips-over-155-jasmine-bbw-biggest-ass-huge-breast-movable-jaw-sex-doll%E4%B8%A8climax-doll-pro",5,5,0,0,0,0,13,,0,0,0,51.6,2.6,0.8,,4,5,5,0,0,0,0,13,,0,0,0,51.6,2.6,0.8,,4,0,0,,,,,0,,,,,0,0,0,,0
"Collection","/collections/silicone-sex-doll-torso-love-torso-silicone-doll",5,5,0,0,0,0,13,,0,0,0,121.6,2.6,0.6,,3,5,5,0,0,0,0,13,,0,0,0,121.6,2.6,0.6,,3,0,0,,,,,0,,,,,0,0,0,,0
"Product","/products/f5581-157cm-robot-sexdoll-heating-suction-aibei-doll",3,5,3,3,0,0,183,0,0.6,0.6,0,1231.2,36.6,0,0,0,3,5,3,3,0,0,183,0,0.6,0.6,0,1231.2,36.6,0,0,0,0,0,0,0,,,0,,0,0,,0,0,,,
"Collection","/collections/piper-doll",2,5,0,0,0,0,5,,0,0,0,0,1,1,,5,2,5,0,0,0,0,5,,0,0,0,0,1,1,,5,0,0,,,,,0,,,,,,0,0,,0
"Collection","/collections/evasdoll",5,5,0,0,0,0,58,,0,0,0,501.8,11.6,0.4,,2,5,5,0,0,0,0,58,,0,0,0,501.8,11.6,0.4,,2,0,0,,,,,0,,,,,0,0,0,,0
"Blog Article","/blogs/dolls-info-qustions/zelex-fusion-series-redefining-realism-in-lifelike-dolls",5,5,0,0,0,0,21,,0,0,0,193.8,4.2,0.4,,2,5,5,0,0,0,0,21,,0,0,0,193.8,4.2,0.4,,2,0,0,,,,,0,,,,,0,0,0,,0
"Blog Article","/blogs/dolls-info-qustions/naked-sex-doll-the-ultimate-sexual-fantasy",5,5,0,0,0,0,8,,0,0,0,65,1.6,0.6,,3,5,5,0,0,0,0,8,,0,0,0,65,1.6,0.6,,3,0,0,,,,,0,,,,,0,0,0,,0
"Collection","/collections/anime-banner",2,5,0,0,0,0,58,,0,0,0,815,11.6,0,,0,2,5,0,0,0,0,58,,0,0,0,815,11.6,0,,0,0,0,,,,,0,,,,,0,0,,,
"Product","/products/products-a684-big-booty-ssbbw-gel-41-8lb-realistic-torso",5,5,0,0,0,0,6,,0,0,0,1,1.2,0.8,,4,5,5,0,0,0,0,6,,0,0,0,1,1.2,0.8,,4,0,0,,,,,0,,,,,0,0,0,,0
"Collection","/collections/mlw-doll",5,5,0,0,0,0,6,,0,0,0,0.4,1.2,0.8,,4,5,5,0,0,0,0,6,,0,0,0,0.4,1.2,0.8,,4,0,0,,,,,0,,,,,0,0,0,,0
"Product","/products/lovenestle-huge-ass-sex-doll-torso-silicone-dual-tunnels",5,5,1,1,0,0,55,0,0.2,0.2,0,322,11,0.6,0,3,5,5,1,1,0,0,55,0,0.2,0.2,0,322,11,0.6,0,3,0,0,0,0,,,0,,0,0,,0,0,0,,0
,"/en-ca/collections/mini-sex-doll",5,5,0,0,0,0,15,,0,0,0,216.4,3,0.4,,2,5,5,0,0,0,0,15,,0,0,0,216.4,3,0.4,,2,0,0,,,,,0,,,,,0,0,0,,0
"Collection","/collections/red-head-sex-doll",5,5,0,0,0,0,9,,0,0,0,21,1.8,0.4,,2,5,5,0,0,0,0,9,,0,0,0,21,1.8,0.4,,2,0,0,,,,,0,,,,,0,0,0,,0
"Blog Article","/blogs/dolls-info-qustions/a",5,5,0,0,0,0,5,,0,0,0,0,1,1,,5,5,5,0,0,0,0,5,,0,0,0,0,1,1,,5,0,0,,,,,0,,,,,,0,0,,0
,"/en-ca/products/599-83lb-sex-doll-torso-with-realistic-oversized-ass",3,5,0,0,0,0,7,,0,0,0,4.2,1.4,0.8,,4,3,5,0,0,0,0,7,,0,0,0,4.2,1.4,0.8,,4,0,0,,,,,0,,,,,0,0,0,,0
"Blog Article","/blogs/dolls-info-qustions/the-ultimate-guide-to-best-stuffed-animal-sex-dolls-in-2025",5,5,0,0,0,0,7,,0,0,0,34,1.4,0.8,,4,5,5,0,0,0,0,7,,0,0,0,34,1.4,0.8,,4,0,0,,,,,0,,,,,0,0,0,,0
"Product","/products/f2537-ros-silicone-head-tpe-body-huge-breast-sex-doll",2,5,0,0,0,0,13,,0,0,0,754.8,2.6,0.4,,2,2,5,0,0,0,0,13,,0,0,0,754.8,2.6,0.4,,2,0,0,,,,,0,,,,,0,0,0,,0
,"/de/collections/irokebijin-doll",2,5,0,0,0,0,20,,0,0,0,465.4,4,0.2,,1,2,5,0,0,0,0,20,,0,0,0,465.4,4,0.2,,1,0,0,,,,,0,,,,,0,0,0,,0
"Collection","/collections/tpe-torso",4,5,0,0,0,0,36,,0,0,0,181,7.2,0.6,,3,4,5,0,0,0,0,36,,0,0,0,181,7.2,0.6,,3,0,0,,,,,0,,,,,0,0,0,,0
"Collection","/collections/japanese-cosplay-sex-doll",5,5,0,0,0,0,12,,0,0,0,124,2.4,0.8,,4,5,5,0,0,0,0,12,,0,0,0,124,2.4,0.8,,4,0,0,,,,,0,,,,,0,0,0,,0
"Product","/products/f8112k-162cm-5ft3-40-5kg-h-cup-m29-plump-body-silicone-bbw-sex-doll-in-stock-us-md-doll",5,5,0,0,0,0,7,,0,0,0,3.8,1.4,0.8,,4,5,5,0,0,0,0,7,,0,0,0,3.8,1.4,0.8,,4,0,0,,,,,0,,,,,0,0,0,,0
"Product","/products/p399-osiimi-anime-pocket-pussy-bbw-succubus-sex-doll-mrl",2,5,1,1,0,0,14,0,0.2,0.2,0,189.2,2.8,0.6,0,3,2,5,1,1,0,0,14,0,0.2,0.2,0,189.2,2.8,0.6,0,3,0,0,0,0,,,0,,0,0,,0,0,0,,0
"Collection","/collections/aibei-doll",5,5,0,0,0,0,30,,0,0,0,333.6,6,0.4,,2,5,5,0,0,0,0,30,,0,0,0,333.6,6,0.4,,2,0,0,,,,,0,,,,,0,0,0,,0
"Product","/products/t643-plump-sexual-bbw-sex-toy-torso",5,5,1,1,0,0,37,0,0.2,0.2,0,326.6,7.4,0.6,0,3,5,5,1,1,0,0,37,0,0.2,0.2,0,326.6,7.4,0.6,0,3,0,0,0,0,,,0,,0,0,,0,0,0,,0
"Product","/products/f7533k-171cm-5ft6-d-cup-lifelike-sexy-silicone-ultra-realistic-sex-doll-in-stock-us-starpery-doll",2,5,0,0,0,0,24,,0,0,0,195,4.8,0.8,,4,2,5,0,0,0,0,24,,0,0,0,195,4.8,0.8,,4,0,0,,,,,0,,,,,0,0,0,,0
"Product","/products/f1028-fun-west-doll-anime-adult-sex-dolls-stpe-155cm-34kg-in-stock-usa-eu",5,5,0,0,0,0,5,,0,0,0,0,1,1,,5,5,5,0,0,0,0,5,,0,0,0,0,1,1,,5,0,0,,,,,0,,,,,,0,0,,0
"Blog Article","/blogs/dolls-info-qustions/lusandy-doll-redefining-realism-and-the-warmth-of-companionship",5,5,0,0,0,0,9,,0,0,0,217.4,1.8,0.4,,2,5,5,0,0,0,0,9,,0,0,0,217.4,1.8,0.4,,2,0,0,,,,,0,,,,,0,0,0,,0
,"/en-ca/collections/animal-hentai-sex-doll",4,5,0,0,0,0,29,,0,0,0,288.4,5.8,0,,0,4,5,0,0,0,0,29,,0,0,0,288.4,5.8,0,,0,0,0,,,,,0,,,,,0,0,,,
"Blog Article","/blogs/dolls-info-qustions/prepare-for-sex-with-a-male-sex-doll-torso-6-steps",4,5,0,0,0,0,6,,0,0,0,2.2,1.2,0.8,,4,4,5,0,0,0,0,6,,0,0,0,2.2,1.2,0.8,,4,0,0,,,,,0,,,,,0,0,0,,0
,"/en-ca/collections/breast-toy",5,5,0,0,0,0,16,,0,0,0,77.2,3.2,0.6,,3,5,5,0,0,0,0,16,,0,0,0,77.2,3.2,0.6,,3,0,0,,,,,0,,,,,0,0,0,,0
"Product","/products/f8242-172cm5-64ft-42kg-silicone-full-size-sex-doll-azm-doll",5,5,0,0,0,0,5,,0,0,0,0,1,1,,5,5,5,0,0,0,0,5,,0,0,0,0,1,1,,5,0,0,,,,,0,,,,,,0,0,,0
"Custom Page","/pages/wish-list",2,5,0,0,0,0,5,,0,0,0,0,1,1,,5,2,5,0,0,0,0,5,,0,0,0,0,1,1,,5,0,0,,,,,0,,,,,,0,0,,0
"Collection","/collections/japanese-milf-sex-doll",5,5,0,0,0,0,13,,0,0,0,62.4,2.6,0.6,,3,5,5,0,0,0,0,13,,0,0,0,62.4,2.6,0.6,,3,0,0,,,,,0,,,,,0,0,0,,0
"Blog Article","/blogs/dolls-info-qustions/guide-to-the-buttocks-of-sex-doll-torsos",5,5,0,0,0,0,5,,0,0,0,0,1,1,,5,5,5,0,0,0,0,5,,0,0,0,0,1,1,,5,0,0,,,,,0,,,,,,0,0,,0
"Collection","/collections/new-arrivals-sex-doll",4,5,0,0,0,0,21,,0,0,0,271.2,4.2,0.2,,1,4,5,0,0,0,0,21,,0,0,0,271.2,4.2,0.2,,1,0,0,,,,,0,,,,,0,0,0,,0
"Collection","/collections/silicone-torso-with-head",3,5,0,0,0,0,19,,0,0,0,122.2,3.8,0.6,,3,3,5,0,0,0,0,19,,0,0,0,122.2,3.8,0.6,,3,0,0,,,,,0,,,,,0,0,0,,0
"Product","/products/f7601-170cm-5ft6-41kg-f-cup-93-tpe-body-silicone-head-huge-breast-sex-doll-sy-doll",4,5,2,0,0,0,111,,0.4,0,0,1546.4,22.2,0.2,,1,4,5,2,0,0,0,111,,0.4,0,0,1546.4,22.2,0.2,,1,0,0,0,,,,0,,0,,,0,0,0,,0
,"/en-fi/collections/bbw-sex-doll-torso",5,5,0,0,0,0,9,,0,0,0,86.4,1.8,0.6,,3,5,5,0,0,0,0,9,,0,0,0,86.4,1.8,0.6,,3,0,0,,,,,0,,,,,0,0,0,,0
"Collection","/collections/aibei-doll-videos",1,5,0,0,0,0,5,,0,0,0,0,1,1,,5,1,5,0,0,0,0,5,,0,0,0,0,1,1,,5,0,0,,,,,0,,,,,,0,0,,0
"Product","/products/f9300-150cm-ros-silicone-head-alien-sex-doll-shemale-dildo",5,5,0,0,0,0,7,,0,0,0,57.6,1.4,0.6,,3,5,5,0,0,0,0,7,,0,0,0,57.6,1.4,0.6,,3,0,0,,,,,0,,,,,0,0,0,,0
"Product","/products/f5928-165cm-5ft4-37-5kg-f-cup-realistic-lifesize-silicone-celebrity-sex-doll-zelex-doll",5,5,0,0,0,0,30,,0,0,0,244.2,6,0,,0,5,5,0,0,0,0,30,,0,0,0,244.2,6,0,,0,0,0,,,,,0,,,,,0,0,,,
"Collection","/collections/o-cup-sex-doll",5,5,0,0,0,0,6,,0,0,0,10.8,1.2,0.8,,4,5,5,0,0,0,0,6,,0,0,0,10.8,1.2,0.8,,4,0,0,,,,,0,,,,,0,0,0,,0
"Collection","/collections/600-999",4,4,0,0,0,0,8,,0,0,0,67.5,2,0.5,,2,4,4,0,0,0,0,8,,0,0,0,67.5,2,0.5,,2,0,0,,,,,0,,,,,0,0,0,,0
"Product","/products/592-67lb-75cm-bbw-sex-doll-torso-big-tits-big-ass-sex-doll-torso",4,4,0,0,0,0,12,,0,0,0,205,3,0.25,,1,4,4,0,0,0,0,12,,0,0,0,205,3,0.25,,1,0,0,,,,,0,,,,,0,0,0,,0
,"/de/collections/monster-hentai-sex-doll",4,4,0,0,0,0,15,,0,0,0,148.25,3.75,0.5,,2,4,4,0,0,0,0,15,,0,0,0,148.25,3.75,0.5,,2,0,0,,,,,0,,,,,0,0,0,,0
"Product","/products/a323-big-ass-torso-liquid-silicone-32lb-chubby-belly-ass",4,4,0,0,0,0,4,,0,0,0,0,1,1,,4,4,4,0,0,0,0,4,,0,0,0,0,1,1,,4,0,0,,,,,0,,,,,,0,0,,0
"Collection","/collections/2000-sex-doll",4,4,0,0,0,0,7,,0,0,0,15,1.75,0.5,,2,4,4,0,0,0,0,7,,0,0,0,15,1.75,0.5,,2,0,0,,,,,0,,,,,0,0,0,,0
,"/de/collections/big-ass-sex-doll-torso",4,4,0,0,0,0,7,,0,0,0,39.75,1.75,0.5,,2,4,4,0,0,0,0,7,,0,0,0,39.75,1.75,0.5,,2,0,0,,,,,0,,,,,0,0,0,,0
"Collection","/collections/ros-sex-doll",4,4,0,0,0,0,32,,0,0,0,353.5,8,0.5,,2,4,4,0,0,0,0,32,,0,0,0,353.5,8,0.5,,2,0,0,,,,,0,,,,,0,0,0,,0
"Collection","/collections/lifesize",3,4,0,0,0,0,9,,0,0,0,144.5,2.25,0.75,,3,3,4,0,0,0,0,9,,0,0,0,144.5,2.25,0.75,,3,0,0,,,,,0,,,,,0,0,0,,0
"Product","/products/f9302-150cm-4ft9-41kg-b-cup-ros-silicone-head-shemale-tiny-sex-dolls-doll-castle",3,4,1,0,0,0,43,,0.25,0,0,810,10.75,0.25,,1,3,4,1,0,0,0,43,,0.25,0,0,810,10.75,0.25,,1,0,0,0,,,,0,,0,,,0,0,0,,0
"Product","/products/f6123-150cm-4ft9-29kg-a-cup-flat-chested-silicone-sex-doll-sy-doll",4,4,0,0,0,0,7,,0,0,0,32,1.75,0.5,,2,4,4,0,0,0,0,7,,0,0,0,32,1.75,0.5,,2,0,0,,,,,0,,,,,0,0,0,,0
,"/en-fi/blogs/dolls-info-qustions/exploring-the-best-breasts-for-titty-fucking",4,4,0,0,0,0,6,,0,0,0,9.25,1.5,0.75,,3,4,4,0,0,0,0,6,,0,0,0,9.25,1.5,0.75,,3,0,0,,,,,0,,,,,0,0,0,,0
,"/en-ca/blogs/dolls-info-qustions/how-to-titty-fuck-experience-the-ultimate-pleasure-with-a-huge-breast-sex-doll",4,4,0,0,0,0,4,,0,0,0,0,1,1,,4,4,4,0,0,0,0,4,,0,0,0,0,1,1,,4,0,0,,,,,0,,,,,,0,0,,0
"Collection","/collections/aitia",4,4,0,0,0,0,11,,0,0,0,92.75,2.75,0.5,,2,4,4,0,0,0,0,11,,0,0,0,92.75,2.75,0.5,,2,0,0,,,,,0,,,,,0,0,0,,0
"Blog Article","/blogs/dolls-info-qustions/vine-talk-aibox-bringing-your-girl-to-life-and-understanding-your-heart",3,4,0,0,0,0,5,,0,0,0,54.5,1.25,0.75,,3,3,4,0,0,0,0,5,,0,0,0,54.5,1.25,0.75,,3,0,0,,,,,0,,,,,0,0,0,,0
,"/en-ca/collections/onahole",4,4,0,0,0,0,4,,0,0,0,0,1,1,,4,4,4,0,0,0,0,4,,0,0,0,0,1,1,,4,0,0,,,,,0,,,,,,0,0,,0
,"/de/collections/vendors",4,4,0,0,0,0,8,,0,0,0,204,2,0.5,,2,4,4,0,0,0,0,8,,0,0,0,204,2,0.5,,2,0,0,,,,,0,,,,,0,0,0,,0
"Product","/products/t205-bbw-sex-torso-tpe-41-22lb-curvy-fat-belly",3,4,1,1,0,0,14,0,0.25,0.25,0,196.25,3.5,0.5,0,2,3,4,1,1,0,0,14,0,0.25,0.25,0,196.25,3.5,0.5,0,2,0,0,0,0,,,0,,0,0,,0,0,0,,0
"Blog Article","/blogs/dolls-info-qustions/2024-why-does-my-realistic-sex-toy-smell-like-chemicals",4,4,0,0,0,0,19,,0,0,0,188,4.75,0.5,,2,4,4,0,0,0,0,19,,0,0,0,188,4.75,0.5,,2,0,0,,,,,0,,,,,0,0,0,,0
"Blog Article","/blogs/dolls-info-qustions/what-are-the-different-types-of-sex-dolls",4,4,0,0,0,0,6,,0,0,0,49.25,1.5,0.5,,2,4,4,0,0,0,0,6,,0,0,0,49.25,1.5,0.5,,2,0,0,,,,,0,,,,,0,0,0,,0
"Product","/products/p381-meru-the-succubus-hentai-figurine-pussy-mrl-sex-doll",4,4,0,0,0,0,5,,0,0,0,4.5,1.25,0.75,,3,4,4,0,0,0,0,5,,0,0,0,4.5,1.25,0.75,,3,0,0,,,,,0,,,,,0,0,0,,0
"Customer Account","/account/unsubscribe",4,4,0,0,0,0,4,,0,0,0,0,1,1,,4,4,4,0,0,0,0,4,,0,0,0,0,1,1,,4,0,0,,,,,0,,,,,,0,0,,0
"Collection","/collections/anime-alien-sex-doll",4,4,0,0,0,0,9,,0,0,0,55,2.25,0.5,,2,4,4,0,0,0,0,9,,0,0,0,55,2.25,0.5,,2,0,0,,,,,0,,,,,0,0,0,,0
,"/de/collections/mrl-doll",4,4,0,0,0,0,20,,0,0,0,93.5,5,0,,0,4,4,0,0,0,0,20,,0,0,0,93.5,5,0,,0,0,0,,,,,0,,,,,0,0,,,
"Product","/products/a295-big-butt-torso-silicone-sex-doll-sex-realistic-skin",4,4,0,0,0,0,27,,0,0,0,267.5,6.75,0.75,,3,4,4,0,0,0,0,27,,0,0,0,267.5,6.75,0.75,,3,0,0,,,,,0,,,,,0,0,0,,0
"Collection","/collections/large-breast-sex-doll",4,4,0,0,0,0,68,,0,0,0,665,17,0,,0,4,4,0,0,0,0,68,,0,0,0,665,17,0,,0,0,0,,,,,0,,,,,0,0,,,
"Collection","/collections/black-sex-doll-luxury",3,4,0,0,0,0,4,,0,0,0,0,1,1,,4,3,4,0,0,0,0,4,,0,0,0,0,1,1,,4,0,0,,,,,0,,,,,,0,0,,0
"Product","/products/t659-26-5lbs-realistic-dildo-for-silicone-woman-with-male-sex-doll%E4%B8%A8judy-rona",4,4,0,0,0,0,7,,0,0,0,1.75,1.75,0.25,,1,4,4,0,0,0,0,7,,0,0,0,1.75,1.75,0.25,,1,0,0,,,,,0,,,,,0,0,0,,0
"Blog Article","/blogs/dolls-info-qustions/welcome-to-future-ai-sex-doll-function-exploration",4,4,0,0,0,0,6,,0,0,0,251.75,1.5,0.75,,3,4,4,0,0,0,0,6,,0,0,0,251.75,1.5,0.75,,3,0,0,,,,,0,,,,,0,0,0,,0
,"/de/collections/big-ass-sex-doll-mini-torso",4,4,0,0,0,0,6,,0,0,0,8.25,1.5,0.5,,2,4,4,0,0,0,0,6,,0,0,0,8.25,1.5,0.5,,2,0,0,,,,,0,,,,,0,0,0,,0
,"/de/blogs/dolls-info-qustions/the-best-asian-sex-doll-bezlya-sex-doll-2-2u-series-function-analysis",4,4,0,0,0,0,8,,0,0,0,64.75,2,0.75,,3,4,4,0,0,0,0,8,,0,0,0,64.75,2,0.75,,3,0,0,,,,,0,,,,,0,0,0,,0
"Product","/products/f2479-162cm5-3ft-f-cup-rose-tpe-sex-doll-in-stock-usa-eu-fun-west-doll",1,4,0,0,0,0,73,,0,0,0,1353,18.25,0.25,,1,1,4,0,0,0,0,73,,0,0,0,1353,18.25,0.25,,1,0,0,,,,,0,,,,,0,0,0,,0
"Blog Article","/blogs/sex-doll-option-videos/video-12-auto-blowjob",4,4,0,0,0,0,15,,0,0,0,80,3.75,0.5,,2,4,4,0,0,0,0,15,,0,0,0,80,3.75,0.5,,2,0,0,,,,,0,,,,,0,0,0,,0
"Product","/products/t337-103cm-3ft5-j-cup-natural-sophia-lane-a-silicone-sex-doll-torso-with-head-se-doll",4,4,0,0,0,0,4,,0,0,0,0,1,1,,4,4,4,0,0,0,0,4,,0,0,0,0,1,1,,4,0,0,,,,,0,,,,,,0,0,,0
"Blog Article","/blogs/dolls-info-qustions/the-best-asian-sex-doll-bezlya-sex-doll-2-2u-series-function-analysis",4,4,0,0,0,0,14,,0,0,0,31.5,3.5,0.5,,2,4,4,0,0,0,0,14,,0,0,0,31.5,3.5,0.5,,2,0,0,,,,,0,,,,,0,0,0,,0
"Product","/products/b38-17-1lb-suntan-silicone-sex-doll-titfuck-torso",4,4,0,0,0,0,31,,0,0,0,191.25,7.75,0.5,,2,4,4,0,0,0,0,31,,0,0,0,191.25,7.75,0.5,,2,0,0,,,,,0,,,,,0,0,0,,0
"Checkout","/60719464687/orders/57d690d7ddbec2ccf857d03ce2f54287",2,4,0,0,0,0,10,,0,0,0,81,2.5,0.5,,2,2,4,0,0,0,0,10,,0,0,0,81,2.5,0.5,,2,0,0,,,,,0,,,,,0,0,0,,0
,"/en-fi/blogs/dolls-info-qustions/are-you-also-leaning-toward-big-butt-sex-dolls",4,4,0,0,0,0,4,,0,0,0,0,1,1,,4,4,4,0,0,0,0,4,,0,0,0,0,1,1,,4,0,0,,,,,0,,,,,,0,0,,0
"Collection","/collections/black-sex-doll-premium",4,4,0,0,0,0,6,,0,0,0,13.5,1.5,0.75,,3,4,4,0,0,0,0,6,,0,0,0,13.5,1.5,0.75,,3,0,0,,,,,0,,,,,0,0,0,,0
"Product","/products/f5546-153cm-5ft-28kg-silicone-anime-hentai-male-sex-dolls-elsa-babe",3,4,0,0,0,0,4,,0,0,0,0,1,1,,4,3,4,0,0,0,0,4,,0,0,0,0,1,1,,4,0,0,,,,,0,,,,,,0,0,,0
"Product","/products/p108-26cm-10-2in-1-5kg-silicone-celebrity-anime-hentai-sex-toys-castle-doll",4,4,0,0,0,0,9,,0,0,0,199.75,2.25,0.5,,2,4,4,0,0,0,0,9,,0,0,0,199.75,2.25,0.5,,2,0,0,,,,,0,,,,,0,0,0,,0
"Blog Article","/blogs/dolls-info-qustions/nsfw-time-revealing-the-most-popular-porn-stars-and-celebrity-sex-dolls",4,4,0,0,0,0,4,,0,0,0,0,1,1,,4,4,4,0,0,0,0,4,,0,0,0,0,1,1,,4,0,0,,,,,0,,,,,,0,0,,0
"Blog Article","/blogs/dolls-info-qustions/ridmii-tenar-f9127-new-ai-sex-doll",4,4,0,0,0,0,5,,0,0,0,0.5,1.25,0.75,,3,4,4,0,0,0,0,5,,0,0,0,0.5,1.25,0.75,,3,0,0,,,,,0,,,,,0,0,0,,0
"Blog Article","/blogs/dolls-info-qustions/the-vibration-and-suction-functions-of-automatic-sex-dolls",4,4,0,0,0,0,7,,0,0,0,333.75,1.75,0.5,,2,4,4,0,0,0,0,7,,0,0,0,333.75,1.75,0.5,,2,0,0,,,,,0,,,,,0,0,0,,0
"Product","/products/f5968-158cm-5ft2-c-cup-realistic-black-skin-silicone-head-sex-doll-rosretty-doll",4,4,0,0,0,0,6,,0,0,0,100.25,1.5,0.75,,3,4,4,0,0,0,0,6,,0,0,0,100.25,1.5,0.75,,3,0,0,,,,,0,,,,,0,0,0,,0
"Product","/products/f8170-150cm4-9ft-27-6kg-f-cup-ros-max-r8-lena-silicone-sex-doll-real-lady",3,4,1,1,0,0,60,0,0.25,0.25,0,609.75,15,0,0,0,3,4,1,1,0,0,60,0,0.25,0.25,0,609.75,15,0,0,0,0,0,0,0,,,0,,0,0,,0,0,,,
"Product","/products/a519-28-4lb-doggy-style-sex-doll-bottom-realistic-3d-ass-sex-doll",4,4,0,0,0,0,4,,0,0,0,0,1,1,,4,4,4,0,0,0,0,4,,0,0,0,0,1,1,,4,0,0,,,,,0,,,,,,0,0,,0
"Blog Article","/blogs/dolls-info-qustions/are-you-also-leaning-toward-big-butt-sex-dolls",4,4,0,0,0,0,5,,0,0,0,48.5,1.25,0.75,,3,4,4,0,0,0,0,5,,0,0,0,48.5,1.25,0.75,,3,0,0,,,,,0,,,,,0,0,0,,0
"Blog Article","/blogs/featured-blog/the-best-hyper-realistic-sex-dolls-brands-features-and-buying-guide",4,4,0,0,0,0,12,,0,0,0,253.5,3,0.5,,2,4,4,0,0,0,0,12,,0,0,0,253.5,3,0.5,,2,0,0,,,,,0,,,,,0,0,0,,0
,"/en-ca/collections/ai-sex-doll",4,4,0,0,0,0,4,,0,0,0,0,1,1,,4,4,4,0,0,0,0,4,,0,0,0,0,1,1,,4,0,0,,,,,0,,,,,,0,0,,0
,"/de/collections/male-sex-doll",4,4,0,0,0,0,4,,0,0,0,0,1,1,,4,4,4,0,0,0,0,4,,0,0,0,0,1,1,,4,0,0,,,,,0,,,,,,0,0,,0
,"/en-fi/collections/sex-doll-torso",4,4,0,0,0,0,24,,0,0,0,171,6,0,,0,4,4,0,0,0,0,24,,0,0,0,171,6,0,,0,0,0,,,,,0,,,,,0,0,,,
"Collection","/collections/alien-sex-doll-heads-1",4,4,0,0,0,0,12,,0,0,0,63.75,3,0.5,,2,4,4,0,0,0,0,12,,0,0,0,63.75,3,0.5,,2,0,0,,,,,0,,,,,0,0,0,,0
"Collection","/collections/breast-toy",4,4,1,1,0,0,23,0,0.25,0.25,0,165.25,5.75,0,0,0,4,4,1,1,0,0,23,0,0.25,0.25,0,165.25,5.75,0,0,0,0,0,0,0,,,0,,0,0,,0,0,,,
,"/de/collections/electric-pocket-pussy",4,4,0,0,0,0,5,,0,0,0,6.75,1.25,0.75,,3,4,4,0,0,0,0,5,,0,0,0,6.75,1.25,0.75,,3,0,0,,,,,0,,,,,0,0,0,,0
"Blog Article","/blogs/real-sex-doll-reviews-pros-cons-real-usage-tests/shedoll-sex-doll-real-review-hands-on-experience",4,4,0,0,0,0,16,,0,0,0,132.5,4,0.75,,3,4,4,0,0,0,0,16,,0,0,0,132.5,4,0.75,,3,0,0,,,,,0,,,,,0,0,0,,0
"Product","/products/p103-5-28lb-strong-suction-cup-silicone-hentai-male-mini-sex-doll-with-dildo-tayuta",4,4,0,0,0,0,6,,0,0,0,12.25,1.5,0.75,,3,4,4,0,0,0,0,6,,0,0,0,12.25,1.5,0.75,,3,0,0,,,,,0,,,,,0,0,0,,0
"Blog Article","/blogs/dolls-info-qustions/what-are-the-sex-positions-with-my-arab-sex-doll",4,4,0,0,0,0,4,,0,0,0,0,1,1,,4,4,4,0,0,0,0,4,,0,0,0,0,1,1,,4,0,0,,,,,0,,,,,,0,0,,0
"Collection","/collections/effeminate-femboy-sex-doll",4,4,0,0,0,0,12,,0,0,0,68.75,3,0.25,,1,4,4,0,0,0,0,12,,0,0,0,68.75,3,0.25,,1,0,0,,,,,0,,,,,0,0,0,,0
"Product","/products/p102-2-83lb-perfect-muscular-physique-and-anal-passage-for-gay-men-silicone-mini-hentai-male-sex-doll-tayuta",3,4,0,0,0,0,6,,0,0,0,22,1.5,0.75,,3,3,4,0,0,0,0,6,,0,0,0,22,1.5,0.75,,3,0,0,,,,,0,,,,,0,0,0,,0
"Collection","/collections/huge-breast-post-torso",4,4,0,0,0,0,8,,0,0,0,96.75,2,0.75,,3,4,4,0,0,0,0,8,,0,0,0,96.75,2,0.75,,3,0,0,,,,,0,,,,,0,0,0,,0
,"/de/collections/full-femboy-sex-doll",4,4,0,0,0,0,5,,0,0,0,42.5,1.25,0.75,,3,4,4,0,0,0,0,5,,0,0,0,42.5,1.25,0.75,,3,0,0,,,,,0,,,,,0,0,0,,0
"Blog Article","/blogs/dolls-info-qustions/2025-s-hottest-sex-doll-brands-bestsellers-did-you-pick-the-right-one",4,4,0,0,0,0,10,,0,0,0,39.25,2.5,0.5,,2,4,4,0,0,0,0,10,,0,0,0,39.25,2.5,0.5,,2,0,0,,,,,0,,,,,0,0,0,,0
,"/ja/collections/mini-hentai-sex-doll",4,4,0,0,0,0,8,,0,0,0,155,2,0.25,,1,4,4,0,0,0,0,8,,0,0,0,155,2,0.25,,1,0,0,,,,,0,,,,,0,0,0,,0
,"/en-ca/blogs/dolls-info-qustions/gentlemans-paradise-exploring-nsfw-anime-figures-and-sex-dolls",4,4,0,0,0,0,4,,0,0,0,0,1,1,,4,4,4,0,0,0,0,4,,0,0,0,0,1,1,,4,0,0,,,,,0,,,,,,0,0,,0
,"/en-ca/collections/big-boobs-japanese-sex-doll",4,4,0,0,0,0,4,,0,0,0,0,1,1,,4,4,4,0,0,0,0,4,,0,0,0,0,1,1,,4,0,0,,,,,0,,,,,,0,0,,0
"Collection","/collections/clothes-for-sex-dolls",4,4,0,0,0,0,8,,0,0,0,23,2,0.5,,2,4,4,0,0,0,0,8,,0,0,0,23,2,0.5,,2,0,0,,,,,0,,,,,0,0,0,,0
,"/en-ca/search",4,4,1,0,0,0,89,,0.25,0,0,1008.25,22.25,0,,0,4,4,1,0,0,0,89,,0.25,0,0,1008.25,22.25,0,,0,0,0,0,,,,0,,0,,,0,0,,,
"Product","/products/t434-2-69lb-silicone-male-masturbator-sex-toys-for-men-lovenestle",4,4,0,0,0,0,5,,0,0,0,2.5,1.25,0.75,,3,4,4,0,0,0,0,5,,0,0,0,2.5,1.25,0.75,,3,0,0,,,,,0,,,,,0,0,0,,0
"Collection","/collections/cst-doll",4,4,0,0,0,0,37,,0,0,0,668.5,9.25,0.5,,2,4,4,0,0,0,0,37,,0,0,0,668.5,9.25,0.5,,2,0,0,,,,,0,,,,,0,0,0,,0
"Collection","/collections/irokebijin-doll",4,4,0,0,0,0,10,,0,0,0,85,2.5,0.25,,1,4,4,0,0,0,0,10,,0,0,0,85,2.5,0.25,,1,0,0,,,,,0,,,,,0,0,0,,0
,"/en-ca/collections/torso-dildo",4,4,0,0,0,0,14,,0,0,0,125.75,3.5,0.5,,2,4,4,0,0,0,0,14,,0,0,0,125.75,3.5,0.5,,2,0,0,,,,,0,,,,,0,0,0,,0
"Blog Article","/blogs/dolls-info-qustions/what-size-penis-should-you-buy-for-your-male-sex-doll",4,4,0,0,0,0,4,,0,0,0,0,1,1,,4,4,4,0,0,0,0,4,,0,0,0,0,1,1,,4,0,0,,,,,0,,,,,,0,0,,0
"Product","/products/a303-silicone-big-butt-torso-lightweight-realistic-vagina",3,4,0,0,0,0,9,,0,0,0,44.5,2.25,0.5,,2,3,4,0,0,0,0,9,,0,0,0,44.5,2.25,0.5,,2,0,0,,,,,0,,,,,0,0,0,,0
"Collection","/collections/silicone-sex-doll-heads",4,4,0,0,0,0,17,,0,0,0,157.25,4.25,0.25,,1,4,4,0,0,0,0,17,,0,0,0,157.25,4.25,0.25,,1,0,0,,,,,0,,,,,0,0,0,,0
"Collection","/collections/loli-sex-dolls",4,4,0,0,0,0,13,,0,0,0,197.75,3.25,0.75,,3,4,4,0,0,0,0,13,,0,0,0,197.75,3.25,0.75,,3,0,0,,,,,0,,,,,0,0,0,,0
"Collection","/collections/funwest-doll",4,4,0,0,0,0,10,,0,0,0,216.25,2.5,0.25,,1,4,4,0,0,0,0,10,,0,0,0,216.25,2.5,0.25,,1,0,0,,,,,0,,,,,0,0,0,,0
"Product","/products/671-vibrating-realsitic-ass-sex-toy-mini-size-ass-sex-torso",4,4,0,0,0,0,23,,0,0,0,570.75,5.75,0.5,,2,4,4,0,0,0,0,23,,0,0,0,570.75,5.75,0.5,,2,0,0,,,,,0,,,,,0,0,0,,0
"Product","/products/f4693-155cm5-3ft-33kg-e-cup-silicone-asian-chinese-adult-sex-doll-bezlya-doll",2,4,0,0,0,0,51,,0,0,0,815.5,12.75,0,,0,2,4,0,0,0,0,51,,0,0,0,815.5,12.75,0,,0,0,0,,,,,0,,,,,0,0,,,
"Collection","/collections/climax-doll-videos",4,4,0,0,0,0,17,,0,0,0,153,4.25,0.5,,2,4,4,0,0,0,0,17,,0,0,0,153,4.25,0.5,,2,0,0,,,,,0,,,,,0,0,0,,0
"Product","/products/t6212-3lbminisize-silicone-sex-doll-torso-sigafun-doll",4,4,0,0,0,0,17,,0,0,0,31.75,4.25,0.25,,1,4,4,0,0,0,0,17,,0,0,0,31.75,4.25,0.25,,1,0,0,,,,,0,,,,,0,0,0,,0
"Blog Article","/blogs/dolls-info-qustions/hentai-sex-doll-1v1-real-test-on-the-cleaning-resistance-of-ultra-durable-makeup-vs-regular-makeup",4,4,1,1,0,0,30,0,0.25,0.25,0,384.75,7.5,0.25,0,1,4,4,1,1,0,0,30,0,0.25,0.25,0,384.75,7.5,0.25,0,1,0,0,0,0,,,0,,0,0,,0,0,0,,0
,"/de/collections/big-ass-sex-dolls",4,4,0,0,0,0,17,,0,0,0,102.75,4.25,0.25,,1,4,4,0,0,0,0,17,,0,0,0,102.75,4.25,0.25,,1,0,0,,,,,0,,,,,0,0,0,,0
"Collection","/collections/firefly-diary",4,4,0,0,0,0,9,,0,0,0,24,2.25,0.25,,1,4,4,0,0,0,0,9,,0,0,0,24,2.25,0.25,,1,0,0,,,,,0,,,,,0,0,0,,0
,"/en-ca/collections/bbw-milf-sex-doll",4,4,0,0,0,0,22,,0,0,0,256.75,5.5,0,,0,4,4,0,0,0,0,22,,0,0,0,256.75,5.5,0,,0,0,0,,,,,0,,,,,0,0,,,
"Blog Article","/blogs/dolls-info-qustions/celebrity-sex-dolls-hot-picks-6-asian-inspired-star-lookalikes",4,4,0,0,0,0,16,,0,0,0,57,4,0.75,,3,4,4,0,0,0,0,16,,0,0,0,57,4,0.75,,3,0,0,,,,,0,,,,,0,0,0,,0
,"/en-ca/collections/alien-sex-dolls",4,4,0,0,0,0,24,,0,0,0,154.5,6,0.25,,1,4,4,0,0,0,0,24,,0,0,0,154.5,6,0.25,,1,0,0,,,,,0,,,,,0,0,0,,0
,"/de/blogs/dolls-info-qustions/in-depth-review-of-chunmomo-bezlya-collaborative-celebrity-sex-doll",4,4,0,0,0,0,12,,0,0,0,170.25,3,0.75,,3,4,4,0,0,0,0,12,,0,0,0,170.25,3,0.75,,3,0,0,,,,,0,,,,,0,0,0,,0
"Collection","/collections/sigafun-doll",4,4,1,0,0,0,13,,0.25,0,0,214,3.25,0.75,,3,4,4,1,0,0,0,13,,0.25,0,0,214,3.25,0.75,,3,0,0,0,,,,0,,0,,,0,0,0,,0
"Blog Article","/blogs/dolls-info-qustions/tpe-dolls-tearing-and-peeling-difficulties-easy-to-solve-there-is-a-trick",4,4,0,0,0,0,6,,0,0,0,15.25,1.5,0.75,,3,4,4,0,0,0,0,6,,0,0,0,15.25,1.5,0.75,,3,0,0,,,,,0,,,,,0,0,0,,0
"Collection","/collections/silver-fox-male-sex-doll",4,4,0,0,0,0,7,,0,0,0,14,1.75,0.5,,2,4,4,0,0,0,0,7,,0,0,0,14,1.75,0.5,,2,0,0,,,,,0,,,,,0,0,0,,0
"Product","/products/t923-111cm3ft7-27-4kg-k-cup-silicone-head-movable-jaw-sle-body-bubble-butt-silicone-sex-doll-torso-with-head-zelex-doll",4,4,0,0,0,0,19,,0,0,0,624.75,4.75,0.75,,3,4,4,0,0,0,0,19,,0,0,0,624.75,4.75,0.75,,3,0,0,,,,,0,,,,,0,0,0,,0
"Product","/products/t346-3-86lb-muscle-tail-anime-fake-pussy-silicone-tomboy-furry-hentai-sex-doll-mrl",4,4,0,0,0,0,39,,0,0,0,464.75,9.75,0.25,,1,4,4,0,0,0,0,39,,0,0,0,464.75,9.75,0.25,,1,0,0,,,,,0,,,,,0,0,0,,0
"Product","/products/v21-foot-fleshlight-with-realistic-toes-and-deep-pleasure-tunnel",3,4,0,0,0,0,11,,0,0,0,60.25,2.75,0.75,,3,3,4,0,0,0,0,11,,0,0,0,60.25,2.75,0.75,,3,0,0,,,,,0,,,,,0,0,0,,0
"Blog Article","/blogs/dolls-info-qustions/complete-analysis-of-sex-doll-torso-skeleton-structure-and-its-benefits",4,4,0,0,0,0,20,,0,0,0,858.25,5,0.25,,1,4,4,0,0,0,0,20,,0,0,0,858.25,5,0.25,,1,0,0,,,,,0,,,,,0,0,0,,0
"Collection","/collections/tpe-sex-dolls",4,4,0,0,0,0,6,,0,0,0,10.25,1.5,0.5,,2,4,4,0,0,0,0,6,,0,0,0,10.25,1.5,0.5,,2,0,0,,,,,0,,,,,0,0,0,,0
"Collection","/collections/nianta-doll",4,4,0,0,0,0,30,,0,0,0,582.75,7.5,0.25,,1,4,4,0,0,0,0,30,,0,0,0,582.75,7.5,0.25,,1,0,0,,,,,0,,,,,0,0,0,,0
,"/de/products/lightweight-ass-toy-silicone-8-5lb-a805",1,4,0,0,0,0,5,,0,0,0,42,1.25,0.75,,3,1,4,0,0,0,0,5,,0,0,0,42,1.25,0.75,,3,0,0,,,,,0,,,,,0,0,0,,0
,"/de/pages/sex-doll-video",4,4,0,0,0,0,8,,0,0,0,73,2,0.5,,2,4,4,0,0,0,0,8,,0,0,0,73,2,0.5,,2,0,0,,,,,0,,,,,0,0,0,,0
"Blog Article","/blogs/dolls-info-qustions/what-is-the-experience-like-with-a-big-ass-sex-doll-real-feelings-in-depth-review",3,4,0,0,0,0,6,,0,0,0,106.25,1.5,0.75,,3,3,4,0,0,0,0,6,,0,0,0,106.25,1.5,0.75,,3,0,0,,,,,0,,,,,0,0,0,,0
,"/en-fi/collections/furry-sex-doll",4,4,0,0,0,0,7,,0,0,0,38,1.75,0.5,,2,4,4,0,0,0,0,7,,0,0,0,38,1.75,0.5,,2,0,0,,,,,0,,,,,0,0,0,,0
"Collection","/collections/6-7in-male-sex-doll",4,4,0,0,0,0,8,,0,0,0,151,2,0.75,,3,4,4,0,0,0,0,8,,0,0,0,151,2,0.75,,3,0,0,,,,,0,,,,,0,0,0,,0
"Product","/products/f4893-huge-butt-tpe-bbw-sex-dolls%E4%B8%A8sy-doll",4,4,0,0,0,0,14,,0,0,0,92.5,3.5,0.75,,3,4,4,0,0,0,0,14,,0,0,0,92.5,3.5,0.75,,3,0,0,,,,,0,,,,,0,0,0,,0
,"/en-fi/collections/fake-ass-sex-toy",3,3,0,0,0,0,5,,0,0,0,22.666666666666668,1.6666666666666667,0.6666666666666666,,2,3,3,0,0,0,0,5,,0,0,0,22.666666666666668,1.6666666666666667,0.6666666666666666,,2,0,0,,,,,0,,,,,0,0,0,,0
"Product","/products/f5639-171cm-40kg-c-cup-silicone-head-movable-jaw-sle-body-silicone-celebrity-sex-doll-in-stock-usa-canada-zelex-doll",3,3,0,0,0,0,3,,0,0,0,0,1,1,,3,3,3,0,0,0,0,3,,0,0,0,0,1,1,,3,0,0,,,,,0,,,,,,0,0,,0
"Blog Article","/blogs/sex-doll-torso-blog/fake-pussy-why-men-choose",3,3,0,0,0,0,3,,0,0,0,0,1,1,,3,3,3,0,0,0,0,3,,0,0,0,0,1,1,,3,0,0,,,,,0,,,,,,0,0,,0
,"/de/collections/cheap-sex-doll",2,3,1,1,0,0,19,0,0.3333333333333333,0.3333333333333333,0,183,6.333333333333333,0.6666666666666666,0,2,2,3,1,1,0,0,19,0,0.3333333333333333,0.3333333333333333,0,183,6.333333333333333,0.6666666666666666,0,2,0,0,0,0,,,0,,0,0,,0,0,0,,0
,"/ja/collections/ai-sex-doll",3,3,0,0,0,0,4,,0,0,0,1,1.3333333333333333,0.6666666666666666,,2,3,3,0,0,0,0,4,,0,0,0,1,1.3333333333333333,0.6666666666666666,,2,0,0,,,,,0,,,,,0,0,0,,0
"Collection","/collections/sex-torso-doll-in-stock-europe",3,3,0,0,0,0,5,,0,0,0,44,1.6666666666666667,0.6666666666666666,,2,3,3,0,0,0,0,5,,0,0,0,44,1.6666666666666667,0.6666666666666666,,2,0,0,,,,,0,,,,,0,0,0,,0
"Collection","/collections/demo",3,3,0,0,0,0,13,,0,0,0,152.66666666666666,4.333333333333333,0.6666666666666666,,2,3,3,0,0,0,0,13,,0,0,0,152.66666666666666,4.333333333333333,0.6666666666666666,,2,0,0,,,,,0,,,,,0,0,0,,0
"Blog Article","/blogs/dolls-info-qustions/how-to-effectively-reduce-the-weight-of-a-bbw-sex-doll-torso-tips-and-advice",3,3,0,0,0,0,5,,0,0,0,49.666666666666664,1.6666666666666667,0.6666666666666666,,2,3,3,0,0,0,0,5,,0,0,0,49.666666666666664,1.6666666666666667,0.6666666666666666,,2,0,0,,,,,0,,,,,0,0,0,,0
,"/en-fi/collections/black-sex-dolls",2,3,0,0,0,0,9,,0,0,0,95,3,0,,0,2,3,0,0,0,0,9,,0,0,0,95,3,0,,0,0,0,,,,,0,,,,,0,0,,,
"Checkout","/60719464687/orders/ccb1d5204ba45d2fce779d742f0960c6",2,3,0,0,0,0,3,,0,0,0,0,1,1,,3,2,3,0,0,0,0,3,,0,0,0,0,1,1,,3,0,0,,,,,0,,,,,,0,0,,0
,"/ja/collections/bbw-milf-sex-doll",2,3,0,0,0,0,5,,0,0,0,3.3333333333333335,1.6666666666666667,0.6666666666666666,,2,2,3,0,0,0,0,5,,0,0,0,3.3333333333333335,1.6666666666666667,0.6666666666666666,,2,0,0,,,,,0,,,,,0,0,0,,0
"Product","/products/f5307-life-size-silicone-sex-doll-md-doll",3,3,0,0,0,0,10,,0,0,0,118,3.3333333333333335,0.6666666666666666,,2,3,3,0,0,0,0,10,,0,0,0,118,3.3333333333333335,0.6666666666666666,,2,0,0,,,,,0,,,,,0,0,0,,0
"Product","/products/f5707k-168cm-5ft6-40kg-a-cup-rabbit-police-officer-anime-best-animal-hentai-sex-doll-in-stock-castle-doll",1,3,0,0,0,0,3,,0,0,0,0,1,1,,3,1,3,0,0,0,0,3,,0,0,0,0,1,1,,3,0,0,,,,,0,,,,,,0,0,,0
"Collection","/collections/top-fire-doll-factory-photos",2,3,0,0,0,0,13,,0,0,0,185.33333333333334,4.333333333333333,0,,0,2,3,0,0,0,0,13,,0,0,0,185.33333333333334,4.333333333333333,0,,0,0,0,,,,,0,,,,,0,0,,,
"Blog Article","/blogs/dolls-info-qustions/improved-missionary-position-with-fit-sex-doll-enhanced-sex-swing-experience",3,3,0,0,0,0,41,,0,0,0,1052.3333333333333,13.666666666666666,0.6666666666666666,,2,3,3,0,0,0,0,41,,0,0,0,1052.3333333333333,13.666666666666666,0.6666666666666666,,2,0,0,,,,,0,,,,,0,0,0,,0
"Product","/products/f9109-150cm-5ft-27-5kg-silicone-best-sex-doll-anime-elsa-babe",1,3,0,0,0,0,4,,0,0,0,2.6666666666666665,1.3333333333333333,0.6666666666666666,,2,1,3,0,0,0,0,4,,0,0,0,2.6666666666666665,1.3333333333333333,0.6666666666666666,,2,0,0,,,,,0,,,,,0,0,0,,0
"Product","/products/evasdoll-tall-silicone-doll-182cm-f737",3,3,0,0,0,0,3,,0,0,0,0,1,1,,3,3,3,0,0,0,0,3,,0,0,0,0,1,1,,3,0,0,,,,,0,,,,,,0,0,,0
"Collection","/collections/bbw-sex-doll-list",3,3,0,0,0,0,13,,0,0,0,139.33333333333334,4.333333333333333,0,,0,3,3,0,0,0,0,13,,0,0,0,139.33333333333334,4.333333333333333,0,,0,0,0,,,,,0,,,,,0,0,,,
"Blog Article","/blogs/dolls-info-qustions/hey-as-a-woman-is-it-weird-if-i-want-to-buy-a-strap-on-dildo-to-get-it-on-with-a-female-trans-sex-doll",3,3,0,0,0,0,3,,0,0,0,0,1,1,,3,3,3,0,0,0,0,3,,0,0,0,0,1,1,,3,0,0,,,,,0,,,,,,0,0,,0
,"/en-ca/collections/pocket-pussy-ass",3,3,0,0,0,0,3,,0,0,0,0,1,1,,3,3,3,0,0,0,0,3,,0,0,0,0,1,1,,3,0,0,,,,,0,,,,,,0,0,,0
"Custom Page","/pages/ai-sex-doll-function",3,3,1,1,0,0,10,0,0.3333333333333333,0.3333333333333333,0,111.66666666666667,3.3333333333333335,0.3333333333333333,0,1,3,3,1,1,0,0,10,0,0.3333333333333333,0.3333333333333333,0,111.66666666666667,3.3333333333333335,0.3333333333333333,0,1,0,0,0,0,,,0,,0,0,,0,0,0,,0
"Collection","/collections/ebony-sex-doll",3,3,0,0,0,0,5,,0,0,0,149.33333333333334,1.6666666666666667,0.6666666666666666,,2,3,3,0,0,0,0,5,,0,0,0,149.33333333333334,1.6666666666666667,0.6666666666666666,,2,0,0,,,,,0,,,,,0,0,0,,0
"Product","/products/f2575-170cm5-6ft-43kg-d-cup-snow-angel-vyrella-ros-max-silicone-sex-doll-real-lady",1,3,0,0,0,0,3,,0,0,0,0,1,1,,3,1,3,0,0,0,0,3,,0,0,0,0,1,1,,3,0,0,,,,,0,,,,,,0,0,,0
"Checkout","/60719464687/orders/caa46c300592e700669d322512395e9c",2,3,0,0,0,0,10,,0,0,0,54.666666666666664,3.3333333333333335,0.6666666666666666,,2,2,3,0,0,0,0,10,,0,0,0,54.666666666666664,3.3333333333333335,0.6666666666666666,,2,0,0,,,,,0,,,,,0,0,0,,0
,"/de/blogs/dolls-info-qustions/%F0%9F%94%A5-top-5-most-popular-big-butt-chubby-belly-curvy-body-pornstar-style-sex-dolls-in-2025-%F0%9F%94%A5",3,3,0,0,0,0,3,,0,0,0,0,1,1,,3,3,3,0,0,0,0,3,,0,0,0,0,1,1,,3,0,0,,,,,0,,,,,,0,0,,0
,"/de/collections/breast-toy",3,3,0,0,0,0,4,,0,0,0,4.666666666666667,1.3333333333333333,0.6666666666666666,,2,3,3,0,0,0,0,4,,0,0,0,4.666666666666667,1.3333333333333333,0.6666666666666666,,2,0,0,,,,,0,,,,,0,0,0,,0
"Product","/products/b75-silicone-black-huge-tits-sex-torso-in-stock-usa-mrl",3,3,0,0,0,0,7,,0,0,0,142.33333333333334,2.3333333333333335,0.3333333333333333,,1,3,3,0,0,0,0,7,,0,0,0,142.33333333333334,2.3333333333333335,0.3333333333333333,,1,0,0,,,,,0,,,,,0,0,0,,0
"Product","/products/t683-24lbsexy-and-real-realistic-ass-sex-doll-torso",3,3,0,0,0,0,6,,0,0,0,45.666666666666664,2,0.6666666666666666,,2,3,3,0,0,0,0,6,,0,0,0,45.666666666666664,2,0.6666666666666666,,2,0,0,,,,,0,,,,,0,0,0,,0
"Product","/products/t411-50-7lbs-92cm-silicone-luxury-super-realistic-human-size-torso-sex-dolls-and-robots",3,3,0,0,0,0,10,,0,0,0,318,3.3333333333333335,0.3333333333333333,,1,3,3,0,0,0,0,10,,0,0,0,318,3.3333333333333335,0.3333333333333333,,1,0,0,,,,,0,,,,,0,0,0,,0
"Product","/products/f7675-163cm5ft3-33kg-e-cup-life-size-ros-silicone-life-size-sex-dolls-lightweight-wm-doll",3,3,0,0,0,0,6,,0,0,0,18,2,0.6666666666666666,,2,3,3,0,0,0,0,6,,0,0,0,18,2,0.6666666666666666,,2,0,0,,,,,0,,,,,0,0,0,,0
"Collection","/collections/with-head-alien-sex-doll",3,3,0,0,0,0,3,,0,0,0,1.3333333333333333,1,1,,3,3,3,0,0,0,0,3,,0,0,0,1.3333333333333333,1,1,,3,0,0,,,,,0,,,,,0,0,0,,0
"Product","/products/f9135-175cm-40kg-drake-strong-femboy-silicone-most-realistic-male-porn-celebrity-sex-doll-irontech-doll",3,3,0,0,0,0,6,,0,0,0,106.33333333333333,2,0.6666666666666666,,2,3,3,0,0,0,0,6,,0,0,0,106.33333333333333,2,0.6666666666666666,,2,0,0,,,,,0,,,,,0,0,0,,0
,"/en-ca/collections/big-ass-sex-doll-life-size",3,3,0,0,0,0,3,,0,0,0,0,1,1,,3,3,3,0,0,0,0,3,,0,0,0,0,1,1,,3,0,0,,,,,0,,,,,,0,0,,0
"Collection","/collections/teardrop-huge-breast-sex-doll",3,3,0,0,0,0,10,,0,0,0,110.33333333333333,3.3333333333333335,0.3333333333333333,,1,3,3,0,0,0,0,10,,0,0,0,110.33333333333333,3.3333333333333335,0.3333333333333333,,1,0,0,,,,,0,,,,,0,0,0,,0
"Collection","/collections/tpe-sex-doll-head",2,3,0,0,0,0,14,,0,0,0,166.66666666666666,4.666666666666667,0.6666666666666666,,2,2,3,0,0,0,0,14,,0,0,0,166.66666666666666,4.666666666666667,0.6666666666666666,,2,0,0,,,,,0,,,,,0,0,0,,0
"Product","/products/silicone-butt-thighs-17-4lb",3,3,1,0,0,0,43,,0.3333333333333333,0,0,1249.3333333333333,14.333333333333334,0,,0,3,3,1,0,0,0,43,,0.3333333333333333,0,0,1249.3333333333333,14.333333333333334,0,,0,0,0,0,,,,0,,0,,,0,0,,,
"Blog Article","/blogs/dolls-info-qustions/how-realistic-the-fake-pussy-is",3,3,0,0,0,0,5,,0,0,0,21,1.6666666666666667,0.6666666666666666,,2,3,3,0,0,0,0,5,,0,0,0,21,1.6666666666666667,0.6666666666666666,,2,0,0,,,,,0,,,,,0,0,0,,0
,"/en-ca/collections/big-booty-sex-dolls",3,3,0,0,0,0,6,,0,0,0,14.666666666666666,2,0.6666666666666666,,2,3,3,0,0,0,0,6,,0,0,0,14.666666666666666,2,0.6666666666666666,,2,0,0,,,,,0,,,,,0,0,0,,0
"Collection","/collections/ass-mini-male-sex-doll",3,3,0,0,0,0,3,,0,0,0,0,1,1,,3,3,3,0,0,0,0,3,,0,0,0,0,1,1,,3,0,0,,,,,0,,,,,,0,0,,0
"Product","/products/a210-torso-doll-with-big-dildo-male-torso-dildo-sex-toy",1,3,0,0,0,0,3,,0,0,0,0,1,1,,3,1,3,0,0,0,0,3,,0,0,0,0,1,1,,3,0,0,,,,,0,,,,,,0,0,,0
"Product","/products/a219-9-4lb-realistic-pocket-pussy-with-thick-ass-silincone-sex-toy-top-fire",3,3,0,0,0,0,4,,0,0,0,2,1.3333333333333333,0.6666666666666666,,2,3,3,0,0,0,0,4,,0,0,0,2,1.3333333333333333,0.6666666666666666,,2,0,0,,,,,0,,,,,0,0,0,,0
"Blog Index","/blogs/dolls-info-qustions",2,3,0,0,0,0,247,,0,0,0,3386.6666666666665,82.33333333333333,0.3333333333333333,,1,2,3,0,0,0,0,247,,0,0,0,3386.6666666666665,82.33333333333333,0.3333333333333333,,1,0,0,,,,,0,,,,,0,0,0,,0
"Blog Article","/blogs/dolls-info-qustions/2025-top-5-big-booty-sex-doll-torsos-that-will-rock-your-world",2,3,0,0,0,0,17,,0,0,0,82.33333333333333,5.666666666666667,0,,0,2,3,0,0,0,0,17,,0,0,0,82.33333333333333,5.666666666666667,0,,0,0,0,,,,,0,,,,,0,0,,,
"Product","/products/f2276-165cm-d-cup-mary-silicone-sex-doll-normon-doll",1,3,0,0,0,0,3,,0,0,0,0,1,1,,3,1,3,0,0,0,0,3,,0,0,0,0,1,1,,3,0,0,,,,,0,,,,,,0,0,,0
,"/en-ca/blogs/dolls-info-qustions/top-cydoll-auto-blowjob-function-game-changing-feature-now-live",3,3,0,0,0,0,17,,0,0,0,184.33333333333334,5.666666666666667,0.6666666666666666,,2,3,3,0,0,0,0,17,,0,0,0,184.33333333333334,5.666666666666667,0.6666666666666666,,2,0,0,,,,,0,,,,,0,0,0,,0
"Collection","/collections/100-199",3,3,0,0,0,0,3,,0,0,0,0,1,1,,3,3,3,0,0,0,0,3,,0,0,0,0,1,1,,3,0,0,,,,,0,,,,,,0,0,,0
"Blog Article","/blogs/dolls-info-qustions/which-condoms-can-be-used-with-18s-sex-dolls",3,3,0,0,0,0,3,,0,0,0,0,1,1,,3,3,3,0,0,0,0,3,,0,0,0,0,1,1,,3,0,0,,,,,0,,,,,,0,0,,0
"Product","/products/f4602-175cm60kg-femboy-real-life-gay-best-male-sex-doll-qita-doll",3,3,0,0,0,0,3,,0,0,0,0,1,1,,3,3,3,0,0,0,0,3,,0,0,0,0,1,1,,3,0,0,,,,,0,,,,,,0,0,,0
"Blog Article","/blogs/dolls-info-qustions/whether-sex-dolls-can-be-rented",3,3,0,0,0,0,6,,0,0,0,143,2,0,,0,3,3,0,0,0,0,6,,0,0,0,143,2,0,,0,0,0,,,,,0,,,,,0,0,,,
"Blog Article","/blogs/dolls-info-qustions/3-minute-hack-master-your-robot-sex-doll-s-clamping-function",3,3,0,0,0,0,3,,0,0,0,0,1,1,,3,3,3,0,0,0,0,3,,0,0,0,0,1,1,,3,0,0,,,,,0,,,,,,0,0,,0
"Collection","/collections/big-ass-sex-doll-cheap",3,3,0,0,0,0,16,,0,0,0,185.33333333333334,5.333333333333333,0.6666666666666666,,2,3,3,0,0,0,0,16,,0,0,0,185.33333333333334,5.333333333333333,0.6666666666666666,,2,0,0,,,,,0,,,,,0,0,0,,0
"Product","/products/f9283-178cm-p-cup-ssbbw-sex-doll-pawg",3,3,0,0,0,0,9,,0,0,0,481,3,0.3333333333333333,,1,3,3,0,0,0,0,9,,0,0,0,481,3,0.3333333333333333,,1,0,0,,,,,0,,,,,0,0,0,,0
"Product","/products/t701-94cm-muscle-male-sex-torso-17cm-cock-qita-doll",3,3,0,0,0,0,5,,0,0,0,3.3333333333333335,1.6666666666666667,0.6666666666666666,,2,3,3,0,0,0,0,5,,0,0,0,3.3333333333333335,1.6666666666666667,0.6666666666666666,,2,0,0,,,,,0,,,,,0,0,0,,0
"Product","/products/t230-big-breast-torso-dildo-bisexual-torso",2,3,0,0,0,0,4,,0,0,0,9,1.3333333333333333,0.6666666666666666,,2,2,3,0,0,0,0,4,,0,0,0,9,1.3333333333333333,0.6666666666666666,,2,0,0,,,,,0,,,,,0,0,0,,0
"Product","/products/f6088-152cm-5ft-33kg-a-cup-silicone-head-tpe-body-realistic-mini-sex-doll-with-lifelike-skin-for-discreet-pleasure-shedoll",2,3,0,0,0,0,6,,0,0,0,18,2,0.6666666666666666,,2,2,3,0,0,0,0,6,,0,0,0,18,2,0.6666666666666666,,2,0,0,,,,,0,,,,,0,0,0,,0
,"/en-ca/products/f3555-166cm5-5ft-33kg-c-cup-fantasy-tpe-sex-doll%E4%B8%A8wm-doll",2,3,1,1,0,0,11,0,0.3333333333333333,0.3333333333333333,0,281.6666666666667,3.6666666666666665,0.6666666666666666,0,2,2,3,1,1,0,0,11,0,0.3333333333333333,0.3333333333333333,0,281.6666666666667,3.6666666666666665,0.6666666666666666,0,2,0,0,0,0,,,0,,0,0,,0,0,0,,0
"Blog Article","/blogs/dolls-info-qustions/s-tpe",3,3,0,0,0,0,3,,0,0,0,0,1,1,,3,3,3,0,0,0,0,3,,0,0,0,0,1,1,,3,0,0,,,,,0,,,,,,0,0,,0
"Product","/products/f4744-90cm-2ft1134kg-o-cup-tpe-adult-big-chest-big-ass-bbw-sex-doll-torso-with-head-yl-doll",1,3,0,0,0,0,15,,0,0,0,462.6666666666667,5,0.3333333333333333,,1,1,3,0,0,0,0,15,,0,0,0,462.6666666666667,5,0.3333333333333333,,1,0,0,,,,,0,,,,,0,0,0,,0
"Blog Article","/blogs/dolls-info-qustions/the-best-futa-sex-dolls-to-buy-in-2025-brand-guide-buying-tips",3,3,0,0,0,0,21,,0,0,0,166.33333333333334,7,0.3333333333333333,,1,3,3,0,0,0,0,21,,0,0,0,166.33333333333334,7,0.3333333333333333,,1,0,0,,,,,0,,,,,0,0,0,,0
"Blog Article","/blogs/dolls-info-qustions/wanna-make-your-sex-doll-look-like-an-anime-character-heres-how",3,3,0,0,0,0,8,,0,0,0,244,2.6666666666666665,0.6666666666666666,,2,3,3,0,0,0,0,8,,0,0,0,244,2.6666666666666665,0.6666666666666666,,2,0,0,,,,,0,,,,,0,0,0,,0
"Product","/products/bbw-sex-doll-torso-t71-papaya-breast-tpe",3,3,0,0,0,0,4,,0,0,0,28.333333333333332,1.3333333333333333,0.6666666666666666,,2,3,3,0,0,0,0,4,,0,0,0,28.333333333333332,1.3333333333333333,0.6666666666666666,,2,0,0,,,,,0,,,,,0,0,0,,0
"Collection","/collections/big-ass-sex-doll-500-999",3,3,0,0,0,0,4,,0,0,0,126.66666666666667,1.3333333333333333,0.6666666666666666,,2,3,3,0,0,0,0,4,,0,0,0,126.66666666666667,1.3333333333333333,0.6666666666666666,,2,0,0,,,,,0,,,,,0,0,0,,0
"Blog Article","/blogs/dolls-info-qustions/how-to-deal-with-stuck-joints-in-sex-dolls-professional-repair-and-maintenance-guide",3,3,0,0,0,0,3,,0,0,0,0,1,1,,3,3,3,0,0,0,0,3,,0,0,0,0,1,1,,3,0,0,,,,,0,,,,,,0,0,,0
"Product","/products/f6269-166cm-5ft5-38kg-d-cup-life-size-silicone-realistic-christmas-sex-doll-md-doll",3,3,0,0,0,0,3,,0,0,0,0,1,1,,3,3,3,0,0,0,0,3,,0,0,0,0,1,1,,3,0,0,,,,,0,,,,,,0,0,,0
"Blog Article","/blogs/dolls-info-qustions/top-5-best-foot-fetish-toys-you-can-buy-online-in-2025",3,3,0,0,0,0,3,,0,0,0,0,1,1,,3,3,3,0,0,0,0,3,,0,0,0,0,1,1,,3,0,0,,,,,0,,,,,,0,0,,0
"Blog Article","/blogs/dolls-info-qustions/sex-doll-storage-furniture-discreet-safe-and-space-saving-solutions",3,3,0,0,0,0,3,,0,0,0,0,1,1,,3,3,3,0,0,0,0,3,,0,0,0,0,1,1,,3,0,0,,,,,0,,,,,,0,0,,0
"Product","/products/f5961-150cm-4ft9-f-cup-114-powerful-big-ass-tpe-ssbbw-plus-size-sex-dolls-2025-sy-doll",2,3,0,0,0,0,3,,0,0,0,0,1,1,,3,2,3,0,0,0,0,3,,0,0,0,0,1,1,,3,0,0,,,,,0,,,,,,0,0,,0
"Product","/products/f1276-166cm-37-5kg-d-cup-misa-asian-silicone-sex-doll-in-stock-usa-irontech-doll",1,3,0,0,0,0,4,,0,0,0,22.666666666666668,1.3333333333333333,0.6666666666666666,,2,1,3,0,0,0,0,4,,0,0,0,22.666666666666668,1.3333333333333333,0.6666666666666666,,2,0,0,,,,,0,,,,,0,0,0,,0
"Checkout","/60719464687/orders/99a9e29172acbfa71e686cc2fa8f48c3",3,3,0,0,0,0,10,,0,0,0,85,3.3333333333333335,0.3333333333333333,,1,3,3,0,0,0,0,10,,0,0,0,85,3.3333333333333335,0.3333333333333333,,1,0,0,,,,,0,,,,,0,0,0,,0
"Blog Article","/blogs/dolls-info-qustions/dangerous-and-fascinating-the-irresistible-allure-of-mermaid-sex-doll",3,3,0,0,0,0,3,,0,0,0,0,1,1,,3,3,3,0,0,0,0,3,,0,0,0,0,1,1,,3,0,0,,,,,0,,,,,,0,0,,0
"Collection","/collections/huge",3,3,0,0,0,0,7,,0,0,0,25,2.3333333333333335,0,,0,3,3,0,0,0,0,7,,0,0,0,25,2.3333333333333335,0,,0,0,0,,,,,0,,,,,0,0,,,
"Blog Article","/blogs/dolls-info-qustions/does-youth-mean-being-not-busty-recommended-large-bust-18s-sex-dolls",3,3,0,0,0,0,3,,0,0,0,0,1,1,,3,3,3,0,0,0,0,3,,0,0,0,0,1,1,,3,0,0,,,,,0,,,,,,0,0,,0
"Blog Article","/blogs/featured-blog/complete-guide-to-fixing-tpe-full-size-sex-doll-makeup-fading",3,3,0,0,0,0,3,,0,0,0,0,1,1,,3,3,3,0,0,0,0,3,,0,0,0,0,1,1,,3,0,0,,,,,0,,,,,,0,0,,0
,"/de/collections/anime-sex-doll-under-200",3,3,0,0,0,0,3,,0,0,0,0,1,1,,3,3,3,0,0,0,0,3,,0,0,0,0,1,1,,3,0,0,,,,,0,,,,,,0,0,,0
"Blog Article","/blogs/featured-blog/exhibition-diary-the-2025-guangzhou-adult-expo-was-absolutely-mind-blowing",3,3,0,0,0,0,4,,0,0,0,0.6666666666666666,1.3333333333333333,0.6666666666666666,,2,3,3,0,0,0,0,4,,0,0,0,0.6666666666666666,1.3333333333333333,0.6666666666666666,,2,0,0,,,,,0,,,,,0,0,0,,0
,"/en-ca/collections/anime-hentai-sex-doll",3,3,0,0,0,0,15,,0,0,0,351.6666666666667,5,0,,0,3,3,0,0,0,0,15,,0,0,0,351.6666666666667,5,0,,0,0,0,,,,,0,,,,,0,0,,,
,"/en-fi/blogs/dolls-info-qustions/%F0%9F%94%A5-top-5-most-popular-big-butt-chubby-belly-curvy-body-pornstar-style-sex-dolls-in-2025-%F0%9F%94%A5",3,3,0,0,0,0,3,,0,0,0,0,1,1,,3,3,3,0,0,0,0,3,,0,0,0,0,1,1,,3,0,0,,,,,0,,,,,,0,0,,0
,"/en-ca/collections/mini-flat-chest-sex-doll",3,3,0,0,0,0,6,,0,0,0,6.666666666666667,2,0.3333333333333333,,1,3,3,0,0,0,0,6,,0,0,0,6.666666666666667,2,0.3333333333333333,,1,0,0,,,,,0,,,,,0,0,0,,0
"Blog Article","/blogs/dolls-info-qustions/comprehensive-analysis-of-ai-sex-doll-automatic-tongue-function",3,3,0,0,0,0,3,,0,0,0,0,1,1,,3,3,3,0,0,0,0,3,,0,0,0,0,1,1,,3,0,0,,,,,0,,,,,,0,0,,0
"Product","/products/58313-2lb-27-5-sex-doll-legs",2,3,0,0,0,0,10,,0,0,0,138.66666666666666,3.3333333333333335,0.6666666666666666,,2,2,3,0,0,0,0,10,,0,0,0,138.66666666666666,3.3333333333333335,0.6666666666666666,,2,0,0,,,,,0,,,,,0,0,0,,0
,"/en-ca/blogs/dolls-info-qustions/safely-disposing-the-used-sex-dolls",3,3,0,0,0,0,3,,0,0,0,0,1,1,,3,3,3,0,0,0,0,3,,0,0,0,0,1,1,,3,0,0,,,,,0,,,,,,0,0,,0
,"/en-ca/collections/mini-sex-doll-torso",3,3,0,0,0,0,3,,0,0,0,0,1,1,,3,3,3,0,0,0,0,3,,0,0,0,0,1,1,,3,0,0,,,,,0,,,,,,0,0,,0
,"/en-ca/pages/cheap-sex-doll-guide",3,3,0,0,0,0,6,,0,0,0,16.666666666666668,2,0.3333333333333333,,1,3,3,0,0,0,0,6,,0,0,0,16.666666666666668,2,0.3333333333333333,,1,0,0,,,,,0,,,,,0,0,0,,0
"Checkout","/60719464687/orders/16110408ae4d9e6cfdf21cb641ee79ec",3,3,0,0,0,0,16,,0,0,0,807.6666666666666,5.333333333333333,0.3333333333333333,,1,3,3,0,0,0,0,16,,0,0,0,807.6666666666666,5.333333333333333,0.3333333333333333,,1,0,0,,,,,0,,,,,0,0,0,,0
"Product","/products/f1618-163cm-5ft3-g-cup-fat-girl-realistic-silicone-head-sex-doll-rosretty-doll",3,3,0,0,0,0,38,,0,0,0,1024,12.666666666666666,0.3333333333333333,,1,3,3,0,0,0,0,38,,0,0,0,1024,12.666666666666666,0.3333333333333333,,1,0,0,,,,,0,,,,,0,0,0,,0
"Checkout","/60719464687/orders/12e76d9034296233696c541bdf17501b",1,3,0,0,0,0,3,,0,0,0,0,1,1,,3,1,3,0,0,0,0,3,,0,0,0,0,1,1,,3,0,0,,,,,0,,,,,,0,0,,0
,"/en-ca/products/f6209-172cm-5-6ft-37-5kg-a-cup-realistic-flat-chest-sex-doll-top-cydoll",3,3,0,0,0,0,4,,0,0,0,6.666666666666667,1.3333333333333333,0.6666666666666666,,2,3,3,0,0,0,0,4,,0,0,0,6.666666666666667,1.3333333333333333,0.6666666666666666,,2,0,0,,,,,0,,,,,0,0,0,,0
"Product","/products/h228-ros-silicone-sex-doll-head%E4%B8%A8wm-doll-head",1,3,0,0,0,0,9,,0,0,0,10.666666666666666,3,0,,0,1,3,0,0,0,0,9,,0,0,0,10.666666666666666,3,0,,0,0,0,,,,,0,,,,,0,0,,,
"Blog Article","/blogs/dolls-info-qustions/recommended-small-breast-sex-dolls-suitable-for-japanese-porn-student-movies",3,3,0,0,0,0,13,,0,0,0,498,4.333333333333333,0.3333333333333333,,1,3,3,0,0,0,0,13,,0,0,0,498,4.333333333333333,0.3333333333333333,,1,0,0,,,,,0,,,,,0,0,0,,0
"Product","/products/se-doll-head-x-bot-ai-smart-multi-language-talking-h002",3,3,0,0,0,0,23,,0,0,0,148,7.666666666666667,0.6666666666666666,,2,3,3,0,0,0,0,23,,0,0,0,148,7.666666666666667,0.6666666666666666,,2,0,0,,,,,0,,,,,0,0,0,,0
"Product","/products/t412-bbw-sex-torso-55lb-life-size-chubby-fat-woman",3,3,0,0,0,0,4,,0,0,0,12.333333333333334,1.3333333333333333,0.6666666666666666,,2,3,3,0,0,0,0,4,,0,0,0,12.333333333333334,1.3333333333333333,0.6666666666666666,,2,0,0,,,,,0,,,,,0,0,0,,0
"Blog Article","/blogs/dolls-info-qustions/how-to-choose-the-perfect-30-40-pound-torso-doll",3,3,0,0,0,0,3,,0,0,0,0,1,1,,3,3,3,0,0,0,0,3,,0,0,0,0,1,1,,3,0,0,,,,,0,,,,,,0,0,,0
"Collection","/collections/pornstar-sex-doll",3,3,0,0,0,0,9,,0,0,0,377.6666666666667,3,0.3333333333333333,,1,3,3,0,0,0,0,9,,0,0,0,377.6666666666667,3,0.3333333333333333,,1,0,0,,,,,0,,,,,0,0,0,,0
"Product","/products/f7626-163cm5-3ft-e-cup-great-huge-butt-tpe-body-silicone-head-sex-doll-for-men%E4%B8%A8sy-doll",2,3,0,0,0,0,4,,0,0,0,210.66666666666666,1.3333333333333333,0.6666666666666666,,2,2,3,0,0,0,0,4,,0,0,0,210.66666666666666,1.3333333333333333,0.6666666666666666,,2,0,0,,,,,0,,,,,0,0,0,,0
,"/en-ca/collections/sex-doll-anal",3,3,0,0,0,0,10,,0,0,0,104,3.3333333333333335,0.3333333333333333,,1,3,3,0,0,0,0,10,,0,0,0,104,3.3333333333333335,0.3333333333333333,,1,0,0,,,,,0,,,,,0,0,0,,0
"Product","/products/f4821-164cm-5ft5-37-5kg-g-cup-silicone-sex-dolls-for-men-zelex-sle-2-0-in-stock-usa-canada-zelex-doll",1,3,0,0,0,0,7,,0,0,0,332,2.3333333333333335,0.3333333333333333,,1,1,3,0,0,0,0,7,,0,0,0,332,2.3333333333333335,0.3333333333333333,,1,0,0,,,,,0,,,,,0,0,0,,0
"Product","/products/a-3-4kg-silicone-animes-hentai-sex-doll-torso-irokebijin-doll",3,3,0,0,0,0,3,,0,0,0,0,1,1,,3,3,3,0,0,0,0,3,,0,0,0,0,1,1,,3,0,0,,,,,0,,,,,,0,0,,0
"Product","/products/f6109-157cm-5-6ft-35kg-f-cup-asian-ros-silicone-realistic-sex-doll-evasdoll",3,3,0,0,0,0,13,,0,0,0,278.3333333333333,4.333333333333333,0.6666666666666666,,2,3,3,0,0,0,0,13,,0,0,0,278.3333333333333,4.333333333333333,0.6666666666666666,,2,0,0,,,,,0,,,,,0,0,0,,0
,"/de/products/a303-silicone-big-butt-torso-lightweight-realistic-vagina",2,3,0,0,0,0,4,,0,0,0,4.333333333333333,1.3333333333333333,0.6666666666666666,,2,2,3,0,0,0,0,4,,0,0,0,4.333333333333333,1.3333333333333333,0.6666666666666666,,2,0,0,,,,,0,,,,,0,0,0,,0
"Blog Article","/blogs/dolls-info-qustions/sedoll-set-series-grand-launch-all-new-silicone-head-torso-sex-doll-embrace-light-luxury",2,3,0,0,0,0,7,,0,0,0,556.6666666666666,2.3333333333333335,0.6666666666666666,,2,2,3,0,0,0,0,7,,0,0,0,556.6666666666666,2.3333333333333335,0.6666666666666666,,2,0,0,,,,,0,,,,,0,0,0,,0
"Product","/products/40cm-perfect-sexy-big-ass-sex-doll-torso-518-sex-doll-torso",3,3,0,0,0,0,13,,0,0,0,92.33333333333333,4.333333333333333,0.6666666666666666,,2,3,3,0,0,0,0,13,,0,0,0,92.33333333333333,4.333333333333333,0.6666666666666666,,2,0,0,,,,,0,,,,,0,0,0,,0
"Blog Article","/blogs/sex-doll-option-videos/video-04-moaning-sound",3,3,0,0,0,0,16,,0,0,0,19.333333333333332,5.333333333333333,0.6666666666666666,,2,3,3,0,0,0,0,16,,0,0,0,19.333333333333332,5.333333333333333,0.6666666666666666,,2,0,0,,,,,0,,,,,0,0,0,,0
"Product","/products/v24-silicone-fleshlight-foot-with-toe-detail-and-soft-insert-tunnel",3,3,0,0,0,0,30,,0,0,0,515.6666666666666,10,0.3333333333333333,,1,3,3,0,0,0,0,30,,0,0,0,515.6666666666666,10,0.3333333333333333,,1,0,0,,,,,0,,,,,0,0,0,,0
"Collection","/collections/arab-sex-doll-experience-the-exotic-allure",2,3,0,0,0,0,16,,0,0,0,66.33333333333333,5.333333333333333,0.3333333333333333,,1,2,3,0,0,0,0,16,,0,0,0,66.33333333333333,5.333333333333333,0.3333333333333333,,1,0,0,,,,,0,,,,,0,0,0,,0
"Collection","/collections/fantasy-sex-doll-heads",3,3,0,0,0,0,3,,0,0,0,0,1,1,,3,3,3,0,0,0,0,3,,0,0,0,0,1,1,,3,0,0,,,,,0,,,,,,0,0,,0
"Blog Article","/blogs/dolls-info-qustions/4-things-tell-you-how-to-use-a-lesbian-sex-doll",3,3,1,0,0,0,46,,0.3333333333333333,0,0,422,15.333333333333334,0.6666666666666666,,2,3,3,1,0,0,0,46,,0.3333333333333333,0,0,422,15.333333333333334,0.6666666666666666,,2,0,0,0,,,,0,,0,,,0,0,0,,0
"Collection","/collections/qita-doll",3,3,0,0,0,0,5,,0,0,0,23,1.6666666666666667,0.6666666666666666,,2,3,3,0,0,0,0,5,,0,0,0,23,1.6666666666666667,0.6666666666666666,,2,0,0,,,,,0,,,,,0,0,0,,0
,"/de/collections/big-boobs-japanese-sex-doll",3,3,0,0,0,0,10,,0,0,0,168,3.3333333333333335,0.3333333333333333,,1,3,3,0,0,0,0,10,,0,0,0,168,3.3333333333333335,0.3333333333333333,,1,0,0,,,,,0,,,,,0,0,0,,0
"Collection","/collections/mini-torso",3,3,0,0,0,0,3,,0,0,0,0,1,1,,3,3,3,0,0,0,0,3,,0,0,0,0,1,1,,3,0,0,,,,,0,,,,,,0,0,,0
,"/en-fi/collections/sex-doll-head",3,3,0,0,0,0,9,,0,0,0,52.666666666666664,3,0,,0,3,3,0,0,0,0,9,,0,0,0,52.666666666666664,3,0,,0,0,0,,,,,0,,,,,0,0,,,
"Collection","/collections/skinny-sex-dolls",3,3,0,0,0,0,5,,0,0,0,56,1.6666666666666667,0.6666666666666666,,2,3,3,0,0,0,0,5,,0,0,0,56,1.6666666666666667,0.6666666666666666,,2,0,0,,,,,0,,,,,0,0,0,,0
"Product","/products/f5950-164cm5ft4-40-5kg-robot-all-in-one-seamless-neck-silicone-celebrity-sex-doll-irontech-doll",2,3,0,0,0,0,17,,0,0,0,68.33333333333333,5.666666666666667,0.3333333333333333,,1,2,3,0,0,0,0,17,,0,0,0,68.33333333333333,5.666666666666667,0.3333333333333333,,1,0,0,,,,,0,,,,,0,0,0,,0
"Collection","/collections/curvy-sex-dolls",3,3,0,0,0,0,4,,0,0,0,3.3333333333333335,1.3333333333333333,0.6666666666666666,,2,3,3,0,0,0,0,4,,0,0,0,3.3333333333333335,1.3333333333333333,0.6666666666666666,,2,0,0,,,,,0,,,,,0,0,0,,0
"Product","/products/f4474a-163cm5-3ft-51kg-h-cup-bbw-big-booty-large-butt-tpe-sex-doll-2025%E4%B8%A8wm-doll",3,3,0,0,0,0,13,,0,0,0,151,4.333333333333333,0,,0,3,3,0,0,0,0,13,,0,0,0,151,4.333333333333333,0,,0,0,0,,,,,0,,,,,0,0,,,
,"/en-ca/products/h125-sex-doll-head",1,3,0,0,0,0,5,,0,0,0,9,1.6666666666666667,0.6666666666666666,,2,1,3,0,0,0,0,5,,0,0,0,9,1.6666666666666667,0.6666666666666666,,2,0,0,,,,,0,,,,,0,0,0,,0
"Collection","/collections/hr-doll",3,3,0,0,0,0,8,,0,0,0,28.333333333333332,2.6666666666666665,0,,0,3,3,0,0,0,0,8,,0,0,0,28.333333333333332,2.6666666666666665,0,,0,0,0,,,,,0,,,,,0,0,,,
"Collection","/collections/elf-sex-doll-heads",3,3,0,0,0,0,11,,0,0,0,89,3.6666666666666665,0.3333333333333333,,1,3,3,0,0,0,0,11,,0,0,0,89,3.6666666666666665,0.3333333333333333,,1,0,0,,,,,0,,,,,0,0,0,,0
,"/en-ca/collections/foot-pocket-pussy",3,3,0,0,0,0,5,,0,0,0,32,1.6666666666666667,0.6666666666666666,,2,3,3,0,0,0,0,5,,0,0,0,32,1.6666666666666667,0.6666666666666666,,2,0,0,,,,,0,,,,,0,0,0,,0
"Blog Article","/blogs/complete-sex-doll-guide-for-beginners/the-ultimate-2026-tpe-sex-dolls-cleaning-longevity-guide",3,3,0,0,0,0,3,,0,0,0,0,1,1,,3,3,3,0,0,0,0,3,,0,0,0,0,1,1,,3,0,0,,,,,0,,,,,,0,0,,0
"Collection","/collections/irontech-doll-factory-photos",3,3,0,0,0,0,51,,0,0,0,173.33333333333334,17,0.3333333333333333,,1,3,3,0,0,0,0,51,,0,0,0,173.33333333333334,17,0.3333333333333333,,1,0,0,,,,,0,,,,,0,0,0,,0
,"/de/collections/fake-ass-sex-toy",3,3,0,0,0,0,13,,0,0,0,565.6666666666666,4.333333333333333,0,,0,3,3,0,0,0,0,13,,0,0,0,565.6666666666666,4.333333333333333,0,,0,0,0,,,,,0,,,,,0,0,,,
"Product","/products/57652-9lb-life-size-sex-doll-torso-with-perky-tits-and-slender-waist",3,3,0,0,0,0,3,,0,0,0,0,1,1,,3,3,3,0,0,0,0,3,,0,0,0,0,1,1,,3,0,0,,,,,0,,,,,,0,0,,0
,"/ja/blogs/dolls-info-qustions/shocking-in-depth-review-of-naimi-1-1-celebrity-sex-doll",3,3,0,0,0,0,3,,0,0,0,0,1,1,,3,3,3,0,0,0,0,3,,0,0,0,0,1,1,,3,0,0,,,,,0,,,,,,0,0,,0
"Collection","/collections/top-cydoll-videos",3,3,0,0,0,0,9,,0,0,0,26.666666666666668,3,0.3333333333333333,,1,3,3,0,0,0,0,9,,0,0,0,26.666666666666668,3,0.3333333333333333,,1,0,0,,,,,0,,,,,0,0,0,,0
"Product","/products/f7688-22-7kg-lightweight-fantasy-milf-silicone-sex-doll-wasteland-huntress-barza-climax-doll-ulw",3,3,0,0,0,0,6,,0,0,0,11,2,0.6666666666666666,,2,3,3,0,0,0,0,6,,0,0,0,11,2,0.6666666666666666,,2,0,0,,,,,0,,,,,0,0,0,,0
"Product","/products/f6335-life-size-sex-doll-robot",1,3,0,0,0,0,3,,0,0,0,0,1,1,,3,1,3,0,0,0,0,3,,0,0,0,0,1,1,,3,0,0,,,,,0,,,,,,0,0,,0
,"/ja/collections/top-rated-japanese-sex-dolls-in-2026",3,3,0,0,0,0,6,,0,0,0,171.33333333333334,2,0.3333333333333333,,1,3,3,0,0,0,0,6,,0,0,0,171.33333333333334,2,0.3333333333333333,,1,0,0,,,,,0,,,,,0,0,0,,0
"Blog Article","/blogs/dolls-info-qustions/how-to-integrate-sex-toys-and-torso-sex-dolls-into-foreplay",3,3,0,0,0,0,3,,0,0,0,0,1,1,,3,3,3,0,0,0,0,3,,0,0,0,0,1,1,,3,0,0,,,,,0,,,,,,0,0,,0
"Collection","/collections/lifesize-male-sex-doll-torso",3,3,0,0,0,0,5,,0,0,0,12.333333333333334,1.6666666666666667,0.6666666666666666,,2,3,3,0,0,0,0,5,,0,0,0,12.333333333333334,1.6666666666666667,0.6666666666666666,,2,0,0,,,,,0,,,,,0,0,0,,0
,"/de/collections/torso-shemale-sex-doll",3,3,0,0,0,0,11,,0,0,0,246.66666666666666,3.6666666666666665,0.3333333333333333,,1,3,3,0,0,0,0,11,,0,0,0,246.66666666666666,3.6666666666666665,0.3333333333333333,,1,0,0,,,,,0,,,,,0,0,0,,0
,"/en-ca/products/f4004-161cm-5ft352-5kg-h-cup-best-fat-big-ass-breasts-life-size-bbw-silicone-super-fat-big-belly-sex-doll-starpery-doll",1,3,0,0,0,0,18,,0,0,0,784.6666666666666,6,0,,0,1,3,0,0,0,0,18,,0,0,0,784.6666666666666,6,0,,0,0,0,,,,,0,,,,,0,0,,,
"Collection","/collections/black-ass-sex-doll",3,3,0,0,0,0,3,,0,0,0,0,1,1,,3,3,3,0,0,0,0,3,,0,0,0,0,1,1,,3,0,0,,,,,0,,,,,,0,0,,0
"Product","/products/t690-86lbsuntan-tpe-mega-torso-sex-toy",3,3,0,0,0,0,3,,0,0,0,0,1,1,,3,3,3,0,0,0,0,3,,0,0,0,0,1,1,,3,0,0,,,,,0,,,,,,0,0,,0
"Collection","/collections/big-boobs-japanese-sex-doll",3,3,0,0,0,0,7,,0,0,0,107.33333333333333,2.3333333333333335,0.3333333333333333,,1,3,3,0,0,0,0,7,,0,0,0,107.33333333333333,2.3333333333333335,0.3333333333333333,,1,0,0,,,,,0,,,,,0,0,0,,0
"Product","/products/f5963-159cm-5ft3-34kg-a-cup-tpe-silicone-celebrity-young-flat-chest-sex-doll-sy-doll",2,3,0,0,0,0,14,,0,0,0,302,4.666666666666667,0.6666666666666666,,2,2,3,0,0,0,0,14,,0,0,0,302,4.666666666666667,0.6666666666666666,,2,0,0,,,,,0,,,,,0,0,0,,0
"Blog Article","/blogs/dolls-info-qustions/soul-sync-five-ai-girlfriend-apps-that-bring-a-vivid-experience-to-robotic-sex-dolls",3,3,0,0,0,0,3,,0,0,0,0,1,1,,3,3,3,0,0,0,0,3,,0,0,0,0,1,1,,3,0,0,,,,,0,,,,,,0,0,,0
"Collection","/collections/lesbian-sex-doll",3,3,0,0,0,0,3,,0,0,0,0,1,1,,3,3,3,0,0,0,0,3,,0,0,0,0,1,1,,3,0,0,,,,,0,,,,,,0,0,,0
"Product","/products/f8131-165cm-5ft4-34-7kg-silicone-anime-sex-doll-elsa-babe",1,3,0,0,0,0,3,,0,0,0,0,1,1,,3,1,3,0,0,0,0,3,,0,0,0,0,1,1,,3,0,0,,,,,0,,,,,,0,0,,0
"Product","/products/t90221-49lb-d-cup-2-95-dildo-electric-shemale-male-female-rechargeable-sex-doll-torso-adult-toys",3,3,0,0,0,0,4,,0,0,0,4.666666666666667,1.3333333333333333,0.6666666666666666,,2,3,3,0,0,0,0,4,,0,0,0,4.666666666666667,1.3333333333333333,0.6666666666666666,,2,0,0,,,,,0,,,,,0,0,0,,0
,"/en-ca/collections/shemale-sex-doll",3,3,0,0,0,0,9,,0,0,0,52,3,0.6666666666666666,,2,3,3,0,0,0,0,9,,0,0,0,52,3,0.6666666666666666,,2,0,0,,,,,0,,,,,0,0,0,,0
"Blog Article","/blogs/dolls-info-qustions/4-reasons-why-milfs-are-so-popular-in-2023",3,3,0,0,0,0,3,,0,0,0,0,1,1,,3,3,3,0,0,0,0,3,,0,0,0,0,1,1,,3,0,0,,,,,0,,,,,,0,0,,0
"Product","/products/a309-19lb-soft-silicone-realistic-big-ass-sex-dolls-torso",2,3,0,0,0,0,14,,0,0,0,190.33333333333334,4.666666666666667,0.3333333333333333,,1,2,3,0,0,0,0,14,,0,0,0,190.33333333333334,4.666666666666667,0.3333333333333333,,1,0,0,,,,,0,,,,,0,0,0,,0
"Blog Article","/blogs/dolls-info-qustions/sex-experts-recommend-top-ten-sex-pillows-to-enhance-your-bbw-sex-doll-experience",2,2,0,0,0,0,8,,0,0,0,1277.5,4,0.5,,1,2,2,0,0,0,0,8,,0,0,0,1277.5,4,0.5,,1,0,0,,,,,0,,,,,0,0,0,,0
,"/ja/collections/anime-pocket-pussy",2,2,0,0,0,0,5,,0,0,0,43.5,2.5,0.5,,1,2,2,0,0,0,0,5,,0,0,0,43.5,2.5,0.5,,1,0,0,,,,,0,,,,,0,0,0,,0
"Product","/products/h1102-blue-alien-sex-doll-head",1,2,0,0,0,0,2,,0,0,0,0,1,1,,2,1,2,0,0,0,0,2,,0,0,0,0,1,1,,2,0,0,,,,,0,,,,,,0,0,,0
,"/en-ca/blogs/featured-blog/complete-guide-to-fixing-tpe-full-size-sex-doll-makeup-fading",2,2,0,0,0,0,2,,0,0,0,0,1,1,,2,2,2,0,0,0,0,2,,0,0,0,0,1,1,,2,0,0,,,,,0,,,,,,0,0,,0
,"/en-fi/collections/18s-sex-doll",2,2,0,0,0,0,8,,0,0,0,93.5,4,0,,0,2,2,0,0,0,0,8,,0,0,0,93.5,4,0,,0,0,0,,,,,0,,,,,0,0,,,
,"/en-fi/collections/mini-sex-doll",2,2,0,0,0,0,6,,0,0,0,392.5,3,0,,0,2,2,0,0,0,0,6,,0,0,0,392.5,3,0,,0,0,0,,,,,0,,,,,0,0,,,
,"/en-ca/collections/hyper-realistic-sex-doll",2,2,0,0,0,0,6,,0,0,0,51.5,3,0.5,,1,2,2,0,0,0,0,6,,0,0,0,51.5,3,0.5,,1,0,0,,,,,0,,,,,0,0,0,,0
,"/en-ca/collections/mini-torso",2,2,0,0,0,0,5,,0,0,0,82,2.5,0.5,,1,2,2,0,0,0,0,5,,0,0,0,82,2.5,0.5,,1,0,0,,,,,0,,,,,0,0,0,,0
"Product","/products/f6146-161cm5ft3-29kg-a-cup-flat-chested-silicone-sex-doll-irontech-doll",1,2,1,0,0,0,6,,0.5,0,0,59.5,3,0.5,,1,1,2,1,0,0,0,6,,0.5,0,0,59.5,3,0.5,,1,0,0,0,,,,0,,0,,,0,0,0,,0
,"/de/products/f2319-sy-163cm-g-cup-super-fat-bbw-life-size-sex-doll",1,2,0,0,0,0,2,,0,0,0,0,1,1,,2,1,2,0,0,0,0,2,,0,0,0,0,1,1,,2,0,0,,,,,0,,,,,,0,0,,0
"Product","/products/l37-41-45lb-107cm-long-silicone-sex-doll-legs-with-pubic-hair-sigafun",2,2,0,0,0,0,5,,0,0,0,132,2.5,0.5,,1,2,2,0,0,0,0,5,,0,0,0,132,2.5,0.5,,1,0,0,,,,,0,,,,,0,0,0,,0
"Product","/products/h984-sex-doll-head-r-irontech-doll-head",1,2,0,0,0,0,23,,0,0,0,414,11.5,0,,0,1,2,0,0,0,0,23,,0,0,0,414,11.5,0,,0,0,0,,,,,0,,,,,0,0,,,
"Product","/products/f1201-a-cup-blonde-silicone-sex-doll-irontech-doll",1,2,0,0,0,0,2,,0,0,0,0,1,1,,2,1,2,0,0,0,0,2,,0,0,0,0,1,1,,2,0,0,,,,,0,,,,,,0,0,,0
,"/en-ca/products/f4005-163cm-5ft3-g-cup-asian-yuyan-silicone-chinese-sex-doll-starpery-doll",1,2,0,0,0,0,11,,0,0,0,1170.5,5.5,0.5,,1,1,2,0,0,0,0,11,,0,0,0,1170.5,5.5,0.5,,1,0,0,,,,,0,,,,,0,0,0,,0
,"/en-fi/collections/fake-pussy-fake-vagina-sex-toys",2,2,0,0,0,0,6,,0,0,0,62.5,3,0.5,,1,2,2,0,0,0,0,6,,0,0,0,62.5,3,0.5,,1,0,0,,,,,0,,,,,0,0,0,,0
,"/en-ca/collections/sineem",2,2,0,0,0,0,3,,0,0,0,5.5,1.5,0.5,,1,2,2,0,0,0,0,3,,0,0,0,5.5,1.5,0.5,,1,0,0,,,,,0,,,,,0,0,0,,0
"Collection","/collections/black-sex-doll-entry-level",2,2,0,0,0,0,6,,0,0,0,32,3,0,,0,2,2,0,0,0,0,6,,0,0,0,32,3,0,,0,0,0,,,,,0,,,,,0,0,,,
,"/de/collections/movie-music-celebrities",2,2,0,0,0,0,7,,0,0,0,230.5,3.5,0,,0,2,2,0,0,0,0,7,,0,0,0,230.5,3.5,0,,0,0,0,,,,,0,,,,,0,0,,,
"Product","/products/t371-24lbs-61cm-bbw-realistic-torso-sex-dolls",2,2,0,0,0,0,4,,0,0,0,75,2,0.5,,1,2,2,0,0,0,0,4,,0,0,0,75,2,0.5,,1,0,0,,,,,0,,,,,0,0,0,,0
"Product","/products/f5986-158cm-5ft2-33kg-c-cup-realistic-silicone-head-sex-doll-rosretty-doll",1,2,0,0,0,0,2,,0,0,0,0,1,1,,2,1,2,0,0,0,0,2,,0,0,0,0,1,1,,2,0,0,,,,,0,,,,,,0,0,,0
"Collection","/collections/mini-ass",2,2,0,0,0,0,55,,0,0,0,2871.5,27.5,0.5,,1,2,2,0,0,0,0,55,,0,0,0,2871.5,27.5,0.5,,1,0,0,,,,,0,,,,,0,0,0,,0
"Blog Article","/blogs/sex-doll-torso-blog/comprehensive-guide-how-to-clean-a-sex-doll-torso",2,2,0,0,0,0,2,,0,0,0,0,1,1,,2,2,2,0,0,0,0,2,,0,0,0,0,1,1,,2,0,0,,,,,0,,,,,,0,0,,0
"Collection","/collections/smiling-sex-doll",2,2,0,0,0,0,4,,0,0,0,46,2,0.5,,1,2,2,0,0,0,0,4,,0,0,0,46,2,0.5,,1,0,0,,,,,0,,,,,0,0,0,,0
"Blog Article","/blogs/dolls-info-qustions/oral-sex-cleaning-maintaining-the-cleanliness-of-your-sex-doll-s-oral-cavity",1,2,0,0,0,0,2,,0,0,0,0,1,1,,2,1,2,0,0,0,0,2,,0,0,0,0,1,1,,2,0,0,,,,,0,,,,,,0,0,,0
"Collection","/collections/jiuai",2,2,0,0,0,0,2,,0,0,0,0,1,1,,2,2,2,0,0,0,0,2,,0,0,0,0,1,1,,2,0,0,,,,,0,,,,,,0,0,,0
"Checkout","/60719464687/orders/7f6d1b7ded5113705c9c58502b9a207f",1,2,0,0,0,0,11,,0,0,0,609,5.5,0.5,,1,1,2,0,0,0,0,11,,0,0,0,609,5.5,0.5,,1,0,0,,,,,0,,,,,0,0,0,,0
"Product","/products/se-doll-163cm-silicone-doll-f745",1,2,0,0,0,0,36,,0,0,0,1294.5,18,0.5,,1,1,2,0,0,0,0,36,,0,0,0,1294.5,18,0.5,,1,0,0,,,,,0,,,,,0,0,0,,0
,"/ja/blogs/dolls-info-qustions/how-to-make-a-fake-ass-sex-toy",2,2,0,0,0,0,2,,0,0,0,0,1,1,,2,2,2,0,0,0,0,2,,0,0,0,0,1,1,,2,0,0,,,,,0,,,,,,0,0,,0
"Product","/products/t9045-95lb-6-88-dildo-electric-male-rechargeable-sex-doll-ass-torso-adult-toys-for-female",2,2,0,0,0,0,2,,0,0,0,0,1,1,,2,2,2,0,0,0,0,2,,0,0,0,0,1,1,,2,0,0,,,,,0,,,,,,0,0,,0
"Product","/products/yeloly-ssbbw-silicone-torso-75cm-t778k",2,2,0,0,0,0,9,,0,0,0,201,4.5,0,,0,2,2,0,0,0,0,9,,0,0,0,201,4.5,0,,0,0,0,,,,,0,,,,,0,0,,,
"Product","/products/t717-44-1lb-25-2in-bbw-silicone-sex-doll-torso",2,2,0,0,0,0,2,,0,0,0,0,1,1,,2,2,2,0,0,0,0,2,,0,0,0,0,1,1,,2,0,0,,,,,0,,,,,,0,0,,0
"Product","/products/f9239-174cm-5ft7-26-5kg-c-cup-ros-silicone-full-size-sex-dolls-starpery-doll",1,2,0,0,0,0,2,,0,0,0,0,1,1,,2,1,2,0,0,0,0,2,,0,0,0,0,1,1,,2,0,0,,,,,0,,,,,,0,0,,0
"Blog Article","/blogs/sex-doll-option-videos/video5-gel-ass",2,2,0,0,0,0,5,,0,0,0,54,2.5,0.5,,1,2,2,0,0,0,0,5,,0,0,0,54,2.5,0.5,,1,0,0,,,,,0,,,,,0,0,0,,0
"Collection","/collections/movie-music-celebrities",2,2,0,0,0,0,6,,0,0,0,93,3,0,,0,2,2,0,0,0,0,6,,0,0,0,93,3,0,,0,0,0,,,,,0,,,,,0,0,,,
,"/ja/collections/erovenus-sex-doll",2,2,0,0,0,0,2,,0,0,0,0,1,1,,2,2,2,0,0,0,0,2,,0,0,0,0,1,1,,2,0,0,,,,,0,,,,,,0,0,,0
"Collection","/collections/chubby-sex-doll",2,2,0,0,0,0,3,,0,0,0,5,1.5,0.5,,1,2,2,0,0,0,0,3,,0,0,0,5,1.5,0.5,,1,0,0,,,,,0,,,,,0,0,0,,0
"Product","/products/f2240-rosretty-158cm-robotic-head-life-size-sex-doll",2,2,0,0,0,0,6,,0,0,0,35.5,3,0,,0,2,2,0,0,0,0,6,,0,0,0,35.5,3,0,,0,0,0,,,,,0,,,,,0,0,,,
"Product","/products/p14-anime-hentai-fake-pussy",2,2,0,0,0,0,2,,0,0,0,0,1,1,,2,2,2,0,0,0,0,2,,0,0,0,0,1,1,,2,0,0,,,,,0,,,,,,0,0,,0
"Blog Article","/blogs/dolls-info-qustions/buy-your-sex-doll-now-by-afterpaypay-in-4",2,2,0,0,0,0,20,,0,0,0,345.5,10,0,,0,2,2,0,0,0,0,20,,0,0,0,345.5,10,0,,0,0,0,,,,,0,,,,,0,0,,,
,"/de/collections/ros-sex-doll-heads-1",2,2,0,0,0,0,3,,0,0,0,10,1.5,0.5,,1,2,2,0,0,0,0,3,,0,0,0,10,1.5,0.5,,1,0,0,,,,,0,,,,,0,0,0,,0
,"/de/collections/sex-doll-in-25kg-30kg57-66lbs",2,2,0,0,0,0,8,,0,0,0,107,4,0,,0,2,2,0,0,0,0,8,,0,0,0,107,4,0,,0,0,0,,,,,0,,,,,0,0,,,
,"/en-ca/products/f6101-158cm-5ft2-47kg-c-cup-asian-silicone-sex-doll-shedoll",2,2,0,0,0,0,4,,0,0,0,1.5,2,0.5,,1,2,2,0,0,0,0,4,,0,0,0,1.5,2,0.5,,1,0,0,,,,,0,,,,,0,0,0,,0
"Blog Article","/blogs/dolls-info-qustions/introduction-to-sex-dolls-with-the-largest-hips-on-the-market",2,2,0,0,0,0,2,,0,0,0,0,1,1,,2,2,2,0,0,0,0,2,,0,0,0,0,1,1,,2,0,0,,,,,0,,,,,,0,0,,0
,"/en-ca/products/m940-tight-vagina-sex-toys-19-for-man-automatic-pocket-pussy-thruster-male-cup-pussycat",1,2,0,0,0,0,4,,0,0,0,32.5,2,0.5,,1,1,2,0,0,0,0,4,,0,0,0,32.5,2,0.5,,1,0,0,,,,,0,,,,,0,0,0,,0
"Blog Article","/blogs/featured-blog/the-ultimate-guide-to-cleaning-powered-sex-dolls-keep-your-toy-safe-clean-and-fully-functional",2,2,0,0,0,0,2,,0,0,0,0,1,1,,2,2,2,0,0,0,0,2,,0,0,0,0,1,1,,2,0,0,,,,,0,,,,,,0,0,,0
,"/en-ca/collections/fake-pussy-hentai-sex-doll",2,2,0,0,0,0,4,,0,0,0,21,2,0.5,,1,2,2,0,0,0,0,4,,0,0,0,21,2,0.5,,1,0,0,,,,,0,,,,,0,0,0,,0
,"/en-fi/blogs/dolls-info-qustions/why-do-men-like-to-have-sex-with-bigass-women",2,2,0,0,0,0,2,,0,0,0,0,1,1,,2,2,2,0,0,0,0,2,,0,0,0,0,1,1,,2,0,0,,,,,0,,,,,,0,0,,0
"Blog Article","/blogs/dolls-info-qustions/the-funniest-types-of-dolls-are-shemale-sex-dolls",2,2,0,0,0,0,2,,0,0,0,0,1,1,,2,2,2,0,0,0,0,2,,0,0,0,0,1,1,,2,0,0,,,,,0,,,,,,0,0,,0
"Collection","/collections/shedoll",2,2,0,0,0,0,3,,0,0,0,6.5,1.5,0.5,,1,2,2,0,0,0,0,3,,0,0,0,6.5,1.5,0.5,,1,0,0,,,,,0,,,,,0,0,0,,0
"Blog Article","/blogs/dolls-info-qustions/black-sex-doll-sex-sensation",2,2,0,0,0,0,2,,0,0,0,0,1,1,,2,2,2,0,0,0,0,2,,0,0,0,0,1,1,,2,0,0,,,,,0,,,,,,0,0,,0
,"/en-fi/collections/vendors",2,2,0,0,0,0,3,,0,0,0,13.5,1.5,0.5,,1,2,2,0,0,0,0,3,,0,0,0,13.5,1.5,0.5,,1,0,0,,,,,0,,,,,0,0,0,,0
"Blog Article","/blogs/dolls-info-qustions/complete-guide-to-shemale-sex-dolls-meeting-all-your-needs",2,2,0,0,0,0,2,,0,0,0,0,1,1,,2,2,2,0,0,0,0,2,,0,0,0,0,1,1,,2,0,0,,,,,0,,,,,,0,0,,0
"Product","/products/f1712-168cm-5ft5-h-cup-bbw-realistic-silicone-sex-doll-starpery-doll",1,2,0,0,0,0,2,,0,0,0,0,1,1,,2,1,2,0,0,0,0,2,,0,0,0,0,1,1,,2,0,0,,,,,0,,,,,,0,0,,0
"Blog Article","/blogs/dolls-info-qustions/solo-play-with-twist-how-to-combine-sex-doll-with-sex-swing-for-maximum-thrill-and-safety",2,2,0,0,0,0,2,,0,0,0,0,1,1,,2,2,2,0,0,0,0,2,,0,0,0,0,1,1,,2,0,0,,,,,0,,,,,,0,0,,0
"Product","/products/f3707-161cm5-3ft-aulis-f-cup-tpe-young-blonde-european-football-babe-woman-love-doll-se-doll",2,2,0,0,0,0,60,,0,0,0,1516,30,0,,0,2,2,0,0,0,0,60,,0,0,0,1516,30,0,,0,0,0,,,,,0,,,,,0,0,,,
"Checkout","/60719464687/orders/0e6589dbbcb0706ed635d0df27ba014b",1,2,0,0,0,0,2,,0,0,0,0,1,1,,2,1,2,0,0,0,0,2,,0,0,0,0,1,1,,2,0,0,,,,,0,,,,,,0,0,,0
,"/en-ca/collections/petite-sex-doll",2,2,0,0,0,0,5,,0,0,0,38,2.5,0.5,,1,2,2,0,0,0,0,5,,0,0,0,38,2.5,0.5,,1,0,0,,,,,0,,,,,0,0,0,,0
"Product","/products/f5150-163cm-d-cup-ros-silicone-sex-doll-galatea-doll",2,2,0,0,0,0,10,,0,0,0,324.5,5,0,,0,2,2,0,0,0,0,10,,0,0,0,324.5,5,0,,0,0,0,,,,,0,,,,,0,0,,,
"Blog Article","/blogs/dolls-info-qustions/13-sex-doll-storage-practical-tips-youll-definitely-use",2,2,0,0,0,0,2,,0,0,0,0,1,1,,2,2,2,0,0,0,0,2,,0,0,0,0,1,1,,2,0,0,,,,,0,,,,,,0,0,,0
"Blog Article","/blogs/real-sex-doll-reviews-pros-cons-real-usage-tests/evas-doll-180cm-f6229-full-review",2,2,0,0,0,0,4,,0,0,0,30,2,0.5,,1,2,2,0,0,0,0,4,,0,0,0,30,2,0.5,,1,0,0,,,,,0,,,,,0,0,0,,0
,"/en-ca/collections/judy-rona-doll",2,2,0,0,0,0,4,,0,0,0,31.5,2,0.5,,1,2,2,0,0,0,0,4,,0,0,0,31.5,2,0.5,,1,0,0,,,,,0,,,,,0,0,0,,0
"Product","/products/t665-silicone-realistic-torso-32lbs",2,2,0,0,0,0,2,,0,0,0,0,1,1,,2,2,2,0,0,0,0,2,,0,0,0,0,1,1,,2,0,0,,,,,0,,,,,,0,0,,0
"Collection","/collections/starpery-doll",2,2,0,0,0,0,21,,0,0,0,622,10.5,0,,0,2,2,0,0,0,0,21,,0,0,0,622,10.5,0,,0,0,0,,,,,0,,,,,0,0,,,
"Product","/products/f5526-150cm4-9ft-28kg-d-cup-black-sex-doll%E4%B8%A8rosretty-doll",2,2,0,0,0,0,7,,0,0,0,225.5,3.5,0.5,,1,2,2,0,0,0,0,7,,0,0,0,225.5,3.5,0.5,,1,0,0,,,,,0,,,,,0,0,0,,0
,"/ja/collections/big-ass-sex-doll-life-size",1,2,0,0,0,0,4,,0,0,0,6.5,2,0.5,,1,1,2,0,0,0,0,4,,0,0,0,6.5,2,0.5,,1,0,0,,,,,0,,,,,0,0,0,,0
"Product","/products/f4891-171cm-robotic-sex-doll-realistic-silicone-head-robot-pussy",2,2,1,0,0,0,14,,0.5,0,0,512,7,0.5,,1,2,2,1,0,0,0,14,,0.5,0,0,512,7,0.5,,1,0,0,0,,,,0,,0,,,0,0,0,,0
"Product","/products/f4093-153cm-45kg-q-cup-full-silicone-ssbbw-hentai-biggest-ssbbw-sex-doll-castle-doll",2,2,0,0,0,0,3,,0,0,0,508.5,1.5,0.5,,1,2,2,0,0,0,0,3,,0,0,0,508.5,1.5,0.5,,1,0,0,,,,,0,,,,,0,0,0,,0
"Product","/products/f5573-150cm-5ft-27-5kg-shemale-anime-futa-silicone-sex-doll-elsa-babe",2,2,0,0,0,0,4,,0,0,0,34,2,0.5,,1,2,2,0,0,0,0,4,,0,0,0,34,2,0.5,,1,0,0,,,,,0,,,,,0,0,0,,0
"Product","/products/test-501-25-3lb-45cm-life-sized-and-realistic-bbw-sex-doll-torso",2,2,0,0,0,0,15,,0,0,0,151.5,7.5,0,,0,2,2,0,0,0,0,15,,0,0,0,151.5,7.5,0,,0,0,0,,,,,0,,,,,0,0,,,
"Blog Article","/blogs/dolls-info-qustions/whats-the-difference-between-ecchi-and-hentai-in-japanese-anime",2,2,0,0,0,0,2,,0,0,0,0,1,1,,2,2,2,0,0,0,0,2,,0,0,0,0,1,1,,2,0,0,,,,,0,,,,,,0,0,,0
,"/de/blogs/dolls-info-qustions/the-role-of-torso-sex-dolls-in-dating",2,2,0,0,0,0,2,,0,0,0,0,1,1,,2,2,2,0,0,0,0,2,,0,0,0,0,1,1,,2,0,0,,,,,0,,,,,,0,0,,0
,"/en-ca/products/a300-46-3lb-life-size-big-booty-tpe-sex-torso-realistic-butt",2,2,0,0,0,0,2,,0,0,0,0,1,1,,2,2,2,0,0,0,0,2,,0,0,0,0,1,1,,2,0,0,,,,,0,,,,,,0,0,,0
,"/en-ca/collections/sex-doll-legs",2,2,0,0,0,0,12,,0,0,0,217,6,0,,0,2,2,0,0,0,0,12,,0,0,0,217,6,0,,0,0,0,,,,,0,,,,,0,0,,,
"Product","/products/t615-40-3lb-monica-2-0-best-hentai-sex-doll-torso-for-breast-fun%E4%B8%A8tantaly",1,2,0,0,0,0,2,,0,0,0,0.5,1,1,,2,1,2,0,0,0,0,2,,0,0,0,0.5,1,1,,2,0,0,,,,,0,,,,,0,0,0,,0
,"/en-ca/collections/elsa-babe-factory-photos",2,2,0,0,0,0,2,,0,0,0,0,1,1,,2,2,2,0,0,0,0,2,,0,0,0,0,1,1,,2,0,0,,,,,0,,,,,,0,0,,0
,"/en-ca/products/f5893-158cm-5ft2-38kg-c-cup-asian-ros-silicone-head-tpe-body-sex-doll-shedoll",2,2,0,0,0,0,55,,0,0,0,2761,27.5,0.5,,1,2,2,0,0,0,0,55,,0,0,0,2761,27.5,0.5,,1,0,0,,,,,0,,,,,0,0,0,,0
"Product","/products/t647-13-2lbs-muscle-trans-tpe-big-butt-futa-male-sex-doll-mrl",2,2,0,0,0,0,4,,0,0,0,3.5,2,0,,0,2,2,0,0,0,0,4,,0,0,0,3.5,2,0,,0,0,0,,,,,0,,,,,0,0,,,
,"/en-ca/collections/japanese-milf-sex-doll",2,2,0,0,0,0,2,,0,0,0,0,1,1,,2,2,2,0,0,0,0,2,,0,0,0,0,1,1,,2,0,0,,,,,0,,,,,,0,0,,0
"List of Collections","/products/",1,2,0,0,0,0,7,,0,0,0,93,3.5,0.5,,1,1,2,0,0,0,0,7,,0,0,0,93,3.5,0.5,,1,0,0,,,,,0,,,,,0,0,0,,0
,"/en-fi/collections/big-ass-sex-doll-life-size",2,2,0,0,0,0,6,,0,0,0,44,3,0,,0,2,2,0,0,0,0,6,,0,0,0,44,3,0,,0,0,0,,,,,0,,,,,0,0,,,
"Product","/products/t942-8-4lb-7-9inch-huge-penis-dildo-femboy-tpe-cheap-male-sex-doll-torso-qita-doll",1,2,1,0,0,0,4,,0.5,0,0,302.5,2,0.5,,1,1,2,1,0,0,0,4,,0.5,0,0,302.5,2,0.5,,1,0,0,0,,,,0,,0,,,0,0,0,,0
"Collection","/collections/black-sex-doll-500-1000",2,2,0,0,0,0,3,,0,0,0,7,1.5,0.5,,1,2,2,0,0,0,0,3,,0,0,0,7,1.5,0.5,,1,0,0,,,,,0,,,,,0,0,0,,0
"Product","/products/t705k-105cm3ft5-35kg-e-cup-rozanne-silicone-head-ros-available-real-sex-doll-torso-with-head-in-stock-us-starpery-doll",1,2,0,0,0,0,2,,0,0,0,0,1,1,,2,1,2,0,0,0,0,2,,0,0,0,0,1,1,,2,0,0,,,,,0,,,,,,0,0,,0
,"/en-ca/collections/ai-sex-dolls-list",2,2,0,0,0,0,12,,0,0,0,287.5,6,0.5,,1,2,2,0,0,0,0,12,,0,0,0,287.5,6,0.5,,1,0,0,,,,,0,,,,,0,0,0,,0
"Product","/products/f9385-161cm5ft3-41-5kg-h-cup-huge-breast-silicone-ssbbw-sex-doll-with-weight-reduction-4-0-starpery-doll",2,2,0,0,0,0,3,,0,0,0,151.5,1.5,0.5,,1,2,2,0,0,0,0,3,,0,0,0,151.5,1.5,0.5,,1,0,0,,,,,0,,,,,0,0,0,,0
"Product","/products/f1643a-162cm-5ft3-f-cup-fat-best-realistic-big-booty-tpe-robotic-powered-sex-dolls-in-stock-usa-2025-sy-doll",1,2,0,0,0,0,2,,0,0,0,0,1,1,,2,1,2,0,0,0,0,2,,0,0,0,0,1,1,,2,0,0,,,,,0,,,,,,0,0,,0
"Product","/products/f9138-160cm-34-5kg-f-cup-silicone-sex-doll-irontech-doll",2,2,0,0,0,0,2,,0,0,0,0,1,1,,2,2,2,0,0,0,0,2,,0,0,0,0,1,1,,2,0,0,,,,,0,,,,,,0,0,,0
"Product","/products/f5508-159cm5-2ft-33-5kg-h-cup-t1-life-size-silicone-sex-doll-real-lady",1,2,0,0,0,0,2,,0,0,0,0,1,1,,2,1,2,0,0,0,0,2,,0,0,0,0,1,1,,2,0,0,,,,,0,,,,,,0,0,,0
,"/ja/collections/fake-pussy-hentai-sex-doll",2,2,0,0,0,0,2,,0,0,0,0,1,1,,2,2,2,0,0,0,0,2,,0,0,0,0,1,1,,2,0,0,,,,,0,,,,,,0,0,,0
"Product","/products/f5982-164cm5-4ft-36kg-d-cup-263-asian-silicone-game-celebrity-sex-doll%E4%B8%A8sy-doll",2,2,1,0,0,0,6,,0.5,0,0,253.5,3,0.5,,1,2,2,1,0,0,0,6,,0.5,0,0,253.5,3,0.5,,1,0,0,0,,,,0,,0,,,0,0,0,,0
,"/en-ca/products/f1216-169cm-f-cup-miyuki-big-boobs-doll-irontech-doll",1,2,0,0,0,0,2,,0,0,0,0,1,1,,2,1,2,0,0,0,0,2,,0,0,0,0,1,1,,2,0,0,,,,,0,,,,,,0,0,,0
,"/de/blogs/featured-blog/how-to-diy-an-sex-doll-you",2,2,0,0,0,0,2,,0,0,0,0,1,1,,2,2,2,0,0,0,0,2,,0,0,0,0,1,1,,2,0,0,,,,,0,,,,,,0,0,,0
"Product","/products/t423-38-5lbs-72cm-medium-size-realistic-torso-trans-sex-doll-youqu",1,2,0,0,0,0,2,,0,0,0,0,1,1,,2,1,2,0,0,0,0,2,,0,0,0,0,1,1,,2,0,0,,,,,0,,,,,,0,0,,0
"Product","/products/f1506-158cm5ft2-38-5kg-d-cup-tifa-alien-silicone-head-sex-doll-climax-doll",2,2,0,0,0,0,28,,0,0,0,551.5,14,0,,0,2,2,0,0,0,0,28,,0,0,0,551.5,14,0,,0,0,0,,,,,0,,,,,0,0,,,
"Checkout","/60719464687/orders/ecddb4242ad8ecafbdc0a79f021d6100",1,2,0,0,0,0,47,,0,0,0,1492,23.5,0,,0,1,2,0,0,0,0,47,,0,0,0,1492,23.5,0,,0,0,0,,,,,0,,,,,0,0,,,
"Blog Article","/blogs/dolls-info-qustions/se-doll-new-oral-robot-sex-doll-realistic-oral-experience",1,2,0,0,0,0,2,,0,0,0,0,1,1,,2,1,2,0,0,0,0,2,,0,0,0,0,1,1,,2,0,0,,,,,0,,,,,,0,0,,0
"Blog Article","/blogs/dolls-info-qustions/zelex-new-fusion-series-integrated-head-and-body-for-more-realistic-intimacy",2,2,0,0,0,0,2,,0,0,0,0,1,1,,2,2,2,0,0,0,0,2,,0,0,0,0,1,1,,2,0,0,,,,,0,,,,,,0,0,,0
"Collection","/collections/skinny-torso",2,2,0,0,0,0,2,,0,0,0,0,1,1,,2,2,2,0,0,0,0,2,,0,0,0,0,1,1,,2,0,0,,,,,0,,,,,,0,0,,0
"Collection","/collections/fake-ass-over-899",2,2,0,0,0,0,4,,0,0,0,69,2,0,,0,2,2,0,0,0,0,4,,0,0,0,69,2,0,,0,0,0,,,,,0,,,,,0,0,,,
,"/en-ca/collections/bbw-ass-torso",2,2,0,0,0,0,4,,0,0,0,51,2,0,,0,2,2,0,0,0,0,4,,0,0,0,51,2,0,,0,0,0,,,,,0,,,,,0,0,,,
"Product","/products/b38-17-1lb-full-bust-36-2inch-yellow-silicone-titjob-boob-job-breast-sex-titty-fucking-mammary-intercourse-sex-toy",2,2,0,0,0,0,2,,0,0,0,0,1,1,,2,2,2,0,0,0,0,2,,0,0,0,0,1,1,,2,0,0,,,,,0,,,,,,0,0,,0
,"/ja/blogs/dolls-info-qustions/the-best-asian-sex-doll-bezlya-sex-doll-2-2u-series-function-analysis",2,2,0,0,0,0,6,,0,0,0,93.5,3,0,,0,2,2,0,0,0,0,6,,0,0,0,93.5,3,0,,0,0,0,,,,,0,,,,,0,0,,,
,"/de/collections/lifesize-male-sex-doll-torso",2,2,0,0,0,0,3,,0,0,0,47,1.5,0.5,,1,2,2,0,0,0,0,3,,0,0,0,47,1.5,0.5,,1,0,0,,,,,0,,,,,0,0,0,,0
"Product","/products/b73-14lbs-realistic-huge-breast-sex-doll-huge-tits",1,2,0,0,0,0,4,,0,0,0,544,2,0.5,,1,1,2,0,0,0,0,4,,0,0,0,544,2,0.5,,1,0,0,,,,,0,,,,,0,0,0,,0
,"/en-fi/collections/top-rated-japanese-sex-dolls-in-2026",2,2,0,0,0,0,2,,0,0,0,0,1,1,,2,2,2,0,0,0,0,2,,0,0,0,0,1,1,,2,0,0,,,,,0,,,,,,0,0,,0
"Blog Article","/blogs/dolls-info-qustions/exploring-the-best-personal-time-spaces",2,2,0,0,0,0,5,,0,0,0,648,2.5,0,,0,2,2,0,0,0,0,5,,0,0,0,648,2.5,0,,0,0,0,,,,,0,,,,,0,0,,,
,"/en-ca/collections/flat-chest-japanese-sex-doll",2,2,0,0,0,0,9,,0,0,0,993,4.5,0.5,,1,2,2,0,0,0,0,9,,0,0,0,993,4.5,0.5,,1,0,0,,,,,0,,,,,0,0,0,,0
"Product","/products/598-77lb-84cmlife-size-sex-doll-torso-with-head-and-hands",2,2,0,0,0,0,15,,0,0,0,622.5,7.5,0,,0,2,2,0,0,0,0,15,,0,0,0,622.5,7.5,0,,0,0,0,,,,,0,,,,,0,0,,,
"Blog Article","/blogs/dolls-info-qustions/linkdolls-global-shipping-status",2,2,0,0,0,0,3,,0,0,0,234,1.5,0.5,,1,2,2,0,0,0,0,3,,0,0,0,234,1.5,0.5,,1,0,0,,,,,0,,,,,0,0,0,,0
"Product","/products/f2474-163cm5-3ft-40kg-g-cup-eira-tpe-sex-doll-fun-west-doll",2,2,0,0,0,0,109,,0,0,0,1299.5,54.5,0,,0,2,2,0,0,0,0,109,,0,0,0,1299.5,54.5,0,,0,0,0,,,,,0,,,,,0,0,,,
"Product","/products/f3519-163cm5-4ft-51kg-h-cup-bbw-tpe-sex-doll%E4%B8%A8wm-doll",2,2,0,0,0,0,2,,0,0,0,0,1,1,,2,2,2,0,0,0,0,2,,0,0,0,0,1,1,,2,0,0,,,,,0,,,,,,0,0,,0
"Collection","/collections/doggy-dildo-doll-guide-dog-knot-dildos-1",2,2,0,0,0,0,2,,0,0,0,0,1,1,,2,2,2,0,0,0,0,2,,0,0,0,0,1,1,,2,0,0,,,,,0,,,,,,0,0,,0
"Product","/products/t408-fat-sex-dolls-121cm-long-legs-bbw-torso",2,2,0,0,0,0,2,,0,0,0,0,1,1,,2,2,2,0,0,0,0,2,,0,0,0,0,1,1,,2,0,0,,,,,0,,,,,,0,0,,0
,"/de/blogs/dolls-info-qustions/how-to-make-a-fake-ass-sex-toy",2,2,0,0,0,0,2,,0,0,0,0,1,1,,2,2,2,0,0,0,0,2,,0,0,0,0,1,1,,2,0,0,,,,,0,,,,,,0,0,,0
"Collection","/collections/black-sex-doll-under-100",2,2,0,0,0,0,2,,0,0,0,0,1,1,,2,2,2,0,0,0,0,2,,0,0,0,0,1,1,,2,0,0,,,,,0,,,,,,0,0,,0
"Collection","/collections/se-doll-tpe-sex-doll",2,2,0,0,0,0,4,,0,0,0,64.5,2,0.5,,1,2,2,0,0,0,0,4,,0,0,0,64.5,2,0.5,,1,0,0,,,,,0,,,,,0,0,0,,0
"Blog Article","/blogs/dolls-info-qustions/futa-sex-dolls-where-fantasy-meets-reality-in-the-world-of-anime-temptation",2,2,0,0,0,0,2,,0,0,0,0,1,1,,2,2,2,0,0,0,0,2,,0,0,0,0,1,1,,2,0,0,,,,,0,,,,,,0,0,,0
,"/en-ca/products/f2344a-151cm4-9ft-65kg-t-cup-hips-over-155-jasmine-bbw-biggest-ass-huge-breast-movable-jaw-sex-doll%E4%B8%A8climax-doll-pro",1,2,0,0,0,0,3,,0,0,0,10.5,1.5,0.5,,1,1,2,0,0,0,0,3,,0,0,0,10.5,1.5,0.5,,1,0,0,,,,,0,,,,,0,0,0,,0
,"/en-ca/products/f6129-170cm-5ft6-40kg-d-cup-s11-tpe-silicone-head-sex-doll-sy-doll",1,2,0,0,0,0,2,,0,0,0,0,1,1,,2,1,2,0,0,0,0,2,,0,0,0,0,1,1,,2,0,0,,,,,0,,,,,,0,0,,0
"Collection","/collections/normon-doll",2,2,0,0,0,0,4,,0,0,0,12,2,0.5,,1,2,2,0,0,0,0,4,,0,0,0,12,2,0.5,,1,0,0,,,,,0,,,,,0,0,0,,0
,"/de/blogs/real-sex-doll-reviews-pros-cons-real-usage-tests/2026-meru-hentai-sex-doll-review-comprehensive-comparison-of-4-hot-models",2,2,0,0,0,0,2,,0,0,0,0,1,1,,2,2,2,0,0,0,0,2,,0,0,0,0,1,1,,2,0,0,,,,,0,,,,,,0,0,,0
"Product","/products/aibei-doll-164cm-silicone-full-sex-doll-f8142",2,2,0,0,0,0,2,,0,0,0,0,1,1,,2,2,2,0,0,0,0,2,,0,0,0,0,1,1,,2,0,0,,,,,0,,,,,,0,0,,0
,"/en-ca/products/f5772-150cm4ft9-32-5kg-aiko-b-cup-s-tpe-animes-gel-filled-hentai-sex-doll-irokebijin-doll",1,2,0,0,0,0,2,,0,0,0,0,1,1,,2,1,2,0,0,0,0,2,,0,0,0,0,1,1,,2,0,0,,,,,0,,,,,,0,0,,0
"Product","/products/p96-0-62lb-owl-elf-cheap-silicone-anime-hentai-pocket-pussy-mrl",1,2,0,0,0,0,2,,0,0,0,0,1,1,,2,1,2,0,0,0,0,2,,0,0,0,0,1,1,,2,0,0,,,,,0,,,,,,0,0,,0
"Product","/products/f3476-161cm5f3-47kg-d-cup-chubby-tpe-body-silicone-head-sex-doll-aibei-doll",1,2,0,0,0,0,5,,0,0,0,744,2.5,0.5,,1,1,2,0,0,0,0,5,,0,0,0,744,2.5,0.5,,1,0,0,,,,,0,,,,,0,0,0,,0
"Product","/products/yeloly-silicone-ass-sex-doll-torso-a761",2,2,0,0,0,0,8,,0,0,0,105.5,4,0,,0,2,2,0,0,0,0,8,,0,0,0,105.5,4,0,,0,0,0,,,,,0,,,,,0,0,,,
,"/en-fi/collections/silicone-ass",2,2,0,0,0,0,2,,0,0,0,0,1,1,,2,2,2,0,0,0,0,2,,0,0,0,0,1,1,,2,0,0,,,,,0,,,,,,0,0,,0
"Product","/products/p81-6-8lb-20cm-anime-balloon-girl-futanari-sex-toys-mrl",2,2,0,0,0,0,3,,0,0,0,3,1.5,0.5,,1,2,2,0,0,0,0,3,,0,0,0,3,1.5,0.5,,1,0,0,,,,,0,,,,,0,0,0,,0
"Product","/products/t406-7-45lb-30cm-papaya-breast-torso-sex-doll-2024-new-sex-doll",2,2,0,0,0,0,4,,0,0,0,398,2,0,,0,2,2,0,0,0,0,4,,0,0,0,398,2,0,,0,0,0,,,,,0,,,,,0,0,,,
"Collection","/collections/shedoll-videos",2,2,0,0,0,0,2,,0,0,0,0,1,1,,2,2,2,0,0,0,0,2,,0,0,0,0,1,1,,2,0,0,,,,,0,,,,,,0,0,,0
"App Generated","/apps/order-tracking",2,2,0,0,0,0,13,,0,0,0,237.5,6.5,0,,0,2,2,0,0,0,0,13,,0,0,0,237.5,6.5,0,,0,0,0,,,,,0,,,,,0,0,,,
"Product","/products/t305-63-93lb-liz-big-boobs-silicone-sex-doll-with-mature-curves-lovenestle-series",2,2,0,0,0,0,2,,0,0,0,0,1,1,,2,2,2,0,0,0,0,2,,0,0,0,0,1,1,,2,0,0,,,,,0,,,,,,0,0,,0
"Product","/products/f5996-164cm5-4ft-36kg-d-cup-silicone-head-celebrity-sex-doll-%E4%B8%A8rosretty-doll",2,2,0,0,0,0,4,,0,0,0,80.5,2,0,,0,2,2,0,0,0,0,4,,0,0,0,80.5,2,0,,0,0,0,,,,,0,,,,,0,0,,,
"Product","/products/f6208-176cm-5-77ft-41kg-e-cup-beatrice-silicone-realistic-sex-doll-top-cydoll",2,2,0,0,0,0,2,,0,0,0,0,1,1,,2,2,2,0,0,0,0,2,,0,0,0,0,1,1,,2,0,0,,,,,0,,,,,,0,0,,0
,"/en-ca/collections/shedoll",2,2,0,0,0,0,23,,0,0,0,233.5,11.5,0.5,,1,2,2,0,0,0,0,23,,0,0,0,233.5,11.5,0.5,,1,0,0,,,,,0,,,,,0,0,0,,0
"Product","/products/f9139-178cm-35-5kg-eila-adams-c-cup-silicone-porn-celebrity-sex-doll-irontech-doll",1,2,0,0,0,0,2,,0,0,0,0,1,1,,2,1,2,0,0,0,0,2,,0,0,0,0,1,1,,2,0,0,,,,,0,,,,,,0,0,,0
"Product","/products/t938-150cm-4ft9-g-cup-256-powerful-big-ass-tpe-ssbbw-plus-size-sex-dolls-2025-sy-doll",1,2,0,0,0,0,2,,0,0,0,0,1,1,,2,1,2,0,0,0,0,2,,0,0,0,0,1,1,,2,0,0,,,,,0,,,,,,0,0,,0
"Blog Article","/blogs/sex-doll-torso-blog/top-7-sex-doll-torsos",2,2,0,0,0,0,2,,0,0,0,0,1,1,,2,2,2,0,0,0,0,2,,0,0,0,0,1,1,,2,0,0,,,,,0,,,,,,0,0,,0
"Blog Article","/blogs/featured-blog/the-mini-torso-guide-why-smaller-means-smarter",2,2,0,0,0,0,4,,0,0,0,48.5,2,0.5,,1,2,2,0,0,0,0,4,,0,0,0,48.5,2,0.5,,1,0,0,,,,,0,,,,,0,0,0,,0
,"/en-ca/collections/tpe-ass",2,2,0,0,0,0,17,,0,0,0,780.5,8.5,0.5,,1,2,2,0,0,0,0,17,,0,0,0,780.5,8.5,0.5,,1,0,0,,,,,0,,,,,0,0,0,,0
,"/en-ca/blogs/dolls-info-qustions/%F0%9F%94%A5-top-5-most-popular-big-butt-chubby-belly-curvy-body-pornstar-style-sex-dolls-in-2025-%F0%9F%94%A5",2,2,0,0,0,0,3,,0,0,0,10,1.5,0.5,,1,2,2,0,0,0,0,3,,0,0,0,10,1.5,0.5,,1,0,0,,,,,0,,,,,0,0,0,,0
,"/en-ca/blogs/dolls-info-qustions/vaginal-and-anal-design-of-life-size-sex-dolls",2,2,0,0,0,0,2,,0,0,0,0,1,1,,2,2,2,0,0,0,0,2,,0,0,0,0,1,1,,2,0,0,,,,,0,,,,,,0,0,,0
,"/en-ca/collections/life-sized-sex-doll",2,2,0,0,0,0,5,,0,0,0,121,2.5,0.5,,1,2,2,0,0,0,0,5,,0,0,0,121,2.5,0.5,,1,0,0,,,,,0,,,,,0,0,0,,0
,"/en-ca/collections/100-199",2,2,0,0,0,0,5,,0,0,0,656,2.5,0,,0,2,2,0,0,0,0,5,,0,0,0,656,2.5,0,,0,0,0,,,,,0,,,,,0,0,,,
"Product","/products/t282k-107cm-3ft6-24kg-h-cup-sex-with-sexual-doll-silicone-sex-doll-with-head-se-doll",1,2,0,0,0,0,7,,0,0,0,44.5,3.5,0,,0,1,2,0,0,0,0,7,,0,0,0,44.5,3.5,0,,0,0,0,,,,,0,,,,,0,0,,,
,"/en-ca/collections/electric-sex-doll-head",2,2,0,0,0,0,2,,0,0,0,0,1,1,,2,2,2,0,0,0,0,2,,0,0,0,0,1,1,,2,0,0,,,,,0,,,,,,0,0,,0
"Blog Article","/blogs/dolls-info-qustions/why-sex-doll-torso-is-the-hottest-choice",2,2,0,0,0,0,2,,0,0,0,0,1,1,,2,2,2,0,0,0,0,2,,0,0,0,0,1,1,,2,0,0,,,,,0,,,,,,0,0,,0
"Blog Article","/blogs/dolls-info-qustions/in-depth-review-of-chunmomo-bezlya-collaborative-celebrity-sex-doll",2,2,0,0,0,0,2,,0,0,0,0,1,1,,2,2,2,0,0,0,0,2,,0,0,0,0,1,1,,2,0,0,,,,,0,,,,,,0,0,,0
,"/en-ca/products/f4759-175cm5ft9-69kg-x-cup-huge-breast-fat-ass-tpe-fat-ssbbw-sex-doll-castle-doll",1,2,0,0,0,0,3,,0,0,0,44,1.5,0.5,,1,1,2,0,0,0,0,3,,0,0,0,44,1.5,0.5,,1,0,0,,,,,0,,,,,0,0,0,,0
,"/en-ca/products/a664-37-5lb-silicone-butt-sexy-and-real-realistic-big-ass-sex-doll-torso",2,2,1,1,1,0.5,30,1,0.5,0.5,1,796,15,0.5,1,1,2,2,1,1,1,0.5,30,1,0.5,0.5,1,796,15,0.5,1,1,0,0,0,0,0,0,0,0,0,0,0,0,0,0,0,0
"Blog Article","/blogs/featured-blog/over-10-effective-tips-for-drying-sex-doll-torso-vagina-and-anal",2,2,0,0,0,0,2,,0,0,0,0,1,1,,2,2,2,0,0,0,0,2,,0,0,0,0,1,1,,2,0,0,,,,,0,,,,,,0,0,,0
"Collection","/collections/asia-sex-doll-heads",2,2,0,0,0,0,3,,0,0,0,6,1.5,0.5,,1,2,2,0,0,0,0,3,,0,0,0,6,1.5,0.5,,1,0,0,,,,,0,,,,,0,0,0,,0
"Product","/products/t908k94-8lbsblack-ssbbw-tpe-ebony-torso-sex-doll-with-huge-breasts-climax-doll-classic",2,2,0,0,0,0,3,,0,0,0,215.5,1.5,0.5,,1,2,2,0,0,0,0,3,,0,0,0,215.5,1.5,0.5,,1,0,0,,,,,0,,,,,0,0,0,,0
,"/en-fi/collections/futa-sex-doll",2,2,0,0,0,0,3,,0,0,0,132.5,1.5,0.5,,1,2,2,0,0,0,0,3,,0,0,0,132.5,1.5,0.5,,1,0,0,,,,,0,,,,,0,0,0,,0
"Blog Article","/blogs/dolls-info-qustions/how-to-use-a-sex-doll-head-to-enhance-intimacy-and-physical-mental-well-being",2,2,0,0,0,0,3,,0,0,0,37.5,1.5,0.5,,1,2,2,0,0,0,0,3,,0,0,0,37.5,1.5,0.5,,1,0,0,,,,,0,,,,,0,0,0,,0
"Collection","/collections/joyotoy",2,2,0,0,0,0,2,,0,0,0,1.5,1,1,,2,2,2,0,0,0,0,2,,0,0,0,1.5,1,1,,2,0,0,,,,,0,,,,,0,0,0,,0
,"/en-ca/blogs/dolls-info-qustions/how-does-sex-with-life-size-sex-dolls-compare-to-real-sex",2,2,0,0,0,0,2,,0,0,0,0,1,1,,2,2,2,0,0,0,0,2,,0,0,0,0,1,1,,2,0,0,,,,,0,,,,,,0,0,,0
"Checkout","/60719464687/orders/486050c6b202f9260b5245fa0c5322f4",1,2,0,0,0,0,9,,0,0,0,81.5,4.5,0,,0,1,2,0,0,0,0,9,,0,0,0,81.5,4.5,0,,0,0,0,,,,,0,,,,,0,0,,,
,"/en-ca/collections/young-male-sex-doll",2,2,0,0,0,0,4,,0,0,0,21.5,2,0.5,,1,2,2,0,0,0,0,4,,0,0,0,21.5,2,0.5,,1,0,0,,,,,0,,,,,0,0,0,,0
,"/en-ca/blogs/dolls-info-qustions/2025-hot-selling-japanese-sex-dolls-popular-products-and-their-unique-charm-unveiled",2,2,0,0,0,0,2,,0,0,0,0,1,1,,2,2,2,0,0,0,0,2,,0,0,0,0,1,1,,2,0,0,,,,,0,,,,,,0,0,,0
"Product","/products/f2521-160cm-5ft3-36kg-c-cup-ros-silicone-head-tpe-body-sex-doll-sy-doll",1,2,0,0,0,0,13,,0,0,0,163,6.5,0,,0,1,2,0,0,0,0,13,,0,0,0,163,6.5,0,,0,0,0,,,,,0,,,,,0,0,,,
"Blog Article","/blogs/dolls-info-qustions/how-to-properly-use-chinese-sex-dolls-a-comprehensive-guide",2,2,0,0,0,0,11,,0,0,0,653,5.5,0,,0,2,2,0,0,0,0,11,,0,0,0,653,5.5,0,,0,0,0,,,,,0,,,,,0,0,,,
,"/en-ca/collections/8-9in-male-sex-doll",2,2,0,0,0,0,2,,0,0,0,0,1,1,,2,2,2,0,0,0,0,2,,0,0,0,0,1,1,,2,0,0,,,,,0,,,,,,0,0,,0
"Collection","/collections/big-ass-sex-doll-head-torso",2,2,0,0,0,0,19,,0,0,0,441,9.5,0,,0,2,2,0,0,0,0,19,,0,0,0,441,9.5,0,,0,0,0,,,,,0,,,,,0,0,,,
,"/en-ca/blogs/dolls-info-qustions/what-weight-of-butt-torso-sex-dolls-is-most-suitable",2,2,0,0,0,0,2,,0,0,0,0,1,1,,2,2,2,0,0,0,0,2,,0,0,0,0,1,1,,2,0,0,,,,,0,,,,,,0,0,,0
,"/en-ca/collections/sex-doll-factory-pictures",2,2,0,0,0,0,10,,0,0,0,99.5,5,0.5,,1,2,2,0,0,0,0,10,,0,0,0,99.5,5,0.5,,1,0,0,,,,,0,,,,,0,0,0,,0
,"/de/collections/sex-doll-factory-pictures",2,2,0,0,0,0,17,,0,0,0,170.5,8.5,0,,0,2,2,0,0,0,0,17,,0,0,0,170.5,8.5,0,,0,0,0,,,,,0,,,,,0,0,,,
"Product","/products/f2385-163cm5-3ft-g-cup-138-bbw-big-butt-tpe-sex-doll%E4%B8%A8sy-doll",2,2,0,0,0,0,14,,0,0,0,173.5,7,0,,0,2,2,0,0,0,0,14,,0,0,0,173.5,7,0,,0,0,0,,,,,0,,,,,0,0,,,
"Product","/products/f2580-168cm-ai-sex-dolls-silicone-pink-lovers-real-lady",2,2,0,0,0,0,33,,0,0,0,406.5,16.5,0,,0,2,2,0,0,0,0,33,,0,0,0,406.5,16.5,0,,0,0,0,,,,,0,,,,,0,0,,,
"Blog Article","/blogs/dolls-info-qustions/complete-guide-to-installing-male-sex-doll-penises-3-simple-methods",2,2,0,0,0,0,2,,0,0,0,0,1,1,,2,2,2,0,0,0,0,2,,0,0,0,0,1,1,,2,0,0,,,,,0,,,,,,0,0,,0
"Product","/products/f3511-170cm-5-6ft-43kg-d-cup-life-size-silicone-sex-doll-real-lady",2,2,0,0,0,0,3,,0,0,0,1,1.5,0.5,,1,2,2,0,0,0,0,3,,0,0,0,1,1.5,0.5,,1,0,0,,,,,0,,,,,0,0,0,,0
,"/en-ca/collections/bbw-black-sex-doll",2,2,0,0,0,0,10,,0,0,0,95.5,5,0,,0,2,2,0,0,0,0,10,,0,0,0,95.5,5,0,,0,0,0,,,,,0,,,,,0,0,,,
"Blog Article","/blogs/dolls-info-qustions/are-sex-doll-torsos-a-good-alternative-to-human-companionship",2,2,0,0,0,0,2,,0,0,0,0,1,1,,2,2,2,0,0,0,0,2,,0,0,0,0,1,1,,2,0,0,,,,,0,,,,,,0,0,,0
"Collection","/collections/6-foot-sex-doll",2,2,0,0,0,0,2,,0,0,0,0,1,1,,2,2,2,0,0,0,0,2,,0,0,0,0,1,1,,2,0,0,,,,,0,,,,,,0,0,,0
,"/en-ca/products/f3460-158cm5f2-33kg-i-cup-slim-waist-tpe-sex-doll-aibei-doll",2,2,0,0,0,0,4,,0,0,0,51,2,0.5,,1,2,2,0,0,0,0,4,,0,0,0,51,2,0.5,,1,0,0,,,,,0,,,,,0,0,0,,0
"Collection","/collections/zelex%C2%AE-sle-doll",2,2,0,0,0,0,4,,0,0,0,31.5,2,0.5,,1,2,2,0,0,0,0,4,,0,0,0,31.5,2,0.5,,1,0,0,,,,,0,,,,,0,0,0,,0
"Blog Article","/blogs/dolls-info-qustions/bringing-fantasies-to-life-the-ultimate-sex-doll-roleplay-experience",2,2,0,0,0,0,3,,0,0,0,8.5,1.5,0.5,,1,2,2,0,0,0,0,3,,0,0,0,8.5,1.5,0.5,,1,0,0,,,,,0,,,,,0,0,0,,0
"Blog Article","/blogs/dolls-info-qustions/latest-mini-anime-sex-dolls-are-here-compact-and-fun",2,2,0,0,0,0,31,,0,0,0,771.5,15.5,0,,0,2,2,0,0,0,0,31,,0,0,0,771.5,15.5,0,,0,0,0,,,,,0,,,,,0,0,,,
,"/en-ca/blogs/dolls-info-qustions/shocking-in-depth-review-of-naimi-1-1-celebrity-sex-doll",2,2,0,0,0,0,2,,0,0,0,0,1,1,,2,2,2,0,0,0,0,2,,0,0,0,0,1,1,,2,0,0,,,,,0,,,,,,0,0,,0
,"/en-ca/blogs/dolls-info-qustions/what-oral-depth-of-a-sex-doll-head-is-best-for-blowjobs",2,2,0,0,0,0,2,,0,0,0,0,1,1,,2,2,2,0,0,0,0,2,,0,0,0,0,1,1,,2,0,0,,,,,0,,,,,,0,0,,0
,"/ja/collections/hyper-realistic-sex-doll",2,2,0,0,0,0,8,,0,0,0,158.5,4,0.5,,1,2,2,0,0,0,0,8,,0,0,0,158.5,4,0.5,,1,0,0,,,,,0,,,,,0,0,0,,0
,"/en-ca/products/57-32lb-sex-doll-torso-with-life-size-ass-and-soft-skin-512-sex-doll-torso",2,2,0,0,0,0,2,,0,0,0,0,1,1,,2,2,2,0,0,0,0,2,,0,0,0,0,1,1,,2,0,0,,,,,0,,,,,,0,0,,0
"Blog Article","/blogs/dolls-info-qustions/how-women-use-sex-dolls",2,2,0,0,0,0,2,,0,0,0,0,1,1,,2,2,2,0,0,0,0,2,,0,0,0,0,1,1,,2,0,0,,,,,0,,,,,,0,0,,0
,"/en-ca/products/a410-22lbsexy-and-real-realistic-ass-chubby-masturbator-sex-doll-torso",1,2,0,0,0,0,3,,0,0,0,2,1.5,0.5,,1,1,2,0,0,0,0,3,,0,0,0,2,1.5,0.5,,1,0,0,,,,,0,,,,,0,0,0,,0
"Product","/products/m940-tight-vagina-sex-toys-19-for-man-automatic-pocket-pussy-thruster-male-cup-pussycat",2,2,0,0,0,0,15,,0,0,0,880,7.5,0,,0,2,2,0,0,0,0,15,,0,0,0,880,7.5,0,,0,0,0,,,,,0,,,,,0,0,,,
,"/en-ca/blogs/dolls-info-qustions/zelex-sle-3-0-upgrade-all-new-features-same-great-price",2,2,0,0,0,0,2,,0,0,0,0,1,1,,2,2,2,0,0,0,0,2,,0,0,0,0,1,1,,2,0,0,,,,,0,,,,,,0,0,,0
"Collection","/collections/europe-sex-doll-heads-1",2,2,0,0,0,0,5,,0,0,0,60.5,2.5,0,,0,2,2,0,0,0,0,5,,0,0,0,60.5,2.5,0,,0,0,0,,,,,0,,,,,0,0,,,
"Blog Article","/blogs/dolls-info-qustions/how-to-be-a-qualified-cowboy-through-a-male-sex-doll",2,2,0,0,0,0,2,,0,0,0,0,1,1,,2,2,2,0,0,0,0,2,,0,0,0,0,1,1,,2,0,0,,,,,0,,,,,,0,0,,0
,"/ja/blogs/dolls-info-qustions/newbie-torso-sex-doll-buying-tutorial-the-best-selection-guide-at-the-same-price",2,2,0,0,0,0,2,,0,0,0,0,1,1,,2,2,2,0,0,0,0,2,,0,0,0,0,1,1,,2,0,0,,,,,0,,,,,,0,0,,0
"Product","/products/t443-silicone-big-boobs-life-size-sex-doll-torso",1,2,0,0,0,0,6,,0,0,0,77,3,0,,0,1,2,0,0,0,0,6,,0,0,0,77,3,0,,0,0,0,,,,,0,,,,,0,0,,,
"Product","/products/f3442-aibei-h-cup-sucking-life-size-sex-doll",2,2,0,0,0,0,4,,0,0,0,288,2,0.5,,1,2,2,0,0,0,0,4,,0,0,0,288,2,0.5,,1,0,0,,,,,0,,,,,0,0,0,,0
"Product","/products/t424-48-5lbs-93cm-silicone-luxury-super-realistic-human-size-torso-sex-dolls-and-robots",2,2,0,0,0,0,6,,0,0,0,71.5,3,0.5,,1,2,2,0,0,0,0,6,,0,0,0,71.5,3,0.5,,1,0,0,,,,,0,,,,,0,0,0,,0
"Product","/products/f9000-160cm-5-2ft-36kg-c-cup-tpe-silicone-head-asian-celebrity-sex-doll-sy-doll",2,2,0,0,0,0,2,,0,0,0,0,1,1,,2,2,2,0,0,0,0,2,,0,0,0,0,1,1,,2,0,0,,,,,0,,,,,,0,0,,0
"Product","/products/f114-175cm-5ft9-58kg-gino-sexy-rabbit-man-tpe-femboy-doll-for-gay-men-qita-doll",1,2,0,0,0,0,2,,0,0,0,0,1,1,,2,1,2,0,0,0,0,2,,0,0,0,0,1,1,,2,0,0,,,,,0,,,,,,0,0,,0
"Product","/products/f9271-180cm-5ft3-26kg-weight-loss-realistic-male-sex-doll-nordic-phantom-soft-penis",1,2,1,0,0,0,7,,0.5,0,0,105.5,3.5,0,,0,1,2,1,0,0,0,7,,0.5,0,0,105.5,3.5,0,,0,0,0,0,,,,0,,0,,,0,0,,,
,"/en-ca/collections/torso-shemale-sex-doll",2,2,0,0,0,0,4,,0,0,0,48.5,2,0.5,,1,2,2,0,0,0,0,4,,0,0,0,48.5,2,0.5,,1,0,0,,,,,0,,,,,0,0,0,,0
,"/en-ca/collections/huge-breasts-japanese-sex-doll",2,2,0,0,0,0,3,,0,0,0,48,1.5,0.5,,1,2,2,0,0,0,0,3,,0,0,0,48,1.5,0.5,,1,0,0,,,,,0,,,,,0,0,0,,0
"Blog Article","/blogs/dolls-info-qustions/how-to-prevent-tearing-in-the-vagina-and-anus-of-tpe-or-silicone-sex-dolls",2,2,0,0,0,0,2,,0,0,0,0,1,1,,2,2,2,0,0,0,0,2,,0,0,0,0,1,1,,2,0,0,,,,,0,,,,,,0,0,,0
"Collection","/collections/blue-skin-alien",2,2,0,0,0,0,8,,0,0,0,52.5,4,0.5,,1,2,2,0,0,0,0,8,,0,0,0,52.5,4,0.5,,1,0,0,,,,,0,,,,,0,0,0,,0
"Product","/products/f2319-sy-163cm-g-cup-super-fat-bbw-life-size-sex-doll",2,2,0,0,0,0,2,,0,0,0,0,1,1,,2,2,2,0,0,0,0,2,,0,0,0,0,1,1,,2,0,0,,,,,0,,,,,,0,0,,0
,"/de/blogs/dolls-info-qustions/are-you-really-suitable-for-hentai-sex-dolls-take-the-test-and-start-your-fantasy-journey",2,2,0,0,0,0,3,,0,0,0,535,1.5,0.5,,1,2,2,0,0,0,0,3,,0,0,0,535,1.5,0.5,,1,0,0,,,,,0,,,,,0,0,0,,0
"Product","/products/f4376-158cm5-2ft-40kg-l-cup-milf-tpe-sex-doll%E4%B8%A8wm-doll",2,2,0,0,0,0,4,,0,0,0,141,2,0.5,,1,2,2,0,0,0,0,4,,0,0,0,141,2,0.5,,1,0,0,,,,,0,,,,,0,0,0,,0
,"/en-ca/products/f6280-160cm-5ft3-34kg-e-cup-silicone-closed-eyes-sex-doll-with-large-breasts-firefly-diary-max",1,2,0,0,0,0,11,,0,0,0,126,5.5,0,,0,1,2,0,0,0,0,11,,0,0,0,126,5.5,0,,0,0,0,,,,,0,,,,,0,0,,,
"Product","/products/l30735lb-88cm-sexy-silicone-sex-doll-legs-with-big-butt-for-crurophilia-sy-doll",1,2,0,0,0,0,2,,0,0,0,0,1,1,,2,1,2,0,0,0,0,2,,0,0,0,0,1,1,,2,0,0,,,,,0,,,,,,0,0,,0
"Product","/products/h166-silicone-sex-doll-head-real-lady-doll",2,2,0,0,0,0,8,,0,0,0,82.5,4,0,,0,2,2,0,0,0,0,8,,0,0,0,82.5,4,0,,0,0,0,,,,,0,,,,,0,0,,,
"Product","/products/t522",2,2,0,0,0,0,2,,0,0,0,0,1,1,,2,2,2,0,0,0,0,2,,0,0,0,0,1,1,,2,0,0,,,,,0,,,,,,0,0,,0
"Product","/products/f1988-150cm4-9ft-42-5kg-m-cup-bbw-bubble-butt-tpe-sex-dolls%E4%B8%A8wm-doll",2,2,0,0,0,0,2,,0,0,0,0,1,1,,2,2,2,0,0,0,0,2,,0,0,0,0,1,1,,2,0,0,,,,,0,,,,,,0,0,,0
"Blog Article","/blogs/dolls-info-qustions/introduction-of-oral-heating-and-automatic-tongue-licking-function-and-precautions-for-operation",1,2,0,0,0,0,3,,0,0,0,5,1.5,0.5,,1,1,2,0,0,0,0,3,,0,0,0,5,1.5,0.5,,1,0,0,,,,,0,,,,,0,0,0,,0
,"/en-ca/blogs/dolls-info-qustions/2026-doggy-dildo-doll-user-guide",2,2,0,0,0,0,10,,0,0,0,515,5,0.5,,1,2,2,0,0,0,0,10,,0,0,0,515,5,0.5,,1,0,0,,,,,0,,,,,0,0,0,,0
"Product","/products/t90972-8lbscinnamon-tpe-bbw-torso-sex-doll-with-chubby-belly-cliamx-doll-classic",1,2,0,0,0,0,3,,0,0,0,861,1.5,0.5,,1,1,2,0,0,0,0,3,,0,0,0,861,1.5,0.5,,1,0,0,,,,,0,,,,,0,0,0,,0
"Product","/products/f1702k-167cm-5ft5-e-cup-realistic-silicone-life-size-female-sex-doll-in-stock-us-starpery-doll",2,2,0,0,0,0,2,,0,0,0,0,1,1,,2,2,2,0,0,0,0,2,,0,0,0,0,1,1,,2,0,0,,,,,0,,,,,,0,0,,0
,"/en-ca/collections/erovenus-sex-doll",2,2,1,1,0,0,9,0,0.5,0.5,0,140.5,4.5,0.5,0,1,2,2,1,1,0,0,9,0,0.5,0.5,0,140.5,4.5,0.5,0,1,0,0,0,0,,,0,,0,0,,0,0,0,,0
"Blog Article","/blogs/complete-sex-doll-guide-for-beginners/tpe-vs-silicone-a-guide-to-sex-doll-material-selection",2,2,0,0,0,0,2,,0,0,0,0,1,1,,2,2,2,0,0,0,0,2,,0,0,0,0,1,1,,2,0,0,,,,,0,,,,,,0,0,,0
,"/en-ca/collections/ros-sex-doll-heads-1",2,2,0,0,0,0,4,,0,0,0,9,2,0.5,,1,2,2,0,0,0,0,4,,0,0,0,9,2,0.5,,1,0,0,,,,,0,,,,,0,0,0,,0
"Collection","/collections/new-sex-dolls-2023-05",1,2,0,0,0,0,3,,0,0,0,3.5,1.5,0.5,,1,1,2,0,0,0,0,3,,0,0,0,3.5,1.5,0.5,,1,0,0,,,,,0,,,,,0,0,0,,0
"Collection","/collections/wm-doll",2,2,0,0,0,0,6,,0,0,0,183,3,0.5,,1,2,2,0,0,0,0,6,,0,0,0,183,3,0.5,,1,0,0,,,,,0,,,,,0,0,0,,0
"Product","/products/f3317-160cm-5ft2-39-5kg-g-cup-tpe-adult-big-chest-curve-beauty-sex-doll-yl-doll",2,2,0,0,0,0,39,,0,0,0,2213,19.5,0,,0,2,2,0,0,0,0,39,,0,0,0,2213,19.5,0,,0,0,0,,,,,0,,,,,0,0,,,
,"/en-ca/collections/sex-doll-torso/products/591sex-doll-torso",2,2,0,0,0,0,11,,0,0,0,125,5.5,0.5,,1,2,2,0,0,0,0,11,,0,0,0,125,5.5,0.5,,1,0,0,,,,,0,,,,,0,0,0,,0
,"/de/collections/erovenus-max",1,2,0,0,0,0,7,,0,0,0,106.5,3.5,0,,0,1,2,0,0,0,0,7,,0,0,0,106.5,3.5,0,,0,0,0,,,,,0,,,,,0,0,,,
"Product","/products/t5",2,2,0,0,0,0,6,,0,0,0,146.5,3,0.5,,1,2,2,0,0,0,0,6,,0,0,0,146.5,3,0.5,,1,0,0,,,,,0,,,,,0,0,0,,0
"Collection","/collections/erovenus-doll-in-stock-usa",2,2,0,0,0,0,2,,0,0,0,0,1,1,,2,2,2,0,0,0,0,2,,0,0,0,0,1,1,,2,0,0,,,,,0,,,,,,0,0,,0
"Product","/products/f9010-157cm-5ft1-29kg-b-cup-realistic-skinny-tpe-sex-doll-sy-doll",2,2,0,0,0,0,7,,0,0,0,326.5,3.5,0.5,,1,2,2,0,0,0,0,7,,0,0,0,326.5,3.5,0.5,,1,0,0,,,,,0,,,,,0,0,0,,0
,"/ja/collections/funwest-doll-factory-photos",2,2,0,0,0,0,2,,0,0,0,0,1,1,,2,2,2,0,0,0,0,2,,0,0,0,0,1,1,,2,0,0,,,,,0,,,,,,0,0,,0
"Blog Article","/blogs/dolls-info-qustions/how-does-sex-with-life-size-sex-dolls-compare-to-real-sex",2,2,0,0,0,0,2,,0,0,0,0,1,1,,2,2,2,0,0,0,0,2,,0,0,0,0,1,1,,2,0,0,,,,,0,,,,,,0,0,,0
"Blog Article","/blogs/dolls-info-qustions/discover-a-new-brand-galatea-doll",2,2,0,0,0,0,2,,0,0,0,0,1,1,,2,2,2,0,0,0,0,2,,0,0,0,0,1,1,,2,0,0,,,,,0,,,,,,0,0,,0
"Product","/products/f2386-165cm5-4ft-g-cup-272-big-butt-tpe-sex-doll%E4%B8%A8sy-doll",1,2,0,0,0,0,5,,0,0,0,154.5,2.5,0,,0,1,2,0,0,0,0,5,,0,0,0,154.5,2.5,0,,0,0,0,,,,,0,,,,,0,0,,,
"Collection","/collections/celebrity-poster-products",2,2,0,0,0,0,9,,0,0,0,10.5,4.5,0,,0,2,2,0,0,0,0,9,,0,0,0,10.5,4.5,0,,0,0,0,,,,,0,,,,,0,0,,,
,"/en-ca/products/h093-sex-doll-head",2,2,1,1,0,0,12,0,0.5,0.5,0,386.5,6,0,0,0,2,2,1,1,0,0,12,0,0.5,0.5,0,386.5,6,0,0,0,0,0,0,0,,,0,,0,0,,0,0,,,
"Product","/products/f2384a-163cm5-3ft-70kg-53kg-g-cup-s6-best-big-ass-silicone-head-real-bbw-sex-doll-booty-2025%E4%B8%A8sy-doll",2,2,0,0,0,0,7,,0,0,0,394.5,3.5,0.5,,1,2,2,0,0,0,0,7,,0,0,0,394.5,3.5,0.5,,1,0,0,,,,,0,,,,,0,0,0,,0
,"/en-ca/products/f4838-148cm5ft6-25kg-d-cup-silicone-ros-asian-chinese-mini-sex-doll%E4%B8%A8doll-senior",2,2,0,0,0,0,3,,0,0,0,1.5,1.5,0.5,,1,2,2,0,0,0,0,3,,0,0,0,1.5,1.5,0.5,,1,0,0,,,,,0,,,,,0,0,0,,0
"Blog Article","/blogs/dolls-info-qustions/what-are-sex-dolls-made-of-complete-material-guide",2,2,0,0,0,0,2,,0,0,0,0,1,1,,2,2,2,0,0,0,0,2,,0,0,0,0,1,1,,2,0,0,,,,,0,,,,,,0,0,,0
"Product","/products/f685-170cm-realistic-silicone-sex-doll-zelex-doll",2,2,0,0,0,0,2,,0,0,0,0,1,1,,2,2,2,0,0,0,0,2,,0,0,0,0,1,1,,2,0,0,,,,,0,,,,,,0,0,,0
,"/en-ca/products/a446-10-80lb-silicone-pocket-pussy-big-ass-sex-doll-torso-lovenestle",2,2,0,0,0,0,2,,0,0,0,0,1,1,,2,2,2,0,0,0,0,2,,0,0,0,0,1,1,,2,0,0,,,,,0,,,,,,0,0,,0
,"/en-ca/blogs/dolls-info-qustions/what-size-penis-should-you-buy-for-your-male-sex-doll",2,2,0,0,0,0,2,,0,0,0,0,1,1,,2,2,2,0,0,0,0,2,,0,0,0,0,1,1,,2,0,0,,,,,0,,,,,,0,0,,0
"Collection","/collections/se-sex-doll-torso",2,2,0,0,0,0,4,,0,0,0,56.5,2,0.5,,1,2,2,0,0,0,0,4,,0,0,0,56.5,2,0.5,,1,0,0,,,,,0,,,,,0,0,0,,0
"Blog Article","/blogs/dolls-info-qustions/sex-doll-movies",2,2,0,0,0,0,3,,0,0,0,0,1.5,0.5,,1,2,2,0,0,0,0,3,,0,0,0,0,1.5,0.5,,1,0,0,,,,,0,,,,,,0,0,,0
"Blog Article","/blogs/dolls-info-qustions/traveling-with-a-sex-doll",2,2,0,0,0,0,6,,0,0,0,27,3,0.5,,1,2,2,0,0,0,0,6,,0,0,0,27,3,0.5,,1,0,0,,,,,0,,,,,0,0,0,,0
"Product","/products/f1428-158cm5f2-31-25kg-c-cup-small-breast-tpe-sex-doll-aibei-doll",1,2,0,0,0,0,2,,0,0,0,0,1,1,,2,1,2,0,0,0,0,2,,0,0,0,0,1,1,,2,0,0,,,,,0,,,,,,0,0,,0
"Blog Article","/blogs/dolls-info-qustions/elsa-babe-doll-craftsmanship-introduction",2,2,0,0,0,0,2,,0,0,0,0,1,1,,2,2,2,0,0,0,0,2,,0,0,0,0,1,1,,2,0,0,,,,,0,,,,,,0,0,,0
"Product","/products/t455-18-3lb-silicone-big-boob-sex-doll-torso-lovenestle",2,2,0,0,0,0,2,,0,0,0,0,1,1,,2,2,2,0,0,0,0,2,,0,0,0,0,1,1,,2,0,0,,,,,0,,,,,,0,0,,0
"Product","/products/t404-50-7lb-99cm-realistic-half-torso-sex-doll-with-perky-breasts-big-ass-double-channels",1,2,0,0,0,0,4,,0,0,0,337,2,0.5,,1,1,2,0,0,0,0,4,,0,0,0,337,2,0.5,,1,0,0,,,,,0,,,,,0,0,0,,0
"Custom Page","/pages/cheap-sex-doll-guide",2,2,0,0,0,0,12,,0,0,0,143,6,0,,0,2,2,0,0,0,0,12,,0,0,0,143,6,0,,0,0,0,,,,,0,,,,,0,0,,,
"Blog Article","/blogs/sex-doll-torso-blog/must-have-in-july-high-value-bbw-torso-sex-doll-recommendations",2,2,0,0,0,0,2,,0,0,0,0,1,1,,2,2,2,0,0,0,0,2,,0,0,0,0,1,1,,2,0,0,,,,,0,,,,,,0,0,,0
"Product","/products/f5675-175cm-5ft7-e-cup-movable-jaws-silicone-sex-doll-inspiration-zelex-doll",1,2,0,0,0,0,25,,0,0,0,448.5,12.5,0,,0,1,2,0,0,0,0,25,,0,0,0,448.5,12.5,0,,0,0,0,,,,,0,,,,,0,0,,,
"Product","/products/h001-sex-doll-head",1,2,0,0,0,0,22,,0,0,0,618,11,0.5,,1,1,2,0,0,0,0,22,,0,0,0,618,11,0.5,,1,0,0,,,,,0,,,,,0,0,0,,0
,"/en-ca/products/b213-realistic-teen-breast-vagina-masturbators",1,2,1,1,0,0,53,0,0.5,0.5,0,1247,26.5,0.5,0,1,1,2,1,1,0,0,53,0,0.5,0.5,0,1247,26.5,0.5,0,1,0,0,0,0,,,0,,0,0,,0,0,0,,0
"Product","/products/f1444-163cm5f3-52kg-e-cup-best-big-ass-chubby-tpe-life-size-bbw-sex-doll-2024-aibei-doll",2,2,0,0,0,0,8,,0,0,0,61.5,4,0,,0,2,2,0,0,0,0,8,,0,0,0,61.5,4,0,,0,0,0,,,,,0,,,,,0,0,,,
"Collection","/collections/full-round-huge-breast-sex-doll",2,2,0,0,0,0,4,,0,0,0,62.5,2,0.5,,1,2,2,0,0,0,0,4,,0,0,0,62.5,2,0.5,,1,0,0,,,,,0,,,,,0,0,0,,0
"Product","/products/f4700-157cm5-2ft-36-2kg-2-2cf-k-cup-silicone-asian-chinese-sex-doll-bezlya-doll",2,2,1,0,0,0,27,,0.5,0,0,628,13.5,0,,0,2,2,1,0,0,0,27,,0.5,0,0,628,13.5,0,,0,0,0,0,,,,0,,0,,,0,0,,,
"Collection","/collections/climax-doll-ultra-series",2,2,0,0,0,0,10,,0,0,0,130,5,0,,0,2,2,0,0,0,0,10,,0,0,0,130,5,0,,0,0,0,,,,,0,,,,,0,0,,,
"Blog Article","/blogs/dolls-info-qustions/superhero-sex-dolls",2,2,0,0,0,0,2,,0,0,0,0,1,1,,2,2,2,0,0,0,0,2,,0,0,0,0,1,1,,2,0,0,,,,,0,,,,,,0,0,,0
"Product","/products/t347-24-46lb-huge-breast-shemale-bbw-sex-doll-torso-mrl",2,2,0,0,0,0,10,,0,0,0,344.5,5,0.5,,1,2,2,0,0,0,0,10,,0,0,0,344.5,5,0.5,,1,0,0,,,,,0,,,,,0,0,0,,0
"Product","/products/f8212-150cm-5ft-27-5kg-silicone-anime-sex-doll-elsa-babe",1,2,0,0,0,0,2,,0,0,0,0,1,1,,2,1,2,0,0,0,0,2,,0,0,0,0,1,1,,2,0,0,,,,,0,,,,,,0,0,,0
,"/en-ca/products/f2208-172cm-5ft6-f-cup-rozanne-barbie-silicone-sex-doll-starpery-doll",2,2,0,0,0,0,8,,0,0,0,160,4,0,,0,2,2,0,0,0,0,8,,0,0,0,160,4,0,,0,0,0,,,,,0,,,,,0,0,,,
"Product","/products/f1485-160cm5ft3-45-2kg-l-cup-cloris-milf-tpe-sex-doll-climax-doll",1,2,0,0,0,0,5,,0,0,0,88,2.5,0.5,,1,1,2,0,0,0,0,5,,0,0,0,88,2.5,0.5,,1,0,0,,,,,0,,,,,0,0,0,,0
"Blog Article","/blogs/dolls-info-qustions/lesbian-beginners-guide-how-to-use-lesbian-sex-dolls",2,2,0,0,0,0,2,,0,0,0,0,1,1,,2,2,2,0,0,0,0,2,,0,0,0,0,1,1,,2,0,0,,,,,0,,,,,,0,0,,0
,"/en-ca/products/75cm-realistic-sex-doll-torso-with-perky-breasts-big-ass-double-channels-504-sex-doll-torso-504-sex-doll-torso",2,2,0,0,0,0,2,,0,0,0,0,1,1,,2,2,2,0,0,0,0,2,,0,0,0,0,1,1,,2,0,0,,,,,0,,,,,,0,0,,0
"Product","/products/a353-7-7lb-silicone-meru-ass-torso-sex-doll-mrl",2,2,0,0,0,0,3,,0,0,0,1.5,1.5,0.5,,1,2,2,0,0,0,0,3,,0,0,0,1.5,1.5,0.5,,1,0,0,,,,,0,,,,,0,0,0,,0
"Blog Article","/blogs/dolls-info-qustions/what-is-the-difference-between-ai-sex-dolls-and-sex-robots",2,2,0,0,0,0,2,,0,0,0,0,1,1,,2,2,2,0,0,0,0,2,,0,0,0,0,1,1,,2,0,0,,,,,0,,,,,,0,0,,0
"Collection","/collections/best-sellers-in-torso",1,2,0,0,0,0,6,,0,0,0,18,3,0,,0,1,2,0,0,0,0,6,,0,0,0,18,3,0,,0,0,0,,,,,0,,,,,0,0,,,
"Product","/products/f7120-168cm5-5ft-42-5kg-2-2u-e-cup-premium-chinese-sex-doll-with-3-love-holes-live-action-cosplay-bezlya-doll",1,2,0,0,0,0,6,,0,0,0,32.5,3,0.5,,1,1,2,0,0,0,0,6,,0,0,0,32.5,3,0.5,,1,0,0,,,,,0,,,,,0,0,0,,0
,"/en-ca/blogs/dolls-info-qustions/what-are-sex-dolls-made-of-complete-material-guide",2,2,0,0,0,0,3,,0,0,0,529.5,1.5,0.5,,1,2,2,0,0,0,0,3,,0,0,0,529.5,1.5,0.5,,1,0,0,,,,,0,,,,,0,0,0,,0
"Collection","/collections/natural-huge-breast-sex-doll",2,2,0,0,0,0,3,,0,0,0,20.5,1.5,0.5,,1,2,2,0,0,0,0,3,,0,0,0,20.5,1.5,0.5,,1,0,0,,,,,0,,,,,0,0,0,,0
,"/de/collections/sex-doll-videos",2,2,0,0,0,0,2,,0,0,0,0,1,1,,2,2,2,0,0,0,0,2,,0,0,0,0,1,1,,2,0,0,,,,,0,,,,,,0,0,,0
"Product","/products/climax-doll-lightweight-torso-80cm-t735",2,2,0,0,0,0,12,,0,0,0,543,6,0,,0,2,2,0,0,0,0,12,,0,0,0,543,6,0,,0,0,0,,,,,0,,,,,0,0,,,
,"/de/blogs/dolls-info-qustions/sex-doll-movies",2,2,0,0,0,0,2,,0,0,0,0,1,1,,2,2,2,0,0,0,0,2,,0,0,0,0,1,1,,2,0,0,,,,,0,,,,,,0,0,,0
"Blog Article","/blogs/featured-blog/how-to-properly-dry-the-sex-doll-torso-keep-her-body-vagina-anus-fresh-and-clean",2,2,0,0,0,0,2,,0,0,0,0,1,1,,2,2,2,0,0,0,0,2,,0,0,0,0,1,1,,2,0,0,,,,,0,,,,,,0,0,,0
"Product","/products/f9361-hentai-sex-toys-cream-mouse-silicone-doll",2,2,0,0,0,0,6,,0,0,0,484,3,0.5,,1,2,2,0,0,0,0,6,,0,0,0,484,3,0.5,,1,0,0,,,,,0,,,,,0,0,0,,0
"Product","/products/f2233-150cm-4ft9-a-cup-ultra-realistic-mini-tpe-sex-doll-petite-body-with-lifelike-features-sy-doll",2,2,0,0,0,0,10,,0,0,0,125,5,0.5,,1,2,2,0,0,0,0,10,,0,0,0,125,5,0.5,,1,0,0,,,,,0,,,,,0,0,0,,0
,"/en-ca/collections/silicone-pocket-pussy",2,2,0,0,0,0,11,,0,0,0,86.5,5.5,0.5,,1,2,2,0,0,0,0,11,,0,0,0,86.5,5.5,0.5,,1,0,0,,,,,0,,,,,0,0,0,,0
"Product","/products/t908k-giant-sex-doll-bbw-torso-climax",2,2,0,0,0,0,5,,0,0,0,89,2.5,0.5,,1,2,2,0,0,0,0,5,,0,0,0,89,2.5,0.5,,1,0,0,,,,,0,,,,,0,0,0,,0
"Blog Article","/blogs/dolls-info-qustions/sex-torso-vs-masturbation-which-one-is-right-for-you-this-article-has-the-answer",2,2,0,0,0,0,2,,0,0,0,0,1,1,,2,2,2,0,0,0,0,2,,0,0,0,0,1,1,,2,0,0,,,,,0,,,,,,0,0,,0
,"/en-ca/products/f5616-161cm5ft3-35kg-regina-k-f-cup-tpe-buy-robot-celebrity-sex-dolls-se-doll",2,2,0,0,0,0,2,,0,0,0,0,1,1,,2,2,2,0,0,0,0,2,,0,0,0,0,1,1,,2,0,0,,,,,0,,,,,,0,0,,0
"Product","/products/t292-70-55-lbs-chloe-ros-life-size-silicone-sex-doll-torso-with-head-in-stock-usa-europe-max-series",2,2,0,0,0,0,10,,0,0,0,392.5,5,0.5,,1,2,2,0,0,0,0,10,,0,0,0,392.5,5,0.5,,1,0,0,,,,,0,,,,,0,0,0,,0
,"/en-ca/collections/1600-1999-sex-doll",2,2,0,0,0,0,5,,0,0,0,21,2.5,0,,0,2,2,0,0,0,0,5,,0,0,0,21,2.5,0,,0,0,0,,,,,0,,,,,0,0,,,
"Product","/products/f555-161cm-bbw-sex-doll-silicone-starpery",2,2,0,0,0,0,2,,0,0,0,0,1,1,,2,2,2,0,0,0,0,2,,0,0,0,0,1,1,,2,0,0,,,,,0,,,,,,0,0,,0
"Product","/products/f2381-fat-sex-dolls-bbw-sex-doll-150cm-tpe",2,2,0,0,0,0,2,,0,0,0,0,1,1,,2,2,2,0,0,0,0,2,,0,0,0,0,1,1,,2,0,0,,,,,0,,,,,,0,0,,0
"Product","/products/b74-15lbs-silicone-big-boobs-sex-doll-torso-in-stock-usa-mrl",2,2,0,0,0,0,2,,0,0,0,0,1,1,,2,2,2,0,0,0,0,2,,0,0,0,0,1,1,,2,0,0,,,,,0,,,,,,0,0,,0
"Product","/products/f7145-168cm-5ft6-41kg-elf-anime-flat-chested-sex-doll-f7145",2,2,0,0,0,0,13,,0,0,0,558.5,6.5,0,,0,2,2,0,0,0,0,13,,0,0,0,558.5,6.5,0,,0,0,0,,,,,0,,,,,0,0,,,
"Blog Article","/blogs/dolls-info-qustions/how-to-pick-a-fake-pussy-and-sex-doll-torso",2,2,0,0,0,0,3,,0,0,0,6,1.5,0.5,,1,2,2,0,0,0,0,3,,0,0,0,6,1.5,0.5,,1,0,0,,,,,0,,,,,0,0,0,,0
,"/en-ca/products/f8199-158cm5ft2-32kg-f-cup-ab23-ros-silicone-sex-doll-aibei-doll-luxe",2,2,0,0,0,0,3,,0,0,0,1,1.5,0.5,,1,2,2,0,0,0,0,3,,0,0,0,1,1.5,0.5,,1,0,0,,,,,0,,,,,0,0,0,,0
"Product","/products/judy-rona-dildo-male-masturbator-12lb-18cm",2,2,0,0,0,0,5,,0,0,0,775,2.5,0.5,,1,2,2,0,0,0,0,5,,0,0,0,775,2.5,0.5,,1,0,0,,,,,0,,,,,0,0,0,,0
,"/en-fi/blogs/dolls-info-qustions/why-do-women-enjoy-anal-sex-5-honest-reasons-you-never-expected",2,2,0,0,0,0,2,,0,0,0,0,1,1,,2,2,2,0,0,0,0,2,,0,0,0,0,1,1,,2,0,0,,,,,0,,,,,,0,0,,0
"Collection","/collections/yeloly",2,2,0,0,0,0,3,,0,0,0,6.5,1.5,0.5,,1,2,2,0,0,0,0,3,,0,0,0,6.5,1.5,0.5,,1,0,0,,,,,0,,,,,0,0,0,,0
"Product","/products/t724-59lbs-120cm-silicone-long-leg-sex-doll-torso-super-realistic-human-size-head-compatible",2,2,0,0,0,0,5,,0,0,0,34.5,2.5,0,,0,2,2,0,0,0,0,5,,0,0,0,34.5,2.5,0,,0,0,0,,,,,0,,,,,0,0,,,
"Collection","/collections/breast-vagina",2,2,0,0,0,0,3,,0,0,0,2,1.5,0.5,,1,2,2,0,0,0,0,3,,0,0,0,2,1.5,0.5,,1,0,0,,,,,0,,,,,0,0,0,,0
"Product","/products/a357-27-5lb-silicone-butt-sexy-and-real-realistic-big-ass-sex-doll-torso-climax-doll",2,2,0,0,0,0,5,,0,0,0,72.5,2.5,0.5,,1,2,2,0,0,0,0,5,,0,0,0,72.5,2.5,0.5,,1,0,0,,,,,0,,,,,0,0,0,,0
,"/en-fi/blogs/dolls-info-qustions/makeup-for-hentai-sex-doll-create-your-own-anime-goddess",2,2,0,0,0,0,2,,0,0,0,0,1,1,,2,2,2,0,0,0,0,2,,0,0,0,0,1,1,,2,0,0,,,,,0,,,,,,0,0,,0
"Product","/products/h527-mini-anime-silicone-sex-doll-head-elsa-babe-head",1,2,0,0,0,0,2,,0,0,0,0,1,1,,2,1,2,0,0,0,0,2,,0,0,0,0,1,1,,2,0,0,,,,,0,,,,,,0,0,,0
,"/ja/blogs/dolls-info-qustions/choosing-between-a-torso-dildo-and-a-dildo-a-relaxed-guide",2,2,0,0,0,0,3,,0,0,0,3,1.5,0.5,,1,2,2,0,0,0,0,3,,0,0,0,3,1.5,0.5,,1,0,0,,,,,0,,,,,0,0,0,,0
"Product","/products/h009-sex-doll-head",2,2,0,0,0,0,6,,0,0,0,279.5,3,0.5,,1,2,2,0,0,0,0,6,,0,0,0,279.5,3,0.5,,1,0,0,,,,,0,,,,,0,0,0,,0
"Blog Article","/blogs/dolls-info-qustions/is-using-sex-dolls-in-a-relationship-considered-cheating",2,2,0,0,0,0,2,,0,0,0,0,1,1,,2,2,2,0,0,0,0,2,,0,0,0,0,1,1,,2,0,0,,,,,0,,,,,,0,0,,0
"Product","/products/t3",2,2,0,0,0,0,5,,0,0,0,817,2.5,0.5,,1,2,2,0,0,0,0,5,,0,0,0,817,2.5,0.5,,1,0,0,,,,,0,,,,,0,0,0,,0
,"/en-ca/collections/silicone-ass",2,2,0,0,0,0,4,,0,0,0,54,2,0.5,,1,2,2,0,0,0,0,4,,0,0,0,54,2,0.5,,1,0,0,,,,,0,,,,,0,0,0,,0
"Product","/products/f9284-178cm-5ft10-63kg-p-cup-ros-silicone-pawg-sex-doll-doll-castle",2,2,0,0,0,0,12,,0,0,0,479,6,0,,0,2,2,0,0,0,0,12,,0,0,0,479,6,0,,0,0,0,,,,,0,,,,,0,0,,,
,"/en-fi/collections/shemale-sex-toy",2,2,0,0,0,0,2,,0,0,0,0,1,1,,2,2,2,0,0,0,0,2,,0,0,0,0,1,1,,2,0,0,,,,,0,,,,,,0,0,,0
,"/en-ca/blogs/dolls-info-qustions/how-to-choose-a-sex-doll-torso-that-matches-your-height",2,2,0,0,0,0,2,,0,0,0,0,1,1,,2,2,2,0,0,0,0,2,,0,0,0,0,1,1,,2,0,0,,,,,0,,,,,,0,0,,0
"Custom Page","/pages/huge-breast-sex-doll-guide",2,2,0,0,0,0,2,,0,0,0,0,1,1,,2,2,2,0,0,0,0,2,,0,0,0,0,1,1,,2,0,0,,,,,0,,,,,,0,0,,0
"Collection","/collections/cheap-bbw-sex-doll",2,2,0,0,0,0,10,,0,0,0,74,5,0.5,,1,2,2,0,0,0,0,10,,0,0,0,74,5,0.5,,1,0,0,,,,,0,,,,,0,0,0,,0
"Blog Article","/blogs/recent-brand-updates-new-arrivals-for-sex-dolls/sy-doll-redefining-oral-interaction-for-robotic-sex-dolls",1,1,0,0,0,0,1,,0,0,0,0,1,1,,1,1,1,0,0,0,0,1,,0,0,0,0,1,1,,1,0,0,,,,,0,,,,,,0,0,,0
"Product","/products/t930-51kg-j-cup-tpe-adult-big-chest-big-ass-ssbbw-sex-doll-torso-with-head-yl-doll",1,1,0,0,0,0,1,,0,0,0,0,1,1,,1,1,1,0,0,0,0,1,,0,0,0,0,1,1,,1,0,0,,,,,0,,,,,,0,0,,0
"Product","/products/f4234-162cm5-3ft-35kg-e-cup-fantasy-tpe-sex-doll%E4%B8%A8wm-doll",1,1,0,0,0,0,20,,0,0,0,674,20,0,,0,1,1,0,0,0,0,20,,0,0,0,674,20,0,,0,0,0,,,,,0,,,,,0,0,,,
"Blog Article","/blogs/dolls-info-qustions/would-you-put-a-dildo-on-your-sex-doll",1,1,0,0,0,0,1,,0,0,0,0,1,1,,1,1,1,0,0,0,0,1,,0,0,0,0,1,1,,1,0,0,,,,,0,,,,,,0,0,,0
,"/ja/blogs/featured-blog/what-is-a-sex-doll",1,1,0,0,0,0,1,,0,0,0,0,1,1,,1,1,1,0,0,0,0,1,,0,0,0,0,1,1,,1,0,0,,,,,0,,,,,,0,0,,0
"Collection","/collections/sex-doll-in-stock-europe-all",1,1,0,0,0,0,4,,0,0,0,258,4,0,,0,1,1,0,0,0,0,4,,0,0,0,258,4,0,,0,0,0,,,,,0,,,,,0,0,,,
,"/en-fi/products/f068k-165cm-5ft431kg-delphine-f-cup-full-silicone-brunette-european-sex-doll-cst-doll",1,1,0,0,0,0,4,,0,0,0,56,4,0,,0,1,1,0,0,0,0,4,,0,0,0,56,4,0,,0,0,0,,,,,0,,,,,0,0,,,
"Blog Article","/blogs/dolls-info-qustions/keep-sex-doll-like-new-essential-cleaning-and-maintenance-tips",1,1,0,0,0,0,1,,0,0,0,0,1,1,,1,1,1,0,0,0,0,1,,0,0,0,0,1,1,,1,0,0,,,,,0,,,,,,0,0,,0
,"/en-fi/collections/flat-chest-sex-doll",1,1,0,0,0,0,1,,0,0,0,0,1,1,,1,1,1,0,0,0,0,1,,0,0,0,0,1,1,,1,0,0,,,,,0,,,,,,0,0,,0
,"/de/collections/torso-dildo",1,1,0,0,0,0,5,,0,0,0,112,5,0,,0,1,1,0,0,0,0,5,,0,0,0,112,5,0,,0,0,0,,,,,0,,,,,0,0,,,
"Product","/products/f2043-164cm-european-robotic-sex-doll-j-cup",1,1,0,0,0,0,3,,0,0,0,47,3,0,,0,1,1,0,0,0,0,3,,0,0,0,47,3,0,,0,0,0,,,,,0,,,,,0,0,,,
,"/en-ca/products/602-19lb-sexy-and-real-realistic-3d-ass-sex-doll-torso",1,1,0,0,0,0,5,,0,0,0,568,5,0,,0,1,1,0,0,0,0,5,,0,0,0,568,5,0,,0,0,0,,,,,0,,,,,0,0,,,
,"/en-ca/blogs/dolls-info-qustions/why-do-men-like-to-have-sex-with-bigass-women",1,1,0,0,0,0,1,,0,0,0,0,1,1,,1,1,1,0,0,0,0,1,,0,0,0,0,1,1,,1,0,0,,,,,0,,,,,,0,0,,0
,"/de/blogs/dolls-info-qustions/2025-first-look-the-scream-worthy-new-models-of-alien-sex-dolls",1,1,0,0,0,0,1,,0,0,0,0,1,1,,1,1,1,0,0,0,0,1,,0,0,0,0,1,1,,1,0,0,,,,,0,,,,,,0,0,,0
"Product","/products/574-8-22lblight-weight-sexy-sex-doll-torso-big-ass",1,1,0,0,0,0,57,,0,0,0,1123,57,0,,0,1,1,0,0,0,0,57,,0,0,0,1123,57,0,,0,0,0,,,,,0,,,,,0,0,,,
"Checkout","/60719464687/orders/6b45d1d2fec937db87aa79719aa16b51",1,1,0,0,0,0,1,,0,0,0,0,1,1,,1,1,1,0,0,0,0,1,,0,0,0,0,1,1,,1,0,0,,,,,0,,,,,,0,0,,0
"Blog Article","/blogs/dolls-info-qustions/what-is-it-like-to-use-a-shemale-sex-doll",1,1,0,0,0,0,1,,0,0,0,0,1,1,,1,1,1,0,0,0,0,1,,0,0,0,0,1,1,,1,0,0,,,,,0,,,,,,0,0,,0
,"/ja/blogs/dolls-info-qustions/budget-under-200-check-out-these-7-cheap-mini-sex-dolls",1,1,0,0,0,0,1,,0,0,0,0,1,1,,1,1,1,0,0,0,0,1,,0,0,0,0,1,1,,1,0,0,,,,,0,,,,,,0,0,,0
"Product","/products/p92-11-46lb-juli-orgasm-girl-big-clit-huge-tits-bbw-fat-hentai-sex-dolls-torso-mrl",1,1,0,0,0,0,1,,0,0,0,0,1,1,,1,1,1,0,0,0,0,1,,0,0,0,0,1,1,,1,0,0,,,,,0,,,,,,0,0,,0
"Checkout","/checkouts/cn/hWNDEMGbXx60QtKF2KNRoX9I/en-jp",1,1,0,1,0,0,1,0,0,1,0,67,1,0,,0,1,1,0,1,0,0,1,0,0,1,0,67,1,0,,0,0,0,,0,,,0,,,0,,0,0,,,
,"/de/collections/asian-sex-doll",1,1,0,0,0,0,2,,0,0,0,26,2,0,,0,1,1,0,0,0,0,2,,0,0,0,26,2,0,,0,0,0,,,,,0,,,,,0,0,,,
"Collection","/collections/sy-doll-videos",1,1,0,0,0,0,1,,0,0,0,0,1,1,,1,1,1,0,0,0,0,1,,0,0,0,0,1,1,,1,0,0,,,,,0,,,,,,0,0,,0
,"/en-ca/products/f8170-150cm4-9ft-27-6kg-f-cup-ros-max-r8-lena-silicone-sex-doll-real-lady",1,1,0,0,0,0,2,,0,0,0,77,2,0,,0,1,1,0,0,0,0,2,,0,0,0,77,2,0,,0,0,0,,,,,0,,,,,0,0,,,
"Blog Article","/blogs/dolls-info-qustions/masturbation-place",1,1,0,0,0,0,4,,0,0,0,226,4,0,,0,1,1,0,0,0,0,4,,0,0,0,226,4,0,,0,0,0,,,,,0,,,,,0,0,,,
"Product","/products/f9117-160cm-5ft2-36kg-g-cup-silicone-sexual-male-best-shemale-sex-doll-castle-doll",1,1,0,0,0,0,1,,0,0,0,0,1,1,,1,1,1,0,0,0,0,1,,0,0,0,0,1,1,,1,0,0,,,,,0,,,,,,0,0,,0
"Product","/products/b71-39lbs-silicone-sex-doll-big-boobs-3-in-1",1,1,0,0,0,0,2,,0,0,0,621,2,0,,0,1,1,0,0,0,0,2,,0,0,0,621,2,0,,0,0,0,,,,,0,,,,,0,0,,,
"Product","/products/f7142-158cm-5ft1-27kg-b-cup-silicon-sexual-european-sex-doll-castle-doll",1,1,0,0,0,0,9,,0,0,0,404,9,0,,0,1,1,0,0,0,0,9,,0,0,0,404,9,0,,0,0,0,,,,,0,,,,,0,0,,,
"Product","/products/f9330-150cm-4ft9-41kg-b-cup-ros-silicone-head-shemale-doll-hot-sex-doll-castle",1,1,1,0,0,0,3,,1,0,0,51,3,0,,0,1,1,1,0,0,0,3,,1,0,0,51,3,0,,0,0,0,0,,,,0,,0,,,0,0,,,
,"/en-ca/collections/monster-hentai-sex-doll",1,1,0,0,0,0,1,,0,0,0,0,1,1,,1,1,1,0,0,0,0,1,,0,0,0,0,1,1,,1,0,0,,,,,0,,,,,,0,0,,0
,"/en-ca/collections/japanese-anime-sex-doll",1,1,0,0,0,0,2,,0,0,0,12,2,0,,0,1,1,0,0,0,0,2,,0,0,0,12,2,0,,0,0,0,,,,,0,,,,,0,0,,,
,"/en-ca/products/p96-0-62lb-owl-elf-cheap-silicone-anime-hentai-pocket-pussy-mrl",1,1,0,0,0,0,1,,0,0,0,0,1,1,,1,1,1,0,0,0,0,1,,0,0,0,0,1,1,,1,0,0,,,,,0,,,,,,0,0,,0
,"/de/collections/yl-doll-factory-photos",1,1,0,0,0,0,1,,0,0,0,0,1,1,,1,1,1,0,0,0,0,1,,0,0,0,0,1,1,,1,0,0,,,,,0,,,,,,0,0,,0
,"/en-ca/products/p39-realistic-pussy-masturbator",1,1,0,0,0,0,1,,0,0,0,0,1,1,,1,1,1,0,0,0,0,1,,0,0,0,0,1,1,,1,0,0,,,,,0,,,,,,0,0,,0
,"/en-ca/blogs/dolls-info-qustions/lesbian-beginners-guide-how-to-use-lesbian-sex-dolls",1,1,0,0,0,0,1,,0,0,0,0,1,1,,1,1,1,0,0,0,0,1,,0,0,0,0,1,1,,1,0,0,,,,,0,,,,,,0,0,,0
"Product","/products/f4713-165cm5ft4-33kg-regina-i-c-cup-sexy-realistic-adult-realistic-silicone-sex-doll-se-doll",1,1,0,0,0,0,1,,0,0,0,0,1,1,,1,1,1,0,0,0,0,1,,0,0,0,0,1,1,,1,0,0,,,,,0,,,,,,0,0,,0
,"/de/blogs/dolls-info-qustions/how-to-improve-sexual-life-using-sex-dolls-exploring-new-paths-to-happiness-and-intimacy",1,1,0,0,0,0,1,,0,0,0,0,1,1,,1,1,1,0,0,0,0,1,,0,0,0,0,1,1,,1,0,0,,,,,0,,,,,,0,0,,0
"Product","/products/l46850lb-110cm-tpe-sexy-lifesize-sex-doll-legs-qita-doll",1,1,0,0,0,0,3,,0,0,0,169,3,0,,0,1,1,0,0,0,0,3,,0,0,0,169,3,0,,0,0,0,,,,,0,,,,,0,0,,,
"Product","/products/f1636-156cm-5ft1-g-cup-big-breast-realistic-tpe-sex-doll-sy-doll",1,1,0,0,0,0,1,,0,0,0,0,1,1,,1,1,1,0,0,0,0,1,,0,0,0,0,1,1,,1,0,0,,,,,0,,,,,,0,0,,0
,"/de/blogs/dolls-info-qustions/how-to-properly-use-chinese-sex-dolls-a-comprehensive-guide",1,1,0,0,0,0,2,,0,0,0,4,2,0,,0,1,1,0,0,0,0,2,,0,0,0,4,2,0,,0,0,0,,,,,0,,,,,0,0,,,
"Checkout","/checkouts/cn/hWNDDuyCFxFSPuNgf2FfIBuc/en-us",1,1,0,1,0,0,1,0,0,1,0,15,1,0,,0,1,1,0,1,0,0,1,0,0,1,0,15,1,0,,0,0,0,,0,,,0,,,0,,0,0,,,
"Blog Article","/blogs/dolls-info-qustions/swimming-pool-and-hot-tub-sex-guide-the-hidden-risks-and-solutions-behind-romance",1,1,0,0,0,0,1,,0,0,0,0,1,1,,1,1,1,0,0,0,0,1,,0,0,0,0,1,1,,1,0,0,,,,,0,,,,,,0,0,,0
,"/de/blogs/dolls-info-qustions/the-ultimate-guide-to-starpery-sex-dolls-the-realism-and-innovation",1,1,0,0,0,0,2,,0,0,0,34,2,0,,0,1,1,0,0,0,0,2,,0,0,0,34,2,0,,0,0,0,,,,,0,,,,,0,0,,,
"Product","/products/f6286k-167cm-5-48ft-39kg-f-cup-ros-silicone-realistic-sex-doll-weight-reduction-in-stock-usa-ido-doll",1,1,0,0,0,0,1,,0,0,0,0,1,1,,1,1,1,0,0,0,0,1,,0,0,0,0,1,1,,1,0,0,,,,,0,,,,,,0,0,,0
,"/en-ca/blogs/dolls-info-qustions/4-recommended-futa-sex-dolls-a-guide-to-realistic-touch-and-dual-gender-appeal",1,1,0,0,0,0,1,,0,0,0,0,1,1,,1,1,1,0,0,0,0,1,,0,0,0,0,1,1,,1,0,0,,,,,0,,,,,,0,0,,0
"Product","/products/t71",1,1,0,0,0,0,1,,0,0,0,0,1,1,,1,1,1,0,0,0,0,1,,0,0,0,0,1,1,,1,0,0,,,,,0,,,,,,0,0,,0
"Blog Article","/blogs/dolls-info-qustions/hard-silicone-head-vs-soft-silicone-head",1,1,0,0,0,0,8,,0,0,0,928,8,0,,0,1,1,0,0,0,0,8,,0,0,0,928,8,0,,0,0,0,,,,,0,,,,,0,0,,,
"Product","/products/a425-big-ass-realistic-silicone-torso-30-9lb",1,1,0,0,0,0,3,,0,0,0,167,3,0,,0,1,1,0,0,0,0,3,,0,0,0,167,3,0,,0,0,0,,,,,0,,,,,0,0,,,
"Blog Article","/blogs/dolls-info-qustions/the-appeal-of-long-legs-big-butts-and-full-size-sex-doll-recommendations",1,1,0,0,0,0,2,,0,0,0,754,2,0,,0,1,1,0,0,0,0,2,,0,0,0,754,2,0,,0,0,0,,,,,0,,,,,0,0,,,
,"/en-ca/products/f9178-163cm5ft4-35kg-e-cup-silicone-halloween-sex-fuck-dolls%E4%B8%A8doll-senior",1,1,0,0,0,0,1,,0,0,0,0,1,1,,1,1,1,0,0,0,0,1,,0,0,0,0,1,1,,1,0,0,,,,,0,,,,,,0,0,,0
"Collection","/collections/black-hair-sex-doll",1,1,0,0,0,0,1,,0,0,0,0,1,1,,1,1,1,0,0,0,0,1,,0,0,0,0,1,1,,1,0,0,,,,,0,,,,,,0,0,,0
"Product","/products/f7121-155mcm5-1ft-38kg-2-2cf-e-cup-silicone-japanese-cosplay-sex-doll-chunmomo-bezlya-doll",1,1,1,0,0,0,6,,1,0,0,1615,6,0,,0,1,1,1,0,0,0,6,,1,0,0,1615,6,0,,0,0,0,0,,,,0,,0,,,0,0,,,
"Product","/products/f9328-150cm-4ft9-41kg-b-cup-ros-silicone-head-shemale-real-size-sex-doll-doll-castle",1,1,0,0,0,0,1,,0,0,0,0,1,1,,1,1,1,0,0,0,0,1,,0,0,0,0,1,1,,1,0,0,,,,,0,,,,,,0,0,,0
,"/de/collections/tpe-ass",1,1,0,0,0,0,1,,0,0,0,0,1,1,,1,1,1,0,0,0,0,1,,0,0,0,0,1,1,,1,0,0,,,,,0,,,,,,0,0,,0
"Product","/products/t60-20-28lb-7-dildo-cheap-realistic-trans-torso-sex-doll-lightweight-shemale-torso",1,1,1,0,0,0,2,,1,0,0,7,2,0,,0,1,1,1,0,0,0,2,,1,0,0,7,2,0,,0,0,0,0,,,,0,,0,,,0,0,,,
"Product","/products/f4247-159cm5-2ft-27kg-b-cup-anime-tpe-hentai-sex-doll%E4%B8%A8wm-doll",1,1,0,0,0,0,1,,0,0,0,0,1,1,,1,1,1,0,0,0,0,1,,0,0,0,0,1,1,,1,0,0,,,,,0,,,,,,0,0,,0
"Product","/products/t284k-103cm-3ft5-j-cup-natural-sophia-lane-a-silicone-sex-doll-torso-with-head-in-stock-us-se-doll",1,1,0,0,0,0,2,,0,0,0,93,2,0,,0,1,1,0,0,0,0,2,,0,0,0,93,2,0,,0,0,0,,,,,0,,,,,0,0,,,
,"/en-fi/collections/anime-pocket-pussy",1,1,0,0,0,0,3,,0,0,0,179,3,0,,0,1,1,0,0,0,0,3,,0,0,0,179,3,0,,0,0,0,,,,,0,,,,,0,0,,,
"Product","/products/8597887975663",1,1,0,0,0,0,1,,0,0,0,0,1,1,,1,1,1,0,0,0,0,1,,0,0,0,0,1,1,,1,0,0,,,,,0,,,,,,0,0,,0
,"/de/pages/avada-sitemap-products",1,1,0,0,0,0,1,,0,0,0,0,1,1,,1,1,1,0,0,0,0,1,,0,0,0,0,1,1,,1,0,0,,,,,0,,,,,,0,0,,0
"Product","/products/p87-24-3lb-lucy-tan-fuckable-tits-breasts-bbw-chubby-sex-dolls-mrl",1,1,0,0,0,0,1,,0,0,0,0,1,1,,1,1,1,0,0,0,0,1,,0,0,0,0,1,1,,1,0,0,,,,,0,,,,,,0,0,,0
"Collection","/collections/climax",1,1,0,0,0,0,1,,0,0,0,0,1,1,,1,1,1,0,0,0,0,1,,0,0,0,0,1,1,,1,0,0,,,,,0,,,,,,0,0,,0
"Product","/products/f4092-153cm-q-cup-full-silicone-ssbbw-biggest-bbw-sex-doll-castle-doll",1,1,0,0,0,0,1,,0,0,0,0,1,1,,1,1,1,0,0,0,0,1,,0,0,0,0,1,1,,1,0,0,,,,,0,,,,,,0,0,,0
"Product","/products/f9350-sex-doll-in-stock-sex-dolls-usa-galatea-doll",1,1,0,0,0,0,1,,0,0,0,0,1,1,,1,1,1,0,0,0,0,1,,0,0,0,0,1,1,,1,0,0,,,,,0,,,,,,0,0,,0
"Blog Article","/blogs/dolls-info-qustions/2025-five-stylish-and-charming-chinese-sex-doll",1,1,0,0,0,0,2,,0,0,0,40,2,0,,0,1,1,0,0,0,0,2,,0,0,0,40,2,0,,0,0,0,,,,,0,,,,,0,0,,,
"Blog Article","/blogs/dolls-info-qustions/budget-under-200-check-out-these-7-cheap-mini-sex-dolls",1,1,0,0,0,0,1,,0,0,0,0,1,1,,1,1,1,0,0,0,0,1,,0,0,0,0,1,1,,1,0,0,,,,,0,,,,,,0,0,,0
"Blog Article","/blogs/dolls-info-qustions/lets-talk-about-sex-robots-baby",1,1,1,0,0,0,12,,1,0,0,1252,12,0,,0,1,1,1,0,0,0,12,,1,0,0,1252,12,0,,0,0,0,0,,,,0,,0,,,0,0,,,
"Product","/products/590-sex-doll-torso",1,1,0,0,0,0,1,,0,0,0,0,1,1,,1,1,1,0,0,0,0,1,,0,0,0,0,1,1,,1,0,0,,,,,0,,,,,,0,0,,0
"Product","/products/597-12lb-36-5cm-bbw-pear-shaped-saggy-breasts-sex-doll-torso",1,1,0,0,0,0,17,,0,0,0,672,17,0,,0,1,1,0,0,0,0,17,,0,0,0,672,17,0,,0,0,0,,,,,0,,,,,0,0,,,
"Product","/products/f7599-175cm-5ft7-46kg-k-cup-full-silicone-sex-doll-starpery-doll",1,1,0,0,0,0,1,,0,0,0,0,1,1,,1,1,1,0,0,0,0,1,,0,0,0,0,1,1,,1,0,0,,,,,0,,,,,,0,0,,0
,"/en-ca/collections/big-ass-sex-dolls",1,1,0,0,0,0,2,,0,0,0,8,2,0,,0,1,1,0,0,0,0,2,,0,0,0,8,2,0,,0,0,0,,,,,0,,,,,0,0,,,
,"/en-ca/products/f5577-150cm4ft9-33kg-f-cup-life-size-tpe-sex-doll-aibei-doll",1,1,0,0,0,0,1,,0,0,0,0,1,1,,1,1,1,0,0,0,0,1,,0,0,0,0,1,1,,1,0,0,,,,,0,,,,,,0,0,,0
"Product","/products/f2388k-153cm-5ft-g-cup-realistic-bbw-tpe-huge-breast-sex-doll-in-stock-sy-doll",1,1,0,0,0,0,1,,0,0,0,0,1,1,,1,1,1,0,0,0,0,1,,0,0,0,0,1,1,,1,0,0,,,,,0,,,,,,0,0,,0
"Product","/products/f4871-162cm-5ft2-40kg-x-cup-bbs-ssbbw-sex-doll-body-weight-loss-starpery-doll",1,1,0,0,0,0,1,,0,0,0,0,1,1,,1,1,1,0,0,0,0,1,,0,0,0,0,1,1,,1,0,0,,,,,0,,,,,,0,0,,0
"Product","/products/t393-8-9lb-heketa-anime-hentai-sex-doll-ass-mrl",1,1,0,0,0,0,3,,0,0,0,0,3,0,,0,1,1,0,0,0,0,3,,0,0,0,0,3,0,,0,0,0,,,,,0,,,,,,0,,,
,"/en-ca/products/f6011-158cm-5ft2-47kg-c-cup-asian-ros-silicone-sex-doll-shedoll",1,1,0,0,0,0,13,,0,0,0,161,13,0,,0,1,1,0,0,0,0,13,,0,0,0,161,13,0,,0,0,0,,,,,0,,,,,0,0,,,
"Product","/products/t70411-46lb-lifelike-big-penis-male-sex-doll-torso-adult-toys-with-5-9-dildo-for-female-masturbation",1,1,0,0,0,0,4,,0,0,0,27,4,0,,0,1,1,0,0,0,0,4,,0,0,0,27,4,0,,0,0,0,,,,,0,,,,,0,0,,,
"Product","/products/f3295-156cm-5ft132kg-a-cup-tpe-sexy-full-body-young-small-chest-sex-doll-yl-doll",1,1,0,0,0,0,1,,0,0,0,0,1,1,,1,1,1,0,0,0,0,1,,0,0,0,0,1,1,,1,0,0,,,,,0,,,,,,0,0,,0
,"/ja/blogs/recent-brand-updates-new-arrivals-for-sex-dolls/funwest-launches-the-next-generation-torso-sex-doll-with-head-a-new-level-of-realism",1,1,0,0,0,0,1,,0,0,0,0,1,1,,1,1,1,0,0,0,0,1,,0,0,0,0,1,1,,1,0,0,,,,,0,,,,,,0,0,,0
"Blog Article","/blogs/dolls-info-qustions/dress-up-your-male-sex-doll",1,1,0,0,0,0,1,,0,0,0,0,1,1,,1,1,1,0,0,0,0,1,,0,0,0,0,1,1,,1,0,0,,,,,0,,,,,,0,0,,0
"Collection","/collections/galaxy",1,1,0,0,0,0,5,,0,0,0,59,5,0,,0,1,1,0,0,0,0,5,,0,0,0,59,5,0,,0,0,0,,,,,0,,,,,0,0,,,
"Checkout","/checkouts/cn/hWNDEAEZ0bgr0ZeUYdbcGQu9/en-us",1,1,0,1,0,0,2,0,0,1,0,17,2,0,,0,1,1,0,1,0,0,2,0,0,1,0,17,2,0,,0,0,0,,0,,,0,,,0,,0,0,,,
"Product","/products/f5956-165cm5ft4-35kg-b-cup-silicone-ros-flat-chest-asian-celebrity-sex-doll%E4%B8%A8doll-senior",1,1,0,0,0,0,1,,0,0,0,0,1,1,,1,1,1,0,0,0,0,1,,0,0,0,0,1,1,,1,0,0,,,,,0,,,,,,0,0,,0
"Blog Article","/blogs/featured-blog/introducing-sedoll-s-ultra-flex-fingers",1,1,0,0,0,0,1,,0,0,0,0,1,1,,1,1,1,0,0,0,0,1,,0,0,0,0,1,1,,1,0,0,,,,,0,,,,,,0,0,,0
"Product","/products/f7500-164cm-d-cup-lifelike-combat-themed-silicone-sex-doll-galatea-doll",1,1,0,0,0,0,22,,0,0,0,346,22,0,,0,1,1,0,0,0,0,22,,0,0,0,346,22,0,,0,0,0,,,,,0,,,,,0,0,,,
"Product","/products/f4491-159cm5f2-52kg-o-cup-chubby-realistic-tpe-sex-doll-aibei-doll",1,1,0,0,0,0,1,,0,0,0,0,1,1,,1,1,1,0,0,0,0,1,,0,0,0,0,1,1,,1,0,0,,,,,0,,,,,,0,0,,0
,"/ja/cart",1,1,0,0,0,0,1,,0,0,0,0,1,1,,1,1,1,0,0,0,0,1,,0,0,0,0,1,1,,1,0,0,,,,,0,,,,,,0,0,,0
"Product","/products/f4872-162cm-5ft4-51kg-cup-chubby-silicone-ssbbw-sex-doll-irontech-doll",1,1,0,0,0,0,5,,0,0,0,259,5,0,,0,1,1,0,0,0,0,5,,0,0,0,259,5,0,,0,0,0,,,,,0,,,,,0,0,,,
,"/de/collections/sex-doll-torso",1,1,0,0,0,0,10,,0,0,0,2260,10,0,,0,1,1,0,0,0,0,10,,0,0,0,2260,10,0,,0,0,0,,,,,0,,,,,0,0,,,
,"/en-ca/products/t683-24lbsexy-and-real-realistic-ass-sex-doll-torso",1,1,0,0,0,0,9,,0,0,0,986,9,0,,0,1,1,0,0,0,0,9,,0,0,0,986,9,0,,0,0,0,,,,,0,,,,,0,0,,,
"Collection","/collections/home-most-realistic",1,1,0,0,0,0,3,,0,0,0,125,3,0,,0,1,1,0,0,0,0,3,,0,0,0,125,3,0,,0,0,0,,,,,0,,,,,0,0,,,
"Product","/products/f3593-160cm5-2ft-34kg-a-cup-asian-tpe-sex-doll%E4%B8%A8wm-doll",1,1,0,0,0,0,1,,0,0,0,0,1,1,,1,1,1,0,0,0,0,1,,0,0,0,0,1,1,,1,0,0,,,,,0,,,,,,0,0,,0
,"/de/pages/avada-sitemap",1,1,0,0,0,0,1,,0,0,0,0,1,1,,1,1,1,0,0,0,0,1,,0,0,0,0,1,1,,1,0,0,,,,,0,,,,,,0,0,,0
"Blog Article","/blogs/dolls-info-qustions/are-you-really-suitable-for-hentai-sex-dolls-take-the-test-and-start-your-fantasy-journey",1,1,0,0,0,0,3,,0,0,0,163,3,0,,0,1,1,0,0,0,0,3,,0,0,0,163,3,0,,0,0,0,,,,,0,,,,,0,0,,,
,"/en-ca/blogs/dolls-info-qustions/the-5-most-popular-black-sex-doll-brands-of-2025",1,1,0,0,0,0,2,,0,0,0,8,2,0,,0,1,1,0,0,0,0,2,,0,0,0,8,2,0,,0,0,0,,,,,0,,,,,0,0,,,
"Product","/products/f9264-150cm-5ft-27-5kg-silicone-head-anime-full-size-sex-dolls-elsa-babe",1,1,0,0,0,0,20,,0,0,0,829,20,0,,0,1,1,0,0,0,0,20,,0,0,0,829,20,0,,0,0,0,,,,,0,,,,,0,0,,,
,"/en-fi/blogs/dolls-info-qustions/why-do-female-characters-in-anime-often-have-exaggeratedly-large-breasts",1,1,0,0,0,0,3,,0,0,0,106,3,0,,0,1,1,0,0,0,0,3,,0,0,0,106,3,0,,0,0,0,,,,,0,,,,,0,0,,,
"Product","/products/a420-33lbsexy-and-real-realistic-ass",1,1,0,0,0,0,1,,0,0,0,0,1,1,,1,1,1,0,0,0,0,1,,0,0,0,0,1,1,,1,0,0,,,,,0,,,,,,0,0,,0
"Checkout","/60719464687/orders/1056aea27f31b47b3dddd18fc837f4b8",1,1,0,0,0,0,3,,0,0,0,31,3,0,,0,1,1,0,0,0,0,3,,0,0,0,31,3,0,,0,0,0,,,,,0,,,,,0,0,,,
"Checkout","/checkouts/cn/hWNDAEGhYXrgjQfN6RpF92vZ/en-us",1,1,0,1,0,0,1,0,0,1,0,0,1,0,,0,1,1,0,1,0,0,1,0,0,1,0,0,1,0,,0,0,0,,0,,,0,,,0,,,0,,,
,"/en-ca/blogs/featured-blog/over-10-effective-tips-for-drying-sex-doll-torso-vagina-and-anal",1,1,0,0,0,0,1,,0,0,0,0,1,1,,1,1,1,0,0,0,0,1,,0,0,0,0,1,1,,1,0,0,,,,,0,,,,,,0,0,,0
,"/de/blogs/dolls-info-qustions/sexual-health-dolls-and-sexual-violence",1,1,0,0,0,0,1,,0,0,0,0,1,1,,1,1,1,0,0,0,0,1,,0,0,0,0,1,1,,1,0,0,,,,,0,,,,,,0,0,,0
,"/de/blogs/recent-brand-updates-new-arrivals-for-sex-dolls/irontech-ultra-realistic-upgrade-seamless-realism-from-fingertips-to-toes",1,1,0,0,0,0,1,,0,0,0,0,1,1,,1,1,1,0,0,0,0,1,,0,0,0,0,1,1,,1,0,0,,,,,0,,,,,,0,0,,0
"Product","/products/f6129-170cm-5ft6-40kg-d-cup-s11-tpe-silicone-head-sex-doll-sy-doll",1,1,0,0,0,0,2,,0,0,0,133,2,0,,0,1,1,0,0,0,0,2,,0,0,0,133,2,0,,0,0,0,,,,,0,,,,,0,0,,,
"Blog Article","/blogs/dolls-info-qustions/eco-friendly-using-sex-doll",1,1,0,0,0,0,3,,0,0,0,35,3,0,,0,1,1,0,0,0,0,3,,0,0,0,35,3,0,,0,0,0,,,,,0,,,,,0,0,,,
,"/en-ca/collections/in-stock-us",1,1,0,0,0,0,3,,0,0,0,49,3,0,,0,1,1,0,0,0,0,3,,0,0,0,49,3,0,,0,0,0,,,,,0,,,,,0,0,,,
"Product","/products/f8193-150cm-5ft-27-5kg-silicone-anime-sex-",1,1,0,0,0,0,1,,0,0,0,0,1,1,,1,1,1,0,0,0,0,1,,0,0,0,0,1,1,,1,0,0,,,,,0,,,,,,0,0,,0
"Product","/products/f5985-157cm-5ft1-29kg-b-cup-realistic-skinny-tpe-sex-doll-sy-doll",1,1,1,1,0,0,4,0,1,1,0,144,4,0,0,0,1,1,1,1,0,0,4,0,1,1,0,144,4,0,0,0,0,0,0,0,,,0,,0,0,,0,0,,,
,"/ja/collections/ros-sex-doll",1,1,0,0,0,0,1,,0,0,0,0,1,1,,1,1,1,0,0,0,0,1,,0,0,0,0,1,1,,1,0,0,,,,,0,,,,,,0,0,,0
,"/de/blogs/dolls-info-qustions/5-minutes-to-understand-what-a-pocket-pussy-is",1,1,0,0,0,0,1,,0,0,0,0,1,1,,1,1,1,0,0,0,0,1,,0,0,0,0,1,1,,1,0,0,,,,,0,,,,,,0,0,,0
,"/en-ca/collections/bbw-sex-dolls",1,1,0,0,0,0,1,,0,0,0,0,1,1,,1,1,1,0,0,0,0,1,,0,0,0,0,1,1,,1,0,0,,,,,0,,,,,,0,0,,0
"Product","/products/f3748-166cm5ft5-hirono-c-cup-tpe-asian-anime-sports-girl-curves-cute-sex-dolls-se-doll",1,1,0,0,0,0,2,,0,0,0,79,2,0,,0,1,1,0,0,0,0,2,,0,0,0,79,2,0,,0,0,0,,,,,0,,,,,0,0,,,
,"/en-ca/collections/life-size-torso",1,1,0,0,0,0,1,,0,0,0,0,1,1,,1,1,1,0,0,0,0,1,,0,0,0,0,1,1,,1,0,0,,,,,0,,,,,,0,0,,0
,"/ja/blogs/dolls-info-qustions/4-recommended-futa-sex-dolls-a-guide-to-realistic-touch-and-dual-gender-appeal",1,1,0,0,0,0,1,,0,0,0,0,1,1,,1,1,1,0,0,0,0,1,,0,0,0,0,1,1,,1,0,0,,,,,0,,,,,,0,0,,0
"Product","/products/f4780-162cm5-4ft-39-5kg-2-2u-b-cup-asian-real-silicone-chinese-sex-doll-bezlya-doll",1,1,0,0,0,0,56,,0,0,0,1295,56,0,,0,1,1,0,0,0,0,56,,0,0,0,1295,56,0,,0,0,0,,,,,0,,,,,0,0,,,
,"/en-ca/products/f5956-165cm5ft4-35kg-b-cup-silicone-ros-flat-chest-asian-celebrity-sex-doll%E4%B8%A8doll-senior",1,1,0,0,0,0,1,,0,0,0,0,1,1,,1,1,1,0,0,0,0,1,,0,0,0,0,1,1,,1,0,0,,,,,0,,,,,,0,0,,0
,"/en-ca/blogs/dolls-info-qustions/best-vibrating-sex-torso-types-who-it-suits",1,1,0,0,0,0,1,,0,0,0,0,1,1,,1,1,1,0,0,0,0,1,,0,0,0,0,1,1,,1,0,0,,,,,0,,,,,,0,0,,0
"Product","/products/f9214-165cm-5ft5-37kg-d-cup-silicone-christmas-big-boobs-sex-doll-zelex-sle-3-0-zelex-doll",1,1,0,0,0,0,1,,0,0,0,0,1,1,,1,1,1,0,0,0,0,1,,0,0,0,0,1,1,,1,0,0,,,,,0,,,,,,0,0,,0
,"/en-ca/blogs/dolls-info-qustions/4-tips-for-oral-sex-with-blow-job-dolls-to-enhance-your-sexual-experience",1,1,0,0,0,0,1,,0,0,0,0,1,1,,1,1,1,0,0,0,0,1,,0,0,0,0,1,1,,1,0,0,,,,,0,,,,,,0,0,,0
,"/en-ca/products/judy-rona-dildo-male-masturbator-12lb-18cm",1,1,0,0,0,0,5,,0,0,0,111,5,0,,0,1,1,0,0,0,0,5,,0,0,0,111,5,0,,0,0,0,,,,,0,,,,,0,0,,,
,"/ja/blogs/featured-blog/the-best-hyper-realistic-sex-dolls-brands-features-and-buying-guide",1,1,0,0,0,0,1,,0,0,0,0,1,1,,1,1,1,0,0,0,0,1,,0,0,0,0,1,1,,1,0,0,,,,,0,,,,,,0,0,,0
"Blog Article","/blogs/featured-blog/ultimate-guide-to-maintaining-your-silicone-sex-doll-keep-her-realistic-and-lasting-longer",1,1,0,0,0,0,2,,0,0,0,932,2,0,,0,1,1,0,0,0,0,2,,0,0,0,932,2,0,,0,0,0,,,,,0,,,,,0,0,,,
"Product","/products/f7568-157cm-5ft2-54kg-k-cup-tpe-body-silicone-head-sex-doll-lilydoll",1,1,0,0,0,0,2,,0,0,0,67,2,0,,0,1,1,0,0,0,0,2,,0,0,0,67,2,0,,0,0,0,,,,,0,,,,,0,0,,,
"Checkout","/60719464687/orders/d956e5d142470089cf3924be7fd6f120",1,1,0,0,0,0,2,,0,0,0,120,2,0,,0,1,1,0,0,0,0,2,,0,0,0,120,2,0,,0,0,0,,,,,0,,,,,0,0,,,
"Product","/products/f2454-164cm5-4ft-39kg-g-cup-amani-life-size-silicone-head-sex-doll-in-stock-us-sigafun-doll",1,1,0,0,0,0,21,,0,0,0,2440,21,0,,0,1,1,0,0,0,0,21,,0,0,0,2440,21,0,,0,0,0,,,,,0,,,,,0,0,,,
"Collection","/collections/funwest-doll-torso",1,1,0,0,0,0,4,,0,0,0,477,4,0,,0,1,1,0,0,0,0,4,,0,0,0,477,4,0,,0,0,0,,,,,0,,,,,0,0,,,
"Product","/products/f1055-155cm-tpe-sex-doll-fun-west-doll",1,1,1,0,0,0,4,,1,0,0,461,4,0,,0,1,1,1,0,0,0,4,,1,0,0,461,4,0,,0,0,0,0,,,,0,,0,,,0,0,,,
"Product","/products/t267-big-coke-male-sex-dolls-torso-dildo-for-women",1,1,0,0,0,0,2,,0,0,0,12,2,0,,0,1,1,0,0,0,0,2,,0,0,0,12,2,0,,0,0,0,,,,,0,,,,,0,0,,,
,"/en-ca/collections/anime-sex-doll-head",1,1,0,0,0,0,2,,0,0,0,25,2,0,,0,1,1,0,0,0,0,2,,0,0,0,25,2,0,,0,0,0,,,,,0,,,,,0,0,,,
"Collection","/collections/se-doll-videos",1,1,0,0,0,0,46,,0,0,0,1239,46,0,,0,1,1,0,0,0,0,46,,0,0,0,1239,46,0,,0,0,0,,,,,0,,,,,0,0,,,
"Collection","/collections/fake-ass-under-199",1,1,0,0,0,0,2,,0,0,0,15,2,0,,0,1,1,0,0,0,0,2,,0,0,0,15,2,0,,0,0,0,,,,,0,,,,,0,0,,,
,"/ja/collections/vendors",1,1,0,0,0,0,1,,0,0,0,0,1,1,,1,1,1,0,0,0,0,1,,0,0,0,0,1,1,,1,0,0,,,,,0,,,,,,0,0,,0
,"/en-ca/collections/torso-sex-doll-with-gel-breasts",1,1,0,0,0,0,8,,0,0,0,312,8,0,,0,1,1,0,0,0,0,8,,0,0,0,312,8,0,,0,0,0,,,,,0,,,,,0,0,,,
"Product","/products/f5971-160cm-european-celebrity-nude-robot-tactile-feedback-custom",1,1,0,0,0,0,4,,0,0,0,462,4,0,,0,1,1,0,0,0,0,4,,0,0,0,462,4,0,,0,0,0,,,,,0,,,,,0,0,,,
,"/ja/blogs/dolls-info-qustions/se-doll-sex-bot-series-feature-comparison-waist-rotation-vs-hip-thrusting-vs-head-nodding",1,1,0,0,0,0,3,,0,0,0,153,3,0,,0,1,1,0,0,0,0,3,,0,0,0,153,3,0,,0,0,0,,,,,0,,,,,0,0,,,
"Product","/products/f8152-150cm-black-silicone-f-cup-real-lady-sex-dolls",1,1,0,0,0,0,1,,0,0,0,0,1,1,,1,1,1,0,0,0,0,1,,0,0,0,0,1,1,,1,0,0,,,,,0,,,,,,0,0,,0
,"/de/collections/halloween-sex-doll",1,1,0,0,0,0,2,,0,0,0,8,2,0,,0,1,1,0,0,0,0,2,,0,0,0,8,2,0,,0,0,0,,,,,0,,,,,0,0,,,
"Blog Article","/blogs/dolls-info-qustions/is-your-torso-sex-doll-safe-to-use",1,1,0,0,0,0,1,,0,0,0,0,1,1,,1,1,1,0,0,0,0,1,,0,0,0,0,1,1,,1,0,0,,,,,0,,,,,,0,0,,0
"Product","/products/a2-23-8lbs-sex-doll-butt-with-sucking-pussy",1,1,0,0,0,0,3,,0,0,0,15,3,0,,0,1,1,0,0,0,0,3,,0,0,0,15,3,0,,0,0,0,,,,,0,,,,,0,0,,,
,"/en-ca/products/a720-s-tpe-bbw-big-ass-fat-sex-doll-torso",1,1,0,0,0,0,1,,0,0,0,0,1,1,,1,1,1,0,0,0,0,1,,0,0,0,0,1,1,,1,0,0,,,,,0,,,,,,0,0,,0
"Collection","/collections/bezlya-videos",1,1,0,0,0,0,1,,0,0,0,0,1,1,,1,1,1,0,0,0,0,1,,0,0,0,0,1,1,,1,0,0,,,,,0,,,,,,0,0,,0
,"/en-fi/collections/cst-doll",1,1,0,0,0,0,22,,0,0,0,1313,22,0,,0,1,1,0,0,0,0,22,,0,0,0,1313,22,0,,0,0,0,,,,,0,,,,,0,0,,,
"Product","/products/f5523-168cm5-5ft-39kg-h-cup-r3-life-size-silicone-sex-doll-real-lady",1,1,0,0,0,0,1,,0,0,0,0,1,1,,1,1,1,0,0,0,0,1,,0,0,0,0,1,1,,1,0,0,,,,,0,,,,,,0,0,,0
"Collection","/collections/all/f-cup",1,1,0,0,0,0,1,,0,0,0,0,1,1,,1,1,1,0,0,0,0,1,,0,0,0,0,1,1,,1,0,0,,,,,0,,,,,,0,0,,0
,"/en-ca/products/f4929-166cm-sexbot-vine-talk-ai-silicone-head-wm-doll",1,1,1,0,0,0,2,,1,0,0,179,2,0,,0,1,1,1,0,0,0,2,,1,0,0,179,2,0,,0,0,0,0,,,,0,,0,,,0,0,,,
,"/de/pages/celebrity-sex-doll-guide",1,1,0,0,0,0,3,,0,0,0,20,3,0,,0,1,1,0,0,0,0,3,,0,0,0,20,3,0,,0,0,0,,,,,0,,,,,0,0,,,
,"/en-ca/blogs/dolls-info-qustions/%F0%9F%92%A1-the-ultimate-guide-to-tantaly-revolutionary-sex-dolls-that-redefine-pleasure",1,1,0,0,0,0,2,,0,0,0,423,2,0,,0,1,1,0,0,0,0,2,,0,0,0,423,2,0,,0,0,0,,,,,0,,,,,0,0,,,
"Product","/products/a602-19lb-sexy-and-real-realistic-3d-ass-sex-doll-torso-%E7%9A%84%E5%89%AF%E6%9C%AC",1,1,0,0,0,0,1,,0,0,0,0,1,1,,1,1,1,0,0,0,0,1,,0,0,0,0,1,1,,1,0,0,,,,,0,,,,,,0,0,,0
"Collection","/collections/sex-doll-with-papaya-breast-pear-shaped-breast",1,1,0,0,0,0,1,,0,0,0,0,1,1,,1,1,1,0,0,0,0,1,,0,0,0,0,1,1,,1,0,0,,,,,0,,,,,,0,0,,0
"Product","/products/f9329-150cm-4ft9-41kg-b-cup-ros-silicone-head-shemale-live-sex-doll-doll-castle",1,1,0,0,0,0,12,,0,0,0,775,12,0,,0,1,1,0,0,0,0,12,,0,0,0,775,12,0,,0,0,0,,,,,0,,,,,0,0,,,
,"/en-ca/products/f3420-158cm5f2-28kg-a-cup-flat-chest-tpe-sex-doll-aibei-doll",1,1,0,0,0,0,1,,0,0,0,0,1,1,,1,1,1,0,0,0,0,1,,0,0,0,0,1,1,,1,0,0,,,,,0,,,,,,0,0,,0
,"/en-fi/collections/japanese-milf-sex-doll",1,1,0,0,0,0,3,,0,0,0,12,3,0,,0,1,1,0,0,0,0,3,,0,0,0,12,3,0,,0,0,0,,,,,0,,,,,0,0,,,
"Product","/products/t1357-3lb-black-gel-breast-luxury-big-boobs-bbw-sex-doll-torso-in-stock-usa-climax-doll",1,1,0,0,0,0,2,,0,0,0,80,2,0,,0,1,1,0,0,0,0,2,,0,0,0,80,2,0,,0,0,0,,,,,0,,,,,0,0,,,
"Product","/products/a409-big-ass-tpe-sex-torso-17-6lb-dual-entry",1,1,0,0,0,0,5,,0,0,0,54,5,0,,0,1,1,0,0,0,0,5,,0,0,0,54,5,0,,0,0,0,,,,,0,,,,,0,0,,,
"Blog Article","/blogs/featured-blog/real-lady-doll-ss-makeup",1,1,0,0,0,0,1,,0,0,0,0,1,1,,1,1,1,0,0,0,0,1,,0,0,0,0,1,1,,1,0,0,,,,,0,,,,,,0,0,,0
"Blog Article","/blogs/dolls-info-qustions/frequently-asked-questions-about-lifelike-foot-sex-toys",1,1,0,0,0,0,1,,0,0,0,0,1,1,,1,1,1,0,0,0,0,1,,0,0,0,0,1,1,,1,0,0,,,,,0,,,,,,0,0,,0
"Collection","/collections/buying-first-sex-doll",1,1,0,0,0,0,2,,0,0,0,6,2,0,,0,1,1,0,0,0,0,2,,0,0,0,6,2,0,,0,0,0,,,,,0,,,,,0,0,,,
"Product","/products/f3468-158cm5f2-32kg-h-cup-big-breast-tpe-sex-doll-in-stock-usa-aibei-doll",1,1,0,0,0,0,1,,0,0,0,0,1,1,,1,1,1,0,0,0,0,1,,0,0,0,0,1,1,,1,0,0,,,,,0,,,,,,0,0,,0
"Collection","/collections/yateaolai",1,1,0,0,0,0,1,,0,0,0,0,1,1,,1,1,1,0,0,0,0,1,,0,0,0,0,1,1,,1,0,0,,,,,0,,,,,,0,0,,0
"Product","/products/v321-silicone-sexy-feet-worship-toy-feet-fleshlight-for-adults",1,1,0,0,0,0,2,,0,0,0,17,2,0,,0,1,1,0,0,0,0,2,,0,0,0,17,2,0,,0,0,0,,,,,0,,,,,0,0,,,
"Checkout","/checkouts/do/bdaae17b03a8e04377d882ab5f04e08c/en",1,1,0,0,1,1,3,,0,0,0,89,3,0,,0,1,1,0,0,1,1,3,,0,0,0,89,3,0,,0,0,0,,,0,0,0,,,,,0,0,,,
,"/de/collections/firefly-diary",1,1,0,0,0,0,1,,0,0,0,0,1,1,,1,1,1,0,0,0,0,1,,0,0,0,0,1,1,,1,0,0,,,,,0,,,,,,0,0,,0
"Product","/products/p380-3-32-lbs-anime-fake-pussy-medusa-silicone-hentai-sex-doll-mrl",1,1,0,0,0,0,2,,0,0,0,248,2,0,,0,1,1,0,0,0,0,2,,0,0,0,248,2,0,,0,0,0,,,,,0,,,,,0,0,,,
,"/en-fi/products/f9196-165cm5ft4-32kg-f-cup-silicone-gel-breast-life-size-sex-doll%E4%B8%A8doll-senior",1,1,0,0,0,0,2,,0,0,0,47,2,0,,0,1,1,0,0,0,0,2,,0,0,0,47,2,0,,0,0,0,,,,,0,,,,,0,0,,,
,"/ja/products/9378396405999",1,1,0,0,0,0,1,,0,0,0,0,1,1,,1,1,1,0,0,0,0,1,,0,0,0,0,1,1,,1,0,0,,,,,0,,,,,,0,0,,0
"Blog Article","/blogs/dolls-info-qustions/dont-buy-blindly-lingerie-recommendations-for-bbw-sex-dolls",1,1,0,0,0,0,1,,0,0,0,0,1,1,,1,1,1,0,0,0,0,1,,0,0,0,0,1,1,,1,0,0,,,,,0,,,,,,0,0,,0
,"/de/collections/ros-sex-doll",1,1,0,0,0,0,7,,0,0,0,763,7,0,,0,1,1,0,0,0,0,7,,0,0,0,763,7,0,,0,0,0,,,,,0,,,,,0,0,,,
"Product","/products/v335-ultra-soft-silicone-feet-real-feel-footjob-sex-toy-with-flexible-toes",1,1,0,0,0,0,1,,0,0,0,0,1,1,,1,1,1,0,0,0,0,1,,0,0,0,0,1,1,,1,0,0,,,,,0,,,,,,0,0,,0
,"/de/cart",1,1,0,0,0,0,1,,0,0,0,0,1,1,,1,1,1,0,0,0,0,1,,0,0,0,0,1,1,,1,0,0,,,,,0,,,,,,0,0,,0
"Blog Article","/blogs/dolls-info-qustions/why-are-female-sex-dolls-more-popular-than-male-sex-dolls",1,1,0,0,0,0,1,,0,0,0,0,1,1,,1,1,1,0,0,0,0,1,,0,0,0,0,1,1,,1,0,0,,,,,0,,,,,,0,0,,0
"Collection","/collections/sex-doll-with-5-robot-feathers",1,1,0,0,0,0,1,,0,0,0,0,1,1,,1,1,1,0,0,0,0,1,,0,0,0,0,1,1,,1,0,0,,,,,0,,,,,,0,0,,0
"Blog Article","/blogs/dolls-info-qustions/sedoll-sex-doll-torso-custom-upgrade-gel-butt-experience-explained",1,1,0,0,0,0,1,,0,0,0,0,1,1,,1,1,1,0,0,0,0,1,,0,0,0,0,1,1,,1,0,0,,,,,0,,,,,,0,0,,0
,"/en-ca/products/f9180-165cm5ft4-35kg-b-cup-silicone-halloween-flat-chest-sex-doll-vigina%E4%B8%A8doll-senior",1,1,0,0,0,0,1,,0,0,0,0,1,1,,1,1,1,0,0,0,0,1,,0,0,0,0,1,1,,1,0,0,,,,,0,,,,,,0,0,,0
,"/en-fi/products/9393182310639",1,1,0,0,0,0,1,,0,0,0,0,1,1,,1,1,1,0,0,0,0,1,,0,0,0,0,1,1,,1,0,0,,,,,0,,,,,,0,0,,0
,"/en-ca/collections/aitia",1,1,0,0,0,0,1,,0,0,0,0,1,1,,1,1,1,0,0,0,0,1,,0,0,0,0,1,1,,1,0,0,,,,,0,,,,,,0,0,,0
,"/en-ca/products/f2266-163cm-f-cup-lena-silicone-sex-doll-normon-doll",1,1,0,0,0,0,6,,0,0,0,237,6,0,,0,1,1,0,0,0,0,6,,0,0,0,237,6,0,,0,0,0,,,,,0,,,,,0,0,,,
"Blog Article","/blogs/dolls-info-qustions/decision-fatigue-the-ultimate-2025-guide-to-choosing-the-best-sex-doll-brand",1,1,0,0,0,0,1,,0,0,0,0,1,1,,1,1,1,0,0,0,0,1,,0,0,0,0,1,1,,1,0,0,,,,,0,,,,,,0,0,,0
"Product","/products/f4769-160cm5-3ft-34kg-2-1-b-cup-asian-real-silicone-chinese-sex-doll-bezlya-doll",1,1,0,0,0,0,6,,0,0,0,635,6,0,,0,1,1,0,0,0,0,6,,0,0,0,635,6,0,,0,0,0,,,,,0,,,,,0,0,,,
"Product","/products/45cm-tpr-luxury-sex-doll-torso-with-sexy-small-waist-514-sex-doll-torso",1,1,0,0,0,0,1,,0,0,0,0,1,1,,1,1,1,0,0,0,0,1,,0,0,0,0,1,1,,1,0,0,,,,,0,,,,,,0,0,,0
"Product","/products/d4240-8-lbs%E4%B8%A87-44-realistic-silicone-dildo-with-veined-texture-and-suction-cup-base",1,1,0,0,0,0,1,,0,0,0,0,1,1,,1,1,1,0,0,0,0,1,,0,0,0,0,1,1,,1,0,0,,,,,0,,,,,,0,0,,0
"Collection","/collections/in-stock-sex-doll-heads",1,1,0,0,0,0,1,,0,0,0,0,1,1,,1,1,1,0,0,0,0,1,,0,0,0,0,1,1,,1,0,0,,,,,0,,,,,,0,0,,0
"Collection","/collections/g-cup-sex-dolls",1,1,0,0,0,0,7,,0,0,0,1752,7,0,,0,1,1,0,0,0,0,7,,0,0,0,1752,7,0,,0,0,0,,,,,0,,,,,0,0,,,
"Product","/products/f7890-13-4kg-silicone-cute-furry-sex-doll-pamick-mrl",1,1,0,0,0,0,1,,0,0,0,0,1,1,,1,1,1,0,0,0,0,1,,0,0,0,0,1,1,,1,0,0,,,,,0,,,,,,0,0,,0
,"/en-ca/products/f1971k-164cm-f-cup-locy-big-boobs-doll-irontech-doll",1,1,0,0,0,0,2,,0,0,0,37,2,0,,0,1,1,0,0,0,0,2,,0,0,0,37,2,0,,0,0,0,,,,,0,,,,,0,0,,,
"Blog Article","/blogs/dolls-info-qustions/sex-toys-and-sexually-transmitted-infections-key-things-you-should-know",1,1,0,0,0,0,1,,0,0,0,0,1,1,,1,1,1,0,0,0,0,1,,0,0,0,0,1,1,,1,0,0,,,,,0,,,,,,0,0,,0
"Blog Article","/blogs/dolls-info-qustions/the-hidden-risks-behind-used-nbsp-sex-dolls-would-you-still-buy-one",1,1,0,0,0,0,3,,0,0,0,272,3,0,,0,1,1,0,0,0,0,3,,0,0,0,272,3,0,,0,0,0,,,,,0,,,,,0,0,,,
"Product","/products/f7583k-163cm-5ft3-g-cup-silicone-live-size-doll-starpery-doll",1,1,0,0,0,0,3,,0,0,0,574,3,0,,0,1,1,0,0,0,0,3,,0,0,0,574,3,0,,0,0,0,,,,,0,,,,,0,0,,,
"Product","/products/firefly-diary-a-cup-silicone-cute-young-asian-151cm",1,1,0,0,0,0,1,,0,0,0,0,1,1,,1,1,1,0,0,0,0,1,,0,0,0,0,1,1,,1,0,0,,,,,0,,,,,,0,0,,0
,"/en-fi/collections/silicone-sex-dolls",1,1,0,0,0,0,1,,0,0,0,0,1,1,,1,1,1,0,0,0,0,1,,0,0,0,0,1,1,,1,0,0,,,,,0,,,,,,0,0,,0
,"/en-fi/blogs/real-sex-doll-reviews-pros-cons-real-usage-tests/7-top-brands-of-silicone-sex-dolls-jelly-breast-experience-which-is-the-softest-and-most-realistic",1,1,0,0,0,0,1,,0,0,0,0,1,1,,1,1,1,0,0,0,0,1,,0,0,0,0,1,1,,1,0,0,,,,,0,,,,,,0,0,,0
"Blog Article","/blogs/dolls-info-qustions/vajankle-vs-fake-pussy-what-s-the-difference-5",1,1,0,0,0,0,3,,0,0,0,238,3,0,,0,1,1,0,0,0,0,3,,0,0,0,238,3,0,,0,0,0,,,,,0,,,,,0,0,,,
"Product","/products/h1103-alien-sex-doll-head",1,1,0,0,0,0,1,,0,0,0,0,1,1,,1,1,1,0,0,0,0,1,,0,0,0,0,1,1,,1,0,0,,,,,0,,,,,,0,0,,0
"Collection","/collections/under-299",1,1,0,0,0,0,8,,0,0,0,39,8,0,,0,1,1,0,0,0,0,8,,0,0,0,39,8,0,,0,0,0,,,,,0,,,,,0,0,,,
"Product","/products/f1063-162cm-tpe-sex-doll-fun-west-doll",1,1,0,0,0,0,3,,0,0,0,23,3,0,,0,1,1,0,0,0,0,3,,0,0,0,23,3,0,,0,0,0,,,,,0,,,,,0,0,,,
,"/en-ca/products/t232-20-3lb-big-breast-torso-dildo-bisexual-torso",1,1,0,0,0,0,6,,0,0,0,284,6,0,,0,1,1,0,0,0,0,6,,0,0,0,284,6,0,,0,0,0,,,,,0,,,,,0,0,,,
"Product","/products/climax-doll-60cm-life-size-sex-doll-torso-t742",1,1,0,0,0,0,2,,0,0,0,38,2,0,,0,1,1,0,0,0,0,2,,0,0,0,38,2,0,,0,0,0,,,,,0,,,,,0,0,,,
"Product","/products/t8-luxury-lifesize-bbw-sex-doll-torso-black-skin-color",1,1,0,0,0,0,1,,0,0,0,0,1,1,,1,1,1,0,0,0,0,1,,0,0,0,0,1,1,,1,0,0,,,,,0,,,,,,0,0,,0
"Blog Article","/blogs/dolls-info-qustions/empowering-pleasure-a-guide-to-beginner-friendly-sex-toys-for-women-1",1,1,0,0,0,0,1,,0,0,0,0,1,1,,1,1,1,0,0,0,0,1,,0,0,0,0,1,1,,1,0,0,,,,,0,,,,,,0,0,,0
,"/en-ca/blogs/featured-blog/the-4-technical-features-about-sex-doll-skeleton",1,1,0,0,0,0,1,,0,0,0,0,1,1,,1,1,1,0,0,0,0,1,,0,0,0,0,1,1,,1,0,0,,,,,0,,,,,,0,0,,0
"Collection","/collections/20-off-life-size-sex-dolls",1,1,0,0,0,0,1,,0,0,0,0,1,1,,1,1,1,0,0,0,0,1,,0,0,0,0,1,1,,1,0,0,,,,,0,,,,,,0,0,,0
"Custom Page","/pages/win-linkdolls-discout-code",1,1,0,0,0,0,1,,0,0,0,0,1,1,,1,1,1,0,0,0,0,1,,0,0,0,0,1,1,,1,0,0,,,,,0,,,,,,0,0,,0
"Checkout","/60719464687/orders/e8355f28f7e62285feb88223e74618a0",1,1,0,0,0,0,2,,0,0,0,44,2,0,,0,1,1,0,0,0,0,2,,0,0,0,44,2,0,,0,0,0,,,,,0,,,,,0,0,,,
,"/en-ca/blogs/dolls-info-qustions/the-best-asian-sex-doll-bezlya-sex-doll-2-2u-series-function-analysis",1,1,0,0,0,0,2,,0,0,0,19,2,0,,0,1,1,0,0,0,0,2,,0,0,0,19,2,0,,0,0,0,,,,,0,,,,,0,0,,,
"Product","/products/f8554-158cm-5ft2-28kg-d-cup-real-lady-silicone-adult-full-size-sex-doll-t41-top-fire-doll",1,1,0,0,0,0,1,,0,0,0,1,1,1,,1,1,1,0,0,0,0,1,,0,0,0,1,1,1,,1,0,0,,,,,0,,,,,0,0,0,,0
,"/en-ca/collections/climax-doll-lightweight-series",1,1,0,0,0,0,6,,0,0,0,65,6,0,,0,1,1,0,0,0,0,6,,0,0,0,65,6,0,,0,0,0,,,,,0,,,,,0,0,,,
"Product","/products/f1456-164cm5f4-42kg-g-cup-muscular-tpe-sex-doll-in-stock-usa-aibei-doll",1,1,0,0,0,0,46,,0,0,0,1797,46,0,,0,1,1,0,0,0,0,46,,0,0,0,1797,46,0,,0,0,0,,,,,0,,,,,0,0,,,
,"/en-ca/blogs/featured-blog/guide-to-customizing-the-perfect-irontech-doll",1,1,0,0,0,0,1,,0,0,0,0,1,1,,1,1,1,0,0,0,0,1,,0,0,0,0,1,1,,1,0,0,,,,,0,,,,,,0,0,,0
"Product","/products/h434-ros-free-hair-impants-real-oral-movable-jaw-silicone-sex-doll-head-sy-doll",1,1,0,0,0,0,1,,0,0,0,0,1,1,,1,1,1,0,0,0,0,1,,0,0,0,0,1,1,,1,0,0,,,,,0,,,,,,0,0,,0
"Product","/products/l47048-5lb-110cm-tpe-doggystyle-long-legs-sex-doll-qita-doll",1,1,0,0,0,0,6,,0,0,0,23,6,0,,0,1,1,0,0,0,0,6,,0,0,0,23,6,0,,0,0,0,,,,,0,,,,,0,0,,,
"Product","/products/l649-50-7lbs-110cm-sexy-silicone-sex-doll-legs-with-lifelike-hips-yeloly",1,1,0,0,0,0,1,,0,0,0,0,1,1,,1,1,1,0,0,0,0,1,,0,0,0,0,1,1,,1,0,0,,,,,0,,,,,,0,0,,0
"Collection","/collections/huge-breast-torso-sex-doll-with-head",1,1,0,0,0,0,2,,0,0,0,8,2,0,,0,1,1,0,0,0,0,2,,0,0,0,8,2,0,,0,0,0,,,,,0,,,,,0,0,,,
"Collection","/collections/aibei-doll-silicone",1,1,0,0,0,0,3,,0,0,0,52,3,0,,0,1,1,0,0,0,0,3,,0,0,0,52,3,0,,0,0,0,,,,,0,,,,,0,0,,,
"Checkout","/checkouts/cn/hWNDEDx49YtuSF9jQ2zv6jOz/en-us",1,1,0,0,0,0,1,,0,0,0,0,1,1,,1,1,1,0,0,0,0,1,,0,0,0,0,1,1,,1,0,0,,,,,0,,,,,,0,0,,0
,"/en-ca/products/f4092-153cm-q-cup-full-silicone-ssbbw-biggest-bbw-sex-doll-castle-doll",1,1,0,0,0,0,6,,0,0,0,274,6,0,,0,1,1,0,0,0,0,6,,0,0,0,274,6,0,,0,0,0,,,,,0,,,,,0,0,,,
"Custom Page","/pages/funwest-video",1,1,0,0,0,0,2,,0,0,0,75,2,0,,0,1,1,0,0,0,0,2,,0,0,0,75,2,0,,0,0,0,,,,,0,,,,,0,0,,,
"Product","/products/p76-44lb-15-7-huge-cock-trans-torso-hentai-shemale-futa-sex-doll-torso-mrl",1,1,0,0,0,0,2,,0,0,0,840,2,0,,0,1,1,0,0,0,0,2,,0,0,0,840,2,0,,0,0,0,,,,,0,,,,,0,0,,,
"Collection","/collections/sex-doll-best-seller",1,1,0,0,0,0,58,,0,0,0,1132,58,0,,0,1,1,0,0,0,0,58,,0,0,0,1132,58,0,,0,0,0,,,,,0,,,,,0,0,,,
,"/en-ca/products/p79-11-02lb-hentai-best-mini-bbw-sex-doll-torso-mrl",1,1,0,0,0,0,17,,0,0,0,466,17,0,,0,1,1,0,0,0,0,17,,0,0,0,466,17,0,,0,0,0,,,,,0,,,,,0,0,,,
"Product","/products/a647-17-6lbs-scaly-fantasy-butt-silicone-ass",1,1,0,0,0,0,2,,0,0,0,1,2,0,,0,1,1,0,0,0,0,2,,0,0,0,1,2,0,,0,0,0,,,,,0,,,,,0,0,,,
,"/en-ca/collections/mini-hentai-sex-doll",1,1,1,1,1,1,9,1,1,1,1,348,9,0,1,0,1,1,1,1,1,1,9,1,1,1,1,348,9,0,1,0,0,0,0,0,0,0,0,0,0,0,0,0,0,,0,
"Product","/products/h1108-ros-silicone-real-oral-sex-doll-head-irontech-doll-brand",1,1,0,0,0,0,4,,0,0,0,1208,4,0,,0,1,1,0,0,0,0,4,,0,0,0,1208,4,0,,0,0,0,,,,,0,,,,,0,0,,,
"Product","/products/t1534lbs-luxury-black-silicone-torso-sex-doll-with-huge-breasts-cliamx-doll",1,1,0,0,0,0,10,,0,0,0,856,10,0,,0,1,1,0,0,0,0,10,,0,0,0,856,10,0,,0,0,0,,,,,0,,,,,0,0,,,
,"/en-ca/products/f1022-155cm-tpe-sex-doll-fun-west-doll",1,1,0,0,0,0,1,,0,0,0,0,1,1,,1,1,1,0,0,0,0,1,,0,0,0,0,1,1,,1,0,0,,,,,0,,,,,,0,0,,0
"Product","/products/f3874-166cm-5ft5-a-cup-super-thick-lips-black-tpe-sex-doll-hr-doll",1,1,0,0,0,0,8,,0,0,0,1040,8,0,,0,1,1,0,0,0,0,8,,0,0,0,1040,8,0,,0,0,0,,,,,0,,,,,0,0,,,
,"/de/products/f9000-160cm-5-2ft-36kg-c-cup-tpe-silicone-head-asian-celebrity-sex-doll-sy-doll",1,1,0,0,0,0,1,,0,0,0,0,1,1,,1,1,1,0,0,0,0,1,,0,0,0,0,1,1,,1,0,0,,,,,0,,,,,,0,0,,0
"Product","/products/591sex-doll-torso",1,1,0,0,0,0,1,,0,0,0,0,1,1,,1,1,1,0,0,0,0,1,,0,0,0,0,1,1,,1,0,0,,,,,0,,,,,,0,0,,0
,"/en-ca/blogs/dolls-info-qustions/budget-under-200-check-out-these-7-cheap-mini-sex-dolls",1,1,0,0,0,0,1,,0,0,0,0,1,1,,1,1,1,0,0,0,0,1,,0,0,0,0,1,1,,1,0,0,,,,,0,,,,,,0,0,,0
"Product","/products/t357-113cm-53lbs-d-cup-realistic-skin-silicone-sex-doll-torso-with-head-funwest-doll",1,1,0,0,0,0,2,,0,0,0,16,2,0,,0,1,1,0,0,0,0,2,,0,0,0,16,2,0,,0,0,0,,,,,0,,,,,0,0,,,
"Product","/products/f9403-mini-anime-silicone-alien-sex-doll-g-cup-38kg",1,1,0,0,0,0,1,,0,0,0,0,1,1,,1,1,1,0,0,0,0,1,,0,0,0,0,1,1,,1,0,0,,,,,0,,,,,,0,0,,0
,"/en-ca/products/f6056-168cm-5ft5-47kg-d-cup-asian-silicone-sex-doll-shedoll",1,1,0,0,0,0,1,,0,0,0,0,1,1,,1,1,1,0,0,0,0,1,,0,0,0,0,1,1,,1,0,0,,,,,0,,,,,,0,0,,0
,"/en-ca/collections/life-size-ass",1,1,0,0,0,0,3,,0,0,0,105,3,0,,0,1,1,0,0,0,0,3,,0,0,0,105,3,0,,0,0,0,,,,,0,,,,,0,0,,,
,"/en-ca/collections/fit-sex-doll",1,1,0,0,0,0,1,,0,0,0,0,1,1,,1,1,1,0,0,0,0,1,,0,0,0,0,1,1,,1,0,0,,,,,0,,,,,,0,0,,0
,"/en-ca/collections/funwest-doll-factory-photos",1,1,0,0,0,0,1,,0,0,0,0,1,1,,1,1,1,0,0,0,0,1,,0,0,0,0,1,1,,1,0,0,,,,,0,,,,,,0,0,,0
,"/en-ca/products/f3749-166cm5ft5-bonnie-c-cup-tpe-european-teen-girls-young-cute-sex-dolls-se-doll",1,1,0,0,0,0,8,,0,0,0,58,8,0,,0,1,1,0,0,0,0,8,,0,0,0,58,8,0,,0,0,0,,,,,0,,,,,0,0,,,
"Product","/products/f2314-157cm5-2ft-g-cup-rose-big-boobs-tpe-sex-doll-in-stock-usa-fun-west-doll",1,1,0,0,0,0,20,,0,0,0,1427,20,0,,0,1,1,0,0,0,0,20,,0,0,0,1427,20,0,,0,0,0,,,,,0,,,,,0,0,,,
"Product","/products/f4817-161cm-5ft346kg-m-cup-sexy-silicone-ros-bbw-chubby-sex-doll-hr-doll",1,1,0,0,0,0,11,,0,0,0,563,11,0,,0,1,1,0,0,0,0,11,,0,0,0,563,11,0,,0,0,0,,,,,0,,,,,0,0,,,
"Blog Article","/blogs/featured-blog/the-science-behind-sex-doll-weight-reduction-why-lighter-better",1,1,0,0,0,0,1,,0,0,0,0,1,1,,1,1,1,0,0,0,0,1,,0,0,0,0,1,1,,1,0,0,,,,,0,,,,,,0,0,,0
"Collection","/collections/wm-doll-factory-photos",1,1,0,0,0,0,10,,0,0,0,215,10,0,,0,1,1,0,0,0,0,10,,0,0,0,215,10,0,,0,0,0,,,,,0,,,,,0,0,,,
,"/en-ca/blogs/dolls-info-qustions/in-depth-review-of-chunmomo-bezlya-collaborative-celebrity-sex-doll",1,1,0,0,0,0,2,,0,0,0,1378,2,0,,0,1,1,0,0,0,0,2,,0,0,0,1378,2,0,,0,0,0,,,,,0,,,,,0,0,,,
,"/ja/collections/torso-sex-dolls",1,1,0,0,0,0,2,,0,0,0,279,2,0,,0,1,1,0,0,0,0,2,,0,0,0,279,2,0,,0,0,0,,,,,0,,,,,0,0,,,
,"/en-ca/products/f2070-168cm5-5ft-41-6kg-f-cup-european-tpe-sex-doll%E4%B8%A8wm-doll",1,1,0,0,0,0,1,,0,0,0,0,1,1,,1,1,1,0,0,0,0,1,,0,0,0,0,1,1,,1,0,0,,,,,0,,,,,,0,0,,0
"Collection","/collections/qian-you",1,1,0,0,0,0,1,,0,0,0,0,1,1,,1,1,1,0,0,0,0,1,,0,0,0,0,1,1,,1,0,0,,,,,0,,,,,,0,0,,0
"Product","/products/h1031-silicone-sex-doll-head%E4%B8%A8aibei-doll-head",1,1,0,0,0,0,1,,0,0,0,0,1,1,,1,1,1,0,0,0,0,1,,0,0,0,0,1,1,,1,0,0,,,,,0,,,,,,0,0,,0
"Product","/products/f2152-160cm5-2ft-34kg-a-cup-skinny-tpe-sex-doll%E4%B8%A8wm-doll",1,1,0,0,0,0,1,,0,0,0,0,1,1,,1,1,1,0,0,0,0,1,,0,0,0,0,1,1,,1,0,0,,,,,0,,,,,,0,0,,0
,"/ja/collections/lusandy-doll-factory-photos",1,1,0,0,0,0,1,,0,0,0,0,1,1,,1,1,1,0,0,0,0,1,,0,0,0,0,1,1,,1,0,0,,,,,0,,,,,,0,0,,0
,"/de/collections/mini-bbw-sex-doll",1,1,0,0,0,0,1,,0,0,0,0,1,1,,1,1,1,0,0,0,0,1,,0,0,0,0,1,1,,1,0,0,,,,,0,,,,,,0,0,,0
,"/de/blogs/full-sex-doll-blog/",1,1,0,0,0,0,1,,0,0,0,0,1,1,,1,1,1,0,0,0,0,1,,0,0,0,0,1,1,,1,0,0,,,,,0,,,,,,0,0,,0
"Product","/products/f2558-159cm5-2ft-37kg-a-cup-youthful-look-realistic-silicone-sex-doll-fun-west-doll",1,1,0,0,0,0,4,,0,0,0,1,4,0,,0,1,1,0,0,0,0,4,,0,0,0,1,4,0,,0,0,0,,,,,0,,,,,0,0,,,
"Product","/products/f541-161cm-bbw-sex-doll-starpery-doll",1,1,0,0,0,0,16,,0,0,0,1097,16,0,,0,1,1,0,0,0,0,16,,0,0,0,1097,16,0,,0,0,0,,,,,0,,,,,0,0,,,
"Product","/products/f6122-150cm-4ft9-29kg-a-cup-ros-flat-chested-movable-jew-elf-silicone-small-alien-sex-doll-sy-doll",1,1,0,0,0,0,1,,0,0,0,0,1,1,,1,1,1,0,0,0,0,1,,0,0,0,0,1,1,,1,0,0,,,,,0,,,,,,0,0,,0
,"/ja/collections/full-femboy-sex-doll",1,1,0,0,0,0,3,,0,0,0,26,3,0,,0,1,1,0,0,0,0,3,,0,0,0,26,3,0,,0,0,0,,,,,0,,,,,0,0,,,
,"/en-fi/collections/black-pocket-pussy",1,1,0,0,0,0,1,,0,0,0,0,1,1,,1,1,1,0,0,0,0,1,,0,0,0,0,1,1,,1,0,0,,,,,0,,,,,,0,0,,0
,"/en-ca/products/a682-big-ass-torso-silicone-19lb-sucking-vibration",1,1,1,1,1,1,4,1,1,1,1,198,4,0,1,0,1,1,1,1,1,1,4,1,1,1,1,198,4,0,1,0,0,0,0,0,0,0,0,0,0,0,0,0,0,,0,
"Product","/products/p388-mrl-furry-futa-hentai-sex-doll-realistic-anime-character-pocket-pussy-4-2lb",1,1,0,0,0,0,8,,0,0,0,287,8,0,,0,1,1,0,0,0,0,8,,0,0,0,287,8,0,,0,0,0,,,,,0,,,,,0,0,,,
,"/en-ca/products/f1438-160cm5f3-39kg-f-cup-chinese-chubby-tpe-sex-doll-aibei-doll",1,1,0,0,0,0,35,,0,0,0,1363,35,0,,0,1,1,0,0,0,0,35,,0,0,0,1363,35,0,,0,0,0,,,,,0,,,,,0,0,,,
,"/en-ca/blogs/recent-brand-updates-new-arrivals-for-sex-dolls/mrl-fantasy-sex-toys-realistic-anime-furry-and-monster-girl-torso-collection",1,1,0,0,0,0,1,,0,0,0,0,1,1,,1,1,1,0,0,0,0,1,,0,0,0,0,1,1,,1,0,0,,,,,0,,,,,,0,0,,0
"Product","/products/t612-54-5lb-freya-tpe-bbw-big-tits-love-sex-doll-fantasy-sex-doll%E4%B8%A8tantaly",1,1,0,0,0,0,1,,0,0,0,0,1,1,,1,1,1,0,0,0,0,1,,0,0,0,0,1,1,,1,0,0,,,,,0,,,,,,0,0,,0
"Collection","/collections/gel-breasts",1,1,0,0,0,0,1,,0,0,0,0,1,1,,1,1,1,0,0,0,0,1,,0,0,0,0,1,1,,1,0,0,,,,,0,,,,,,0,0,,0
"Product","/products/a446-10-80lb-silicone-pocket-pussy-big-ass-sex-doll-torso-lovenestle",1,1,0,0,0,0,1,,0,0,0,0,1,1,,1,1,1,0,0,0,0,1,,0,0,0,0,1,1,,1,0,0,,,,,0,,,,,,0,0,,0
"Blog Article","/blogs/complete-sex-doll-guide-for-beginners/how-to-restore-faded-nipples-on-a-tpe-sex-doll-a-step-by-step-guide",1,1,0,0,0,0,1,,0,0,0,0,1,1,,1,1,1,0,0,0,0,1,,0,0,0,0,1,1,,1,0,0,,,,,0,,,,,,0,0,,0
"Collection","/collections/chubby-sex-doll-1",1,1,0,0,0,0,6,,0,0,0,190,6,0,,0,1,1,0,0,0,0,6,,0,0,0,190,6,0,,0,0,0,,,,,0,,,,,0,0,,,
"Product","/products/f8099-150cm-5ft-27-5kg-anime-silicone-sex-doll-elsa-babe",1,1,0,0,0,0,4,,0,0,0,220,4,0,,0,1,1,0,0,0,0,4,,0,0,0,220,4,0,,0,0,0,,,,,0,,,,,0,0,,,
"Product","/products/f3875-166cm-5ft5-a-cup-frowning-lifeless-eyes-black-tpe-sex-doll-hr-doll",1,1,0,0,0,0,4,,0,0,0,372,4,0,,0,1,1,0,0,0,0,4,,0,0,0,372,4,0,,0,0,0,,,,,0,,,,,0,0,,,
"Blog Article","/blogs/dolls-info-qustions/do-you-really-know-your-cheap-sex-toys",1,1,0,0,0,0,1,,0,0,0,0,1,1,,1,1,1,0,0,0,0,1,,0,0,0,0,1,1,,1,0,0,,,,,0,,,,,,0,0,,0
"Product","/products/f7069-162cm-6ft3-44kg-p-cup-elf-fantasy-tpe-sexual-hentai-alien-girl-sex-doll-castle-doll",1,1,0,0,0,0,1,,0,0,0,0,1,1,,1,1,1,0,0,0,0,1,,0,0,0,0,1,1,,1,0,0,,,,,0,,,,,,0,0,,0
"Product","/products/f2421k-168cm-m-cup-7-1inch-dildo-futan-musculature-trans-silicone-full-body-sex-dolls-futa-sex-dolls-in-stock-us-eu-doll-castle",1,1,0,0,0,0,4,,0,0,0,88,4,0,,0,1,1,0,0,0,0,4,,0,0,0,88,4,0,,0,0,0,,,,,0,,,,,0,0,,,
,"/en-fi/blogs/dolls-info-qustions/the-best-asian-sex-doll-bezlya-sex-doll-2-2u-series-function-analysis",1,1,0,0,0,0,1,,0,0,0,0,1,1,,1,1,1,0,0,0,0,1,,0,0,0,0,1,1,,1,0,0,,,,,0,,,,,,0,0,,0
"Collection","/collections/climax-doll-lightweight-series",1,1,0,0,0,0,2,,0,0,0,1,2,0,,0,1,1,0,0,0,0,2,,0,0,0,1,2,0,,0,0,0,,,,,0,,,,,0,0,,,
"Product","/products/b438-13-40lb-breast-sex-toy-with-vagina-tunnel-silicone-male-masturbator-lovenestle",1,1,0,0,0,0,1,,0,0,0,0,1,1,,1,1,1,0,0,0,0,1,,0,0,0,0,1,1,,1,0,0,,,,,0,,,,,,0,0,,0
"Product","/products/t456-12-52lb-silicone-portable-mini-sex-doll-torso-for-beginners-lovenestle",1,1,0,0,0,0,1,,0,0,0,0,1,1,,1,1,1,0,0,0,0,1,,0,0,0,0,1,1,,1,0,0,,,,,0,,,,,,0,0,,0
"Product","/products/h425-ros-free-hair-impants-real-oral-movable-jaw-silicone-sex-doll-head-sy-doll",1,1,0,0,0,0,1,,0,0,0,0,1,1,,1,1,1,0,0,0,0,1,,0,0,0,0,1,1,,1,0,0,,,,,0,,,,,,0,0,,0
"Product","/products/f6090-152cm-5ft-38kg-a-cup-asian-ros-silicone-sex-doll-shedoll",1,1,0,0,0,0,1,,0,0,0,0,1,1,,1,1,1,0,0,0,0,1,,0,0,0,0,1,1,,1,0,0,,,,,0,,,,,,0,0,,0
"Product","/products/f2438-159cm5-2ft-39kg-d-cup-ai-chat-life-size-silicone-head-sex-doll-sigafun-doll",1,1,0,0,0,0,1,,0,0,0,0,1,1,,1,1,1,0,0,0,0,1,,0,0,0,0,1,1,,1,0,0,,,,,0,,,,,,0,0,,0
,"/en-ca/blogs/dolls-info-qustions/foot-fetish-uncovered-10-types-of-foot-fetish-3-must-have-foot-fetish-toys",1,1,0,0,0,0,1,,0,0,0,0,1,1,,1,1,1,0,0,0,0,1,,0,0,0,0,1,1,,1,0,0,,,,,0,,,,,,0,0,,0
,"/en-ca/collections/sex-doll-torso/products/631-lifesize-sex-doll-torso",1,1,0,0,0,0,8,,0,0,0,320,8,0,,0,1,1,0,0,0,0,8,,0,0,0,320,8,0,,0,0,0,,,,,0,,,,,0,0,,,
"Product","/products/f5942-153cm5-0ft-32-5kg-2-2u-d-cup-premium-japanese-sex-doll-bezlya-doll",1,1,0,0,0,0,1,,0,0,0,0,1,1,,1,1,1,0,0,0,0,1,,0,0,0,0,1,1,,1,0,0,,,,,0,,,,,,0,0,,0
"Product","/products/f5599-150cm-5ft-26kg-m1-flat-chest-life-size-silicone-sex-doll-md-doll",1,1,0,0,0,0,1,,0,0,0,0,1,1,,1,1,1,0,0,0,0,1,,0,0,0,0,1,1,,1,0,0,,,,,0,,,,,,0,0,,0
,"/en-ca/blogs/dolls-info-qustions/celebrity-sex-dolls-hot-picks-6-asian-inspired-star-lookalikes",1,1,0,0,0,0,1,,0,0,0,0,1,1,,1,1,1,0,0,0,0,1,,0,0,0,0,1,1,,1,0,0,,,,,0,,,,,,0,0,,0
"Product","/products/f4772-162cm5-4ft-39-5kg-2-2u-b-cup-asian-real-silicone-chinese-sex-doll-bezlya-doll",1,1,0,0,0,0,31,,0,0,0,1754,31,0,,0,1,1,0,0,0,0,31,,0,0,0,1754,31,0,,0,0,0,,,,,0,,,,,0,0,,,
"Product","/products/f2387a-163cm5-3ft-53kg-g-cup-s6-great-doggy-style-huge-butt-silicone-head-realistic-sex-doll-2025%E4%B8%A8sy-doll",1,1,0,0,0,0,18,,0,0,0,1065,18,0,,0,1,1,0,0,0,0,18,,0,0,0,1065,18,0,,0,0,0,,,,,0,,,,,0,0,,,
"Collection","/collections/gay-sex-doll",1,1,0,0,0,0,1,,0,0,0,0,1,1,,1,1,1,0,0,0,0,1,,0,0,0,0,1,1,,1,0,0,,,,,0,,,,,,0,0,,0
,"/ja/blogs/dolls-info-qustions/tips-for-having-sex-with-black-sex-dolls",1,1,0,0,0,0,1,,0,0,0,0,1,1,,1,1,1,0,0,0,0,1,,0,0,0,0,1,1,,1,0,0,,,,,0,,,,,,0,0,,0
"Blog Article","/blogs/complete-sex-doll-guide-for-beginners/sex-doll-torso-usage-guide",1,1,0,0,0,0,1,,0,0,0,0,1,1,,1,1,1,0,0,0,0,1,,0,0,0,0,1,1,,1,0,0,,,,,0,,,,,,0,0,,0
"Product","/products/t636-33-7lb-6-7-mark-dildo-realistic-tpe-male-sex-doll-torso-with-big-dick%E4%B8%A8tantaly",1,1,0,0,0,0,1,,0,0,0,0,1,1,,1,1,1,0,0,0,0,1,,0,0,0,0,1,1,,1,0,0,,,,,0,,,,,,0,0,,0
,"/en-ca/collections/jiuai",1,1,0,0,0,0,1,,0,0,0,0,1,1,,1,1,1,0,0,0,0,1,,0,0,0,0,1,1,,1,0,0,,,,,0,,,,,,0,0,,0
"Product","/products/h043-ros-silicone-sex-doll-head-irontech-doll-head",1,1,0,0,0,0,1,,0,0,0,0,1,1,,1,1,1,0,0,0,0,1,,0,0,0,0,1,1,,1,0,0,,,,,0,,,,,,0,0,,0
"Checkout","/checkouts/cn/hWNDCGFXKx9hxIjPTqTOGuwr/en",1,1,0,1,0,0,1,0,0,1,0,0,1,0,,0,1,1,0,1,0,0,1,0,0,1,0,0,1,0,,0,0,0,,0,,,0,,,0,,,0,,,
"Blog Article","/blogs/dolls-info-qustions/top-3-flat-chested-sex-dolls-of-2025-ultimate-flatness-unique-allure",1,1,0,0,0,0,2,,0,0,0,6,2,0,,0,1,1,0,0,0,0,2,,0,0,0,6,2,0,,0,0,0,,,,,0,,,,,0,0,,,
,"/de/blogs/dolls-info-qustions/how-women-use-sex-dolls",1,1,0,0,0,0,2,,0,0,0,27,2,0,,0,1,1,0,0,0,0,2,,0,0,0,27,2,0,,0,0,0,,,,,0,,,,,0,0,,,
,"/de/collections/aibei-doll-factory-photos",1,1,0,0,0,0,1,,0,0,0,0,1,1,,1,1,1,0,0,0,0,1,,0,0,0,0,1,1,,1,0,0,,,,,0,,,,,,0,0,,0
,"/en-ca/products/h1048-silicone-sex-doll-head%E4%B8%A8aibei-doll-head77",1,1,0,0,0,0,18,,0,0,0,660,18,0,,0,1,1,0,0,0,0,18,,0,0,0,660,18,0,,0,0,0,,,,,0,,,,,0,0,,,
"Checkout","/checkouts/cn/hWND9XfFzMpZAey7ZDNwhCRW/en-us",1,1,0,1,0,0,1,0,0,1,0,0,1,0,,0,1,1,0,1,0,0,1,0,0,1,0,0,1,0,,0,0,0,,0,,,0,,,0,,,0,,,
"Product","/products/climax-flat-chested-torso-head-100cm-t734",1,1,0,0,0,0,7,,0,0,0,281,7,0,,0,1,1,0,0,0,0,7,,0,0,0,281,7,0,,0,0,0,,,,,0,,,,,0,0,,,
"Checkout","/checkouts/cn/hWNDK0wRJs16uBjWCU5KdhhA/en-us",1,1,0,1,0,0,2,0,0,1,0,171,2,0,,0,1,1,0,1,0,0,2,0,0,1,0,171,2,0,,0,0,0,,0,,,0,,,0,,0,0,,,
,"/en-ca/products/f1584-169cm-5ft5-c-cup-silicone-thin-sex-doll-starpery-doll",1,1,0,0,0,0,1,,0,0,0,0,1,1,,1,1,1,0,0,0,0,1,,0,0,0,0,1,1,,1,0,0,,,,,0,,,,,,0,0,,0
,"/ja",1,1,0,0,0,0,1,,0,0,0,0,1,1,,1,1,1,0,0,0,0,1,,0,0,0,0,1,1,,1,0,0,,,,,0,,,,,,0,0,,0
,"/en-ca/products/f2294-161cm5-3ft-f-cup-regina-d-tpe-love-doll-se-doll",1,1,0,0,0,0,3,,0,0,0,140,3,0,,0,1,1,0,0,0,0,3,,0,0,0,140,3,0,,0,0,0,,,,,0,,,,,0,0,,,
"Blog Article","/blogs/recent-brand-updates-new-arrivals-for-sex-dolls/zelex-k-series-launch-korean-pop-idol-realistic-sex-dolls",1,1,0,0,0,0,4,,0,0,0,251,4,0,,0,1,1,0,0,0,0,4,,0,0,0,251,4,0,,0,0,0,,,,,0,,,,,0,0,,,
"Blog Article","/blogs/dolls-info-qustions/bbw-love-doll-review-climax-t17-doggystyle-bbw-love-doll-torso",1,1,0,0,0,0,1,,0,0,0,0,1,1,,1,1,1,0,0,0,0,1,,0,0,0,0,1,1,,1,0,0,,,,,0,,,,,,0,0,,0
,"/de/blogs/dolls-info-qustions/exploring-the-world-of-sexual-fantasies-how-to-use-a-sex-doll-torso-to-fulfill-sexual-fantasies",1,1,0,0,0,0,1,,0,0,0,0,1,1,,1,1,1,0,0,0,0,1,,0,0,0,0,1,1,,1,0,0,,,,,0,,,,,,0,0,,0
,"/ja/collections/foot-toy",1,1,0,0,0,0,6,,0,0,0,479,6,0,,0,1,1,0,0,0,0,6,,0,0,0,479,6,0,,0,0,0,,,,,0,,,,,0,0,,,
"Product","/products/f4619-170cm-5ft7-44kg-male-sex-doll-17cm-penis-silicone",1,1,0,0,0,0,5,,0,0,0,306,5,0,,0,1,1,0,0,0,0,5,,0,0,0,306,5,0,,0,0,0,,,,,0,,,,,0,0,,,
"Product","/products/l48233-07lb-80cm-sexy-big-booty-tpe-sex-doll-legs-climax-doll",1,1,0,0,0,0,1,,0,0,0,0,1,1,,1,1,1,0,0,0,0,1,,0,0,0,0,1,1,,1,0,0,,,,,0,,,,,,0,0,,0
,"/en-ca/collections/anime-sex-doll-torso",1,1,0,0,0,0,1,,0,0,0,0,1,1,,1,1,1,0,0,0,0,1,,0,0,0,0,1,1,,1,0,0,,,,,0,,,,,,0,0,,0
,"/en-ca/blogs/dolls-info-qustions/how-to-carry-your-heavy-doll",1,1,0,0,0,0,1,,0,0,0,0,1,1,,1,1,1,0,0,0,0,1,,0,0,0,0,1,1,,1,0,0,,,,,0,,,,,,0,0,,0
,"/en-fi/collections/robot-sex-dolls",1,1,0,0,0,0,1,,0,0,0,0,1,1,,1,1,1,0,0,0,0,1,,0,0,0,0,1,1,,1,0,0,,,,,0,,,,,,0,0,,0
"Product","/products/a359-27-5lb-silicone-butt-sexy-and-realistic-big-ass-sex-doll-torso-climax-doll",1,1,1,0,0,0,6,,1,0,0,453,6,0,,0,1,1,1,0,0,0,6,,1,0,0,453,6,0,,0,0,0,0,,,,0,,0,,,0,0,,,
"Product","/products/f7679-150cm4ft9-37-6kg-l-cup-s-tpe-gel-filled-life-size-anime-sex-doll-irokebijin-doll",1,1,0,0,0,0,8,,0,0,0,250,8,0,,0,1,1,0,0,0,0,8,,0,0,0,250,8,0,,0,0,0,,,,,0,,,,,0,0,,,
"Product","/products/f1053-159cm-tpe-sex-doll-fun-west-doll",1,1,0,0,0,0,1,,0,0,0,0,1,1,,1,1,1,0,0,0,0,1,,0,0,0,0,1,1,,1,0,0,,,,,0,,,,,,0,0,,0
,"/en-ca/blogs/dolls-info-qustions/the-latest-sex-dolls-innovations-and-breakthroughs-in-2025",1,1,0,0,0,0,1,,0,0,0,0,1,1,,1,1,1,0,0,0,0,1,,0,0,0,0,1,1,,1,0,0,,,,,0,,,,,,0,0,,0
"Blog Article","/blogs/dolls-info-qustions/3-reasons-why-you-should-buy-sex-dolls-for-your-partner",1,1,0,0,0,0,1,,0,0,0,0,1,1,,1,1,1,0,0,0,0,1,,0,0,0,0,1,1,,1,0,0,,,,,0,,,,,,0,0,,0
"Product","/products/f4667-157cm5ft1-31kg-yuuka-a-h-cup-silicone-sexy-medium-butt-chinese-sex-doll-se-doll",1,1,0,0,0,0,21,,0,0,0,1989,21,0,,0,1,1,0,0,0,0,21,,0,0,0,1989,21,0,,0,0,0,,,,,0,,,,,0,0,,,
,"/de/products/8661955051759",1,1,0,0,0,0,1,,0,0,0,0,1,1,,1,1,1,0,0,0,0,1,,0,0,0,0,1,1,,1,0,0,,,,,0,,,,,,0,0,,0
"Product","/products/f2566-159cm5-2ft-33-5kg-h-cup-ros-max-r9-silicone-sex-doll-real-lady",1,1,0,0,0,0,2,,0,0,0,80,2,0,,0,1,1,0,0,0,0,2,,0,0,0,80,2,0,,0,0,0,,,,,0,,,,,0,0,,,
"Product","/products/t668-9-6lbs-realistic-silicone-torso",1,1,0,0,0,0,1,,0,0,0,0,1,1,,1,1,1,0,0,0,0,1,,0,0,0,0,1,1,,1,0,0,,,,,0,,,,,,0,0,,0
"Blog Article","/blogs/dolls-info-qustions/exploring-lightweight-options-recommended-weight-reduced-bbw-sex-dolls",1,1,0,0,0,0,2,,0,0,0,4,2,0,,0,1,1,0,0,0,0,2,,0,0,0,4,2,0,,0,0,0,,,,,0,,,,,0,0,,,
"Collection","/collections/36-40kg-79-88lb",1,1,0,0,0,0,1,,0,0,0,0,1,1,,1,1,1,0,0,0,0,1,,0,0,0,0,1,1,,1,0,0,,,,,0,,,,,,0,0,,0
"Product","/products/t911-94cm3ft1-25kg-d-cup-tpe-sex-doll-torso-with-head-zelex-doll",1,1,0,0,0,0,1,,0,0,0,0,1,1,,1,1,1,0,0,0,0,1,,0,0,0,0,1,1,,1,0,0,,,,,0,,,,,,0,0,,0
"Product","/products/7-7lb-big-boobs-and-big-butts-sex-doll-torso-sex-toy-for-man-508-sex-doll-torso",1,1,0,0,0,0,3,,0,0,0,381,3,0,,0,1,1,0,0,0,0,3,,0,0,0,381,3,0,,0,0,0,,,,,0,,,,,0,0,,,
"Product","/products/f5686k-155cm5ft1-23kg-aryana-a-e-cup-silicone-anime-big-breasted-ai-alien-sex-doll-in-stock-usa-se-doll",1,1,0,0,0,0,1,,0,0,0,0,1,1,,1,1,1,0,0,0,0,1,,0,0,0,0,1,1,,1,0,0,,,,,0,,,,,,0,0,,0
"Product","/products/real-lady-silicone-ros-159cm-f752",1,1,0,0,0,0,1,,0,0,0,0,1,1,,1,1,1,0,0,0,0,1,,0,0,0,0,1,1,,1,0,0,,,,,0,,,,,,0,0,,0
"Product","/products/f1411k-158cm5f2-33kg-e-cup-alien-blue-elves-tpe-sex-doll-alien-in-stock-usa-aibei-doll",1,1,0,0,0,0,1,,0,0,0,0,1,1,,1,1,1,0,0,0,0,1,,0,0,0,0,1,1,,1,0,0,,,,,0,,,,,,0,0,,0
"Product","/products/f9371-elsa-babe-life-size-anime-sex-doll-blue-hair",1,1,0,0,0,0,3,,0,0,0,56,3,0,,0,1,1,0,0,0,0,3,,0,0,0,56,3,0,,0,0,0,,,,,0,,,,,0,0,,,
,"/en-ca/collections/irontech-doll-factory-photos",1,1,0,0,0,0,2,,0,0,0,83,2,0,,0,1,1,0,0,0,0,2,,0,0,0,83,2,0,,0,0,0,,,,,0,,,,,0,0,,,
"Blog Article","/blogs/dolls-info-qustions/from-midnight-anime-to-3d-nightstands-3-hentai-sex-dolls-that-actually-exist",1,1,0,0,0,0,1,,0,0,0,0,1,1,,1,1,1,0,0,0,0,1,,0,0,0,0,1,1,,1,0,0,,,,,0,,,,,,0,0,,0
"Collection","/collections/w-r-4-0",1,1,0,0,0,0,14,,0,0,0,2038,14,0,,0,1,1,0,0,0,0,14,,0,0,0,2038,14,0,,0,0,0,,,,,0,,,,,0,0,,,
,"/en-ca/collections/nianta-doll",1,1,0,0,0,0,5,,0,0,0,78,5,0,,0,1,1,0,0,0,0,5,,0,0,0,78,5,0,,0,0,0,,,,,0,,,,,0,0,,,
,"/en-ca/collections/life-size-anime-sex-doll",1,1,0,0,0,0,2,,0,0,0,12,2,0,,0,1,1,0,0,0,0,2,,0,0,0,12,2,0,,0,0,0,,,,,0,,,,,0,0,,,
"Product","/products/f8175-150cm-5ft-27-5kg-silicone-anime-sex-doll-elsa-babe",1,1,0,0,0,0,21,,0,0,0,575,21,0,,0,1,1,0,0,0,0,21,,0,0,0,575,21,0,,0,0,0,,,,,0,,,,,0,0,,,
"Collection","/collections/best-selling-anime-sex-doll",1,1,0,0,0,0,2,,0,0,0,30,2,0,,0,1,1,0,0,0,0,2,,0,0,0,30,2,0,,0,0,0,,,,,0,,,,,0,0,,,
"Product","/products/l10-67lb-104cm-tall-fat-pop-art-faty-sex-doll-legs-climax-doll",1,1,0,0,0,0,1,,0,0,0,0,1,1,,1,1,1,0,0,0,0,1,,0,0,0,0,1,1,,1,0,0,,,,,0,,,,,,0,0,,0
"Product","/products/f8551-158cm-5ft2-28kg-d-cup-silicone-asian-full-size-sex-doll-top-fire-doll",1,1,0,0,0,0,3,,0,0,0,29,3,0,,0,1,1,0,0,0,0,3,,0,0,0,29,3,0,,0,0,0,,,,,0,,,,,0,0,,,
,"/en-ca/collections/zelex-doll",1,1,0,0,0,0,2,,0,0,0,28,2,0,,0,1,1,0,0,0,0,2,,0,0,0,28,2,0,,0,0,0,,,,,0,,,,,0,0,,,
"Blog Article","/blogs/dolls-info-qustions/whats-the-deal-with-moaning-sex-robots-anyway",1,1,0,0,0,0,1,,0,0,0,0,1,1,,1,1,1,0,0,0,0,1,,0,0,0,0,1,1,,1,0,0,,,,,0,,,,,,0,0,,0
"Blog Article","/blogs/dolls-info-qustions/why-overusing-harsh-chemicals-to-clean-sex-toys-is-a-mistake",1,1,0,0,0,0,1,,0,0,0,0,1,1,,1,1,1,0,0,0,0,1,,0,0,0,0,1,1,,1,0,0,,,,,0,,,,,,0,0,,0
"Collection","/collections/150cm-159cm-4ft11-5ft2",1,1,0,0,0,0,2,,0,0,0,8,2,0,,0,1,1,0,0,0,0,2,,0,0,0,8,2,0,,0,0,0,,,,,0,,,,,0,0,,,
"Product","/products/f4750-161cm52-5kg-h-cup-fat-big-ass-silicone-bbw-sex-doll-2025-starpery-doll",1,1,0,0,0,0,1,,0,0,0,0,1,1,,1,1,1,0,0,0,0,1,,0,0,0,0,1,1,,1,0,0,,,,,0,,,,,,0,0,,0
"Collection","/collections/emotion-robot-sex-doll",1,1,0,0,0,0,3,,0,0,0,86,3,0,,0,1,1,0,0,0,0,3,,0,0,0,86,3,0,,0,0,0,,,,,0,,,,,0,0,,,
,"/de/collections/pornstar-sex-doll",1,1,0,0,0,0,2,,0,0,0,89,2,0,,0,1,1,0,0,0,0,2,,0,0,0,89,2,0,,0,0,0,,,,,0,,,,,0,0,,,
"Product","/products/f7150-163cm5-4ft-35kg-2-1-b-cup-asian-real-tpe-body-silicon-head-flat-chest-chinese-sex-doll-bezlya-doll",1,1,0,0,0,0,7,,0,0,0,201,7,0,,0,1,1,0,0,0,0,7,,0,0,0,201,7,0,,0,0,0,,,,,0,,,,,0,0,,,
,"/en-fi/blogs/sex-doll-torso-blog/most-comprehensive-guideline-of-best-sex-dolls-sex-doll-torsos",1,1,0,0,0,0,1,,0,0,0,0,1,1,,1,1,1,0,0,0,0,1,,0,0,0,0,1,1,,1,0,0,,,,,0,,,,,,0,0,,0
,"/en-ca/blogs/complete-sex-doll-guide-for-beginners/doll-head-connectors-for-different-brands",1,1,0,0,0,0,1,,0,0,0,0,1,1,,1,1,1,0,0,0,0,1,,0,0,0,0,1,1,,1,0,0,,,,,0,,,,,,0,0,,0
"Product","/products/linkdolls-f673-170cm5ft5-36-2kg-silicone-chinese-sex-doll-zelex-doll",1,1,0,0,0,0,7,,0,0,0,868,7,0,,0,1,1,0,0,0,0,7,,0,0,0,868,7,0,,0,0,0,,,,,0,,,,,0,0,,,
"Blog Article","/blogs/dolls-info-qustions/who-invented-oral-sex",1,1,0,0,0,0,1,,0,0,0,0,1,1,,1,1,1,0,0,0,0,1,,0,0,0,0,1,1,,1,0,0,,,,,0,,,,,,0,0,,0
,"/en-fi/blogs/dolls-info-qustions/complete-guide-to-installing-male-sex-doll-penises-3-simple-methods",1,1,0,0,0,0,1,,0,0,0,0,1,1,,1,1,1,0,0,0,0,1,,0,0,0,0,1,1,,1,0,0,,,,,0,,,,,,0,0,,0
,"/en-fi/products/f2104-164cm5-4ft-d-cup-life-size-young-seductive-sex-doll%E4%B8%A8sy-doll",1,1,0,0,0,0,1,,0,0,0,0,1,1,,1,1,1,0,0,0,0,1,,0,0,0,0,1,1,,1,0,0,,,,,0,,,,,,0,0,,0
"Product","/products/f7618-161cm-5ft3-f-cup-realistic-tpe-body-silicone-head-sex-doll-rosretty-doll",1,1,0,0,0,0,34,,0,0,0,3054,34,0,,0,1,1,0,0,0,0,34,,0,0,0,3054,34,0,,0,0,0,,,,,0,,,,,0,0,,,
,"/en-fi/collections/foot-pocket-pussy",1,1,0,0,0,0,1,,0,0,0,0,1,1,,1,1,1,0,0,0,0,1,,0,0,0,0,1,1,,1,0,0,,,,,0,,,,,,0,0,,0
,"/en-ca/blogs/dolls-info-qustions/types-of-the-sex-doll-head",1,1,0,0,0,0,1,,0,0,0,0,1,1,,1,1,1,0,0,0,0,1,,0,0,0,0,1,1,,1,0,0,,,,,0,,,,,,0,0,,0
"Product","/products/f4708-doll-castle-150cm-j-cup-bbw-life-sized-sex-doll",1,1,0,0,0,0,14,,0,0,0,2473,14,0,,0,1,1,0,0,0,0,14,,0,0,0,2473,14,0,,0,0,0,,,,,0,,,,,0,0,,,
"Product","/products/f3676-151cm-4ft9-miku-e-cup-tpe-asian-girl-cute-lolita-sex-doll-se-doll",1,1,0,0,0,0,1,,0,0,0,0,1,1,,1,1,1,0,0,0,0,1,,0,0,0,0,1,1,,1,0,0,,,,,0,,,,,,0,0,,0
"Product","/products/f8010-150cm-5ft-27-5kg-silicone-anime-hentai-sex-doll-elsa-babe",1,1,0,0,0,0,2,,0,0,0,72,2,0,,0,1,1,0,0,0,0,2,,0,0,0,72,2,0,,0,0,0,,,,,0,,,,,0,0,,,
"Product","/products/f1839k-163cm5ft4-g-cup-jane-most-popular-sex-doll-irontech-doll",1,1,0,0,0,0,7,,0,0,0,797,7,0,,0,1,1,0,0,0,0,7,,0,0,0,797,7,0,,0,0,0,,,,,0,,,,,0,0,,,
,"/en-fi/collections/sex-doll-videos",1,1,0,0,0,0,1,,0,0,0,0,1,1,,1,1,1,0,0,0,0,1,,0,0,0,0,1,1,,1,0,0,,,,,0,,,,,,0,0,,0
"Product","/products/f5203-suny-157cm5ft2-b-cup-golden-hair-slim-tpe-sex-doll-jx-galaxy",1,1,0,0,0,0,30,,0,0,0,1298,30,0,,0,1,1,0,0,0,0,30,,0,0,0,1298,30,0,,0,0,0,,,,,0,,,,,0,0,,,
,"/ja/blogs/dolls-info-qustions/7-best-mini-torso-sex-dolls-for-beginners",1,1,0,0,0,0,1,,0,0,0,0,1,1,,1,1,1,0,0,0,0,1,,0,0,0,0,1,1,,1,0,0,,,,,0,,,,,,0,0,,0
,"/en-fi/collections/femboys-sex-doll",1,1,0,0,0,0,2,,0,0,0,26,2,0,,0,1,1,0,0,0,0,2,,0,0,0,26,2,0,,0,0,0,,,,,0,,,,,0,0,,,
"Collection","/collections/tantaly-videos",1,1,0,0,0,0,1,,0,0,0,0,1,1,,1,1,1,0,0,0,0,1,,0,0,0,0,1,1,,1,0,0,,,,,0,,,,,,0,0,,0
"Product","/products/f5964-161cm5-3ft-d-cup-132-real-life-tpe-ai-sex-doll%E4%B8%A8sy-doll",1,1,0,0,0,0,8,,0,0,0,772,8,0,,0,1,1,0,0,0,0,8,,0,0,0,772,8,0,,0,0,0,,,,,0,,,,,0,0,,,
,"/en-fi/products/f2246-159cm5-2ft-f-cup-s44-silicone-sex-doll-irontech-doll",1,1,0,0,0,0,2,,0,0,0,99,2,0,,0,1,1,0,0,0,0,2,,0,0,0,99,2,0,,0,0,0,,,,,0,,,,,0,0,,,
"Product","/products/f3753-160cm5ft2-yuuki-c-cup-silicone-pure-lolita-young-chinese-sex-dolls-se-doll",1,1,0,0,0,0,2,,0,0,0,9,2,0,,0,1,1,0,0,0,0,2,,0,0,0,9,2,0,,0,0,0,,,,,0,,,,,0,0,,,
"Product","/products/p124-pussy-masturbator-skin-like-silicone-doll-sex",1,1,0,0,0,0,1,,0,0,0,0,1,1,,1,1,1,0,0,0,0,1,,0,0,0,0,1,1,,1,0,0,,,,,0,,,,,,0,0,,0
"Product","/products/f4811-161cm-5ft346kg-j-cup-sexy-silicone-bbw-chubby-chinese-sex-doll-hr-doll",1,1,0,0,0,0,5,,0,0,0,84,5,0,,0,1,1,0,0,0,0,5,,0,0,0,84,5,0,,0,0,0,,,,,0,,,,,0,0,,,
"Product","/products/t325-big-breasts-silicone-busty-sex-doll-torso-yeloly",1,1,0,0,0,0,1,,0,0,0,0,1,1,,1,1,1,0,0,0,0,1,,0,0,0,0,1,1,,1,0,0,,,,,0,,,,,,0,0,,0
"Blog Article","/blogs/dolls-info-qustions/heavyweight-sex-dolls-advantages-and-risks-analysis",1,1,0,0,0,0,1,,0,0,0,0,1,1,,1,1,1,0,0,0,0,1,,0,0,0,0,1,1,,1,0,0,,,,,0,,,,,,0,0,,0
"Product","/products/a571-19-4lbblack-sex-doll-torso-fat-ass",1,1,0,0,0,0,11,,0,0,0,572,11,0,,0,1,1,0,0,0,0,11,,0,0,0,572,11,0,,0,0,0,,,,,0,,,,,0,0,,,
"Blog Article","/blogs/dolls-info-qustions/exploring-irontechs-most-iconic-sex-doll-collections",1,1,0,0,0,0,4,,0,0,0,151,4,0,,0,1,1,0,0,0,0,4,,0,0,0,151,4,0,,0,0,0,,,,,0,,,,,0,0,,,
,"/en-ca/blogs/dolls-info-qustions/exploring-the-best-breasts-for-titty-fucking",1,1,0,0,0,0,2,,0,0,0,58,2,0,,0,1,1,0,0,0,0,2,,0,0,0,58,2,0,,0,0,0,,,,,0,,,,,0,0,,,
,"/ja/blogs/dolls-info-qustions/2025-best-furry-sex-doll-picks-your-fantasy-comes-to-life",1,1,0,0,0,0,1,,0,0,0,0,1,1,,1,1,1,0,0,0,0,1,,0,0,0,0,1,1,,1,0,0,,,,,0,,,,,,0,0,,0
"Product","/products/f6279-166cm-5ft5-43kg-m52-f-cup-life-size-silicone-sex-doll-md-doll",1,1,0,0,0,0,1,,0,0,0,0,1,1,,1,1,1,0,0,0,0,1,,0,0,0,0,1,1,,1,0,0,,,,,0,,,,,,0,0,,0
,"/en-ca/products/f6290-160cm-5ft3-34kg-e-cup-silicone-sex-doll-large-breasts-firefly-diary-max",1,1,0,0,0,0,2,,0,0,0,32,2,0,,0,1,1,0,0,0,0,2,,0,0,0,32,2,0,,0,0,0,,,,,0,,,,,0,0,,,
"Blog Article","/blogs/dolls-info-qustions/makeup-for-hentai-sex-doll-create-your-own-anime-goddess",1,1,0,0,0,0,2,,0,0,0,1462,2,0,,0,1,1,0,0,0,0,2,,0,0,0,1462,2,0,,0,0,0,,,,,0,,,,,0,0,,,
"Blog Article","/blogs/dolls-info-qustions/why-choose-a-flat-chest-sex-doll-a-comparison-with-bbw-sex-dolls",1,1,0,0,0,0,2,,0,0,0,55,2,0,,0,1,1,0,0,0,0,2,,0,0,0,55,2,0,,0,0,0,,,,,0,,,,,0,0,,,
"Blog Article","/blogs/dolls-info-qustions/little-secrets-about-vagina-and-anus-of-sex-dolls",1,1,0,0,0,0,1,,0,0,0,0,1,1,,1,1,1,0,0,0,0,1,,0,0,0,0,1,1,,1,0,0,,,,,0,,,,,,0,0,,0
,"/en-ca/products/t588v-torso-tpe-16lb-sucking-vibration-auto-clean",1,1,0,0,0,0,1,,0,0,0,0,1,1,,1,1,1,0,0,0,0,1,,0,0,0,0,1,1,,1,0,0,,,,,0,,,,,,0,0,,0
"Product","/products/t460-65-52lb-silicone-savannah-sex-doll-torso-lovenestle",1,1,0,0,0,0,3,,0,0,0,95,3,0,,0,1,1,0,0,0,0,3,,0,0,0,95,3,0,,0,0,0,,,,,0,,,,,0,0,,,
,"/ja/products/f5688-180cm-5ft11-35kg-gavin-7-09in-dildo-japanese-femboy-sex-doll-premium-silicone-with-dual-pleasure-designl-jiusheng-doll",1,1,0,0,0,0,6,,0,0,0,211,6,0,,0,1,1,0,0,0,0,6,,0,0,0,211,6,0,,0,0,0,,,,,0,,,,,0,0,,,
"Custom Page","/pages/about-us",1,1,0,0,0,0,2,,0,0,0,6,2,0,,0,1,1,0,0,0,0,2,,0,0,0,6,2,0,,0,0,0,,,,,0,,,,,0,0,,,
"Product","/products/f4545-157cm5ft1-41kg-felicia-e-h-cup-tpe-sexy-fit-real-medium-butt-chinese-sex-doll-se-doll",1,1,0,0,0,0,1,,0,0,0,0,1,1,,1,1,1,0,0,0,0,1,,0,0,0,0,1,1,,1,0,0,,,,,0,,,,,,0,0,,0
"Product","/products/t728-26-5lbs-silicone-male-sex-dolls-torso-with-6-7-posable-dildo-m16-head-connector-yeloly",1,1,0,0,0,0,1,,0,0,0,0,1,1,,1,1,1,0,0,0,0,1,,0,0,0,0,1,1,,1,0,0,,,,,0,,,,,,0,0,,0
,"/en-ca/products/f1959k-175cm5-7ft-e-cup-natalia-sex-doll-irontech-doll",1,1,0,0,0,0,1,,0,0,0,0,1,1,,1,1,1,0,0,0,0,1,,0,0,0,0,1,1,,1,0,0,,,,,0,,,,,,0,0,,0
,"/de/collections/silicone-torso-sex-doll-in-stock-usa",1,1,0,0,0,0,29,,0,0,0,1504,29,0,,0,1,1,0,0,0,0,29,,0,0,0,1504,29,0,,0,0,0,,,,,0,,,,,0,0,,,
"Blog Article","/blogs/dolls-info-qustions/less-shame-about-sex",1,1,0,0,0,0,1,,0,0,0,0,1,1,,1,1,1,0,0,0,0,1,,0,0,0,0,1,1,,1,0,0,,,,,0,,,,,,0,0,,0
"Product","/products/f4918-150cm4ft9-26-2kg-b-cup-small-breast-tpe-sex-doll-in-stock-usa-aibei-doll",1,1,0,0,0,0,4,,0,0,0,353,4,0,,0,1,1,0,0,0,0,4,,0,0,0,353,4,0,,0,0,0,,,,,0,,,,,0,0,,,
"Product","/products/f2545-164cm-f-cup-suntan-big-boobs-silicone-sex-doll-in-stock-us-irontech-doll",1,1,0,0,0,0,16,,0,0,0,207,16,0,,0,1,1,0,0,0,0,16,,0,0,0,207,16,0,,0,0,0,,,,,0,,,,,0,0,,,
"Blog Article","/blogs/dolls-info-qustions/which-skin-color-ethnicity-and-body-type-doll-is-your-favorite",1,1,0,0,0,0,4,,0,0,0,1139,4,0,,0,1,1,0,0,0,0,4,,0,0,0,1139,4,0,,0,0,0,,,,,0,,,,,0,0,,,
"Checkout","/checkouts/cn/hWNDBIm4zRvemxFhx8eqWZmL/en-us",1,1,0,1,0,0,1,0,0,1,0,0,1,0,,0,1,1,0,1,0,0,1,0,0,1,0,0,1,0,,0,0,0,,0,,,0,,,0,,,0,,,
,"/en-ca/blogs/dolls-info-qustions/hey-as-a-woman-is-it-weird-if-i-want-to-buy-a-strap-on-dildo-to-get-it-on-with-a-female-trans-sex-doll",1,1,0,0,0,0,2,,0,0,0,5,2,0,,0,1,1,0,0,0,0,2,,0,0,0,5,2,0,,0,0,0,,,,,0,,,,,0,0,,,
"Product","/products/f7696k-160cm5ft2-26kg-d-cup-gel-filled-breasts-life-size-sex-doll-with-ros-head-in-stock-usa-jx-doll",1,1,0,0,0,0,1,,0,0,0,0,1,1,,1,1,1,0,0,0,0,1,,0,0,0,0,1,1,,1,0,0,,,,,0,,,,,,0,0,,0
,"/de/blogs/dolls-info-qustions/why-does-the-butt-attract-men",1,1,0,0,0,0,1,,0,0,0,0,1,1,,1,1,1,0,0,0,0,1,,0,0,0,0,1,1,,1,0,0,,,,,0,,,,,,0,0,,0
"Product","/products/f6132-150cm-4ft9-27kg-a-cup-flat-chested-tpe-sex-doll-sy-doll",1,1,0,0,0,0,1,,0,0,0,0,1,1,,1,1,1,0,0,0,0,1,,0,0,0,0,1,1,,1,0,0,,,,,0,,,,,,0,0,,0
"Blog Article","/blogs/dolls-info-qustions/how-to-carry-your-heavy-doll",1,1,0,0,0,0,1,,0,0,0,0,1,1,,1,1,1,0,0,0,0,1,,0,0,0,0,1,1,,1,0,0,,,,,0,,,,,,0,0,,0
"Blog Article","/blogs/featured-blog/irontech-brand-new-iron-ai-complete-highlights-breakdown",1,1,0,0,0,0,1,,0,0,0,0,1,1,,1,1,1,0,0,0,0,1,,0,0,0,0,1,1,,1,0,0,,,,,0,,,,,,0,0,,0
"Product","/products/f4904-150cm4ft9-35-5kg-b-cup-silicone-anime-style-furry-bunny-doll-climax-doll-ultra",1,1,0,0,0,0,1,,0,0,0,0,1,1,,1,1,1,0,0,0,0,1,,0,0,0,0,1,1,,1,0,0,,,,,0,,,,,,0,0,,0
"Checkout","/60719464687/orders/002e3483cfaa37c3ccbaba10b2a82912",1,1,0,0,0,0,1,,0,0,0,0,1,1,,1,1,1,0,0,0,0,1,,0,0,0,0,1,1,,1,0,0,,,,,0,,,,,,0,0,,0
,"/en-ca/products/f8095-150cm-5ft-27-5kg-japanese-anime-silicone-sex-doll-elsa-babe",1,1,1,0,0,0,1,,1,0,0,211,1,0,,0,1,1,1,0,0,0,1,,1,0,0,211,1,0,,0,0,0,0,,,,0,,0,,,0,0,,,
,"/en-ca/collections/chinese-sex-doll",1,1,0,0,0,0,3,,0,0,0,60,3,0,,0,1,1,0,0,0,0,3,,0,0,0,60,3,0,,0,0,0,,,,,0,,,,,0,0,,,
,"/en-ca/blogs/dolls-info-qustions/what-re-the-potential-risks-of-using-sex-doll-torso",1,1,0,0,0,0,1,,0,0,0,0,1,1,,1,1,1,0,0,0,0,1,,0,0,0,0,1,1,,1,0,0,,,,,0,,,,,,0,0,,0
"Blog Article","/blogs/dolls-info-qustions/ido-doll-weight-reduction-technology-4-0-innovation-and-breakthrough",1,1,0,0,0,0,1,,0,0,0,0,1,1,,1,1,1,0,0,0,0,1,,0,0,0,0,1,1,,1,0,0,,,,,0,,,,,,0,0,,0
"Collection","/collections/6ye-doll",1,1,0,0,0,0,1,,0,0,0,0,1,1,,1,1,1,0,0,0,0,1,,0,0,0,0,1,1,,1,0,0,,,,,0,,,,,,0,0,,0
,"/ja/blogs/dolls-info-qustions/top-2026-powerful-tutorial-prevent-genital-tears-for-sex-dolls",1,1,0,0,0,0,1,,0,0,0,0,1,1,,1,1,1,0,0,0,0,1,,0,0,0,0,1,1,,1,0,0,,,,,0,,,,,,0,0,,0
,"/de/collections/mini-sex-doll",1,1,0,0,0,0,1,,0,0,0,0,1,1,,1,1,1,0,0,0,0,1,,0,0,0,0,1,1,,1,0,0,,,,,0,,,,,,0,0,,0
"Product","/products/f1253-164cm-f-cup-hedy-big-boobs-doll-irontech-doll",1,1,0,0,0,0,1,,0,0,0,0,1,1,,1,1,1,0,0,0,0,1,,0,0,0,0,1,1,,1,0,0,,,,,0,,,,,,0,0,,0
"Product","/products/f8533k-167cm-49-2kg-silicone-ros-head-tpe-body-full-size-adult-sex-doll-marissa-in-stock-usa-ridmii",1,1,0,0,0,0,11,,0,0,0,3083,11,0,,0,1,1,0,0,0,0,11,,0,0,0,3083,11,0,,0,0,0,,,,,0,,,,,0,0,,,
"Product","/products/f1964k-175cm5-7ft-e-cup-rachel-sex-doll-irontech-doll",1,1,0,0,0,0,4,,0,0,0,563,4,0,,0,1,1,0,0,0,0,4,,0,0,0,563,4,0,,0,0,0,,,,,0,,,,,0,0,,,
"Checkout","/60719464687/orders/b4de109fbb80d344a7f16edf33d4c72c",1,1,0,0,0,0,1,,0,0,0,0,1,1,,1,1,1,0,0,0,0,1,,0,0,0,0,1,1,,1,0,0,,,,,0,,,,,,0,0,,0
"Collection","/collections/bbw-medium-torso",1,1,0,0,0,0,1,,0,0,0,0,1,1,,1,1,1,0,0,0,0,1,,0,0,0,0,1,1,,1,0,0,,,,,0,,,,,,0,0,,0
"Product","/products/t631-63-9lb-morgpie-pornstar-sexdoll-life-like-sex-doll-with-tantabosom%E4%B8%A8tantaly",1,1,0,0,0,0,1,,0,0,0,0,1,1,,1,1,1,0,0,0,0,1,,0,0,0,0,1,1,,1,0,0,,,,,0,,,,,,0,0,,0
,"/en-ca/blogs/dolls-info-qustions/how-ultra-realistic-silicone-sex-dolls-are-made",1,1,0,0,0,0,1,,0,0,0,0,1,1,,1,1,1,0,0,0,0,1,,0,0,0,0,1,1,,1,0,0,,,,,0,,,,,,0,0,,0
"Product","/products/f1717k-173cm-5ft7-g-cup-silicone-life-size-female-sex-doll-bbw-sex-doll-in-stock-us-starpery-doll",1,1,0,0,0,0,1,,0,0,0,0,1,1,,1,1,1,0,0,0,0,1,,0,0,0,0,1,1,,1,0,0,,,,,0,,,,,,0,0,,0
"Product","/products/d3363-3lb%E4%B8%A87-5-brown-upgraded-king-kong-gunner-male-butt-with-dildo",1,1,0,0,0,0,1,,0,0,0,0,1,1,,1,1,1,0,0,0,0,1,,0,0,0,0,1,1,,1,0,0,,,,,0,,,,,,0,0,,0
,"/en-ca/products/f1246-164cm-f-cup-hedy-big-boobs-doll-irontech-doll",1,1,0,0,0,0,1,,0,0,0,0,1,1,,1,1,1,0,0,0,0,1,,0,0,0,0,1,1,,1,0,0,,,,,0,,,,,,0,0,,0
"Product","/products/f5901-161cm5ft3-37kg-d-cup-mei-silicone-ros-best-big-tits-asian-sex-doll%E4%B8%A8lusandy-doll",1,1,0,0,0,0,1,,0,0,0,0,1,1,,1,1,1,0,0,0,0,1,,0,0,0,0,1,1,,1,0,0,,,,,0,,,,,,0,0,,0
,"/en-ca/collections/big-ass-sex-doll-2000",1,1,0,0,0,0,2,,0,0,0,228,2,0,,0,1,1,0,0,0,0,2,,0,0,0,228,2,0,,0,0,0,,,,,0,,,,,0,0,,,
"Blog Article","/blogs/dolls-info-qustions/unlocking-private-desires-the-secrets-of-torso-sex-doll-10-inch-dildo",1,1,0,0,0,0,1,,0,0,0,0,1,1,,1,1,1,0,0,0,0,1,,0,0,0,0,1,1,,1,0,0,,,,,0,,,,,,0,0,,0
,"/en-ca/products/f6297-158cm5ft2-32kg-f-cup-ros-silicone-sex-doll-aibei-doll-luxe",1,1,0,0,0,0,2,,0,0,0,64,2,0,,0,1,1,0,0,0,0,2,,0,0,0,64,2,0,,0,0,0,,,,,0,,,,,0,0,,,
,"/en-ca/collections/erovenus-videos",1,1,0,0,0,0,1,,0,0,0,0,1,1,,1,1,1,0,0,0,0,1,,0,0,0,0,1,1,,1,0,0,,,,,0,,,,,,0,0,,0
"Product","/products/f4592-150cm4ft9-26kg-kana-f-cup-silicone-hhs-animes-mini-hentai-sex-doll-irokebijin-doll",1,1,0,0,0,0,1,,0,0,0,0,1,1,,1,1,1,0,0,0,0,1,,0,0,0,0,1,1,,1,0,0,,,,,0,,,,,,0,0,,0
"Blog Article","/blogs/dolls-info-qustions/how-to-efficiently-dry-a-bbw-sex-doll-torso-best-tools-and-techniques",1,1,0,0,0,0,1,,0,0,0,0,1,1,,1,1,1,0,0,0,0,1,,0,0,0,0,1,1,,1,0,0,,,,,0,,,,,,0,0,,0
"Custom Page","/pages/best-sex-doll-promotions",1,1,0,0,0,0,6,,0,0,0,1228,6,0,,0,1,1,0,0,0,0,6,,0,0,0,1228,6,0,,0,0,0,,,,,0,,,,,0,0,,,
"Collection","/collections/male-masturbator",1,1,0,0,0,0,1,,0,0,0,0,1,1,,1,1,1,0,0,0,0,1,,0,0,0,0,1,1,,1,0,0,,,,,0,,,,,,0,0,,0
"Product","/products/p389-2-6lb-furry-anime-pocket-pussy-silicone-stroker-mrl",1,1,0,0,0,0,3,,0,0,0,13,3,0,,0,1,1,0,0,0,0,3,,0,0,0,13,3,0,,0,0,0,,,,,0,,,,,0,0,,,
,"/en-ca/products/t690-86lbsuntan-tpe-mega-torso-sex-toy",1,1,0,0,0,0,1,,0,0,0,0,1,1,,1,1,1,0,0,0,0,1,,0,0,0,0,1,1,,1,0,0,,,,,0,,,,,,0,0,,0
,"/en-ca/blogs/dolls-info-qustions/tpe-dolls-tearing-and-peeling-difficulties-easy-to-solve-there-is-a-trick",1,1,0,0,0,0,1,,0,0,0,0,1,1,,1,1,1,0,0,0,0,1,,0,0,0,0,1,1,,1,0,0,,,,,0,,,,,,0,0,,0
"Checkout","/checkouts/cn/hWNDHC4sJj4GQ970gsH0RiBc/en-us",1,1,0,1,0,0,1,0,0,1,0,0,1,0,,0,1,1,0,1,0,0,1,0,0,1,0,0,1,0,,0,0,0,,0,,,0,,,0,,,0,,,
"Collection","/collections/all/g-cup",1,1,0,0,0,0,1,,0,0,0,0,1,1,,1,1,1,0,0,0,0,1,,0,0,0,0,1,1,,1,0,0,,,,,0,,,,,,0,0,,0
"Blog Article","/blogs/dolls-info-qustions/sedolls-latest-oral-suction-amp-heating-functions-are-here",1,1,0,0,0,0,5,,0,0,0,44,5,0,,0,1,1,0,0,0,0,5,,0,0,0,44,5,0,,0,0,0,,,,,0,,,,,0,0,,,
,"/de/collections/life-sized-sex-doll",1,1,0,0,0,0,1,,0,0,0,0,1,1,,1,1,1,0,0,0,0,1,,0,0,0,0,1,1,,1,0,0,,,,,0,,,,,,0,0,,0
"Product","/products/f8187-164cm-5ft4-45kg-h-cup-m39-life-size-asian-sex-doll-md-doll",1,1,0,0,0,0,40,,0,0,0,2632,40,0,,0,1,1,0,0,0,0,40,,0,0,0,2632,40,0,,0,0,0,,,,,0,,,,,0,0,,,
"Product","/products/a310-30lb-soft-silicone-soft-realistic-big-ass-sex-dolls-torso",1,1,0,0,0,0,2,,0,0,0,15,2,0,,0,1,1,0,0,0,0,2,,0,0,0,15,2,0,,0,0,0,,,,,0,,,,,0,0,,,
,"/de/collections/gel-breasts",1,1,0,0,0,0,1,,0,0,0,0,1,1,,1,1,1,0,0,0,0,1,,0,0,0,0,1,1,,1,0,0,,,,,0,,,,,,0,0,,0
,"/ja/collections/mini-sex-doll",1,1,0,0,0,0,1,,0,0,0,0,1,1,,1,1,1,0,0,0,0,1,,0,0,0,0,1,1,,1,0,0,,,,,0,,,,,,0,0,,0
,"/en-ca/collections/mini-bbw-sex-doll",1,1,0,0,0,0,1,,0,0,0,0,1,1,,1,1,1,0,0,0,0,1,,0,0,0,0,1,1,,1,0,0,,,,,0,,,,,,0,0,,0
"Blog Article","/blogs/dolls-info-qustions/10-countries-legal-to-buy-sex-dolls",1,1,0,0,0,0,11,,0,0,0,825,11,0,,0,1,1,0,0,0,0,11,,0,0,0,825,11,0,,0,0,0,,,,,0,,,,,0,0,,,
,"/ja/collections/european-sex-dolls",1,1,0,0,0,0,1,,0,0,0,0,1,1,,1,1,1,0,0,0,0,1,,0,0,0,0,1,1,,1,0,0,,,,,0,,,,,,0,0,,0
,"/de/blogs/dolls-info-qustions/%F0%9F%94%A5-2025-best-fake-ass-sex-toy-recommendations-6-ultra-realistic-big-booty-dolls-for-ultimate-pleasure",1,1,0,0,0,0,1,,0,0,0,0,1,1,,1,1,1,0,0,0,0,1,,0,0,0,0,1,1,,1,0,0,,,,,0,,,,,,0,0,,0
,"/en-ca/collections/teen-sex-dolls",1,1,0,0,0,0,1,,0,0,0,0,1,1,,1,1,1,0,0,0,0,1,,0,0,0,0,1,1,,1,0,0,,,,,0,,,,,,0,0,,0
,"/de/collections/se-doll-factory-photos",1,1,0,0,0,0,1,,0,0,0,0,1,1,,1,1,1,0,0,0,0,1,,0,0,0,0,1,1,,1,0,0,,,,,0,,,,,,0,0,,0
"Product","/products/h423-ros-free-hair-impants-real-oral-movable-jaw-silicone-sex-doll-head-sy-doll",1,1,0,0,0,0,1,,0,0,0,0,1,1,,1,1,1,0,0,0,0,1,,0,0,0,0,1,1,,1,0,0,,,,,0,,,,,,0,0,,0
"Product","/products/p12-hentai-fake-vagina",1,1,0,0,0,0,1,,0,0,0,0,1,1,,1,1,1,0,0,0,0,1,,0,0,0,0,1,1,,1,0,0,,,,,0,,,,,,0,0,,0
"Product","/products/f9178-163cm5ft4-35kg-e-cup-silicone-halloween-sex-fuck-dolls%E4%B8%A8doll-senior",1,1,0,0,0,0,2,,0,0,0,0,2,0,,0,1,1,0,0,0,0,2,,0,0,0,0,2,0,,0,0,0,,,,,0,,,,,,0,,,
"Product","/products/t426-106cm3ft5-33-4kg-c-cup-bubble-butt-silicone-sex-doll-torso-with-head-in-stock-usa-canada-lovenestle",1,1,0,0,0,0,2,,0,0,0,147,2,0,,0,1,1,0,0,0,0,2,,0,0,0,147,2,0,,0,0,0,,,,,0,,,,,0,0,,,
"Blog Article","/blogs/dolls-info-qustions/mlws-power-move-t1-t2-torso-upgrades-debut-alongside-sora-ros",1,1,0,0,0,0,3,,0,0,0,172,3,0,,0,1,1,0,0,0,0,3,,0,0,0,172,3,0,,0,0,0,,,,,0,,,,,0,0,,,
,"/en-ca/products/f6061-168cm-5ft5-47kg-d-cup-asian-silicone-sex-doll-shedoll",1,1,0,0,0,0,1,,0,0,0,0,1,1,,1,1,1,0,0,0,0,1,,0,0,0,0,1,1,,1,0,0,,,,,0,,,,,,0,0,,0
,"/en-ca/blogs/featured-blog/best-torso-sex-doll-brands-of-2026",1,1,0,0,0,0,1,,0,0,0,0,1,1,,1,1,1,0,0,0,0,1,,0,0,0,0,1,1,,1,0,0,,,,,0,,,,,,0,0,,0
,"/en-ca/products/f2556-159cm5-2ft-37kg-a-cup-youthful-look-realistic-silicone-sex-doll-in-stock-usa-fun-west-doll",1,1,0,0,0,0,3,,0,0,0,3,3,0,,0,1,1,0,0,0,0,3,,0,0,0,3,3,0,,0,0,0,,,,,0,,,,,0,0,,,
,"/en-ca/blogs/dolls-info-qustions/bbw-sex-dolls-go-ultra-light-how-the-realistic-flesh-revolution-is-redefining-weight-and-freedom",1,1,0,0,0,0,1,,0,0,0,0,1,1,,1,1,1,0,0,0,0,1,,0,0,0,0,1,1,,1,0,0,,,,,0,,,,,,0,0,,0
"Product","/products/f4608-165cm-37kg-femboy-full-size-sex-with-male-sex-doll-qita-doll",1,1,0,0,0,0,1,,0,0,0,0,1,1,,1,1,1,0,0,0,0,1,,0,0,0,0,1,1,,1,0,0,,,,,0,,,,,,0,0,,0
,"/de/collections/silicone-ass",1,1,0,0,0,0,1,,0,0,0,0,1,1,,1,1,1,0,0,0,0,1,,0,0,0,0,1,1,,1,0,0,,,,,0,,,,,,0,0,,0
"Blog Article","/blogs/dolls-info-qustions/how-sex-dolls-can-help-overcome-porn-addiction",1,1,0,0,0,0,2,,0,0,0,118,2,0,,0,1,1,0,0,0,0,2,,0,0,0,118,2,0,,0,0,0,,,,,0,,,,,0,0,,,
,"/en-ca/products/f6251-153cm-5ft4-34kg-d-cup-silicone-asian-sex-doll-firefly-diary-max",1,1,0,0,0,0,11,,0,0,0,526,11,0,,0,1,1,0,0,0,0,11,,0,0,0,526,11,0,,0,0,0,,,,,0,,,,,0,0,,,
,"/de/blogs/dolls-info-qustions/celebrity-sex-dolls-hot-picks-6-asian-inspired-star-lookalikes",1,1,0,0,0,0,11,,0,0,0,574,11,0,,0,1,1,0,0,0,0,11,,0,0,0,574,11,0,,0,0,0,,,,,0,,,,,0,0,,,
"Product","/products/f9289-157cm5-2ft-36-2kg-2-2cf-k-cup-ros-asian-chinese-silicone-sexdoll-full-body-aitia-doll",1,1,0,0,0,0,2,,0,0,0,54,2,0,,0,1,1,0,0,0,0,2,,0,0,0,54,2,0,,0,0,0,,,,,0,,,,,0,0,,,
"Product","/products/a308-13lb-19lb-30lb-three-sizes-silicone-soft-realistic-big-ass-sex-dolls-torso",1,1,0,0,0,0,12,,0,0,0,647,12,0,,0,1,1,0,0,0,0,12,,0,0,0,647,12,0,,0,0,0,,,,,0,,,,,0,0,,,
,"/en-ca/products/p91-8-51lb-bbw-futa-shemale-sex-doll-torso-with-muscular-abs-and-5-91-insertable-penis-mrl",1,1,0,0,0,0,15,,0,0,0,1933,15,0,,0,1,1,0,0,0,0,15,,0,0,0,1933,15,0,,0,0,0,,,,,0,,,,,0,0,,,
"Blog Article","/blogs/featured-blog/complete-guide-to-storage-and-maintenance-of-sex-doll-torso",1,1,0,0,0,0,2,,0,0,0,6,2,0,,0,1,1,0,0,0,0,2,,0,0,0,6,2,0,,0,0,0,,,,,0,,,,,0,0,,,
,"/de/blogs/dolls-info-qustions/foot-fetish-and-exploring-the-vajankle",1,1,0,0,0,0,1,,0,0,0,0,1,1,,1,1,1,0,0,0,0,1,,0,0,0,0,1,1,,1,0,0,,,,,0,,,,,,0,0,,0
"Product","/products/f1447-153cm5ft-34kg-h-cup-petite-fantasy-anime-tpe-sex-doll-in-stock-usa-aibei-doll",1,1,0,0,0,0,1,,0,0,0,0,1,1,,1,1,1,0,0,0,0,1,,0,0,0,0,1,1,,1,0,0,,,,,0,,,,,,0,0,,0
"Blog Article","/blogs/dolls-info-qustions/don-t-let-stains-ruin-your-doll-the-complete-guide-to-cleaning-tpe-sex-dolls",1,1,0,0,0,0,1,,0,0,0,0,1,1,,1,1,1,0,0,0,0,1,,0,0,0,0,1,1,,1,0,0,,,,,0,,,,,,0,0,,0
"Product","/products/f6214-153cm5ft-41kg-large-breasts-tpe-bbw-sex-doll-in-stock-us-rui-mei",1,1,0,0,0,0,1,,0,0,0,0,1,1,,1,1,1,0,0,0,0,1,,0,0,0,0,1,1,,1,0,0,,,,,0,,,,,,0,0,,0
"Collection","/collections/xing-se",1,1,0,0,0,0,1,,0,0,0,0,1,1,,1,1,1,0,0,0,0,1,,0,0,0,0,1,1,,1,0,0,,,,,0,,,,,,0,0,,0
"Product","/products/f9319-150cm4ft11-30kg-f-cup-silicone-life-like-mini-sex-doll-doll-castle",1,1,0,0,0,0,8,,0,0,0,378,8,0,,0,1,1,0,0,0,0,8,,0,0,0,378,8,0,,0,0,0,,,,,0,,,,,0,0,,,
"Checkout","/checkouts/cn/hWNDEVEiQSAbU71g4ENh2BIy/en-jp",1,1,0,1,0,0,5,0,0,1,0,366,5,0,,0,1,1,0,1,0,0,5,0,0,1,0,366,5,0,,0,0,0,,0,,,0,,,0,,0,0,,,
,"/de/blogs/dolls-info-qustions/real-lady-vs-mlw-sex-dolls-unboxing-hands-on-review",1,1,0,0,0,0,1,,0,0,0,0,1,1,,1,1,1,0,0,0,0,1,,0,0,0,0,1,1,,1,0,0,,,,,0,,,,,,0,0,,0
"Product","/products/f6111-165cm-5-4ft-39kg-d-cup-ros-silicone-realistic-sex-doll-weight-reduction-ido-doll",1,1,0,0,0,0,2,,0,0,0,27,2,0,,0,1,1,0,0,0,0,2,,0,0,0,27,2,0,,0,0,0,,,,,0,,,,,0,0,,,
,"/en-ca/products/f5678-165cm5ft4-35kg-b-cup-silicone-ros-best-european-flat-chest-sex-doll%E4%B8%A8doll-senior",1,1,0,0,0,0,1,,0,0,0,0,1,1,,1,1,1,0,0,0,0,1,,0,0,0,0,1,1,,1,0,0,,,,,0,,,,,,0,0,,0
"Product","/products/f7114-155cm5-12ft-34-5kg-2-1-i-cup-robot-silicone-head-adult-asian-sex-doll-bezlya-doll",1,1,0,0,0,0,1,,0,0,0,0,1,1,,1,1,1,0,0,0,0,1,,0,0,0,0,1,1,,1,0,0,,,,,0,,,,,,0,0,,0
"Product","/collections/sex-doll-torso/products/592-67lb-75cm-bbw-sex-doll-torso-big-tits-big-ass-sex-doll-torso",1,1,0,0,0,0,6,,0,0,0,92,6,0,,0,1,1,0,0,0,0,6,,0,0,0,92,6,0,,0,0,0,,,,,0,,,,,0,0,,,
,"/en-ca/products/v26-vajancle-silicone-right-feet",1,1,0,0,0,0,1,,0,0,0,0,1,1,,1,1,1,0,0,0,0,1,,0,0,0,0,1,1,,1,0,0,,,,,0,,,,,,0,0,,0
,"/de/blogs/dolls-info-qustions/4-recommended-futa-sex-dolls-a-guide-to-realistic-touch-and-dual-gender-appeal",1,1,0,0,0,0,1,,0,0,0,0,1,1,,1,1,1,0,0,0,0,1,,0,0,0,0,1,1,,1,0,0,,,,,0,,,,,,0,0,,0
"Collection","/collections/self-cleaning-ai-sex-doll",1,1,0,0,0,0,2,,0,0,0,37,2,0,,0,1,1,0,0,0,0,2,,0,0,0,37,2,0,,0,0,0,,,,,0,,,,,0,0,,,
,"/en-ca/products/p382-2-4lb-dragon-head-silicone-hentai-sex-doll-torso-toy-male-masturbator-mrl",1,1,0,0,0,0,1,,0,0,0,0,1,1,,1,1,1,0,0,0,0,1,,0,0,0,0,1,1,,1,0,0,,,,,0,,,,,,0,0,,0
"Blog Article","/blogs/dolls-info-qustions/big-booty-sex-doll-a-complete-breakdown",1,1,0,0,0,0,1,,0,0,0,0,1,1,,1,1,1,0,0,0,0,1,,0,0,0,0,1,1,,1,0,0,,,,,0,,,,,,0,0,,0
"Collection","/collections/mlw-doll-head-videos",1,1,0,0,0,0,9,,0,0,0,166,9,0,,0,1,1,0,0,0,0,9,,0,0,0,166,9,0,,0,0,0,,,,,0,,,,,0,0,,,
"Blog Article","/blogs/dolls-info-qustions/sex-doll-robots",1,1,0,0,0,0,1,,0,0,0,0,1,1,,1,1,1,0,0,0,0,1,,0,0,0,0,1,1,,1,0,0,,,,,0,,,,,,0,0,,0
"Product","/products/f3508-159cm5ft2-49kg-o-cup-big-tits-silicone-head-sex-doll-climax-doll-classic",1,1,0,0,0,0,1,,0,0,0,0,1,1,,1,1,1,0,0,0,0,1,,0,0,0,0,1,1,,1,0,0,,,,,0,,,,,,0,0,,0
,"/en-ca/products/a458-43-43lb-silicone-1-1-life-size-doggy-style-big-ass-lovenestle",1,1,0,0,0,0,10,,0,0,0,1147,10,0,,0,1,1,0,0,0,0,10,,0,0,0,1147,10,0,,0,0,0,,,,,0,,,,,0,0,,,
"Collection","/collections/anime-sex-doll-stpe",1,1,0,0,0,0,1,,0,0,0,0,1,1,,1,1,1,0,0,0,0,1,,0,0,0,0,1,1,,1,0,0,,,,,0,,,,,,0,0,,0
"Product","/products/a433-16-54lb-lucy-silicone-realistic-pussy-sex-doll-bubble-butt-hip-toy-lovenestle",1,1,0,0,0,0,1,,0,0,0,0,1,1,,1,1,1,0,0,0,0,1,,0,0,0,0,1,1,,1,0,0,,,,,0,,,,,,0,0,,0
"Product","/products/t283-107cm-3ft6-24kg-h-cup-natural-scarlett-reed-a-silicone-realistic-sex-doll-with-head-se-doll",1,1,0,0,0,0,2,,0,0,0,9,2,0,,0,1,1,0,0,0,0,2,,0,0,0,9,2,0,,0,0,0,,,,,0,,,,,0,0,,,
,"/de/collections/femboys-sex-doll",1,1,0,0,0,0,1,,0,0,0,0,1,1,,1,1,1,0,0,0,0,1,,0,0,0,0,1,1,,1,0,0,,,,,0,,,,,,0,0,,0
"Blog Article","/blogs/dolls-info-qustions/asian-sex-dolls-are-going-viral-they-not-only-understand-you-but-they-also-know-how-to-flirt",1,1,0,0,0,0,1,,0,0,0,0,1,1,,1,1,1,0,0,0,0,1,,0,0,0,0,1,1,,1,0,0,,,,,0,,,,,,0,0,,0
"Product","/products/f1372-158cm-i-cup-tanned-lola-sex-doll-irontech-doll",1,1,0,0,0,0,1,,0,0,0,0,1,1,,1,1,1,0,0,0,0,1,,0,0,0,0,1,1,,1,0,0,,,,,0,,,,,,0,0,,0
,"/ja/collections/sex-doll-videos",1,1,0,0,0,0,1,,0,0,0,0,1,1,,1,1,1,0,0,0,0,1,,0,0,0,0,1,1,,1,0,0,,,,,0,,,,,,0,0,,0
"Collection","/collections/sex-doll-ass",1,1,0,0,0,0,12,,0,0,0,492,12,0,,0,1,1,0,0,0,0,12,,0,0,0,492,12,0,,0,0,0,,,,,0,,,,,0,0,,,
"Product","/products/661-mini-sex-doll-torso",1,1,0,0,0,0,3,,0,0,0,323,3,0,,0,1,1,0,0,0,0,3,,0,0,0,323,3,0,,0,0,0,,,,,0,,,,,0,0,,,
"Collection","/collections/british-sex-doll",1,1,0,0,0,0,1,,0,0,0,0,1,1,,1,1,1,0,0,0,0,1,,0,0,0,0,1,1,,1,0,0,,,,,0,,,,,,0,0,,0
"Blog Article","/blogs/dolls-info-qustions/porn-stars-brought-to-life-the-irontech-porn-star-series-that-ignites-your-desire",1,1,0,0,0,0,2,,0,0,0,2,2,0,,0,1,1,0,0,0,0,2,,0,0,0,2,2,0,,0,0,0,,,,,0,,,,,0,0,,,
,"/vi/blogs/dolls-info-qustions/how-to-make-fake-pussy",1,1,0,0,0,0,1,,0,0,0,0,1,1,,1,1,1,0,0,0,0,1,,0,0,0,0,1,1,,1,0,0,,,,,0,,,,,,0,0,,0
"Product","/products/f7033-170cm-6ft6-38kg-g-cup-tpe-sexual-european-sex-doll-in-stock-usa-castle-doll",1,1,1,0,0,0,19,,1,0,0,823,19,0,,0,1,1,1,0,0,0,19,,1,0,0,823,19,0,,0,0,0,0,,,,0,,0,,,0,0,,,
,"/de/products/a720-s-tpe-bbw-big-ass-fat-sex-doll-torso",1,1,0,0,0,0,2,,0,0,0,73,2,0,,0,1,1,0,0,0,0,2,,0,0,0,73,2,0,,0,0,0,,,,,0,,,,,0,0,,,
,"/en-fi/collections/huge-breasts-sex-dolls",1,1,0,0,0,0,1,,0,0,0,0,1,1,,1,1,1,0,0,0,0,1,,0,0,0,0,1,1,,1,0,0,,,,,0,,,,,,0,0,,0
,"/en-ca/products/58313-2lb-27-5-sex-doll-legs",1,1,0,0,0,0,1,,0,0,0,0,1,1,,1,1,1,0,0,0,0,1,,0,0,0,0,1,1,,1,0,0,,,,,0,,,,,,0,0,,0
,"/en-fi/blogs/dolls-info-qustions/how-to-properly-use-chinese-sex-dolls-a-comprehensive-guide",1,1,0,0,0,0,7,,0,0,0,162,7,0,,0,1,1,0,0,0,0,7,,0,0,0,162,7,0,,0,0,0,,,,,0,,,,,0,0,,,
"Product","/products/h959-sex-doll-head-silicone-girl-with-dreadlocks-irontech-doll-head",1,1,0,0,0,0,4,,0,0,0,183,4,0,,0,1,1,0,0,0,0,4,,0,0,0,183,4,0,,0,0,0,,,,,0,,,,,0,0,,,
,"/ja/collections/milf-sex-dolls",1,1,0,0,0,0,39,,0,0,0,1454,39,0,,0,1,1,0,0,0,0,39,,0,0,0,1454,39,0,,0,0,0,,,,,0,,,,,0,0,,,
"Product","/products/f5666-175cm-5ft7-e-cup-movable-jaws-silicone-sex-doll-inspiration-zelex-doll",1,1,0,0,0,0,45,,0,0,0,2858,45,0,,0,1,1,0,0,0,0,45,,0,0,0,2858,45,0,,0,0,0,,,,,0,,,,,0,0,,,
,"/ja/blogs/recent-brand-updates-new-arrivals-for-sex-dolls/se-x-bot-ai-sex-doll-head-review",1,1,0,0,0,0,1,,0,0,0,0,1,1,,1,1,1,0,0,0,0,1,,0,0,0,0,1,1,,1,0,0,,,,,0,,,,,,0,0,,0
"Product","/products/f1390-160cm-e-cup-lady-anya-sex-doll-irontech-doll",1,1,0,0,0,0,1,,0,0,0,0,1,1,,1,1,1,0,0,0,0,1,,0,0,0,0,1,1,,1,0,0,,,,,0,,,,,,0,0,,0
,"/en-ca/products/f6340-168cm-35kg-f-cup-silicone-doll-ros-head",1,1,0,0,0,0,1,,0,0,0,0,1,1,,1,1,1,0,0,0,0,1,,0,0,0,0,1,1,,1,0,0,,,,,0,,,,,,0,0,,0
"Product","/products/f4711-150cm4-11ft-26kg-2-0-c-cup-anime-robot-silicone-head-adult-chinese-sex-doll-bezlya-doll",1,1,0,0,0,0,1,,0,0,0,0,1,1,,1,1,1,0,0,0,0,1,,0,0,0,0,1,1,,1,0,0,,,,,0,,,,,,0,0,,0
"Blog Article","/blogs/dolls-info-qustions/a-closer-look-at-the-firefly-diary-brand",1,1,0,0,0,0,2,,0,0,0,7,2,0,,0,1,1,0,0,0,0,2,,0,0,0,7,2,0,,0,0,0,,,,,0,,,,,0,0,,,
"Product","/products/t285k-103cm-3ft5-j-cup-natural-nadia-voss-a-silicon-sex-doll-torso-with-head-in-stock-us-eu-se-doll",1,1,0,0,0,0,1,,0,0,0,1,1,1,,1,1,1,0,0,0,0,1,,0,0,0,1,1,1,,1,0,0,,,,,0,,,,,0,0,0,,0
"Product","/products/f4819-161cm-5ft346kg-m-cup-sexy-silicone-ros-biggest-bbw-sex-doll-hr-doll",1,1,0,0,0,0,2,,0,0,0,43,2,0,,0,1,1,0,0,0,0,2,,0,0,0,43,2,0,,0,0,0,,,,,0,,,,,0,0,,,
"Product","/products/f7659-150cm4ft11-25kg-d-cup-silicone-ros-japanese-mini-sex-doll-miye-with-implanted-hair-gel-breast-oral%E4%B8%A8doll-seniorhttps://linkdolls.com/products/f7659-150cm4ft11-25kg-d-cup-silicone-ros-japanese-mini-sex-doll-miye-with-implanted-hair-gel-breast-oral%E4%B8%A8doll-seniorhttps://linkdolls.com/products/f7659-150cm4ft11-25kg-d-cup-silicone-ros-japanese-mini-sex-doll-miye-with-implanted-hair-gel-breast-oral%E4%B8%A8doll-senior",1,1,0,0,0,0,4,,0,0,0,1038,4,0,,0,1,1,0,0,0,0,4,,0,0,0,1038,4,0,,0,0,0,,,,,0,,,,,0,0,,,
,"/de/blogs/dolls-info-qustions/what-to-do-if-your-sex-doll-is-too-heavy-a-practical-guide",1,1,0,0,0,0,1,,0,0,0,0,1,1,,1,1,1,0,0,0,0,1,,0,0,0,0,1,1,,1,0,0,,,,,0,,,,,,0,0,,0
,"/ja/collections/realistic-sex-doll-list",1,1,0,0,0,0,1,,0,0,0,0,1,1,,1,1,1,0,0,0,0,1,,0,0,0,0,1,1,,1,0,0,,,,,0,,,,,,0,0,,0
"Product","/products/a622-38-9lb-daisy-big-ass-realistic-pussy-sex-doll-with-tantabutt%E4%B8%A8tantaly",1,1,0,0,0,0,1,,0,0,0,0,1,1,,1,1,1,0,0,0,0,1,,0,0,0,0,1,1,,1,0,0,,,,,0,,,,,,0,0,,0
"Custom Page","/pages/sex-doll-video-4",1,1,0,0,0,0,1,,0,0,0,0,1,1,,1,1,1,0,0,0,0,1,,0,0,0,0,1,1,,1,0,0,,,,,0,,,,,,0,0,,0
"Product","/products/f9267-161cm5ft3-h-cup-huge-breast-adult-silicone-sex-doll-bbw-starpery-doll",1,1,0,0,0,0,1,,0,0,0,0,1,1,,1,1,1,0,0,0,0,1,,0,0,0,0,1,1,,1,0,0,,,,,0,,,,,,0,0,,0
,"/en-fi/collections/lesbian-sex-doll",1,1,0,0,0,0,1,,0,0,0,0,1,1,,1,1,1,0,0,0,0,1,,0,0,0,0,1,1,,1,0,0,,,,,0,,,,,,0,0,,0
,"/de/blogs/dolls-info-qustions/the-funniest-types-of-dolls-are-shemale-sex-dolls",1,1,0,0,0,0,1,,0,0,0,0,1,1,,1,1,1,0,0,0,0,1,,0,0,0,0,1,1,,1,0,0,,,,,0,,,,,,0,0,,0
,"/ja/blogs/dolls-info-qustions/why-have-flat-chested-sex-dolls-become-a-representation-of-modern-aesthetics",1,1,0,0,0,0,1,,0,0,0,0,1,1,,1,1,1,0,0,0,0,1,,0,0,0,0,1,1,,1,0,0,,,,,0,,,,,,0,0,,0
"Blog Article","/blogs/dolls-info-qustions/guide-to-sex-doll-torsos-choosing-the-perfect-companion-for-you",1,1,0,0,0,0,1,,0,0,0,0,1,1,,1,1,1,0,0,0,0,1,,0,0,0,0,1,1,,1,0,0,,,,,0,,,,,,0,0,,0
,"/de/products/b35-5-9lb-full-bust-23-2inch-cinnamon-silicone-titty-fucking-mammary-intercourse-sex-toy-titjob-boob-job-breast-sex-titty-fucking",1,1,0,0,0,0,1,,0,0,0,0,1,1,,1,1,1,0,0,0,0,1,,0,0,0,0,1,1,,1,0,0,,,,,0,,,,,,0,0,,0
"Product","/products/f2436-159cm5-2ft-39kg-d-cup-ai-chat-life-size-silicone-head-sex-doll-sigafun-doll",1,1,0,0,0,0,19,,0,0,0,521,19,0,,0,1,1,0,0,0,0,19,,0,0,0,521,19,0,,0,0,0,,,,,0,,,,,0,0,,,
"Collection","/collections/accessories",1,1,0,0,0,0,1,,0,0,0,0,1,1,,1,1,1,0,0,0,0,1,,0,0,0,0,1,1,,1,0,0,,,,,0,,,,,,0,0,,0
,"/en-ca/products/f1434-160cm5f3-39kg-f-cup-chubby-tpe-sex-doll-aibei-doll",1,1,0,0,0,0,31,,0,0,0,1101,31,0,,0,1,1,0,0,0,0,31,,0,0,0,1101,31,0,,0,0,0,,,,,0,,,,,0,0,,,
"Product","/products/f2225-159cm-a-cup-kylie-cosplay-elf-tpe-sex-doll-fun-west-doll",1,1,1,0,0,0,14,,1,0,0,709,14,0,,0,1,1,1,0,0,0,14,,1,0,0,709,14,0,,0,0,0,0,,,,0,,0,,,0,0,,,
"Product","/products/f9407-151cm-4ft11-29kg-silicone-hentai-sex-doll-anime-elsa-babe",1,1,0,0,0,0,1,,0,0,0,0,1,1,,1,1,1,0,0,0,0,1,,0,0,0,0,1,1,,1,0,0,,,,,0,,,,,,0,0,,0
"Product","/products/a349-26-5lbs-56cm-tpe-realistic-big-ass-torso-sex-dolls-in-stock-eu-yq",1,1,1,0,0,0,2,,1,0,0,7,2,0,,0,1,1,1,0,0,0,2,,1,0,0,7,2,0,,0,0,0,0,,,,0,,0,,,0,0,,,
"Product","/products/t70-43lb-korina-lifelike-silicone-sex-doll-torso-sigafun-doll",1,1,0,0,0,0,1,,0,0,0,0,1,1,,1,1,1,0,0,0,0,1,,0,0,0,0,1,1,,1,0,0,,,,,0,,,,,,0,0,,0
,"/en-fi/cart",1,1,0,0,0,0,1,,0,0,0,0,1,1,,1,1,1,0,0,0,0,1,,0,0,0,0,1,1,,1,0,0,,,,,0,,,,,,0,0,,0
,"/en-fi/collections/celebrity-sex-dolls",1,1,0,0,0,0,1,,0,0,0,0,1,1,,1,1,1,0,0,0,0,1,,0,0,0,0,1,1,,1,0,0,,,,,0,,,,,,0,0,,0
,"/ja/blogs/dolls-info-qustions/futa-sex-dolls-where-fantasy-meets-reality-in-the-world-of-anime-temptation",1,1,0,0,0,0,1,,0,0,0,0,1,1,,1,1,1,0,0,0,0,1,,0,0,0,0,1,1,,1,0,0,,,,,0,,,,,,0,0,,0
"Product","/products/p129-real-feel-silicone-pocket-pussy-highly-detailed-design-firefly-diary",1,1,0,0,0,0,37,,0,0,0,1468,37,0,,0,1,1,0,0,0,0,37,,0,0,0,1468,37,0,,0,0,0,,,,,0,,,,,0,0,,,
,"/en-ca/products/8966157467887",1,1,0,0,0,0,1,,0,0,0,0,1,1,,1,1,1,0,0,0,0,1,,0,0,0,0,1,1,,1,0,0,,,,,0,,,,,,0,0,,0
,"/de/collections/blonde-sex-dolls",1,1,0,0,0,0,13,,0,0,0,1616,13,0,,0,1,1,0,0,0,0,13,,0,0,0,1616,13,0,,0,0,0,,,,,0,,,,,0,0,,,
,"/en-ca/blogs/featured-blog/2025-top-sex-doll-brands-annual-update-summary",1,1,0,0,0,0,2,,0,0,0,277,2,0,,0,1,1,0,0,0,0,2,,0,0,0,277,2,0,,0,0,0,,,,,0,,,,,0,0,,,
"Product","/products/f7595-163cm5-3ft-f-cup-great-huge-butt-tpe-ai-big-ass-bbw-chubby-sex-doll-for-men-in-stock-usa-%E4%B8%A8sy-doll",1,1,0,0,0,0,26,,0,0,0,666,26,0,,0,1,1,0,0,0,0,26,,0,0,0,666,26,0,,0,0,0,,,,,0,,,,,0,0,,,
,"/en-fi",1,1,0,0,0,0,1,,0,0,0,0,1,1,,1,1,1,0,0,0,0,1,,0,0,0,0,1,1,,1,0,0,,,,,0,,,,,,0,0,,0
,"/en-fi/collections/1600-1999-sex-doll",1,1,0,0,0,0,1,,0,0,0,0,1,1,,1,1,1,0,0,0,0,1,,0,0,0,0,1,1,,1,0,0,,,,,0,,,,,,0,0,,0
"Product","/products/h297-silicone-sex-doll-head%E4%B8%A8angel-kiss-doll-head-2",1,1,0,0,0,0,1,,0,0,0,0,1,1,,1,1,1,0,0,0,0,1,,0,0,0,0,1,1,,1,0,0,,,,,0,,,,,,0,0,,0
,"/de/collections/electric-male-sex-doll",1,1,0,0,0,0,1,,0,0,0,0,1,1,,1,1,1,0,0,0,0,1,,0,0,0,0,1,1,,1,0,0,,,,,0,,,,,,0,0,,0
,"/en-ca/collections/big-ass-sex-doll-mini-torso",1,1,0,0,0,0,5,,0,0,0,1090,5,0,,0,1,1,0,0,0,0,5,,0,0,0,1090,5,0,,0,0,0,,,,,0,,,,,0,0,,,
,"/en-ca/collections/anime-elf-sex-doll",1,1,0,0,0,0,1,,0,0,0,0,1,1,,1,1,1,0,0,0,0,1,,0,0,0,0,1,1,,1,0,0,,,,,0,,,,,,0,0,,0
"Checkout","/checkouts/cn/815671ec20a4c782ed951344496a50c7/thank_you",1,1,0,0,1,1,7,,0,0,0,234,7,0,,0,1,1,0,0,1,1,7,,0,0,0,234,7,0,,0,0,0,,,0,0,0,,,,,0,0,,,
"Product","/products/f9338-aitia-doll-asian-life-like-sex-doll-silicone-ros-155m-38kg-2-2cf",1,1,0,0,0,0,19,,0,0,0,513,19,0,,0,1,1,0,0,0,0,19,,0,0,0,513,19,0,,0,0,0,,,,,0,,,,,0,0,,,
,"/en-fi/products/f8170-150cm4-9ft-27-6kg-f-cup-ros-max-r8-lena-silicone-sex-doll-real-lady",1,1,0,0,0,0,12,,0,0,0,1128,12,0,,0,1,1,0,0,0,0,12,,0,0,0,1128,12,0,,0,0,0,,,,,0,,,,,0,0,,,
"Product","/products/f4830-158cm-29kg-d-cup-elf-fantasy-tpe-sexual-best-alien-sex-doll-in-stock-usa-castle-doll",1,1,1,0,0,0,35,,1,0,0,3992,35,0,,0,1,1,1,0,0,0,35,,1,0,0,3992,35,0,,0,0,0,0,,,,0,,0,,,0,0,,,
,"/en-fi/blogs/dolls-info-qustions/newbie-torso-sex-doll-buying-tutorial-the-best-selection-guide-at-the-same-price",1,1,0,0,0,0,1,,0,0,0,0,1,1,,1,1,1,0,0,0,0,1,,0,0,0,0,1,1,,1,0,0,,,,,0,,,,,,0,0,,0
"Product","/products/p80-megumi-shemale-sex-doll-torso-11-inch-dildo-3-channels",1,1,0,0,0,0,1,,0,0,0,0,1,1,,1,1,1,0,0,0,0,1,,0,0,0,0,1,1,,1,0,0,,,,,0,,,,,,0,0,,0
,"/en-ca/products/f5493-172cm5-6ft-43-5kg-e-cup-ai-stpe-sex-doll%E4%B8%A8wm-doll",1,1,0,0,0,0,12,,0,0,0,345,12,0,,0,1,1,0,0,0,0,12,,0,0,0,345,12,0,,0,0,0,,,,,0,,,,,0,0,,,
"Blog Article","/blogs/dolls-info-qustions/inside-the-climax-factory-redefining-sex-doll-quality-and-the-future-of-touch",1,1,0,0,0,0,1,,0,0,0,0,1,1,,1,1,1,0,0,0,0,1,,0,0,0,0,1,1,,1,0,0,,,,,0,,,,,,0,0,,0
,"/de/products/8922128220399",1,1,0,0,0,0,1,,0,0,0,0,1,1,,1,1,1,0,0,0,0,1,,0,0,0,0,1,1,,1,0,0,,,,,0,,,,,,0,0,,0
,"/en-ca/products/h1048-silicone-sex-doll-head%E4%B8%A8aibei-doll-head",1,1,0,0,0,0,1,,0,0,0,0,1,1,,1,1,1,0,0,0,0,1,,0,0,0,0,1,1,,1,0,0,,,,,0,,,,,,0,0,,0
,"/en-fi/collections/irontech-doll-factory-photos",1,1,0,0,0,0,1,,0,0,0,0,1,1,,1,1,1,0,0,0,0,1,,0,0,0,0,1,1,,1,0,0,,,,,0,,,,,,0,0,,0
"Checkout","/checkouts/ac/hWNDJRPKWVQSdRIcGLbF9vBi/en-us",1,1,1,0,0,0,19,,1,0,0,704,19,0,,0,1,1,1,0,0,0,19,,1,0,0,704,19,0,,0,0,0,0,,,,0,,0,,,0,0,,,
"Blog Article","/blogs/dolls-info-qustions/sex-doll-shops-in-la",1,1,0,0,0,0,5,,0,0,0,33,5,0,,0,1,1,0,0,0,0,5,,0,0,0,33,5,0,,0,0,0,,,,,0,,,,,0,0,,,
"Product","/products/t445-27-56lb-silicone-bbw-sex-doll-torso-for-men-lovenestle",1,1,0,0,0,0,10,,0,0,0,281,10,0,,0,1,1,0,0,0,0,10,,0,0,0,281,10,0,,0,0,0,,,,,0,,,,,0,0,,,
"Blog Article","/blogs/recent-brand-updates-new-arrivals-for-sex-dolls/irontech-brand-new-iron-ai-complete-highlights-breakdown",1,1,0,0,0,0,1,,0,0,0,0,1,1,,1,1,1,0,0,0,0,1,,0,0,0,0,1,1,,1,0,0,,,,,0,,,,,,0,0,,0
,"/de/collections/jiuai",1,1,0,0,0,0,1,,0,0,0,0,1,1,,1,1,1,0,0,0,0,1,,0,0,0,0,1,1,,1,0,0,,,,,0,,,,,,0,0,,0
"Blog Article","/blogs/dolls-info-qustions/top-10-sex-doll-torsos-with-the-best-butt-feel",1,1,0,0,0,0,2,,0,0,0,195,2,0,,0,1,1,0,0,0,0,2,,0,0,0,195,2,0,,0,0,0,,,,,0,,,,,0,0,,,
"Blog Article","/blogs/dolls-info-qustions/what-are-ultra-soft-sex-dolls-the-real-feel-revolution-from-material-to-touch",1,1,0,0,0,0,1,,0,0,0,0,1,1,,1,1,1,0,0,0,0,1,,0,0,0,0,1,1,,1,0,0,,,,,0,,,,,,0,0,,0
,"/en-ca/pages/sex-doll-review-video-collection",1,1,0,0,0,0,1,,0,0,0,0,1,1,,1,1,1,0,0,0,0,1,,0,0,0,0,1,1,,1,0,0,,,,,0,,,,,,0,0,,0
"Checkout","/60719464687/orders/e35923205eb0cf19b399cd600b4bbbf4",1,1,0,0,0,0,1,,0,0,0,0,1,1,,1,1,1,0,0,0,0,1,,0,0,0,0,1,1,,1,0,0,,,,,0,,,,,,0,0,,0
"Blog Article","/blogs/dolls-info-qustions/if-you-dont-clean-your-silicone-love-doll-properly-what-consequences-will-you-face",1,1,0,0,0,0,1,,0,0,0,0,1,1,,1,1,1,0,0,0,0,1,,0,0,0,0,1,1,,1,0,0,,,,,0,,,,,,0,0,,0
,"/en-ca/products/f7105-165cm-5ft4-35kg-f-cup-silicon-sexual-european-sex-doll-castle-doll",1,1,0,0,0,0,1,,0,0,0,0,1,1,,1,1,1,0,0,0,0,1,,0,0,0,0,1,1,,1,0,0,,,,,0,,,,,,0,0,,0
,"/ja/products/9384277147887",1,1,0,0,0,0,1,,0,0,0,0,1,1,,1,1,1,0,0,0,0,1,,0,0,0,0,1,1,,1,0,0,,,,,0,,,,,,0,0,,0
"Blog Article","/blogs/featured-blog/guide-to-customizing-the-perfect-irontech-doll",1,1,0,0,0,0,2,,0,0,0,120,2,0,,0,1,1,0,0,0,0,2,,0,0,0,120,2,0,,0,0,0,,,,,0,,,,,0,0,,,
"Product","/products/f3551-162cm5-3ft-34kg-f-cup-milf-tpe-sex-doll%E4%B8%A8wm-doll",1,1,0,0,0,0,12,,0,0,0,818,12,0,,0,1,1,0,0,0,0,12,,0,0,0,818,12,0,,0,0,0,,,,,0,,,,,0,0,,,
"Blog Article","/blogs/dolls-info-qustions/newbie-torso-sex-doll-buying-tutorial-the-best-selection-guide-at-the-same-price",1,1,0,0,0,0,6,,0,0,0,410,6,0,,0,1,1,0,0,0,0,6,,0,0,0,410,6,0,,0,0,0,,,,,0,,,,,0,0,,,
,"/en-ca/products/f6009-158cm-5ft2-47kg-c-cup-asian-ros-silicone-sex-doll-shedoll",1,1,0,0,0,0,1,,0,0,0,0,1,1,,1,1,1,0,0,0,0,1,,0,0,0,0,1,1,,1,0,0,,,,,0,,,,,,0,0,,0
"Product","/products/t588v-torso-tpe-16lb-sucking-vibration-auto-clean",1,1,0,0,0,0,1,,0,0,0,0,1,1,,1,1,1,0,0,0,0,1,,0,0,0,0,1,1,,1,0,0,,,,,0,,,,,,0,0,,0
"Product","/products/f6102-168cm-5-5ft-51kg-g-cup-ros-silicone-realistic-sex-doll-evasdoll",1,1,0,0,0,0,1,,0,0,0,0,1,1,,1,1,1,0,0,0,0,1,,0,0,0,0,1,1,,1,0,0,,,,,0,,,,,,0,0,,0
,"/de/products/b42-7-7lbs-silicone-breast-vagina-sex-toy",1,1,0,0,0,0,3,,0,0,0,317,3,0,,0,1,1,0,0,0,0,3,,0,0,0,317,3,0,,0,0,0,,,,,0,,,,,0,0,,,
"Product","/products/climax-lightweight-flat-chested-torso-80cm-t733",1,1,0,0,0,0,7,,0,0,0,962,7,0,,0,1,1,0,0,0,0,7,,0,0,0,962,7,0,,0,0,0,,,,,0,,,,,0,0,,,
,"/en-ca/products/f2459-164cm5-4ft-39kg-g-cup-yuri-life-size-silicone-head-sex-doll-in-stock-us-sigafun-doll",1,1,0,0,0,0,3,,0,0,0,69,3,0,,0,1,1,0,0,0,0,3,,0,0,0,69,3,0,,0,0,0,,,,,0,,,,,0,0,,,
"Collection","/collections/duomeishi",1,1,0,0,0,0,2,,0,0,0,147,2,0,,0,1,1,0,0,0,0,2,,0,0,0,147,2,0,,0,0,0,,,,,0,,,,,0,0,,,
"Collection","/collections/devil-fairy-alien-sex-dolls",1,1,0,0,0,0,1,,0,0,0,0,1,1,,1,1,1,0,0,0,0,1,,0,0,0,0,1,1,,1,0,0,,,,,0,,,,,,0,0,,0
,"/de/collections/tpe-torso",1,1,0,0,0,0,1,,0,0,0,0,1,1,,1,1,1,0,0,0,0,1,,0,0,0,0,1,1,,1,0,0,,,,,0,,,,,,0,0,,0
"Blog Article","/blogs/dolls-info-qustions/when-my-tpe-cheap-sex-doll-has-an-odor-what-should-i-do",1,1,0,0,0,0,1,,0,0,0,0,1,1,,1,1,1,0,0,0,0,1,,0,0,0,0,1,1,,1,0,0,,,,,0,,,,,,0,0,,0
"Collection","/collections/xingse-doll-in-stock-usa",1,1,0,0,0,0,3,,0,0,0,74,3,0,,0,1,1,0,0,0,0,3,,0,0,0,74,3,0,,0,0,0,,,,,0,,,,,0,0,,,
"Product","/products/b38-silicone-sex-doll-titfuck-torso-realistic-titfuck-to-climax",1,1,0,0,0,0,2,,0,0,0,17,2,0,,0,1,1,0,0,0,0,2,,0,0,0,17,2,0,,0,0,0,,,,,0,,,,,0,0,,,
"Blog Index","/blogs/real-sex-doll-reviews-pros-cons-real-usage-tests",1,1,0,0,0,0,1,,0,0,0,0,1,1,,1,1,1,0,0,0,0,1,,0,0,0,0,1,1,,1,0,0,,,,,0,,,,,,0,0,,0
,"/en-fi/blogs/dolls-info-qustions/10-countries-legal-to-buy-sex-dolls",1,1,0,0,0,0,1,,0,0,0,0,1,1,,1,1,1,0,0,0,0,1,,0,0,0,0,1,1,,1,0,0,,,,,0,,,,,,0,0,,0
"Blog Article","/blogs/dolls-info-qustions/sex-dolls-dressing-guide",1,1,0,0,0,0,4,,0,0,0,76,4,0,,0,1,1,0,0,0,0,4,,0,0,0,76,4,0,,0,0,0,,,,,0,,,,,0,0,,,
"Blog Article","/blogs/dolls-info-qustions/troubleshooting-common-issues-with-sex-dolls-upon-arrival-and-effective-solutions",1,1,0,0,0,0,1,,0,0,0,0,1,1,,1,1,1,0,0,0,0,1,,0,0,0,0,1,1,,1,0,0,,,,,0,,,,,,0,0,,0
"Product","/products/f4283-163cm5ft3-34kg-c-cup-asian-tpe-real-femboy-sex-doll-wm-doll",1,1,0,0,0,0,2,,0,0,0,32,2,0,,0,1,1,0,0,0,0,2,,0,0,0,32,2,0,,0,0,0,,,,,0,,,,,0,0,,,
"Product","/products/f2536-164cm-f-cup-s40-big-boobs-silicone-sex-doll-irontech-doll",1,1,0,0,0,0,6,,0,0,0,268,6,0,,0,1,1,0,0,0,0,6,,0,0,0,268,6,0,,0,0,0,,,,,0,,,,,0,0,,,
"Product","/products/climax-doll-60cm-life-size-sex-doll-torso-t741",1,1,0,0,0,0,1,,0,0,0,0,1,1,,1,1,1,0,0,0,0,1,,0,0,0,0,1,1,,1,0,0,,,,,0,,,,,,0,0,,0
"Product","/products/f2295-166cm5ft5-c-cup-aurora-a-tpe-sex-dolls-se-doll",1,1,0,0,0,0,33,,0,0,0,1708,33,0,,0,1,1,0,0,0,0,33,,0,0,0,1708,33,0,,0,0,0,,,,,0,,,,,0,0,,,
"Blog Article","/blogs/dolls-info-qustions/linkdolls-2025-anal-sex-doll-championship",1,1,0,0,0,0,1,,0,0,0,0,1,1,,1,1,1,0,0,0,0,1,,0,0,0,0,1,1,,1,0,0,,,,,0,,,,,,0,0,,0
"Product","/products/f6105-172cm-5-6ft-45kg-d-cup-asian-ros-silicone-realistic-sex-doll-evasdoll",1,1,0,0,0,0,2,,0,0,0,193,2,0,,0,1,1,0,0,0,0,2,,0,0,0,193,2,0,,0,0,0,,,,,0,,,,,0,0,,,
"Product","/products/t600-19-8-lbs-b-cup-realistic-silicone-life-size-sex-doll-torso-top-fire-doll",1,1,1,0,0,0,32,,1,0,0,4218,32,0,,0,1,1,1,0,0,0,32,,1,0,0,4218,32,0,,0,0,0,0,,,,0,,0,,,0,0,,,
"Blog Index","/blogs/real-sex-doll-reviews-pros-cons-real-usage-tests/tagged/sex-doll-review",1,1,0,0,0,0,8,,0,0,0,752,8,0,,0,1,1,0,0,0,0,8,,0,0,0,752,8,0,,0,0,0,,,,,0,,,,,0,0,,,
"Blog Article","/blogs/sex-doll-torso-blog/4-best-sex-doll-torsos-for-titty-sex",1,1,0,0,0,0,1,,0,0,0,0,1,1,,1,1,1,0,0,0,0,1,,0,0,0,0,1,1,,1,0,0,,,,,0,,,,,,0,0,,0
"Product","/products/52815-4lb-53cm-black-big-coke-male-sex-dolls-torso-for-women",1,1,0,0,0,0,1,,0,0,0,0,1,1,,1,1,1,0,0,0,0,1,,0,0,0,0,1,1,,1,0,0,,,,,0,,,,,,0,0,,0
"Product","/products/f5143-163cm-d-cup-sexy-beach-beauty-ros-silicone-sex-doll-galatea-doll",1,1,1,0,0,0,4,,1,0,0,474,4,0,,0,1,1,1,0,0,0,4,,1,0,0,474,4,0,,0,0,0,0,,,,0,,0,,,0,0,,,
,"/en-ca/blogs/dolls-info-qustions/creating-the-perfect-companion-the-ultimate-guide-to-sex-doll-hair-care",1,1,0,0,0,0,1,,0,0,0,0,1,1,,1,1,1,0,0,0,0,1,,0,0,0,0,1,1,,1,0,0,,,,,0,,,,,,0,0,,0
"Checkout","/orders/6988977012975",1,1,0,0,0,0,1,,0,0,0,0,1,1,,1,1,1,0,0,0,0,1,,0,0,0,0,1,1,,1,0,0,,,,,0,,,,,,0,0,,0
,"/en-fi/pages/linkdolls-my-whatsapp",1,1,0,0,0,0,1,,0,0,0,0,1,1,,1,1,1,0,0,0,0,1,,0,0,0,0,1,1,,1,0,0,,,,,0,,,,,,0,0,,0
"Product","/products/f2169-157cm5-15ft-35kg-c-cup-meru-fantasy-alien-silicone-hentai-sex-doll%E4%B8%A8climax-doll-ultra",1,1,0,0,0,0,1,,0,0,0,0,1,1,,1,1,1,0,0,0,0,1,,0,0,0,0,1,1,,1,0,0,,,,,0,,,,,,0,0,,0
"Collection","/collections/20s-sex-doll",1,1,0,0,0,0,2,,0,0,0,5,2,0,,0,1,1,0,0,0,0,2,,0,0,0,5,2,0,,0,0,0,,,,,0,,,,,0,0,,,
"Product","/products/f2464-163cm5-3ft-40kg-c-cup-amani-dark-realistic-silicone-head-sex-doll-in-stock-us-sigafun-doll",1,1,0,0,0,0,2,,0,0,0,676,2,0,,0,1,1,0,0,0,0,2,,0,0,0,676,2,0,,0,0,0,,,,,0,,,,,0,0,,,
"Blog Article","/blogs/dolls-info-qustions/top-8-big-ass-sex-doll-torsos-you-can-t-resist",1,1,0,0,0,0,1,,0,0,0,0,1,1,,1,1,1,0,0,0,0,1,,0,0,0,0,1,1,,1,0,0,,,,,0,,,,,,0,0,,0
"Collection","/collections/fit-sex-doll",1,1,0,0,0,0,1,,0,0,0,0,1,1,,1,1,1,0,0,0,0,1,,0,0,0,0,1,1,,1,0,0,,,,,0,,,,,,0,0,,0
"Checkout","/60719464687/orders/f8313f6e543100bf5d176183412a92e2",1,1,0,0,0,0,1,,0,0,0,0,1,1,,1,1,1,0,0,0,0,1,,0,0,0,0,1,1,,1,0,0,,,,,0,,,,,,0,0,,0
,"/en-ca/products/h027-sex-doll-head",1,1,0,0,0,0,3,,0,0,0,141,3,0,,0,1,1,0,0,0,0,3,,0,0,0,141,3,0,,0,0,0,,,,,0,,,,,0,0,,,
"Product","/products/f3880-167cm-5ft5-bearded-dad-tpe-body-silicone-head-male-sex-doll-hr-doll",1,1,0,0,0,0,1,,0,0,0,0,1,1,,1,1,1,0,0,0,0,1,,0,0,0,0,1,1,,1,0,0,,,,,0,,,,,,0,0,,0
,"/en-fi/blogs/dolls-info-qustions",1,1,0,0,0,0,1,,0,0,0,0,1,1,,1,1,1,0,0,0,0,1,,0,0,0,0,1,1,,1,0,0,,,,,0,,,,,,0,0,,0
"Collection","/collections/65cm-sex-doll",1,1,0,0,0,0,1,,0,0,0,0,1,1,,1,1,1,0,0,0,0,1,,0,0,0,0,1,1,,1,0,0,,,,,0,,,,,,0,0,,0
,"/ja/blogs/dolls-info-qustions/break-the-rules-discover-the-pleasure-of-anal-sex",1,1,0,0,0,0,1,,0,0,0,0,1,1,,1,1,1,0,0,0,0,1,,0,0,0,0,1,1,,1,0,0,,,,,0,,,,,,0,0,,0
,"/de/collections/top-rated-japanese-sex-dolls-in-2026",1,1,0,0,0,0,1,,0,0,0,0,1,1,,1,1,1,0,0,0,0,1,,0,0,0,0,1,1,,1,0,0,,,,,0,,,,,,0,0,,0
"Product","/products/h659-thick-big-lips-silicone-sex-doll-head-%E4%B8%A8doll-castle-head",1,1,0,0,0,0,2,,0,0,0,33,2,0,,0,1,1,0,0,0,0,2,,0,0,0,33,2,0,,0,0,0,,,,,0,,,,,0,0,,,
"Product","/products/33lbs-lifelike-ass-sex-toy-tpe-ass-torso-doll",1,1,0,0,0,0,1,,0,0,0,0,1,1,,1,1,1,0,0,0,0,1,,0,0,0,0,1,1,,1,0,0,,,,,0,,,,,,0,0,,0
"Blog Article","/blogs/dolls-info-qustions/5-unexpected-reasons-you-must-try-shemale-sex-dolls-at-least-once",1,1,0,0,0,0,1,,0,0,0,0,1,1,,1,1,1,0,0,0,0,1,,0,0,0,0,1,1,,1,0,0,,,,,0,,,,,,0,0,,0
"Product","/products/t645-59-52lb-grace-ros-life-size-red-head-silicone-sex-doll-torso-with-head-in-stock-usa-max",1,1,0,0,0,0,56,,0,0,0,2365,56,0,,0,1,1,0,0,0,0,56,,0,0,0,2365,56,0,,0,0,0,,,,,0,,,,,0,0,,,
"Collection","/collections/top-cydoll-in-stock-usa",1,1,0,0,0,0,8,,0,0,0,822,8,0,,0,1,1,0,0,0,0,8,,0,0,0,822,8,0,,0,0,0,,,,,0,,,,,0,0,,,
,"/ja/collections/w-r-4-0",1,1,0,0,0,0,1,,0,0,0,3,1,1,,1,1,1,0,0,0,0,1,,0,0,0,3,1,1,,1,0,0,,,,,0,,,,,0,0,0,,0
"Blog Article","/blogs/dolls-info-qustions/irontech-default-configuration-fully-upgraded-premium-experience-delivered-instantly-truly-worth-every-penny",1,1,0,0,0,0,2,,0,0,0,1668,2,0,,0,1,1,0,0,0,0,2,,0,0,0,1668,2,0,,0,0,0,,,,,0,,,,,0,0,,,
,"/de/pages/all-category",1,1,0,0,0,0,8,,0,0,0,851,8,0,,0,1,1,0,0,0,0,8,,0,0,0,851,8,0,,0,0,0,,,,,0,,,,,0,0,,,
,"/en-fi/collections/sex-doll-torso-with-head",1,1,0,0,0,0,1,,0,0,0,0,1,1,,1,1,1,0,0,0,0,1,,0,0,0,0,1,1,,1,0,0,,,,,0,,,,,,0,0,,0
"Product","/products/p392-1-3lb-cteno-monster-girl-hentai-onahole-mrl",1,1,0,0,0,0,6,,0,0,0,419,6,0,,0,1,1,0,0,0,0,6,,0,0,0,419,6,0,,0,0,0,,,,,0,,,,,0,0,,,
"Product","/products/a325-4-6-lbs-silicone-male-sex-doll-torso-dildo-with-5-realistic-cock-yeloly",1,1,0,0,0,0,1,,0,0,0,0,1,1,,1,1,1,0,0,0,0,1,,0,0,0,0,1,1,,1,0,0,,,,,0,,,,,,0,0,,0
,"/ja/collections/breast-lovers",1,1,0,0,0,0,5,,0,0,0,133,5,0,,0,1,1,0,0,0,0,5,,0,0,0,133,5,0,,0,0,0,,,,,0,,,,,0,0,,,
"Collection","/collections/wm-doll-videos",1,1,0,0,0,0,107,,0,0,0,2080,107,0,,0,1,1,0,0,0,0,107,,0,0,0,2080,107,0,,0,0,0,,,,,0,,,,,0,0,,,
"Checkout","/60719464687/orders/3061efe6f80b305deb4b5e6cf37f6c1c",1,1,0,0,0,0,1,,0,0,0,0,1,1,,1,1,1,0,0,0,0,1,,0,0,0,0,1,1,,1,0,0,,,,,0,,,,,,0,0,,0
"Product","/products/f5624-158cm-5ft2-41kg-p-cup-silicone-ros-bbw-huge-breast-sex-dolls-hr-doll",1,1,0,0,0,0,3,,0,0,0,119,3,0,,0,1,1,0,0,0,0,3,,0,0,0,119,3,0,,0,0,0,,,,,0,,,,,0,0,,,
"Product","/products/v332-ultra-soft-silicone-foot-with-real-feel-texture-for-foot-fetish",1,1,0,0,0,0,1,,0,0,0,0,1,1,,1,1,1,0,0,0,0,1,,0,0,0,0,1,1,,1,0,0,,,,,0,,,,,,0,0,,0
,"/en-ca/collections/yl-doll",1,1,0,0,0,0,1,,0,0,0,0,1,1,,1,1,1,0,0,0,0,1,,0,0,0,0,1,1,,1,0,0,,,,,0,,,,,,0,0,,0
"Product","/products/f1567k-174cm-5ft7-d-cup-silicone-high-end-sex-dolls-in-stock-us-starpery-doll",1,1,0,0,0,0,47,,0,0,0,2352,47,0,,0,1,1,0,0,0,0,47,,0,0,0,2352,47,0,,0,0,0,,,,,0,,,,,0,0,,,
,"/ja/pages/shemale-sex-doll-guide",1,1,0,0,0,0,1,,0,0,0,0,1,1,,1,1,1,0,0,0,0,1,,0,0,0,0,1,1,,1,0,0,,,,,0,,,,,,0,0,,0
,"/en-ca/products/t424-48-5lbs-93cm-silicone-luxury-super-realistic-human-size-torso-sex-dolls-and-robots",1,1,0,0,0,0,14,,0,0,0,817,14,0,,0,1,1,0,0,0,0,14,,0,0,0,817,14,0,,0,0,0,,,,,0,,,,,0,0,,,
,"/en-fi/products/f7891-14kg-silicone-cute-furry-sex-doll-demon-sheep-rabbit-mrl",1,1,0,0,0,0,3,,0,0,0,59,3,0,,0,1,1,0,0,0,0,3,,0,0,0,59,3,0,,0,0,0,,,,,0,,,,,0,0,,,
,"/de/collections/18s-sex-doll",1,1,0,0,0,0,2,,0,0,0,50,2,0,,0,1,1,0,0,0,0,2,,0,0,0,50,2,0,,0,0,0,,,,,0,,,,,0,0,,,
,"/de/collections/fake-pussy-hentai-sex-doll",1,1,0,0,0,0,1,,0,0,0,0,1,1,,1,1,1,0,0,0,0,1,,0,0,0,0,1,1,,1,0,0,,,,,0,,,,,,0,0,,0
"Product","/products/f8089-166cm-5ft5-38kg-m18-asian-sex-doll-md-doll",1,1,0,0,0,0,1,,0,0,0,0,1,1,,1,1,1,0,0,0,0,1,,0,0,0,0,1,1,,1,0,0,,,,,0,,,,,,0,0,,0
"Product","/products/f9249-165cm5ft4-32kg-f-cup-sleeping-beauty-silicone-gel-breast-full-sized-sex-doll%E4%B8%A8doll-senior",1,1,0,0,0,0,12,,0,0,0,332,12,0,,0,1,1,0,0,0,0,12,,0,0,0,332,12,0,,0,0,0,,,,,0,,,,,0,0,,,
"Product","/products/v27-4-41-lbs-left-silicone-customizable-realistic-footjob-sex-toys-with-vajankle-size-eu-42-us-9-5",1,1,0,0,0,0,1,,0,0,0,0,1,1,,1,1,1,0,0,0,0,1,,0,0,0,0,1,1,,1,0,0,,,,,0,,,,,,0,0,,0
,"/en-ca/collections/sex-doll-legs-feet",1,1,0,0,0,0,8,,0,0,0,261,8,0,,0,1,1,0,0,0,0,8,,0,0,0,261,8,0,,0,0,0,,,,,0,,,,,0,0,,,
,"/en-ca/blogs/dolls-info-qustions/where-does-odor-come-from-dealing-with-odor-tips-for-keeping-your-sex-doll-fresh-and-clean",1,1,0,0,0,0,1,,0,0,0,0,1,1,,1,1,1,0,0,0,0,1,,0,0,0,0,1,1,,1,0,0,,,,,0,,,,,,0,0,,0
"Product","/products/f3414-157cm5ft2-32kg-d-cup-asian-tpe-sex-doll-aibei-doll",1,1,0,0,0,0,1,,0,0,0,0,1,1,,1,1,1,0,0,0,0,1,,0,0,0,0,1,1,,1,0,0,,,,,0,,,,,,0,0,,0
"Collection","/collections/shedoll-factory-photos",1,1,0,0,0,0,3,,0,0,0,13,3,0,,0,1,1,0,0,0,0,3,,0,0,0,13,3,0,,0,0,0,,,,,0,,,,,0,0,,,
,"/en-ca/products/f7528-163cm-d-cup-silicone-sex-doll-galatea-doll",1,1,0,0,0,0,1,,0,0,0,0,1,1,,1,1,1,0,0,0,0,1,,0,0,0,0,1,1,,1,0,0,,,,,0,,,,,,0,0,,0
"Product","/products/t666-39-7lbs-luxury-super-realistic-human-size-silicone-torso-sex-doll",1,1,0,0,0,0,1,,0,0,0,0,1,1,,1,1,1,0,0,0,0,1,,0,0,0,0,1,1,,1,0,0,,,,,0,,,,,,0,0,,0
"Product","/products/f1530-elsa-babe-165cm-5ft4-full-silicone-sexy-anime-sex-dolls",1,1,0,0,0,0,4,,0,0,0,122,4,0,,0,1,1,0,0,0,0,4,,0,0,0,122,4,0,,0,0,0,,,,,0,,,,,0,0,,,
,"/en-ca/blogs/dolls-info-qustions/%F0%9F%94%A5-2025-best-fake-ass-sex-toy-recommendations-6-ultra-realistic-big-booty-dolls-for-ultimate-pleasure",1,1,0,0,0,0,1,,0,0,0,0,1,1,,1,1,1,0,0,0,0,1,,0,0,0,0,1,1,,1,0,0,,,,,0,,,,,,0,0,,0
,"/en-fi/pages/sex-doll-review-video-collection",1,1,0,0,0,0,1,,0,0,0,0,1,1,,1,1,1,0,0,0,0,1,,0,0,0,0,1,1,,1,0,0,,,,,0,,,,,,0,0,,0
"Product","/products/f4918-150cm4ft9-26-2kg-b-cup-small-breast-tpe-sex-doll-aibei-doll",1,1,0,0,0,0,28,,0,0,0,3219,28,0,,0,1,1,0,0,0,0,28,,0,0,0,3219,28,0,,0,0,0,,,,,0,,,,,0,0,,,
,"/en-ca/products/t453-31-66lb-silicone-life-size-anime-sex-doll-torso-lovenestle",1,1,0,0,0,0,5,,0,0,0,235,5,0,,0,1,1,0,0,0,0,5,,0,0,0,235,5,0,,0,0,0,,,,,0,,,,,0,0,,,
"Product","/products/h415-ros-free-hair-impants-real-oral-movable-jaw-silicone-sex-doll-head-sy-doll",1,1,0,0,0,0,1,,0,0,0,0,1,1,,1,1,1,0,0,0,0,1,,0,0,0,0,1,1,,1,0,0,,,,,0,,,,,,0,0,,0
"Product","/products/f7018-153cm-5ft0-38kg-i-cup-tpe-sexual-mini-latina-sex-doll-in-stock-usa-castle-doll",1,1,0,0,0,0,7,,0,0,0,285,7,0,,0,1,1,0,0,0,0,7,,0,0,0,285,7,0,,0,0,0,,,,,0,,,,,0,0,,,
"Product","/products/f161-156cm-tpe-sex-doll",1,1,0,0,0,0,1,,0,0,0,0,1,1,,1,1,1,0,0,0,0,1,,0,0,0,0,1,1,,1,0,0,,,,,0,,,,,,0,0,,0
,"/en-ca/products/f2041-164cm5-4ft-34kg-j-cup-barge-breasts-tpe-sex-doll-wm-doll",1,1,0,0,0,0,1,,0,0,0,0,1,1,,1,1,1,0,0,0,0,1,,0,0,0,0,1,1,,1,0,0,,,,,0,,,,,,0,0,,0
,"/en-fi/products/f5150-163cm-d-cup-ros-silicone-sex-doll-galatea-doll",1,1,0,0,0,0,4,,0,0,0,134,4,0,,0,1,1,0,0,0,0,4,,0,0,0,134,4,0,,0,0,0,,,,,0,,,,,0,0,,,
,"/en-fi/blogs/featured-blog/the-best-hyper-realistic-sex-dolls-brands-features-and-buying-guide",1,1,0,0,0,0,1,,0,0,0,0,1,1,,1,1,1,0,0,0,0,1,,0,0,0,0,1,1,,1,0,0,,,,,0,,,,,,0,0,,0
,"/ja/collections/enchanting-delights-2024-top-real-sex-doll-recommendations",1,1,0,0,0,0,1,,0,0,0,0,1,1,,1,1,1,0,0,0,0,1,,0,0,0,0,1,1,,1,0,0,,,,,0,,,,,,0,0,,0
"Product","/products/f2556-159cm5-2ft-37kg-a-cup-youthful-look-realistic-silicone-sex-doll-in-stock-usa-fun-west-doll",1,1,0,0,0,0,2,,0,0,0,0,2,0,,0,1,1,0,0,0,0,2,,0,0,0,0,2,0,,0,0,0,,,,,0,,,,,,0,,,
,"/en-ca/products/f9134-150cm-4ft9-f-cup-mini-silicone-sex-doll-lidiya-starpery-doll",1,1,0,0,0,0,1,,0,0,0,0,1,1,,1,1,1,0,0,0,0,1,,0,0,0,0,1,1,,1,0,0,,,,,0,,,,,,0,0,,0
"Collection","/collections/big-ass-sex-doll",1,1,0,0,0,0,1,,0,0,0,0,1,1,,1,1,1,0,0,0,0,1,,0,0,0,0,1,1,,1,0,0,,,,,0,,,,,,0,0,,0
,"/en-ca/collections/anime-pocket-pussy",1,1,0,0,0,0,1,,0,0,0,0,1,1,,1,1,1,0,0,0,0,1,,0,0,0,0,1,1,,1,0,0,,,,,0,,,,,,0,0,,0
,"/en-ca/blogs/dolls-info-qustions/does-the-sex-doll-feel-real-an-honest-review-from-a-real-user",1,1,0,0,0,0,1,,0,0,0,0,1,1,,1,1,1,0,0,0,0,1,,0,0,0,0,1,1,,1,0,0,,,,,0,,,,,,0,0,,0
"Collection","/collections/galatea-doll-factory-photos",1,1,0,0,0,0,24,,0,0,0,2225,24,0,,0,1,1,0,0,0,0,24,,0,0,0,2225,24,0,,0,0,0,,,,,0,,,,,0,0,,,
"Product","/products/t005-13-28lbbig-boots-sex-doll-torso-male-masturbator-for-man",1,1,0,0,0,0,1,,0,0,0,0,1,1,,1,1,1,0,0,0,0,1,,0,0,0,0,1,1,,1,0,0,,,,,0,,,,,,0,0,,0
,"/de/blogs/dolls-info-qustions/want-to-play-bdsm-but-dont-know-how-to-start-sex-dolls-are-the-answer",1,1,0,0,0,0,3,,0,0,0,117,3,0,,0,1,1,0,0,0,0,3,,0,0,0,117,3,0,,0,0,0,,,,,0,,,,,0,0,,,
,"/ja/collections/sy-doll-videos",1,1,0,0,0,0,1,,0,0,0,0,1,1,,1,1,1,0,0,0,0,1,,0,0,0,0,1,1,,1,0,0,,,,,0,,,,,,0,0,,0
,"/en-fi/blogs/dolls-info-qustions/%F0%9F%94%A5-2025-best-fake-ass-sex-toy-recommendations-6-ultra-realistic-big-booty-dolls-for-ultimate-pleasure",1,1,0,0,0,0,1,,0,0,0,0,1,1,,1,1,1,0,0,0,0,1,,0,0,0,0,1,1,,1,0,0,,,,,0,,,,,,0,0,,0
"Custom Page","/pages/hentai-sex-doll-guide",1,1,0,0,0,0,2,,0,0,0,26,2,0,,0,1,1,0,0,0,0,2,,0,0,0,26,2,0,,0,0,0,,,,,0,,,,,0,0,,,
"Product","/products/f1248-164cm-f-cup-luna-big-boobs-doll-irontech-doll",1,1,0,0,0,0,8,,0,0,0,255,8,0,,0,1,1,0,0,0,0,8,,0,0,0,255,8,0,,0,0,0,,,,,0,,,,,0,0,,,
"Product","/products/p601-27lb-sex-doll-black-bottom-realistic-3d-ass-sex-doll",1,1,0,0,0,0,1,,0,0,0,0,1,1,,1,1,1,0,0,0,0,1,,0,0,0,0,1,1,,1,0,0,,,,,0,,,,,,0,0,,0
"Product","/products/h442-ros-free-hair-impants-real-oral-movable-jaw-silicone-sex-doll-head-sy-doll",1,1,0,0,0,0,1,,0,0,0,0,1,1,,1,1,1,0,0,0,0,1,,0,0,0,0,1,1,,1,0,0,,,,,0,,,,,,0,0,,0
,"/en-ca/products/f4569-162cm5-3ft-e-cup-great-bbw-big-butt-tpe-bbw-sex-doll%E4%B8%A8sy-doll",1,1,0,0,0,0,1,,0,0,0,0,1,1,,1,1,1,0,0,0,0,1,,0,0,0,0,1,1,,1,0,0,,,,,0,,,,,,0,0,,0
,"/en-ca/blogs/dolls-info-qustions/how-to-safely-and-enjoyably-use-a-vajankle",1,1,0,0,0,0,1,,0,0,0,0,1,1,,1,1,1,0,0,0,0,1,,0,0,0,0,1,1,,1,0,0,,,,,0,,,,,,0,0,,0
"Product","/products/f5635-166cm-5ft3-35-7kg-k-cup-silicone-celebrity-sex-dollzelex-sle-2-0-in-stock-usa-canada-zelex-doll",1,1,0,0,0,0,71,,0,0,0,4540,71,0,,0,1,1,0,0,0,0,71,,0,0,0,4540,71,0,,0,0,0,,,,,0,,,,,0,0,,,
"Blog Article","/blogs/dolls-info-qustions/shedoll-s-coolrush-tpe-a-game-changer-in-sex-doll-materials",1,1,0,0,0,0,1,,0,0,0,0,1,1,,1,1,1,0,0,0,0,1,,0,0,0,0,1,1,,1,0,0,,,,,0,,,,,,0,0,,0
"Product","/collections/bbw-sex-doll-torso/products/5-38lb-portable-big-boobs-with-butt-male-masturbator-521-sex-doll-torso",1,1,0,0,0,0,9,,0,0,0,168,9,0,,0,1,1,0,0,0,0,9,,0,0,0,168,9,0,,0,0,0,,,,,0,,,,,0,0,,,
"Checkout","/60719464687/orders/4c822c07546d1920f55d922380d10a57",1,1,0,0,0,0,1,,0,0,0,0,1,1,,1,1,1,0,0,0,0,1,,0,0,0,0,1,1,,1,0,0,,,,,0,,,,,,0,0,,0
"Blog Article","/blogs/dolls-info-qustions/ai-sex-dolls-market-expected-to-exceed-5-billion-dollars-by-2030-with-ai-technology-as-the-key-9",1,1,0,0,0,0,1,,0,0,0,0,1,1,,1,1,1,0,0,0,0,1,,0,0,0,0,1,1,,1,0,0,,,,,0,,,,,,0,0,,0
"Blog Article","/blogs/dolls-info-qustions/what-kind-of-soap-is-best-for-cleaning-torso-sex-dolls-2",1,1,0,0,0,0,5,,0,0,0,73,5,0,,0,1,1,0,0,0,0,5,,0,0,0,73,5,0,,0,0,0,,,,,0,,,,,0,0,,,
,"/en-ca/products/f5542-164cm5ft4-43kg-f-cup-black-tpe-sex-doll-irontech-doll",1,1,0,0,0,0,5,,0,0,0,190,5,0,,0,1,1,0,0,0,0,5,,0,0,0,190,5,0,,0,0,0,,,,,0,,,,,0,0,,,
"Product","/products/f7156-155mcm5-1ft-38kg-2-2cf-e-cup-mini-ros-silicone-asian-anime-celebrity-sex-doll-bezlya-doll",1,1,0,0,0,0,12,,0,0,0,269,12,0,,0,1,1,0,0,0,0,12,,0,0,0,269,12,0,,0,0,0,,,,,0,,,,,0,0,,,
"Product","/products/b213-realistic-teen-breast-vagina-masturbators",1,1,0,0,0,0,1,,0,0,0,0,1,1,,1,1,1,0,0,0,0,1,,0,0,0,0,1,1,,1,0,0,,,,,0,,,,,,0,0,,0
"Blog Article","/blogs/dolls-info-qustions/top-4-vajankle-foot-fetish-toys-you-can-t-miss-in-2026",1,1,0,0,0,0,2,,0,0,0,12,2,0,,0,1,1,0,0,0,0,2,,0,0,0,12,2,0,,0,0,0,,,,,0,,,,,0,0,,,
,"/en-ca/blogs/sex-doll-option-videos/video-16-wm-exclusive-real-oral-sexros",1,1,0,0,0,0,1,,0,0,0,0,1,1,,1,1,1,0,0,0,0,1,,0,0,0,0,1,1,,1,0,0,,,,,0,,,,,,0,0,,0
,"/en-fi/blogs/dolls-info-qustions/why-are-female-sex-dolls-more-popular-than-male-sex-dolls",1,1,0,0,0,0,1,,0,0,0,0,1,1,,1,1,1,0,0,0,0,1,,0,0,0,0,1,1,,1,0,0,,,,,0,,,,,,0,0,,0
"Product","/products/f4468-166cm5f4-41kg-h-cup-big-breast-tpe-medium-butt-sex-doll-aibei-doll",1,1,0,0,0,0,1,,0,0,0,0,1,1,,1,1,1,0,0,0,0,1,,0,0,0,0,1,1,,1,0,0,,,,,0,,,,,,0,0,,0
,"/de/collections/naked-sex-doll",1,1,0,0,0,0,1,,0,0,0,0,1,1,,1,1,1,0,0,0,0,1,,0,0,0,0,1,1,,1,0,0,,,,,0,,,,,,0,0,,0
,"/en-ca/blogs/dolls-info-qustions/what-s-it-really-like-to-have-sex-nbsp-with-a-sex-doll",1,1,0,0,0,0,1,,0,0,0,0,1,1,,1,1,1,0,0,0,0,1,,0,0,0,0,1,1,,1,0,0,,,,,0,,,,,,0,0,,0
,"/en-ca/products/f3699-161cm5-3ft-eileen-f-cup-tpe-blonde-latina-busty-beauty-big-ass-love-doll-se-doll",1,1,0,0,0,0,2,,0,0,0,158,2,0,,0,1,1,0,0,0,0,2,,0,0,0,158,2,0,,0,0,0,,,,,0,,,,,0,0,,,
"Product","/products/f1310-164cm-f-cup-carmel-big-boobs-doll-irontech-doll",1,1,0,0,0,0,11,,0,0,0,863,11,0,,0,1,1,0,0,0,0,11,,0,0,0,863,11,0,,0,0,0,,,,,0,,,,,0,0,,,
"Product","/products/f2387-163cm5-3ft-53kg-g-cup-s6-great-doggy-style-huge-butt-silicone-head-realistic-sex-doll-2025%E4%B8%A8sy-doll",1,1,0,0,0,0,6,,0,0,0,608,6,0,,0,1,1,0,0,0,0,6,,0,0,0,608,6,0,,0,0,0,,,,,0,,,,,0,0,,,
"Product","/products/a352-8-3lb-siliconewolf-ass-furry-sex-doll-torso-mrl",1,1,0,0,0,0,1,,0,0,0,0,1,1,,1,1,1,0,0,0,0,1,,0,0,0,0,1,1,,1,0,0,,,,,0,,,,,,0,0,,0
"Product","/products/f4249-160cm5-3ft-38kg-i-cup-anime-tpe-hentai-sex-doll%E4%B8%A8wm-doll",1,1,0,0,0,0,11,,0,0,0,2978,11,0,,0,1,1,0,0,0,0,11,,0,0,0,2978,11,0,,0,0,0,,,,,0,,,,,0,0,,,
,"/en-ca/collections/black-pocket-pussy",1,1,0,0,0,0,1,,0,0,0,0,1,1,,1,1,1,0,0,0,0,1,,0,0,0,0,1,1,,1,0,0,,,,,0,,,,,,0,0,,0
"Product","/products/a259-19lb-sexy-and-real-realistic-fat-lady-ass-sex-doll-torso",1,1,0,0,0,0,12,,0,0,0,1316,12,0,,0,1,1,0,0,0,0,12,,0,0,0,1316,12,0,,0,0,0,,,,,0,,,,,0,0,,,
"Product","/products/f1370-158cm-i-cup-rachel-sex-doll-irontech-doll",1,1,0,0,0,0,1,,0,0,0,0,1,1,,1,1,1,0,0,0,0,1,,0,0,0,0,1,1,,1,0,0,,,,,0,,,,,,0,0,,0
"Collection","/collections/medium-bust-japanese-sex-doll",1,1,0,0,0,0,2,,0,0,0,21,2,0,,0,1,1,0,0,0,0,2,,0,0,0,21,2,0,,0,0,0,,,,,0,,,,,0,0,,,
"Product","/products/t454-20-74lb-silicone-realistic-mini-sex-doll-torso-lovenestle",1,1,0,0,0,0,1,,0,0,0,0,1,1,,1,1,1,0,0,0,0,1,,0,0,0,0,1,1,,1,0,0,,,,,0,,,,,,0,0,,0
"Product","/products/h221-ros-silicone-sex-doll-head%E4%B8%A8galatea-doll-head",1,1,0,0,0,0,2,,0,0,0,0,2,0,,0,1,1,0,0,0,0,2,,0,0,0,0,2,0,,0,0,0,,,,,0,,,,,,0,,,
"Product","/products/f4668-165cm5-4ft-33kg-liam-a-c-cup-real-medium-butt-silicone-sex-doll-se-doll",1,1,1,1,1,1,68,1,1,1,1,4959,68,0,1,0,1,1,1,1,1,1,68,1,1,1,1,4959,68,0,1,0,0,0,0,0,0,0,0,0,0,0,0,0,0,,0,
"Blog Article","/blogs/featured-blog/how-to-use-and-clean-a-squirting-doggy-dildo-doll",1,1,0,0,0,0,3,,0,0,0,310,3,0,,0,1,1,0,0,0,0,3,,0,0,0,310,3,0,,0,0,0,,,,,0,,,,,0,0,,,
"Blog Article","/blogs/dolls-info-qustions/the-skeletal-structure-of-a-sex-doll-torso-and-its-benefits-in-practical-use",1,1,0,0,0,0,1,,0,0,0,0,1,1,,1,1,1,0,0,0,0,1,,0,0,0,0,1,1,,1,0,0,,,,,0,,,,,,0,0,,0
"Product","/products/f2341-158cm-5ft2-d-cup-silicone-head-adult-doll-rosretty-dolls",1,1,0,0,0,0,16,,0,0,0,655,16,0,,0,1,1,0,0,0,0,16,,0,0,0,655,16,0,,0,0,0,,,,,0,,,,,0,0,,,
,"/de/blogs/dolls-info-qustions/what-s-it-really-like-to-have-sex-nbsp-with-a-sex-doll",1,1,0,0,0,0,1,,0,0,0,0,1,1,,1,1,1,0,0,0,0,1,,0,0,0,0,1,1,,1,0,0,,,,,0,,,,,,0,0,,0
"Product","/products/t731-h-cup-realistic-nude-doll-torso",1,1,0,0,0,0,1,,0,0,0,0,1,1,,1,1,1,0,0,0,0,1,,0,0,0,0,1,1,,1,0,0,,,,,0,,,,,,0,0,,0
"Collection","/collections/anime-sex-doll-heads",1,1,0,0,0,0,7,,0,0,0,800,7,0,,0,1,1,0,0,0,0,7,,0,0,0,800,7,0,,0,0,0,,,,,0,,,,,0,0,,,
"Checkout","/checkouts/do/d478dda960c8c825e64e17754a47353f/en",1,1,0,0,0,0,1,,0,0,0,0,1,1,,1,1,1,0,0,0,0,1,,0,0,0,0,1,1,,1,0,0,,,,,0,,,,,,0,0,,0
"Product","/products/f9405-d-cup-ros-silicone-asian-life-sized-sex-doll-aitia-doll",1,1,0,0,0,0,1,,0,0,0,0,1,1,,1,1,1,0,0,0,0,1,,0,0,0,0,1,1,,1,0,0,,,,,0,,,,,,0,0,,0
"Product","/products/b39-8-4lb-big-breast-vagina-sex-tool-soft-gel-boobs-torso-male-masturbator",1,1,0,0,0,0,3,,0,0,0,21,3,0,,0,1,1,0,0,0,0,3,,0,0,0,21,3,0,,0,0,0,,,,,0,,,,,0,0,,,
,"/de/collections/best-seller-sex-dolls-500-999",1,1,0,0,0,0,4,,0,0,0,81,4,0,,0,1,1,0,0,0,0,4,,0,0,0,81,4,0,,0,0,0,,,,,0,,,,,0,0,,,
"Product","/products/f3550-159cm5-2ft-37kg-g-cup-black-tpe-sex-doll%E4%B8%A8wm-doll",1,1,0,0,0,0,12,,0,0,0,3878,12,0,,0,1,1,0,0,0,0,12,,0,0,0,3878,12,0,,0,0,0,,,,,0,,,,,0,0,,,
,"/de/collections/curvy-sex-dolls",1,1,0,0,0,0,4,,0,0,0,201,4,0,,0,1,1,0,0,0,0,4,,0,0,0,201,4,0,,0,0,0,,,,,0,,,,,0,0,,,
"Product","/products/p398-2-1lbs-asphodel-anime-pocket-pussy-hentia-sex-dolls-mrl",1,1,0,0,0,0,1,,0,0,0,0,1,1,,1,1,1,0,0,0,0,1,,0,0,0,0,1,1,,1,0,0,,,,,0,,,,,,0,0,,0
,"/ja/collections/under-100",1,1,0,0,0,0,2,,0,0,0,9,2,0,,0,1,1,0,0,0,0,2,,0,0,0,9,2,0,,0,0,0,,,,,0,,,,,0,0,,,
,"/en-fi/collections/anime-sex-doll",1,1,0,0,0,0,1,,0,0,0,0,1,1,,1,1,1,0,0,0,0,1,,0,0,0,0,1,1,,1,0,0,,,,,0,,,,,,0,0,,0
"Product","/products/p32-realistic-pussy-sex-toy",1,1,0,0,0,0,2,,0,0,0,8,2,0,,0,1,1,0,0,0,0,2,,0,0,0,8,2,0,,0,0,0,,,,,0,,,,,0,0,,,
"Product","/products/f5710-158cm-5ft2-36kg-g-cup-silicone-sexual-male-best-shemale-sex-doll-castle-doll",1,1,0,0,0,0,1,,0,0,0,0,1,1,,1,1,1,0,0,0,0,1,,0,0,0,0,1,1,,1,0,0,,,,,0,,,,,,0,0,,0
"Product","/products/f5527k-174cm-5ft7-33-5kg-d-cup-sunniva-black-silicone-celebrity-sexdoll-in-stock-us-starpery-doll",1,1,0,0,0,0,1,,0,0,0,0,1,1,,1,1,1,0,0,0,0,1,,0,0,0,0,1,1,,1,0,0,,,,,0,,,,,,0,0,,0
,"/en-ca/collections/tpe-body-silicone-head",1,1,0,0,0,0,2,,0,0,0,19,2,0,,0,1,1,0,0,0,0,2,,0,0,0,19,2,0,,0,0,0,,,,,0,,,,,0,0,,,
"Product","/products/f7067-156cm-5ft1-32kg-e-cup-ultra-realistic-furry-sex-doll-with-animal-earsy-silicon-head-tpe-body-castle-doll",1,1,0,0,0,0,9,,0,0,0,255,9,0,,0,1,1,0,0,0,0,9,,0,0,0,255,9,0,,0,0,0,,,,,0,,,,,0,0,,,
"Product","/products/f2294-161cm5-3ft-f-cup-regina-d-tpe-love-doll-se-doll",1,1,0,0,0,0,1,,0,0,0,0,1,1,,1,1,1,0,0,0,0,1,,0,0,0,0,1,1,,1,0,0,,,,,0,,,,,,0,0,,0
"Product","/products/f8188k-167cm-5ft5-43kg-m40-d-cup-black-silicone-sex-doll-in-stock-usa-md-doll",1,1,0,0,0,0,5,,0,0,0,1884,5,0,,0,1,1,0,0,0,0,5,,0,0,0,1884,5,0,,0,0,0,,,,,0,,,,,0,0,,,
"Product","/products/f4814-t165cm5-4ft-33kg-vicky-k-c-cup-fit-ros-silicone-lifesize-sex-doll-se-doll",1,1,0,0,0,0,43,,0,0,0,3781,43,0,,0,1,1,0,0,0,0,43,,0,0,0,3781,43,0,,0,0,0,,,,,0,,,,,0,0,,,
"Collection","/collections/sex-doll-torso/",1,1,0,0,0,0,2,,0,0,0,15,2,0,,0,1,1,0,0,0,0,2,,0,0,0,15,2,0,,0,0,0,,,,,0,,,,,0,0,,,
"Product","/products/h891-silicone-sex-doll-head-elsa-babe-head",1,1,0,0,0,0,1,,0,0,0,0,1,1,,1,1,1,0,0,0,0,1,,0,0,0,0,1,1,,1,0,0,,,,,0,,,,,,0,0,,0
,"/de/blogs/dolls-info-qustions/sex-experts-recommend-top-ten-sex-pillows-to-enhance-your-bbw-sex-doll-experience",1,1,0,0,0,0,1,,0,0,0,0,1,1,,1,1,1,0,0,0,0,1,,0,0,0,0,1,1,,1,0,0,,,,,0,,,,,,0,0,,0
"Product","/products/t451-big-ass-silicone-sex-torso-44-67lb-lovenestle",1,1,0,0,0,0,1,,0,0,0,0,1,1,,1,1,1,0,0,0,0,1,,0,0,0,0,1,1,,1,0,0,,,,,0,,,,,,0,0,,0
"Product","/products/f8000-150cm-5ft-27-5kg-silicone-anime-hentai-sex-doll-elsa-babe",1,1,0,0,0,0,1,,0,0,0,0,1,1,,1,1,1,0,0,0,0,1,,0,0,0,0,1,1,,1,0,0,,,,,0,,,,,,0,0,,0
,"/en-fi/collections/vajankle-foot-fetish-toys",1,1,0,0,0,0,1,,0,0,0,0,1,1,,1,1,1,0,0,0,0,1,,0,0,0,0,1,1,,1,0,0,,,,,0,,,,,,0,0,,0
"Blog Article","/blogs/dolls-info-qustions/enhancing-your-bbw-sex-doll-experience-customization-options-to-consider",1,1,0,0,0,0,1,,0,0,0,0,1,1,,1,1,1,0,0,0,0,1,,0,0,0,0,1,1,,1,0,0,,,,,0,,,,,,0,0,,0
,"/ja/blogs/dolls-info-qustions/why-do-you-have-sex-dolls",1,1,0,0,0,0,1,,0,0,0,0,1,1,,1,1,1,0,0,0,0,1,,0,0,0,0,1,1,,1,0,0,,,,,0,,,,,,0,0,,0
"Blog Article","/blogs/dolls-info-qustions/banishing-unwanted-odors-tips-for-refreshing-your-dolls-mouth-after-kissing",1,1,0,0,0,0,1,,0,0,0,0,1,1,,1,1,1,0,0,0,0,1,,0,0,0,0,1,1,,1,0,0,,,,,0,,,,,,0,0,,0
"Product","/products/f4758-175cm5ft9-69kg-x-cup-huge-breast-fat-ass-tpe-fat-ssbbw-sex-doll-castle-doll",1,1,0,0,0,0,11,,0,0,0,1416,11,0,,0,1,1,0,0,0,0,11,,0,0,0,1416,11,0,,0,0,0,,,,,0,,,,,0,0,,,
,"/en-ca/products/f5414-160cm5f3-39kg-f-cup-chubby-realistic-tpe-sex-doll-in-stock-usa-aibei-doll",1,1,0,0,0,0,1,,0,0,0,0,1,1,,1,1,1,0,0,0,0,1,,0,0,0,0,1,1,,1,0,0,,,,,0,,,,,,0,0,,0
"Product","/products/rebecaa-sex-doll-157cm5ft2",1,1,1,1,0,0,9,0,1,1,0,310,9,0,0,0,1,1,1,1,0,0,9,0,1,1,0,310,9,0,0,0,0,0,0,0,,,0,,0,0,,0,0,,,
"Product","/products/f676-170cm-silicone-love-doll-zelex-doll",1,1,0,0,0,0,1,,0,0,0,0,1,1,,1,1,1,0,0,0,0,1,,0,0,0,0,1,1,,1,0,0,,,,,0,,,,,,0,0,,0
,"/ja/collections/shemale-sex-doll-torso-1",1,1,0,0,0,0,4,,0,0,0,148,4,0,,0,1,1,0,0,0,0,4,,0,0,0,148,4,0,,0,0,0,,,,,0,,,,,0,0,,,
,"/en-ca/products/f2042-164cm5-4ft-34kg-j-cup-milf-tpe-sex-doll%E4%B8%A8wm-doll",1,1,0,0,0,0,1,,0,0,0,0,1,1,,1,1,1,0,0,0,0,1,,0,0,0,0,1,1,,1,0,0,,,,,0,,,,,,0,0,,0
"Checkout","/checkouts/cn/hWNCtx2cr5pFoiKIWofk8psZ/en-th",1,1,0,1,0,0,5,0,0,1,0,64,5,0,,0,1,1,0,1,0,0,5,0,0,1,0,64,5,0,,0,0,0,,0,,,0,,,0,,0,0,,,
"Product","/products/l36-41-45lb-107cm-sex-doll-legs-round-and-super-long-legges-torso",1,1,0,0,0,0,1,,0,0,0,0,1,1,,1,1,1,0,0,0,0,1,,0,0,0,0,1,1,,1,0,0,,,,,0,,,,,,0,0,,0
"Checkout","/60719464687/orders/69b0948aded480ce1acf4ccd121d708b",1,1,0,0,0,0,2,,0,0,0,20,2,0,,0,1,1,0,0,0,0,2,,0,0,0,20,2,0,,0,0,0,,,,,0,,,,,0,0,,,
,"/en-fi/collections/naked-sex-doll",1,1,0,0,0,0,3,,0,0,0,51,3,0,,0,1,1,0,0,0,0,3,,0,0,0,51,3,0,,0,0,0,,,,,0,,,,,0,0,,,
,"/en-fi/collections/doggystyle-sex-doll",1,1,0,0,0,0,2,,0,0,0,715,2,0,,0,1,1,0,0,0,0,2,,0,0,0,715,2,0,,0,0,0,,,,,0,,,,,0,0,,,
"Collection","/collections/31-35kg-68-77lb",1,1,0,0,0,0,1,,0,0,0,0,1,1,,1,1,1,0,0,0,0,1,,0,0,0,0,1,1,,1,0,0,,,,,0,,,,,,0,0,,0
"Product","/products/f5616-161cm5ft3-35kg-regina-k-f-cup-tpe-buy-robot-celebrity-sex-dolls-se-doll",1,1,1,0,0,0,1,,1,0,0,10,1,0,,0,1,1,1,0,0,0,1,,1,0,0,10,1,0,,0,0,0,0,,,,0,,0,,,0,0,,,
"Product","/products/f1259-165cm-g-cup-miya-big-boobs-doll-irontech-doll",1,1,0,0,0,0,2,,0,0,0,239,2,0,,0,1,1,0,0,0,0,2,,0,0,0,239,2,0,,0,0,0,,,,,0,,,,,0,0,,,
,"/en-ca/blogs/dolls-info-qustions/the-most-expensive-sex-dolls-the-value-showed-in-5-spots",1,1,0,0,0,0,1,,0,0,0,0,1,1,,1,1,1,0,0,0,0,1,,0,0,0,0,1,1,,1,0,0,,,,,0,,,,,,0,0,,0
"Collection","/collections/aitia-videos",1,1,0,0,0,0,16,,0,0,0,1691,16,0,,0,1,1,0,0,0,0,16,,0,0,0,1691,16,0,,0,0,0,,,,,0,,,,,0,0,,,
"Blog Article","/blogs/dolls-info-qustions/big-ass-sex-doll-or-small-ass-sex-doll",1,1,0,0,0,0,1,,0,0,0,0,1,1,,1,1,1,0,0,0,0,1,,0,0,0,0,1,1,,1,0,0,,,,,0,,,,,,0,0,,0
"Product","/collections/sex-doll-torso/products/test-501-25-3lb-45cm-life-sized-and-realistic-bbw-sex-doll-torso",1,1,0,0,0,0,1,,0,0,0,0,1,1,,1,1,1,0,0,0,0,1,,0,0,0,0,1,1,,1,0,0,,,,,0,,,,,,0,0,,0
,"/ja/collections/big-booty-sex-dolls",1,1,0,0,0,0,2,,0,0,0,148,2,0,,0,1,1,0,0,0,0,2,,0,0,0,148,2,0,,0,0,0,,,,,0,,,,,0,0,,,
"Product","/products/f5990-150cm4-9ft-28kg-d-cup-blonde-silicone-sex-doll%E4%B8%A8sy-doll",1,1,0,0,0,0,1,,0,0,0,0,1,1,,1,1,1,0,0,0,0,1,,0,0,0,0,1,1,,1,0,0,,,,,0,,,,,,0,0,,0
"Blog Article","/blogs/dolls-info-qustions/bbw-sex-dolls-go-ultra-light-how-the-realistic-flesh-revolution-is-redefining-weight-and-freedom",1,1,0,0,0,0,8,,0,0,0,260,8,0,,0,1,1,0,0,0,0,8,,0,0,0,260,8,0,,0,0,0,,,,,0,,,,,0,0,,,
"Product","/products/t201-46-29lb-125cmluxury-fat-lady-torso",1,1,0,0,0,0,3,,0,0,0,91,3,0,,0,1,1,0,0,0,0,3,,0,0,0,91,3,0,,0,0,0,,,,,0,,,,,0,0,,,
"Product","/products/f4685-150cm-5ft2-40-6kg-akira-d-cup-tpe-european-sex-doll-piper-doll",1,1,1,0,0,0,2,,1,0,0,21,2,0,,0,1,1,1,0,0,0,2,,1,0,0,21,2,0,,0,0,0,0,,,,0,,0,,,0,0,,,
"Product","/products/f3757-165cm5ft4-c-cup-silicone-sexy-realistic-adult-women-sex-doll-se-doll",1,1,0,0,0,0,1,,0,0,0,0,1,1,,1,1,1,0,0,0,0,1,,0,0,0,0,1,1,,1,0,0,,,,,0,,,,,,0,0,,0
"Product","/products/t353-86cm2ft9-22kg-s-tpe-gel-big-breast-sex-doll-torso-irokebijin-doll",1,1,0,0,0,0,1,,0,0,0,1,1,1,,1,1,1,0,0,0,0,1,,0,0,0,1,1,1,,1,0,0,,,,,0,,,,,0,0,0,,0
,"/en-ca/collections/silicone-sex-dolls",1,1,0,0,0,0,2,,0,0,0,30,2,0,,0,1,1,0,0,0,0,2,,0,0,0,30,2,0,,0,0,0,,,,,0,,,,,0,0,,,
"Blog Article","/blogs/dolls-info-qustions/unlock-the-ultimate-pleasure-code-nukige-games-hentai-sex-dolls-that-ll-melt-your-resistance-21",1,1,0,0,0,0,2,,0,0,0,231,2,0,,0,1,1,0,0,0,0,2,,0,0,0,231,2,0,,0,0,0,,,,,0,,,,,0,0,,,
"Product","/products/d4081-4-lbs%E4%B8%A89-fantasy-dog-dildo-silicone-knot-dildo",1,1,0,0,0,0,1,,0,0,0,0,1,1,,1,1,1,0,0,0,0,1,,0,0,0,0,1,1,,1,0,0,,,,,0,,,,,,0,0,,0
"Product","/products/f9141-doll-senior-huge-boob-sex-doll-anime-asian-ros-gel-breast-silicone-170cm-43kg",1,1,0,0,0,0,1,,0,0,0,0,1,1,,1,1,1,0,0,0,0,1,,0,0,0,0,1,1,,1,0,0,,,,,0,,,,,,0,0,,0
"Product","/products/f1450k-153cm5ft-34kg-h-cup-christmas-tpe-sex-doll-aibei-doll",1,1,0,0,0,0,5,,0,0,0,194,5,0,,0,1,1,0,0,0,0,5,,0,0,0,194,5,0,,0,0,0,,,,,0,,,,,0,0,,,
"Product","/products/f3200-154cm-5ft1-h-cup-anime-silicone-head-sex-doll-irontech-doll",1,1,0,0,0,0,1,,0,0,0,0,1,1,,1,1,1,0,0,0,0,1,,0,0,0,0,1,1,,1,0,0,,,,,0,,,,,,0,0,,0
"Product","/products/f4400-170cm5-6ft-41kg-h-cup-shemale-tpe-sex-doll",1,1,0,0,0,0,2,,0,0,0,38,2,0,,0,1,1,0,0,0,0,2,,0,0,0,38,2,0,,0,0,0,,,,,0,,,,,0,0,,,
,"/ja/blogs/dolls-info-qustions/dangerous-and-fascinating-the-irresistible-allure-of-mermaid-sex-doll",1,1,0,0,0,0,1,,0,0,0,0,1,1,,1,1,1,0,0,0,0,1,,0,0,0,0,1,1,,1,0,0,,,,,0,,,,,,0,0,,0
"Collection","/collections/fj-doll",1,1,0,0,0,0,1,,0,0,0,0,1,1,,1,1,1,0,0,0,0,1,,0,0,0,0,1,1,,1,0,0,,,,,0,,,,,,0,0,,0
"Product","/products/f4462-160cm5f3-39kg-f-cup-blonde-silicone-head-medium-butt-sex-doll-aibei-doll",1,1,0,0,0,0,85,,0,0,0,3277,85,0,,0,1,1,0,0,0,0,85,,0,0,0,3277,85,0,,0,0,0,,,,,0,,,,,0,0,,,
"Product","/products/h898-ros-silicone-sex-doll-head%E4%B8%A8wm-doll-head",1,1,0,0,0,0,2,,0,0,0,45,2,0,,0,1,1,0,0,0,0,2,,0,0,0,45,2,0,,0,0,0,,,,,0,,,,,0,0,,,
"Blog Article","/blogs/dolls-info-qustions/mrl-fantasy-sex-toys-realistic-anime-furry-and-monster-girl-torso-collection",1,1,0,0,0,0,15,,0,0,0,293,15,0,,0,1,1,0,0,0,0,15,,0,0,0,293,15,0,,0,0,0,,,,,0,,,,,0,0,,,
,"/en-ca/products/f8193-150cm-5ft-27-5kg-silicone-anime-sex-doll-elsa-babe",1,1,0,0,0,0,1,,0,0,0,0,1,1,,1,1,1,0,0,0,0,1,,0,0,0,0,1,1,,1,0,0,,,,,0,,,,,,0,0,,0
"Collection","/collections/dildo-male-sex-doll",1,1,0,0,0,0,8,,0,0,0,1128,8,0,,0,1,1,0,0,0,0,8,,0,0,0,1128,8,0,,0,0,0,,,,,0,,,,,0,0,,,
"Collection","/collections/sy-doll-in-stock-usa",1,1,0,0,0,0,1,,0,0,0,0,1,1,,1,1,1,0,0,0,0,1,,0,0,0,0,1,1,,1,0,0,,,,,0,,,,,,0,0,,0
,"/de/products/f5710-158cm-5ft2-36kg-g-cup-silicone-sexual-male-best-shemale-sex-doll-castle-doll",1,1,0,0,0,0,2,,0,0,0,17,2,0,,0,1,1,0,0,0,0,2,,0,0,0,17,2,0,,0,0,0,,,,,0,,,,,0,0,,,
,"/en-ca/collections/dark-tanned-sex-doll",1,1,0,0,0,0,3,,0,0,0,95,3,0,,0,1,1,0,0,0,0,3,,0,0,0,95,3,0,,0,0,0,,,,,0,,,,,0,0,,,
"Collection","/collections/xingse",1,1,0,0,0,0,1,,0,0,0,0,1,1,,1,1,1,0,0,0,0,1,,0,0,0,0,1,1,,1,0,0,,,,,0,,,,,,0,0,,0
,"/en-ca/collections/full-femboy-sex-doll",1,1,0,0,0,0,1,,0,0,0,0,1,1,,1,1,1,0,0,0,0,1,,0,0,0,0,1,1,,1,0,0,,,,,0,,,,,,0,0,,0
"Product","/products/irontech-silicone-doll-164cm-f755",1,1,0,0,0,0,5,,0,0,0,305,5,0,,0,1,1,0,0,0,0,5,,0,0,0,305,5,0,,0,0,0,,,,,0,,,,,0,0,,,
,"/de/blogs/dolls-info-qustions/the-most-popular-type-of-sex-dolls",1,1,0,0,0,0,1,,0,0,0,0,1,1,,1,1,1,0,0,0,0,1,,0,0,0,0,1,1,,1,0,0,,,,,0,,,,,,0,0,,0
,"/de/collections/fantasy-sex-dolls",1,1,0,0,0,0,1,,0,0,0,0,1,1,,1,1,1,0,0,0,0,1,,0,0,0,0,1,1,,1,0,0,,,,,0,,,,,,0,0,,0
"Product","/products/t291-67-24-lbs-marina-ros-life-size-silicone-sex-doll-torso-with-head-in-stock-usa-europe-max-series",1,1,0,0,0,0,1,,0,0,0,0,1,1,,1,1,1,0,0,0,0,1,,0,0,0,0,1,1,,1,0,0,,,,,0,,,,,,0,0,,0
,"/de/collections/huge-breast-post-torso",1,1,0,0,0,0,2,,0,0,0,9,2,0,,0,1,1,0,0,0,0,2,,0,0,0,9,2,0,,0,0,0,,,,,0,,,,,0,0,,,
"Collection","/collections/lusandy-doll-factory-photos",1,1,0,0,0,0,1,,0,0,0,0,1,1,,1,1,1,0,0,0,0,1,,0,0,0,0,1,1,,1,0,0,,,,,0,,,,,,0,0,,0
,"/ja/collections/zelex-doll",1,1,0,0,0,0,16,,0,0,0,1141,16,0,,0,1,1,0,0,0,0,16,,0,0,0,1141,16,0,,0,0,0,,,,,0,,,,,0,0,,,
"Product","/products/f3326-160cm-5ft239-5kg-g-cup-tpe-adult-big-chest-curve-beauty-sex-doll-yl-doll",1,1,0,0,0,0,5,,0,0,0,168,5,0,,0,1,1,0,0,0,0,5,,0,0,0,168,5,0,,0,0,0,,,,,0,,,,,0,0,,,
"Collection","/collections/top-fire-doll",1,1,0,0,0,0,4,,0,0,0,79,4,0,,0,1,1,0,0,0,0,4,,0,0,0,79,4,0,,0,0,0,,,,,0,,,,,0,0,,,
"Product","/products/a437-38-8lb-silicone-big-ass-sex-doll-torso-with-bubble-butt-lovenestle",1,1,0,0,0,0,6,,0,0,0,138,6,0,,0,1,1,0,0,0,0,6,,0,0,0,138,6,0,,0,0,0,,,,,0,,,,,0,0,,,
,"/ja/products/8528592666863",1,1,0,0,0,0,1,,0,0,0,0,1,1,,1,1,1,0,0,0,0,1,,0,0,0,0,1,1,,1,0,0,,,,,0,,,,,,0,0,,0
,"/en-ca/blogs/dolls-info-qustions/why-do-men-love-sexy-legs-on-a-woman",1,1,0,0,0,0,1,,0,0,0,0,1,1,,1,1,1,0,0,0,0,1,,0,0,0,0,1,1,,1,0,0,,,,,0,,,,,,0,0,,0
"Checkout","/checkouts/cn/hWNC5GYeLhwS4pPgcV2IPux0/en-pe",1,1,0,1,0,0,1,0,0,1,0,2,1,0,,0,1,1,0,1,0,0,1,0,0,1,0,2,1,0,,0,0,0,,0,,,0,,,0,,0,0,,,
,"/de/collections/clothes-for-sex-dolls",1,1,0,0,0,0,1,,0,0,0,0,1,1,,1,1,1,0,0,0,0,1,,0,0,0,0,1,1,,1,0,0,,,,,0,,,,,,0,0,,0
,"/en-ca/products/f4209-164cm5-4ft-33kg-f-cup-celebrity-tpe-sex-doll%E4%B8%A8wm-doll",1,1,0,0,0,0,1,,0,0,0,0,1,1,,1,1,1,0,0,0,0,1,,0,0,0,0,1,1,,1,0,0,,,,,0,,,,,,0,0,,0
"Product","/products/h208-ros-silicone-sex-doll-head%E4%B8%A8galatea-doll-head",1,1,0,0,0,0,1,,0,0,0,0,1,1,,1,1,1,0,0,0,0,1,,0,0,0,0,1,1,,1,0,0,,,,,0,,,,,,0,0,,0
"Product","/products/f2430a-158cm-5ft2-40kg-x-cup-bbs-lustina-weight-reduction-full-silicone-ssbbw-sex-doll-starpery-doll",1,1,0,0,0,0,2,,0,0,0,172,2,0,,0,1,1,0,0,0,0,2,,0,0,0,172,2,0,,0,0,0,,,,,0,,,,,0,0,,,
"Blog Article","/blogs/dolls-info-qustions/guide-to-buying-the-newest-sex-dolls-of-2025",1,1,0,0,0,0,1,,0,0,0,0,1,1,,1,1,1,0,0,0,0,1,,0,0,0,0,1,1,,1,0,0,,,,,0,,,,,,0,0,,0
,"/de/collections/big-ass-sex-doll-curvy-sex-doll",1,1,0,0,0,0,6,,0,0,0,351,6,0,,0,1,1,0,0,0,0,6,,0,0,0,351,6,0,,0,0,0,,,,,0,,,,,0,0,,,
"Product","/products/f7129-153cm5-0ft-32-5kg-2-2u-d-cup-premium-japanese-sex-doll-bezlya-doll",1,1,0,0,0,0,6,,0,0,0,57,6,0,,0,1,1,0,0,0,0,6,,0,0,0,57,6,0,,0,0,0,,,,,0,,,,,0,0,,,
"Product","/products/f2570-168cm5-5ft-39kg-h-cup-snow-angel-froska-ros-max-silicone-sex-doll-real-lady",1,1,0,0,0,0,1,,0,0,0,0,1,1,,1,1,1,0,0,0,0,1,,0,0,0,0,1,1,,1,0,0,,,,,0,,,,,,0,0,,0
"Collection","/collections/european-sex-dolls",1,1,0,0,0,0,2,,0,0,0,8,2,0,,0,1,1,0,0,0,0,2,,0,0,0,8,2,0,,0,0,0,,,,,0,,,,,0,0,,,
"Product","/products/f2382-150cm-4ft9-g-cup-256-big-booty-tpe-sex-doll-sy-doll",1,1,0,0,0,0,1,,0,0,0,0,1,1,,1,1,1,0,0,0,0,1,,0,0,0,0,1,1,,1,0,0,,,,,0,,,,,,0,0,,0
"Product","/products/f2390-164cm5-4ft-d-cup-s5-halloween-british-sex-doll",1,1,0,0,0,0,1,,0,0,0,0,1,1,,1,1,1,0,0,0,0,1,,0,0,0,0,1,1,,1,0,0,,,,,0,,,,,,0,0,,0
,"/en-ca/products/f4365-159cm5-2ft-36kg-c-cup-asian-tpe-sex-doll%E4%B8%A8wm-doll",1,1,0,0,0,0,1,,0,0,0,0,1,1,,1,1,1,0,0,0,0,1,,0,0,0,0,1,1,,1,0,0,,,,,0,,,,,,0,0,,0
,"/en-ca/products/f2343-153cm5ft-f-cup-avery-b-tpe-love-doll-se-doll",1,1,0,0,0,0,9,,0,0,0,1019,9,0,,0,1,1,0,0,0,0,9,,0,0,0,1019,9,0,,0,0,0,,,,,0,,,,,0,0,,,
,"/en-ca/products/f4404-155cm5-1ft-27kg-a-cup-european-tpe-sex-doll%E4%B8%A8wm-doll",1,1,0,0,0,0,3,,0,0,0,46,3,0,,0,1,1,0,0,0,0,3,,0,0,0,46,3,0,,0,0,0,,,,,0,,,,,0,0,,,
,"/en-fi/collections/zelex-doll-factory-photos",1,1,0,0,0,0,1,,0,0,0,0,1,1,,1,1,1,0,0,0,0,1,,0,0,0,0,1,1,,1,0,0,,,,,0,,,,,,0,0,,0
,"/de/blogs/dolls-info-qustions/2025-five-stylish-and-charming-chinese-sex-doll",1,1,0,0,0,0,1,,0,0,0,0,1,1,,1,1,1,0,0,0,0,1,,0,0,0,0,1,1,,1,0,0,,,,,0,,,,,,0,0,,0
"Blog Article","/blogs/complete-sex-doll-guide-for-beginners/keep-sex-doll-like-new-essential-cleaning-and-maintenance-tips",1,1,0,0,0,0,1,,0,0,0,0,1,1,,1,1,1,0,0,0,0,1,,0,0,0,0,1,1,,1,0,0,,,,,0,,,,,,0,0,,0
,"/de/blogs/dolls-info-qustions/decision-fatigue-the-ultimate-2025-guide-to-choosing-the-best-sex-doll-brand",1,1,0,0,0,0,1,,0,0,0,0,1,1,,1,1,1,0,0,0,0,1,,0,0,0,0,1,1,,1,0,0,,,,,0,,,,,,0,0,,0
"Product","/products/a627-sex-doll-ass-torso-tpe-bouncy-butt-26-2lb",1,1,0,0,0,0,1,,0,0,0,0,1,1,,1,1,1,0,0,0,0,1,,0,0,0,0,1,1,,1,0,0,,,,,0,,,,,,0,0,,0
"Product","/products/f7689-160cm-5ft3-k-cup-weight-loss-silicone-black-sex-doll-starpery-doll",1,1,0,0,0,0,1,,0,0,0,0,1,1,,1,1,1,0,0,0,0,1,,0,0,0,0,1,1,,1,0,0,,,,,0,,,,,,0,0,,0
"Blog Article","/blogs/dolls-info-qustions/is-a-half-torso-sex-doll-worth-it-the-honest-breakdown",1,1,0,0,0,0,2,,0,0,0,1174,2,0,,0,1,1,0,0,0,0,2,,0,0,0,1174,2,0,,0,0,0,,,,,0,,,,,0,0,,,
,"/ja/collections/sex-doll-torso",1,1,0,0,0,0,1,,0,0,0,0,1,1,,1,1,1,0,0,0,0,1,,0,0,0,0,1,1,,1,0,0,,,,,0,,,,,,0,0,,0
"Collection","/collections/black-mix-sex-doll",1,1,0,0,0,0,1,,0,0,0,0,1,1,,1,1,1,0,0,0,0,1,,0,0,0,0,1,1,,1,0,0,,,,,0,,,,,,0,0,,0
,"/en-fi/products/8919263314159",1,1,0,0,0,0,1,,0,0,0,0,1,1,,1,1,1,0,0,0,0,1,,0,0,0,0,1,1,,1,0,0,,,,,0,,,,,,0,0,,0
"Product","/products/t954-91cm-3ft-28-4kg-e-cup-sle-bbw-sex-doll-porn-torso-with-headzelex-sle-2-0-in-stock-usa-canada-zelex-doll",1,1,0,0,0,0,4,,0,0,0,164,4,0,,0,1,1,0,0,0,0,4,,0,0,0,164,4,0,,0,0,0,,,,,0,,,,,0,0,,,
"Checkout","/checkouts/cn/hWNDC5hJBbjMOvv2TMzFhX29/en",1,1,0,1,0,0,1,0,0,1,0,0,1,0,,0,1,1,0,1,0,0,1,0,0,1,0,0,1,0,,0,0,0,,0,,,0,,,0,,,0,,,
"Product","/products/f7543-167cm-38kg-silicone-ros-head-tpe-body-full-size-adult-sex-doll-rory-ridmii",1,1,0,0,0,0,1,,0,0,0,0,1,1,,1,1,1,0,0,0,0,1,,0,0,0,0,1,1,,1,0,0,,,,,0,,,,,,0,0,,0
"Blog Article","/blogs/dolls-info-qustions/starpery-doll-2025-full-upgrade-three-major-innovations-enhancing-the-user-experience",1,1,0,0,0,0,2,,0,0,0,666,2,0,,0,1,1,0,0,0,0,2,,0,0,0,666,2,0,,0,0,0,,,,,0,,,,,0,0,,,
"Blog Article","/blogs/real-sex-doll-reviews-pros-cons-real-usage-tests/why-the-irontech-165t-s20-is-dominating-the-market-and-becoming-a-global-best-seller",1,1,0,0,0,0,7,,0,0,0,198,7,0,,0,1,1,0,0,0,0,7,,0,0,0,198,7,0,,0,0,0,,,,,0,,,,,0,0,,,
"Collection","/collections/zelex-doll-factory-photos",1,1,0,0,0,0,7,,0,0,0,305,7,0,,0,1,1,0,0,0,0,7,,0,0,0,305,7,0,,0,0,0,,,,,0,,,,,0,0,,,
,"/ja/collections/silicone-torso-with-head",1,1,0,0,0,0,1,,0,0,0,0,1,1,,1,1,1,0,0,0,0,1,,0,0,0,0,1,1,,1,0,0,,,,,0,,,,,,0,0,,0
"Product","/products/f7631-168cm-5ft5-47kg-male-sex-doll-with-5-9in-automatic-insertion-big-dick-sy-doll",1,1,0,0,0,0,8,,0,0,0,342,8,0,,0,1,1,0,0,0,0,8,,0,0,0,342,8,0,,0,0,0,,,,,0,,,,,0,0,,,
"Blog Article","/blogs/dolls-info-qustions/can-ai-sex-dolls-replace-real-women",1,1,0,0,0,0,1,,0,0,0,0,1,1,,1,1,1,0,0,0,0,1,,0,0,0,0,1,1,,1,0,0,,,,,0,,,,,,0,0,,0
"Product","/products/f5549-150cm4-9ft-27-6kg-f-cup-r7-life-size-silicone-sex-doll-real-lady",1,1,0,0,0,0,28,,0,0,0,1718,28,0,,0,1,1,0,0,0,0,28,,0,0,0,1718,28,0,,0,0,0,,,,,0,,,,,0,0,,,
"Product","/products/t706-70-54lb-lifesize-vibrating-sucking-sex-doll-torso-luxury-sexiest-stripper-plump-hot-sex-toy-for-man",1,1,0,0,0,0,1,,0,0,0,0,1,1,,1,1,1,0,0,0,0,1,,0,0,0,0,1,1,,1,0,0,,,,,0,,,,,,0,0,,0
"Checkout","/checkouts/cn/hWNDIZF4khT6aSw0VJEmcPgY/en-us",1,1,0,0,0,0,1,,0,0,0,0,1,1,,1,1,1,0,0,0,0,1,,0,0,0,0,1,1,,1,0,0,,,,,0,,,,,,0,0,,0
,"/en-fi/collections/boob-job-sex-toys",1,1,0,0,0,0,3,,0,0,0,135,3,0,,0,1,1,0,0,0,0,3,,0,0,0,135,3,0,,0,0,0,,,,,0,,,,,0,0,,,
,"/en-ca/blogs/real-sex-doll-reviews-pros-cons-real-usage-tests/is-this-bbw-torso-worth-it-for-newbies-md-doll-brianna-sex-doll-review",1,1,0,0,0,0,1,,0,0,0,0,1,1,,1,1,1,0,0,0,0,1,,0,0,0,0,1,1,,1,0,0,,,,,0,,,,,,0,0,,0
"Collection","/collections/iron-ai-talking-sex-doll-head",1,1,0,0,0,0,7,,0,0,0,73,7,0,,0,1,1,0,0,0,0,7,,0,0,0,73,7,0,,0,0,0,,,,,0,,,,,0,0,,,
"Product","/products/f9002-160cm-glasses-black-hair-best-sex-robot-custom",1,1,0,0,0,0,1,,0,0,0,0,1,1,,1,1,1,0,0,0,0,1,,0,0,0,0,1,1,,1,0,0,,,,,0,,,,,,0,0,,0
"Product","/products/t266-huge-penis-male-sex-doll-torso-dildo-adult-toys-for-female-masturbation",1,1,0,0,0,0,1,,0,0,0,0,1,1,,1,1,1,0,0,0,0,1,,0,0,0,0,1,1,,1,0,0,,,,,0,,,,,,0,0,,0
"Product","/products/t317-lightweight-life-size-sex-torso-climax-doll",1,1,0,0,0,0,6,,0,0,0,426,6,0,,0,1,1,0,0,0,0,6,,0,0,0,426,6,0,,0,0,0,,,,,0,,,,,0,0,,,
"Product","/products/yeloly-silicone-with-head-106cm-t737k",1,1,0,0,0,0,2,,0,0,0,44,2,0,,0,1,1,0,0,0,0,2,,0,0,0,44,2,0,,0,0,0,,,,,0,,,,,0,0,,,
"Collection","/collections/climax-doll-full-body-doll",1,1,0,0,0,0,4,,0,0,0,1283,4,0,,0,1,1,0,0,0,0,4,,0,0,0,1283,4,0,,0,0,0,,,,,0,,,,,0,0,,,
,"/en-ca/pages/torso-sex-doll-videos",1,1,0,0,0,0,10,,0,0,0,485,10,0,,0,1,1,0,0,0,0,10,,0,0,0,485,10,0,,0,0,0,,,,,0,,,,,0,0,,,
"Product","/products/se-doll-167cm-silicone-sex-doll-f4749",1,1,0,0,0,0,2,,0,0,0,75,2,0,,0,1,1,0,0,0,0,2,,0,0,0,75,2,0,,0,0,0,,,,,0,,,,,0,0,,,
"Blog Article","/blogs/dolls-info-qustions/2026-must-have-the-latest-trend-in-anime-sex-dolls-revealed",1,1,0,0,0,0,16,,0,0,0,1099,16,0,,0,1,1,0,0,0,0,16,,0,0,0,1099,16,0,,0,0,0,,,,,0,,,,,0,0,,,
"Blog Article","/blogs/dolls-info-qustions/why-are-furry-sex-dolls-so-popular-a-deep-dive-into-5-core-attractions",1,1,0,0,0,0,1,,0,0,0,0,1,1,,1,1,1,0,0,0,0,1,,0,0,0,0,1,1,,1,0,0,,,,,0,,,,,,0,0,,0
"Blog Article","/blogs/dolls-info-qustions/how-to-fix-a-sex-doll-a-comprehensive-guide",1,1,0,0,0,0,2,,0,0,0,1425,2,0,,0,1,1,0,0,0,0,2,,0,0,0,1425,2,0,,0,0,0,,,,,0,,,,,0,0,,,
"Product","/products/f3895-174cm-5ft7-g-cup-big-boobs-latina-tpe-sex-doll-hr-doll",1,1,0,0,0,0,5,,0,0,0,115,5,0,,0,1,1,0,0,0,0,5,,0,0,0,115,5,0,,0,0,0,,,,,0,,,,,0,0,,,
,"/de/collections/tpe-body-silicone-head",1,1,0,0,0,0,4,,0,0,0,248,4,0,,0,1,1,0,0,0,0,4,,0,0,0,248,4,0,,0,0,0,,,,,0,,,,,0,0,,,
"Product","/products/h987-sex-doll-head-hot-bitch-irontech-doll-head",1,1,0,0,0,0,1,,0,0,0,0,1,1,,1,1,1,0,0,0,0,1,,0,0,0,0,1,1,,1,0,0,,,,,0,,,,,,0,0,,0
,"/ja/collections/jx-doll",1,1,0,0,0,0,1,,0,0,0,0,1,1,,1,1,1,0,0,0,0,1,,0,0,0,0,1,1,,1,0,0,,,,,0,,,,,,0,0,,0
"Product","/products/65cm-realistic-sex-doll-torso-with-perky-breasts-and-big-sexy-ass-509-sex-doll-torso",1,1,0,0,0,0,1,,0,0,0,0,1,1,,1,1,1,0,0,0,0,1,,0,0,0,0,1,1,,1,0,0,,,,,0,,,,,,0,0,,0
"Collection","/collections/best-sellers-in-head",1,1,0,0,0,0,1,,0,0,0,0,1,1,,1,1,1,0,0,0,0,1,,0,0,0,0,1,1,,1,0,0,,,,,0,,,,,,0,0,,0
,"/de/blogs/dolls-info-qustions/sex-doll-shops-in-la",1,1,0,0,0,0,1,,0,0,0,0,1,1,,1,1,1,0,0,0,0,1,,0,0,0,0,1,1,,1,0,0,,,,,0,,,,,,0,0,,0
"Product","/products/f1570-171cm-5ft6-a-cup-small-breast-teen-silicone-sex-doll-starpery-doll",1,1,1,1,0,0,11,0,1,1,0,485,11,0,0,0,1,1,1,1,0,0,11,0,1,1,0,485,11,0,0,0,0,0,0,0,,,0,,0,0,,0,0,,,
,"/de/collections/new-this-week",1,1,0,0,0,0,1,,0,0,0,1,1,1,,1,1,1,0,0,0,0,1,,0,0,0,1,1,1,,1,0,0,,,,,0,,,,,0,0,0,,0
,"/ja/collections/silicone-sex-doll-torso-love-torso-silicone-doll",1,1,0,0,0,0,19,,0,0,0,620,19,0,,0,1,1,0,0,0,0,19,,0,0,0,620,19,0,,0,0,0,,,,,0,,,,,0,0,,,
"Checkout","/60719464687/orders/7c712d3c102d6a2ffc058de9b04ff9f0",1,1,0,0,0,0,3,,0,0,0,64,3,0,,0,1,1,0,0,0,0,3,,0,0,0,64,3,0,,0,0,0,,,,,0,,,,,0,0,,,
"Product","/products/f112-165cm-37kg-edward-golden-hair-tpe-fantasy-prince-femboy-twink-sex-doll-qita-doll",1,1,0,0,0,0,21,,0,0,0,900,21,0,,0,1,1,0,0,0,0,21,,0,0,0,900,21,0,,0,0,0,,,,,0,,,,,0,0,,,
"Product","/products/t9059-03lb-6-69-dildo-electric-male-sex-doll-torso-dildo-rechargeable-for-female",1,1,0,0,0,0,1,,0,0,0,0,1,1,,1,1,1,0,0,0,0,1,,0,0,0,0,1,1,,1,0,0,,,,,0,,,,,,0,0,,0
,"/en-ca/collections/pocket-pussy",1,1,0,0,0,0,4,,0,0,0,1039,4,0,,0,1,1,0,0,0,0,4,,0,0,0,1039,4,0,,0,0,0,,,,,0,,,,,0,0,,,
,"/en-ca/collections/hentai-sex-dolls-connecting-fantasy-to-reality",1,1,0,0,0,0,1,,0,0,0,0,1,1,,1,1,1,0,0,0,0,1,,0,0,0,0,1,1,,1,0,0,,,,,0,,,,,,0,0,,0
"Checkout","/checkouts/do/d478dda960c8c825e64e17754a47353f/en-us",1,1,0,0,1,1,3,,0,0,0,319,3,0,,0,1,1,0,0,1,1,3,,0,0,0,319,3,0,,0,0,0,,,0,0,0,,,,,0,0,,,
"Product","/products/f6339-168cm-35kg-f-cup-celebrity-sex-doll",1,1,0,0,0,0,6,,0,0,0,276,6,0,,0,1,1,0,0,0,0,6,,0,0,0,276,6,0,,0,0,0,,,,,0,,,,,0,0,,,
"Product","/products/f9377-161cm5ft3-41-5kg-h-cup-huge-breast-adult-silicone-ssbbw-sex-doll-starpery-doll",1,1,0,0,0,0,1,,0,0,0,0,1,1,,1,1,1,0,0,0,0,1,,0,0,0,0,1,1,,1,0,0,,,,,0,,,,,,0,0,,0
"Product","/products/f5654-170cm5-6ft-36-2kg-c-cup-full-silicone-life-size-celebrity-sex-doll%E4%B8%A8zelex-doll",1,1,0,0,0,0,2,,0,0,0,1,2,0,,0,1,1,0,0,0,0,2,,0,0,0,1,2,0,,0,0,0,,,,,0,,,,,0,0,,,
"Product","/products/f2243-159cm5-2ft-f-cup-s39-silicone-chinese-sex-doll-irontech-doll",1,1,0,0,0,0,1,,0,0,0,0,1,1,,1,1,1,0,0,0,0,1,,0,0,0,0,1,1,,1,0,0,,,,,0,,,,,,0,0,,0
"Collection","/collections/japanese-young-sex-doll",1,1,0,0,0,0,2,,0,0,0,20,2,0,,0,1,1,0,0,0,0,2,,0,0,0,20,2,0,,0,0,0,,,,,0,,,,,0,0,,,
"Product","/products/h1020-sex-doll-head-motorbike-cool-girl-irontech-doll-head",1,1,0,0,0,0,9,,0,0,0,380,9,0,,0,1,1,0,0,0,0,9,,0,0,0,380,9,0,,0,0,0,,,,,0,,,,,0,0,,,
"Product","/products/t273-31-97lbs-80cm-livia-lightweight-life-size-sex-doll-torso-climax-doll",1,1,0,0,0,0,3,,0,0,0,4,3,0,,0,1,1,0,0,0,0,3,,0,0,0,4,3,0,,0,0,0,,,,,0,,,,,0,0,,,
,"/en-ca/collections/lusandy-doll-factory-photos",1,1,0,0,0,0,1,,0,0,0,2,1,1,,1,1,1,0,0,0,0,1,,0,0,0,2,1,1,,1,0,0,,,,,0,,,,,0,0,0,,0
,"/ja/collections/qita-doll",1,1,0,0,0,0,3,,0,0,0,32,3,0,,0,1,1,0,0,0,0,3,,0,0,0,32,3,0,,0,0,0,,,,,0,,,,,0,0,,,
,"/en-ca/products/linkdolls-f931-165cm5-4ft-d-cup-tpe-young-japanese-anime-girls-sex-doll-se-doll",1,1,0,0,0,0,1,,0,0,0,0,1,1,,1,1,1,0,0,0,0,1,,0,0,0,0,1,1,,1,0,0,,,,,0,,,,,,0,0,,0
"Product","/products/yeloly-ssbbw-silicone-torso-75cm-t778",1,1,0,0,0,0,5,,0,0,0,471,5,0,,0,1,1,0,0,0,0,5,,0,0,0,471,5,0,,0,0,0,,,,,0,,,,,0,0,,,
,"/ja/collections/sex-torso-doll-in-stock-europe",1,1,0,0,0,0,1,,0,0,0,0,1,1,,1,1,1,0,0,0,0,1,,0,0,0,0,1,1,,1,0,0,,,,,0,,,,,,0,0,,0
"Collection","/collections/sex-doll-lingerie",1,1,0,0,0,0,1,,0,0,0,0,1,1,,1,1,1,0,0,0,0,1,,0,0,0,0,1,1,,1,0,0,,,,,0,,,,,,0,0,,0
,"/en-ca/products/h1103-alien-sex-doll-head",1,1,0,0,0,0,1,,0,0,0,0,1,1,,1,1,1,0,0,0,0,1,,0,0,0,0,1,1,,1,0,0,,,,,0,,,,,,0,0,,0
,"/en-ca/blogs/dolls-info-qustions/top-3-flat-chested-sex-dolls-of-2025-ultimate-flatness-unique-allure",1,1,0,0,0,0,1,,0,0,0,0,1,1,,1,1,1,0,0,0,0,1,,0,0,0,0,1,1,,1,0,0,,,,,0,,,,,,0,0,,0
"Product","/products/v323-silicone-ultra-soft-foot-fleshlight-with-real-feel-texture",1,1,0,0,0,0,1,,0,0,0,0,1,1,,1,1,1,0,0,0,0,1,,0,0,0,0,1,1,,1,0,0,,,,,0,,,,,,0,0,,0
"Product","/products/f8193-150cm-5ft-27-5kg-silicone-anime-sex-%20doll-elsa-ba%20be",1,1,0,0,0,0,1,,0,0,0,0,1,1,,1,1,1,0,0,0,0,1,,0,0,0,0,1,1,,1,0,0,,,,,0,,,,,,0,0,,0
"Blog Article","/blogs/sex-doll-torso-blog/most-comprehensive-guideline-of-best-sex-dolls-sex-doll-torsos",1,1,0,0,0,0,1,,0,0,0,0,1,1,,1,1,1,0,0,0,0,1,,0,0,0,0,1,1,,1,0,0,,,,,0,,,,,,0,0,,0
"Product","/products/f9382-aitia-155cm-silicone-head-mature-life-like-sex-doll",1,1,0,0,0,0,1,,0,0,0,0,1,1,,1,1,1,0,0,0,0,1,,0,0,0,0,1,1,,1,0,0,,,,,0,,,,,,0,0,,0
"Product","/products/631-lifesize-sex-doll-torso",1,1,0,0,0,0,1,,0,0,0,0,1,1,,1,1,1,0,0,0,0,1,,0,0,0,0,1,1,,1,0,0,,,,,0,,,,,,0,0,,0
,"/en-ca/blogs/dolls-info-qustions/sexual-health-dolls-and-sexual-violence",1,1,0,0,0,0,1,,0,0,0,0,1,1,,1,1,1,0,0,0,0,1,,0,0,0,0,1,1,,1,0,0,,,,,0,,,,,,0,0,,0
,"/de/collections/chubby-sex-doll-1",1,1,0,0,0,0,2,,0,0,0,10,2,0,,0,1,1,0,0,0,0,2,,0,0,0,10,2,0,,0,0,0,,,,,0,,,,,0,0,,,
"Product","/products/f5072-anzu-160cm-5ft3-d-cup-asian-silicone-sex-doll-jx-doll",1,1,0,0,0,0,1,,0,0,0,0,1,1,,1,1,1,0,0,0,0,1,,0,0,0,0,1,1,,1,0,0,,,,,0,,,,,,0,0,,0
"Custom Page","/pages/irontech-ai",1,1,0,0,0,0,1,,0,0,0,0,1,1,,1,1,1,0,0,0,0,1,,0,0,0,0,1,1,,1,0,0,,,,,0,,,,,,0,0,,0
"Blog Article","/blogs/dolls-info-qustions/what-kind-of-small-breasted-sex-dolls-can-you-buy-on-a-small-budget",1,1,0,0,0,0,8,,0,0,0,681,8,0,,0,1,1,0,0,0,0,8,,0,0,0,681,8,0,,0,0,0,,,,,0,,,,,0,0,,,
,"/en-ca/products/notye-2sizes-silicone-butt-a779",1,1,0,0,0,0,1,,0,0,0,0,1,1,,1,1,1,0,0,0,0,1,,0,0,0,0,1,1,,1,0,0,,,,,0,,,,,,0,0,,0
"Product","/products/f2495-161cm5-3ft-25kg-h-cup-alex-morgan-super-lightweight-ros-silicone-sex-doll-in-stock-usa-nianta-doll",1,1,0,0,0,0,62,,0,0,0,3196,62,0,,0,1,1,0,0,0,0,62,,0,0,0,3196,62,0,,0,0,0,,,,,0,,,,,0,0,,,
"Blog Article","/blogs/dolls-info-qustions/are-sex-doll-worths-buying",1,1,0,0,0,0,1,,0,0,0,0,1,1,,1,1,1,0,0,0,0,1,,0,0,0,0,1,1,,1,0,0,,,,,0,,,,,,0,0,,0
,"/de/collections/with-head-alien-sex-doll",1,1,0,0,0,0,4,,0,0,0,242,4,0,,0,1,1,0,0,0,0,4,,0,0,0,242,4,0,,0,0,0,,,,,0,,,,,0,0,,,
"Product","/products/593-49lb-80cm-the-realistic-flat-chested-sex-doll-torso-delicate-skin-graceful-figure",1,1,0,0,0,0,3,,0,0,0,162,3,0,,0,1,1,0,0,0,0,3,,0,0,0,162,3,0,,0,0,0,,,,,0,,,,,0,0,,,
"Product","/products/f6327-160cm-5ft3-34kg-e-cup-silicone-japanese-sex-doll-large-breasts-firefly-diary-max",1,1,0,0,0,0,1,,0,0,0,0,1,1,,1,1,1,0,0,0,0,1,,0,0,0,0,1,1,,1,0,0,,,,,0,,,,,,0,0,,0
,"/en-ca/pages/full-doll",1,1,0,0,0,0,3,,0,0,0,74,3,0,,0,1,1,0,0,0,0,3,,0,0,0,74,3,0,,0,0,0,,,,,0,,,,,0,0,,,
"Blog Article","/blogs/dolls-info-qustions/9-things-you-should-never-do-to-your-sex-doll-torso",1,1,0,0,0,0,1,,0,0,0,0,1,1,,1,1,1,0,0,0,0,1,,0,0,0,0,1,1,,1,0,0,,,,,0,,,,,,0,0,,0
,"/en-fi/blogs/featured-blog/what-is-a-sex-doll",1,1,0,0,0,0,1,,0,0,0,0,1,1,,1,1,1,0,0,0,0,1,,0,0,0,0,1,1,,1,0,0,,,,,0,,,,,,0,0,,0
"Product","/products/f9234-150cm4ft9-37-6kg-hiiro-l-cup-s-tpe-gel-filled-big-breasts-life-size-anime-sex-doll-irokebijin-doll",1,1,0,0,0,0,1,,0,0,0,0,1,1,,1,1,1,0,0,0,0,1,,0,0,0,0,1,1,,1,0,0,,,,,0,,,,,,0,0,,0
"Product","/products/f9363-walrus-mini-hentai-figure-silicone-sex-doll",1,1,0,0,0,0,4,,0,0,0,332,4,0,,0,1,1,0,0,0,0,4,,0,0,0,332,4,0,,0,0,0,,,,,0,,,,,0,0,,,
,"/en-ca/products/f4890-169cm-big-ass-robot-sex-doll-sexbot-sy-dolls",1,1,0,0,0,0,3,,0,0,0,228,3,0,,0,1,1,0,0,0,0,3,,0,0,0,228,3,0,,0,0,0,,,,,0,,,,,0,0,,,
"Blog Article","/blogs/dolls-info-qustions/the-best-usage-of-shemale-sex-dolls",1,1,0,0,0,0,1,,0,0,0,0,1,1,,1,1,1,0,0,0,0,1,,0,0,0,0,1,1,,1,0,0,,,,,0,,,,,,0,0,,0
"Product","/products/f2233-150cm-4ft9-a-cup-realistic-tpe-sex-doll-sy-doll",1,1,0,0,0,0,11,,0,0,0,898,11,0,,0,1,1,0,0,0,0,11,,0,0,0,898,11,0,,0,0,0,,,,,0,,,,,0,0,,,
"Product","/products/a686-luxury-silicone-big-ass-torso-29lb",1,1,0,0,0,0,3,,0,0,0,179,3,0,,0,1,1,0,0,0,0,3,,0,0,0,179,3,0,,0,0,0,,,,,0,,,,,0,0,,,
"Product","/products/f8112-162cm-5ft3-40-5kg-h-cup-m29-plump-body-silicone-sex-doll-md-doll",1,1,0,0,0,0,1,,0,0,0,0,1,1,,1,1,1,0,0,0,0,1,,0,0,0,0,1,1,,1,0,0,,,,,0,,,,,,0,0,,0
"Product","/products/t248-whole-body-real-texture-breast-pussy",1,1,0,0,0,0,1,,0,0,0,0,1,1,,1,1,1,0,0,0,0,1,,0,0,0,0,1,1,,1,0,0,,,,,0,,,,,,0,0,,0
"Product","/products/f2195-157cm5-2ft-g-cup-tpe-japanese-sun-kissed-beauty-young-sex-doll-amy-fun-west-doll",1,1,0,0,0,0,2,,0,0,0,94,2,0,,0,1,1,0,0,0,0,2,,0,0,0,94,2,0,,0,0,0,,,,,0,,,,,0,0,,,
"Product","/products/a410-22lbsexy-and-real-realistic-ass-chubby-masturbator-sex-doll-torso",1,1,0,0,0,0,1,,0,0,0,0,1,1,,1,1,1,0,0,0,0,1,,0,0,0,0,1,1,,1,0,0,,,,,0,,,,,,0,0,,0
"Collection","/collections/legs",1,1,0,0,0,0,4,,0,0,0,72,4,0,,0,1,1,0,0,0,0,4,,0,0,0,72,4,0,,0,0,0,,,,,0,,,,,0,0,,,
,"/ja/blogs/dolls-info-qustions/what-to-think-about-before-buying-a-torso-dildo",1,1,0,0,0,0,3,,0,0,0,2704,3,0,,0,1,1,0,0,0,0,3,,0,0,0,2704,3,0,,0,0,0,,,,,0,,,,,0,0,,,
,"/en-ca/products/f4839-158cm5ft2-33kg-e-cup-silicone-ros-asian-best-japanese-sex-doll%E4%B8%A8doll-senior",1,1,0,0,0,0,1,,0,0,0,0,1,1,,1,1,1,0,0,0,0,1,,0,0,0,0,1,1,,1,0,0,,,,,0,,,,,,0,0,,0
,"/en-fi/products/f2243-159cm5-2ft-f-cup-s39-silicone-chinese-sex-doll-irontech-doll",1,1,0,0,0,0,1,,0,0,0,0,1,1,,1,1,1,0,0,0,0,1,,0,0,0,0,1,1,,1,0,0,,,,,0,,,,,,0,0,,0
"List of Collections","/products",1,1,0,0,0,0,13,,0,0,0,825,13,0,,0,1,1,0,0,0,0,13,,0,0,0,825,13,0,,0,0,0,,,,,0,,,,,0,0,,,
"Product","/products/t322-big-breasts-silicone-sex-doll-torso-yeloly",1,1,0,0,0,0,7,,0,0,0,523,7,0,,0,1,1,0,0,0,0,7,,0,0,0,523,7,0,,0,0,0,,,,,0,,,,,0,0,,,
"Product","/products/p4-anime-fake-vagina",1,1,1,1,0,0,9,0,1,1,0,2519,9,0,0,0,1,1,1,1,0,0,9,0,1,1,0,2519,9,0,0,0,0,0,0,0,,,0,,0,0,,0,0,,,
,"/de/products/f9289-157cm5-2ft-36-2kg-2-2cf-k-cup-ros-asian-chinese-silicone-sexdoll-full-body-aitia-doll",1,1,0,0,0,0,6,,0,0,0,80,6,0,,0,1,1,0,0,0,0,6,,0,0,0,80,6,0,,0,0,0,,,,,0,,,,,0,0,,,
"Collection","/collections/silicone-torso-sex-doll-in-stock-usa",1,1,0,0,0,0,1,,0,0,0,0,1,1,,1,1,1,0,0,0,0,1,,0,0,0,0,1,1,,1,0,0,,,,,0,,,,,,0,0,,0
"Blog Article","/blogs/dolls-info-qustions/japanese-girls-become-the-most-popular-women",1,1,0,0,0,0,1,,0,0,0,0,1,1,,1,1,1,0,0,0,0,1,,0,0,0,0,1,1,,1,0,0,,,,,0,,,,,,0,0,,0
,"/de/blogs/dolls-info-qustions/ridmii-tenar-f9127-new-ai-sex-doll",1,1,0,0,0,0,1,,0,0,0,0,1,1,,1,1,1,0,0,0,0,1,,0,0,0,0,1,1,,1,0,0,,,,,0,,,,,,0,0,,0
"Product","/products/519-20-28lb-curvy-lightweight-55cm-sex-doll-torso",1,1,0,0,0,0,1,,0,0,0,0,1,1,,1,1,1,0,0,0,0,1,,0,0,0,0,1,1,,1,0,0,,,,,0,,,,,,0,0,,0
"Blog Article","/blogs/dolls-info-qustions/7-sex-doll-delivery-steps",1,1,0,0,0,0,1,,0,0,0,0,1,1,,1,1,1,0,0,0,0,1,,0,0,0,0,1,1,,1,0,0,,,,,0,,,,,,0,0,,0
"Product","/products/f1447-153cm5ft-34kg-h-cup-fantasy-tpe-sex-doll-aibei-doll",1,1,1,1,0,0,52,0,1,1,0,2221,52,0,0,0,1,1,1,1,0,0,52,0,1,1,0,2221,52,0,0,0,0,0,0,0,,,0,,0,0,,0,0,,,
"Blog Article","/blogs/real-sex-doll-reviews-pros-cons-real-usage-tests/7-top-brands-of-silicone-sex-dolls-jelly-breast-experience-which-is-the-softest-and-most-realistic",1,1,0,0,0,0,1,,0,0,0,0,1,1,,1,1,1,0,0,0,0,1,,0,0,0,0,1,1,,1,0,0,,,,,0,,,,,,0,0,,0
"Collection","/collections/30s-sex-doll",1,1,0,0,0,0,1,,0,0,0,0,1,1,,1,1,1,0,0,0,0,1,,0,0,0,0,1,1,,1,0,0,,,,,0,,,,,,0,0,,0
,"/en-ca/blogs/dolls-info-qustions/which-condoms-can-be-used-with-18s-sex-dolls",1,1,0,0,0,0,1,,0,0,0,0,1,1,,1,1,1,0,0,0,0,1,,0,0,0,0,1,1,,1,0,0,,,,,0,,,,,,0,0,,0
"Checkout","/orders/7091244630255",1,1,0,0,0,0,1,,0,0,0,0,1,1,,1,1,1,0,0,0,0,1,,0,0,0,0,1,1,,1,0,0,,,,,0,,,,,,0,0,,0
"Product","/products/f1271-165cm-g-cup-fenny-big-boobs-doll-irontech-doll",1,1,0,0,0,0,2,,0,0,0,65,2,0,,0,1,1,0,0,0,0,2,,0,0,0,65,2,0,,0,0,0,,,,,0,,,,,0,0,,,
,"/en-ca/collections/anime-sex-doll-cheap",1,1,0,0,0,0,1,,0,0,0,0,1,1,,1,1,1,0,0,0,0,1,,0,0,0,0,1,1,,1,0,0,,,,,0,,,,,,0,0,,0
"Product","/products/p117-2-2lb-fake-pussy-realistic-masturbator-mini-hentai-sex-doll-torso-in-stock-mrl",1,1,0,0,0,0,1,,0,0,0,0,1,1,,1,1,1,0,0,0,0,1,,0,0,0,0,1,1,,1,0,0,,,,,0,,,,,,0,0,,0
,"/en-fi/products/f2203-169cm5-5ft-e-cup-251-silicone-head-sex-doll%E4%B8%A8sy-doll",1,1,0,0,0,0,1,,0,0,0,0,1,1,,1,1,1,0,0,0,0,1,,0,0,0,0,1,1,,1,0,0,,,,,0,,,,,,0,0,,0
"Product","/products/f4833-158cm5-6ft-33kg-d-cup-full-silicone-ros-asian-best-chinese-sex-doll%E4%B8%A8doll-senior",1,1,0,0,0,0,2,,0,0,0,0,2,0,,0,1,1,0,0,0,0,2,,0,0,0,0,2,0,,0,0,0,,,,,0,,,,,,0,,,
"Product","/products/f2381-150cm-4ft9-g-cup-256-powerful-big-ass-tpe-mini-ssbbw-sex-doll-2025-sy-doll-%E5%A4%8D%E5%88%B6",1,1,0,0,0,0,2,,0,0,0,43,2,0,,0,1,1,0,0,0,0,2,,0,0,0,43,2,0,,0,0,0,,,,,0,,,,,0,0,,,
,"/en-ca/products/f1963k-175cm5-7ft-e-cup-lola-sex-doll-irontech-doll",1,1,0,0,0,0,1,,0,0,0,0,1,1,,1,1,1,0,0,0,0,1,,0,0,0,0,1,1,,1,0,0,,,,,0,,,,,,0,0,,0
,"/en-ca/products/f924-161cm5-3ft-miyuki-f-cup-tpe-brunette-pink-girl-big-ass-love-doll-se-doll",1,1,0,0,0,0,24,,0,0,0,1197,24,0,,0,1,1,0,0,0,0,24,,0,0,0,1197,24,0,,0,0,0,,,,,0,,,,,0,0,,,
"Product","/products/f5826k-150cm-4ft9-24kg-c-cup-polly-s-silicone-realistic-with-ros-head-celebrities-sex-dolls-top-cydoll",1,1,0,0,0,0,2,,0,0,0,198,2,0,,0,1,1,0,0,0,0,2,,0,0,0,198,2,0,,0,0,0,,,,,0,,,,,0,0,,,
"Product","/products/f4495-162cm5-3ft-47kg-d-cup-anime-silicone-head-sex-doll%E4%B8%A86ye",1,1,0,0,0,0,16,,0,0,0,1108,16,0,,0,1,1,0,0,0,0,16,,0,0,0,1108,16,0,,0,0,0,,,,,0,,,,,0,0,,,
"Blog Article","/blogs/dolls-info-qustions/how-sci-fi-culture-shapes-the-design-of-alien-sex-dolls",1,1,0,0,0,0,1,,0,0,0,0,1,1,,1,1,1,0,0,0,0,1,,0,0,0,0,1,1,,1,0,0,,,,,0,,,,,,0,0,,0
,"/en-fi/blogs/sex-doll-torso-blog/top-7-sex-poses-with-your-torso-sex-doll",1,1,0,0,0,0,1,,0,0,0,0,1,1,,1,1,1,0,0,0,0,1,,0,0,0,0,1,1,,1,0,0,,,,,0,,,,,,0,0,,0
"Product","/products/h1014-sex-doll-head-innocent-asian-girl-irontech-doll-head",1,1,0,0,0,0,1,,0,0,0,0,1,1,,1,1,1,0,0,0,0,1,,0,0,0,0,1,1,,1,0,0,,,,,0,,,,,,0,0,,0
,"/ja/collections/femboys-sex-doll",1,1,0,0,0,0,1,,0,0,0,2,1,1,,1,1,1,0,0,0,0,1,,0,0,0,2,1,1,,1,0,0,,,,,0,,,,,0,0,0,,0
"Custom Page","/pages/linkdolls-my-whatsapp",1,1,0,0,0,0,1,,0,0,0,0,1,1,,1,1,1,0,0,0,0,1,,0,0,0,0,1,1,,1,0,0,,,,,0,,,,,,0,0,,0
"Product","/products/t289-79-37-lbs-lydia-ros-life-size-silicone-sex-doll-torso-with-head-in-stock-usa-europe-max-series",1,1,0,0,0,0,1,,0,0,0,0,1,1,,1,1,1,0,0,0,0,1,,0,0,0,0,1,1,,1,0,0,,,,,0,,,,,,0,0,,0
,"/en-ca/products/h111-sex-doll-head",1,1,0,0,0,0,1,,0,0,0,0,1,1,,1,1,1,0,0,0,0,1,,0,0,0,0,1,1,,1,0,0,,,,,0,,,,,,0,0,,0
"Product","/products/f3412-150cm4ft9-26-25kg-f-cup-small-breast-tpe-sex-doll-aibei-doll",1,1,0,0,0,0,3,,0,0,0,157,3,0,,0,1,1,0,0,0,0,3,,0,0,0,157,3,0,,0,0,0,,,,,0,,,,,0,0,,,
,"/en-fi/collections/wm-doll-factory-photos",1,1,0,0,0,0,2,,0,0,0,7,2,0,,0,1,1,0,0,0,0,2,,0,0,0,7,2,0,,0,0,0,,,,,0,,,,,0,0,,,
"Blog Article","/blogs/dolls-info-qustions/which-black-sex-doll-is-the-best-these-brands-and-styles-are-worth-buying",1,1,0,0,0,0,10,,0,0,0,1690,10,0,,0,1,1,0,0,0,0,10,,0,0,0,1690,10,0,,0,0,0,,,,,0,,,,,0,0,,,
"Product","/products/f1456-164cm5f4-42kg-g-cup-muscular-tpe-sex-doll-aibei-doll",1,1,0,0,0,0,13,,0,0,0,1115,13,0,,0,1,1,0,0,0,0,13,,0,0,0,1115,13,0,,0,0,0,,,,,0,,,,,0,0,,,
"Product","/products/t68-human-size-silicone-torso-sex-doll",1,1,0,0,0,0,2,,0,0,0,143,2,0,,0,1,1,0,0,0,0,2,,0,0,0,143,2,0,,0,0,0,,,,,0,,,,,0,0,,,
"Blog Article","/blogs/real-sex-doll-reviews-pros-cons-real-usage-tests/is-this-bbw-torso-worth-it-for-newbies-md-doll-brianna-sex-doll-review",1,1,0,0,0,0,1,,0,0,0,0,1,1,,1,1,1,0,0,0,0,1,,0,0,0,0,1,1,,1,0,0,,,,,0,,,,,,0,0,,0
"Product","/products/h706-ros-silicone-sex-doll-head-in-stock-usa-zelex-doll-head",1,1,0,0,0,0,1,,0,0,0,0,1,1,,1,1,1,0,0,0,0,1,,0,0,0,0,1,1,,1,0,0,,,,,0,,,,,,0,0,,0
"Product","/products/f4747-160cm-5ft3-41kg-j-cup-big-breast-silicone-bbw-sex-dollzelex-sle-2-0-in-stock-usa-canada-zelex-doll",1,1,0,0,0,0,3,,0,0,0,44,3,0,,0,1,1,0,0,0,0,3,,0,0,0,44,3,0,,0,0,0,,,,,0,,,,,0,0,,,
"Collection","/collections/big-ass-sex-doll-1000-1999",1,1,0,0,0,0,1,,0,0,0,0,1,1,,1,1,1,0,0,0,0,1,,0,0,0,0,1,1,,1,0,0,,,,,0,,,,,,0,0,,0
"Product","/products/t681-61lbbig-boots-sex-doll-torso",1,1,0,0,0,0,1,,0,0,0,0,1,1,,1,1,1,0,0,0,0,1,,0,0,0,0,1,1,,1,0,0,,,,,0,,,,,,0,0,,0
"Product","/products/f5709-158cm-5ft2-36kg-g-cup-silicone-shemale-sex-doll-with-g-cup-15cm-fixed-penis-doll-castle",1,1,0,0,0,0,1,,0,0,0,0,1,1,,1,1,1,0,0,0,0,1,,0,0,0,0,1,1,,1,0,0,,,,,0,,,,,,0,0,,0
"Product","/products/f1720-151cm-4ft9-b-cup-petite-silicone-sex-doll-starpery-doll",1,1,0,0,0,0,3,,0,0,0,21,3,0,,0,1,1,0,0,0,0,3,,0,0,0,21,3,0,,0,0,0,,,,,0,,,,,0,0,,,
,"/en-fi/collections/full-doll",1,1,0,0,0,0,3,,0,0,0,23,3,0,,0,1,1,0,0,0,0,3,,0,0,0,23,3,0,,0,0,0,,,,,0,,,,,0,0,,,
,"/de/collections/black-sex-doll-2000",1,1,0,0,0,0,1,,0,0,0,0,1,1,,1,1,1,0,0,0,0,1,,0,0,0,0,1,1,,1,0,0,,,,,0,,,,,,0,0,,0
,"/de",1,1,0,0,0,0,5,,0,0,0,58,5,0,,0,1,1,0,0,0,0,5,,0,0,0,58,5,0,,0,0,0,,,,,0,,,,,0,0,,,
"Product","/products/f2364-158cm-5ft1-d-cup-pamela-cosplay-silicone-sex-doll-gel-breasts-ass-jiusheng-doll",1,1,0,0,0,0,3,,0,0,0,27,3,0,,0,1,1,0,0,0,0,3,,0,0,0,27,3,0,,0,0,0,,,,,0,,,,,0,0,,,
"Product","/products/f1986k-157cm-g-cup-chloe-tpe-sex-doll-fun-west-doll",1,1,0,0,0,0,1,,0,0,0,0,1,1,,1,1,1,0,0,0,0,1,,0,0,0,0,1,1,,1,0,0,,,,,0,,,,,,0,0,,0
,"/de/blogs/dolls-info-qustions/differences-between-tpe-and-silicone-sex-dolls",1,1,0,0,0,0,1,,0,0,0,0,1,1,,1,1,1,0,0,0,0,1,,0,0,0,0,1,1,,1,0,0,,,,,0,,,,,,0,0,,0
"Blog Article","/blogs/sex-doll-torso-blog/9-things-to-keep-in-mind-when-dressing-up-a-sex-doll",1,1,0,0,0,0,1,,0,0,0,0,1,1,,1,1,1,0,0,0,0,1,,0,0,0,0,1,1,,1,0,0,,,,,0,,,,,,0,0,,0
,"/en-ca/collections/sex-doll-with-papaya-breast-pear-shaped-breast",1,1,1,0,0,0,26,,1,0,0,911,26,0,,0,1,1,1,0,0,0,26,,1,0,0,911,26,0,,0,0,0,0,,,,0,,0,,,0,0,,,
"Product","/products/f9399-161cm-silicone-sex-doll",1,1,0,0,0,0,1,,0,0,0,0,1,1,,1,1,1,0,0,0,0,1,,0,0,0,0,1,1,,1,0,0,,,,,0,,,,,,0,0,,0
"Product","/products/f1871k-anime-tpe-sex-doll-fun-west-doll",1,1,0,0,0,0,6,,0,0,0,119,6,0,,0,1,1,0,0,0,0,6,,0,0,0,119,6,0,,0,0,0,,,,,0,,,,,0,0,,,
"Product","/products/b36-7-5lb-full-bust-24inch-black-silicone-breast-sex-titty-fucking-mammary-intercourse-sex-toy-titjob-boob-job",1,1,0,0,0,0,2,,0,0,0,1409,2,0,,0,1,1,0,0,0,0,2,,0,0,0,1409,2,0,,0,0,0,,,,,0,,,,,0,0,,,
,"/ja/blogs/dolls-info-qustions/how-to-integrate-sex-toys-and-torso-sex-dolls-into-foreplay",1,1,0,0,0,0,1,,0,0,0,0,1,1,,1,1,1,0,0,0,0,1,,0,0,0,0,1,1,,1,0,0,,,,,0,,,,,,0,0,,0
"Product","/products/p101-0-88lb-18in-double-realistic-dildo-with-snakehead-silicone-hentai-male-sex-doll-tayuta",1,1,0,0,0,0,1,,0,0,0,0,1,1,,1,1,1,0,0,0,0,1,,0,0,0,0,1,1,,1,0,0,,,,,0,,,,,,0,0,,0
,"/en-ca/products/p379-3-86lb-anime-fake-pussy-medusa-silicone-hentai-sex-doll-mrl",1,1,0,0,0,0,1,,0,0,0,0,1,1,,1,1,1,0,0,0,0,1,,0,0,0,0,1,1,,1,0,0,,,,,0,,,,,,0,0,,0
"Blog Article","/blogs/real-sex-doll-reviews-pros-cons-real-usage-tests/are-aitia-1-1-real-person-replica-asian-sex-dolls-worth-buying-a-complete-review-of-6-celebrity-sex-dolls",1,1,0,0,0,0,1,,0,0,0,0,1,1,,1,1,1,0,0,0,0,1,,0,0,0,0,1,1,,1,0,0,,,,,0,,,,,,0,0,,0
"Product","/products/top-fire-doll-170cm-silicone-doll-f8602",1,1,0,0,0,0,5,,0,0,0,63,5,0,,0,1,1,0,0,0,0,5,,0,0,0,63,5,0,,0,0,0,,,,,0,,,,,0,0,,,
"Collection","/collections/1000-1599-cheap-sex-doll",1,1,0,0,0,0,1,,0,0,0,0,1,1,,1,1,1,0,0,0,0,1,,0,0,0,0,1,1,,1,0,0,,,,,0,,,,,,0,0,,0
"Custom Page","/pages/video12",1,1,0,0,0,0,4,,0,0,0,641,4,0,,0,1,1,0,0,0,0,4,,0,0,0,641,4,0,,0,0,0,,,,,0,,,,,0,0,,,
,"/de/blogs/sex-doll-torso-blog/recognize-these-4-points-better-understand-the-sex-torsos",1,1,0,0,0,0,1,,0,0,0,0,1,1,,1,1,1,0,0,0,0,1,,0,0,0,0,1,1,,1,0,0,,,,,0,,,,,,0,0,,0
"Product","/products/f7597-168cm-5ft6-39kg-d-cup-realistic-movable-jaw-silicone-robot-bbw-sex-doll-in-stock-usa-sy-doll",1,1,0,0,0,0,54,,0,0,0,2985,54,0,,0,1,1,0,0,0,0,54,,0,0,0,2985,54,0,,0,0,0,,,,,0,,,,,0,0,,,
"Product","/products/f9287-155mcm5-1ft-38kg-2-2cf-e-cup-ros-silicone-asian-anime-life-like-sex-doll-aitia-doll",1,1,0,0,0,0,4,,0,0,0,1298,4,0,,0,1,1,0,0,0,0,4,,0,0,0,1298,4,0,,0,0,0,,,,,0,,,,,0,0,,,
,"/en-ca/collections/halloween-sex-doll",1,1,0,0,0,0,1,,0,0,0,0,1,1,,1,1,1,0,0,0,0,1,,0,0,0,0,1,1,,1,0,0,,,,,0,,,,,,0,0,,0
"Blog Article","/blogs/dolls-info-qustions/hey-check-out-these-awesome-silicone-sex-dolls-from-sigafun",1,1,0,0,0,0,1,,0,0,0,0,1,1,,1,1,1,0,0,0,0,1,,0,0,0,0,1,1,,1,0,0,,,,,0,,,,,,0,0,,0
"Product","/products/a802k-realistic-ass-silicone-sex-torso-yeloly",1,1,0,0,0,0,1,,0,0,0,0,1,1,,1,1,1,0,0,0,0,1,,0,0,0,0,1,1,,1,0,0,,,,,0,,,,,,0,0,,0
"Product","/products/yeloly-57-3lbs-91cm-silicone-torso-sex-doll-t751",1,1,0,0,0,0,46,,0,0,0,3418,46,0,,0,1,1,0,0,0,0,46,,0,0,0,3418,46,0,,0,0,0,,,,,0,,,,,0,0,,,
"Product","/products/t237-black-life-size-sex-doll-torso-flat-chest",1,1,0,0,0,0,4,,0,0,0,81,4,0,,0,1,1,0,0,0,0,4,,0,0,0,81,4,0,,0,0,0,,,,,0,,,,,0,0,,,
"Collection","/collections/d-cup-sex-dolls",1,1,0,0,0,0,2,,0,0,0,13,2,0,,0,1,1,0,0,0,0,2,,0,0,0,13,2,0,,0,0,0,,,,,0,,,,,0,0,,,
"Blog Article","/blogs/featured-blog/exploring-the-unique-appeal-and-features-of-torso-sex-dolls",1,1,0,0,0,0,1,,0,0,0,0,1,1,,1,1,1,0,0,0,0,1,,0,0,0,0,1,1,,1,0,0,,,,,0,,,,,,0,0,,0
,"/en-fi/collections/aibei-doll",1,1,0,0,0,0,3,,0,0,0,116,3,0,,0,1,1,0,0,0,0,3,,0,0,0,116,3,0,,0,0,0,,,,,0,,,,,0,0,,,
,"/en-ca/collections/jiusheng-doll",1,1,0,0,0,0,3,,0,0,0,87,3,0,,0,1,1,0,0,0,0,3,,0,0,0,87,3,0,,0,0,0,,,,,0,,,,,0,0,,,
,"/en-ca/blogs/featured-blog/the-best-hyper-realistic-sex-dolls-brands-features-and-buying-guide",1,1,0,0,0,0,1,,0,0,0,0,1,1,,1,1,1,0,0,0,0,1,,0,0,0,0,1,1,,1,0,0,,,,,0,,,,,,0,0,,0
"Product","/products/p126-real-feel-silicone-pocket-pussy-highly-detailed-design-judy-rona",1,1,0,0,0,0,1,,0,0,0,0,1,1,,1,1,1,0,0,0,0,1,,0,0,0,0,1,1,,1,0,0,,,,,0,,,,,,0,0,,0
"Blog Article","/blogs/dolls-info-qustions/how-to-diy-an-sex-doll-you",1,1,0,0,0,0,1,,0,0,0,0,1,1,,1,1,1,0,0,0,0,1,,0,0,0,0,1,1,,1,0,0,,,,,0,,,,,,0,0,,0
,"/en-ca/products/f4469-151cm4ft11-37kg-f-cup-robotic-chubby-silicone-head-sex-doll-aibei-doll",1,1,0,0,0,0,1,,0,0,0,0,1,1,,1,1,1,0,0,0,0,1,,0,0,0,0,1,1,,1,0,0,,,,,0,,,,,,0,0,,0
"Blog Article","/blogs/featured-blog/why-choose-the-irontech-silicone-sex-dolls",1,1,0,0,0,0,1,,0,0,0,0,1,1,,1,1,1,0,0,0,0,1,,0,0,0,0,1,1,,1,0,0,,,,,0,,,,,,0,0,,0
"Product","/products/f5129-167cm-d-cup-gel-butt-ros-silicone-sex-doll-galatea-doll",1,1,0,0,0,0,1,,0,0,0,0,1,1,,1,1,1,0,0,0,0,1,,0,0,0,0,1,1,,1,0,0,,,,,0,,,,,,0,0,,0
"Product","/products/a682-big-ass-torso-silicone-19lb-sucking-vibration",1,1,0,0,0,0,4,,0,0,0,331,4,0,,0,1,1,0,0,0,0,4,,0,0,0,331,4,0,,0,0,0,,,,,0,,,,,0,0,,,
"Custom Page","/pages/best-sell-sex-dolls-in-2026",1,1,0,0,0,0,33,,0,0,0,1485,33,0,,0,1,1,0,0,0,0,33,,0,0,0,1485,33,0,,0,0,0,,,,,0,,,,,0,0,,,
,"/en-fi/products/f9235-150cm4ft11-32-5kg-komachi-b-cup-s-tpe-animes-gel-filled-hentai-life-sized-sex-dolls-irokebijin-doll",1,1,0,0,0,0,1,,0,0,0,0,1,1,,1,1,1,0,0,0,0,1,,0,0,0,0,1,1,,1,0,0,,,,,0,,,,,,0,0,,0
"Blog Article","/blogs/real-sex-doll-reviews-pros-cons-real-usage-tests/the-ultimate-in-in-depth-experience-sharing-of-sy-doll-163cm-big-bottomed-plus-size",1,1,0,0,0,0,1,,0,0,0,0,1,1,,1,1,1,0,0,0,0,1,,0,0,0,0,1,1,,1,0,0,,,,,0,,,,,,0,0,,0
"Product","/products/b37-14-8lb-full-bust-33-8inch-cinnamon-silicone-boob-job-breast-sex-titty-fucking-mammary-intercourse-sex-toy-titjob",1,1,0,0,0,0,3,,0,0,0,76,3,0,,0,1,1,0,0,0,0,3,,0,0,0,76,3,0,,0,0,0,,,,,0,,,,,0,0,,,
,"/en-ca/collections/bbw-sex-doll-list",1,1,0,0,0,0,4,,0,0,0,49,4,0,,0,1,1,0,0,0,0,4,,0,0,0,49,4,0,,0,0,0,,,,,0,,,,,0,0,,,
,"/en-ca/products/p127-real-feel-silicone-pocket-pussy-highly-detailed-design-top-fire",1,1,0,0,0,0,1,,0,0,0,0,1,1,,1,1,1,0,0,0,0,1,,0,0,0,0,1,1,,1,0,0,,,,,0,,,,,,0,0,,0
"Product","/products/f5424-150cm-5ft-27-5kg-silicone-anime-hentai-sex-dolls-elsa-babe",1,1,0,0,0,0,3,,0,0,0,43,3,0,,0,1,1,0,0,0,0,3,,0,0,0,43,3,0,,0,0,0,,,,,0,,,,,0,0,,,
,"/en-ca/pages/sex-doll-gif",1,1,0,0,0,0,4,,0,0,0,52,4,0,,0,1,1,0,0,0,0,4,,0,0,0,52,4,0,,0,0,0,,,,,0,,,,,0,0,,,
"Blog Article","/blogs/dolls-info-qustions/shoot-videos-for-you-01-demystifying-the-sex-doll-factory",1,1,0,0,0,0,1,,0,0,0,0,1,1,,1,1,1,0,0,0,0,1,,0,0,0,0,1,1,,1,0,0,,,,,0,,,,,,0,0,,0
"Product","/products/f5676-165cm-5ft4-big-boobs-silicone-celebrity-sex-doll-in-stock-usa-canada",1,1,0,0,0,0,17,,0,0,0,767,17,0,,0,1,1,0,0,0,0,17,,0,0,0,767,17,0,,0,0,0,,,,,0,,,,,0,0,,,
"Blog Article","/blogs/dolls-info-qustions/10-online-stores-that-sell-regular-dolls-by-tdf",1,1,0,0,0,0,1,,0,0,0,0,1,1,,1,1,1,0,0,0,0,1,,0,0,0,0,1,1,,1,0,0,,,,,0,,,,,,0,0,,0
,"/en-fi/blogs/real-sex-doll-reviews-pros-cons-real-usage-tests/are-aitia-1-1-real-person-replica-asian-sex-dolls-worth-buying-a-complete-review-of-6-celebrity-sex-dolls",1,1,0,0,0,0,1,,0,0,0,0,1,1,,1,1,1,0,0,0,0,1,,0,0,0,0,1,1,,1,0,0,,,,,0,,,,,,0,0,,0
,"/de/blogs/dolls-info-qustions/exploring-the-best-personal-time-spaces",1,1,0,0,0,0,1,,0,0,0,0,1,1,,1,1,1,0,0,0,0,1,,0,0,0,0,1,1,,1,0,0,,,,,0,,,,,,0,0,,0
,"/en-ca/collections/anime-sex-doll-heads",1,1,0,0,0,0,1,,0,0,0,0,1,1,,1,1,1,0,0,0,0,1,,0,0,0,0,1,1,,1,0,0,,,,,0,,,,,,0,0,,0
"Product","/products/f9408-asian-flat-chest-sex-doll",1,1,0,0,0,0,10,,0,0,0,1038,10,0,,0,1,1,0,0,0,0,10,,0,0,0,1038,10,0,,0,0,0,,,,,0,,,,,0,0,,,
,"/de/blogs/real-sex-doll-reviews-pros-cons-real-usage-tests/7-top-brands-of-silicone-sex-dolls-jelly-breast-experience-which-is-the-softest-and-most-realistic",1,1,0,0,0,0,1,,0,0,0,0,1,1,,1,1,1,0,0,0,0,1,,0,0,0,0,1,1,,1,0,0,,,,,0,,,,,,0,0,,0
,"/de/blogs/dolls-info-qustions/is-a-fully-loose-skeleton-full-body-doll-worth-it",1,1,0,0,0,0,1,,0,0,0,0,1,1,,1,1,1,0,0,0,0,1,,0,0,0,0,1,1,,1,0,0,,,,,0,,,,,,0,0,,0
"Product","/products/h660-silicone-sex-doll-head-zelex-doll-head",1,1,0,0,0,0,14,,0,0,0,1727,14,0,,0,1,1,0,0,0,0,14,,0,0,0,1727,14,0,,0,0,0,,,,,0,,,,,0,0,,,
"Collection","/collections/starpery-doll-factory-photos",1,1,0,0,0,0,22,,0,0,0,1294,22,0,,0,1,1,0,0,0,0,22,,0,0,0,1294,22,0,,0,0,0,,,,,0,,,,,0,0,,,
"Product","/products/t699-33lb-koda-sayoko-silicone-legless-sex-doll-torso-with-head-elsa-babe-150",1,1,0,0,0,0,24,,0,0,0,3125,24,0,,0,1,1,0,0,0,0,24,,0,0,0,3125,24,0,,0,0,0,,,,,0,,,,,0,0,,,
"Blog Article","/blogs/sex-doll-torso-blog/8-best-sex-doll-torsos-with-heads",1,1,0,0,0,0,1,,0,0,0,0,1,1,,1,1,1,0,0,0,0,1,,0,0,0,0,1,1,,1,0,0,,,,,0,,,,,,0,0,,0
,"/en-ca/products/f5936-155mcm5-1ft-38kg-2-2cf-e-cup-furry-sex-doll-in-purple-plush-cat-costume-realistic-silicone-anime-catgirl-doll-for-adults-bezlya-doll",1,1,0,0,0,0,23,,0,0,0,613,23,0,,0,1,1,0,0,0,0,23,,0,0,0,613,23,0,,0,0,0,,,,,0,,,,,0,0,,,
,"/en-ca/products/537-sex-doll",1,1,0,0,0,0,1,,0,0,0,0,1,1,,1,1,1,0,0,0,0,1,,0,0,0,0,1,1,,1,0,0,,,,,0,,,,,,0,0,,0
,"/de/collections/new-arrivals",1,1,0,0,0,0,4,,0,0,0,440,4,0,,0,1,1,0,0,0,0,4,,0,0,0,440,4,0,,0,0,0,,,,,0,,,,,0,0,,,
"Blog Article","/blogs/dolls-info-qustions/how-to-use-a-pocket-pussy",1,1,0,0,0,0,1,,0,0,0,0,1,1,,1,1,1,0,0,0,0,1,,0,0,0,0,1,1,,1,0,0,,,,,0,,,,,,0,0,,0
"Blog Article","/blogs/real-sex-doll-reviews-pros-cons-real-usage-tests/top-8-big-ass-sex-doll-torsos-you-can-t-resist",1,1,0,0,0,0,1,,0,0,0,0,1,1,,1,1,1,0,0,0,0,1,,0,0,0,0,1,1,,1,0,0,,,,,0,,,,,,0,0,,0
,"/en-ca/products/f9259-165cm5ft4-35kg-b-cup-silicone-ros-hyper-realistic-sex-doll%E4%B8%A8doll-senior",1,1,0,0,0,0,1,,0,0,0,0,1,1,,1,1,1,0,0,0,0,1,,0,0,0,0,1,1,,1,0,0,,,,,0,,,,,,0,0,,0
"Blog Article","/blogs/sex-doll-torso-blog/sex-tips-to-strengthen-intimacy",1,1,0,0,0,0,1,,0,0,0,0,1,1,,1,1,1,0,0,0,0,1,,0,0,0,0,1,1,,1,0,0,,,,,0,,,,,,0,0,,0
"Blog Article","/blogs/dolls-info-qustions/the-most-life-like-torso-sex-doll",1,1,0,0,0,0,1,,0,0,0,0,1,1,,1,1,1,0,0,0,0,1,,0,0,0,0,1,1,,1,0,0,,,,,0,,,,,,0,0,,0
"Product","/products/h667-silicone-sex-doll-head%E4%B8%A8irontech-doll-head",1,1,0,0,0,0,1,,0,0,0,0,1,1,,1,1,1,0,0,0,0,1,,0,0,0,0,1,1,,1,0,0,,,,,0,,,,,,0,0,,0
"Product","/products/t973-107cm-3ft2-elise-25kg-c-cup-silicone-realistic-sex-doll-torso-with-head-jiusheng-doll",1,1,0,0,0,0,1,,0,0,0,0,1,1,,1,1,1,0,0,0,0,1,,0,0,0,0,1,1,,1,0,0,,,,,0,,,,,,0,0,,0
"Collection","/collections/galatea-doll",1,1,0,0,0,0,1,,0,0,0,0,1,1,,1,1,1,0,0,0,0,1,,0,0,0,0,1,1,,1,0,0,,,,,0,,,,,,0,0,,0
"Collection","/collections/sigafun-doll-in-stock-usa",1,1,0,0,0,0,1,,0,0,0,0,1,1,,1,1,1,0,0,0,0,1,,0,0,0,0,1,1,,1,0,0,,,,,0,,,,,,0,0,,0
,"/en-fi/products/f2174-164cm5-4ft-d-cup-m12-movable-jaw-head-sex-doll%E4%B8%A8sy-doll",1,1,0,0,0,0,1,,0,0,0,0,1,1,,1,1,1,0,0,0,0,1,,0,0,0,0,1,1,,1,0,0,,,,,0,,,,,,0,0,,0
"Product","/products/f1223-160cm-i-cup-luna-sex-doll-irontech-doll",1,1,0,0,0,0,2,,0,0,0,51,2,0,,0,1,1,0,0,0,0,2,,0,0,0,51,2,0,,0,0,0,,,,,0,,,,,0,0,,,
"Product","/products/lightweight-ass-toy-silicone-8-5lb-a805",1,1,0,0,0,0,2,,0,0,0,25,2,0,,0,1,1,0,0,0,0,2,,0,0,0,25,2,0,,0,0,0,,,,,0,,,,,0,0,,,
"Product","/products/p257-pocket-pussy-sex-toy-for-men-qsx",1,1,0,0,0,0,1,,0,0,0,0,1,1,,1,1,1,0,0,0,0,1,,0,0,0,0,1,1,,1,0,0,,,,,0,,,,,,0,0,,0
,"/en-fi/blogs/featured-blog/the-ultimate-guide-to-cleaning-powered-sex-dolls-keep-your-toy-safe-clean-and-fully-functional",1,1,0,0,0,0,1,,0,0,0,0,1,1,,1,1,1,0,0,0,0,1,,0,0,0,0,1,1,,1,0,0,,,,,0,,,,,,0,0,,0
"Product","/products/f9003-161cm5-3ft-39-6kg-d-cup-real-life-christmas-silicone-head-ai-sex-doll%E4%B8%A8sy-doll",1,1,0,0,0,0,3,,0,0,0,333,3,0,,0,1,1,0,0,0,0,3,,0,0,0,333,3,0,,0,0,0,,,,,0,,,,,0,0,,,
"Product","/products/t296-72-09lbs-iris-ros-life-size-silicone-sex-doll-torso-with-head-in-stock-usa-europe-max-series",1,1,0,0,0,0,1,,0,0,0,0,1,1,,1,1,1,0,0,0,0,1,,0,0,0,0,1,1,,1,0,0,,,,,0,,,,,,0,0,,0
"Blog Article","/blogs/dolls-info-qustions/regular-vs-softer-thigh-softer-belly",1,1,0,0,0,0,2,,0,0,0,52,2,0,,0,1,1,0,0,0,0,2,,0,0,0,52,2,0,,0,0,0,,,,,0,,,,,0,0,,,
,"/ja/blogs/real-sex-doll-reviews-pros-cons-real-usage-tests/2026-meru-hentai-sex-doll-review-comprehensive-comparison-of-4-hot-models",1,1,0,0,0,0,13,,0,0,0,358,13,0,,0,1,1,0,0,0,0,13,,0,0,0,358,13,0,,0,0,0,,,,,0,,,,,0,0,,,
"Collection","/collections/newest-sex-doll",1,1,0,0,0,0,1,,0,0,0,0,1,1,,1,1,1,0,0,0,0,1,,0,0,0,0,1,1,,1,0,0,,,,,0,,,,,,0,0,,0
,"/en-ca/collections/life-size-shemale-sex-doll",1,1,0,0,0,0,8,,0,0,0,307,8,0,,0,1,1,0,0,0,0,8,,0,0,0,307,8,0,,0,0,0,,,,,0,,,,,0,0,,,
"Product","/products/p400-gynoid-sex-doll-pocket-pussy-hentai-figure-mrl",1,1,0,0,0,0,3,,0,0,0,32,3,0,,0,1,1,0,0,0,0,3,,0,0,0,32,3,0,,0,0,0,,,,,0,,,,,0,0,,,
,"/en-ca/blogs/dolls-info-qustions/masturbation-place",1,1,0,0,0,0,1,,0,0,0,0,1,1,,1,1,1,0,0,0,0,1,,0,0,0,0,1,1,,1,0,0,,,,,0,,,,,,0,0,,0
,"/vi/blogs/dolls-info-qustions/have-sex-with-a-japnese-sex-doll",1,1,0,0,0,0,5,,0,0,0,1262,5,0,,0,1,1,0,0,0,0,5,,0,0,0,1262,5,0,,0,0,0,,,,,0,,,,,0,0,,,
,"/en-ca/blogs/complete-sex-doll-guide-for-beginners/zero-to-hero-guide-how-first-timers-should-choose-full-body-sex-dolls",1,1,0,0,0,0,1,,0,0,0,0,1,1,,1,1,1,0,0,0,0,1,,0,0,0,0,1,1,,1,0,0,,,,,0,,,,,,0,0,,0
"Product","/products/a302-21-4lb-silicone-realistic-big-ass-torso-with-long-waist",1,1,0,0,0,0,13,,0,0,0,1336,13,0,,0,1,1,0,0,0,0,13,,0,0,0,1336,13,0,,0,0,0,,,,,0,,,,,0,0,,,
,"/en-ca/products/t659-26-5lbs-realistic-dildo-for-silicone-woman-with-male-sex-doll%E4%B8%A8judy-rona",1,1,0,0,0,0,2,,0,0,0,8,2,0,,0,1,1,0,0,0,0,2,,0,0,0,8,2,0,,0,0,0,,,,,0,,,,,0,0,,,
,"/en-ca/collections/pornstar-sex-doll",1,1,0,0,0,0,4,,0,0,0,15,4,0,,0,1,1,0,0,0,0,4,,0,0,0,15,4,0,,0,0,0,,,,,0,,,,,0,0,,,
,"/en-ca/products/f4893-huge-butt-tpe-bbw-sex-dolls%E4%B8%A8sy-doll",1,1,0,0,0,0,3,,0,0,0,1,3,0,,0,1,1,0,0,0,0,3,,0,0,0,1,3,0,,0,0,0,,,,,0,,,,,0,0,,,
"Product","/products/t667-20-3lbs-luxury-super-realistic-silicone-torso-sex-doll",1,1,0,0,0,0,39,,0,0,0,2198,39,0,,0,1,1,0,0,0,0,39,,0,0,0,2198,39,0,,0,0,0,,,,,0,,,,,0,0,,,
,"/en-ca/products/9374524702959",1,1,0,0,0,0,1,,0,0,0,0,1,1,,1,1,1,0,0,0,0,1,,0,0,0,0,1,1,,1,0,0,,,,,0,,,,,,0,0,,0
,"/en-ca/products/f5425-elsa-babe-hentai-anime-waifu-sex-dolls-silicone-head-150cm-27-5kg",1,1,0,0,0,0,1,,0,0,0,0,1,1,,1,1,1,0,0,0,0,1,,0,0,0,0,1,1,,1,0,0,,,,,0,,,,,,0,0,,0
"Product","/products/f2543-165cm-g-cup-big-breasts-silicone-japanese-sex-doll-in-stock-us-irontech-doll",1,1,0,0,0,0,3,,0,0,0,486,3,0,,0,1,1,0,0,0,0,3,,0,0,0,486,3,0,,0,0,0,,,,,0,,,,,0,0,,,
,"/ja/blogs/dolls-info-qustions/affordable-luxury-top-value-cheap-sex-doll-recommendations",1,1,0,0,0,0,1,,0,0,0,0,1,1,,1,1,1,0,0,0,0,1,,0,0,0,0,1,1,,1,0,0,,,,,0,,,,,,0,0,,0
"Blog Article","/blogs/dolls-info-qustions/top-quality-manufacturers-of-asian-love-dolls",1,1,0,0,0,0,1,,0,0,0,0,1,1,,1,1,1,0,0,0,0,1,,0,0,0,0,1,1,,1,0,0,,,,,0,,,,,,0,0,,0
,"/en-fi/products/f2174-164cm5-4ft-d-cup-m12-ros-movable-jaw-fit-silicone-sex-doll%E4%B8%A8sy-doll",1,1,0,0,0,0,1,,0,0,0,0,1,1,,1,1,1,0,0,0,0,1,,0,0,0,0,1,1,,1,0,0,,,,,0,,,,,,0,0,,0
"Product","/products/h943-se-tpe-sex-doll-head-se-doll-head",1,1,0,0,0,0,1,,0,0,0,0,1,1,,1,1,1,0,0,0,0,1,,0,0,0,0,1,1,,1,0,0,,,,,0,,,,,,0,0,,0
,"/en-ca/collections/fantasy-sex-doll-heads",1,1,0,0,0,0,3,,0,0,0,59,3,0,,0,1,1,0,0,0,0,3,,0,0,0,59,3,0,,0,0,0,,,,,0,,,,,0,0,,,
"Collection","/collections/mini-torso-alien",1,1,0,0,0,0,1,,0,0,0,0,1,1,,1,1,1,0,0,0,0,1,,0,0,0,0,1,1,,1,0,0,,,,,0,,,,,,0,0,,0
"Product","/products/f5680-161cm-5ft352-5kg-h-cup-best-fat-big-ass-breasts-life-size-bbw-silicone-super-fat-big-belly-sex-doll-starpery-doll",1,1,0,0,0,0,15,,0,0,0,7594,15,0,,0,1,1,0,0,0,0,15,,0,0,0,7594,15,0,,0,0,0,,,,,0,,,,,0,0,,,
"Blog Article","/blogs/dolls-info-qustions/5-new-bbw-sex-dolls-for-november-2025",1,1,0,0,0,0,1,,0,0,0,0,1,1,,1,1,1,0,0,0,0,1,,0,0,0,0,1,1,,1,0,0,,,,,0,,,,,,0,0,,0
"Blog Article","/blogs/dolls-info-qustions/2025-first-look-the-scream-worthy-new-models-of-alien-sex-dolls",1,1,0,0,0,0,18,,0,0,0,786,18,0,,0,1,1,0,0,0,0,18,,0,0,0,786,18,0,,0,0,0,,,,,0,,,,,0,0,,,
"Product","/products/f2422-168cm-m-cup-shemale-trans-big-dick-musculature-shemale-sex-doll-castle-doll",1,1,0,0,0,0,1,,0,0,0,0,1,1,,1,1,1,0,0,0,0,1,,0,0,0,0,1,1,,1,0,0,,,,,0,,,,,,0,0,,0
"Product","/products/h692-ros-silicone-sex-doll-head-in-stock-usa%E4%B8%A8galatea-doll-head",1,1,0,0,0,0,3,,0,0,0,294,3,0,,0,1,1,0,0,0,0,3,,0,0,0,294,3,0,,0,0,0,,,,,0,,,,,0,0,,,
"Product","/products/f8106-168cm5-5ft-39kg-h-cup-r5-realistic-silicone-sex-doll-real-lady",1,1,0,0,0,0,1,,0,0,0,0,1,1,,1,1,1,0,0,0,0,1,,0,0,0,0,1,1,,1,0,0,,,,,0,,,,,,0,0,,0
"Product","/products/f6191-41kg-e-cup-monie-fantasy-cute-horse-face-anime-furry-sex-doll-climax-doll-pro",1,1,0,0,0,0,1,,0,0,0,0,1,1,,1,1,1,0,0,0,0,1,,0,0,0,0,1,1,,1,0,0,,,,,0,,,,,,0,0,,0
"Product","/products/f180-tpe-sex-doll-159cm",1,1,0,0,0,0,4,,0,0,0,160,4,0,,0,1,1,0,0,0,0,4,,0,0,0,160,4,0,,0,0,0,,,,,0,,,,,0,0,,,
"Blog Article","/blogs/sex-doll-option-videos/video-08-hyper-realisim-body-painting",1,1,0,0,0,0,14,,0,0,0,588,14,0,,0,1,1,0,0,0,0,14,,0,0,0,588,14,0,,0,0,0,,,,,0,,,,,0,0,,,
"Collection","/collections/ido-doll",1,1,0,0,0,0,3,,0,0,0,139,3,0,,0,1,1,0,0,0,0,3,,0,0,0,139,3,0,,0,0,0,,,,,0,,,,,0,0,,,
"Collection","/collections/dang-xia",1,1,0,0,0,0,1,,0,0,0,0,1,1,,1,1,1,0,0,0,0,1,,0,0,0,0,1,1,,1,0,0,,,,,0,,,,,,0,0,,0
"Product","/products/f4894-150cm4ft9-29kg-mion-f-cup-s-tpe-big-breasts-animes-hentai-sex-doll-irokebijin-doll",1,1,0,0,0,0,42,,0,0,0,1034,42,0,,0,1,1,0,0,0,0,42,,0,0,0,1034,42,0,,0,0,0,,,,,0,,,,,0,0,,,
"Collection","/collections/aibei-doll-in-stock-europe",1,1,0,0,0,0,3,,0,0,0,49,3,0,,0,1,1,0,0,0,0,3,,0,0,0,49,3,0,,0,0,0,,,,,0,,,,,0,0,,,
"Product","/products/t232-20-3lb-big-breast-torso-dildo-bisexual-torso",1,1,0,0,0,0,2,,0,0,0,37,2,0,,0,1,1,0,0,0,0,2,,0,0,0,37,2,0,,0,0,0,,,,,0,,,,,0,0,,,
"Product","/products/f6142-150cm4-9ft-28kg-d-cup-silicone-sex-doll%E4%B8%A8rosretty-doll",1,1,0,0,0,0,1,,0,0,0,0,1,1,,1,1,1,0,0,0,0,1,,0,0,0,0,1,1,,1,0,0,,,,,0,,,,,,0,0,,0
"Blog Article","/blogs/dolls-info-qustions/how-to-assemble-and-use-a-sex-doll-electric-stand",1,1,0,0,0,0,1,,0,0,0,0,1,1,,1,1,1,0,0,0,0,1,,0,0,0,0,1,1,,1,0,0,,,,,0,,,,,,0,0,,0
"Product","/products/t912-108cm3ft7-30kg-j-cup-silicone-head-movable-jaw-sle-body-bubble-butt-sex-doll-torso-with-head-zelex-doll-1",1,1,0,0,0,0,1,,0,0,0,0,1,1,,1,1,1,0,0,0,0,1,,0,0,0,0,1,1,,1,0,0,,,,,0,,,,,,0,0,,0
"Blog Article","/blogs/sex-doll-torso-blog/the-most-life-like-torso-sex-doll",1,1,0,0,0,0,1,,0,0,0,0,1,1,,1,1,1,0,0,0,0,1,,0,0,0,0,1,1,,1,0,0,,,,,0,,,,,,0,0,,0
"Blog Article","/blogs/dolls-info-qustions/sex-positionswith-japanese-sex-dolls",1,1,0,0,0,0,1,,0,0,0,0,1,1,,1,1,1,0,0,0,0,1,,0,0,0,0,1,1,,1,0,0,,,,,0,,,,,,0,0,,0
"Checkout","/60719464687/orders/e46a9b62fe604c0505a57c4fc004f608",1,1,0,0,0,0,1,,0,0,0,0,1,1,,1,1,1,0,0,0,0,1,,0,0,0,0,1,1,,1,0,0,,,,,0,,,,,,0,0,,0
"Product","/products/f7153-155cm5-1ft-38kg-2-2cf-e-cup-cute-young-japanese-sex-doll-with-soft-silicone-body-bezlya-doll",1,1,0,0,0,0,7,,0,0,0,184,7,0,,0,1,1,0,0,0,0,7,,0,0,0,184,7,0,,0,0,0,,,,,0,,,,,0,0,,,
"Product","/products/h895-se-sex-doll-head-se-doll-head",1,1,0,0,0,0,1,,0,0,0,0,1,1,,1,1,1,0,0,0,0,1,,0,0,0,0,1,1,,1,0,0,,,,,0,,,,,,0,0,,0
"Product","/products/f5940-157cm5-2ft-36-2kg-2-2cf-k-cup-ros-asian-chinese-silicone-sex-doll-bezlya-doll",1,1,0,0,0,0,1,,0,0,0,0,1,1,,1,1,1,0,0,0,0,1,,0,0,0,0,1,1,,1,0,0,,,,,0,,,,,,0,0,,0
,"/en-ca/products/f7145-168cm-5ft6-41kg-elf-anime-flat-chested-sex-doll-f7145",1,1,0,0,0,0,1,,0,0,0,0,1,1,,1,1,1,0,0,0,0,1,,0,0,0,0,1,1,,1,0,0,,,,,0,,,,,,0,0,,0
"Blog Article","/blogs/dolls-info-qustions/sex-doll-transformation-guide-how-to-revamp-and-create-a-one-of-a-kind-look",1,1,0,0,0,0,1,,0,0,0,0,1,1,,1,1,1,0,0,0,0,1,,0,0,0,0,1,1,,1,0,0,,,,,0,,,,,,0,0,,0
"Blog Article","/blogs/dolls-info-qustions/flashlight-and-pocket-pussies-revealed-pleasure-and-precautions",1,1,0,0,0,0,1,,0,0,0,0,1,1,,1,1,1,0,0,0,0,1,,0,0,0,0,1,1,,1,0,0,,,,,0,,,,,,0,0,,0
"Blog Article","/blogs/dolls-info-qustions/sex-slapping-tips",1,1,0,0,0,0,1,,0,0,0,0,1,1,,1,1,1,0,0,0,0,1,,0,0,0,0,1,1,,1,0,0,,,,,0,,,,,,0,0,,0
"Product","/products/f4407-157cm5-15ft-38kg-d-cup-asian-silicone-head-sex-doll%E4%B8%A8climax-doll",1,1,0,0,0,0,2,,0,0,0,51,2,0,,0,1,1,0,0,0,0,2,,0,0,0,51,2,0,,0,0,0,,,,,0,,,,,0,0,,,
"Collection","/collections/torso-sex-dolls",1,1,0,0,0,0,3,,0,0,0,54,3,0,,0,1,1,0,0,0,0,3,,0,0,0,54,3,0,,0,0,0,,,,,0,,,,,0,0,,,
,"/en-ca/blogs/dolls-info-qustions/inside-the-2025-shenzhen-adult-expo-where-tech-meets-fantasy-in-the-world-of-sex-dolls",1,1,0,0,0,0,1,,0,0,0,0,1,1,,1,1,1,0,0,0,0,1,,0,0,0,0,1,1,,1,0,0,,,,,0,,,,,,0,0,,0
,"/de/collections/all",1,1,0,0,0,0,1,,0,0,0,0,1,1,,1,1,1,0,0,0,0,1,,0,0,0,0,1,1,,1,0,0,,,,,0,,,,,,0,0,,0
"Blog Article","/blogs/featured-blog/ai-sex-dolls-jinsan-s-1-900-model-takes-over-euro-america",1,1,0,0,0,0,18,,0,0,0,1612,18,0,,0,1,1,0,0,0,0,18,,0,0,0,1612,18,0,,0,0,0,,,,,0,,,,,0,0,,,
