"登陆页面类型","登陆页面路径","在线商店访客","访问","有商品添加到购物车的访问","到达结账页面的访问","完成结账的访问","转化率","页面浏览量","结账转化率","添加至购物车率","到达结账页面率","到达并完成结账的访问","平均访问持续时间","每次访问的页面浏览量","跳出率","完成结账率","跳出次数","Online store visitors (20260601)","Sessions (20260601)","Sessions with cart additions (20260601)","Sessions that reached checkout (20260601)","Sessions that completed checkout (20260601)","Conversion rate (20260601)","Pageviews (20260601)","Checkout conversion rate (20260601)","Added to cart rate (20260601)","Reached checkout rate (20260601)","Sessions that reached and completed checkout (20260601)","Average session duration (20260601)","Pageviews per session (20260601)","Bounce rate (20260601)","Completed checkout rate (20260601)","Bounces (20260601)","Online store visitors (20260601) ","Sessions (20260601) ","Sessions with cart additions (20260601) ","Sessions that reached checkout (20260601) ","Sessions that completed checkout (20260601) ","Conversion rate (20260601) ","Pageviews (20260601) ","Checkout conversion rate (20260601) ","Added to cart rate (20260601) ","Reached checkout rate (20260601) ","Sessions that reached and completed checkout (20260601) ","Average session duration (20260601) ","Pageviews per session (20260601) ","Bounce rate (20260601) ","Completed checkout rate (20260601) ","Bounces (20260601) "
"Homepage","/",1173,1295,17,7,1,0.0007722007722007722,8344,0.14285714285714285,0.013127413127413128,0.005405405405405406,1,314.81930501930503,6.443243243243243,0.27722007722007724,0.14285714285714285,359,1173,1295,17,7,1,0.0007722007722007722,8344,0.14285714285714285,0.013127413127413128,0.005405405405405406,1,314.81930501930503,6.443243243243243,0.27722007722007724,0.14285714285714285,359,0,0,0,0,0,0,0,0,0,0,0,0,0,0,0,0
"Collection","/collections/robotic-sex-doll",1216,1262,17,9,0,0,3851,0,0.01347068145800317,0.0071315372424722665,0,131.56656101426307,3.0515055467511885,0.5618066561014263,0,709,1216,1262,17,9,0,0,3851,0,0.01347068145800317,0.0071315372424722665,0,131.56656101426307,3.0515055467511885,0.5618066561014263,0,709,0,0,0,0,,,0,,0,0,,0,0,0,,0
"Collection","/collections/bbw-sex-doll-torso",945,992,13,4,0,0,4182,0,0.01310483870967742,0.004032258064516129,0,221.0514112903226,4.215725806451613,0.4183467741935484,0,415,945,992,13,4,0,0,4182,0,0.01310483870967742,0.004032258064516129,0,221.0514112903226,4.215725806451613,0.4183467741935484,0,415,0,0,0,0,,,0,,0,0,,0,0,0,,0
"Collection","/collections/anime-sex-doll",865,910,8,3,1,0.001098901098901099,3491,0.3333333333333333,0.008791208791208791,0.0032967032967032967,1,161.62417582417584,3.8362637362637364,0.5087912087912088,0.3333333333333333,463,865,910,8,3,1,0.001098901098901099,3491,0.3333333333333333,0.008791208791208791,0.0032967032967032967,1,161.62417582417584,3.8362637362637364,0.5087912087912088,0.3333333333333333,463,0,0,0,0,0,0,0,0,0,0,0,0,0,0,0,0
"Collection","/collections/full-doll",758,782,13,4,1,0.0012787723785166241,4371,0.25,0.016624040920716114,0.005115089514066497,1,216.616368286445,5.589514066496164,0.329923273657289,0.25,258,758,782,13,4,1,0.0012787723785166241,4371,0.25,0.016624040920716114,0.005115089514066497,1,216.616368286445,5.589514066496164,0.329923273657289,0.25,258,0,0,0,0,0,0,0,0,0,0,0,0,0,0,0,0
"Collection","/collections/sex-doll-head",758,780,27,4,2,0.002564102564102564,4614,0.5,0.03461538461538462,0.005128205128205128,2,256.9179487179487,5.915384615384616,0.19743589743589743,0.5,154,758,780,27,4,2,0.002564102564102564,4614,0.5,0.03461538461538462,0.005128205128205128,2,256.9179487179487,5.915384615384616,0.19743589743589743,0.5,154,0,0,0,0,0,0,0,0,0,0,0,0,0,0,0,0
"Collection","/collections/all",687,699,6,4,1,0.001430615164520744,2374,0.25,0.008583690987124463,0.005722460658082976,1,130.69814020028613,3.396280400572246,0.48068669527896996,0.25,336,687,699,6,4,1,0.001430615164520744,2374,0.25,0.008583690987124463,0.005722460658082976,1,130.69814020028613,3.396280400572246,0.48068669527896996,0.25,336,0,0,0,0,0,0,0,0,0,0,0,0,0,0,0,0
"Collection","/collections/celebrity-sex-dolls",670,680,5,1,0,0,2240,0,0.007352941176470588,0.0014705882352941176,0,117.04558823529412,3.2941176470588234,0.4573529411764706,0,311,670,680,5,1,0,0,2240,0,0.007352941176470588,0.0014705882352941176,0,117.04558823529412,3.2941176470588234,0.4573529411764706,0,311,0,0,0,0,,,0,,0,0,,0,0,0,,0
"Collection","/collections/vajankle-foot-fetish-toys",637,650,2,2,1,0.0015384615384615385,1917,0.5,0.003076923076923077,0.003076923076923077,1,91.30615384615385,2.9492307692307693,0.5030769230769231,0.5,327,637,650,2,2,1,0.0015384615384615385,1917,0.5,0.003076923076923077,0.003076923076923077,1,91.30615384615385,2.9492307692307693,0.5030769230769231,0.5,327,0,0,0,0,0,0,0,0,0,0,0,0,0,0,0,0
"Collection","/collections/sex-doll-videos",625,644,2,0,0,0,1488,,0.003105590062111801,0,0,78.06987577639751,2.31055900621118,0.7453416149068323,,480,625,644,2,0,0,0,1488,,0.003105590062111801,0,0,78.06987577639751,2.31055900621118,0.7453416149068323,,480,0,0,0,,,,0,,0,,,0,0,0,,0
"Blog Article","/blogs/featured-blog/how-to-make-fake-pussy",573,579,0,0,0,0,702,,0,0,0,28.70293609671848,1.2124352331606219,0.9067357512953368,,525,573,579,0,0,0,0,702,,0,0,0,28.70293609671848,1.2124352331606219,0.9067357512953368,,525,0,0,,,,,0,,,,,0,0,0,,0
"Blog Article","/blogs/featured-blog/how-to-diy-an-sex-doll-you",502,507,0,0,0,0,711,,0,0,0,43.08086785009862,1.4023668639053255,0.863905325443787,,438,502,507,0,0,0,0,711,,0,0,0,43.08086785009862,1.4023668639053255,0.863905325443787,,438,0,0,,,,,0,,,,,0,0,0,,0
"Collection","/collections/furry-sex-doll",456,473,2,0,0,0,1371,,0.004228329809725159,0,0,114.8646934460888,2.8985200845665964,0.6025369978858351,,285,456,473,2,0,0,0,1371,,0.004228329809725159,0,0,114.8646934460888,2.8985200845665964,0.6025369978858351,,285,0,0,0,,,,0,,0,,,0,0,0,,0
"Collection","/collections/femboys-sex-doll",438,446,2,0,0,0,1577,,0.004484304932735426,0,0,115.38789237668162,3.5358744394618835,0.4282511210762332,,191,438,446,2,0,0,0,1577,,0.004484304932735426,0,0,115.38789237668162,3.5358744394618835,0.4282511210762332,,191,0,0,0,,,,0,,0,,,0,0,0,,0
"Collection","/collections/sex-doll-torso-dildo-for-woman",373,391,4,0,0,0,1119,,0.010230179028132993,0,0,116.27877237851662,2.8618925831202047,0.4961636828644501,,194,373,391,4,0,0,0,1119,,0.010230179028132993,0,0,116.27877237851662,2.8618925831202047,0.4961636828644501,,194,0,0,0,,,,0,,0,,,0,0,0,,0
"Collection","/collections/fake-ass-sex-toy",373,381,3,1,1,0.0026246719160104987,1161,1,0.007874015748031496,0.0026246719160104987,1,112.32283464566929,3.047244094488189,0.5013123359580053,1,191,373,381,3,1,1,0.0026246719160104987,1161,1,0.007874015748031496,0.0026246719160104987,1,112.32283464566929,3.047244094488189,0.5013123359580053,1,191,0,0,0,0,0,0,0,0,0,0,0,0,0,0,0,0
"Collection","/collections/shemale-sex-doll-torso-1",334,345,6,2,1,0.002898550724637681,1560,0.5,0.017391304347826087,0.005797101449275362,1,175.18260869565216,4.521739130434782,0.4289855072463768,0.5,148,334,345,6,2,1,0.002898550724637681,1560,0.5,0.017391304347826087,0.005797101449275362,1,175.18260869565216,4.521739130434782,0.4289855072463768,0.5,148,0,0,0,0,0,0,0,0,0,0,0,0,0,0,0,0
"Collection","/collections/black-sex-dolls",288,303,4,1,0,0,1156,0,0.013201320132013201,0.0033003300330033004,0,184.17491749174917,3.815181518151815,0.42244224422442245,0,128,288,303,4,1,0,0,1156,0,0.013201320132013201,0.0033003300330033004,0,184.17491749174917,3.815181518151815,0.42244224422442245,0,128,0,0,0,0,,,0,,0,0,,0,0,0,,0
"Collection","/collections/boob-job-sex-toys",255,264,2,2,1,0.003787878787878788,710,0.5,0.007575757575757576,0.007575757575757576,1,113.20454545454545,2.6893939393939394,0.6515151515151515,0.5,172,255,264,2,2,1,0.003787878787878788,710,0.5,0.007575757575757576,0.007575757575757576,1,113.20454545454545,2.6893939393939394,0.6515151515151515,0.5,172,0,0,0,0,0,0,0,0,0,0,0,0,0,0,0,0
"Blog Article","/blogs/dolls-info-qustions/how-to-make-a-fake-ass-sex-toy",255,259,0,0,0,0,341,,0,0,0,39.28185328185328,1.3166023166023166,0.8494208494208494,,220,255,259,0,0,0,0,341,,0,0,0,39.28185328185328,1.3166023166023166,0.8494208494208494,,220,0,0,,,,,0,,,,,0,0,0,,0
"Collection","/collections/flat-chest-sex-doll",211,228,0,0,0,0,679,,0,0,0,188.43859649122808,2.9780701754385963,0.45614035087719296,,104,211,228,0,0,0,0,679,,0,0,0,188.43859649122808,2.9780701754385963,0.45614035087719296,,104,0,0,,,,,0,,,,,0,0,0,,0
"Collection","/collections/fake-pussy-fake-vagina-sex-toys",215,221,3,2,0,0,593,0,0.013574660633484163,0.00904977375565611,0,87.16742081447964,2.683257918552036,0.5294117647058824,0,117,215,221,3,2,0,0,593,0,0.013574660633484163,0.00904977375565611,0,87.16742081447964,2.683257918552036,0.5294117647058824,0,117,0,0,0,0,,,0,,0,0,,0,0,0,,0
"Collection","/collections/futa-sex-doll",214,217,3,1,0,0,930,0,0.013824884792626729,0.004608294930875576,0,188.99539170506912,4.285714285714286,0.5207373271889401,0,113,214,217,3,1,0,0,930,0,0.013824884792626729,0.004608294930875576,0,188.99539170506912,4.285714285714286,0.5207373271889401,0,113,0,0,0,0,,,0,,0,0,,0,0,0,,0
"Collection","/collections/sex-doll-torso",178,193,4,2,1,0.0051813471502590676,871,0.5,0.02072538860103627,0.010362694300518135,1,237.8082901554404,4.512953367875648,0.34196891191709844,0.5,66,178,193,4,2,1,0.0051813471502590676,871,0.5,0.02072538860103627,0.010362694300518135,1,237.8082901554404,4.512953367875648,0.34196891191709844,0.5,66,0,0,0,0,0,0,0,0,0,0,0,0,0,0,0,0
"Collection","/collections/under-100",178,181,1,0,0,0,440,,0.0055248618784530384,0,0,111.64088397790056,2.430939226519337,0.6132596685082873,,111,178,181,1,0,0,0,440,,0.0055248618784530384,0,0,111.64088397790056,2.430939226519337,0.6132596685082873,,111,0,0,0,,,,0,,0,,,0,0,0,,0
"Collection","/collections/huge-breasts-sex-dolls",163,168,0,0,0,0,854,,0,0,0,238.73809523809524,5.083333333333333,0.4226190476190476,,71,163,168,0,0,0,0,854,,0,0,0,238.73809523809524,5.083333333333333,0.4226190476190476,,71,0,0,,,,,0,,,,,0,0,0,,0
"Collection","/collections/anime-pocket-pussy",154,160,1,1,0,0,464,0,0.00625,0.00625,0,88.13125,2.9,0.6375,0,102,154,160,1,1,0,0,464,0,0.00625,0.00625,0,88.13125,2.9,0.6375,0,102,0,0,0,0,,,0,,0,0,,0,0,0,,0
"Collection","/collections/black-torso-sex-dolls",143,150,0,0,0,0,335,,0,0,0,94.49333333333334,2.2333333333333334,0.5333333333333333,,80,143,150,0,0,0,0,335,,0,0,0,94.49333333333334,2.2333333333333334,0.5333333333333333,,80,0,0,,,,,0,,,,,0,0,0,,0
"Collection","/collections/shemale-sex-toy",143,144,0,0,0,0,332,,0,0,0,92.76388888888889,2.3055555555555554,0.6666666666666666,,96,143,144,0,0,0,0,332,,0,0,0,92.76388888888889,2.3055555555555554,0.6666666666666666,,96,0,0,,,,,0,,,,,0,0,0,,0
"Custom Page","/pages/sex-doll-gif",141,141,0,0,0,0,237,,0,0,0,39.177304964539005,1.6808510638297873,0.8156028368794326,,115,141,141,0,0,0,0,237,,0,0,0,39.177304964539005,1.6808510638297873,0.8156028368794326,,115,0,0,,,,,0,,,,,0,0,0,,0
"Collection","/collections/asian-sex-doll",127,137,0,0,0,0,382,,0,0,0,117.78102189781022,2.7883211678832116,0.6277372262773723,,86,127,137,0,0,0,0,382,,0,0,0,117.78102189781022,2.7883211678832116,0.6277372262773723,,86,0,0,,,,,0,,,,,0,0,0,,0
"Collection","/collections/enchanting-delights-2024-top-real-sex-doll-recommendations",126,133,0,0,0,0,530,,0,0,0,146.13533834586465,3.9849624060150375,0.45112781954887216,,60,126,133,0,0,0,0,530,,0,0,0,146.13533834586465,3.9849624060150375,0.45112781954887216,,60,0,0,,,,,0,,,,,0,0,0,,0
"Collection","/collections/big-booty-sex-dolls",113,119,1,0,0,0,350,,0.008403361344537815,0,0,170.57142857142858,2.9411764705882355,0.4957983193277311,,59,113,119,1,0,0,0,350,,0.008403361344537815,0,0,170.57142857142858,2.9411764705882355,0.4957983193277311,,59,0,0,0,,,,0,,0,,,0,0,0,,0
"Collection","/collections/vibrating-sex-doll-torso",117,118,2,2,0,0,298,0,0.01694915254237288,0.01694915254237288,0,104.89830508474576,2.5254237288135593,0.6271186440677966,0,74,117,118,2,2,0,0,298,0,0.01694915254237288,0.01694915254237288,0,104.89830508474576,2.5254237288135593,0.6271186440677966,0,74,0,0,0,0,,,0,,0,0,,0,0,0,,0
"Collection","/collections/18s-sex-doll",111,114,0,0,0,0,341,,0,0,0,104.57894736842105,2.991228070175439,0.6666666666666666,,76,111,114,0,0,0,0,341,,0,0,0,104.57894736842105,2.991228070175439,0.6666666666666666,,76,0,0,,,,,0,,,,,0,0,0,,0
"Collection","/collections/lesbian-sex-doll-torso",112,114,1,0,0,0,240,,0.008771929824561403,0,0,97.1842105263158,2.1052631578947367,0.6140350877192983,,70,112,114,1,0,0,0,240,,0.008771929824561403,0,0,97.1842105263158,2.1052631578947367,0.6140350877192983,,70,0,0,0,,,,0,,0,,,0,0,0,,0
"Collection","/collections/anime-mini-sex-doll",106,107,1,0,0,0,242,,0.009345794392523364,0,0,81.89719626168224,2.2616822429906542,0.6635514018691588,,71,106,107,1,0,0,0,242,,0.009345794392523364,0,0,81.89719626168224,2.2616822429906542,0.6635514018691588,,71,0,0,0,,,,0,,0,,,0,0,0,,0
"Product","/products/599-83lb-sex-doll-torso-with-realistic-oversized-ass",98,107,4,1,0,0,318,0,0.037383177570093455,0.009345794392523364,0,138.9158878504673,2.97196261682243,0.6448598130841121,0,69,98,107,4,1,0,0,318,0,0.037383177570093455,0.009345794392523364,0,138.9158878504673,2.97196261682243,0.6448598130841121,0,69,0,0,0,0,,,0,,0,0,,0,0,0,,0
"Collection","/collections/silicone-ass",98,98,1,0,0,0,364,,0.01020408163265306,0,0,168.8673469387755,3.7142857142857144,0.5408163265306123,,53,98,98,1,0,0,0,364,,0.01020408163265306,0,0,168.8673469387755,3.7142857142857144,0.5408163265306123,,53,0,0,0,,,,0,,0,,,0,0,0,,0
,"/de/collections/robotic-sex-doll",92,93,1,0,0,0,248,,0.010752688172043012,0,0,109.15053763440861,2.6666666666666665,0.5591397849462365,,52,92,93,1,0,0,0,248,,0.010752688172043012,0,0,109.15053763440861,2.6666666666666665,0.5591397849462365,,52,0,0,0,,,,0,,0,,,0,0,0,,0
"Collection","/collections/best-seller-sex-dolls-under-200",78,87,0,0,0,0,292,,0,0,0,200.67816091954023,3.3563218390804597,0.6551724137931034,,57,78,87,0,0,0,0,292,,0,0,0,200.67816091954023,3.3563218390804597,0.6551724137931034,,57,0,0,,,,,0,,,,,0,0,0,,0
"Collection","/collections/animal-hentai-sex-doll",86,86,0,0,0,0,314,,0,0,0,161.1046511627907,3.6511627906976742,0.4069767441860465,,35,86,86,0,0,0,0,314,,0,0,0,161.1046511627907,3.6511627906976742,0.4069767441860465,,35,0,0,,,,,0,,,,,0,0,0,,0
"Collection","/collections/torso-shemale-sex-doll",83,86,0,0,0,0,294,,0,0,0,185.48837209302326,3.4186046511627906,0.43023255813953487,,37,83,86,0,0,0,0,294,,0,0,0,185.48837209302326,3.4186046511627906,0.43023255813953487,,37,0,0,,,,,0,,,,,0,0,0,,0
"Blog Article","/blogs/sex-doll-torso-blog/top-7-sex-poses-with-your-torso-sex-doll",80,81,0,0,0,0,129,,0,0,0,104.04938271604938,1.5925925925925926,0.8148148148148148,,66,80,81,0,0,0,0,129,,0,0,0,104.04938271604938,1.5925925925925926,0.8148148148148148,,66,0,0,,,,,0,,,,,0,0,0,,0
"Collection","/collections/bbw-black-sex-doll",70,76,5,0,0,0,289,,0.06578947368421052,0,0,233.68421052631578,3.8026315789473686,0.39473684210526316,,30,70,76,5,0,0,0,289,,0.06578947368421052,0,0,233.68421052631578,3.8026315789473686,0.39473684210526316,,30,0,0,0,,,,0,,0,,,0,0,0,,0
"Collection","/collections/mini-sex-doll-torso",75,75,0,0,0,0,141,,0,0,0,101.69333333333333,1.88,0.68,,51,75,75,0,0,0,0,141,,0,0,0,101.69333333333333,1.88,0.68,,51,0,0,,,,,0,,,,,0,0,0,,0
"Collection","/collections/life-size-anime-sex-doll",70,75,0,0,0,0,342,,0,0,0,203.37333333333333,4.56,0.38666666666666666,,29,70,75,0,0,0,0,342,,0,0,0,203.37333333333333,4.56,0.38666666666666666,,29,0,0,,,,,0,,,,,0,0,0,,0
,"/en-ca/collections/enchanting-delights-2024-top-real-sex-doll-recommendations",69,69,0,0,0,0,84,,0,0,0,24.536231884057973,1.2173913043478262,0.9130434782608695,,63,69,69,0,0,0,0,84,,0,0,0,24.536231884057973,1.2173913043478262,0.9130434782608695,,63,0,0,,,,,0,,,,,0,0,0,,0
"Collection","/collections/sex-doll-feet",63,66,2,0,0,0,159,,0.030303030303030304,0,0,91.56060606060606,2.409090909090909,0.6515151515151515,,43,63,66,2,0,0,0,159,,0.030303030303030304,0,0,91.56060606060606,2.409090909090909,0.6515151515151515,,43,0,0,0,,,,0,,0,,,0,0,0,,0
"Collection","/collections/foot-pocket-pussy",61,65,0,0,0,0,110,,0,0,0,29.06153846153846,1.6923076923076923,0.6615384615384615,,43,61,65,0,0,0,0,110,,0,0,0,29.06153846153846,1.6923076923076923,0.6615384615384615,,43,0,0,,,,,0,,,,,0,0,0,,0
"List of Collections","/collections/vendors",55,65,1,1,0,0,205,0,0.015384615384615385,0.015384615384615385,0,204.35384615384615,3.1538461538461537,0.46153846153846156,0,30,55,65,1,1,0,0,205,0,0.015384615384615385,0.015384615384615385,0,204.35384615384615,3.1538461538461537,0.46153846153846156,0,30,0,0,0,0,,,0,,0,0,,0,0,0,,0
"Collection","/collections/pocket-pussy-ass",63,64,1,0,0,0,126,,0.015625,0,0,101.3125,1.96875,0.609375,,39,63,64,1,0,0,0,126,,0.015625,0,0,101.3125,1.96875,0.609375,,39,0,0,0,,,,0,,0,,,0,0,0,,0
"Collection","/collections/chinese-sex-doll",56,62,1,0,0,0,225,,0.016129032258064516,0,0,177.9516129032258,3.629032258064516,0.43548387096774194,,27,56,62,1,0,0,0,225,,0.016129032258064516,0,0,177.9516129032258,3.629032258064516,0.43548387096774194,,27,0,0,0,,,,0,,0,,,0,0,0,,0
,"/en-ca",49,58,6,5,1,0.017241379310344827,452,0.2,0.10344827586206896,0.08620689655172414,1,488.2068965517241,7.793103448275862,0.2413793103448276,0.2,14,49,58,6,5,1,0.017241379310344827,452,0.2,0.10344827586206896,0.08620689655172414,1,488.2068965517241,7.793103448275862,0.2413793103448276,0.2,14,0,0,0,0,0,0,0,0,0,0,0,0,0,0,0,0
"Product","/products/t901-21-51lb-c-cup-7-08-dildo-electric-shemale-big-penis-male-female-sex-doll-torso-adult-toys",57,57,0,0,0,0,57,,0,0,0,0,1,1,,57,57,57,0,0,0,0,57,,0,0,0,0,1,1,,57,0,0,,,,,0,,,,,,0,0,,0
"Collection","/collections/fake-pussy-hentai-sex-doll",55,55,0,0,0,0,164,,0,0,0,118.52727272727273,2.981818181818182,0.5454545454545454,,30,55,55,0,0,0,0,164,,0,0,0,118.52727272727273,2.981818181818182,0.5454545454545454,,30,0,0,,,,,0,,,,,0,0,0,,0
"Collection","/collections/mini-sex-doll",53,54,0,0,0,0,218,,0,0,0,236.33333333333334,4.037037037037037,0.5185185185185185,,28,53,54,0,0,0,0,218,,0,0,0,236.33333333333334,4.037037037037037,0.5185185185185185,,28,0,0,,,,,0,,,,,0,0,0,,0
,"/en-ca/collections/sex-doll-head",50,52,2,2,0,0,291,0,0.038461538461538464,0.038461538461538464,0,206.01923076923077,5.596153846153846,0.11538461538461539,0,6,50,52,2,2,0,0,291,0,0.038461538461538464,0.038461538461538464,0,206.01923076923077,5.596153846153846,0.11538461538461539,0,6,0,0,0,0,,,0,,0,0,,0,0,0,,0
"Collection","/collections/black-male-sex-doll",48,51,1,1,1,0.0196078431372549,112,1,0.0196078431372549,0.0196078431372549,1,76.84313725490196,2.196078431372549,0.5882352941176471,1,30,48,51,1,1,1,0.0196078431372549,112,1,0.0196078431372549,0.0196078431372549,1,76.84313725490196,2.196078431372549,0.5882352941176471,1,30,0,0,0,0,0,0,0,0,0,0,0,0,0,0,0,0
"Collection","/collections/new-arrivals-robot-sex-dolls",48,50,0,0,0,0,172,,0,0,0,221.4,3.44,0.42,,21,48,50,0,0,0,0,172,,0,0,0,221.4,3.44,0.42,,21,0,0,,,,,0,,,,,0,0,0,,0
,"/ja/blogs/featured-blog/how-to-make-fake-pussy",49,49,0,0,0,0,52,,0,0,0,15.326530612244898,1.0612244897959184,0.9387755102040817,,46,49,49,0,0,0,0,52,,0,0,0,15.326530612244898,1.0612244897959184,0.9387755102040817,,46,0,0,,,,,0,,,,,0,0,0,,0
"Collection","/collections/silicone-pocket-pussy",47,48,0,0,0,0,262,,0,0,0,284.0208333333333,5.458333333333333,0.5833333333333334,,28,47,48,0,0,0,0,262,,0,0,0,284.0208333333333,5.458333333333333,0.5833333333333334,,28,0,0,,,,,0,,,,,0,0,0,,0
"Blog Article","/blogs/dolls-info-qustions/%F0%9F%94%A5-top-5-most-popular-big-butt-chubby-belly-curvy-body-pornstar-style-sex-dolls-in-2025-%F0%9F%94%A5",48,48,0,0,0,0,62,,0,0,0,52.979166666666664,1.2916666666666667,0.8125,,39,48,48,0,0,0,0,62,,0,0,0,52.979166666666664,1.2916666666666667,0.8125,,39,0,0,,,,,0,,,,,0,0,0,,0
,"/en-ca/collections/robotic-sex-doll",47,48,1,0,0,0,211,,0.020833333333333332,0,0,185.4375,4.395833333333333,0.5833333333333334,,28,47,48,1,0,0,0,211,,0.020833333333333332,0,0,185.4375,4.395833333333333,0.5833333333333334,,28,0,0,0,,,,0,,0,,,0,0,0,,0
"Collection","/collections/ros-sex-doll-heads-1",47,47,0,0,0,0,132,,0,0,0,119.97872340425532,2.8085106382978724,0.5106382978723404,,24,47,47,0,0,0,0,132,,0,0,0,119.97872340425532,2.8085106382978724,0.5106382978723404,,24,0,0,,,,,0,,,,,0,0,0,,0
,"/en-ca/collections/bbw-sex-doll-torso",47,47,2,0,0,0,216,,0.0425531914893617,0,0,167.87234042553192,4.595744680851064,0.48936170212765956,,23,47,47,2,0,0,0,216,,0.0425531914893617,0,0,167.87234042553192,4.595744680851064,0.48936170212765956,,23,0,0,0,,,,0,,0,,,0,0,0,,0
"Collection","/collections/anime-hentai-sex-doll",44,46,0,0,0,0,226,,0,0,0,149.52173913043478,4.913043478260869,0.5,,23,44,46,0,0,0,0,226,,0,0,0,149.52173913043478,4.913043478260869,0.5,,23,0,0,,,,,0,,,,,0,0,0,,0
"Blog Article","/blogs/dolls-info-qustions/how-to-titty-fuck-experience-the-ultimate-pleasure-with-a-huge-breast-sex-doll",45,46,0,0,0,0,61,,0,0,0,51.65217391304348,1.326086956521739,0.8913043478260869,,41,45,46,0,0,0,0,61,,0,0,0,51.65217391304348,1.326086956521739,0.8913043478260869,,41,0,0,,,,,0,,,,,0,0,0,,0
"Blog Article","/blogs/real-sex-doll-reviews-pros-cons-real-usage-tests/2026-meru-hentai-sex-doll-review-comprehensive-comparison-of-4-hot-models",45,45,0,0,0,0,63,,0,0,0,26.711111111111112,1.4,0.8,,36,45,45,0,0,0,0,63,,0,0,0,26.711111111111112,1.4,0.8,,36,0,0,,,,,0,,,,,0,0,0,,0
"Product","/products/57-32lb-sex-doll-torso-with-life-size-ass-and-soft-skin-512-sex-doll-torso",44,45,0,0,0,0,86,,0,0,0,93.31111111111112,1.9111111111111112,0.5555555555555556,,25,44,45,0,0,0,0,86,,0,0,0,93.31111111111112,1.9111111111111112,0.5555555555555556,,25,0,0,,,,,0,,,,,0,0,0,,0
"Collection","/collections/alien-sex-dolls",41,45,0,0,0,0,194,,0,0,0,291.24444444444447,4.311111111111111,0.4,,18,41,45,0,0,0,0,194,,0,0,0,291.24444444444447,4.311111111111111,0.4,,18,0,0,,,,,0,,,,,0,0,0,,0
"Collection","/collections/ai-sex-doll",44,44,0,0,0,0,111,,0,0,0,87.3409090909091,2.522727272727273,0.6818181818181818,,30,44,44,0,0,0,0,111,,0,0,0,87.3409090909091,2.522727272727273,0.6818181818181818,,30,0,0,,,,,0,,,,,0,0,0,,0
,"/en-ca/collections/vajankle-foot-fetish-toys",40,44,1,1,0,0,159,0,0.022727272727272728,0.022727272727272728,0,120.27272727272727,3.6136363636363638,0.5,0,22,40,44,1,1,0,0,159,0,0.022727272727272728,0.022727272727272728,0,120.27272727272727,3.6136363636363638,0.5,0,22,0,0,0,0,,,0,,0,0,,0,0,0,,0
"Blog Article","/blogs/dolls-info-qustions/gentlemans-paradise-exploring-nsfw-anime-figures-and-sex-dolls",44,44,0,0,0,0,178,,0,0,0,102.77272727272727,4.045454545454546,0.6818181818181818,,30,44,44,0,0,0,0,178,,0,0,0,102.77272727272727,4.045454545454546,0.6818181818181818,,30,0,0,,,,,0,,,,,0,0,0,,0
"Collection","/collections/petite-sex-doll",42,43,0,0,0,0,126,,0,0,0,101.90697674418605,2.9302325581395348,0.5813953488372093,,25,42,43,0,0,0,0,126,,0,0,0,101.90697674418605,2.9302325581395348,0.5813953488372093,,25,0,0,,,,,0,,,,,0,0,0,,0
"Cart","/cart",37,43,13,5,1,0.023255813953488372,303,0.2,0.3023255813953488,0.11627906976744186,1,406.30232558139534,7.046511627906977,0.46511627906976744,0.2,20,37,43,13,5,1,0.023255813953488372,303,0.2,0.3023255813953488,0.11627906976744186,1,406.30232558139534,7.046511627906977,0.46511627906976744,0.2,20,0,0,0,0,0,0,0,0,0,0,0,0,0,0,0,0
"Collection","/collections/young-male-sex-doll",40,43,0,0,0,0,113,,0,0,0,212.5581395348837,2.627906976744186,0.46511627906976744,,20,40,43,0,0,0,0,113,,0,0,0,212.5581395348837,2.627906976744186,0.46511627906976744,,20,0,0,,,,,0,,,,,0,0,0,,0
,"/en-ca/collections/anime-sex-doll",40,42,0,0,0,0,137,,0,0,0,270.14285714285717,3.261904761904762,0.47619047619047616,,20,40,42,0,0,0,0,137,,0,0,0,270.14285714285717,3.261904761904762,0.47619047619047616,,20,0,0,,,,,0,,,,,0,0,0,,0
"Collection","/collections/torso-dildo",41,42,0,0,0,0,103,,0,0,0,65.5,2.4523809523809526,0.5,,21,41,42,0,0,0,0,103,,0,0,0,65.5,2.4523809523809526,0.5,,21,0,0,,,,,0,,,,,0,0,0,,0
"Collection","/collections/hentai-sex-dolls-connecting-fantasy-to-reality",42,42,0,0,0,0,97,,0,0,0,111.69047619047619,2.3095238095238093,0.7380952380952381,,31,42,42,0,0,0,0,97,,0,0,0,111.69047619047619,2.3095238095238093,0.7380952380952381,,31,0,0,,,,,0,,,,,0,0,0,,0
"Collection","/collections/silicone-sex-dolls",38,41,0,0,0,0,223,,0,0,0,193.02439024390245,5.439024390243903,0.5365853658536586,,22,38,41,0,0,0,0,223,,0,0,0,193.02439024390245,5.439024390243903,0.5365853658536586,,22,0,0,,,,,0,,,,,0,0,0,,0
"Collection","/collections/onahole",37,39,0,0,0,0,90,,0,0,0,46.12820512820513,2.3076923076923075,0.6923076923076923,,27,37,39,0,0,0,0,90,,0,0,0,46.12820512820513,2.3076923076923075,0.6923076923076923,,27,0,0,,,,,0,,,,,0,0,0,,0
,"/en-ca/blogs/featured-blog/how-to-make-fake-pussy",34,37,0,0,0,0,44,,0,0,0,14.243243243243244,1.1891891891891893,0.8918918918918919,,33,34,37,0,0,0,0,44,,0,0,0,14.243243243243244,1.1891891891891893,0.8918918918918919,,33,0,0,,,,,0,,,,,0,0,0,,0
"Collection","/collections/ai-sex-dolls-list",36,37,0,0,0,0,79,,0,0,0,127.67567567567568,2.135135135135135,0.6216216216216216,,23,36,37,0,0,0,0,79,,0,0,0,127.67567567567568,2.135135135135135,0.6216216216216216,,23,0,0,,,,,0,,,,,0,0,0,,0
,"/en-ca/collections/celebrity-sex-dolls",36,37,1,0,0,0,119,,0.02702702702702703,0,0,86.62162162162163,3.2162162162162162,0.43243243243243246,,16,36,37,1,0,0,0,119,,0.02702702702702703,0,0,86.62162162162163,3.2162162162162162,0.43243243243243246,,16,0,0,0,,,,0,,0,,,0,0,0,,0
,"/en-ca/collections/all",35,35,1,0,0,0,86,,0.02857142857142857,0,0,43.74285714285714,2.4571428571428573,0.4857142857142857,,17,35,35,1,0,0,0,86,,0.02857142857142857,0,0,43.74285714285714,2.4571428571428573,0.4857142857142857,,17,0,0,0,,,,0,,0,,,0,0,0,,0
"Collection","/collections/life-size-shemale-sex-doll",32,34,0,0,0,0,185,,0,0,0,295.52941176470586,5.4411764705882355,0.47058823529411764,,16,32,34,0,0,0,0,185,,0,0,0,295.52941176470586,5.4411764705882355,0.47058823529411764,,16,0,0,,,,,0,,,,,0,0,0,,0
"Collection","/collections/under-1000-full-doll",26,33,1,1,0,0,134,0,0.030303030303030304,0.030303030303030304,0,270.72727272727275,4.0606060606060606,0.3939393939393939,0,13,26,33,1,1,0,0,134,0,0.030303030303030304,0.030303030303030304,0,270.72727272727275,4.0606060606060606,0.3939393939393939,0,13,0,0,0,0,,,0,,0,0,,0,0,0,,0
"Collection","/collections/cheap-sex-doll",32,32,0,0,0,0,66,,0,0,0,33.875,2.0625,0.625,,20,32,32,0,0,0,0,66,,0,0,0,33.875,2.0625,0.625,,20,0,0,,,,,0,,,,,0,0,0,,0
"Collection","/collections/male-sex-doll",32,32,0,0,0,0,74,,0,0,0,111.5,2.3125,0.65625,,21,32,32,0,0,0,0,74,,0,0,0,111.5,2.3125,0.65625,,21,0,0,,,,,0,,,,,0,0,0,,0
,"/en-fi/blogs/featured-blog/how-to-make-fake-pussy",32,32,0,0,0,0,39,,0,0,0,7.84375,1.21875,0.875,,28,32,32,0,0,0,0,39,,0,0,0,7.84375,1.21875,0.875,,28,0,0,,,,,0,,,,,0,0,0,,0
,"/en-ca/collections/full-doll",29,30,0,0,0,0,141,,0,0,0,194.1,4.7,0.3,,9,29,30,0,0,0,0,141,,0,0,0,194.1,4.7,0.3,,9,0,0,,,,,0,,,,,0,0,0,,0
"Blog Article","/blogs/dolls-info-qustions/what-s-it-really-like-to-have-sex-nbsp-with-a-sex-doll",30,30,0,0,0,0,49,,0,0,0,92.36666666666666,1.6333333333333333,0.8,,24,30,30,0,0,0,0,49,,0,0,0,92.36666666666666,1.6333333333333333,0.8,,24,0,0,,,,,0,,,,,0,0,0,,0
"Collection","/collections/life-sized-sex-doll",28,30,0,0,0,0,77,,0,0,0,128.6,2.566666666666667,0.5,,15,28,30,0,0,0,0,77,,0,0,0,128.6,2.566666666666667,0.5,,15,0,0,,,,,0,,,,,0,0,0,,0
,"/de/collections/anime-sex-doll",29,29,1,0,0,0,205,,0.034482758620689655,0,0,157.6206896551724,7.068965517241379,0.4827586206896552,,14,29,29,1,0,0,0,205,,0.034482758620689655,0,0,157.6206896551724,7.068965517241379,0.4827586206896552,,14,0,0,0,,,,0,,0,,,0,0,0,,0
"Blog Article","/blogs/dolls-info-qustions/test-3",28,28,0,0,0,0,28,,0,0,0,0,1,1,,28,28,28,0,0,0,0,28,,0,0,0,0,1,1,,28,0,0,,,,,0,,,,,,0,0,,0
,"/en-ca/collections/shemale-sex-doll-torso-1",28,28,1,1,0,0,94,0,0.03571428571428571,0.03571428571428571,0,205.14285714285714,3.357142857142857,0.35714285714285715,0,10,28,28,1,1,0,0,94,0,0.03571428571428571,0.03571428571428571,0,205.14285714285714,3.357142857142857,0.35714285714285715,0,10,0,0,0,0,,,0,,0,0,,0,0,0,,0
"Collection","/collections/bbw-latina-sex-doll",27,27,1,1,0,0,78,0,0.037037037037037035,0.037037037037037035,0,140.8148148148148,2.888888888888889,0.6296296296296297,0,17,27,27,1,1,0,0,78,0,0.037037037037037035,0.037037037037037035,0,140.8148148148148,2.888888888888889,0.6296296296296297,0,17,0,0,0,0,,,0,,0,0,,0,0,0,,0
"Collection","/collections/monster-hentai-sex-doll",27,27,0,0,0,0,127,,0,0,0,256.81481481481484,4.703703703703703,0.4444444444444444,,12,27,27,0,0,0,0,127,,0,0,0,256.81481481481484,4.703703703703703,0.4444444444444444,,12,0,0,,,,,0,,,,,0,0,0,,0
"Product","/products/a499-bbw-big-booty-silicone-sex-doll-torso",15,27,0,0,0,0,34,,0,0,0,27.074074074074073,1.2592592592592593,0.8148148148148148,,22,15,27,0,0,0,0,34,,0,0,0,27.074074074074073,1.2592592592592593,0.8148148148148148,,22,0,0,,,,,0,,,,,0,0,0,,0
"Collection","/collections/sex-doll-anal",26,27,0,0,0,0,68,,0,0,0,53.074074074074076,2.5185185185185186,0.6296296296296297,,17,26,27,0,0,0,0,68,,0,0,0,53.074074074074076,2.5185185185185186,0.6296296296296297,,17,0,0,,,,,0,,,,,0,0,0,,0
"Collection","/collections/shemale-sex-doll",25,25,0,0,0,0,64,,0,0,0,69.08,2.56,0.48,,12,25,25,0,0,0,0,64,,0,0,0,69.08,2.56,0.48,,12,0,0,,,,,0,,,,,0,0,0,,0
"Collection","/collections/electric-pocket-pussy",25,25,0,0,0,0,52,,0,0,0,130.48,2.08,0.56,,14,25,25,0,0,0,0,52,,0,0,0,130.48,2.08,0.56,,14,0,0,,,,,0,,,,,0,0,0,,0
"Custom Page","/pages/full-doll",24,24,0,0,0,0,167,,0,0,0,194.54166666666666,6.958333333333333,0.4166666666666667,,10,24,24,0,0,0,0,167,,0,0,0,194.54166666666666,6.958333333333333,0.4166666666666667,,10,0,0,,,,,0,,,,,0,0,0,,0
"Blog Article","/blogs/featured-blog/the-4-technical-features-about-sex-doll-skeleton",16,24,0,0,0,0,33,,0,0,0,13.416666666666666,1.375,0.8333333333333334,,20,16,24,0,0,0,0,33,,0,0,0,13.416666666666666,1.375,0.8333333333333334,,20,0,0,,,,,0,,,,,0,0,0,,0
,"/en-ca/products/58313-2lb-27-5-sex-doll-legs",22,24,0,0,0,0,38,,0,0,0,42.75,1.5833333333333333,0.875,,21,22,24,0,0,0,0,38,,0,0,0,42.75,1.5833333333333333,0.875,,21,0,0,,,,,0,,,,,0,0,0,,0
"Collection","/collections/mini-hentai-sex-doll",23,23,0,0,0,0,56,,0,0,0,216,2.4347826086956523,0.43478260869565216,,10,23,23,0,0,0,0,56,,0,0,0,216,2.4347826086956523,0.43478260869565216,,10,0,0,,,,,0,,,,,0,0,0,,0
,"/en-ca/collections/furry-sex-doll",23,23,0,0,0,0,77,,0,0,0,123.56521739130434,3.347826086956522,0.4782608695652174,,11,23,23,0,0,0,0,77,,0,0,0,123.56521739130434,3.347826086956522,0.4782608695652174,,11,0,0,,,,,0,,,,,0,0,0,,0
"Collection","/collections/naked-sex-doll",22,23,0,0,0,0,62,,0,0,0,72.69565217391305,2.6956521739130435,0.391304347826087,,9,22,23,0,0,0,0,62,,0,0,0,72.69565217391305,2.6956521739130435,0.391304347826087,,9,0,0,,,,,0,,,,,0,0,0,,0
,"/en-ca/collections/femboys-sex-doll",22,23,0,0,0,0,101,,0,0,0,175.43478260869566,4.391304347826087,0.43478260869565216,,10,22,23,0,0,0,0,101,,0,0,0,175.43478260869566,4.391304347826087,0.43478260869565216,,10,0,0,,,,,0,,,,,0,0,0,,0
"Blog Article","/blogs/dolls-info-qustions/why-do-men-like-to-have-sex-with-bigass-women",23,23,0,0,0,0,27,,0,0,0,5.695652173913044,1.173913043478261,0.9130434782608695,,21,23,23,0,0,0,0,27,,0,0,0,5.695652173913044,1.173913043478261,0.9130434782608695,,21,0,0,,,,,0,,,,,0,0,0,,0
"Collection","/collections/electric-sex-doll-head",22,22,0,0,0,0,63,,0,0,0,128.54545454545453,2.8636363636363638,0.5454545454545454,,12,22,22,0,0,0,0,63,,0,0,0,128.54545454545453,2.8636363636363638,0.5454545454545454,,12,0,0,,,,,0,,,,,0,0,0,,0
"Blog Article","/blogs/dolls-info-qustions/why-do-women-enjoy-anal-sex-5-honest-reasons-you-never-expected",21,22,0,0,0,0,27,,0,0,0,8.727272727272727,1.2272727272727273,0.8181818181818182,,18,21,22,0,0,0,0,27,,0,0,0,8.727272727272727,1.2272727272727273,0.8181818181818182,,18,0,0,,,,,0,,,,,0,0,0,,0
"Product","/products/a555-moving-sex-doll-nude-robot-vibrating-torso",22,22,0,0,0,0,29,,0,0,0,12.454545454545455,1.3181818181818181,0.9090909090909091,,20,22,22,0,0,0,0,29,,0,0,0,12.454545454545455,1.3181818181818181,0.9090909090909091,,20,0,0,,,,,0,,,,,0,0,0,,0
"Blog Article","/blogs/dolls-info-qustions/vaginal-and-anal-design-of-life-size-sex-dolls",22,22,0,0,0,0,77,,0,0,0,169.3181818181818,3.5,0.45454545454545453,,10,22,22,0,0,0,0,77,,0,0,0,169.3181818181818,3.5,0.45454545454545453,,10,0,0,,,,,0,,,,,0,0,0,,0
"Collection","/collections/cheap-mini-sex-doll",22,22,1,0,0,0,69,,0.045454545454545456,0,0,112.18181818181819,3.1363636363636362,0.5,,11,22,22,1,0,0,0,69,,0.045454545454545456,0,0,112.18181818181819,3.1363636363636362,0.5,,11,0,0,0,,,,0,,0,,,0,0,0,,0
"Collection","/collections/mini-flat-chest-sex-doll",22,22,0,0,0,0,48,,0,0,0,199,2.1818181818181817,0.7272727272727273,,16,22,22,0,0,0,0,48,,0,0,0,199,2.1818181818181817,0.7272727272727273,,16,0,0,,,,,0,,,,,0,0,0,,0
"Search","/search",20,21,0,0,0,0,241,,0,0,0,501.85714285714283,11.476190476190476,0.3333333333333333,,7,20,21,0,0,0,0,241,,0,0,0,501.85714285714283,11.476190476190476,0.3333333333333333,,7,0,0,,,,,0,,,,,0,0,0,,0
"Collection","/collections/fantasy-sex-dolls",21,21,0,0,0,0,82,,0,0,0,179.42857142857142,3.9047619047619047,0.5714285714285714,,12,21,21,0,0,0,0,82,,0,0,0,179.42857142857142,3.9047619047619047,0.5714285714285714,,12,0,0,,,,,0,,,,,0,0,0,,0
"Blog Article","/blogs/dolls-info-qustions/top-cydoll-auto-blowjob-function-game-changing-feature-now-live",20,21,0,0,0,0,54,,0,0,0,193.61904761904762,2.5714285714285716,0.6190476190476191,,13,20,21,0,0,0,0,54,,0,0,0,193.61904761904762,2.5714285714285716,0.6190476190476191,,13,0,0,,,,,0,,,,,0,0,0,,0
,"/de/collections/futa-sex-doll",21,21,0,0,0,0,60,,0,0,0,103.61904761904762,2.857142857142857,0.5238095238095238,,11,21,21,0,0,0,0,60,,0,0,0,103.61904761904762,2.857142857142857,0.5238095238095238,,11,0,0,,,,,0,,,,,0,0,0,,0
"Collection","/collections/300-600",21,21,0,0,0,0,35,,0,0,0,66.42857142857143,1.6666666666666667,0.6190476190476191,,13,21,21,0,0,0,0,35,,0,0,0,66.42857142857143,1.6666666666666667,0.6190476190476191,,13,0,0,,,,,0,,,,,0,0,0,,0
,"/en-ca/collections/fake-ass-sex-toy",20,21,2,1,0,0,72,0,0.09523809523809523,0.047619047619047616,0,130.66666666666666,3.4285714285714284,0.6190476190476191,0,13,20,21,2,1,0,0,72,0,0.09523809523809523,0.047619047619047616,0,130.66666666666666,3.4285714285714284,0.6190476190476191,0,13,0,0,0,0,,,0,,0,0,,0,0,0,,0
"Collection","/collections/pocket-pussy",21,21,0,0,0,0,39,,0,0,0,90.23809523809524,1.8571428571428572,0.6190476190476191,,13,21,21,0,0,0,0,39,,0,0,0,90.23809523809524,1.8571428571428572,0.6190476190476191,,13,0,0,,,,,0,,,,,0,0,0,,0
"Blog Article","/blogs/dolls-info-qustions/discover-the-secrets-of-the-vagina",20,20,0,0,0,0,32,,0,0,0,56,1.6,0.75,,15,20,20,0,0,0,0,32,,0,0,0,56,1.6,0.75,,15,0,0,,,,,0,,,,,0,0,0,,0
"Collection","/collections/fat-sex-doll",20,20,0,0,0,0,80,,0,0,0,113.45,4,0.3,,6,20,20,0,0,0,0,80,,0,0,0,113.45,4,0.3,,6,0,0,,,,,0,,,,,0,0,0,,0
"Product","/products/t968-50-7lbs-92cm-silicone-luxury-super-realistic-human-size-sex-dolls-torso-with-head",20,20,0,0,0,0,21,,0,0,0,10.55,1.05,0.95,,19,20,20,0,0,0,0,21,,0,0,0,10.55,1.05,0.95,,19,0,0,,,,,0,,,,,0,0,0,,0
"Product","/collections/sex-doll-torso/products/591sex-doll-torso",20,20,0,0,0,0,132,,0,0,0,229.85,6.6,0.2,,4,20,20,0,0,0,0,132,,0,0,0,229.85,6.6,0.2,,4,0,0,,,,,0,,,,,0,0,0,,0
"Collection","/collections/mini-silicone-torso",19,19,0,0,0,0,42,,0,0,0,159.78947368421052,2.210526315789474,0.5789473684210527,,11,19,19,0,0,0,0,42,,0,0,0,159.78947368421052,2.210526315789474,0.5789473684210527,,11,0,0,,,,,0,,,,,0,0,0,,0
,"/en-ca/collections/boob-job-sex-toys",18,19,0,0,0,0,42,,0,0,0,41.421052631578945,2.210526315789474,0.631578947368421,,12,18,19,0,0,0,0,42,,0,0,0,41.421052631578945,2.210526315789474,0.631578947368421,,12,0,0,,,,,0,,,,,0,0,0,,0
"Collection","/collections/hyper-realistic-sex-doll",19,19,0,0,0,0,48,,0,0,0,83.89473684210526,2.526315789473684,0.47368421052631576,,9,19,19,0,0,0,0,48,,0,0,0,83.89473684210526,2.526315789473684,0.47368421052631576,,9,0,0,,,,,0,,,,,0,0,0,,0
"Product","/products/v26-vajancle-silicone-right-feet",18,19,0,0,0,0,19,,0,0,0,0,1,1,,19,18,19,0,0,0,0,19,,0,0,0,0,1,1,,19,0,0,,,,,0,,,,,,0,0,,0
"Blog Article","/blogs/dolls-info-qustions/a-must-read-for-anime-fans-anime-futa-sex-dolls-bring-your-2d-fantasy-to-life",17,19,0,0,0,0,27,,0,0,0,31.57894736842105,1.4210526315789473,0.7368421052631579,,14,17,19,0,0,0,0,27,,0,0,0,31.57894736842105,1.4210526315789473,0.7368421052631579,,14,0,0,,,,,0,,,,,0,0,0,,0
,"/en-fi/collections/bbw-sex-doll-torso",19,19,0,0,0,0,67,,0,0,0,116.57894736842105,3.526315789473684,0.5263157894736842,,10,19,19,0,0,0,0,67,,0,0,0,116.57894736842105,3.526315789473684,0.5263157894736842,,10,0,0,,,,,0,,,,,0,0,0,,0
"Collection","/collections/sex-doll-torso-with-head",15,18,0,0,0,0,75,,0,0,0,197.22222222222223,4.166666666666667,0.4444444444444444,,8,15,18,0,0,0,0,75,,0,0,0,197.22222222222223,4.166666666666667,0.4444444444444444,,8,0,0,,,,,0,,,,,0,0,0,,0
"Collection","/collections/saggy-huge-breast-sex-doll",17,18,0,0,0,0,40,,0,0,0,165.61111111111111,2.2222222222222223,0.6111111111111112,,11,17,18,0,0,0,0,40,,0,0,0,165.61111111111111,2.2222222222222223,0.6111111111111112,,11,0,0,,,,,0,,,,,0,0,0,,0
"Collection","/collections/bbw-milf-sex-doll",18,18,0,0,0,0,92,,0,0,0,158.94444444444446,5.111111111111111,0.1111111111111111,,2,18,18,0,0,0,0,92,,0,0,0,158.94444444444446,5.111111111111111,0.1111111111111111,,2,0,0,,,,,0,,,,,0,0,0,,0
"Blog Index","/blogs/dolls-info-qustions/articles",4,18,0,0,0,0,47,,0,0,0,651.1111111111111,2.611111111111111,0.2777777777777778,,5,4,18,0,0,0,0,47,,0,0,0,651.1111111111111,2.611111111111111,0.2777777777777778,,5,0,0,,,,,0,,,,,0,0,0,,0
,"/en-ca/blogs/featured-blog/how-to-diy-an-sex-doll-you",17,18,0,0,0,0,19,,0,0,0,0.5,1.0555555555555556,0.9444444444444444,,17,17,18,0,0,0,0,19,,0,0,0,0.5,1.0555555555555556,0.9444444444444444,,17,0,0,,,,,0,,,,,0,0,0,,0
"Collection","/collections/sex-focused-robot-sex-doll",18,18,0,0,0,0,50,,0,0,0,122.11111111111111,2.7777777777777777,0.4444444444444444,,8,18,18,0,0,0,0,50,,0,0,0,122.11111111111111,2.7777777777777777,0.4444444444444444,,8,0,0,,,,,0,,,,,0,0,0,,0
"Blog Article","/blogs/dolls-info-qustions/2025-hot-selling-japanese-sex-dolls-popular-products-and-their-unique-charm-unveiled",17,17,1,0,0,0,67,,0.058823529411764705,0,0,71.3529411764706,3.9411764705882355,0.8235294117647058,,14,17,17,1,0,0,0,67,,0.058823529411764705,0,0,71.3529411764706,3.9411764705882355,0.8235294117647058,,14,0,0,0,,,,0,,0,,,0,0,0,,0
"Custom Page","/pages/torso-sex-doll-videos",17,17,0,0,0,0,42,,0,0,0,83.29411764705883,2.4705882352941178,0.5882352941176471,,10,17,17,0,0,0,0,42,,0,0,0,83.29411764705883,2.4705882352941178,0.5882352941176471,,10,0,0,,,,,0,,,,,0,0,0,,0
"Collection","/collections/sex-doll-legs",17,17,0,0,0,0,87,,0,0,0,222.7058823529412,5.117647058823529,0.47058823529411764,,8,17,17,0,0,0,0,87,,0,0,0,222.7058823529412,5.117647058823529,0.47058823529411764,,8,0,0,,,,,0,,,,,0,0,0,,0
"Collection","/collections/halloween-sex-doll",17,17,0,0,0,0,32,,0,0,0,46.470588235294116,1.8823529411764706,0.7058823529411765,,12,17,17,0,0,0,0,32,,0,0,0,46.470588235294116,1.8823529411764706,0.7058823529411765,,12,0,0,,,,,0,,,,,0,0,0,,0
"Blog Article","/blogs/dolls-info-qustions/what-weight-of-butt-torso-sex-dolls-is-most-suitable",16,17,0,0,0,0,26,,0,0,0,60,1.5294117647058822,0.5882352941176471,,10,16,17,0,0,0,0,26,,0,0,0,60,1.5294117647058822,0.5882352941176471,,10,0,0,,,,,0,,,,,0,0,0,,0
"Collection","/collections/firefly-diary",17,17,0,0,0,0,83,,0,0,0,110.05882352941177,4.882352941176471,0.47058823529411764,,8,17,17,0,0,0,0,83,,0,0,0,110.05882352941177,4.882352941176471,0.47058823529411764,,8,0,0,,,,,0,,,,,0,0,0,,0
"Blog Article","/blogs/featured-blog/best-torso-sex-doll-brands-of-2026",16,17,0,0,0,0,48,,0,0,0,143.47058823529412,2.823529411764706,0.5294117647058824,,9,16,17,0,0,0,0,48,,0,0,0,143.47058823529412,2.823529411764706,0.5294117647058824,,9,0,0,,,,,0,,,,,0,0,0,,0
"Product","/products/irontech-silicone-doll-164cm-f753",16,17,1,1,0,0,59,0,0.058823529411764705,0.058823529411764705,0,246.58823529411765,3.4705882352941178,0.5882352941176471,0,10,16,17,1,1,0,0,59,0,0.058823529411764705,0.058823529411764705,0,246.58823529411765,3.4705882352941178,0.5882352941176471,0,10,0,0,0,0,,,0,,0,0,,0,0,0,,0
"Collection","/collections/torso-sex-doll-with-gel-breasts",14,16,0,0,0,0,42,,0,0,0,165.875,2.625,0.625,,10,14,16,0,0,0,0,42,,0,0,0,165.875,2.625,0.625,,10,0,0,,,,,0,,,,,0,0,0,,0
"Collection","/collections/big-ass-sex-doll-torso",15,16,0,0,0,0,78,,0,0,0,263.875,4.875,0.4375,,7,15,16,0,0,0,0,78,,0,0,0,263.875,4.875,0.4375,,7,0,0,,,,,0,,,,,0,0,0,,0
"Blog Article","/blogs/dolls-info-qustions/are-you-also-leaning-toward-big-butt-sex-dolls",16,16,0,0,0,0,82,,0,0,0,536.875,5.125,0.6875,,11,16,16,0,0,0,0,82,,0,0,0,536.875,5.125,0.6875,,11,0,0,,,,,0,,,,,0,0,0,,0
,"/de/blogs/featured-blog/how-to-make-fake-pussy",16,16,0,0,0,0,53,,0,0,0,197.875,3.3125,0.9375,,15,16,16,0,0,0,0,53,,0,0,0,197.875,3.3125,0.9375,,15,0,0,,,,,0,,,,,0,0,0,,0
"Collection","/collections/1600-1999-sex-doll",14,16,0,0,0,0,78,,0,0,0,168.625,4.875,0.0625,,1,14,16,0,0,0,0,78,,0,0,0,168.625,4.875,0.0625,,1,0,0,,,,,0,,,,,0,0,0,,0
,"/de/collections/bbw-ass-torso",15,16,0,0,0,0,87,,0,0,0,270.875,5.4375,0.375,,6,15,16,0,0,0,0,87,,0,0,0,270.875,5.4375,0.375,,6,0,0,,,,,0,,,,,0,0,0,,0
"Blog Article","/blogs/dolls-info-qustions/shocking-in-depth-review-of-naimi-1-1-celebrity-sex-doll",16,16,0,0,0,0,25,,0,0,0,67.6875,1.5625,0.75,,12,16,16,0,0,0,0,25,,0,0,0,67.6875,1.5625,0.75,,12,0,0,,,,,0,,,,,0,0,0,,0
,"/en-ca/collections/flat-chest-sex-doll",15,15,0,0,0,0,75,,0,0,0,130.86666666666667,5,0.6,,9,15,15,0,0,0,0,75,,0,0,0,130.86666666666667,5,0.6,,9,0,0,,,,,0,,,,,0,0,0,,0
"Custom Page","/pages/ai-sex-doll-function",15,15,0,0,0,0,38,,0,0,0,71.26666666666667,2.533333333333333,0.6666666666666666,,10,15,15,0,0,0,0,38,,0,0,0,71.26666666666667,2.533333333333333,0.6666666666666666,,10,0,0,,,,,0,,,,,0,0,0,,0
,"/ja/collections/robotic-sex-doll",11,15,0,0,0,0,120,,0,0,0,382.3333333333333,8,0.2,,3,11,15,0,0,0,0,120,,0,0,0,382.3333333333333,8,0.2,,3,0,0,,,,,0,,,,,0,0,0,,0
"Collection","/collections/bbw-ass-torso",15,15,1,1,0,0,55,0,0.06666666666666667,0.06666666666666667,0,235.06666666666666,3.6666666666666665,0.5333333333333333,0,8,15,15,1,1,0,0,55,0,0.06666666666666667,0.06666666666666667,0,235.06666666666666,3.6666666666666665,0.5333333333333333,0,8,0,0,0,0,,,0,,0,0,,0,0,0,,0
,"/products_preview",4,15,0,0,0,0,31,,0,0,0,277.46666666666664,2.066666666666667,0.6,,9,4,15,0,0,0,0,31,,0,0,0,277.46666666666664,2.066666666666667,0.6,,9,0,0,,,,,0,,,,,0,0,0,,0
"Collection","/collections/teen-sex-dolls",15,15,0,0,0,0,20,,0,0,0,45.46666666666667,1.3333333333333333,0.6666666666666666,,10,15,15,0,0,0,0,20,,0,0,0,45.46666666666667,1.3333333333333333,0.6666666666666666,,10,0,0,,,,,0,,,,,0,0,0,,0
,"/de/blogs/dolls-info-qustions/gentlemans-paradise-exploring-nsfw-anime-figures-and-sex-dolls",15,15,0,0,0,0,42,,0,0,0,104.6,2.8,0.7333333333333333,,11,15,15,0,0,0,0,42,,0,0,0,104.6,2.8,0.7333333333333333,,11,0,0,,,,,0,,,,,0,0,0,,0
"Collection","/collections/huge-breast-torso-sex-doll",15,15,0,0,0,0,112,,0,0,0,310.6,7.466666666666667,0.26666666666666666,,4,15,15,0,0,0,0,112,,0,0,0,310.6,7.466666666666667,0.26666666666666666,,4,0,0,,,,,0,,,,,0,0,0,,0
"Collection","/collections/milf-sex-dolls",15,15,0,0,0,0,28,,0,0,0,30.8,1.8666666666666667,0.6666666666666666,,10,15,15,0,0,0,0,28,,0,0,0,30.8,1.8666666666666667,0.6666666666666666,,10,0,0,,,,,0,,,,,0,0,0,,0
"Collection","/collections/erovenus-sex-doll",14,14,0,0,0,0,53,,0,0,0,383.5,3.7857142857142856,0.2857142857142857,,4,14,14,0,0,0,0,53,,0,0,0,383.5,3.7857142857142856,0.2857142857142857,,4,0,0,,,,,0,,,,,0,0,0,,0
"Collection","/collections/latina-sex-dolls",13,14,0,0,0,0,58,,0,0,0,206.14285714285714,4.142857142857143,0.35714285714285715,,5,13,14,0,0,0,0,58,,0,0,0,206.14285714285714,4.142857142857143,0.35714285714285715,,5,0,0,,,,,0,,,,,0,0,0,,0
,"/de/collections/huge-breasts-japanese-sex-doll",14,14,0,0,0,0,57,,0,0,0,107.85714285714286,4.071428571428571,0.5,,7,14,14,0,0,0,0,57,,0,0,0,107.85714285714286,4.071428571428571,0.5,,7,0,0,,,,,0,,,,,0,0,0,,0
"Product","/products/f5945-155mcm5-1ft-40kg-2-0-g-cup-asian-anime-silicone-head-chinese-sex-doll-bezlya-doll",1,14,0,0,0,0,14,,0,0,0,0,1,1,,14,1,14,0,0,0,0,14,,0,0,0,0,1,1,,14,0,0,,,,,0,,,,,,0,0,,0
,"/en-ca/blogs/dolls-info-qustions/how-to-make-a-fake-ass-sex-toy",14,14,0,0,0,0,15,,0,0,0,8.428571428571429,1.0714285714285714,0.9285714285714286,,13,14,14,0,0,0,0,15,,0,0,0,8.428571428571429,1.0714285714285714,0.9285714285714286,,13,0,0,,,,,0,,,,,0,0,0,,0
"Product","/products/h442-ros-free-hair-impants-real-oral-movable-jaw-silicone-sex-doll-head-sy-doll",14,14,0,0,0,0,14,,0,0,0,0,1,1,,14,14,14,0,0,0,0,14,,0,0,0,0,1,1,,14,0,0,,,,,0,,,,,,0,0,,0
"Collection","/collections/sucking-vagina-ai-sex-doll",14,14,0,0,0,0,23,,0,0,0,14.714285714285714,1.6428571428571428,0.7857142857142857,,11,14,14,0,0,0,0,23,,0,0,0,14.714285714285714,1.6428571428571428,0.7857142857142857,,11,0,0,,,,,0,,,,,0,0,0,,0
"Collection","/collections/silicone-sex-doll-heads",14,14,0,0,0,0,34,,0,0,0,88.78571428571429,2.4285714285714284,0.2857142857142857,,4,14,14,0,0,0,0,34,,0,0,0,88.78571428571429,2.4285714285714284,0.2857142857142857,,4,0,0,,,,,0,,,,,0,0,0,,0
"Blog Article","/blogs/dolls-info-qustions/foot-fetish-uncovered-10-types-of-foot-fetish-3-must-have-foot-fetish-toys",14,14,0,0,0,0,14,,0,0,0,0,1,1,,14,14,14,0,0,0,0,14,,0,0,0,0,1,1,,14,0,0,,,,,0,,,,,,0,0,,0
"Custom Page","/pages/sex-doll-review-video-collection",13,14,0,0,0,0,26,,0,0,0,110.78571428571429,1.8571428571428572,0.5714285714285714,,8,13,14,0,0,0,0,26,,0,0,0,110.78571428571429,1.8571428571428572,0.5714285714285714,,8,0,0,,,,,0,,,,,0,0,0,,0
"Collection","/collections/s-tpe-doll",14,14,0,0,0,0,33,,0,0,0,93.14285714285714,2.357142857142857,0.5714285714285714,,8,14,14,0,0,0,0,33,,0,0,0,93.14285714285714,2.357142857142857,0.5714285714285714,,8,0,0,,,,,0,,,,,0,0,0,,0
"Collection","/collections/tpe-ass",14,14,0,0,0,0,35,,0,0,0,114.92857142857143,2.5,0.5714285714285714,,8,14,14,0,0,0,0,35,,0,0,0,114.92857142857143,2.5,0.5714285714285714,,8,0,0,,,,,0,,,,,0,0,0,,0
"Blog Article","/blogs/sex-doll-option-videos/video-11-electric-hip-and-waist",13,13,0,0,0,0,15,,0,0,0,4.6923076923076925,1.1538461538461537,0.9230769230769231,,12,13,13,0,0,0,0,15,,0,0,0,4.6923076923076925,1.1538461538461537,0.9230769230769231,,12,0,0,,,,,0,,,,,0,0,0,,0
"Collection","/collections/wm-doll",13,13,2,1,0,0,59,0,0.15384615384615385,0.07692307692307693,0,270.38461538461536,4.538461538461538,0.15384615384615385,0,2,13,13,2,1,0,0,59,0,0.15384615384615385,0.07692307692307693,0,270.38461538461536,4.538461538461538,0.15384615384615385,0,2,0,0,0,0,,,0,,0,0,,0,0,0,,0
,"/en-ca/collections/sex-doll-videos",11,13,0,0,0,0,24,,0,0,0,56.61538461538461,1.8461538461538463,0.7692307692307693,,10,11,13,0,0,0,0,24,,0,0,0,56.61538461538461,1.8461538461538463,0.7692307692307693,,10,0,0,,,,,0,,,,,0,0,0,,0
"Collection","/collections/mini-bbw-sex-doll",12,13,0,0,0,0,27,,0,0,0,29.846153846153847,2.076923076923077,0.6153846153846154,,8,12,13,0,0,0,0,27,,0,0,0,29.846153846153847,2.076923076923077,0.6153846153846154,,8,0,0,,,,,0,,,,,0,0,0,,0
,"/de/collections/big-ass-sex-doll-life-size",13,13,0,0,0,0,63,,0,0,0,352.2307692307692,4.846153846153846,0.46153846153846156,,6,13,13,0,0,0,0,63,,0,0,0,352.2307692307692,4.846153846153846,0.46153846153846156,,6,0,0,,,,,0,,,,,0,0,0,,0
,"/en-ca/collections/vibrating-sex-doll-torso",12,12,2,0,0,0,75,,0.16666666666666666,0,0,298,6.25,0.3333333333333333,,4,12,12,2,0,0,0,75,,0.16666666666666666,0,0,298,6.25,0.3333333333333333,,4,0,0,0,,,,0,,0,,,0,0,0,,0
"Custom Page","/pages/all-category",11,12,0,0,0,0,189,,0,0,0,821.25,15.75,0.16666666666666666,,2,11,12,0,0,0,0,189,,0,0,0,821.25,15.75,0.16666666666666666,,2,0,0,,,,,0,,,,,0,0,0,,0
"Product","/products/f5425-elsa-babe-hentai-anime-waifu-sex-dolls-silicone-head-150cm-27-5kg",11,12,0,0,0,0,67,,0,0,0,331.25,5.583333333333333,0.6666666666666666,,8,11,12,0,0,0,0,67,,0,0,0,331.25,5.583333333333333,0.6666666666666666,,8,0,0,,,,,0,,,,,0,0,0,,0
"Product","/products/t435-72-75lb-silicone-lifesize-anime-sex-doll-ssbbw-sex-doll-torso-lovenestle",9,12,0,0,0,0,29,,0,0,0,145.58333333333334,2.4166666666666665,0.6666666666666666,,8,9,12,0,0,0,0,29,,0,0,0,145.58333333333334,2.4166666666666665,0.6666666666666666,,8,0,0,,,,,0,,,,,0,0,0,,0
"Collection","/collections/8-9in-male-sex-doll",12,12,0,0,0,0,25,,0,0,0,213.16666666666666,2.0833333333333335,0.5,,6,12,12,0,0,0,0,25,,0,0,0,213.16666666666666,2.0833333333333335,0.5,,6,0,0,,,,,0,,,,,0,0,0,,0
,"/de/blogs/dolls-info-qustions/shocking-in-depth-review-of-naimi-1-1-celebrity-sex-doll",12,12,0,0,0,0,20,,0,0,0,10.75,1.6666666666666667,0.75,,9,12,12,0,0,0,0,20,,0,0,0,10.75,1.6666666666666667,0.75,,9,0,0,,,,,0,,,,,0,0,0,,0
,"/ja/collections/vibrating-sex-doll-torso",12,12,0,0,0,0,15,,0,0,0,9.916666666666666,1.25,0.75,,9,12,12,0,0,0,0,15,,0,0,0,9.916666666666666,1.25,0.75,,9,0,0,,,,,0,,,,,0,0,0,,0
"Product","/products/f2580-168cm-ai-sex-dolls-silicone-pink-lovers-real-lady",11,12,2,1,0,0,165,0,0.16666666666666666,0.08333333333333333,0,975.9166666666666,13.75,0.4166666666666667,0,5,11,12,2,1,0,0,165,0,0.16666666666666666,0.08333333333333333,0,975.9166666666666,13.75,0.4166666666666667,0,5,0,0,0,0,,,0,,0,0,,0,0,0,,0
,"/en-ca/collections/anime-mini-sex-doll",10,12,0,0,0,0,25,,0,0,0,136,2.0833333333333335,0.75,,9,10,12,0,0,0,0,25,,0,0,0,136,2.0833333333333335,0.75,,9,0,0,,,,,0,,,,,0,0,0,,0
,"/en-ca/collections/sex-doll-torso-dildo-for-woman",12,12,0,0,0,0,28,,0,0,0,37.416666666666664,2.3333333333333335,0.4166666666666667,,5,12,12,0,0,0,0,28,,0,0,0,37.416666666666664,2.3333333333333335,0.4166666666666667,,5,0,0,,,,,0,,,,,0,0,0,,0
"Collection","/collections/new-arrivals-sex-doll",12,12,1,1,1,0.08333333333333333,58,1,0.08333333333333333,0.08333333333333333,1,134.33333333333334,4.833333333333333,0.08333333333333333,1,1,12,12,1,1,1,0.08333333333333333,58,1,0.08333333333333333,0.08333333333333333,1,134.33333333333334,4.833333333333333,0.08333333333333333,1,1,0,0,0,0,0,0,0,0,0,0,0,0,0,0,0,0
,"/en-ca/collections/sex-doll-torso",12,12,0,0,0,0,31,,0,0,0,52.083333333333336,2.5833333333333335,0.5,,6,12,12,0,0,0,0,31,,0,0,0,52.083333333333336,2.5833333333333335,0.5,,6,0,0,,,,,0,,,,,0,0,0,,0
"Collection","/collections/life-size-ass",11,11,0,0,0,0,54,,0,0,0,249.1818181818182,4.909090909090909,0.45454545454545453,,5,11,11,0,0,0,0,54,,0,0,0,249.1818181818182,4.909090909090909,0.45454545454545453,,5,0,0,,,,,0,,,,,0,0,0,,0
,"/en-ca/collections/naked-sex-doll",10,11,0,0,0,0,68,,0,0,0,203.0909090909091,6.181818181818182,0.5454545454545454,,6,10,11,0,0,0,0,68,,0,0,0,203.0909090909091,6.181818181818182,0.5454545454545454,,6,0,0,,,,,0,,,,,0,0,0,,0
"Collection","/collections/anime-sex-doll-cheap",10,11,0,0,0,0,35,,0,0,0,138.45454545454547,3.1818181818181817,0.45454545454545453,,5,10,11,0,0,0,0,35,,0,0,0,138.45454545454547,3.1818181818181817,0.45454545454545453,,5,0,0,,,,,0,,,,,0,0,0,,0
"Product","/products/a599-83lb-coco-sucking-doggy-style-bbw-big-booty-sex-doll-torso-luxury-realistic-biggest-ass-sex-toy",11,11,1,0,0,0,89,,0.09090909090909091,0,0,428.27272727272725,8.090909090909092,0.45454545454545453,,5,11,11,1,0,0,0,89,,0.09090909090909091,0,0,428.27272727272725,8.090909090909092,0.45454545454545453,,5,0,0,0,,,,0,,0,,,0,0,0,,0
,"/ja/blogs/dolls-info-qustions/4-things-tell-you-how-to-use-a-lesbian-sex-doll",11,11,0,0,0,0,13,,0,0,0,11.090909090909092,1.1818181818181819,0.9090909090909091,,10,11,11,0,0,0,0,13,,0,0,0,11.090909090909092,1.1818181818181819,0.9090909090909091,,10,0,0,,,,,0,,,,,0,0,0,,0
"Collection","/collections/big-ass-sex-doll-tpe-body",11,11,0,0,0,0,24,,0,0,0,82,2.1818181818181817,0.5454545454545454,,6,11,11,0,0,0,0,24,,0,0,0,82,2.1818181818181817,0.5454545454545454,,6,0,0,,,,,0,,,,,0,0,0,,0
,"/en-ca/collections/shemale-sex-toy",11,11,0,0,0,0,28,,0,0,0,109.45454545454545,2.5454545454545454,0.8181818181818182,,9,11,11,0,0,0,0,28,,0,0,0,109.45454545454545,2.5454545454545454,0.8181818181818182,,9,0,0,,,,,0,,,,,0,0,0,,0
"Collection","/collections/irontech-doll",10,11,1,1,0,0,107,0,0.09090909090909091,0.09090909090909091,0,331.54545454545456,9.727272727272727,0.6363636363636364,0,7,10,11,1,1,0,0,107,0,0.09090909090909091,0.09090909090909091,0,331.54545454545456,9.727272727272727,0.6363636363636364,0,7,0,0,0,0,,,0,,0,0,,0,0,0,,0
"Product","/products/v324-silicone-ultra-realistic-foot-toy-with-veins-and-wrinkles",11,11,0,0,0,0,12,,0,0,0,3.6363636363636362,1.0909090909090908,0.9090909090909091,,10,11,11,0,0,0,0,12,,0,0,0,3.6363636363636362,1.0909090909090908,0.9090909090909091,,10,0,0,,,,,0,,,,,0,0,0,,0
,"/en-ca/collections/black-sex-dolls",10,11,0,0,0,0,24,,0,0,0,92.81818181818181,2.1818181818181817,0.45454545454545453,,5,10,11,0,0,0,0,24,,0,0,0,92.81818181818181,2.1818181818181817,0.45454545454545453,,5,0,0,,,,,0,,,,,0,0,0,,0
,"/de/collections/sex-doll-feet",10,11,0,0,0,0,40,,0,0,0,125.54545454545455,3.6363636363636362,0.5454545454545454,,6,10,11,0,0,0,0,40,,0,0,0,125.54545454545455,3.6363636363636362,0.5454545454545454,,6,0,0,,,,,0,,,,,0,0,0,,0
"Blog Article","/blogs/dolls-info-qustions/exploring-the-best-breasts-for-titty-fucking",11,11,0,0,0,0,12,,0,0,0,9.818181818181818,1.0909090909090908,0.9090909090909091,,10,11,11,0,0,0,0,12,,0,0,0,9.818181818181818,1.0909090909090908,0.9090909090909091,,10,0,0,,,,,0,,,,,0,0,0,,0
,"/en-ca/collections/futa-sex-doll",9,10,0,0,0,0,61,,0,0,0,351.4,6.1,0.2,,2,9,10,0,0,0,0,61,,0,0,0,351.4,6.1,0.2,,2,0,0,,,,,0,,,,,0,0,0,,0
"Custom Page","/pages/ai-robot-function-videos",9,10,0,0,0,0,51,,0,0,0,322,5.1,0.7,,7,9,10,0,0,0,0,51,,0,0,0,322,5.1,0.7,,7,0,0,,,,,0,,,,,0,0,0,,0
"Collection","/collections/top-cydoll",9,10,0,0,0,0,40,,0,0,0,91.6,4,0.4,,4,9,10,0,0,0,0,40,,0,0,0,91.6,4,0.4,,4,0,0,,,,,0,,,,,0,0,0,,0
,"/ja/blogs/dolls-info-qustions/top-3-flat-chested-sex-dolls-of-2025-ultimate-flatness-unique-allure",10,10,0,0,0,0,15,,0,0,0,73.6,1.5,0.6,,6,10,10,0,0,0,0,15,,0,0,0,73.6,1.5,0.6,,6,0,0,,,,,0,,,,,0,0,0,,0
"Blog Article","/blogs/dolls-info-qustions/4-easy-positions-to-enjoy-with-your-bbw-sex-doll",9,10,0,0,0,0,15,,0,0,0,10,1.5,0.8,,8,9,10,0,0,0,0,15,,0,0,0,10,1.5,0.8,,8,0,0,,,,,0,,,,,0,0,0,,0
"Blog Article","/blogs/dolls-info-qustions/small-size-big-satisfaction-a-complete-real-life-sex-experience-review-of-the-mini-sex-doll",10,10,0,0,0,0,26,,0,0,0,172.4,2.6,0.6,,6,10,10,0,0,0,0,26,,0,0,0,172.4,2.6,0.6,,6,0,0,,,,,0,,,,,0,0,0,,0
"Collection","/collections/bbw-sex-dolls",10,10,0,0,0,0,57,,0,0,0,186.5,5.7,0.3,,3,10,10,0,0,0,0,57,,0,0,0,186.5,5.7,0.3,,3,0,0,,,,,0,,,,,0,0,0,,0
"Collection","/collections/rosertty-doll",8,10,0,0,0,0,174,,0,0,0,785.9,17.4,0.4,,4,8,10,0,0,0,0,174,,0,0,0,785.9,17.4,0.4,,4,0,0,,,,,0,,,,,0,0,0,,0
"Collection","/collections/bbw-life-size-torso",10,10,0,0,0,0,45,,0,0,0,182.4,4.5,0.3,,3,10,10,0,0,0,0,45,,0,0,0,182.4,4.5,0.3,,3,0,0,,,,,0,,,,,0,0,0,,0
"Product","/products/t408-fat-sex-dolls-121cm-long-legs-bbw-torso",4,10,1,0,0,0,33,,0.1,0,0,283.2,3.3,0.5,,5,4,10,1,0,0,0,33,,0.1,0,0,283.2,3.3,0.5,,5,0,0,0,,,,0,,0,,,0,0,0,,0
,"/en-fi/pages/torso-sex-doll-videos",10,10,0,0,0,0,14,,0,0,0,95.3,1.4,0.8,,8,10,10,0,0,0,0,14,,0,0,0,95.3,1.4,0.8,,8,0,0,,,,,0,,,,,0,0,0,,0
,"/en-ca/collections/huge-breasts-sex-dolls",10,10,0,0,0,0,42,,0,0,0,90.1,4.2,0.5,,5,10,10,0,0,0,0,42,,0,0,0,90.1,4.2,0.5,,5,0,0,,,,,0,,,,,0,0,0,,0
"Collection","/collections/big-ass-sex-doll-mini-torso",10,10,0,0,0,0,32,,0,0,0,126.9,3.2,0.5,,5,10,10,0,0,0,0,32,,0,0,0,126.9,3.2,0.5,,5,0,0,,,,,0,,,,,0,0,0,,0
"Collection","/collections/200-299",10,10,0,0,0,0,15,,0,0,0,69.9,1.5,0.6,,6,10,10,0,0,0,0,15,,0,0,0,69.9,1.5,0.6,,6,0,0,,,,,0,,,,,0,0,0,,0
"Product","/products/t588v-torso-tpe-16lb-sucking-vibration-auto-clean",10,10,0,0,0,0,24,,0,0,0,46.9,2.4,0.7,,7,10,10,0,0,0,0,24,,0,0,0,46.9,2.4,0.7,,7,0,0,,,,,0,,,,,0,0,0,,0
,"/de/collections/shemale-sex-doll",9,10,0,0,0,0,13,,0,0,0,26.9,1.3,0.7,,7,9,10,0,0,0,0,13,,0,0,0,26.9,1.3,0.7,,7,0,0,,,,,0,,,,,0,0,0,,0
"Collection","/collections/mrl-doll",10,10,0,0,0,0,28,,0,0,0,59.7,2.8,0.4,,4,10,10,0,0,0,0,28,,0,0,0,59.7,2.8,0.4,,4,0,0,,,,,0,,,,,0,0,0,,0
"Collection","/collections/loli-sex-dolls",6,10,0,0,0,0,12,,0,0,0,3.1,1.2,0.8,,8,6,10,0,0,0,0,12,,0,0,0,3.1,1.2,0.8,,8,0,0,,,,,0,,,,,0,0,0,,0
,"/en-ca/collections/fake-pussy-fake-vagina-sex-toys",10,10,0,0,0,0,41,,0,0,0,69.6,4.1,0.6,,6,10,10,0,0,0,0,41,,0,0,0,69.6,4.1,0.6,,6,0,0,,,,,0,,,,,0,0,0,,0
"Blog Article","/blogs/dolls-info-qustions/what-oral-depth-of-a-sex-doll-head-is-best-for-blowjobs",9,10,0,0,0,0,15,,0,0,0,335,1.5,0.7,,7,9,10,0,0,0,0,15,,0,0,0,335,1.5,0.7,,7,0,0,,,,,0,,,,,0,0,0,,0
"Product","/products/562-fat-ass-torso-doll-silicone-ass",5,9,1,0,0,0,13,,0.1111111111111111,0,0,24.11111111111111,1.4444444444444444,0.7777777777777778,,7,5,9,1,0,0,0,13,,0.1111111111111111,0,0,24.11111111111111,1.4444444444444444,0.7777777777777778,,7,0,0,0,,,,0,,0,,,0,0,0,,0
,"/de/collections/monster-hentai-sex-doll",9,9,0,0,0,0,22,,0,0,0,35.333333333333336,2.4444444444444446,0.5555555555555556,,5,9,9,0,0,0,0,22,,0,0,0,35.333333333333336,2.4444444444444446,0.5555555555555556,,5,0,0,,,,,0,,,,,0,0,0,,0
"Product","/products/t71",4,9,1,1,0,0,38,0,0.1111111111111111,0.1111111111111111,0,264.3333333333333,4.222222222222222,0.4444444444444444,0,4,4,9,1,1,0,0,38,0,0.1111111111111111,0.1111111111111111,0,264.3333333333333,4.222222222222222,0.4444444444444444,0,4,0,0,0,0,,,0,,0,0,,0,0,0,,0
"Collection","/collections/chubby-sex-doll",9,9,0,0,0,0,37,,0,0,0,103.77777777777777,4.111111111111111,0.6666666666666666,,6,9,9,0,0,0,0,37,,0,0,0,103.77777777777777,4.111111111111111,0.6666666666666666,,6,0,0,,,,,0,,,,,0,0,0,,0
"Product","/products/b439-ultra-soft-silicone-sex-doll-boobs-titfuck-torso-erovenus",6,9,0,0,0,0,20,,0,0,0,94.66666666666667,2.2222222222222223,0.7777777777777778,,7,6,9,0,0,0,0,20,,0,0,0,94.66666666666667,2.2222222222222223,0.7777777777777778,,7,0,0,,,,,0,,,,,0,0,0,,0
"Blog Article","/blogs/dolls-info-qustions/2025-how-to-perform-oral-sex-with-a-real-sex-doll",9,9,0,0,0,0,15,,0,0,0,113,1.6666666666666667,0.6666666666666666,,6,9,9,0,0,0,0,15,,0,0,0,113,1.6666666666666667,0.6666666666666666,,6,0,0,,,,,0,,,,,0,0,0,,0
"Collection","/collections/lusandy-doll",4,9,0,0,0,0,12,,0,0,0,78,1.3333333333333333,0.7777777777777778,,7,4,9,0,0,0,0,12,,0,0,0,78,1.3333333333333333,0.7777777777777778,,7,0,0,,,,,0,,,,,0,0,0,,0
"Collection","/collections/black-sex-doll-heads",9,9,0,0,0,0,20,,0,0,0,74.22222222222223,2.2222222222222223,0.2222222222222222,,2,9,9,0,0,0,0,20,,0,0,0,74.22222222222223,2.2222222222222223,0.2222222222222222,,2,0,0,,,,,0,,,,,0,0,0,,0
"Collection","/collections/life-size-torso",7,9,0,0,0,0,23,,0,0,0,82.44444444444444,2.5555555555555554,0.2222222222222222,,2,7,9,0,0,0,0,23,,0,0,0,82.44444444444444,2.5555555555555554,0.2222222222222222,,2,0,0,,,,,0,,,,,0,0,0,,0
"Product","/products/f6209-172cm-5-6ft-37-5kg-a-cup-realistic-flat-chest-sex-doll-top-cydoll",5,9,0,0,0,0,43,,0,0,0,254.44444444444446,4.777777777777778,0.3333333333333333,,3,5,9,0,0,0,0,43,,0,0,0,254.44444444444446,4.777777777777778,0.3333333333333333,,3,0,0,,,,,0,,,,,0,0,0,,0
"Collection","/collections/big-ass-sex-doll-life-size",8,9,0,0,0,0,38,,0,0,0,312.3333333333333,4.222222222222222,0.3333333333333333,,3,8,9,0,0,0,0,38,,0,0,0,312.3333333333333,4.222222222222222,0.3333333333333333,,3,0,0,,,,,0,,,,,0,0,0,,0
"Blog Article","/blogs/dolls-info-qustions/pay-in-4",9,9,0,0,0,0,58,,0,0,0,445.1111111111111,6.444444444444445,0.1111111111111111,,1,9,9,0,0,0,0,58,,0,0,0,445.1111111111111,6.444444444444445,0.1111111111111111,,1,0,0,,,,,0,,,,,0,0,0,,0
,"/ja/collections/male-sex-doll",5,9,0,0,0,0,9,,0,0,0,0,1,1,,9,5,9,0,0,0,0,9,,0,0,0,0,1,1,,9,0,0,,,,,0,,,,,,0,0,,0
"Collection","/collections/porn-celebrities",9,9,0,0,0,0,23,,0,0,0,119,2.5555555555555554,0.2222222222222222,,2,9,9,0,0,0,0,23,,0,0,0,119,2.5555555555555554,0.2222222222222222,,2,0,0,,,,,0,,,,,0,0,0,,0
"Collection","/collections/big-boobs-sex-dolls",7,9,0,0,0,0,16,,0,0,0,62.666666666666664,1.7777777777777777,0.5555555555555556,,5,7,9,0,0,0,0,16,,0,0,0,62.666666666666664,1.7777777777777777,0.5555555555555556,,5,0,0,,,,,0,,,,,0,0,0,,0
"Product","/products/f5581-157cm-robot-sexdoll-heating-suction-aibei-doll",7,9,1,0,0,0,46,,0.1111111111111111,0,0,809.5555555555555,5.111111111111111,0.4444444444444444,,4,7,9,1,0,0,0,46,,0.1111111111111111,0,0,809.5555555555555,5.111111111111111,0.4444444444444444,,4,0,0,0,,,,0,,0,,,0,0,0,,0
,"/en-fi/blogs/dolls-info-qustions/%F0%9F%94%A5-top-5-most-popular-big-butt-chubby-belly-curvy-body-pornstar-style-sex-dolls-in-2025-%F0%9F%94%A5",9,9,0,0,0,0,15,,0,0,0,15.777777777777779,1.6666666666666667,0.8888888888888888,,8,9,9,0,0,0,0,15,,0,0,0,15.777777777777779,1.6666666666666667,0.8888888888888888,,8,0,0,,,,,0,,,,,0,0,0,,0
"Custom Page","/pages/video9-irontech",8,9,0,0,0,0,22,,0,0,0,25.11111111111111,2.4444444444444446,0.6666666666666666,,6,8,9,0,0,0,0,22,,0,0,0,25.11111111111111,2.4444444444444446,0.6666666666666666,,6,0,0,,,,,0,,,,,0,0,0,,0
"Blog Article","/blogs/dolls-info-qustions/does-the-sex-doll-feel-real-an-honest-review-from-a-real-user",9,9,0,0,0,0,39,,0,0,0,349.8888888888889,4.333333333333333,0.5555555555555556,,5,9,9,0,0,0,0,39,,0,0,0,349.8888888888889,4.333333333333333,0.5555555555555556,,5,0,0,,,,,0,,,,,0,0,0,,0
"Product","/products/v332-ultra-soft-silicone-foot-with-real-feel-texture-for-foot-fetish",2,9,0,0,0,0,15,,0,0,0,52.111111111111114,1.6666666666666667,0.7777777777777778,,7,2,9,0,0,0,0,15,,0,0,0,52.111111111111114,1.6666666666666667,0.7777777777777778,,7,0,0,,,,,0,,,,,0,0,0,,0
"Collection","/collections/tantaly-sex-doll",4,9,1,0,0,0,74,,0.1111111111111111,0,0,603.4444444444445,8.222222222222221,0.3333333333333333,,3,4,9,1,0,0,0,74,,0.1111111111111111,0,0,603.4444444444445,8.222222222222221,0.3333333333333333,,3,0,0,0,,,,0,,0,,,0,0,0,,0
,"/en-ca/collections/18s-sex-doll",9,9,0,0,0,0,15,,0,0,0,117.88888888888889,1.6666666666666667,0.7777777777777778,,7,9,9,0,0,0,0,15,,0,0,0,117.88888888888889,1.6666666666666667,0.7777777777777778,,7,0,0,,,,,0,,,,,0,0,0,,0
"Collection","/collections/curvy-sex-dolls",9,9,0,0,0,0,24,,0,0,0,340.1111111111111,2.6666666666666665,0.7777777777777778,,7,9,9,0,0,0,0,24,,0,0,0,340.1111111111111,2.6666666666666665,0.7777777777777778,,7,0,0,,,,,0,,,,,0,0,0,,0
,"/en-ca/collections/foot-pocket-pussy",7,9,0,0,0,0,16,,0,0,0,36.22222222222222,1.7777777777777777,0.6666666666666666,,6,7,9,0,0,0,0,16,,0,0,0,36.22222222222222,1.7777777777777777,0.6666666666666666,,6,0,0,,,,,0,,,,,0,0,0,,0
"Product","/products/yeloly-ssbbw-silicone-torso-75cm-t778",8,9,0,0,0,0,20,,0,0,0,162.44444444444446,2.2222222222222223,0.4444444444444444,,4,8,9,0,0,0,0,20,,0,0,0,162.44444444444446,2.2222222222222223,0.4444444444444444,,4,0,0,,,,,0,,,,,0,0,0,,0
"Blog Article","/blogs/featured-blog/2025-top-sex-doll-brands-annual-update-summary",9,9,0,0,0,0,18,,0,0,0,25.88888888888889,2,0.4444444444444444,,4,9,9,0,0,0,0,18,,0,0,0,25.88888888888889,2,0.4444444444444444,,4,0,0,,,,,0,,,,,0,0,0,,0
"Collection","/collections/best-sellers-in-big-boobs",9,9,0,0,0,0,26,,0,0,0,299.44444444444446,2.888888888888889,0.6666666666666666,,6,9,9,0,0,0,0,26,,0,0,0,299.44444444444446,2.888888888888889,0.6666666666666666,,6,0,0,,,,,0,,,,,0,0,0,,0
"Blog Article","/blogs/dolls-info-qustions/guide-to-the-buttocks-of-sex-doll-torsos",9,9,0,0,0,0,18,,0,0,0,154.55555555555554,2,0.8888888888888888,,8,9,9,0,0,0,0,18,,0,0,0,154.55555555555554,2,0.8888888888888888,,8,0,0,,,,,0,,,,,0,0,0,,0
,"/de/products/lightweight-ass-toy-silicone-8-5lb-a805",1,9,0,0,0,0,9,,0,0,0,0,1,1,,9,1,9,0,0,0,0,9,,0,0,0,0,1,1,,9,0,0,,,,,0,,,,,,0,0,,0
"Collection","/collections/in-stock-usa-1",8,9,1,1,0,0,38,0,0.1111111111111111,0.1111111111111111,0,269.44444444444446,4.222222222222222,0.4444444444444444,0,4,8,9,1,1,0,0,38,0,0.1111111111111111,0.1111111111111111,0,269.44444444444446,4.222222222222222,0.4444444444444444,0,4,0,0,0,0,,,0,,0,0,,0,0,0,,0
,"/en-ca/collections/asian-sex-doll",8,8,0,0,0,0,12,,0,0,0,19.625,1.5,0.625,,5,8,8,0,0,0,0,12,,0,0,0,19.625,1.5,0.625,,5,0,0,,,,,0,,,,,0,0,0,,0
"Collection","/collections/top-rated-japanese-sex-dolls-in-2026",8,8,0,0,0,0,59,,0,0,0,382,7.375,0.375,,3,8,8,0,0,0,0,59,,0,0,0,382,7.375,0.375,,3,0,0,,,,,0,,,,,0,0,0,,0
"Collection","/collections/bbw-sex-doll-list",8,8,0,0,0,0,18,,0,0,0,25.75,2.25,0.5,,4,8,8,0,0,0,0,18,,0,0,0,25.75,2.25,0.5,,4,0,0,,,,,0,,,,,0,0,0,,0
"Collection","/collections/aitia",8,8,0,0,0,0,108,,0,0,0,802.75,13.5,0,,0,8,8,0,0,0,0,108,,0,0,0,802.75,13.5,0,,0,0,0,,,,,0,,,,,0,0,,,
"Product","/products/f6324-t161cm5-3ft-34kg-c-cup-realistic-skin-silicone-asian-sex-doll-for-men-se-doll",8,8,0,0,0,0,65,,0,0,0,433.125,8.125,0.375,,3,8,8,0,0,0,0,65,,0,0,0,433.125,8.125,0.375,,3,0,0,,,,,0,,,,,0,0,0,,0
"Product","/products/a664-37-5lb-silicone-butt-sexy-and-real-realistic-big-ass-sex-doll-torso",7,8,0,0,0,0,58,,0,0,0,636.125,7.25,0.375,,3,7,8,0,0,0,0,58,,0,0,0,636.125,7.25,0.375,,3,0,0,,,,,0,,,,,0,0,0,,0
"Collection","/collections/sy-doll",6,8,0,0,0,0,47,,0,0,0,492.875,5.875,0.625,,5,6,8,0,0,0,0,47,,0,0,0,492.875,5.875,0.625,,5,0,0,,,,,0,,,,,0,0,0,,0
,"/de/blogs/dolls-info-qustions/the-best-asian-sex-doll-bezlya-sex-doll-2-2u-series-function-analysis",7,8,0,0,0,0,24,,0,0,0,239.5,3,0.5,,4,7,8,0,0,0,0,24,,0,0,0,239.5,3,0.5,,4,0,0,,,,,0,,,,,0,0,0,,0
"Blog Article","/blogs/dolls-info-qustions/how-to-eat-ass-a-deep-dive-into-rimming-techniques-and-sex-doll-play",8,8,0,0,0,0,14,,0,0,0,71.25,1.75,0.875,,7,8,8,0,0,0,0,14,,0,0,0,71.25,1.75,0.875,,7,0,0,,,,,0,,,,,0,0,0,,0
"Collection","/collections/100-199",8,8,1,1,0,0,30,0,0.125,0.125,0,624.625,3.75,0.375,0,3,8,8,1,1,0,0,30,0,0.125,0.125,0,624.625,3.75,0.375,0,3,0,0,0,0,,,0,,0,0,,0,0,0,,0
"Blog Article","/blogs/dolls-info-qustions/what-to-do-if-your-sex-doll-is-too-heavy-a-practical-guide",7,8,0,0,0,0,8,,0,0,0,0,1,1,,8,7,8,0,0,0,0,8,,0,0,0,0,1,1,,8,0,0,,,,,0,,,,,,0,0,,0
"Collection","/collections/black-pocket-pussy",8,8,0,0,0,0,10,,0,0,0,1.875,1.25,0.75,,6,8,8,0,0,0,0,10,,0,0,0,1.875,1.25,0.75,,6,0,0,,,,,0,,,,,0,0,0,,0
"Product","/products/real-lady-silicone-ros-159cm-f752",8,8,0,0,0,0,23,,0,0,0,110.875,2.875,0.5,,4,8,8,0,0,0,0,23,,0,0,0,110.875,2.875,0.5,,4,0,0,,,,,0,,,,,0,0,0,,0
"Product","/products/f9283-178cm-p-cup-ssbbw-sex-doll-pawg",8,8,0,0,0,0,14,,0,0,0,64.875,1.75,0.625,,5,8,8,0,0,0,0,14,,0,0,0,64.875,1.75,0.625,,5,0,0,,,,,0,,,,,0,0,0,,0
"Blog Article","/blogs/recent-brand-updates-new-arrivals-for-sex-dolls/se-x-bot-ai-sex-doll-head-review",7,8,0,0,0,0,22,,0,0,0,118.875,2.75,0.625,,5,7,8,0,0,0,0,22,,0,0,0,118.875,2.75,0.625,,5,0,0,,,,,0,,,,,0,0,0,,0
"Collection","/collections/electric-male-sex-doll",8,8,0,0,0,0,35,,0,0,0,235.625,4.375,0.75,,6,8,8,0,0,0,0,35,,0,0,0,235.625,4.375,0.75,,6,0,0,,,,,0,,,,,0,0,0,,0
"Collection","/collections/doggy-dildo-doll-guide-dog-knot-dildos-1",8,8,0,0,0,0,10,,0,0,0,2,1.25,0.75,,6,8,8,0,0,0,0,10,,0,0,0,2,1.25,0.75,,6,0,0,,,,,0,,,,,0,0,0,,0
"Collection","/collections/anime-cosplay-sex-doll",8,8,0,0,0,0,19,,0,0,0,39.875,2.375,0.5,,4,8,8,0,0,0,0,19,,0,0,0,39.875,2.375,0.5,,4,0,0,,,,,0,,,,,0,0,0,,0
"Product","/products/h228-ros-silicone-sex-doll-head%E4%B8%A8wm-doll-head",1,8,0,0,0,0,50,,0,0,0,172.875,6.25,0,,0,1,8,0,0,0,0,50,,0,0,0,172.875,6.25,0,,0,0,0,,,,,0,,,,,0,0,,,
,"/en-ca/blogs/dolls-info-qustions/gentlemans-paradise-exploring-nsfw-anime-figures-and-sex-dolls",8,8,0,0,0,0,24,,0,0,0,100.375,3,0.625,,5,8,8,0,0,0,0,24,,0,0,0,100.375,3,0.625,,5,0,0,,,,,0,,,,,0,0,0,,0
"Collection","/collections/fantasy-sex-doll-heads",8,8,1,0,0,0,41,,0.125,0,0,238.75,5.125,0.375,,3,8,8,1,0,0,0,41,,0.125,0,0,238.75,5.125,0.375,,3,0,0,0,,,,0,,0,,,0,0,0,,0
,"/de/collections/erovenus-sex-doll",7,8,0,0,0,0,15,,0,0,0,185.5,1.875,0.625,,5,7,8,0,0,0,0,15,,0,0,0,185.5,1.875,0.625,,5,0,0,,,,,0,,,,,0,0,0,,0
"Collection","/collections/funwest-doll",6,8,0,0,0,0,53,,0,0,0,260.375,6.625,0.5,,4,6,8,0,0,0,0,53,,0,0,0,260.375,6.625,0.5,,4,0,0,,,,,0,,,,,0,0,0,,0
,"/de/collections/irokebijin-doll",1,8,0,0,0,0,153,,0,0,0,1511.375,19.125,0,,0,1,8,0,0,0,0,153,,0,0,0,1511.375,19.125,0,,0,0,0,,,,,0,,,,,0,0,,,
"Product","/products/f9377-161cm5ft3-41-5kg-h-cup-huge-breast-adult-silicone-ssbbw-sex-doll-starpery-doll",8,8,0,0,0,0,96,,0,0,0,304,12,0.625,,5,8,8,0,0,0,0,96,,0,0,0,304,12,0.625,,5,0,0,,,,,0,,,,,0,0,0,,0
"Custom Page","/pages/cheap-sex-doll-guide",8,8,0,0,0,0,23,,0,0,0,321.875,2.875,0.5,,4,8,8,0,0,0,0,23,,0,0,0,321.875,2.875,0.5,,4,0,0,,,,,0,,,,,0,0,0,,0
"Product","/products/t643-plump-sexual-bbw-sex-toy-torso",7,8,0,0,0,0,19,,0,0,0,112.625,2.375,0.375,,3,7,8,0,0,0,0,19,,0,0,0,112.625,2.375,0.375,,3,0,0,,,,,0,,,,,0,0,0,,0
"Blog Article","/blogs/dolls-info-qustions/lusandy-doll-redefining-realism-and-the-warmth-of-companionship",7,8,0,0,0,0,8,,0,0,0,0,1,1,,8,7,8,0,0,0,0,8,,0,0,0,0,1,1,,8,0,0,,,,,0,,,,,,0,0,,0
,"/en-ca/collections/black-torso-sex-dolls",8,8,0,0,0,0,26,,0,0,0,195.75,3.25,0.125,,1,8,8,0,0,0,0,26,,0,0,0,195.75,3.25,0.125,,1,0,0,,,,,0,,,,,0,0,0,,0
"Product","/products/f555-161cm-bbw-sex-doll-silicone-starpery",8,8,0,0,0,0,8,,0,0,0,0,1,1,,8,8,8,0,0,0,0,8,,0,0,0,0,1,1,,8,0,0,,,,,0,,,,,,0,0,,0
"Product","/products/f6131-159cm-5ft3-36kg-c-cup-lifelike-silicone-head-tpe-body-sex-doll-rosretty-doll",8,8,0,0,0,0,8,,0,0,0,0,1,1,,8,8,8,0,0,0,0,8,,0,0,0,0,1,1,,8,0,0,,,,,0,,,,,,0,0,,0
"Collection","/collections/sex-doll-factory-pictures",6,8,1,0,0,0,103,,0.125,0,0,391.5,12.875,0.5,,4,6,8,1,0,0,0,103,,0.125,0,0,391.5,12.875,0.5,,4,0,0,0,,,,0,,0,,,0,0,0,,0
"Collection","/collections/japanese-anime-sex-doll",6,8,0,0,0,0,31,,0,0,0,253.125,3.875,0,,0,6,8,0,0,0,0,31,,0,0,0,253.125,3.875,0,,0,0,0,,,,,0,,,,,0,0,,,
,"/en-ca/collections/silicone-ass",7,8,1,0,0,0,36,,0.125,0,0,348.875,4.5,0.375,,3,7,8,1,0,0,0,36,,0.125,0,0,348.875,4.5,0.375,,3,0,0,0,,,,0,,0,,,0,0,0,,0
,"/ja/collections/anime-pocket-pussy",7,7,0,0,0,0,18,,0,0,0,147.28571428571428,2.5714285714285716,0.8571428571428571,,6,7,7,0,0,0,0,18,,0,0,0,147.28571428571428,2.5714285714285716,0.8571428571428571,,6,0,0,,,,,0,,,,,0,0,0,,0
,"/de/blogs/sex-doll-torso-blog/top-7-sex-poses-with-your-torso-sex-doll",7,7,0,0,0,0,8,,0,0,0,11.428571428571429,1.1428571428571428,0.8571428571428571,,6,7,7,0,0,0,0,8,,0,0,0,11.428571428571429,1.1428571428571428,0.8571428571428571,,6,0,0,,,,,0,,,,,0,0,0,,0
,"/ja/pages/sex-doll-gif",6,7,0,0,0,0,7,,0,0,0,0,1,1,,7,6,7,0,0,0,0,7,,0,0,0,0,1,1,,7,0,0,,,,,0,,,,,,0,0,,0
"Blog Article","/blogs/dolls-info-qustions/the-latest-sex-dolls-innovations-and-breakthroughs-in-2025",7,7,0,0,0,0,20,,0,0,0,363.57142857142856,2.857142857142857,0.42857142857142855,,3,7,7,0,0,0,0,20,,0,0,0,363.57142857142856,2.857142857142857,0.42857142857142855,,3,0,0,,,,,0,,,,,0,0,0,,0
"Blog Article","/blogs/dolls-info-qustions/have-sex-with-a-japnese-sex-doll",6,7,0,0,0,0,9,,0,0,0,9.142857142857142,1.2857142857142858,0.8571428571428571,,6,6,7,0,0,0,0,9,,0,0,0,9.142857142857142,1.2857142857142858,0.8571428571428571,,6,0,0,,,,,0,,,,,0,0,0,,0
,"/de/collections/breast-toy",7,7,0,0,0,0,27,,0,0,0,49.57142857142857,3.857142857142857,0.5714285714285714,,4,7,7,0,0,0,0,27,,0,0,0,49.57142857142857,3.857142857142857,0.5714285714285714,,4,0,0,,,,,0,,,,,0,0,0,,0
"Checkout","/60719464687/orders/3b2cac718ac471ff5d6b877c7dbc903e",1,7,0,0,0,0,46,,0,0,0,1203,6.571428571428571,0,,0,1,7,0,0,0,0,46,,0,0,0,1203,6.571428571428571,0,,0,0,0,,,,,0,,,,,0,0,,,
"Collection","/collections/anime-sex-doll-torso",7,7,0,0,0,0,20,,0,0,0,51.142857142857146,2.857142857142857,0.42857142857142855,,3,7,7,0,0,0,0,20,,0,0,0,51.142857142857146,2.857142857142857,0.42857142857142855,,3,0,0,,,,,0,,,,,0,0,0,,0
"Product","/products/t337-103cm-3ft5-j-cup-natural-sophia-lane-a-silicone-sex-doll-torso-with-head-se-doll",7,7,0,0,0,0,17,,0,0,0,22,2.4285714285714284,0.8571428571428571,,6,7,7,0,0,0,0,17,,0,0,0,22,2.4285714285714284,0.8571428571428571,,6,0,0,,,,,0,,,,,0,0,0,,0
,"/de/blogs/featured-blog/how-to-diy-an-sex-doll-you",7,7,0,0,0,0,9,,0,0,0,22.285714285714285,1.2857142857142858,0.8571428571428571,,6,7,7,0,0,0,0,9,,0,0,0,22.285714285714285,1.2857142857142858,0.8571428571428571,,6,0,0,,,,,0,,,,,0,0,0,,0
"Blog Article","/blogs/dolls-info-qustions/which-condoms-can-be-used-with-18s-sex-dolls",6,7,0,0,0,0,7,,0,0,0,0,1,1,,7,6,7,0,0,0,0,7,,0,0,0,0,1,1,,7,0,0,,,,,0,,,,,,0,0,,0
"Product","/products/f5546-153cm-5ft-28kg-silicone-anime-hentai-male-sex-dolls-elsa-babe",4,7,0,0,0,0,20,,0,0,0,97,2.857142857142857,0.7142857142857143,,5,4,7,0,0,0,0,20,,0,0,0,97,2.857142857142857,0.7142857142857143,,5,0,0,,,,,0,,,,,0,0,0,,0
,"/en-ca/collections/under-100",7,7,0,0,0,0,17,,0,0,0,299.14285714285717,2.4285714285714284,0.2857142857142857,,2,7,7,0,0,0,0,17,,0,0,0,299.14285714285717,2.4285714285714284,0.2857142857142857,,2,0,0,,,,,0,,,,,0,0,0,,0
"Blog Article","/blogs/dolls-info-qustions/the-best-futa-sex-dolls-to-buy-in-2025-brand-guide-buying-tips",7,7,0,0,0,0,56,,0,0,0,161.85714285714286,8,0.5714285714285714,,4,7,7,0,0,0,0,56,,0,0,0,161.85714285714286,8,0.5714285714285714,,4,0,0,,,,,0,,,,,0,0,0,,0
"Blog Article","/blogs/dolls-info-qustions/safely-disposing-the-used-sex-dolls",7,7,0,0,0,0,7,,0,0,0,0,1,1,,7,7,7,0,0,0,0,7,,0,0,0,0,1,1,,7,0,0,,,,,0,,,,,,0,0,,0
,"/de/collections/huge-breast-torso-sex-doll",6,7,0,0,0,0,15,,0,0,0,238.57142857142858,2.142857142857143,0.5714285714285714,,4,6,7,0,0,0,0,15,,0,0,0,238.57142857142858,2.142857142857143,0.5714285714285714,,4,0,0,,,,,0,,,,,0,0,0,,0
"Collection","/collections/silicone-sex-doll-torso-love-torso-silicone-doll",7,7,0,0,0,0,30,,0,0,0,149.85714285714286,4.285714285714286,0.2857142857142857,,2,7,7,0,0,0,0,30,,0,0,0,149.85714285714286,4.285714285714286,0.2857142857142857,,2,0,0,,,,,0,,,,,0,0,0,,0
,"/de/collections/male-sex-doll",7,7,0,0,0,0,10,,0,0,0,13.428571428571429,1.4285714285714286,0.7142857142857143,,5,7,7,0,0,0,0,10,,0,0,0,13.428571428571429,1.4285714285714286,0.7142857142857143,,5,0,0,,,,,0,,,,,0,0,0,,0
"Product","/products/t40515-43lb-18-5inlight-weight-curvy-sex-doll-torso",7,7,0,0,0,0,7,,0,0,0,0,1,1,,7,7,7,0,0,0,0,7,,0,0,0,0,1,1,,7,0,0,,,,,0,,,,,,0,0,,0
"Collection","/collections/breast-toy",7,7,0,0,0,0,13,,0,0,0,13,1.8571428571428572,0.42857142857142855,,3,7,7,0,0,0,0,13,,0,0,0,13,1.8571428571428572,0.42857142857142855,,3,0,0,,,,,0,,,,,0,0,0,,0
,"/de/collections/shemale-sex-doll-torso-1",7,7,0,0,0,0,50,,0,0,0,380.85714285714283,7.142857142857143,0.14285714285714285,,1,7,7,0,0,0,0,50,,0,0,0,380.85714285714283,7.142857142857143,0.14285714285714285,,1,0,0,,,,,0,,,,,0,0,0,,0
"Collection","/collections/torso-only",7,7,0,0,0,0,26,,0,0,0,178.85714285714286,3.7142857142857144,0.5714285714285714,,4,7,7,0,0,0,0,26,,0,0,0,178.85714285714286,3.7142857142857144,0.5714285714285714,,4,0,0,,,,,0,,,,,0,0,0,,0
,"/en-ca/collections/anime-pocket-pussy",7,7,0,0,0,0,28,,0,0,0,120,4,0.5714285714285714,,4,7,7,0,0,0,0,28,,0,0,0,120,4,0.5714285714285714,,4,0,0,,,,,0,,,,,0,0,0,,0
,"/en-ca/collections/silicone-sex-dolls",7,7,0,0,0,0,18,,0,0,0,410.14285714285717,2.5714285714285716,0.42857142857142855,,3,7,7,0,0,0,0,18,,0,0,0,410.14285714285717,2.5714285714285716,0.42857142857142855,,3,0,0,,,,,0,,,,,0,0,0,,0
"Product","/products/p399-osiimi-anime-pocket-pussy-bbw-succubus-sex-doll-mrl",3,7,0,0,0,0,10,,0,0,0,32.142857142857146,1.4285714285714286,0.8571428571428571,,6,3,7,0,0,0,0,10,,0,0,0,32.142857142857146,1.4285714285714286,0.8571428571428571,,6,0,0,,,,,0,,,,,0,0,0,,0
,"/de/collections/celebrity-sex-dolls",7,7,0,0,0,0,32,,0,0,0,155.42857142857142,4.571428571428571,0.2857142857142857,,2,7,7,0,0,0,0,32,,0,0,0,155.42857142857142,4.571428571428571,0.2857142857142857,,2,0,0,,,,,0,,,,,0,0,0,,0
,"/de/collections/huge-breasts-sex-dolls",6,7,0,0,0,0,52,,0,0,0,177.85714285714286,7.428571428571429,0.14285714285714285,,1,6,7,0,0,0,0,52,,0,0,0,177.85714285714286,7.428571428571429,0.14285714285714285,,1,0,0,,,,,0,,,,,0,0,0,,0
,"/ja/blogs/dolls-info-qustions/whats-the-deal-with-moaning-sex-robots-anyway",6,6,0,0,0,0,7,,0,0,0,6.833333333333333,1.1666666666666667,0.8333333333333334,,5,6,6,0,0,0,0,7,,0,0,0,6.833333333333333,1.1666666666666667,0.8333333333333334,,5,0,0,,,,,0,,,,,0,0,0,,0
"Blog Article","/blogs/dolls-info-qustions/elevate-your-experience-popular-ai-girlfriend-software-to-enhance-your-connection-with-sex-dolls",6,6,0,0,0,0,9,,0,0,0,8,1.5,0.6666666666666666,,4,6,6,0,0,0,0,9,,0,0,0,8,1.5,0.6666666666666666,,4,0,0,,,,,0,,,,,0,0,0,,0
"Blog Article","/blogs/dolls-info-qustions/improved-missionary-position-with-fit-sex-doll-enhanced-sex-swing-experience",6,6,0,0,0,0,6,,0,0,0,0,1,1,,6,6,6,0,0,0,0,6,,0,0,0,0,1,1,,6,0,0,,,,,0,,,,,,0,0,,0
"Blog Article","/blogs/dolls-info-qustions/is-a-fully-loose-skeleton-full-body-doll-worth-it",6,6,0,0,0,0,10,,0,0,0,318,1.6666666666666667,0.8333333333333334,,5,6,6,0,0,0,0,10,,0,0,0,318,1.6666666666666667,0.8333333333333334,,5,0,0,,,,,0,,,,,0,0,0,,0
"Product","/collections/sex-doll-torso/products/55cm-big-boobs-torso-sex-doll-502-sex-doll-torso",6,6,0,0,0,0,16,,0,0,0,28.166666666666668,2.6666666666666665,0.16666666666666666,,1,6,6,0,0,0,0,16,,0,0,0,28.166666666666668,2.6666666666666665,0.16666666666666666,,1,0,0,,,,,0,,,,,0,0,0,,0
"Customer Account","/account/unsubscribe",6,6,0,0,0,0,10,,0,0,0,88.83333333333333,1.6666666666666667,0.3333333333333333,,2,6,6,0,0,0,0,10,,0,0,0,88.83333333333333,1.6666666666666667,0.3333333333333333,,2,0,0,,,,,0,,,,,0,0,0,,0
,"/en-fi/collections/vibrating-sex-doll-torso",6,6,0,0,0,0,14,,0,0,0,80.5,2.3333333333333335,0.3333333333333333,,2,6,6,0,0,0,0,14,,0,0,0,80.5,2.3333333333333335,0.3333333333333333,,2,0,0,,,,,0,,,,,0,0,0,,0
,"/en-ca/collections/japanese-milf-sex-doll",6,6,0,0,0,0,14,,0,0,0,20.666666666666668,2.3333333333333335,0.8333333333333334,,5,6,6,0,0,0,0,14,,0,0,0,20.666666666666668,2.3333333333333335,0.8333333333333334,,5,0,0,,,,,0,,,,,0,0,0,,0
"Product","/products/f9385-161cm5ft3-41-5kg-h-cup-huge-breast-silicone-ssbbw-sex-doll-with-weight-reduction-4-0-starpery-doll",6,6,0,0,0,0,13,,0,0,0,91.66666666666667,2.1666666666666665,0.5,,3,6,6,0,0,0,0,13,,0,0,0,91.66666666666667,2.1666666666666665,0.5,,3,0,0,,,,,0,,,,,0,0,0,,0
"Blog Article","/blogs/dolls-info-qustions/how-deep-is-the-vagina-5-key-things-you-need-to-know-about-the-vagina",6,6,0,0,0,0,7,,0,0,0,1.3333333333333333,1.1666666666666667,0.8333333333333334,,5,6,6,0,0,0,0,7,,0,0,0,1.3333333333333333,1.1666666666666667,0.8333333333333334,,5,0,0,,,,,0,,,,,0,0,0,,0
"Blog Article","/blogs/dolls-info-qustions/little-secrets-about-vagina-and-anus-of-sex-dolls",6,6,0,0,0,0,6,,0,0,0,0,1,1,,6,6,6,0,0,0,0,6,,0,0,0,0,1,1,,6,0,0,,,,,0,,,,,,0,0,,0
"Blog Article","/blogs/dolls-info-qustions/nsfw-time-revealing-the-most-popular-porn-stars-and-celebrity-sex-dolls",5,6,0,0,0,0,8,,0,0,0,60.333333333333336,1.3333333333333333,0.6666666666666666,,4,5,6,0,0,0,0,8,,0,0,0,60.333333333333336,1.3333333333333333,0.6666666666666666,,4,0,0,,,,,0,,,,,0,0,0,,0
,"/en-fi/collections/all",6,6,0,0,0,0,21,,0,0,0,119.83333333333333,3.5,0.5,,3,6,6,0,0,0,0,21,,0,0,0,119.83333333333333,3.5,0.5,,3,0,0,,,,,0,,,,,0,0,0,,0
"Product","/products/f5565-150cm4ft9-33kg-f-cup-life-size-tpe-sex-doll-aibei-doll",1,6,0,0,0,0,7,,0,0,0,1.1666666666666667,1.1666666666666667,0.8333333333333334,,5,1,6,0,0,0,0,7,,0,0,0,1.1666666666666667,1.1666666666666667,0.8333333333333334,,5,0,0,,,,,0,,,,,0,0,0,,0
,"/en-ca/collections/anime-hentai-sex-doll",6,6,0,0,0,0,27,,0,0,0,191.83333333333334,4.5,0.6666666666666666,,4,6,6,0,0,0,0,27,,0,0,0,191.83333333333334,4.5,0.6666666666666666,,4,0,0,,,,,0,,,,,0,0,0,,0
"Blog Article","/blogs/featured-blog/the-mini-torso-guide-why-smaller-means-smarter",5,6,0,0,0,0,14,,0,0,0,173,2.3333333333333335,0.5,,3,5,6,0,0,0,0,14,,0,0,0,173,2.3333333333333335,0.5,,3,0,0,,,,,0,,,,,0,0,0,,0
"Product","/products/b38-silicone-sex-doll-titfuck-torso-realistic-titfuck-to-climax",6,6,1,1,1,0.16666666666666666,50,1,0.16666666666666666,0.16666666666666666,1,487.1666666666667,8.333333333333334,0.3333333333333333,1,2,6,6,1,1,1,0.16666666666666666,50,1,0.16666666666666666,0.16666666666666666,1,487.1666666666667,8.333333333333334,0.3333333333333333,1,2,0,0,0,0,0,0,0,0,0,0,0,0,0,0,0,0
"Checkout","/60719464687/orders/f8313f6e543100bf5d176183412a92e2",1,6,0,0,0,0,10,,0,0,0,348.8333333333333,1.6666666666666667,0.5,,3,1,6,0,0,0,0,10,,0,0,0,348.8333333333333,1.6666666666666667,0.5,,3,0,0,,,,,0,,,,,0,0,0,,0
"Blog Article","/blogs/dolls-info-qustions/how-to-make-fake-pussy",6,6,0,0,0,0,42,,0,0,0,77.5,7,0.3333333333333333,,2,6,6,0,0,0,0,42,,0,0,0,77.5,7,0.3333333333333333,,2,0,0,,,,,0,,,,,0,0,0,,0
,"/de/collections/fake-pussy-hentai-sex-doll",6,6,0,0,0,0,20,,0,0,0,67.16666666666667,3.3333333333333335,0.5,,3,6,6,0,0,0,0,20,,0,0,0,67.16666666666667,3.3333333333333335,0.5,,3,0,0,,,,,0,,,,,0,0,0,,0
"Blog Article","/blogs/dolls-info-qustions/2025-s-hottest-sex-doll-brands-bestsellers-did-you-pick-the-right-one",5,6,0,0,0,0,29,,0,0,0,330.5,4.833333333333333,0.16666666666666666,,1,5,6,0,0,0,0,29,,0,0,0,330.5,4.833333333333333,0.16666666666666666,,1,0,0,,,,,0,,,,,0,0,0,,0
"Collection","/collections/6-foot-sex-doll",5,6,0,0,0,0,16,,0,0,0,108.16666666666667,2.6666666666666665,0.3333333333333333,,2,5,6,0,0,0,0,16,,0,0,0,108.16666666666667,2.6666666666666665,0.3333333333333333,,2,0,0,,,,,0,,,,,0,0,0,,0
"Product","/products/t443-silicone-big-boobs-life-size-sex-doll-torso",3,6,0,0,0,0,16,,0,0,0,459,2.6666666666666665,0.3333333333333333,,2,3,6,0,0,0,0,16,,0,0,0,459,2.6666666666666665,0.3333333333333333,,2,0,0,,,,,0,,,,,0,0,0,,0
"Collection","/collections/pornstar-sex-doll",6,6,0,0,0,0,14,,0,0,0,90.5,2.3333333333333335,0.5,,3,6,6,0,0,0,0,14,,0,0,0,90.5,2.3333333333333335,0.5,,3,0,0,,,,,0,,,,,0,0,0,,0
,"/en-ca/search",6,6,0,0,0,0,42,,0,0,0,425.6666666666667,7,0.3333333333333333,,2,6,6,0,0,0,0,42,,0,0,0,425.6666666666667,7,0.3333333333333333,,2,0,0,,,,,0,,,,,0,0,0,,0
"Collection","/collections/full-femboy-sex-doll",6,6,0,0,0,0,39,,0,0,0,271,6.5,0.6666666666666666,,4,6,6,0,0,0,0,39,,0,0,0,271,6.5,0.6666666666666666,,4,0,0,,,,,0,,,,,0,0,0,,0
"Product","/collections/sex-doll-torso/products/631-lifesize-sex-doll-torso",6,6,0,0,0,0,12,,0,0,0,22.166666666666668,2,0.3333333333333333,,2,6,6,0,0,0,0,12,,0,0,0,22.166666666666668,2,0.3333333333333333,,2,0,0,,,,,0,,,,,0,0,0,,0
"Blog Article","/blogs/dolls-info-qustions/%F0%9F%92%A1-the-ultimate-guide-to-tantaly-revolutionary-sex-dolls-that-redefine-pleasure",6,6,0,0,0,0,10,,0,0,0,30.5,1.6666666666666667,0.5,,3,6,6,0,0,0,0,10,,0,0,0,30.5,1.6666666666666667,0.5,,3,0,0,,,,,0,,,,,0,0,0,,0
,"/de/blogs/dolls-info-qustions/2025-five-stylish-and-charming-chinese-sex-doll",6,6,0,0,0,0,7,,0,0,0,6,1.1666666666666667,0.8333333333333334,,5,6,6,0,0,0,0,7,,0,0,0,6,1.1666666666666667,0.8333333333333334,,5,0,0,,,,,0,,,,,0,0,0,,0
"Product","/products/a627-sex-doll-ass-torso-tpe-bouncy-butt-26-2lb",5,6,0,0,0,0,15,,0,0,0,55.333333333333336,2.5,0.8333333333333334,,5,5,6,0,0,0,0,15,,0,0,0,55.333333333333336,2.5,0.8333333333333334,,5,0,0,,,,,0,,,,,0,0,0,,0
,"/de/collections/foot-pocket-pussy",6,6,0,0,0,0,7,,0,0,0,1.1666666666666667,1.1666666666666667,0.8333333333333334,,5,6,6,0,0,0,0,7,,0,0,0,1.1666666666666667,1.1666666666666667,0.8333333333333334,,5,0,0,,,,,0,,,,,0,0,0,,0
"Blog Article","/blogs/dolls-info-qustions/celebrity-sex-dolls-hot-picks-6-asian-inspired-star-lookalikes",6,6,0,0,0,0,11,,0,0,0,37,1.8333333333333333,0.5,,3,6,6,0,0,0,0,11,,0,0,0,37,1.8333333333333333,0.5,,3,0,0,,,,,0,,,,,0,0,0,,0
"Collection","/collections/full-round-huge-breast-sex-doll",6,6,0,0,0,0,16,,0,0,0,198.83333333333334,2.6666666666666665,0.3333333333333333,,2,6,6,0,0,0,0,16,,0,0,0,198.83333333333334,2.6666666666666665,0.3333333333333333,,2,0,0,,,,,0,,,,,0,0,0,,0
"Collection","/collections/aibei-doll",6,6,0,0,0,0,132,,0,0,0,838.5,22,0.16666666666666666,,1,6,6,0,0,0,0,132,,0,0,0,838.5,22,0.16666666666666666,,1,0,0,,,,,0,,,,,0,0,0,,0
"Collection","/collections/new-arrivals",6,6,0,0,0,0,76,,0,0,0,643.3333333333334,12.666666666666666,0,,0,6,6,0,0,0,0,76,,0,0,0,643.3333333333334,12.666666666666666,0,,0,0,0,,,,,0,,,,,0,0,,,
"Blog Article","/blogs/dolls-info-qustions/how-to-integrate-sex-toys-and-torso-sex-dolls-into-foreplay",6,6,0,0,0,0,8,,0,0,0,13,1.3333333333333333,0.8333333333333334,,5,6,6,0,0,0,0,8,,0,0,0,13,1.3333333333333333,0.8333333333333334,,5,0,0,,,,,0,,,,,0,0,0,,0
"Blog Article","/blogs/dolls-info-qustions/sex-torso-vs-masturbation-which-one-is-right-for-you-this-article-has-the-answer",6,6,0,0,0,0,7,,0,0,0,5,1.1666666666666667,0.8333333333333334,,5,6,6,0,0,0,0,7,,0,0,0,5,1.1666666666666667,0.8333333333333334,,5,0,0,,,,,0,,,,,0,0,0,,0
"Blog Article","/blogs/dolls-info-qustions/why-do-female-characters-in-anime-often-have-exaggeratedly-large-breasts",6,6,0,0,0,0,8,,0,0,0,30.666666666666668,1.3333333333333333,0.8333333333333334,,5,6,6,0,0,0,0,8,,0,0,0,30.666666666666668,1.3333333333333333,0.8333333333333334,,5,0,0,,,,,0,,,,,0,0,0,,0
"Collection","/collections/lesbian-sex-doll-1",6,6,0,0,0,0,8,,0,0,0,49.5,1.3333333333333333,0.8333333333333334,,5,6,6,0,0,0,0,8,,0,0,0,49.5,1.3333333333333333,0.8333333333333334,,5,0,0,,,,,0,,,,,0,0,0,,0
"Blog Article","/blogs/sex-doll-torso-blog/8-best-sex-doll-torsos-with-heads",6,6,0,0,0,0,10,,0,0,0,274.3333333333333,1.6666666666666667,0.6666666666666666,,4,6,6,0,0,0,0,10,,0,0,0,274.3333333333333,1.6666666666666667,0.6666666666666666,,4,0,0,,,,,0,,,,,0,0,0,,0
"Collection","/collections/lesbian-sex-doll",6,6,0,0,0,0,10,,0,0,0,57.833333333333336,1.6666666666666667,0.6666666666666666,,4,6,6,0,0,0,0,10,,0,0,0,57.833333333333336,1.6666666666666667,0.6666666666666666,,4,0,0,,,,,0,,,,,0,0,0,,0
"Product","/products/t90221-49lb-d-cup-2-95-dildo-electric-shemale-male-female-rechargeable-sex-doll-torso-adult-toys",5,6,0,0,0,0,27,,0,0,0,211,4.5,0.5,,3,5,6,0,0,0,0,27,,0,0,0,211,4.5,0.5,,3,0,0,,,,,0,,,,,0,0,0,,0
"Product","/products/f9300-150cm-ros-silicone-head-alien-sex-doll-shemale-dildo",4,6,0,0,0,0,8,,0,0,0,124.66666666666667,1.3333333333333333,0.6666666666666666,,4,4,6,0,0,0,0,8,,0,0,0,124.66666666666667,1.3333333333333333,0.6666666666666666,,4,0,0,,,,,0,,,,,0,0,0,,0
"Collection","/collections/o-cup-sex-doll",6,6,0,0,0,0,22,,0,0,0,76.16666666666667,3.6666666666666665,0.16666666666666666,,1,6,6,0,0,0,0,22,,0,0,0,76.16666666666667,3.6666666666666665,0.16666666666666666,,1,0,0,,,,,0,,,,,0,0,0,,0
"Blog Article","/blogs/dolls-info-qustions/would-you-put-a-dildo-on-your-sex-doll",5,5,0,0,0,0,5,,0,0,0,0,1,1,,5,5,5,0,0,0,0,5,,0,0,0,0,1,1,,5,0,0,,,,,0,,,,,,0,0,,0
,"/de/collections/enchanting-delights-2024-top-real-sex-doll-recommendations",5,5,0,0,0,0,27,,0,0,0,220.6,5.4,0.2,,1,5,5,0,0,0,0,27,,0,0,0,220.6,5.4,0.2,,1,0,0,,,,,0,,,,,0,0,0,,0
"Product","/products/a720-s-tpe-bbw-big-ass-fat-sex-doll-torso",3,5,0,0,0,0,21,,0,0,0,259.8,4.2,0.8,,4,3,5,0,0,0,0,21,,0,0,0,259.8,4.2,0.8,,4,0,0,,,,,0,,,,,0,0,0,,0
,"/de/collections/big-booty-sex-dolls",5,5,0,0,0,0,10,,0,0,0,18,2,0.4,,2,5,5,0,0,0,0,10,,0,0,0,18,2,0.4,,2,0,0,,,,,0,,,,,0,0,0,,0
"Product","/products/f5639-171cm-40kg-c-cup-silicone-head-movable-jaw-sle-body-silicone-celebrity-sex-doll-in-stock-usa-canada-zelex-doll",2,5,0,0,0,0,17,,0,0,0,501.4,3.4,0.6,,3,2,5,0,0,0,0,17,,0,0,0,501.4,3.4,0.6,,3,0,0,,,,,0,,,,,0,0,0,,0
"Blog Article","/blogs/dolls-info-qustions/masturbation-place",5,5,0,0,0,0,5,,0,0,0,0,1,1,,5,5,5,0,0,0,0,5,,0,0,0,0,1,1,,5,0,0,,,,,0,,,,,,0,0,,0
,"/ja/collections/ai-sex-doll",5,5,0,0,0,0,7,,0,0,0,4,1.4,0.8,,4,5,5,0,0,0,0,7,,0,0,0,4,1.4,0.8,,4,0,0,,,,,0,,,,,0,0,0,,0
"Blog Article","/blogs/dolls-info-qustions/how-to-use-a-milf-sex-doll",5,5,0,0,0,0,5,,0,0,0,0,1,1,,5,5,5,0,0,0,0,5,,0,0,0,0,1,1,,5,0,0,,,,,0,,,,,,0,0,,0
"Blog Article","/blogs/dolls-info-qustions/the-ultimate-guide-to-starpery-sex-dolls-the-realism-and-innovation",4,5,0,0,0,0,5,,0,0,0,0,1,1,,5,4,5,0,0,0,0,5,,0,0,0,0,1,1,,5,0,0,,,,,0,,,,,,0,0,,0
"Collection","/collections/2000-sex-doll",5,5,0,0,0,0,15,,0,0,0,625.8,3,0.8,,4,5,5,0,0,0,0,15,,0,0,0,625.8,3,0.8,,4,0,0,,,,,0,,,,,0,0,0,,0
"Collection","/collections/se-doll",4,5,0,0,0,0,33,,0,0,0,317.2,6.6,0.2,,1,4,5,0,0,0,0,33,,0,0,0,317.2,6.6,0.2,,1,0,0,,,,,0,,,,,0,0,0,,0
,"/de/collections/ros-sex-doll-heads-1",5,5,0,0,0,0,9,,0,0,0,12.4,1.8,0.4,,2,5,5,0,0,0,0,9,,0,0,0,12.4,1.8,0.4,,2,0,0,,,,,0,,,,,0,0,0,,0
"Collection","/collections/huge-breasts-japanese-sex-doll",5,5,0,0,0,0,10,,0,0,0,30,2,0.6,,3,5,5,0,0,0,0,10,,0,0,0,30,2,0.6,,3,0,0,,,,,0,,,,,0,0,0,,0
"Blog Article","/blogs/dolls-info-qustions/4-recommended-futa-sex-dolls-a-guide-to-realistic-touch-and-dual-gender-appeal",5,5,0,0,0,0,15,,0,0,0,93.2,3,0.4,,2,5,5,0,0,0,0,15,,0,0,0,93.2,3,0.4,,2,0,0,,,,,0,,,,,0,0,0,,0
"Blog Article","/blogs/dolls-info-qustions/vine-talk-aibox-bringing-your-girl-to-life-and-understanding-your-heart",5,5,0,0,0,0,8,,0,0,0,88,1.6,0.4,,2,5,5,0,0,0,0,8,,0,0,0,88,1.6,0.4,,2,0,0,,,,,0,,,,,0,0,0,,0
"Product","/products/f5523-168cm5-5ft-39kg-h-cup-r3-life-size-silicone-sex-doll-real-lady",1,5,0,0,0,0,7,,0,0,0,570.8,1.4,0.8,,4,1,5,0,0,0,0,7,,0,0,0,570.8,1.4,0.8,,4,0,0,,,,,0,,,,,0,0,0,,0
,"/de/blogs/dolls-info-qustions/what-are-the-sex-positions-with-my-arab-sex-doll",5,5,0,0,0,0,6,,0,0,0,1.4,1.2,0.8,,4,5,5,0,0,0,0,6,,0,0,0,1.4,1.2,0.8,,4,0,0,,,,,0,,,,,0,0,0,,0
"Collection","/collections/big-ass-sex-dolls",5,5,0,0,0,0,75,,0,0,0,766.6,15,0,,0,5,5,0,0,0,0,75,,0,0,0,766.6,15,0,,0,0,0,,,,,0,,,,,0,0,,,
"Product","/products/t316-sex-torso-realistic-female-sex-torso-sineem",4,5,0,0,0,0,7,,0,0,0,160.2,1.4,0.6,,3,4,5,0,0,0,0,7,,0,0,0,160.2,1.4,0.6,,3,0,0,,,,,0,,,,,0,0,0,,0
"Product","/products/t665-silicone-realistic-torso-32lbs",5,5,0,0,0,0,38,,0,0,0,741.6,7.6,0.4,,2,5,5,0,0,0,0,38,,0,0,0,741.6,7.6,0.4,,2,0,0,,,,,0,,,,,0,0,0,,0
"Blog Article","/blogs/sex-doll-option-videos/video-16-wm-exclusive-real-oral-sexros",5,5,1,0,0,0,10,,0.2,0,0,201.4,2,0.6,,3,5,5,1,0,0,0,10,,0.2,0,0,201.4,2,0.6,,3,0,0,0,,,,0,,0,,,0,0,0,,0
"Blog Article","/blogs/dolls-info-qustions/why-do-men-love-sucking-breasts-reasons-revealed-busty-sex-doll-recommendations",5,5,0,0,0,0,5,,0,0,0,0,1,1,,5,5,5,0,0,0,0,5,,0,0,0,0,1,1,,5,0,0,,,,,0,,,,,,0,0,,0
"Collection","/collections/funwest-doll-factory-photos",5,5,0,0,0,0,81,,0,0,0,831.8,16.2,0.2,,1,5,5,0,0,0,0,81,,0,0,0,831.8,16.2,0.2,,1,0,0,,,,,0,,,,,0,0,0,,0
,"/en-ca/collections/ai-sex-dolls-list",4,5,0,0,0,0,23,,0,0,0,260.4,4.6,0.4,,2,4,5,0,0,0,0,23,,0,0,0,260.4,4.6,0.4,,2,0,0,,,,,0,,,,,0,0,0,,0
"Product","/products/f7643-168cm-5ft5-35kg-f-cup-silicone-asian-realistic-sex-doll-xixi-top-cydoll",1,5,0,0,0,0,23,,0,0,0,378.2,4.6,0,,0,1,5,0,0,0,0,23,,0,0,0,378.2,4.6,0,,0,0,0,,,,,0,,,,,0,0,,,
"Blog Article","/blogs/sex-doll-option-videos/video-12-auto-blowjob",5,5,0,0,0,0,9,,0,0,0,34,1.8,0.8,,4,5,5,0,0,0,0,9,,0,0,0,34,1.8,0.8,,4,0,0,,,,,0,,,,,0,0,0,,0
"Blog Article","/blogs/dolls-info-qustions/the-best-asian-sex-doll-bezlya-sex-doll-2-2u-series-function-analysis",5,5,0,0,0,0,13,,0,0,0,159.2,2.6,0.4,,2,5,5,0,0,0,0,13,,0,0,0,159.2,2.6,0.4,,2,0,0,,,,,0,,,,,0,0,0,,0
"Blog Article","/blogs/dolls-info-qustions/%F0%9F%94%A5-2025-best-fake-ass-sex-toy-recommendations-6-ultra-realistic-big-booty-dolls-for-ultimate-pleasure",5,5,0,0,0,0,5,,0,0,0,0,1,1,,5,5,5,0,0,0,0,5,,0,0,0,0,1,1,,5,0,0,,,,,0,,,,,,0,0,,0
"Blog Article","/blogs/dolls-info-qustions/whether-sex-dolls-can-be-rented",5,5,0,0,0,0,5,,0,0,0,0,1,1,,5,5,5,0,0,0,0,5,,0,0,0,0,1,1,,5,0,0,,,,,0,,,,,,0,0,,0
,"/en-fi/blogs/dolls-info-qustions/are-you-also-leaning-toward-big-butt-sex-dolls",5,5,0,0,0,0,10,,0,0,0,34.2,2,0.6,,3,5,5,0,0,0,0,10,,0,0,0,34.2,2,0.6,,3,0,0,,,,,0,,,,,0,0,0,,0
"Blog Article","/blogs/dolls-info-qustions/makeup-for-hentai-sex-doll-create-your-own-anime-goddess",5,5,0,0,0,0,8,,0,0,0,38.2,1.6,0.4,,2,5,5,0,0,0,0,8,,0,0,0,38.2,1.6,0.4,,2,0,0,,,,,0,,,,,0,0,0,,0
,"/de/collections/lifesize-male-sex-doll-torso",5,5,1,1,0,0,26,0,0.2,0.2,0,360.4,5.2,0.6,0,3,5,5,1,1,0,0,26,0,0.2,0.2,0,360.4,5.2,0.6,0,3,0,0,0,0,,,0,,0,0,,0,0,0,,0
"Blog Article","/blogs/dolls-info-qustions/s-tpe",5,5,0,0,0,0,6,,0,0,0,20.6,1.2,0.8,,4,5,5,0,0,0,0,6,,0,0,0,20.6,1.2,0.8,,4,0,0,,,,,0,,,,,0,0,0,,0
"Blog Article","/blogs/dolls-info-qustions/top-5-best-foot-fetish-toys-you-can-buy-online-in-2025",5,5,0,0,0,0,13,,0,0,0,180.2,2.6,0.4,,2,5,5,0,0,0,0,13,,0,0,0,180.2,2.6,0.4,,2,0,0,,,,,0,,,,,0,0,0,,0
"Collection","/collections/vajankle-foot-fetish-toys/",5,5,0,0,0,0,5,,0,0,0,0,1,1,,5,5,5,0,0,0,0,5,,0,0,0,0,1,1,,5,0,0,,,,,0,,,,,,0,0,,0
"Blog Article","/blogs/dolls-info-qustions/how-to-play-with-a-big-booty-sex-doll-these-positions-will-blow-your-mind",5,5,0,0,0,0,7,,0,0,0,21.2,1.4,0.6,,3,5,5,0,0,0,0,7,,0,0,0,21.2,1.4,0.6,,3,0,0,,,,,0,,,,,0,0,0,,0
"Blog Article","/blogs/dolls-info-qustions/dangerous-and-fascinating-the-irresistible-allure-of-mermaid-sex-doll",5,5,0,0,0,0,7,,0,0,0,3.2,1.4,0.8,,4,5,5,0,0,0,0,7,,0,0,0,3.2,1.4,0.8,,4,0,0,,,,,0,,,,,0,0,0,,0
,"/de/collections/petite-sex-doll",5,5,0,0,0,0,18,,0,0,0,46.8,3.6,0.8,,4,5,5,0,0,0,0,18,,0,0,0,46.8,3.6,0.8,,4,0,0,,,,,0,,,,,0,0,0,,0
"Collection","/collections/evasdoll",5,5,0,0,0,0,19,,0,0,0,369.2,3.8,0.2,,1,5,5,0,0,0,0,19,,0,0,0,369.2,3.8,0.2,,1,0,0,,,,,0,,,,,0,0,0,,0
,"/en-ca/collections/mini-sex-doll-torso",5,5,0,0,0,0,16,,0,0,0,226.8,3.2,0.6,,3,5,5,0,0,0,0,16,,0,0,0,226.8,3.2,0.6,,3,0,0,,,,,0,,,,,0,0,0,,0
"Blog Article","/blogs/complete-sex-doll-guide-for-beginners/sex-doll-unboxing-guide-for-beginners-what-every-new-owner-should-know",5,5,0,0,0,0,25,,0,0,0,125.4,5,0.4,,2,5,5,0,0,0,0,25,,0,0,0,125.4,5,0.4,,2,0,0,,,,,0,,,,,0,0,0,,0
"Blog Article","/blogs/dolls-info-qustions/new-sigafun-series-officially-released-every-model-is-irresistible",5,5,0,0,0,0,15,,0,0,0,93.2,3,0.8,,4,5,5,0,0,0,0,15,,0,0,0,93.2,3,0.8,,4,0,0,,,,,0,,,,,0,0,0,,0
,"/en-ca/products/h231-ros-silicone-sex-doll-head%E4%B8%A8wm-doll-head",2,5,0,0,0,0,34,,0,0,0,816.2,6.8,0,,0,2,5,0,0,0,0,34,,0,0,0,816.2,6.8,0,,0,0,0,,,,,0,,,,,0,0,,,
"Blog Article","/blogs/dolls-info-qustions/must-read-for-trans-men-sleeves-vs-electric-pocket-pussy-which-one-is-right-for-you",5,5,0,0,0,0,5,,0,0,0,0,1,1,,5,5,5,0,0,0,0,5,,0,0,0,0,1,1,,5,0,0,,,,,0,,,,,,0,0,,0
,"/en-ca/products/f6209-172cm-5-6ft-37-5kg-a-cup-realistic-flat-chest-sex-doll-top-cydoll",5,5,0,0,0,0,33,,0,0,0,737.2,6.6,0.6,,3,5,5,0,0,0,0,33,,0,0,0,737.2,6.6,0.6,,3,0,0,,,,,0,,,,,0,0,0,,0
"Collection","/collections/huge-breast-post-torso",5,5,0,0,0,0,23,,0,0,0,589,4.6,0.4,,2,5,5,0,0,0,0,23,,0,0,0,589,4.6,0.4,,2,0,0,,,,,0,,,,,0,0,0,,0
"Blog Article","/blogs/dolls-info-qustions/real-lady-vs-mlw-sex-dolls-unboxing-hands-on-review",5,5,0,0,0,0,5,,0,0,0,0,1,1,,5,5,5,0,0,0,0,5,,0,0,0,0,1,1,,5,0,0,,,,,0,,,,,,0,0,,0
"Blog Article","/blogs/dolls-info-qustions/how-women-use-sex-dolls",5,5,0,0,0,0,5,,0,0,0,0,1,1,,5,5,5,0,0,0,0,5,,0,0,0,0,1,1,,5,0,0,,,,,0,,,,,,0,0,,0
,"/de/collections/flat-chest-sex-doll",5,5,0,0,0,0,22,,0,0,0,121.2,4.4,0.4,,2,5,5,0,0,0,0,22,,0,0,0,121.2,4.4,0.4,,2,0,0,,,,,0,,,,,0,0,0,,0
"Collection","/collections/b-cup-sex-dolls",4,5,0,0,0,0,59,,0,0,0,647.8,11.8,0.4,,2,4,5,0,0,0,0,59,,0,0,0,647.8,11.8,0.4,,2,0,0,,,,,0,,,,,0,0,0,,0
,"/de/collections/bbw-milf-sex-doll",5,5,0,0,0,0,8,,0,0,0,12.8,1.6,0.6,,3,5,5,0,0,0,0,8,,0,0,0,12.8,1.6,0.6,,3,0,0,,,,,0,,,,,0,0,0,,0
"Collection","/collections/clothes-for-sex-dolls",5,5,0,0,0,0,8,,0,0,0,45.8,1.6,0.6,,3,5,5,0,0,0,0,8,,0,0,0,45.8,1.6,0.6,,3,0,0,,,,,0,,,,,0,0,0,,0
"Blog Article","/blogs/dolls-info-qustions/what-is-it-like-to-have-sex-with-a-male-sex-doll",5,5,0,0,0,0,5,,0,0,0,0,1,1,,5,5,5,0,0,0,0,5,,0,0,0,0,1,1,,5,0,0,,,,,0,,,,,,0,0,,0
,"/en-fi/collections/robotic-sex-doll",5,5,0,0,0,0,5,,0,0,0,0,1,1,,5,5,5,0,0,0,0,5,,0,0,0,0,1,1,,5,0,0,,,,,0,,,,,,0,0,,0
"Product","/products/f5574-165cm5-5ft-34kg-d-cup-anime-hentai-silicone-sex-doll%E4%B8%A8wm-doll",3,5,0,0,0,0,21,,0,0,0,287.6,4.2,0.6,,3,3,5,0,0,0,0,21,,0,0,0,287.6,4.2,0.6,,3,0,0,,,,,0,,,,,0,0,0,,0
"Product","/products/f6101-158cm-5ft2-47kg-c-cup-asian-silicone-sex-doll-shedoll",1,5,0,0,0,0,5,,0,0,0,0,1,1,,5,1,5,0,0,0,0,5,,0,0,0,0,1,1,,5,0,0,,,,,0,,,,,,0,0,,0
"Blog Article","/blogs/dolls-info-qustions/how-to-install-a-removable-vaginal-insert-into-a-sex-doll",3,5,0,0,0,0,5,,0,0,0,0,1,1,,5,3,5,0,0,0,0,5,,0,0,0,0,1,1,,5,0,0,,,,,0,,,,,,0,0,,0
,"/en-fi/blogs/dolls-info-qustions/how-to-make-a-fake-ass-sex-toy",5,5,0,0,0,0,5,,0,0,0,0,1,1,,5,5,5,0,0,0,0,5,,0,0,0,0,1,1,,5,0,0,,,,,0,,,,,,0,0,,0
"Blog Article","/blogs/dolls-info-qustions/what-size-penis-should-you-buy-for-your-male-sex-doll",5,5,0,0,0,0,7,,0,0,0,64,1.4,0.6,,3,5,5,0,0,0,0,7,,0,0,0,64,1.4,0.6,,3,0,0,,,,,0,,,,,0,0,0,,0
"Product","/products/h231-ros-silicone-sex-doll-head%E4%B8%A8wm-doll-head",5,5,0,0,0,0,5,,0,0,0,0,1,1,,5,5,5,0,0,0,0,5,,0,0,0,0,1,1,,5,0,0,,,,,0,,,,,,0,0,,0
"Blog Article","/blogs/dolls-info-qustions/sex-positions-you-must-try",5,5,0,0,0,0,5,,0,0,0,0,1,1,,5,5,5,0,0,0,0,5,,0,0,0,0,1,1,,5,0,0,,,,,0,,,,,,0,0,,0
,"/de/collections/big-ass-sex-dolls",5,5,0,0,0,0,33,,0,0,0,303.6,6.6,0.4,,2,5,5,0,0,0,0,33,,0,0,0,303.6,6.6,0.4,,2,0,0,,,,,0,,,,,0,0,0,,0
"Blog Article","/blogs/complete-sex-doll-guide-for-beginners/the-ultimate-2026-tpe-sex-dolls-cleaning-longevity-guide",5,5,0,0,0,0,5,,0,0,0,0,1,1,,5,5,5,0,0,0,0,5,,0,0,0,0,1,1,,5,0,0,,,,,0,,,,,,0,0,,0
"Checkout","/60719464687/orders/e415f3dadfd8b1dd73e22933bbbb084b",4,5,0,0,0,0,6,,0,0,0,4.6,1.2,0.8,,4,4,5,0,0,0,0,6,,0,0,0,4.6,1.2,0.8,,4,0,0,,,,,0,,,,,0,0,0,,0
"Product","/products/t442-91-93lb-silicone-big-booty-life-sex-doll-torso-lovenestle",4,5,0,1,0,0,9,0,0,0.2,0,35.4,1.8,0.6,,3,4,5,0,1,0,0,9,0,0,0.2,0,35.4,1.8,0.6,,3,0,0,,0,,,0,,,0,,0,0,0,,0
,"/ja/blogs/dolls-info-qustions/shocking-in-depth-review-of-naimi-1-1-celebrity-sex-doll",5,5,0,0,0,0,7,,0,0,0,7.4,1.4,0.6,,3,5,5,0,0,0,0,7,,0,0,0,7.4,1.4,0.6,,3,0,0,,,,,0,,,,,0,0,0,,0
"Collection","/collections/zelex-doll",4,5,0,0,0,0,16,,0,0,0,340.4,3.2,0.6,,3,4,5,0,0,0,0,16,,0,0,0,340.4,3.2,0.6,,3,0,0,,,,,0,,,,,0,0,0,,0
"Product","/products/519-20-28lb-curvy-lightweight-55cm-sex-doll-torso",5,5,0,0,0,0,5,,0,0,0,0,1,1,,5,5,5,0,0,0,0,5,,0,0,0,0,1,1,,5,0,0,,,,,0,,,,,,0,0,,0
,"/en-ca/collections/vendors",5,5,0,0,0,0,12,,0,0,0,71.6,2.4,0.6,,3,5,5,0,0,0,0,12,,0,0,0,71.6,2.4,0.6,,3,0,0,,,,,0,,,,,0,0,0,,0
,"/de/blogs/dolls-info-qustions/in-depth-review-of-chunmomo-bezlya-collaborative-celebrity-sex-doll",5,5,0,0,0,0,13,,0,0,0,56,2.6,0.6,,3,5,5,0,0,0,0,13,,0,0,0,56,2.6,0.6,,3,0,0,,,,,0,,,,,0,0,0,,0
"Collection","/collections/lifesize-male-sex-doll-torso",5,5,0,0,0,0,18,,0,0,0,58.2,3.6,0.4,,2,5,5,0,0,0,0,18,,0,0,0,58.2,3.6,0.4,,2,0,0,,,,,0,,,,,0,0,0,,0
,"/en-ca/pages/sex-doll-gif",5,5,0,0,0,0,5,,0,0,0,0,1,1,,5,5,5,0,0,0,0,5,,0,0,0,0,1,1,,5,0,0,,,,,0,,,,,,0,0,,0
"Collection","/collections/tpe-sex-dolls",5,5,0,0,0,0,17,,0,0,0,124,3.4,0.4,,2,5,5,0,0,0,0,17,,0,0,0,124,3.4,0.4,,2,0,0,,,,,0,,,,,0,0,0,,0
,"/en-ca/collections/shemale-sex-doll",5,5,0,0,0,0,20,,0,0,0,339.2,4,0.4,,2,5,5,0,0,0,0,20,,0,0,0,339.2,4,0.4,,2,0,0,,,,,0,,,,,0,0,0,,0
"Collection","/collections/ido-doll",5,5,1,0,0,0,56,,0.2,0,0,535.2,11.2,0.4,,2,5,5,1,0,0,0,56,,0.2,0,0,535.2,11.2,0.4,,2,0,0,0,,,,0,,0,,,0,0,0,,0
"Product","/collections/life-sized-sex-doll/products/65cm-realistic-sex-doll-torso-with-perky-breasts-and-big-sexy-ass-509-sex-doll-torso",4,4,0,0,0,0,9,,0,0,0,23.5,2.25,0.5,,2,4,4,0,0,0,0,9,,0,0,0,23.5,2.25,0.5,,2,0,0,,,,,0,,,,,0,0,0,,0
,"/en-ca/blogs/dolls-info-qustions/why-do-female-characters-in-anime-often-have-exaggeratedly-large-breasts",4,4,0,0,0,0,5,,0,0,0,4.25,1.25,0.75,,3,4,4,0,0,0,0,5,,0,0,0,4.25,1.25,0.75,,3,0,0,,,,,0,,,,,0,0,0,,0
"Blog Article","/blogs/dolls-info-qustions/how-to-effectively-reduce-the-weight-of-a-bbw-sex-doll-torso-tips-and-advice",4,4,0,0,0,0,11,,0,0,0,337.5,2.75,0.75,,3,4,4,0,0,0,0,11,,0,0,0,337.5,2.75,0.75,,3,0,0,,,,,0,,,,,0,0,0,,0
,"/en-fi/collections/fake-pussy-fake-vagina-sex-toys",4,4,0,0,0,0,5,,0,0,0,1.25,1.25,0.75,,3,4,4,0,0,0,0,5,,0,0,0,1.25,1.25,0.75,,3,0,0,,,,,0,,,,,0,0,0,,0
"Product","/products/f5986-158cm-5ft2-33kg-c-cup-realistic-silicone-head-sex-doll-rosretty-doll",1,4,0,0,0,0,4,,0,0,0,0,1,1,,4,1,4,0,0,0,0,4,,0,0,0,0,1,1,,4,0,0,,,,,0,,,,,,0,0,,0
"Product","/products/f4092-153cm-q-cup-full-silicone-ssbbw-biggest-bbw-sex-doll-castle-doll",3,4,0,0,0,0,8,,0,0,0,92.25,2,0.5,,2,3,4,0,0,0,0,8,,0,0,0,92.25,2,0.5,,2,0,0,,,,,0,,,,,0,0,0,,0
,"/ja/collections/bbw-milf-sex-doll",4,4,0,0,0,0,6,,0,0,0,11,1.5,0.75,,3,4,4,0,0,0,0,6,,0,0,0,11,1.5,0.75,,3,0,0,,,,,0,,,,,0,0,0,,0
"Collection","/collections/ros-sex-doll",4,4,0,0,0,0,41,,0,0,0,914.25,10.25,0.25,,1,4,4,0,0,0,0,41,,0,0,0,914.25,10.25,0.25,,1,0,0,,,,,0,,,,,0,0,0,,0
"Blog Article","/blogs/dolls-info-qustions/are-you-really-suitable-for-hentai-sex-dolls-take-the-test-and-start-your-fantasy-journey",4,4,0,0,0,0,15,,0,0,0,169.25,3.75,0.5,,2,4,4,0,0,0,0,15,,0,0,0,169.25,3.75,0.5,,2,0,0,,,,,0,,,,,0,0,0,,0
"Product","/products/a420-33lbsexy-and-real-realistic-ass",2,4,0,0,0,0,11,,0,0,0,84.25,2.75,0.75,,3,2,4,0,0,0,0,11,,0,0,0,84.25,2.75,0.75,,3,0,0,,,,,0,,,,,0,0,0,,0
"Product","/products/p379-3-86lb-anime-fake-pussy-medusa-silicone-hentai-sex-doll-mrl",4,4,0,0,0,0,4,,0,0,0,0,1,1,,4,4,4,0,0,0,0,4,,0,0,0,0,1,1,,4,0,0,,,,,0,,,,,,0,0,,0
,"/en-ca/products/f6163-22kg-d-cup-animal-hentai-realistic-silicone-sex-doll-castle-doll",1,4,0,0,0,0,10,,0,0,0,302.25,2.5,0.5,,2,1,4,0,0,0,0,10,,0,0,0,302.25,2.5,0.5,,2,0,0,,,,,0,,,,,0,0,0,,0
"Product","/products/evasdoll-tall-silicone-doll-182cm-f737",3,4,0,0,0,0,4,,0,0,0,0,1,1,,4,3,4,0,0,0,0,4,,0,0,0,0,1,1,,4,0,0,,,,,0,,,,,,0,0,,0
,"/en-fi/blogs/dolls-info-qustions/exploring-the-best-breasts-for-titty-fucking",4,4,0,0,0,0,5,,0,0,0,6,1.25,0.75,,3,4,4,0,0,0,0,5,,0,0,0,6,1.25,0.75,,3,0,0,,,,,0,,,,,0,0,0,,0
,"/de/collections/sex-doll-in-25kg-30kg57-66lbs",4,4,0,0,0,0,13,,0,0,0,121.5,3.25,0.25,,1,4,4,0,0,0,0,13,,0,0,0,121.5,3.25,0.25,,1,0,0,,,,,0,,,,,0,0,0,,0
,"/en-ca/collections/fake-pussy-hentai-sex-doll",4,4,0,0,0,0,4,,0,0,0,0,1,1,,4,4,4,0,0,0,0,4,,0,0,0,0,1,1,,4,0,0,,,,,0,,,,,,0,0,,0
,"/de/collections/vendors",4,4,0,0,0,0,20,,0,0,0,384.5,5,0.5,,2,4,4,0,0,0,0,20,,0,0,0,384.5,5,0.5,,2,0,0,,,,,0,,,,,0,0,0,,0
"Custom Page","/pages/celebrity-sex-doll-guide",4,4,0,0,0,0,8,,0,0,0,29.5,2,0.5,,2,4,4,0,0,0,0,8,,0,0,0,29.5,2,0.5,,2,0,0,,,,,0,,,,,0,0,0,,0
"Product","/products/b75-silicone-black-huge-tits-sex-torso-in-stock-usa-mrl",2,4,0,0,0,0,5,,0,0,0,51.5,1.25,0.75,,3,2,4,0,0,0,0,5,,0,0,0,51.5,1.25,0.75,,3,0,0,,,,,0,,,,,0,0,0,,0
"Blog Article","/blogs/dolls-info-qustions/se-doll-sex-bot-series-feature-comparison-waist-rotation-vs-hip-thrusting-vs-head-nodding",4,4,0,0,0,0,9,,0,0,0,64.5,2.25,0.5,,2,4,4,0,0,0,0,9,,0,0,0,64.5,2.25,0.5,,2,0,0,,,,,0,,,,,0,0,0,,0
"Checkout","/60719464687/orders/5c2f521b49358a0d4e94b906ba15d19a",2,4,0,0,0,0,4,,0,0,0,0,1,1,,4,2,4,0,0,0,0,4,,0,0,0,0,1,1,,4,0,0,,,,,0,,,,,,0,0,,0
"Product","/products/f5526-150cm4-9ft-28kg-d-cup-black-sex-doll%E4%B8%A8rosretty-doll",4,4,0,0,0,0,13,,0,0,0,205.25,3.25,0.25,,1,4,4,0,0,0,0,13,,0,0,0,205.25,3.25,0.25,,1,0,0,,,,,0,,,,,0,0,0,,0
"Collection","/collections/teardrop-huge-breast-sex-doll",4,4,0,0,0,0,26,,0,0,0,742.5,6.5,0.25,,1,4,4,0,0,0,0,26,,0,0,0,742.5,6.5,0.25,,1,0,0,,,,,0,,,,,0,0,0,,0
"Collection","/collections/tpe-sex-doll-head",4,4,0,0,0,0,13,,0,0,0,229,3.25,0.5,,2,4,4,0,0,0,0,13,,0,0,0,229,3.25,0.5,,2,0,0,,,,,0,,,,,0,0,0,,0
"Product","/products/silicone-butt-thighs-17-4lb",3,4,0,0,0,0,10,,0,0,0,87.25,2.5,0.5,,2,3,4,0,0,0,0,10,,0,0,0,87.25,2.5,0.5,,2,0,0,,,,,0,,,,,0,0,0,,0
"Blog Article","/blogs/dolls-info-qustions/best-vibrating-sex-torso-types-who-it-suits",4,4,0,0,0,0,6,,0,0,0,33.25,1.5,0.75,,3,4,4,0,0,0,0,6,,0,0,0,33.25,1.5,0.75,,3,0,0,,,,,0,,,,,0,0,0,,0
"Blog Article","/blogs/dolls-info-qustions/vajankle-unveiled-the-ultimate-foot-fetish-toy-that-blends-pleasure-and-fantasy",4,4,0,0,0,0,21,,0,0,0,246,5.25,0.5,,2,4,4,0,0,0,0,21,,0,0,0,246,5.25,0.5,,2,0,0,,,,,0,,,,,0,0,0,,0
"Collection","/collections/latina-sex-doll-heads",4,4,0,0,0,0,6,,0,0,0,15.75,1.5,0.75,,3,4,4,0,0,0,0,6,,0,0,0,15.75,1.5,0.75,,3,0,0,,,,,0,,,,,0,0,0,,0
"Product","/products/a647-17-6lbs-scaly-fantasy-butt-silicone-ass",4,4,0,0,0,0,7,,0,0,0,337.25,1.75,0.75,,3,4,4,0,0,0,0,7,,0,0,0,337.25,1.75,0.75,,3,0,0,,,,,0,,,,,0,0,0,,0
"Blog Article","/blogs/featured-blog/the-science-behind-sex-doll-weight-reduction-why-lighter-better",4,4,0,0,0,0,10,,0,0,0,400.75,2.5,0.5,,2,4,4,0,0,0,0,10,,0,0,0,400.75,2.5,0.5,,2,0,0,,,,,0,,,,,0,0,0,,0
"Product","/products/f8193-150cm-5ft-27-5kg-silicone-anime-sex-doll-elsa-babe",4,4,0,0,0,0,4,,0,0,0,0,1,1,,4,4,4,0,0,0,0,4,,0,0,0,0,1,1,,4,0,0,,,,,0,,,,,,0,0,,0
"Collection","/collections/large-breast-sex-doll",4,4,0,0,0,0,120,,0,0,0,831.25,30,0,,0,4,4,0,0,0,0,120,,0,0,0,831.25,30,0,,0,0,0,,,,,0,,,,,0,0,,,
"Product","/products/f9246-150cm-5ft-27-5kg-silicone-head-anime-full-size-sex-doll-elsa-babe",1,4,0,0,0,0,13,,0,0,0,230,3.25,0.5,,2,1,4,0,0,0,0,13,,0,0,0,230,3.25,0.5,,2,0,0,,,,,0,,,,,0,0,0,,0
"Blog Article","/blogs/dolls-info-qustions/welcome-to-future-ai-sex-doll-function-exploration",4,4,1,0,0,0,82,,0.25,0,0,1097.75,20.5,0.25,,1,4,4,1,0,0,0,82,,0.25,0,0,1097.75,20.5,0.25,,1,0,0,0,,,,0,,0,,,0,0,0,,0
,"/de/collections/mini-hentai-sex-doll",4,4,0,0,0,0,18,,0,0,0,228.25,4.5,0.25,,1,4,4,0,0,0,0,18,,0,0,0,228.25,4.5,0.25,,1,0,0,,,,,0,,,,,0,0,0,,0
"Collection","/collections/flat-chest-japanese-sex-doll",4,4,0,0,0,0,9,,0,0,0,19.25,2.25,0.5,,2,4,4,0,0,0,0,9,,0,0,0,19.25,2.25,0.5,,2,0,0,,,,,0,,,,,0,0,0,,0
"Product","/products/f5631-165cm-5ft5-37kg-d-cup-silicone-celebrity-sex-dollzelex-sle-2-0-in-stock-usa-canada-zelex-doll",1,4,0,0,0,0,11,,0,0,0,365.5,2.75,0.5,,2,1,4,0,0,0,0,11,,0,0,0,365.5,2.75,0.5,,2,0,0,,,,,0,,,,,0,0,0,,0
"Product","/products/f2276-165cm-d-cup-mary-silicone-sex-doll-normon-doll",1,4,0,0,0,0,110,,0,0,0,1395.25,27.5,0,,0,1,4,0,0,0,0,110,,0,0,0,1395.25,27.5,0,,0,0,0,,,,,0,,,,,0,0,,,
,"/en-ca/products/f9011-150cm-4ft9-26kg-c-cup-campus-cheerleader-girl-tpe-sex-doll-sy-doll",1,4,0,0,0,0,53,,0,0,0,1453.25,13.25,0.25,,1,1,4,0,0,0,0,53,,0,0,0,1453.25,13.25,0.25,,1,0,0,,,,,0,,,,,0,0,0,,0
"Collection","/collections/md-doll",3,4,1,0,0,0,12,,0.25,0,0,661,3,0.25,,1,3,4,1,0,0,0,12,,0.25,0,0,661,3,0.25,,1,0,0,0,,,,0,,0,,,0,0,0,,0
"Product","/products/b42-7-7lbs-silicone-breast-vagina-sex-toy",3,4,0,0,0,0,11,,0,0,0,29,2.75,0.5,,2,3,4,0,0,0,0,11,,0,0,0,29,2.75,0.5,,2,0,0,,,,,0,,,,,0,0,0,,0
"Collection","/collections/big-ass-sex-doll-cheap",4,4,0,0,0,0,6,,0,0,0,10.25,1.5,0.75,,3,4,4,0,0,0,0,6,,0,0,0,10.25,1.5,0.75,,3,0,0,,,,,0,,,,,0,0,0,,0
"Product","/products/b38-17-1lb-full-bust-36-2inch-yellow-silicone-titjob-boob-job-breast-sex-titty-fucking-mammary-intercourse-sex-toy",2,4,1,1,0,0,54,0,0.25,0.25,0,534.25,13.5,0.25,0,1,2,4,1,1,0,0,54,0,0.25,0.25,0,534.25,13.5,0.25,0,1,0,0,0,0,,,0,,0,0,,0,0,0,,0
"Product","/products/t297-34-6lbs-100cm-lightweight-life-size-flat-chested-sex-doll-torso-with-head-can-choose-no-head-climax-doll",2,4,0,0,0,0,6,,0,0,0,15.25,1.5,0.75,,3,2,4,0,0,0,0,6,,0,0,0,15.25,1.5,0.75,,3,0,0,,,,,0,,,,,0,0,0,,0
"Product","/products/f7685-157cm5-1ft-33kg-b-cup-anime-pvc-head-silicone-sex-doll%E4%B8%A8wm-doll",3,4,0,0,0,0,8,,0,0,0,219.75,2,0.5,,2,3,4,0,0,0,0,8,,0,0,0,219.75,2,0.5,,2,0,0,,,,,0,,,,,0,0,0,,0
"Collection","/collections/sex-doll-with-electric-hip-and-waist",4,4,0,0,0,0,24,,0,0,0,379.5,6,0.25,,1,4,4,0,0,0,0,24,,0,0,0,379.5,6,0.25,,1,0,0,,,,,0,,,,,0,0,0,,0
"Collection","/collections/judy-rona-doll",4,4,0,0,0,0,23,,0,0,0,196.25,5.75,0.5,,2,4,4,0,0,0,0,23,,0,0,0,196.25,5.75,0.5,,2,0,0,,,,,0,,,,,0,0,0,,0
"Product","/products/f5968-158cm-5ft2-c-cup-realistic-black-skin-silicone-head-sex-doll-rosretty-doll",3,4,0,0,0,0,5,,0,0,0,226.25,1.25,0.75,,3,3,4,0,0,0,0,5,,0,0,0,226.25,1.25,0.75,,3,0,0,,,,,0,,,,,0,0,0,,0
"Product","/products/f5961-150cm-4ft9-f-cup-114-powerful-big-ass-tpe-ssbbw-plus-size-sex-dolls-2025-sy-doll",4,4,0,0,0,0,5,,0,0,0,18,1.25,0.75,,3,4,4,0,0,0,0,5,,0,0,0,18,1.25,0.75,,3,0,0,,,,,0,,,,,0,0,0,,0
"Collection","/collections/black-sex-doll-under-100",3,4,0,0,0,0,5,,0,0,0,164.5,1.25,0.75,,3,3,4,0,0,0,0,5,,0,0,0,164.5,1.25,0.75,,3,0,0,,,,,0,,,,,0,0,0,,0
"Blog Article","/blogs/dolls-info-qustions/irontech-doll-launches-the-stunning-oriental-series",4,4,0,0,0,0,11,,0,0,0,31.5,2.75,0.75,,3,4,4,0,0,0,0,11,,0,0,0,31.5,2.75,0.75,,3,0,0,,,,,0,,,,,0,0,0,,0
"Blog Article","/blogs/dolls-info-qustions/your-first-sex-doll-the-ultimate-beginner-s-guide-to-using-her-right",4,4,0,0,0,0,4,,0,0,0,0,1,1,,4,4,4,0,0,0,0,4,,0,0,0,0,1,1,,4,0,0,,,,,0,,,,,,0,0,,0
,"/de/collections/silicone-ass",4,4,0,0,0,0,26,,0,0,0,480.75,6.5,0,,0,4,4,0,0,0,0,26,,0,0,0,480.75,6.5,0,,0,0,0,,,,,0,,,,,0,0,,,
"Collection","/collections/the-best-male-sex-dolls-of-2024-explained-choosing-your-ideal-lover",4,4,0,0,0,0,13,,0,0,0,85.5,3.25,0.5,,2,4,4,0,0,0,0,13,,0,0,0,85.5,3.25,0.5,,2,0,0,,,,,0,,,,,0,0,0,,0
"Collection","/collections/doll-castle",4,4,0,0,0,0,28,,0,0,0,251,7,0.25,,1,4,4,0,0,0,0,28,,0,0,0,251,7,0.25,,1,0,0,,,,,0,,,,,0,0,0,,0
"Blog Article","/blogs/featured-blog/the-best-hyper-realistic-sex-dolls-brands-features-and-buying-guide",4,4,0,0,0,0,10,,0,0,0,35.25,2.5,0.75,,3,4,4,0,0,0,0,10,,0,0,0,35.25,2.5,0.75,,3,0,0,,,,,0,,,,,0,0,0,,0
,"/en-ca/collections/ai-sex-doll",4,4,0,0,0,0,23,,0,0,0,542,5.75,0.25,,1,4,4,0,0,0,0,23,,0,0,0,542,5.75,0.25,,1,0,0,,,,,0,,,,,0,0,0,,0
"Collection","/collections/sigafun-doll-factory-photos",3,4,0,0,0,0,32,,0,0,0,167.75,8,0.5,,2,3,4,0,0,0,0,32,,0,0,0,167.75,8,0.5,,2,0,0,,,,,0,,,,,0,0,0,,0
"Product","/products/t444-37-48lb-realistic-silicone-shemale-sex-doll-torso-with-8-3-huge-detachable-dildo-lovenestle-series",4,4,0,0,0,0,12,,0,0,0,209.75,3,0.25,,1,4,4,0,0,0,0,12,,0,0,0,209.75,3,0.25,,1,0,0,,,,,0,,,,,0,0,0,,0
"Checkout","/60719464687/orders/324afd019a27b2a67d19b9b799017620",1,4,0,0,0,0,4,,0,0,0,0,1,1,,4,1,4,0,0,0,0,4,,0,0,0,0,1,1,,4,0,0,,,,,0,,,,,,0,0,,0
"Product","/products/f2344-151cm4-9ft-65kg-m-cup-bbw-jasmine-huge-breast-silicone-mini-sex-doll%E4%B8%A8climax-doll-pro",2,4,0,0,0,0,11,,0,0,0,62.25,2.75,0.75,,3,2,4,0,0,0,0,11,,0,0,0,62.25,2.75,0.75,,3,0,0,,,,,0,,,,,0,0,0,,0
"Collection","/collections/elsa-babe",4,4,0,0,0,0,14,,0,0,0,203.25,3.5,0.75,,3,4,4,0,0,0,0,14,,0,0,0,203.25,3.5,0.75,,3,0,0,,,,,0,,,,,0,0,0,,0
"Blog Article","/blogs/dolls-info-qustions/in-depth-review-of-chunmomo-bezlya-collaborative-celebrity-sex-doll",4,4,0,0,0,0,17,,0,0,0,91.25,4.25,0.5,,2,4,4,0,0,0,0,17,,0,0,0,91.25,4.25,0.5,,2,0,0,,,,,0,,,,,0,0,0,,0
,"/en-ca/cart",4,4,0,0,0,0,20,,0,0,0,466,5,0.5,,2,4,4,0,0,0,0,20,,0,0,0,466,5,0.5,,2,0,0,,,,,0,,,,,0,0,0,,0
"Blog Article","/blogs/dolls-info-qustions/what-are-the-sex-positions-with-my-arab-sex-doll",4,4,0,0,0,0,4,,0,0,0,0,1,1,,4,4,4,0,0,0,0,4,,0,0,0,0,1,1,,4,0,0,,,,,0,,,,,,0,0,,0
"Product","/products/p387-mrl-snake-girl-cartoon-hentai-figure-best-pocket-pussy-small-sex-doll-silicone-19-62lb",4,4,0,0,0,0,26,,0,0,0,341.25,6.5,0.25,,1,4,4,0,0,0,0,26,,0,0,0,341.25,6.5,0.25,,1,0,0,,,,,0,,,,,0,0,0,,0
,"/en-ca/blogs/sex-doll-torso-blog/top-7-sex-poses-with-your-torso-sex-doll",4,4,0,0,0,0,4,,0,0,0,0,1,1,,4,4,4,0,0,0,0,4,,0,0,0,0,1,1,,4,0,0,,,,,0,,,,,,0,0,,0
"Collection","/collections/mlw-doll",4,4,0,0,0,0,11,,0,0,0,30.5,2.75,0.75,,3,4,4,0,0,0,0,11,,0,0,0,30.5,2.75,0.75,,3,0,0,,,,,0,,,,,0,0,0,,0
,"/en-ca/products/f9185-t165cm5-4ft-t163cm5-3ft-33kg-c-cup-ros-silicone-lifesize-realistic-sex-doll-se-doll",4,4,0,0,0,0,4,,0,0,0,0,1,1,,4,4,4,0,0,0,0,4,,0,0,0,0,1,1,,4,0,0,,,,,0,,,,,,0,0,,0
"Blog Article","/blogs/dolls-info-qustions/creating-the-perfect-companion-the-ultimate-guide-to-sex-doll-hair-care",4,4,0,0,0,0,4,,0,0,0,0,1,1,,4,4,4,0,0,0,0,4,,0,0,0,0,1,1,,4,0,0,,,,,0,,,,,,0,0,,0
"Product","/products/f4005-163cm-5ft3-g-cup-asian-yuyan-silicone-chinese-sex-doll-starpery-doll",1,4,0,0,0,0,4,,0,0,0,0,1,1,,4,1,4,0,0,0,0,4,,0,0,0,0,1,1,,4,0,0,,,,,0,,,,,,0,0,,0
"Collection","/collections/europe-sex-doll-heads-1",4,4,1,0,0,0,33,,0.25,0,0,426.25,8.25,0.25,,1,4,4,1,0,0,0,33,,0.25,0,0,426.25,8.25,0.25,,1,0,0,0,,,,0,,0,,,0,0,0,,0
"Product","/products/f2387-163cm5-3ft-53kg-g-cup-s6-great-doggy-style-huge-butt-silicone-head-realistic-sex-doll-2025%E4%B8%A8sy-doll",4,4,0,0,0,0,20,,0,0,0,204.75,5,0.75,,3,4,4,0,0,0,0,20,,0,0,0,204.75,5,0.75,,3,0,0,,,,,0,,,,,0,0,0,,0
"Collection","/collections/anime-sex-doll-heads",4,4,0,0,0,0,14,,0,0,0,112,3.5,0.25,,1,4,4,0,0,0,0,14,,0,0,0,112,3.5,0.25,,1,0,0,,,,,0,,,,,0,0,0,,0
,"/en-ca/collections/sex-doll-feet",4,4,0,0,0,0,44,,0,0,0,320,11,0.25,,1,4,4,0,0,0,0,44,,0,0,0,320,11,0.25,,1,0,0,,,,,0,,,,,0,0,0,,0
,"/en-ca/collections/sex-doll-anal",4,4,0,0,0,0,83,,0,0,0,1120,20.75,0.5,,2,4,4,0,0,0,0,83,,0,0,0,1120,20.75,0.5,,2,0,0,,,,,0,,,,,0,0,0,,0
"Blog Article","/blogs/dolls-info-qustions/a",4,4,0,0,0,0,4,,0,0,0,0,1,1,,4,4,4,0,0,0,0,4,,0,0,0,0,1,1,,4,0,0,,,,,0,,,,,,0,0,,0
"Product","/products/f9141-doll-senior-huge-boob-sex-doll-anime-asian-ros-gel-breast-silicone-170cm-43kg",4,4,0,0,0,0,6,,0,0,0,162.75,1.5,0.75,,3,4,4,0,0,0,0,6,,0,0,0,162.75,1.5,0.75,,3,0,0,,,,,0,,,,,0,0,0,,0
"Collection","/collections/anime-elf-sex-doll",4,4,0,0,0,0,4,,0,0,0,0,1,1,,4,4,4,0,0,0,0,4,,0,0,0,0,1,1,,4,0,0,,,,,0,,,,,,0,0,,0
,"/en-ca/collections/ros-sex-doll-heads-1",4,4,0,0,0,0,9,,0,0,0,99.5,2.25,0.5,,2,4,4,0,0,0,0,9,,0,0,0,99.5,2.25,0.5,,2,0,0,,,,,0,,,,,0,0,0,,0
"Collection","/collections/xingse",4,4,0,0,0,0,22,,0,0,0,134,5.5,0.25,,1,4,4,0,0,0,0,22,,0,0,0,134,5.5,0.25,,1,0,0,,,,,0,,,,,0,0,0,,0
"Blog Article","/blogs/dolls-info-qustions/4-things-tell-you-how-to-use-a-lesbian-sex-doll",4,4,0,0,0,0,9,,0,0,0,65.5,2.25,0.75,,3,4,4,0,0,0,0,9,,0,0,0,65.5,2.25,0.75,,3,0,0,,,,,0,,,,,0,0,0,,0
,"/en-ca/products/yeloly-ssbbw-silicone-torso-75cm-t778",4,4,0,0,0,0,13,,0,0,0,136,3.25,0.75,,3,4,4,0,0,0,0,13,,0,0,0,136,3.25,0.75,,3,0,0,,,,,0,,,,,0,0,0,,0
,"/en-fi/collections/sex-doll-head",3,4,1,1,1,0.25,36,1,0.25,0.25,1,1141.25,9,0,1,0,3,4,1,1,1,0.25,36,1,0.25,0.25,1,1141.25,9,0,1,0,0,0,0,0,0,0,0,0,0,0,0,0,0,,0,
"Blog Article","/blogs/dolls-info-qustions/the-ultimate-guide-to-best-stuffed-animal-sex-dolls-in-2025",4,4,0,0,0,0,16,,0,0,0,107.75,4,0.75,,3,4,4,0,0,0,0,16,,0,0,0,107.75,4,0.75,,3,0,0,,,,,0,,,,,0,0,0,,0
"Product","/products/t706-70-54lb-lifesize-vibrating-sucking-sex-doll-torso-luxury-sexiest-stripper-plump-hot-sex-toy-for-man",2,4,0,0,0,0,6,,0,0,0,45,1.5,0.5,,2,2,4,0,0,0,0,6,,0,0,0,45,1.5,0.5,,2,0,0,,,,,0,,,,,0,0,0,,0
"Product","/products/f685-170cm-realistic-silicone-sex-doll-zelex-doll",4,4,0,0,0,0,4,,0,0,0,0,1,1,,4,4,4,0,0,0,0,4,,0,0,0,0,1,1,,4,0,0,,,,,0,,,,,,0,0,,0
"Blog Article","/blogs/dolls-info-qustions/how-to-fix-a-sex-doll-a-comprehensive-guide",3,4,0,0,0,0,14,,0,0,0,59.25,3.5,0.5,,2,3,4,0,0,0,0,14,,0,0,0,59.25,3.5,0.5,,2,0,0,,,,,0,,,,,0,0,0,,0
"Collection","/collections/climax-doll-videos",4,4,0,0,0,0,7,,0,0,0,18.5,1.75,0.5,,2,4,4,0,0,0,0,7,,0,0,0,18.5,1.75,0.5,,2,0,0,,,,,0,,,,,0,0,0,,0
"Blog Article","/blogs/dolls-info-qustions/hentai-sex-doll-1v1-real-test-on-the-cleaning-resistance-of-ultra-durable-makeup-vs-regular-makeup",4,4,0,0,0,0,17,,0,0,0,340,4.25,0.5,,2,4,4,0,0,0,0,17,,0,0,0,340,4.25,0.5,,2,0,0,,,,,0,,,,,0,0,0,,0
"Product","/products/h892-silicone-sex-doll-head-elsa-babe-head",1,4,0,0,0,0,4,,0,0,0,0,1,1,,4,1,4,0,0,0,0,4,,0,0,0,0,1,1,,4,0,0,,,,,0,,,,,,0,0,,0
"Blog Article","/blogs/dolls-info-qustions/elsa-babe-doll-craftsmanship-introduction",4,4,0,0,0,0,12,,0,0,0,282.25,3,0.25,,1,4,4,0,0,0,0,12,,0,0,0,282.25,3,0.25,,1,0,0,,,,,0,,,,,0,0,0,,0
"Collection","/collections/japanese-cosplay-sex-doll",4,4,0,0,0,0,14,,0,0,0,48,3.5,0.25,,1,4,4,0,0,0,0,14,,0,0,0,48,3.5,0.25,,1,0,0,,,,,0,,,,,0,0,0,,0
,"/de/collections/fake-ass-sex-toy",4,4,0,0,0,0,4,,0,0,0,0,1,1,,4,4,4,0,0,0,0,4,,0,0,0,0,1,1,,4,0,0,,,,,0,,,,,,0,0,,0
"Blog Article","/blogs/dolls-info-qustions/zelex-sle-3-0-upgrade-all-new-features-same-great-price",4,4,0,0,0,0,18,,0,0,0,133.5,4.5,0.75,,3,4,4,0,0,0,0,18,,0,0,0,133.5,4.5,0.75,,3,0,0,,,,,0,,,,,0,0,0,,0
"Blog Article","/blogs/dolls-info-qustions/what-is-the-difference-between-ai-sex-dolls-and-sex-robots",4,4,0,0,0,0,5,,0,0,0,30.25,1.25,0.75,,3,4,4,0,0,0,0,5,,0,0,0,30.25,1.25,0.75,,3,0,0,,,,,0,,,,,0,0,0,,0
"Collection","/collections/gaming-celebrities",4,4,0,0,0,0,6,,0,0,0,5,1.5,0.75,,3,4,4,0,0,0,0,6,,0,0,0,5,1.5,0.75,,3,0,0,,,,,0,,,,,0,0,0,,0
"Product","/products/a461-27-87lb-caroline-big-ass-sex-doll-torso-lovenestle",4,4,0,0,0,0,6,,0,0,0,28.75,1.5,0.75,,3,4,4,0,0,0,0,6,,0,0,0,28.75,1.5,0.75,,3,0,0,,,,,0,,,,,0,0,0,,0
,"/en-ca/collections/silicone-pocket-pussy",3,4,1,1,0,0,19,0,0.25,0.25,0,110.75,4.75,0.25,0,1,3,4,1,1,0,0,19,0,0.25,0.25,0,110.75,4.75,0.25,0,1,0,0,0,0,,,0,,0,0,,0,0,0,,0
"Collection","/collections/tpe-body-silicone-head",4,4,0,0,0,0,66,,0,0,0,320,16.5,0.25,,1,4,4,0,0,0,0,66,,0,0,0,320,16.5,0.25,,1,0,0,,,,,0,,,,,0,0,0,,0
"Collection","/collections/japanese-milf-sex-doll",4,4,0,0,0,0,16,,0,0,0,135.75,4,0.5,,2,4,4,0,0,0,0,16,,0,0,0,135.75,4,0.5,,2,0,0,,,,,0,,,,,0,0,0,,0
"Blog Article","/blogs/dolls-info-qustions/how-to-pick-a-fake-pussy-and-sex-doll-torso",4,4,0,0,0,0,4,,0,0,0,0,1,1,,4,4,4,0,0,0,0,4,,0,0,0,0,1,1,,4,0,0,,,,,0,,,,,,0,0,,0
"Blog Article","/blogs/dolls-info-qustions/shoot-videos-for-you-01-demystifying-the-sex-doll-factory",4,4,0,0,0,0,4,,0,0,0,0,1,1,,4,4,4,0,0,0,0,4,,0,0,0,0,1,1,,4,0,0,,,,,0,,,,,,0,0,,0
"Collection","/collections/sy-doll-factory-photos",3,4,0,0,0,0,27,,0,0,0,118,6.75,0,,0,3,4,0,0,0,0,27,,0,0,0,118,6.75,0,,0,0,0,,,,,0,,,,,0,0,,,
"Collection","/collections/elf-sex-doll-heads-elf-sex-doll-heads",4,4,1,1,1,0.25,33,1,0.25,0.25,1,771.25,8.25,0.25,1,1,4,4,1,1,1,0.25,33,1,0.25,0.25,1,771.25,8.25,0.25,1,1,0,0,0,0,0,0,0,0,0,0,0,0,0,0,0,0
"Product","/products/lightweight-ass-toy-silicone-8-5lb-a805",4,4,0,0,0,0,33,,0,0,0,618,8.25,0,,0,4,4,0,0,0,0,33,,0,0,0,618,8.25,0,,0,0,0,,,,,0,,,,,0,0,,,
"Product","/products/h111-sex-doll-head",2,4,0,0,0,0,6,,0,0,0,142.75,1.5,0.75,,3,2,4,0,0,0,0,6,,0,0,0,142.75,1.5,0.75,,3,0,0,,,,,0,,,,,0,0,0,,0
"Collection","/collections/aibei-doll-videos",3,4,0,0,0,0,10,,0,0,0,184.25,2.5,0.5,,2,3,4,0,0,0,0,10,,0,0,0,184.25,2.5,0.5,,2,0,0,,,,,0,,,,,0,0,0,,0
"Collection","/collections/cheap-bbw-sex-doll",4,4,0,0,0,0,14,,0,0,0,118.25,3.5,0.5,,2,4,4,0,0,0,0,14,,0,0,0,118.25,3.5,0.5,,2,0,0,,,,,0,,,,,0,0,0,,0
"Product","/products/f6191-41kg-e-cup-monie-fantasy-cute-horse-face-anime-furry-sex-doll-climax-doll-pro",2,4,1,0,0,0,112,,0.25,0,0,2739,28,0.5,,2,2,4,1,0,0,0,112,,0.25,0,0,2739,28,0.5,,2,0,0,0,,,,0,,0,,,0,0,0,,0
,"/de/collections/silicone-pocket-pussy",3,3,0,0,0,0,4,,0,0,0,2,1.3333333333333333,0.6666666666666666,,2,3,3,0,0,0,0,4,,0,0,0,2,1.3333333333333333,0.6666666666666666,,2,0,0,,,,,0,,,,,0,0,0,,0
,"/en-ca/collections/ido-doll",3,3,0,0,0,0,7,,0,0,0,113.66666666666667,2.3333333333333335,0.3333333333333333,,1,3,3,0,0,0,0,7,,0,0,0,113.66666666666667,2.3333333333333335,0.3333333333333333,,1,0,0,,,,,0,,,,,0,0,0,,0
"Collection","/collections/600-999",3,3,1,0,0,0,10,,0.3333333333333333,0,0,679.6666666666666,3.3333333333333335,0.3333333333333333,,1,3,3,1,0,0,0,10,,0.3333333333333333,0,0,679.6666666666666,3.3333333333333335,0.3333333333333333,,1,0,0,0,,,,0,,0,,,0,0,0,,0
"Collection","/collections/silicone-torso",3,3,0,0,0,0,44,,0,0,0,857.3333333333334,14.666666666666666,0.3333333333333333,,1,3,3,0,0,0,0,44,,0,0,0,857.3333333333334,14.666666666666666,0.3333333333333333,,1,0,0,,,,,0,,,,,0,0,0,,0
"Blog Article","/blogs/dolls-info-qustions/oral-sex-cleaning-maintaining-the-cleanliness-of-your-sex-doll-s-oral-cavity",3,3,0,0,0,0,4,,0,0,0,77.33333333333333,1.3333333333333333,0.6666666666666666,,2,3,3,0,0,0,0,4,,0,0,0,77.33333333333333,1.3333333333333333,0.6666666666666666,,2,0,0,,,,,0,,,,,0,0,0,,0
"Collection","/collections/ridmii-doll",3,3,0,0,0,0,7,,0,0,0,21.333333333333332,2.3333333333333335,0.3333333333333333,,1,3,3,0,0,0,0,7,,0,0,0,21.333333333333332,2.3333333333333335,0.3333333333333333,,1,0,0,,,,,0,,,,,0,0,0,,0
,"/en-ca/blogs/dolls-info-qustions/must-read-for-trans-men-sleeves-vs-electric-pocket-pussy-which-one-is-right-for-you",3,3,0,0,0,0,3,,0,0,0,0,1,1,,3,3,3,0,0,0,0,3,,0,0,0,0,1,1,,3,0,0,,,,,0,,,,,,0,0,,0
"Blog Article","/blogs/dolls-info-qustions/the-perfect-quality-of-sex-dolls-what-you-should-know",1,3,0,0,0,0,3,,0,0,0,0,1,1,,3,1,3,0,0,0,0,3,,0,0,0,0,1,1,,3,0,0,,,,,0,,,,,,0,0,,0
"Blog Article","/blogs/dolls-info-qustions/how-to-choose-a-sex-doll-torso-that-matches-your-height",3,3,0,0,0,0,9,,0,0,0,308.6666666666667,3,0.6666666666666666,,2,3,3,0,0,0,0,9,,0,0,0,308.6666666666667,3,0.6666666666666666,,2,0,0,,,,,0,,,,,0,0,0,,0
"Product","/products/f9400-150cm-anime-silicone-head-big-sex-doll",3,3,0,0,0,0,4,,0,0,0,11,1.3333333333333333,0.6666666666666666,,2,3,3,0,0,0,0,4,,0,0,0,11,1.3333333333333333,0.6666666666666666,,2,0,0,,,,,0,,,,,0,0,0,,0
,"/en-ca/blogs/dolls-info-qustions/the-perfect-quality-of-sex-dolls-what-you-should-know",3,3,0,0,0,0,3,,0,0,0,0,1,1,,3,3,3,0,0,0,0,3,,0,0,0,0,1,1,,3,0,0,,,,,0,,,,,,0,0,,0
"Product","/products/f8546-160cm-36kg-ros-silicone-head-tpe-body-full-size-adult-sex-doll-hana-in-stock-usa-ridmii",1,3,0,0,0,0,6,,0,0,0,116,2,0.3333333333333333,,1,1,3,0,0,0,0,6,,0,0,0,116,2,0.3333333333333333,,1,0,0,,,,,0,,,,,0,0,0,,0
,"/en-fi/blogs/featured-blog/how-to-diy-an-sex-doll-you",3,3,0,0,0,0,3,,0,0,0,0,1,1,,3,3,3,0,0,0,0,3,,0,0,0,0,1,1,,3,0,0,,,,,0,,,,,,0,0,,0
"Product","/products/f5700-160cm-5ft4-55kg-q-cup-silicone-anime-bear-furry-sex-doll-with-round-ears-castle-doll",3,3,0,0,0,0,11,,0,0,0,288.6666666666667,3.6666666666666665,0.6666666666666666,,2,3,3,0,0,0,0,11,,0,0,0,288.6666666666667,3.6666666666666665,0.6666666666666666,,2,0,0,,,,,0,,,,,0,0,0,,0
"Product","/products/f2454-164cm5-4ft-39kg-g-cup-amani-life-size-silicone-head-sex-doll-in-stock-us-sigafun-doll",3,3,0,0,0,0,17,,0,0,0,309,5.666666666666667,0.3333333333333333,,1,3,3,0,0,0,0,17,,0,0,0,309,5.666666666666667,0.3333333333333333,,1,0,0,,,,,0,,,,,0,0,0,,0
"Product","/products/f5971-160cm-european-celebrity-nude-robot-tactile-feedback-custom",3,3,0,0,0,0,5,,0,0,0,29.333333333333332,1.6666666666666667,0.3333333333333333,,1,3,3,0,0,0,0,5,,0,0,0,29.333333333333332,1.6666666666666667,0.3333333333333333,,1,0,0,,,,,0,,,,,0,0,0,,0
,"/en-ca/products/m940-tight-vagina-sex-toys-19-for-man-automatic-pocket-pussy-thruster-male-cup-pussycat",1,3,0,0,0,0,10,,0,0,0,188,3.3333333333333335,0.6666666666666666,,2,1,3,0,0,0,0,10,,0,0,0,188,3.3333333333333335,0.6666666666666666,,2,0,0,,,,,0,,,,,0,0,0,,0
"Blog Article","/blogs/dolls-info-qustions/hey-as-a-woman-is-it-weird-if-i-want-to-buy-a-strap-on-dildo-to-get-it-on-with-a-female-trans-sex-doll",3,3,0,0,0,0,7,,0,0,0,102,2.3333333333333335,0.6666666666666666,,2,3,3,0,0,0,0,7,,0,0,0,102,2.3333333333333335,0.6666666666666666,,2,0,0,,,,,0,,,,,0,0,0,,0
"Product","/products/a2-23-8lbs-sex-doll-butt-with-sucking-pussy",2,3,0,0,0,0,8,,0,0,0,11.333333333333334,2.6666666666666665,0,,0,2,3,0,0,0,0,8,,0,0,0,11.333333333333334,2.6666666666666665,0,,0,0,0,,,,,0,,,,,0,0,,,
"Product","/products/f8105-159cm5-2ft-33-5kg-h-cup-r1-black-silicone-sex-doll-real-lady",3,3,0,0,0,0,3,,0,0,0,0,1,1,,3,3,3,0,0,0,0,3,,0,0,0,0,1,1,,3,0,0,,,,,0,,,,,,0,0,,0
"Collection","/collections/sex-doll-with-papaya-breast-pear-shaped-breast",3,3,0,0,0,0,60,,0,0,0,1161.6666666666667,20,0,,0,3,3,0,0,0,0,60,,0,0,0,1161.6666666666667,20,0,,0,0,0,,,,,0,,,,,0,0,,,
"Product","/products/f2575-170cm5-6ft-43kg-d-cup-snow-angel-vyrella-ros-max-silicone-sex-doll-real-lady",1,3,0,0,0,0,3,,0,0,0,0,1,1,,3,1,3,0,0,0,0,3,,0,0,0,0,1,1,,3,0,0,,,,,0,,,,,,0,0,,0
,"/en-ca/collections/onahole",3,3,0,0,0,0,3,,0,0,0,0,1,1,,3,3,3,0,0,0,0,3,,0,0,0,0,1,1,,3,0,0,,,,,0,,,,,,0,0,,0
"Checkout","/60719464687/orders/caa46c300592e700669d322512395e9c",1,3,0,0,0,0,3,,0,0,0,0,1,1,,3,1,3,0,0,0,0,3,,0,0,0,0,1,1,,3,0,0,,,,,0,,,,,,0,0,,0
"Blog Article","/blogs/dolls-info-qustions/top-5-sex-doll-anal",3,3,0,0,0,0,3,,0,0,0,0,1,1,,3,3,3,0,0,0,0,3,,0,0,0,0,1,1,,3,0,0,,,,,0,,,,,,0,0,,0
"Checkout","/60719464687/orders/0e6589dbbcb0706ed635d0df27ba014b",1,3,0,0,0,0,6,,0,0,0,561.3333333333334,2,0.6666666666666666,,2,1,3,0,0,0,0,6,,0,0,0,561.3333333333334,2,0.6666666666666666,,2,0,0,,,,,0,,,,,0,0,0,,0
,"/en-ca/collections/petite-sex-doll",3,3,0,0,0,0,14,,0,0,0,209.33333333333334,4.666666666666667,0,,0,3,3,0,0,0,0,14,,0,0,0,209.33333333333334,4.666666666666667,0,,0,0,0,,,,,0,,,,,0,0,,,
,"/de/collections/firefly-diary",3,3,0,0,0,0,24,,0,0,0,371.3333333333333,8,0,,0,3,3,0,0,0,0,24,,0,0,0,371.3333333333333,8,0,,0,0,0,,,,,0,,,,,0,0,,,
,"/de/blogs/dolls-info-qustions/%F0%9F%94%A5-top-5-most-popular-big-butt-chubby-belly-curvy-body-pornstar-style-sex-dolls-in-2025-%F0%9F%94%A5",3,3,0,0,0,0,3,,0,0,0,0,1,1,,3,3,3,0,0,0,0,3,,0,0,0,0,1,1,,3,0,0,,,,,0,,,,,,0,0,,0
"Product","/products/f2319a-163cm5-3ft-53kg-g-cup-hips-over-140-ros-movable-jaw-super-fat-bbw-huge-ass-sex-doll%E4%B8%A8sy-doll",3,3,0,0,0,0,6,,0,0,0,58.666666666666664,2,0.3333333333333333,,1,3,3,0,0,0,0,6,,0,0,0,58.666666666666664,2,0.3333333333333333,,1,0,0,,,,,0,,,,,0,0,0,,0
"Collection","/collections/in-stock-sex-doll-heads",3,3,0,0,0,0,4,,0,0,0,70,1.3333333333333333,0.6666666666666666,,2,3,3,0,0,0,0,4,,0,0,0,70,1.3333333333333333,0.6666666666666666,,2,0,0,,,,,0,,,,,0,0,0,,0
"Collection","/collections/g-cup-sex-dolls",3,3,0,0,0,0,8,,0,0,0,33.666666666666664,2.6666666666666665,0.3333333333333333,,1,3,3,0,0,0,0,8,,0,0,0,33.666666666666664,2.6666666666666665,0.3333333333333333,,1,0,0,,,,,0,,,,,0,0,0,,0
"Blog Article","/blogs/dolls-info-qustions/the-hidden-risks-behind-used-nbsp-sex-dolls-would-you-still-buy-one",3,3,0,0,0,0,3,,0,0,0,0,1,1,,3,3,3,0,0,0,0,3,,0,0,0,0,1,1,,3,0,0,,,,,0,,,,,,0,0,,0
,"/en-fi/collections/shemale-sex-doll-torso-1",3,3,0,0,0,0,4,,0,0,0,7,1.3333333333333333,0.6666666666666666,,2,3,3,0,0,0,0,4,,0,0,0,7,1.3333333333333333,0.6666666666666666,,2,0,0,,,,,0,,,,,0,0,0,,0
"Collection","/collections/starpery-doll",3,3,0,0,0,0,6,,0,0,0,249,2,0,,0,3,3,0,0,0,0,6,,0,0,0,249,2,0,,0,0,0,,,,,0,,,,,0,0,,,
,"/en-ca/collections/male-sex-doll",3,3,0,0,0,0,13,,0,0,0,58.666666666666664,4.333333333333333,0.6666666666666666,,2,3,3,0,0,0,0,13,,0,0,0,58.666666666666664,4.333333333333333,0.6666666666666666,,2,0,0,,,,,0,,,,,0,0,0,,0
"Collection","/collections/anime-alien-sex-doll",3,3,0,0,0,0,6,,0,0,0,15.666666666666666,2,0.6666666666666666,,2,3,3,0,0,0,0,6,,0,0,0,15.666666666666666,2,0.6666666666666666,,2,0,0,,,,,0,,,,,0,0,0,,0
,"/en-ca/collections/big-booty-sex-dolls",3,3,0,0,0,0,4,,0,0,0,14,1.3333333333333333,0.6666666666666666,,2,3,3,0,0,0,0,4,,0,0,0,14,1.3333333333333333,0.6666666666666666,,2,0,0,,,,,0,,,,,0,0,0,,0
,"/de/collections/mrl-doll",3,3,0,0,0,0,50,,0,0,0,797.3333333333334,16.666666666666668,0.3333333333333333,,1,3,3,0,0,0,0,50,,0,0,0,797.3333333333334,16.666666666666668,0.3333333333333333,,1,0,0,,,,,0,,,,,0,0,0,,0
"Product","/products/a295-big-butt-torso-silicone-sex-doll-sex-realistic-skin",3,3,0,0,0,0,3,,0,0,0,0,1,1,,3,3,3,0,0,0,0,3,,0,0,0,0,1,1,,3,0,0,,,,,0,,,,,,0,0,,0
,"/ja/blogs/recent-brand-updates-new-arrivals-for-sex-dolls/mrl-fantasy-sex-toys-realistic-anime-furry-and-monster-girl-torso-collection",3,3,0,0,0,0,3,,0,0,0,0,1,1,,3,3,3,0,0,0,0,3,,0,0,0,0,1,1,,3,0,0,,,,,0,,,,,,0,0,,0
"Collection","/collections/ass-mini-male-sex-doll",3,3,0,0,0,0,5,,0,0,0,15,1.6666666666666667,0.3333333333333333,,1,3,3,0,0,0,0,5,,0,0,0,15,1.6666666666666667,0.3333333333333333,,1,0,0,,,,,0,,,,,0,0,0,,0
"Collection","/collections/black-sex-doll-500-1000",3,3,0,0,0,0,6,,0,0,0,17.333333333333332,2,0.3333333333333333,,1,3,3,0,0,0,0,6,,0,0,0,17.333333333333332,2,0.3333333333333333,,1,0,0,,,,,0,,,,,0,0,0,,0
"Collection","/collections/bezlya",3,3,0,0,0,0,13,,0,0,0,301.3333333333333,4.333333333333333,0.3333333333333333,,1,3,3,0,0,0,0,13,,0,0,0,301.3333333333333,4.333333333333333,0.3333333333333333,,1,0,0,,,,,0,,,,,0,0,0,,0
"Collection","/collections/doll-senior",3,3,0,0,0,0,7,,0,0,0,29.666666666666668,2.3333333333333335,0.3333333333333333,,1,3,3,0,0,0,0,7,,0,0,0,29.666666666666668,2.3333333333333335,0.3333333333333333,,1,0,0,,,,,0,,,,,0,0,0,,0
"Collection","/collections/gay-sex-doll",3,3,0,0,0,0,4,,0,0,0,1,1.3333333333333333,0.6666666666666666,,2,3,3,0,0,0,0,4,,0,0,0,1,1.3333333333333333,0.6666666666666666,,2,0,0,,,,,0,,,,,0,0,0,,0
"Product","/products/p393-7-39lbs-silicone-pussy-onahole-sex-toys-meru-with-mouth-to-vagina-mrl",3,3,0,0,0,0,3,,0,0,0,0,1,1,,3,3,3,0,0,0,0,3,,0,0,0,0,1,1,,3,0,0,,,,,0,,,,,,0,0,,0
,"/ja",3,3,0,0,0,0,27,,0,0,0,307.6666666666667,9,0.3333333333333333,,1,3,3,0,0,0,0,27,,0,0,0,307.6666666666667,9,0.3333333333333333,,1,0,0,,,,,0,,,,,0,0,0,,0
"Product","/products/f4619-170cm-5ft7-44kg-male-sex-doll-17cm-penis-silicone",1,3,0,0,0,0,4,,0,0,0,50.333333333333336,1.3333333333333333,0.6666666666666666,,2,1,3,0,0,0,0,4,,0,0,0,50.333333333333336,1.3333333333333333,0.6666666666666666,,2,0,0,,,,,0,,,,,0,0,0,,0
,"/en-ca/collections/anime-sex-doll-torso",3,3,0,0,0,0,34,,0,0,0,813,11.333333333333334,0.3333333333333333,,1,3,3,0,0,0,0,34,,0,0,0,813,11.333333333333334,0.3333333333333333,,1,0,0,,,,,0,,,,,0,0,0,,0
,"/en-ca/products/f1216-169cm-f-cup-miyuki-big-boobs-doll-irontech-doll",1,3,0,0,0,0,4,,0,0,0,12,1.3333333333333333,0.6666666666666666,,2,1,3,0,0,0,0,4,,0,0,0,12,1.3333333333333333,0.6666666666666666,,2,0,0,,,,,0,,,,,0,0,0,,0
,"/en-ca/blogs/dolls-info-qustions/the-latest-sex-dolls-innovations-and-breakthroughs-in-2025",3,3,0,0,0,0,4,,0,0,0,9.666666666666666,1.3333333333333333,0.6666666666666666,,2,3,3,0,0,0,0,4,,0,0,0,9.666666666666666,1.3333333333333333,0.6666666666666666,,2,0,0,,,,,0,,,,,0,0,0,,0
"Product","/products/f4667-157cm5ft1-31kg-yuuka-a-h-cup-silicone-sexy-medium-butt-chinese-sex-doll-se-doll",1,3,0,0,0,0,25,,0,0,0,462,8.333333333333334,0,,0,1,3,0,0,0,0,25,,0,0,0,462,8.333333333333334,0,,0,0,0,,,,,0,,,,,0,0,,,
"Blog Article","/blogs/dolls-info-qustions/2025-best-furry-sex-doll-picks-your-fantasy-comes-to-life",3,3,0,0,0,0,3,,0,0,0,0,1,1,,3,3,3,0,0,0,0,3,,0,0,0,0,1,1,,3,0,0,,,,,0,,,,,,0,0,,0
"Collection","/collections/best-sell-doll",3,3,0,0,0,0,25,,0,0,0,830,8.333333333333334,0.3333333333333333,,1,3,3,0,0,0,0,25,,0,0,0,830,8.333333333333334,0.3333333333333333,,1,0,0,,,,,0,,,,,0,0,0,,0
,"/en-fi/collections/top-rated-japanese-sex-dolls-in-2026",3,3,0,0,0,0,9,,0,0,0,65.66666666666667,3,0.3333333333333333,,1,3,3,0,0,0,0,9,,0,0,0,65.66666666666667,3,0.3333333333333333,,1,0,0,,,,,0,,,,,0,0,0,,0
"Product","/products/a301-41lb-realistic-big-booty-upper-thigh-silicone-torso-life-size-butt",3,3,0,0,0,0,9,,0,0,0,346.3333333333333,3,0.3333333333333333,,1,3,3,0,0,0,0,9,,0,0,0,346.3333333333333,3,0.3333333333333333,,1,0,0,,,,,0,,,,,0,0,0,,0
"Blog Article","/blogs/dolls-info-qustions/linkdolls-global-shipping-status",3,3,0,0,0,0,8,,0,0,0,46.333333333333336,2.6666666666666665,0.6666666666666666,,2,3,3,0,0,0,0,8,,0,0,0,46.333333333333336,2.6666666666666665,0.6666666666666666,,2,0,0,,,,,0,,,,,0,0,0,,0
"Product","/products/p108-26cm-10-2in-1-5kg-silicone-celebrity-anime-hentai-sex-toys-castle-doll",3,3,0,0,0,0,7,,0,0,0,637,2.3333333333333335,0.6666666666666666,,2,3,3,0,0,0,0,7,,0,0,0,637,2.3333333333333335,0.6666666666666666,,2,0,0,,,,,0,,,,,0,0,0,,0
"Product","/products/p382-2-4lb-dragon-head-silicone-hentai-sex-doll-torso-toy-male-masturbator-mrl",3,3,0,0,0,0,3,,0,0,0,0.6666666666666666,1,1,,3,3,3,0,0,0,0,3,,0,0,0,0.6666666666666666,1,1,,3,0,0,,,,,0,,,,,0,0,0,,0
"Blog Article","/blogs/dolls-info-qustions/ridmii-tenar-f9127-new-ai-sex-doll",3,3,0,0,0,0,3,,0,0,0,0,1,1,,3,3,3,0,0,0,0,3,,0,0,0,0,1,1,,3,0,0,,,,,0,,,,,,0,0,,0
"Collection","/collections/bbw-medium-torso",3,3,0,0,0,0,5,,0,0,0,11,1.6666666666666667,0.6666666666666666,,2,3,3,0,0,0,0,5,,0,0,0,11,1.6666666666666667,0.6666666666666666,,2,0,0,,,,,0,,,,,0,0,0,,0
"Product","/products/t631-63-9lb-morgpie-pornstar-sexdoll-life-like-sex-doll-with-tantabosom%E4%B8%A8tantaly",3,3,0,0,0,0,3,,0,0,0,0,1,1,,3,3,3,0,0,0,0,3,,0,0,0,0,1,1,,3,0,0,,,,,0,,,,,,0,0,,0
"Product","/products/541-12-1lb-37cm-torso-sex-doll",3,3,0,0,0,0,3,,0,0,0,0,1,1,,3,3,3,0,0,0,0,3,,0,0,0,0,1,1,,3,0,0,,,,,0,,,,,,0,0,,0
"Blog Article","/blogs/dolls-info-qustions/unlocking-private-desires-the-secrets-of-torso-sex-doll-10-inch-dildo",3,3,1,1,0,0,14,0,0.3333333333333333,0.3333333333333333,0,299,4.666666666666667,0.6666666666666666,0,2,3,3,1,1,0,0,14,0,0.3333333333333333,0.3333333333333333,0,299,4.666666666666667,0.6666666666666666,0,2,0,0,0,0,,,0,,0,0,,0,0,0,,0
,"/ja/collections/fake-ass-sex-toy",3,3,0,0,0,0,8,,0,0,0,84.33333333333333,2.6666666666666665,0.3333333333333333,,1,3,3,0,0,0,0,8,,0,0,0,84.33333333333333,2.6666666666666665,0.3333333333333333,,1,0,0,,,,,0,,,,,0,0,0,,0
"Product","/products/f7891-14kg-silicone-cute-furry-sex-doll-demon-sheep-rabbit-mrl",3,3,0,0,0,0,7,,0,0,0,504.3333333333333,2.3333333333333335,0.6666666666666666,,2,3,3,0,0,0,0,7,,0,0,0,504.3333333333333,2.3333333333333335,0.6666666666666666,,2,0,0,,,,,0,,,,,0,0,0,,0
"Collection","/collections/se-doll-tpe-sex-doll",3,3,0,0,0,0,5,,0,0,0,21.666666666666668,1.6666666666666667,0.6666666666666666,,2,3,3,0,0,0,0,5,,0,0,0,21.666666666666668,1.6666666666666667,0.6666666666666666,,2,0,0,,,,,0,,,,,0,0,0,,0
"Product","/products/a519-28-4lb-doggy-style-sex-doll-bottom-realistic-3d-ass-sex-doll",3,3,0,0,0,0,12,,0,0,0,246.66666666666666,4,0.6666666666666666,,2,3,3,0,0,0,0,12,,0,0,0,246.66666666666666,4,0.6666666666666666,,2,0,0,,,,,0,,,,,0,0,0,,0
"Product","/products/a660-big-ass-torso-silicone-25lb-super-elastic-realistic",3,3,0,0,0,0,3,,0,0,0,0,1,1,,3,3,3,0,0,0,0,3,,0,0,0,0,1,1,,3,0,0,,,,,0,,,,,,0,0,,0
"Blog Article","/blogs/dolls-info-qustions/does-youth-mean-being-not-busty-recommended-large-bust-18s-sex-dolls",3,3,0,0,0,0,5,,0,0,0,52.666666666666664,1.6666666666666667,0.6666666666666666,,2,3,3,0,0,0,0,5,,0,0,0,52.666666666666664,1.6666666666666667,0.6666666666666666,,2,0,0,,,,,0,,,,,0,0,0,,0
,"/en-ca/products/f6336-life-size-ros-sex-doll-realistic",3,3,0,0,0,0,3,,0,0,0,0,1,1,,3,3,3,0,0,0,0,3,,0,0,0,0,1,1,,3,0,0,,,,,0,,,,,,0,0,,0
"Blog Article","/blogs/dolls-info-qustions/big-booty-sex-doll-a-complete-breakdown",3,3,0,0,0,0,8,,0,0,0,39,2.6666666666666665,0.6666666666666666,,2,3,3,0,0,0,0,8,,0,0,0,39,2.6666666666666665,0.6666666666666666,,2,0,0,,,,,0,,,,,0,0,0,,0
"Blog Article","/blogs/featured-blog/exhibition-diary-the-2025-guangzhou-adult-expo-was-absolutely-mind-blowing",3,3,0,0,0,0,3,,0,0,0,0,1,1,,3,3,3,0,0,0,0,3,,0,0,0,0,1,1,,3,0,0,,,,,0,,,,,,0,0,,0
,"/en-fi/products/t450-65-92lb-silicone-big-boobs-sex-doll-torso-lovenestle",3,3,0,0,0,0,3,,0,0,0,0,1,1,,3,3,3,0,0,0,0,3,,0,0,0,0,1,1,,3,0,0,,,,,0,,,,,,0,0,,0
"Product","/products/t406-7-45lb-30cm-papaya-breast-torso-sex-doll-2024-new-sex-doll",3,3,0,0,0,0,19,,0,0,0,652.3333333333334,6.333333333333333,0.3333333333333333,,1,3,3,0,0,0,0,19,,0,0,0,652.3333333333334,6.333333333333333,0.3333333333333333,,1,0,0,,,,,0,,,,,0,0,0,,0
"Blog Article","/blogs/dolls-info-qustions/porn-stars-brought-to-life-the-irontech-porn-star-series-that-ignites-your-desire",3,3,0,0,0,0,3,,0,0,0,0,1,1,,3,3,3,0,0,0,0,3,,0,0,0,0,1,1,,3,0,0,,,,,0,,,,,,0,0,,0
,"/en-fi/blogs/dolls-info-qustions/how-to-properly-use-chinese-sex-dolls-a-comprehensive-guide",3,3,0,0,0,0,4,,0,0,0,6.666666666666667,1.3333333333333333,0.6666666666666666,,2,3,3,0,0,0,0,4,,0,0,0,6.666666666666667,1.3333333333333333,0.6666666666666666,,2,0,0,,,,,0,,,,,0,0,0,,0
"Product","/products/lusandy-big-ass-torso-gel-silicone-22lb-sex-doll",3,3,0,0,0,0,6,,0,0,0,71.33333333333333,2,0.6666666666666666,,2,3,3,0,0,0,0,6,,0,0,0,71.33333333333333,2,0.6666666666666666,,2,0,0,,,,,0,,,,,0,0,0,,0
"Blog Article","/blogs/sex-doll-torso-blog/top-7-sex-doll-torsos",3,3,0,0,0,0,4,,0,0,0,43.333333333333336,1.3333333333333333,0.6666666666666666,,2,3,3,0,0,0,0,4,,0,0,0,43.333333333333336,1.3333333333333333,0.6666666666666666,,2,0,0,,,,,0,,,,,0,0,0,,0
"Product","/products/f7595-163cm5-3ft-f-cup-great-huge-butt-tpe-ai-big-ass-bbw-chubby-sex-doll-for-men-in-stock-usa-%E4%B8%A8sy-doll",3,3,0,0,0,0,8,,0,0,0,94,2.6666666666666665,0.3333333333333333,,1,3,3,0,0,0,0,8,,0,0,0,94,2.6666666666666665,0.3333333333333333,,1,0,0,,,,,0,,,,,0,0,0,,0
,"/en-fi",3,3,0,0,0,0,3,,0,0,0,0,1,1,,3,3,3,0,0,0,0,3,,0,0,0,0,1,1,,3,0,0,,,,,0,,,,,,0,0,,0
,"/en-ca/blogs/dolls-info-qustions/vaginal-and-anal-design-of-life-size-sex-dolls",3,3,0,0,0,0,4,,0,0,0,0.6666666666666666,1.3333333333333333,0.6666666666666666,,2,3,3,0,0,0,0,4,,0,0,0,0.6666666666666666,1.3333333333333333,0.6666666666666666,,2,0,0,,,,,0,,,,,0,0,0,,0
"Product","/products/l41741-9lb-41-7-crurophilia-silicone-legs-and-feet-combo-realistic-skin-feel",1,3,0,0,0,0,3,,0,0,0,0,1,1,,3,1,3,0,0,0,0,3,,0,0,0,0,1,1,,3,0,0,,,,,0,,,,,,0,0,,0
"Product","/products/f4830-158cm-29kg-d-cup-elf-fantasy-tpe-sexual-best-alien-sex-doll-in-stock-usa-castle-doll",1,3,2,0,0,0,72,,0.6666666666666666,0,0,2463.3333333333335,24,0,,0,1,3,2,0,0,0,72,,0.6666666666666666,0,0,2463.3333333333335,24,0,,0,0,0,0,,,,0,,0,,,0,0,,,
"Product","/products/f1618-163cm-5ft3-g-cup-fat-girl-realistic-silicone-head-sex-doll-rosretty-doll",2,3,0,0,0,0,33,,0,0,0,1125.3333333333333,11,0.3333333333333333,,1,2,3,0,0,0,0,33,,0,0,0,1125.3333333333333,11,0.3333333333333333,,1,0,0,,,,,0,,,,,0,0,0,,0
"Collection","/collections/devil-fairy-alien-sex-dolls",3,3,0,0,0,0,25,,0,0,0,490.6666666666667,8.333333333333334,0.3333333333333333,,1,3,3,0,0,0,0,25,,0,0,0,490.6666666666667,8.333333333333334,0.3333333333333333,,1,0,0,,,,,0,,,,,0,0,0,,0
"Collection","/collections/medium-butt-sex-doll",3,3,0,0,0,0,21,,0,0,0,145,7,0.3333333333333333,,1,3,3,0,0,0,0,21,,0,0,0,145,7,0.3333333333333333,,1,0,0,,,,,0,,,,,0,0,0,,0
"Collection","/collections/azm-doll-factory-photos",3,3,0,0,0,0,18,,0,0,0,339,6,0.3333333333333333,,1,3,3,0,0,0,0,18,,0,0,0,339,6,0.3333333333333333,,1,0,0,,,,,0,,,,,0,0,0,,0
"Collection","/collections/big-ass-sex-doll-head-torso",3,3,0,0,0,0,7,,0,0,0,42.333333333333336,2.3333333333333335,0.3333333333333333,,1,3,3,0,0,0,0,7,,0,0,0,42.333333333333336,2.3333333333333335,0.3333333333333333,,1,0,0,,,,,0,,,,,0,0,0,,0
"Collection","/collections/black-sex-bbw",3,3,0,0,0,0,16,,0,0,0,506.3333333333333,5.333333333333333,0.3333333333333333,,1,3,3,0,0,0,0,16,,0,0,0,506.3333333333333,5.333333333333333,0.3333333333333333,,1,0,0,,,,,0,,,,,0,0,0,,0
"Blog Article","/blogs/complete-sex-doll-guide-for-beginners/where-can-i-buy-a-sex-doll-safe-and-reliable-options",2,3,0,0,0,0,3,,0,0,0,0,1,1,,3,2,3,0,0,0,0,3,,0,0,0,0,1,1,,3,0,0,,,,,0,,,,,,0,0,,0
,"/en-fi/products/f7891-14kg-silicone-cute-furry-sex-doll-demon-sheep-rabbit-mrl",2,3,0,0,0,0,4,,0,0,0,28.666666666666668,1.3333333333333333,0.6666666666666666,,2,2,3,0,0,0,0,4,,0,0,0,28.666666666666668,1.3333333333333333,0.6666666666666666,,2,0,0,,,,,0,,,,,0,0,0,,0
"Collection","/collections/real-lady",2,3,0,0,0,0,7,,0,0,0,98,2.3333333333333335,0.6666666666666666,,2,2,3,0,0,0,0,7,,0,0,0,98,2.3333333333333335,0.6666666666666666,,2,0,0,,,,,0,,,,,0,0,0,,0
"Product","/products/t666-39-7lbs-luxury-super-realistic-human-size-silicone-torso-sex-doll",3,3,0,0,0,0,6,,0,0,0,18.333333333333332,2,0.6666666666666666,,2,3,3,0,0,0,0,6,,0,0,0,18.333333333333332,2,0.6666666666666666,,2,0,0,,,,,0,,,,,0,0,0,,0
"Blog Article","/blogs/dolls-info-qustions/complete-guide-to-installing-male-sex-doll-penises-3-simple-methods",3,3,0,0,0,0,3,,0,0,0,0,1,1,,3,3,3,0,0,0,0,3,,0,0,0,0,1,1,,3,0,0,,,,,0,,,,,,0,0,,0
"Product","/products/se-doll-head-x-bot-ai-smart-multi-language-talking-h002",3,3,0,0,0,0,10,,0,0,0,282,3.3333333333333335,0.3333333333333333,,1,3,3,0,0,0,0,10,,0,0,0,282,3.3333333333333335,0.3333333333333333,,1,0,0,,,,,0,,,,,0,0,0,,0
,"/en-ca/collections/mini-sex-doll",3,3,0,0,0,0,27,,0,0,0,401,9,0.3333333333333333,,1,3,3,0,0,0,0,27,,0,0,0,401,9,0.3333333333333333,,1,0,0,,,,,0,,,,,0,0,0,,0
,"/en-ca/products/f3460-158cm5f2-33kg-i-cup-slim-waist-tpe-sex-doll-aibei-doll",3,3,0,0,0,0,5,,0,0,0,339.6666666666667,1.6666666666666667,0.6666666666666666,,2,3,3,0,0,0,0,5,,0,0,0,339.6666666666667,1.6666666666666667,0.6666666666666666,,2,0,0,,,,,0,,,,,0,0,0,,0
"Blog Article","/blogs/dolls-info-qustions/bringing-fantasies-to-life-the-ultimate-sex-doll-roleplay-experience",3,3,0,0,0,0,3,,0,0,0,0,1,1,,3,3,3,0,0,0,0,3,,0,0,0,0,1,1,,3,0,0,,,,,0,,,,,,0,0,,0
,"/ja/collections/hyper-realistic-sex-doll",3,3,0,0,0,0,3,,0,0,0,0,1,1,,3,3,3,0,0,0,0,3,,0,0,0,0,1,1,,3,0,0,,,,,0,,,,,,0,0,,0
,"/en-ca/blogs/dolls-info-qustions/what-s-it-really-like-to-have-sex-nbsp-with-a-sex-doll",2,3,0,0,0,0,3,,0,0,0,0,1,1,,3,2,3,0,0,0,0,3,,0,0,0,0,1,1,,3,0,0,,,,,0,,,,,,0,0,,0
"Product","/products/f4249-160cm5-3ft-38kg-i-cup-anime-tpe-hentai-sex-doll%E4%B8%A8wm-doll",3,3,0,0,0,0,10,,0,0,0,85.66666666666667,3.3333333333333335,0.3333333333333333,,1,3,3,0,0,0,0,10,,0,0,0,85.66666666666667,3.3333333333333335,0.3333333333333333,,1,0,0,,,,,0,,,,,0,0,0,,0
"Product","/products/f1647-157cm-5ft1-29kg-b-cup-realistic-skinny-tpe-sex-doll-sy-doll",3,3,0,0,0,0,3,,0,0,0,0,1,1,,3,3,3,0,0,0,0,3,,0,0,0,0,1,1,,3,0,0,,,,,0,,,,,,0,0,,0
,"/en-fi/collections/anime-sex-doll",3,3,0,0,0,0,7,,0,0,0,14.666666666666666,2.3333333333333335,0.3333333333333333,,1,3,3,0,0,0,0,7,,0,0,0,14.666666666666666,2.3333333333333335,0.3333333333333333,,1,0,0,,,,,0,,,,,0,0,0,,0
"Collection","/collections/blue-skin-alien",3,3,0,0,0,0,7,,0,0,0,64.66666666666667,2.3333333333333335,0.3333333333333333,,1,3,3,0,0,0,0,7,,0,0,0,64.66666666666667,2.3333333333333335,0.3333333333333333,,1,0,0,,,,,0,,,,,0,0,0,,0
"Checkout","/60719464687/orders/7114a81ad3e538ef1e50e87bb0ba7e41",1,3,0,0,0,0,3,,0,0,0,0,1,1,,3,1,3,0,0,0,0,3,,0,0,0,0,1,1,,3,0,0,,,,,0,,,,,,0,0,,0
"Product","/products/f2319-sy-163cm-g-cup-super-fat-bbw-life-size-sex-doll",3,3,0,0,0,0,11,,0,0,0,139,3.6666666666666665,0,,0,3,3,0,0,0,0,11,,0,0,0,139,3.6666666666666665,0,,0,0,0,,,,,0,,,,,0,0,,,
"Collection","/collections/red-head-sex-doll",3,3,0,0,0,0,5,,0,0,0,21.666666666666668,1.6666666666666667,0.6666666666666666,,2,3,3,0,0,0,0,5,,0,0,0,21.666666666666668,1.6666666666666667,0.6666666666666666,,2,0,0,,,,,0,,,,,0,0,0,,0
"Checkout","/checkouts/cn/hWNCtx2cr5pFoiKIWofk8psZ/en-th",1,3,1,3,0,0,25,0,0.3333333333333333,1,0,469.3333333333333,8.333333333333334,0,0,0,1,3,1,3,0,0,25,0,0.3333333333333333,1,0,469.3333333333333,8.333333333333334,0,0,0,0,0,0,0,,,0,,0,0,,0,0,,,
"Collection","/collections/irokebijin-doll",3,3,0,0,0,0,6,,0,0,0,18.666666666666668,2,0.3333333333333333,,1,3,3,0,0,0,0,6,,0,0,0,18.666666666666668,2,0.3333333333333333,,1,0,0,,,,,0,,,,,0,0,0,,0
"Product","/products/t522",2,3,1,1,1,0.3333333333333333,9,1,0.3333333333333333,0.3333333333333333,1,267.3333333333333,3,0.6666666666666666,1,2,2,3,1,1,1,0.3333333333333333,9,1,0.3333333333333333,0.3333333333333333,1,267.3333333333333,3,0.6666666666666666,1,2,0,0,0,0,0,0,0,0,0,0,0,0,0,0,0,0
,"/en-ca/blogs/dolls-info-qustions/2026-doggy-dildo-doll-user-guide",3,3,0,0,0,0,3,,0,0,0,0,1,1,,3,3,3,0,0,0,0,3,,0,0,0,0,1,1,,3,0,0,,,,,0,,,,,,0,0,,0
"Blog Article","/blogs/dolls-info-qustions/bbw-sex-dolls-go-ultra-light-how-the-realistic-flesh-revolution-is-redefining-weight-and-freedom",3,3,0,0,0,0,22,,0,0,0,316.6666666666667,7.333333333333333,0.6666666666666666,,2,3,3,0,0,0,0,22,,0,0,0,316.6666666666667,7.333333333333333,0.6666666666666666,,2,0,0,,,,,0,,,,,0,0,0,,0
,"/en-ca/products/f5971-160cm-european-celebrity-nude-robot-tactile-feedback-custom",3,3,0,0,0,0,17,,0,0,0,266,5.666666666666667,0.6666666666666666,,2,3,3,0,0,0,0,17,,0,0,0,266,5.666666666666667,0.6666666666666666,,2,0,0,,,,,0,,,,,0,0,0,,0
"Blog Article","/blogs/sex-doll-option-videos/video-04-moaning-sound",3,3,0,0,0,0,3,,0,0,0,0,1,1,,3,3,3,0,0,0,0,3,,0,0,0,0,1,1,,3,0,0,,,,,0,,,,,,0,0,,0
"Product","/products/yeloly-bbw-torso-with-head-94cm-t777",3,3,0,0,0,0,26,,0,0,0,905.3333333333334,8.666666666666666,0.3333333333333333,,1,3,3,0,0,0,0,26,,0,0,0,905.3333333333334,8.666666666666666,0.3333333333333333,,1,0,0,,,,,0,,,,,0,0,0,,0
"Collection","/collections/blonde-sex-dolls",3,3,0,0,0,0,9,,0,0,0,163,3,0.6666666666666666,,2,3,3,0,0,0,0,9,,0,0,0,163,3,0.6666666666666666,,2,0,0,,,,,0,,,,,0,0,0,,0
"Collection","/collections/arab-sex-doll-experience-the-exotic-allure",2,3,0,0,0,0,8,,0,0,0,79.33333333333333,2.6666666666666665,0.3333333333333333,,1,2,3,0,0,0,0,8,,0,0,0,79.33333333333333,2.6666666666666665,0.3333333333333333,,1,0,0,,,,,0,,,,,0,0,0,,0
"Collection","/collections/erovenus-doll-in-stock-usa",3,3,1,1,0,0,9,0,0.3333333333333333,0.3333333333333333,0,77.33333333333333,3,0.3333333333333333,0,1,3,3,1,1,0,0,9,0,0.3333333333333333,0.3333333333333333,0,77.33333333333333,3,0.3333333333333333,0,1,0,0,0,0,,,0,,0,0,,0,0,0,,0
"Collection","/collections/qita-doll",3,3,0,0,0,0,13,,0,0,0,59.666666666666664,4.333333333333333,0.3333333333333333,,1,3,3,0,0,0,0,13,,0,0,0,59.666666666666664,4.333333333333333,0.3333333333333333,,1,0,0,,,,,0,,,,,0,0,0,,0
"Collection","/collections/european-sex-dolls",3,3,0,0,0,0,9,,0,0,0,242.33333333333334,3,0.3333333333333333,,1,3,3,0,0,0,0,9,,0,0,0,242.33333333333334,3,0.3333333333333333,,1,0,0,,,,,0,,,,,0,0,0,,0
"Product","/products/f1224-160cm-i-cup-hedy-sex-doll-irontech-doll",2,3,0,0,0,0,4,,0,0,0,311.6666666666667,1.3333333333333333,0.6666666666666666,,2,2,3,0,0,0,0,4,,0,0,0,311.6666666666667,1.3333333333333333,0.6666666666666666,,2,0,0,,,,,0,,,,,0,0,0,,0
"Collection","/collections/mini-torso",3,3,0,0,0,0,11,,0,0,0,549.3333333333334,3.6666666666666665,0.3333333333333333,,1,3,3,0,0,0,0,11,,0,0,0,549.3333333333334,3.6666666666666665,0.3333333333333333,,1,0,0,,,,,0,,,,,0,0,0,,0
"Product","/products/671-vibrating-realsitic-ass-sex-toy-mini-size-ass-sex-torso",3,3,0,0,0,0,3,,0,0,0,0,1,1,,3,3,3,0,0,0,0,3,,0,0,0,0,1,1,,3,0,0,,,,,0,,,,,,0,0,,0
"Product","/products/a351-7-7lb-silicone-deer-ass-furry-sex-doll-torso-mrl",3,3,0,0,0,0,7,,0,0,0,66.66666666666667,2.3333333333333335,0.6666666666666666,,2,3,3,0,0,0,0,7,,0,0,0,66.66666666666667,2.3333333333333335,0.6666666666666666,,2,0,0,,,,,0,,,,,0,0,0,,0
"Product","/products/h01-irontech-doll-ros-max-silicone-sex-doll-head-collection-1",3,3,0,0,0,0,4,,0,0,0,66,1.3333333333333333,0.6666666666666666,,2,3,3,0,0,0,0,4,,0,0,0,66,1.3333333333333333,0.6666666666666666,,2,0,0,,,,,0,,,,,0,0,0,,0
"Blog Article","/blogs/dolls-info-qustions/is-a-half-torso-sex-doll-worth-it-the-honest-breakdown",3,3,0,0,0,0,22,,0,0,0,1116.3333333333333,7.333333333333333,0.3333333333333333,,1,3,3,0,0,0,0,22,,0,0,0,1116.3333333333333,7.333333333333333,0.3333333333333333,,1,0,0,,,,,0,,,,,0,0,0,,0
"Product","/products/582-sexdoll-legs",3,3,0,0,0,0,6,,0,0,0,66,2,0.6666666666666666,,2,3,3,0,0,0,0,6,,0,0,0,66,2,0.6666666666666666,,2,0,0,,,,,0,,,,,0,0,0,,0
"Collection","/collections/skinny-sex-dolls",3,3,0,0,0,0,6,,0,0,0,65.66666666666667,2,0.6666666666666666,,2,3,3,0,0,0,0,6,,0,0,0,65.66666666666667,2,0.6666666666666666,,2,0,0,,,,,0,,,,,0,0,0,,0
"Blog Article","/blogs/dolls-info-qustions/what-are-sex-dolls-made-of-complete-material-guide",3,3,0,0,0,0,4,,0,0,0,9.666666666666666,1.3333333333333333,0.6666666666666666,,2,3,3,0,0,0,0,4,,0,0,0,9.666666666666666,1.3333333333333333,0.6666666666666666,,2,0,0,,,,,0,,,,,0,0,0,,0
"Checkout","/60719464687/orders/b7fbed860026992e20a04fdd4afa5728",1,3,0,0,0,0,4,,0,0,0,143.66666666666666,1.3333333333333333,0.6666666666666666,,2,1,3,0,0,0,0,4,,0,0,0,143.66666666666666,1.3333333333333333,0.6666666666666666,,2,0,0,,,,,0,,,,,0,0,0,,0
"Collection","/collections/best-sellers-in-head",3,3,0,0,0,0,6,,0,0,0,15,2,0.6666666666666666,,2,3,3,0,0,0,0,6,,0,0,0,15,2,0.6666666666666666,,2,0,0,,,,,0,,,,,0,0,0,,0
"Collection","/collections/elf-sex-doll-heads",3,3,0,0,0,0,4,,0,0,0,10.333333333333334,1.3333333333333333,0.6666666666666666,,2,3,3,0,0,0,0,4,,0,0,0,10.333333333333334,1.3333333333333333,0.6666666666666666,,2,0,0,,,,,0,,,,,0,0,0,,0
"Product","/collections/sex-doll-torso/products/562-fat-ass-torso-doll-silicone-ass",3,3,0,0,0,0,4,,0,0,0,5.333333333333333,1.3333333333333333,0.6666666666666666,,2,3,3,0,0,0,0,4,,0,0,0,5.333333333333333,1.3333333333333333,0.6666666666666666,,2,0,0,,,,,0,,,,,0,0,0,,0
"Collection","/collections/irontech-doll-factory-photos",3,3,0,0,0,0,70,,0,0,0,769.3333333333334,23.333333333333332,0.3333333333333333,,1,3,3,0,0,0,0,70,,0,0,0,769.3333333333334,23.333333333333332,0.3333333333333333,,1,0,0,,,,,0,,,,,0,0,0,,0
"Product","/products/f4929-166cm-sexbot-vine-talk-ai-silicone-head-wm-doll",2,3,0,1,0,0,13,0,0,0.3333333333333333,0,406,4.333333333333333,0,,0,2,3,0,1,0,0,13,0,0,0.3333333333333333,0,406,4.333333333333333,0,,0,0,0,,0,,,0,,,0,,0,0,,,
,"/en-fi/products/f4707-150cm-5ft2-40-6kg-akira-d-cup-s-tpe-christmas-european-sex-doll-piper-doll",3,3,0,0,0,0,3,,0,0,0,0,1,1,,3,3,3,0,0,0,0,3,,0,0,0,0,1,1,,3,0,0,,,,,0,,,,,,0,0,,0
"Product","/products/57652-9lb-life-size-sex-doll-torso-with-perky-tits-and-slender-waist",1,3,0,0,0,0,4,,0,0,0,9.333333333333334,1.3333333333333333,0.6666666666666666,,2,1,3,0,0,0,0,4,,0,0,0,9.333333333333334,1.3333333333333333,0.6666666666666666,,2,0,0,,,,,0,,,,,0,0,0,,0
"Blog Article","/blogs/dolls-info-qustions/superhero-sex-dolls",3,3,0,0,0,0,3,,0,0,0,0,1,1,,3,3,3,0,0,0,0,3,,0,0,0,0,1,1,,3,0,0,,,,,0,,,,,,0,0,,0
,"/en-ca/collections/best-seller-sex-dolls-under-200",3,3,0,0,0,0,4,,0,0,0,10.333333333333334,1.3333333333333333,0.6666666666666666,,2,3,3,0,0,0,0,4,,0,0,0,10.333333333333334,1.3333333333333333,0.6666666666666666,,2,0,0,,,,,0,,,,,0,0,0,,0
,"/en-fi/products/f2340-156cm-5ft1-f-cup-big-breast-movable-jaw-full-silicone-sex-doll-sy-doll",3,3,0,0,0,0,6,,0,0,0,500,2,0.6666666666666666,,2,3,3,0,0,0,0,6,,0,0,0,500,2,0.6666666666666666,,2,0,0,,,,,0,,,,,0,0,0,,0
"Blog Article","/blogs/dolls-info-qustions/lesbian-beginners-guide-how-to-use-lesbian-sex-dolls",3,3,0,0,0,0,3,,0,0,0,0,1,1,,3,3,3,0,0,0,0,3,,0,0,0,0,1,1,,3,0,0,,,,,0,,,,,,0,0,,0
"Product","/products/f1028-fun-west-doll-anime-adult-sex-dolls-stpe-155cm-34kg-in-stock-usa-eu",3,3,0,0,0,0,3,,0,0,0,0,1,1,,3,3,3,0,0,0,0,3,,0,0,0,0,1,1,,3,0,0,,,,,0,,,,,,0,0,,0
,"/en-fi/collections/full-doll",2,3,0,0,0,0,32,,0,0,0,409.3333333333333,10.666666666666666,0,,0,2,3,0,0,0,0,32,,0,0,0,409.3333333333333,10.666666666666666,0,,0,0,0,,,,,0,,,,,0,0,,,
,"/en-ca/collections/animal-hentai-sex-doll",3,3,0,0,0,0,18,,0,0,0,688.6666666666666,6,0.3333333333333333,,1,3,3,0,0,0,0,18,,0,0,0,688.6666666666666,6,0.3333333333333333,,1,0,0,,,,,0,,,,,0,0,0,,0
"Blog Article","/blogs/dolls-info-qustions/tpe-dolls-tearing-and-peeling-difficulties-easy-to-solve-there-is-a-trick",3,3,0,0,0,0,8,,0,0,0,102,2.6666666666666665,0.6666666666666666,,2,3,3,0,0,0,0,8,,0,0,0,102,2.6666666666666665,0.6666666666666666,,2,0,0,,,,,0,,,,,0,0,0,,0
"Blog Article","/blogs/real-sex-doll-reviews-pros-cons-real-usage-tests/are-aitia-1-1-real-person-replica-asian-sex-dolls-worth-buying-a-complete-review-of-6-celebrity-sex-dolls",3,3,0,0,0,0,11,,0,0,0,554.3333333333334,3.6666666666666665,0,,0,3,3,0,0,0,0,11,,0,0,0,554.3333333333334,3.6666666666666665,0,,0,0,0,,,,,0,,,,,0,0,,,
"Product","/products/f6149-158cm-5ft2-35kg-g-cup-asian-realistic-silicone-sex-doll-irontech-doll",1,3,0,0,0,0,5,,0,0,0,467.6666666666667,1.6666666666666667,0.3333333333333333,,1,1,3,0,0,0,0,5,,0,0,0,467.6666666666667,1.6666666666666667,0.3333333333333333,,1,0,0,,,,,0,,,,,0,0,0,,0
"Collection","/collections/torso-under-200",3,3,0,0,0,0,10,,0,0,0,536,3.3333333333333335,0.3333333333333333,,1,3,3,0,0,0,0,10,,0,0,0,536,3.3333333333333335,0.3333333333333333,,1,0,0,,,,,0,,,,,0,0,0,,0
"Product","/products/f5531-165cm-5ft5-50kg-n-cup-bbw-black-tpe-sex-doll-6ye",2,3,0,0,0,0,4,,0,0,0,21.666666666666668,1.3333333333333333,0.6666666666666666,,2,2,3,0,0,0,0,4,,0,0,0,21.666666666666668,1.3333333333333333,0.6666666666666666,,2,0,0,,,,,0,,,,,0,0,0,,0
"Product","/products/v21-foot-fleshlight-with-realistic-toes-and-deep-pleasure-tunnel",3,3,0,0,0,0,3,,0,0,0,0,1,1,,3,3,3,0,0,0,0,3,,0,0,0,0,1,1,,3,0,0,,,,,0,,,,,,0,0,,0
"Product","/products/judy-rona-dildo-male-masturbator-12lb-18cm",3,3,1,0,0,0,13,,0.3333333333333333,0,0,196,4.333333333333333,0.6666666666666666,,2,3,3,1,0,0,0,13,,0.3333333333333333,0,0,196,4.333333333333333,0.6666666666666666,,2,0,0,0,,,,0,,0,,,0,0,0,,0
"Collection","/collections/silicone-torso-with-head",1,3,0,0,0,0,27,,0,0,0,202.33333333333334,9,0,,0,1,3,0,0,0,0,27,,0,0,0,202.33333333333334,9,0,,0,0,0,,,,,0,,,,,0,0,,,
"Blog Article","/blogs/real-sex-doll-reviews-pros-cons-real-usage-tests/top-8-big-ass-sex-doll-torsos-you-can-t-resist",3,3,1,0,0,0,13,,0.3333333333333333,0,0,437.3333333333333,4.333333333333333,0,,0,3,3,1,0,0,0,13,,0.3333333333333333,0,0,437.3333333333333,4.333333333333333,0,,0,0,0,0,,,,0,,0,,,0,0,,,
"Collection","/collections/zelex-k-series",3,3,0,0,0,0,12,,0,0,0,85,4,0,,0,3,3,0,0,0,0,12,,0,0,0,85,4,0,,0,0,0,,,,,0,,,,,0,0,,,
,"/en-fi/products/f2174-164cm5-4ft-d-cup-m12-movable-jaw-head-sex-doll%E4%B8%A8sy-doll",3,3,0,0,0,0,3,,0,0,0,0,1,1,,3,3,3,0,0,0,0,3,,0,0,0,0,1,1,,3,0,0,,,,,0,,,,,,0,0,,0
,"/ja/blogs/real-sex-doll-reviews-pros-cons-real-usage-tests/2026-meru-hentai-sex-doll-review-comprehensive-comparison-of-4-hot-models",3,3,0,0,0,0,3,,0,0,0,0,1,1,,3,3,3,0,0,0,0,3,,0,0,0,0,1,1,,3,0,0,,,,,0,,,,,,0,0,,0
"Product","/products/p400-gynoid-sex-doll-pocket-pussy-hentai-figure-mrl",3,3,0,0,0,0,3,,0,0,0,0,1,1,,3,3,3,0,0,0,0,3,,0,0,0,0,1,1,,3,0,0,,,,,0,,,,,,0,0,,0
"Product","/products/f9284-178cm-5ft10-63kg-p-cup-ros-silicone-pawg-sex-doll-doll-castle",3,3,0,0,0,0,3,,0,0,0,0,1,1,,3,3,3,0,0,0,0,3,,0,0,0,0,1,1,,3,0,0,,,,,0,,,,,,0,0,,0
"Blog Article","/blogs/dolls-info-qustions/tips-for-having-sex-with-black-sex-dolls",3,3,0,0,0,0,6,,0,0,0,31.666666666666668,2,0.6666666666666666,,2,3,3,0,0,0,0,6,,0,0,0,31.666666666666668,2,0.6666666666666666,,2,0,0,,,,,0,,,,,0,0,0,,0
"Product","/products/p381-3-15lbs-meru-the-succubus-onahole-fake-pussy-silicone-anime-hentai-sex-doll-mrl",3,3,0,0,0,0,5,,0,0,0,156,1.6666666666666667,0.6666666666666666,,2,3,3,0,0,0,0,5,,0,0,0,156,1.6666666666666667,0.6666666666666666,,2,0,0,,,,,0,,,,,0,0,0,,0
"Product","/products/f5937-155mcm5-1ft-40kg-2-0-g-cup-asian-anime-silicone-head-chinese-sex-doll-bezlya-doll",3,3,0,0,0,0,4,,0,0,0,15,1.3333333333333333,0.6666666666666666,,2,3,3,0,0,0,0,4,,0,0,0,15,1.3333333333333333,0.6666666666666666,,2,0,0,,,,,0,,,,,0,0,0,,0
"Product","/products/f5928-165cm-5ft4-37-5kg-f-cup-realistic-lifesize-silicone-celebrity-sex-doll-zelex-doll",3,3,0,0,0,0,12,,0,0,0,46,4,0,,0,3,3,0,0,0,0,12,,0,0,0,46,4,0,,0,0,0,,,,,0,,,,,0,0,,,
,"/de/pages/sex-doll-video",3,3,0,0,0,0,4,,0,0,0,117.66666666666667,1.3333333333333333,0.6666666666666666,,2,3,3,0,0,0,0,4,,0,0,0,117.66666666666667,1.3333333333333333,0.6666666666666666,,2,0,0,,,,,0,,,,,0,0,0,,0
"Product","/products/t232-20-3lb-big-breast-torso-dildo-bisexual-torso",2,3,0,0,0,0,6,,0,0,0,7.333333333333333,2,0.6666666666666666,,2,2,3,0,0,0,0,6,,0,0,0,7.333333333333333,2,0.6666666666666666,,2,0,0,,,,,0,,,,,0,0,0,,0
,"/de/collections/bbw-sex-doll-torso",3,3,0,0,0,0,7,,0,0,0,219,2.3333333333333335,0.3333333333333333,,1,3,3,0,0,0,0,7,,0,0,0,219,2.3333333333333335,0.3333333333333333,,1,0,0,,,,,0,,,,,0,0,0,,0
"Checkout","/orders",2,3,0,0,0,0,11,,0,0,0,23.666666666666668,3.6666666666666665,0.3333333333333333,,1,2,3,0,0,0,0,11,,0,0,0,23.666666666666668,3.6666666666666665,0.3333333333333333,,1,0,0,,,,,0,,,,,0,0,0,,0
"Collection","/collections/sex-doll-in-stock-europe-all",2,2,1,1,0,0,20,0,0.5,0.5,0,256.5,10,0,0,0,2,2,1,1,0,0,20,0,0.5,0.5,0,256.5,10,0,0,0,0,0,0,0,,,0,,0,0,,0,0,,,
"Collection","/collections/ido-doll-factory-photos",2,2,0,0,0,0,12,,0,0,0,124.5,6,0.5,,1,2,2,0,0,0,0,12,,0,0,0,124.5,6,0.5,,1,0,0,,,,,0,,,,,0,0,0,,0
,"/de/blogs/dolls-info-qustions/understanding-ai-robotic-sex-dolls",2,2,0,0,0,0,2,,0,0,0,0,1,1,,2,2,2,0,0,0,0,2,,0,0,0,0,1,1,,2,0,0,,,,,0,,,,,,0,0,,0
,"/en-fi/collections/flat-chest-sex-doll",2,2,0,0,0,0,2,,0,0,0,0,1,1,,2,2,2,0,0,0,0,2,,0,0,0,0,1,1,,2,0,0,,,,,0,,,,,,0,0,,0
,"/en-ca/collections/electric-pocket-pussy",2,2,0,0,0,0,4,,0,0,0,60.5,2,0.5,,1,2,2,0,0,0,0,4,,0,0,0,60.5,2,0.5,,1,0,0,,,,,0,,,,,0,0,0,,0
"Product","/products/592-67lb-75cm-bbw-sex-doll-torso-big-tits-big-ass-sex-doll-torso",2,2,0,0,0,0,3,,0,0,0,1.5,1.5,0.5,,1,2,2,0,0,0,0,3,,0,0,0,1.5,1.5,0.5,,1,0,0,,,,,0,,,,,0,0,0,,0
,"/de/blogs/dolls-info-qustions/anal-pleasure-with-big-booty-sex-doll",2,2,0,0,0,0,2,,0,0,0,0,1,1,,2,2,2,0,0,0,0,2,,0,0,0,0,1,1,,2,0,0,,,,,0,,,,,,0,0,,0
,"/en-ca/collections/mini-torso",2,2,0,0,0,0,6,,0,0,0,585,3,0.5,,1,2,2,0,0,0,0,6,,0,0,0,585,3,0.5,,1,0,0,,,,,0,,,,,0,0,0,,0
"Product","/products/h377-ros-silicone-sex-doll-head%E4%B8%A8galatate-doll-head",2,2,0,0,0,0,4,,0,0,0,3,2,0.5,,1,2,2,0,0,0,0,4,,0,0,0,3,2,0.5,,1,0,0,,,,,0,,,,,0,0,0,,0
"Product","/products/a323-big-ass-torso-liquid-silicone-32lb-chubby-belly-ass",2,2,0,0,0,0,4,,0,0,0,478.5,2,0.5,,1,2,2,0,0,0,0,4,,0,0,0,478.5,2,0.5,,1,0,0,,,,,0,,,,,0,0,0,,0
"Product","/products/l46850lb-110cm-tpe-sexy-lifesize-sex-doll-legs-qita-doll",2,2,0,0,0,0,3,,0,0,0,155.5,1.5,0.5,,1,2,2,0,0,0,0,3,,0,0,0,155.5,1.5,0.5,,1,0,0,,,,,0,,,,,0,0,0,,0
,"/de/blogs/dolls-info-qustions/the-ultimate-guide-to-starpery-sex-dolls-the-realism-and-innovation",2,2,0,0,0,0,2,,0,0,0,0,1,1,,2,2,2,0,0,0,0,2,,0,0,0,0,1,1,,2,0,0,,,,,0,,,,,,0,0,,0
"Product","/products/f672-dania-170cm-5ft5-full-silicone-sci-fi-nude-anime-silicone-sex-doll-zelex-doll",1,2,0,0,0,0,15,,0,0,0,556.5,7.5,0,,0,1,2,0,0,0,0,15,,0,0,0,556.5,7.5,0,,0,0,0,,,,,0,,,,,0,0,,,
,"/en-ca/blogs/dolls-info-qustions/4-recommended-futa-sex-dolls-a-guide-to-realistic-touch-and-dual-gender-appeal",2,2,0,0,0,0,2,,0,0,0,0,1,1,,2,2,2,0,0,0,0,2,,0,0,0,0,1,1,,2,0,0,,,,,0,,,,,,0,0,,0
"Product","/products/f5692-h-cup-silicone-super-fat-big-belly-bbw-sex-doll",2,2,0,0,0,0,30,,0,0,0,588.5,15,0.5,,1,2,2,0,0,0,0,30,,0,0,0,588.5,15,0.5,,1,0,0,,,,,0,,,,,0,0,0,,0
"Product","/products/f9328-150cm-4ft9-41kg-b-cup-ros-silicone-head-shemale-real-size-sex-doll-doll-castle",1,2,0,0,0,0,3,,0,0,0,463.5,1.5,0.5,,1,1,2,0,0,0,0,3,,0,0,0,463.5,1.5,0.5,,1,0,0,,,,,0,,,,,0,0,0,,0
,"/de/collections/movie-music-celebrities",2,2,0,0,0,0,5,,0,0,0,45.5,2.5,0.5,,1,2,2,0,0,0,0,5,,0,0,0,45.5,2.5,0.5,,1,0,0,,,,,0,,,,,0,0,0,,0
"Product","/products/t371-24lbs-61cm-bbw-realistic-torso-sex-dolls",2,2,0,0,0,0,12,,0,0,0,1109,6,0.5,,1,2,2,0,0,0,0,12,,0,0,0,1109,6,0.5,,1,0,0,,,,,0,,,,,0,0,0,,0
"Product","/products/f4847-150cm4ft11-25kg-d-cup-silicone-ros-asian-japanese-mini-sex-doll%E4%B8%A8doll-senior",1,2,0,0,0,0,3,,0,0,0,676,1.5,0.5,,1,1,2,0,0,0,0,3,,0,0,0,676,1.5,0.5,,1,0,0,,,,,0,,,,,0,0,0,,0
"Blog Article","/blogs/dolls-info-qustions/budget-under-200-check-out-these-7-cheap-mini-sex-dolls",2,2,0,0,0,0,3,,0,0,0,69,1.5,0.5,,1,2,2,0,0,0,0,3,,0,0,0,69,1.5,0.5,,1,0,0,,,,,0,,,,,0,0,0,,0
,"/de/collections/firefly-diary-videos",1,2,0,0,0,0,2,,0,0,0,0,1,1,,2,1,2,0,0,0,0,2,,0,0,0,0,1,1,,2,0,0,,,,,0,,,,,,0,0,,0
"Collection","/collections/smiling-sex-doll",2,2,0,0,0,0,9,,0,0,0,47.5,4.5,0,,0,2,2,0,0,0,0,9,,0,0,0,47.5,4.5,0,,0,0,0,,,,,0,,,,,0,0,,,
,"/de/collections/big-ass-sex-doll-torso",2,2,0,0,0,0,27,,0,0,0,345.5,13.5,0,,0,2,2,0,0,0,0,27,,0,0,0,345.5,13.5,0,,0,0,0,,,,,0,,,,,0,0,,,
"Collection","/collections/jiuai",2,2,0,0,0,0,8,,0,0,0,141,4,0.5,,1,2,2,0,0,0,0,8,,0,0,0,141,4,0.5,,1,0,0,,,,,0,,,,,0,0,0,,0
,"/en-ca/blogs/dolls-info-qustions/test-3",2,2,0,0,0,0,2,,0,0,0,0,1,1,,2,2,2,0,0,0,0,2,,0,0,0,0,1,1,,2,0,0,,,,,0,,,,,,0,0,,0
"Collection","/collections/azm-doll",2,2,0,0,0,0,9,,0,0,0,206,4.5,0.5,,1,2,2,0,0,0,0,9,,0,0,0,206,4.5,0.5,,1,0,0,,,,,0,,,,,0,0,0,,0
"Product","/products/b43-silicone-sex-doll-big-boobs-torso-gel-breasts",1,2,0,0,0,0,7,,0,0,0,1035.5,3.5,0.5,,1,1,2,0,0,0,0,7,,0,0,0,1035.5,3.5,0.5,,1,0,0,,,,,0,,,,,0,0,0,,0
"Blog Article","/blogs/dolls-info-qustions/dress-up-your-male-sex-doll",2,2,0,0,0,0,21,,0,0,0,295,10.5,0.5,,1,2,2,0,0,0,0,21,,0,0,0,295,10.5,0.5,,1,0,0,,,,,0,,,,,0,0,0,,0
"Product","/products/f5707k-168cm-5ft6-40kg-a-cup-rabbit-police-officer-anime-best-animal-hentai-sex-doll-in-stock-castle-doll",1,2,0,0,0,0,9,,0,0,0,70,4.5,0,,0,1,2,0,0,0,0,9,,0,0,0,70,4.5,0,,0,0,0,,,,,0,,,,,0,0,,,
"Collection","/collections/top-fire-doll-factory-photos",1,2,0,0,0,0,17,,0,0,0,1055.5,8.5,0,,0,1,2,0,0,0,0,17,,0,0,0,1055.5,8.5,0,,0,0,0,,,,,0,,,,,0,0,,,
"Product","/products/sigafun-f728-164cm-g-cup-sex-doll-emotional-support-companion",1,2,0,0,0,0,10,,0,0,0,95,5,0.5,,1,1,2,0,0,0,0,10,,0,0,0,95,5,0.5,,1,0,0,,,,,0,,,,,0,0,0,,0
"Collection","/collections/all/big-ass",2,2,0,0,0,0,8,,0,0,0,263.5,4,0,,0,2,2,0,0,0,0,8,,0,0,0,263.5,4,0,,0,0,0,,,,,0,,,,,0,0,,,
,"/ja/blogs/dolls-info-qustions/recommended-electric-torso-dolls",2,2,0,0,0,0,2,,0,0,0,0,1,1,,2,2,2,0,0,0,0,2,,0,0,0,0,1,1,,2,0,0,,,,,0,,,,,,0,0,,0
"Product","/products/f9118-150cm-36kg-silicone-full-size-hentai-animal-alien-sex-doll-ridmii",2,2,0,0,0,0,8,,0,0,0,1012.5,4,0,,0,2,2,0,0,0,0,8,,0,0,0,1012.5,4,0,,0,0,0,,,,,0,,,,,0,0,,,
,"/en-ca/blogs/dolls-info-qustions/how-to-eat-ass-a-deep-dive-into-rimming-techniques-and-sex-doll-play",2,2,0,0,0,0,3,,0,0,0,32.5,1.5,0.5,,1,2,2,0,0,0,0,3,,0,0,0,32.5,1.5,0.5,,1,0,0,,,,,0,,,,,0,0,0,,0
"Product","/products/f8145-154cm5ft1-32-4kg-c-cup-black-silicone-head-sex-doll-climax-doll-pro",1,2,0,0,0,0,2,,0,0,0,0,1,1,,2,1,2,0,0,0,0,2,,0,0,0,0,1,1,,2,0,0,,,,,0,,,,,,0,0,,0
"Blog Article","/blogs/dolls-info-qustions/types-of-femboy-sex-dolls",2,2,0,0,0,0,3,,0,0,0,65,1.5,0.5,,1,2,2,0,0,0,0,3,,0,0,0,65,1.5,0.5,,1,0,0,,,,,0,,,,,0,0,0,,0
"Product","/products/p401-zombaebby-hentai-onahole-pocket-pussy-mrl",2,2,0,0,0,0,3,,0,0,0,40,1.5,0.5,,1,2,2,0,0,0,0,3,,0,0,0,40,1.5,0.5,,1,0,0,,,,,0,,,,,0,0,0,,0
"Product","/products/f4780-162cm5-4ft-39-5kg-2-2u-b-cup-asian-real-silicone-chinese-sex-doll-bezlya-doll",1,2,0,0,0,0,2,,0,0,0,0,1,1,,2,1,2,0,0,0,0,2,,0,0,0,0,1,1,,2,0,0,,,,,0,,,,,,0,0,,0
,"/en-ca/blogs/dolls-info-qustions/4-tips-for-oral-sex-with-blow-job-dolls-to-enhance-your-sexual-experience",2,2,0,0,0,0,2,,0,0,0,0,1,1,,2,2,2,0,0,0,0,2,,0,0,0,0,1,1,,2,0,0,,,,,0,,,,,,0,0,,0
"Collection","/collections/jiusheng-doll",2,2,0,0,0,0,7,,0,0,0,52,3.5,0,,0,2,2,0,0,0,0,7,,0,0,0,52,3.5,0,,0,0,0,,,,,0,,,,,0,0,,,
"Product","/products/f1448-153cm5ft-34kg-h-cup-celebrity-tpe-sex-doll-aibei-doll",2,2,0,0,0,0,3,,0,0,0,29,1.5,0.5,,1,2,2,0,0,0,0,3,,0,0,0,29,1.5,0.5,,1,0,0,,,,,0,,,,,0,0,0,,0
"Product","/products/f6227-163cm-5ft4-51kg-h-cup-asian-ros-silicone-sex-doll-shedoll",2,2,0,0,0,0,2,,0,0,0,0,1,1,,2,2,2,0,0,0,0,2,,0,0,0,0,1,1,,2,0,0,,,,,0,,,,,,0,0,,0
"Collection","/collections/irontech-oriental",2,2,0,0,0,0,50,,0,0,0,815,25,0,,0,2,2,0,0,0,0,50,,0,0,0,815,25,0,,0,0,0,,,,,0,,,,,0,0,,,
,"/en-ca/collections/aibei-doll",2,2,0,0,0,0,5,,0,0,0,63.5,2.5,0.5,,1,2,2,0,0,0,0,5,,0,0,0,63.5,2.5,0.5,,1,0,0,,,,,0,,,,,0,0,0,,0
,"/en-ca/blogs/dolls-info-qustions/how-to-titty-fuck-experience-the-ultimate-pleasure-with-a-huge-breast-sex-doll",2,2,0,0,0,0,2,,0,0,0,0,1,1,,2,2,2,0,0,0,0,2,,0,0,0,0,1,1,,2,0,0,,,,,0,,,,,,0,0,,0
,"/de/collections/halloween-sex-doll",2,2,0,0,0,0,18,,0,0,0,877,9,0,,0,2,2,0,0,0,0,18,,0,0,0,877,9,0,,0,0,0,,,,,0,,,,,0,0,,,
"Blog Article","/blogs/featured-blog/the-ultimate-guide-to-cleaning-powered-sex-dolls-keep-your-toy-safe-clean-and-fully-functional",2,2,0,0,0,0,2,,0,0,0,0,1,1,,2,2,2,0,0,0,0,2,,0,0,0,0,1,1,,2,0,0,,,,,0,,,,,,0,0,,0
"Product","/products/a495-35-27lb-brenda-big-ass-sex-doll-lifesize-realistic-sex-doll-with-big-booty-lovenestle-inf",2,2,0,0,0,0,4,,0,0,0,148.5,2,0.5,,1,2,2,0,0,0,0,4,,0,0,0,148.5,2,0.5,,1,0,0,,,,,0,,,,,0,0,0,,0
,"/en-ca/collections/pocket-pussy-ass",2,2,0,0,0,0,11,,0,0,0,407.5,5.5,0.5,,1,2,2,0,0,0,0,11,,0,0,0,407.5,5.5,0.5,,1,0,0,,,,,0,,,,,0,0,0,,0
"Product","/products/f2597-167cm5ft5-d-cup-penny-dark-tanned-silicone-sex-doll-irontech-doll",2,2,0,0,0,0,2,,0,0,0,0,1,1,,2,2,2,0,0,0,0,2,,0,0,0,0,1,1,,2,0,0,,,,,0,,,,,,0,0,,0
"Collection","/collections/all/f-cup",2,2,0,0,0,0,12,,0,0,0,503.5,6,0,,0,2,2,0,0,0,0,12,,0,0,0,503.5,6,0,,0,0,0,,,,,0,,,,,0,0,,,
,"/en-fi/collections/vendors",2,2,0,0,0,0,4,,0,0,0,87.5,2,0.5,,1,2,2,0,0,0,0,4,,0,0,0,87.5,2,0.5,,1,0,0,,,,,0,,,,,0,0,0,,0
"Product","/products/f1712-168cm-5ft5-h-cup-bbw-realistic-silicone-sex-doll-starpery-doll",2,2,0,0,0,0,2,,0,0,0,0,1,1,,2,2,2,0,0,0,0,2,,0,0,0,0,1,1,,2,0,0,,,,,0,,,,,,0,0,,0
"Product","/products/f9194-47-5kg-m-cup-goat-mommy-anime-realistic-silicone-hentai-sex-doll-doll-castle",2,2,0,0,0,0,4,,0,0,0,17,2,0.5,,1,2,2,0,0,0,0,4,,0,0,0,17,2,0.5,,1,0,0,,,,,0,,,,,0,0,0,,0
"Blog Article","/blogs/dolls-info-qustions/solo-play-with-twist-how-to-combine-sex-doll-with-sex-swing-for-maximum-thrill-and-safety",2,2,0,0,0,0,4,,0,0,0,471.5,2,0.5,,1,2,2,0,0,0,0,4,,0,0,0,471.5,2,0.5,,1,0,0,,,,,0,,,,,0,0,0,,0
"Checkout","/60719464687/orders/b9c9b42d162ad4507382a02c82917642",1,2,0,0,0,0,2,,0,0,0,0,1,1,,2,1,2,0,0,0,0,2,,0,0,0,0,1,1,,2,0,0,,,,,0,,,,,,0,0,,0
"Product","/products/h428-ros-free-hair-impants-real-oral-movable-jaw-silicone-sex-doll-head-sy-doll",2,2,0,0,0,0,6,,0,0,0,107,3,0.5,,1,2,2,0,0,0,0,6,,0,0,0,107,3,0.5,,1,0,0,,,,,0,,,,,0,0,0,,0
"Blog Article","/blogs/real-sex-doll-reviews-pros-cons-real-usage-tests/evas-doll-180cm-f6229-full-review",2,2,0,0,0,0,2,,0,0,0,0,1,1,,2,2,2,0,0,0,0,2,,0,0,0,0,1,1,,2,0,0,,,,,0,,,,,,0,0,,0
"Product","/products/t683-24lbsexy-and-real-realistic-ass-sex-doll-torso",2,2,0,0,0,0,2,,0,0,0,0,1,1,,2,2,2,0,0,0,0,2,,0,0,0,0,1,1,,2,0,0,,,,,0,,,,,,0,0,,0
,"/profile",1,2,0,1,0,0,7,0,0,0.5,0,266,3.5,0,,0,1,2,0,1,0,0,7,0,0,0.5,0,266,3.5,0,,0,0,0,,0,,,0,,,0,,0,0,,,
,"/en-ca/collections/anime-cosplay-sex-doll",2,2,0,0,0,0,6,,0,0,0,43,3,0,,0,2,2,0,0,0,0,6,,0,0,0,43,3,0,,0,0,0,,,,,0,,,,,0,0,,,
"Blog Article","/blogs/dolls-info-qustions/how-to-improve-sexual-life-using-sex-dolls-exploring-new-paths-to-happiness-and-intimacy",2,2,0,0,0,0,2,,0,0,0,0,1,1,,2,2,2,0,0,0,0,2,,0,0,0,0,1,1,,2,0,0,,,,,0,,,,,,0,0,,0
"Product","/products/f3905-159cm5-2ft-37kg-a-cup-white-amy-realistic-silicone-sex-doll-in-stock-usa-fun-west-doll",2,2,0,0,0,0,46,,0,0,0,1091.5,23,0,,0,2,2,0,0,0,0,46,,0,0,0,1091.5,23,0,,0,0,0,,,,,0,,,,,0,0,,,
"Product","/products/f5646-172cm-5ft8-38-7kg-e-cup-cheap-silicone-celebrity-sex-doll-zelex-sle-2-0-in-stock-usa-canada-zelex-doll",2,2,0,0,0,0,4,,0,0,0,912.5,2,0.5,,1,2,2,0,0,0,0,4,,0,0,0,912.5,2,0.5,,1,0,0,,,,,0,,,,,0,0,0,,0
,"/ja/collections/big-ass-sex-doll-life-size",2,2,0,0,0,0,10,,0,0,0,43.5,5,0,,0,2,2,0,0,0,0,10,,0,0,0,43.5,5,0,,0,0,0,,,,,0,,,,,0,0,,,
,"/ja/blogs/dolls-info-qustions/do-sex-dolls-feel-real-1",2,2,0,0,0,0,2,,0,0,0,0,1,1,,2,2,2,0,0,0,0,2,,0,0,0,0,1,1,,2,0,0,,,,,0,,,,,,0,0,,0
"Collection","/collections/yl-doll",2,2,0,0,0,0,6,,0,0,0,84.5,3,0,,0,2,2,0,0,0,0,6,,0,0,0,84.5,3,0,,0,0,0,,,,,0,,,,,0,0,,,
"Product","/products/f4891-171cm-robotic-sex-doll-realistic-silicone-head-robot-pussy",2,2,0,0,0,0,4,,0,0,0,120.5,2,0,,0,2,2,0,0,0,0,4,,0,0,0,120.5,2,0,,0,0,0,,,,,0,,,,,0,0,,,
"Collection","/collections/20-off-life-size-sex-dolls",2,2,0,0,0,0,4,,0,0,0,60,2,0.5,,1,2,2,0,0,0,0,4,,0,0,0,60,2,0.5,,1,0,0,,,,,0,,,,,0,0,0,,0
"Product","/products/h-custom-silicone-sex-doll-head",1,2,1,1,0,0,10,0,0.5,0.5,0,1697.5,5,0.5,0,1,1,2,1,1,0,0,10,0,0.5,0.5,0,1697.5,5,0.5,0,1,0,0,0,0,,,0,,0,0,,0,0,0,,0
"Blog Article","/blogs/dolls-info-qustions/whats-the-difference-between-ecchi-and-hentai-in-japanese-anime",2,2,0,0,0,0,3,,0,0,0,14,1.5,0.5,,1,2,2,0,0,0,0,3,,0,0,0,14,1.5,0.5,,1,0,0,,,,,0,,,,,0,0,0,,0
"Blog Article","/blogs/dolls-info-qustions/best-sex-doll-torsos-of-2025-ultra-realistic-picks-for-the-ultimate-pleasure",2,2,0,0,0,0,2,,0,0,0,0,1,1,,2,2,2,0,0,0,0,2,,0,0,0,0,1,1,,2,0,0,,,,,0,,,,,,0,0,,0
"Custom Page","/pages/funwest-video",2,2,0,0,0,0,3,,0,0,0,42,1.5,0.5,,1,2,2,0,0,0,0,3,,0,0,0,42,1.5,0.5,,1,0,0,,,,,0,,,,,0,0,0,,0
,"/en-ca/blogs/real-sex-doll-reviews-pros-cons-real-usage-tests/2026-meru-hentai-sex-doll-review-comprehensive-comparison-of-4-hot-models",2,2,0,0,0,0,2,,0,0,0,0,1,1,,2,2,2,0,0,0,0,2,,0,0,0,0,1,1,,2,0,0,,,,,0,,,,,,0,0,,0
"Product","/products/f9325-150cm-5ft-27-5kg-silicone-head-hentai-figures-life-size-sex-dolls-elsa-babe",2,2,0,0,0,0,2,,0,0,0,0,1,1,,2,2,2,0,0,0,0,2,,0,0,0,0,1,1,,2,0,0,,,,,0,,,,,,0,0,,0
,"/ja/collections/naked-sex-doll",2,2,0,0,0,0,2,,0,0,0,0,1,1,,2,2,2,0,0,0,0,2,,0,0,0,0,1,1,,2,0,0,,,,,0,,,,,,0,0,,0
,"/ja/collections/bbw-latina-sex-doll",2,2,0,0,0,0,2,,0,0,0,0,1,1,,2,2,2,0,0,0,0,2,,0,0,0,0,1,1,,2,0,0,,,,,0,,,,,,0,0,,0
,"/en-ca/blogs/dolls-info-qustions/in-depth-review-of-chunmomo-bezlya-collaborative-celebrity-sex-doll",2,2,0,0,0,0,3,,0,0,0,82,1.5,0.5,,1,2,2,0,0,0,0,3,,0,0,0,82,1.5,0.5,,1,0,0,,,,,0,,,,,0,0,0,,0
"Collection","/collections/qian-you",2,2,0,0,0,0,2,,0,0,0,1.5,1,1,,2,2,2,0,0,0,0,2,,0,0,0,1.5,1,1,,2,0,0,,,,,0,,,,,0,0,0,,0
"Custom Page","/pages/sex-doll-video",2,2,0,0,0,0,3,,0,0,0,105.5,1.5,0.5,,1,2,2,0,0,0,0,3,,0,0,0,105.5,1.5,0.5,,1,0,0,,,,,0,,,,,0,0,0,,0
"Collection","/collections/black-sex-doll-luxury",1,2,0,0,0,0,6,,0,0,0,28.5,3,0.5,,1,1,2,0,0,0,0,6,,0,0,0,28.5,3,0.5,,1,0,0,,,,,0,,,,,0,0,0,,0
"List of Collections","/products/",2,2,0,0,0,0,31,,0,0,0,795.5,15.5,0.5,,1,2,2,0,0,0,0,31,,0,0,0,795.5,15.5,0.5,,1,0,0,,,,,0,,,,,0,0,0,,0
"Product","/products/a210-torso-doll-with-big-dildo-male-torso-dildo-sex-toy",1,2,0,0,0,0,2,,0,0,0,0,1,1,,2,1,2,0,0,0,0,2,,0,0,0,0,1,1,,2,0,0,,,,,0,,,,,,0,0,,0
,"/en-ca/products/f2291-funwest-blue-fantasy-sex-dolls-blue-anime-tpe-157cm-40kg-g-cup",2,2,0,0,0,0,3,,0,0,0,7,1.5,0.5,,1,2,2,0,0,0,0,3,,0,0,0,7,1.5,0.5,,1,0,0,,,,,0,,,,,0,0,0,,0
,"/en-ca/products/f4245-159cm5-2ft-27kg-b-cup-anime-tpe-hentai-sex-doll%E4%B8%A8wm-doll",2,2,0,0,0,0,2,,0,0,0,0,1,1,,2,2,2,0,0,0,0,2,,0,0,0,0,1,1,,2,0,0,,,,,0,,,,,,0,0,,0
,"/en-ca/products/f1256-165cm-g-cup-celinel-big-boobs-doll-irontech-doll",2,2,0,0,0,0,2,,0,0,0,0,1,1,,2,2,2,0,0,0,0,2,,0,0,0,0,1,1,,2,0,0,,,,,0,,,,,,0,0,,0
,"/en-ca/collections/sex-doll-torso/products/631-lifesize-sex-doll-torso",2,2,0,0,0,0,18,,0,0,0,182,9,0,,0,2,2,0,0,0,0,18,,0,0,0,182,9,0,,0,0,0,,,,,0,,,,,0,0,,,
"Product","/products/f2291-funwest-blue-fantasy-sex-dolls-blue-anime-tpe-157cm-40kg-g-cup",2,2,0,0,0,0,2,,0,0,0,0,1,1,,2,2,2,0,0,0,0,2,,0,0,0,0,1,1,,2,0,0,,,,,0,,,,,,0,0,,0
"Blog Article","/blogs/dolls-info-qustions/5-minutes-to-understand-what-a-pocket-pussy-is",2,2,0,0,0,0,2,,0,0,0,0,1,1,,2,2,2,0,0,0,0,2,,0,0,0,0,1,1,,2,0,0,,,,,0,,,,,,0,0,,0
"Product","/products/f8517-150cm-27kg-silicone-head-tpe-body-blonde-hair-flat-chest-mini-sex-doll-alma-plus-ridmii",2,2,0,0,0,0,10,,0,0,0,1016,5,0.5,,1,2,2,0,0,0,0,10,,0,0,0,1016,5,0.5,,1,0,0,,,,,0,,,,,0,0,0,,0
"Blog Article","/blogs/dolls-info-qustions/the-5-most-popular-black-sex-doll-brands-of-2025",2,2,0,0,0,0,3,,0,0,0,7.5,1.5,0.5,,1,2,2,0,0,0,0,3,,0,0,0,7.5,1.5,0.5,,1,0,0,,,,,0,,,,,0,0,0,,0
"Collection","/collections/irontech-doll-videos",2,2,0,0,0,0,52,,0,0,0,1366,26,0.5,,1,2,2,0,0,0,0,52,,0,0,0,1366,26,0.5,,1,0,0,,,,,0,,,,,0,0,0,,0
"Blog Article","/blogs/complete-sex-doll-guide-for-beginners/sex-doll-torso-usage-guide",2,2,0,0,0,0,2,,0,0,0,0,1,1,,2,2,2,0,0,0,0,2,,0,0,0,0,1,1,,2,0,0,,,,,0,,,,,,0,0,,0
"Product","/products/f4926-153cm5ft-34kg-h-cup-chubby-tpe-sex-doll-aibei-doll",1,2,0,0,0,0,19,,0,0,0,972,9.5,0,,0,1,2,0,0,0,0,19,,0,0,0,972,9.5,0,,0,0,0,,,,,0,,,,,0,0,,,
,"/ja/collections/fake-pussy-hentai-sex-doll",2,2,0,0,0,0,2,,0,0,0,0,1,1,,2,2,2,0,0,0,0,2,,0,0,0,0,1,1,,2,0,0,,,,,0,,,,,,0,0,,0
,"/ja/collections/sex-doll-factory-pictures",1,2,0,0,0,0,2,,0,0,0,0,1,1,,2,1,2,0,0,0,0,2,,0,0,0,0,1,1,,2,0,0,,,,,0,,,,,,0,0,,0
,"/en-ca/collections/demo",2,2,0,0,0,0,4,,0,0,0,6.5,2,0,,0,2,2,0,0,0,0,4,,0,0,0,6.5,2,0,,0,0,0,,,,,0,,,,,0,0,,,
"Product","/products/f6254-172cm-5-6ft-37-5kg-a-cup-realistic-flat-chest-sex-doll-top-cydoll",1,2,0,0,0,0,7,,0,0,0,353,3.5,0.5,,1,1,2,0,0,0,0,7,,0,0,0,353,3.5,0.5,,1,0,0,,,,,0,,,,,0,0,0,,0
"Product","/products/f9119-164cm-5ft5-37-5kg-g-cup-cheap-realistic-silicone-sex-dolls-zelex-sle-2-0-zelex-doll",1,2,0,0,0,0,83,,0,0,0,1981.5,41.5,0,,0,1,2,0,0,0,0,83,,0,0,0,1981.5,41.5,0,,0,0,0,,,,,0,,,,,0,0,,,
"Blog Article","/blogs/dolls-info-qustions/exploring-lightweight-options-recommended-weight-reduced-bbw-sex-dolls",1,2,0,0,0,0,2,,0,0,0,0,1,1,,2,1,2,0,0,0,0,2,,0,0,0,0,1,1,,2,0,0,,,,,0,,,,,,0,0,,0
"Product","/products/a300-46-3lb-life-size-big-booty-tpe-sex-torso-realistic-butt",1,2,0,0,0,0,2,,0,0,0,0,1,1,,2,1,2,0,0,0,0,2,,0,0,0,0,1,1,,2,0,0,,,,,0,,,,,,0,0,,0
"Product","/products/f3761-161cm5ft4-e-cup-silicone-sexy-realistic-adult-women-sex-doll-se-doll",1,2,0,0,0,0,5,,0,0,0,36.5,2.5,0,,0,1,2,0,0,0,0,5,,0,0,0,36.5,2.5,0,,0,0,0,,,,,0,,,,,0,0,,,
,"/en-ca/products/f2555-152cm5ft-26-5kg-d-cup-youthful-look-realistic-silicone-sex-doll-in-stock-usa-fun-west-doll",2,2,0,0,0,0,2,,0,0,0,0,1,1,,2,2,2,0,0,0,0,2,,0,0,0,0,1,1,,2,0,0,,,,,0,,,,,,0,0,,0
"Blog Article","/blogs/dolls-info-qustions/from-midnight-anime-to-3d-nightstands-3-hentai-sex-dolls-that-actually-exist",2,2,0,0,0,0,4,,0,0,0,15,2,0.5,,1,2,2,0,0,0,0,4,,0,0,0,15,2,0.5,,1,0,0,,,,,0,,,,,0,0,0,,0
"Blog Article","/blogs/dolls-info-qustions/7-advice-about-using-big-booty-sex-dolls",2,2,0,0,0,0,4,,0,0,0,3,2,0.5,,1,2,2,0,0,0,0,4,,0,0,0,3,2,0.5,,1,0,0,,,,,0,,,,,0,0,0,,0
"Product","/products/f2574-168cm-h-cup-most-realistic-sex-doll-silicone",1,2,0,0,0,0,2,,0,0,0,0,1,1,,2,1,2,0,0,0,0,2,,0,0,0,0,1,1,,2,0,0,,,,,0,,,,,,0,0,,0
"Blog Article","/blogs/dolls-info-qustions/whats-the-deal-with-moaning-sex-robots-anyway",2,2,0,0,0,0,2,,0,0,0,0,1,1,,2,2,2,0,0,0,0,2,,0,0,0,0,1,1,,2,0,0,,,,,0,,,,,,0,0,,0
"Blog Article","/blogs/dolls-info-qustions/3-minute-hack-master-your-robot-sex-doll-s-clamping-function",2,2,0,0,0,0,2,,0,0,0,0,1,1,,2,2,2,0,0,0,0,2,,0,0,0,0,1,1,,2,0,0,,,,,0,,,,,,0,0,,0
,"/policies/shipping-policy",1,2,0,0,0,0,15,,0,0,0,1245.5,7.5,0,,0,1,2,0,0,0,0,15,,0,0,0,1245.5,7.5,0,,0,0,0,,,,,0,,,,,0,0,,,
,"/en-ca/products/f9135-175cm-40kg-drake-strong-femboy-silicone-most-realistic-male-porn-celebrity-sex-doll-irontech-doll",2,2,0,0,0,0,2,,0,0,0,0,1,1,,2,2,2,0,0,0,0,2,,0,0,0,0,1,1,,2,0,0,,,,,0,,,,,,0,0,,0
"Product","/products/f4670-155cm5ft1-23kg-yuuki-i-e-cup-silicone-anime-big-breasted-chinese-love-doll-se-doll",2,2,0,0,0,0,2,,0,0,0,0,1,1,,2,2,2,0,0,0,0,2,,0,0,0,0,1,1,,2,0,0,,,,,0,,,,,,0,0,,0
,"/en-fi/collections/femboys-sex-doll",2,2,0,0,0,0,4,,0,0,0,7,2,0,,0,2,2,0,0,0,0,4,,0,0,0,7,2,0,,0,0,0,,,,,0,,,,,0,0,,,
,"/en-ca/collections/mini-silicone-torso",2,2,0,0,0,0,8,,0,0,0,161,4,0.5,,1,2,2,0,0,0,0,8,,0,0,0,161,4,0.5,,1,0,0,,,,,0,,,,,0,0,0,,0
,"/ja/collections/fat-sex-doll",2,2,0,0,0,0,2,,0,0,0,0,1,1,,2,2,2,0,0,0,0,2,,0,0,0,0,1,1,,2,0,0,,,,,0,,,,,,0,0,,0
"Product","/products/a553-2-43lbmini-fat-belly-fake-pussy-and-anal-ass-doll",2,2,0,0,0,0,4,,0,0,0,5,2,0.5,,1,2,2,0,0,0,0,4,,0,0,0,5,2,0.5,,1,0,0,,,,,0,,,,,0,0,0,,0
"Collection","/collections/black-sex-doll-premium",2,2,0,0,0,0,18,,0,0,0,515.5,9,0,,0,2,2,0,0,0,0,18,,0,0,0,515.5,9,0,,0,0,0,,,,,0,,,,,0,0,,,
"Custom Page","/pages/about-us",2,2,0,0,0,0,6,,0,0,0,583,3,0.5,,1,2,2,0,0,0,0,6,,0,0,0,583,3,0.5,,1,0,0,,,,,0,,,,,0,0,0,,0
"Product","/products/f8517-150cm-27kg-silicone-head-tpe-body-full-size-adult-flat-chest-sex-doll-alma-plus-in-stock-usa-ridmii",1,2,0,0,0,0,13,,0,0,0,355.5,6.5,0.5,,1,1,2,0,0,0,0,13,,0,0,0,355.5,6.5,0.5,,1,0,0,,,,,0,,,,,0,0,0,,0
"Product","/products/f4904-150cm4ft9-35-5kg-b-cup-silicone-anime-style-furry-bunny-doll-climax-doll-ultra",2,2,0,0,0,0,2,,0,0,0,0,1,1,,2,2,2,0,0,0,0,2,,0,0,0,0,1,1,,2,0,0,,,,,0,,,,,,0,0,,0
"Blog Article","/blogs/dolls-info-qustions/how-to-deal-with-stuck-joints-in-sex-dolls-professional-repair-and-maintenance-guide",2,2,0,0,0,0,2,,0,0,0,0,1,1,,2,2,2,0,0,0,0,2,,0,0,0,0,1,1,,2,0,0,,,,,0,,,,,,0,0,,0
,"/en-ca/products/f4873-162cm-5ft4-51kg-c-cup-chubby-silicone-ssbbw-sex-doll-irontech-doll",2,2,0,0,0,0,2,,0,0,0,0,1,1,,2,2,2,0,0,0,0,2,,0,0,0,0,1,1,,2,0,0,,,,,0,,,,,,0,0,,0
,"/en-ca/collections/chinese-sex-doll",2,2,0,0,0,0,3,,0,0,0,5.5,1.5,0.5,,1,2,2,0,0,0,0,3,,0,0,0,5.5,1.5,0.5,,1,0,0,,,,,0,,,,,0,0,0,,0
,"/de/collections/big-ass-sex-doll",2,2,0,0,0,0,2,,0,0,0,0,1,1,,2,2,2,0,0,0,0,2,,0,0,0,0,1,1,,2,0,0,,,,,0,,,,,,0,0,,0
"Blog Article","/blogs/dolls-info-qustions/5-reasons-fake-breasts-toys-are-trending",2,2,0,0,0,0,7,,0,0,0,263.5,3.5,0.5,,1,2,2,0,0,0,0,7,,0,0,0,263.5,3.5,0.5,,1,0,0,,,,,0,,,,,0,0,0,,0
"Product","/products/f1633-152cm-5ft-f-cup-lifelike-shemale-fuck-doll-for-hardcore-fantasies-sy-doll",2,2,0,0,0,0,9,,0,0,0,126.5,4.5,0,,0,2,2,0,0,0,0,9,,0,0,0,126.5,4.5,0,,0,0,0,,,,,0,,,,,0,0,,,
"Product","/products/f9309-165cm-f-cup-most-realistic-sex-doll-doll-senior",2,2,0,0,0,0,25,,0,0,0,496.5,12.5,0,,0,2,2,0,0,0,0,25,,0,0,0,496.5,12.5,0,,0,0,0,,,,,0,,,,,0,0,,,
,"/en-ca/collections/bbw-life-size-torso",2,2,0,0,0,0,25,,0,0,0,399,12.5,0,,0,2,2,0,0,0,0,25,,0,0,0,399,12.5,0,,0,0,0,,,,,0,,,,,0,0,,,
"Custom Page","/pages/best-sex-doll-promotions",2,2,0,0,0,0,4,,0,0,0,9.5,2,0.5,,1,2,2,0,0,0,0,4,,0,0,0,9.5,2,0.5,,1,0,0,,,,,0,,,,,0,0,0,,0
,"/en-ca/blogs/dolls-info-qustions/tpe-dolls-tearing-and-peeling-difficulties-easy-to-solve-there-is-a-trick",2,2,0,0,0,0,2,,0,0,0,0,1,1,,2,2,2,0,0,0,0,2,,0,0,0,0,1,1,,2,0,0,,,,,0,,,,,,0,0,,0
"Product","/products/firefly-diary-japanese-silicone-160cm-f734",2,2,0,0,0,0,2,,0,0,0,0,1,1,,2,2,2,0,0,0,0,2,,0,0,0,0,1,1,,2,0,0,,,,,0,,,,,,0,0,,0
"Product","/products/f110-165cm-37kg-finley-thin-face-shy-asian-teen-tpe-cute-femboy-sex-doll-qita-doll",1,2,0,0,0,0,3,,0,0,0,1,1.5,0.5,,1,1,2,0,0,0,0,3,,0,0,0,1,1.5,0.5,,1,0,0,,,,,0,,,,,0,0,0,,0
"Product","/products/f3749-166cm5ft5-bonnie-c-cup-tpe-european-teen-girls-young-cute-sex-dolls-se-doll",2,2,0,0,0,0,2,,0,0,0,0,1,1,,2,2,2,0,0,0,0,2,,0,0,0,0,1,1,,2,0,0,,,,,0,,,,,,0,0,,0
"Collection","/collections/erovenus-videos",2,2,0,0,0,0,5,,0,0,0,60.5,2.5,0.5,,1,2,2,0,0,0,0,5,,0,0,0,60.5,2.5,0.5,,1,0,0,,,,,0,,,,,0,0,0,,0
"Product","/products/t426-106cm3ft5-33-4kg-c-cup-bubble-butt-silicone-sex-doll-torso-with-head-in-stock-usa-canada-lovenestle",2,2,0,0,0,0,46,,0,0,0,868,23,0,,0,2,2,0,0,0,0,46,,0,0,0,868,23,0,,0,0,0,,,,,0,,,,,0,0,,,
,"/en-ca/products/f6129-170cm-5ft6-40kg-d-cup-s11-tpe-silicone-head-sex-doll-sy-doll",2,2,0,0,0,0,2,,0,0,0,0,1,1,,2,2,2,0,0,0,0,2,,0,0,0,0,1,1,,2,0,0,,,,,0,,,,,,0,0,,0
,"/en-ca/products/f1633-152cm-5ft-f-cup-lifelike-shemale-fuck-doll-for-hardcore-fantasies-sy-doll",2,2,0,0,0,0,2,,0,0,0,0,1,1,,2,2,2,0,0,0,0,2,,0,0,0,0,1,1,,2,0,0,,,,,0,,,,,,0,0,,0
"Collection","/collections/sex-doll-torso-combination-package-for-couples",2,2,0,0,0,0,2,,0,0,0,0,1,1,,2,2,2,0,0,0,0,2,,0,0,0,0,1,1,,2,0,0,,,,,0,,,,,,0,0,,0
"Blog Article","/blogs/dolls-info-qustions/don-t-let-stains-ruin-your-doll-the-complete-guide-to-cleaning-tpe-sex-dolls",2,2,0,0,0,0,4,,0,0,0,129,2,0.5,,1,2,2,0,0,0,0,4,,0,0,0,129,2,0.5,,1,0,0,,,,,0,,,,,0,0,0,,0
"Blog Article","/blogs/featured-blog/complete-guide-to-fixing-tpe-full-size-sex-doll-makeup-fading",2,2,0,0,0,0,4,,0,0,0,43,2,0,,0,2,2,0,0,0,0,4,,0,0,0,43,2,0,,0,0,0,,,,,0,,,,,0,0,,,
"Blog Article","/blogs/dolls-info-qustions/4-tips-for-oral-sex-with-blow-job-dolls-to-enhance-your-sexual-experience",2,2,0,0,0,0,2,,0,0,0,0,1,1,,2,2,2,0,0,0,0,2,,0,0,0,0,1,1,,2,0,0,,,,,0,,,,,,0,0,,0
"Product","/products/f5995-152cm-5ft-37kg-c-cup-movable-jaw-silicone-head-mini-sex-doll-rosretty-doll",2,2,0,0,0,0,6,,0,0,0,68.5,3,0.5,,1,2,2,0,0,0,0,6,,0,0,0,68.5,3,0.5,,1,0,0,,,,,0,,,,,0,0,0,,0
"Product","/collections/sex-doll-torso/products/592-67lb-75cm-bbw-sex-doll-torso-big-tits-big-ass-sex-doll-torso",2,2,0,0,0,0,2,,0,0,0,0,1,1,,2,2,2,0,0,0,0,2,,0,0,0,0,1,1,,2,0,0,,,,,0,,,,,,0,0,,0
"Collection","/collections/self-cleaning-ai-sex-doll",2,2,0,0,0,0,11,,0,0,0,202.5,5.5,0.5,,1,2,2,0,0,0,0,11,,0,0,0,202.5,5.5,0.5,,1,0,0,,,,,0,,,,,0,0,0,,0
,"/en-fi/collections/mini-sex-doll-torso",2,2,0,0,0,0,6,,0,0,0,57,3,0,,0,2,2,0,0,0,0,6,,0,0,0,57,3,0,,0,0,0,,,,,0,,,,,0,0,,,
,"/de/collections/anime-sex-doll-under-200",2,2,0,0,0,0,11,,0,0,0,382.5,5.5,0.5,,1,2,2,0,0,0,0,11,,0,0,0,382.5,5.5,0.5,,1,0,0,,,,,0,,,,,0,0,0,,0
,"/en-ca/products/f7595-163cm5-3ft-f-cup-great-huge-butt-tpe-ai-big-ass-bbw-chubby-sex-doll-for-men-in-stock-usa-%E4%B8%A8sy-doll",2,2,0,0,0,0,13,,0,0,0,361,6.5,0.5,,1,2,2,0,0,0,0,13,,0,0,0,361,6.5,0.5,,1,0,0,,,,,0,,,,,0,0,0,,0
,"/en-ca/products/b38-silicone-sex-doll-titfuck-torso-realistic-titfuck-to-climax",2,2,0,0,0,0,2,,0,0,0,0,1,1,,2,2,2,0,0,0,0,2,,0,0,0,0,1,1,,2,0,0,,,,,0,,,,,,0,0,,0
"Product","/products/t506",2,2,0,0,0,0,7,,0,0,0,642,3.5,0.5,,1,2,2,0,0,0,0,7,,0,0,0,642,3.5,0.5,,1,0,0,,,,,0,,,,,0,0,0,,0
"Product","/products/t450-65-92lb-silicone-big-boobs-sex-doll-torso-lovenestle",2,2,0,0,0,0,7,,0,0,0,58,3.5,0.5,,1,2,2,0,0,0,0,7,,0,0,0,58,3.5,0.5,,1,0,0,,,,,0,,,,,0,0,0,,0
"Product","/products/a599-83lb-sex-doll-torso-with-realistic-oversized-ass",2,2,0,0,0,0,8,,0,0,0,60,4,0.5,,1,2,2,0,0,0,0,8,,0,0,0,60,4,0.5,,1,0,0,,,,,0,,,,,0,0,0,,0
"Product","/products/a433-16-54lb-lucy-silicone-realistic-pussy-sex-doll-bubble-butt-hip-toy-lovenestle",1,2,0,0,0,0,2,,0,0,0,0,1,1,,2,1,2,0,0,0,0,2,,0,0,0,0,1,1,,2,0,0,,,,,0,,,,,,0,0,,0
,"/en-fi/collections/sex-doll-torso-dildo-for-woman",2,2,0,0,0,0,4,,0,0,0,52,2,0.5,,1,2,2,0,0,0,0,4,,0,0,0,52,2,0.5,,1,0,0,,,,,0,,,,,0,0,0,,0
,"/ja/blogs/dolls-info-qustions/ways-to-interact-with-femboy-sex-dolls",2,2,0,0,0,0,2,,0,0,0,0,1,1,,2,2,2,0,0,0,0,2,,0,0,0,0,1,1,,2,0,0,,,,,0,,,,,,0,0,,0
"Blog Article","/blogs/dolls-info-qustions/how-to-use-and-maintain-the-naked-sex-doll",2,2,0,0,0,0,34,,0,0,0,286.5,17,0.5,,1,2,2,0,0,0,0,34,,0,0,0,286.5,17,0.5,,1,0,0,,,,,0,,,,,0,0,0,,0
,"/en-ca/products/f1222-160cm-i-cup-celine-sex-doll-irontech-doll",1,2,0,0,0,0,15,,0,0,0,1231,7.5,0,,0,1,2,0,0,0,0,15,,0,0,0,1231,7.5,0,,0,0,0,,,,,0,,,,,0,0,,,
"Collection","/collections/7-8in-male-sex-doll",2,2,0,0,0,0,5,,0,0,0,346,2.5,0.5,,1,2,2,0,0,0,0,5,,0,0,0,346,2.5,0.5,,1,0,0,,,,,0,,,,,0,0,0,,0
"Product","/products/yeloly-silicone-with-head-106cm-t737",2,2,0,0,0,0,6,,0,0,0,179.5,3,0,,0,2,2,0,0,0,0,6,,0,0,0,179.5,3,0,,0,0,0,,,,,0,,,,,0,0,,,
,"/en-ca/collections/mini-flat-chest-sex-doll",2,2,0,0,0,0,7,,0,0,0,106.5,3.5,0.5,,1,2,2,0,0,0,0,7,,0,0,0,106.5,3.5,0.5,,1,0,0,,,,,0,,,,,0,0,0,,0
,"/ja/blogs/recent-brand-updates-new-arrivals-for-sex-dolls/se-x-bot-ai-sex-doll-head-review",2,2,0,0,0,0,2,,0,0,0,0,1,1,,2,2,2,0,0,0,0,2,,0,0,0,0,1,1,,2,0,0,,,,,0,,,,,,0,0,,0
,"/en-ca/products/f9138-160cm-34-5kg-f-cup-silicone-sex-doll-irontech-doll",2,2,0,0,0,0,2,,0,0,0,0,1,1,,2,2,2,0,0,0,0,2,,0,0,0,0,1,1,,2,0,0,,,,,0,,,,,,0,0,,0
"Collection","/collections/alien-sex-doll-heads-1",2,2,0,0,0,0,2,,0,0,0,0,1,1,,2,2,2,0,0,0,0,2,,0,0,0,0,1,1,,2,0,0,,,,,0,,,,,,0,0,,0
"Blog Article","/blogs/sex-doll-option-videos/video06-sucking-vagina",2,2,0,0,0,0,2,,0,0,0,0,1,1,,2,2,2,0,0,0,0,2,,0,0,0,0,1,1,,2,0,0,,,,,0,,,,,,0,0,,0
"Product","/products/l42548-5lb-117cm-silicone-leg-and-foot-worship-model-for-femdom-and-trampling-roleplay",2,2,1,1,0,0,28,0,0.5,0.5,0,658.5,14,0,0,0,2,2,1,1,0,0,28,0,0.5,0.5,0,658.5,14,0,0,0,0,0,0,0,,,0,,0,0,,0,0,,,
,"/en-ca/products/irontech-silicone-doll-164cm-f753",2,2,0,0,0,0,3,,0,0,0,25.5,1.5,0.5,,1,2,2,0,0,0,0,3,,0,0,0,25.5,1.5,0.5,,1,0,0,,,,,0,,,,,0,0,0,,0
,"/en-ca/products/a303-silicone-big-butt-torso-lightweight-realistic-vagina",2,2,0,0,0,0,2,,0,0,0,0,1,1,,2,2,2,0,0,0,0,2,,0,0,0,0,1,1,,2,0,0,,,,,0,,,,,,0,0,,0
"Collection","/collections/climax-doll",2,2,0,0,0,0,5,,0,0,0,240.5,2.5,0,,0,2,2,0,0,0,0,5,,0,0,0,240.5,2.5,0,,0,0,0,,,,,0,,,,,0,0,,,
"Product","/products/f9139-178cm-35-5kg-eila-adams-c-cup-silicone-porn-celebrity-sex-doll-irontech-doll",2,2,0,0,0,0,28,,0,0,0,1265,14,0,,0,2,2,0,0,0,0,28,,0,0,0,1265,14,0,,0,0,0,,,,,0,,,,,0,0,,,
,"/en-ca/pages/cheap-sex-doll-guide",2,2,0,0,0,0,8,,0,0,0,189,4,0.5,,1,2,2,0,0,0,0,8,,0,0,0,189,4,0.5,,1,0,0,,,,,0,,,,,0,0,0,,0
"Product","/products/t938-150cm-4ft9-g-cup-256-powerful-big-ass-tpe-ssbbw-plus-size-sex-dolls-2025-sy-doll",2,2,0,0,0,0,11,,0,0,0,158,5.5,0.5,,1,2,2,0,0,0,0,11,,0,0,0,158,5.5,0.5,,1,0,0,,,,,0,,,,,0,0,0,,0
"Product","/products/f9285-178cm-giant-p-cup-big-tit-sex-doll-huge-boobs",2,2,0,0,0,0,3,,0,0,0,17,1.5,0.5,,1,2,2,0,0,0,0,3,,0,0,0,17,1.5,0.5,,1,0,0,,,,,0,,,,,0,0,0,,0
,"/en-ca/pages/all-category",2,2,0,0,0,0,8,,0,0,0,39.5,4,0,,0,2,2,0,0,0,0,8,,0,0,0,39.5,4,0,,0,0,0,,,,,0,,,,,0,0,,,
"Product","/products/f5978-156cm-5ft1-f-cup-big-ass-large-breast-silicone-head-sex-doll-2025-sy-doll",1,2,0,0,0,0,2,,0,0,0,0,1,1,,2,1,2,0,0,0,0,2,,0,0,0,0,1,1,,2,0,0,,,,,0,,,,,,0,0,,0
,"/en-ca/collections/anime-elf-sex-doll",2,2,0,0,0,0,2,,0,0,0,0,1,1,,2,2,2,0,0,0,0,2,,0,0,0,0,1,1,,2,0,0,,,,,0,,,,,,0,0,,0
"Checkout","/60719464687/orders/ea9be4712acdce2e5d725e062fdbc563",1,2,0,0,0,0,3,,0,0,0,8,1.5,0.5,,1,1,2,0,0,0,0,3,,0,0,0,8,1.5,0.5,,1,0,0,,,,,0,,,,,0,0,0,,0
,"/de/collections/electric-pocket-pussy",2,2,0,0,0,0,4,,0,0,0,53.5,2,0.5,,1,2,2,0,0,0,0,4,,0,0,0,53.5,2,0.5,,1,0,0,,,,,0,,,,,0,0,0,,0
"Blog Article","/blogs/recent-brand-updates-new-arrivals-for-sex-dolls/irontech-brand-new-iron-ai-complete-highlights-breakdown",2,2,0,0,0,0,2,,0,0,0,0,1,1,,2,2,2,0,0,0,0,2,,0,0,0,0,1,1,,2,0,0,,,,,0,,,,,,0,0,,0
"Blog Article","/blogs/real-sex-doll-reviews-pros-cons-real-usage-tests/shedoll-sex-doll-real-review-hands-on-experience",2,2,0,0,0,0,3,,0,0,0,14,1.5,0.5,,1,2,2,0,0,0,0,3,,0,0,0,14,1.5,0.5,,1,0,0,,,,,0,,,,,0,0,0,,0
"Blog Article","/blogs/sex-doll-option-videos/video01-gel-breasts",2,2,0,0,0,0,2,,0,0,0,0,1,1,,2,2,2,0,0,0,0,2,,0,0,0,0,1,1,,2,0,0,,,,,0,,,,,,0,0,,0
"Product","/products/p103-5-28lb-strong-suction-cup-silicone-hentai-male-mini-sex-doll-with-dildo-tayuta",2,2,0,0,0,0,6,,0,0,0,43,3,0.5,,1,2,2,0,0,0,0,6,,0,0,0,43,3,0.5,,1,0,0,,,,,0,,,,,0,0,0,,0
"Product","/products/f2536-164cm-f-cup-s40-big-boobs-silicone-sex-doll-irontech-doll",2,2,0,0,0,0,5,,0,0,0,47.5,2.5,0.5,,1,2,2,0,0,0,0,5,,0,0,0,47.5,2.5,0.5,,1,0,0,,,,,0,,,,,0,0,0,,0
,"/en-fi/blogs/dolls-info-qustions/2025-hot-selling-japanese-sex-dolls-popular-products-and-their-unique-charm-unveiled",2,2,0,0,0,0,2,,0,0,0,0,1,1,,2,2,2,0,0,0,0,2,,0,0,0,0,1,1,,2,0,0,,,,,0,,,,,,0,0,,0
"Collection","/collections/joyotoy",2,2,0,0,0,0,2,,0,0,0,0,1,1,,2,2,2,0,0,0,0,2,,0,0,0,0,1,1,,2,0,0,,,,,0,,,,,,0,0,,0
,"/en-ca/products/f5500-171cm-5ft6-55kg-c-cup-realistic-silicone-head-tpe-body-sex-doll-in-stock-usa-sy-doll-1",2,2,0,0,0,0,2,,0,0,0,0,1,1,,2,2,2,0,0,0,0,2,,0,0,0,0,1,1,,2,0,0,,,,,0,,,,,,0,0,,0
"Checkout","/orders/6988977012975",1,2,0,0,0,0,3,,0,0,0,242,1.5,0.5,,1,1,2,0,0,0,0,3,,0,0,0,242,1.5,0.5,,1,0,0,,,,,0,,,,,0,0,0,,0
"Product","/products/f2521-160cm-5ft3-36kg-c-cup-ros-silicone-head-tpe-body-sex-doll-sy-doll",1,2,0,0,0,0,20,,0,0,0,449.5,10,0,,0,1,2,0,0,0,0,20,,0,0,0,449.5,10,0,,0,0,0,,,,,0,,,,,0,0,,,
"Collection","/collections/65cm-sex-doll",2,2,0,0,0,0,3,,0,0,0,721.5,1.5,0.5,,1,2,2,0,0,0,0,3,,0,0,0,721.5,1.5,0.5,,1,0,0,,,,,0,,,,,0,0,0,,0
,"/de/collections/top-rated-japanese-sex-dolls-in-2026",2,2,0,0,0,0,23,,0,0,0,587.5,11.5,0,,0,2,2,0,0,0,0,23,,0,0,0,587.5,11.5,0,,0,0,0,,,,,0,,,,,0,0,,,
,"/en-ca/products/f6174k-167cm5ft6-35kg-e-cup-ab29-with-ros-silicone-sex-doll-in-stock-usa-aibei-doll-luxe",2,2,0,0,0,0,5,,0,0,0,339.5,2.5,0.5,,1,2,2,0,0,0,0,5,,0,0,0,339.5,2.5,0.5,,1,0,0,,,,,0,,,,,0,0,0,,0
"Product","/products/products-a684-big-booty-ssbbw-gel-41-8lb-realistic-torso",2,2,0,0,0,0,9,,0,0,0,523,4.5,0,,0,2,2,0,0,0,0,9,,0,0,0,523,4.5,0,,0,0,0,,,,,0,,,,,0,0,,,
"Product","/products/a623-19-6lb-cecilia-cute-vagina-sex-toy%E4%B8%A8tantaly",1,2,0,0,0,0,2,,0,0,0,0,1,1,,2,1,2,0,0,0,0,2,,0,0,0,0,1,1,,2,0,0,,,,,0,,,,,,0,0,,0
"Product","/products/p88-24-3lb-sex-dolls-torso-mrl",2,2,0,0,0,0,2,,0,0,0,0,1,1,,2,2,2,0,0,0,0,2,,0,0,0,0,1,1,,2,0,0,,,,,0,,,,,,0,0,,0
,"/en-ca/products/f4871-162cm-5ft2-40kg-x-cup-bbs-ssbbw-sex-doll-body-weight-loss-starpery-doll",2,2,0,0,0,0,2,,0,0,0,0,1,1,,2,2,2,0,0,0,0,2,,0,0,0,0,1,1,,2,0,0,,,,,0,,,,,,0,0,,0
"Product","/products/f7123-159cm5-2ft-31-5kg-2-2cf-b-cup-mini-ros-silicone-asian-adult-chinese-anime-sex-doll-bezlya-doll",1,2,0,0,0,0,6,,0,0,0,1518,3,0.5,,1,1,2,0,0,0,0,6,,0,0,0,1518,3,0.5,,1,0,0,,,,,0,,,,,0,0,0,,0
,"/de/collections/18s-sex-doll",2,2,0,0,0,0,11,,0,0,0,234.5,5.5,0.5,,1,2,2,0,0,0,0,11,,0,0,0,234.5,5.5,0.5,,1,0,0,,,,,0,,,,,0,0,0,,0
"Product","/products/f1615-160cm-5ft3-c-cup-lifelike-silicone-head-sex-doll-rosretty-doll",2,2,0,0,0,0,2,,0,0,0,0,1,1,,2,2,2,0,0,0,0,2,,0,0,0,0,1,1,,2,0,0,,,,,0,,,,,,0,0,,0
"Blog Article","/blogs/dolls-info-qustions/recommended-small-breast-sex-dolls-suitable-for-japanese-porn-student-movies",2,2,0,0,0,0,10,,0,0,0,234.5,5,0.5,,1,2,2,0,0,0,0,10,,0,0,0,234.5,5,0.5,,1,0,0,,,,,0,,,,,0,0,0,,0
"Product","/products/f3511-170cm-5-6ft-43kg-d-cup-life-size-silicone-sex-doll-real-lady",2,2,0,0,0,0,3,,0,0,0,0,1.5,0.5,,1,2,2,0,0,0,0,3,,0,0,0,0,1.5,0.5,,1,0,0,,,,,0,,,,,,0,0,,0
,"/en-fi/pages/sex-doll-review-video-collection",2,2,0,0,0,0,4,,0,0,0,73,2,0.5,,1,2,2,0,0,0,0,4,,0,0,0,73,2,0.5,,1,0,0,,,,,0,,,,,0,0,0,,0
,"/ja/collections/mini-hentai-sex-doll",2,2,0,0,0,0,2,,0,0,0,0,1,1,,2,2,2,0,0,0,0,2,,0,0,0,0,1,1,,2,0,0,,,,,0,,,,,,0,0,,0
"Blog Article","/blogs/dolls-info-qustions/se-doll-review-the-difference-between-tpe-and-silicone-doll",2,2,0,0,0,0,3,,0,0,0,15,1.5,0.5,,1,2,2,0,0,0,0,3,,0,0,0,15,1.5,0.5,,1,0,0,,,,,0,,,,,0,0,0,,0
"Product","/products/f9288-164cm5-5ft-41kg-2-2u-c-cup-asian-real-ros-silicone-living-sex-doll-aitia-doll",1,2,0,0,0,0,5,,0,0,0,12,2.5,0.5,,1,1,2,0,0,0,0,5,,0,0,0,12,2.5,0.5,,1,0,0,,,,,0,,,,,0,0,0,,0
"Product","/products/h670-silicone-sex-doll-head%E4%B8%A8irontech-doll-head",2,2,0,0,0,0,15,,0,0,0,212.5,7.5,0.5,,1,2,2,0,0,0,0,15,,0,0,0,212.5,7.5,0.5,,1,0,0,,,,,0,,,,,0,0,0,,0
"Product","/products/v325-poseable-silicone-feet-for-foot-worship-realistic-sex-doll-feet-with-skeleton",1,2,0,0,0,0,6,,0,0,0,26,3,0,,0,1,2,0,0,0,0,6,,0,0,0,26,3,0,,0,0,0,,,,,0,,,,,0,0,,,
"Product","/products/h074-sex-doll-head",1,2,0,0,0,0,2,,0,0,0,0,1,1,,2,1,2,0,0,0,0,2,,0,0,0,0,1,1,,2,0,0,,,,,0,,,,,,0,0,,0
"Collection","/collections/dildo-hentai-sex-doll",2,2,0,0,0,0,2,,0,0,0,0,1,1,,2,2,2,0,0,0,0,2,,0,0,0,0,1,1,,2,0,0,,,,,0,,,,,,0,0,,0
"Product","/products/f4039-150cm-k-cup-huge-breast-tpe-sex-doll-castle-doll",2,2,0,0,0,0,20,,0,0,0,362.5,10,0.5,,1,2,2,0,0,0,0,20,,0,0,0,362.5,10,0.5,,1,0,0,,,,,0,,,,,0,0,0,,0
,"/en-fi/collections/young-male-sex-doll",2,2,0,0,0,0,2,,0,0,0,0,1,1,,2,2,2,0,0,0,0,2,,0,0,0,0,1,1,,2,0,0,,,,,0,,,,,,0,0,,0
"Product","/products/f1049-159cm5-2ft-a-cup-eudora-tpe-sex-doll-flat-chest-in-stock-usa-fun-west-doll",2,2,0,0,0,0,8,,0,0,0,93,4,0.5,,1,2,2,0,0,0,0,8,,0,0,0,93,4,0.5,,1,0,0,,,,,0,,,,,0,0,0,,0
,"/de/blogs/dolls-info-qustions/latest-mini-anime-sex-dolls-are-here-compact-and-fun",2,2,0,0,0,0,2,,0,0,0,0,1,1,,2,2,2,0,0,0,0,2,,0,0,0,0,1,1,,2,0,0,,,,,0,,,,,,0,0,,0
"Product","/products/f4759k-175cm5ft9-69kg-x-cup-huge-breast-fat-thick-ass-tpe-ssbbw-sex-doll-in-stock-castle-doll",2,2,0,0,0,0,3,,0,0,0,1.5,1.5,0.5,,1,2,2,0,0,0,0,3,,0,0,0,1.5,1.5,0.5,,1,0,0,,,,,0,,,,,0,0,0,,0
"Product","/products/f9257-160cm5ft3-35kg-e-cup-silicone-realistic-sex-doll%E4%B8%A8doll-senior",2,2,0,0,0,0,44,,0,0,0,788,22,0.5,,1,2,2,0,0,0,0,44,,0,0,0,788,22,0.5,,1,0,0,,,,,0,,,,,0,0,0,,0
"Product","/products/f6256-168cm-5ft5-35kg-f-cup-silicone-asian-realistic-sex-doll-top-cydoll",1,2,0,0,0,0,27,,0,0,0,571.5,13.5,0,,0,1,2,0,0,0,0,27,,0,0,0,571.5,13.5,0,,0,0,0,,,,,0,,,,,0,0,,,
"Collection","/collections/irontech-doll-silicone-sex-dolls",2,2,0,0,0,0,5,,0,0,0,45.5,2.5,0,,0,2,2,0,0,0,0,5,,0,0,0,45.5,2.5,0,,0,0,0,,,,,0,,,,,0,0,,,
"Product","/products/f3442-aibei-h-cup-sucking-life-size-sex-doll",2,2,0,0,0,0,2,,0,0,0,0,1,1,,2,2,2,0,0,0,0,2,,0,0,0,0,1,1,,2,0,0,,,,,0,,,,,,0,0,,0
,"/en-ca/products/f4872-162cm-5ft4-51kg-c-cup-chubby-silicone-ssbbw-sex-doll-irontech-doll-%E5%A4%8D%E5%88%B6",2,2,0,0,0,0,2,,0,0,0,0,1,1,,2,2,2,0,0,0,0,2,,0,0,0,0,1,1,,2,0,0,,,,,0,,,,,,0,0,,0
"Blog Article","/blogs/dolls-info-qustions/the-skeletal-structure-of-a-sex-doll-torso-and-its-benefits-in-practical-use",2,2,0,0,0,0,4,,0,0,0,98,2,0.5,,1,2,2,0,0,0,0,4,,0,0,0,98,2,0.5,,1,0,0,,,,,0,,,,,0,0,0,,0
"Product","/products/f9391-168cm5-6ft-39kg-b-cup-silicone-realistic-sex-doll-%E4%B8%A8zelex-doll-k-series",2,2,0,0,0,0,2,,0,0,0,0,1,1,,2,2,2,0,0,0,0,2,,0,0,0,0,1,1,,2,0,0,,,,,0,,,,,,0,0,,0
,"/en-ca/products/f5814-168cm-5ft5-35kg-f-cup-zhimin-silicone-realistic-sex-doll-top-cydoll",2,2,0,0,0,0,3,,0,0,0,18,1.5,0.5,,1,2,2,0,0,0,0,3,,0,0,0,18,1.5,0.5,,1,0,0,,,,,0,,,,,0,0,0,,0
,"/en-ca/products/f2551-159cm5-2ft-33-5kg-h-cup-ros-max-r8-honey-bronze-silicone-sex-doll-real-lady",2,2,0,0,0,0,2,,0,0,0,0,1,1,,2,2,2,0,0,0,0,2,,0,0,0,0,1,1,,2,0,0,,,,,0,,,,,,0,0,,0
"Product","/products/531sex-doll-torso",2,2,0,0,0,0,5,,0,0,0,168.5,2.5,0.5,,1,2,2,0,0,0,0,5,,0,0,0,168.5,2.5,0.5,,1,0,0,,,,,0,,,,,0,0,0,,0
,"/de/collections/curvy-sex-dolls",2,2,0,0,0,0,5,,0,0,0,55,2.5,0.5,,1,2,2,0,0,0,0,5,,0,0,0,55,2.5,0.5,,1,0,0,,,,,0,,,,,0,0,0,,0
"Product","/products/p398-2-1lbs-asphodel-anime-pocket-pussy-hentia-sex-dolls-mrl",2,2,0,0,0,0,3,,0,0,0,3.5,1.5,0.5,,1,2,2,0,0,0,0,3,,0,0,0,3.5,1.5,0.5,,1,0,0,,,,,0,,,,,0,0,0,,0
,"/en-ca/collections/huge-breasts-japanese-sex-doll",2,2,0,0,0,0,2,,0,0,0,0,1,1,,2,2,2,0,0,0,0,2,,0,0,0,0,1,1,,2,0,0,,,,,0,,,,,,0,0,,0
"Blog Article","/blogs/dolls-info-qustions/how-to-prevent-tearing-in-the-vagina-and-anus-of-tpe-or-silicone-sex-dolls",2,2,0,0,0,0,10,,0,0,0,97,5,0.5,,1,2,2,0,0,0,0,10,,0,0,0,97,5,0.5,,1,0,0,,,,,0,,,,,0,0,0,,0
,"/en-ca/collections/xingse",2,2,0,0,0,0,6,,0,0,0,83,3,0.5,,1,2,2,0,0,0,0,6,,0,0,0,83,3,0.5,,1,0,0,,,,,0,,,,,0,0,0,,0
"Product","/products/t434-2-69lb-silicone-male-masturbator-sex-toys-for-men-lovenestle",2,2,0,0,0,0,2,,0,0,0,0,1,1,,2,2,2,0,0,0,0,2,,0,0,0,0,1,1,,2,0,0,,,,,0,,,,,,0,0,,0
"Collection","/collections/anime-sex-doll-head",2,2,1,0,0,0,33,,0.5,0,0,456,16.5,0,,0,2,2,1,0,0,0,33,,0.5,0,0,456,16.5,0,,0,0,0,0,,,,0,,0,,,0,0,,,
"Collection","/collections/cst-doll",2,2,0,0,0,0,3,,0,0,0,7.5,1.5,0.5,,1,2,2,0,0,0,0,3,,0,0,0,7.5,1.5,0.5,,1,0,0,,,,,0,,,,,0,0,0,,0
"Product","/products/l36-41-45lb-107cm-sex-doll-legs-round-and-super-long-legges-torso",2,2,0,0,0,0,2,,0,0,0,0,1,1,,2,2,2,0,0,0,0,2,,0,0,0,0,1,1,,2,0,0,,,,,0,,,,,,0,0,,0
"Collection","/collections/life-size-silicone-torso",2,2,0,0,0,0,3,,0,0,0,6,1.5,0.5,,1,2,2,0,0,0,0,3,,0,0,0,6,1.5,0.5,,1,0,0,,,,,0,,,,,0,0,0,,0
"Product","/products/f704-161cm5ft3-33kg-e-cup-penny-black-silicone-sex-doll-irontech-doll",2,2,0,0,0,0,4,,0,0,0,50,2,0.5,,1,2,2,0,0,0,0,4,,0,0,0,50,2,0.5,,1,0,0,,,,,0,,,,,0,0,0,,0
,"/en-ca/blogs/dolls-info-qustions/quick-orgasm-top-7-tips-for-anal-sex-with-sex-dolls",2,2,0,0,0,0,2,,0,0,0,0,1,1,,2,2,2,0,0,0,0,2,,0,0,0,0,1,1,,2,0,0,,,,,0,,,,,,0,0,,0
"Product","/products/t59417-61lb-suntan-bbw-pear-shaped-saggy-breasts-sex-doll-torso-big-tits",2,2,0,0,0,0,9,,0,0,0,277.5,4.5,0.5,,1,2,2,0,0,0,0,9,,0,0,0,277.5,4.5,0.5,,1,0,0,,,,,0,,,,,0,0,0,,0
"Product","/collections/sex-doll-torso/products/test-501-25-3lb-45cm-life-sized-and-realistic-bbw-sex-doll-torso",2,2,0,0,0,0,2,,0,0,0,0,1,1,,2,2,2,0,0,0,0,2,,0,0,0,0,1,1,,2,0,0,,,,,0,,,,,,0,0,,0
"Product","/products/top-cydoll-168cm-ros-silicone-doll-f743",1,2,0,0,0,0,7,,0,0,0,117.5,3.5,0.5,,1,1,2,0,0,0,0,7,,0,0,0,117.5,3.5,0.5,,1,0,0,,,,,0,,,,,0,0,0,,0
,"/en-ca/products/599-83lb-sex-doll-torso-with-realistic-oversized-ass",2,2,0,0,0,0,4,,0,0,0,10.5,2,0.5,,1,2,2,0,0,0,0,4,,0,0,0,10.5,2,0.5,,1,0,0,,,,,0,,,,,0,0,0,,0
"Blog Article","/blogs/dolls-info-qustions/can-dildos-be-installed-on-sex-dolls-of-course",2,2,0,0,0,0,10,,0,0,0,114,5,0.5,,1,2,2,0,0,0,0,10,,0,0,0,114,5,0.5,,1,0,0,,,,,0,,,,,0,0,0,,0
"Blog Article","/blogs/dolls-info-qustions/unlock-the-ultimate-pleasure-code-nukige-games-hentai-sex-dolls-that-ll-melt-your-resistance-21",2,2,0,0,0,0,2,,0,0,0,0,1,1,,2,2,2,0,0,0,0,2,,0,0,0,0,1,1,,2,0,0,,,,,0,,,,,,0,0,,0
"Collection","/collections/fj-doll",2,2,0,0,0,0,2,,0,0,0,1,1,1,,2,2,2,0,0,0,0,2,,0,0,0,1,1,1,,2,0,0,,,,,0,,,,,0,0,0,,0
,"/en-ca/blogs/dolls-info-qustions/dangerous-and-fascinating-the-irresistible-allure-of-mermaid-sex-doll",2,2,0,0,0,0,3,,0,0,0,17,1.5,0.5,,1,2,2,0,0,0,0,3,,0,0,0,17,1.5,0.5,,1,0,0,,,,,0,,,,,0,0,0,,0
"Collection","/collections/new-sex-dolls-2023-05",2,2,0,0,0,0,15,,0,0,0,717,7.5,0.5,,1,2,2,0,0,0,0,15,,0,0,0,717,7.5,0.5,,1,0,0,,,,,0,,,,,0,0,0,,0
"Product","/products/f5665-175cm-5ft7-e-cup-movable-jaws-silicone-sex-doll-inspiration-zelex-doll",1,2,0,0,0,0,47,,0,0,0,1727,23.5,0,,0,1,2,0,0,0,0,47,,0,0,0,1727,23.5,0,,0,0,0,,,,,0,,,,,0,0,,,
"Product","/products/a303-silicone-big-butt-torso-lightweight-realistic-vagina",2,2,1,1,0,0,10,0,0.5,0.5,0,78,5,0,0,0,2,2,1,1,0,0,10,0,0.5,0.5,0,78,5,0,0,0,0,0,0,0,,,0,,0,0,,0,0,,,
"Product","/products/f4901-climax-doll-ultra-thick-ass-sex-dolls-usa-silicone-161cm-53kg",2,2,0,0,0,0,15,,0,0,0,282,7.5,0,,0,2,2,0,0,0,0,15,,0,0,0,282,7.5,0,,0,0,0,,,,,0,,,,,0,0,,,
,"/de/collections/big-boobs-japanese-sex-doll",2,2,0,0,0,0,22,,0,0,0,822,11,0,,0,2,2,0,0,0,0,22,,0,0,0,822,11,0,,0,0,0,,,,,0,,,,,0,0,,,
"Checkout","/checkouts/cn/hWNC5GYeLhwS4pPgcV2IPux0/en-pe",1,2,0,2,0,0,2,0,0,1,0,0.5,1,0,,0,1,2,0,2,0,0,2,0,0,1,0,0.5,1,0,,0,0,0,,0,,,0,,,0,,0,0,,,
,"/de/collections/big-ass-sex-doll-curvy-sex-doll",1,2,0,0,0,0,7,,0,0,0,94.5,3.5,0,,0,1,2,0,0,0,0,7,,0,0,0,94.5,3.5,0,,0,0,0,,,,,0,,,,,0,0,,,
"Collection","/collections/fake-ass-500-999",2,2,0,0,0,0,16,,0,0,0,328.5,8,0,,0,2,2,0,0,0,0,16,,0,0,0,328.5,8,0,,0,0,0,,,,,0,,,,,0,0,,,
"Product","/products/f3074-163cm-e-cup-silicone-head-movable-jaw-sle-body-sex-doll-zelex-doll",2,2,0,0,0,0,4,,0,0,0,98,2,0.5,,1,2,2,0,0,0,0,4,,0,0,0,98,2,0.5,,1,0,0,,,,,0,,,,,0,0,0,,0
,"/en-ca/blogs/dolls-info-qustions/zelex-fusion-series-redefining-realism-in-lifelike-dolls",2,2,0,0,0,0,4,,0,0,0,22,2,0.5,,1,2,2,0,0,0,0,4,,0,0,0,22,2,0.5,,1,0,0,,,,,0,,,,,0,0,0,,0
"Blog Article","/blogs/dolls-info-qustions/starpery-doll-2025-full-upgrade-three-major-innovations-enhancing-the-user-experience",2,2,0,0,0,0,2,,0,0,0,0,1,1,,2,2,2,0,0,0,0,2,,0,0,0,0,1,1,,2,0,0,,,,,0,,,,,,0,0,,0
"Product","/products/f6163-22kg-d-cup-animal-hentai-realistic-silicone-sex-doll-castle-doll",2,2,0,0,0,0,6,,0,0,0,548.5,3,0.5,,1,2,2,0,0,0,0,6,,0,0,0,548.5,3,0.5,,1,0,0,,,,,0,,,,,0,0,0,,0
"Collection","/collections/climax-doll-full-body-doll",2,2,0,0,0,0,23,,0,0,0,1188,11.5,0,,0,2,2,0,0,0,0,23,,0,0,0,1188,11.5,0,,0,0,0,,,,,0,,,,,0,0,,,
"Blog Article","/blogs/dolls-info-qustions/2026-must-have-the-latest-trend-in-anime-sex-dolls-revealed",2,2,0,0,0,0,3,,0,0,0,14.5,1.5,0.5,,1,2,2,0,0,0,0,3,,0,0,0,14.5,1.5,0.5,,1,0,0,,,,,0,,,,,0,0,0,,0
"Collection","/collections/se-sex-doll-torso",2,2,0,0,0,0,3,,0,0,0,14.5,1.5,0.5,,1,2,2,0,0,0,0,3,,0,0,0,14.5,1.5,0.5,,1,0,0,,,,,0,,,,,0,0,0,,0
"Blog Article","/blogs/dolls-info-qustions/sex-doll-movies",2,2,0,0,0,0,2,,0,0,0,0,1,1,,2,2,2,0,0,0,0,2,,0,0,0,0,1,1,,2,0,0,,,,,0,,,,,,0,0,,0
"Product","/products/t713-50-7lb-39-3inch-human-size-torso-sex-doll-luxury-sexiest-stripper-plump-hot-sex-toy-for-man",1,2,0,0,0,0,21,,0,0,0,403,10.5,0.5,,1,1,2,0,0,0,0,21,,0,0,0,403,10.5,0.5,,1,0,0,,,,,0,,,,,0,0,0,,0
"Blog Article","/blogs/dolls-info-qustions/traveling-with-a-sex-doll",2,2,0,0,0,0,2,,0,0,0,0,1,1,,2,2,2,0,0,0,0,2,,0,0,0,0,1,1,,2,0,0,,,,,0,,,,,,0,0,,0
,"/en-ca/products/f7675-163cm5ft3-33kg-e-cup-life-size-ros-silicone-life-size-sex-dolls-lightweight-wm-doll",2,2,0,0,0,0,8,,0,0,0,163.5,4,0.5,,1,2,2,0,0,0,0,8,,0,0,0,163.5,4,0.5,,1,0,0,,,,,0,,,,,0,0,0,,0
,"/en-ca/collections/funwest-doll-tpe",2,2,0,0,0,0,4,,0,0,0,19,2,0.5,,1,2,2,0,0,0,0,4,,0,0,0,19,2,0.5,,1,0,0,,,,,0,,,,,0,0,0,,0
,"/en-ca/collections/pocket-pussy",2,2,0,0,0,0,2,,0,0,0,0,1,1,,2,2,2,0,0,0,0,2,,0,0,0,0,1,1,,2,0,0,,,,,0,,,,,,0,0,,0
"Blog Article","/blogs/dolls-info-qustions/the-fusion-of-anime-culture-and-reality-from-figures-to-furry-sex-dolls",2,2,0,0,0,0,2,,0,0,0,0,1,1,,2,2,2,0,0,0,0,2,,0,0,0,0,1,1,,2,0,0,,,,,0,,,,,,0,0,,0
"Blog Article","/blogs/sex-doll-torso-blog/must-have-in-july-high-value-bbw-torso-sex-doll-recommendations",2,2,0,0,0,0,4,,0,0,0,219,2,0.5,,1,2,2,0,0,0,0,4,,0,0,0,219,2,0.5,,1,0,0,,,,,0,,,,,0,0,0,,0
"Blog Article","/blogs/dolls-info-qustions/anal-pleasure-with-big-booty-sex-doll",2,2,0,0,0,0,4,,0,0,0,4.5,2,0.5,,1,2,2,0,0,0,0,4,,0,0,0,4.5,2,0.5,,1,0,0,,,,,0,,,,,0,0,0,,0
"Collection","/collections/sex-doll-legs-feet",1,2,0,0,0,0,7,,0,0,0,106,3.5,0,,0,1,2,0,0,0,0,7,,0,0,0,106,3.5,0,,0,0,0,,,,,0,,,,,0,0,,,
"Product","/products/52416-8lb-54cm-charming-abs-and-big-hard-cock-boys-male-sex-dolls-torso-for-women",2,2,0,0,0,0,2,,0,0,0,0,1,1,,2,2,2,0,0,0,0,2,,0,0,0,0,1,1,,2,0,0,,,,,0,,,,,,0,0,,0
,"/de/collections/chubby-sex-doll-1",1,2,0,0,0,0,2,,0,0,0,0,1,1,,2,1,2,0,0,0,0,2,,0,0,0,0,1,1,,2,0,0,,,,,0,,,,,,0,0,,0
"Collection","/collections/top-cydoll-videos",2,2,0,0,0,0,12,,0,0,0,189,6,0.5,,1,2,2,0,0,0,0,12,,0,0,0,189,6,0.5,,1,0,0,,,,,0,,,,,0,0,0,,0
,"/en-ca/products/p897-realistic-silicone-pocket-pussy-fuck-toys-climax-doll",1,2,0,0,0,0,2,,0,0,0,0,1,1,,2,1,2,0,0,0,0,2,,0,0,0,0,1,1,,2,0,0,,,,,0,,,,,,0,0,,0
,"/en-ca/products/f4890-169cm-big-ass-robot-sex-doll-sexbot-sy-dolls",2,2,0,0,0,0,2,,0,0,0,0,1,1,,2,2,2,0,0,0,0,2,,0,0,0,0,1,1,,2,0,0,,,,,0,,,,,,0,0,,0
"Blog Article","/blogs/dolls-info-qustions/the-best-usage-of-shemale-sex-dolls",2,2,0,0,0,0,2,,0,0,0,0,1,1,,2,2,2,0,0,0,0,2,,0,0,0,0,1,1,,2,0,0,,,,,0,,,,,,0,0,,0
"Blog Article","/blogs/dolls-info-qustions/5-things-to-know-before-trying-the-stand-and-carry-sexual-position",2,2,0,0,0,0,3,,0,0,0,11,1.5,0.5,,1,2,2,0,0,0,0,3,,0,0,0,11,1.5,0.5,,1,0,0,,,,,0,,,,,0,0,0,,0
"Product","/products/a410-22lbsexy-and-real-realistic-ass-chubby-masturbator-sex-doll-torso",2,2,0,0,0,0,2,,0,0,0,0,1,1,,2,2,2,0,0,0,0,2,,0,0,0,0,1,1,,2,0,0,,,,,0,,,,,,0,0,,0
"Product","/products/f7688-22-7kg-lightweight-fantasy-milf-silicone-sex-doll-wasteland-huntress-barza-climax-doll-ulw",1,2,0,0,0,0,3,,0,0,0,21.5,1.5,0.5,,1,1,2,0,0,0,0,3,,0,0,0,21.5,1.5,0.5,,1,0,0,,,,,0,,,,,0,0,0,,0
"Blog Article","/blogs/dolls-info-qustions/how-a-most-realistic-male-sex-doll-is-manufactured",2,2,0,0,0,0,4,,0,0,0,1,2,0.5,,1,2,2,0,0,0,0,4,,0,0,0,1,2,0.5,,1,0,0,,,,,0,,,,,0,0,0,,0
"Blog Article","/blogs/dolls-info-qustions/japanese-girls-become-the-most-popular-women",2,2,0,0,0,0,2,,0,0,0,0,1,1,,2,2,2,0,0,0,0,2,,0,0,0,0,1,1,,2,0,0,,,,,0,,,,,,0,0,,0
"Product","/products/f3774-153cm-5ft44kg-g-cup-tpe-sexy-mature-woman-big-butt-sex-doll-yl-doll",2,2,0,0,0,0,37,,0,0,0,1070.5,18.5,0.5,,1,2,2,0,0,0,0,37,,0,0,0,1070.5,18.5,0.5,,1,0,0,,,,,0,,,,,0,0,0,,0
"Blog Article","/blogs/real-sex-doll-reviews-pros-cons-real-usage-tests/7-top-brands-of-silicone-sex-dolls-jelly-breast-experience-which-is-the-softest-and-most-realistic",2,2,0,0,0,0,10,,0,0,0,907,5,0,,0,2,2,0,0,0,0,10,,0,0,0,907,5,0,,0,0,0,,,,,0,,,,,0,0,,,
"Product","/products/a353-7-7lb-silicone-meru-ass-torso-sex-doll-mrl",2,2,0,0,0,0,22,,0,0,0,404,11,0,,0,2,2,0,0,0,0,22,,0,0,0,404,11,0,,0,0,0,,,,,0,,,,,0,0,,,
,"/en-ca/blogs/complete-sex-doll-guide-for-beginners/the-ultimate-2026-tpe-sex-dolls-cleaning-longevity-guide",2,2,0,0,0,0,3,,0,0,0,141,1.5,0.5,,1,2,2,0,0,0,0,3,,0,0,0,141,1.5,0.5,,1,0,0,,,,,0,,,,,0,0,0,,0
"Checkout","/orders/7091244630255",1,2,0,0,0,0,10,,0,0,0,53.5,5,0.5,,1,1,2,0,0,0,0,10,,0,0,0,53.5,5,0.5,,1,0,0,,,,,0,,,,,0,0,0,,0
,"/en-ca/collections/anime-sex-doll-cheap",2,2,0,0,0,0,2,,0,0,0,0,1,1,,2,2,2,0,0,0,0,2,,0,0,0,0,1,1,,2,0,0,,,,,0,,,,,,0,0,,0
,"/en-ca/products/f2557-152cm5ft-26-5kg-d-cup-youthful-look-realistic-silicone-sex-doll-in-stock-usa-fun-west-doll",2,2,0,0,0,0,2,,0,0,0,0,1,1,,2,2,2,0,0,0,0,2,,0,0,0,0,1,1,,2,0,0,,,,,0,,,,,,0,0,,0
"Product","/products/f9145-165cm-5ft5-g-cup-realistic-silicone-full-body-sex-dolls-starpery-doll",1,2,0,0,0,0,2,,0,0,0,0,1,1,,2,1,2,0,0,0,0,2,,0,0,0,0,1,1,,2,0,0,,,,,0,,,,,,0,0,,0
"Blog Article","/blogs/dolls-info-qustions/7-best-mini-torso-sex-dolls-for-beginners",2,2,0,0,0,0,3,,0,0,0,126,1.5,0.5,,1,2,2,0,0,0,0,3,,0,0,0,126,1.5,0.5,,1,0,0,,,,,0,,,,,0,0,0,,0
"Product","/products/t289-79-37-lbs-lydia-ros-life-size-silicone-sex-doll-torso-with-head-in-stock-usa-europe-max-series",2,2,0,0,0,0,8,,0,0,0,444.5,4,0.5,,1,2,2,0,0,0,0,8,,0,0,0,444.5,4,0.5,,1,0,0,,,,,0,,,,,0,0,0,,0
"Product","/products/f8144-150cm4-9ft-27-6kg-f-cup-ros-max-r8-black-silicone-sex-doll-real-lady",2,2,0,0,0,0,2,,0,0,0,0,1,1,,2,2,2,0,0,0,0,2,,0,0,0,0,1,1,,2,0,0,,,,,0,,,,,,0,0,,0
"Collection","/collections/facial-expressions-ai-sex-doll",2,2,0,0,0,0,2,,0,0,0,0,1,1,,2,2,2,0,0,0,0,2,,0,0,0,0,1,1,,2,0,0,,,,,0,,,,,,0,0,,0
"Product","/products/a515-5-68lb-lightweight-realistic-butt-cheap-mini-sex-toy-male-masturbator",2,2,0,0,0,0,3,,0,0,0,100.5,1.5,0.5,,1,2,2,0,0,0,0,3,,0,0,0,100.5,1.5,0.5,,1,0,0,,,,,0,,,,,0,0,0,,0
"Product","/products/climax-doll-lightweight-torso-80cm-t735",2,2,0,0,0,0,6,,0,0,0,109,3,0,,0,2,2,0,0,0,0,6,,0,0,0,109,3,0,,0,0,0,,,,,0,,,,,0,0,,,
"Product","/products/f2233-150cm-4ft9-a-cup-ultra-realistic-mini-tpe-sex-doll-petite-body-with-lifelike-features-sy-doll",1,2,0,0,0,0,18,,0,0,0,506,9,0,,0,1,2,0,0,0,0,18,,0,0,0,506,9,0,,0,0,0,,,,,0,,,,,0,0,,,
"Collection","/collections/sigafun-doll",2,2,0,0,0,0,7,,0,0,0,63.5,3.5,0,,0,2,2,0,0,0,0,7,,0,0,0,63.5,3.5,0,,0,0,0,,,,,0,,,,,0,0,,,
"Product","/products/f9399-161cm-silicone-sex-doll",2,2,0,0,0,0,6,,0,0,0,464.5,3,0.5,,1,2,2,0,0,0,0,6,,0,0,0,464.5,3,0.5,,1,0,0,,,,,0,,,,,0,0,0,,0
"Product","/products/p101-0-88lb-18in-double-realistic-dildo-with-snakehead-silicone-hentai-male-sex-doll-tayuta",2,2,0,0,0,0,6,,0,0,0,338,3,0.5,,1,2,2,0,0,0,0,6,,0,0,0,338,3,0.5,,1,0,0,,,,,0,,,,,0,0,0,,0
,"/en-ca/collections/halloween-sex-doll",2,2,0,0,0,0,4,,0,0,0,68.5,2,0.5,,1,2,2,0,0,0,0,4,,0,0,0,68.5,2,0.5,,1,0,0,,,,,0,,,,,0,0,0,,0
"Collection","/collections/silver-fox-male-sex-doll",2,2,0,0,0,0,4,,0,0,0,298.5,2,0.5,,1,2,2,0,0,0,0,4,,0,0,0,298.5,2,0.5,,1,0,0,,,,,0,,,,,0,0,0,,0
,"/en-ca/collections/breast-toy",2,2,0,0,0,0,4,,0,0,0,17.5,2,0,,0,2,2,0,0,0,0,4,,0,0,0,17.5,2,0,,0,0,0,,,,,0,,,,,0,0,,,
"Product","/products/t292-70-55-lbs-chloe-ros-life-size-silicone-sex-doll-torso-with-head-in-stock-usa-europe-max-series",2,2,0,0,0,0,4,,0,0,0,173,2,0.5,,1,2,2,0,0,0,0,4,,0,0,0,173,2,0.5,,1,0,0,,,,,0,,,,,0,0,0,,0
,"/de/collections/torso-shemale-sex-doll",2,2,0,0,0,0,2,,0,0,0,0,1,1,,2,2,2,0,0,0,0,2,,0,0,0,0,1,1,,2,0,0,,,,,0,,,,,,0,0,,0
,"/en-ca/products/f4796-171cm-5ft6-55kg-c-cup-realistic-silicone-head-tpe-body-sex-doll-sy-doll",2,2,0,0,0,0,2,,0,0,0,1,1,1,,2,2,2,0,0,0,0,2,,0,0,0,1,1,1,,2,0,0,,,,,0,,,,,0,0,0,,0
"Blog Article","/blogs/dolls-info-qustions/the-best-types-of-big-ass-torso-sex-dolls-designed-for-doggy-style",2,2,0,0,0,0,16,,0,0,0,381,8,0.5,,1,2,2,0,0,0,0,16,,0,0,0,381,8,0.5,,1,0,0,,,,,0,,,,,0,0,0,,0
"Blog Article","/blogs/sex-doll-torso-blog/breast-types-for-sex-doll-torso",2,2,0,0,0,0,3,,0,0,0,24,1.5,0.5,,1,2,2,0,0,0,0,3,,0,0,0,24,1.5,0.5,,1,0,0,,,,,0,,,,,0,0,0,,0
"Product","/products/f3569-164cm5-4ft-35kg-d-cup-asian-tpe-sex-doll%E4%B8%A8wm-doll",2,2,0,0,0,0,18,,0,0,0,955,9,0,,0,2,2,0,0,0,0,18,,0,0,0,955,9,0,,0,0,0,,,,,0,,,,,0,0,,,
,"/en-fi/blogs/dolls-info-qustions/discover-the-secrets-of-the-vagina",2,2,0,0,0,0,4,,0,0,0,35.5,2,0.5,,1,2,2,0,0,0,0,4,,0,0,0,35.5,2,0.5,,1,0,0,,,,,0,,,,,0,0,0,,0
"Blog Article","/blogs/dolls-info-qustions/6-budget-sex-dolls-under-1-000-affordable-without-sacrificing-quality",2,2,0,0,0,0,5,,0,0,0,78.5,2.5,0.5,,1,2,2,0,0,0,0,5,,0,0,0,78.5,2.5,0.5,,1,0,0,,,,,0,,,,,0,0,0,,0
,"/en-fi/blogs/dolls-info-qustions/why-do-women-enjoy-anal-sex-5-honest-reasons-you-never-expected",2,2,0,0,0,0,2,,0,0,0,0,1,1,,2,2,2,0,0,0,0,2,,0,0,0,0,1,1,,2,0,0,,,,,0,,,,,,0,0,,0
"Collection","/collections/yeloly",2,2,0,0,0,0,2,,0,0,0,0,1,1,,2,2,2,0,0,0,0,2,,0,0,0,0,1,1,,2,0,0,,,,,0,,,,,,0,0,,0
,"/en-ca/products/f4807k-169cm-5ft5-50kg-d-cup-big-breasts-silicone-head-tpe-body-life-size-bbw-sex-doll-with-red-hair-sy-dolls",2,2,0,0,0,0,2,,0,0,0,0,1,1,,2,2,2,0,0,0,0,2,,0,0,0,0,1,1,,2,0,0,,,,,0,,,,,,0,0,,0
"Collection","/collections/starpery-doll-factory-photos",2,2,0,0,0,0,13,,0,0,0,306.5,6.5,0.5,,1,2,2,0,0,0,0,13,,0,0,0,306.5,6.5,0.5,,1,0,0,,,,,0,,,,,0,0,0,,0
,"/en-ca/products/f4872-162cm-5ft4-51kg-cup-chubby-silicone-ssbbw-sex-doll-irontech-doll",2,2,0,0,0,0,2,,0,0,0,0,1,1,,2,2,2,0,0,0,0,2,,0,0,0,0,1,1,,2,0,0,,,,,0,,,,,,0,0,,0
,"/de/collections/new-arrivals",2,2,0,0,0,0,5,,0,0,0,4,2.5,0.5,,1,2,2,0,0,0,0,5,,0,0,0,4,2.5,0.5,,1,0,0,,,,,0,,,,,0,0,0,,0
"Blog Article","/blogs/dolls-info-qustions/the-most-life-like-torso-sex-doll",2,2,0,0,0,0,2,,0,0,0,0,1,1,,2,2,2,0,0,0,0,2,,0,0,0,0,1,1,,2,0,0,,,,,0,,,,,,0,0,,0
,"/vi/collections/asian-sex-doll",2,2,0,0,0,0,5,,0,0,0,77,2.5,0,,0,2,2,0,0,0,0,5,,0,0,0,77,2.5,0,,0,0,0,,,,,0,,,,,0,0,,,
"Collection","/collections/galatea-doll",2,2,0,0,0,0,8,,0,0,0,146.5,4,0.5,,1,2,2,0,0,0,0,8,,0,0,0,146.5,4,0.5,,1,0,0,,,,,0,,,,,0,0,0,,0
,"/en-ca/products/f7586-174cm-5ft7-33-5kg-d-cup-silicone-celebrity-sexdoll-keisha-starpery-doll",2,2,0,0,0,0,2,,0,0,0,0,1,1,,2,2,2,0,0,0,0,2,,0,0,0,0,1,1,,2,0,0,,,,,0,,,,,,0,0,,0
"Product","/products/f8131-165cm-5ft4-34-7kg-silicone-anime-sex-doll-elsa-babe",1,2,0,0,0,0,2,,0,0,0,0,1,1,,2,1,2,0,0,0,0,2,,0,0,0,0,1,1,,2,0,0,,,,,0,,,,,,0,0,,0
,"/en-ca/blogs/dolls-info-qustions/why-do-men-love-sucking-breasts-reasons-revealed-busty-sex-doll-recommendations",2,2,0,0,0,0,2,,0,0,0,0,1,1,,2,2,2,0,0,0,0,2,,0,0,0,0,1,1,,2,0,0,,,,,0,,,,,,0,0,,0
"Product","/products/f2437-sigafun-doll-full-size-sex-doll-silicone-head-159cm-39kg-in-stock-us-eu",2,2,0,0,0,0,2,,0,0,0,0,1,1,,2,2,2,0,0,0,0,2,,0,0,0,0,1,1,,2,0,0,,,,,0,,,,,,0,0,,0
"Collection","/collections/nianta-doll",2,2,0,0,0,0,15,,0,0,0,362.5,7.5,0,,0,2,2,0,0,0,0,15,,0,0,0,362.5,7.5,0,,0,0,0,,,,,0,,,,,0,0,,,
,"/en-ca/collections/cheap-sex-doll",2,2,0,0,0,0,8,,0,0,0,816.5,4,0,,0,2,2,0,0,0,0,8,,0,0,0,816.5,4,0,,0,0,0,,,,,0,,,,,0,0,,,
"Product","/products/f4876-150cm4ft11-41kg-f-cup-fat-ass-tpe-black-bbw-real-sex-doll-castle-doll",2,2,0,0,0,0,5,,0,0,0,222.5,2.5,0.5,,1,2,2,0,0,0,0,5,,0,0,0,222.5,2.5,0.5,,1,0,0,,,,,0,,,,,0,0,0,,0
"Collection","/collections/climax-doll-factory-photos",2,2,0,0,0,0,8,,0,0,0,24.5,4,0.5,,1,2,2,0,0,0,0,8,,0,0,0,24.5,4,0.5,,1,0,0,,,,,0,,,,,0,0,0,,0
,"/en-ca/products/f1255-165cm-g-cup-hazel-big-boobs-milf-silicone-sex-doll-irontech-doll",2,2,0,0,0,0,2,,0,0,0,0,1,1,,2,2,2,0,0,0,0,2,,0,0,0,0,1,1,,2,0,0,,,,,0,,,,,,0,0,,0
"Product","/products/f2422-168cm-m-cup-shemale-trans-big-dick-musculature-shemale-sex-doll-castle-doll",2,2,0,0,0,0,2,,0,0,0,0,1,1,,2,2,2,0,0,0,0,2,,0,0,0,0,1,1,,2,0,0,,,,,0,,,,,,0,0,,0
"Blog Article","/blogs/dolls-info-qustions/what-is-the-experience-like-with-a-big-ass-sex-doll-real-feelings-in-depth-review",2,2,0,0,0,0,2,,0,0,0,0,1,1,,2,2,2,0,0,0,0,2,,0,0,0,0,1,1,,2,0,0,,,,,0,,,,,,0,0,,0
"Product","/products/602-19lb-sexy-and-real-realistic-3d-ass-sex-doll-torso",2,2,0,0,0,0,4,,0,0,0,66.5,2,0.5,,1,2,2,0,0,0,0,4,,0,0,0,66.5,2,0.5,,1,0,0,,,,,0,,,,,0,0,0,,0
,"/en-fi/collections/furry-sex-doll",2,2,0,0,0,0,4,,0,0,0,31.5,2,0,,0,2,2,0,0,0,0,4,,0,0,0,31.5,2,0,,0,0,0,,,,,0,,,,,0,0,,,
"Blog Article","/blogs/dolls-info-qustions/how-to-assemble-and-use-a-sex-doll-electric-stand",1,2,0,0,0,0,13,,0,0,0,1478.5,6.5,0,,0,1,2,0,0,0,0,13,,0,0,0,1478.5,6.5,0,,0,0,0,,,,,0,,,,,0,0,,,
"Collection","/collections/6-7in-male-sex-doll",2,2,0,0,0,0,11,,0,0,0,409.5,5.5,0,,0,2,2,0,0,0,0,11,,0,0,0,409.5,5.5,0,,0,0,0,,,,,0,,,,,0,0,,,
"Checkout","/60719464687/orders/e46a9b62fe604c0505a57c4fc004f608",1,2,0,0,0,0,3,,0,0,0,122.5,1.5,0.5,,1,1,2,0,0,0,0,3,,0,0,0,122.5,1.5,0.5,,1,0,0,,,,,0,,,,,0,0,0,,0
"Product","/products/a309-19lb-soft-silicone-realistic-big-ass-sex-dolls-torso",1,2,0,0,0,0,2,,0,0,0,0,1,1,,2,1,2,0,0,0,0,2,,0,0,0,0,1,1,,2,0,0,,,,,0,,,,,,0,0,,0
,"/de/collections/all",2,2,0,0,0,0,2,,0,0,0,0,1,1,,2,2,2,0,0,0,0,2,,0,0,0,0,1,1,,2,0,0,,,,,0,,,,,,0,0,,0
,"/en-fi/collections/teen-sex-dolls",2,2,0,0,0,0,2,,0,0,0,0,1,1,,2,2,2,0,0,0,0,2,,0,0,0,0,1,1,,2,0,0,,,,,0,,,,,,0,0,,0
"Blog Article","/blogs/recent-brand-updates-new-arrivals-for-sex-dolls/sy-doll-redefining-oral-interaction-for-robotic-sex-dolls",1,1,0,0,0,0,2,,0,0,0,4,2,0,,0,1,1,0,0,0,0,2,,0,0,0,4,2,0,,0,0,0,,,,,0,,,,,0,0,,,
,"/de/blogs/real-sex-doll-reviews-pros-cons-real-usage-tests/evas-doll-180cm-f6229-full-review",1,1,0,0,0,0,1,,0,0,0,0,1,1,,1,1,1,0,0,0,0,1,,0,0,0,0,1,1,,1,0,0,,,,,0,,,,,,0,0,,0
"Product","/products/f4872-162cm-5ft4-51kg-c-cup-chubby-silicone-ssbbw-sex-doll-irontech-doll-%E5%A4%8D%E5%88%B6",1,1,0,0,0,0,1,,0,0,0,0,1,1,,1,1,1,0,0,0,0,1,,0,0,0,0,1,1,,1,0,0,,,,,0,,,,,,0,0,,0
"Blog Article","/blogs/dolls-info-qustions/sex-experts-recommend-top-ten-sex-pillows-to-enhance-your-bbw-sex-doll-experience",1,1,0,0,0,0,1,,0,0,0,0,1,1,,1,1,1,0,0,0,0,1,,0,0,0,0,1,1,,1,0,0,,,,,0,,,,,,0,0,,0
,"/en-ca/products/t665-silicone-realistic-torso-32lbs",1,1,0,0,0,0,1,,0,0,0,0,1,1,,1,1,1,0,0,0,0,1,,0,0,0,0,1,1,,1,0,0,,,,,0,,,,,,0,0,,0
,"/de/blogs/dolls-info-qustions/top-5-sex-doll-anal",1,1,0,0,0,0,1,,0,0,0,0,1,1,,1,1,1,0,0,0,0,1,,0,0,0,0,1,1,,1,0,0,,,,,0,,,,,,0,0,,0
,"/en-ca/products/f5711-168cm-5ft6-39kg-d-cup-realistic-silicone-bbw-sex-doll-sy-doll",1,1,0,0,0,0,1,,0,0,0,0,1,1,,1,1,1,0,0,0,0,1,,0,0,0,0,1,1,,1,0,0,,,,,0,,,,,,0,0,,0
,"/ja/blogs/dolls-info-qustions/customizable-torso-summary",1,1,0,0,0,0,1,,0,0,0,0,1,1,,1,1,1,0,0,0,0,1,,0,0,0,0,1,1,,1,0,0,,,,,0,,,,,,0,0,,0
,"/de/collections/erovenus-videos",1,1,0,0,0,0,1,,0,0,0,0,1,1,,1,1,1,0,0,0,0,1,,0,0,0,0,1,1,,1,0,0,,,,,0,,,,,,0,0,,0
,"/de/collections/torso-dildo",1,1,0,0,0,0,1,,0,0,0,0,1,1,,1,1,1,0,0,0,0,1,,0,0,0,0,1,1,,1,0,0,,,,,0,,,,,,0,0,,0
"Product","/products/f311-163cm5-3ft-51kg-198-h-cup-dora-best-bbw-milf-big-booty-stpe-sex-doll-in-stock-usa-%E4%B8%A8wm-doll",1,1,0,0,0,0,2,,0,0,0,1,2,0,,0,1,1,0,0,0,0,2,,0,0,0,1,2,0,,0,0,0,,,,,0,,,,,0,0,,,
,"/en-ca/products/f4844-158cm5ft2-33kg-e-cup-silicone-ros-best-japanese-asian-sex-doll%E4%B8%A8doll-senior",1,1,0,0,0,0,1,,0,0,0,0,1,1,,1,1,1,0,0,0,0,1,,0,0,0,0,1,1,,1,0,0,,,,,0,,,,,,0,0,,0
,"/en-ca/blogs/dolls-info-qustions/why-do-men-like-to-have-sex-with-bigass-women",1,1,0,0,0,0,1,,0,0,0,0,1,1,,1,1,1,0,0,0,0,1,,0,0,0,0,1,1,,1,0,0,,,,,0,,,,,,0,0,,0
"Collection","/collections/doggystyle-sex-doll",1,1,0,0,0,0,1,,0,0,0,0,1,1,,1,1,1,0,0,0,0,1,,0,0,0,0,1,1,,1,0,0,,,,,0,,,,,,0,0,,0
"Product","/products/f4604-175cm60kg-femboy-real-life-gay-best-male-sex-doll-qita-doll/",1,1,0,0,0,0,1,,0,0,0,0,1,1,,1,1,1,0,0,0,0,1,,0,0,0,0,1,1,,1,0,0,,,,,0,,,,,,0,0,,0
"Product","/collections/sex-doll-torso/products/506-89-28lb-70cm-big-boobs-and-juicy-ass-life-size-sex-torso",1,1,0,0,0,0,5,,0,0,0,57,5,0,,0,1,1,0,0,0,0,5,,0,0,0,57,5,0,,0,0,0,,,,,0,,,,,0,0,,,
"Blog Article","/blogs/dolls-info-qustions/inside-the-2025-shenzhen-adult-expo-where-tech-meets-fantasy-in-the-world-of-sex-dolls",1,1,0,0,0,0,1,,0,0,0,0,1,1,,1,1,1,0,0,0,0,1,,0,0,0,0,1,1,,1,0,0,,,,,0,,,,,,0,0,,0
,"/de/blogs/dolls-info-qustions/2025-first-look-the-scream-worthy-new-models-of-alien-sex-dolls",1,1,0,0,0,0,1,,0,0,0,0,1,1,,1,1,1,0,0,0,0,1,,0,0,0,0,1,1,,1,0,0,,,,,0,,,,,,0,0,,0
"Product","/products/f9241k-171cm-5ft6-d-cup-lifelike-sexy-silicone-head-cheap-realistic-sex-dolls-in-stock-us-starpery-doll",1,1,1,0,0,0,7,,1,0,0,225,7,0,,0,1,1,1,0,0,0,7,,1,0,0,225,7,0,,0,0,0,0,,,,0,,0,,,0,0,,,
,"/en-fi/collections/26-30kg-57-66lbs",1,1,0,0,0,0,1,,0,0,0,0,1,1,,1,1,1,0,0,0,0,1,,0,0,0,0,1,1,,1,0,0,,,,,0,,,,,,0,0,,0
"Checkout","/60719464687/orders/6b45d1d2fec937db87aa79719aa16b51",1,1,0,0,0,0,3,,0,0,0,37,3,0,,0,1,1,0,0,0,0,3,,0,0,0,37,3,0,,0,0,0,,,,,0,,,,,0,0,,,
,"/de/products/b38-17-1lb-suntan-silicone-sex-doll-titfuck-torso",1,1,0,0,0,0,2,,0,0,0,19,2,0,,0,1,1,0,0,0,0,2,,0,0,0,19,2,0,,0,0,0,,,,,0,,,,,0,0,,,
,"/en-fi/collections/18s-sex-doll",1,1,0,0,0,0,1,,0,0,0,0,1,1,,1,1,1,0,0,0,0,1,,0,0,0,0,1,1,,1,0,0,,,,,0,,,,,,0,0,,0
"Product","/products/p92-11-46lb-juli-orgasm-girl-big-clit-huge-tits-bbw-fat-hentai-sex-dolls-torso-mrl",1,1,0,0,0,0,1,,0,0,0,0,1,1,,1,1,1,0,0,0,0,1,,0,0,0,0,1,1,,1,0,0,,,,,0,,,,,,0,0,,0
"Blog Article","/blogs/sex-doll-torso-blog/fake-pussy-why-men-choose",1,1,0,0,0,0,1,,0,0,0,0,1,1,,1,1,1,0,0,0,0,1,,0,0,0,0,1,1,,1,0,0,,,,,0,,,,,,0,0,,0
"Collection","/collections/judy-rona-in-stock-usa",1,1,0,0,0,0,2,,0,0,0,18,2,0,,0,1,1,0,0,0,0,2,,0,0,0,18,2,0,,0,0,0,,,,,0,,,,,0,0,,,
"Blog Article","/blogs/dolls-info-qustions/how-ultra-realistic-silicone-sex-dolls-are-made",1,1,0,0,0,0,1,,0,0,0,0,1,1,,1,1,1,0,0,0,0,1,,0,0,0,0,1,1,,1,0,0,,,,,0,,,,,,0,0,,0
"Collection","/collections/sy-doll-videos",1,1,0,0,0,0,1,,0,0,0,0,1,1,,1,1,1,0,0,0,0,1,,0,0,0,0,1,1,,1,0,0,,,,,0,,,,,,0,0,,0
,"/en-ca/products/f8170-150cm4-9ft-27-6kg-f-cup-ros-max-r8-lena-silicone-sex-doll-real-lady",1,1,0,0,0,0,3,,0,0,0,135,3,0,,0,1,1,0,0,0,0,3,,0,0,0,135,3,0,,0,0,0,,,,,0,,,,,0,0,,,
"Product","/products/h679-hard-silicone-anime-sex-doll-head-irokebijin-doll",1,1,0,0,0,0,3,,0,0,0,77,3,0,,0,1,1,0,0,0,0,3,,0,0,0,77,3,0,,0,0,0,,,,,0,,,,,0,0,,,
,"/en-ca/collections/wm-doll",1,1,0,0,0,0,1,,0,0,0,2,1,1,,1,1,1,0,0,0,0,1,,0,0,0,2,1,1,,1,0,0,,,,,0,,,,,0,0,0,,0
,"/en-ca/products/t908k94-8lbsblack-ssbbw-tpe-ebony-torso-sex-doll-with-huge-breasts-climax-doll-classic",1,1,0,0,0,0,1,,0,0,0,0,1,1,,1,1,1,0,0,0,0,1,,0,0,0,0,1,1,,1,0,0,,,,,0,,,,,,0,0,,0
,"/en-ca/products/p401-zombaebby-hentai-onahole-pocket-pussy-mrl",1,1,0,0,0,0,1,,0,0,0,0,1,1,,1,1,1,0,0,0,0,1,,0,0,0,0,1,1,,1,0,0,,,,,0,,,,,,0,0,,0
,"/en-ca/collections/monster-hentai-sex-doll",1,1,0,0,0,0,4,,0,0,0,11,4,0,,0,1,1,0,0,0,0,4,,0,0,0,11,4,0,,0,0,0,,,,,0,,,,,0,0,,,
,"/ja/blogs/dolls-info-qustions/why-do-women-enjoy-anal-sex-5-honest-reasons-you-never-expected",1,1,0,0,0,0,1,,0,0,0,0,1,1,,1,1,1,0,0,0,0,1,,0,0,0,0,1,1,,1,0,0,,,,,0,,,,,,0,0,,0
"Product","/products/f3085-172cm-e-cup-silicone-head-movable-jaw-sle-body-real-sex-doll-zelex-doll",1,1,0,0,0,0,2,,0,0,0,18,2,0,,0,1,1,0,0,0,0,2,,0,0,0,18,2,0,,0,0,0,,,,,0,,,,,0,0,,,
"Checkout","/checkouts/cn/hWNCy7vb9OvyJ1le4opTNw7m/en-us",1,1,0,1,0,0,1,0,0,1,0,0,1,0,,0,1,1,0,1,0,0,1,0,0,1,0,0,1,0,,0,0,0,,0,,,0,,,0,,,0,,,
"Product","/products/t280-48-5lbs-80cm-884-lightweight-life-size-sex-doll-torso-climax-doll",1,1,0,0,0,0,1,,0,0,0,0,1,1,,1,1,1,0,0,0,0,1,,0,0,0,0,1,1,,1,0,0,,,,,0,,,,,,0,0,,0
,"/ja/blogs/dolls-info-qustions/a-must-read-for-anime-fans-anime-futa-sex-dolls-bring-your-2d-fantasy-to-life",1,1,0,0,0,0,2,,0,0,0,46,2,0,,0,1,1,0,0,0,0,2,,0,0,0,46,2,0,,0,0,0,,,,,0,,,,,0,0,,,
"Product","/products/f8125k-162cm-5ft3-40-5kg-h-cup-m31-plump-body-silicone-sex-doll-in-stock-us-md-doll",1,1,1,0,0,0,20,,1,0,0,1625,20,0,,0,1,1,1,0,0,0,20,,1,0,0,1625,20,0,,0,0,0,0,,,,0,,0,,,0,0,,,
,"/en-ca/collections/real-lady",1,1,0,0,0,0,1,,0,0,0,0,1,1,,1,1,1,0,0,0,0,1,,0,0,0,0,1,1,,1,0,0,,,,,0,,,,,,0,0,,0
,"/en-fi/products/f7148-155rcm5-12ft-32-5kg-2-1-a-cup-robot-silicone-head-adult-asian-sex-doll-bezlya-doll",1,1,0,0,0,0,1,,0,0,0,0,1,1,,1,1,1,0,0,0,0,1,,0,0,0,0,1,1,,1,0,0,,,,,0,,,,,,0,0,,0
"Collection","/collections/demo",1,1,0,0,0,0,3,,0,0,0,57,3,0,,0,1,1,0,0,0,0,3,,0,0,0,57,3,0,,0,0,0,,,,,0,,,,,0,0,,,
"Collection","/collections/lusandy-doll-videos",1,1,0,0,0,0,1,,0,0,0,0,1,1,,1,1,1,0,0,0,0,1,,0,0,0,0,1,1,,1,0,0,,,,,0,,,,,,0,0,,0
"Product","/products/h984-sex-doll-head-r-irontech-doll-head",1,1,0,0,0,0,10,,0,0,0,568,10,0,,0,1,1,0,0,0,0,10,,0,0,0,568,10,0,,0,0,0,,,,,0,,,,,0,0,,,
"Product","/products/f2173-170cm-5-6ft-43kg-d-cup-zara-life-size-silicone-sex-doll-real-lady",1,1,0,0,0,0,1,,0,0,0,0,1,1,,1,1,1,0,0,0,0,1,,0,0,0,0,1,1,,1,0,0,,,,,0,,,,,,0,0,,0
"Product","/products/v325-foot-worship-silicone-doll-with-wrinkled-soles-and-arch-curve",1,1,0,0,0,0,3,,0,0,0,1,3,0,,0,1,1,0,0,0,0,3,,0,0,0,1,3,0,,0,0,0,,,,,0,,,,,0,0,,,
,"/en-fi/blogs/dolls-info-qustions/understanding-ai-robotic-sex-dolls",1,1,0,0,0,0,1,,0,0,0,0,1,1,,1,1,1,0,0,0,0,1,,0,0,0,0,1,1,,1,0,0,,,,,0,,,,,,0,0,,0
"Product","/products/a425-big-ass-realistic-silicone-torso-30-9lb",1,1,0,0,0,0,1,,0,0,0,0,1,1,,1,1,1,0,0,0,0,1,,0,0,0,0,1,1,,1,0,0,,,,,0,,,,,,0,0,,0
"Blog Article","/blogs/dolls-info-qustions/the-appeal-of-long-legs-big-butts-and-full-size-sex-doll-recommendations",1,1,0,0,0,0,1,,0,0,0,0,1,1,,1,1,1,0,0,0,0,1,,0,0,0,0,1,1,,1,0,0,,,,,0,,,,,,0,0,,0
,"/en-ca/blogs/dolls-info-qustions/recommended-electric-torso-dolls",1,1,0,0,0,0,1,,0,0,0,0,1,1,,1,1,1,0,0,0,0,1,,0,0,0,0,1,1,,1,0,0,,,,,0,,,,,,0,0,,0
,"/en-fi/blogs/dolls-info-qustions/sy-sex-dolls-introduction",1,1,0,0,0,0,1,,0,0,0,0,1,1,,1,1,1,0,0,0,0,1,,0,0,0,0,1,1,,1,0,0,,,,,0,,,,,,0,0,,0
"Checkout","/60719464687/orders/f5670e0ea7f0e52dcdad5775d12bdb51",1,1,0,0,0,0,1,,0,0,0,0,1,1,,1,1,1,0,0,0,0,1,,0,0,0,0,1,1,,1,0,0,,,,,0,,,,,,0,0,,0
"Collection","/collections/black-hair-sex-doll",1,1,0,0,0,0,1,,0,0,0,0,1,1,,1,1,1,0,0,0,0,1,,0,0,0,0,1,1,,1,0,0,,,,,0,,,,,,0,0,,0
,"/en-ca/products/f1668-158cm5f2-31-25kg-c-cup-small-breast-skiing-girl-tpe-sex-doll-aibei-doll",1,1,0,0,0,0,1,,0,0,0,0,1,1,,1,1,1,0,0,0,0,1,,0,0,0,0,1,1,,1,0,0,,,,,0,,,,,,0,0,,0
"Collection","/collections/black-sex-doll-entry-level",1,1,0,0,0,0,3,,0,0,0,53,3,0,,0,1,1,0,0,0,0,3,,0,0,0,53,3,0,,0,0,0,,,,,0,,,,,0,0,,,
"Blog Article","/blogs/dolls-info-qustions/do-older-women-still-use-sex-toys",1,1,0,0,0,0,1,,0,0,0,0,1,1,,1,1,1,0,0,0,0,1,,0,0,0,0,1,1,,1,0,0,,,,,0,,,,,,0,0,,0
"Product","/products/f2272-165cm-d-cup-tammy-skinny-silicone-sex-doll-normon-doll",1,1,0,0,0,0,17,,0,0,0,927,17,0,,0,1,1,0,0,0,0,17,,0,0,0,927,17,0,,0,0,0,,,,,0,,,,,0,0,,,
"Product","/products/f8520-166cm-33kg-silicone-ros-head-tpe-body-full-size-adult-sex-doll-lauren-in-stock-usa-ridmii",1,1,0,0,0,0,2,,0,0,0,66,2,0,,0,1,1,0,0,0,0,2,,0,0,0,66,2,0,,0,0,0,,,,,0,,,,,0,0,,,
"Checkout","/checkouts/cn/hWNCyYKa6TG9A0Eu52uP0RfN/en",1,1,0,1,0,0,1,0,0,1,0,0,1,0,,0,1,1,0,1,0,0,1,0,0,1,0,0,1,0,,0,0,0,,0,,,0,,,0,,,0,,,
"Blog Article","/blogs/featured-blog/what-are-ultra-soft-sex-dolls-the-real-feel-revolution-from-material-to-touch",1,1,0,0,0,0,1,,0,0,0,0,1,1,,1,1,1,0,0,0,0,1,,0,0,0,0,1,1,,1,0,0,,,,,0,,,,,,0,0,,0
,"/en-fi/blogs/real-sex-doll-reviews-pros-cons-real-usage-tests/best-budget-full-size-sex-dolls-in-2026-azm-ridmii-top-cy-sigafun-reviewed",1,1,0,0,0,0,1,,0,0,0,0,1,1,,1,1,1,0,0,0,0,1,,0,0,0,0,1,1,,1,0,0,,,,,0,,,,,,0,0,,0
"Product","/products/f3327-160cm-5ft239-5kg-g-cup-tpe-adult-big-chest-curve-beauty-sex-doll-yl-doll",1,1,1,0,0,0,44,,1,0,0,1140,44,0,,0,1,1,1,0,0,0,44,,1,0,0,1140,44,0,,0,0,0,0,,,,0,,0,,,0,0,,,
,"/en-ca/products/f9232-170cm-5ft7-38kg-e-cup-silicone-head-full-body-sex-doll-doll-castle",1,1,0,0,0,0,1,,0,0,0,0,1,1,,1,1,1,0,0,0,0,1,,0,0,0,0,1,1,,1,0,0,,,,,0,,,,,,0,0,,0
,"/ja/collections/41-45kg-90-99lb",1,1,0,0,0,0,1,,0,0,0,0,1,1,,1,1,1,0,0,0,0,1,,0,0,0,0,1,1,,1,0,0,,,,,0,,,,,,0,0,,0
,"/en-fi/products/9045786886383",1,1,0,0,0,0,1,,0,0,0,0,1,1,,1,1,1,0,0,0,0,1,,0,0,0,0,1,1,,1,0,0,,,,,0,,,,,,0,0,,0
"Collection","/collections/medium-breasts-sex-dolls",1,1,0,0,0,0,1,,0,0,0,0,1,1,,1,1,1,0,0,0,0,1,,0,0,0,0,1,1,,1,0,0,,,,,0,,,,,,0,0,,0
,"/en-ca/products/t411-50-7lbs-92cm-silicone-luxury-super-realistic-human-size-torso-sex-dolls-and-robots",1,1,0,0,0,0,1,,0,0,0,0,1,1,,1,1,1,0,0,0,0,1,,0,0,0,0,1,1,,1,0,0,,,,,0,,,,,,0,0,,0
"Blog Article","/blogs/dolls-info-qustions/2025-five-stylish-and-charming-chinese-sex-doll",1,1,0,0,0,0,1,,0,0,0,0,1,1,,1,1,1,0,0,0,0,1,,0,0,0,0,1,1,,1,0,0,,,,,0,,,,,,0,0,,0
"Product","/products/f4757-175cm5ft9-69kg-x-cup-large-breast-fat-ass-tpe-fat-ssbbw-sex-doll-castle-doll",1,1,0,0,0,0,15,,0,0,0,598,15,0,,0,1,1,0,0,0,0,15,,0,0,0,598,15,0,,0,0,0,,,,,0,,,,,0,0,,,
"Checkout","/checkouts/cn/hWND1WmPqSa7Jpt3bSNn8hes/en-us",1,1,1,1,0,0,1,0,1,1,0,0,1,0,0,0,1,1,1,1,0,0,1,0,1,1,0,0,1,0,0,0,0,0,0,0,,,0,,0,0,,,0,,,
"Blog Article","/blogs/sex-doll-torso-blog/comprehensive-guide-how-to-clean-a-sex-doll-torso",1,1,0,0,0,0,1,,0,0,0,0,1,1,,1,1,1,0,0,0,0,1,,0,0,0,0,1,1,,1,0,0,,,,,0,,,,,,0,0,,0
"Product","/products/f2099-171cm5-6ft-36kg-j-cup-alien-tpe-sex-doll%E4%B8%A8wm-doll",1,1,0,0,0,0,1,,0,0,0,0,1,1,,1,1,1,0,0,0,0,1,,0,0,0,0,1,1,,1,0,0,,,,,0,,,,,,0,0,,0
,"/en-ca/blogs/dolls-info-qustions/your-first-sex-doll-the-ultimate-beginner-s-guide-to-using-her-right",1,1,0,0,0,0,1,,0,0,0,0,1,1,,1,1,1,0,0,0,0,1,,0,0,0,0,1,1,,1,0,0,,,,,0,,,,,,0,0,,0
"Blog Article","/blogs/dolls-info-qustions/lets-talk-about-sex-robots-baby",1,1,0,0,0,0,1,,0,0,0,0,1,1,,1,1,1,0,0,0,0,1,,0,0,0,0,1,1,,1,0,0,,,,,0,,,,,,0,0,,0
"Product","/products/h705-ros-silicone-sex-doll-head-in-stock-usa-zelex-doll-head",1,1,0,0,0,0,1,,0,0,0,0,1,1,,1,1,1,0,0,0,0,1,,0,0,0,0,1,1,,1,0,0,,,,,0,,,,,,0,0,,0
,"/ja/pages/anime-sex-doll-buy-guide",1,1,0,0,0,0,1,,0,0,0,0,1,1,,1,1,1,0,0,0,0,1,,0,0,0,0,1,1,,1,0,0,,,,,0,,,,,,0,0,,0
"Product","/products/597-12lb-36-5cm-bbw-pear-shaped-saggy-breasts-sex-doll-torso",1,1,0,0,0,0,1,,0,0,0,0,1,1,,1,1,1,0,0,0,0,1,,0,0,0,0,1,1,,1,0,0,,,,,0,,,,,,0,0,,0
"Collection","/collections/sexy-celebrity-sexy-doll",1,1,0,0,0,0,1,,0,0,0,0,1,1,,1,1,1,0,0,0,0,1,,0,0,0,0,1,1,,1,0,0,,,,,0,,,,,,0,0,,0
"Product","/products/t393-8-9lb-heketa-anime-hentai-sex-doll-ass-mrl",1,1,0,0,0,0,1,,0,0,0,0,1,1,,1,1,1,0,0,0,0,1,,0,0,0,0,1,1,,1,0,0,,,,,0,,,,,,0,0,,0
"Product","/products/f8176-150cm-5ft-27-5kg-silicone-anime-sex-doll-elsa-babe",1,1,0,0,0,0,1,,0,0,0,0,1,1,,1,1,1,0,0,0,0,1,,0,0,0,0,1,1,,1,0,0,,,,,0,,,,,,0,0,,0
,"/en-fi/products/9081811960047",1,1,0,0,0,0,1,,0,0,0,0,1,1,,1,1,1,0,0,0,0,1,,0,0,0,0,1,1,,1,0,0,,,,,0,,,,,,0,0,,0
"Product","/products/f4023-153cm-f-cup-alien-full-silicone-sex-doll-castle-doll",1,1,0,0,0,0,18,,0,0,0,356,18,0,,0,1,1,0,0,0,0,18,,0,0,0,356,18,0,,0,0,0,,,,,0,,,,,0,0,,,
,"/en-ca/products/f6011-158cm-5ft2-47kg-c-cup-asian-ros-silicone-sex-doll-shedoll",1,1,0,0,0,0,1,,0,0,0,0,1,1,,1,1,1,0,0,0,0,1,,0,0,0,0,1,1,,1,0,0,,,,,0,,,,,,0,0,,0
"Product","/products/f8235-168cm5-5ft-34kg-b-cup-silicone-full-size-sex-doll-azm-doll",1,1,0,0,0,0,21,,0,0,0,806,21,0,,0,1,1,0,0,0,0,21,,0,0,0,806,21,0,,0,0,0,,,,,0,,,,,0,0,,,
,"/en-ca/products/f5902-158cm-5ft2-47kg-c-cup-asian-ros-silicone-sex-doll-shedoll",1,1,0,0,0,0,1,,0,0,0,0,1,1,,1,1,1,0,0,0,0,1,,0,0,0,0,1,1,,1,0,0,,,,,0,,,,,,0,0,,0
,"/ja/blogs/dolls-info-qustions/how-to-make-a-fake-ass-sex-toy",1,1,0,0,0,0,1,,0,0,0,0,1,1,,1,1,1,0,0,0,0,1,,0,0,0,0,1,1,,1,0,0,,,,,0,,,,,,0,0,,0
"Product","/products/f4824-164cm-5ft5-37-5kg-g-cup-realistic-silicone-sex-dolls-zelex-sle-2-0-in-stock-usa-canada-zelex-doll",1,1,0,0,0,0,1,,0,0,0,0,1,1,,1,1,1,0,0,0,0,1,,0,0,0,0,1,1,,1,0,0,,,,,0,,,,,,0,0,,0
"Product","/products/546-4lb-lightweight-black-ass-sex-doll-torso",1,1,0,0,0,0,1,,0,0,0,0,1,1,,1,1,1,0,0,0,0,1,,0,0,0,0,1,1,,1,0,0,,,,,0,,,,,,0,0,,0
"Collection","/collections/galaxy",1,1,0,0,0,0,6,,0,0,0,369,6,0,,0,1,1,0,0,0,0,6,,0,0,0,369,6,0,,0,0,0,,,,,0,,,,,0,0,,,
,"/en-ca/products/f4021-172cm-5ft6-f-cup-milf-silicone-sex-doll-starpery-doll",1,1,0,0,0,0,2,,0,0,0,35,2,0,,0,1,1,0,0,0,0,2,,0,0,0,35,2,0,,0,0,0,,,,,0,,,,,0,0,,,
"Product","/products/p100-0-88lb-18in-double-realistic-dildo-with-snakehead-silicone-hentai-male-sex-doll-tayuta",1,1,0,0,0,0,1,,0,0,0,0,1,1,,1,1,1,0,0,0,0,1,,0,0,0,0,1,1,,1,0,0,,,,,0,,,,,,0,0,,0
"Collection","/collections/lifesize",1,1,0,0,0,0,1,,0,0,0,0,1,1,,1,1,1,0,0,0,0,1,,0,0,0,0,1,1,,1,0,0,,,,,0,,,,,,0,0,,0
,"/en-ca/products/f6256-168cm-5ft5-35kg-f-cup-silicone-asian-realistic-sex-doll-top-cydoll",1,1,0,0,0,0,2,,0,0,0,32,2,0,,0,1,1,0,0,0,0,2,,0,0,0,32,2,0,,0,0,0,,,,,0,,,,,0,0,,,
"Product","/products/f5956-165cm5ft4-35kg-b-cup-silicone-ros-flat-chest-asian-celebrity-sex-doll%E4%B8%A8doll-senior",1,1,0,0,0,0,1,,0,0,0,0,1,1,,1,1,1,0,0,0,0,1,,0,0,0,0,1,1,,1,0,0,,,,,0,,,,,,0,0,,0
,"/en-ca/products/t912-108cm3ft7-30kg-j-cup-silicone-head-movable-jaw-sle-body-bubble-butt-sex-doll-torso-with-head-zelex-doll",1,1,0,0,0,0,1,,0,0,0,0,1,1,,1,1,1,0,0,0,0,1,,0,0,0,0,1,1,,1,0,0,,,,,0,,,,,,0,0,,0
,"/en-ca/products/f1423k-158cm5f2-31-25kg-c-cup-medium-breast-tpe-sex-doll-in-stock-usa-aibei-doll",1,1,0,0,0,0,1,,0,0,0,0,1,1,,1,1,1,0,0,0,0,1,,0,0,0,0,1,1,,1,0,0,,,,,0,,,,,,0,0,,0
,"/en-fi/pages/sex-doll-gif",1,1,0,0,0,0,1,,0,0,0,0,1,1,,1,1,1,0,0,0,0,1,,0,0,0,0,1,1,,1,0,0,,,,,0,,,,,,0,0,,0
,"/ja/cart",1,1,0,0,0,0,1,,0,0,0,0,1,1,,1,1,1,0,0,0,0,1,,0,0,0,0,1,1,,1,0,0,,,,,0,,,,,,0,0,,0
"Product","/products/f4235-162cm5-3ft-34kg-f-cup-asian-tpe-sex-doll%E4%B8%A8wm-doll",1,1,0,0,0,0,1,,0,0,0,0,1,1,,1,1,1,0,0,0,0,1,,0,0,0,0,1,1,,1,0,0,,,,,0,,,,,,0,0,,0
,"/de/collections/sex-doll-torso",1,1,1,0,0,0,46,,1,0,0,2288,46,0,,0,1,1,1,0,0,0,46,,1,0,0,2288,46,0,,0,0,0,0,,,,0,,0,,,0,0,,,
,"/en-ca/collections/best-sellers-in-pussy",1,1,0,0,0,0,1,,0,0,0,0,1,1,,1,1,1,0,0,0,0,1,,0,0,0,0,1,1,,1,0,0,,,,,0,,,,,,0,0,,0
"Product","/products/f9314-150cm-hentai-asian-doll-naked-silicone-head-elsa-babe",1,1,0,0,0,0,1,,0,0,0,0,1,1,,1,1,1,0,0,0,0,1,,0,0,0,0,1,1,,1,0,0,,,,,0,,,,,,0,0,,0
"Collection","/collections/home-most-realistic",1,1,0,0,0,0,10,,0,0,0,701,10,0,,0,1,1,0,0,0,0,10,,0,0,0,701,10,0,,0,0,0,,,,,0,,,,,0,0,,,
"Product","/products/f6280-160cm-5ft3-34kg-e-cup-silicone-closed-eyes-sex-doll-with-large-breasts-firefly-diary-max",1,1,0,0,0,0,1,,0,0,0,0,1,1,,1,1,1,0,0,0,0,1,,0,0,0,0,1,1,,1,0,0,,,,,0,,,,,,0,0,,0
,"/en-ca/products/f709-170cm-silicone-love-doll-zelex-doll-1",1,1,0,0,0,0,11,,0,0,0,998,11,0,,0,1,1,0,0,0,0,11,,0,0,0,998,11,0,,0,0,0,,,,,0,,,,,0,0,,,
"Blog Article","/blogs/dolls-info-qustions/quick-orgasm-top-7-tips-for-anal-sex-with-sex-dolls",1,1,0,0,0,0,6,,0,0,0,932,6,0,,0,1,1,0,0,0,0,6,,0,0,0,932,6,0,,0,0,0,,,,,0,,,,,0,0,,,
,"/en-ca/products/f670-165cm-silicone-love-doll-zelex-doll",1,1,0,0,0,0,1,,0,0,0,0,1,1,,1,1,1,0,0,0,0,1,,0,0,0,0,1,1,,1,0,0,,,,,0,,,,,,0,0,,0
"Product","/products/t717-44-1lb-25-2in-bbw-silicone-sex-doll-torso",1,1,0,0,0,0,1,,0,0,0,0,1,1,,1,1,1,0,0,0,0,1,,0,0,0,0,1,1,,1,0,0,,,,,0,,,,,,0,0,,0
"Blog Article","/blogs/dolls-info-qustions/women-and-sex-toys-what-you-dont-know",1,1,0,0,0,0,1,,0,0,0,0,1,1,,1,1,1,0,0,0,0,1,,0,0,0,0,1,1,,1,0,0,,,,,0,,,,,,0,0,,0
"Product","/products/f4654-174cm-g-cup-blonde-hair-british-silicone-sex-doll-starpery-doll",1,1,0,0,0,0,1,,0,0,0,0,1,1,,1,1,1,0,0,0,0,1,,0,0,0,0,1,1,,1,0,0,,,,,0,,,,,,0,0,,0
"Blog Article","/blogs/dolls-info-qustions/hot-ai-big-ass-sex-dolls-the-perfect-blend-of-sensuality-and-intelligence",1,1,0,0,0,0,1,,0,0,0,0,1,1,,1,1,1,0,0,0,0,1,,0,0,0,0,1,1,,1,0,0,,,,,0,,,,,,0,0,,0
"Blog Article","/blogs/recent-brand-updates-new-arrivals-for-sex-dolls/mrl-fantasy-sex-toys-realistic-anime-furry-and-monster-girl-torso-collection",1,1,0,0,0,0,1,,0,0,0,0,1,1,,1,1,1,0,0,0,0,1,,0,0,0,0,1,1,,1,0,0,,,,,0,,,,,,0,0,,0
"Collection","/collections/movie-music-celebrities",1,1,0,0,0,0,7,,0,0,0,2069,7,0,,0,1,1,0,0,0,0,7,,0,0,0,2069,7,0,,0,0,0,,,,,0,,,,,0,0,,,
"Checkout","/60719464687/orders/1056aea27f31b47b3dddd18fc837f4b8",1,1,0,0,0,0,1,,0,0,0,0,1,1,,1,1,1,0,0,0,0,1,,0,0,0,0,1,1,,1,0,0,,,,,0,,,,,,0,0,,0
,"/ja/collections/erovenus-sex-doll",1,1,0,0,0,0,1,,0,0,0,0,1,1,,1,1,1,0,0,0,0,1,,0,0,0,0,1,1,,1,0,0,,,,,0,,,,,,0,0,,0
"Collection","/collections/black-tpe-sex-doll",1,1,0,0,0,0,2,,0,0,0,179,2,0,,0,1,1,0,0,0,0,2,,0,0,0,179,2,0,,0,0,0,,,,,0,,,,,0,0,,,
"Product","/products/f2240-rosretty-158cm-robotic-head-life-size-sex-doll",1,1,0,0,0,0,1,,0,0,0,0,1,1,,1,1,1,0,0,0,0,1,,0,0,0,0,1,1,,1,0,0,,,,,0,,,,,,0,0,,0
,"/en-ca/collections/doggy-dildo-doll-guide-dog-knot-dildos-1",1,1,0,0,0,0,1,,0,0,0,0,1,1,,1,1,1,0,0,0,0,1,,0,0,0,0,1,1,,1,0,0,,,,,0,,,,,,0,0,,0
"Blog Article","/blogs/dolls-info-qustions/buy-your-sex-doll-now-by-afterpaypay-in-4",1,1,0,0,0,0,4,,0,0,0,112,4,0,,0,1,1,0,0,0,0,4,,0,0,0,112,4,0,,0,0,0,,,,,0,,,,,0,0,,,
"Checkout","/checkouts/cn/hWNCuTTM1YkcH1cwv5ZBShTW/en-us",1,1,1,1,0,0,1,0,1,1,0,0,1,0,0,0,1,1,1,1,0,0,1,0,1,1,0,0,1,0,0,0,0,0,0,0,,,0,,0,0,,,0,,,
"Product","/products/f2325-fun-west-155cm-34kg-f-cup-rose-small-tpe-sex-doll-usa",1,1,0,0,0,0,3,,0,0,0,72,3,0,,0,1,1,0,0,0,0,3,,0,0,0,72,3,0,,0,0,0,,,,,0,,,,,0,0,,,
"Product","/products/f2565-159cm5-2ft-33-5kg-h-cup-ros-max-r9-silicone-sex-doll-real-lady",1,1,0,0,0,0,1,,0,0,0,0,1,1,,1,1,1,0,0,0,0,1,,0,0,0,0,1,1,,1,0,0,,,,,0,,,,,,0,0,,0
"Product","/products/t966-76cm-2-5ft-36kg-g-cup-silicone-head-cheap-huge-breast-bbw-sex-doll-torso-with-head-rosretty-doll",1,1,0,0,0,0,1,,0,0,0,0,1,1,,1,1,1,0,0,0,0,1,,0,0,0,0,1,1,,1,0,0,,,,,0,,,,,,0,0,,0
"Product","/products/f2229-162cm-5ft3-f-cup-thick-ass-great-tpe-ai-robot-sex-doll-2025-sy-doll",1,1,1,0,0,0,4,,1,0,0,248,4,0,,0,1,1,1,0,0,0,4,,1,0,0,248,4,0,,0,0,0,0,,,,0,,0,,,0,0,,,
,"/en-ca/products/9133347700975",1,1,0,0,0,0,1,,0,0,0,0,1,1,,1,1,1,0,0,0,0,1,,0,0,0,0,1,1,,1,0,0,,,,,0,,,,,,0,0,,0
"Product","/products/f6123-150cm-4ft9-29kg-a-cup-flat-chested-silicone-sex-doll-sy-doll",1,1,0,0,0,0,1,,0,0,0,0,1,1,,1,1,1,0,0,0,0,1,,0,0,0,0,1,1,,1,0,0,,,,,0,,,,,,0,0,,0
"Blog Article","/blogs/dolls-info-qustions/2026-doggy-dildo-doll-user-guide",1,1,0,0,0,0,1,,0,0,0,0,1,1,,1,1,1,0,0,0,0,1,,0,0,0,0,1,1,,1,0,0,,,,,0,,,,,,0,0,,0
,"/en-ca/products/f1672-162cm5f3-49kg-f-cup-great-huge-butt-chubby-tpe-sex-doll-2025-in-stock-usa-aibei-doll",1,1,0,0,0,0,1,,0,0,0,0,1,1,,1,1,1,0,0,0,0,1,,0,0,0,0,1,1,,1,0,0,,,,,0,,,,,,0,0,,0
,"/en-ca/products/f9139-178cm-35-5kg-eila-adams-c-cup-silicone-porn-celebrity-sex-doll-irontech-doll",1,1,0,0,0,0,1,,0,0,0,0,1,1,,1,1,1,0,0,0,0,1,,0,0,0,0,1,1,,1,0,0,,,,,0,,,,,,0,0,,0
"Product","/products/f6207-180cm-5-9ft-45kg-h-cup-asian-ros-silicone-realistic-sex-doll-evasdoll",1,1,0,0,0,0,1,,0,0,0,0,1,1,,1,1,1,0,0,0,0,1,,0,0,0,0,1,1,,1,0,0,,,,,0,,,,,,0,0,,0
"Product","/products/h436-ros-free-hair-impants-real-oral-movable-jaw-silicone-sex-doll-head-sy-doll",1,1,0,0,0,0,1,,0,0,0,0,1,1,,1,1,1,0,0,0,0,1,,0,0,0,0,1,1,,1,0,0,,,,,0,,,,,,0,0,,0
"Blog Article","/blogs/dolls-info-qustions/the-most-expensive-sex-dolls-the-value-showed-in-5-spots",1,1,0,0,0,0,1,,0,0,0,0,1,1,,1,1,1,0,0,0,0,1,,0,0,0,0,1,1,,1,0,0,,,,,0,,,,,,0,0,,0
,"/de/collections/sucking-vagina-ai-sex-doll",1,1,0,0,0,0,1,,0,0,0,0,1,1,,1,1,1,0,0,0,0,1,,0,0,0,0,1,1,,1,0,0,,,,,0,,,,,,0,0,,0
,"/en-ca/collections/life-size-torso",1,1,0,0,0,0,1,,0,0,0,0,1,1,,1,1,1,0,0,0,0,1,,0,0,0,0,1,1,,1,0,0,,,,,0,,,,,,0,0,,0
,"/ja/blogs/dolls-info-qustions/irontech-dolls-new-release-the-164aio-series-redefines-the-ultimate-realistic-sex-doll-experience",1,1,0,0,0,0,1,,0,0,0,0,1,1,,1,1,1,0,0,0,0,1,,0,0,0,0,1,1,,1,0,0,,,,,0,,,,,,0,0,,0
,"/en-ca/products/f7139-165cm-5ft5-42kg-v-cup-elf-fantasy-tpe-sexual-hentai-best-alien-sex-doll-castle-doll",1,1,0,0,0,0,1,,0,0,0,0,1,1,,1,1,1,0,0,0,0,1,,0,0,0,0,1,1,,1,0,0,,,,,0,,,,,,0,0,,0
,"/en-ca/blogs/dolls-info-qustions/best-vibrating-sex-torso-types-who-it-suits",1,1,0,0,0,0,5,,0,0,0,140,5,0,,0,1,1,0,0,0,0,5,,0,0,0,140,5,0,,0,0,0,,,,,0,,,,,0,0,,,
"Product","/products/l48067-2lb-82cm-sexy-and-plump-tpe-sex-doll-leg-torso-climax-doll",1,1,0,0,0,0,17,,0,0,0,642,17,0,,0,1,1,0,0,0,0,17,,0,0,0,642,17,0,,0,0,0,,,,,0,,,,,0,0,,,
,"/de/blogs/real-sex-doll-reviews-pros-cons-real-usage-tests/top-8-big-ass-sex-doll-torsos-you-can-t-resist",1,1,0,0,0,0,3,,0,0,0,58,3,0,,0,1,1,0,0,0,0,3,,0,0,0,58,3,0,,0,0,0,,,,,0,,,,,0,0,,,
,"/ja/collections/firefly-diary",1,1,0,0,0,0,3,,0,0,0,77,3,0,,0,1,1,0,0,0,0,3,,0,0,0,77,3,0,,0,0,0,,,,,0,,,,,0,0,,,
,"/de/blogs/dolls-info-qustions/top-10-sex-doll-torsos-with-the-best-butt-feel",1,1,0,0,0,0,1,,0,0,0,0,1,1,,1,1,1,0,0,0,0,1,,0,0,0,0,1,1,,1,0,0,,,,,0,,,,,,0,0,,0
"Product","/products/f9341-elsa-babe-hentai-life-sized-sex-doll-silicone-head-150cm-27-5kg",1,1,0,0,0,0,1,,0,0,0,0,1,1,,1,1,1,0,0,0,0,1,,0,0,0,0,1,1,,1,0,0,,,,,0,,,,,,0,0,,0
"Product","/products/t480-sy-doll-d-cup-silicone-torso-human-sex-robot-movable-jaw",1,1,0,0,0,0,1,,0,0,0,0,1,1,,1,1,1,0,0,0,0,1,,0,0,0,0,1,1,,1,0,0,,,,,0,,,,,,0,0,,0
"Product","/products/t267-big-coke-male-sex-dolls-torso-dildo-for-women",1,1,0,0,0,0,1,,0,0,0,0,1,1,,1,1,1,0,0,0,0,1,,0,0,0,0,1,1,,1,0,0,,,,,0,,,,,,0,0,,0
"Collection","/collections/se-doll-videos",1,1,0,0,0,0,7,,0,0,0,1164,7,0,,0,1,1,0,0,0,0,7,,0,0,0,1164,7,0,,0,0,0,,,,,0,,,,,0,0,,,
"Product","/products/f2012-156cm5-1ft-39-5kg-h-cup-milf-tpe-sex-doll%E4%B8%A8wm-doll",1,1,0,0,0,0,18,,0,0,0,4568,18,0,,0,1,1,0,0,0,0,18,,0,0,0,4568,18,0,,0,0,0,,,,,0,,,,,0,0,,,
"Product","/products/f9359-150cm-5ft-27-5kg-anime-adult-sex-dolls-silicone-head-elsa-babe",1,1,0,0,0,0,1,,0,0,0,0,1,1,,1,1,1,0,0,0,0,1,,0,0,0,0,1,1,,1,0,0,,,,,0,,,,,,0,0,,0
"Product","/products/f5976-silicone-male-sex-doll-custom-electric-thrusting-18cm-cock",1,1,0,0,0,0,4,,0,0,0,209,4,0,,0,1,1,0,0,0,0,4,,0,0,0,209,4,0,,0,0,0,,,,,0,,,,,0,0,,,
"Collection","/collections/funwest-doll-videos",1,1,0,0,0,0,6,,0,0,0,1067,6,0,,0,1,1,0,0,0,0,6,,0,0,0,1067,6,0,,0,0,0,,,,,0,,,,,0,0,,,
,"/ja/collections/vendors",1,1,0,0,0,0,1,,0,0,0,0,1,1,,1,1,1,0,0,0,0,1,,0,0,0,0,1,1,,1,0,0,,,,,0,,,,,,0,0,,0
"Product","/products/f2130-173cm5-7ft-45kg-h-cup-bbw-tpe-sex-doll%E4%B8%A8wm-doll",1,1,0,0,0,0,5,,0,0,0,184,5,0,,0,1,1,0,0,0,0,5,,0,0,0,184,5,0,,0,0,0,,,,,0,,,,,0,0,,,
"Checkout","/60719464687/orders/04bec1aa74c9867c4f6a43ca76a6674c",1,1,0,0,0,0,15,,0,0,0,1238,15,0,,0,1,1,0,0,0,0,15,,0,0,0,1238,15,0,,0,0,0,,,,,0,,,,,0,0,,,
,"/en-ca/collections/torso-sex-doll-with-gel-breasts",1,1,0,0,0,0,1,,0,0,0,0,1,1,,1,1,1,0,0,0,0,1,,0,0,0,0,1,1,,1,0,0,,,,,0,,,,,,0,0,,0
,"/en-ca/blogs/dolls-info-qustions/2025-how-to-perform-oral-sex-with-a-real-sex-doll",1,1,0,0,0,0,1,,0,0,0,0,1,1,,1,1,1,0,0,0,0,1,,0,0,0,0,1,1,,1,0,0,,,,,0,,,,,,0,0,,0
,"/en-fi/blogs/dolls-info-qustions/why-are-furry-sex-dolls-so-popular-a-deep-dive-into-5-core-attractions",1,1,0,0,0,0,1,,0,0,0,0,1,1,,1,1,1,0,0,0,0,1,,0,0,0,0,1,1,,1,0,0,,,,,0,,,,,,0,0,,0
,"/en-ca/blogs/dolls-info-qustions/hentai-sex-dolls-vs-figures-which-fills-your-cravings",1,1,0,0,0,0,1,,0,0,0,0,1,1,,1,1,1,0,0,0,0,1,,0,0,0,0,1,1,,1,0,0,,,,,0,,,,,,0,0,,0
,"/en-ca/collections/cheap-mini-sex-doll",1,1,0,0,0,0,1,,0,0,0,0,1,1,,1,1,1,0,0,0,0,1,,0,0,0,0,1,1,,1,0,0,,,,,0,,,,,,0,0,,0
,"/en-ca/products/p80-megumi-shemale-sex-doll-torso-11-inch-dildo-3-channels",1,1,0,0,0,0,1,,0,0,0,0,1,1,,1,1,1,0,0,0,0,1,,0,0,0,0,1,1,,1,0,0,,,,,0,,,,,,0,0,,0
"Product","/products/f3497-165cm5f4-33kg-g-cup-medium-breast-tpe-body-silicone-head-sex-doll-aibei-doll",1,1,0,0,0,0,2,,0,0,0,213,2,0,,0,1,1,0,0,0,0,2,,0,0,0,213,2,0,,0,0,0,,,,,0,,,,,0,0,,,
"Product","/products/f8166-150cm-5ft-27-5kg-silicone-anime-hentai-sex-doll-elsa-babe",1,1,0,0,0,0,1,,0,0,0,0,1,1,,1,1,1,0,0,0,0,1,,0,0,0,0,1,1,,1,0,0,,,,,0,,,,,,0,0,,0
"Product","/products/f305-158cm-5ft2-57kg-aisha-e-cup-tpe-big-ass-adult-big-chest-sex-doll-yl-doll",1,1,0,0,0,0,2,,0,0,0,1,2,0,,0,1,1,0,0,0,0,2,,0,0,0,1,2,0,,0,0,0,,,,,0,,,,,0,0,,,
,"/en-ca/blogs/dolls-info-qustions/reasons-for-the-popularity-of-milf-sex-dolls",1,1,0,0,0,0,1,,0,0,0,0,1,1,,1,1,1,0,0,0,0,1,,0,0,0,0,1,1,,1,0,0,,,,,0,,,,,,0,0,,0
,"/en-ca/products/f7676-165cm5ft5-23kg-e-cup-life-size-ros-silicone-life-size-sex-dolls-lightweight-wm-doll",1,1,0,0,0,0,1,,0,0,0,0,1,1,,1,1,1,0,0,0,0,1,,0,0,0,0,1,1,,1,0,0,,,,,0,,,,,,0,0,,0
,"/ja/blogs/dolls-info-qustions/introducing-two-safe-intercourse-positions-with-fat-sex-dolls",1,1,0,0,0,0,1,,0,0,0,0,1,1,,1,1,1,0,0,0,0,1,,0,0,0,0,1,1,,1,0,0,,,,,0,,,,,,0,0,,0
,"/en-fi/blogs/dolls-info-qustions/why-do-men-like-to-have-sex-with-bigass-women",1,1,0,0,0,0,2,,0,0,0,7,2,0,,0,1,1,0,0,0,0,2,,0,0,0,7,2,0,,0,0,0,,,,,0,,,,,0,0,,,
"Collection","/collections/bezlya-videos",1,1,0,0,0,0,17,,0,0,0,426,17,0,,0,1,1,0,0,0,0,17,,0,0,0,426,17,0,,0,0,0,,,,,0,,,,,0,0,,,
"Product","/products/f161-156cm5ft1-39-5kg-h-cup-pandora-life-size-tpe-sex-doll-wm-doll",1,1,1,0,0,0,5,,1,0,0,280,5,0,,0,1,1,1,0,0,0,5,,1,0,0,280,5,0,,0,0,0,0,,,,0,,0,,,0,0,,,
,"/de/blogs/dolls-info-qustions/rosretty-realistic-innovative-lifelike-adult-companions",1,1,0,0,0,0,1,,0,0,0,0,1,1,,1,1,1,0,0,0,0,1,,0,0,0,0,1,1,,1,0,0,,,,,0,,,,,,0,0,,0
"Collection","/collections/shedoll",1,1,0,0,0,0,15,,0,0,0,590,15,0,,0,1,1,0,0,0,0,15,,0,0,0,590,15,0,,0,0,0,,,,,0,,,,,0,0,,,
,"/ja/collections/medium-breasts-sex-dolls",1,1,0,0,0,0,1,,0,0,0,0,1,1,,1,1,1,0,0,0,0,1,,0,0,0,0,1,1,,1,0,0,,,,,0,,,,,,0,0,,0
,"/en-fi/collections/big-booty-sex-dolls",1,1,0,0,0,0,1,,0,0,0,0,1,1,,1,1,1,0,0,0,0,1,,0,0,0,0,1,1,,1,0,0,,,,,0,,,,,,0,0,,0
"Product","/products/f3069-160cm-j-cup-milf-silicone-head-movable-jaw-sle-body-real-sex-doll-zelex-doll",1,1,0,0,0,0,1,,0,0,0,0,1,1,,1,1,1,0,0,0,0,1,,0,0,0,0,1,1,,1,0,0,,,,,0,,,,,,0,0,,0
"Product","/products/f6232-153cm5ft-41kg-large-breasts-tpe-realistic-sex-doll-rui-mei",1,1,0,0,0,0,1,,0,0,0,0,1,1,,1,1,1,0,0,0,0,1,,0,0,0,0,1,1,,1,0,0,,,,,0,,,,,,0,0,,0
"Blog Article","/blogs/dolls-info-qustions/black-sex-doll-sex-sensation",1,1,0,0,0,0,1,,0,0,0,0,1,1,,1,1,1,0,0,0,0,1,,0,0,0,0,1,1,,1,0,0,,,,,0,,,,,,0,0,,0
"Collection","/collections/ebony-sex-doll",1,1,0,0,0,0,1,,0,0,0,0,1,1,,1,1,1,0,0,0,0,1,,0,0,0,0,1,1,,1,0,0,,,,,0,,,,,,0,0,,0
"Blog Article","/blogs/dolls-info-qustions/metabox-ai-a-revolutionary-upgrade-of-the-smart-companion",1,1,0,0,0,0,1,,0,0,0,0,1,1,,1,1,1,0,0,0,0,1,,0,0,0,0,1,1,,1,0,0,,,,,0,,,,,,0,0,,0
"Checkout","/checkouts/cn/hWNCwzHDAFivqr1vunjSqOvM/en-np",1,1,0,1,0,0,1,0,0,1,0,0,1,0,,0,1,1,0,1,0,0,1,0,0,1,0,0,1,0,,0,0,0,,0,,,0,,,0,,,0,,,
"Product","/products/t5121-48-5lbs-75cm2ft5-d-cup-anna-tpe-sex-doll-torso-with-head-in-stock-usa-galaxy",1,1,0,0,0,0,11,,0,0,0,168,11,0,,0,1,1,0,0,0,0,11,,0,0,0,168,11,0,,0,0,0,,,,,0,,,,,0,0,,,
"Blog Article","/blogs/dolls-info-qustions/complete-guide-to-shemale-sex-dolls-meeting-all-your-needs",1,1,0,0,0,0,1,,0,0,0,0,1,1,,1,1,1,0,0,0,0,1,,0,0,0,0,1,1,,1,0,0,,,,,0,,,,,,0,0,,0
"Product","/products/f4620-170cm-5ft7-44kg-femboy-full-size-sex-with-silicone-male-sex-doll-hr-doll/",1,1,0,0,0,0,1,,0,0,0,0,1,1,,1,1,1,0,0,0,0,1,,0,0,0,0,1,1,,1,0,0,,,,,0,,,,,,0,0,,0
"Product","/products/t1357-3lb-black-gel-breast-luxury-big-boobs-bbw-sex-doll-torso-in-stock-usa-climax-doll",1,1,0,0,0,0,4,,0,0,0,277,4,0,,0,1,1,0,0,0,0,4,,0,0,0,277,4,0,,0,0,0,,,,,0,,,,,0,0,,,
,"/ja/collections/sexy-celebrity-sexy-doll",1,1,0,0,0,0,1,,0,0,0,0,1,1,,1,1,1,0,0,0,0,1,,0,0,0,0,1,1,,1,0,0,,,,,0,,,,,,0,0,,0
"Collection","/collections/yl-doll-factory-photos",1,1,0,0,0,0,11,,0,0,0,1049,11,0,,0,1,1,0,0,0,0,11,,0,0,0,1049,11,0,,0,0,0,,,,,0,,,,,0,0,,,
,"/en-fi/collections/piper-doll",1,1,0,0,0,0,1,,0,0,0,0,1,1,,1,1,1,0,0,0,0,1,,0,0,0,0,1,1,,1,0,0,,,,,0,,,,,,0,0,,0
"Product","/products/t205-bbw-sex-torso-tpe-41-22lb-curvy-fat-belly",1,1,0,0,0,0,22,,0,0,0,2518,22,0,,0,1,1,0,0,0,0,22,,0,0,0,2518,22,0,,0,0,0,,,,,0,,,,,0,0,,,
"Blog Article","/blogs/featured-blog/real-lady-doll-ss-makeup",1,1,0,0,0,0,1,,0,0,0,0,1,1,,1,1,1,0,0,0,0,1,,0,0,0,0,1,1,,1,0,0,,,,,0,,,,,,0,0,,0
,"/de/collections/sex-doll-lingerie",1,1,0,0,0,0,1,,0,0,0,0,1,1,,1,1,1,0,0,0,0,1,,0,0,0,0,1,1,,1,0,0,,,,,0,,,,,,0,0,,0
"Product","/products/h668-silicone-sex-doll-head%E4%B8%A8irontech-doll-head",1,1,0,0,0,0,3,,0,0,0,19,3,0,,0,1,1,0,0,0,0,3,,0,0,0,19,3,0,,0,0,0,,,,,0,,,,,0,0,,,
"Product","/products/f9370-f9370-elsa-cheap-full-body-sex-doll-full-pussy",1,1,0,0,0,0,1,,0,0,0,0,1,1,,1,1,1,0,0,0,0,1,,0,0,0,0,1,1,,1,0,0,,,,,0,,,,,,0,0,,0
,"/en-ca/products/f4697-156cm-e-cup-doris-big-butt-bbw-ai-robot-sex-doll-irontech-doll",1,1,0,0,0,0,1,,0,0,0,0,1,1,,1,1,1,0,0,0,0,1,,0,0,0,0,1,1,,1,0,0,,,,,0,,,,,,0,0,,0
,"/en-ca/products/f2026-162cm5-3ft-34kg-f-cup-european-tpe-sex-doll%E4%B8%A8wm-doll",1,1,0,0,0,0,2,,0,0,0,36,2,0,,0,1,1,0,0,0,0,2,,0,0,0,36,2,0,,0,0,0,,,,,0,,,,,0,0,,,
"Product","/products/v321-silicone-sexy-feet-worship-toy-feet-fleshlight-for-adults",1,1,0,0,0,0,7,,0,0,0,221,7,0,,0,1,1,0,0,0,0,7,,0,0,0,221,7,0,,0,0,0,,,,,0,,,,,0,0,,,
"Product","/products/f7669-irokebijin-l-cup-gel-filled-anime-bbw-sex-doll-torso",1,1,0,0,0,0,1,,0,0,0,0,1,1,,1,1,1,0,0,0,0,1,,0,0,0,0,1,1,,1,0,0,,,,,0,,,,,,0,0,,0
"Product","/products/p380-3-32-lbs-anime-fake-pussy-medusa-silicone-hentai-sex-doll-mrl",1,1,0,0,0,0,1,,0,0,0,0,1,1,,1,1,1,0,0,0,0,1,,0,0,0,0,1,1,,1,0,0,,,,,0,,,,,,0,0,,0
"Product","/collections/300-600/products/57-32lb-sex-doll-torso-with-life-size-ass-and-soft-skin-512-sex-doll-torso",1,1,1,1,0,0,9,0,1,1,0,336,9,0,0,0,1,1,1,1,0,0,9,0,1,1,0,336,9,0,0,0,0,0,0,0,,,0,,0,0,,0,0,,,
"Product","/products/f4699-155cm5-1ft-38kg-e-cup-mini-anime-hentai-ros-silicone-asian-chinese-sex-doll-bezlya-doll",1,1,0,0,0,0,1,,0,0,0,0,1,1,,1,1,1,0,0,0,0,1,,0,0,0,0,1,1,,1,0,0,,,,,0,,,,,,0,0,,0
"Blog Article","/blogs/dolls-info-qustions/wm-doll-the-artistic-benchmark-of-high-end-realistic-dolls",1,1,0,0,0,0,1,,0,0,0,0,1,1,,1,1,1,0,0,0,0,1,,0,0,0,0,1,1,,1,0,0,,,,,0,,,,,,0,0,,0
"Product","/products/f1325-165cm-g-cup-kitty-big-boobs-doll-irontech-doll",1,1,0,0,0,0,8,,0,0,0,103,8,0,,0,1,1,0,0,0,0,8,,0,0,0,103,8,0,,0,0,0,,,,,0,,,,,0,0,,,
"Product","/products/f7004k-159cm5ft2-45-5kg-g-cup-silicone-japanese-sex-doll-soft-skin-and-flexible-skeleton-in-stock-%E4%B8%A8lusandy-doll",1,1,0,0,0,0,23,,0,0,0,733,23,0,,0,1,1,0,0,0,0,23,,0,0,0,733,23,0,,0,0,0,,,,,0,,,,,0,0,,,
,"/de/blogs/complete-sex-doll-guide-for-beginners/doll-head-connectors-for-different-brands",1,1,0,0,0,0,3,,0,0,0,78,3,0,,0,1,1,0,0,0,0,3,,0,0,0,78,3,0,,0,0,0,,,,,0,,,,,0,0,,,
"Collection","/collections/doll-forever",1,1,0,0,0,0,2,,0,0,0,25,2,0,,0,1,1,0,0,0,0,2,,0,0,0,25,2,0,,0,0,0,,,,,0,,,,,0,0,,,
"Product","/products/f2564-159cm-h-cup-realistic-sex-dolls-silicone-real-lady",1,1,0,0,0,0,1,,0,0,0,0,1,1,,1,1,1,0,0,0,0,1,,0,0,0,0,1,1,,1,0,0,,,,,0,,,,,,0,0,,0
,"/en-fi/products/irontech-big-ass-silicone-doll-165cm-g-cup-f740",1,1,0,0,0,0,1,,0,0,0,0,1,1,,1,1,1,0,0,0,0,1,,0,0,0,0,1,1,,1,0,0,,,,,0,,,,,,0,0,,0
,"/de/cart",1,1,0,0,0,0,1,,0,0,0,0,1,1,,1,1,1,0,0,0,0,1,,0,0,0,0,1,1,,1,0,0,,,,,0,,,,,,0,0,,0
"Blog Article","/blogs/dolls-info-qustions/3-typical-sizes-bigass-sexdoll",1,1,0,0,0,0,1,,0,0,0,0,1,1,,1,1,1,0,0,0,0,1,,0,0,0,0,1,1,,1,0,0,,,,,0,,,,,,0,0,,0
,"/en-ca/collections/aitia",1,1,0,0,0,0,15,,0,0,0,489,15,0,,0,1,1,0,0,0,0,15,,0,0,0,489,15,0,,0,0,0,,,,,0,,,,,0,0,,,
"Blog Article","/blogs/dolls-info-qustions/decision-fatigue-the-ultimate-2025-guide-to-choosing-the-best-sex-doll-brand",1,1,0,0,0,0,1,,0,0,0,0,1,1,,1,1,1,0,0,0,0,1,,0,0,0,0,1,1,,1,0,0,,,,,0,,,,,,0,0,,0
,"/de/products/t4198-6lb-mini-sex-torso",1,1,0,0,0,0,1,,0,0,0,0,1,1,,1,1,1,0,0,0,0,1,,0,0,0,0,1,1,,1,0,0,,,,,0,,,,,,0,0,,0
,"/de/blogs/dolls-info-qustions/introduction-to-sex-dolls-with-the-largest-hips-on-the-market",1,1,0,0,0,0,1,,0,0,0,0,1,1,,1,1,1,0,0,0,0,1,,0,0,0,0,1,1,,1,0,0,,,,,0,,,,,,0,0,,0
"Product","/products/a316-17lbs-silicone-big-ass-bbw-sex-doll-thick-torso",1,1,0,0,0,0,1,,0,0,0,0,1,1,,1,1,1,0,0,0,0,1,,0,0,0,0,1,1,,1,0,0,,,,,0,,,,,,0,0,,0
"Blog Article","/blogs/dolls-info-qustions/2024-why-does-my-realistic-sex-toy-smell-like-chemicals",1,1,0,0,0,0,6,,0,0,0,411,6,0,,0,1,1,0,0,0,0,6,,0,0,0,411,6,0,,0,0,0,,,,,0,,,,,0,0,,,
"Product","/products/f2344-huge-boobs-sex-doll-bbw-climax-pro",1,1,0,0,0,0,1,,0,0,0,0,1,1,,1,1,1,0,0,0,0,1,,0,0,0,0,1,1,,1,0,0,,,,,0,,,,,,0,0,,0
"Blog Article","/blogs/real-sex-doll-reviews-pros-cons-real-usage-tests/best-budget-full-size-sex-dolls-in-2026-azm-ridmii-top-cy-sigafun-reviewed",1,1,0,0,0,0,1,,0,0,0,0,1,1,,1,1,1,0,0,0,0,1,,0,0,0,0,1,1,,1,0,0,,,,,0,,,,,,0,0,,0
"Product","/products/f5770-170cm5-6ft-36-2kg-c-cup-full-silicone-life-size-celebrity-sex-doll-porn-star%E4%B8%A8zelex-doll",1,1,0,0,0,0,1,,0,0,0,0,1,1,,1,1,1,0,0,0,0,1,,0,0,0,0,1,1,,1,0,0,,,,,0,,,,,,0,0,,0
"Product","/products/f8000-150cm-5ft-27-5kg-silicone-anime-hentai-sex-doll-elsa-babe/",1,1,0,0,0,0,1,,0,0,0,0,1,1,,1,1,1,0,0,0,0,1,,0,0,0,0,1,1,,1,0,0,,,,,0,,,,,,0,0,,0
,"/en-ca/products/f5451-150cm4ft9-27kg-b-cup-asian-tpe-sex-doll-aibei-doll",1,1,0,0,0,0,1,,0,0,0,0,1,1,,1,1,1,0,0,0,0,1,,0,0,0,0,1,1,,1,0,0,,,,,0,,,,,,0,0,,0
,"/en-fi/pages/sex-doll-video",1,1,0,0,0,0,1,,0,0,0,0,1,1,,1,1,1,0,0,0,0,1,,0,0,0,0,1,1,,1,0,0,,,,,0,,,,,,0,0,,0
"Product","/products/f1633-152cm-5ft-f-cup-lifelike-shemale-fuck-doll-for-hardcore-fantasies-sy-doll/",1,1,0,0,0,0,1,,0,0,0,0,1,1,,1,1,1,0,0,0,0,1,,0,0,0,0,1,1,,1,0,0,,,,,0,,,,,,0,0,,0
"Product","/products/f2551-159cm5-2ft-33-5kg-h-cup-ros-max-r8-honey-bronze-silicone-sex-doll-real-lady",1,1,0,0,0,0,7,,0,0,0,266,7,0,,0,1,1,0,0,0,0,7,,0,0,0,266,7,0,,0,0,0,,,,,0,,,,,0,0,,,
,"/en-ca/collections/big-ass-sex-doll-life-size",1,1,0,0,0,0,1,,0,0,0,0,1,1,,1,1,1,0,0,0,0,1,,0,0,0,0,1,1,,1,0,0,,,,,0,,,,,,0,0,,0
"Product","/products/f9223k-159cm-5ft2-c-cup-silicone-life-size-sex-doll-realistic-in-stock-us-starpery-doll",1,1,0,0,0,0,1,,0,0,0,0,1,1,,1,1,1,0,0,0,0,1,,0,0,0,0,1,1,,1,0,0,,,,,0,,,,,,0,0,,0
,"/en-ca/products/f2537-ros-silicone-head-tpe-body-huge-breast-sex-doll",1,1,0,0,0,0,43,,0,0,0,1508,43,0,,0,1,1,0,0,0,0,43,,0,0,0,1508,43,0,,0,0,0,,,,,0,,,,,0,0,,,
"Collection","/collections/sex-doll-videos/",1,1,0,0,0,0,1,,0,0,0,0,1,1,,1,1,1,0,0,0,0,1,,0,0,0,0,1,1,,1,0,0,,,,,0,,,,,,0,0,,0
"Blog Article","/blogs/dolls-info-qustions/what-are-the-different-types-of-sex-dolls",1,1,0,0,0,0,1,,0,0,0,0,1,1,,1,1,1,0,0,0,0,1,,0,0,0,0,1,1,,1,0,0,,,,,0,,,,,,0,0,,0
"Product","/products/f2245-159cm5-2ft-f-cup-s43-silicone-sex-doll-irontech-doll",1,1,0,0,0,0,2,,0,0,0,596,2,0,,0,1,1,0,0,0,0,2,,0,0,0,596,2,0,,0,0,0,,,,,0,,,,,0,0,,,
,"/ja/collections/d-cup-sex-dolls",1,1,0,0,0,0,1,,0,0,0,0,1,1,,1,1,1,0,0,0,0,1,,0,0,0,0,1,1,,1,0,0,,,,,0,,,,,,0,0,,0
"Product","/products/f272-156cm5ft1-48kg-m-cup-chubby-body-fat-bbw-tpe-british-sex-doll-wm-doll",1,1,0,0,0,0,1,,0,0,0,0,1,1,,1,1,1,0,0,0,0,1,,0,0,0,0,1,1,,1,0,0,,,,,0,,,,,,0,0,,0
,"/ja/collections/electric-pocket-pussy",1,1,0,0,0,0,1,,0,0,0,0,1,1,,1,1,1,0,0,0,0,1,,0,0,0,0,1,1,,1,0,0,,,,,0,,,,,,0,0,,0
,"/en-ca/blogs/featured-blog/the-4-technical-features-about-sex-doll-skeleton",1,1,0,0,0,0,1,,0,0,0,0,1,1,,1,1,1,0,0,0,0,1,,0,0,0,0,1,1,,1,0,0,,,,,0,,,,,,0,0,,0
"Blog Article","/blogs/dolls-info-qustions/break-the-rules-discover-the-pleasure-of-anal-sex",1,1,0,0,0,0,1,,0,0,0,0,1,1,,1,1,1,0,0,0,0,1,,0,0,0,0,1,1,,1,0,0,,,,,0,,,,,,0,0,,0
"Blog Article","/blogs/dolls-info-qustions/pocket-pussy-full-range-of-types-which-one-is-best-for-you",1,1,0,0,0,0,1,,0,0,0,0,1,1,,1,1,1,0,0,0,0,1,,0,0,0,0,1,1,,1,0,0,,,,,0,,,,,,0,0,,0
,"/en-ca/products/f9005-164cm5-4ft-36kg-d-cup-silicone-cosplay-celebrity-sex-doll%E4%B8%A8rosretty-doll",1,1,0,0,0,0,2,,0,0,0,88,2,0,,0,1,1,0,0,0,0,2,,0,0,0,88,2,0,,0,0,0,,,,,0,,,,,0,0,,,
,"/de/blogs/dolls-info-qustions/do-sex-dolls-feel-real",1,1,0,0,0,0,1,,0,0,0,0,1,1,,1,1,1,0,0,0,0,1,,0,0,0,0,1,1,,1,0,0,,,,,0,,,,,,0,0,,0
,"/de/products/599-83lb-sex-doll-torso-with-realistic-oversized-ass",1,1,0,0,0,0,1,,0,0,0,0,1,1,,1,1,1,0,0,0,0,1,,0,0,0,0,1,1,,1,0,0,,,,,0,,,,,,0,0,,0
"Custom Page","/pages/avada-sitemap",1,1,0,0,0,0,1,,0,0,0,0,1,1,,1,1,1,0,0,0,0,1,,0,0,0,0,1,1,,1,0,0,,,,,0,,,,,,0,0,,0
,"/en-ca/products/f4543-167cm5ft5-42kg-jessica-e-cup-tpe-sexy-european-mature-women-sex-doll-se-doll",1,1,0,0,0,0,2,,0,0,0,41,2,0,,0,1,1,0,0,0,0,2,,0,0,0,41,2,0,,0,0,0,,,,,0,,,,,0,0,,,
"Product","/products/f5674-175cm-e-cup-naked-sex-doll-movable-jaws-zelex",1,1,0,0,0,0,1,,0,0,0,0,1,1,,1,1,1,0,0,0,0,1,,0,0,0,0,1,1,,1,0,0,,,,,0,,,,,,0,0,,0
"Checkout","/60719464687/orders/e8355f28f7e62285feb88223e74618a0",1,1,0,0,0,0,1,,0,0,0,0,1,1,,1,1,1,0,0,0,0,1,,0,0,0,0,1,1,,1,0,0,,,,,0,,,,,,0,0,,0
"Blog Article","/blogs/dolls-info-qustions/how-realistic-the-fake-pussy-is",1,1,0,0,0,0,1,,0,0,0,0,1,1,,1,1,1,0,0,0,0,1,,0,0,0,0,1,1,,1,0,0,,,,,0,,,,,,0,0,,0
"Product","/products/f1257-165cm-g-cup-eva-servant-big-boobs-doll-irontech-doll/",1,1,0,0,0,0,1,,0,0,0,0,1,1,,1,1,1,0,0,0,0,1,,0,0,0,0,1,1,,1,0,0,,,,,0,,,,,,0,0,,0
,"/en-fi/blogs/dolls-info-qustions/mini-sex-dolls-does-mini-mean-low-quality",1,1,0,0,0,0,1,,0,0,0,0,1,1,,1,1,1,0,0,0,0,1,,0,0,0,0,1,1,,1,0,0,,,,,0,,,,,,0,0,,0
"Collection","/collections/huge-breast-torso-sex-doll-with-head",1,1,0,0,0,0,1,,0,0,0,0,1,1,,1,1,1,0,0,0,0,1,,0,0,0,0,1,1,,1,0,0,,,,,0,,,,,,0,0,,0
"Product","/products/test-501-25-3lb-45cm-life-sized-and-realistic-bbw-sex-doll-torso",1,1,0,0,0,0,1,,0,0,0,0,1,1,,1,1,1,0,0,0,0,1,,0,0,0,0,1,1,,1,0,0,,,,,0,,,,,,0,0,,0
"Checkout","/60719464687/orders/4fab9195056cb2012ab3032dfe48b011",1,1,0,0,0,0,1,,0,0,0,0,1,1,,1,1,1,0,0,0,0,1,,0,0,0,0,1,1,,1,0,0,,,,,0,,,,,,0,0,,0
"Product","/products/f9208-156cm5-1ft-27-1kg-f-cup-silicone-lightweight-full-body-sex-doll%E4%B8%A8climax-doll-ulw",1,1,0,0,0,0,1,,0,0,0,0,1,1,,1,1,1,0,0,0,0,1,,0,0,0,0,1,1,,1,0,0,,,,,0,,,,,,0,0,,0
,"/en-ca/products/f9120k-163cm-5ft3-32-6kg-c-cup-asuka-asian-silicone-anime-japanese-sex-doll-in-stock-us-starpery-doll",1,1,0,0,0,0,5,,0,0,0,68,5,0,,0,1,1,0,0,0,0,5,,0,0,0,68,5,0,,0,0,0,,,,,0,,,,,0,0,,,
"Product","/products/f2015-162cm5-3ft-35kg-e-cup-irina-milf-life-size-cheap-stpe-sex-doll-in-stock-usa-%E4%B8%A8wm-doll",1,1,0,0,0,0,3,,0,0,0,143,3,0,,0,1,1,0,0,0,0,3,,0,0,0,143,3,0,,0,0,0,,,,,0,,,,,0,0,,,
"Product","/products/537-sex-doll",1,1,0,0,0,0,1,,0,0,0,0,1,1,,1,1,1,0,0,0,0,1,,0,0,0,0,1,1,,1,0,0,,,,,0,,,,,,0,0,,0
"Collection","/collections/sex-doll-best-seller",1,1,0,0,0,0,1,,0,0,0,0,1,1,,1,1,1,0,0,0,0,1,,0,0,0,0,1,1,,1,0,0,,,,,0,,,,,,0,0,,0
"Product","/products/f4675-161cm5ft3-35kg-monica-d-f-cup-tpe-european-woman-buy-ai-sex-dolls-se-doll",1,1,0,0,0,0,106,,0,0,0,2584,106,0,,0,1,1,0,0,0,0,106,,0,0,0,2584,106,0,,0,0,0,,,,,0,,,,,0,0,,,
"Blog Article","/blogs/dolls-info-qustions/waist-hip-ratio-off-the-charts-deep-dive-into-the-top-5-sex-doll-brands",1,1,0,0,0,0,1,,0,0,0,0,1,1,,1,1,1,0,0,0,0,1,,0,0,0,0,1,1,,1,0,0,,,,,0,,,,,,0,0,,0
"Product","/products/f669-kiana-165cm-5ft4-f-cup-premium-silicone-curvy-big-tits-chinese-sex-doll-zelex-doll",1,1,0,0,0,0,1,,0,0,0,0,1,1,,1,1,1,0,0,0,0,1,,0,0,0,0,1,1,,1,0,0,,,,,0,,,,,,0,0,,0
,"/en-ca/collections/mini-hentai-sex-doll",1,1,0,0,0,0,1,,0,0,0,0,1,1,,1,1,1,0,0,0,0,1,,0,0,0,0,1,1,,1,0,0,,,,,0,,,,,,0,0,,0
,"/en-ca/products/f1022-155cm-tpe-sex-doll-fun-west-doll",1,1,0,0,0,0,3,,0,0,0,43,3,0,,0,1,1,0,0,0,0,3,,0,0,0,43,3,0,,0,0,0,,,,,0,,,,,0,0,,,
"Product","/products/f5028-170cm-5ft6-d-cup-asian-silicone-sex-doll-jx-doll",1,1,0,0,0,0,7,,0,0,0,379,7,0,,0,1,1,0,0,0,0,7,,0,0,0,379,7,0,,0,0,0,,,,,0,,,,,0,0,,,
"Product","/products/591sex-doll-torso",1,1,0,0,0,0,4,,0,0,0,29,4,0,,0,1,1,0,0,0,0,4,,0,0,0,29,4,0,,0,0,0,,,,,0,,,,,0,0,,,
"Blog Article","/blogs/dolls-info-qustions/who-will-keep-you-company-on-lonely-nights-4-realistic-silicone-sex-doll-torsos-you-ll-love",1,1,0,0,0,0,1,,0,0,0,0,1,1,,1,1,1,0,0,0,0,1,,0,0,0,0,1,1,,1,0,0,,,,,0,,,,,,0,0,,0
,"/en-ca/collections/300-600",1,1,0,0,0,0,1,,0,0,0,0,1,1,,1,1,1,0,0,0,0,1,,0,0,0,0,1,1,,1,0,0,,,,,0,,,,,,0,0,,0
,"/en-ca/collections/europe-sex-doll-heads-1",1,1,0,0,0,0,1,,0,0,0,0,1,1,,1,1,1,0,0,0,0,1,,0,0,0,0,1,1,,1,0,0,,,,,0,,,,,,0,0,,0
,"/en-ca/collections/lesbian-sex-doll-torso",1,1,0,0,0,0,3,,0,0,0,355,3,0,,0,1,1,0,0,0,0,3,,0,0,0,355,3,0,,0,0,0,,,,,0,,,,,0,0,,,
"Product","/products/f9357-anime-sex-doll-150cm-silicone-elf",1,1,0,0,0,0,1,,0,0,0,0,1,1,,1,1,1,0,0,0,0,1,,0,0,0,0,1,1,,1,0,0,,,,,0,,,,,,0,0,,0
"Product","/products/f9184-in-stock-sex-dolls-usa-canada",1,1,0,0,0,0,1,,0,0,0,0,1,1,,1,1,1,0,0,0,0,1,,0,0,0,0,1,1,,1,0,0,,,,,0,,,,,,0,0,,0
"Blog Article","/blogs/dolls-info-qustions/avoid-sex-doll-scams",1,1,0,0,0,0,2,,0,0,0,1251,2,0,,0,1,1,0,0,0,0,2,,0,0,0,1251,2,0,,0,0,0,,,,,0,,,,,0,0,,,
,"/en-fi/collections/sex-doll-anal",1,1,0,0,0,0,2,,0,0,0,17,2,0,,0,1,1,0,0,0,0,2,,0,0,0,17,2,0,,0,0,0,,,,,0,,,,,0,0,,,
,"/deaganfern/bltg/https%3A%2F%2Flinkdolls.com%2Fcollections%2Ffuta-sex-doll",1,1,0,0,0,0,1,,0,0,0,0,1,1,,1,1,1,0,0,0,0,1,,0,0,0,0,1,1,,1,0,0,,,,,0,,,,,,0,0,,0
,"/en-ca/blogs/sex-doll-option-videos/video-11-electric-hip-and-waist",1,1,0,0,0,0,1,,0,0,0,0,1,1,,1,1,1,0,0,0,0,1,,0,0,0,0,1,1,,1,0,0,,,,,0,,,,,,0,0,,0
,"/en-ca/blogs/dolls-info-qustions/2025-five-stylish-and-charming-chinese-sex-doll",1,1,0,0,0,0,1,,0,0,0,0,1,1,,1,1,1,0,0,0,0,1,,0,0,0,0,1,1,,1,0,0,,,,,0,,,,,,0,0,,0
,"/en-ca/collections/sex-doll-legs",1,1,0,0,0,0,1,,0,0,0,0,1,1,,1,1,1,0,0,0,0,1,,0,0,0,0,1,1,,1,0,0,,,,,0,,,,,,0,0,,0
"Product","/products/p89-11-24lb-big-penis-sex-doll-for-women-anal-sex-toy-male-sex-dolls-torso-mrl",1,1,0,0,0,0,1,,0,0,0,0,1,1,,1,1,1,0,0,0,0,1,,0,0,0,0,1,1,,1,0,0,,,,,0,,,,,,0,0,,0
"Product","/products/l006-male-torso-tpe-auto-vibrating-dildo",1,1,0,0,0,0,1,,0,0,0,0,1,1,,1,1,1,0,0,0,0,1,,0,0,0,0,1,1,,1,0,0,,,,,0,,,,,,0,0,,0
"Product","/products/h431-ros-free-hair-impants-real-oral-movable-jaw-silicone-sex-doll-head-sy-doll",1,1,0,0,0,0,2,,0,0,0,55,2,0,,0,1,1,0,0,0,0,2,,0,0,0,55,2,0,,0,0,0,,,,,0,,,,,0,0,,,
"Blog Article","/blogs/dolls-info-qustions/my-favorite-hentai-sex-dolls-the-easy-grab-from-drawer-collection",1,1,0,0,0,0,14,,0,0,0,1429,14,0,,0,1,1,0,0,0,0,14,,0,0,0,1429,14,0,,0,0,0,,,,,0,,,,,0,0,,,
,"/ja/collections/tpe-ass",1,1,0,0,0,0,1,,0,0,0,0,1,1,,1,1,1,0,0,0,0,1,,0,0,0,0,1,1,,1,0,0,,,,,0,,,,,,0,0,,0
"Product","/products/f9282-165cm-5ft4-d-cup-silicone-affordable-sex-dolls-starpery-doll",1,1,0,0,0,0,14,,0,0,0,696,14,0,,0,1,1,0,0,0,0,14,,0,0,0,696,14,0,,0,0,0,,,,,0,,,,,0,0,,,
,"/en-ca/products/f3749-166cm5ft5-bonnie-c-cup-tpe-european-teen-girls-young-cute-sex-dolls-se-doll",1,1,0,0,0,0,1,,0,0,0,0,1,1,,1,1,1,0,0,0,0,1,,0,0,0,0,1,1,,1,0,0,,,,,0,,,,,,0,0,,0
,"/en-ca/products/52516-1lb-53cm-premium-shemale-boys-male-sex-dolls-torso-for-women",1,1,0,0,0,0,1,,0,0,0,0,1,1,,1,1,1,0,0,0,0,1,,0,0,0,0,1,1,,1,0,0,,,,,0,,,,,,0,0,,0
"Product","/products/f2314-157cm5-2ft-g-cup-rose-big-boobs-tpe-sex-doll-in-stock-usa-fun-west-doll",1,1,0,0,0,0,32,,0,0,0,3061,32,0,,0,1,1,0,0,0,0,32,,0,0,0,3061,32,0,,0,0,0,,,,,0,,,,,0,0,,,
"Product","/products/8922777747695",1,1,0,0,0,0,1,,0,0,0,0,1,1,,1,1,1,0,0,0,0,1,,0,0,0,0,1,1,,1,0,0,,,,,0,,,,,,0,0,,0
,"/en-ca/products/p41-1-6lbs-realistic-tpe-pocket-pussy-tight-single-channel-vagina-masturbator-dang-xia",1,1,0,0,0,0,1,,0,0,0,0,1,1,,1,1,1,0,0,0,0,1,,0,0,0,0,1,1,,1,0,0,,,,,0,,,,,,0,0,,0
"Product","/products/t647-13-2lbs-muscle-trans-tpe-big-butt-futa-male-sex-doll-mrl",1,1,0,0,0,0,1,,0,0,0,0,1,1,,1,1,1,0,0,0,0,1,,0,0,0,0,1,1,,1,0,0,,,,,0,,,,,,0,0,,0
,"/en-ca/blogs/featured-blog/the-differences-between-tpe-and-silicone-vajankle",1,1,0,0,0,0,1,,0,0,0,0,1,1,,1,1,1,0,0,0,0,1,,0,0,0,0,1,1,,1,0,0,,,,,0,,,,,,0,0,,0
"Product","/products/f6333-165cm-56kg-e-cup-silicone-sex-doll",1,1,0,0,0,0,3,,0,0,0,272,3,0,,0,1,1,0,0,0,0,3,,0,0,0,272,3,0,,0,0,0,,,,,0,,,,,0,0,,,
"Product","/products/t360-38-58lbs-100cm-lightweight-life-size-sex-doll-torso-with-head-can-choose-no-head-climax-doll",1,1,0,0,0,0,1,,0,0,0,0,1,1,,1,1,1,0,0,0,0,1,,0,0,0,0,1,1,,1,0,0,,,,,0,,,,,,0,0,,0
"Product","/products/f1614-rosretty-160cm-celebrity-life-size-realistic-sex-doll",1,1,0,0,0,0,4,,0,0,0,136,4,0,,0,1,1,0,0,0,0,4,,0,0,0,136,4,0,,0,0,0,,,,,0,,,,,0,0,,,
"Product","/products/9192617246959",1,1,0,0,0,0,1,,0,0,0,0,1,1,,1,1,1,0,0,0,0,1,,0,0,0,0,1,1,,1,0,0,,,,,0,,,,,,0,0,,0
,"/ja/blogs/dolls-info-qustions/exploring-the-mens-psychology-of-sex-doll-ownership",1,1,0,0,0,0,1,,0,0,0,0,1,1,,1,1,1,0,0,0,0,1,,0,0,0,0,1,1,,1,0,0,,,,,0,,,,,,0,0,,0
"Collection","/collections/for-doll-torso-with-head",1,1,0,0,0,0,5,,0,0,0,2578,5,0,,0,1,1,0,0,0,0,5,,0,0,0,2578,5,0,,0,0,0,,,,,0,,,,,0,0,,,
,"/de/collections/mini-bbw-sex-doll",1,1,0,0,0,0,4,,0,0,0,672,4,0,,0,1,1,0,0,0,0,4,,0,0,0,672,4,0,,0,0,0,,,,,0,,,,,0,0,,,
"Product","/products/p898-fake-sexy-pussy",1,1,0,0,0,0,1,,0,0,0,0,1,1,,1,1,1,0,0,0,0,1,,0,0,0,0,1,1,,1,0,0,,,,,0,,,,,,0,0,,0
"Product","/products/t659-26-5lbs-realistic-dildo-for-silicone-woman-with-male-sex-doll%E4%B8%A8judy-rona",1,1,0,0,0,0,1,,0,0,0,0,1,1,,1,1,1,0,0,0,0,1,,0,0,0,0,1,1,,1,0,0,,,,,0,,,,,,0,0,,0
"Product","/products/f5695-171cm-40kg-c-cup-silicone-head-movable-jaw-sle-body-silicone-celebrity-sex-doll-in-stock-usa-canada-zelex-doll",1,1,0,0,0,0,1,,0,0,0,0,1,1,,1,1,1,0,0,0,0,1,,0,0,0,0,1,1,,1,0,0,,,,,0,,,,,,0,0,,0
,"/en-ca/blogs/dolls-info-qustions/exploring-the-world-of-sexual-fantasies-how-to-use-a-sex-doll-torso-to-fulfill-sexual-fantasies",1,1,0,0,0,0,1,,0,0,0,0,1,1,,1,1,1,0,0,0,0,1,,0,0,0,0,1,1,,1,0,0,,,,,0,,,,,,0,0,,0
,"/ja/blogs/complete-sex-doll-guide-for-beginners/zero-to-hero-guide-how-first-timers-should-choose-full-body-sex-dolls",1,1,0,0,0,0,1,,0,0,0,0,1,1,,1,1,1,0,0,0,0,1,,0,0,0,0,1,1,,1,0,0,,,,,0,,,,,,0,0,,0
,"/en-fi/collections/big-ass-sex-doll-life-size",1,1,0,0,0,0,1,,0,0,0,0,1,1,,1,1,1,0,0,0,0,1,,0,0,0,0,1,1,,1,0,0,,,,,0,,,,,,0,0,,0
,"/ja/collections/full-femboy-sex-doll",1,1,0,0,0,0,1,,0,0,0,0,1,1,,1,1,1,0,0,0,0,1,,0,0,0,0,1,1,,1,0,0,,,,,0,,,,,,0,0,,0
"Product","/products/f9133-160cm-5ft332-5kg-k-cup-best-fat-huge-breasts-silicone-big-belly-bbw-sex-doll-weight-loss-starpery-doll",1,1,0,0,0,0,1,,0,0,0,0,1,1,,1,1,1,0,0,0,0,1,,0,0,0,0,1,1,,1,0,0,,,,,0,,,,,,0,0,,0
,"/en-fi/blogs/dolls-info-qustions/exploring-the-best-personal-time-spaces",1,1,0,0,0,0,1,,0,0,0,0,1,1,,1,1,1,0,0,0,0,1,,0,0,0,0,1,1,,1,0,0,,,,,0,,,,,,0,0,,0
,"/en-fi/collections/muha",1,1,0,0,0,0,1,,0,0,0,2,1,1,,1,1,1,0,0,0,0,1,,0,0,0,2,1,1,,1,0,0,,,,,0,,,,,0,0,0,,0
,"/en-ca/products/t238-30-75lbs-lightweight-life-size-flat-chested-sex-doll-torso-with-head-climax-doll",1,1,0,0,0,0,3,,0,0,0,1559,3,0,,0,1,1,0,0,0,0,3,,0,0,0,1559,3,0,,0,0,0,,,,,0,,,,,0,0,,,
,"/en-ca/collections/dildo-male-sex-doll",1,1,0,0,0,0,36,,0,0,0,953,36,0,,0,1,1,0,0,0,0,36,,0,0,0,953,36,0,,0,0,0,,,,,0,,,,,0,0,,,
"Product","/products/f8148-150cm-5ft-27-5kg-silicone-anime-life-size-sex-doll-elsa-babe",1,1,0,0,0,0,1,,0,0,0,0,1,1,,1,1,1,0,0,0,0,1,,0,0,0,0,1,1,,1,0,0,,,,,0,,,,,,0,0,,0
,"/en-fi/blogs/dolls-info-qustions/do-sex-dolls-feel-real",1,1,0,0,0,0,1,,0,0,0,0,1,1,,1,1,1,0,0,0,0,1,,0,0,0,0,1,1,,1,0,0,,,,,0,,,,,,0,0,,0
,"/en-ca/products/f5876-158cm-5ft2-37kg-c-cup-asian-silicone-head-tpe-body-sex-doll-shedoll",1,1,0,0,0,0,1,,0,0,0,0,1,1,,1,1,1,0,0,0,0,1,,0,0,0,0,1,1,,1,0,0,,,,,0,,,,,,0,0,,0
"Blog Article","/blogs/dolls-info-qustions/how-to-install-the-head-of-bbw-sex-dolls",1,1,0,0,0,0,1,,0,0,0,0,1,1,,1,1,1,0,0,0,0,1,,0,0,0,0,1,1,,1,0,0,,,,,0,,,,,,0,0,,0
"Product","/products/p388-mrl-furry-futa-hentai-sex-doll-realistic-anime-character-pocket-pussy-4-2lb",1,1,0,0,0,0,4,,0,0,0,69,4,0,,0,1,1,0,0,0,0,4,,0,0,0,69,4,0,,0,0,0,,,,,0,,,,,0,0,,,
"Product","/products/f4039-150cm-k-cup-big-ass-huge-breast-tpe-bbw-sex-dolls-doll-castle",1,1,0,0,0,0,11,,0,0,0,1247,11,0,,0,1,1,0,0,0,0,11,,0,0,0,1247,11,0,,0,0,0,,,,,0,,,,,0,0,,,
,"/en-ca/products/f704-161cm5ft3-33kg-e-cup-penny-black-silicone-sex-doll-irontech-doll",1,1,0,0,0,0,3,,0,0,0,486,3,0,,0,1,1,0,0,0,0,3,,0,0,0,486,3,0,,0,0,0,,,,,0,,,,,0,0,,,
"Product","/products/f5618-156cm-5ft1-46-6kg-d-cup-big-ass-large-breast-ros-movable-jaw-silicone-ssbbw-sex-dolls-sy-doll",1,1,0,0,0,0,2,,0,0,0,47,2,0,,0,1,1,0,0,0,0,2,,0,0,0,47,2,0,,0,0,0,,,,,0,,,,,0,0,,,
,"/en-ca/collections/black-sex-doll-heads",1,1,0,0,0,0,3,,0,0,0,94,3,0,,0,1,1,0,0,0,0,3,,0,0,0,94,3,0,,0,0,0,,,,,0,,,,,0,0,,,
"Product","/products/t612-54-5lb-freya-tpe-bbw-big-tits-love-sex-doll-fantasy-sex-doll%E4%B8%A8tantaly",1,1,0,0,0,0,1,,0,0,0,0,1,1,,1,1,1,0,0,0,0,1,,0,0,0,0,1,1,,1,0,0,,,,,0,,,,,,0,0,,0
,"/en-ca/pages/avada-sitemap",1,1,0,0,0,0,1,,0,0,0,0,1,1,,1,1,1,0,0,0,0,1,,0,0,0,0,1,1,,1,0,0,,,,,0,,,,,,0,0,,0
"Product","/products/silicone-realistic-legs-feet-50lb",1,1,0,0,0,0,1,,0,0,0,0,1,1,,1,1,1,0,0,0,0,1,,0,0,0,0,1,1,,1,0,0,,,,,0,,,,,,0,0,,0
"Product","/products/f5755-172cm-5ft8-38-7kg-e-cup-cheap-silicone-celebrity-sex-doll-zelex-sle-2-0-in-stock-usa-canada-zelex-doll",1,1,0,0,0,0,74,,0,0,0,3064,74,0,,0,1,1,0,0,0,0,74,,0,0,0,3064,74,0,,0,0,0,,,,,0,,,,,0,0,,,
,"/en-ca/collections/best-sell-big-ass",1,1,0,0,0,0,3,,0,0,0,320,3,0,,0,1,1,0,0,0,0,3,,0,0,0,320,3,0,,0,0,0,,,,,0,,,,,0,0,,,
"Product","/products/linkdolls-f367-150cm-4ft9-samantha-premium-alien-the-charming-devil-sex-doll-se-doll",1,1,0,0,0,0,1,,0,0,0,0,1,1,,1,1,1,0,0,0,0,1,,0,0,0,0,1,1,,1,0,0,,,,,0,,,,,,0,0,,0
"Blog Article","/blogs/complete-sex-doll-guide-for-beginners/how-to-restore-faded-nipples-on-a-tpe-sex-doll-a-step-by-step-guide",1,1,0,0,0,0,5,,0,0,0,422,5,0,,0,1,1,0,0,0,0,5,,0,0,0,422,5,0,,0,0,0,,,,,0,,,,,0,0,,,
"Product","/products/f8099-150cm-5ft-27-5kg-anime-silicone-sex-doll-elsa-babe",1,1,0,0,0,0,2,,0,0,0,7,2,0,,0,1,1,0,0,0,0,2,,0,0,0,7,2,0,,0,0,0,,,,,0,,,,,0,0,,,
,"/vi/collections/all",1,1,0,0,0,0,3,,0,0,0,46,3,0,,0,1,1,0,0,0,0,3,,0,0,0,46,3,0,,0,0,0,,,,,0,,,,,0,0,,,
"Product","/products/f5302-silicone-huge-boobs-dolls-sineem",1,1,0,0,0,0,13,,0,0,0,932,13,0,,0,1,1,0,0,0,0,13,,0,0,0,932,13,0,,0,0,0,,,,,0,,,,,0,0,,,
"Product","/products/f7069-162cm-6ft3-44kg-p-cup-elf-fantasy-tpe-sexual-hentai-alien-girl-sex-doll-castle-doll",1,1,0,0,0,0,7,,0,0,0,593,7,0,,0,1,1,0,0,0,0,7,,0,0,0,593,7,0,,0,0,0,,,,,0,,,,,0,0,,,
,"/ja/blogs/dolls-info-qustions/have-sex-with-a-japnese-sex-doll",1,1,0,0,0,0,1,,0,0,0,0,1,1,,1,1,1,0,0,0,0,1,,0,0,0,0,1,1,,1,0,0,,,,,0,,,,,,0,0,,0
"Blog Article","/blogs/dolls-info-qustions/sy-new-movable-jaw-doll",1,1,0,0,0,0,1,,0,0,0,0,1,1,,1,1,1,0,0,0,0,1,,0,0,0,0,1,1,,1,0,0,,,,,0,,,,,,0,0,,0
,"/de/pages/shemale-sex-doll-guide",1,1,0,0,0,0,1,,0,0,0,0,1,1,,1,1,1,0,0,0,0,1,,0,0,0,0,1,1,,1,0,0,,,,,0,,,,,,0,0,,0
,"/en-fi/collections/sex-torso-doll-in-stock-europe",1,1,0,0,0,0,5,,0,0,0,296,5,0,,0,1,1,0,0,0,0,5,,0,0,0,296,5,0,,0,0,0,,,,,0,,,,,0,0,,,
"Product","/products/t456-12-52lb-silicone-portable-mini-sex-doll-torso-for-beginners-lovenestle",1,1,0,0,0,0,1,,0,0,0,0,1,1,,1,1,1,0,0,0,0,1,,0,0,0,0,1,1,,1,0,0,,,,,0,,,,,,0,0,,0
"Collection","/collections/realistic-sex-dolls",1,1,0,0,0,0,1,,0,0,0,0,1,1,,1,1,1,0,0,0,0,1,,0,0,0,0,1,1,,1,0,0,,,,,0,,,,,,0,0,,0
"Product","/products/t660-15-43lbs-tpr-8-46in-dildo-insert-ai-sex-doll-torso-toy-masturbator-xinse",1,1,1,1,0,0,3,0,1,1,0,195,3,0,0,0,1,1,1,1,0,0,3,0,1,1,0,195,3,0,0,0,0,0,0,0,,,0,,0,0,,0,0,,,
"Product","/products/f2475-159cm5-2ft-37kg-a-cup-amy-luxury-grade-realistic-skin-texture-silicone-anime-sex-doll-in-stock-usa-fun-west-doll",1,1,0,0,0,0,5,,0,0,0,95,5,0,,0,1,1,0,0,0,0,5,,0,0,0,95,5,0,,0,0,0,,,,,0,,,,,0,0,,,
"Custom Page","/pages/shemale-sex-doll-guide",1,1,0,0,0,0,24,,0,0,0,2838,24,0,,0,1,1,0,0,0,0,24,,0,0,0,2838,24,0,,0,0,0,,,,,0,,,,,0,0,,,
,"/ja/products/f6130-160cm-5ft2-36kg-c-cup-tpe-silicone-head-sex-doll-sy-doll",1,1,0,0,0,0,30,,0,0,0,1771,30,0,,0,1,1,0,0,0,0,30,,0,0,0,1771,30,0,,0,0,0,,,,,0,,,,,0,0,,,
"Product","/products/f9301-150cm-4ft9-41kg-b-cup-ros-silicone-head-flat-chest-life-size-trans-sex-doll-with-fixed-6-7-dildo-doll-castle",1,1,0,0,0,0,4,,0,0,0,86,4,0,,0,1,1,0,0,0,0,4,,0,0,0,86,4,0,,0,0,0,,,,,0,,,,,0,0,,,
"Product","/products/f5684-161cm5ft3-34kg-e-cup-silicone-buy-robot-alien-sex-dolls-se-doll",1,1,0,0,0,0,1,,0,0,0,0,1,1,,1,1,1,0,0,0,0,1,,0,0,0,0,1,1,,1,0,0,,,,,0,,,,,,0,0,,0
"Product","/products/f9013-160cm-5ft3-36kg-c-cup-lifelike-silicone-head-tpe-body-sex-doll-rosretty-doll",1,1,0,0,0,0,1,,0,0,0,0,1,1,,1,1,1,0,0,0,0,1,,0,0,0,0,1,1,,1,0,0,,,,,0,,,,,,0,0,,0
"Product","/products/f5942-153cm5-0ft-32-5kg-2-2u-d-cup-premium-japanese-sex-doll-bezlya-doll",1,1,0,0,0,0,1,,0,0,0,0,1,1,,1,1,1,0,0,0,0,1,,0,0,0,0,1,1,,1,0,0,,,,,0,,,,,,0,0,,0
,"/en-fi/collections/alien-sex-dolls",1,1,0,0,0,0,1,,0,0,0,0,1,1,,1,1,1,0,0,0,0,1,,0,0,0,0,1,1,,1,0,0,,,,,0,,,,,,0,0,,0
,"/en-ca/blogs/dolls-info-qustions/how-men-can-use-sex-dolls-to-overcome-fake-orgasms",1,1,0,0,0,0,1,,0,0,0,0,1,1,,1,1,1,0,0,0,0,1,,0,0,0,0,1,1,,1,0,0,,,,,0,,,,,,0,0,,0
"Product","/products/f712-165cm-g-cup-most-realistic-sex-doll-irontech",1,1,0,0,0,0,1,,0,0,0,0,1,1,,1,1,1,0,0,0,0,1,,0,0,0,0,1,1,,1,0,0,,,,,0,,,,,,0,0,,0
"Product","/products/f4653-171cm-5ft6-d-cup-wushi-lifelike-sexy-silicone-sex-doll-starpery-doll",1,1,0,0,0,0,4,,0,0,0,90,4,0,,0,1,1,0,0,0,0,4,,0,0,0,90,4,0,,0,0,0,,,,,0,,,,,0,0,,,
,"/en-ca/blogs/dolls-info-qustions/ridmii-tenar-f9127-new-ai-sex-doll",1,1,0,0,0,0,1,,0,0,0,0,1,1,,1,1,1,0,0,0,0,1,,0,0,0,0,1,1,,1,0,0,,,,,0,,,,,,0,0,,0
"Product","/products/f1061-155cm-tpe-sex-doll-fun-west-doll",1,1,0,0,0,0,1,,0,0,0,0,1,1,,1,1,1,0,0,0,0,1,,0,0,0,0,1,1,,1,0,0,,,,,0,,,,,,0,0,,0
,"/en-ca/products/f1973k-170cm-5-6ft-43kg-d-cup-flora-life-size-silicone-sex-doll-real-lady",1,1,0,0,0,0,1,,0,0,0,0,1,1,,1,1,1,0,0,0,0,1,,0,0,0,0,1,1,,1,0,0,,,,,0,,,,,,0,0,,0
"Blog Article","/blogs/dolls-info-qustions/2025-top-5-big-booty-sex-doll-torsos-that-will-rock-your-world",1,1,0,0,0,0,2,,0,0,0,8,2,0,,0,1,1,0,0,0,0,2,,0,0,0,8,2,0,,0,0,0,,,,,0,,,,,0,0,,,
,"/en-fi/blogs/dolls-info-qustions/lgbt-adult-toy-guide-male-sex-dolls-and-diverse-play",1,1,0,0,0,0,1,,0,0,0,0,1,1,,1,1,1,0,0,0,0,1,,0,0,0,0,1,1,,1,0,0,,,,,0,,,,,,0,0,,0
"Product","/products/f9138-160cm-34-5kg-f-cup-silicone-sex-doll-irontech-doll",1,1,0,0,0,0,3,,0,0,0,33,3,0,,0,1,1,0,0,0,0,3,,0,0,0,33,3,0,,0,0,0,,,,,0,,,,,0,0,,,
"Checkout","/checkouts/cn/hWNCxN23w4alz1nsF4ZdEVI9/en",1,1,0,1,0,0,1,0,0,1,0,0,1,0,,0,1,1,0,1,0,0,1,0,0,1,0,0,1,0,,0,0,0,,0,,,0,,,0,,,0,,,
"Product","/products/t952-84cm-2ft9-28-3kg-j-cup-sle-bbw-sex-doll-porn-torso-with-headzelex-sle-2-0-in-stock-usa-canada-zelex-doll-%E5%89%AF%E6%9C%AC",1,1,0,0,0,0,7,,0,0,0,146,7,0,,0,1,1,0,0,0,0,7,,0,0,0,146,7,0,,0,0,0,,,,,0,,,,,0,0,,,
"Product","/products/t274-lightweight-life-size-female-sex-doll-torso",1,1,0,0,0,0,1,,0,0,0,0,1,1,,1,1,1,0,0,0,0,1,,0,0,0,0,1,1,,1,0,0,,,,,0,,,,,,0,0,,0
,"/ja/blogs/dolls-info-qustions/let-sex-dolls-inspire-your-sex-desire",1,1,0,0,0,0,1,,0,0,0,0,1,1,,1,1,1,0,0,0,0,1,,0,0,0,0,1,1,,1,0,0,,,,,0,,,,,,0,0,,0
"Product","/products/h043-ros-silicone-sex-doll-head-irontech-doll-head",1,1,0,0,0,0,1,,0,0,0,0,1,1,,1,1,1,0,0,0,0,1,,0,0,0,0,1,1,,1,0,0,,,,,0,,,,,,0,0,,0
"Product","/products/f5508-159cm5-2ft-33-5kg-h-cup-t1-life-size-silicone-sex-doll-real-lady",1,1,0,0,0,0,41,,0,0,0,2271,41,0,,0,1,1,0,0,0,0,41,,0,0,0,2271,41,0,,0,0,0,,,,,0,,,,,0,0,,,
,"/de/blogs/dolls-info-qustions/how-women-use-sex-dolls",1,1,0,0,0,0,1,,0,0,0,0,1,1,,1,1,1,0,0,0,0,1,,0,0,0,0,1,1,,1,0,0,,,,,0,,,,,,0,0,,0
"Product","/products/f8153k-154cm5ft1-32-4kg-e-cup-latina-silicone-head-chubby-bbw-sex-doll-in-stock-us-climax-doll-pro",1,1,0,0,0,0,1,,0,0,0,0,1,1,,1,1,1,0,0,0,0,1,,0,0,0,0,1,1,,1,0,0,,,,,0,,,,,,0,0,,0
,"/de/collections/anime-cosplay-sex-doll",1,1,0,0,0,0,1,,0,0,0,0,1,1,,1,1,1,0,0,0,0,1,,0,0,0,0,1,1,,1,0,0,,,,,0,,,,,,0,0,,0
"Product","/products/climax-flat-chested-torso-head-100cm-t734",1,1,0,0,0,0,1,,0,0,0,0,1,1,,1,1,1,0,0,0,0,1,,0,0,0,0,1,1,,1,0,0,,,,,0,,,,,,0,0,,0
"Collection","/collections/lesbian-sex-doll-1/",1,1,0,0,0,0,1,,0,0,0,0,1,1,,1,1,1,0,0,0,0,1,,0,0,0,0,1,1,,1,0,0,,,,,0,,,,,,0,0,,0
"Product","/products/t709-86lb-grace-sex-doll-torso-with-huge-breast-silicone-head-torso-pro",1,1,0,0,0,0,1,,0,0,0,0,1,1,,1,1,1,0,0,0,0,1,,0,0,0,0,1,1,,1,0,0,,,,,0,,,,,,0,0,,0
,"/en-ca/products/f6054-158cm-5ft2-47kg-c-cup-asian-silicone-sex-doll-shedoll",1,1,0,0,0,0,1,,0,0,0,0,1,1,,1,1,1,0,0,0,0,1,,0,0,0,0,1,1,,1,0,0,,,,,0,,,,,,0,0,,0
"Product","/products/t6-luxury-realistic-flat-chested-sex-doll-torso",1,1,0,0,0,0,4,,0,0,0,286,4,0,,0,1,1,0,0,0,0,4,,0,0,0,286,4,0,,0,0,0,,,,,0,,,,,0,0,,,
,"/en-ca/blogs/real-sex-doll-reviews-pros-cons-real-usage-tests/are-aitia-1-1-real-person-replica-asian-sex-dolls-worth-buying-a-complete-review-of-6-celebrity-sex-dolls",1,1,0,0,0,0,1,,0,0,0,0,1,1,,1,1,1,0,0,0,0,1,,0,0,0,0,1,1,,1,0,0,,,,,0,,,,,,0,0,,0
,"/en-ca/blogs/dolls-info-qustions/top-cydoll-auto-blowjob-function-game-changing-feature-now-live",1,1,0,0,0,0,1,,0,0,0,0,1,1,,1,1,1,0,0,0,0,1,,0,0,0,0,1,1,,1,0,0,,,,,0,,,,,,0,0,,0
,"/en-fi/blogs/dolls-info-qustions/comprehensive-analysis-of-ai-sex-doll-automatic-tongue-function",1,1,0,0,0,0,1,,0,0,0,0,1,1,,1,1,1,0,0,0,0,1,,0,0,0,0,1,1,,1,0,0,,,,,0,,,,,,0,0,,0
"Product","/products/f3257-151cm-5ft30kg-gina-c-cup-european-nude-sexy-woman-sex-doll-yl-doll",1,1,0,0,0,0,1,,0,0,0,0,1,1,,1,1,1,0,0,0,0,1,,0,0,0,0,1,1,,1,0,0,,,,,0,,,,,,0,0,,0
,"/ja/collections/foot-toy",1,1,0,0,0,0,1,,0,0,0,0,1,1,,1,1,1,0,0,0,0,1,,0,0,0,0,1,1,,1,0,0,,,,,0,,,,,,0,0,,0
"Product","/products/f2419-150cm-4ft9-d-cup-m40-blonde-neighbor-girl-silicone-sex-doll-2024-sy-doll",1,1,0,0,0,0,1,,0,0,0,0,1,1,,1,1,1,0,0,0,0,1,,0,0,0,0,1,1,,1,0,0,,,,,0,,,,,,0,0,,0
"Product","/products/p114-1-3lb-fake-pussy-realistic-masturbator-mini-sex-doll-torso-in-stock-mrl",1,1,1,1,0,0,14,0,1,1,0,414,14,0,0,0,1,1,1,1,0,0,14,0,1,1,0,414,14,0,0,0,0,0,0,0,,,0,,0,0,,0,0,,,
"Product","/products/f8007-150cm-5ft-27-5kg-silicone-anime-hentai-sex-doll-elsa-babe",1,1,0,0,0,0,9,,0,0,0,462,9,0,,0,1,1,0,0,0,0,9,,0,0,0,462,9,0,,0,0,0,,,,,0,,,,,0,0,,,
,"/en-ca/products/f4475-151cm4ft11-37kg-f-cup-robotic-blonde-tpe-sex-doll-aibei-doll",1,1,0,0,0,0,3,,0,0,0,237,3,0,,0,1,1,0,0,0,0,3,,0,0,0,237,3,0,,0,0,0,,,,,0,,,,,0,0,,,
"Product","/products/f5982-164cm5-4ft-36kg-d-cup-263-asian-silicone-game-celebrity-sex-doll%E4%B8%A8sy-doll",1,1,0,0,0,0,2,,0,0,0,4,2,0,,0,1,1,0,0,0,0,2,,0,0,0,4,2,0,,0,0,0,,,,,0,,,,,0,0,,,
"Product","/products/f2599-168cm5-5ft-39kg-realistic-silicone-sex-dolls-real-lady",1,1,0,0,0,0,15,,0,0,0,1265,15,0,,0,1,1,0,0,0,0,15,,0,0,0,1265,15,0,,0,0,0,,,,,0,,,,,0,0,,,
,"/en-ca/products/f4925-150cm4ft9-26-2kg-b-cup-small-breast-tpe-sex-doll-in-stock-usa-aibei-doll",1,1,0,0,0,0,1,,0,0,0,0,1,1,,1,1,1,0,0,0,0,1,,0,0,0,0,1,1,,1,0,0,,,,,0,,,,,,0,0,,0
,"/en-fi/collections/robot-sex-dolls",1,1,0,0,0,0,1,,0,0,0,0,1,1,,1,1,1,0,0,0,0,1,,0,0,0,0,1,1,,1,0,0,,,,,0,,,,,,0,0,,0
"Product","/products/f4884-150cm4ft9-45kg-j-cup-lightweight-large-breast-fat-ass-tpe-ssbbw-brown-sex-doll-body-castle-doll",1,1,0,0,0,0,1,,0,0,0,0,1,1,,1,1,1,0,0,0,0,1,,0,0,0,0,1,1,,1,0,0,,,,,0,,,,,,0,0,,0
,"/en-ca/products/l64838lbs-42-silicone-legs-realistic-skin-feel",1,1,0,0,0,0,1,,0,0,0,0,1,1,,1,1,1,0,0,0,0,1,,0,0,0,0,1,1,,1,0,0,,,,,0,,,,,,0,0,,0
"Collection","/collections/japanese-anime-and-cosplay",1,1,0,0,0,0,5,,0,0,0,48,5,0,,0,1,1,0,0,0,0,5,,0,0,0,48,5,0,,0,0,0,,,,,0,,,,,0,0,,,
"Product","/products/f4904k-150cm4ft9-35-5kg-b-cup-silicone-furry-bunny-life-size-anime-sex-doll-in-stock-eu-climax-doll-ultra",1,1,0,0,0,0,1,,0,0,0,0,1,1,,1,1,1,0,0,0,0,1,,0,0,0,0,1,1,,1,0,0,,,,,0,,,,,,0,0,,0
"Product","/products/f4092k-153cm-45kg-q-cup-full-silicone-ssbbw-biggest-sex-doll-bbw-in-stock-castle-doll",1,1,0,0,0,0,1,,0,0,0,0,1,1,,1,1,1,0,0,0,0,1,,0,0,0,0,1,1,,1,0,0,,,,,0,,,,,,0,0,,0
,"/en-fi/blogs/dolls-info-qustions/types-of-femboy-sex-dolls",1,1,0,0,0,0,1,,0,0,0,0,1,1,,1,1,1,0,0,0,0,1,,0,0,0,0,1,1,,1,0,0,,,,,0,,,,,,0,0,,0
"Product","/products/f1053-159cm-tpe-sex-doll-fun-west-doll",1,1,0,0,0,0,1,,0,0,0,0,1,1,,1,1,1,0,0,0,0,1,,0,0,0,0,1,1,,1,0,0,,,,,0,,,,,,0,0,,0
,"/en-ca/collections/big-ass-sex-doll-tpe-body",1,1,0,0,0,0,25,,0,0,0,466,25,0,,0,1,1,0,0,0,0,25,,0,0,0,466,25,0,,0,0,0,,,,,0,,,,,0,0,,,
,"/ja/collections/dw",1,1,0,0,0,0,1,,0,0,0,0,1,1,,1,1,1,0,0,0,0,1,,0,0,0,0,1,1,,1,0,0,,,,,0,,,,,,0,0,,0
,"/en-ca/products/f2591-164cm-f-cup-blond-big-boobs-silicone-sex-doll-irontech-doll",1,1,0,0,0,0,1,,0,0,0,0,1,1,,1,1,1,0,0,0,0,1,,0,0,0,0,1,1,,1,0,0,,,,,0,,,,,,0,0,,0
"Product","/products/top-fire-doll-169cm-silicone-full-sex-dolls-f8581",1,1,0,0,0,0,1,,0,0,0,0,1,1,,1,1,1,0,0,0,0,1,,0,0,0,0,1,1,,1,0,0,,,,,0,,,,,,0,0,,0
,"/en-ca/products/f3026-165cm-5ft4-f-cup-silicone-head-with-tpe-body-sex-doll-zelex-doll",1,1,0,0,0,0,1,,0,0,0,0,1,1,,1,1,1,0,0,0,0,1,,0,0,0,0,1,1,,1,0,0,,,,,0,,,,,,0,0,,0
"Product","/products/p40-realistic-pussy-masturbator",1,1,0,0,0,0,16,,0,0,0,496,16,0,,0,1,1,0,0,0,0,16,,0,0,0,496,16,0,,0,0,0,,,,,0,,,,,0,0,,,
"Checkout","/60719464687/orders/ecddb4242ad8ecafbdc0a79f021d6100",1,1,0,0,0,0,1,,0,0,0,0,1,1,,1,1,1,0,0,0,0,1,,0,0,0,0,1,1,,1,0,0,,,,,0,,,,,,0,0,,0
,"/de/collections/in-stock-usa",1,1,0,0,0,0,1,,0,0,0,0,1,1,,1,1,1,0,0,0,0,1,,0,0,0,0,1,1,,1,0,0,,,,,0,,,,,,0,0,,0
"Blog Article","/blogs/dolls-info-qustions/top-sex-doll-torsos-under-200",1,1,0,0,0,0,1,,0,0,0,0,1,1,,1,1,1,0,0,0,0,1,,0,0,0,0,1,1,,1,0,0,,,,,0,,,,,,0,0,,0
,"/en-ca/blogs/sex-doll-torso-blog/why-buy-an-expensive-sex-doll-torso-complete-guide",1,1,0,0,0,0,1,,0,0,0,0,1,1,,1,1,1,0,0,0,0,1,,0,0,0,0,1,1,,1,0,0,,,,,0,,,,,,0,0,,0
,"/en-ca/products/p899-fake-sexy-pussy",1,1,0,0,0,0,3,,0,0,0,647,3,0,,0,1,1,0,0,0,0,3,,0,0,0,647,3,0,,0,0,0,,,,,0,,,,,0,0,,,
"Product","/products/t911-94cm3ft1-25kg-d-cup-tpe-sex-doll-torso-with-head-zelex-doll",1,1,0,0,0,0,1,,0,0,0,0,1,1,,1,1,1,0,0,0,0,1,,0,0,0,0,1,1,,1,0,0,,,,,0,,,,,,0,0,,0
"Product","/products/f9371-elsa-babe-life-size-anime-sex-doll-blue-hair",1,1,0,0,0,0,1,,0,0,0,0,1,1,,1,1,1,0,0,0,0,1,,0,0,0,0,1,1,,1,0,0,,,,,0,,,,,,0,0,,0
"Product","/products/f4219-169cm5-7ft-44kg-l-cup-milf-tpe-sex-doll%E4%B8%A8wm-doll",1,1,0,0,0,0,1,,0,0,0,0,1,1,,1,1,1,0,0,0,0,1,,0,0,0,0,1,1,,1,0,0,,,,,0,,,,,,0,0,,0
,"/en-fi/collections/b-cup-sex-dolls",1,1,0,0,0,0,1,,0,0,0,0,1,1,,1,1,1,0,0,0,0,1,,0,0,0,0,1,1,,1,0,0,,,,,0,,,,,,0,0,,0
"Collection","/collections/w-r-4-0",1,1,0,0,0,0,2,,0,0,0,45,2,0,,0,1,1,0,0,0,0,2,,0,0,0,45,2,0,,0,0,0,,,,,0,,,,,0,0,,,
,"/ja/blogs/dolls-info-qustions/the-link-between-sex-doll-torso-and-sex-addiction",1,1,0,0,0,0,1,,0,0,0,0,1,1,,1,1,1,0,0,0,0,1,,0,0,0,0,1,1,,1,0,0,,,,,0,,,,,,0,0,,0
"Product","/products/f1261-165cm-g-cup-cinderella-big-boobs-doll-irontech-doll",1,1,0,0,0,0,1,,0,0,0,0,1,1,,1,1,1,0,0,0,0,1,,0,0,0,0,1,1,,1,0,0,,,,,0,,,,,,0,0,,0
,"/en-fi/blogs/dolls-info-qustions/let-sex-dolls-inspire-your-sex-desire",1,1,0,0,0,0,1,,0,0,0,0,1,1,,1,1,1,0,0,0,0,1,,0,0,0,0,1,1,,1,0,0,,,,,0,,,,,,0,0,,0
"Blog Article","/blogs/dolls-info-qustions/zelex-new-fusion-series-integrated-head-and-body-for-more-realistic-intimacy",1,1,0,0,0,0,2,,0,0,0,65,2,0,,0,1,1,0,0,0,0,2,,0,0,0,65,2,0,,0,0,0,,,,,0,,,,,0,0,,,
"Product","/products/f7887k-160cm5ft2-40kg-elara-b-cup-gel-filled-breasts-sex-doll-with-ros-slicone-head-in-stock-usa-jx-doll",1,1,0,0,0,0,2,,0,0,0,490,2,0,,0,1,1,0,0,0,0,2,,0,0,0,490,2,0,,0,0,0,,,,,0,,,,,0,0,,,
"Product","/products/l10-67lb-104cm-tall-fat-pop-art-faty-sex-doll-legs-climax-doll",1,1,0,0,0,0,2,,0,0,0,10,2,0,,0,1,1,0,0,0,0,2,,0,0,0,10,2,0,,0,0,0,,,,,0,,,,,0,0,,,
,"/de/blogs/dolls-info-qustions/se-doll-sex-bot-series-feature-comparison-waist-rotation-vs-hip-thrusting-vs-head-nodding",1,1,0,0,0,0,1,,0,0,0,0,1,1,,1,1,1,0,0,0,0,1,,0,0,0,0,1,1,,1,0,0,,,,,0,,,,,,0,0,,0
,"/ja/products/8246968385775",1,1,0,0,0,0,1,,0,0,0,0,1,1,,1,1,1,0,0,0,0,1,,0,0,0,0,1,1,,1,0,0,,,,,0,,,,,,0,0,,0
"Product","/products/t425-35lbs-70cm-tpe-realistic-male-gay-sex-dolls-for-women-in-stock-eu-yq",1,1,0,0,0,0,1,,0,0,0,0,1,1,,1,1,1,0,0,0,0,1,,0,0,0,0,1,1,,1,0,0,,,,,0,,,,,,0,0,,0
,"/en-ca/collections/zelex-doll",1,1,0,0,0,0,1,,0,0,0,0,1,1,,1,1,1,0,0,0,0,1,,0,0,0,0,1,1,,1,0,0,,,,,0,,,,,,0,0,,0
,"/en-fi/blogs/dolls-info-qustions/why-you-should-buy-your-husband-a-life-size-silicone-sex-doll",1,1,0,0,0,0,1,,0,0,0,0,1,1,,1,1,1,0,0,0,0,1,,0,0,0,0,1,1,,1,0,0,,,,,0,,,,,,0,0,,0
"Product","/products/f4750-161cm52-5kg-h-cup-fat-big-ass-silicone-bbw-sex-doll-2025-starpery-doll",1,1,0,0,0,0,1,,0,0,0,0,1,1,,1,1,1,0,0,0,0,1,,0,0,0,0,1,1,,1,0,0,,,,,0,,,,,,0,0,,0
"Checkout","/checkouts/cn/hWNCo5PdrWfjPFBW1vGCTYBu/en-ca",1,1,0,1,0,0,3,0,0,1,0,18,3,0,,0,1,1,0,1,0,0,3,0,0,1,0,18,3,0,,0,0,0,,0,,,0,,,0,,0,0,,,
"Product","/products/f3252-150cm-4ft935-5kg-g-cup-big-breasted-european-nude-blonde-beauty-sex-doll-yl-doll",1,1,0,0,0,0,1,,0,0,0,0,1,1,,1,1,1,0,0,0,0,1,,0,0,0,0,1,1,,1,0,0,,,,,0,,,,,,0,0,,0
,"/ja/blogs/dolls-info-qustions/black-sex-doll-sex-sensation",1,1,0,0,0,0,1,,0,0,0,0,1,1,,1,1,1,0,0,0,0,1,,0,0,0,0,1,1,,1,0,0,,,,,0,,,,,,0,0,,0
"Product","/products/f9200-170cm-5ft7-38kg-e-cup-silicone-ros-alien-full-sex-doll-doll-castle",1,1,0,0,0,0,1,,0,0,0,0,1,1,,1,1,1,0,0,0,0,1,,0,0,0,0,1,1,,1,0,0,,,,,0,,,,,,0,0,,0
"Collection","/collections/full-femboy-sex-doll/",1,1,0,0,0,0,1,,0,0,0,0,1,1,,1,1,1,0,0,0,0,1,,0,0,0,0,1,1,,1,0,0,,,,,0,,,,,,0,0,,0
,"/en-ca/blogs/dolls-info-qustions/se-doll-sex-bot-series-feature-comparison-waist-rotation-vs-hip-thrusting-vs-head-nodding",1,1,0,0,0,0,1,,0,0,0,0,1,1,,1,1,1,0,0,0,0,1,,0,0,0,0,1,1,,1,0,0,,,,,0,,,,,,0,0,,0
"Product","/products/f9383-168cm-anime-silicone-adult-dolls-aitia",1,1,0,0,0,0,1,,0,0,0,0,1,1,,1,1,1,0,0,0,0,1,,0,0,0,0,1,1,,1,0,0,,,,,0,,,,,,0,0,,0
,"/en-ca/collections/best-seller-sex-dolls-1000-1999",1,1,0,0,0,0,1,,0,0,0,0,1,1,,1,1,1,0,0,0,0,1,,0,0,0,0,1,1,,1,0,0,,,,,0,,,,,,0,0,,0
,"/en-fi/blogs/dolls-info-qustions/complete-guide-to-installing-male-sex-doll-penises-3-simple-methods",1,1,0,0,0,0,1,,0,0,0,0,1,1,,1,1,1,0,0,0,0,1,,0,0,0,0,1,1,,1,0,0,,,,,0,,,,,,0,0,,0
"Blog Article","/blogs/dolls-info-qustions/who-invented-oral-sex",1,1,0,0,0,0,1,,0,0,0,0,1,1,,1,1,1,0,0,0,0,1,,0,0,0,0,1,1,,1,0,0,,,,,0,,,,,,0,0,,0
,"/en-ca/collections/saggy-huge-breast-sex-doll",1,1,0,0,0,0,1,,0,0,0,0,1,1,,1,1,1,0,0,0,0,1,,0,0,0,0,1,1,,1,0,0,,,,,0,,,,,,0,0,,0
,"/en-ca/products/f4463-160cm-realistic-sex-bot-f-cup-silicone-head",1,1,0,0,0,0,7,,0,0,0,400,7,0,,0,1,1,0,0,0,0,7,,0,0,0,400,7,0,,0,0,0,,,,,0,,,,,0,0,,,
"Product","/products/t726-24kg-anime-dolphin-mating-hentai-silicone-sexdoll-torso-doll-castle",1,1,0,0,0,0,1,,0,0,0,0,1,1,,1,1,1,0,0,0,0,1,,0,0,0,0,1,1,,1,0,0,,,,,0,,,,,,0,0,,0
"Product","/products/f7618-161cm-5ft3-f-cup-realistic-tpe-body-silicone-head-sex-doll-rosretty-doll",1,1,0,0,0,0,1,,0,0,0,0,1,1,,1,1,1,0,0,0,0,1,,0,0,0,0,1,1,,1,0,0,,,,,0,,,,,,0,0,,0
"Collection","/collections/fake-ass-over-899",1,1,0,0,0,0,2,,0,0,0,21,2,0,,0,1,1,0,0,0,0,2,,0,0,0,21,2,0,,0,0,0,,,,,0,,,,,0,0,,,
"Product","/products/f9108-150cm-5ft-27-5kg-silicone-anime-waifu-sex-doll-elsa-babe",1,1,0,0,0,0,1,,0,0,0,0,1,1,,1,1,1,0,0,0,0,1,,0,0,0,0,1,1,,1,0,0,,,,,0,,,,,,0,0,,0
"Product","/products/f4602-175cm60kg-femboy-real-life-gay-best-male-sex-doll-qita-doll/",1,1,0,0,0,0,1,,0,0,0,0,1,1,,1,1,1,0,0,0,0,1,,0,0,0,0,1,1,,1,0,0,,,,,0,,,,,,0,0,,0
"Product","/products/t1567-2lb-silicone-torso-sex-doll-with-huge-breasts-cliamx-doll",1,1,0,0,0,0,1,,0,0,0,0,1,1,,1,1,1,0,0,0,0,1,,0,0,0,0,1,1,,1,0,0,,,,,0,,,,,,0,0,,0
,"/en-fi/collections/sex-doll-videos",1,1,0,0,0,0,1,,0,0,0,0,1,1,,1,1,1,0,0,0,0,1,,0,0,0,0,1,1,,1,0,0,,,,,0,,,,,,0,0,,0
,"/en-ca/blogs/sex-doll-torso-blog/fake-pussy-why-men-choose",1,1,0,0,0,0,1,,0,0,0,0,1,1,,1,1,1,0,0,0,0,1,,0,0,0,0,1,1,,1,0,0,,,,,0,,,,,,0,0,,0
"Collection","/collections/angel-kiss-doll",1,1,0,0,0,0,1,,0,0,0,0,1,1,,1,1,1,0,0,0,0,1,,0,0,0,0,1,1,,1,0,0,,,,,0,,,,,,0,0,,0
,"/de/collections/black-torso-sex-dolls",1,1,0,0,0,0,1,,0,0,0,0,1,1,,1,1,1,0,0,0,0,1,,0,0,0,0,1,1,,1,0,0,,,,,0,,,,,,0,0,,0
"Collection","/collections/irokebijin-doll-factory-photos",1,1,0,0,0,0,1,,0,0,0,0,1,1,,1,1,1,0,0,0,0,1,,0,0,0,0,1,1,,1,0,0,,,,,0,,,,,,0,0,,0
"Product","/products/f2421k-168cm-m-cup-7-1inch-dildo-futan-musculature-trans-silicone-full-body-sex-dolls-futa-sex-dolls-in-stock-us-eu-doll-castle/",1,1,0,0,0,0,1,,0,0,0,0,1,1,,1,1,1,0,0,0,0,1,,0,0,0,0,1,1,,1,0,0,,,,,0,,,,,,0,0,,0
"Product","/products/h236-ros-silicone-sex-doll-head%E4%B8%A8ak-doll-head",1,1,0,0,0,0,1,,0,0,0,0,1,1,,1,1,1,0,0,0,0,1,,0,0,0,0,1,1,,1,0,0,,,,,0,,,,,,0,0,,0
,"/de/blogs/full-sex-doll-blog/sex-doll-unboxing-guide-for-beginners-what-every-new-owner-should-know",1,1,0,0,0,0,19,,0,0,0,361,19,0,,0,1,1,0,0,0,0,19,,0,0,0,361,19,0,,0,0,0,,,,,0,,,,,0,0,,,
,"/en-ca/products/f5532-150cm4ft9-26-2kg-b-cup-small-breast-tpe-sex-doll-aibei-doll",1,1,0,0,0,0,1,,0,0,0,0,1,1,,1,1,1,0,0,0,0,1,,0,0,0,0,1,1,,1,0,0,,,,,0,,,,,,0,0,,0
,"/en-ca/collections/bbw-medium-torso",1,1,0,0,0,0,7,,0,0,0,397,7,0,,0,1,1,0,0,0,0,7,,0,0,0,397,7,0,,0,0,0,,,,,0,,,,,0,0,,,
"Product","/products/a571-19-4lbblack-sex-doll-torso-fat-ass",1,1,0,0,0,0,1,,0,0,0,0,1,1,,1,1,1,0,0,0,0,1,,0,0,0,0,1,1,,1,0,0,,,,,0,,,,,,0,0,,0
"Product","/products/kt002-premium-water-based-doll-cleaning-machine",1,1,0,0,0,0,1,,0,0,0,0,1,1,,1,1,1,0,0,0,0,1,,0,0,0,0,1,1,,1,0,0,,,,,0,,,,,,0,0,,0
"Blog Article","/blogs/dolls-info-qustions/why-choose-a-flat-chest-sex-doll-a-comparison-with-bbw-sex-dolls",1,1,0,0,0,0,1,,0,0,0,0,1,1,,1,1,1,0,0,0,0,1,,0,0,0,0,1,1,,1,0,0,,,,,0,,,,,,0,0,,0
,"/en-ca/products/f6006-158cm-5ft2-47kg-c-cup-asian-ros-silicone-sex-doll-shedoll",1,1,0,0,0,0,1,,0,0,0,0,1,1,,1,1,1,0,0,0,0,1,,0,0,0,0,1,1,,1,0,0,,,,,0,,,,,,0,0,,0
"Blog Article","/blogs/dolls-info-qustions/acne-cream-that-also-cures-stains-refresh-your-british-sex-doll-with-benzoyl-peroxide",1,1,0,0,0,0,1,,0,0,0,0,1,1,,1,1,1,0,0,0,0,1,,0,0,0,0,1,1,,1,0,0,,,,,0,,,,,,0,0,,0
"Product","/products/t230-big-breast-torso-dildo-bisexual-torso",1,1,0,0,0,0,1,,0,0,0,0,1,1,,1,1,1,0,0,0,0,1,,0,0,0,0,1,1,,1,0,0,,,,,0,,,,,,0,0,,0
"Product","/products/f6215-163cm5ft3-49kg-large-breasts-tpe-realistic-sex-doll-rui-mei",1,1,0,0,0,0,17,,0,0,0,601,17,0,,0,1,1,0,0,0,0,17,,0,0,0,601,17,0,,0,0,0,,,,,0,,,,,0,0,,,
"Product","/products/f6088-152cm-5ft-33kg-a-cup-silicone-head-tpe-body-realistic-mini-sex-doll-with-lifelike-skin-for-discreet-pleasure-shedoll",1,1,0,0,0,0,5,,0,0,0,122,5,0,,0,1,1,0,0,0,0,5,,0,0,0,122,5,0,,0,0,0,,,,,0,,,,,0,0,,,
,"/en-ca/pages/ai-sex-doll-function",1,1,0,0,0,0,1,,0,0,0,0,1,1,,1,1,1,0,0,0,0,1,,0,0,0,0,1,1,,1,0,0,,,,,0,,,,,,0,0,,0
,"/en-ca/products/h927-se-tpe-sex-doll-head-se-doll-head",1,1,0,0,0,0,2,,0,0,0,691,2,0,,0,1,1,0,0,0,0,2,,0,0,0,691,2,0,,0,0,0,,,,,0,,,,,0,0,,,
,"/en-fi/products/f8083-164cm-5ft4-49kg-m26-life-size-sex-doll-md-doll",1,1,0,0,0,0,1,,0,0,0,1,1,1,,1,1,1,0,0,0,0,1,,0,0,0,1,1,1,,1,0,0,,,,,0,,,,,0,0,0,,0
,"/en-ca/blogs/dolls-info-qustions/why-linkdolls-is-the-hottest-sex-doll-torso-supplier",1,1,0,0,0,0,14,,0,0,0,649,14,0,,0,1,1,0,0,0,0,14,,0,0,0,649,14,0,,0,0,0,,,,,0,,,,,0,0,,,
"Product","/products/f3499-166cm5f4-41kg-h-cup-big-breast-tpe-body-silicone-head-sex-doll-aibei-doll",1,1,0,0,0,0,5,,0,0,0,169,5,0,,0,1,1,0,0,0,0,5,,0,0,0,169,5,0,,0,0,0,,,,,0,,,,,0,0,,,
"Blog Article","/blogs/dolls-info-qustions/do-sex-dolls-feel-real-1",1,1,0,0,0,0,1,,0,0,0,0,1,1,,1,1,1,0,0,0,0,1,,0,0,0,0,1,1,,1,0,0,,,,,0,,,,,,0,0,,0
,"/de/blogs/dolls-info-qustions/how-to-hide-your-full-size-sex-doll",1,1,0,0,0,0,1,,0,0,0,0,1,1,,1,1,1,0,0,0,0,1,,0,0,0,0,1,1,,1,0,0,,,,,0,,,,,,0,0,,0
,"/en-fi/collections/bbw-milf-sex-doll",1,1,0,0,0,0,1,,0,0,0,0,1,1,,1,1,1,0,0,0,0,1,,0,0,0,0,1,1,,1,0,0,,,,,0,,,,,,0,0,,0
,"/de/products/9066059366639",1,1,0,0,0,0,1,,0,0,0,0,1,1,,1,1,1,0,0,0,0,1,,0,0,0,0,1,1,,1,0,0,,,,,0,,,,,,0,0,,0
,"/ja/blogs/dolls-info-qustions/gentlemans-paradise-exploring-nsfw-anime-figures-and-sex-dolls",1,1,0,0,0,0,1,,0,0,0,0,1,1,,1,1,1,0,0,0,0,1,,0,0,0,0,1,1,,1,0,0,,,,,0,,,,,,0,0,,0
,"/en-ca/products/f9196-165cm5ft4-32kg-f-cup-silicone-gel-breast-life-size-sex-doll%E4%B8%A8doll-senior",1,1,0,0,0,0,2,,0,0,0,88,2,0,,0,1,1,0,0,0,0,2,,0,0,0,88,2,0,,0,0,0,,,,,0,,,,,0,0,,,
"Product","/products/f9312-150cm-5ft-27-5kg-silicone-head-hentai-cheap-full-body-sex-doll-elsa-babe",1,1,0,0,0,0,1,,0,0,0,0,1,1,,1,1,1,0,0,0,0,1,,0,0,0,0,1,1,,1,0,0,,,,,0,,,,,,0,0,,0
"Product","/products/a624-41-2lb-daisy-pro-big-ass-removable-vagina-porn-sex-doll%E4%B8%A8tantaly",1,1,0,0,0,0,4,,0,0,0,218,4,0,,0,1,1,0,0,0,0,4,,0,0,0,218,4,0,,0,0,0,,,,,0,,,,,0,0,,,
"Product","/products/products-f5598-150cm-silicone-femboy-sex-doll-anime-slim-body",1,1,0,0,0,0,1,,0,0,0,0,1,1,,1,1,1,0,0,0,0,1,,0,0,0,0,1,1,,1,0,0,,,,,0,,,,,,0,0,,0
"Product","/products/f4744-90cm-2ft1134kg-o-cup-tpe-adult-big-chest-big-ass-bbw-sex-doll-torso-with-head-yl-doll",1,1,0,0,0,0,6,,0,0,0,472,6,0,,0,1,1,0,0,0,0,6,,0,0,0,472,6,0,,0,0,0,,,,,0,,,,,0,0,,,
"Blog Article","/blogs/dolls-info-qustions/exploring-the-best-personal-time-spaces",1,1,0,0,0,0,1,,0,0,0,0,1,1,,1,1,1,0,0,0,0,1,,0,0,0,0,1,1,,1,0,0,,,,,0,,,,,,0,0,,0
"Product","/products/f2545-164cm-f-cup-suntan-big-boobs-silicone-sex-doll-in-stock-us-irontech-doll",1,1,0,0,0,0,12,,0,0,0,1719,12,0,,0,1,1,0,0,0,0,12,,0,0,0,1719,12,0,,0,0,0,,,,,0,,,,,0,0,,,
"Product","/products/598-77lb-84cmlife-size-sex-doll-torso-with-head-and-hands",1,1,0,0,0,0,1,,0,0,0,0,1,1,,1,1,1,0,0,0,0,1,,0,0,0,0,1,1,,1,0,0,,,,,0,,,,,,0,0,,0
,"/en-ca/products/f5589-150cm4-9ft-27-6kg-f-cup-r7-life-size-asian-silicone-sex-doll-real-lady",1,1,0,0,0,0,1,,0,0,0,0,1,1,,1,1,1,0,0,0,0,1,,0,0,0,0,1,1,,1,0,0,,,,,0,,,,,,0,0,,0
"Product","/products/f2474-163cm5-3ft-40kg-g-cup-eira-tpe-sex-doll-fun-west-doll",1,1,0,0,0,0,21,,0,0,0,656,21,0,,0,1,1,0,0,0,0,21,,0,0,0,656,21,0,,0,0,0,,,,,0,,,,,0,0,,,
"Product","/products/f9290-155rcm5-12ft-32-5kg-2-1-a-cup-silicone-head-adult-sex-dolls-for-men-bezlya-doll",1,1,0,0,0,0,1,,0,0,0,0,1,1,,1,1,1,0,0,0,0,1,,0,0,0,0,1,1,,1,0,0,,,,,0,,,,,,0,0,,0
"Product","/products/f6236-157cm5-2ft-29kg-small-breasts-tpe-realistic-sex-doll-rui-mei",1,1,0,0,0,0,14,,0,0,0,586,14,0,,0,1,1,0,0,0,0,14,,0,0,0,586,14,0,,0,0,0,,,,,0,,,,,0,0,,,
,"/ja/collections/lr",1,1,0,0,0,0,1,,0,0,0,0,1,1,,1,1,1,0,0,0,0,1,,0,0,0,0,1,1,,1,0,0,,,,,0,,,,,,0,0,,0
"Blog Article","/blogs/dolls-info-qustions/a-beginners-guide-how-to-pick-a-silicon-sex-doll-head",1,1,0,0,0,0,1,,0,0,0,0,1,1,,1,1,1,0,0,0,0,1,,0,0,0,0,1,1,,1,0,0,,,,,0,,,,,,0,0,,0
"Checkout","/checkouts/cn/hWNCxwjffZ6kXPlTjVgDMos5/en",1,1,0,1,0,0,1,0,0,1,0,0,1,0,,0,1,1,0,1,0,0,1,0,0,1,0,0,1,0,,0,0,0,,0,,,0,,,0,,,0,,,
"Checkout","/60719464687/orders/002e3483cfaa37c3ccbaba10b2a82912",1,1,0,0,0,0,1,,0,0,0,0,1,1,,1,1,1,0,0,0,0,1,,0,0,0,0,1,1,,1,0,0,,,,,0,,,,,,0,0,,0
,"/en-ca/blogs/dolls-info-qustions/do-sex-dolls-feel-real-1",1,1,0,0,0,0,1,,0,0,0,0,1,1,,1,1,1,0,0,0,0,1,,0,0,0,0,1,1,,1,0,0,,,,,0,,,,,,0,0,,0
"Product","/products/f8509-163cm-36kg-d-cup-silicone-head-tpe-body-full-size-adult-sex-doll-aggie-ridmii",1,1,0,0,0,0,1,,0,0,0,0,1,1,,1,1,1,0,0,0,0,1,,0,0,0,0,1,1,,1,0,0,,,,,0,,,,,,0,0,,0
"Product","/products/f9307-150cm-5ft-27-5kg-silicone-head-anime-naked-doll-sex-elsa-babe",1,1,0,0,0,0,1,,0,0,0,0,1,1,,1,1,1,0,0,0,0,1,,0,0,0,0,1,1,,1,0,0,,,,,0,,,,,,0,0,,0
"Collection","/collections/6ye-doll",1,1,0,0,0,0,1,,0,0,0,0,1,1,,1,1,1,0,0,0,0,1,,0,0,0,0,1,1,,1,0,0,,,,,0,,,,,,0,0,,0
"Product","/products/f5647-172cm-5ft8-38-7kg-e-cup-cheap-silicone-celebrity-sex-doll-zelex-sle-2-0-in-stock-usa-canada-zelex-doll",1,1,0,0,0,0,3,,0,0,0,102,3,0,,0,1,1,0,0,0,0,3,,0,0,0,102,3,0,,0,0,0,,,,,0,,,,,0,0,,,
"Product","/products/f6106-176cm-5-77ft-47kg-e-cup-ros-silicone-realistic-sex-doll-evasdoll",1,1,0,0,0,0,1,,0,0,0,0,1,1,,1,1,1,0,0,0,0,1,,0,0,0,0,1,1,,1,0,0,,,,,0,,,,,,0,0,,0
,"/en-ca/blogs/dolls-info-qustions/the-ultimate-guide-to-starpery-sex-dolls-the-realism-and-innovation",1,1,0,0,0,0,1,,0,0,0,0,1,1,,1,1,1,0,0,0,0,1,,0,0,0,0,1,1,,1,0,0,,,,,0,,,,,,0,0,,0
"Collection","/collections/life-size-shemale-sex-doll/",1,1,0,0,0,0,1,,0,0,0,0,1,1,,1,1,1,0,0,0,0,1,,0,0,0,0,1,1,,1,0,0,,,,,0,,,,,,0,0,,0
"Product","/products/f9212-150cm-5ft-27-5kg-anime-hentai-silicone-lifesize-sex-doll-elsa-babe",1,1,0,0,0,0,1,,0,0,0,0,1,1,,1,1,1,0,0,0,0,1,,0,0,0,0,1,1,,1,0,0,,,,,0,,,,,,0,0,,0
"Product","/products/f8533k-167cm-49-2kg-silicone-ros-head-tpe-body-full-size-adult-sex-doll-marissa-in-stock-usa-ridmii",1,1,0,0,0,0,15,,0,0,0,1427,15,0,,0,1,1,0,0,0,0,15,,0,0,0,1427,15,0,,0,0,0,,,,,0,,,,,0,0,,,
"Blog Article","/blogs/dolls-info-qustions/the-vibration-and-suction-functions-of-automatic-sex-dolls",1,1,0,0,0,0,1,,0,0,0,0,1,1,,1,1,1,0,0,0,0,1,,0,0,0,0,1,1,,1,0,0,,,,,0,,,,,,0,0,,0
"Product","/products/f3401-150cm4ft9-31-5-kg-l-cup-blonde-tpe-sex-doll-aibei-doll",1,1,0,0,0,0,1,,0,0,0,0,1,1,,1,1,1,0,0,0,0,1,,0,0,0,0,1,1,,1,0,0,,,,,0,,,,,,0,0,,0
,"/en-ca/products/f5710-158cm-5ft2-36kg-g-cup-silicone-sexual-male-best-shemale-sex-doll-castle-doll",1,1,1,0,0,0,9,,1,0,0,701,9,0,,0,1,1,1,0,0,0,9,,1,0,0,701,9,0,,0,0,0,0,,,,0,,0,,,0,0,,,
"Product","/products/f5834k-168cm-5ft5-35kg-f-cup-silicone-realistic-sex-doll-in-stock-usa-top-cydoll",1,1,0,0,0,0,1,,0,0,0,0,1,1,,1,1,1,0,0,0,0,1,,0,0,0,0,1,1,,1,0,0,,,,,0,,,,,,0,0,,0
,"/en-ca/collections/torso-sex-dolls",1,1,0,0,0,0,7,,0,0,0,1078,7,0,,0,1,1,0,0,0,0,7,,0,0,0,1078,7,0,,0,0,0,,,,,0,,,,,0,0,,,
,"/en-ca/collections/buying-first-sex-doll",1,1,0,0,0,0,4,,0,0,0,250,4,0,,0,1,1,0,0,0,0,4,,0,0,0,250,4,0,,0,0,0,,,,,0,,,,,0,0,,,
"Product","/products/f4499-161cm5-3ft-53kg-h-cup-lottie-asian-silicone-sex-doll%E4%B8%A8climax-doll-pro",1,1,0,0,0,0,8,,0,0,0,2627,8,0,,0,1,1,0,0,0,0,8,,0,0,0,2627,8,0,,0,0,0,,,,,0,,,,,0,0,,,
"Product","/products/f5497-150cm-asian-petite-f-cup-japanese-sex-bot-moving-custom",1,1,1,0,0,0,7,,1,0,0,391,7,0,,0,1,1,1,0,0,0,7,,1,0,0,391,7,0,,0,0,0,0,,,,0,,0,,,0,0,,,
,"/en-ca/products/f6066-168cm-5ft5-47kg-d-cup-asian-ros-silicone-sex-doll-shedoll",1,1,0,0,0,0,1,,0,0,0,0,1,1,,1,1,1,0,0,0,0,1,,0,0,0,0,1,1,,1,0,0,,,,,0,,,,,,0,0,,0
"Blog Article","/blogs/dolls-info-qustions/comprehensive-guide-to-realistic-foot-fetish-toys",1,1,0,0,0,0,1,,0,0,0,0,1,1,,1,1,1,0,0,0,0,1,,0,0,0,0,1,1,,1,0,0,,,,,0,,,,,,0,0,,0
"Product","/products/f1717k-173cm-5ft7-g-cup-silicone-life-size-female-sex-doll-bbw-sex-doll-in-stock-us-starpery-doll",1,1,0,0,0,0,1,,0,0,0,7,1,1,,1,1,1,0,0,0,0,1,,0,0,0,7,1,1,,1,0,0,,,,,0,,,,,0,0,0,,0
"Collection","/collections/femboys-sex-doll/",1,1,0,0,0,0,1,,0,0,0,0,1,1,,1,1,1,0,0,0,0,1,,0,0,0,0,1,1,,1,0,0,,,,,0,,,,,,0,0,,0
,"/de/blogs/dolls-info-qustions/tpe-torso-silicone-torso-vs-full-body-silicone-sex-doll-a-comprehensive-practical-guide-from-beginner-to-advanced",1,1,0,0,0,0,1,,0,0,0,0,1,1,,1,1,1,0,0,0,0,1,,0,0,0,0,1,1,,1,0,0,,,,,0,,,,,,0,0,,0
,"/de/collections/funwest-doll-in-stock-europe-2026",1,1,0,0,0,0,1,,0,0,0,0,1,1,,1,1,1,0,0,0,0,1,,0,0,0,0,1,1,,1,0,0,,,,,0,,,,,,0,0,,0
"Product","/products/d3363-3lb%E4%B8%A87-5-brown-upgraded-king-kong-gunner-male-butt-with-dildo",1,1,1,1,0,0,13,0,1,1,0,4851,13,0,0,0,1,1,1,1,0,0,13,0,1,1,0,4851,13,0,0,0,0,0,0,0,,,0,,0,0,,0,0,,,
"Blog Article","/blogs/dolls-info-qustions/love-doll-comprehensive-guide-and-faqs-for-2025",1,1,0,0,0,0,1,,0,0,0,0,1,1,,1,1,1,0,0,0,0,1,,0,0,0,0,1,1,,1,0,0,,,,,0,,,,,,0,0,,0
"Collection","/collections/budget-friendly-life-size-sex-dolls-torsos-flat-20-discount-today",1,1,0,0,0,0,14,,0,0,0,455,14,0,,0,1,1,0,0,0,0,14,,0,0,0,455,14,0,,0,0,0,,,,,0,,,,,0,0,,,
"Blog Article","/blogs/dolls-info-qustions/sex-dolls-near-me",1,1,0,0,0,0,1,,0,0,0,0,1,1,,1,1,1,0,0,0,0,1,,0,0,0,0,1,1,,1,0,0,,,,,0,,,,,,0,0,,0
"Product","/products/f8170-150cm4-9ft-27-6kg-f-cup-ros-max-r8-lena-silicone-sex-doll-real-lady",1,1,0,0,0,0,1,,0,0,0,0,1,1,,1,1,1,0,0,0,0,1,,0,0,0,0,1,1,,1,0,0,,,,,0,,,,,,0,0,,0
,"/de/collections/bbw-new-product",1,1,0,0,0,0,3,,0,0,0,133,3,0,,0,1,1,0,0,0,0,3,,0,0,0,133,3,0,,0,0,0,,,,,0,,,,,0,0,,,
"Product","/products/t712-103lb-48-42inch-large-size-big-breast-sex-doll-torso-luxury-sexiest-stripper-plump-hot-sex-toy-for-man",1,1,0,0,0,0,5,,0,0,0,34,5,0,,0,1,1,0,0,0,0,5,,0,0,0,34,5,0,,0,0,0,,,,,0,,,,,0,0,,,
,"/en-ca/products/9382051971311",1,1,0,0,0,0,1,,0,0,0,0,1,1,,1,1,1,0,0,0,0,1,,0,0,0,0,1,1,,1,0,0,,,,,0,,,,,,0,0,,0
,"/en-ca/collections/erovenus-videos",1,1,0,0,0,0,1,,0,0,0,0,1,1,,1,1,1,0,0,0,0,1,,0,0,0,0,1,1,,1,0,0,,,,,0,,,,,,0,0,,0
"Checkout","/60719464687/orders/002bbfce4f95b8f90d916ec6cfd07a61",1,1,0,0,0,0,1,,0,0,0,0,1,1,,1,1,1,0,0,0,0,1,,0,0,0,0,1,1,,1,0,0,,,,,0,,,,,,0,0,,0
"Blog Article","/blogs/dolls-info-qustions/how-to-combine-cheap-sex-toys-creating-diverse-pleasurable-experiences",1,1,0,0,0,0,1,,0,0,0,0,1,1,,1,1,1,0,0,0,0,1,,0,0,0,0,1,1,,1,0,0,,,,,0,,,,,,0,0,,0
"Blog Article","/blogs/dolls-info-qustions/sex-doll-storage-furniture-discreet-safe-and-space-saving-solutions",1,1,0,0,0,0,1,,0,0,0,0,1,1,,1,1,1,0,0,0,0,1,,0,0,0,0,1,1,,1,0,0,,,,,0,,,,,,0,0,,0
,"/ja/collections/level-a",1,1,0,0,0,0,1,,0,0,0,0,1,1,,1,1,1,0,0,0,0,1,,0,0,0,0,1,1,,1,0,0,,,,,0,,,,,,0,0,,0
,"/ja/blogs/dolls-info-qustions/4-out-of-this-world-alien-sex-dolls-you-need-to-try",1,1,0,0,0,0,1,,0,0,0,0,1,1,,1,1,1,0,0,0,0,1,,0,0,0,0,1,1,,1,0,0,,,,,0,,,,,,0,0,,0
"Product","/products/f4592-150cm4ft9-26kg-kana-f-cup-silicone-hhs-animes-mini-hentai-sex-doll-irokebijin-doll",1,1,0,0,0,0,1,,0,0,0,0,1,1,,1,1,1,0,0,0,0,1,,0,0,0,0,1,1,,1,0,0,,,,,0,,,,,,0,0,,0
"Blog Article","/blogs/dolls-info-qustions/how-to-efficiently-dry-a-bbw-sex-doll-torso-best-tools-and-techniques",1,1,0,0,0,0,1,,0,0,0,0,1,1,,1,1,1,0,0,0,0,1,,0,0,0,0,1,1,,1,0,0,,,,,0,,,,,,0,0,,0
"Product","/products/f313-150cm-4ft9-42-5kg-m-cup-bigass-alien-tpe-sex-doll-wm-doll",1,1,0,0,0,0,1,,0,0,0,0,1,1,,1,1,1,0,0,0,0,1,,0,0,0,0,1,1,,1,0,0,,,,,0,,,,,,0,0,,0
,"/en-ca/collections/mrl-doll",1,1,0,0,0,0,2,,0,0,0,6,2,0,,0,1,1,0,0,0,0,2,,0,0,0,6,2,0,,0,0,0,,,,,0,,,,,0,0,,,
"Product","/products/f4615-177cm-5ft10-55kg-femboy-full-size-sex-with-silicone-male-sex-doll-qita-doll/",1,1,0,0,0,0,1,,0,0,0,0,1,1,,1,1,1,0,0,0,0,1,,0,0,0,0,1,1,,1,0,0,,,,,0,,,,,,0,0,,0
"Product","/products/p72-8-82lb-6-5-5-5inch-dildo-diphallia-futanari-double-penis-sex-doll-torso-mrl",1,1,0,0,0,0,1,,0,0,0,0,1,1,,1,1,1,0,0,0,0,1,,0,0,0,0,1,1,,1,0,0,,,,,0,,,,,,0,0,,0
"Product","/products/t632-40-3lb-monica-best-hentai-sex-doll-torso-for-breast-fun%E4%B8%A8tantaly",1,1,0,0,0,0,1,,0,0,0,0,1,1,,1,1,1,0,0,0,0,1,,0,0,0,0,1,1,,1,0,0,,,,,0,,,,,,0,0,,0
,"/ja/collections/in-stock-usa-1",1,1,0,0,0,0,1,,0,0,0,0,1,1,,1,1,1,0,0,0,0,1,,0,0,0,0,1,1,,1,0,0,,,,,0,,,,,,0,0,,0
"Checkout","/checkouts/cn/hWNCyYHGQuJIYoEc43UGxk4f/en",1,1,0,1,0,0,1,0,0,1,0,0,1,0,,0,1,1,0,1,0,0,1,0,0,1,0,0,1,0,,0,0,0,,0,,,0,,,0,,,0,,,
,"/en-ca/products/f3442-aibei-h-cup-sucking-life-size-sex-doll",1,1,0,0,0,0,1,,0,0,0,0,1,1,,1,1,1,0,0,0,0,1,,0,0,0,0,1,1,,1,0,0,,,,,0,,,,,,0,0,,0
"Collection","/collections/all/g-cup",1,1,0,0,0,0,3,,0,0,0,481,3,0,,0,1,1,0,0,0,0,3,,0,0,0,481,3,0,,0,0,0,,,,,0,,,,,0,0,,,
,"/en-fi/blogs/dolls-info-qustions/what-is-it-like-to-have-sex-with-a-male-sex-doll",1,1,0,0,0,0,1,,0,0,0,0,1,1,,1,1,1,0,0,0,0,1,,0,0,0,0,1,1,,1,0,0,,,,,0,,,,,,0,0,,0
"Product","/products/f3448-158cm5f2-33kg-e-cup-medium-breast-tpe-sex-doll-aibei-doll",1,1,1,0,0,0,134,,1,0,0,6601,134,0,,0,1,1,1,0,0,0,134,,1,0,0,6601,134,0,,0,0,0,0,,,,0,,0,,,0,0,,,
"Product","/products/f4893-163cm5-3ft-f-cup-great-huge-butt-tpe-ai-bbw-sex-dolls%E4%B8%A8sy-doll",1,1,0,0,0,0,1,,0,0,0,0,1,1,,1,1,1,0,0,0,0,1,,0,0,0,0,1,1,,1,0,0,,,,,0,,,,,,0,0,,0
,"/en-ca/pages/celebrity-sex-doll-guide",1,1,0,0,0,0,1,,0,0,0,0,1,1,,1,1,1,0,0,0,0,1,,0,0,0,0,1,1,,1,0,0,,,,,0,,,,,,0,0,,0
"Product","/products/f705-168cm5-5ft-39kg-h-cup-realistic-silicone-sex-doll-real-lady",1,1,0,0,0,0,2,,0,0,0,98,2,0,,0,1,1,0,0,0,0,2,,0,0,0,98,2,0,,0,0,0,,,,,0,,,,,0,0,,,
,"/en-ca/products/f5580-157cm5ft1-32kg-d-cup-medium-breast-tpe-sex-doll-aibei-doll",1,1,0,0,0,0,1,,0,0,0,0,1,1,,1,1,1,0,0,0,0,1,,0,0,0,0,1,1,,1,0,0,,,,,0,,,,,,0,0,,0
,"/en-ca/collections/in-stock-usa-1",1,1,0,0,0,0,119,,0,0,0,4920,119,0,,0,1,1,0,0,0,0,119,,0,0,0,4920,119,0,,0,0,0,,,,,0,,,,,0,0,,,
,"/en-ca/collections/milf-sex-dolls",1,1,0,0,0,0,4,,0,0,0,113,4,0,,0,1,1,0,0,0,0,4,,0,0,0,113,4,0,,0,0,0,,,,,0,,,,,0,0,,,
,"/de/blogs/dolls-info-qustions/do-sex-dolls-feel-real-1",1,1,0,0,0,0,1,,0,0,0,0,1,1,,1,1,1,0,0,0,0,1,,0,0,0,0,1,1,,1,0,0,,,,,0,,,,,,0,0,,0
,"/de/collections/gel-breasts",1,1,0,0,0,0,49,,0,0,0,2136,49,0,,0,1,1,0,0,0,0,49,,0,0,0,2136,49,0,,0,0,0,,,,,0,,,,,0,0,,,
,"/en-ca/blogs/dolls-info-qustions/lgbt-adult-toy-guide-male-sex-dolls-and-diverse-play",1,1,0,0,0,0,1,,0,0,0,0,1,1,,1,1,1,0,0,0,0,1,,0,0,0,0,1,1,,1,0,0,,,,,0,,,,,,0,0,,0
"Blog Article","/blogs/dolls-info-qustions/december-spotlight-sex-doll-torso-with-head",1,1,0,0,0,0,1,,0,0,0,0,1,1,,1,1,1,0,0,0,0,1,,0,0,0,0,1,1,,1,0,0,,,,,0,,,,,,0,0,,0
"Blog Article","/blogs/dolls-info-qustions/futa-sex-dolls-where-fantasy-meets-reality-in-the-world-of-anime-temptation",1,1,0,0,0,0,1,,0,0,0,0,1,1,,1,1,1,0,0,0,0,1,,0,0,0,0,1,1,,1,0,0,,,,,0,,,,,,0,0,,0
"Product","/products/f6059-168cm-5ft5-47kg-d-cup-asian-ros-silicone-real-skin-texture-sex-doll-shedoll",1,1,0,0,0,0,1,,0,0,0,0,1,1,,1,1,1,0,0,0,0,1,,0,0,0,0,1,1,,1,0,0,,,,,0,,,,,,0,0,,0
"Blog Article","/blogs/dolls-info-qustions/10-countries-legal-to-buy-sex-dolls",1,1,0,0,0,0,16,,0,0,0,2003,16,0,,0,1,1,0,0,0,0,16,,0,0,0,2003,16,0,,0,0,0,,,,,0,,,,,0,0,,,
"Collection","/collections/el-doll",1,1,0,0,0,0,1,,0,0,0,0,1,1,,1,1,1,0,0,0,0,1,,0,0,0,0,1,1,,1,0,0,,,,,0,,,,,,0,0,,0
,"/de/blogs/dolls-info-qustions/%F0%9F%94%A5-2025-best-fake-ass-sex-toy-recommendations-6-ultra-realistic-big-booty-dolls-for-ultimate-pleasure",1,1,0,0,0,0,1,,0,0,0,0,1,1,,1,1,1,0,0,0,0,1,,0,0,0,0,1,1,,1,0,0,,,,,0,,,,,,0,0,,0
,"/en-ca/collections/teen-sex-dolls",1,1,0,0,0,0,6,,0,0,0,434,6,0,,0,1,1,0,0,0,0,6,,0,0,0,434,6,0,,0,0,0,,,,,0,,,,,0,0,,,
"Checkout","/60719464687/orders/99a9e29172acbfa71e686cc2fa8f48c3",1,1,0,0,0,0,2,,0,0,0,642,2,0,,0,1,1,0,0,0,0,2,,0,0,0,642,2,0,,0,0,0,,,,,0,,,,,0,0,,,
"Product","/products/f5444-166cm5-5ft-33kg-ss182-c-cup-life-size-silicone-head-s-tpe-sex-doll%E4%B8%A8wm-doll",1,1,0,0,0,0,1,,0,0,0,0,1,1,,1,1,1,0,0,0,0,1,,0,0,0,0,1,1,,1,0,0,,,,,0,,,,,,0,0,,0
"Product","/products/t727-12-lbs-male-silicone-torso-doll-18cm-posable-dildo-real-testicles-yeloly",1,1,0,0,0,0,3,,0,0,0,49,3,0,,0,1,1,0,0,0,0,3,,0,0,0,49,3,0,,0,0,0,,,,,0,,,,,0,0,,,
,"/en-ca/products/a519-28-4lb-doggy-style-sex-doll-bottom-realistic-3d-ass-sex-doll",1,1,0,0,0,0,1,,0,0,0,0,1,1,,1,1,1,0,0,0,0,1,,0,0,0,0,1,1,,1,0,0,,,,,0,,,,,,0,0,,0
,"/vi/collections/shemale-sex-toy",1,1,0,0,0,0,1,,0,0,0,0,1,1,,1,1,1,0,0,0,0,1,,0,0,0,0,1,1,,1,0,0,,,,,0,,,,,,0,0,,0
,"/en-fi/collections/mini-flat-chest-sex-doll",1,1,0,0,0,0,1,,0,0,0,0,1,1,,1,1,1,0,0,0,0,1,,0,0,0,0,1,1,,1,0,0,,,,,0,,,,,,0,0,,0
,"/en-ca/products/f1425-158cm5f2-31-25kg-c-cup-small-breast-tpe-sex-doll-in-stock-usa-aibei-doll",1,1,0,0,0,0,1,,0,0,0,0,1,1,,1,1,1,0,0,0,0,1,,0,0,0,0,1,1,,1,0,0,,,,,0,,,,,,0,0,,0
,"/en-ca/products/f2556-159cm5-2ft-37kg-a-cup-youthful-look-realistic-silicone-sex-doll-in-stock-usa-fun-west-doll",1,1,0,0,0,0,1,,0,0,0,0,1,1,,1,1,1,0,0,0,0,1,,0,0,0,0,1,1,,1,0,0,,,,,0,,,,,,0,0,,0
"Checkout","/checkouts/cn/cdf022278cc6700be9567a59ee17a4c0/thank_you",1,1,0,0,1,1,2,,0,0,0,129,2,0,,0,1,1,0,0,1,1,2,,0,0,0,129,2,0,,0,0,0,,,0,0,0,,,,,0,0,,,
"Product","/products/f5632-166cm-5ft3-35-7kg-k-cup-silicone-celebrity-sex-dollzelex-sle-2-0-in-stock-usa-canada-zelex-doll",1,1,0,0,0,0,3,,0,0,0,178,3,0,,0,1,1,0,0,0,0,3,,0,0,0,178,3,0,,0,0,0,,,,,0,,,,,0,0,,,
"Blog Article","/blogs/dolls-info-qustions/how-sex-dolls-can-help-overcome-porn-addiction",1,1,0,0,0,0,1,,0,0,0,0,1,1,,1,1,1,0,0,0,0,1,,0,0,0,0,1,1,,1,0,0,,,,,0,,,,,,0,0,,0
,"/en-ca/products/592-67lb-75cm-bbw-sex-doll-torso-big-tits-big-ass-sex-doll-torso",1,1,0,0,0,0,13,,0,0,0,613,13,0,,0,1,1,0,0,0,0,13,,0,0,0,613,13,0,,0,0,0,,,,,0,,,,,0,0,,,
"Product","/products/f7553-158cm-5ft2-34kg-d-cup-tpe-body-silicone-head-sex-doll-lilydoll",1,1,0,0,0,0,1,,0,0,0,0,1,1,,1,1,1,0,0,0,0,1,,0,0,0,0,1,1,,1,0,0,,,,,0,,,,,,0,0,,0
"Product","/products/a308-13lb-19lb-30lb-three-sizes-silicone-soft-realistic-big-ass-sex-dolls-torso",1,1,0,0,0,0,1,,0,0,0,0,1,1,,1,1,1,0,0,0,0,1,,0,0,0,0,1,1,,1,0,0,,,,,0,,,,,,0,0,,0
,"/en-fi/collections/new-arrivals-robot-sex-dolls",1,1,0,0,0,0,2,,0,0,0,4,2,0,,0,1,1,0,0,0,0,2,,0,0,0,4,2,0,,0,0,0,,,,,0,,,,,0,0,,,
"Product","/products/f3806-165cm-5ft4-hirano-rin-silicone-anime-sex-doll-elsa-babe",1,1,0,0,0,0,1,,0,0,0,0,1,1,,1,1,1,0,0,0,0,1,,0,0,0,0,1,1,,1,0,0,,,,,0,,,,,,0,0,,0
"Product","/products/539-big-ass-sex-doll-torso",1,1,0,0,0,0,4,,0,0,0,67,4,0,,0,1,1,0,0,0,0,4,,0,0,0,67,4,0,,0,0,0,,,,,0,,,,,0,0,,,
"Collection","/collections/huge",1,1,0,0,0,0,4,,0,0,0,243,4,0,,0,1,1,0,0,0,0,4,,0,0,0,243,4,0,,0,0,0,,,,,0,,,,,0,0,,,
"Collection","/collections/xing-se",1,1,0,0,0,0,1,,0,0,0,0,1,1,,1,1,1,0,0,0,0,1,,0,0,0,0,1,1,,1,0,0,,,,,0,,,,,,0,0,,0
"Product","/products/f2344a-151cm4-9ft-65kg-t-cup-hips-over-155-jasmine-bbw-biggest-ass-huge-breast-movable-jaw-sex-doll%E4%B8%A8climax-doll-pro",1,1,0,0,0,0,1,,0,0,0,0,1,1,,1,1,1,0,0,0,0,1,,0,0,0,0,1,1,,1,0,0,,,,,0,,,,,,0,0,,0
,"/en-ca/products/f5875-158cm-5ft2-37kg-c-cup-asian-silicone-head-tpe-body-sex-doll-shedoll",1,1,0,0,0,0,1,,0,0,0,0,1,1,,1,1,1,0,0,0,0,1,,0,0,0,0,1,1,,1,0,0,,,,,0,,,,,,0,0,,0
,"/de/blogs/dolls-info-qustions/real-lady-vs-mlw-sex-dolls-unboxing-hands-on-review",1,1,0,0,0,0,1,,0,0,0,0,1,1,,1,1,1,0,0,0,0,1,,0,0,0,0,1,1,,1,0,0,,,,,0,,,,,,0,0,,0
,"/en-ca/products/f1031-155cm-tpe-sex-doll-fun-west-doll",1,1,0,0,0,0,19,,0,0,0,549,19,0,,0,1,1,0,0,0,0,19,,0,0,0,549,19,0,,0,0,0,,,,,0,,,,,0,0,,,
,"/en-ca/products/f5133-163cm-d-cup-narrow-waist-ros-silicone-sex-doll-galatea-doll",1,1,0,0,0,0,2,,0,0,0,53,2,0,,0,1,1,0,0,0,0,2,,0,0,0,53,2,0,,0,0,0,,,,,0,,,,,0,0,,,
,"/de/collections/hentai-sex-dolls-connecting-fantasy-to-reality",1,1,0,0,0,0,1,,0,0,0,0,1,1,,1,1,1,0,0,0,0,1,,0,0,0,0,1,1,,1,0,0,,,,,0,,,,,,0,0,,0
"Product","/products/f5559-150cm4ft9-33kg-f-cup-asian-life-size-tpe-sex-doll-aibei-doll",1,1,0,0,0,0,81,,0,0,0,8858,81,0,,0,1,1,0,0,0,0,81,,0,0,0,8858,81,0,,0,0,0,,,,,0,,,,,0,0,,,
"Product","/products/p96-0-62lb-owl-elf-cheap-silicone-anime-hentai-pocket-pussy-mrl",1,1,0,0,0,0,1,,0,0,0,0,1,1,,1,1,1,0,0,0,0,1,,0,0,0,0,1,1,,1,0,0,,,,,0,,,,,,0,0,,0
"Blog Article","/blogs/dolls-info-qustions/how-women-choose-their-male-sex-dolls",1,1,0,0,0,0,1,,0,0,0,0,1,1,,1,1,1,0,0,0,0,1,,0,0,0,0,1,1,,1,0,0,,,,,0,,,,,,0,0,,0
"Product","/products/f7114-155cm5-12ft-34-5kg-2-1-i-cup-robot-silicone-head-adult-asian-sex-doll-bezlya-doll",1,1,0,0,0,0,9,,0,0,0,218,9,0,,0,1,1,0,0,0,0,9,,0,0,0,218,9,0,,0,0,0,,,,,0,,,,,0,0,,,
,"/ja/collections/zelex-k-series",1,1,0,0,0,0,1,,0,0,0,0,1,1,,1,1,1,0,0,0,0,1,,0,0,0,0,1,1,,1,0,0,,,,,0,,,,,,0,0,,0
,"/de/collections/sex-doll-head",1,1,0,0,0,0,9,,0,0,0,199,9,0,,0,1,1,0,0,0,0,9,,0,0,0,199,9,0,,0,0,0,,,,,0,,,,,0,0,,,
,"/en-ca/products/f5055-170cm-5ft6-d-cup-ayami-chinese-silicone-sex-doll-jx-doll",1,1,0,0,0,0,2,,0,0,0,67,2,0,,0,1,1,0,0,0,0,2,,0,0,0,67,2,0,,0,0,0,,,,,0,,,,,0,0,,,
"Product","/products/f2598-166cm5-4ft-c-cup-gel-breasts-silicone-love-doll-qita-doll",1,1,0,0,0,0,1,,0,0,0,0,1,1,,1,1,1,0,0,0,0,1,,0,0,0,0,1,1,,1,0,0,,,,,0,,,,,,0,0,,0
,"/ja/collections/big-boobs-japanese-sex-doll",1,1,0,0,0,0,1,,0,0,0,0,1,1,,1,1,1,0,0,0,0,1,,0,0,0,0,1,1,,1,0,0,,,,,0,,,,,,0,0,,0
,"/en-fi/products/7688614346991",1,1,0,0,0,0,1,,0,0,0,0,1,1,,1,1,1,0,0,0,0,1,,0,0,0,0,1,1,,1,0,0,,,,,0,,,,,,0,0,,0
"Blog Article","/blogs/dolls-info-qustions/tpe-torso-silicone-torso-vs-full-body-silicone-sex-doll-a-comprehensive-practical-guide-from-beginner-to-advanced",1,1,0,0,0,0,2,,0,0,0,1248,2,0,,0,1,1,0,0,0,0,2,,0,0,0,1248,2,0,,0,0,0,,,,,0,,,,,0,0,,,
"Product","/products/x1-female-sex-toys-mini-sex-machine-free-hands-up-to-240-times-min",1,1,0,0,0,0,1,,0,0,0,0,1,1,,1,1,1,0,0,0,0,1,,0,0,0,0,1,1,,1,0,0,,,,,0,,,,,,0,0,,0
"Product","/products/f2208-172cm-5ft6-f-cup-rozanne-barbie-silicone-sex-doll-starpery-doll",1,1,0,0,0,0,1,,0,0,0,0,1,1,,1,1,1,0,0,0,0,1,,0,0,0,0,1,1,,1,0,0,,,,,0,,,,,,0,0,,0
,"/de/collections/pr-level-a",1,1,0,0,0,0,2,,0,0,0,17,2,0,,0,1,1,0,0,0,0,2,,0,0,0,17,2,0,,0,0,0,,,,,0,,,,,0,0,,,
"Blog Article","/blogs/dolls-info-qustions/understanding-the-internal-skeleton-structure-of-fit-sex-doll",1,1,0,0,0,0,3,,0,0,0,372,3,0,,0,1,1,0,0,0,0,3,,0,0,0,372,3,0,,0,0,0,,,,,0,,,,,0,0,,,
,"/en-fi/collections/aitia-videos",1,1,0,0,0,0,1,,0,0,0,0,1,1,,1,1,1,0,0,0,0,1,,0,0,0,0,1,1,,1,0,0,,,,,0,,,,,,0,0,,0
,"/en-ca/products/f1871-anime-cosplay-tpe-sex-doll-fun-west-doll",1,1,0,0,0,0,1,,0,0,0,0,1,1,,1,1,1,0,0,0,0,1,,0,0,0,0,1,1,,1,0,0,,,,,0,,,,,,0,0,,0
"Collection","/collections/robot-sex-dolls-1",1,1,0,0,0,0,1,,0,0,0,0,1,1,,1,1,1,0,0,0,0,1,,0,0,0,0,1,1,,1,0,0,,,,,0,,,,,,0,0,,0
"Product","/products/f5801k-176cm-5ft3-41kg-e-cup-ros-head-silicone-hyper-realistic-sex-doll-top-cydoll",1,1,0,0,0,0,4,,0,0,0,182,4,0,,0,1,1,0,0,0,0,4,,0,0,0,182,4,0,,0,0,0,,,,,0,,,,,0,0,,,
"Product","/products/8752806822127",1,1,0,0,0,0,1,,0,0,0,0,1,1,,1,1,1,0,0,0,0,1,,0,0,0,0,1,1,,1,0,0,,,,,0,,,,,,0,0,,0
"Product","/products/t285-103cm-3ft5-j-cup-natural-nadia-voss-a-silicone-sex-doll-torso-with-head-se-doll",1,1,0,0,0,0,1,,0,0,0,0,1,1,,1,1,1,0,0,0,0,1,,0,0,0,0,1,1,,1,0,0,,,,,0,,,,,,0,0,,0
"Product","/products/f4416-155cm5-1ft-29kg-d-cup-milf-tpe-sex-doll%E4%B8%A8wm-doll",1,1,0,0,0,0,1,,0,0,0,0,1,1,,1,1,1,0,0,0,0,1,,0,0,0,0,1,1,,1,0,0,,,,,0,,,,,,0,0,,0
"Product","/products/f3508-159cm5ft2-49kg-o-cup-big-tits-silicone-head-sex-doll-climax-doll-classic",1,1,1,0,0,0,2,,1,0,0,143,2,0,,0,1,1,1,0,0,0,2,,1,0,0,143,2,0,,0,0,0,0,,,,0,,0,,,0,0,,,
"Product","/products/f178-tpe-sex-doll-158cm5ft2",1,1,0,0,0,0,3,,0,0,0,87,3,0,,0,1,1,0,0,0,0,3,,0,0,0,87,3,0,,0,0,0,,,,,0,,,,,0,0,,,
,"/de/blogs/dolls-info-qustions/a-must-read-for-anime-fans-anime-futa-sex-dolls-bring-your-2d-fantasy-to-life",1,1,0,0,0,0,1,,0,0,0,0,1,1,,1,1,1,0,0,0,0,1,,0,0,0,0,1,1,,1,0,0,,,,,0,,,,,,0,0,,0
,"/en-ca/products/a458-43-43lb-silicone-1-1-life-size-doggy-style-big-ass-lovenestle",1,1,0,0,0,0,1,,0,0,0,0,1,1,,1,1,1,0,0,0,0,1,,0,0,0,0,1,1,,1,0,0,,,,,0,,,,,,0,0,,0
"Collection","/collections/over-45kg-99lb",1,1,0,0,0,0,1,,0,0,0,0,1,1,,1,1,1,0,0,0,0,1,,0,0,0,0,1,1,,1,0,0,,,,,0,,,,,,0,0,,0
,"/vi/blogs/dolls-info-qustions/how-to-properly-use-chinese-sex-dolls-a-comprehensive-guide",1,1,0,0,0,0,1,,0,0,0,0,1,1,,1,1,1,0,0,0,0,1,,0,0,0,0,1,1,,1,0,0,,,,,0,,,,,,0,0,,0
"Blog Article","/blogs/dolls-info-qustions/asian-sex-dolls-are-going-viral-they-not-only-understand-you-but-they-also-know-how-to-flirt",1,1,0,0,0,0,1,,0,0,0,0,1,1,,1,1,1,0,0,0,0,1,,0,0,0,0,1,1,,1,0,0,,,,,0,,,,,,0,0,,0
"Product","/products/589-sex-doll-torso",1,1,0,0,0,0,1,,0,0,0,0,1,1,,1,1,1,0,0,0,0,1,,0,0,0,0,1,1,,1,0,0,,,,,0,,,,,,0,0,,0
,"/en-ca/products/f1249-164cm-f-cup-suki-big-boobs-doll-irontech-doll",1,1,0,0,0,0,1,,0,0,0,0,1,1,,1,1,1,0,0,0,0,1,,0,0,0,0,1,1,,1,0,0,,,,,0,,,,,,0,0,,0
,"/ja/collections/sex-doll-videos",1,1,0,0,0,0,8,,0,0,0,222,8,0,,0,1,1,0,0,0,0,8,,0,0,0,222,8,0,,0,0,0,,,,,0,,,,,0,0,,,
,"/de/blogs/featured-blog/ultimate-guide-to-maintaining-your-silicone-sex-doll-keep-her-realistic-and-lasting-longer",1,1,0,0,0,0,1,,0,0,0,0,1,1,,1,1,1,0,0,0,0,1,,0,0,0,0,1,1,,1,0,0,,,,,0,,,,,,0,0,,0
"Product","/products/p81-6-8lb-20cm-anime-balloon-girl-futanari-sex-toys-mrl",1,1,0,0,0,0,1,,0,0,0,0,1,1,,1,1,1,0,0,0,0,1,,0,0,0,0,1,1,,1,0,0,,,,,0,,,,,,0,0,,0
,"/en-fi/products/p381-3-15lbs-meru-the-succubus-onahole-fake-pussy-silicone-anime-hentai-sex-doll-mrl",1,1,0,0,0,0,1,,0,0,0,0,1,1,,1,1,1,0,0,0,0,1,,0,0,0,0,1,1,,1,0,0,,,,,0,,,,,,0,0,,0
"Product","/products/p107-26cm-1-5kg-silicone-figure-hentai-2b-anime-pocket-pussy",1,1,0,0,0,0,1,,0,0,0,0,1,1,,1,1,1,0,0,0,0,1,,0,0,0,0,1,1,,1,0,0,,,,,0,,,,,,0,0,,0
"Product","/products/a17-25-57lbs-big-ass-mastubator",1,1,0,0,0,0,1,,0,0,0,0,1,1,,1,1,1,0,0,0,0,1,,0,0,0,0,1,1,,1,0,0,,,,,0,,,,,,0,0,,0
,"/en-ca/blogs/dolls-info-qustions/why-overusing-harsh-chemicals-to-clean-sex-toys-is-a-mistake",1,1,0,0,0,0,1,,0,0,0,0,1,1,,1,1,1,0,0,0,0,1,,0,0,0,0,1,1,,1,0,0,,,,,0,,,,,,0,0,,0
,"/de/products/a499-bbw-big-booty-silicone-sex-doll-torso",1,1,0,0,0,0,5,,0,0,0,34,5,0,,0,1,1,0,0,0,0,5,,0,0,0,34,5,0,,0,0,0,,,,,0,,,,,0,0,,,
"Product","/products/f555a-161cm5ft3-52-5kg-h-cup-huge-areola-adult-silicone-bbw-super-fat-big-belly-sex-doll-starpery-doll",1,1,0,0,0,0,2,,0,0,0,2,2,0,,0,1,1,0,0,0,0,2,,0,0,0,2,2,0,,0,0,0,,,,,0,,,,,0,0,,,
,"/en-fi/products/9373893394671",1,1,0,0,0,0,1,,0,0,0,0,1,1,,1,1,1,0,0,0,0,1,,0,0,0,0,1,1,,1,0,0,,,,,0,,,,,,0,0,,0
"Product","/products/f2270-165cm-d-cup-tammy-skinny-silicone-sex-doll-normon-doll",1,1,0,0,0,0,1,,0,0,0,0,1,1,,1,1,1,0,0,0,0,1,,0,0,0,0,1,1,,1,0,0,,,,,0,,,,,,0,0,,0
,"/de/collections/the-best-male-sex-dolls-of-2024-explained-choosing-your-ideal-lover",1,1,0,0,0,0,3,,0,0,0,165,3,0,,0,1,1,0,0,0,0,3,,0,0,0,165,3,0,,0,0,0,,,,,0,,,,,0,0,,,
"Product","/products/f4283-163cm5ft3-34kg-c-cup-asian-tpe-real-femboy-sex-doll-wm-doll/",1,1,0,0,0,0,1,,0,0,0,0,1,1,,1,1,1,0,0,0,0,1,,0,0,0,0,1,1,,1,0,0,,,,,0,,,,,,0,0,,0
"Product","/products/f5701-155cm5ft1-23kg-kemeny-e-d-cup-silicone-japanese-sex-doll-se-doll",1,1,0,0,0,0,1,,0,0,0,0,1,1,,1,1,1,0,0,0,0,1,,0,0,0,0,1,1,,1,0,0,,,,,0,,,,,,0,0,,0
"Collection","/collections/piper-doll",1,1,0,0,0,0,1,,0,0,0,0,1,1,,1,1,1,0,0,0,0,1,,0,0,0,0,1,1,,1,0,0,,,,,0,,,,,,0,0,,0
"Product","/products/f9216-150cm-5ft-27-5kg-anime-hentai-silicone-lifesize-sex-doll-elsa-babe",1,1,0,0,0,0,1,,0,0,0,0,1,1,,1,1,1,0,0,0,0,1,,0,0,0,0,1,1,,1,0,0,,,,,0,,,,,,0,0,,0
"Product","/products/shedoll-asian-silicone-163cm-h-cup-ros-big-breasts",1,1,0,0,0,0,1,,0,0,0,0,1,1,,1,1,1,0,0,0,0,1,,0,0,0,0,1,1,,1,0,0,,,,,0,,,,,,0,0,,0
,"/en-ca/blogs/dolls-info-qustions/pocket-pussy-full-range-of-types-which-one-is-best-for-you",1,1,0,0,0,0,1,,0,0,0,0,1,1,,1,1,1,0,0,0,0,1,,0,0,0,0,1,1,,1,0,0,,,,,0,,,,,,0,0,,0
"Product","/products/9384078901487",1,1,0,0,0,0,1,,0,0,0,0,1,1,,1,1,1,0,0,0,0,1,,0,0,0,0,1,1,,1,0,0,,,,,0,,,,,,0,0,,0
"Product","/products/t305-63-93lb-liz-big-boobs-silicone-sex-doll-with-mature-curves-lovenestle-series",1,1,0,0,0,0,1,,0,0,0,0,1,1,,1,1,1,0,0,0,0,1,,0,0,0,0,1,1,,1,0,0,,,,,0,,,,,,0,0,,0
"Blog Article","/blogs/dolls-info-qustions/a-closer-look-at-the-firefly-diary-brand",1,1,0,0,0,0,1,,0,0,0,0,1,1,,1,1,1,0,0,0,0,1,,0,0,0,0,1,1,,1,0,0,,,,,0,,,,,,0,0,,0
"Product","/products/t285k-103cm-3ft5-j-cup-natural-nadia-voss-a-silicon-sex-doll-torso-with-head-in-stock-us-eu-se-doll",1,1,0,0,0,0,1,,0,0,0,0,1,1,,1,1,1,0,0,0,0,1,,0,0,0,0,1,1,,1,0,0,,,,,0,,,,,,0,0,,0
"Product","/products/f9374-160cm-33kg-ros-siliconefull-size-adult-sex-doll-with-implanted-hair-ridmii",1,1,0,0,0,0,10,,0,0,0,182,10,0,,0,1,1,0,0,0,0,10,,0,0,0,182,10,0,,0,0,0,,,,,0,,,,,0,0,,,
,"/ja/collections/qian-you-videos",1,1,0,0,0,0,1,,0,0,0,0,1,1,,1,1,1,0,0,0,0,1,,0,0,0,0,1,1,,1,0,0,,,,,0,,,,,,0,0,,0
,"/en-ca/blogs/dolls-info-qustions/safely-disposing-the-used-sex-dolls",1,1,0,0,0,0,1,,0,0,0,0,1,1,,1,1,1,0,0,0,0,1,,0,0,0,0,1,1,,1,0,0,,,,,0,,,,,,0,0,,0
"Product","/products/f9351-elsa-babe-150cm-5ft-hentai-life-size-sex-dolls",1,1,0,0,0,0,1,,0,0,0,0,1,1,,1,1,1,0,0,0,0,1,,0,0,0,0,1,1,,1,0,0,,,,,0,,,,,,0,0,,0
,"/en-ca/products/f4456-166cm5f4-41kg-h-cup-big-breast-blonde-silicone-head-sex-doll-aibei-doll",1,1,0,0,0,0,1,,0,0,0,0,1,1,,1,1,1,0,0,0,0,1,,0,0,0,0,1,1,,1,0,0,,,,,0,,,,,,0,0,,0
"Product","/products/h734-sex-doll-head-silicone-with-blond-hair-irontech-doll-head",1,1,0,0,0,0,1,,0,0,0,0,1,1,,1,1,1,0,0,0,0,1,,0,0,0,0,1,1,,1,0,0,,,,,0,,,,,,0,0,,0
"Custom Page","/pages/real-lady",1,1,0,0,0,0,3,,0,0,0,220,3,0,,0,1,1,0,0,0,0,3,,0,0,0,220,3,0,,0,0,0,,,,,0,,,,,0,0,,,
"Product","/products/f5957-170cm-5ft6-41kg-k-cup-93-tpe-huge-breast-sex-doll-sy-doll",1,1,0,0,0,0,1,,0,0,0,0,1,1,,1,1,1,0,0,0,0,1,,0,0,0,0,1,1,,1,0,0,,,,,0,,,,,,0,0,,0
"Product","/products/f5040-170cm-5ft6-d-cup-yanny-asian-silicone-sex-doll-jx-doll",1,1,0,0,0,0,1,,0,0,0,0,1,1,,1,1,1,0,0,0,0,1,,0,0,0,0,1,1,,1,0,0,,,,,0,,,,,,0,0,,0
,"/en-fi/collections/100-199",1,1,1,1,0,0,7,0,1,1,0,116,7,0,0,0,1,1,1,1,0,0,7,0,1,1,0,116,7,0,0,0,0,0,0,0,,,0,,0,0,,0,0,,,
"Product","/products/b33-big-breast-vagina-sex-doll-titfuck-jelly-boobs",1,1,0,0,0,0,1,,0,0,0,0,1,1,,1,1,1,0,0,0,0,1,,0,0,0,0,1,1,,1,0,0,,,,,0,,,,,,0,0,,0
"Product","/products/a622-38-9lb-daisy-big-ass-realistic-pussy-sex-doll-with-tantabutt%E4%B8%A8tantaly",1,1,0,0,0,0,2,,0,0,0,152,2,0,,0,1,1,0,0,0,0,2,,0,0,0,152,2,0,,0,0,0,,,,,0,,,,,0,0,,,
"Product","/products/f9350-doll-senior-185cm-silicone-male-life-size-sex-doll",1,1,0,0,0,0,1,,0,0,0,0,1,1,,1,1,1,0,0,0,0,1,,0,0,0,0,1,1,,1,0,0,,,,,0,,,,,,0,0,,0
"Collection","/collections/tpe-sex-doll-torso",1,1,0,0,0,0,1,,0,0,0,0,1,1,,1,1,1,0,0,0,0,1,,0,0,0,0,1,1,,1,0,0,,,,,0,,,,,,0,0,,0
"Product","/products/male-ass-with-big-dildo",1,1,0,0,0,0,1,,0,0,0,0,1,1,,1,1,1,0,0,0,0,1,,0,0,0,0,1,1,,1,0,0,,,,,0,,,,,,0,0,,0
"Product","/products/h1105-alien-sex-doll-head",1,1,0,0,0,0,1,,0,0,0,0,1,1,,1,1,1,0,0,0,0,1,,0,0,0,0,1,1,,1,0,0,,,,,0,,,,,,0,0,,0
,"/en-fi/products/f5546-153cm-5ft-28kg-silicone-anime-hentai-male-sex-dolls-elsa-babe",1,1,0,0,0,0,1,,0,0,0,0,1,1,,1,1,1,0,0,0,0,1,,0,0,0,0,1,1,,1,0,0,,,,,0,,,,,,0,0,,0
"Product","/products/f5821-176cm-5ft3-41kg-e-cup-rebecca-silicone-realistic-ros-head-sex-doll-top-cydoll",1,1,0,0,0,0,1,,0,0,0,0,1,1,,1,1,1,0,0,0,0,1,,0,0,0,0,1,1,,1,0,0,,,,,0,,,,,,0,0,,0
"Blog Article","/blogs/dolls-info-qustions/dress-up-make-your-sex-doll-legs",1,1,0,0,0,0,1,,0,0,0,0,1,1,,1,1,1,0,0,0,0,1,,0,0,0,0,1,1,,1,0,0,,,,,0,,,,,,0,0,,0
"Blog Article","/blogs/dolls-info-qustions/zelex-fusion-series-redefining-realism-in-lifelike-dolls",1,1,0,0,0,0,1,,0,0,0,0,1,1,,1,1,1,0,0,0,0,1,,0,0,0,0,1,1,,1,0,0,,,,,0,,,,,,0,0,,0
"Collection","/collections/in-stock-usa",1,1,0,0,0,0,1,,0,0,0,0,1,1,,1,1,1,0,0,0,0,1,,0,0,0,0,1,1,,1,0,0,,,,,0,,,,,,0,0,,0
"Product","/products/f4733-in-stock-usa-canada-166cm-5ft3-35-7kg-k-cup-hair-implant-head-silicone-bbw-sex-dollzelex-sle-2-0-zelex-doll",1,1,0,0,0,0,8,,0,0,0,831,8,0,,0,1,1,0,0,0,0,8,,0,0,0,831,8,0,,0,0,0,,,,,0,,,,,0,0,,,
,"/en-fi/cart",1,1,0,0,0,0,1,,0,0,0,0,1,1,,1,1,1,0,0,0,0,1,,0,0,0,0,1,1,,1,0,0,,,,,0,,,,,,0,0,,0
,"/en-fi/collections/celebrity-sex-dolls",1,1,0,0,0,0,1,,0,0,0,0,1,1,,1,1,1,0,0,0,0,1,,0,0,0,0,1,1,,1,0,0,,,,,0,,,,,,0,0,,0
,"/en-ca/products/f2284-159cm5-2ft-f-cup-s38-silicone-head-sex-doll-irontech-doll",1,1,0,0,0,0,1,,0,0,0,0,1,1,,1,1,1,0,0,0,0,1,,0,0,0,0,1,1,,1,0,0,,,,,0,,,,,,0,0,,0
,"/en-ca/collections/homepage-product-torso",1,1,0,0,0,0,1,,0,0,0,0,1,1,,1,1,1,0,0,0,0,1,,0,0,0,0,1,1,,1,0,0,,,,,0,,,,,,0,0,,0
"Product","/products/t427-106cm3ft5-33-4kg-c-cup-kelly-bubble-butt-silicone-sex-doll-torso-with-head-in-stock-usa-canada-lovenestle",1,1,0,0,0,0,2,,0,0,0,1,2,0,,0,1,1,0,0,0,0,2,,0,0,0,1,2,0,,0,0,0,,,,,0,,,,,0,0,,,
,"/ja/blogs/dolls-info-qustions/futa-sex-dolls-where-fantasy-meets-reality-in-the-world-of-anime-temptation",1,1,0,0,0,0,1,,0,0,0,0,1,1,,1,1,1,0,0,0,0,1,,0,0,0,0,1,1,,1,0,0,,,,,0,,,,,,0,0,,0
"Product","/products/p129-real-feel-silicone-pocket-pussy-highly-detailed-design-firefly-diary",1,1,0,0,0,0,2,,0,0,0,20,2,0,,0,1,1,0,0,0,0,2,,0,0,0,20,2,0,,0,0,0,,,,,0,,,,,0,0,,,
"Product","/products/t26215-4lb-53cm-big-coke-male-sex-dolls-torso-dildo-for-women",1,1,0,0,0,0,1,,0,0,0,0,1,1,,1,1,1,0,0,0,0,1,,0,0,0,0,1,1,,1,0,0,,,,,0,,,,,,0,0,,0
,"/en-ca/blogs/dolls-info-qustions/%F0%9F%94%A5-top-5-most-popular-big-butt-chubby-belly-curvy-body-pornstar-style-sex-dolls-in-2025-%F0%9F%94%A5",1,1,0,0,0,0,1,,0,0,0,0,1,1,,1,1,1,0,0,0,0,1,,0,0,0,0,1,1,,1,0,0,,,,,0,,,,,,0,0,,0
,"/en-fi/products/8963213263087",1,1,0,0,0,0,1,,0,0,0,0,1,1,,1,1,1,0,0,0,0,1,,0,0,0,0,1,1,,1,0,0,,,,,0,,,,,,0,0,,0
"Product","/products/f287-158cm-5f2-41kg-s-cup-eunice-bbw-chubby-big-boobs-tpe-medium-butt-sex-doll-wm-doll",1,1,0,0,0,0,8,,0,0,0,2142,8,0,,0,1,1,0,0,0,0,8,,0,0,0,2142,8,0,,0,0,0,,,,,0,,,,,0,0,,,
"Checkout","/60719464687/orders/29bcfc48aa1d61f56f6d552c2fc92017",1,1,0,0,0,0,1,,0,0,0,0,1,1,,1,1,1,0,0,0,0,1,,0,0,0,0,1,1,,1,0,0,,,,,0,,,,,,0,0,,0
,"/de/collections/black-silicone-sex-doll",1,1,0,0,0,0,1,,0,0,0,0,1,1,,1,1,1,0,0,0,0,1,,0,0,0,0,1,1,,1,0,0,,,,,0,,,,,,0,0,,0
,"/en-ca/products/f4697-152cm-5ft-37kg-f-cup-realistic-tpe-bbw-big-ass-sex-doll-sy-doll",1,1,0,0,0,0,1,,0,0,0,0,1,1,,1,1,1,0,0,0,0,1,,0,0,0,0,1,1,,1,0,0,,,,,0,,,,,,0,0,,0
,"/en-ca/blogs/dolls-info-qustions/guide-to-the-buttocks-of-sex-doll-torsos",1,1,0,0,0,0,1,,0,0,0,0,1,1,,1,1,1,0,0,0,0,1,,0,0,0,0,1,1,,1,0,0,,,,,0,,,,,,0,0,,0
,"/de/collections/electric-male-sex-doll",1,1,0,0,0,0,2,,0,0,0,85,2,0,,0,1,1,0,0,0,0,2,,0,0,0,85,2,0,,0,0,0,,,,,0,,,,,0,0,,,
,"/en-ca/collections/life-sized-sex-doll",1,1,0,0,0,0,2,,0,0,0,15,2,0,,0,1,1,0,0,0,0,2,,0,0,0,15,2,0,,0,0,0,,,,,0,,,,,0,0,,,
,"/en-ca/collections/sex-doll-torso/products/55cm-big-boobs-torso-sex-doll-502-sex-doll-torso",1,1,0,0,0,0,29,,0,0,0,1820,29,0,,0,1,1,0,0,0,0,29,,0,0,0,1820,29,0,,0,0,0,,,,,0,,,,,0,0,,,
"Blog Article","/blogs/dolls-info-qustions/ways-to-interact-with-femboy-sex-dolls",1,1,0,0,0,0,1,,0,0,0,0,1,1,,1,1,1,0,0,0,0,1,,0,0,0,0,1,1,,1,0,0,,,,,0,,,,,,0,0,,0
"Product","/products/h097-sex-doll-head",1,1,0,0,0,0,1,,0,0,0,0,1,1,,1,1,1,0,0,0,0,1,,0,0,0,0,1,1,,1,0,0,,,,,0,,,,,,0,0,,0
"Product","/products/f1380-158cm-i-cup-mika-sex-doll-irontech-doll",1,1,0,0,0,0,1,,0,0,0,0,1,1,,1,1,1,0,0,0,0,1,,0,0,0,0,1,1,,1,0,0,,,,,0,,,,,,0,0,,0
"Checkout","/checkouts/cn/hWNCtD5eep9wVbA0MXS26oIk/en-us",1,1,0,1,0,0,5,0,0,1,0,65,5,0,,0,1,1,0,1,0,0,5,0,0,1,0,65,5,0,,0,0,0,,0,,,0,,,0,,0,0,,,
,"/en-ca/collections/silicone-sex-doll-torso-love-torso-silicone-doll",1,1,0,0,0,0,5,,0,0,0,920,5,0,,0,1,1,0,0,0,0,5,,0,0,0,920,5,0,,0,0,0,,,,,0,,,,,0,0,,,
"Product","/collections/sex-doll-torso/products/599-83lb-sex-doll-torso-with-realistic-oversized-ass",1,1,0,0,0,0,2,,0,0,0,31,2,0,,0,1,1,0,0,0,0,2,,0,0,0,31,2,0,,0,0,0,,,,,0,,,,,0,0,,,
,"/en-ca/blogs/complete-sex-doll-guide-for-beginners/how-much-does-a-sex-doll-really-cost",1,1,0,0,0,0,1,,0,0,0,0,1,1,,1,1,1,0,0,0,0,1,,0,0,0,0,1,1,,1,0,0,,,,,0,,,,,,0,0,,0
"Product","/products/p80-megumi-shemale-sex-doll-torso-11-inch-dildo-3-channels",1,1,0,0,0,0,2,,0,0,0,50,2,0,,0,1,1,0,0,0,0,2,,0,0,0,50,2,0,,0,0,0,,,,,0,,,,,0,0,,,
"Blog Article","/blogs/dolls-info-qustions/metabox-let-dolls-embrace-the-ai-era-interaction-will-never-be-monotonous-again",1,1,0,0,0,0,1,,0,0,0,0,1,1,,1,1,1,0,0,0,0,1,,0,0,0,0,1,1,,1,0,0,,,,,0,,,,,,0,0,,0
"Product","/products/f3468-158cm5f2-32kg-h-cup-big-breast-tpe-sex-doll-aibei-doll",1,1,0,0,0,0,1,,0,0,0,0,1,1,,1,1,1,0,0,0,0,1,,0,0,0,0,1,1,,1,0,0,,,,,0,,,,,,0,0,,0
,"/de/pages/avada-sitemap-articles",1,1,0,0,0,0,1,,0,0,0,0,1,1,,1,1,1,0,0,0,0,1,,0,0,0,0,1,1,,1,0,0,,,,,0,,,,,,0,0,,0
,"/en-fi/collections/bbw-sex-dolls",1,1,0,0,0,0,1,,0,0,0,0,1,1,,1,1,1,0,0,0,0,1,,0,0,0,0,1,1,,1,0,0,,,,,0,,,,,,0,0,,0
"Product","/products/t502-big-boobs-sex-torso-21lb-tpe-round-ass",1,1,0,0,0,0,1,,0,0,0,0,1,1,,1,1,1,0,0,0,0,1,,0,0,0,0,1,1,,1,0,0,,,,,0,,,,,,0,0,,0
,"/en-fi/pages/all-category",1,1,0,0,0,0,1,,0,0,0,0,1,1,,1,1,1,0,0,0,0,1,,0,0,0,0,1,1,,1,0,0,,,,,0,,,,,,0,0,,0
"Product","/products/f9378-cheap-full-size-elsa-babe-sex-doll",1,1,0,0,0,0,1,,0,0,0,0,1,1,,1,1,1,0,0,0,0,1,,0,0,0,0,1,1,,1,0,0,,,,,0,,,,,,0,0,,0
"Product","/products/t445-27-56lb-silicone-bbw-sex-doll-torso-for-men-lovenestle",1,1,0,0,0,0,5,,0,0,0,77,5,0,,0,1,1,0,0,0,0,5,,0,0,0,77,5,0,,0,0,0,,,,,0,,,,,0,0,,,
"Custom Page","/pages/pocket-pussy-buy-guide",1,1,0,0,0,0,1,,0,0,0,0,1,1,,1,1,1,0,0,0,0,1,,0,0,0,0,1,1,,1,0,0,,,,,0,,,,,,0,0,,0
"Product","/products/f1995-156cm5-1ft-47-5kg-b-cup-fantasy-tpe-hentai-sex-doll%E4%B8%A8wm-doll",1,1,0,0,0,0,1,,0,0,0,0,1,1,,1,1,1,0,0,0,0,1,,0,0,0,0,1,1,,1,0,0,,,,,0,,,,,,0,0,,0
,"/en-ca/collections/electric-sex-doll-head",1,1,0,0,0,0,1,,0,0,0,0,1,1,,1,1,1,0,0,0,0,1,,0,0,0,0,1,1,,1,0,0,,,,,0,,,,,,0,0,,0
"Product","/products/f8178-150cm-5ft-27-5kg-silicone-anime-sex-doll-elsa-babe",1,1,0,0,0,0,1,,0,0,0,0,1,1,,1,1,1,0,0,0,0,1,,0,0,0,0,1,1,,1,0,0,,,,,0,,,,,,0,0,,0
"Product","/products/f9256-170cm5ft7-43kg-g-cup-silicone-ros-gel-breast-full-body-sex-doll%E4%B8%A8doll-senior",1,1,0,0,0,0,1,,0,0,0,0,1,1,,1,1,1,0,0,0,0,1,,0,0,0,0,1,1,,1,0,0,,,,,0,,,,,,0,0,,0
"Product","/products/t282-107cm-3ft6-24kg-h-cup-natural-olivia-grant-a-silicone-realistic-sex-doll-with-head-se-doll",1,1,0,0,0,0,3,,0,0,0,58,3,0,,0,1,1,0,0,0,0,3,,0,0,0,58,3,0,,0,0,0,,,,,0,,,,,0,0,,,
"Checkout","/60719464687/orders/e35923205eb0cf19b399cd600b4bbbf4",1,1,0,0,0,0,1,,0,0,0,0,1,1,,1,1,1,0,0,0,0,1,,0,0,0,0,1,1,,1,0,0,,,,,0,,,,,,0,0,,0
"Product","/products/top-fire-doll-106cm-silicone-sex-doll-torso-t747",1,1,0,0,0,0,1,,0,0,0,0,1,1,,1,1,1,0,0,0,0,1,,0,0,0,0,1,1,,1,0,0,,,,,0,,,,,,0,0,,0
,"/en-ca/products/f7105-165cm-5ft4-35kg-f-cup-silicon-sexual-european-sex-doll-castle-doll",1,1,0,0,0,0,1,,0,0,0,0,1,1,,1,1,1,0,0,0,0,1,,0,0,0,0,1,1,,1,0,0,,,,,0,,,,,,0,0,,0
,"/en-ca/products/f5454-177cm5ft10-43-5kg-a-cup-zara-life-size-silicone-head-sex-doll-climax-doll-pro",1,1,0,0,0,0,4,,0,0,0,224,4,0,,0,1,1,0,0,0,0,4,,0,0,0,224,4,0,,0,0,0,,,,,0,,,,,0,0,,,
,"/en-ca/products/f1525-elsa-babe-150cm-5ft-full-silicone-sexy-anime-sex-dolls",1,1,0,0,0,0,1,,0,0,0,0,1,1,,1,1,1,0,0,0,0,1,,0,0,0,0,1,1,,1,0,0,,,,,0,,,,,,0,0,,0
"Product","/products/f7022-162cm-6ft3-44kg-p-cup-elf-fantasy-tpe-sexual-hentai-best-alien-sex-doll-in-stock-usa-castle-doll",1,1,0,0,0,0,2,,0,0,0,27,2,0,,0,1,1,0,0,0,0,2,,0,0,0,27,2,0,,0,0,0,,,,,0,,,,,0,0,,,
"Blog Article","/blogs/dolls-info-qustions/newbie-torso-sex-doll-buying-tutorial-the-best-selection-guide-at-the-same-price",1,1,0,0,0,0,1,,0,0,0,0,1,1,,1,1,1,0,0,0,0,1,,0,0,0,0,1,1,,1,0,0,,,,,0,,,,,,0,0,,0
,"/en-ca/collections/sex-doll-torso-with-head",1,1,0,0,0,0,14,,0,0,0,1646,14,0,,0,1,1,0,0,0,0,14,,0,0,0,1646,14,0,,0,0,0,,,,,0,,,,,0,0,,,
"Product","/products/p107-4kg-deep-throat-figures-silicone-anime-hentai-sex-toys-castle-doll",1,1,0,0,0,0,1,,0,0,0,0,1,1,,1,1,1,0,0,0,0,1,,0,0,0,0,1,1,,1,0,0,,,,,0,,,,,,0,0,,0
,"/de/collections/new-arrival-sex-doll-heads",1,1,0,0,0,0,1,,0,0,0,0,1,1,,1,1,1,0,0,0,0,1,,0,0,0,0,1,1,,1,0,0,,,,,0,,,,,,0,0,,0
,"/de/blogs/featured-blog/the-best-hyper-realistic-sex-dolls-brands-features-and-buying-guide",1,1,0,0,0,0,2,,0,0,0,6,2,0,,0,1,1,0,0,0,0,2,,0,0,0,6,2,0,,0,0,0,,,,,0,,,,,0,0,,,
,"/en-ca/products/f4201k-162cm5-3ft-34kg-f-cup-asian-tpe-sex-doll-in-stock-usa-%E4%B8%A8wm-doll",1,1,0,0,0,0,3,,0,0,0,209,3,0,,0,1,1,0,0,0,0,3,,0,0,0,209,3,0,,0,0,0,,,,,0,,,,,0,0,,,
"Collection","/collections/asia-sex-doll-heads",1,1,0,0,0,0,1,,0,0,0,0,1,1,,1,1,1,0,0,0,0,1,,0,0,0,0,1,1,,1,0,0,,,,,0,,,,,,0,0,,0
"Collection","/collections/bbw-sex-doll-1",1,1,0,0,0,0,2,,0,0,0,94,2,0,,0,1,1,0,0,0,0,2,,0,0,0,94,2,0,,0,0,0,,,,,0,,,,,0,0,,,
"Product","/products/f842-167cm-luis-e-cup-tpe-redheaded-elf-fantasy-anime-europe-sex-doll-se-doll",1,1,0,0,0,0,1,,0,0,0,0,1,1,,1,1,1,0,0,0,0,1,,0,0,0,0,1,1,,1,0,0,,,,,0,,,,,,0,0,,0
,"/en-ca/products/f2459-164cm5-4ft-39kg-g-cup-yuri-life-size-silicone-head-sex-doll-in-stock-us-sigafun-doll",1,1,0,0,0,0,17,,0,0,0,324,17,0,,0,1,1,0,0,0,0,17,,0,0,0,324,17,0,,0,0,0,,,,,0,,,,,0,0,,,
"Product","/products/f5868-161cm-5ft3-30kg-e-cup-european-silicone-sex-doll-il-doll",1,1,0,0,0,0,89,,0,0,0,3384,89,0,,0,1,1,0,0,0,0,89,,0,0,0,3384,89,0,,0,0,0,,,,,0,,,,,0,0,,,
"Blog Article","/blogs/sex-doll-option-videos/video-09-articulated-hands",1,1,0,0,0,0,40,,0,0,0,3428,40,0,,0,1,1,0,0,0,0,40,,0,0,0,3428,40,0,,0,0,0,,,,,0,,,,,0,0,,,
"Blog Article","/blogs/dolls-info-qustions/when-my-tpe-cheap-sex-doll-has-an-odor-what-should-i-do",1,1,0,0,0,0,2,,0,0,0,15,2,0,,0,1,1,0,0,0,0,2,,0,0,0,15,2,0,,0,0,0,,,,,0,,,,,0,0,,,
"Product","/products/t908k94-8lbsblack-ssbbw-tpe-ebony-torso-sex-doll-with-huge-breasts-climax-doll-classic",1,1,0,0,0,0,2,,0,0,0,1293,2,0,,0,1,1,0,0,0,0,2,,0,0,0,1293,2,0,,0,0,0,,,,,0,,,,,0,0,,,
"Collection","/collections/xingse-doll-in-stock-usa",1,1,0,0,0,0,4,,0,0,0,141,4,0,,0,1,1,0,0,0,0,4,,0,0,0,141,4,0,,0,0,0,,,,,0,,,,,0,0,,,
"Blog Index","/blogs/real-sex-doll-reviews-pros-cons-real-usage-tests",1,1,0,0,0,0,1,,0,0,0,0,1,1,,1,1,1,0,0,0,0,1,,0,0,0,0,1,1,,1,0,0,,,,,0,,,,,,0,0,,0
,"/en-fi/collections/futa-sex-doll",1,1,0,0,0,0,1,,0,0,0,0,1,1,,1,1,1,0,0,0,0,1,,0,0,0,0,1,1,,1,0,0,,,,,0,,,,,,0,0,,0
,"/en-ca/collections/doll-forever",1,1,0,0,0,0,2,,0,0,0,99,2,0,,0,1,1,0,0,0,0,2,,0,0,0,99,2,0,,0,0,0,,,,,0,,,,,0,0,,,
,"/en-fi/collections/cartoon-sex-doll",1,1,0,0,0,0,1,,0,0,0,0,1,1,,1,1,1,0,0,0,0,1,,0,0,0,0,1,1,,1,0,0,,,,,0,,,,,,0,0,,0
"Blog Index","/blogs/featured-blog",1,1,0,0,0,0,9,,0,0,0,136,9,0,,0,1,1,0,0,0,0,9,,0,0,0,136,9,0,,0,0,0,,,,,0,,,,,0,0,,,
,"/en-ca/products/f6305-167cm-5-5ft-53kg-d-cup-asian-ros-silicone-sex-doll-shedoll",1,1,0,0,0,0,1,,0,0,0,0,1,1,,1,1,1,0,0,0,0,1,,0,0,0,0,1,1,,1,0,0,,,,,0,,,,,,0,0,,0
"Blog Article","/blogs/dolls-info-qustions/how-to-use-a-sex-doll-head-to-enhance-intimacy-and-physical-mental-well-being",1,1,0,0,0,0,1,,0,0,0,0,1,1,,1,1,1,0,0,0,0,1,,0,0,0,0,1,1,,1,0,0,,,,,0,,,,,,0,0,,0
,"/ja/collections/bbw-sex-doll-2",1,1,0,0,0,0,13,,0,0,0,419,13,0,,0,1,1,0,0,0,0,13,,0,0,0,419,13,0,,0,0,0,,,,,0,,,,,0,0,,,
"Blog Index","/blogs/sex-doll-torso-blog",1,1,0,0,0,0,1,,0,0,0,0,1,1,,1,1,1,0,0,0,0,1,,0,0,0,0,1,1,,1,0,0,,,,,0,,,,,,0,0,,0
,"/en-fi/products/599-83lb-sex-doll-torso-with-realistic-oversized-ass",1,1,0,0,0,0,1,,0,0,0,0,1,1,,1,1,1,0,0,0,0,1,,0,0,0,0,1,1,,1,0,0,,,,,0,,,,,,0,0,,0
"Checkout","/60719464687/orders/12e76d9034296233696c541bdf17501b",1,1,0,0,0,0,1,,0,0,0,0,1,1,,1,1,1,0,0,0,0,1,,0,0,0,0,1,1,,1,0,0,,,,,0,,,,,,0,0,,0
"Blog Article","/blogs/dolls-info-qustions/naked-sex-doll-the-ultimate-sexual-fantasy",1,1,0,0,0,0,2,,0,0,0,735,2,0,,0,1,1,0,0,0,0,2,,0,0,0,735,2,0,,0,0,0,,,,,0,,,,,0,0,,,
,"/en-ca/products/f6284-167cm5ft6-35kg-e-cup-ab28-with-ros-silicone-sex-doll-aibei-doll-luxe",1,1,0,0,0,0,1,,0,0,0,0,1,1,,1,1,1,0,0,0,0,1,,0,0,0,0,1,1,,1,0,0,,,,,0,,,,,,0,0,,0
"Checkout","/checkouts/cn/hWNCuEHO0FNyPGgv89FHvyMN/en-ru",1,1,0,1,0,0,32,0,0,1,0,3807,32,0,,0,1,1,0,1,0,0,32,0,0,1,0,3807,32,0,,0,0,0,,0,,,0,,,0,,0,0,,,
"Product","/products/t448-17-42lb-silicone-mini-big-boobs-sex-doll-torso-lovenestle",1,1,0,0,0,0,1,,0,0,0,0,1,1,,1,1,1,0,0,0,0,1,,0,0,0,0,1,1,,1,0,0,,,,,0,,,,,,0,0,,0
"Product","/products/f2557-152cm5ft-26-5kg-d-cup-youthful-look-realistic-silicone-sex-doll-in-stock-usa-fun-west-doll",1,1,0,0,0,0,1,,0,0,0,0,1,1,,1,1,1,0,0,0,0,1,,0,0,0,0,1,1,,1,0,0,,,,,0,,,,,,0,0,,0
"Product","/products/p106-1-5kg-clownfish-pluggable-mouth-figures-silicone-anime-hentai-sex-toys-castle-doll",1,1,0,0,0,0,13,,0,0,0,1876,13,0,,0,1,1,0,0,0,0,13,,0,0,0,1876,13,0,,0,0,0,,,,,0,,,,,0,0,,,
"Product","/products/f5958-150cm-4ft9-29kg-a-cup-ros-flat-chested-movable-jew-elf-silicone-small-alien-sex-doll-sy-doll",1,1,0,0,0,0,1,,0,0,0,0,1,1,,1,1,1,0,0,0,0,1,,0,0,0,0,1,1,,1,0,0,,,,,0,,,,,,0,0,,0
"Collection","/collections/top-cydoll-factory-photos",1,1,0,0,0,0,5,,0,0,0,114,5,0,,0,1,1,0,0,0,0,5,,0,0,0,114,5,0,,0,0,0,,,,,0,,,,,0,0,,,
,"/en-ca/pages/shemale-sex-doll-guide",1,1,0,0,0,0,6,,0,0,0,1653,6,0,,0,1,1,0,0,0,0,6,,0,0,0,1653,6,0,,0,0,0,,,,,0,,,,,0,0,,,
"Blog Article","/blogs/sex-doll-torso-blog/4-best-sex-doll-torsos-for-titty-sex",1,1,0,0,0,0,2,,0,0,0,24,2,0,,0,1,1,0,0,0,0,2,,0,0,0,24,2,0,,0,0,0,,,,,0,,,,,0,0,,,
,"/en-ca/blogs/dolls-info-qustions/how-to-prevent-tearing-in-the-vagina-and-anus-of-tpe-or-silicone-sex-dolls",1,1,0,0,0,0,1,,0,0,0,0,1,1,,1,1,1,0,0,0,0,1,,0,0,0,0,1,1,,1,0,0,,,,,0,,,,,,0,0,,0
"Product","/products/f715-170cm-silicone-love-doll-zelex-doll",1,1,0,0,0,0,19,,0,0,0,632,19,0,,0,1,1,0,0,0,0,19,,0,0,0,632,19,0,,0,0,0,,,,,0,,,,,0,0,,,
"Product","/products/f2319a-163cm5-3ft-53kg-g-cup-m12-movable-jaw-super-fat-bbw-doggy-style-huge-ass-sex-doll-2024%E4%B8%A8sy-doll",1,1,0,0,0,0,1,,0,0,0,0,1,1,,1,1,1,0,0,0,0,1,,0,0,0,0,1,1,,1,0,0,,,,,0,,,,,,0,0,,0
,"/en-fi/blogs/sex-doll-torso-blog/guide-to-sex-doll-torsos-choosing-the-perfect-companion-for-you",1,1,0,0,0,0,1,,0,0,0,0,1,1,,1,1,1,0,0,0,0,1,,0,0,0,0,1,1,,1,0,0,,,,,0,,,,,,0,0,,0
,"/ja/blogs/real-sex-doll-reviews-pros-cons-real-usage-tests/are-aitia-1-1-real-person-replica-asian-sex-dolls-worth-buying-a-complete-review-of-6-celebrity-sex-dolls",1,1,0,0,0,0,1,,0,0,0,0,1,1,,1,1,1,0,0,0,0,1,,0,0,0,0,1,1,,1,0,0,,,,,0,,,,,,0,0,,0
,"/ja/blogs/dolls-info-qustions/black-sex-doll",1,1,0,0,0,0,1,,0,0,0,0,1,1,,1,1,1,0,0,0,0,1,,0,0,0,0,1,1,,1,0,0,,,,,0,,,,,,0,0,,0
"Collection","/collections/male-torso",1,1,0,0,0,0,3,,0,0,0,70,3,0,,0,1,1,0,0,0,0,3,,0,0,0,70,3,0,,0,0,0,,,,,0,,,,,0,0,,,
,"/en-ca/products/h027-sex-doll-head",1,1,0,0,0,0,1,,0,0,0,0,1,1,,1,1,1,0,0,0,0,1,,0,0,0,0,1,1,,1,0,0,,,,,0,,,,,,0,0,,0
"Product","/products/f2421-168cm-m-cup-shemale-femboy-big-ass-musculature-silicone-sex-doll-castle-doll/",1,1,0,0,0,0,1,,0,0,0,0,1,1,,1,1,1,0,0,0,0,1,,0,0,0,0,1,1,,1,0,0,,,,,0,,,,,,0,0,,0
"Collection","/collections/anime-banner",1,1,0,0,0,0,2,,0,0,0,105,2,0,,0,1,1,0,0,0,0,2,,0,0,0,105,2,0,,0,0,0,,,,,0,,,,,0,0,,,
"Product","/products/f2501-163cm5-3ft-29kg-e-cup-bella-ros-silicone-sex-doll-in-stock-usa-nianta-doll",1,1,0,0,0,0,1,,0,0,0,0,1,1,,1,1,1,0,0,0,0,1,,0,0,0,0,1,1,,1,0,0,,,,,0,,,,,,0,0,,0
"Blog Article","/blogs/dolls-info-qustions/how-to-properly-use-chinese-sex-dolls-a-comprehensive-guide",1,1,0,0,0,0,1,,0,0,0,0,1,1,,1,1,1,0,0,0,0,1,,0,0,0,0,1,1,,1,0,0,,,,,0,,,,,,0,0,,0
,"/en-ca/collections/huge",1,1,0,0,0,0,14,,0,0,0,1477,14,0,,0,1,1,0,0,0,0,14,,0,0,0,1477,14,0,,0,0,0,,,,,0,,,,,0,0,,,
,"/en-ca/products/f4232-175cm5-9ft-38kg-d-cup-fantasy-tpe-sex-doll%E4%B8%A8wm-doll",1,1,0,0,0,0,1,,0,0,0,0,1,1,,1,1,1,0,0,0,0,1,,0,0,0,0,1,1,,1,0,0,,,,,0,,,,,,0,0,,0
"Product","/products/a315-big-ass-sex-doll-male-sex-doll-torso-sineem",1,1,0,0,0,0,1,,0,0,0,0,1,1,,1,1,1,0,0,0,0,1,,0,0,0,0,1,1,,1,0,0,,,,,0,,,,,,0,0,,0
,"/en-fi/blogs/dolls-info-qustions/how-to-hide-your-full-size-sex-doll",1,1,0,0,0,0,1,,0,0,0,0,1,1,,1,1,1,0,0,0,0,1,,0,0,0,0,1,1,,1,0,0,,,,,0,,,,,,0,0,,0
"Checkout","/checkouts/cn/hWNCyAtvp5S1PCmupWyB2IXR/en-us",1,1,0,1,0,0,1,0,0,1,0,22,1,0,,0,1,1,0,1,0,0,1,0,0,1,0,22,1,0,,0,0,0,,0,,,0,,,0,,0,0,,,
"Blog Article","/blogs/dolls-info-qustions/5-unexpected-reasons-you-must-try-shemale-sex-dolls-at-least-once",1,1,0,0,0,0,1,,0,0,0,0,1,1,,1,1,1,0,0,0,0,1,,0,0,0,0,1,1,,1,0,0,,,,,0,,,,,,0,0,,0
,"/en-ca/blogs/dolls-info-qustions/why-life-size-sex-doll-torsos-are-more-popular-than-traditional-life-size-sex-dolls",1,1,0,0,0,0,1,,0,0,0,0,1,1,,1,1,1,0,0,0,0,1,,0,0,0,0,1,1,,1,0,0,,,,,0,,,,,,0,0,,0
,"/en-fi/blogs/dolls-info-qustions/why-do-people-own-sex-dolls",1,1,0,0,0,0,1,,0,0,0,0,1,1,,1,1,1,0,0,0,0,1,,0,0,0,0,1,1,,1,0,0,,,,,0,,,,,,0,0,,0
"Product","/products/f4374-150cm4-9ft-42-5kg-m-cup-bbw-tpe-sex-doll%E4%B8%A8wm-doll",1,1,1,0,0,0,2,,1,0,0,18,2,0,,0,1,1,1,0,0,0,2,,1,0,0,18,2,0,,0,0,0,0,,,,0,,0,,,0,0,,,
"Product","/products/t693k-64-6lb-meru-anime-alien-sex-doll-torso-with-flat-chest-silicone-head-red-skin-torso-pro",1,1,0,0,0,0,1,,0,0,0,0,1,1,,1,1,1,0,0,0,0,1,,0,0,0,0,1,1,,1,0,0,,,,,0,,,,,,0,0,,0
,"/en-ca/collections/the-best-male-sex-dolls-of-2024-explained-choosing-your-ideal-lover",1,1,0,0,0,0,1,,0,0,0,0,1,1,,1,1,1,0,0,0,0,1,,0,0,0,0,1,1,,1,0,0,,,,,0,,,,,,0,0,,0
"Product","/products/f1720-151cm-4ft9-b-cup-petite-asian-teen-silicone-sex-doll-in-stock-usa-starpery-doll",1,1,0,0,0,0,3,,0,0,0,45,3,0,,0,1,1,0,0,0,0,3,,0,0,0,45,3,0,,0,0,0,,,,,0,,,,,0,0,,,
,"/de/blogs/dolls-info-qustions/your-first-sex-doll-the-ultimate-beginner-s-guide-to-using-her-right",1,1,0,0,0,0,1,,0,0,0,0,1,1,,1,1,1,0,0,0,0,1,,0,0,0,0,1,1,,1,0,0,,,,,0,,,,,,0,0,,0
"Product","/products/f9127-robotic-sex-dolls-full-size-bot-ridmii",1,1,0,0,0,0,1,,0,0,0,0,1,1,,1,1,1,0,0,0,0,1,,0,0,0,0,1,1,,1,0,0,,,,,0,,,,,,0,0,,0
,"/en-ca/blogs/dolls-info-qustions/what-weight-of-butt-torso-sex-dolls-is-most-suitable",1,1,0,0,0,0,1,,0,0,0,0,1,1,,1,1,1,0,0,0,0,1,,0,0,0,0,1,1,,1,0,0,,,,,0,,,,,,0,0,,0
,"/en-ca/blogs/dolls-info-qustions/real-lady-vs-mlw-sex-dolls-unboxing-hands-on-review",1,1,0,0,0,0,1,,0,0,0,0,1,1,,1,1,1,0,0,0,0,1,,0,0,0,0,1,1,,1,0,0,,,,,0,,,,,,0,0,,0
"Product","/products/f1304-153cm-5ft-f-cup-fenny-blonde-milf-petite-silicone-love-doll-irontech-doll",1,1,0,0,0,0,1,,0,0,0,0,1,1,,1,1,1,0,0,0,0,1,,0,0,0,0,1,1,,1,0,0,,,,,0,,,,,,0,0,,0
"Product","/products/a418-8lb-sexy-and-real-fat-lady-ass-realistic-chubby-sex-doll-torso",1,1,0,0,0,0,1,,0,0,0,0,1,1,,1,1,1,0,0,0,0,1,,0,0,0,0,1,1,,1,0,0,,,,,0,,,,,,0,0,,0
"Product","/products/f1528-150cm-5ft-27-5kg-full-silicone-cosplay-inspired-furry-rabbit-sex-doll-real-fur-touch-lifelike-flexibility-elsa-babe",1,1,0,0,0,0,1,,0,0,0,0,1,1,,1,1,1,0,0,0,0,1,,0,0,0,0,1,1,,1,0,0,,,,,0,,,,,,0,0,,0
"Custom Page","/pages/contack-us",1,1,0,0,0,0,1,,0,0,0,0,1,1,,1,1,1,0,0,0,0,1,,0,0,0,0,1,1,,1,0,0,,,,,0,,,,,,0,0,,0
,"/en-ca/blogs/dolls-info-qustions/4-fantastic-stores-to-purchase-doll-clothes-you-must-visit",1,1,0,0,0,0,1,,0,0,0,0,1,1,,1,1,1,0,0,0,0,1,,0,0,0,0,1,1,,1,0,0,,,,,0,,,,,,0,0,,0
,"/en-fi/collections/600-999",1,1,0,0,0,0,1,,0,0,0,0,1,1,,1,1,1,0,0,0,0,1,,0,0,0,0,1,1,,1,0,0,,,,,0,,,,,,0,0,,0
,"/ja/pages/shemale-sex-doll-guide",1,1,0,0,0,0,1,,0,0,0,0,1,1,,1,1,1,0,0,0,0,1,,0,0,0,0,1,1,,1,0,0,,,,,0,,,,,,0,0,,0
"Product","/products/f4000-5ft1-156-cm-e-cup-black-silicone-sex-doll-starpery-doll",1,1,0,0,0,0,1,,0,0,0,0,1,1,,1,1,1,0,0,0,0,1,,0,0,0,0,1,1,,1,0,0,,,,,0,,,,,,0,0,,0
"Product","/products/v27-4-41-lbs-left-silicone-customizable-realistic-footjob-sex-toys-with-vajankle-size-eu-42-us-9-5",1,1,0,0,0,0,1,,0,0,0,0,1,1,,1,1,1,0,0,0,0,1,,0,0,0,0,1,1,,1,0,0,,,,,0,,,,,,0,0,,0
"Product","/products/f4883-153cm-45kg-q-cup-full-silicone-ssbbw-biggest-bbw-sex-doll-body-castle-doll",1,1,1,0,0,0,6,,1,0,0,337,6,0,,0,1,1,1,0,0,0,6,,1,0,0,337,6,0,,0,0,0,0,,,,0,,0,,,0,0,,,
,"/en-fi/collections/chubby-sex-doll",1,1,0,0,0,0,1,,0,0,0,0,1,1,,1,1,1,0,0,0,0,1,,0,0,0,0,1,1,,1,0,0,,,,,0,,,,,,0,0,,0
"Product","/products/f3524-163cm5-4ft-51kg-h-cup-bbw-tpe-sex-doll%E4%B8%A8wm-doll",1,1,0,0,0,0,1,,0,0,0,0,1,1,,1,1,1,0,0,0,0,1,,0,0,0,0,1,1,,1,0,0,,,,,0,,,,,,0,0,,0
"Product","/products/f7159-155mcm5-1ft-40kg-2-0-g-cup-asian-robot-anime-silicone-head-chinese-sex-doll-bezlya-doll",1,1,0,0,0,0,18,,0,0,0,458,18,0,,0,1,1,0,0,0,0,18,,0,0,0,458,18,0,,0,0,0,,,,,0,,,,,0,0,,,
,"/de/collections/bbw-medium-torso",1,1,0,0,0,0,2,,0,0,0,701,2,0,,0,1,1,0,0,0,0,2,,0,0,0,701,2,0,,0,0,0,,,,,0,,,,,0,0,,,
,"/en-ca/products/f6172-168cm-5ft5-47kg-d-cup-asian-ros-silicone-sex-doll-shedoll",1,1,0,0,0,0,1,,0,0,0,0,1,1,,1,1,1,0,0,0,0,1,,0,0,0,0,1,1,,1,0,0,,,,,0,,,,,,0,0,,0
,"/de/collections/full-femboy-sex-doll",1,1,0,0,0,0,3,,0,0,0,105,3,0,,0,1,1,0,0,0,0,3,,0,0,0,105,3,0,,0,0,0,,,,,0,,,,,0,0,,,
"Product","/products/f2568-153cm-5ft-f-cup-ros-max-asian-big-ass-silicone-sex-doll-irontech-oriental",1,1,0,0,0,0,1,,0,0,0,0,1,1,,1,1,1,0,0,0,0,1,,0,0,0,0,1,1,,1,0,0,,,,,0,,,,,,0,0,,0
,"/en-fi/blogs/dolls-info-qustions/3-typical-sizes-bigass-sexdoll",1,1,0,0,0,0,1,,0,0,0,0,1,1,,1,1,1,0,0,0,0,1,,0,0,0,0,1,1,,1,0,0,,,,,0,,,,,,0,0,,0
,"/en-ca/blogs/dolls-info-qustions/%F0%9F%94%A5-2025-best-fake-ass-sex-toy-recommendations-6-ultra-realistic-big-booty-dolls-for-ultimate-pleasure",1,1,0,0,0,0,1,,0,0,0,0,1,1,,1,1,1,0,0,0,0,1,,0,0,0,0,1,1,,1,0,0,,,,,0,,,,,,0,0,,0
"Product","/products/f4775-163cm5-4ft-34kg-2-2-d-cup-asian-real-silicone-ros-real-chinese-sex-doll-bezlya-doll",1,1,0,0,0,0,1,,0,0,0,0,1,1,,1,1,1,0,0,0,0,1,,0,0,0,0,1,1,,1,0,0,,,,,0,,,,,,0,0,,0
,"/en-fi/collections/electric-sex-doll-head",1,1,0,0,0,0,1,,0,0,0,0,1,1,,1,1,1,0,0,0,0,1,,0,0,0,0,1,1,,1,0,0,,,,,0,,,,,,0,0,,0
"Product","/products/f8254-168cm5-5ft-34kg-silicone-full-size-sex-doll-azm-doll-1",1,1,0,0,0,0,1,,0,0,0,0,1,1,,1,1,1,0,0,0,0,1,,0,0,0,0,1,1,,1,0,0,,,,,0,,,,,,0,0,,0
,"/de/blogs/dolls-info-qustions/4-out-of-this-world-alien-sex-dolls-you-need-to-try",1,1,0,0,0,0,1,,0,0,0,0,1,1,,1,1,1,0,0,0,0,1,,0,0,0,0,1,1,,1,0,0,,,,,0,,,,,,0,0,,0
,"/ja/collections/lesbian-sex-doll",1,1,0,0,0,0,1,,0,0,0,0,1,1,,1,1,1,0,0,0,0,1,,0,0,0,0,1,1,,1,0,0,,,,,0,,,,,,0,0,,0
"Product","/products/f2550-159cm5-2ft-33-5kg-h-cup-ros-max-r8-honey-bronze-silicone-sex-doll-real-lady",1,1,0,0,0,0,1,,0,0,0,0,1,1,,1,1,1,0,0,0,0,1,,0,0,0,0,1,1,,1,0,0,,,,,0,,,,,,0,0,,0
,"/ja/collections/enchanting-delights-2024-top-real-sex-doll-recommendations",1,1,0,0,0,0,2,,0,0,0,6,2,0,,0,1,1,0,0,0,0,2,,0,0,0,6,2,0,,0,0,0,,,,,0,,,,,0,0,,,
"Product","/products/h386-ros-silicone-sex-doll-head%E4%B8%A8galatate-doll-head",1,1,0,0,0,0,3,,0,0,0,21,3,0,,0,1,1,0,0,0,0,3,,0,0,0,21,3,0,,0,0,0,,,,,0,,,,,0,0,,,
,"/de/blogs/dolls-info-qustions/the-ultimate-guide-to-best-stuffed-animal-sex-dolls-in-2025",1,1,0,0,0,0,1,,0,0,0,0,1,1,,1,1,1,0,0,0,0,1,,0,0,0,0,1,1,,1,0,0,,,,,0,,,,,,0,0,,0
"Checkout","/60719464687/orders/0cb460f8f909c4f7e76156b81fb283f8",1,1,0,0,0,0,1,,0,0,0,0,1,1,,1,1,1,0,0,0,0,1,,0,0,0,0,1,1,,1,0,0,,,,,0,,,,,,0,0,,0
,"/en-ca/collections/bbw-black-sex-doll",1,1,0,0,0,0,4,,0,0,0,86,4,0,,0,1,1,0,0,0,0,4,,0,0,0,86,4,0,,0,0,0,,,,,0,,,,,0,0,,,
,"/en-ca/blogs/dolls-info-qustions/does-the-sex-doll-feel-real-an-honest-review-from-a-real-user",1,1,0,0,0,0,1,,0,0,0,0,1,1,,1,1,1,0,0,0,0,1,,0,0,0,0,1,1,,1,0,0,,,,,0,,,,,,0,0,,0
"Product","/products/t005-13-28lbbig-boots-sex-doll-torso-male-masturbator-for-man",1,1,0,0,0,0,4,,0,0,0,382,4,0,,0,1,1,0,0,0,0,4,,0,0,0,382,4,0,,0,0,0,,,,,0,,,,,0,0,,,
,"/en-fi/blogs/dolls-info-qustions/how-to-deal-with-stuck-joints-in-sex-dolls-professional-repair-and-maintenance-guide",1,1,0,0,0,0,1,,0,0,0,0,1,1,,1,1,1,0,0,0,0,1,,0,0,0,0,1,1,,1,0,0,,,,,0,,,,,,0,0,,0
,"/de/blogs/dolls-info-qustions/want-to-play-bdsm-but-dont-know-how-to-start-sex-dolls-are-the-answer",1,1,0,0,0,0,1,,0,0,0,0,1,1,,1,1,1,0,0,0,0,1,,0,0,0,0,1,1,,1,0,0,,,,,0,,,,,,0,0,,0
"Product","/products/starpery-doll-156-cm-tpe-sex-doll-f4000",1,1,0,0,0,0,3,,0,0,0,283,3,0,,0,1,1,0,0,0,0,3,,0,0,0,283,3,0,,0,0,0,,,,,0,,,,,0,0,,,
"Product","/products/f1248-164cm-f-cup-luna-big-boobs-doll-irontech-doll",1,1,0,0,0,0,1,,0,0,0,0,1,1,,1,1,1,0,0,0,0,1,,0,0,0,0,1,1,,1,0,0,,,,,0,,,,,,0,0,,0
"Product","/products/f2588-165cm-5ft4-g-cup-realistic-silicone-sex-doll-irontech-doll",1,1,0,0,0,0,4,,0,0,0,163,4,0,,0,1,1,0,0,0,0,4,,0,0,0,163,4,0,,0,0,0,,,,,0,,,,,0,0,,,
"Product","/products/f7681-168cm-36kg-full-size-silicone-adult-sex-doll-fenna-ridmii",1,1,0,0,0,0,1,,0,0,0,0,1,1,,1,1,1,0,0,0,0,1,,0,0,0,0,1,1,,1,0,0,,,,,0,,,,,,0,0,,0
,"/de/collections/full-doll",1,1,0,0,0,0,7,,0,0,0,456,7,0,,0,1,1,0,0,0,0,7,,0,0,0,456,7,0,,0,0,0,,,,,0,,,,,0,0,,,
"Product","/products/l47667-2lb-104cm-fat-underclothes-sex-doll-legs-climax-doll",1,1,0,0,0,0,1,,0,0,0,0,1,1,,1,1,1,0,0,0,0,1,,0,0,0,0,1,1,,1,0,0,,,,,0,,,,,,0,0,,0
,"/ja/blogs/dolls-info-qustions/hentai-sex-doll-1v1-real-test-on-the-cleaning-resistance-of-ultra-durable-makeup-vs-regular-makeup",1,1,0,0,0,0,1,,0,0,0,0,1,1,,1,1,1,0,0,0,0,1,,0,0,0,0,1,1,,1,0,0,,,,,0,,,,,,0,0,,0
,"/en-ca/blogs/featured-blog/exhibition-diary-the-2025-guangzhou-adult-expo-was-absolutely-mind-blowing",1,1,0,0,0,0,1,,0,0,0,0,1,1,,1,1,1,0,0,0,0,1,,0,0,0,0,1,1,,1,0,0,,,,,0,,,,,,0,0,,0
,"/en-fi/collections/mrl-doll",1,1,0,0,0,0,24,,0,0,0,418,24,0,,0,1,1,0,0,0,0,24,,0,0,0,418,24,0,,0,0,0,,,,,0,,,,,0,0,,,
,"/en-ca/products/f1024-155cm-sex-doll-fun-west-doll",1,1,0,0,0,0,3,,0,0,0,88,3,0,,0,1,1,0,0,0,0,3,,0,0,0,88,3,0,,0,0,0,,,,,0,,,,,0,0,,,
"Blog Article","/blogs/dolls-info-qustions/mini-sex-doll-vs-other-sex-dolls-understanding-the-differences",1,1,0,0,0,0,1,,0,0,0,0,1,1,,1,1,1,0,0,0,0,1,,0,0,0,0,1,1,,1,0,0,,,,,0,,,,,,0,0,,0
"Collection","/collections/zelex%C2%AE-sle-doll",1,1,0,0,0,0,2,,0,0,0,36,2,0,,0,1,1,0,0,0,0,2,,0,0,0,36,2,0,,0,0,0,,,,,0,,,,,0,0,,,
,"/en-ca/blogs/dolls-info-qustions/4-things-tell-you-how-to-use-a-lesbian-sex-doll",1,1,0,0,0,0,1,,0,0,0,0,1,1,,1,1,1,0,0,0,0,1,,0,0,0,0,1,1,,1,0,0,,,,,0,,,,,,0,0,,0
,"/en-ca/products/f6008-158cm-5ft2-47kg-c-cup-asian-silicone-sex-doll-shedoll",1,1,0,0,0,0,1,,0,0,0,0,1,1,,1,1,1,0,0,0,0,1,,0,0,0,0,1,1,,1,0,0,,,,,0,,,,,,0,0,,0
,"/ja/blogs/dolls-info-qustions/quick-orgasm-top-7-tips-for-anal-sex-with-sex-dolls",1,1,0,0,0,0,1,,0,0,0,0,1,1,,1,1,1,0,0,0,0,1,,0,0,0,0,1,1,,1,0,0,,,,,0,,,,,,0,0,,0
,"/de/collections/irontech-doll",1,1,0,0,0,0,1,,0,0,0,0,1,1,,1,1,1,0,0,0,0,1,,0,0,0,0,1,1,,1,0,0,,,,,0,,,,,,0,0,,0
"Blog Article","/blogs/dolls-info-qustions/latest-mini-anime-sex-dolls-are-here-compact-and-fun",1,1,0,0,0,0,1,,0,0,0,0,1,1,,1,1,1,0,0,0,0,1,,0,0,0,0,1,1,,1,0,0,,,,,0,,,,,,0,0,,0
,"/en-ca/blogs/dolls-info-qustions/shocking-in-depth-review-of-naimi-1-1-celebrity-sex-doll",1,1,0,0,0,0,4,,0,0,0,131,4,0,,0,1,1,0,0,0,0,4,,0,0,0,131,4,0,,0,0,0,,,,,0,,,,,0,0,,,
,"/en-ca/collections/big-boobs-japanese-sex-doll",1,1,0,0,0,0,2,,0,0,0,16,2,0,,0,1,1,0,0,0,0,2,,0,0,0,16,2,0,,0,0,0,,,,,0,,,,,0,0,,,
,"/en-fi/products/9033573302511",1,1,0,0,0,0,1,,0,0,0,0,1,1,,1,1,1,0,0,0,0,1,,0,0,0,0,1,1,,1,0,0,,,,,0,,,,,,0,0,,0
,"/en-fi/products/f9297-167cm5-4ft-43-5kg-2-2u-g-cup-asian-real-ros-silicone-life-size-female-sex-doll-aitia-doll",1,1,0,0,0,0,10,,0,0,0,2049,10,0,,0,1,1,0,0,0,0,10,,0,0,0,2049,10,0,,0,0,0,,,,,0,,,,,0,0,,,
"Product","/products/f111-165cm-37kg-freddy-k-pop-style-man-femboy-toy-masturbator-realistic-life-size-androgynous-sex-doll-qita-doll",1,1,0,0,0,0,1,,0,0,0,0,1,1,,1,1,1,0,0,0,0,1,,0,0,0,0,1,1,,1,0,0,,,,,0,,,,,,0,0,,0
"Product","/products/se-doll-elf-silicone-t161cm-f736",1,1,0,0,0,0,1,,0,0,0,0,1,1,,1,1,1,0,0,0,0,1,,0,0,0,0,1,1,,1,0,0,,,,,0,,,,,,0,0,,0
,"/en-ca/products/f5542-164cm5ft4-43kg-f-cup-black-tpe-sex-doll-irontech-doll",1,1,0,0,0,0,3,,0,0,0,54,3,0,,0,1,1,0,0,0,0,3,,0,0,0,54,3,0,,0,0,0,,,,,0,,,,,0,0,,,
,"/en-ca/blogs/dolls-info-qustions/how-to-deal-with-stuck-joints-in-sex-dolls-professional-repair-and-maintenance-guide",1,1,0,0,0,0,2,,0,0,0,628,2,0,,0,1,1,0,0,0,0,2,,0,0,0,628,2,0,,0,0,0,,,,,0,,,,,0,0,,,
,"/en-ca/blogs/dolls-info-qustions/what-oral-depth-of-a-sex-doll-head-is-best-for-blowjobs",1,1,0,0,0,0,1,,0,0,0,0,1,1,,1,1,1,0,0,0,0,1,,0,0,0,0,1,1,,1,0,0,,,,,0,,,,,,0,0,,0
"Collection","/collections/yuan-shi-ren-factory-photos",1,1,0,0,0,0,3,,0,0,0,27,3,0,,0,1,1,0,0,0,0,3,,0,0,0,27,3,0,,0,0,0,,,,,0,,,,,0,0,,,
"Product","/products/irontech-oriental-ros-silicone-158cm-e-cup-f739",1,1,0,0,0,0,2,,0,0,0,507,2,0,,0,1,1,0,0,0,0,2,,0,0,0,507,2,0,,0,0,0,,,,,0,,,,,0,0,,,
"Product","/products/f3908-159cm5-2ft-37kg-a-cup-realistic-skin-texture-silicone-sex-doll-in-stock-us-fun-west-doll",1,1,0,0,0,0,13,,0,0,0,247,13,0,,0,1,1,0,0,0,0,13,,0,0,0,247,13,0,,0,0,0,,,,,0,,,,,0,0,,,
"Blog Article","/blogs/dolls-info-qustions/top-4-vajankle-foot-fetish-toys-you-can-t-miss-in-2026",1,1,0,0,0,0,1,,0,0,0,0,1,1,,1,1,1,0,0,0,0,1,,0,0,0,0,1,1,,1,0,0,,,,,0,,,,,,0,0,,0
,"/en-ca/products/f6060-168cm-5ft5-47kg-d-cup-asian-ros-silicone-real-skin-texture-sex-doll-shedoll",1,1,0,0,0,0,1,,0,0,0,0,1,1,,1,1,1,0,0,0,0,1,,0,0,0,0,1,1,,1,0,0,,,,,0,,,,,,0,0,,0
,"/en-ca/products/f3908-159cm5-2ft-37kg-a-cup-realistic-skin-texture-silicone-sex-doll-in-stock-us-fun-west-doll",1,1,0,0,0,0,4,,0,0,0,16,4,0,,0,1,1,0,0,0,0,4,,0,0,0,16,4,0,,0,0,0,,,,,0,,,,,0,0,,,
"Product","/products/f7887-160cm5ft2-40kg-elara-b-cup-gel-filled-breasts-sex-doll-with-ros-head-jx-doll",1,1,0,0,0,0,1,,0,0,0,0,1,1,,1,1,1,0,0,0,0,1,,0,0,0,0,1,1,,1,0,0,,,,,0,,,,,,0,0,,0
"Collection","/collections/elsa-babe-irokebijin-doll",1,1,0,0,0,0,2,,0,0,0,175,2,0,,0,1,1,0,0,0,0,2,,0,0,0,175,2,0,,0,0,0,,,,,0,,,,,0,0,,,
"Product","/products/top-cydoll-170cm-silicone-full-sex-doll-f8595",1,1,0,0,0,0,1,,0,0,0,0,1,1,,1,1,1,0,0,0,0,1,,0,0,0,0,1,1,,1,0,0,,,,,0,,,,,,0,0,,0
,"/ja/collections/movable-jaw-doll",1,1,0,0,0,0,1,,0,0,0,0,1,1,,1,1,1,0,0,0,0,1,,0,0,0,0,1,1,,1,0,0,,,,,0,,,,,,0,0,,0
,"/en-ca/blogs/dolls-info-qustions/why-do-women-enjoy-anal-sex-5-honest-reasons-you-never-expected",1,1,0,0,0,0,1,,0,0,0,0,1,1,,1,1,1,0,0,0,0,1,,0,0,0,0,1,1,,1,0,0,,,,,0,,,,,,0,0,,0
"Product","/products/p397-1-1lbs-octopus-anime-pocket-pussy-hentai-fantasy-onahole-mrl",1,1,0,0,0,0,1,,0,0,0,0,1,1,,1,1,1,0,0,0,0,1,,0,0,0,0,1,1,,1,0,0,,,,,0,,,,,,0,0,,0
"Product","/products/f5530-165cm-5ft5-50kg-n-cup-bbw-black-tpe-sex-doll-6ye",1,1,0,0,0,0,3,,0,0,0,110,3,0,,0,1,1,0,0,0,0,3,,0,0,0,110,3,0,,0,0,0,,,,,0,,,,,0,0,,,
,"/ja/collections/silicone-sex-dolls",1,1,0,0,0,0,1,,0,0,0,0,1,1,,1,1,1,0,0,0,0,1,,0,0,0,0,1,1,,1,0,0,,,,,0,,,,,,0,0,,0
"Product","/products/f1213-153cm-f-cup-miku-big-boobs-doll-irontech-doll/",1,1,0,0,0,0,1,,0,0,0,0,1,1,,1,1,1,0,0,0,0,1,,0,0,0,0,1,1,,1,0,0,,,,,0,,,,,,0,0,,0
"Blog Article","/blogs/featured-blog/2026-sex-doll-lubricant-recommendations-find-the-perfect-formula-for-your-experience",1,1,0,0,0,0,1,,0,0,0,0,1,1,,1,1,1,0,0,0,0,1,,0,0,0,0,1,1,,1,0,0,,,,,0,,,,,,0,0,,0
"Product","/products/f4468-166cm5f4-41kg-h-cup-big-breast-tpe-medium-butt-sex-doll-aibei-doll",1,1,0,0,0,0,1,,0,0,0,0,1,1,,1,1,1,0,0,0,0,1,,0,0,0,0,1,1,,1,0,0,,,,,0,,,,,,0,0,,0
,"/ja/blogs/real-sex-doll-reviews-pros-cons-real-usage-tests/why-the-irontech-165t-s20-is-dominating-the-market-and-becoming-a-global-best-seller",1,1,0,0,0,0,1,,0,0,0,0,1,1,,1,1,1,0,0,0,0,1,,0,0,0,0,1,1,,1,0,0,,,,,0,,,,,,0,0,,0
"Product","/products/f8185-150cm-5ft-27-5kg-silicone-anime-sex-doll-elsa-babe",1,1,0,0,0,0,1,,0,0,0,0,1,1,,1,1,1,0,0,0,0,1,,0,0,0,0,1,1,,1,0,0,,,,,0,,,,,,0,0,,0
,"/en-fi/collections/torso-500-799",1,1,0,0,0,0,3,,0,0,0,48,3,0,,0,1,1,0,0,0,0,3,,0,0,0,48,3,0,,0,0,0,,,,,0,,,,,0,0,,,
"Product","/products/t412-bbw-sex-torso-55lb-life-size-chubby-fat-woman",1,1,0,0,0,0,1,,0,0,0,0,1,1,,1,1,1,0,0,0,0,1,,0,0,0,0,1,1,,1,0,0,,,,,0,,,,,,0,0,,0
,"/ja/blogs/dolls-info-qustions/sexual-health-dolls-and-sexual-violence",1,1,0,0,0,0,1,,0,0,0,0,1,1,,1,1,1,0,0,0,0,1,,0,0,0,0,1,1,,1,0,0,,,,,0,,,,,,0,0,,0
"Product","/products/549-6-28lb-round-ass-sex-doll-torso",1,1,1,0,0,0,2,,1,0,0,16,2,0,,0,1,1,1,0,0,0,2,,1,0,0,16,2,0,,0,0,0,0,,,,0,,0,,,0,0,,,
"Blog Article","/blogs/dolls-info-qustions/how-to-be-a-qualified-cowboy-through-a-male-sex-doll",1,1,0,0,0,0,1,,0,0,0,0,1,1,,1,1,1,0,0,0,0,1,,0,0,0,0,1,1,,1,0,0,,,,,0,,,,,,0,0,,0
,"/en-ca/blogs/dolls-info-qustions/sex-experts-recommend-top-ten-sex-pillows-to-enhance-your-bbw-sex-doll-experience",1,1,0,0,0,0,1,,0,0,0,0,1,1,,1,1,1,0,0,0,0,1,,0,0,0,0,1,1,,1,0,0,,,,,0,,,,,,0,0,,0
"Product","/products/f2414-sy-164cm-robotic-movable-jaw-life-size-sex-doll",1,1,0,0,0,0,1,,0,0,0,0,1,1,,1,1,1,0,0,0,0,1,,0,0,0,0,1,1,,1,0,0,,,,,0,,,,,,0,0,,0
,"/en-fi/collections/ros-sex-doll-heads-1",1,1,0,0,0,0,1,,0,0,0,0,1,1,,1,1,1,0,0,0,0,1,,0,0,0,0,1,1,,1,0,0,,,,,0,,,,,,0,0,,0
"Blog Article","/blogs/dolls-info-qustions/how-to-choose-the-perfect-30-40-pound-torso-doll",1,1,0,0,0,0,1,,0,0,0,0,1,1,,1,1,1,0,0,0,0,1,,0,0,0,0,1,1,,1,0,0,,,,,0,,,,,,0,0,,0
,"/en-ca/products/f9202-165cm5ft4-40-5kg-d-cup-silicone-ros-best-sex-dolls-for-men%E4%B8%A8lusandy-doll",1,1,0,0,0,0,3,,0,0,0,76,3,0,,0,1,1,0,0,0,0,3,,0,0,0,76,3,0,,0,0,0,,,,,0,,,,,0,0,,,
,"/ja/pages/avada-sitemap-products",1,1,0,0,0,0,1,,0,0,0,0,1,1,,1,1,1,0,0,0,0,1,,0,0,0,0,1,1,,1,0,0,,,,,0,,,,,,0,0,,0
,"/en-ca/collections/black-pocket-pussy",1,1,0,0,0,0,1,,0,0,0,0,1,1,,1,1,1,0,0,0,0,1,,0,0,0,0,1,1,,1,0,0,,,,,0,,,,,,0,0,,0
,"/en-ca/products/f2138-175cm5-9ft-38kg-b-cup-european-tpe-sex-doll%E4%B8%A8wm-doll",1,1,0,0,0,0,11,,0,0,0,366,11,0,,0,1,1,0,0,0,0,11,,0,0,0,366,11,0,,0,0,0,,,,,0,,,,,0,0,,,
,"/en-ca/products/p98-0-84lb-muscle-with-tail-anime-fake-pussy-silicone-hentai-figure-sex-doll-mrl",1,1,0,0,0,0,2,,0,0,0,7,2,0,,0,1,1,0,0,0,0,2,,0,0,0,7,2,0,,0,0,0,,,,,0,,,,,0,0,,,
"Product","/products/a259-19lb-sexy-and-real-realistic-fat-lady-ass-sex-doll-torso",1,1,0,0,0,0,1,,0,0,0,0,1,1,,1,1,1,0,0,0,0,1,,0,0,0,0,1,1,,1,0,0,,,,,0,,,,,,0,0,,0
"Blog Article","/blogs/dolls-info-qustions/how-to-heat-the-sex-doll-torso",1,1,0,0,0,0,1,,0,0,0,0,1,1,,1,1,1,0,0,0,0,1,,0,0,0,0,1,1,,1,0,0,,,,,0,,,,,,0,0,,0
"Product","/products/f1370-158cm-i-cup-rachel-sex-doll-irontech-doll",1,1,1,0,0,0,46,,1,0,0,4813,46,0,,0,1,1,1,0,0,0,46,,1,0,0,4813,46,0,,0,0,0,0,,,,0,,0,,,0,0,,,
,"/en-ca/products/f7649-167cm5ft6-35kg-e-cup-brooke-wheat-christmas-silicone-sex-doll-with-ros-aibei-doll-luxe",1,1,0,0,0,0,1,,0,0,0,0,1,1,,1,1,1,0,0,0,0,1,,0,0,0,0,1,1,,1,0,0,,,,,0,,,,,,0,0,,0
,"/en-ca/products/f1043-155cm-tpe-sex-doll-fun-west-doll",1,1,0,0,0,0,1,,0,0,0,0,1,1,,1,1,1,0,0,0,0,1,,0,0,0,0,1,1,,1,0,0,,,,,0,,,,,,0,0,,0
"Product","/products/f7006k-159cm5ft2-45-5kg-g-cup-silicone-ros-best-latina-sex-doll-in-stock-%E4%B8%A8lusandy-doll",1,1,0,0,0,0,1,,0,0,0,0,1,1,,1,1,1,0,0,0,0,1,,0,0,0,0,1,1,,1,0,0,,,,,0,,,,,,0,0,,0
"Product","/products/t424-48-5lbs-93cm-silicone-luxury-super-realistic-human-size-torso-sex-dolls-and-robots",1,1,0,0,0,0,2,,0,0,0,33,2,0,,0,1,1,0,0,0,0,2,,0,0,0,33,2,0,,0,0,0,,,,,0,,,,,0,0,,,
,"/ja/collections/best-seller-sex-dolls-1000-1999",1,1,0,0,0,0,1,,0,0,0,0,1,1,,1,1,1,0,0,0,0,1,,0,0,0,0,1,1,,1,0,0,,,,,0,,,,,,0,0,,0
"Product","/products/p85-7-5lb-lucy-tan-fuckable-tits-breasts-mini-cheap-sex-dolls-mrl",1,1,0,0,0,0,15,,0,0,0,1391,15,0,,0,1,1,0,0,0,0,15,,0,0,0,1391,15,0,,0,0,0,,,,,0,,,,,0,0,,,
"Product","/products/f9251-170cm5ft7-43kg-g-cup-silicone-ros-gel-breast-huge-tits-sex-toy-full-pussy-doll%E4%B8%A8doll-senior",1,1,0,0,0,0,45,,0,0,0,1862,45,0,,0,1,1,0,0,0,0,45,,0,0,0,1862,45,0,,0,0,0,,,,,0,,,,,0,0,,,
"Product","/products/f5542-164cm5ft4-43kg-f-cup-black-tpe-sex-doll-irontech-doll",1,1,0,0,0,0,2,,0,0,0,58,2,0,,0,1,1,0,0,0,0,2,,0,0,0,58,2,0,,0,0,0,,,,,0,,,,,0,0,,,
"Product","/products/f7110-158cm-5ft2-29kg-d-cup-elf-fantasy-silicone-bull-furry-sex-doll-dominant-fantasy-sex-doll-with-horns-castle-doll",1,1,0,0,0,0,4,,0,0,0,910,4,0,,0,1,1,0,0,0,0,4,,0,0,0,910,4,0,,0,0,0,,,,,0,,,,,0,0,,,
"Collection","/collections/xingse-factory-photos",1,1,0,0,0,0,1,,0,0,0,0,1,1,,1,1,1,0,0,0,0,1,,0,0,0,0,1,1,,1,0,0,,,,,0,,,,,,0,0,,0
"Collection","/collections/level-a",1,1,0,0,0,0,3,,0,0,0,26,3,0,,0,1,1,0,0,0,0,3,,0,0,0,26,3,0,,0,0,0,,,,,0,,,,,0,0,,,
"Blog Article","/blogs/dolls-info-qustions/sex-dolls-after-weight-loss-how-can-you-be-tactile-and-lightweight-at-the-same-time",1,1,0,0,0,0,1,,0,0,0,0,1,1,,1,1,1,0,0,0,0,1,,0,0,0,0,1,1,,1,0,0,,,,,0,,,,,,0,0,,0
,"/de/collections/rosertty-doll",1,1,0,0,0,0,14,,0,0,0,451,14,0,,0,1,1,0,0,0,0,14,,0,0,0,451,14,0,,0,0,0,,,,,0,,,,,0,0,,,
"Product","/products/v326-trample-proof-tpe-feet-for-hardcore-fetish",1,1,0,0,0,0,2,,0,0,0,46,2,0,,0,1,1,0,0,0,0,2,,0,0,0,46,2,0,,0,0,0,,,,,0,,,,,0,0,,,
,"/de/products/f5307-life-size-silicone-sex-doll-md-doll",1,1,0,0,0,0,2,,0,0,0,3,2,0,,0,1,1,0,0,0,0,2,,0,0,0,3,2,0,,0,0,0,,,,,0,,,,,0,0,,,
"Collection","/collections/jiusheng-doll-videos",1,1,0,0,0,0,1,,0,0,0,0,1,1,,1,1,1,0,0,0,0,1,,0,0,0,0,1,1,,1,0,0,,,,,0,,,,,,0,0,,0
,"/ja/blogs/dolls-info-qustions/what-is-a-male-masturbator-a-non-awkward-hardcore-guide",1,1,0,0,0,0,1,,0,0,0,0,1,1,,1,1,1,0,0,0,0,1,,0,0,0,0,1,1,,1,0,0,,,,,0,,,,,,0,0,,0
"Product","/products/f5815-167cm-5ft5-37kg-d-cup-wan-re-silicone-realistic-sex-doll-top-cydoll",1,1,0,0,0,0,1,,0,0,0,0,1,1,,1,1,1,0,0,0,0,1,,0,0,0,0,1,1,,1,0,0,,,,,0,,,,,,0,0,,0
,"/en-ca/collections/torso-shemale-sex-doll",1,1,0,0,0,0,11,,0,0,0,321,11,0,,0,1,1,0,0,0,0,11,,0,0,0,321,11,0,,0,0,0,,,,,0,,,,,0,0,,,
"Product","/products/f4262-161cm5-3ft-35kg-g-cup-milf-tpe-sex-doll%E4%B8%A8wm-doll",1,1,1,1,0,0,20,0,1,1,0,7038,20,0,0,0,1,1,1,1,0,0,20,0,1,1,0,7038,20,0,0,0,0,0,0,0,,,0,,0,0,,0,0,,,
"Product","/products/f2448-161cm5ft3-33kg-e-cup-fitness-girl-silicone-sex-doll-irontech-doll",1,1,0,0,0,0,1,,0,0,0,0,1,1,,1,1,1,0,0,0,0,1,,0,0,0,0,1,1,,1,0,0,,,,,0,,,,,,0,0,,0
,"/ja/collections/full-doll",1,1,0,0,0,0,1,,0,0,0,0,1,1,,1,1,1,0,0,0,0,1,,0,0,0,0,1,1,,1,0,0,,,,,0,,,,,,0,0,,0
"Product","/products/f2344a-151cm4-9ft-65kg-m-cup-jasmine-bbw-biggest-ass-huge-breast-movable-jaw-sex-doll-2024%E4%B8%A8climax-doll-pro",1,1,0,0,0,0,5,,0,0,0,167,5,0,,0,1,1,0,0,0,0,5,,0,0,0,167,5,0,,0,0,0,,,,,0,,,,,0,0,,,
,"/en-fi/collections/black-male-sex-doll",1,1,0,0,0,0,1,,0,0,0,0,1,1,,1,1,1,0,0,0,0,1,,0,0,0,0,1,1,,1,0,0,,,,,0,,,,,,0,0,,0
,"/en-ca/products/f8228-168cm5-5ft-34kg-b-cup-silicone-full-size-sex-doll-azm-doll",1,1,0,0,0,0,3,,0,0,0,55,3,0,,0,1,1,0,0,0,0,3,,0,0,0,55,3,0,,0,0,0,,,,,0,,,,,0,0,,,
"Product","/products/f4949-159cm5f2-52kg-o-cup-chubby-realistic-tpe-sex-doll-aibei-doll",1,1,0,0,0,0,8,,0,0,0,1868,8,0,,0,1,1,0,0,0,0,8,,0,0,0,1868,8,0,,0,0,0,,,,,0,,,,,0,0,,,
,"/de/blogs/dolls-info-qustions/in-depth-the-internal-oral-design-of-british-sex-dolls",1,1,0,0,0,0,12,,0,0,0,210,12,0,,0,1,1,0,0,0,0,12,,0,0,0,210,12,0,,0,0,0,,,,,0,,,,,0,0,,,
"Product","/products/f5710-158cm-5ft2-36kg-g-cup-silicone-sexual-male-best-shemale-sex-doll-castle-doll",1,1,0,0,0,0,6,,0,0,0,368,6,0,,0,1,1,0,0,0,0,6,,0,0,0,368,6,0,,0,0,0,,,,,0,,,,,0,0,,,
,"/ja/blogs/dolls-info-qustions/why-choose-asian-sex-dolls",1,1,0,0,0,0,1,,0,0,0,0,1,1,,1,1,1,0,0,0,0,1,,0,0,0,0,1,1,,1,0,0,,,,,0,,,,,,0,0,,0
,"/en-ca/products/f9330-150cm-4ft9-41kg-b-cup-ros-silicone-head-shemale-doll-hot-sex-doll-castle",1,1,0,0,0,0,1,,0,0,0,0,1,1,,1,1,1,0,0,0,0,1,,0,0,0,0,1,1,,1,0,0,,,,,0,,,,,,0,0,,0
,"/en-ca/products/f4785-155mcm5-1ft-38kg-2-2cf-e-cup-silicone-realistic-japanese-sex-doll-bezlya-doll",1,1,0,0,0,0,1,,0,0,0,0,1,1,,1,1,1,0,0,0,0,1,,0,0,0,0,1,1,,1,0,0,,,,,0,,,,,,0,0,,0
"Product","/products/f4673-163cm5-3ft-33kg-bridget-c-e-cup-silicone-asian-chinese-adult-ai-sex-doll-sex-se-doll",1,1,0,0,0,0,1,,0,0,0,0,1,1,,1,1,1,0,0,0,0,1,,0,0,0,0,1,1,,1,0,0,,,,,0,,,,,,0,0,,0
,"/en-ca/products/t717-44-1lb-25-2in-bbw-silicone-sex-doll-torso",1,1,0,0,0,0,1,,0,0,0,0,1,1,,1,1,1,0,0,0,0,1,,0,0,0,0,1,1,,1,0,0,,,,,0,,,,,,0,0,,0
,"/en-ca/collections/tpe-body-silicone-head",1,1,0,0,0,0,20,,0,0,0,1116,20,0,,0,1,1,0,0,0,0,20,,0,0,0,1116,20,0,,0,0,0,,,,,0,,,,,0,0,,,
"Product","/products/f7067-156cm-5ft1-32kg-e-cup-ultra-realistic-furry-sex-doll-with-animal-earsy-silicon-head-tpe-body-castle-doll",1,1,0,0,0,0,1,,0,0,0,0,1,1,,1,1,1,0,0,0,0,1,,0,0,0,0,1,1,,1,0,0,,,,,0,,,,,,0,0,,0
,"/de/blogs/dolls-info-qustions/are-you-really-suitable-for-hentai-sex-dolls-take-the-test-and-start-your-fantasy-journey",1,1,0,0,0,0,1,,0,0,0,0,1,1,,1,1,1,0,0,0,0,1,,0,0,0,0,1,1,,1,0,0,,,,,0,,,,,,0,0,,0
"Product","/products/f8188k-167cm-5ft5-43kg-m40-d-cup-black-silicone-sex-doll-in-stock-usa-md-doll",1,1,0,0,0,0,1,,0,0,0,0,1,1,,1,1,1,0,0,0,0,1,,0,0,0,0,1,1,,1,0,0,,,,,0,,,,,,0,0,,0
,"/pages",1,1,0,0,0,0,1,,0,0,0,0,1,1,,1,1,1,0,0,0,0,1,,0,0,0,0,1,1,,1,0,0,,,,,0,,,,,,0,0,,0
,"/en-fi/blogs/dolls-info-qustions/the-best-futa-sex-dolls-to-buy-in-2025-brand-guide-buying-tips",1,1,0,0,0,0,1,,0,0,0,0,1,1,,1,1,1,0,0,0,0,1,,0,0,0,0,1,1,,1,0,0,,,,,0,,,,,,0,0,,0
"Product","/products/f6161-150cm-34kg-n-cup-full-silicone-bbw-hentai-sex-doll-castle-doll",1,1,0,0,0,0,1,,0,0,0,0,1,1,,1,1,1,0,0,0,0,1,,0,0,0,0,1,1,,1,0,0,,,,,0,,,,,,0,0,,0
"Checkout","/60719464687/orders/ef800fd97953632e53f5ca0372368c13",1,1,0,0,0,0,1,,0,0,0,0,1,1,,1,1,1,0,0,0,0,1,,0,0,0,0,1,1,,1,0,0,,,,,0,,,,,,0,0,,0
"Product","/products/520-sex-doll-torso",1,1,0,0,0,0,6,,0,0,0,90,6,0,,0,1,1,0,0,0,0,6,,0,0,0,90,6,0,,0,0,0,,,,,0,,,,,0,0,,,
,"/en-ca/products/f1930k-164cm5ft4-f-cup-lucky-life-size-sex-doll-irontech-doll",1,1,0,0,0,0,1,,0,0,0,0,1,1,,1,1,1,0,0,0,0,1,,0,0,0,0,1,1,,1,0,0,,,,,0,,,,,,0,0,,0
"Product","/products/f6115-167cm-5-48ft-36kg-f-cup-ros-silicone-realistic-sex-doll-weight-reduction-ido-doll",1,1,0,0,0,0,3,,0,0,0,22,3,0,,0,1,1,0,0,0,0,3,,0,0,0,22,3,0,,0,0,0,,,,,0,,,,,0,0,,,
,"/en-fi/collections/vajankle-foot-fetish-toys",1,1,0,0,0,0,3,,0,0,0,30,3,0,,0,1,1,0,0,0,0,3,,0,0,0,30,3,0,,0,0,0,,,,,0,,,,,0,0,,,
"Product","/products/f1711-161cm-h-cup-silicone-sex-doll-starpery-doll",1,1,0,0,0,0,11,,0,0,0,467,11,0,,0,1,1,0,0,0,0,11,,0,0,0,467,11,0,,0,0,0,,,,,0,,,,,0,0,,,
"Product","/products/a517-half-torso-sex-doll-ass-3d-bottom",1,1,0,0,0,0,8,,0,0,0,545,8,0,,0,1,1,0,0,0,0,8,,0,0,0,545,8,0,,0,0,0,,,,,0,,,,,0,0,,,
"Product","/products/f1245-164cm-f-cup-maria-big-tits-sex-doll-irontech-doll",1,1,0,0,0,0,1,,0,0,0,0,1,1,,1,1,1,0,0,0,0,1,,0,0,0,0,1,1,,1,0,0,,,,,0,,,,,,0,0,,0
"Product","/products/rebecaa-sex-doll-157cm5ft2",1,1,0,0,0,0,1,,0,0,0,0,1,1,,1,1,1,0,0,0,0,1,,0,0,0,0,1,1,,1,0,0,,,,,0,,,,,,0,0,,0
"Checkout","/checkouts/cn/hWNCxN3cyD633hAVP2Ps4jk9/en",1,1,0,1,0,0,1,0,0,1,0,0,1,0,,0,1,1,0,1,0,0,1,0,0,1,0,0,1,0,,0,0,0,,0,,,0,,,0,,,0,,,
,"/ja/collections/shemale-sex-doll-torso-1",1,1,0,0,0,0,1,,0,0,0,0,1,1,,1,1,1,0,0,0,0,1,,0,0,0,0,1,1,,1,0,0,,,,,0,,,,,,0,0,,0
,"/en-ca/products/f2386-165cm5-4ft-g-cup-272-big-butt-tpe-sex-doll%E4%B8%A8sy-doll",1,1,0,0,0,0,1,,0,0,0,0,1,1,,1,1,1,0,0,0,0,1,,0,0,0,0,1,1,,1,0,0,,,,,0,,,,,,0,0,,0
"Checkout","/60719464687/orders/69b0948aded480ce1acf4ccd121d708b",1,1,0,0,0,0,26,,0,0,0,1554,26,0,,0,1,1,0,0,0,0,26,,0,0,0,1554,26,0,,0,0,0,,,,,0,,,,,0,0,,,
"Product","/products/h166-silicone-sex-doll-head-real-lady-doll",1,1,0,0,0,0,5,,0,0,0,241,5,0,,0,1,1,0,0,0,0,5,,0,0,0,241,5,0,,0,0,0,,,,,0,,,,,0,0,,,
"Product","/products/547-ass-doll",1,1,0,0,0,0,1,,0,0,0,0,1,1,,1,1,1,0,0,0,0,1,,0,0,0,0,1,1,,1,0,0,,,,,0,,,,,,0,0,,0
,"/en-ca/blogs/dolls-info-qustions/3-typical-sizes-bigass-sexdoll",1,1,0,0,0,0,1,,0,0,0,0,1,1,,1,1,1,0,0,0,0,1,,0,0,0,0,1,1,,1,0,0,,,,,0,,,,,,0,0,,0
,"/en-ca/products/f3905-159cm5-2ft-37kg-a-cup-white-amy-realistic-silicone-sex-doll-in-stock-usa-fun-west-doll",1,1,0,0,0,0,1,,0,0,0,0,1,1,,1,1,1,0,0,0,0,1,,0,0,0,0,1,1,,1,0,0,,,,,0,,,,,,0,0,,0
"Product","/products/irontech-oriental-asian-silicone-doll-151cm-f731",1,1,0,0,0,0,3,,0,0,0,54,3,0,,0,1,1,0,0,0,0,3,,0,0,0,54,3,0,,0,0,0,,,,,0,,,,,0,0,,,
"Product","/products/f1259-165cm-g-cup-miya-big-boobs-doll-irontech-doll",1,1,0,0,0,0,1,,0,0,0,0,1,1,,1,1,1,0,0,0,0,1,,0,0,0,0,1,1,,1,0,0,,,,,0,,,,,,0,0,,0
"Blog Article","/blogs/dolls-info-qustions/unveiling-the-real-person-molding-process-how-realistic-are-celebrity-sex-dolls",1,1,0,0,0,0,2,,0,0,0,53,2,0,,0,1,1,0,0,0,0,2,,0,0,0,53,2,0,,0,0,0,,,,,0,,,,,0,0,,,
"Product","/products/f9005-164cm5-4ft-36kg-d-cup-silicone-cosplay-celebrity-sex-doll%E4%B8%A8rosretty-doll",1,1,0,0,0,0,1,,0,0,0,0,1,1,,1,1,1,0,0,0,0,1,,0,0,0,0,1,1,,1,0,0,,,,,0,,,,,,0,0,,0
,"/en-ca/products/a308-13lb-19lb-30lb-three-sizes-silicone-soft-realistic-big-ass-sex-dolls-torso",1,1,0,0,0,0,3,,0,0,0,118,3,0,,0,1,1,0,0,0,0,3,,0,0,0,118,3,0,,0,0,0,,,,,0,,,,,0,0,,,
"Blog Article","/blogs/dolls-info-qustions/comprehensive-guide-how-to-clean-a-sex-doll-torso",1,1,0,0,0,0,1,,0,0,0,0,1,1,,1,1,1,0,0,0,0,1,,0,0,0,0,1,1,,1,0,0,,,,,0,,,,,,0,0,,0
,"/ja/blogs/dolls-info-qustions/small-size-big-satisfaction-a-complete-real-life-sex-experience-review-of-the-mini-sex-doll",1,1,0,0,0,0,1,,0,0,0,0,1,1,,1,1,1,0,0,0,0,1,,0,0,0,0,1,1,,1,0,0,,,,,0,,,,,,0,0,,0
"Product","/products/a313-silicone-real-feel-sex-torso-sineem",1,1,0,0,0,0,5,,0,0,0,262,5,0,,0,1,1,0,0,0,0,5,,0,0,0,262,5,0,,0,0,0,,,,,0,,,,,0,0,,,
"Blog Article","/blogs/sex-doll-torso-blog/how-to-heat-the-sex-doll-torso",1,1,0,0,0,0,1,,0,0,0,0,1,1,,1,1,1,0,0,0,0,1,,0,0,0,0,1,1,,1,0,0,,,,,0,,,,,,0,0,,0
"Product","/products/f9115-158cm-5ft2-36kg-g-cup-silicone-sexual-male-best-shemale-sex-doll-castle-doll",1,1,0,0,0,0,1,,0,0,0,0,1,1,,1,1,1,0,0,0,0,1,,0,0,0,0,1,1,,1,0,0,,,,,0,,,,,,0,0,,0
"Product","/products/f9369-stpe-gel-filled-big-breasts-hentai-bbw-sex-doll-irokebijin-doll",1,1,0,0,0,0,8,,0,0,0,798,8,0,,0,1,1,0,0,0,0,8,,0,0,0,798,8,0,,0,0,0,,,,,0,,,,,0,0,,,
"Product","/products/x5-hidden-sex-machine-in-a-fashion-bag-sex-toy-for-women",1,1,0,0,0,0,1,,0,0,0,0,1,1,,1,1,1,0,0,0,0,1,,0,0,0,0,1,1,,1,0,0,,,,,0,,,,,,0,0,,0
"Product","/products/004-hands-free-vibrating-male-masturbator",1,1,0,0,0,0,1,,0,0,0,0,1,1,,1,1,1,0,0,0,0,1,,0,0,0,0,1,1,,1,0,0,,,,,0,,,,,,0,0,,0
"Product","/products/f4758a-175cm5ft9-69kg-x-cup-huge-breast-fat-thick-ass-tpe-ssbbw-chubby-sex-doll-doll-castle",1,1,0,0,0,0,1,,0,0,0,0,1,1,,1,1,1,0,0,0,0,1,,0,0,0,0,1,1,,1,0,0,,,,,0,,,,,,0,0,,0
,"/en-ca/products/f5981-164cm5-4ft-d-cup-m5-ros-movable-jaw-celebrity-ai-sex-doll%E4%B8%A8sy-doll",1,1,0,0,0,0,11,,0,0,0,465,11,0,,0,1,1,0,0,0,0,11,,0,0,0,465,11,0,,0,0,0,,,,,0,,,,,0,0,,,
,"/en-fi/blogs/dolls-info-qustions/limited-time-special-cheap-life-size-sex-dolls-from-as-low-as-799",1,1,0,0,0,0,1,,0,0,0,0,1,1,,1,1,1,0,0,0,0,1,,0,0,0,0,1,1,,1,0,0,,,,,0,,,,,,0,0,,0
,"/de/collections/realistic-sex-doll-list",1,1,0,0,0,0,6,,0,0,0,92,6,0,,0,1,1,0,0,0,0,6,,0,0,0,92,6,0,,0,0,0,,,,,0,,,,,0,0,,,
"Product","/products/f9381-aitia-155cm-silicone-head-asian-pussy-doll",1,1,0,0,0,0,1,,0,0,0,0,1,1,,1,1,1,0,0,0,0,1,,0,0,0,0,1,1,,1,0,0,,,,,0,,,,,,0,0,,0
"Product","/products/h716-tpe-sex-doll-head-attractive-tan-girl-irontech-doll-head",1,1,0,0,0,0,2,,0,0,0,59,2,0,,0,1,1,0,0,0,0,2,,0,0,0,59,2,0,,0,0,0,,,,,0,,,,,0,0,,,
"Blog Article","/blogs/dolls-info-qustions/introduction-of-oral-heating-and-automatic-tongue-licking-function-and-precautions-for-operation",1,1,0,0,0,0,1,,0,0,0,0,1,1,,1,1,1,0,0,0,0,1,,0,0,0,0,1,1,,1,0,0,,,,,0,,,,,,0,0,,0
,"/de/products/f5573-150cm-5ft-27-5kg-shemale-anime-futa-silicone-sex-doll-elsa-babe",1,1,0,0,0,0,7,,0,0,0,166,7,0,,0,1,1,0,0,0,0,7,,0,0,0,166,7,0,,0,0,0,,,,,0,,,,,0,0,,,
,"/de/collections/huge-breast-torso-sex-doll-with-head",1,1,0,0,0,0,3,,0,0,0,74,3,0,,0,1,1,0,0,0,0,3,,0,0,0,74,3,0,,0,0,0,,,,,0,,,,,0,0,,,
,"/ja/blogs/dolls-info-qustions/inside-the-2025-shenzhen-adult-expo-where-tech-meets-fantasy-in-the-world-of-sex-dolls",1,1,0,0,0,0,1,,0,0,0,0,1,1,,1,1,1,0,0,0,0,1,,0,0,0,0,1,1,,1,0,0,,,,,0,,,,,,0,0,,0
"Product","/products/t372-realistic-silicone-shark-hentai-anime-sex-doll",1,1,0,0,0,0,1,,0,0,0,0,1,1,,1,1,1,0,0,0,0,1,,0,0,0,0,1,1,,1,0,0,,,,,0,,,,,,0,0,,0
,"/ja/collections/budget-friendly-life-size-sex-dolls-torsos-flat-20-discount-today",1,1,0,0,0,0,1,,0,0,0,0,1,1,,1,1,1,0,0,0,0,1,,0,0,0,0,1,1,,1,0,0,,,,,0,,,,,,0,0,,0
"Product","/products/t353-86cm2ft9-22kg-s-tpe-gel-big-breast-sex-doll-torso-irokebijin-doll",1,1,0,0,0,0,7,,0,0,0,165,7,0,,0,1,1,0,0,0,0,7,,0,0,0,165,7,0,,0,0,0,,,,,0,,,,,0,0,,,
"Product","/products/t714k-105cm3ft5-35kg-e-cup-queen-silicone-head-real-sex-doll-torso-in-stock-us-starpery-doll",1,1,0,0,0,0,2,,0,0,0,961,2,0,,0,1,1,0,0,0,0,2,,0,0,0,961,2,0,,0,0,0,,,,,0,,,,,0,0,,,
"Product","/products/f4847-150cm4ft11-25kg-d-cup-silicone-ros-asian-japanese-mini-sex-doll%E4%B8%A8doll-senior/",1,1,0,0,0,0,1,,0,0,0,0,1,1,,1,1,1,0,0,0,0,1,,0,0,0,0,1,1,,1,0,0,,,,,0,,,,,,0,0,,0
"Product","/products/f8186-160cm-5ft2-36kg-silicone-anime-life-size-sex-doll-elsa-babe",1,1,0,0,0,0,1,,0,0,0,0,1,1,,1,1,1,0,0,0,0,1,,0,0,0,0,1,1,,1,0,0,,,,,0,,,,,,0,0,,0
"Product","/products/h1109-ros-silicone-real-oral-sex-doll-head-irontech-doll-s37",1,1,0,0,0,0,1,,0,0,0,0,1,1,,1,1,1,0,0,0,0,1,,0,0,0,0,1,1,,1,0,0,,,,,0,,,,,,0,0,,0
,"/392d7774/c2/go/https%3A%2F%2Flinkdolls.com%2Fblogs%2Fdolls-info-qustions%2Fhow-to-make-a-fake-ass-sex-toy",1,1,0,0,0,0,1,,0,0,0,0,1,1,,1,1,1,0,0,0,0,1,,0,0,0,0,1,1,,1,0,0,,,,,0,,,,,,0,0,,0
,"/en-fi/products/irontech-silicone-doll-164cm-f753",1,1,0,0,0,0,1,,0,0,0,0,1,1,,1,1,1,0,0,0,0,1,,0,0,0,0,1,1,,1,0,0,,,,,0,,,,,,0,0,,0
"Product","/products/d4081-4-lbs%E4%B8%A89-fantasy-dog-dildo-silicone-knot-dildo",1,1,0,0,0,0,1,,0,0,0,0,1,1,,1,1,1,0,0,0,0,1,,0,0,0,0,1,1,,1,0,0,,,,,0,,,,,,0,0,,0
"Product","/products/t687-64-6lb-meru-sex-doll-torso-with-flat-chest-silicone-head-torso-red-skin",1,1,0,0,0,0,7,,0,0,0,235,7,0,,0,1,1,0,0,0,0,7,,0,0,0,235,7,0,,0,0,0,,,,,0,,,,,0,0,,,
"Product","/products/f1450k-153cm5ft-34kg-h-cup-christmas-tpe-sex-doll-aibei-doll",1,1,0,0,0,0,1,,0,0,0,0,1,1,,1,1,1,0,0,0,0,1,,0,0,0,0,1,1,,1,0,0,,,,,0,,,,,,0,0,,0
"Collection","/collections/dolls-castle-factory-photos",1,1,0,0,0,0,3,,0,0,0,47,3,0,,0,1,1,0,0,0,0,3,,0,0,0,47,3,0,,0,0,0,,,,,0,,,,,0,0,,,
"Product","/products/f7515k-160cm-5ft3-k-cup-weight-loss-silicone-bbw-sexdoll-in-stock-us-starpery-doll",1,1,0,0,0,0,12,,0,0,0,1954,12,0,,0,1,1,0,0,0,0,12,,0,0,0,1954,12,0,,0,0,0,,,,,0,,,,,0,0,,,
"Product","/products/t507v-70-54lb-lifesize-sex-doll-torso-luxury-sexiest-stripper-plump-hot-sex-toy-for-man",1,1,0,0,0,0,1,,0,0,0,0,1,1,,1,1,1,0,0,0,0,1,,0,0,0,0,1,1,,1,0,0,,,,,0,,,,,,0,0,,0
,"/ja/blogs/dolls-info-qustions/dangerous-and-fascinating-the-irresistible-allure-of-mermaid-sex-doll",1,1,0,0,0,0,1,,0,0,0,0,1,1,,1,1,1,0,0,0,0,1,,0,0,0,0,1,1,,1,0,0,,,,,0,,,,,,0,0,,0
"Product","/products/f8538-161cm-39-6kg-ros-silicone-head-tpe-body-full-size-adult-sex-doll-ginny-in-stock-usa-ridmii",1,1,0,0,0,0,1,,0,0,0,0,1,1,,1,1,1,0,0,0,0,1,,0,0,0,0,1,1,,1,0,0,,,,,0,,,,,,0,0,,0
,"/en-fi/blogs/dolls-info-qustions/what-weight-of-butt-torso-sex-dolls-is-most-suitable",1,1,0,0,0,0,1,,0,0,0,0,1,1,,1,1,1,0,0,0,0,1,,0,0,0,0,1,1,,1,0,0,,,,,0,,,,,,0,0,,0
"Product","/products/f4779-155mcm5-1ft-40kg-2-0-g-cup-asian-robot-silicone-head-chinese-sex-doll-bezlya-doll",1,1,0,0,0,0,3,,0,0,0,160,3,0,,0,1,1,0,0,0,0,3,,0,0,0,160,3,0,,0,0,0,,,,,0,,,,,0,0,,,
,"/en-ca/collections/black-male-sex-doll",1,1,0,0,0,0,1,,0,0,0,0,1,1,,1,1,1,0,0,0,0,1,,0,0,0,0,1,1,,1,0,0,,,,,0,,,,,,0,0,,0
,"/en-ca/collections/torso-only",1,1,0,0,0,0,2,,0,0,0,46,2,0,,0,1,1,0,0,0,0,2,,0,0,0,46,2,0,,0,0,0,,,,,0,,,,,0,0,,,
,"/en-ca/collections/top-rated-japanese-sex-dolls-in-2026",1,1,0,0,0,0,3,,0,0,0,70,3,0,,0,1,1,0,0,0,0,3,,0,0,0,70,3,0,,0,0,0,,,,,0,,,,,0,0,,,
"Product","/products/t359-103cm-50-70-lbs-g-cup-real-feel-silicone-sex-doll-torso-with-head-funwest-doll",1,1,0,0,0,0,1,,0,0,0,0,1,1,,1,1,1,0,0,0,0,1,,0,0,0,0,1,1,,1,0,0,,,,,0,,,,,,0,0,,0
"Product","/products/v24-silicone-fleshlight-foot-with-toe-detail-and-soft-insert-tunnel",1,1,0,0,0,0,15,,0,0,0,318,15,0,,0,1,1,0,0,0,0,15,,0,0,0,318,15,0,,0,0,0,,,,,0,,,,,0,0,,,
,"/en-ca/collections/sy-doll",1,1,0,0,0,0,14,,0,0,0,2912,14,0,,0,1,1,0,0,0,0,14,,0,0,0,2912,14,0,,0,0,0,,,,,0,,,,,0,0,,,
"Product","/products/f2465-163cm-c-cup-ai-sex-doll-sigafun-porn-star",1,1,0,0,0,0,1,,0,0,0,0,1,1,,1,1,1,0,0,0,0,1,,0,0,0,0,1,1,,1,0,0,,,,,0,,,,,,0,0,,0
"Product","/products/f6299-160cm-5ft3-34kg-e-cup-silicone-japanese-sex-doll-large-breasts-firefly-diary-max",1,1,0,0,0,0,1,,0,0,0,0,1,1,,1,1,1,0,0,0,0,1,,0,0,0,0,1,1,,1,0,0,,,,,0,,,,,,0,0,,0
,"/en-fi/collections/middle",1,1,0,0,0,0,1,,0,0,0,0,1,1,,1,1,1,0,0,0,0,1,,0,0,0,0,1,1,,1,0,0,,,,,0,,,,,,0,0,,0
"Blog Article","/blogs/complete-sex-doll-guide-for-beginners/how-much-does-a-sex-doll-really-cost",1,1,0,0,0,0,1,,0,0,0,0,1,1,,1,1,1,0,0,0,0,1,,0,0,0,0,1,1,,1,0,0,,,,,0,,,,,,0,0,,0
"Collection","/collections/caucaian-sex-doll",1,1,0,0,0,0,1,,0,0,0,0,1,1,,1,1,1,0,0,0,0,1,,0,0,0,0,1,1,,1,0,0,,,,,0,,,,,,0,0,,0
"Product","/products/f5617-163cm-5ft3-d-cup-silicone-big-booty-bbw-sex-dolls-hr-doll",1,1,0,0,0,0,1,,0,0,0,0,1,1,,1,1,1,0,0,0,0,1,,0,0,0,0,1,1,,1,0,0,,,,,0,,,,,,0,0,,0
"Collection","/collections/lusandy-doll-factory-photos",1,1,0,0,0,0,8,,0,0,0,289,8,0,,0,1,1,0,0,0,0,8,,0,0,0,289,8,0,,0,0,0,,,,,0,,,,,0,0,,,
"Product","/products/a437-38-8lb-silicone-big-ass-sex-doll-torso-with-bubble-butt-lovenestle",1,1,0,0,0,0,1,,0,0,0,0,1,1,,1,1,1,0,0,0,0,1,,0,0,0,0,1,1,,1,0,0,,,,,0,,,,,,0,0,,0
,"/en-ca/blogs/dolls-info-qustions/how-to-hide-your-full-size-sex-doll",1,1,0,0,0,0,2,,0,0,0,15,2,0,,0,1,1,0,0,0,0,2,,0,0,0,15,2,0,,0,0,0,,,,,0,,,,,0,0,,,
"Product","/products/f5955-t161cm5-3ft-34kg-aryana-a-c-cup-silicone-nerd-asian-celebrity-sex-doll-se-doll",1,1,0,0,0,0,9,,0,0,0,188,9,0,,0,1,1,0,0,0,0,9,,0,0,0,188,9,0,,0,0,0,,,,,0,,,,,0,0,,,
"Product","/products/f6141-150cm4-9ft-28kg-d-cup-s13-black-silicone-sex-doll%E4%B8%A8rosretty-doll",1,1,0,0,0,0,1,,0,0,0,0,1,1,,1,1,1,0,0,0,0,1,,0,0,0,0,1,1,,1,0,0,,,,,0,,,,,,0,0,,0
"Product","/products/f9010-157cm-5ft1-29kg-b-cup-realistic-skinny-tpe-sex-doll-sy-doll",1,1,0,0,0,0,5,,0,0,0,112,5,0,,0,1,1,0,0,0,0,5,,0,0,0,112,5,0,,0,0,0,,,,,0,,,,,0,0,,,
"Product","/products/f9140-175cm-5ft9-49kg-full-size-hair-transplant-ros-sex-with-silicone-male-sex-doll-qita-doll",1,1,0,0,0,0,1,,0,0,0,0,1,1,,1,1,1,0,0,0,0,1,,0,0,0,0,1,1,,1,0,0,,,,,0,,,,,,0,0,,0
"Product","/products/f160-156cm-tpe-sex-doll",1,1,0,0,0,0,1,,0,0,0,0,1,1,,1,1,1,0,0,0,0,1,,0,0,0,0,1,1,,1,0,0,,,,,0,,,,,,0,0,,0
"Blog Article","/blogs/dolls-info-qustions/discover-a-new-brand-galatea-doll",1,1,0,0,0,0,1,,0,0,0,0,1,1,,1,1,1,0,0,0,0,1,,0,0,0,0,1,1,,1,0,0,,,,,0,,,,,,0,0,,0
"Checkout","/checkouts/cn/hWNCxwmthLCgjPsRDOOmhNMf/en",1,1,0,1,0,0,1,0,0,1,0,0,1,0,,0,1,1,0,1,0,0,1,0,0,1,0,0,1,0,,0,0,0,,0,,,0,,,0,,,0,,,
,"/de/blogs/sex-doll-torso-blog/guide-to-sex-doll-torsos-choosing-the-perfect-companion-for-you",1,1,0,0,0,0,1,,0,0,0,0,1,1,,1,1,1,0,0,0,0,1,,0,0,0,0,1,1,,1,0,0,,,,,0,,,,,,0,0,,0
"List of Collections","/collections",1,1,0,0,0,0,1,,0,0,0,0,1,1,,1,1,1,0,0,0,0,1,,0,0,0,0,1,1,,1,0,0,,,,,0,,,,,,0,0,,0
"Collection","/collections/celebrity-poster-products",1,1,0,0,0,0,6,,0,0,0,169,6,0,,0,1,1,0,0,0,0,6,,0,0,0,169,6,0,,0,0,0,,,,,0,,,,,0,0,,,
"Product","/products/h208-ros-silicone-sex-doll-head%E4%B8%A8galatea-doll-head",1,1,0,0,0,0,3,,0,0,0,283,3,0,,0,1,1,0,0,0,0,3,,0,0,0,283,3,0,,0,0,0,,,,,0,,,,,0,0,,,
,"/en-ca/collections/male-masturbator",1,1,0,0,0,0,1,,0,0,0,0,1,1,,1,1,1,0,0,0,0,1,,0,0,0,0,1,1,,1,0,0,,,,,0,,,,,,0,0,,0
,"/de/blogs/dolls-info-qustions/caring-for-your-vajankle-tips-for-minimizing-damage-and-repairing-common-issues",1,1,0,0,0,0,1,,0,0,0,0,1,1,,1,1,1,0,0,0,0,1,,0,0,0,0,1,1,,1,0,0,,,,,0,,,,,,0,0,,0
"Product","/products/f9356-150cm-anime-silicone-sex-doll-elsa-babe",1,1,0,0,0,0,1,,0,0,0,0,1,1,,1,1,1,0,0,0,0,1,,0,0,0,0,1,1,,1,0,0,,,,,0,,,,,,0,0,,0
,"/de/products/p79-11-02lb-hentai-best-mini-bbw-sex-doll-torso-mrl",1,1,0,0,0,0,1,,0,0,0,0,1,1,,1,1,1,0,0,0,0,1,,0,0,0,0,1,1,,1,0,0,,,,,0,,,,,,0,0,,0
,"/de/blogs/dolls-info-qustions/newbie-torso-sex-doll-buying-tutorial-the-best-selection-guide-at-the-same-price",1,1,0,0,0,0,1,,0,0,0,0,1,1,,1,1,1,0,0,0,0,1,,0,0,0,0,1,1,,1,0,0,,,,,0,,,,,,0,0,,0
,"/en-ca/products/f7659-150cm4ft11-25kg-d-cup-silicone-ros-japanese-mini-sex-doll-miye-with-implanted-hair-gel-breast-oral%E4%B8%A8doll-senior",1,1,0,0,0,0,12,,0,0,0,1597,12,0,,0,1,1,0,0,0,0,12,,0,0,0,1597,12,0,,0,0,0,,,,,0,,,,,0,0,,,
,"/de/collections/big-ass-sex-doll-2000",1,1,0,0,0,0,1,,0,0,0,0,1,1,,1,1,1,0,0,0,0,1,,0,0,0,0,1,1,,1,0,0,,,,,0,,,,,,0,0,,0
,"/ja/blogs/dolls-info-qustions/why-are-furry-sex-dolls-so-popular-a-deep-dive-into-5-core-attractions",1,1,0,0,0,0,1,,0,0,0,0,1,1,,1,1,1,0,0,0,0,1,,0,0,0,0,1,1,,1,0,0,,,,,0,,,,,,0,0,,0
,"/en-fi/products/f2420-166cm5-4ft-d-cup-m37-movable-jaw-silicone-sex-doll%E4%B8%A8sy-doll",1,1,0,0,0,0,2,,0,0,0,40,2,0,,0,1,1,0,0,0,0,2,,0,0,0,40,2,0,,0,0,0,,,,,0,,,,,0,0,,,
,"/ja/collections/sex-doll-torso",1,1,0,0,0,0,1,,0,0,0,0,1,1,,1,1,1,0,0,0,0,1,,0,0,0,0,1,1,,1,0,0,,,,,0,,,,,,0,0,,0
"Blog Article","/blogs/dolls-info-qustions/how-to-use-a-doggy-dildo-doll-from-beginner-basics-to-7-practical-positions",1,1,0,0,0,0,1,,0,0,0,0,1,1,,1,1,1,0,0,0,0,1,,0,0,0,0,1,1,,1,0,0,,,,,0,,,,,,0,0,,0
,"/en-fi/collections/demo",1,1,0,0,0,0,1,,0,0,0,0,1,1,,1,1,1,0,0,0,0,1,,0,0,0,0,1,1,,1,0,0,,,,,0,,,,,,0,0,,0
,"/en-fi/collections/medium-butt-sex-doll",1,1,0,0,0,0,1,,0,0,0,0,1,1,,1,1,1,0,0,0,0,1,,0,0,0,0,1,1,,1,0,0,,,,,0,,,,,,0,0,,0
,"/en-ca/products/f6137-160cm-5-2ft-36kg-c-cup-tpe-silicone-head-sex-doll-sy-doll",1,1,0,0,0,0,1,,0,0,0,0,1,1,,1,1,1,0,0,0,0,1,,0,0,0,0,1,1,,1,0,0,,,,,0,,,,,,0,0,,0
,"/en-ca/products/f4625-153cm-5ft-29-5kg-yuuki-k-cup-tpe-fit-medium-butt-sex-doll-se-doll",1,1,0,0,0,0,3,,0,0,0,105,3,0,,0,1,1,0,0,0,0,3,,0,0,0,105,3,0,,0,0,0,,,,,0,,,,,0,0,,,
"Product","/products/h218-ros-silicone-sex-doll-head%E4%B8%A8galatea-doll-head",1,1,0,0,0,0,1,,0,0,0,0,1,1,,1,1,1,0,0,0,0,1,,0,0,0,0,1,1,,1,0,0,,,,,0,,,,,,0,0,,0
"Product","/products/f8104-150cm4-9ft-27-6kg-f-cup-ros-max-r8-life-size-silicone-sex-doll-real-lady",1,1,0,0,0,0,127,,0,0,0,8206,127,0,,0,1,1,0,0,0,0,127,,0,0,0,8206,127,0,,0,0,0,,,,,0,,,,,0,0,,,
,"/en-ca/products/f9185-t165cm5-4ft-33kg-c-cup-ros-silicone-lifesize-real-life-size-sex-doll-se-doll",1,1,0,0,0,0,1,,0,0,0,0,1,1,,1,1,1,0,0,0,0,1,,0,0,0,0,1,1,,1,0,0,,,,,0,,,,,,0,0,,0
,"/en-ca/collections/clothes-for-sex-dolls",1,1,0,0,0,0,1,,0,0,0,0,1,1,,1,1,1,0,0,0,0,1,,0,0,0,0,1,1,,1,0,0,,,,,0,,,,,,0,0,,0
"Product","/products/t977-91cm-3ft-28-4kg-e-cup-sle-sex-doll-torso-with-headzelex-sle-3-0-in-stock-usa-canada-zelex-doll",1,1,0,0,0,0,1,,0,0,0,0,1,1,,1,1,1,0,0,0,0,1,,0,0,0,0,1,1,,1,0,0,,,,,0,,,,,,0,0,,0
"Product","/products/t403-black9-92lb-mini-gyatt-bbw-thick-sex-doll-torso-big-round-ass",1,1,0,0,0,0,1,,0,0,0,0,1,1,,1,1,1,0,0,0,0,1,,0,0,0,0,1,1,,1,0,0,,,,,0,,,,,,0,0,,0
"Product","/products/f2409-164cm5-4ft-d-cup-ai-chatbot-blinking-smiling-robot-sex-doll%e4%b8%a8sy-doll",1,1,0,0,0,0,1,,0,0,0,0,1,1,,1,1,1,0,0,0,0,1,,0,0,0,0,1,1,,1,0,0,,,,,0,,,,,,0,0,,0
"Product","/products/f2537-ros-silicone-head-tpe-body-huge-breast-sex-doll",1,1,0,0,0,0,1,,0,0,0,0,1,1,,1,1,1,0,0,0,0,1,,0,0,0,0,1,1,,1,0,0,,,,,0,,,,,,0,0,,0
"Product","/products/t421-39lbs-74cm-human-size-luxury-realistic-torso-sex-dolls",1,1,0,0,0,0,1,,0,0,0,0,1,1,,1,1,1,0,0,0,0,1,,0,0,0,0,1,1,,1,0,0,,,,,0,,,,,,0,0,,0
,"/en-fi/collections/boob-job-sex-toys",1,1,0,0,0,0,1,,0,0,0,0,1,1,,1,1,1,0,0,0,0,1,,0,0,0,0,1,1,,1,0,0,,,,,0,,,,,,0,0,,0
"Collection","/collections/iron-ai-talking-sex-doll-head",1,1,0,0,0,0,6,,0,0,0,193,6,0,,0,1,1,0,0,0,0,6,,0,0,0,193,6,0,,0,0,0,,,,,0,,,,,0,0,,,
,"/de/blogs/sex-doll-torso-blog/top-7-sex-doll-torsos",1,1,0,0,0,0,1,,0,0,0,0,1,1,,1,1,1,0,0,0,0,1,,0,0,0,0,1,1,,1,0,0,,,,,0,,,,,,0,0,,0
"Product","/products/f5975-150cm-4ft9-c-cup-small-flat-chested-tpe-asian-sex-doll-sy-doll",1,1,0,0,0,0,8,,0,0,0,373,8,0,,0,1,1,0,0,0,0,8,,0,0,0,373,8,0,,0,0,0,,,,,0,,,,,0,0,,,
"Product","/products/f5685k-160cm-5ft2-aryana-c-cup-anime-silicone-sex-doll-realistic",1,1,0,0,0,0,1,,0,0,0,0,1,1,,1,1,1,0,0,0,0,1,,0,0,0,0,1,1,,1,0,0,,,,,0,,,,,,0,0,,0
"Product","/products/f2579-171cm5-6ft-37-5kg-d-cup-ros-max-pink-lovers-silicone-sex-doll-irontech-doll",1,1,0,0,0,0,56,,0,0,0,3953,56,0,,0,1,1,0,0,0,0,56,,0,0,0,3953,56,0,,0,0,0,,,,,0,,,,,0,0,,,
"Product","/products/f5591-168cm5-5ft-39kg-h-cup-r5-realistic-full-size-silicone-sex-doll-real-lady",1,1,0,0,0,0,1,,0,0,0,0,1,1,,1,1,1,0,0,0,0,1,,0,0,0,0,1,1,,1,0,0,,,,,0,,,,,,0,0,,0
,"/de/blogs/dolls-info-qustions/sex-position",1,1,0,0,0,0,1,,0,0,0,0,1,1,,1,1,1,0,0,0,0,1,,0,0,0,0,1,1,,1,0,0,,,,,0,,,,,,0,0,,0
,"/en-ca/products/a446-10-80lb-silicone-pocket-pussy-big-ass-sex-doll-torso-lovenestle",1,1,0,0,0,0,1,,0,0,0,0,1,1,,1,1,1,0,0,0,0,1,,0,0,0,0,1,1,,1,0,0,,,,,0,,,,,,0,0,,0
"Product","/products/f5756-170cm5-6ft-36-2kg-c-cup-full-silicone-life-size-celebrity-sex-doll-porn-star%E4%B8%A8zelex-doll",1,1,0,0,0,0,1,,0,0,0,0,1,1,,1,1,1,0,0,0,0,1,,0,0,0,0,1,1,,1,0,0,,,,,0,,,,,,0,0,,0
,"/en-ca/products/f4598-155cm5ft1-35kg-busty-koharu-i-cup-s-tpe-animes-hentai-sex-doll-irokebijin-doll",1,1,0,0,0,0,1,,0,0,0,0,1,1,,1,1,1,0,0,0,0,1,,0,0,0,0,1,1,,1,0,0,,,,,0,,,,,,0,0,,0
,"/en-fi/blogs/dolls-info-qustions/the-latest-sex-dolls-innovations-and-breakthroughs-in-2025",1,1,0,0,0,0,1,,0,0,0,0,1,1,,1,1,1,0,0,0,0,1,,0,0,0,0,1,1,,1,0,0,,,,,0,,,,,,0,0,,0
,"/en-ca/products/f1591-172cm-5ft6-f-cup-silicone-sex-doll-starpery-doll",1,1,0,0,0,0,1,,0,0,0,0,1,1,,1,1,1,0,0,0,0,1,,0,0,0,0,1,1,,1,0,0,,,,,0,,,,,,0,0,,0
,"/en-ca/pages/torso-sex-doll-videos",1,1,0,0,0,0,1,,0,0,0,0,1,1,,1,1,1,0,0,0,0,1,,0,0,0,0,1,1,,1,0,0,,,,,0,,,,,,0,0,,0
"Product","/products/l586-87cm2ft9-22kg-premium-sex-doll-curvy-legs-tpe-real-love-doll-torso-wm-doll",1,1,0,0,0,0,1,,0,0,0,0,1,1,,1,1,1,0,0,0,0,1,,0,0,0,0,1,1,,1,0,0,,,,,0,,,,,,0,0,,0
"Product","/products/f5231-kelsey-162cm5ft3-j-cup-straight-hair-big-butt-tpe-sex-doll-jx-galaxy",1,1,0,0,0,0,1,,0,0,0,0,1,1,,1,1,1,0,0,0,0,1,,0,0,0,0,1,1,,1,0,0,,,,,0,,,,,,0,0,,0
"Product","/products/f4810k-164cm-furry-cat-girl-naked-sex-doll-silicone-rosretty",1,1,1,1,0,0,9,0,1,1,0,1346,9,0,0,0,1,1,1,1,0,0,9,0,1,1,0,1346,9,0,0,0,0,0,0,0,,,0,,0,0,,0,0,,,
"Product","/products/p98-0-84lb-muscle-with-tail-anime-fake-pussy-silicone-hentai-figure-sex-doll-mrl",1,1,0,0,0,0,1,,0,0,0,0,1,1,,1,1,1,0,0,0,0,1,,0,0,0,0,1,1,,1,0,0,,,,,0,,,,,,0,0,,0
,"/en-fi/collections/a-cup-sex-dolls",1,1,0,0,0,0,1,,0,0,0,0,1,1,,1,1,1,0,0,0,0,1,,0,0,0,0,1,1,,1,0,0,,,,,0,,,,,,0,0,,0
,"/en-ca/products/f1666-158cm5f2-32kg-c-cup-small-breast-wheat-skin-tpe-sex-doll-aibei-doll",1,1,0,0,0,0,1,,0,0,0,0,1,1,,1,1,1,0,0,0,0,1,,0,0,0,0,1,1,,1,0,0,,,,,0,,,,,,0,0,,0
"Blog Article","/blogs/dolls-info-qustions/why-are-furry-sex-dolls-so-popular-a-deep-dive-into-5-core-attractions",1,1,0,0,0,0,2,,0,0,0,324,2,0,,0,1,1,0,0,0,0,2,,0,0,0,324,2,0,,0,0,0,,,,,0,,,,,0,0,,,
"Collection","/collections/41-45kg-90-99lb",1,1,0,0,0,0,1,,0,0,0,0,1,1,,1,1,1,0,0,0,0,1,,0,0,0,0,1,1,,1,0,0,,,,,0,,,,,,0,0,,0
"Product","/products/t429-106cm3ft5-33-4kg-c-cup-sydney-bubble-butt-silicone-sex-doll-torso-with-head-in-stock-usa-canada-lovenestle",1,1,0,0,0,0,7,,0,0,0,215,7,0,,0,1,1,0,0,0,0,7,,0,0,0,215,7,0,,0,0,0,,,,,0,,,,,0,0,,,
"Product","/products/t609-48-06lb-diana-realistic-masturbator-pornstar-sex-doll%E4%B8%A8tantaly",1,1,0,0,0,0,1,,0,0,0,0,1,1,,1,1,1,0,0,0,0,1,,0,0,0,0,1,1,,1,0,0,,,,,0,,,,,,0,0,,0
,"/de/collections/tpe-body-silicone-head",1,1,0,0,0,0,3,,0,0,0,27,3,0,,0,1,1,0,0,0,0,3,,0,0,0,27,3,0,,0,0,0,,,,,0,,,,,0,0,,,
"Product","/products/f311-163cm5-4ft-51kg-h-cup-bbw-tpe-sex-doll%E4%B8%A8wm-doll",1,1,0,0,0,0,1,,0,0,0,0,1,1,,1,1,1,0,0,0,0,1,,0,0,0,0,1,1,,1,0,0,,,,,0,,,,,,0,0,,0
,"/en-ca/products/h125-sex-doll-head",1,1,0,0,0,0,1,,0,0,0,0,1,1,,1,1,1,0,0,0,0,1,,0,0,0,0,1,1,,1,0,0,,,,,0,,,,,,0,0,,0
"Collection","/collections/hr-doll",1,1,0,0,0,0,7,,0,0,0,238,7,0,,0,1,1,0,0,0,0,7,,0,0,0,238,7,0,,0,0,0,,,,,0,,,,,0,0,,,
"Product","/products/h202-ros-silicone-sex-doll-head%E4%B8%A8galatate-doll-head",1,1,0,0,0,0,1,,0,0,0,0,1,1,,1,1,1,0,0,0,0,1,,0,0,0,0,1,1,,1,0,0,,,,,0,,,,,,0,0,,0
,"/en-ca/blogs/dolls-info-qustions/new-sigafun-series-officially-released-every-model-is-irresistible",1,1,0,0,0,0,2,,0,0,0,543,2,0,,0,1,1,0,0,0,0,2,,0,0,0,543,2,0,,0,0,0,,,,,0,,,,,0,0,,,
,"/en-ca/blogs/featured-blog/what-is-a-sex-doll",1,1,0,0,0,0,1,,0,0,0,0,1,1,,1,1,1,0,0,0,0,1,,0,0,0,0,1,1,,1,0,0,,,,,0,,,,,,0,0,,0
"Product","/products/f8174-173cm-5ft7-40kg-c-cup-silicone-realistic-sex-doll-in-stock-us-sy-doll",1,1,0,0,0,0,15,,0,0,0,1939,15,0,,0,1,1,0,0,0,0,15,,0,0,0,1939,15,0,,0,0,0,,,,,0,,,,,0,0,,,
,"/en-fi/collections/chinese-sex-doll",1,1,0,0,0,0,1,,0,0,0,0,1,1,,1,1,1,0,0,0,0,1,,0,0,0,0,1,1,,1,0,0,,,,,0,,,,,,0,0,,0
"Product","/products/f8208-150cm-5ft-27-5kg-silicone-anime-sex-doll-elsa-babe",1,1,0,0,0,0,1,,0,0,0,0,1,1,,1,1,1,0,0,0,0,1,,0,0,0,0,1,1,,1,0,0,,,,,0,,,,,,0,0,,0
,"/en-ca/products/p398-2-1lbs-asphodel-anime-pocket-pussy-hentia-sex-dolls-mrl",1,1,0,0,0,0,1,,0,0,0,0,1,1,,1,1,1,0,0,0,0,1,,0,0,0,0,1,1,,1,0,0,,,,,0,,,,,,0,0,,0
,"/en-fi/collections/enchanting-delights-2024-top-real-sex-doll-recommendations",1,1,0,0,0,0,4,,0,0,0,66,4,0,,0,1,1,0,0,0,0,4,,0,0,0,66,4,0,,0,0,0,,,,,0,,,,,0,0,,,
,"/en-ca/collections/fantasy-sex-dolls",1,1,0,0,0,0,1,,0,0,0,0,1,1,,1,1,1,0,0,0,0,1,,0,0,0,0,1,1,,1,0,0,,,,,0,,,,,,0,0,,0
"Product","/products/t6212-3lbminisize-silicone-sex-doll-torso-sigafun-doll",1,1,0,0,0,0,1,,0,0,0,0,1,1,,1,1,1,0,0,0,0,1,,0,0,0,0,1,1,,1,0,0,,,,,0,,,,,,0,0,,0
"Product","/products/f5714k-t161cm5-3ft-34kg-kitty-g-c-cup-silicone-nerd-life-size-sex-doll-in-stock-se-doll",1,1,0,0,0,0,7,,0,0,0,786,7,0,,0,1,1,0,0,0,0,7,,0,0,0,786,7,0,,0,0,0,,,,,0,,,,,0,0,,,
"Product","/products/f6126-171cm-5ft6-55kg-c-cup-realistic-silicone-head-tpe-body-sex-doll-sy-doll",1,1,0,0,0,0,1,,0,0,0,0,1,1,,1,1,1,0,0,0,0,1,,0,0,0,0,1,1,,1,0,0,,,,,0,,,,,,0,0,,0
"Checkout","/60719464687/orders/7c712d3c102d6a2ffc058de9b04ff9f0",1,1,0,0,0,0,1,,0,0,0,0,1,1,,1,1,1,0,0,0,0,1,,0,0,0,0,1,1,,1,0,0,,,,,0,,,,,,0,0,,0
,"/en-ca/products/f6148-158cm-5ft2-32kg-e-cup-bailey-princess-realistic-silicone-sex-doll-irontech-doll",1,1,0,0,0,0,1,,0,0,0,0,1,1,,1,1,1,0,0,0,0,1,,0,0,0,0,1,1,,1,0,0,,,,,0,,,,,,0,0,,0
,"/en-fi/collections/20s-sex-doll",1,1,0,0,0,0,2,,0,0,0,42,2,0,,0,1,1,0,0,0,0,2,,0,0,0,42,2,0,,0,0,0,,,,,0,,,,,0,0,,,
"Product","/products/f112-165cm-37kg-edward-golden-hair-tpe-fantasy-prince-femboy-twink-sex-doll-qita-doll",1,1,0,0,0,0,1,,0,0,0,0,1,1,,1,1,1,0,0,0,0,1,,0,0,0,0,1,1,,1,0,0,,,,,0,,,,,,0,0,,0
"Collection","/collections/torso-compatible-with-silicone-head",1,1,0,0,0,0,1,,0,0,0,0,1,1,,1,1,1,0,0,0,0,1,,0,0,0,0,1,1,,1,0,0,,,,,0,,,,,,0,0,,0
"Product","/products/f3800-160cm-5ft2-suzuki-aoi-silicone-anime-hentai-sex-doll-elsa-babe",1,1,0,0,0,0,1,,0,0,0,0,1,1,,1,1,1,0,0,0,0,1,,0,0,0,0,1,1,,1,0,0,,,,,0,,,,,,0,0,,0
"Product","/products/f8217-150cm-5ft-27-5kg-silicone-anime-sex-doll-elsa-babe",1,1,0,0,0,0,2,,0,0,0,2,2,0,,0,1,1,0,0,0,0,2,,0,0,0,2,2,0,,0,0,0,,,,,0,,,,,0,0,,,
,"/en-ca/products/p122-realistic-silicone-pocket-pussy-lifelike-details-real-feel-judy-rona",1,1,1,1,0,0,17,0,1,1,0,1055,17,0,0,0,1,1,1,1,0,0,17,0,1,1,0,1055,17,0,0,0,0,0,0,0,,,0,,0,0,,0,0,,,
,"/ja/blogs/real-sex-doll-reviews-pros-cons-real-usage-tests",1,1,0,0,0,0,2,,0,0,0,5,2,0,,0,1,1,0,0,0,0,2,,0,0,0,5,2,0,,0,0,0,,,,,0,,,,,0,0,,,
"Product","/products/h11-real-lady-doll-ros-max-customizable-silicone-sex-doll-head",1,1,0,0,0,0,22,,0,0,0,663,22,0,,0,1,1,0,0,0,0,22,,0,0,0,663,22,0,,0,0,0,,,,,0,,,,,0,0,,,
,"/en-ca/collections/hentai-sex-dolls-connecting-fantasy-to-reality",1,1,0,0,0,0,2,,0,0,0,7,2,0,,0,1,1,0,0,0,0,2,,0,0,0,7,2,0,,0,0,0,,,,,0,,,,,0,0,,,
"Product","/products/f6320-151cm-5ft-25kg-asian-silicone-sex-doll-with-realistic-skin-texture-md-doll",1,1,0,0,0,0,4,,0,0,0,120,4,0,,0,1,1,0,0,0,0,4,,0,0,0,120,4,0,,0,0,0,,,,,0,,,,,0,0,,,
,"/en-ca/products/f6113-167cm-5-48ft-36kg-f-cup-ros-silicone-realistic-sex-doll-weight-reduction-ido-doll",1,1,0,0,0,0,1,,0,0,0,0,1,1,,1,1,1,0,0,0,0,1,,0,0,0,0,1,1,,1,0,0,,,,,0,,,,,,0,0,,0
"Product","/products/f5972-152cm-5ft-37kg-c-cup-silicone-head-mini-sex-doll-rosretty-doll",1,1,0,0,0,0,1,,0,0,0,0,1,1,,1,1,1,0,0,0,0,1,,0,0,0,0,1,1,,1,0,0,,,,,0,,,,,,0,0,,0
"Product","/products/t455-18-3lb-silicone-big-boob-sex-doll-torso-lovenestle",1,1,0,0,0,0,3,,0,0,0,785,3,0,,0,1,1,0,0,0,0,3,,0,0,0,785,3,0,,0,0,0,,,,,0,,,,,0,0,,,
"Checkout","/60719464687/orders/724c4679d23ab4328d75faa997bd0ac5",1,1,0,0,0,0,1,,0,0,0,0,1,1,,1,1,1,0,0,0,0,1,,0,0,0,0,1,1,,1,0,0,,,,,0,,,,,,0,0,,0
"Product","/products/f703-157cm5-2ft-42kg-g-cup-ros-realistic-skin-texture-silicone-sex-doll-fun-west-doll",1,1,0,0,0,0,1,,0,0,0,0,1,1,,1,1,1,0,0,0,0,1,,0,0,0,0,1,1,,1,0,0,,,,,0,,,,,,0,0,,0
,"/en-fi/products/t633-60-6lb-jennifer-big-tits-sex-doll-with-realistic-body-shape%E4%B8%A8tantaly",1,1,0,0,0,0,1,,0,0,0,0,1,1,,1,1,1,0,0,0,0,1,,0,0,0,0,1,1,,1,0,0,,,,,0,,,,,,0,0,,0
"Product","/products/f4987-159cm5-2ft-27kg-b-cup-anime-tpe-best-hentai-sex-doll%E4%B8%A8wm-doll",1,1,0,0,0,0,1,,0,0,0,0,1,1,,1,1,1,0,0,0,0,1,,0,0,0,0,1,1,,1,0,0,,,,,0,,,,,,0,0,,0
,"/en-ca/products/f6112-167cm-5-48ft-36kg-f-cup-ros-silicone-realistic-sex-doll-weight-reduction-ido-doll",1,1,0,0,0,0,1,,0,0,0,0,1,1,,1,1,1,0,0,0,0,1,,0,0,0,0,1,1,,1,0,0,,,,,0,,,,,,0,0,,0
"Collection","/collections/tpe-torso",1,1,0,0,0,0,1,,0,0,0,0,1,1,,1,1,1,0,0,0,0,1,,0,0,0,0,1,1,,1,0,0,,,,,0,,,,,,0,0,,0
"Product","/products/t250-fat-lady-l-real-texture-breast-pussy",1,1,0,0,0,0,9,,0,0,0,955,9,0,,0,1,1,0,0,0,0,9,,0,0,0,955,9,0,,0,0,0,,,,,0,,,,,0,0,,,
"Product","/products/f2418-152cm-5ft-c-cup-m36-silicone-head-mini-sex-doll-sy-doll",1,1,0,0,0,0,1,,0,0,0,0,1,1,,1,1,1,0,0,0,0,1,,0,0,0,0,1,1,,1,0,0,,,,,0,,,,,,0,0,,0
,"/en-ca/products/f7626-163cm5-3ft-e-cup-great-huge-butt-tpe-body-silicone-head-sex-doll-for-men%E4%B8%A8sy-doll",1,1,0,0,0,0,14,,0,0,0,1040,14,0,,0,1,1,0,0,0,0,14,,0,0,0,1040,14,0,,0,0,0,,,,,0,,,,,0,0,,,
,"/en-ca/collections/bbw-milf-sex-doll",1,1,0,0,0,0,87,,0,0,0,2837,87,0,,0,1,1,0,0,0,0,87,,0,0,0,2837,87,0,,0,0,0,,,,,0,,,,,0,0,,,
"Blog Article","/blogs/sex-doll-option-videos/video15-wm-doll-breathing-feature",1,1,0,0,0,0,1,,0,0,0,0,1,1,,1,1,1,0,0,0,0,1,,0,0,0,0,1,1,,1,0,0,,,,,0,,,,,,0,0,,0
"Collection","/collections/sex-doll-lingerie",1,1,0,0,0,0,1,,0,0,0,0,1,1,,1,1,1,0,0,0,0,1,,0,0,0,0,1,1,,1,0,0,,,,,0,,,,,,0,0,,0
"Product","/products/f4927-151cm4ft11-37kg-f-cup-robotic-tpe-sex-doll-aibei-doll",1,1,0,0,0,0,1,,0,0,0,0,1,1,,1,1,1,0,0,0,0,1,,0,0,0,0,1,1,,1,0,0,,,,,0,,,,,,0,0,,0
"Product","/products/f9382-aitia-155cm-silicone-head-mature-life-like-sex-doll",1,1,0,0,0,0,1,,0,0,0,0,1,1,,1,1,1,0,0,0,0,1,,0,0,0,0,1,1,,1,0,0,,,,,0,,,,,,0,0,,0
"Product","/products/f306-160cm5ft2-34kg-a-cup-asian-flat-chested-stpe-sex-doll-in-stock-usa-wm-doll",1,1,0,0,0,0,2,,0,0,0,2,2,0,,0,1,1,0,0,0,0,2,,0,0,0,2,2,0,,0,0,0,,,,,0,,,,,0,0,,,
"Product","/products/f5446-170cm-5-6ft-43kg-d-cup-life-size-silicone-sex-doll-real-lady",1,1,0,0,0,0,16,,0,0,0,821,16,0,,0,1,1,0,0,0,0,16,,0,0,0,821,16,0,,0,0,0,,,,,0,,,,,0,0,,,
"Product","/products/631-lifesize-sex-doll-torso",1,1,0,0,0,0,1,,0,0,0,0,1,1,,1,1,1,0,0,0,0,1,,0,0,0,0,1,1,,1,0,0,,,,,0,,,,,,0,0,,0
,"/de/blogs/dolls-info-qustions/why-are-female-sex-dolls-more-popular-than-male-sex-dolls",1,1,0,0,0,0,1,,0,0,0,0,1,1,,1,1,1,0,0,0,0,1,,0,0,0,0,1,1,,1,0,0,,,,,0,,,,,,0,0,,0
,"/en-ca/products/v326-trample-proof-tpe-feet-for-hardcore-fetish",1,1,0,0,0,0,1,,0,0,0,0,1,1,,1,1,1,0,0,0,0,1,,0,0,0,0,1,1,,1,0,0,,,,,0,,,,,,0,0,,0
"Product","/products/593-49lb-80cm-the-realistic-flat-chested-sex-doll-torso-delicate-skin-graceful-figure",1,1,0,0,0,0,7,,0,0,0,1922,7,0,,0,1,1,0,0,0,0,7,,0,0,0,1922,7,0,,0,0,0,,,,,0,,,,,0,0,,,
"Checkout","/checkouts/cn/hWNCuEHO0FNyPGgv89FHvyMN/en-ru/",1,1,0,1,0,0,6,0,0,1,0,395,6,0,,0,1,1,0,1,0,0,6,0,0,1,0,395,6,0,,0,0,0,,0,,,0,,,0,,0,0,,,
"Product","/products/f6327-160cm-5ft3-34kg-e-cup-silicone-japanese-sex-doll-large-breasts-firefly-diary-max",1,1,0,0,0,0,1,,0,0,0,0,1,1,,1,1,1,0,0,0,0,1,,0,0,0,0,1,1,,1,0,0,,,,,0,,,,,,0,0,,0
"Collection","/collections/cartoon-sex-doll",1,1,0,0,0,0,1,,0,0,0,0,1,1,,1,1,1,0,0,0,0,1,,0,0,0,0,1,1,,1,0,0,,,,,0,,,,,,0,0,,0
"Blog Article","/blogs/dolls-info-qustions/9-things-you-should-never-do-to-your-sex-doll-torso",1,1,0,0,0,0,1,,0,0,0,0,1,1,,1,1,1,0,0,0,0,1,,0,0,0,0,1,1,,1,0,0,,,,,0,,,,,,0,0,,0
,"/ja/blogs/dolls-info-qustions/from-mannequin-to-companion-how-real-life-sex-dolls-conquered-western-users-through-realism",1,1,0,0,0,0,1,,0,0,0,0,1,1,,1,1,1,0,0,0,0,1,,0,0,0,0,1,1,,1,0,0,,,,,0,,,,,,0,0,,0
,"/ja/blogs/dolls-info-qustions/bbw-love-doll-review-climax-t17-doggystyle-bbw-love-doll-torso",1,1,0,0,0,0,1,,0,0,0,0,1,1,,1,1,1,0,0,0,0,1,,0,0,0,0,1,1,,1,0,0,,,,,0,,,,,,0,0,,0
"Product","/products/l47448-5lb-109cm-thin-sex-doll-legs-for-legs-fetish-climax-doll",1,1,0,0,0,0,1,,0,0,0,0,1,1,,1,1,1,0,0,0,0,1,,0,0,0,0,1,1,,1,0,0,,,,,0,,,,,,0,0,,0
"Product","/products/d059-10-02-1-6kg-black-male-torso-tpr-dildo-penis-with-suction-cup-and-real-veins-in-stock-xingse",1,1,0,0,0,0,1,,0,0,0,0,1,1,,1,1,1,0,0,0,0,1,,0,0,0,0,1,1,,1,0,0,,,,,0,,,,,,0,0,,0
"Product","/products/t248-whole-body-real-texture-breast-pussy",1,1,0,0,0,0,1,,0,0,0,0,1,1,,1,1,1,0,0,0,0,1,,0,0,0,0,1,1,,1,0,0,,,,,0,,,,,,0,0,,0
,"/en-fi/blogs/dolls-info-qustions/how-to-safely-and-enjoyably-use-a-vajankle",1,1,0,0,0,0,1,,0,0,0,0,1,1,,1,1,1,0,0,0,0,1,,0,0,0,0,1,1,,1,0,0,,,,,0,,,,,,0,0,,0
"Product","/products/f2301-169cm5ft5-b-cup-s46-dark-tanned-full-silicone-real-sex-doll-irontech-doll",1,1,0,0,0,0,1,,0,0,0,0,1,1,,1,1,1,0,0,0,0,1,,0,0,0,0,1,1,,1,0,0,,,,,0,,,,,,0,0,,0
"Product","/products/f3000-157cm5ft1-32kg-d-cup-medium-breast-tpe-18s-sex-doll-in-stock-usa-aibei-doll",1,1,0,0,0,0,1,,0,0,0,0,1,1,,1,1,1,0,0,0,0,1,,0,0,0,0,1,1,,1,0,0,,,,,0,,,,,,0,0,,0
,"/en-ca/products/f5027-170cm-5ft6-d-cup-himari-asian-silicone-sex-doll-jx-doll",1,1,0,0,0,0,2,,0,0,0,36,2,0,,0,1,1,0,0,0,0,2,,0,0,0,36,2,0,,0,0,0,,,,,0,,,,,0,0,,,
,"/ja/blogs/dolls-info-qustions/what-to-think-about-before-buying-a-torso-dildo",1,1,0,0,0,0,1,,0,0,0,0,1,1,,1,1,1,0,0,0,0,1,,0,0,0,0,1,1,,1,0,0,,,,,0,,,,,,0,0,,0
"Collection","/collections/ros-2-robot-features",1,1,0,0,0,0,5,,0,0,0,643,5,0,,0,1,1,0,0,0,0,5,,0,0,0,643,5,0,,0,0,0,,,,,0,,,,,0,0,,,
"Product","/products/f1988-150cm4-9ft-42-5kg-m-cup-bbw-tpe-sex-doll%E4%B8%A8wm-doll-1",1,1,0,0,0,0,1,,0,0,0,0,1,1,,1,1,1,0,0,0,0,1,,0,0,0,0,1,1,,1,0,0,,,,,0,,,,,,0,0,,0
"Product","/products/f3420-158cm5f2-28kg-a-cup-flat-chest-tpe-sex-doll-aibei-doll",1,1,0,0,0,0,1,,0,0,0,0,1,1,,1,1,1,0,0,0,0,1,,0,0,0,0,1,1,,1,0,0,,,,,0,,,,,,0,0,,0
,"/en-ca/products/f2208-172cm-5ft6-f-cup-rozanne-barbie-silicone-sex-doll-starpery-doll",1,1,0,0,0,0,1,,0,0,0,0,1,1,,1,1,1,0,0,0,0,1,,0,0,0,0,1,1,,1,0,0,,,,,0,,,,,,0,0,,0
"Blog Article","/blogs/dolls-info-qustions/how-to-customize-a-big-booty-sex-doll-that-matches-your-fantasies",1,1,0,0,0,0,17,,0,0,0,2007,17,0,,0,1,1,0,0,0,0,17,,0,0,0,2007,17,0,,0,0,0,,,,,0,,,,,0,0,,,
,"/de/blogs/featured-blog/why-choose-the-irontech-silicone-sex-dolls",1,1,0,0,0,0,1,,0,0,0,0,1,1,,1,1,1,0,0,0,0,1,,0,0,0,0,1,1,,1,0,0,,,,,0,,,,,,0,0,,0
"Blog Article","/blogs/sex-doll-torso-blog/5-ways-to-pick-the-fitted-sex-doll-torso",1,1,0,0,0,0,1,,0,0,0,0,1,1,,1,1,1,0,0,0,0,1,,0,0,0,0,1,1,,1,0,0,,,,,0,,,,,,0,0,,0
,"/en-fi/collections/bbw-torso",1,1,0,0,0,0,1,,0,0,0,0,1,1,,1,1,1,0,0,0,0,1,,0,0,0,0,1,1,,1,0,0,,,,,0,,,,,,0,0,,0
"Product","/products/p91-8-51lb-bbw-futa-shemale-sex-doll-torso-with-muscular-abs-and-5-91-insertable-penis-mrl",1,1,0,0,0,0,1,,0,0,0,0,1,1,,1,1,1,0,0,0,0,1,,0,0,0,0,1,1,,1,0,0,,,,,0,,,,,,0,0,,0
"Collection","/collections/js-doll",1,1,0,0,0,0,1,,0,0,0,0,1,1,,1,1,1,0,0,0,0,1,,0,0,0,0,1,1,,1,0,0,,,,,0,,,,,,0,0,,0
,"/de/products/f4891-171cm-robotic-sex-doll-realistic-silicone-head-robot-pussy",1,1,0,0,0,0,1,,0,0,0,0,1,1,,1,1,1,0,0,0,0,1,,0,0,0,0,1,1,,1,0,0,,,,,0,,,,,,0,0,,0
,"/en-ca/blogs/dolls-info-qustions/the-best-futa-sex-dolls-to-buy-in-2025-brand-guide-buying-tips",1,1,0,0,0,0,1,,0,0,0,0,1,1,,1,1,1,0,0,0,0,1,,0,0,0,0,1,1,,1,0,0,,,,,0,,,,,,0,0,,0
,"/en-ca/blogs/dolls-info-qustions/sex-doll-movies",1,1,0,0,0,0,1,,0,0,0,0,1,1,,1,1,1,0,0,0,0,1,,0,0,0,0,1,1,,1,0,0,,,,,0,,,,,,0,0,,0
,"/en-ca/collections/mini",1,1,0,0,0,0,1,,0,0,0,0,1,1,,1,1,1,0,0,0,0,1,,0,0,0,0,1,1,,1,0,0,,,,,0,,,,,,0,0,,0
,"/de/blogs/dolls-info-qustions/ridmii-tenar-f9127-new-ai-sex-doll",1,1,0,0,0,0,3,,0,0,0,25,3,0,,0,1,1,0,0,0,0,3,,0,0,0,25,3,0,,0,0,0,,,,,0,,,,,0,0,,,
"Product","/products/f2577-171cm5-6ft-37-5kg-d-cup-ros-silicone-sex-doll-irontech-doll",1,1,0,0,0,0,4,,0,0,0,0,4,0,,0,1,1,0,0,0,0,4,,0,0,0,0,4,0,,0,0,0,,,,,0,,,,,,0,,,
,"/de/blogs/recent-brand-updates-new-arrivals-for-sex-dolls/irontech-brand-new-iron-ai-complete-highlights-breakdown",1,1,0,0,0,0,1,,0,0,0,0,1,1,,1,1,1,0,0,0,0,1,,0,0,0,0,1,1,,1,0,0,,,,,0,,,,,,0,0,,0
"Blog Article","/blogs/dolls-info-qustions/7-sex-doll-delivery-steps",1,1,0,0,0,0,7,,0,0,0,207,7,0,,0,1,1,0,0,0,0,7,,0,0,0,207,7,0,,0,0,0,,,,,0,,,,,0,0,,,
,"/en-ca/products/f6222-160cm-5ft3-34kg-e-cup-silicone-asian-sex-doll-firefly-diary-max",1,1,0,0,0,0,19,,0,0,0,668,19,0,,0,1,1,0,0,0,0,19,,0,0,0,668,19,0,,0,0,0,,,,,0,,,,,0,0,,,
"Product","/products/t1226-117cm3ft10-27-1kg-e-cup-silicone-head-sle-body-bubble-butt-silicone-sex-doll-torso-with-headzelex-doll",1,1,0,0,0,0,4,,0,0,0,689,4,0,,0,1,1,0,0,0,0,4,,0,0,0,689,4,0,,0,0,0,,,,,0,,,,,0,0,,,
,"/en-ca/products/f1738-155cm-realistic-full-silicone-sex-doll-piper-doll",1,1,0,0,0,0,5,,0,0,0,143,5,0,,0,1,1,0,0,0,0,5,,0,0,0,143,5,0,,0,0,0,,,,,0,,,,,0,0,,,
"Collection","/collections/dolls-castle-anime-sex-doll",1,1,0,0,0,0,9,,0,0,0,914,9,0,,0,1,1,0,0,0,0,9,,0,0,0,914,9,0,,0,0,0,,,,,0,,,,,0,0,,,
,"/...",1,1,0,0,0,0,2,,0,0,0,61,2,0,,0,1,1,0,0,0,0,2,,0,0,0,61,2,0,,0,0,0,,,,,0,,,,,0,0,,,
"Product","/products/f1992-150cm4-9ft-42-5kg-m-cup-fantasy-tpe-sex-doll%E4%B8%A8wm-doll",1,1,0,0,0,0,1,,0,0,0,0,1,1,,1,1,1,0,0,0,0,1,,0,0,0,0,1,1,,1,0,0,,,,,0,,,,,,0,0,,0
"Product","/products/f4614-177cm-5ft10-55kg-femboy-full-size-sex-with-silicone-male-sex-doll-qita-doll/",1,1,0,0,0,0,1,,0,0,0,0,1,1,,1,1,1,0,0,0,0,1,,0,0,0,0,1,1,,1,0,0,,,,,0,,,,,,0,0,,0
"Product","/products/f4985-159cm5-2ft-36kg-c-cup-robot-silicone-head-sex-doll%E4%B8%A8wm-doll",1,1,0,0,0,0,9,,0,0,0,369,9,0,,0,1,1,0,0,0,0,9,,0,0,0,369,9,0,,0,0,0,,,,,0,,,,,0,0,,,
"Product","/products/f1271-165cm-g-cup-fenny-big-boobs-doll-irontech-doll",1,1,0,0,0,0,1,,0,0,0,0,1,1,,1,1,1,0,0,0,0,1,,0,0,0,0,1,1,,1,0,0,,,,,0,,,,,,0,0,,0
,"/en-ca/products/f3673-165cm-5ft4-hanni-f-cup-big-breasts-asian-girls-sexy-curves-sex-doll-cst-doll",1,1,0,0,0,0,3,,0,0,0,64,3,0,,0,1,1,0,0,0,0,3,,0,0,0,64,3,0,,0,0,0,,,,,0,,,,,0,0,,,
,"/en-ca/products/f4719-152cm-5ft-37kg-f-cup-realistic-tpe-big-ass-bbw-sex-doll-sy-doll",1,1,0,0,0,0,1,,0,0,0,0,1,1,,1,1,1,0,0,0,0,1,,0,0,0,0,1,1,,1,0,0,,,,,0,,,,,,0,0,,0
"Product","/products/f8165-150cm-5ft-27-5kg-silicone-anime-hentai-sex-doll-elsa-babe",1,1,0,0,0,0,1,,0,0,0,0,1,1,,1,1,1,0,0,0,0,1,,0,0,0,0,1,1,,1,0,0,,,,,0,,,,,,0,0,,0
,"/en-ca/collections/alien-sex-dolls",1,1,0,0,0,0,1,,0,0,0,0,1,1,,1,1,1,0,0,0,0,1,,0,0,0,0,1,1,,1,0,0,,,,,0,,,,,,0,0,,0
"Product","/products/f7538-167cm-49kg-silicone-head-tpe-body-full-size-adult-black-bbw-sex-doll-nicola-in-stock-usa-ridmii",1,1,0,0,0,0,1,,0,0,0,0,1,1,,1,1,1,0,0,0,0,1,,0,0,0,0,1,1,,1,0,0,,,,,0,,,,,,0,0,,0
"Product","/products/f5965-sy-doll-flat-chest-fantasy-sex-dolls-movable-jaw-elf-silicone-150cm-29kg-a-cup",1,1,0,0,0,0,1,,0,0,0,0,1,1,,1,1,1,0,0,0,0,1,,0,0,0,0,1,1,,1,0,0,,,,,0,,,,,,0,0,,0
,"/en-ca/blogs/dolls-info-qustions/how-to-play-with-a-big-booty-sex-doll-these-positions-will-blow-your-mind",1,1,0,0,0,0,1,,0,0,0,0,1,1,,1,1,1,0,0,0,0,1,,0,0,0,0,1,1,,1,0,0,,,,,0,,,,,,0,0,,0
"Custom Page","/pages/linkdolls-my-whatsapp",1,1,0,0,0,0,1,,0,0,0,0,1,1,,1,1,1,0,0,0,0,1,,0,0,0,0,1,1,,1,0,0,,,,,0,,,,,,0,0,,0
"Product","/products/f7533k-171cm-5ft6-d-cup-lifelike-sexy-silicone-ultra-realistic-sex-doll-in-stock-us-starpery-doll",1,1,0,0,0,0,1,,0,0,0,0,1,1,,1,1,1,0,0,0,0,1,,0,0,0,0,1,1,,1,0,0,,,,,0,,,,,,0,0,,0
,"/en-ca/products/547-ass-doll",1,1,0,0,0,0,1,,0,0,0,0,1,1,,1,1,1,0,0,0,0,1,,0,0,0,0,1,1,,1,0,0,,,,,0,,,,,,0,0,,0
,"/de/blogs/dolls-info-qustions/how-to-pick-a-fake-pussy-and-sex-doll-torso",1,1,0,0,0,0,1,,0,0,0,0,1,1,,1,1,1,0,0,0,0,1,,0,0,0,0,1,1,,1,0,0,,,,,0,,,,,,0,0,,0
"Product","/products/f7598-159cm-5ft2-e-cup-silicone-sex-doll-candy-starpery-doll",1,1,0,0,0,0,7,,0,0,0,360,7,0,,0,1,1,0,0,0,0,7,,0,0,0,360,7,0,,0,0,0,,,,,0,,,,,0,0,,,
"Product","/products/f2430k-158cm-weight-reduction-full-silicone-us-starpery-doll",1,1,0,0,0,0,1,,0,0,0,0,1,1,,1,1,1,0,0,0,0,1,,0,0,0,0,1,1,,1,0,0,,,,,0,,,,,,0,0,,0
,"/en-fi/products/f2532-164cm5-4ft-d-cup-m26-sexy-ros-movable-jaw-silicone-sex-doll%E4%B8%A8sy-doll",1,1,0,0,0,0,1,,0,0,0,0,1,1,,1,1,1,0,0,0,0,1,,0,0,0,0,1,1,,1,0,0,,,,,0,,,,,,0,0,,0
,"/en-ca/products/f6341-160cm-asian-ros-silicone-sex-doll",1,1,0,0,0,0,1,,0,0,0,0,1,1,,1,1,1,0,0,0,0,1,,0,0,0,0,1,1,,1,0,0,,,,,0,,,,,,0,0,,0
,"/de/blogs/dolls-info-qustions/sex-doll-movies",1,1,0,0,0,0,1,,0,0,0,0,1,1,,1,1,1,0,0,0,0,1,,0,0,0,0,1,1,,1,0,0,,,,,0,,,,,,0,0,,0
"Blog Article","/blogs/featured-blog/how-to-properly-dry-the-sex-doll-torso-keep-her-body-vagina-anus-fresh-and-clean",1,1,0,0,0,0,1,,0,0,0,0,1,1,,1,1,1,0,0,0,0,1,,0,0,0,0,1,1,,1,0,0,,,,,0,,,,,,0,0,,0
"Product","/products/f1929k-164cm5ft4-g-cup-hazel-life-size-sex-doll-irontech-doll",1,1,0,0,0,0,9,,0,0,0,888,9,0,,0,1,1,0,0,0,0,9,,0,0,0,888,9,0,,0,0,0,,,,,0,,,,,0,0,,,
"Product","/products/t319-silicone-life-size-sextorso-no-head-climax-doll",1,1,0,0,0,0,3,,0,0,0,98,3,0,,0,1,1,0,0,0,0,3,,0,0,0,98,3,0,,0,0,0,,,,,0,,,,,0,0,,,
,"/en-fi/collections/aitia",1,1,0,0,0,0,18,,0,0,0,2699,18,0,,0,1,1,0,0,0,0,18,,0,0,0,2699,18,0,,0,0,0,,,,,0,,,,,0,0,,,
,"/ja/collections/top-rated-japanese-sex-dolls-in-2026",1,1,0,0,0,0,1,,0,0,0,0,1,1,,1,1,1,0,0,0,0,1,,0,0,0,0,1,1,,1,0,0,,,,,0,,,,,,0,0,,0
"Collection","/collections/human-size-torso-sex-doll",1,1,0,0,0,0,1,,0,0,0,0,1,1,,1,1,1,0,0,0,0,1,,0,0,0,0,1,1,,1,0,0,,,,,0,,,,,,0,0,,0
,"/de/blogs/dolls-info-qustions/how-ultra-realistic-silicone-sex-dolls-are-made",1,1,0,0,0,0,1,,0,0,0,0,1,1,,1,1,1,0,0,0,0,1,,0,0,0,0,1,1,,1,0,0,,,,,0,,,,,,0,0,,0
"Product","/products/f1720-151cm-4ft9-b-cup-petite-silicone-sex-doll-starpery-doll",1,1,0,0,0,0,2,,0,0,0,41,2,0,,0,1,1,0,0,0,0,2,,0,0,0,41,2,0,,0,0,0,,,,,0,,,,,0,0,,,
"Product","/products/f8078-150cm-5ft-27kg-m24-medium-chest-elf-silicone-sex-doll-md-doll",1,1,0,0,0,0,1,,0,0,0,0,1,1,,1,1,1,0,0,0,0,1,,0,0,0,0,1,1,,1,0,0,,,,,0,,,,,,0,0,,0
,"/ja/blogs/dolls-info-qustions/the-big-ass-sex-toy-craze-why-men-are-obsessed-with-full-hipped-dolls",1,1,0,0,0,0,1,,0,0,0,0,1,1,,1,1,1,0,0,0,0,1,,0,0,0,0,1,1,,1,0,0,,,,,0,,,,,,0,0,,0
"Collection","/collections/shemale-sex-doll-torso-1/",1,1,0,0,0,0,1,,0,0,0,0,1,1,,1,1,1,0,0,0,0,1,,0,0,0,0,1,1,,1,0,0,,,,,0,,,,,,0,0,,0
"Product","/products/f9296-157cm-168cm-2-2cf-2-2u-ros-asian-cosplay-silicone-sexdoll-full-body-aitia-doll",1,1,0,0,0,0,1,,0,0,0,0,1,1,,1,1,1,0,0,0,0,1,,0,0,0,0,1,1,,1,0,0,,,,,0,,,,,,0,0,,0
"Checkout","/checkouts/cn/hWND1XuJDqISQ6WhbdkH2Qny/en-us/",1,1,0,1,0,0,1,0,0,1,0,193,1,0,,0,1,1,0,1,0,0,1,0,0,1,0,193,1,0,,0,0,0,,0,,,0,,,0,,0,0,,,
,"/de/blogs/dolls-info-qustions/differences-between-tpe-and-silicone-sex-dolls",1,1,0,0,0,0,1,,0,0,0,0,1,1,,1,1,1,0,0,0,0,1,,0,0,0,0,1,1,,1,0,0,,,,,0,,,,,,0,0,,0
"Product","/products/t908k-giant-sex-doll-bbw-torso-climax",1,1,0,0,0,0,1,,0,0,0,0,1,1,,1,1,1,0,0,0,0,1,,0,0,0,0,1,1,,1,0,0,,,,,0,,,,,,0,0,,0
,"/en-ca/collections/sex-doll-with-papaya-breast-pear-shaped-breast",1,1,0,0,0,0,16,,0,0,0,318,16,0,,0,1,1,0,0,0,0,16,,0,0,0,318,16,0,,0,0,0,,,,,0,,,,,0,0,,,
"Product","/products/f5583-153cm5ft-34kg-h-cup-chubby-life-size-tpe-sex-doll-aibei-doll",1,1,0,0,0,0,1,,0,0,0,0,1,1,,1,1,1,0,0,0,0,1,,0,0,0,0,1,1,,1,0,0,,,,,0,,,,,,0,0,,0
,"/de/collections/2000-sex-doll",1,1,0,0,0,0,18,,0,0,0,880,18,0,,0,1,1,0,0,0,0,18,,0,0,0,880,18,0,,0,0,0,,,,,0,,,,,0,0,,,
,"/de/collections/mini-torso",1,1,0,0,0,0,1,,0,0,0,0,1,1,,1,1,1,0,0,0,0,1,,0,0,0,0,1,1,,1,0,0,,,,,0,,,,,,0,0,,0
"Product","/products/f1705-167cm-5ft5-e-cup-silicone-sex-doll-starpery-doll",1,1,0,0,0,0,1,,0,0,0,0,1,1,,1,1,1,0,0,0,0,1,,0,0,0,0,1,1,,1,0,0,,,,,0,,,,,,0,0,,0
"Collection","/collections/top-fire-doll-videos",1,1,0,0,0,0,2,,0,0,0,74,2,0,,0,1,1,0,0,0,0,2,,0,0,0,74,2,0,,0,0,0,,,,,0,,,,,0,0,,,
"Collection","/collections/1000-1599-cheap-sex-doll",1,1,0,0,0,0,1,,0,0,0,0,1,1,,1,1,1,0,0,0,0,1,,0,0,0,0,1,1,,1,0,0,,,,,0,,,,,,0,0,,0
"Product","/products/f3611k-170cm-5ft7-40kg-lucas-muscular-tpe-handsome-male-sex-doll-doll-forever/",1,1,0,0,0,0,1,,0,0,0,0,1,1,,1,1,1,0,0,0,0,1,,0,0,0,0,1,1,,1,0,0,,,,,0,,,,,,0,0,,0
"Blog Article","/blogs/dolls-info-qustions/best-3-dressing-ways-to-show-off-your-big-boobs-sex-doll",1,1,0,0,0,0,1,,0,0,0,0,1,1,,1,1,1,0,0,0,0,1,,0,0,0,0,1,1,,1,0,0,,,,,0,,,,,,0,0,,0
,"/en-ca/products/f7607-150cm-4ft9-26kg-c-cup-movable-jaw-head-tpe-sex-doll-sy-doll",1,1,0,0,0,0,1,,0,0,0,0,1,1,,1,1,1,0,0,0,0,1,,0,0,0,0,1,1,,1,0,0,,,,,0,,,,,,0,0,,0
"Product","/products/t281-52-91lbs-100cm-hazel-lightweight-life-size-sex-doll-torso-with-head-climax-doll",1,1,0,0,0,0,1,,0,0,0,0,1,1,,1,1,1,0,0,0,0,1,,0,0,0,0,1,1,,1,0,0,,,,,0,,,,,,0,0,,0
"Collection","/collections/sci-fi-alien-sex-doll",1,1,0,0,0,0,1,,0,0,0,0,1,1,,1,1,1,0,0,0,0,1,,0,0,0,0,1,1,,1,0,0,,,,,0,,,,,,0,0,,0
"Product","/products/t720-9-03lb-anime-cow-wife-silicone-tomboy-furry-futa-hentai-sex-doll-mrl",1,1,0,0,0,0,1,,0,0,0,0,1,1,,1,1,1,0,0,0,0,1,,0,0,0,0,1,1,,1,0,0,,,,,0,,,,,,0,0,,0
,"/en-ca/collections/big-boobs-sex-dolls",1,1,0,0,0,0,1,,0,0,0,0,1,1,,1,1,1,0,0,0,0,1,,0,0,0,0,1,1,,1,0,0,,,,,0,,,,,,0,0,,0
"Collection","/collections/tayuta",1,1,0,0,0,0,1,,0,0,0,0,1,1,,1,1,1,0,0,0,0,1,,0,0,0,0,1,1,,1,0,0,,,,,0,,,,,,0,0,,0
,"/en-fi/collections/anime-elf-sex-doll",1,1,0,0,0,0,1,,0,0,0,0,1,1,,1,1,1,0,0,0,0,1,,0,0,0,0,1,1,,1,0,0,,,,,0,,,,,,0,0,,0
,"/en-ca/blogs/featured-blog/the-best-hyper-realistic-sex-dolls-brands-features-and-buying-guide",1,1,0,0,0,0,1,,0,0,0,0,1,1,,1,1,1,0,0,0,0,1,,0,0,0,0,1,1,,1,0,0,,,,,0,,,,,,0,0,,0
,"/de/collections/qsx",1,1,0,0,0,0,1,,0,0,0,0,1,1,,1,1,1,0,0,0,0,1,,0,0,0,0,1,1,,1,0,0,,,,,0,,,,,,0,0,,0
"Blog Article","/blogs/dolls-info-qustions/huge-breasts-sex-doll-what-really-sets-the-three-breast-structures-apart",1,1,0,0,0,0,1,,0,0,0,0,1,1,,1,1,1,0,0,0,0,1,,0,0,0,0,1,1,,1,0,0,,,,,0,,,,,,0,0,,0
"Product","/products/f8151-160cm-5ft2-36kg-realistic-furry-sex-doll-with-big-breasts-lifelike-silicone-catgirl-anime-cosplay-doll-for-adults-elsa-babe",1,1,0,0,0,0,1,,0,0,0,0,1,1,,1,1,1,0,0,0,0,1,,0,0,0,0,1,1,,1,0,0,,,,,0,,,,,,0,0,,0
"Product","/products/b74-15lbs-silicone-big-boobs-sex-doll-torso-in-stock-usa-mrl",1,1,0,0,0,0,1,,0,0,0,0,1,1,,1,1,1,0,0,0,0,1,,0,0,0,0,1,1,,1,0,0,,,,,0,,,,,,0,0,,0
,"/en-ca/blogs/dolls-info-qustions/hidden-art-sex-doll-torsos-and-astonishing-storage-hacks",1,1,0,0,0,0,1,,0,0,0,0,1,1,,1,1,1,0,0,0,0,1,,0,0,0,0,1,1,,1,0,0,,,,,0,,,,,,0,0,,0
"Product","/products/f5936-155mcm5-1ft-38kg-2-2cf-e-cup-furry-sex-doll-in-purple-plush-cat-costume-realistic-silicone-anime-catgirl-doll-for-adults-bezlya-doll",1,1,0,0,0,0,9,,0,0,0,1385,9,0,,0,1,1,0,0,0,0,9,,0,0,0,1385,9,0,,0,0,0,,,,,0,,,,,0,0,,,
,"/en-ca/products/f1247-164cm-f-cup-luna-big-boobs-doll-irontech-doll",1,1,0,0,0,0,1,,0,0,0,0,1,1,,1,1,1,0,0,0,0,1,,0,0,0,0,1,1,,1,0,0,,,,,0,,,,,,0,0,,0
"Product","/products/f1718k-156cm-5ft1-e-cup-silicone-full-size-sex-dolls-starpery-doll",1,1,0,0,0,0,55,,0,0,0,1565,55,0,,0,1,1,0,0,0,0,55,,0,0,0,1565,55,0,,0,0,0,,,,,0,,,,,0,0,,,
"Collection","/collections/foot-toy",1,1,0,0,0,0,1,,0,0,0,0,1,1,,1,1,1,0,0,0,0,1,,0,0,0,0,1,1,,1,0,0,,,,,0,,,,,,0,0,,0
"Product","/products/t332-65lb-105cm-e-cup-hao-hard-head-silicone-sex-doll-torso-starpery-doll",1,1,0,0,0,0,19,,0,0,0,926,19,0,,0,1,1,0,0,0,0,19,,0,0,0,926,19,0,,0,0,0,,,,,0,,,,,0,0,,,
,"/ja/products/f6127-166cm5-4ft-33kg-c-cup-tpe-celebrity-sex-doll%E4%B8%A8sy-doll",1,1,0,0,0,0,5,,0,0,0,116,5,0,,0,1,1,0,0,0,0,5,,0,0,0,116,5,0,,0,0,0,,,,,0,,,,,0,0,,,
"Blog Article","/blogs/real-sex-doll-reviews-pros-cons-real-usage-tests/the-ultimate-in-in-depth-experience-sharing-of-sy-doll-163cm-big-bottomed-plus-size",1,1,0,0,0,0,1,,0,0,0,0,1,1,,1,1,1,0,0,0,0,1,,0,0,0,0,1,1,,1,0,0,,,,,0,,,,,,0,0,,0
"Product","/products/b37-14-8lb-full-bust-33-8inch-cinnamon-silicone-boob-job-breast-sex-titty-fucking-mammary-intercourse-sex-toy-titjob",1,1,0,0,0,0,9,,0,0,0,887,9,0,,0,1,1,0,0,0,0,9,,0,0,0,887,9,0,,0,0,0,,,,,0,,,,,0,0,,,
"Product","/products/f7650-157cm5-2ft-40kg-g-cup-natural-giselle-tpe-asian-sex-doll-fun-west-doll",1,1,0,0,0,0,1,,0,0,0,0,1,1,,1,1,1,0,0,0,0,1,,0,0,0,0,1,1,,1,0,0,,,,,0,,,,,,0,0,,0
"Product","/products/a423-17-6lb-silicone-butt-sexy-and-real-realistic-big-ass-sex-doll-torso",1,1,0,0,0,0,1,,0,0,0,0,1,1,,1,1,1,0,0,0,0,1,,0,0,0,0,1,1,,1,0,0,,,,,0,,,,,,0,0,,0
"Product","/products/f738-180cm-male-sex-doll-with-14cm-17cm-detachable-vibrating-penis-md-doll",1,1,0,0,0,0,1,,0,0,0,0,1,1,,1,1,1,0,0,0,0,1,,0,0,0,0,1,1,,1,0,0,,,,,0,,,,,,0,0,,0
"Blog Article","/blogs/dolls-info-qustions/10-online-stores-that-sell-regular-dolls-by-tdf",1,1,0,0,0,0,1,,0,0,0,0,1,1,,1,1,1,0,0,0,0,1,,0,0,0,0,1,1,,1,0,0,,,,,0,,,,,,0,0,,0
,"/en-fi/blogs/real-sex-doll-reviews-pros-cons-real-usage-tests/are-aitia-1-1-real-person-replica-asian-sex-dolls-worth-buying-a-complete-review-of-6-celebrity-sex-dolls",1,1,0,0,0,0,1,,0,0,0,0,1,1,,1,1,1,0,0,0,0,1,,0,0,0,0,1,1,,1,0,0,,,,,0,,,,,,0,0,,0
"Product","/products/t346-3-86lb-muscle-tail-anime-fake-pussy-silicone-tomboy-furry-hentai-sex-doll-mrl",1,1,0,0,0,0,1,,0,0,0,0,1,1,,1,1,1,0,0,0,0,1,,0,0,0,0,1,1,,1,0,0,,,,,0,,,,,,0,0,,0
"Product","/products/f2457-164cm5-4ft-39kg-g-cup-life-size-silicone-head-sex-doll-in-stock-us-sigafun-doll",1,1,0,0,0,0,1,,0,0,0,0,1,1,,1,1,1,0,0,0,0,1,,0,0,0,0,1,1,,1,0,0,,,,,0,,,,,,0,0,,0
,"/ja/blogs/dolls-info-qustions/the-perfect-quality-of-sex-dolls-what-you-should-know",1,1,0,0,0,0,1,,0,0,0,0,1,1,,1,1,1,0,0,0,0,1,,0,0,0,0,1,1,,1,0,0,,,,,0,,,,,,0,0,,0
"Product","/products/f5672-175cm-5ft7-e-cup-movable-jaws-silicone-sex-doll-inspiration-zelex-doll",1,1,0,0,0,0,23,,0,0,0,1446,23,0,,0,1,1,0,0,0,0,23,,0,0,0,1446,23,0,,0,0,0,,,,,0,,,,,0,0,,,
"Product","/products/f4038-150cm-k-cup-huge-breast-tpe-sex-doll-castle-doll",1,1,1,0,0,0,5,,1,0,0,617,5,0,,0,1,1,1,0,0,0,5,,1,0,0,617,5,0,,0,0,0,0,,,,0,,0,,,0,0,,,
"Product","/products/f5660-175cm-5ft7-e-cup-movable-jaws-silicone-sex-doll-inspiration-zelex-doll",1,1,0,0,0,0,3,,0,0,0,79,3,0,,0,1,1,0,0,0,0,3,,0,0,0,79,3,0,,0,0,0,,,,,0,,,,,0,0,,,
,"/en-ca/products/f2432-162cm5-3ft-f-cup-iris-tpe-sex-doll-fun-west-doll",1,1,0,0,0,0,3,,0,0,0,90,3,0,,0,1,1,0,0,0,0,3,,0,0,0,90,3,0,,0,0,0,,,,,0,,,,,0,0,,,
"Product","/products/f1056-fun-west-doll-lucy-155cm-anime-girl-sex-doll-life-size",1,1,0,0,0,0,1,,0,0,0,0,1,1,,1,1,1,0,0,0,0,1,,0,0,0,0,1,1,,1,0,0,,,,,0,,,,,,0,0,,0
"Product","/products/f2539-150cm4-9ft-27-6kg-f-cup-ros-max-r11-alara-best-silicone-sex-doll-real-lady",1,1,0,0,0,0,3,,0,0,0,92,3,0,,0,1,1,0,0,0,0,3,,0,0,0,92,3,0,,0,0,0,,,,,0,,,,,0,0,,,
"Product","/products/f5963-159cm-5ft3-34kg-a-cup-tpe-silicone-celebrity-young-flat-chest-sex-doll-sy-doll",1,1,0,0,0,0,95,,0,0,0,5175,95,0,,0,1,1,0,0,0,0,95,,0,0,0,5175,95,0,,0,0,0,,,,,0,,,,,0,0,,,
"Collection","/collections/il-doll",1,1,0,0,0,0,1,,0,0,0,1,1,1,,1,1,1,0,0,0,0,1,,0,0,0,1,1,1,,1,0,0,,,,,0,,,,,0,0,0,,0
,"/de/products/products-climax-doll-bbw-big-butt-black-gel-27-5lb-realistic-torso",1,1,0,0,0,0,1,,0,0,0,0,1,1,,1,1,1,0,0,0,0,1,,0,0,0,0,1,1,,1,0,0,,,,,0,,,,,,0,0,,0
"Product","/products/f2386a-165cm5-4ft-54kg-g-cup-272-big-butt-boobs-tpe-bbw-sex-doll-2024%E4%B8%A8sy-doll",1,1,0,0,0,0,2,,0,0,0,21,2,0,,0,1,1,0,0,0,0,2,,0,0,0,21,2,0,,0,0,0,,,,,0,,,,,0,0,,,
,"/de/collections/full-size-type-torso",1,1,0,0,0,0,1,,0,0,0,0,1,1,,1,1,1,0,0,0,0,1,,0,0,0,0,1,1,,1,0,0,,,,,0,,,,,,0,0,,0
,"/en-ca/products/f2198-165cm5ft4-g-cup-s43-sylvia-silicone-sex-doll-irontech-doll",1,1,0,0,0,0,1,,0,0,0,0,1,1,,1,1,1,0,0,0,0,1,,0,0,0,0,1,1,,1,0,0,,,,,0,,,,,,0,0,,0
"Blog Article","/blogs/dolls-info-qustions/real-lady-sex-doll-unveils-new-ros-max-options-r6-and-r7",1,1,0,0,0,0,1,,0,0,0,0,1,1,,1,1,1,0,0,0,0,1,,0,0,0,0,1,1,,1,0,0,,,,,0,,,,,,0,0,,0
"Product","/products/f2596-150cm-f-cup-silicone-realistic-real-lady-sex-doll",1,1,0,0,0,0,1,,0,0,0,0,1,1,,1,1,1,0,0,0,0,1,,0,0,0,0,1,1,,1,0,0,,,,,0,,,,,,0,0,,0
,"/en-ca/products/f6002-158cm-5ft2-47kg-c-cup-asian-ros-silicone-sex-doll-shedoll",1,1,0,0,0,0,1,,0,0,0,0,1,1,,1,1,1,0,0,0,0,1,,0,0,0,0,1,1,,1,0,0,,,,,0,,,,,,0,0,,0
,"/en-fi/products/f2531-168cm-5ft6-39kg-d-cup-realistic-movable-jaw-silicone-robot-bbw-sex-doll-sy-doll",1,1,0,0,0,0,1,,0,0,0,0,1,1,,1,1,1,0,0,0,0,1,,0,0,0,0,1,1,,1,0,0,,,,,0,,,,,,0,0,,0
"Product","/products/f2230-152cm-5ft-c-cup-silicone-head-mini-sex-doll-sy-doll",1,1,1,1,0,0,2,0,1,1,0,15,2,0,0,0,1,1,1,1,0,0,2,0,1,1,0,15,2,0,0,0,0,0,0,0,,,0,,0,0,,0,0,,,
,"/en-ca/collections/ass-mini-male-sex-doll",1,1,0,0,0,0,4,,0,0,0,153,4,0,,0,1,1,0,0,0,0,4,,0,0,0,153,4,0,,0,0,0,,,,,0,,,,,0,0,,,
"Blog Article","/blogs/dolls-info-qustions/how-to-use-a-pocket-pussy",1,1,0,0,0,0,1,,0,0,0,0,1,1,,1,1,1,0,0,0,0,1,,0,0,0,0,1,1,,1,0,0,,,,,0,,,,,,0,0,,0
"Product","/products/f8126-160cm5-2ft-35kg-432-c-cup-anime-tpe-sex-doll%E4%B8%A8wm-doll",1,1,0,0,0,0,1,,0,0,0,0,1,1,,1,1,1,0,0,0,0,1,,0,0,0,0,1,1,,1,0,0,,,,,0,,,,,,0,0,,0
,"/ja/collections/bezlya-videos",1,1,0,0,0,0,1,,0,0,0,0,1,1,,1,1,1,0,0,0,0,1,,0,0,0,0,1,1,,1,0,0,,,,,0,,,,,,0,0,,0
"Product","/products/t407-25-35lb-63cm-big-boobs-round-ass-realistic-curves-sex-doll-torso",1,1,0,0,0,0,53,,0,0,0,2211,53,0,,0,1,1,0,0,0,0,53,,0,0,0,2211,53,0,,0,0,0,,,,,0,,,,,0,0,,,
,"/en-fi/products/p12-hentai-fake-vagina",1,1,0,0,0,0,1,,0,0,0,0,1,1,,1,1,1,0,0,0,0,1,,0,0,0,0,1,1,,1,0,0,,,,,0,,,,,,0,0,,0
"Product","/products/p95-10-8lb-paula-cow-girl-six-boobs-anime-sexdolls-hentai-sex-dolls-torso-mrl",1,1,0,0,0,0,1,,0,0,0,0,1,1,,1,1,1,0,0,0,0,1,,0,0,0,0,1,1,,1,0,0,,,,,0,,,,,,0,0,,0
"Product","/products/h527-mini-anime-silicone-sex-doll-head-elsa-babe-head",1,1,0,0,0,0,1,,0,0,0,0,1,1,,1,1,1,0,0,0,0,1,,0,0,0,0,1,1,,1,0,0,,,,,0,,,,,,0,0,,0
,"/ja/blogs/dolls-info-qustions/choosing-between-a-torso-dildo-and-a-dildo-a-relaxed-guide",1,1,0,0,0,0,1,,0,0,0,0,1,1,,1,1,1,0,0,0,0,1,,0,0,0,0,1,1,,1,0,0,,,,,0,,,,,,0,0,,0
"Product","/products/f127-175cm-5ft8-friand-sarcous-attractive-temptation-male-sex-doll-irontech-doll",1,1,0,0,0,0,5,,0,0,0,91,5,0,,0,1,1,0,0,0,0,5,,0,0,0,91,5,0,,0,0,0,,,,,0,,,,,0,0,,,
"Checkout","/checkouts/ac/hWND0HimWMW0jqBjDtJWnVwX/en-us",1,1,0,0,0,0,11,,0,0,0,481,11,0,,0,1,1,0,0,0,0,11,,0,0,0,481,11,0,,0,0,0,,,,,0,,,,,0,0,,,
"Product","/products/t279-38-58lbs-100cm-fukada-lightweight-life-size-sex-doll-torso-with-head-climax-doll",1,1,0,0,0,0,1,,0,0,0,0,1,1,,1,1,1,0,0,0,0,1,,0,0,0,0,1,1,,1,0,0,,,,,0,,,,,,0,0,,0
"Collection","/collections/haughty-hentai-sex-doll",1,1,0,0,0,0,1,,0,0,0,0,1,1,,1,1,1,0,0,0,0,1,,0,0,0,0,1,1,,1,0,0,,,,,0,,,,,,0,0,,0
"Blog Article","/blogs/dolls-info-qustions/ultimate-guide-to-sex-doll-wig-care-tips-for-keeping-it-smooth-and-shiny",1,1,0,0,0,0,1,,0,0,0,0,1,1,,1,1,1,0,0,0,0,1,,0,0,0,0,1,1,,1,0,0,,,,,0,,,,,,0,0,,0
"Product","/products/f7565-157cm-5ft2-54kg-k-cup-tpe-body-silicone-head-sex-doll-in-stock-usa-lilydoll",1,1,0,0,0,0,1,,0,0,0,0,1,1,,1,1,1,0,0,0,0,1,,0,0,0,0,1,1,,1,0,0,,,,,0,,,,,,0,0,,0
,"/de/blogs/dolls-info-qustions/firefly-diary-max-series-arrives-2-major-updates-in-november",1,1,0,0,0,0,1,,0,0,0,0,1,1,,1,1,1,0,0,0,0,1,,0,0,0,0,1,1,,1,0,0,,,,,0,,,,,,0,0,,0
"Blog Article","/blogs/dolls-info-qustions/is-using-sex-dolls-in-a-relationship-considered-cheating",1,1,0,0,0,0,3,,0,0,0,630,3,0,,0,1,1,0,0,0,0,3,,0,0,0,630,3,0,,0,0,0,,,,,0,,,,,0,0,,,
"Collection","/collections/azm-doll-videos",1,1,0,0,0,0,5,,0,0,0,383,5,0,,0,1,1,0,0,0,0,5,,0,0,0,383,5,0,,0,0,0,,,,,0,,,,,0,0,,,
"Product","/products/t3",1,1,0,0,0,0,2,,0,0,0,1,2,0,,0,1,1,0,0,0,0,2,,0,0,0,1,2,0,,0,0,0,,,,,0,,,,,0,0,,,
"Product","/products/f9149k-151cm-4ft9-b-cup-mini-silicone-full-size-sex-dolls-starpery-doll-%E5%89%AF%E6%9C%AC",1,1,0,0,0,0,8,,0,0,0,203,8,0,,0,1,1,0,0,0,0,8,,0,0,0,203,8,0,,0,0,0,,,,,0,,,,,0,0,,,
"Product","/products/f4599-160cm5ft3-35kg-boy-male-tpe-full-male-sex-doll-wm-doll",1,1,0,0,0,0,4,,0,0,0,1379,4,0,,0,1,1,0,0,0,0,4,,0,0,0,1379,4,0,,0,0,0,,,,,0,,,,,0,0,,,
,"/en-ca/collections/life-size-shemale-sex-doll",1,1,0,0,0,0,30,,0,0,0,460,30,0,,0,1,1,0,0,0,0,30,,0,0,0,460,30,0,,0,0,0,,,,,0,,,,,0,0,,,
"Product","/products/f5524-168cm5-5ft-39kg-h-cup-r4-full-size-silicone-sex-doll-real-lady",1,1,0,0,0,0,1,,0,0,0,0,1,1,,1,1,1,0,0,0,0,1,,0,0,0,0,1,1,,1,0,0,,,,,0,,,,,,0,0,,0
"Product","/products/t34-36-6lb-98cm-2-2u-c-cup-ros-silicone-torso-sexdoll-with-head-aitia-doll",1,1,0,0,0,0,1,,0,0,0,0,1,1,,1,1,1,0,0,0,0,1,,0,0,0,0,1,1,,1,0,0,,,,,0,,,,,,0,0,,0
,"/en-ca/products/f173-156cm-tpe-sex-doll",1,1,0,0,0,0,1,,0,0,0,0,1,1,,1,1,1,0,0,0,0,1,,0,0,0,0,1,1,,1,0,0,,,,,0,,,,,,0,0,,0
,"/de/blogs/dolls-info-qustions/budget-under-200-check-out-these-7-cheap-mini-sex-dolls",1,1,0,0,0,0,2,,0,0,0,178,2,0,,0,1,1,0,0,0,0,2,,0,0,0,178,2,0,,0,0,0,,,,,0,,,,,0,0,,,
,"/en-fi/collections/animal-hentai-sex-doll",1,1,0,0,0,0,1,,0,0,0,0,1,1,,1,1,1,0,0,0,0,1,,0,0,0,0,1,1,,1,0,0,,,,,0,,,,,,0,0,,0
"Blog Article","/blogs/featured-blog/best-sex-dolls-2025-most-popular-and-hottest-on-linkdolls",1,1,0,0,0,0,1,,0,0,0,0,1,1,,1,1,1,0,0,0,0,1,,0,0,0,0,1,1,,1,0,0,,,,,0,,,,,,0,0,,0
,"/en-ca/blogs/dolls-info-qustions/how-to-choose-the-perfect-30-40-pound-torso-doll",1,1,0,0,0,0,4,,0,0,0,85,4,0,,0,1,1,0,0,0,0,4,,0,0,0,85,4,0,,0,0,0,,,,,0,,,,,0,0,,,
,"/en-ca/collections/pornstar-sex-doll",1,1,0,0,0,0,1,,0,0,0,0,1,1,,1,1,1,0,0,0,0,1,,0,0,0,0,1,1,,1,0,0,,,,,0,,,,,,0,0,,0
"Product","/products/f2262-162cm-i-cup-suki-big-breats-silicone-sex-doll-%E4%B8%A8normon-doll",1,1,0,0,0,0,2,,0,0,0,46,2,0,,0,1,1,0,0,0,0,2,,0,0,0,46,2,0,,0,0,0,,,,,0,,,,,0,0,,,
"Product","/products/f4535-150cm4ft9-25kg-akane-f-cup-silicone-animes-chorin-mini-hentai-sex-doll-irokebijin-doll",1,1,0,0,0,0,4,,0,0,0,78,4,0,,0,1,1,0,0,0,0,4,,0,0,0,78,4,0,,0,0,0,,,,,0,,,,,0,0,,,
"Product","/products/f8038-150cm-5ft-27-5kg-silicone-anime-hentai-sex-doll-elsa-babe",1,1,0,0,0,0,1,,0,0,0,0,1,1,,1,1,1,0,0,0,0,1,,0,0,0,0,1,1,,1,0,0,,,,,0,,,,,,0,0,,0
"Checkout","/60719464687/orders/09f874e43a108f827b7201bb1a3373d3",1,1,0,0,0,0,1,,0,0,0,0,1,1,,1,1,1,0,0,0,0,1,,0,0,0,0,1,1,,1,0,0,,,,,0,,,,,,0,0,,0
"Product","/products/h517-tpe-oral-sex-doll-head-with-tonge%E4%B8%A8funwest-doll-head",1,1,0,0,0,0,1,,0,0,0,0,1,1,,1,1,1,0,0,0,0,1,,0,0,0,0,1,1,,1,0,0,,,,,0,,,,,,0,0,,0
,"/en-fi/collections/shemale-sex-toy",1,1,0,0,0,0,1,,0,0,0,0,1,1,,1,1,1,0,0,0,0,1,,0,0,0,0,1,1,,1,0,0,,,,,0,,,,,,0,0,,0
"Product","/products/b69-18-8lb-big-breast-vagina-sex-tool",1,1,0,0,0,0,1,,0,0,0,0,1,1,,1,1,1,0,0,0,0,1,,0,0,0,0,1,1,,1,0,0,,,,,0,,,,,,0,0,,0
,"/en-ca/products/a423-17-6lb-silicone-butt-sexy-and-real-realistic-big-ass-sex-doll-torso",1,1,0,0,0,0,2,,0,0,0,19,2,0,,0,1,1,0,0,0,0,2,,0,0,0,19,2,0,,0,0,0,,,,,0,,,,,0,0,,,
,"/en-ca/collections/fantasy-sex-doll-heads",1,1,0,0,0,0,2,,0,0,0,1204,2,0,,0,1,1,0,0,0,0,2,,0,0,0,1204,2,0,,0,0,0,,,,,0,,,,,0,0,,,
"Product","/products/f9185-t165cm5-4ft-33kg-c-cup-ros-silicone-lifesize-real-life-size-sex-doll-se-doll",1,1,0,0,0,0,1,,0,0,0,0,1,1,,1,1,1,0,0,0,0,1,,0,0,0,0,1,1,,1,0,0,,,,,0,,,,,,0,0,,0
,"/en-fi/blogs/dolls-info-qustions/women-and-sex-toys-what-you-dont-know",1,1,0,0,0,0,1,,0,0,0,0,1,1,,1,1,1,0,0,0,0,1,,0,0,0,0,1,1,,1,0,0,,,,,0,,,,,,0,0,,0
,"/en-ca/blogs/dolls-info-qustions/2025-best-furry-sex-doll-picks-your-fantasy-comes-to-life",1,1,0,0,0,0,1,,0,0,0,0,1,1,,1,1,1,0,0,0,0,1,,0,0,0,0,1,1,,1,0,0,,,,,0,,,,,,0,0,,0
"Custom Page","/pages/huge-breast-sex-doll-guide",1,1,0,0,0,0,3,,0,0,0,14,3,0,,0,1,1,0,0,0,0,3,,0,0,0,14,3,0,,0,0,0,,,,,0,,,,,0,0,,,
"Blog Article","/blogs/dolls-info-qustions/4-reasons-why-milfs-are-so-popular-in-2023",1,1,0,0,0,0,1,,0,0,0,0,1,1,,1,1,1,0,0,0,0,1,,0,0,0,0,1,1,,1,0,0,,,,,0,,,,,,0,0,,0
"Blog Article","/blogs/featured-blog/how-to-tattoo-your-male-sex-doll",1,1,0,0,0,0,1,,0,0,0,0,1,1,,1,1,1,0,0,0,0,1,,0,0,0,0,1,1,,1,0,0,,,,,0,,,,,,0,0,,0
,"/en-ca/products/f1050-155cm-tpe-sex-doll-fun-west-doll",1,1,0,0,0,0,1,,0,0,0,0,1,1,,1,1,1,0,0,0,0,1,,0,0,0,0,1,1,,1,0,0,,,,,0,,,,,,0,0,,0
"Blog Article","/blogs/dolls-info-qustions/sy-sex-dolls-introduction",1,1,0,0,0,0,1,,0,0,0,0,1,1,,1,1,1,0,0,0,0,1,,0,0,0,0,1,1,,1,0,0,,,,,0,,,,,,0,0,,0
"Blog Article","/blogs/sex-doll-option-videos/video-08-hyper-realisim-body-painting",1,1,0,0,0,0,29,,0,0,0,4698,29,0,,0,1,1,0,0,0,0,29,,0,0,0,4698,29,0,,0,0,0,,,,,0,,,,,0,0,,,
"Collection","/collections/dang-xia",1,1,0,0,0,0,3,,0,0,0,678,3,0,,0,1,1,0,0,0,0,3,,0,0,0,678,3,0,,0,0,0,,,,,0,,,,,0,0,,,
,"/en-ca/products/f1336-159cm5-2ft-a-cup-small-tits-blonde-hair-sweet-young-tpe-sex-doll-in-stock-usa-fun-west-doll",1,1,0,0,0,0,1,,0,0,0,0,1,1,,1,1,1,0,0,0,0,1,,0,0,0,0,1,1,,1,0,0,,,,,0,,,,,,0,0,,0
"Product","/products/f9220-150cm-5ft-27-5kg-anime-hentai-silicone-sex-doll-full-body-elsa-babe",1,1,0,0,0,0,1,,0,0,0,0,1,1,,1,1,1,0,0,0,0,1,,0,0,0,0,1,1,,1,0,0,,,,,0,,,,,,0,0,,0
"Product","/products/f7691-171cm-5ft6-28-5kg-d-cup-sexy-silicone-most-realistic-sex-doll-starpery-doll",1,1,0,0,0,0,2,,0,0,0,10,2,0,,0,1,1,0,0,0,0,2,,0,0,0,10,2,0,,0,0,0,,,,,0,,,,,0,0,,,
"Product","/products/t669-386lbs-silicone-robot-sex-doll-torso-with-head",1,1,0,0,0,0,6,,0,0,0,259,6,0,,0,1,1,0,0,0,0,6,,0,0,0,259,6,0,,0,0,0,,,,,0,,,,,0,0,,,
,"/en-ca/products/h534-silicone-sex-doll-head-elsa-babe-head",1,1,0,0,0,0,1,,0,0,0,0,1,1,,1,1,1,0,0,0,0,1,,0,0,0,0,1,1,,1,0,0,,,,,0,,,,,,0,0,,0
"Blog Article","/blogs/sex-doll-torso-blog/the-most-life-like-torso-sex-doll",1,1,0,0,0,0,1,,0,0,0,0,1,1,,1,1,1,0,0,0,0,1,,0,0,0,0,1,1,,1,0,0,,,,,0,,,,,,0,0,,0
"Blog Article","/blogs/dolls-info-qustions/comparison-of-four-top-skinny-sex-dolls-brands",1,1,0,0,0,0,1,,0,0,0,0,1,1,,1,1,1,0,0,0,0,1,,0,0,0,0,1,1,,1,0,0,,,,,0,,,,,,0,0,,0
"Product","/products/f1626-170cm-5ft6-d-cup-lifelike-silicone-head-sex-doll-rosretty-doll",1,1,0,0,0,0,1,,0,0,0,0,1,1,,1,1,1,0,0,0,0,1,,0,0,0,0,1,1,,1,0,0,,,,,0,,,,,,0,0,,0
,"/en-ca/products/f5624-158cm-5ft2-41kg-p-cup-silicone-ros-bbw-huge-breast-sex-dolls-hr-doll",1,1,0,0,0,0,2,,0,0,0,58,2,0,,0,1,1,0,0,0,0,2,,0,0,0,58,2,0,,0,0,0,,,,,0,,,,,0,0,,,
"Blog Article","/blogs/dolls-info-qustions/5-things-you-need-to-know-about-big-bust-sex-doll-torso",1,1,0,0,0,0,1,,0,0,0,0,1,1,,1,1,1,0,0,0,0,1,,0,0,0,0,1,1,,1,0,0,,,,,0,,,,,,0,0,,0
"Product","/products/f9231-170cm-5ft7-38kg-e-cup-tpe-full-body-sex-doll-doll-castle",1,1,0,0,0,0,1,,0,0,0,0,1,1,,1,1,1,0,0,0,0,1,,0,0,0,0,1,1,,1,0,0,,,,,0,,,,,,0,0,,0
"Product","/products/shedoll-asian-silicone-167cm-d-cup-ros-blond-hair",1,1,0,0,0,0,37,,0,0,0,1582,37,0,,0,1,1,0,0,0,0,37,,0,0,0,1582,37,0,,0,0,0,,,,,0,,,,,0,0,,,
,"/en-ca/products/f7145-168cm-5ft6-41kg-elf-anime-flat-chested-sex-doll-f7145",1,1,0,0,0,0,1,,0,0,0,0,1,1,,1,1,1,0,0,0,0,1,,0,0,0,0,1,1,,1,0,0,,,,,0,,,,,,0,0,,0
"Blog Article","/blogs/dolls-info-qustions/sex-doll-transformation-guide-how-to-revamp-and-create-a-one-of-a-kind-look",1,1,0,0,0,0,1,,0,0,0,0,1,1,,1,1,1,0,0,0,0,1,,0,0,0,0,1,1,,1,0,0,,,,,0,,,,,,0,0,,0
,"/en-fi/blogs/recent-brand-updates-new-arrivals-for-sex-dolls/se-x-bot-ai-sex-doll-head-review",1,1,0,0,0,0,1,,0,0,0,0,1,1,,1,1,1,0,0,0,0,1,,0,0,0,0,1,1,,1,0,0,,,,,0,,,,,,0,0,,0
"Blog Article","/blogs/dolls-info-qustions/flashlight-and-pocket-pussies-revealed-pleasure-and-precautions",1,1,0,0,0,0,2,,0,0,0,7,2,0,,0,1,1,0,0,0,0,2,,0,0,0,7,2,0,,0,0,0,,,,,0,,,,,0,0,,,
"Product","/products/f6336-life-size-ros-sex-doll-realistic",1,1,0,0,0,0,1,,0,0,0,0,1,1,,1,1,1,0,0,0,0,1,,0,0,0,0,1,1,,1,0,0,,,,,0,,,,,,0,0,,0
"Product","/products/f4893-huge-butt-tpe-bbw-sex-dolls%E4%B8%A8sy-doll",1,1,0,0,0,0,5,,0,0,0,144,5,0,,0,1,1,0,0,0,0,5,,0,0,0,144,5,0,,0,0,0,,,,,0,,,,,0,0,,,
"Product","/products/f4742-175cm-5ft4-e-cup-movable-jaws-silicone-sex-doll-in-stock-usa-canada-inspiration-zelex-doll",1,1,0,0,0,0,11,,0,0,0,288,11,0,,0,1,1,0,0,0,0,11,,0,0,0,288,11,0,,0,0,0,,,,,0,,,,,0,0,,,
"Product","/products/f9342-elsa-babe-cute-hentai-life-size-sex-doll-silicone-head-150cm-27-5kg",1,1,0,0,0,0,1,,0,0,0,0,1,1,,1,1,1,0,0,0,0,1,,0,0,0,0,1,1,,1,0,0,,,,,0,,,,,,0,0,,0
,"/en-ca/products/f3648-150cm-4ft9-crystal-petty-c-cup-silicone-big-butt-pure-sexy-girl-sex-doll-cst-doll",1,1,0,0,0,0,1,,0,0,0,0,1,1,,1,1,1,0,0,0,0,1,,0,0,0,0,1,1,,1,0,0,,,,,0,,,,,,0,0,,0
,"/de/collections/bbw-torso",1,1,0,0,0,0,1,,0,0,0,0,1,1,,1,1,1,0,0,0,0,1,,0,0,0,0,1,1,,1,0,0,,,,,0,,,,,,0,0,,0
"Product","/products/f7590-163cm-d-cup-silicone-sex-doll-galatea-doll",1,1,0,0,0,0,1,,0,0,0,0,1,1,,1,1,1,0,0,0,0,1,,0,0,0,0,1,1,,1,0,0,,,,,0,,,,,,0,0,,0
,"/de/blogs/dolls-info-qustions/a-better-choice-for-virgins",1,1,0,0,0,0,1,,0,0,0,0,1,1,,1,1,1,0,0,0,0,1,,0,0,0,0,1,1,,1,0,0,,,,,0,,,,,,0,0,,0
"Collection","/collections/sineem",1,1,0,0,0,0,3,,0,0,0,27,3,0,,0,1,1,0,0,0,0,3,,0,0,0,27,3,0,,0,0,0,,,,,0,,,,,0,0,,,
