"登陆页面类型","登陆页面路径","在线商店访客","访问","有商品添加到购物车的访问","到达结账页面的访问","完成结账的访问","转化率","页面浏览量","结账转化率","添加至购物车率","到达结账页面率","到达并完成结账的访问","平均访问持续时间","每次访问的页面浏览量","跳出率","完成结账率","跳出次数","Online store visitors (20260615)","Sessions (20260615)","Sessions with cart additions (20260615)","Sessions that reached checkout (20260615)","Sessions that completed checkout (20260615)","Conversion rate (20260615)","Pageviews (20260615)","Checkout conversion rate (20260615)","Added to cart rate (20260615)","Reached checkout rate (20260615)","Sessions that reached and completed checkout (20260615)","Average session duration (20260615)","Pageviews per session (20260615)","Bounce rate (20260615)","Completed checkout rate (20260615)","Bounces (20260615)","Online store visitors (20260615) ","Sessions (20260615) ","Sessions with cart additions (20260615) ","Sessions that reached checkout (20260615) ","Sessions that completed checkout (20260615) ","Conversion rate (20260615) ","Pageviews (20260615) ","Checkout conversion rate (20260615) ","Added to cart rate (20260615) ","Reached checkout rate (20260615) ","Sessions that reached and completed checkout (20260615) ","Average session duration (20260615) ","Pageviews per session (20260615) ","Bounce rate (20260615) ","Completed checkout rate (20260615) ","Bounces (20260615) "
"Homepage","/",1102,1203,31,20,4,0.0033250207813798837,7210,0.2,0.025768911055694097,0.01662510390689942,4,294.47049044056524,5.99334995843724,0.2734829592684954,0.16666666666666666,329,1102,1203,31,20,4,0.0033250207813798837,7210,0.2,0.025768911055694097,0.01662510390689942,4,294.47049044056524,5.99334995843724,0.2734829592684954,0.16666666666666666,329,0,0,0,0,0,0,0,0,0,0,0,0,0,0,0,0
"Collection","/collections/bbw-sex-doll-torso",978,1032,9,4,0,0,4533,0,0.00872093023255814,0.003875968992248062,0,208.3624031007752,4.392441860465116,0.37790697674418605,0,390,978,1032,9,4,0,0,4533,0,0.00872093023255814,0.003875968992248062,0,208.3624031007752,4.392441860465116,0.37790697674418605,0,390,0,0,0,0,,,0,,0,0,,0,0,0,,0
"Collection","/collections/robotic-sex-doll",989,1014,11,3,0,0,2886,0,0.010848126232741617,0.0029585798816568047,0,114.74753451676528,2.8461538461538463,0.5848126232741617,0,593,989,1014,11,3,0,0,2886,0,0.010848126232741617,0.0029585798816568047,0,114.74753451676528,2.8461538461538463,0.5848126232741617,0,593,0,0,0,0,,,0,,0,0,,0,0,0,,0
"Collection","/collections/full-doll",984,1008,19,8,0,0,4783,0,0.018849206349206348,0.007936507936507936,0,194.18353174603175,4.745039682539683,0.3501984126984127,0,353,984,1008,19,8,0,0,4783,0,0.018849206349206348,0.007936507936507936,0,194.18353174603175,4.745039682539683,0.3501984126984127,0,353,0,0,0,0,,,0,,0,0,,0,0,0,,0
"Collection","/collections/anime-sex-doll",887,924,4,2,0,0,3240,0,0.004329004329004329,0.0021645021645021645,0,129.42857142857142,3.5064935064935066,0.5281385281385281,0,488,887,924,4,2,0,0,3240,0,0.004329004329004329,0.0021645021645021645,0,129.42857142857142,3.5064935064935066,0.5281385281385281,0,488,0,0,0,0,,,0,,0,0,,0,0,0,,0
"Collection","/collections/sex-doll-head",775,803,17,5,0,0,4523,0,0.021170610211706103,0.0062266500622665,0,215.6002490660025,5.632627646326276,0.19053549190535493,0,153,775,803,17,5,0,0,4523,0,0.021170610211706103,0.0062266500622665,0,215.6002490660025,5.632627646326276,0.19053549190535493,0,153,0,0,0,0,,,0,,0,0,,0,0,0,,0
"Blog Article","/blogs/featured-blog/how-to-make-fake-pussy",667,672,0,0,0,0,804,,0,0,0,26.726190476190474,1.1964285714285714,0.9002976190476191,,605,667,672,0,0,0,0,804,,0,0,0,26.726190476190474,1.1964285714285714,0.9002976190476191,,605,0,0,,,,,0,,,,,0,0,0,,0
"Collection","/collections/all",641,663,4,2,0,0,2386,0,0.006033182503770739,0.0030165912518853697,0,126.92458521870286,3.598793363499246,0.4781297134238311,0,317,641,663,4,2,0,0,2386,0,0.006033182503770739,0.0030165912518853697,0,126.92458521870286,3.598793363499246,0.4781297134238311,0,317,0,0,0,0,,,0,,0,0,,0,0,0,,0
"Collection","/collections/celebrity-sex-dolls",653,662,6,3,0,0,2448,0,0.00906344410876133,0.004531722054380665,0,167.54229607250755,3.697885196374622,0.46676737160120846,0,309,653,662,6,3,0,0,2448,0,0.00906344410876133,0.004531722054380665,0,167.54229607250755,3.697885196374622,0.46676737160120846,0,309,0,0,0,0,,,0,,0,0,,0,0,0,,0
"Collection","/collections/sex-doll-videos",584,603,1,1,0,0,1230,0,0.001658374792703151,0.001658374792703151,0,57.43615257048093,2.0398009950248754,0.7794361525704809,0,470,584,603,1,1,0,0,1230,0,0.001658374792703151,0.001658374792703151,0,57.43615257048093,2.0398009950248754,0.7794361525704809,0,470,0,0,0,0,,,0,,0,0,,0,0,0,,0
"Collection","/collections/vajankle-foot-fetish-toys",558,570,2,0,0,0,2065,,0.0035087719298245615,0,0,111.07894736842105,3.6228070175438596,0.44912280701754387,,256,558,570,2,0,0,0,2065,,0.0035087719298245615,0,0,111.07894736842105,3.6228070175438596,0.44912280701754387,,256,0,0,0,,,,0,,0,,,0,0,0,,0
"Blog Article","/blogs/featured-blog/how-to-diy-an-sex-doll-you",500,507,0,0,0,0,737,,0,0,0,45.59368836291913,1.4536489151873768,0.8481262327416174,,430,500,507,0,0,0,0,737,,0,0,0,45.59368836291913,1.4536489151873768,0.8481262327416174,,430,0,0,,,,,0,,,,,0,0,0,,0
"Collection","/collections/fake-ass-sex-toy",468,481,5,3,0,0,1373,0,0.010395010395010396,0.006237006237006237,0,113.77546777546777,2.8544698544698544,0.5467775467775468,0,263,468,481,5,3,0,0,1373,0,0.010395010395010396,0.006237006237006237,0,113.77546777546777,2.8544698544698544,0.5467775467775468,0,263,0,0,0,0,,,0,,0,0,,0,0,0,,0
"Collection","/collections/femboys-sex-doll",457,461,2,2,0,0,1628,0,0.004338394793926247,0.004338394793926247,0,126.88720173535792,3.531453362255965,0.4121475054229935,0,190,457,461,2,2,0,0,1628,0,0.004338394793926247,0.004338394793926247,0,126.88720173535792,3.531453362255965,0.4121475054229935,0,190,0,0,0,0,,,0,,0,0,,0,0,0,,0
"Collection","/collections/shemale-sex-doll-torso-1",426,438,4,1,0,0,1631,0,0.0091324200913242,0.00228310502283105,0,156.35159817351598,3.723744292237443,0.4589041095890411,0,201,426,438,4,1,0,0,1631,0,0.0091324200913242,0.00228310502283105,0,156.35159817351598,3.723744292237443,0.4589041095890411,0,201,0,0,0,0,,,0,,0,0,,0,0,0,,0
"Collection","/collections/furry-sex-doll",357,372,2,1,0,0,1177,0,0.005376344086021506,0.002688172043010753,0,115.1263440860215,3.163978494623656,0.5725806451612904,0,213,357,372,2,1,0,0,1177,0,0.005376344086021506,0.002688172043010753,0,115.1263440860215,3.163978494623656,0.5725806451612904,0,213,0,0,0,0,,,0,,0,0,,0,0,0,,0
"Collection","/collections/sex-doll-torso-dildo-for-woman",338,349,6,0,0,0,1164,,0.017191977077363897,0,0,167.23209169054442,3.335243553008596,0.48424068767908307,,169,338,349,6,0,0,0,1164,,0.017191977077363897,0,0,167.23209169054442,3.335243553008596,0.48424068767908307,,169,0,0,0,,,,0,,0,,,0,0,0,,0
"Collection","/collections/black-sex-dolls",286,297,4,0,0,0,1176,,0.013468013468013467,0,0,159.57912457912457,3.95959595959596,0.4276094276094276,,127,286,297,4,0,0,0,1176,,0.013468013468013467,0,0,159.57912457912457,3.95959595959596,0.4276094276094276,,127,0,0,0,,,,0,,0,,,0,0,0,,0
"Collection","/collections/boob-job-sex-toys",272,277,2,0,0,0,637,,0.007220216606498195,0,0,89.98916967509025,2.299638989169675,0.6389891696750902,,177,272,277,2,0,0,0,637,,0.007220216606498195,0,0,89.98916967509025,2.299638989169675,0.6389891696750902,,177,0,0,0,,,,0,,0,,,0,0,0,,0
"Collection","/collections/flat-chest-sex-doll",260,267,0,0,0,0,948,,0,0,0,165.29588014981275,3.550561797752809,0.46441947565543074,,124,260,267,0,0,0,0,948,,0,0,0,165.29588014981275,3.550561797752809,0.46441947565543074,,124,0,0,,,,,0,,,,,0,0,0,,0
"Collection","/collections/futa-sex-doll",232,238,0,0,0,0,833,,0,0,0,129.1218487394958,3.5,0.5,,119,232,238,0,0,0,0,833,,0,0,0,129.1218487394958,3.5,0.5,,119,0,0,,,,,0,,,,,0,0,0,,0
"Blog Article","/blogs/dolls-info-qustions/how-to-make-a-fake-ass-sex-toy",226,228,0,0,0,0,298,,0,0,0,51.38157894736842,1.3070175438596492,0.8421052631578947,,192,226,228,0,0,0,0,298,,0,0,0,51.38157894736842,1.3070175438596492,0.8421052631578947,,192,0,0,,,,,0,,,,,0,0,0,,0
"Collection","/collections/black-torso-sex-dolls",161,166,1,0,0,0,395,,0.006024096385542169,0,0,103.02409638554217,2.3795180722891565,0.5662650602409639,,94,161,166,1,0,0,0,395,,0.006024096385542169,0,0,103.02409638554217,2.3795180722891565,0.5662650602409639,,94,0,0,0,,,,0,,0,,,0,0,0,,0
"Collection","/collections/under-100",156,161,2,2,0,0,385,0,0.012422360248447204,0.012422360248447204,0,102.2111801242236,2.391304347826087,0.6583850931677019,0,106,156,161,2,2,0,0,385,0,0.012422360248447204,0.012422360248447204,0,102.2111801242236,2.391304347826087,0.6583850931677019,0,106,0,0,0,0,,,0,,0,0,,0,0,0,,0
"Collection","/collections/fake-pussy-fake-vagina-sex-toys",156,160,2,2,0,0,443,0,0.0125,0.0125,0,76.6875,2.76875,0.54375,0,87,156,160,2,2,0,0,443,0,0.0125,0.0125,0,76.6875,2.76875,0.54375,0,87,0,0,0,0,,,0,,0,0,,0,0,0,,0
"Collection","/collections/sex-doll-torso",153,159,4,1,0,0,963,0,0.025157232704402517,0.006289308176100629,0,318,6.056603773584905,0.2641509433962264,0,42,153,159,4,1,0,0,963,0,0.025157232704402517,0.006289308176100629,0,318,6.056603773584905,0.2641509433962264,0,42,0,0,0,0,,,0,,0,0,,0,0,0,,0
"Collection","/collections/enchanting-delights-2024-top-real-sex-doll-recommendations",149,154,1,0,0,0,505,,0.006493506493506494,0,0,155.30519480519482,3.279220779220779,0.4935064935064935,,76,149,154,1,0,0,0,505,,0.006493506493506494,0,0,155.30519480519482,3.279220779220779,0.4935064935064935,,76,0,0,0,,,,0,,0,,,0,0,0,,0
"Collection","/collections/huge-breasts-sex-dolls",145,152,1,0,0,0,576,,0.006578947368421052,0,0,172.57236842105263,3.789473684210526,0.4605263157894737,,70,145,152,1,0,0,0,576,,0.006578947368421052,0,0,172.57236842105263,3.789473684210526,0.4605263157894737,,70,0,0,0,,,,0,,0,,,0,0,0,,0
,"/de/collections/robotic-sex-doll",125,128,0,0,0,0,306,,0,0,0,81.28125,2.390625,0.6015625,,77,125,128,0,0,0,0,306,,0,0,0,81.28125,2.390625,0.6015625,,77,0,0,,,,,0,,,,,0,0,0,,0
"Collection","/collections/anime-pocket-pussy",126,126,0,0,0,0,318,,0,0,0,84.2063492063492,2.5238095238095237,0.6428571428571429,,81,126,126,0,0,0,0,318,,0,0,0,84.2063492063492,2.5238095238095237,0.6428571428571429,,81,0,0,,,,,0,,,,,0,0,0,,0
"Collection","/collections/shemale-sex-toy",118,119,0,0,0,0,203,,0,0,0,33.563025210084035,1.7058823529411764,0.7899159663865546,,94,118,119,0,0,0,0,203,,0,0,0,33.563025210084035,1.7058823529411764,0.7899159663865546,,94,0,0,,,,,0,,,,,0,0,0,,0
"Collection","/collections/asian-sex-doll",116,118,1,0,0,0,379,,0.00847457627118644,0,0,210.5084745762712,3.211864406779661,0.5847457627118644,,69,116,118,1,0,0,0,379,,0.00847457627118644,0,0,210.5084745762712,3.211864406779661,0.5847457627118644,,69,0,0,0,,,,0,,0,,,0,0,0,,0
"Collection","/collections/big-booty-sex-dolls",108,117,0,1,0,0,405,0,0,0.008547008547008548,0,181.36752136752136,3.4615384615384617,0.4017094017094017,,47,108,117,0,1,0,0,405,0,0,0.008547008547008548,0,181.36752136752136,3.4615384615384617,0.4017094017094017,,47,0,0,,0,,,0,,,0,,0,0,0,,0
"Collection","/collections/silicone-ass",109,112,4,2,0,0,484,0,0.03571428571428571,0.017857142857142856,0,238.61607142857142,4.321428571428571,0.375,0,42,109,112,4,2,0,0,484,0,0.03571428571428571,0.017857142857142856,0,238.61607142857142,4.321428571428571,0.375,0,42,0,0,0,0,,,0,,0,0,,0,0,0,,0
"Collection","/collections/vibrating-sex-doll-torso",109,111,1,1,0,0,278,0,0.009009009009009009,0.009009009009009009,0,113.42342342342343,2.5045045045045047,0.5855855855855856,0,65,109,111,1,1,0,0,278,0,0.009009009009009009,0.009009009009009009,0,113.42342342342343,2.5045045045045047,0.5855855855855856,0,65,0,0,0,0,,,0,,0,0,,0,0,0,,0
"Collection","/collections/18s-sex-doll",102,103,0,0,0,0,317,,0,0,0,134.35922330097088,3.0776699029126213,0.6213592233009708,,64,102,103,0,0,0,0,317,,0,0,0,134.35922330097088,3.0776699029126213,0.6213592233009708,,64,0,0,,,,,0,,,,,0,0,0,,0
"Collection","/collections/lesbian-sex-doll-torso",100,102,1,0,0,0,208,,0.00980392156862745,0,0,54.23529411764706,2.0392156862745097,0.6666666666666666,,68,100,102,1,0,0,0,208,,0.00980392156862745,0,0,54.23529411764706,2.0392156862745097,0.6666666666666666,,68,0,0,0,,,,0,,0,,,0,0,0,,0
"Collection","/collections/anime-mini-sex-doll",94,96,1,1,1,0.010416666666666666,220,1,0.010416666666666666,0.010416666666666666,1,74.1875,2.2916666666666665,0.6875,1,66,94,96,1,1,1,0.010416666666666666,220,1,0.010416666666666666,0.010416666666666666,1,74.1875,2.2916666666666665,0.6875,1,66,0,0,0,0,0,0,0,0,0,0,0,0,0,0,0,0
"Custom Page","/pages/sex-doll-gif",90,92,0,0,0,0,142,,0,0,0,26.5,1.5434782608695652,0.8260869565217391,,76,90,92,0,0,0,0,142,,0,0,0,26.5,1.5434782608695652,0.8260869565217391,,76,0,0,,,,,0,,,,,0,0,0,,0
"Product","/products/599-83lb-sex-doll-torso-with-realistic-oversized-ass",81,85,0,0,0,0,300,,0,0,0,220.85882352941175,3.5294117647058822,0.5647058823529412,,48,81,85,0,0,0,0,300,,0,0,0,220.85882352941175,3.5294117647058822,0.5647058823529412,,48,0,0,,,,,0,,,,,0,0,0,,0
"Collection","/collections/animal-hentai-sex-doll",78,81,0,0,0,0,320,,0,0,0,198.74074074074073,3.950617283950617,0.4567901234567901,,37,78,81,0,0,0,0,320,,0,0,0,198.74074074074073,3.950617283950617,0.4567901234567901,,37,0,0,,,,,0,,,,,0,0,0,,0
,"/en-ca/collections/bbw-sex-doll-torso",75,76,1,1,0,0,204,0,0.013157894736842105,0.013157894736842105,0,120.96052631578948,2.6842105263157894,0.5526315789473685,0,42,75,76,1,1,0,0,204,0,0.013157894736842105,0.013157894736842105,0,120.96052631578948,2.6842105263157894,0.5526315789473685,0,42,0,0,0,0,,,0,,0,0,,0,0,0,,0
"Blog Article","/blogs/sex-doll-torso-blog/top-7-sex-poses-with-your-torso-sex-doll",73,74,0,0,0,0,115,,0,0,0,96.44594594594595,1.554054054054054,0.8648648648648649,,64,73,74,0,0,0,0,115,,0,0,0,96.44594594594595,1.554054054054054,0.8648648648648649,,64,0,0,,,,,0,,,,,0,0,0,,0
"Product","/products/t901-21-51lb-c-cup-7-08-dildo-electric-shemale-big-penis-male-female-sex-doll-torso-adult-toys",73,73,0,0,0,0,73,,0,0,0,0,1,1,,73,73,73,0,0,0,0,73,,0,0,0,0,1,1,,73,0,0,,,,,0,,,,,,0,0,,0
"Collection","/collections/bbw-black-sex-doll",66,69,2,1,0,0,236,0,0.028985507246376812,0.014492753623188406,0,200.0144927536232,3.420289855072464,0.6231884057971014,0,43,66,69,2,1,0,0,236,0,0.028985507246376812,0.014492753623188406,0,200.0144927536232,3.420289855072464,0.6231884057971014,0,43,0,0,0,0,,,0,,0,0,,0,0,0,,0
"Collection","/collections/torso-shemale-sex-doll",68,68,1,1,0,0,210,0,0.014705882352941176,0.014705882352941176,0,203.80882352941177,3.088235294117647,0.45588235294117646,0,31,68,68,1,1,0,0,210,0,0.014705882352941176,0.014705882352941176,0,203.80882352941177,3.088235294117647,0.45588235294117646,0,31,0,0,0,0,,,0,,0,0,,0,0,0,,0
,"/ja/blogs/featured-blog/how-to-make-fake-pussy",65,68,0,0,0,0,78,,0,0,0,21.970588235294116,1.1470588235294117,0.9117647058823529,,62,65,68,0,0,0,0,78,,0,0,0,21.970588235294116,1.1470588235294117,0.9117647058823529,,62,0,0,,,,,0,,,,,0,0,0,,0
"Collection","/collections/mini-sex-doll",64,67,0,0,0,0,127,,0,0,0,60.95522388059702,1.8955223880597014,0.6119402985074627,,41,64,67,0,0,0,0,127,,0,0,0,60.95522388059702,1.8955223880597014,0.6119402985074627,,41,0,0,,,,,0,,,,,0,0,0,,0
"List of Collections","/collections/vendors",60,65,1,1,1,0.015384615384615385,268,1,0.015384615384615385,0.015384615384615385,1,192.98461538461538,4.123076923076923,0.38461538461538464,1,25,60,65,1,1,1,0.015384615384615385,268,1,0.015384615384615385,0.015384615384615385,1,192.98461538461538,4.123076923076923,0.38461538461538464,1,25,0,0,0,0,0,0,0,0,0,0,0,0,0,0,0,0
"Collection","/collections/silicone-pocket-pussy",64,64,4,4,0,0,236,0,0.0625,0.0625,0,149.390625,3.6875,0.65625,0,42,64,64,4,4,0,0,236,0,0.0625,0.0625,0,149.390625,3.6875,0.65625,0,42,0,0,0,0,,,0,,0,0,,0,0,0,,0
"Collection","/collections/life-size-anime-sex-doll",60,62,0,0,0,0,343,,0,0,0,325.01612903225805,5.532258064516129,0.27419354838709675,,17,60,62,0,0,0,0,343,,0,0,0,325.01612903225805,5.532258064516129,0.27419354838709675,,17,0,0,,,,,0,,,,,0,0,0,,0
,"/en-ca/collections/sex-doll-head",61,61,1,0,0,0,360,,0.01639344262295082,0,0,206.34426229508196,5.901639344262295,0.19672131147540983,,12,61,61,1,0,0,0,360,,0.01639344262295082,0,0,206.34426229508196,5.901639344262295,0.19672131147540983,,12,0,0,0,,,,0,,0,,,0,0,0,,0
"Collection","/collections/mini-sex-doll-torso",60,61,0,0,0,0,164,,0,0,0,150.62295081967213,2.6885245901639343,0.5737704918032787,,35,60,61,0,0,0,0,164,,0,0,0,150.62295081967213,2.6885245901639343,0.5737704918032787,,35,0,0,,,,,0,,,,,0,0,0,,0
"Collection","/collections/best-seller-sex-dolls-under-200",61,61,2,0,0,0,164,,0.03278688524590164,0,0,191.31147540983608,2.6885245901639343,0.5081967213114754,,31,61,61,2,0,0,0,164,,0.03278688524590164,0,0,191.31147540983608,2.6885245901639343,0.5081967213114754,,31,0,0,0,,,,0,,0,,,0,0,0,,0
"Blog Article","/blogs/dolls-info-qustions/how-to-titty-fuck-experience-the-ultimate-pleasure-with-a-huge-breast-sex-doll",60,60,0,0,0,0,108,,0,0,0,73.21666666666667,1.8,0.7666666666666667,,46,60,60,0,0,0,0,108,,0,0,0,73.21666666666667,1.8,0.7666666666666667,,46,0,0,,,,,0,,,,,0,0,0,,0
,"/de/blogs/featured-blog/how-to-make-fake-pussy",60,60,0,0,0,0,64,,0,0,0,15.1,1.0666666666666667,0.9333333333333333,,56,60,60,0,0,0,0,64,,0,0,0,15.1,1.0666666666666667,0.9333333333333333,,56,0,0,,,,,0,,,,,0,0,0,,0
"Product","/products/57-32lb-sex-doll-torso-with-life-size-ass-and-soft-skin-512-sex-doll-torso",59,59,0,0,0,0,203,,0,0,0,169.15254237288136,3.440677966101695,0.6101694915254238,,36,59,59,0,0,0,0,203,,0,0,0,169.15254237288136,3.440677966101695,0.6101694915254238,,36,0,0,,,,,0,,,,,0,0,0,,0
,"/en-ca/collections/robotic-sex-doll",53,54,0,0,0,0,211,,0,0,0,159.61111111111111,3.9074074074074074,0.48148148148148145,,26,53,54,0,0,0,0,211,,0,0,0,159.61111111111111,3.9074074074074074,0.48148148148148145,,26,0,0,,,,,0,,,,,0,0,0,,0
,"/en-ca",45,54,3,2,0,0,504,0,0.05555555555555555,0.037037037037037035,0,491.6296296296296,9.333333333333334,0.1111111111111111,0,6,45,54,3,2,0,0,504,0,0.05555555555555555,0.037037037037037035,0,491.6296296296296,9.333333333333334,0.1111111111111111,0,6,0,0,0,0,,,0,,0,0,,0,0,0,,0
"Collection","/collections/ros-sex-doll-heads-1",52,53,0,0,0,0,117,,0,0,0,99.0754716981132,2.207547169811321,0.5660377358490566,,30,52,53,0,0,0,0,117,,0,0,0,99.0754716981132,2.207547169811321,0.5660377358490566,,30,0,0,,,,,0,,,,,0,0,0,,0
"Collection","/collections/life-size-shemale-sex-doll",52,53,1,1,0,0,206,0,0.018867924528301886,0.018867924528301886,0,220.03773584905662,3.8867924528301887,0.5283018867924528,0,28,52,53,1,1,0,0,206,0,0.018867924528301886,0.018867924528301886,0,220.03773584905662,3.8867924528301887,0.5283018867924528,0,28,0,0,0,0,,,0,,0,0,,0,0,0,,0
"Collection","/collections/pocket-pussy-ass",51,51,0,0,0,0,99,,0,0,0,106.19607843137256,1.9411764705882353,0.6666666666666666,,34,51,51,0,0,0,0,99,,0,0,0,106.19607843137256,1.9411764705882353,0.6666666666666666,,34,0,0,,,,,0,,,,,0,0,0,,0
"Collection","/collections/petite-sex-doll",47,49,0,0,0,0,128,,0,0,0,204.08163265306123,2.6122448979591835,0.4489795918367347,,22,47,49,0,0,0,0,128,,0,0,0,204.08163265306123,2.6122448979591835,0.4489795918367347,,22,0,0,,,,,0,,,,,0,0,0,,0
"Collection","/collections/sex-doll-feet",46,48,0,0,0,0,136,,0,0,0,211.39583333333334,2.8333333333333335,0.6458333333333334,,31,46,48,0,0,0,0,136,,0,0,0,211.39583333333334,2.8333333333333335,0.6458333333333334,,31,0,0,,,,,0,,,,,0,0,0,,0
"Collection","/collections/fake-pussy-hentai-sex-doll",47,47,1,1,1,0.02127659574468085,100,1,0.02127659574468085,0.02127659574468085,1,58.91489361702128,2.127659574468085,0.6808510638297872,1,32,47,47,1,1,1,0.02127659574468085,100,1,0.02127659574468085,0.02127659574468085,1,58.91489361702128,2.127659574468085,0.6808510638297872,1,32,0,0,0,0,0,0,0,0,0,0,0,0,0,0,0,0
"Collection","/collections/torso-dildo",43,45,0,0,0,0,81,,0,0,0,89.8,1.8,0.5777777777777777,,26,43,45,0,0,0,0,81,,0,0,0,89.8,1.8,0.5777777777777777,,26,0,0,,,,,0,,,,,0,0,0,,0
"Collection","/collections/chinese-sex-doll",43,45,0,0,0,0,90,,0,0,0,81.53333333333333,2,0.6222222222222222,,28,43,45,0,0,0,0,90,,0,0,0,81.53333333333333,2,0.6222222222222222,,28,0,0,,,,,0,,,,,0,0,0,,0
"Collection","/collections/life-sized-sex-doll",43,44,0,0,0,0,116,,0,0,0,186.0681818181818,2.6363636363636362,0.5227272727272727,,23,43,44,0,0,0,0,116,,0,0,0,186.0681818181818,2.6363636363636362,0.5227272727272727,,23,0,0,,,,,0,,,,,0,0,0,,0
"Blog Article","/blogs/dolls-info-qustions/gentlemans-paradise-exploring-nsfw-anime-figures-and-sex-dolls",42,44,0,0,0,0,207,,0,0,0,190.27272727272728,4.704545454545454,0.6818181818181818,,30,42,44,0,0,0,0,207,,0,0,0,190.27272727272728,4.704545454545454,0.6818181818181818,,30,0,0,,,,,0,,,,,0,0,0,,0
,"/en-ca/blogs/featured-blog/how-to-make-fake-pussy",42,42,0,0,0,0,51,,0,0,0,18.785714285714285,1.2142857142857142,0.9285714285714286,,39,42,42,0,0,0,0,51,,0,0,0,18.785714285714285,1.2142857142857142,0.9285714285714286,,39,0,0,,,,,0,,,,,0,0,0,,0
,"/en-fi/blogs/featured-blog/how-to-make-fake-pussy",41,41,0,0,0,0,63,,0,0,0,12.24390243902439,1.5365853658536586,0.8292682926829268,,34,41,41,0,0,0,0,63,,0,0,0,12.24390243902439,1.5365853658536586,0.8292682926829268,,34,0,0,,,,,0,,,,,0,0,0,,0
"Collection","/collections/under-1000-full-doll",31,41,2,2,0,0,148,0,0.04878048780487805,0.04878048780487805,0,169.17073170731706,3.6097560975609757,0.5365853658536586,0,22,31,41,2,2,0,0,148,0,0.04878048780487805,0.04878048780487805,0,169.17073170731706,3.6097560975609757,0.5365853658536586,0,22,0,0,0,0,,,0,,0,0,,0,0,0,,0
"Collection","/collections/foot-pocket-pussy",39,40,0,0,0,0,82,,0,0,0,49.9,2.05,0.65,,26,39,40,0,0,0,0,82,,0,0,0,49.9,2.05,0.65,,26,0,0,,,,,0,,,,,0,0,0,,0
,"/en-ca/collections/celebrity-sex-dolls",40,40,0,0,0,0,152,,0,0,0,107.7,3.8,0.425,,17,40,40,0,0,0,0,152,,0,0,0,107.7,3.8,0.425,,17,0,0,,,,,0,,,,,0,0,0,,0
,"/en-ca/collections/all",39,40,0,0,0,0,148,,0,0,0,200.525,3.7,0.475,,19,39,40,0,0,0,0,148,,0,0,0,200.525,3.7,0.475,,19,0,0,,,,,0,,,,,0,0,0,,0
"Collection","/collections/alien-sex-dolls",38,40,1,0,0,0,165,,0.025,0,0,260.275,4.125,0.4,,16,38,40,1,0,0,0,165,,0.025,0,0,260.275,4.125,0.4,,16,0,0,0,,,,0,,0,,,0,0,0,,0
"Blog Article","/blogs/real-sex-doll-reviews-pros-cons-real-usage-tests/2026-meru-hentai-sex-doll-review-comprehensive-comparison-of-4-hot-models",39,39,0,0,0,0,58,,0,0,0,54.717948717948715,1.4871794871794872,0.7435897435897436,,29,39,39,0,0,0,0,58,,0,0,0,54.717948717948715,1.4871794871794872,0.7435897435897436,,29,0,0,,,,,0,,,,,0,0,0,,0
"Collection","/collections/black-male-sex-doll",38,39,0,0,0,0,89,,0,0,0,51.43589743589744,2.282051282051282,0.6923076923076923,,27,38,39,0,0,0,0,89,,0,0,0,51.43589743589744,2.282051282051282,0.6923076923076923,,27,0,0,,,,,0,,,,,0,0,0,,0
"Collection","/collections/young-male-sex-doll",36,39,0,0,0,0,79,,0,0,0,63,2.0256410256410255,0.6410256410256411,,25,36,39,0,0,0,0,79,,0,0,0,63,2.0256410256410255,0.6410256410256411,,25,0,0,,,,,0,,,,,0,0,0,,0
,"/en-ca/collections/full-doll",37,38,0,0,0,0,215,,0,0,0,175.68421052631578,5.657894736842105,0.2894736842105263,,11,37,38,0,0,0,0,215,,0,0,0,175.68421052631578,5.657894736842105,0.2894736842105263,,11,0,0,,,,,0,,,,,0,0,0,,0
"Blog Article","/blogs/dolls-info-qustions/%F0%9F%94%A5-top-5-most-popular-big-butt-chubby-belly-curvy-body-pornstar-style-sex-dolls-in-2025-%F0%9F%94%A5",38,38,0,0,0,0,40,,0,0,0,1.5789473684210527,1.0526315789473684,0.9473684210526315,,36,38,38,0,0,0,0,40,,0,0,0,1.5789473684210527,1.0526315789473684,0.9473684210526315,,36,0,0,,,,,0,,,,,0,0,0,,0
"Collection","/collections/male-sex-doll",36,37,0,0,0,0,137,,0,0,0,273.64864864864865,3.7027027027027026,0.2972972972972973,,11,36,37,0,0,0,0,137,,0,0,0,273.64864864864865,3.7027027027027026,0.2972972972972973,,11,0,0,,,,,0,,,,,0,0,0,,0
"Collection","/collections/onahole",35,35,0,0,0,0,181,,0,0,0,174.68571428571428,5.171428571428572,0.6571428571428571,,23,35,35,0,0,0,0,181,,0,0,0,174.68571428571428,5.171428571428572,0.6571428571428571,,23,0,0,,,,,0,,,,,0,0,0,,0
"Collection","/collections/ai-sex-doll",35,35,0,0,0,0,79,,0,0,0,112.11428571428571,2.257142857142857,0.5714285714285714,,20,35,35,0,0,0,0,79,,0,0,0,112.11428571428571,2.257142857142857,0.5714285714285714,,20,0,0,,,,,0,,,,,0,0,0,,0
"Product","/products/f5425-elsa-babe-hentai-anime-waifu-sex-dolls-silicone-head-150cm-27-5kg",28,34,0,0,0,0,114,,0,0,0,262.97058823529414,3.3529411764705883,0.7647058823529411,,26,28,34,0,0,0,0,114,,0,0,0,262.97058823529414,3.3529411764705883,0.7647058823529411,,26,0,0,,,,,0,,,,,0,0,0,,0
,"/en-ca/blogs/featured-blog/how-to-diy-an-sex-doll-you",33,34,0,0,0,0,52,,0,0,0,174.91176470588235,1.5294117647058822,0.7941176470588235,,27,33,34,0,0,0,0,52,,0,0,0,174.91176470588235,1.5294117647058822,0.7941176470588235,,27,0,0,,,,,0,,,,,0,0,0,,0
"Product","/products/h651-ros-free-hair-impants-real-oral-movable-jaw-silicone-sex-doll-head-meizaoren",3,33,2,0,0,0,163,,0.06060606060606061,0,0,328.27272727272725,4.9393939393939394,0.5757575757575758,,19,3,33,2,0,0,0,163,,0.06060606060606061,0,0,328.27272727272725,4.9393939393939394,0.5757575757575758,,19,0,0,0,,,,0,,0,,,0,0,0,,0
"Collection","/collections/naked-sex-doll",32,33,0,0,0,0,199,,0,0,0,376.969696969697,6.03030303030303,0.45454545454545453,,15,32,33,0,0,0,0,199,,0,0,0,376.969696969697,6.03030303030303,0.45454545454545453,,15,0,0,,,,,0,,,,,0,0,0,,0
"Collection","/collections/halloween-sex-doll",31,32,1,0,0,0,110,,0.03125,0,0,130.78125,3.4375,0.53125,,17,31,32,1,0,0,0,110,,0.03125,0,0,130.78125,3.4375,0.53125,,17,0,0,0,,,,0,,0,,,0,0,0,,0
"Custom Page","/pages/full-doll",31,31,0,0,0,0,225,,0,0,0,316.96774193548384,7.258064516129032,0.2903225806451613,,9,31,31,0,0,0,0,225,,0,0,0,316.96774193548384,7.258064516129032,0.2903225806451613,,9,0,0,,,,,0,,,,,0,0,0,,0
"Blog Article","/blogs/dolls-info-qustions/why-do-men-like-to-have-sex-with-bigass-women",31,31,0,0,0,0,39,,0,0,0,29.806451612903224,1.2580645161290323,0.9354838709677419,,29,31,31,0,0,0,0,39,,0,0,0,29.806451612903224,1.2580645161290323,0.9354838709677419,,29,0,0,,,,,0,,,,,0,0,0,,0
"Collection","/collections/monster-hentai-sex-doll",29,30,0,0,0,0,99,,0,0,0,111.3,3.3,0.5,,15,29,30,0,0,0,0,99,,0,0,0,111.3,3.3,0.5,,15,0,0,,,,,0,,,,,0,0,0,,0
"Collection","/collections/hentai-sex-dolls-connecting-fantasy-to-reality",30,30,0,0,0,0,113,,0,0,0,107.76666666666667,3.7666666666666666,0.5333333333333333,,16,30,30,0,0,0,0,113,,0,0,0,107.76666666666667,3.7666666666666666,0.5333333333333333,,16,0,0,,,,,0,,,,,0,0,0,,0
"Product","/products/t681-61lbbig-boots-sex-doll-torso",29,30,0,0,0,0,45,,0,0,0,20.533333333333335,1.5,0.8666666666666667,,26,29,30,0,0,0,0,45,,0,0,0,20.533333333333335,1.5,0.8666666666666667,,26,0,0,,,,,0,,,,,0,0,0,,0
"Collection","/collections/cheap-sex-doll",29,29,0,0,0,0,70,,0,0,0,177.41379310344828,2.413793103448276,0.3448275862068966,,10,29,29,0,0,0,0,70,,0,0,0,177.41379310344828,2.413793103448276,0.3448275862068966,,10,0,0,,,,,0,,,,,0,0,0,,0
"Collection","/collections/bbw-milf-sex-doll",26,27,1,0,0,0,78,,0.037037037037037035,0,0,69.62962962962963,2.888888888888889,0.3333333333333333,,9,26,27,1,0,0,0,78,,0.037037037037037035,0,0,69.62962962962963,2.888888888888889,0.3333333333333333,,9,0,0,0,,,,0,,0,,,0,0,0,,0
,"/en-ca/collections/vajankle-foot-fetish-toys",26,27,0,0,0,0,105,,0,0,0,78.55555555555556,3.888888888888889,0.5185185185185185,,14,26,27,0,0,0,0,105,,0,0,0,78.55555555555556,3.888888888888889,0.5185185185185185,,14,0,0,,,,,0,,,,,0,0,0,,0
"Collection","/collections/tpe-ass",27,27,0,0,0,0,67,,0,0,0,72.66666666666667,2.4814814814814814,0.48148148148148145,,13,27,27,0,0,0,0,67,,0,0,0,72.66666666666667,2.4814814814814814,0.48148148148148145,,13,0,0,,,,,0,,,,,0,0,0,,0
"Cart","/cart",23,26,6,1,0,0,250,0,0.23076923076923078,0.038461538461538464,0,574.5384615384615,9.615384615384615,0.4230769230769231,0,11,23,26,6,1,0,0,250,0,0.23076923076923078,0.038461538461538464,0,574.5384615384615,9.615384615384615,0.4230769230769231,0,11,0,0,0,0,,,0,,0,0,,0,0,0,,0
,"/en-ca/collections/femboys-sex-doll",25,26,0,0,0,0,74,,0,0,0,71.3076923076923,2.8461538461538463,0.38461538461538464,,10,25,26,0,0,0,0,74,,0,0,0,71.3076923076923,2.8461538461538463,0.38461538461538464,,10,0,0,,,,,0,,,,,0,0,0,,0
,"/en-ca/collections/flat-chest-sex-doll",24,25,0,0,0,0,79,,0,0,0,149.04,3.16,0.64,,16,24,25,0,0,0,0,79,,0,0,0,149.04,3.16,0.64,,16,0,0,,,,,0,,,,,0,0,0,,0
"Collection","/collections/ai-sex-dolls-list",25,25,1,0,0,0,73,,0.04,0,0,141.8,2.92,0.36,,9,25,25,1,0,0,0,73,,0.04,0,0,141.8,2.92,0.36,,9,0,0,0,,,,0,,0,,,0,0,0,,0
"Collection","/collections/mini-hentai-sex-doll",24,24,0,0,0,0,83,,0,0,0,228.70833333333334,3.4583333333333335,0.4166666666666667,,10,24,24,0,0,0,0,83,,0,0,0,228.70833333333334,3.4583333333333335,0.4166666666666667,,10,0,0,,,,,0,,,,,0,0,0,,0
"Collection","/collections/sex-doll-legs",22,24,0,0,0,0,85,,0,0,0,156.54166666666666,3.5416666666666665,0.5416666666666666,,13,22,24,0,0,0,0,85,,0,0,0,156.54166666666666,3.5416666666666665,0.5416666666666666,,13,0,0,,,,,0,,,,,0,0,0,,0
"Collection","/collections/black-pocket-pussy",24,24,0,0,0,0,56,,0,0,0,40.833333333333336,2.3333333333333335,0.7916666666666666,,19,24,24,0,0,0,0,56,,0,0,0,40.833333333333336,2.3333333333333335,0.7916666666666666,,19,0,0,,,,,0,,,,,0,0,0,,0
"Blog Article","/blogs/dolls-info-qustions/shocking-in-depth-review-of-naimi-1-1-celebrity-sex-doll",24,24,0,0,0,0,50,,0,0,0,60.5,2.0833333333333335,0.4166666666666667,,10,24,24,0,0,0,0,50,,0,0,0,60.5,2.0833333333333335,0.4166666666666667,,10,0,0,,,,,0,,,,,0,0,0,,0
"Product","/products/h125-sex-doll-head",24,24,1,1,1,0.041666666666666664,36,1,0.041666666666666664,0.041666666666666664,1,110.25,1.5,0.9166666666666666,1,22,24,24,1,1,1,0.041666666666666664,36,1,0.041666666666666664,0.041666666666666664,1,110.25,1.5,0.9166666666666666,1,22,0,0,0,0,0,0,0,0,0,0,0,0,0,0,0,0
"Blog Article","/blogs/dolls-info-qustions/2025-hot-selling-japanese-sex-dolls-popular-products-and-their-unique-charm-unveiled",23,23,0,0,0,0,99,,0,0,0,108.91304347826087,4.304347826086956,0.6956521739130435,,16,23,23,0,0,0,0,99,,0,0,0,108.91304347826087,4.304347826086956,0.6956521739130435,,16,0,0,,,,,0,,,,,0,0,0,,0
,"/de/collections/futa-sex-doll",23,23,0,0,0,0,89,,0,0,0,141.2608695652174,3.869565217391304,0.5217391304347826,,12,23,23,0,0,0,0,89,,0,0,0,141.2608695652174,3.869565217391304,0.5217391304347826,,12,0,0,,,,,0,,,,,0,0,0,,0
,"/de/collections/shemale-sex-doll",21,23,0,0,0,0,47,,0,0,0,66.43478260869566,2.0434782608695654,0.6521739130434783,,15,21,23,0,0,0,0,47,,0,0,0,66.43478260869566,2.0434782608695654,0.6521739130434783,,15,0,0,,,,,0,,,,,0,0,0,,0
"Collection","/collections/electric-sex-doll-head",21,22,0,0,0,0,65,,0,0,0,197.5,2.9545454545454546,0.5,,11,21,22,0,0,0,0,65,,0,0,0,197.5,2.9545454545454546,0.5,,11,0,0,,,,,0,,,,,0,0,0,,0
"Product","/products/a664-37-5lb-silicone-butt-sexy-and-real-realistic-big-ass-sex-doll-torso",15,22,0,0,0,0,36,,0,0,0,35.63636363636363,1.6363636363636365,0.6363636363636364,,14,15,22,0,0,0,0,36,,0,0,0,35.63636363636363,1.6363636363636365,0.6363636363636364,,14,0,0,,,,,0,,,,,0,0,0,,0
,"/en-ca/collections/anime-sex-doll",22,22,0,0,0,0,78,,0,0,0,75.4090909090909,3.5454545454545454,0.45454545454545453,,10,22,22,0,0,0,0,78,,0,0,0,75.4090909090909,3.5454545454545454,0.45454545454545453,,10,0,0,,,,,0,,,,,0,0,0,,0
"Product","/products/f5314-realistic-skin-silicone-bbw-sex-doll-se-doll",20,22,0,0,0,0,119,,0,0,0,322.8181818181818,5.409090909090909,0.4090909090909091,,9,20,22,0,0,0,0,119,,0,0,0,322.8181818181818,5.409090909090909,0.4090909090909091,,9,0,0,,,,,0,,,,,0,0,0,,0
"Collection","/collections/big-ass-sex-doll-torso",21,21,0,0,0,0,58,,0,0,0,107,2.761904761904762,0.7619047619047619,,16,21,21,0,0,0,0,58,,0,0,0,107,2.761904761904762,0.7619047619047619,,16,0,0,,,,,0,,,,,0,0,0,,0
"Collection","/collections/anime-hentai-sex-doll",21,21,1,1,0,0,116,0,0.047619047619047616,0.047619047619047616,0,343.8095238095238,5.523809523809524,0.47619047619047616,0,10,21,21,1,1,0,0,116,0,0.047619047619047616,0.047619047619047616,0,343.8095238095238,5.523809523809524,0.47619047619047616,0,10,0,0,0,0,,,0,,0,0,,0,0,0,,0
"Collection","/collections/bbw-sex-dolls",18,21,0,0,0,0,51,,0,0,0,71.57142857142857,2.4285714285714284,0.38095238095238093,,8,18,21,0,0,0,0,51,,0,0,0,71.57142857142857,2.4285714285714284,0.38095238095238093,,8,0,0,,,,,0,,,,,0,0,0,,0
"Collection","/collections/doll-castle",18,21,0,0,0,0,108,,0,0,0,334.0952380952381,5.142857142857143,0.19047619047619047,,4,18,21,0,0,0,0,108,,0,0,0,334.0952380952381,5.142857142857143,0.19047619047619047,,4,0,0,,,,,0,,,,,0,0,0,,0
"Collection","/collections/s-tpe-doll",21,21,0,0,0,0,38,,0,0,0,89.14285714285714,1.8095238095238095,0.7142857142857143,,15,21,21,0,0,0,0,38,,0,0,0,89.14285714285714,1.8095238095238095,0.7142857142857143,,15,0,0,,,,,0,,,,,0,0,0,,0
"Collection","/collections/new-arrivals-robot-sex-dolls",20,20,0,0,0,0,62,,0,0,0,134.55,3.1,0.35,,7,20,20,0,0,0,0,62,,0,0,0,134.55,3.1,0.35,,7,0,0,,,,,0,,,,,0,0,0,,0
,"/en-ca/collections/boob-job-sex-toys",19,20,0,0,0,0,30,,0,0,0,19.15,1.5,0.75,,15,19,20,0,0,0,0,30,,0,0,0,19.15,1.5,0.75,,15,0,0,,,,,0,,,,,0,0,0,,0
,"/en-ca/blogs/dolls-info-qustions/how-to-make-a-fake-ass-sex-toy",17,20,0,0,0,0,30,,0,0,0,90.4,1.5,0.7,,14,17,20,0,0,0,0,30,,0,0,0,90.4,1.5,0.7,,14,0,0,,,,,0,,,,,0,0,0,,0
"Collection","/collections/300-600",16,20,0,0,0,0,32,,0,0,0,130.35,1.6,0.8,,16,16,20,0,0,0,0,32,,0,0,0,130.35,1.6,0.8,,16,0,0,,,,,0,,,,,0,0,0,,0
"Collection","/collections/electric-pocket-pussy",19,20,0,0,0,0,51,,0,0,0,37.45,2.55,0.8,,16,19,20,0,0,0,0,51,,0,0,0,37.45,2.55,0.8,,16,0,0,,,,,0,,,,,0,0,0,,0
"Blog Article","/blogs/dolls-info-qustions/what-weight-of-butt-torso-sex-dolls-is-most-suitable",18,20,0,0,0,0,35,,0,0,0,59.25,1.75,0.8,,16,18,20,0,0,0,0,35,,0,0,0,59.25,1.75,0.8,,16,0,0,,,,,0,,,,,0,0,0,,0
"Product","/products/p379-3-86lb-anime-fake-pussy-medusa-silicone-hentai-sex-doll-mrl",19,19,0,0,0,0,25,,0,0,0,10.157894736842104,1.3157894736842106,0.8947368421052632,,17,19,19,0,0,0,0,25,,0,0,0,10.157894736842104,1.3157894736842106,0.8947368421052632,,17,0,0,,,,,0,,,,,0,0,0,,0
"Collection","/collections/fantasy-sex-dolls",15,19,0,0,0,0,48,,0,0,0,182.94736842105263,2.526315789473684,0.5263157894736842,,10,15,19,0,0,0,0,48,,0,0,0,182.94736842105263,2.526315789473684,0.5263157894736842,,10,0,0,,,,,0,,,,,0,0,0,,0
"Collection","/collections/silicone-sex-doll-torso-love-torso-silicone-doll",19,19,0,0,0,0,51,,0,0,0,121.42105263157895,2.6842105263157894,0.47368421052631576,,9,19,19,0,0,0,0,51,,0,0,0,121.42105263157895,2.6842105263157894,0.47368421052631576,,9,0,0,,,,,0,,,,,0,0,0,,0
"Product","/collections/sex-doll-torso/products/591sex-doll-torso",19,19,0,0,0,0,84,,0,0,0,196.1578947368421,4.421052631578948,0.2631578947368421,,5,19,19,0,0,0,0,84,,0,0,0,196.1578947368421,4.421052631578948,0.2631578947368421,,5,0,0,,,,,0,,,,,0,0,0,,0
"Blog Article","/blogs/dolls-info-qustions/why-do-women-enjoy-anal-sex-5-honest-reasons-you-never-expected",18,18,0,0,0,0,23,,0,0,0,25,1.2777777777777777,0.7777777777777778,,14,18,18,0,0,0,0,23,,0,0,0,25,1.2777777777777777,0.7777777777777778,,14,0,0,,,,,0,,,,,0,0,0,,0
,"/en-ca/collections/fake-ass-sex-toy",18,18,2,2,0,0,82,0,0.1111111111111111,0.1111111111111111,0,321.8333333333333,4.555555555555555,0.2777777777777778,0,5,18,18,2,2,0,0,82,0,0.1111111111111111,0.1111111111111111,0,321.8333333333333,4.555555555555555,0.2777777777777778,0,5,0,0,0,0,,,0,,0,0,,0,0,0,,0
"Blog Article","/blogs/dolls-info-qustions/vaginal-and-anal-design-of-life-size-sex-dolls",17,18,0,0,0,0,53,,0,0,0,49.166666666666664,2.9444444444444446,0.6666666666666666,,12,17,18,0,0,0,0,53,,0,0,0,49.166666666666664,2.9444444444444446,0.6666666666666666,,12,0,0,,,,,0,,,,,0,0,0,,0
"Collection","/collections/sex-doll-anal",18,18,0,0,0,0,30,,0,0,0,57.888888888888886,1.6666666666666667,0.5,,9,18,18,0,0,0,0,30,,0,0,0,57.888888888888886,1.6666666666666667,0.5,,9,0,0,,,,,0,,,,,0,0,0,,0
"Collection","/collections/japanese-anime-sex-doll",16,18,0,0,0,0,86,,0,0,0,187.05555555555554,4.777777777777778,0.2777777777777778,,5,16,18,0,0,0,0,86,,0,0,0,187.05555555555554,4.777777777777778,0.2777777777777778,,5,0,0,,,,,0,,,,,0,0,0,,0
"Collection","/collections/huge-breasts-japanese-sex-doll",16,17,0,0,0,0,36,,0,0,0,86.47058823529412,2.1176470588235294,0.4117647058823529,,7,16,17,0,0,0,0,36,,0,0,0,86.47058823529412,2.1176470588235294,0.4117647058823529,,7,0,0,,,,,0,,,,,0,0,0,,0
"Search","/search",16,17,1,1,0,0,70,0,0.058823529411764705,0.058823529411764705,0,418.52941176470586,4.117647058823529,0.47058823529411764,0,8,16,17,1,1,0,0,70,0,0.058823529411764705,0.058823529411764705,0,418.52941176470586,4.117647058823529,0.47058823529411764,0,8,0,0,0,0,,,0,,0,0,,0,0,0,,0
"Blog Article","/blogs/dolls-info-qustions/discover-the-secrets-of-the-vagina",17,17,0,0,0,0,25,,0,0,0,45.94117647058823,1.4705882352941178,0.7647058823529411,,13,17,17,0,0,0,0,25,,0,0,0,45.94117647058823,1.4705882352941178,0.7647058823529411,,13,0,0,,,,,0,,,,,0,0,0,,0
"Collection","/collections/black-sex-doll-heads",15,17,0,0,0,0,49,,0,0,0,242.05882352941177,2.8823529411764706,0.5882352941176471,,10,15,17,0,0,0,0,49,,0,0,0,242.05882352941177,2.8823529411764706,0.5882352941176471,,10,0,0,,,,,0,,,,,0,0,0,,0
"Collection","/collections/fat-sex-doll",16,17,0,0,0,0,58,,0,0,0,219.2941176470588,3.411764705882353,0.5294117647058824,,9,16,17,0,0,0,0,58,,0,0,0,219.2941176470588,3.411764705882353,0.5294117647058824,,9,0,0,,,,,0,,,,,0,0,0,,0
"Product","/products/t968-50-7lbs-92cm-silicone-luxury-super-realistic-human-size-sex-dolls-torso-with-head",17,17,0,0,0,0,17,,0,0,0,0,1,1,,17,17,17,0,0,0,0,17,,0,0,0,0,1,1,,17,0,0,,,,,0,,,,,,0,0,,0
"Product","/products/f5312-j-cup-ros-head-sex-doll-se-doll",16,17,0,0,0,0,64,,0,0,0,275.7647058823529,3.764705882352941,0.47058823529411764,,8,16,17,0,0,0,0,64,,0,0,0,275.7647058823529,3.764705882352941,0.47058823529411764,,8,0,0,,,,,0,,,,,0,0,0,,0
"Product","/products/t3",16,17,0,0,0,0,44,,0,0,0,79.29411764705883,2.588235294117647,0.8823529411764706,,15,16,17,0,0,0,0,44,,0,0,0,79.29411764705883,2.588235294117647,0.8823529411764706,,15,0,0,,,,,0,,,,,0,0,0,,0
"Collection","/collections/bbw-latina-sex-doll",16,16,0,0,0,0,59,,0,0,0,177.4375,3.6875,0.3125,,5,16,16,0,0,0,0,59,,0,0,0,177.4375,3.6875,0.3125,,5,0,0,,,,,0,,,,,0,0,0,,0
"Collection","/collections/aitia",13,16,0,0,0,0,61,,0,0,0,378.6875,3.8125,0.4375,,7,13,16,0,0,0,0,61,,0,0,0,378.6875,3.8125,0.4375,,7,0,0,,,,,0,,,,,0,0,0,,0
"Collection","/collections/bezlya",12,16,0,0,0,0,58,,0,0,0,256.625,3.625,0.625,,10,12,16,0,0,0,0,58,,0,0,0,256.625,3.625,0.625,,10,0,0,,,,,0,,,,,0,0,0,,0
"Product","/products/a499-bbw-big-booty-silicone-sex-doll-torso",11,16,0,0,0,0,48,,0,0,0,210.5625,3,0.4375,,7,11,16,0,0,0,0,48,,0,0,0,210.5625,3,0.4375,,7,0,0,,,,,0,,,,,0,0,0,,0
"Blog Article","/blogs/dolls-info-qustions/safely-disposing-the-used-sex-dolls",13,16,0,0,0,0,20,,0,0,0,46.25,1.25,0.8125,,13,13,16,0,0,0,0,20,,0,0,0,46.25,1.25,0.8125,,13,0,0,,,,,0,,,,,0,0,0,,0
"Collection","/collections/electric-male-sex-doll",16,16,2,0,0,0,39,,0.125,0,0,129.25,2.4375,0.5625,,9,16,16,2,0,0,0,39,,0.125,0,0,129.25,2.4375,0.5625,,9,0,0,0,,,,0,,0,,,0,0,0,,0
"Collection","/collections/medium-butt-sex-doll",16,16,0,0,0,0,30,,0,0,0,8,1.875,0.125,,2,16,16,0,0,0,0,30,,0,0,0,8,1.875,0.125,,2,0,0,,,,,0,,,,,0,0,0,,0
,"/en-ca/collections/sex-doll-torso-dildo-for-woman",16,16,0,0,0,0,38,,0,0,0,86.75,2.375,0.375,,6,16,16,0,0,0,0,38,,0,0,0,86.75,2.375,0.375,,6,0,0,,,,,0,,,,,0,0,0,,0
"Collection","/collections/sex-doll-factory-pictures",14,16,1,1,1,0.0625,220,1,0.0625,0.0625,1,382.875,13.75,0.1875,1,3,14,16,1,1,1,0.0625,220,1,0.0625,0.0625,1,382.875,13.75,0.1875,1,3,0,0,0,0,0,0,0,0,0,0,0,0,0,0,0,0
"Collection","/collections/sex-doll-torso-with-head",15,15,1,0,0,0,76,,0.06666666666666667,0,0,247.46666666666667,5.066666666666666,0.4,,6,15,15,1,0,0,0,76,,0.06666666666666667,0,0,247.46666666666667,5.066666666666666,0.4,,6,0,0,0,,,,0,,0,,,0,0,0,,0
"Collection","/collections/silicone-sex-dolls",15,15,0,0,0,0,25,,0,0,0,107,1.6666666666666667,0.7333333333333333,,11,15,15,0,0,0,0,25,,0,0,0,107,1.6666666666666667,0.7333333333333333,,11,0,0,,,,,0,,,,,0,0,0,,0
"Blog Article","/blogs/dolls-info-qustions/%F0%9F%94%A5-2025-best-fake-ass-sex-toy-recommendations-6-ultra-realistic-big-booty-dolls-for-ultimate-pleasure",15,15,0,0,0,0,37,,0,0,0,279.53333333333336,2.466666666666667,0.4666666666666667,,7,15,15,0,0,0,0,37,,0,0,0,279.53333333333336,2.466666666666667,0.4666666666666667,,7,0,0,,,,,0,,,,,0,0,0,,0
"Blog Article","/blogs/dolls-info-qustions/top-cydoll-auto-blowjob-function-game-changing-feature-now-live",15,15,0,0,0,0,35,,0,0,0,165.73333333333332,2.3333333333333335,0.5333333333333333,,8,15,15,0,0,0,0,35,,0,0,0,165.73333333333332,2.3333333333333335,0.5333333333333333,,8,0,0,,,,,0,,,,,0,0,0,,0
"Product","/products/f5945-155mcm5-1ft-40kg-2-0-g-cup-asian-anime-silicone-head-chinese-sex-doll-bezlya-doll",1,15,0,0,0,0,15,,0,0,0,0,1,1,,15,1,15,0,0,0,0,15,,0,0,0,0,1,1,,15,0,0,,,,,0,,,,,,0,0,,0
"Collection","/collections/cheap-mini-sex-doll",15,15,0,0,0,0,24,,0,0,0,94,1.6,0.7333333333333333,,11,15,15,0,0,0,0,24,,0,0,0,94,1.6,0.7333333333333333,,11,0,0,,,,,0,,,,,0,0,0,,0
,"/de/blogs/dolls-info-qustions/gentlemans-paradise-exploring-nsfw-anime-figures-and-sex-dolls",14,15,0,0,0,0,47,,0,0,0,82.46666666666667,3.1333333333333333,0.6666666666666666,,10,14,15,0,0,0,0,47,,0,0,0,82.46666666666667,3.1333333333333333,0.6666666666666666,,10,0,0,,,,,0,,,,,0,0,0,,0
"Collection","/collections/huge-breast-torso-sex-doll",13,15,0,0,0,0,48,,0,0,0,208.86666666666667,3.2,0.6666666666666666,,10,13,15,0,0,0,0,48,,0,0,0,208.86666666666667,3.2,0.6666666666666666,,10,0,0,,,,,0,,,,,0,0,0,,0
"Blog Article","/blogs/dolls-info-qustions/a-must-read-for-anime-fans-anime-futa-sex-dolls-bring-your-2d-fantasy-to-life",15,15,0,0,0,0,30,,0,0,0,31.8,2,0.7333333333333333,,11,15,15,0,0,0,0,30,,0,0,0,31.8,2,0.7333333333333333,,11,0,0,,,,,0,,,,,0,0,0,,0
"Product","/products/b43-silicone-sex-doll-big-boobs-torso-gel-breasts",14,14,0,0,0,0,15,,0,0,0,1.7857142857142858,1.0714285714285714,0.9285714285714286,,13,14,14,0,0,0,0,15,,0,0,0,1.7857142857142858,1.0714285714285714,0.9285714285714286,,13,0,0,,,,,0,,,,,0,0,0,,0
"Collection","/collections/top-cydoll",13,14,0,0,0,0,91,,0,0,0,426.5,6.5,0.2857142857142857,,4,13,14,0,0,0,0,91,,0,0,0,426.5,6.5,0.2857142857142857,,4,0,0,,,,,0,,,,,0,0,0,,0
"Collection","/collections/bbw-ass-torso",14,14,0,0,0,0,57,,0,0,0,188.21428571428572,4.071428571428571,0.5714285714285714,,8,14,14,0,0,0,0,57,,0,0,0,188.21428571428572,4.071428571428571,0.5714285714285714,,8,0,0,,,,,0,,,,,0,0,0,,0
,"/de/collections/mini-hentai-sex-doll",14,14,0,0,0,0,32,,0,0,0,39.285714285714285,2.2857142857142856,0.42857142857142855,,6,14,14,0,0,0,0,32,,0,0,0,39.285714285714285,2.2857142857142856,0.42857142857142855,,6,0,0,,,,,0,,,,,0,0,0,,0
,"/en-ca/collections/shemale-sex-doll-torso-1",14,14,0,0,0,0,46,,0,0,0,166.14285714285714,3.2857142857142856,0.35714285714285715,,5,14,14,0,0,0,0,46,,0,0,0,166.14285714285714,3.2857142857142856,0.35714285714285715,,5,0,0,,,,,0,,,,,0,0,0,,0
,"/de/blogs/dolls-info-qustions/shocking-in-depth-review-of-naimi-1-1-celebrity-sex-doll",14,14,0,0,0,0,15,,0,0,0,1.3571428571428572,1.0714285714285714,0.9285714285714286,,13,14,14,0,0,0,0,15,,0,0,0,1.3571428571428572,1.0714285714285714,0.9285714285714286,,13,0,0,,,,,0,,,,,0,0,0,,0
"Blog Article","/blogs/dolls-info-qustions/what-s-it-really-like-to-have-sex-nbsp-with-a-sex-doll",14,14,0,0,0,0,27,,0,0,0,42.42857142857143,1.9285714285714286,0.8571428571428571,,12,14,14,0,0,0,0,27,,0,0,0,42.42857142857143,1.9285714285714286,0.8571428571428571,,12,0,0,,,,,0,,,,,0,0,0,,0
,"/en-ca/collections/furry-sex-doll",13,14,1,1,0,0,36,0,0.07142857142857142,0.07142857142857142,0,218.35714285714286,2.5714285714285716,0.5714285714285714,0,8,13,14,1,1,0,0,36,0,0.07142857142857142,0.07142857142857142,0,218.35714285714286,2.5714285714285716,0.5714285714285714,0,8,0,0,0,0,,,0,,0,0,,0,0,0,,0
,"/de/collections/shemale-sex-doll-torso-1",13,14,0,0,0,0,29,,0,0,0,40.214285714285715,2.0714285714285716,0.42857142857142855,,6,13,14,0,0,0,0,29,,0,0,0,40.214285714285715,2.0714285714285716,0.42857142857142855,,6,0,0,,,,,0,,,,,0,0,0,,0
"Collection","/collections/teen-sex-dolls",14,14,0,0,0,0,33,,0,0,0,137.14285714285714,2.357142857142857,0.6428571428571429,,9,14,14,0,0,0,0,33,,0,0,0,137.14285714285714,2.357142857142857,0.6428571428571429,,9,0,0,,,,,0,,,,,0,0,0,,0
"Collection","/collections/hyper-realistic-sex-doll",11,14,2,1,0,0,100,0,0.14285714285714285,0.07142857142857142,0,388.7142857142857,7.142857142857143,0.35714285714285715,0,5,11,14,2,1,0,0,100,0,0.14285714285714285,0.07142857142857142,0,388.7142857142857,7.142857142857143,0.35714285714285715,0,5,0,0,0,0,,,0,,0,0,,0,0,0,,0
,"/de/collections/bbw-ass-torso",13,14,0,0,0,0,53,,0,0,0,120.78571428571429,3.7857142857142856,0.35714285714285715,,5,13,14,0,0,0,0,53,,0,0,0,120.78571428571429,3.7857142857142856,0.35714285714285715,,5,0,0,,,,,0,,,,,0,0,0,,0
"Collection","/collections/mini-flat-chest-sex-doll",14,14,0,0,0,0,19,,0,0,0,191.42857142857142,1.3571428571428572,0.6428571428571429,,9,14,14,0,0,0,0,19,,0,0,0,191.42857142857142,1.3571428571428572,0.6428571428571429,,9,0,0,,,,,0,,,,,0,0,0,,0
,"/de/collections/bbw-sex-doll-torso",14,14,0,0,0,0,81,,0,0,0,176.42857142857142,5.785714285714286,0.2857142857142857,,4,14,14,0,0,0,0,81,,0,0,0,176.42857142857142,5.785714285714286,0.2857142857142857,,4,0,0,,,,,0,,,,,0,0,0,,0
"Collection","/collections/saggy-huge-breast-sex-doll",12,13,0,0,0,0,155,,0,0,0,901.5384615384615,11.923076923076923,0.23076923076923078,,3,12,13,0,0,0,0,155,,0,0,0,901.5384615384615,11.923076923076923,0.23076923076923078,,3,0,0,,,,,0,,,,,0,0,0,,0
"Collection","/collections/big-ass-sex-dolls",13,13,0,0,0,0,80,,0,0,0,268.38461538461536,6.153846153846154,0.46153846153846156,,6,13,13,0,0,0,0,80,,0,0,0,268.38461538461536,6.153846153846154,0.46153846153846156,,6,0,0,,,,,0,,,,,0,0,0,,0
,"/ja/blogs/dolls-info-qustions/top-3-flat-chested-sex-dolls-of-2025-ultimate-flatness-unique-allure",13,13,0,0,0,0,28,,0,0,0,133.30769230769232,2.1538461538461537,0.5384615384615384,,7,13,13,0,0,0,0,28,,0,0,0,133.30769230769232,2.1538461538461537,0.5384615384615384,,7,0,0,,,,,0,,,,,0,0,0,,0
,"/en-ca/collections/naked-sex-doll",13,13,1,1,0,0,46,0,0.07692307692307693,0.07692307692307693,0,116.07692307692308,3.5384615384615383,0.46153846153846156,0,6,13,13,1,1,0,0,46,0,0.07692307692307693,0.07692307692307693,0,116.07692307692308,3.5384615384615383,0.46153846153846156,0,6,0,0,0,0,,,0,,0,0,,0,0,0,,0
"Custom Page","/pages/torso-sex-doll-videos",13,13,0,0,0,0,27,,0,0,0,16.153846153846153,2.076923076923077,0.8461538461538461,,11,13,13,0,0,0,0,27,,0,0,0,16.153846153846153,2.076923076923077,0.8461538461538461,,11,0,0,,,,,0,,,,,0,0,0,,0
,"/ja/collections/male-sex-doll",5,13,0,0,0,0,18,,0,0,0,79.92307692307692,1.3846153846153846,0.7692307692307693,,10,5,13,0,0,0,0,18,,0,0,0,79.92307692307692,1.3846153846153846,0.7692307692307693,,10,0,0,,,,,0,,,,,0,0,0,,0
"Collection","/collections/shemale-sex-doll",13,13,0,0,0,0,46,,0,0,0,115.53846153846153,3.5384615384615383,0.5384615384615384,,7,13,13,0,0,0,0,46,,0,0,0,115.53846153846153,3.5384615384615383,0.5384615384615384,,7,0,0,,,,,0,,,,,0,0,0,,0
"Product","/products/f7891-14kg-silicone-cute-furry-sex-doll-demon-sheep-rabbit-mrl",10,13,4,2,0,0,68,0,0.3076923076923077,0.15384615384615385,0,304.3076923076923,5.230769230769231,0.46153846153846156,0,6,10,13,4,2,0,0,68,0,0.3076923076923077,0.15384615384615385,0,304.3076923076923,5.230769230769231,0.46153846153846156,0,6,0,0,0,0,,,0,,0,0,,0,0,0,,0
"Blog Article","/blogs/dolls-info-qustions/are-you-also-leaning-toward-big-butt-sex-dolls",13,13,0,0,0,0,14,,0,0,0,0.9230769230769231,1.0769230769230769,0.9230769230769231,,12,13,13,0,0,0,0,14,,0,0,0,0.9230769230769231,1.0769230769230769,0.9230769230769231,,12,0,0,,,,,0,,,,,0,0,0,,0
"Blog Article","/blogs/featured-blog/the-4-technical-features-about-sex-doll-skeleton",12,13,0,0,0,0,19,,0,0,0,33.46153846153846,1.4615384615384615,0.7692307692307693,,10,12,13,0,0,0,0,19,,0,0,0,33.46153846153846,1.4615384615384615,0.7692307692307693,,10,0,0,,,,,0,,,,,0,0,0,,0
"Collection","/collections/breast-toy",13,13,0,0,0,0,33,,0,0,0,84.84615384615384,2.5384615384615383,0.38461538461538464,,5,13,13,0,0,0,0,33,,0,0,0,84.84615384615384,2.5384615384615383,0.38461538461538464,,5,0,0,,,,,0,,,,,0,0,0,,0
"Product","/products/f5978-156cm-5ft1-f-cup-big-ass-large-breast-silicone-head-sex-doll-2025-sy-doll",3,13,0,0,0,0,18,,0,0,0,170.23076923076923,1.3846153846153846,0.8461538461538461,,11,3,13,0,0,0,0,18,,0,0,0,170.23076923076923,1.3846153846153846,0.8461538461538461,,11,0,0,,,,,0,,,,,0,0,0,,0
"Blog Article","/blogs/dolls-info-qustions/must-read-for-trans-men-sleeves-vs-electric-pocket-pussy-which-one-is-right-for-you",13,13,0,0,0,0,15,,0,0,0,28.076923076923077,1.1538461538461537,0.8461538461538461,,11,13,13,0,0,0,0,15,,0,0,0,28.076923076923077,1.1538461538461537,0.8461538461538461,,11,0,0,,,,,0,,,,,0,0,0,,0
,"/de/collections/sex-doll-feet",13,13,0,0,0,0,18,,0,0,0,9.153846153846153,1.3846153846153846,0.7692307692307693,,10,13,13,0,0,0,0,18,,0,0,0,9.153846153846153,1.3846153846153846,0.7692307692307693,,10,0,0,,,,,0,,,,,0,0,0,,0
"Collection","/collections/pocket-pussy",13,13,0,0,0,0,23,,0,0,0,36.76923076923077,1.7692307692307692,0.5384615384615384,,7,13,13,0,0,0,0,23,,0,0,0,36.76923076923077,1.7692307692307692,0.5384615384615384,,7,0,0,,,,,0,,,,,0,0,0,,0
"Blog Article","/blogs/dolls-info-qustions/the-ultimate-guide-to-starpery-sex-dolls-the-realism-and-innovation",12,12,0,0,0,0,100,,0,0,0,437.4166666666667,8.333333333333334,0.5,,6,12,12,0,0,0,0,100,,0,0,0,437.4166666666667,8.333333333333334,0.5,,6,0,0,,,,,0,,,,,0,0,0,,0
,"/en-ca/collections/futa-sex-doll",12,12,1,0,0,0,32,,0.08333333333333333,0,0,39.25,2.6666666666666665,0.5,,6,12,12,1,0,0,0,32,,0.08333333333333333,0,0,39.25,2.6666666666666665,0.5,,6,0,0,0,,,,0,,0,,,0,0,0,,0
"Product","/products/moonvale-silicone-furry-deer-170cm-f759",8,12,0,0,0,0,35,,0,0,0,96.5,2.9166666666666665,0.6666666666666666,,8,8,12,0,0,0,0,35,,0,0,0,96.5,2.9166666666666665,0.6666666666666666,,8,0,0,,,,,0,,,,,0,0,0,,0
"Blog Article","/blogs/dolls-info-qustions/2026-doggy-dildo-doll-user-guide",12,12,0,0,0,0,13,,0,0,0,0.3333333333333333,1.0833333333333333,0.9166666666666666,,11,12,12,0,0,0,0,13,,0,0,0,0.3333333333333333,1.0833333333333333,0.9166666666666666,,11,0,0,,,,,0,,,,,0,0,0,,0
"Custom Page","/pages/ai-sex-doll-function",11,12,0,0,0,0,53,,0,0,0,597.25,4.416666666666667,0.16666666666666666,,2,11,12,0,0,0,0,53,,0,0,0,597.25,4.416666666666667,0.16666666666666666,,2,0,0,,,,,0,,,,,0,0,0,,0
"Product","/products/f1276-166cm-37-5kg-d-cup-misa-asian-silicone-sex-doll-in-stock-usa-irontech-doll",3,12,0,0,0,0,12,,0,0,0,0,1,1,,12,3,12,0,0,0,0,12,,0,0,0,0,1,1,,12,0,0,,,,,0,,,,,,0,0,,0
"Collection","/collections/200-299",12,12,0,0,0,0,36,,0,0,0,252.91666666666666,3,0.4166666666666667,,5,12,12,0,0,0,0,36,,0,0,0,252.91666666666666,3,0.4166666666666667,,5,0,0,,,,,0,,,,,0,0,0,,0
,"/en-fi/blogs/dolls-info-qustions/%F0%9F%94%A5-top-5-most-popular-big-butt-chubby-belly-curvy-body-pornstar-style-sex-dolls-in-2025-%F0%9F%94%A5",12,12,0,0,0,0,16,,0,0,0,9.25,1.3333333333333333,0.9166666666666666,,11,12,12,0,0,0,0,16,,0,0,0,9.25,1.3333333333333333,0.9166666666666666,,11,0,0,,,,,0,,,,,0,0,0,,0
"Collection","/collections/sucking-vagina-ai-sex-doll",12,12,2,0,0,0,32,,0.16666666666666666,0,0,144.75,2.6666666666666665,0.6666666666666666,,8,12,12,2,0,0,0,32,,0.16666666666666666,0,0,144.75,2.6666666666666665,0.6666666666666666,,8,0,0,0,,,,0,,0,,,0,0,0,,0
"Collection","/collections/mrl-doll",12,12,0,0,0,0,22,,0,0,0,21.333333333333332,1.8333333333333333,0.6666666666666666,,8,12,12,0,0,0,0,22,,0,0,0,21.333333333333332,1.8333333333333333,0.6666666666666666,,8,0,0,,,,,0,,,,,0,0,0,,0
"Blog Article","/blogs/dolls-info-qustions/exploring-the-best-breasts-for-titty-fucking",12,12,0,0,0,0,13,,0,0,0,0.5,1.0833333333333333,0.9166666666666666,,11,12,12,0,0,0,0,13,,0,0,0,0.5,1.0833333333333333,0.9166666666666666,,11,0,0,,,,,0,,,,,0,0,0,,0
"Checkout","/60719464687/orders/ce5377ce33c14354a5ab690be23e4f88",12,12,0,0,0,0,33,,0,0,0,93,2.75,0.6666666666666666,,8,12,12,0,0,0,0,33,,0,0,0,93,2.75,0.6666666666666666,,8,0,0,,,,,0,,,,,0,0,0,,0
,"/de/collections/celebrity-sex-dolls",12,12,0,0,0,0,34,,0,0,0,63.333333333333336,2.8333333333333335,0.4166666666666667,,5,12,12,0,0,0,0,34,,0,0,0,63.333333333333336,2.8333333333333335,0.4166666666666667,,5,0,0,,,,,0,,,,,0,0,0,,0
,"/de/collections/anime-sex-doll",12,12,0,0,0,0,41,,0,0,0,197,3.4166666666666665,0.5,,6,12,12,0,0,0,0,41,,0,0,0,197,3.4166666666666665,0.5,,6,0,0,,,,,0,,,,,0,0,0,,0
,"/de/collections/big-ass-sex-doll-life-size",12,12,0,0,0,0,55,,0,0,0,272.9166666666667,4.583333333333333,0.4166666666666667,,5,12,12,0,0,0,0,55,,0,0,0,272.9166666666667,4.583333333333333,0.4166666666666667,,5,0,0,,,,,0,,,,,0,0,0,,0
,"/de/collections/enchanting-delights-2024-top-real-sex-doll-recommendations",11,11,0,0,0,0,32,,0,0,0,125.45454545454545,2.909090909090909,0.36363636363636365,,4,11,11,0,0,0,0,32,,0,0,0,125.45454545454545,2.909090909090909,0.36363636363636365,,4,0,0,,,,,0,,,,,0,0,0,,0
,"/de/collections/monster-hentai-sex-doll",11,11,0,0,0,0,125,,0,0,0,568.2727272727273,11.363636363636363,0.36363636363636365,,4,11,11,0,0,0,0,125,,0,0,0,568.2727272727273,11.363636363636363,0.36363636363636365,,4,0,0,,,,,0,,,,,0,0,0,,0
"Blog Article","/blogs/dolls-info-qustions/how-to-choose-a-sex-doll-torso-that-matches-your-height",11,11,0,0,0,0,29,,0,0,0,141,2.6363636363636362,0.8181818181818182,,9,11,11,0,0,0,0,29,,0,0,0,141,2.6363636363636362,0.8181818181818182,,9,0,0,,,,,0,,,,,0,0,0,,0
"Collection","/collections/torso-sex-doll-with-gel-breasts",11,11,0,0,0,0,33,,0,0,0,83.63636363636364,3,0.7272727272727273,,8,11,11,0,0,0,0,33,,0,0,0,83.63636363636364,3,0.7272727272727273,,8,0,0,,,,,0,,,,,0,0,0,,0
"Custom Page","/pages/all-category",11,11,0,0,0,0,108,,0,0,0,703.9090909090909,9.818181818181818,0.18181818181818182,,2,11,11,0,0,0,0,108,,0,0,0,703.9090909090909,9.818181818181818,0.18181818181818182,,2,0,0,,,,,0,,,,,0,0,0,,0
,"/de/collections/mrl-doll",11,11,0,0,0,0,31,,0,0,0,154.27272727272728,2.8181818181818183,0.36363636363636365,,4,11,11,0,0,0,0,31,,0,0,0,154.27272727272728,2.8181818181818183,0.36363636363636365,,4,0,0,,,,,0,,,,,0,0,0,,0
"Product","/products/f6209-172cm-5-6ft-37-5kg-a-cup-realistic-flat-chest-sex-doll-top-cydoll",7,11,0,0,0,0,19,,0,0,0,18.90909090909091,1.7272727272727273,0.6363636363636364,,7,7,11,0,0,0,0,19,,0,0,0,18.90909090909091,1.7272727272727273,0.6363636363636364,,7,0,0,,,,,0,,,,,0,0,0,,0
,"/de/collections/huge-breast-torso-sex-doll",9,11,0,0,0,0,50,,0,0,0,194.36363636363637,4.545454545454546,0.36363636363636365,,4,9,11,0,0,0,0,50,,0,0,0,194.36363636363637,4.545454545454546,0.36363636363636365,,4,0,0,,,,,0,,,,,0,0,0,,0
,"/en-ca/collections/shemale-sex-toy",11,11,0,0,0,0,18,,0,0,0,67.54545454545455,1.6363636363636365,0.7272727272727273,,8,11,11,0,0,0,0,18,,0,0,0,67.54545454545455,1.6363636363636365,0.7272727272727273,,8,0,0,,,,,0,,,,,0,0,0,,0
"Product","/products/t305-63-93lb-liz-big-boobs-silicone-sex-doll-with-mature-curves-lovenestle-series",1,11,0,0,0,0,14,,0,0,0,118,1.2727272727272727,0.8181818181818182,,9,1,11,0,0,0,0,14,,0,0,0,118,1.2727272727272727,0.8181818181818182,,9,0,0,,,,,0,,,,,0,0,0,,0
"Blog Article","/blogs/dolls-info-qustions/in-depth-review-of-chunmomo-bezlya-collaborative-celebrity-sex-doll",7,11,0,0,0,0,55,,0,0,0,836.3636363636364,5,0.6363636363636364,,7,7,11,0,0,0,0,55,,0,0,0,836.3636363636364,5,0.6363636363636364,,7,0,0,,,,,0,,,,,0,0,0,,0
"Product","/products/p103-5-28lb-strong-suction-cup-silicone-hentai-male-mini-sex-doll-with-dildo-tayuta",3,11,0,0,0,0,32,,0,0,0,270,2.909090909090909,0.6363636363636364,,7,3,11,0,0,0,0,32,,0,0,0,270,2.909090909090909,0.6363636363636364,,7,0,0,,,,,0,,,,,0,0,0,,0
"Product","/products/f2385-163cm5-3ft-g-cup-138-bbw-big-butt-tpe-sex-doll%E4%B8%A8sy-doll",6,11,0,0,0,0,83,,0,0,0,821.0909090909091,7.545454545454546,0.5454545454545454,,6,6,11,0,0,0,0,83,,0,0,0,821.0909090909091,7.545454545454546,0.5454545454545454,,6,0,0,,,,,0,,,,,0,0,0,,0
,"/de/collections/fake-pussy-fake-vagina-sex-toys",11,11,0,0,0,0,51,,0,0,0,135.54545454545453,4.636363636363637,0.45454545454545453,,5,11,11,0,0,0,0,51,,0,0,0,135.54545454545453,4.636363636363637,0.45454545454545453,,5,0,0,,,,,0,,,,,0,0,0,,0
,"/en-ca/collections/foot-pocket-pussy",11,11,0,0,0,0,27,,0,0,0,56.18181818181818,2.4545454545454546,0.8181818181818182,,9,11,11,0,0,0,0,27,,0,0,0,56.18181818181818,2.4545454545454546,0.8181818181818182,,9,0,0,,,,,0,,,,,0,0,0,,0
,"/en-ca/collections/sex-doll-torso",11,11,1,1,0,0,122,0,0.09090909090909091,0.09090909090909091,0,408.3636363636364,11.090909090909092,0.09090909090909091,0,1,11,11,1,1,0,0,122,0,0.09090909090909091,0.09090909090909091,0,408.3636363636364,11.090909090909092,0.09090909090909091,0,1,0,0,0,0,,,0,,0,0,,0,0,0,,0
,"/de/collections/silicone-pocket-pussy",10,10,0,0,0,0,30,,0,0,0,67.6,3,0.5,,5,10,10,0,0,0,0,30,,0,0,0,67.6,3,0.5,,5,0,0,,,,,0,,,,,0,0,0,,0
"Collection","/collections/life-size-ass",10,10,0,0,0,0,23,,0,0,0,95,2.3,0.5,,5,10,10,0,0,0,0,23,,0,0,0,95,2.3,0.5,,5,0,0,,,,,0,,,,,0,0,0,,0
"Product","/products/f5971-160cm-european-celebrity-nude-robot-tactile-feedback-custom",6,10,0,0,0,0,123,,0,0,0,475.2,12.3,0.7,,7,6,10,0,0,0,0,123,,0,0,0,475.2,12.3,0.7,,7,0,0,,,,,0,,,,,0,0,0,,0
,"/de/collections/breast-toy",8,10,0,0,0,0,28,,0,0,0,197.8,2.8,0.2,,2,8,10,0,0,0,0,28,,0,0,0,197.8,2.8,0.2,,2,0,0,,,,,0,,,,,0,0,0,,0
"Product","/collections/sex-doll-torso/products/55cm-big-boobs-torso-sex-doll-502-sex-doll-torso",9,10,0,0,0,0,74,,0,0,0,129,7.4,0.1,,1,9,10,0,0,0,0,74,,0,0,0,129,7.4,0.1,,1,0,0,,,,,0,,,,,0,0,0,,0
,"/products_preview",3,10,0,0,0,0,24,,0,0,0,613.8,2.4,0.6,,6,3,10,0,0,0,0,24,,0,0,0,613.8,2.4,0.6,,6,0,0,,,,,0,,,,,0,0,0,,0
"Collection","/collections/flat-chest-japanese-sex-doll",9,10,0,0,0,0,28,,0,0,0,143.5,2.8,0.4,,4,9,10,0,0,0,0,28,,0,0,0,143.5,2.8,0.4,,4,0,0,,,,,0,,,,,0,0,0,,0
"Product","/products/f9301-150cm-4ft9-41kg-b-cup-ros-silicone-head-flat-chest-life-size-trans-sex-doll-with-fixed-6-7-dildo-doll-castle",6,10,0,0,0,0,26,,0,0,0,322.5,2.6,0.5,,5,6,10,0,0,0,0,26,,0,0,0,322.5,2.6,0.5,,5,0,0,,,,,0,,,,,0,0,0,,0
"Product","/products/bbw-sex-doll-torso-t71-papaya-breast-tpe",9,10,0,0,0,0,35,,0,0,0,41.4,3.5,0.7,,7,9,10,0,0,0,0,35,,0,0,0,41.4,3.5,0.7,,7,0,0,,,,,0,,,,,0,0,0,,0
,"/en-ca/collections/huge-breasts-sex-dolls",10,10,0,0,0,0,52,,0,0,0,160.7,5.2,0.5,,5,10,10,0,0,0,0,52,,0,0,0,160.7,5.2,0.5,,5,0,0,,,,,0,,,,,0,0,0,,0
,"/en-ca/collections/enchanting-delights-2024-top-real-sex-doll-recommendations",10,10,0,0,0,0,15,,0,0,0,35.6,1.5,0.6,,6,10,10,0,0,0,0,15,,0,0,0,35.6,1.5,0.6,,6,0,0,,,,,0,,,,,0,0,0,,0
"Blog Article","/blogs/featured-blog/over-10-effective-tips-for-drying-sex-doll-torso-vagina-and-anal",10,10,0,0,0,0,12,,0,0,0,160.4,1.2,0.8,,8,10,10,0,0,0,0,12,,0,0,0,160.4,1.2,0.8,,8,0,0,,,,,0,,,,,0,0,0,,0
"Product","/products/f1439-160cm5f3-39kg-f-cup-chubby-alien-blue-tpe-sex-doll-aibei-doll",1,10,0,0,0,0,20,,0,0,0,9.5,2,0.9,,9,1,10,0,0,0,0,20,,0,0,0,9.5,2,0.9,,9,0,0,,,,,0,,,,,0,0,0,,0
"Blog Article","/blogs/dolls-info-qustions/how-to-make-fake-pussy",10,10,0,0,0,0,25,,0,0,0,82.7,2.5,0.4,,4,10,10,0,0,0,0,25,,0,0,0,82.7,2.5,0.4,,4,0,0,,,,,0,,,,,0,0,0,,0
,"/en-ca/collections/black-sex-dolls",9,10,0,0,0,0,27,,0,0,0,95.1,2.7,0.6,,6,9,10,0,0,0,0,27,,0,0,0,95.1,2.7,0.6,,6,0,0,,,,,0,,,,,0,0,0,,0
,"/en-ca/blogs/sex-doll-torso-blog/top-7-sex-poses-with-your-torso-sex-doll",9,10,0,0,0,0,10,,0,0,0,0,1,1,,10,9,10,0,0,0,0,10,,0,0,0,0,1,1,,10,0,0,,,,,0,,,,,,0,0,,0
"Collection","/collections/real-lady",10,10,0,0,0,0,36,,0,0,0,119.2,3.6,0.6,,6,10,10,0,0,0,0,36,,0,0,0,119.2,3.6,0.6,,6,0,0,,,,,0,,,,,0,0,0,,0
"Checkout","/60719464687/orders/24f9680cc6188230b2546e2b4348ffa1",2,10,1,1,1,0.1,39,1,0.1,0.1,1,209.1,3.9,0.4,1,4,2,10,1,1,1,0.1,39,1,0.1,0.1,1,209.1,3.9,0.4,1,4,0,0,0,0,0,0,0,0,0,0,0,0,0,0,0,0
"Product","/products/se-doll-head-x-bot-ai-smart-multi-language-talking-h002",10,10,0,0,0,0,66,,0,0,0,867.5,6.6,0.3,,3,10,10,0,0,0,0,66,,0,0,0,867.5,6.6,0.3,,3,0,0,,,,,0,,,,,0,0,0,,0
"Collection","/collections/pornstar-sex-doll",10,10,0,0,0,0,36,,0,0,0,85.6,3.6,0.5,,5,10,10,0,0,0,0,36,,0,0,0,85.6,3.6,0.5,,5,0,0,,,,,0,,,,,0,0,0,,0
"Checkout","/60719464687/orders/42b621fb1c17351a7dcfda5341ebbaad",2,10,0,0,0,0,39,,0,0,0,406.7,3.9,0.7,,7,2,10,0,0,0,0,39,,0,0,0,406.7,3.9,0.7,,7,0,0,,,,,0,,,,,0,0,0,,0
"Product","/products/f6101-158cm-5ft2-47kg-c-cup-asian-silicone-sex-doll-shedoll",1,10,0,0,0,0,10,,0,0,0,0,1,1,,10,1,10,0,0,0,0,10,,0,0,0,0,1,1,,10,0,0,,,,,0,,,,,,0,0,,0
"Collection","/collections/new-sex-dolls-2023-05",10,10,0,0,0,0,24,,0,0,0,543.3,2.4,0.9,,9,10,10,0,0,0,0,24,,0,0,0,543.3,2.4,0.9,,9,0,0,,,,,0,,,,,0,0,0,,0
"Blog Article","/blogs/dolls-info-qustions/foot-fetish-uncovered-10-types-of-foot-fetish-3-must-have-foot-fetish-toys",10,10,0,0,0,0,12,,0,0,0,4.9,1.2,0.8,,8,10,10,0,0,0,0,12,,0,0,0,4.9,1.2,0.8,,8,0,0,,,,,0,,,,,0,0,0,,0
"Custom Page","/pages/sex-doll-review-video-collection",10,10,0,0,0,0,12,,0,0,0,3.1,1.2,0.9,,9,10,10,0,0,0,0,12,,0,0,0,3.1,1.2,0.9,,9,0,0,,,,,0,,,,,0,0,0,,0
"Product","/products/f9187-big-tit-sex-doll-futa-trans-doll-castle",10,10,0,0,0,0,10,,0,0,0,0,1,1,,10,10,10,0,0,0,0,10,,0,0,0,0,1,1,,10,0,0,,,,,0,,,,,,0,0,,0
"Blog Article","/blogs/dolls-info-qustions/the-latest-sex-dolls-innovations-and-breakthroughs-in-2025",9,9,0,0,0,0,14,,0,0,0,67,1.5555555555555556,0.5555555555555556,,5,9,9,0,0,0,0,14,,0,0,0,67,1.5555555555555556,0.5555555555555556,,5,0,0,,,,,0,,,,,0,0,0,,0
"Product","/products/f5962-164cm-5ft4-36kg-c-cup-tpe-silicone-korean-celebrity-sex-doll-sy-doll",9,9,2,2,0,0,25,0,0.2222222222222222,0.2222222222222222,0,316.3333333333333,2.7777777777777777,0.4444444444444444,0,4,9,9,2,2,0,0,25,0,0.2222222222222222,0.2222222222222222,0,316.3333333333333,2.7777777777777777,0.4444444444444444,0,4,0,0,0,0,,,0,,0,0,,0,0,0,,0
,"/ja/collections/robotic-sex-doll",9,9,0,0,0,0,16,,0,0,0,22.555555555555557,1.7777777777777777,0.4444444444444444,,4,9,9,0,0,0,0,16,,0,0,0,22.555555555555557,1.7777777777777777,0.4444444444444444,,4,0,0,,,,,0,,,,,0,0,0,,0
"Product","/products/f2319a-163cm5-3ft-53kg-g-cup-hips-over-140-ros-movable-jaw-super-fat-bbw-huge-ass-sex-doll%E4%B8%A8sy-doll",9,9,0,0,0,0,20,,0,0,0,36.666666666666664,2.2222222222222223,0.6666666666666666,,6,9,9,0,0,0,0,20,,0,0,0,36.666666666666664,2.2222222222222223,0.6666666666666666,,6,0,0,,,,,0,,,,,0,0,0,,0
"Product","/products/p381-meru-the-succubus-hentai-figurine-pussy-mrl-sex-doll",9,9,0,0,0,0,16,,0,0,0,50.22222222222222,1.7777777777777777,0.7777777777777778,,7,9,9,0,0,0,0,16,,0,0,0,50.22222222222222,1.7777777777777777,0.7777777777777778,,7,0,0,,,,,0,,,,,0,0,0,,0
,"/en-fi/collections/vibrating-sex-doll-torso",9,9,0,0,0,0,12,,0,0,0,7.555555555555555,1.3333333333333333,0.8888888888888888,,8,9,9,0,0,0,0,12,,0,0,0,7.555555555555555,1.3333333333333333,0.8888888888888888,,8,0,0,,,,,0,,,,,0,0,0,,0
"Blog Article","/blogs/dolls-info-qustions/why-do-men-love-sucking-breasts-reasons-revealed-busty-sex-doll-recommendations",9,9,0,0,0,0,9,,0,0,0,0,1,1,,9,9,9,0,0,0,0,9,,0,0,0,0,1,1,,9,0,0,,,,,0,,,,,,0,0,,0
"Collection","/collections/anime-sex-doll-cheap",9,9,0,0,0,0,33,,0,0,0,288.8888888888889,3.6666666666666665,0.5555555555555556,,5,9,9,0,0,0,0,33,,0,0,0,288.8888888888889,3.6666666666666665,0.5555555555555556,,5,0,0,,,,,0,,,,,0,0,0,,0
"Collection","/collections/anime-sex-doll-torso",9,9,0,0,0,0,82,,0,0,0,614.2222222222222,9.11111111111111,0.3333333333333333,,3,9,9,0,0,0,0,82,,0,0,0,614.2222222222222,9.11111111111111,0.3333333333333333,,3,0,0,,,,,0,,,,,0,0,0,,0
"Product","/products/a599-83lb-coco-sucking-doggy-style-bbw-big-booty-sex-doll-torso-luxury-realistic-biggest-ass-sex-toy",8,9,0,0,0,0,22,,0,0,0,140.33333333333334,2.4444444444444446,0.7777777777777778,,7,8,9,0,0,0,0,22,,0,0,0,140.33333333333334,2.4444444444444446,0.7777777777777778,,7,0,0,,,,,0,,,,,0,0,0,,0
"Collection","/collections/doggy-dildo-doll-guide-dog-knot-dildos-1",9,9,0,0,0,0,9,,0,0,0,0,1,1,,9,9,9,0,0,0,0,9,,0,0,0,0,1,1,,9,0,0,,,,,0,,,,,,0,0,,0
"Collection","/collections/anime-cosplay-sex-doll",9,9,0,0,0,0,15,,0,0,0,17.22222222222222,1.6666666666666667,0.7777777777777778,,7,9,9,0,0,0,0,15,,0,0,0,17.22222222222222,1.6666666666666667,0.7777777777777778,,7,0,0,,,,,0,,,,,0,0,0,,0
"Blog Article","/blogs/dolls-info-qustions/how-to-play-with-a-big-booty-sex-doll-these-positions-will-blow-your-mind",8,9,0,0,0,0,12,,0,0,0,39,1.3333333333333333,0.7777777777777778,,7,8,9,0,0,0,0,12,,0,0,0,39,1.3333333333333333,0.7777777777777778,,7,0,0,,,,,0,,,,,0,0,0,,0
,"/ja/collections/vibrating-sex-doll-torso",9,9,0,0,0,0,11,,0,0,0,18.666666666666668,1.2222222222222223,0.8888888888888888,,8,9,9,0,0,0,0,11,,0,0,0,18.666666666666668,1.2222222222222223,0.8888888888888888,,8,0,0,,,,,0,,,,,0,0,0,,0
"Blog Article","/blogs/dolls-info-qustions/real-lady-vs-mlw-sex-dolls-unboxing-hands-on-review",9,9,0,0,0,0,33,,0,0,0,94.77777777777777,3.6666666666666665,0.7777777777777778,,7,9,9,0,0,0,0,33,,0,0,0,94.77777777777777,3.6666666666666665,0.7777777777777778,,7,0,0,,,,,0,,,,,0,0,0,,0
,"/de/collections/foot-pocket-pussy",9,9,0,0,0,0,12,,0,0,0,6.444444444444445,1.3333333333333333,0.7777777777777778,,7,9,9,0,0,0,0,12,,0,0,0,6.444444444444445,1.3333333333333333,0.7777777777777778,,7,0,0,,,,,0,,,,,0,0,0,,0
"Collection","/collections/mini-bbw-sex-doll",9,9,0,0,0,0,24,,0,0,0,44.77777777777778,2.6666666666666665,0.5555555555555556,,5,9,9,0,0,0,0,24,,0,0,0,44.77777777777778,2.6666666666666665,0.5555555555555556,,5,0,0,,,,,0,,,,,0,0,0,,0
,"/en-fi/collections/bbw-sex-doll-torso",9,9,1,0,0,0,21,,0.1111111111111111,0,0,95.22222222222223,2.3333333333333335,0.4444444444444444,,4,9,9,1,0,0,0,21,,0.1111111111111111,0,0,95.22222222222223,2.3333333333333335,0.4444444444444444,,4,0,0,0,,,,0,,0,,,0,0,0,,0
"Blog Article","/blogs/dolls-info-qustions/sex-experts-recommend-top-ten-sex-pillows-to-enhance-your-bbw-sex-doll-experience",8,8,0,0,0,0,9,,0,0,0,0.875,1.125,0.875,,7,8,8,0,0,0,0,9,,0,0,0,0.875,1.125,0.875,,7,0,0,,,,,0,,,,,0,0,0,,0
,"/en-ca/collections/asian-sex-doll",7,8,0,0,0,0,15,,0,0,0,15.75,1.875,0.75,,6,7,8,0,0,0,0,15,,0,0,0,15.75,1.875,0.75,,6,0,0,,,,,0,,,,,0,0,0,,0
"Product","/products/h649-ros-free-hair-impants-real-oral-movable-jaw-silicone-sex-doll-head-meizaoren",2,8,0,0,0,0,13,,0,0,0,29.75,1.625,0.75,,6,2,8,0,0,0,0,13,,0,0,0,29.75,1.625,0.75,,6,0,0,,,,,0,,,,,0,0,0,,0
,"/de/collections/big-ass-sex-doll-torso",8,8,0,0,0,0,19,,0,0,0,39.25,2.375,0.25,,2,8,8,0,0,0,0,19,,0,0,0,39.25,2.375,0.25,,2,0,0,,,,,0,,,,,0,0,0,,0
"Collection","/collections/mini-silicone-torso",7,8,0,0,0,0,18,,0,0,0,254.625,2.25,0.375,,3,7,8,0,0,0,0,18,,0,0,0,254.625,2.25,0.375,,3,0,0,,,,,0,,,,,0,0,0,,0
"Product","/products/t276-36-38lbs-80cm-882-lightweight-life-size-sex-doll-torso-climax-doll",2,8,0,0,0,0,77,,0,0,0,686.875,9.625,0,,0,2,8,0,0,0,0,77,,0,0,0,686.875,9.625,0,,0,0,0,,,,,0,,,,,0,0,,,
"Collection","/collections/8-9in-male-sex-doll",8,8,0,0,0,0,15,,0,0,0,32.875,1.875,0.5,,4,8,8,0,0,0,0,15,,0,0,0,32.875,1.875,0.5,,4,0,0,,,,,0,,,,,0,0,0,,0
,"/ja/collections/sex-doll-factory-pictures",2,8,0,0,0,0,14,,0,0,0,12.125,1.75,0.875,,7,2,8,0,0,0,0,14,,0,0,0,12.125,1.75,0.875,,7,0,0,,,,,0,,,,,0,0,0,,0
"Product","/products/a571-19-4lbblack-sex-doll-torso-fat-ass",7,8,1,0,0,0,31,,0.125,0,0,317.625,3.875,0.625,,5,7,8,1,0,0,0,31,,0.125,0,0,317.625,3.875,0.625,,5,0,0,0,,,,0,,0,,,0,0,0,,0
"Collection","/collections/bbw-life-size-torso",8,8,0,0,0,0,17,,0,0,0,145.5,2.125,0.5,,4,8,8,0,0,0,0,17,,0,0,0,145.5,2.125,0.5,,4,0,0,,,,,0,,,,,0,0,0,,0
"Custom Page","/pages/video9-irontech",7,8,0,0,0,0,16,,0,0,0,144,2,0.625,,5,7,8,0,0,0,0,16,,0,0,0,144,2,0.625,,5,0,0,,,,,0,,,,,0,0,0,,0
"Collection","/collections/climax-doll",8,8,1,1,1,0.125,61,1,0.125,0.125,1,374.25,7.625,0.25,1,2,8,8,1,1,1,0.125,61,1,0.125,0.125,1,374.25,7.625,0.25,1,2,0,0,0,0,0,0,0,0,0,0,0,0,0,0,0,0
"Product","/products/v324-silicone-ultra-realistic-foot-toy-with-veins-and-wrinkles",8,8,1,1,0,0,10,0,0.125,0.125,0,6.375,1.25,0.875,0,7,8,8,1,1,0,0,10,0,0.125,0.125,0,6.375,1.25,0.875,0,7,0,0,0,0,,,0,,0,0,,0,0,0,,0
"Collection","/collections/1600-1999-sex-doll",8,8,0,0,0,0,22,,0,0,0,118.25,2.75,0.375,,3,8,8,0,0,0,0,22,,0,0,0,118.25,2.75,0.375,,3,0,0,,,,,0,,,,,0,0,0,,0
"Collection","/collections/torso-only",8,8,0,0,0,0,60,,0,0,0,332.625,7.5,0.125,,1,8,8,0,0,0,0,60,,0,0,0,332.625,7.5,0.125,,1,0,0,,,,,0,,,,,0,0,0,,0
,"/en-fi/collections/robotic-sex-doll",8,8,0,0,0,0,36,,0,0,0,116.125,4.5,0.625,,5,8,8,0,0,0,0,36,,0,0,0,116.125,4.5,0.625,,5,0,0,,,,,0,,,,,0,0,0,,0
"Blog Article","/blogs/dolls-info-qustions/%F0%9F%92%A1-the-ultimate-guide-to-tantaly-revolutionary-sex-dolls-that-redefine-pleasure",6,8,0,0,0,0,22,,0,0,0,21.75,2.75,0.5,,4,6,8,0,0,0,0,22,,0,0,0,21.75,2.75,0.5,,4,0,0,,,,,0,,,,,0,0,0,,0
"Product","/products/f9141-doll-senior-huge-boob-sex-doll-anime-asian-ros-gel-breast-silicone-170cm-43kg",7,8,0,0,0,0,11,,0,0,0,9.5,1.375,0.875,,7,7,8,0,0,0,0,11,,0,0,0,9.5,1.375,0.875,,7,0,0,,,,,0,,,,,0,0,0,,0
,"/en-ca/collections/torso-dildo",4,8,0,0,0,0,20,,0,0,0,238.125,2.5,0.75,,6,4,8,0,0,0,0,20,,0,0,0,238.125,2.5,0.75,,6,0,0,,,,,0,,,,,0,0,0,,0
"Collection","/collections/wm-doll",8,8,0,0,0,0,44,,0,0,0,440.125,5.5,0.25,,2,8,8,0,0,0,0,44,,0,0,0,440.125,5.5,0.25,,2,0,0,,,,,0,,,,,0,0,0,,0
"Collection","/collections/mini-torso",8,8,0,0,0,0,22,,0,0,0,76,2.75,0.125,,1,8,8,0,0,0,0,22,,0,0,0,76,2.75,0.125,,1,0,0,,,,,0,,,,,0,0,0,,0
"Product","/products/a351-7-7lb-silicone-deer-ass-furry-sex-doll-torso-mrl",8,8,0,0,0,0,52,,0,0,0,149.75,6.5,0.75,,6,8,8,0,0,0,0,52,,0,0,0,149.75,6.5,0.75,,6,0,0,,,,,0,,,,,0,0,0,,0
"Collection","/collections/iron-ai-talking-sex-doll-head",8,8,1,0,0,0,35,,0.125,0,0,428.125,4.375,0,,0,8,8,1,0,0,0,35,,0.125,0,0,428.125,4.375,0,,0,0,0,0,,,,0,,0,,,0,0,,,
,"/en-ca/collections/fake-pussy-fake-vagina-sex-toys",8,8,0,0,0,0,50,,0,0,0,349,6.25,0,,0,8,8,0,0,0,0,50,,0,0,0,349,6.25,0,,0,0,0,,,,,0,,,,,0,0,,,
"Product","/products/f7601-170cm-5ft6-41kg-tpe-huge-breast-sex-doll-in-stock-us",2,8,0,0,0,0,39,,0,0,0,299,4.875,0.375,,3,2,8,0,0,0,0,39,,0,0,0,299,4.875,0.375,,3,0,0,,,,,0,,,,,0,0,0,,0
"Collection","/collections/zelex-doll",7,8,0,0,0,0,106,,0,0,0,677.875,13.25,0.5,,4,7,8,0,0,0,0,106,,0,0,0,677.875,13.25,0.5,,4,0,0,,,,,0,,,,,0,0,0,,0
"Collection","/collections/silver-fox-male-sex-doll",8,8,0,0,0,0,96,,0,0,0,275.25,12,0.375,,3,8,8,0,0,0,0,96,,0,0,0,275.25,12,0.375,,3,0,0,,,,,0,,,,,0,0,0,,0
"Collection","/collections/lifesize-male-sex-doll-torso",7,8,0,0,0,0,23,,0,0,0,94.125,2.875,0.375,,3,7,8,0,0,0,0,23,,0,0,0,94.125,2.875,0.375,,3,0,0,,,,,0,,,,,0,0,0,,0
,"/en-ca/collections/black-torso-sex-dolls",8,8,0,0,0,0,12,,0,0,0,4.5,1.5,0.875,,7,8,8,0,0,0,0,12,,0,0,0,4.5,1.5,0.875,,7,0,0,,,,,0,,,,,0,0,0,,0
"Collection","/collections/milf-sex-dolls",8,8,0,0,0,0,23,,0,0,0,200.375,2.875,0.375,,3,8,8,0,0,0,0,23,,0,0,0,200.375,2.875,0.375,,3,0,0,,,,,0,,,,,0,0,0,,0
"Collection","/collections/japanese-milf-sex-doll",8,8,0,0,0,0,16,,0,0,0,35,2,0.625,,5,8,8,0,0,0,0,16,,0,0,0,35,2,0.625,,5,0,0,,,,,0,,,,,0,0,0,,0
"Blog Article","/blogs/dolls-info-qustions/guide-to-the-buttocks-of-sex-doll-torsos",8,8,0,0,0,0,18,,0,0,0,77,2.25,0.75,,6,8,8,0,0,0,0,18,,0,0,0,77,2.25,0.75,,6,0,0,,,,,0,,,,,0,0,0,,0
"Blog Article","/blogs/dolls-info-qustions/soul-sync-five-ai-girlfriend-apps-that-bring-a-vivid-experience-to-robotic-sex-dolls",8,8,0,0,0,0,8,,0,0,0,0,1,1,,8,8,8,0,0,0,0,8,,0,0,0,0,1,1,,8,0,0,,,,,0,,,,,,0,0,,0
"Product","/products/f4893-huge-butt-tpe-bbw-sex-dolls%E4%B8%A8sy-doll",5,8,1,0,0,0,40,,0.125,0,0,440.625,5,0.625,,5,5,8,1,0,0,0,40,,0.125,0,0,440.625,5,0.625,,5,0,0,0,,,,0,,0,,,0,0,0,,0
"Custom Page","/pages/the-hottest-topics-for-sex-doll-newcomers-in-2022",7,7,0,0,0,0,15,,0,0,0,29.571428571428573,2.142857142857143,0.5714285714285714,,4,7,7,0,0,0,0,15,,0,0,0,29.571428571428573,2.142857142857143,0.5714285714285714,,4,0,0,,,,,0,,,,,0,0,0,,0
"Product","/products/f7121-155mcm5-1ft-38kg-2-2cf-e-cup-silicone-japanese-cosplay-sex-doll-chunmomo-bezlya-doll",2,7,1,0,0,0,20,,0.14285714285714285,0,0,318.57142857142856,2.857142857142857,0.5714285714285714,,4,2,7,1,0,0,0,20,,0.14285714285714285,0,0,318.57142857142856,2.857142857142857,0.5714285714285714,,4,0,0,0,,,,0,,0,,,0,0,0,,0
"Blog Article","/blogs/dolls-info-qustions/have-sex-with-a-japnese-sex-doll",7,7,0,0,0,0,7,,0,0,0,0,1,1,,7,7,7,0,0,0,0,7,,0,0,0,0,1,1,,7,0,0,,,,,0,,,,,,0,0,,0
"Product","/products/f9302-150cm-4ft9-41kg-b-cup-ros-silicone-head-shemale-tiny-sex-dolls-doll-castle",7,7,0,0,0,0,12,,0,0,0,45.57142857142857,1.7142857142857142,0.7142857142857143,,5,7,7,0,0,0,0,12,,0,0,0,45.57142857142857,1.7142857142857142,0.7142857142857143,,5,0,0,,,,,0,,,,,0,0,0,,0
,"/en-ca/products/a324-12lbs-realistic-male-silicone-torso-sex-doll-with-18cm-posable-dildo-testicles-yeloly",7,7,0,0,0,0,7,,0,0,0,0,1,1,,7,7,7,0,0,0,0,7,,0,0,0,0,1,1,,7,0,0,,,,,0,,,,,,0,0,,0
"Checkout","/60719464687/orders/0241c972d82af4b337f238fb6b13c0d6",1,7,0,0,0,0,13,,0,0,0,37.857142857142854,1.8571428571428572,0.5714285714285714,,4,1,7,0,0,0,0,13,,0,0,0,37.857142857142854,1.8571428571428572,0.5714285714285714,,4,0,0,,,,,0,,,,,0,0,0,,0
"Blog Article","/blogs/dolls-info-qustions/solo-play-with-twist-how-to-combine-sex-doll-with-sex-swing-for-maximum-thrill-and-safety",7,7,0,0,0,0,9,,0,0,0,35,1.2857142857142858,0.7142857142857143,,5,7,7,0,0,0,0,9,,0,0,0,35,1.2857142857142858,0.7142857142857143,,5,0,0,,,,,0,,,,,0,0,0,,0
"Customer Account","/account/unsubscribe",7,7,0,0,0,0,8,,0,0,0,6.142857142857143,1.1428571428571428,0.8571428571428571,,6,7,7,0,0,0,0,8,,0,0,0,6.142857142857143,1.1428571428571428,0.8571428571428571,,6,0,0,,,,,0,,,,,0,0,0,,0
"Collection","/collections/anime-alien-sex-doll",7,7,0,0,0,0,32,,0,0,0,162.28571428571428,4.571428571428571,0.42857142857142855,,3,7,7,0,0,0,0,32,,0,0,0,162.28571428571428,4.571428571428571,0.42857142857142855,,3,0,0,,,,,0,,,,,0,0,0,,0
"Collection","/collections/qian-you",7,7,0,0,0,0,17,,0,0,0,69.42857142857143,2.4285714285714284,0.5714285714285714,,4,7,7,0,0,0,0,17,,0,0,0,69.42857142857143,2.4285714285714284,0.5714285714285714,,4,0,0,,,,,0,,,,,0,0,0,,0
"Collection","/collections/big-ass-sex-doll-life-size",6,7,0,0,0,0,21,,0,0,0,72.71428571428571,3,0.42857142857142855,,3,6,7,0,0,0,0,21,,0,0,0,72.71428571428571,3,0.42857142857142855,,3,0,0,,,,,0,,,,,0,0,0,,0
"Blog Article","/blogs/dolls-info-qustions/what-to-do-if-your-sex-doll-is-too-heavy-a-practical-guide",7,7,0,0,0,0,7,,0,0,0,0,1,1,,7,7,7,0,0,0,0,7,,0,0,0,0,1,1,,7,0,0,,,,,0,,,,,,0,0,,0
"Collection","/collections/erovenus-sex-doll",7,7,0,0,0,0,28,,0,0,0,207.42857142857142,4,0.42857142857142855,,3,7,7,0,0,0,0,28,,0,0,0,207.42857142857142,4,0.42857142857142855,,3,0,0,,,,,0,,,,,0,0,0,,0
"Blog Article","/blogs/dolls-info-qustions/ridmii-tenar-f9127-new-ai-sex-doll",6,7,0,0,0,0,9,,0,0,0,29.428571428571427,1.2857142857142858,0.8571428571428571,,6,6,7,0,0,0,0,9,,0,0,0,29.428571428571427,1.2857142857142858,0.8571428571428571,,6,0,0,,,,,0,,,,,0,0,0,,0
"Blog Article","/blogs/sex-doll-option-videos/video-11-electric-hip-and-waist",7,7,0,0,0,0,16,,0,0,0,39,2.2857142857142856,0.7142857142857143,,5,7,7,0,0,0,0,16,,0,0,0,39,2.2857142857142856,0.7142857142857143,,5,0,0,,,,,0,,,,,0,0,0,,0
"Blog Article","/blogs/dolls-info-qustions/your-first-sex-doll-the-ultimate-beginner-s-guide-to-using-her-right",7,7,0,0,0,0,69,,0,0,0,269.14285714285717,9.857142857142858,0.7142857142857143,,5,7,7,0,0,0,0,69,,0,0,0,269.14285714285717,9.857142857142858,0.7142857142857143,,5,0,0,,,,,0,,,,,0,0,0,,0
"Collection","/collections/big-ass-sex-doll-mini-torso",7,7,0,0,0,0,13,,0,0,0,101.57142857142857,1.8571428571428572,0.7142857142857143,,5,7,7,0,0,0,0,13,,0,0,0,101.57142857142857,1.8571428571428572,0.7142857142857143,,5,0,0,,,,,0,,,,,0,0,0,,0
,"/de/collections/petite-sex-doll",7,7,0,0,0,0,20,,0,0,0,28.142857142857142,2.857142857142857,0.5714285714285714,,4,7,7,0,0,0,0,20,,0,0,0,28.142857142857142,2.857142857142857,0.5714285714285714,,4,0,0,,,,,0,,,,,0,0,0,,0
"Collection","/collections/irontech-doll",7,7,0,0,0,0,32,,0,0,0,413.85714285714283,4.571428571428571,0.2857142857142857,,2,7,7,0,0,0,0,32,,0,0,0,413.85714285714283,4.571428571428571,0.2857142857142857,,2,0,0,,,,,0,,,,,0,0,0,,0
,"/de/collections/huge-breasts-japanese-sex-doll",7,7,0,0,0,0,43,,0,0,0,251,6.142857142857143,0.5714285714285714,,4,7,7,0,0,0,0,43,,0,0,0,251,6.142857142857143,0.5714285714285714,,4,0,0,,,,,0,,,,,0,0,0,,0
"Product","/products/products-a684-big-booty-ssbbw-gel-41-8lb-realistic-torso",7,7,0,0,0,0,40,,0,0,0,456.85714285714283,5.714285714285714,0.7142857142857143,,5,7,7,0,0,0,0,40,,0,0,0,456.85714285714283,5.714285714285714,0.7142857142857143,,5,0,0,,,,,0,,,,,0,0,0,,0
,"/en-ca/collections/anime-pocket-pussy",7,7,0,0,0,0,33,,0,0,0,115.28571428571429,4.714285714285714,0.2857142857142857,,2,7,7,0,0,0,0,33,,0,0,0,115.28571428571429,4.714285714285714,0.2857142857142857,,2,0,0,,,,,0,,,,,0,0,0,,0
"Blog Article","/blogs/dolls-info-qustions/what-is-it-like-to-have-sex-with-a-male-sex-doll",6,7,0,0,0,0,8,,0,0,0,0.7142857142857143,1.1428571428571428,0.8571428571428571,,6,6,7,0,0,0,0,8,,0,0,0,0.7142857142857143,1.1428571428571428,0.8571428571428571,,6,0,0,,,,,0,,,,,0,0,0,,0
"Product","/products/h658-thick-big-lips-silicone-sex-doll-head-%E4%B8%A8doll-castle-head",7,7,0,0,0,0,22,,0,0,0,95.85714285714286,3.142857142857143,0.42857142857142855,,3,7,7,0,0,0,0,22,,0,0,0,95.85714285714286,3.142857142857143,0.42857142857142855,,3,0,0,,,,,0,,,,,0,0,0,,0
"Product","/collections/sex-doll-torso/products/631-lifesize-sex-doll-torso",7,7,0,0,0,0,14,,0,0,0,26.142857142857142,2,0.42857142857142855,,3,7,7,0,0,0,0,14,,0,0,0,26.142857142857142,2,0.42857142857142855,,3,0,0,,,,,0,,,,,0,0,0,,0
"Collection","/collections/anime-elf-sex-doll",7,7,0,0,0,0,27,,0,0,0,399.85714285714283,3.857142857142857,0.42857142857142855,,3,7,7,0,0,0,0,27,,0,0,0,399.85714285714283,3.857142857142857,0.42857142857142855,,3,0,0,,,,,0,,,,,0,0,0,,0
"Collection","/collections/firefly-diary",6,7,0,0,0,0,17,,0,0,0,400.85714285714283,2.4285714285714284,0.42857142857142855,,3,6,7,0,0,0,0,17,,0,0,0,400.85714285714283,2.4285714285714284,0.42857142857142855,,3,0,0,,,,,0,,,,,0,0,0,,0
"Product","/collections/sex-doll-torso/products/562-fat-ass-torso-doll-silicone-ass",7,7,0,0,0,0,20,,0,0,0,74.28571428571429,2.857142857142857,0.14285714285714285,,1,7,7,0,0,0,0,20,,0,0,0,74.28571428571429,2.857142857142857,0.14285714285714285,,1,0,0,,,,,0,,,,,0,0,0,,0
"Blog Article","/blogs/dolls-info-qustions/5-things-to-know-before-trying-the-stand-and-carry-sexual-position",7,7,0,0,0,0,11,,0,0,0,15.857142857142858,1.5714285714285714,0.7142857142857143,,5,7,7,0,0,0,0,11,,0,0,0,15.857142857142858,1.5714285714285714,0.7142857142857143,,5,0,0,,,,,0,,,,,0,0,0,,0
"Blog Article","/blogs/featured-blog/2025-top-sex-doll-brands-annual-update-summary",7,7,0,0,0,0,8,,0,0,0,2.2857142857142856,1.1428571428571428,0.8571428571428571,,6,7,7,0,0,0,0,8,,0,0,0,2.2857142857142856,1.1428571428571428,0.8571428571428571,,6,0,0,,,,,0,,,,,0,0,0,,0
"Product","/products/v26-vajancle-silicone-right-feet",6,7,0,0,0,0,8,,0,0,0,6.714285714285714,1.1428571428571428,0.8571428571428571,,6,6,7,0,0,0,0,8,,0,0,0,6.714285714285714,1.1428571428571428,0.8571428571428571,,6,0,0,,,,,0,,,,,0,0,0,,0
"Product","/products/products-climax-doll-bbw-big-butt-black-gel-27-5lb-realistic-torso",7,7,0,0,0,0,18,,0,0,0,125.71428571428571,2.5714285714285716,0.7142857142857143,,5,7,7,0,0,0,0,18,,0,0,0,125.71428571428571,2.5714285714285716,0.7142857142857143,,5,0,0,,,,,0,,,,,0,0,0,,0
,"/en-ca/collections/silicone-ass",7,7,0,0,0,0,83,,0,0,0,879.8571428571429,11.857142857142858,0.2857142857142857,,2,7,7,0,0,0,0,83,,0,0,0,879.8571428571429,11.857142857142858,0.2857142857142857,,2,0,0,,,,,0,,,,,0,0,0,,0
"Collection","/collections/aibei-doll-videos",2,7,0,0,0,0,10,,0,0,0,36.714285714285715,1.4285714285714286,0.7142857142857143,,5,2,7,0,0,0,0,10,,0,0,0,36.714285714285715,1.4285714285714286,0.7142857142857143,,5,0,0,,,,,0,,,,,0,0,0,,0
"Product","/products/f9300-150cm-ros-silicone-head-alien-sex-doll-shemale-dildo",6,7,0,0,0,0,20,,0,0,0,1027.857142857143,2.857142857142857,0.7142857142857143,,5,6,7,0,0,0,0,20,,0,0,0,1027.857142857143,2.857142857142857,0.7142857142857143,,5,0,0,,,,,0,,,,,0,0,0,,0
"Collection","/collections/cheap-bbw-sex-doll",7,7,1,0,0,0,59,,0.14285714285714285,0,0,576.4285714285714,8.428571428571429,0.2857142857142857,,2,7,7,1,0,0,0,59,,0.14285714285714285,0,0,576.4285714285714,8.428571428571429,0.2857142857142857,,2,0,0,0,,,,0,,0,,,0,0,0,,0
"Collection","/collections/6-7in-male-sex-doll",7,7,0,0,0,0,9,,0,0,0,117.28571428571429,1.2857142857142858,0.7142857142857143,,5,7,7,0,0,0,0,9,,0,0,0,117.28571428571429,1.2857142857142858,0.7142857142857143,,5,0,0,,,,,0,,,,,0,0,0,,0
,"/de/blogs/sex-doll-torso-blog/top-7-sex-poses-with-your-torso-sex-doll",6,6,0,0,0,0,9,,0,0,0,83.83333333333333,1.5,0.5,,3,6,6,0,0,0,0,9,,0,0,0,83.83333333333333,1.5,0.5,,3,0,0,,,,,0,,,,,0,0,0,,0
"Collection","/collections/top-rated-japanese-sex-dolls-in-2026",6,6,0,0,0,0,10,,0,0,0,44,1.6666666666666667,0.6666666666666666,,4,6,6,0,0,0,0,10,,0,0,0,44,1.6666666666666667,0.6666666666666666,,4,0,0,,,,,0,,,,,0,0,0,,0
"Collection","/collections/2000-sex-doll",5,6,0,0,0,0,30,,0,0,0,386,5,0.16666666666666666,,1,5,6,0,0,0,0,30,,0,0,0,386,5,0.16666666666666666,,1,0,0,,,,,0,,,,,0,0,0,,0
,"/en-ca/blogs/featured-blog/over-10-effective-tips-for-drying-sex-doll-torso-vagina-and-anal",1,6,0,0,0,0,8,,0,0,0,34.333333333333336,1.3333333333333333,0.6666666666666666,,4,1,6,0,0,0,0,8,,0,0,0,34.333333333333336,1.3333333333333333,0.6666666666666666,,4,0,0,,,,,0,,,,,0,0,0,,0
"Product","/products/b439-ultra-soft-silicone-sex-doll-boobs-titfuck-torso-erovenus",4,6,1,1,0,0,16,0,0.16666666666666666,0.16666666666666666,0,78.16666666666667,2.6666666666666665,0.5,0,3,4,6,1,1,0,0,16,0,0.16666666666666666,0.16666666666666666,0,78.16666666666667,2.6666666666666665,0.5,0,3,0,0,0,0,,,0,,0,0,,0,0,0,,0
"Blog Article","/blogs/dolls-info-qustions/4-recommended-futa-sex-dolls-a-guide-to-realistic-touch-and-dual-gender-appeal",6,6,0,0,0,0,17,,0,0,0,99.16666666666667,2.8333333333333335,0.6666666666666666,,4,6,6,0,0,0,0,17,,0,0,0,99.16666666666667,2.8333333333333335,0.6666666666666666,,4,0,0,,,,,0,,,,,0,0,0,,0
"Product","/products/t267-big-coke-male-sex-dolls-torso-dildo-for-women",6,6,0,0,0,0,6,,0,0,0,0,1,1,,6,6,6,0,0,0,0,6,,0,0,0,0,1,1,,6,0,0,,,,,0,,,,,,0,0,,0
,"/en-ca/collections/pocket-pussy-ass",6,6,0,0,0,0,13,,0,0,0,31.5,2.1666666666666665,0.5,,3,6,6,0,0,0,0,13,,0,0,0,31.5,2.1666666666666665,0.5,,3,0,0,,,,,0,,,,,0,0,0,,0
"Blog Article","/blogs/dolls-info-qustions/test-3",6,6,0,0,0,0,6,,0,0,0,0,1,1,,6,6,6,0,0,0,0,6,,0,0,0,0,1,1,,6,0,0,,,,,0,,,,,,0,0,,0
,"/de/collections/vendors",6,6,0,0,0,0,14,,0,0,0,190.5,2.3333333333333335,0.5,,3,6,6,0,0,0,0,14,,0,0,0,190.5,2.3333333333333335,0.5,,3,0,0,,,,,0,,,,,0,0,0,,0
,"/en-ca/collections/vibrating-sex-doll-torso",6,6,0,0,0,0,49,,0,0,0,272.3333333333333,8.166666666666666,0.3333333333333333,,2,6,6,0,0,0,0,49,,0,0,0,272.3333333333333,8.166666666666666,0.3333333333333333,,2,0,0,,,,,0,,,,,0,0,0,,0
"Product","/products/a647-17-6lbs-scaly-fantasy-butt-silicone-ass",5,6,0,0,0,0,22,,0,0,0,536.5,3.6666666666666665,0.6666666666666666,,4,5,6,0,0,0,0,22,,0,0,0,536.5,3.6666666666666665,0.6666666666666666,,4,0,0,,,,,0,,,,,0,0,0,,0
"Product","/products/t435-72-75lb-silicone-lifesize-anime-sex-doll-ssbbw-sex-doll-torso-lovenestle",5,6,0,0,0,0,29,,0,0,0,211.5,4.833333333333333,0.3333333333333333,,2,5,6,0,0,0,0,29,,0,0,0,211.5,4.833333333333333,0.3333333333333333,,2,0,0,,,,,0,,,,,0,0,0,,0
"Product","/products/f4817-161cm-5ft346kg-m-cup-sexy-silicone-ros-bbw-chubby-sex-doll-hr-doll",6,6,0,0,0,0,10,,0,0,0,292.6666666666667,1.6666666666666667,0.6666666666666666,,4,6,6,0,0,0,0,10,,0,0,0,292.6666666666667,1.6666666666666667,0.6666666666666666,,4,0,0,,,,,0,,,,,0,0,0,,0
"Blog Article","/blogs/dolls-info-qustions/4-easy-positions-to-enjoy-with-your-bbw-sex-doll",6,6,0,0,0,0,6,,0,0,0,0,1,1,,6,6,6,0,0,0,0,6,,0,0,0,0,1,1,,6,0,0,,,,,0,,,,,,0,0,,0
"Product","/products/f5302-silicone-huge-boobs-dolls-sineem",2,6,0,0,0,0,15,,0,0,0,337.5,2.5,0.3333333333333333,,2,2,6,0,0,0,0,15,,0,0,0,337.5,2.5,0.3333333333333333,,2,0,0,,,,,0,,,,,0,0,0,,0
"Collection","/collections/life-size-torso",6,6,0,0,0,0,42,,0,0,0,688.5,7,0,,0,6,6,0,0,0,0,42,,0,0,0,688.5,7,0,,0,0,0,,,,,0,,,,,0,0,,,
"Blog Article","/blogs/sex-doll-option-videos/video-12-auto-blowjob",6,6,0,0,0,0,40,,0,0,0,239.16666666666666,6.666666666666667,0.8333333333333334,,5,6,6,0,0,0,0,40,,0,0,0,239.16666666666666,6.666666666666667,0.8333333333333334,,5,0,0,,,,,0,,,,,0,0,0,,0
"Blog Article","/blogs/dolls-info-qustions/which-condoms-can-be-used-with-18s-sex-dolls",6,6,0,0,0,0,8,,0,0,0,12.833333333333334,1.3333333333333333,0.8333333333333334,,5,6,6,0,0,0,0,8,,0,0,0,12.833333333333334,1.3333333333333333,0.8333333333333334,,5,0,0,,,,,0,,,,,0,0,0,,0
"Product","/products/f4750-161cm52-5kg-h-cup-fat-big-ass-silicone-bbw-sex-doll-2025-starpery-doll",2,6,0,0,0,0,54,,0,0,0,740.1666666666666,9,0.5,,3,2,6,0,0,0,0,54,,0,0,0,740.1666666666666,9,0.5,,3,0,0,,,,,0,,,,,0,0,0,,0
"Product","/products/f5546-153cm-5ft-28kg-silicone-anime-hentai-male-sex-dolls-elsa-babe",4,6,0,0,0,0,6,,0,0,0,0,1,1,,6,4,6,0,0,0,0,6,,0,0,0,0,1,1,,6,0,0,,,,,0,,,,,,0,0,,0
"Blog Article","/blogs/dolls-info-qustions/s-tpe",6,6,0,0,0,0,7,,0,0,0,4.666666666666667,1.1666666666666667,0.8333333333333334,,5,6,6,0,0,0,0,7,,0,0,0,4.666666666666667,1.1666666666666667,0.8333333333333334,,5,0,0,,,,,0,,,,,0,0,0,,0
,"/en-ca/collections/under-100",6,6,0,0,0,0,34,,0,0,0,237.5,5.666666666666667,0.3333333333333333,,2,6,6,0,0,0,0,34,,0,0,0,237.5,5.666666666666667,0.3333333333333333,,2,0,0,,,,,0,,,,,0,0,0,,0
"Collection","/collections/big-ass-sex-doll-500-999",6,6,0,0,0,0,10,,0,0,0,32.333333333333336,1.6666666666666667,0.5,,3,6,6,0,0,0,0,10,,0,0,0,32.333333333333336,1.6666666666666667,0.5,,3,0,0,,,,,0,,,,,0,0,0,,0
"Product","/products/p382-2-4lb-dragon-head-silicone-hentai-sex-doll-torso-toy-male-masturbator-mrl",6,6,0,0,0,0,6,,0,0,0,0,1,1,,6,6,6,0,0,0,0,6,,0,0,0,0,1,1,,6,0,0,,,,,0,,,,,,0,0,,0
,"/ja/blogs/dolls-info-qustions/4-things-tell-you-how-to-use-a-lesbian-sex-doll",6,6,0,0,0,0,7,,0,0,0,3,1.1666666666666667,0.8333333333333334,,5,6,6,0,0,0,0,7,,0,0,0,3,1.1666666666666667,0.8333333333333334,,5,0,0,,,,,0,,,,,0,0,0,,0
"Blog Article","/blogs/dolls-info-qustions/the-vibration-and-suction-functions-of-automatic-sex-dolls",6,6,0,0,0,0,8,,0,0,0,45.833333333333336,1.3333333333333333,0.6666666666666666,,4,6,6,0,0,0,0,8,,0,0,0,45.833333333333336,1.3333333333333333,0.6666666666666666,,4,0,0,,,,,0,,,,,0,0,0,,0
"Blog Article","/blogs/dolls-info-qustions/top-5-best-foot-fetish-toys-you-can-buy-online-in-2025",6,6,0,0,0,0,21,,0,0,0,107,3.5,0.16666666666666666,,1,6,6,0,0,0,0,21,,0,0,0,107,3.5,0.16666666666666666,,1,0,0,,,,,0,,,,,0,0,0,,0
"Product","/products/58313-2lb-27-5-sex-doll-legs",6,6,1,1,1,0.16666666666666666,16,1,0.16666666666666666,0.16666666666666666,1,55,2.6666666666666665,0.6666666666666666,1,4,6,6,1,1,1,0.16666666666666666,16,1,0.16666666666666666,0.16666666666666666,1,55,2.6666666666666665,0.6666666666666666,1,4,0,0,0,0,0,0,0,0,0,0,0,0,0,0,0,0
"Collection","/collections/evasdoll",5,6,0,0,0,0,14,,0,0,0,202.83333333333334,2.3333333333333335,0.5,,3,5,6,0,0,0,0,14,,0,0,0,202.83333333333334,2.3333333333333335,0.5,,3,0,0,,,,,0,,,,,0,0,0,,0
,"/en-ca/collections/mini-sex-doll-torso",6,6,0,0,0,0,14,,0,0,0,142,2.3333333333333335,0.5,,3,6,6,0,0,0,0,14,,0,0,0,142,2.3333333333333335,0.5,,3,0,0,,,,,0,,,,,0,0,0,,0
"Custom Page","/pages/sex-doll-video-4",6,6,0,0,0,0,10,,0,0,0,101,1.6666666666666667,0.8333333333333334,,5,6,6,0,0,0,0,10,,0,0,0,101,1.6666666666666667,0.8333333333333334,,5,0,0,,,,,0,,,,,0,0,0,,0
"Product","/products/f1993-150cm4-9ft-42-5kg-m-cup-bbw-tpe-sex-doll%E4%B8%A8wm-doll",6,6,0,0,0,0,24,,0,0,0,169.83333333333334,4,0.8333333333333334,,5,6,6,0,0,0,0,24,,0,0,0,169.83333333333334,4,0.8333333333333334,,5,0,0,,,,,0,,,,,0,0,0,,0
"Blog Article","/blogs/dolls-info-qustions/bringing-fantasies-to-life-the-ultimate-sex-doll-roleplay-experience",6,6,0,0,0,0,7,,0,0,0,0.8333333333333334,1.1666666666666667,0.8333333333333334,,5,6,6,0,0,0,0,7,,0,0,0,0.8333333333333334,1.1666666666666667,0.8333333333333334,,5,0,0,,,,,0,,,,,0,0,0,,0
"Product","/products/t434-2-69lb-silicone-male-masturbator-sex-toys-for-men-lovenestle",6,6,0,0,0,0,6,,0,0,0,0,1,1,,6,6,6,0,0,0,0,6,,0,0,0,0,1,1,,6,0,0,,,,,0,,,,,,0,0,,0
"Collection","/collections/dildo-male-sex-doll",6,6,1,0,0,0,73,,0.16666666666666666,0,0,599.8333333333334,12.166666666666666,0.3333333333333333,,2,6,6,1,0,0,0,73,,0.16666666666666666,0,0,599.8333333333334,12.166666666666666,0.3333333333333333,,2,0,0,0,,,,0,,0,,,0,0,0,,0
"Product","/products/a303-silicone-big-butt-torso-lightweight-realistic-vagina",6,6,0,0,0,0,10,,0,0,0,32.166666666666664,1.6666666666666667,0.6666666666666666,,4,6,6,0,0,0,0,10,,0,0,0,32.166666666666664,1.6666666666666667,0.6666666666666666,,4,0,0,,,,,0,,,,,0,0,0,,0
"Blog Article","/blogs/dolls-info-qustions/sex-positions-you-must-try",6,6,0,0,0,0,14,,0,0,0,14.333333333333334,2.3333333333333335,0.6666666666666666,,4,6,6,0,0,0,0,14,,0,0,0,14.333333333333334,2.3333333333333335,0.6666666666666666,,4,0,0,,,,,0,,,,,0,0,0,,0
"Product","/products/18lb-big-ass-sex-doll-torso-503-sex-doll-torso",6,6,2,2,0,0,28,0,0.3333333333333333,0.3333333333333333,0,672.6666666666666,4.666666666666667,0.5,0,3,6,6,2,2,0,0,28,0,0.3333333333333333,0.3333333333333333,0,672.6666666666666,4.666666666666667,0.5,0,3,0,0,0,0,,,0,,0,0,,0,0,0,,0
"Product","/products/f7690-161cm5ft3-41-5kg-h-cup-huge-breast-silicone-ssbbw-sex-doll-with-weight-reduction-4-0-starpery-doll",6,6,0,0,0,0,26,,0,0,0,320.1666666666667,4.333333333333333,0.6666666666666666,,4,6,6,0,0,0,0,26,,0,0,0,320.1666666666667,4.333333333333333,0.6666666666666666,,4,0,0,,,,,0,,,,,0,0,0,,0
"Blog Article","/blogs/dolls-info-qustions/celebrity-sex-dolls-hot-picks-6-asian-inspired-star-lookalikes",6,6,0,0,0,0,12,,0,0,0,50,2,0.6666666666666666,,4,6,6,0,0,0,0,12,,0,0,0,50,2,0.6666666666666666,,4,0,0,,,,,0,,,,,0,0,0,,0
"Collection","/collections/aibei-doll",6,6,0,0,0,0,72,,0,0,0,917.6666666666666,12,0.3333333333333333,,2,6,6,0,0,0,0,72,,0,0,0,917.6666666666666,12,0.3333333333333333,,2,0,0,,,,,0,,,,,0,0,0,,0
"Collection","/collections/new-arrivals",4,6,0,0,0,0,13,,0,0,0,53.666666666666664,2.1666666666666665,0.8333333333333334,,5,4,6,0,0,0,0,13,,0,0,0,53.666666666666664,2.1666666666666665,0.8333333333333334,,5,0,0,,,,,0,,,,,0,0,0,,0
"Product","/products/f6335-life-size-sex-doll-robot",1,6,0,0,0,0,7,,0,0,0,155,1.1666666666666667,0.8333333333333334,,5,1,6,0,0,0,0,7,,0,0,0,155,1.1666666666666667,0.8333333333333334,,5,0,0,,,,,0,,,,,0,0,0,,0
"Blog Article","/blogs/dolls-info-qustions/7-best-mini-torso-sex-dolls-for-beginners",6,6,0,0,0,0,13,,0,0,0,146.66666666666666,2.1666666666666665,0.5,,3,6,6,0,0,0,0,13,,0,0,0,146.66666666666666,2.1666666666666665,0.5,,3,0,0,,,,,0,,,,,0,0,0,,0
,"/de/collections/mini-torso",6,6,0,0,0,0,18,,0,0,0,121.66666666666667,3,0.5,,3,6,6,0,0,0,0,18,,0,0,0,121.66666666666667,3,0.5,,3,0,0,,,,,0,,,,,0,0,0,,0
"Blog Article","/blogs/dolls-info-qustions/why-do-female-characters-in-anime-often-have-exaggeratedly-large-breasts",6,6,0,0,0,0,8,,0,0,0,17,1.3333333333333333,0.6666666666666666,,4,6,6,0,0,0,0,8,,0,0,0,17,1.3333333333333333,0.6666666666666666,,4,0,0,,,,,0,,,,,0,0,0,,0
,"/de/collections/torso-shemale-sex-doll",6,6,0,0,0,0,23,,0,0,0,357.8333333333333,3.8333333333333335,0.3333333333333333,,2,6,6,0,0,0,0,23,,0,0,0,357.8333333333333,3.8333333333333335,0.3333333333333333,,2,0,0,,,,,0,,,,,0,0,0,,0
"Collection","/collections/silicone-torso-with-head",6,6,0,0,0,0,8,,0,0,0,25.666666666666668,1.3333333333333333,0.8333333333333334,,5,6,6,0,0,0,0,8,,0,0,0,25.666666666666668,1.3333333333333333,0.8333333333333334,,5,0,0,,,,,0,,,,,0,0,0,,0
"Blog Article","/blogs/dolls-info-qustions/what-oral-depth-of-a-sex-doll-head-is-best-for-blowjobs",6,6,0,0,0,0,10,,0,0,0,88,1.6666666666666667,0.6666666666666666,,4,6,6,0,0,0,0,10,,0,0,0,88,1.6666666666666667,0.6666666666666666,,4,0,0,,,,,0,,,,,0,0,0,,0
"Collection","/collections/sex-focused-robot-sex-doll",6,6,0,0,0,0,26,,0,0,0,222.83333333333334,4.333333333333333,0.3333333333333333,,2,6,6,0,0,0,0,26,,0,0,0,222.83333333333334,4.333333333333333,0.3333333333333333,,2,0,0,,,,,0,,,,,0,0,0,,0
,"/en-ca/collections/cheap-sex-doll",6,6,0,0,0,0,6,,0,0,0,0,1,1,,6,6,6,0,0,0,0,6,,0,0,0,0,1,1,,6,0,0,,,,,0,,,,,,0,0,,0
,"/de/collections/huge-breasts-sex-dolls",6,6,0,0,0,0,11,,0,0,0,38.5,1.8333333333333333,0.6666666666666666,,4,6,6,0,0,0,0,11,,0,0,0,38.5,1.8333333333333333,0.6666666666666666,,4,0,0,,,,,0,,,,,0,0,0,,0
"Product","/products/t930-51kg-j-cup-tpe-adult-big-chest-big-ass-ssbbw-sex-doll-torso-with-head-yl-doll",1,5,0,0,0,0,12,,0,0,0,95,2.4,0.8,,4,1,5,0,0,0,0,12,,0,0,0,95,2.4,0.8,,4,0,0,,,,,0,,,,,0,0,0,,0
,"/ja/blogs/dolls-info-qustions/budget-under-200-check-out-these-7-cheap-mini-sex-dolls",5,5,0,0,0,0,5,,0,0,0,0,1,1,,5,5,5,0,0,0,0,5,,0,0,0,0,1,1,,5,0,0,,,,,0,,,,,,0,0,,0
"Blog Article","/blogs/dolls-info-qustions/how-to-use-a-milf-sex-doll",5,5,0,0,0,0,8,,0,0,0,64,1.6,0.8,,4,5,5,0,0,0,0,8,,0,0,0,64,1.6,0.8,,4,0,0,,,,,0,,,,,0,0,0,,0
"Blog Article","/blogs/dolls-info-qustions/how-to-effectively-reduce-the-weight-of-a-bbw-sex-doll-torso-tips-and-advice",5,5,0,0,0,0,5,,0,0,0,0,1,1,,5,5,5,0,0,0,0,5,,0,0,0,0,1,1,,5,0,0,,,,,0,,,,,,0,0,,0
,"/en-fi/collections/fake-pussy-fake-vagina-sex-toys",5,5,0,0,0,0,8,,0,0,0,297.2,1.6,0.6,,3,5,5,0,0,0,0,8,,0,0,0,297.2,1.6,0.6,,3,0,0,,,,,0,,,,,0,0,0,,0
,"/en-fi/blogs/featured-blog/how-to-diy-an-sex-doll-you",5,5,0,0,0,0,6,,0,0,0,45.4,1.2,0.8,,4,5,5,0,0,0,0,6,,0,0,0,45.4,1.2,0.8,,4,0,0,,,,,0,,,,,0,0,0,,0
,"/en-ca/blogs/dolls-info-qustions/how-to-titty-fuck-experience-the-ultimate-pleasure-with-a-huge-breast-sex-doll",5,5,0,0,0,0,5,,0,0,0,0,1,1,,5,5,5,0,0,0,0,5,,0,0,0,0,1,1,,5,0,0,,,,,0,,,,,,0,0,,0
"Blog Article","/blogs/dolls-info-qustions/hey-as-a-woman-is-it-weird-if-i-want-to-buy-a-strap-on-dildo-to-get-it-on-with-a-female-trans-sex-doll",5,5,0,0,0,0,5,,0,0,0,0,1,1,,5,5,5,0,0,0,0,5,,0,0,0,0,1,1,,5,0,0,,,,,0,,,,,,0,0,,0
"Product","/products/f2564-159cm-h-cup-realistic-sex-dolls-silicone-real-lady",1,5,0,0,0,0,13,,0,0,0,565.2,2.6,0.6,,3,1,5,0,0,0,0,13,,0,0,0,565.2,2.6,0.6,,3,0,0,,,,,0,,,,,0,0,0,,0
"Checkout","/60719464687/orders/b9effcd6c9d9edce7873ea1d5b0470ff",2,5,0,0,0,0,7,,0,0,0,204.2,1.4,0.6,,3,2,5,0,0,0,0,7,,0,0,0,204.2,1.4,0.6,,3,0,0,,,,,0,,,,,0,0,0,,0
"Blog Article","/blogs/dolls-info-qustions/2025-how-to-perform-oral-sex-with-a-real-sex-doll",5,5,0,0,0,0,5,,0,0,0,0,1,1,,5,5,5,0,0,0,0,5,,0,0,0,0,1,1,,5,0,0,,,,,0,,,,,,0,0,,0
"Blog Article","/blogs/sex-doll-option-videos/video-16-wm-exclusive-real-oral-sexros",5,5,0,0,0,0,9,,0,0,0,33,1.8,0.8,,4,5,5,0,0,0,0,9,,0,0,0,33,1.8,0.8,,4,0,0,,,,,0,,,,,0,0,0,,0
"Collection","/collections/lusandy-doll",5,5,0,0,0,0,19,,0,0,0,425.2,3.8,0.2,,1,5,5,0,0,0,0,19,,0,0,0,425.2,3.8,0.2,,1,0,0,,,,,0,,,,,0,0,0,,0
"Product","/products/silicone-butt-thighs-17-4lb",5,5,0,0,0,0,22,,0,0,0,69.6,4.4,0.4,,2,5,5,0,0,0,0,22,,0,0,0,69.6,4.4,0.4,,2,0,0,,,,,0,,,,,0,0,0,,0
"Product","/products/f5573-150cm-5ft-27-5kg-shemale-anime-futa-silicone-sex-doll-elsa-babe",2,5,0,0,0,0,9,,0,0,0,303,1.8,0.6,,3,2,5,0,0,0,0,9,,0,0,0,303,1.8,0.6,,3,0,0,,,,,0,,,,,0,0,0,,0
,"/ja/collections/naked-sex-doll",4,5,0,0,0,0,14,,0,0,0,24.6,2.8,0.6,,3,4,5,0,0,0,0,14,,0,0,0,24.6,2.8,0.6,,3,0,0,,,,,0,,,,,0,0,0,,0
"Collection","/collections/sy-doll",4,5,0,0,0,0,25,,0,0,0,217.8,5,0.4,,2,4,5,0,0,0,0,25,,0,0,0,217.8,5,0.4,,2,0,0,,,,,0,,,,,0,0,0,,0
"Product","/products/f6137-160cm-5-2ft-36kg-c-cup-tpe-silicone-head-sex-doll-sy-doll",2,5,0,0,0,0,9,,0,0,0,41.8,1.8,0.6,,3,2,5,0,0,0,0,9,,0,0,0,41.8,1.8,0.6,,3,0,0,,,,,0,,,,,0,0,0,,0
,"/de/collections/anime-cosplay-sex-doll",5,5,0,0,0,0,7,,0,0,0,4.6,1.4,0.8,,4,5,5,0,0,0,0,7,,0,0,0,4.6,1.4,0.8,,4,0,0,,,,,0,,,,,0,0,0,,0
"Product","/products/f5960k-168cm-h-cup-lightweight-big-breast-sex-doll-giant-boobs-us-stock",5,5,0,0,0,0,7,,0,0,0,392,1.4,0.8,,4,5,5,0,0,0,0,7,,0,0,0,392,1.4,0.8,,4,0,0,,,,,0,,,,,0,0,0,,0
"Blog Article","/blogs/dolls-info-qustions/how-deep-is-the-vagina-5-key-things-you-need-to-know-about-the-vagina",5,5,0,0,0,0,5,,0,0,0,0,1,1,,5,5,5,0,0,0,0,5,,0,0,0,0,1,1,,5,0,0,,,,,0,,,,,,0,0,,0
"Collection","/collections/rosertty-doll",5,5,0,0,0,0,12,,0,0,0,133.2,2.4,0.2,,1,5,5,0,0,0,0,12,,0,0,0,133.2,2.4,0.2,,1,0,0,,,,,0,,,,,0,0,0,,0
,"/en-ca/collections/saggy-huge-breast-sex-doll",5,5,0,0,0,0,20,,0,0,0,192.4,4,0,,0,5,5,0,0,0,0,20,,0,0,0,192.4,4,0,,0,0,0,,,,,0,,,,,0,0,,,
,"/de/collections/lifesize-male-sex-doll-torso",4,5,0,0,0,0,8,,0,0,0,11,1.6,0.6,,3,4,5,0,0,0,0,8,,0,0,0,11,1.6,0.6,,3,0,0,,,,,0,,,,,0,0,0,,0
"Product","/products/f2221-163cm5-3ft-b-cup-s46-life-size-sex-doll-irontech-doll",1,5,0,0,0,0,5,,0,0,0,0,1,1,,5,1,5,0,0,0,0,5,,0,0,0,0,1,1,,5,0,0,,,,,0,,,,,,0,0,,0
"Blog Article","/blogs/dolls-info-qustions/the-best-futa-sex-dolls-to-buy-in-2025-brand-guide-buying-tips",5,5,0,0,0,0,12,,0,0,0,85.6,2.4,0.6,,3,5,5,0,0,0,0,12,,0,0,0,85.6,2.4,0.6,,3,0,0,,,,,0,,,,,0,0,0,,0
"Collection","/collections/big-boobs-sex-dolls",5,5,0,0,0,0,10,,0,0,0,7.2,2,0.4,,2,5,5,0,0,0,0,10,,0,0,0,7.2,2,0.4,,2,0,0,,,,,0,,,,,0,0,0,,0
"Product","/products/f6266-172cm-5-6ft-37-5kg-a-cup-realistic-flat-chest-sex-doll-with-ros-head-top-cydoll",5,5,0,0,0,0,7,,0,0,0,131,1.4,0.8,,4,5,5,0,0,0,0,7,,0,0,0,131,1.4,0.8,,4,0,0,,,,,0,,,,,0,0,0,,0
"Blog Article","/blogs/dolls-info-qustions/dangerous-and-fascinating-the-irresistible-allure-of-mermaid-sex-doll",5,5,0,0,0,0,5,,0,0,0,0,1,1,,5,5,5,0,0,0,0,5,,0,0,0,0,1,1,,5,0,0,,,,,0,,,,,,0,0,,0
"Collection","/collections/the-best-male-sex-dolls-of-2024-explained-choosing-your-ideal-lover",5,5,0,0,0,0,8,,0,0,0,5.8,1.6,0.6,,3,5,5,0,0,0,0,8,,0,0,0,5.8,1.6,0.6,,3,0,0,,,,,0,,,,,0,0,0,,0
"Product","/products/f6230-160cm-5ft3-34kg-e-cup-silicone-sex-doll-for-man-firefly-diary-max",5,5,0,0,0,0,18,,0,0,0,270.4,3.6,0.4,,2,5,5,0,0,0,0,18,,0,0,0,270.4,3.6,0.4,,2,0,0,,,,,0,,,,,0,0,0,,0
,"/de/collections/male-sex-doll",4,5,0,0,0,0,10,,0,0,0,29.4,2,0.4,,2,4,5,0,0,0,0,10,,0,0,0,29.4,2,0.4,,2,0,0,,,,,0,,,,,0,0,0,,0
,"/en-ca/pages/cheap-sex-doll-guide",5,5,0,0,0,0,34,,0,0,0,646.4,6.8,0,,0,5,5,0,0,0,0,34,,0,0,0,646.4,6.8,0,,0,0,0,,,,,0,,,,,0,0,,,
"Blog Article","/blogs/sex-doll-torso-blog/top-7-sex-doll-torsos",5,5,0,0,0,0,6,,0,0,0,3.8,1.2,0.8,,4,5,5,0,0,0,0,6,,0,0,0,3.8,1.2,0.8,,4,0,0,,,,,0,,,,,0,0,0,,0
"Blog Article","/blogs/dolls-info-qustions/does-the-sex-doll-feel-real-an-honest-review-from-a-real-user",5,5,0,0,0,0,6,,0,0,0,48,1.2,0.8,,4,5,5,0,0,0,0,6,,0,0,0,48,1.2,0.8,,4,0,0,,,,,0,,,,,0,0,0,,0
"Blog Article","/blogs/dolls-info-qustions/what-are-the-sex-positions-with-my-arab-sex-doll",5,5,0,0,0,0,5,,0,0,0,0,1,1,,5,5,5,0,0,0,0,5,,0,0,0,0,1,1,,5,0,0,,,,,0,,,,,,0,0,,0
,"/en-fi/collections/futa-sex-doll",5,5,0,0,0,0,24,,0,0,0,106.2,4.8,0.6,,3,5,5,0,0,0,0,24,,0,0,0,106.2,4.8,0.6,,3,0,0,,,,,0,,,,,0,0,0,,0
,"/de/collections/fake-pussy-hentai-sex-doll",5,5,0,0,0,0,14,,0,0,0,26.4,2.8,0.8,,4,5,5,0,0,0,0,14,,0,0,0,26.4,2.8,0.8,,4,0,0,,,,,0,,,,,0,0,0,,0
,"/en-ca/collections/anime-mini-sex-doll",5,5,0,0,0,0,9,,0,0,0,158,1.8,0.6,,3,5,5,0,0,0,0,9,,0,0,0,158,1.8,0.6,,3,0,0,,,,,0,,,,,0,0,0,,0
"Blog Article","/blogs/dolls-info-qustions/recommended-small-breast-sex-dolls-suitable-for-japanese-porn-student-movies",5,5,0,0,0,0,5,,0,0,0,0,1,1,,5,5,5,0,0,0,0,5,,0,0,0,0,1,1,,5,0,0,,,,,0,,,,,,0,0,,0
"Product","/products/h442-ros-free-hair-impants-real-oral-movable-jaw-silicone-sex-doll-head-sy-doll",5,5,0,0,0,0,5,,0,0,0,0,1,1,,5,5,5,0,0,0,0,5,,0,0,0,0,1,1,,5,0,0,,,,,0,,,,,,0,0,,0
"Collection","/collections/red-head-sex-doll",5,5,0,0,0,0,9,,0,0,0,20.8,1.8,0.6,,3,5,5,0,0,0,0,9,,0,0,0,20.8,1.8,0.6,,3,0,0,,,,,0,,,,,0,0,0,,0
"Blog Article","/blogs/dolls-info-qustions/how-to-install-a-removable-vaginal-insert-into-a-sex-doll",5,5,0,0,0,0,8,,0,0,0,92.8,1.6,0.4,,2,5,5,0,0,0,0,8,,0,0,0,92.8,1.6,0.4,,2,0,0,,,,,0,,,,,0,0,0,,0
,"/en-ca/collections/ros-sex-doll-heads-1",5,5,0,0,0,0,9,,0,0,0,37.6,1.8,0.4,,2,5,5,0,0,0,0,9,,0,0,0,37.6,1.8,0.4,,2,0,0,,,,,0,,,,,0,0,0,,0
,"/de/collections/erovenus-max",5,5,0,0,0,0,8,,0,0,0,14.8,1.6,0.6,,3,5,5,0,0,0,0,8,,0,0,0,14.8,1.6,0.6,,3,0,0,,,,,0,,,,,0,0,0,,0
,"/de/collections/erovenus-sex-doll",5,5,0,0,0,0,16,,0,0,0,100.6,3.2,0.4,,2,5,5,0,0,0,0,16,,0,0,0,100.6,3.2,0.4,,2,0,0,,,,,0,,,,,0,0,0,,0
"Product","/products/f2386-165cm5-4ft-g-cup-272-big-butt-tpe-sex-doll%E4%B8%A8sy-doll",2,5,0,0,0,0,10,,0,0,0,380.2,2,0.6,,3,2,5,0,0,0,0,10,,0,0,0,380.2,2,0.6,,3,0,0,,,,,0,,,,,0,0,0,,0
"Product","/products/b76-30lbs-soft-breast-silicone-ros-big-boobs-sex-doll-torso-with-head-yeloly",3,5,0,0,0,0,7,,0,0,0,141.2,1.4,0.8,,4,3,5,0,0,0,0,7,,0,0,0,141.2,1.4,0.8,,4,0,0,,,,,0,,,,,0,0,0,,0
"Collection","/collections/curvy-sex-dolls",5,5,0,0,0,0,17,,0,0,0,102.6,3.4,0.4,,2,5,5,0,0,0,0,17,,0,0,0,102.6,3.4,0.4,,2,0,0,,,,,0,,,,,0,0,0,,0
,"/de/collections/fake-ass-sex-toy",5,5,0,0,0,0,13,,0,0,0,145.8,2.6,0.4,,2,5,5,0,0,0,0,13,,0,0,0,145.8,2.6,0.4,,2,0,0,,,,,0,,,,,0,0,0,,0
,"/en-ca/collections/best-seller-sex-dolls-under-200",5,5,0,0,0,0,25,,0,0,0,197.6,5,0.6,,3,5,5,0,0,0,0,25,,0,0,0,197.6,5,0.6,,3,0,0,,,,,0,,,,,0,0,0,,0
"Collection","/collections/best-sellers-in-big-boobs",5,5,0,0,0,0,14,,0,0,0,130.6,2.8,0.4,,2,5,5,0,0,0,0,14,,0,0,0,130.6,2.8,0.4,,2,0,0,,,,,0,,,,,0,0,0,,0
,"/de/blogs/dolls-info-qustions/sex-doll-movies",5,5,0,0,0,0,6,,0,0,0,77.2,1.2,0.8,,4,5,5,0,0,0,0,6,,0,0,0,77.2,1.2,0.8,,4,0,0,,,,,0,,,,,0,0,0,,0
"Checkout","/60719464687/orders/9ca2b7a4aa6d41cdd2413e2e674f9de1",3,5,0,0,0,0,7,,0,0,0,39.8,1.4,0.8,,4,3,5,0,0,0,0,7,,0,0,0,39.8,1.4,0.8,,4,0,0,,,,,0,,,,,0,0,0,,0
"Collection","/collections/sigafun-doll",4,5,0,0,0,0,19,,0,0,0,638.4,3.8,0.4,,2,4,5,0,0,0,0,19,,0,0,0,638.4,3.8,0.4,,2,0,0,,,,,0,,,,,0,0,0,,0
"Collection","/collections/torso-under-200",5,5,0,0,0,0,22,,0,0,0,75.2,4.4,0.6,,3,5,5,0,0,0,0,22,,0,0,0,75.2,4.4,0.6,,3,0,0,,,,,0,,,,,0,0,0,,0
"Collection","/collections/new-arrivals-sex-doll",5,5,0,0,0,0,59,,0,0,0,326.8,11.8,0.2,,1,5,5,0,0,0,0,59,,0,0,0,326.8,11.8,0.2,,1,0,0,,,,,0,,,,,0,0,0,,0
"Product","/products/f9188-178cm-5ft10-67-5kg-i-cup-silicone-trans-futanari-sex-doll",1,5,0,0,0,0,8,,0,0,0,82,1.6,0.4,,2,1,5,0,0,0,0,8,,0,0,0,82,1.6,0.4,,2,0,0,,,,,0,,,,,0,0,0,,0
"Collection","/collections/in-stock-usa-1",5,5,0,0,0,0,10,,0,0,0,25.8,2,0.4,,2,5,5,0,0,0,0,10,,0,0,0,25.8,2,0.4,,2,0,0,,,,,0,,,,,0,0,0,,0
"Collection","/collections/sex-doll-in-stock-europe-all",4,4,0,0,0,0,14,,0,0,0,115.25,3.5,0.25,,1,4,4,0,0,0,0,14,,0,0,0,115.25,3.5,0.25,,1,0,0,,,,,0,,,,,0,0,0,,0
,"/de/collections/big-booty-sex-dolls",4,4,0,0,0,0,4,,0,0,0,0,1,1,,4,4,4,0,0,0,0,4,,0,0,0,0,1,1,,4,0,0,,,,,0,,,,,,0,0,,0
"Blog Article","/blogs/dolls-info-qustions/how-ultra-realistic-silicone-sex-dolls-are-made",4,4,0,0,0,0,6,,0,0,0,22.5,1.5,0.75,,3,4,4,0,0,0,0,6,,0,0,0,22.5,1.5,0.75,,3,0,0,,,,,0,,,,,0,0,0,,0
"Product","/products/562-fat-ass-torso-doll-silicone-ass",3,4,0,0,0,0,5,,0,0,0,53.5,1.25,0.75,,3,3,4,0,0,0,0,5,,0,0,0,53.5,1.25,0.75,,3,0,0,,,,,0,,,,,0,0,0,,0
"Blog Article","/blogs/dolls-info-qustions/masturbation-place",4,4,0,0,0,0,12,,0,0,0,218.25,3,0.25,,1,4,4,0,0,0,0,12,,0,0,0,218.25,3,0.25,,1,0,0,,,,,0,,,,,0,0,0,,0
"Product","/products/f6146-161cm5ft3-29kg-a-cup-flat-chested-silicone-sex-doll-irontech-doll",3,4,0,0,0,0,7,,0,0,0,82.75,1.75,0.5,,2,3,4,0,0,0,0,7,,0,0,0,82.75,1.75,0.5,,2,0,0,,,,,0,,,,,0,0,0,,0
,"/de/collections/movie-music-celebrities",4,4,0,0,0,0,11,,0,0,0,48.75,2.75,0.25,,1,4,4,0,0,0,0,11,,0,0,0,48.75,2.75,0.25,,1,0,0,,,,,0,,,,,0,0,0,,0
"Product","/products/p87-24-3lb-lucy-tan-fuckable-tits-breasts-bbw-chubby-sex-dolls-mrl",1,4,1,1,0,0,69,0,0.25,0.25,0,875,17.25,0.25,0,1,1,4,1,1,0,0,69,0,0.25,0.25,0,875,17.25,0.25,0,1,0,0,0,0,,,0,,0,0,,0,0,0,,0
,"/ja/pages/sex-doll-gif",4,4,0,0,0,0,4,,0,0,0,0,1,1,,4,4,4,0,0,0,0,4,,0,0,0,0,1,1,,4,0,0,,,,,0,,,,,,0,0,,0
"Product","/products/sigafun-f728-164cm-g-cup-sex-doll-emotional-support-companion",4,4,1,0,0,0,23,,0.25,0,0,564,5.75,0.75,,3,4,4,1,0,0,0,23,,0.25,0,0,564,5.75,0.75,,3,0,0,0,,,,0,,0,,,0,0,0,,0
"Product","/products/f6136-169cm-5ft5-50kg-e-cup-big-breasts-silicone-head-tpe-body-life-size-bbw-sex-doll-with-red-hair-rosretty-doll",4,4,0,0,0,0,38,,0,0,0,782,9.5,0.75,,3,4,4,0,0,0,0,38,,0,0,0,782,9.5,0.75,,3,0,0,,,,,0,,,,,0,0,0,,0
"Collection","/collections/sex-doll-with-papaya-breast-pear-shaped-breast",4,4,0,0,0,0,11,,0,0,0,97,2.75,0.5,,2,4,4,0,0,0,0,11,,0,0,0,97,2.75,0.5,,2,0,0,,,,,0,,,,,0,0,0,,0
,"/de/blogs/dolls-info-qustions/what-are-the-sex-positions-with-my-arab-sex-doll",4,4,0,0,0,0,5,,0,0,0,20.5,1.25,0.75,,3,4,4,0,0,0,0,5,,0,0,0,20.5,1.25,0.75,,3,0,0,,,,,0,,,,,0,0,0,,0
,"/en-ca/collections/onahole",4,4,0,0,0,0,4,,0,0,0,0,1,1,,4,4,4,0,0,0,0,4,,0,0,0,0,1,1,,4,0,0,,,,,0,,,,,,0,0,,0
"Custom Page","/pages/celebrity-sex-doll-guide",4,4,0,0,0,0,10,,0,0,0,54.75,2.5,0.5,,2,4,4,0,0,0,0,10,,0,0,0,54.75,2.5,0.5,,2,0,0,,,,,0,,,,,0,0,0,,0
"Custom Page","/pages/ai-robot-function-videos",4,4,0,0,0,0,18,,0,0,0,250.25,4.5,0.25,,1,4,4,0,0,0,0,18,,0,0,0,250.25,4.5,0.25,,1,0,0,,,,,0,,,,,0,0,0,,0
"Product","/products/a316-17lbs-silicone-big-ass-bbw-sex-doll-thick-torso",4,4,0,0,0,0,54,,0,0,0,757.5,13.5,0,,0,4,4,0,0,0,0,54,,0,0,0,757.5,13.5,0,,0,0,0,,,,,0,,,,,0,0,,,
"Blog Article","/blogs/dolls-info-qustions/what-are-the-different-types-of-sex-dolls",4,4,0,0,0,0,4,,0,0,0,0,1,1,,4,4,4,0,0,0,0,4,,0,0,0,0,1,1,,4,0,0,,,,,0,,,,,,0,0,,0
"Blog Article","/blogs/dolls-info-qustions/how-realistic-the-fake-pussy-is",4,4,0,0,0,0,4,,0,0,0,0,1,1,,4,4,4,0,0,0,0,4,,0,0,0,0,1,1,,4,0,0,,,,,0,,,,,,0,0,,0
"Collection","/collections/latina-sex-doll-heads",4,4,1,0,0,0,19,,0.25,0,0,364.25,4.75,0.25,,1,4,4,1,0,0,0,19,,0.25,0,0,364.25,4.75,0.25,,1,0,0,0,,,,0,,0,,,0,0,0,,0
,"/en-ca/collections/japanese-milf-sex-doll",4,4,0,0,0,0,5,,0,0,0,8.25,1.25,0.75,,3,4,4,0,0,0,0,5,,0,0,0,8.25,1.25,0.75,,3,0,0,,,,,0,,,,,0,0,0,,0
"Collection","/collections/black-sex-doll-500-1000",4,4,0,0,0,0,18,,0,0,0,41.25,4.5,0.75,,3,4,4,0,0,0,0,18,,0,0,0,41.25,4.5,0.75,,3,0,0,,,,,0,,,,,0,0,0,,0
"Product","/products/silicone-realistic-legs-feet-50lb",2,4,0,0,0,0,6,,0,0,0,220,1.5,0.75,,3,2,4,0,0,0,0,6,,0,0,0,220,1.5,0.75,,3,0,0,,,,,0,,,,,0,0,0,,0
"Blog Article","/blogs/dolls-info-qustions/small-size-big-satisfaction-a-complete-real-life-sex-experience-review-of-the-mini-sex-doll",4,4,0,0,0,0,16,,0,0,0,132,4,0,,0,4,4,0,0,0,0,16,,0,0,0,132,4,0,,0,0,0,,,,,0,,,,,0,0,,,
,"/de/blogs/dolls-info-qustions/the-best-asian-sex-doll-bezlya-sex-doll-2-2u-series-function-analysis",4,4,0,0,0,0,5,,0,0,0,7.25,1.25,0.75,,3,4,4,0,0,0,0,5,,0,0,0,7.25,1.25,0.75,,3,0,0,,,,,0,,,,,0,0,0,,0
"Collection","/collections/doll-senior",4,4,0,0,0,0,12,,0,0,0,294.5,3,0.25,,1,4,4,0,0,0,0,12,,0,0,0,294.5,3,0.25,,1,0,0,,,,,0,,,,,0,0,0,,0
,"/ja",4,4,0,0,0,0,15,,0,0,0,58.25,3.75,0,,0,4,4,0,0,0,0,15,,0,0,0,58.25,3.75,0,,0,0,0,,,,,0,,,,,0,0,,,
"Blog Article","/blogs/dolls-info-qustions/pay-in-4",3,4,0,0,0,0,8,,0,0,0,25.25,2,0.5,,2,3,4,0,0,0,0,8,,0,0,0,25.25,2,0.5,,2,0,0,,,,,0,,,,,0,0,0,,0
"Product","/products/t337-103cm-3ft5-j-cup-natural-sophia-lane-a-silicone-sex-doll-torso-with-head-se-doll",4,4,0,0,0,0,4,,0,0,0,0,1,1,,4,4,4,0,0,0,0,4,,0,0,0,0,1,1,,4,0,0,,,,,0,,,,,,0,0,,0
"Checkout","/60719464687/orders/ecddb4242ad8ecafbdc0a79f021d6100",2,4,0,0,0,0,14,,0,0,0,449.25,3.5,0.75,,3,2,4,0,0,0,0,14,,0,0,0,449.25,3.5,0.75,,3,0,0,,,,,0,,,,,0,0,0,,0
"Collection","/collections/skinny-torso",2,4,0,0,0,0,35,,0,0,0,851.75,8.75,0.25,,1,2,4,0,0,0,0,35,,0,0,0,851.75,8.75,0.25,,1,0,0,,,,,0,,,,,0,0,0,,0
"Collection","/collections/porn-celebrities",4,4,0,0,0,0,11,,0,0,0,215,2.75,0.25,,1,4,4,0,0,0,0,11,,0,0,0,215,2.75,0.25,,1,0,0,,,,,0,,,,,0,0,0,,0
"Blog Article","/blogs/recent-brand-updates-new-arrivals-for-sex-dolls/se-x-bot-ai-sex-doll-head-review",4,4,0,0,0,0,14,,0,0,0,121.5,3.5,0.5,,2,4,4,0,0,0,0,14,,0,0,0,121.5,3.5,0.5,,2,0,0,,,,,0,,,,,0,0,0,,0
"Blog Article","/blogs/dolls-info-qustions/little-secrets-about-vagina-and-anus-of-sex-dolls",4,4,0,0,0,0,13,,0,0,0,27.25,3.25,0.5,,2,4,4,0,0,0,0,13,,0,0,0,27.25,3.25,0.5,,2,0,0,,,,,0,,,,,0,0,0,,0
,"/ja/blogs/dolls-info-qustions/gentlemans-paradise-exploring-nsfw-anime-figures-and-sex-dolls",4,4,0,0,0,0,4,,0,0,0,0,1,1,,4,4,4,0,0,0,0,4,,0,0,0,0,1,1,,4,0,0,,,,,0,,,,,,0,0,,0
"Product","/products/f7659-150cm4ft11-25kg-d-cup-silicone-ros-japanese-mini-sex-doll-miye-with-implanted-hair-gel-breast-oral%E4%B8%A8doll-senior",3,4,0,0,0,0,15,,0,0,0,366.25,3.75,0.25,,1,3,4,0,0,0,0,15,,0,0,0,366.25,3.75,0.25,,1,0,0,,,,,0,,,,,0,0,0,,0
"Product","/products/f4904-150cm4ft9-35-5kg-b-cup-silicone-anime-style-furry-bunny-doll-climax-doll-ultra",4,4,0,0,0,0,18,,0,0,0,175.25,4.5,0.25,,1,4,4,0,0,0,0,18,,0,0,0,175.25,4.5,0.25,,1,0,0,,,,,0,,,,,0,0,0,,0
"Collection","/collections/sex-doll-with-electric-hip-and-waist",4,4,0,0,0,0,41,,0,0,0,501,10.25,0.25,,1,4,4,0,0,0,0,41,,0,0,0,501,10.25,0.25,,1,0,0,,,,,0,,,,,0,0,0,,0
"Product","/products/t408-fat-sex-dolls-121cm-long-legs-bbw-torso",4,4,0,0,0,0,5,,0,0,0,213,1.25,0.75,,3,4,4,0,0,0,0,5,,0,0,0,213,1.25,0.75,,3,0,0,,,,,0,,,,,0,0,0,,0
"Product","/products/f5968-158cm-5ft2-c-cup-realistic-black-skin-silicone-head-sex-doll-rosretty-doll",3,4,0,0,0,0,5,,0,0,0,9.75,1.25,0.75,,3,3,4,0,0,0,0,5,,0,0,0,9.75,1.25,0.75,,3,0,0,,,,,0,,,,,0,0,0,,0
"Blog Article","/blogs/dolls-info-qustions/love-doll-comprehensive-guide-and-faqs-for-2025",4,4,0,0,0,0,4,,0,0,0,0,1,1,,4,4,4,0,0,0,0,4,,0,0,0,0,1,1,,4,0,0,,,,,0,,,,,,0,0,,0
,"/ja/collections/fake-ass-sex-toy",4,4,0,0,0,0,4,,0,0,0,0,1,1,,4,4,4,0,0,0,0,4,,0,0,0,0,1,1,,4,0,0,,,,,0,,,,,,0,0,,0
"Product","/products/a519-28-4lb-doggy-style-sex-doll-bottom-realistic-3d-ass-sex-doll",4,4,0,0,0,0,6,,0,0,0,11,1.5,0.75,,3,4,4,0,0,0,0,6,,0,0,0,11,1.5,0.75,,3,0,0,,,,,0,,,,,0,0,0,,0
"Product","/products/p672-vibrating-buttocks-sex-doll-automatic-sucking-pocket-pussy",4,4,0,0,0,0,4,,0,0,0,0,1,1,,4,4,4,0,0,0,0,4,,0,0,0,0,1,1,,4,0,0,,,,,0,,,,,,0,0,,0
,"/de/collections/silicone-ass",4,4,0,0,0,0,6,,0,0,0,5.5,1.5,0.75,,3,4,4,0,0,0,0,6,,0,0,0,5.5,1.5,0.75,,3,0,0,,,,,0,,,,,0,0,0,,0
"Product","/products/f7686-169cm-5ft5-39kg-f-cup-ros-silicone-realistic-sex-doll-weight-reduction-ido-doll",2,4,0,0,0,0,19,,0,0,0,915.5,4.75,0,,0,2,4,0,0,0,0,19,,0,0,0,915.5,4.75,0,,0,0,0,,,,,0,,,,,0,0,,,
"Product","/products/a660-big-ass-torso-silicone-25lb-super-elastic-realistic",4,4,0,0,0,0,6,,0,0,0,7,1.5,0.5,,2,4,4,0,0,0,0,6,,0,0,0,7,1.5,0.5,,2,0,0,,,,,0,,,,,0,0,0,,0
"Product","/products/f9319-150cm4ft11-30kg-f-cup-silicone-life-like-mini-sex-doll-doll-castle",2,4,0,0,0,0,79,,0,0,0,936.75,19.75,0.25,,1,2,4,0,0,0,0,79,,0,0,0,936.75,19.75,0.25,,1,0,0,,,,,0,,,,,0,0,0,,0
"Product","/products/t450-65-92lb-silicone-big-boobs-sex-doll-torso-lovenestle",4,4,0,0,0,0,18,,0,0,0,311.75,4.5,0.25,,1,4,4,0,0,0,0,18,,0,0,0,311.75,4.5,0.25,,1,0,0,,,,,0,,,,,0,0,0,,0
,"/en-ca/collections/ai-sex-doll",4,4,0,0,0,0,6,,0,0,0,7.75,1.5,0.5,,2,4,4,0,0,0,0,6,,0,0,0,7.75,1.5,0.5,,2,0,0,,,,,0,,,,,0,0,0,,0
"Product","/products/f1372-158cm-i-cup-tanned-lola-sex-doll-irontech-doll",4,4,0,0,0,0,4,,0,0,0,0,1,1,,4,4,4,0,0,0,0,4,,0,0,0,0,1,1,,4,0,0,,,,,0,,,,,,0,0,,0
"Product","/products/moonvale-silicone-furry-deer-170cm-f760",3,4,0,0,0,0,48,,0,0,0,362.75,12,0.5,,2,3,4,0,0,0,0,48,,0,0,0,362.75,12,0.5,,2,0,0,,,,,0,,,,,0,0,0,,0
"Product","/products/t40515-43lb-18-5inlight-weight-curvy-sex-doll-torso",4,4,0,0,0,0,4,,0,0,0,0,1,1,,4,4,4,0,0,0,0,4,,0,0,0,0,1,1,,4,0,0,,,,,0,,,,,,0,0,,0
"Blog Article","/blogs/complete-sex-doll-guide-for-beginners/sex-doll-unboxing-guide-for-beginners-what-every-new-owner-should-know",4,4,0,0,0,0,5,,0,0,0,0.25,1.25,0.75,,3,4,4,0,0,0,0,5,,0,0,0,0.25,1.25,0.75,,3,0,0,,,,,0,,,,,0,0,0,,0
"Blog Article","/blogs/dolls-info-qustions/zelex-fusion-series-redefining-realism-in-lifelike-dolls",4,4,0,0,0,0,6,,0,0,0,126.25,1.5,0.5,,2,4,4,0,0,0,0,6,,0,0,0,126.25,1.5,0.5,,2,0,0,,,,,0,,,,,0,0,0,,0
"Product","/products/f7595-163cm5-3ft-f-cup-great-huge-butt-tpe-ai-big-ass-bbw-chubby-sex-doll-for-men-in-stock-usa-%E4%B8%A8sy-doll",3,4,1,0,0,0,20,,0.25,0,0,295.5,5,0.5,,2,3,4,1,0,0,0,20,,0.25,0,0,295.5,5,0.5,,2,0,0,0,,,,0,,0,,,0,0,0,,0
"Blog Article","/blogs/real-sex-doll-reviews-pros-cons-real-usage-tests/shedoll-sex-doll-real-review-hands-on-experience",4,4,0,0,0,0,5,,0,0,0,4.5,1.25,0.75,,3,4,4,0,0,0,0,5,,0,0,0,4.5,1.25,0.75,,3,0,0,,,,,0,,,,,0,0,0,,0
,"/en-ca/cart",2,4,0,0,0,0,10,,0,0,0,50,2.5,0.75,,3,2,4,0,0,0,0,10,,0,0,0,50,2.5,0.75,,3,0,0,,,,,0,,,,,0,0,0,,0
"Product","/products/f9395-ssbbw-pawg-tpe-sex-doll",2,4,0,0,0,0,6,,0,0,0,172.5,1.5,0.75,,3,2,4,0,0,0,0,6,,0,0,0,172.5,1.5,0.75,,3,0,0,,,,,0,,,,,0,0,0,,0
"Product","/products/f6108-166cm-5-77ft-47kg-e-cup-ros-silicone-realistic-sex-doll-evasdoll",4,4,0,0,0,0,8,,0,0,0,64.75,2,0.5,,2,4,4,0,0,0,0,8,,0,0,0,64.75,2,0.5,,2,0,0,,,,,0,,,,,0,0,0,,0
"Blog Article","/blogs/dolls-info-qustions/naked-sex-doll-the-ultimate-sexual-fantasy",4,4,0,0,0,0,4,,0,0,0,0,1,1,,4,4,4,0,0,0,0,4,,0,0,0,0,1,1,,4,0,0,,,,,0,,,,,,0,0,,0
"Product","/products/f2319a-163cm5-3ft-53kg-g-cup-m12-movable-jaw-super-fat-bbw-doggy-style-huge-ass-sex-doll-2024%E4%B8%A8sy-doll",1,4,0,0,0,0,5,,0,0,0,90.75,1.25,0.75,,3,1,4,0,0,0,0,5,,0,0,0,90.75,1.25,0.75,,3,0,0,,,,,0,,,,,0,0,0,,0
"Product","/products/f3414-157cm5ft2-32kg-d-cup-asian-tpe-sex-doll-aibei-doll",2,4,0,0,0,0,10,,0,0,0,197.25,2.5,0.75,,3,2,4,0,0,0,0,10,,0,0,0,197.25,2.5,0.75,,3,0,0,,,,,0,,,,,0,0,0,,0
,"/en-ca/products/57-32lb-sex-doll-torso-with-life-size-ass-and-soft-skin-512-sex-doll-torso",4,4,0,0,0,0,4,,0,0,0,0,1,1,,4,4,4,0,0,0,0,4,,0,0,0,0,1,1,,4,0,0,,,,,0,,,,,,0,0,,0
,"/en-ca/blogs/dolls-info-qustions/why-do-women-enjoy-anal-sex-5-honest-reasons-you-never-expected",4,4,0,0,0,0,4,,0,0,0,0,1,1,,4,4,4,0,0,0,0,4,,0,0,0,0,1,1,,4,0,0,,,,,0,,,,,,0,0,,0
,"/de/collections/flat-chest-sex-doll",4,4,0,0,0,0,17,,0,0,0,193.25,4.25,0.5,,2,4,4,0,0,0,0,17,,0,0,0,193.25,4.25,0.5,,2,0,0,,,,,0,,,,,0,0,0,,0
,"/de/collections/bbw-milf-sex-doll",4,4,0,0,0,0,35,,0,0,0,679.5,8.75,0,,0,4,4,0,0,0,0,35,,0,0,0,679.5,8.75,0,,0,0,0,,,,,0,,,,,0,0,,,
,"/en-ca/collections/huge-breasts-japanese-sex-doll",4,4,0,0,0,0,12,,0,0,0,17.75,3,0.5,,2,4,4,0,0,0,0,12,,0,0,0,17.75,3,0.5,,2,0,0,,,,,0,,,,,0,0,0,,0
"Product","/products/f8000-150cm-5ft-27-5kg-silicone-anime-hentai-sex-doll-elsa-babe",3,4,0,0,0,0,5,,0,0,0,0.5,1.25,0.75,,3,3,4,0,0,0,0,5,,0,0,0,0.5,1.25,0.75,,3,0,0,,,,,0,,,,,0,0,0,,0
"Blog Article","/blogs/dolls-info-qustions/can-dildos-be-installed-on-sex-dolls-of-course",4,4,0,0,0,0,5,,0,0,0,1.25,1.25,0.75,,3,4,4,0,0,0,0,5,,0,0,0,1.25,1.25,0.75,,3,0,0,,,,,0,,,,,0,0,0,,0
"Blog Article","/blogs/dolls-info-qustions/foot-smother-a-guide-to-safe-and-sensual-play",4,4,0,0,0,0,5,,0,0,0,0.75,1.25,0.75,,3,4,4,0,0,0,0,5,,0,0,0,0.75,1.25,0.75,,3,0,0,,,,,0,,,,,0,0,0,,0
,"/de/collections/fantasy-sex-dolls",4,4,0,0,0,0,5,,0,0,0,2.25,1.25,0.75,,3,4,4,0,0,0,0,5,,0,0,0,2.25,1.25,0.75,,3,0,0,,,,,0,,,,,0,0,0,,0
"Product","/products/t5",4,4,0,0,0,0,19,,0,0,0,375.5,4.75,0.5,,2,4,4,0,0,0,0,19,,0,0,0,375.5,4.75,0.5,,2,0,0,,,,,0,,,,,0,0,0,,0
"Collection","/collections/qita-doll",4,4,0,0,0,0,11,,0,0,0,99.75,2.75,0.5,,2,4,4,0,0,0,0,11,,0,0,0,99.75,2.75,0.5,,2,0,0,,,,,0,,,,,0,0,0,,0
,"/de/collections/big-boobs-japanese-sex-doll",4,4,0,0,0,0,7,,0,0,0,65,1.75,0.5,,2,4,4,0,0,0,0,7,,0,0,0,65,1.75,0.5,,2,0,0,,,,,0,,,,,0,0,0,,0
"Blog Article","/blogs/dolls-info-qustions/how-to-use-a-doggy-dildo-doll-from-beginner-basics-to-7-practical-positions",4,4,0,0,0,0,4,,0,0,0,0,1,1,,4,4,4,0,0,0,0,4,,0,0,0,0,1,1,,4,0,0,,,,,0,,,,,,0,0,,0
"Product","/products/f5591-168cm5-5ft-39kg-h-cup-r5-realistic-full-size-silicone-sex-doll-real-lady",4,4,0,0,0,0,6,,0,0,0,179.75,1.5,0.75,,3,4,4,0,0,0,0,6,,0,0,0,179.75,1.5,0.75,,3,0,0,,,,,0,,,,,0,0,0,,0
"Collection","/collections/climax-doll-videos",4,4,0,0,0,0,25,,0,0,0,199.25,6.25,0.5,,2,4,4,0,0,0,0,25,,0,0,0,199.25,6.25,0.5,,2,0,0,,,,,0,,,,,0,0,0,,0
,"/en-ca/collections/sex-doll-videos",4,4,0,0,0,0,4,,0,0,0,0,1,1,,4,4,4,0,0,0,0,4,,0,0,0,0,1,1,,4,0,0,,,,,0,,,,,,0,0,,0
"Blog Article","/blogs/dolls-info-qustions/elsa-babe-doll-craftsmanship-introduction",4,4,0,0,0,0,5,,0,0,0,27.5,1.25,0.75,,3,4,4,0,0,0,0,5,,0,0,0,27.5,1.25,0.75,,3,0,0,,,,,0,,,,,0,0,0,,0
"Product","/products/f4598-155cm5ft1-35kg-busty-koharu-i-cup-s-tpe-animes-hentai-sex-doll-irokebijin-doll",4,4,0,0,0,0,48,,0,0,0,819,12,0.25,,1,4,4,0,0,0,0,48,,0,0,0,819,12,0.25,,1,0,0,,,,,0,,,,,0,0,0,,0
"Blog Article","/blogs/dolls-info-qustions/zelex-sle-3-0-upgrade-all-new-features-same-great-price",4,4,0,0,0,0,21,,0,0,0,181,5.25,0.75,,3,4,4,0,0,0,0,21,,0,0,0,181,5.25,0.75,,3,0,0,,,,,0,,,,,0,0,0,,0
"Blog Article","/blogs/featured-blog/best-torso-sex-doll-brands-of-2026",4,4,0,0,0,0,15,,0,0,0,171.25,3.75,0.5,,2,4,4,0,0,0,0,15,,0,0,0,171.25,3.75,0.5,,2,0,0,,,,,0,,,,,0,0,0,,0
"Collection","/collections/climax-doll-ultra-series",4,4,0,0,0,0,12,,0,0,0,85.75,3,0.25,,1,4,4,0,0,0,0,12,,0,0,0,85.75,3,0.25,,1,0,0,,,,,0,,,,,0,0,0,,0
"Blog Article","/blogs/dolls-info-qustions/how-a-most-realistic-male-sex-doll-is-manufactured",4,4,0,0,0,0,6,,0,0,0,6.25,1.5,0.75,,3,4,4,0,0,0,0,6,,0,0,0,6.25,1.5,0.75,,3,0,0,,,,,0,,,,,0,0,0,,0
"Blog Article","/blogs/real-sex-doll-reviews-pros-cons-real-usage-tests/7-top-brands-of-silicone-sex-dolls-jelly-breast-experience-which-is-the-softest-and-most-realistic",4,4,0,0,0,0,6,,0,0,0,100.5,1.5,0.5,,2,4,4,0,0,0,0,6,,0,0,0,100.5,1.5,0.5,,2,0,0,,,,,0,,,,,0,0,0,,0
,"/en-ca/collections/vendors",4,4,1,0,0,0,28,,0.25,0,0,213,7,0.25,,1,4,4,1,0,0,0,28,,0.25,0,0,213,7,0.25,,1,0,0,0,,,,0,,0,,,0,0,0,,0
"Product","/products/t59348-5lb-black-luxury-realistic-small-breasts-flat-chested-sex-doll-torso-climax-doll",2,4,0,0,0,0,20,,0,0,0,44.5,5,0.25,,1,2,4,0,0,0,0,20,,0,0,0,44.5,5,0.25,,1,0,0,,,,,0,,,,,0,0,0,,0
,"/en-ca/collections/animal-hentai-sex-doll",3,4,0,0,0,0,12,,0,0,0,236.25,3,0.25,,1,3,4,0,0,0,0,12,,0,0,0,236.25,3,0.25,,1,0,0,,,,,0,,,,,0,0,0,,0
,"/de",3,4,0,0,0,0,16,,0,0,0,544.75,4,0,,0,3,4,0,0,0,0,16,,0,0,0,544.75,4,0,,0,0,0,,,,,0,,,,,0,0,,,
"Blog Article","/blogs/dolls-info-qustions/tpe-dolls-tearing-and-peeling-difficulties-easy-to-solve-there-is-a-trick",4,4,0,0,0,0,4,,0,0,0,0,1,1,,4,4,4,0,0,0,0,4,,0,0,0,0,1,1,,4,0,0,,,,,0,,,,,,0,0,,0
,"/en-ca/collections/breast-toy",4,4,2,1,0,0,23,0,0.5,0.25,0,437,5.75,0.5,0,2,4,4,2,1,0,0,23,0,0.5,0.25,0,437,5.75,0.5,0,2,0,0,0,0,,,0,,0,0,,0,0,0,,0
,"/en-fi/blogs/dolls-info-qustions/discover-the-secrets-of-the-vagina",4,4,0,0,0,0,6,,0,0,0,229,1.5,0.75,,3,4,4,0,0,0,0,6,,0,0,0,229,1.5,0.75,,3,0,0,,,,,0,,,,,0,0,0,,0
"Blog Article","/blogs/dolls-info-qustions/shoot-videos-for-you-01-demystifying-the-sex-doll-factory",4,4,0,0,0,0,4,,0,0,0,0,1,1,,4,4,4,0,0,0,0,4,,0,0,0,0,1,1,,4,0,0,,,,,0,,,,,,0,0,,0
"Product","/products/t690-86lbsuntan-tpe-mega-torso-sex-toy",4,4,0,0,0,0,7,,0,0,0,62.5,1.75,0.75,,3,4,4,0,0,0,0,7,,0,0,0,62.5,1.75,0.75,,3,0,0,,,,,0,,,,,0,0,0,,0
"Collection","/collections/starpery-doll-factory-photos",2,4,0,0,0,0,66,,0,0,0,969.75,16.5,0,,0,2,4,0,0,0,0,66,,0,0,0,969.75,16.5,0,,0,0,0,,,,,0,,,,,0,0,,,
"Collection","/collections/big-boobs-japanese-sex-doll",4,4,0,0,0,0,6,,0,0,0,7,1.5,0.75,,3,4,4,0,0,0,0,6,,0,0,0,7,1.5,0.75,,3,0,0,,,,,0,,,,,0,0,0,,0
"Product","/products/f2539-150cm4-9ft-27-6kg-f-cup-ros-max-r11-alara-best-silicone-sex-doll-real-lady",1,4,0,0,0,0,11,,0,0,0,244.75,2.75,0.5,,2,1,4,0,0,0,0,11,,0,0,0,244.75,2.75,0.5,,2,0,0,,,,,0,,,,,0,0,0,,0
"Product","/products/f8131-165cm-5ft4-34-7kg-silicone-anime-sex-doll-elsa-babe",1,4,0,0,0,0,4,,0,0,0,0,1,1,,4,1,4,0,0,0,0,4,,0,0,0,0,1,1,,4,0,0,,,,,0,,,,,,0,0,,0
,"/en-ca/collections/life-size-shemale-sex-doll",3,4,0,0,0,0,43,,0,0,0,1011.75,10.75,0.25,,1,3,4,0,0,0,0,43,,0,0,0,1011.75,10.75,0.25,,1,0,0,,,,,0,,,,,0,0,0,,0
"Collection","/collections/tpe-sex-dolls",4,4,0,0,0,0,5,,0,0,0,10,1.25,0.75,,3,4,4,0,0,0,0,5,,0,0,0,10,1.25,0.75,,3,0,0,,,,,0,,,,,0,0,0,,0
"Product","/products/f4876-150cm4ft11-41kg-f-cup-fat-ass-tpe-black-bbw-real-sex-doll-castle-doll",2,4,0,0,0,0,16,,0,0,0,475.25,4,0.25,,1,2,4,0,0,0,0,16,,0,0,0,475.25,4,0.25,,1,0,0,,,,,0,,,,,0,0,0,,0
"Blog Article","/blogs/dolls-info-qustions/hidden-art-sex-doll-torsos-and-astonishing-storage-hacks",4,4,0,0,0,0,4,,0,0,0,0,1,1,,4,4,4,0,0,0,0,4,,0,0,0,0,1,1,,4,0,0,,,,,0,,,,,,0,0,,0
"Product","/products/f2422-168cm-m-cup-shemale-trans-big-dick-musculature-shemale-sex-doll-castle-doll",4,4,0,0,0,0,4,,0,0,0,0,1,1,,4,4,4,0,0,0,0,4,,0,0,0,0,1,1,,4,0,0,,,,,0,,,,,,0,0,,0
"Blog Article","/blogs/dolls-info-qustions/would-you-put-a-dildo-on-your-sex-doll",2,3,0,0,0,0,3,,0,0,0,0,1,1,,3,2,3,0,0,0,0,3,,0,0,0,0,1,1,,3,0,0,,,,,0,,,,,,0,0,,0
"Product","/collections/life-sized-sex-doll/products/65cm-realistic-sex-doll-torso-with-perky-breasts-and-big-sexy-ass-509-sex-doll-torso",3,3,0,0,0,0,4,,0,0,0,0,1.3333333333333333,0.6666666666666666,,2,3,3,0,0,0,0,4,,0,0,0,0,1.3333333333333333,0.6666666666666666,,2,0,0,,,,,0,,,,,,0,0,,0
"Product","/products/f7113-156cm5-12ft-29-7kg-2-1-b-cup-robot-silicone-head-adult-asian-sex-doll-bezlya-doll",1,3,0,0,0,0,6,,0,0,0,195,2,0.3333333333333333,,1,1,3,0,0,0,0,6,,0,0,0,195,2,0.3333333333333333,,1,0,0,,,,,0,,,,,0,0,0,,0
"Product","/products/a795-big-butt-silicone-ass-sex-torso-yeloly",1,3,0,0,0,0,13,,0,0,0,870.3333333333334,4.333333333333333,0.6666666666666666,,2,1,3,0,0,0,0,13,,0,0,0,870.3333333333334,4.333333333333333,0.6666666666666666,,2,0,0,,,,,0,,,,,0,0,0,,0
"Collection","/collections/zelex%C2%AE-sle-doll-videos",3,3,0,0,0,0,21,,0,0,0,349,7,0.3333333333333333,,1,3,3,0,0,0,0,21,,0,0,0,349,7,0.3333333333333333,,1,0,0,,,,,0,,,,,0,0,0,,0
"Collection","/collections/mini-ass",3,3,0,0,0,0,6,,0,0,0,605.6666666666666,2,0.6666666666666666,,2,3,3,0,0,0,0,6,,0,0,0,605.6666666666666,2,0.6666666666666666,,2,0,0,,,,,0,,,,,0,0,0,,0
"Blog Article","/blogs/sex-doll-torso-blog/comprehensive-guide-how-to-clean-a-sex-doll-torso",3,3,0,0,0,0,3,,0,0,0,0,1,1,,3,3,3,0,0,0,0,3,,0,0,0,0,1,1,,3,0,0,,,,,0,,,,,,0,0,,0
,"/ja/blogs/dolls-info-qustions/whats-the-deal-with-moaning-sex-robots-anyway",3,3,0,0,0,0,3,,0,0,0,0,1,1,,3,3,3,0,0,0,0,3,,0,0,0,0,1,1,,3,0,0,,,,,0,,,,,,0,0,,0
"Blog Article","/blogs/dolls-info-qustions/elevate-your-experience-popular-ai-girlfriend-software-to-enhance-your-connection-with-sex-dolls",3,3,0,0,0,0,3,,0,0,0,0,1,1,,3,3,3,0,0,0,0,3,,0,0,0,0,1,1,,3,0,0,,,,,0,,,,,,0,0,,0
"Collection","/collections/ridmii-doll",3,3,0,0,0,0,5,,0,0,0,5.333333333333333,1.6666666666666667,0.6666666666666666,,2,3,3,0,0,0,0,5,,0,0,0,5.333333333333333,1.6666666666666667,0.6666666666666666,,2,0,0,,,,,0,,,,,0,0,0,,0
"Collection","/collections/azm-doll",3,3,0,0,0,0,43,,0,0,0,1170.6666666666667,14.333333333333334,0.3333333333333333,,1,3,3,0,0,0,0,43,,0,0,0,1170.6666666666667,14.333333333333334,0.3333333333333333,,1,0,0,,,,,0,,,,,0,0,0,,0
"Collection","/collections/lifesize",3,3,0,0,0,0,7,,0,0,0,75,2.3333333333333335,0,,0,3,3,0,0,0,0,7,,0,0,0,75,2.3333333333333335,0,,0,0,0,,,,,0,,,,,0,0,,,
"Product","/products/t717-44-1lb-25-2in-bbw-silicone-sex-doll-torso",3,3,1,0,0,0,36,,0.3333333333333333,0,0,527.6666666666666,12,0,,0,3,3,1,0,0,0,36,,0.3333333333333333,0,0,527.6666666666666,12,0,,0,0,0,0,,,,0,,0,,,0,0,,,
"Product","/products/f6129-170cm-5ft6-40kg-d-cup-s11-tpe-silicone-head-sex-doll-sy-doll",3,3,0,0,0,0,17,,0,0,0,637.3333333333334,5.666666666666667,0.3333333333333333,,1,3,3,0,0,0,0,17,,0,0,0,637.3333333333334,5.666666666666667,0.3333333333333333,,1,0,0,,,,,0,,,,,0,0,0,,0
"Product","/products/f5700-160cm-5ft4-55kg-q-cup-silicone-anime-bear-furry-sex-doll-with-round-ears-castle-doll",3,3,0,0,0,0,33,,0,0,0,134,11,0,,0,3,3,0,0,0,0,33,,0,0,0,134,11,0,,0,0,0,,,,,0,,,,,0,0,,,
"Product","/products/p899-fake-sexy-pussy",3,3,0,0,0,0,3,,0,0,0,0,1,1,,3,3,3,0,0,0,0,3,,0,0,0,0,1,1,,3,0,0,,,,,0,,,,,,0,0,,0
,"/de/collections/sex-doll-in-25kg-30kg57-66lbs",3,3,0,0,0,0,6,,0,0,0,29.333333333333332,2,0.3333333333333333,,1,3,3,0,0,0,0,6,,0,0,0,29.333333333333332,2,0.3333333333333333,,1,0,0,,,,,0,,,,,0,0,0,,0
,"/ja/blogs/featured-blog/the-best-hyper-realistic-sex-dolls-brands-features-and-buying-guide",3,3,0,0,0,0,44,,0,0,0,1437.6666666666667,14.666666666666666,0.6666666666666666,,2,3,3,0,0,0,0,44,,0,0,0,1437.6666666666667,14.666666666666666,0.6666666666666666,,2,0,0,,,,,0,,,,,0,0,0,,0
,"/en-ca/collections/fake-pussy-hentai-sex-doll",2,3,0,0,0,0,13,,0,0,0,1213,4.333333333333333,0.3333333333333333,,1,2,3,0,0,0,0,13,,0,0,0,1213,4.333333333333333,0.3333333333333333,,1,0,0,,,,,0,,,,,0,0,0,,0
,"/en-fi/collections/big-booty-sex-dolls",3,3,0,0,0,0,11,,0,0,0,45.333333333333336,3.6666666666666665,0.6666666666666666,,2,3,3,0,0,0,0,11,,0,0,0,45.333333333333336,3.6666666666666665,0.6666666666666666,,2,0,0,,,,,0,,,,,0,0,0,,0
"Product","/products/f2575-170cm5-6ft-43kg-d-cup-snow-angel-vyrella-ros-max-silicone-sex-doll-real-lady",1,3,0,0,0,0,3,,0,0,0,0,1,1,,3,1,3,0,0,0,0,3,,0,0,0,0,1,1,,3,0,0,,,,,0,,,,,,0,0,,0
,"/en-ca/collections/petite-sex-doll",3,3,0,0,0,0,6,,0,0,0,151,2,0.3333333333333333,,1,3,3,0,0,0,0,6,,0,0,0,151,2,0.3333333333333333,,1,0,0,,,,,0,,,,,0,0,0,,0
,"/de/blogs/dolls-info-qustions/%F0%9F%94%A5-top-5-most-popular-big-butt-chubby-belly-curvy-body-pornstar-style-sex-dolls-in-2025-%F0%9F%94%A5",3,3,0,0,0,0,3,,0,0,0,0,1,1,,3,3,3,0,0,0,0,3,,0,0,0,0,1,1,,3,0,0,,,,,0,,,,,,0,0,,0
"Product","/products/t683-24lbsexy-and-real-realistic-ass-sex-doll-torso",2,3,0,0,0,0,16,,0,0,0,220.66666666666666,5.333333333333333,0.3333333333333333,,1,2,3,0,0,0,0,16,,0,0,0,220.66666666666666,5.333333333333333,0.3333333333333333,,1,0,0,,,,,0,,,,,0,0,0,,0
"Product","/products/f2555-152cm5ft-26-5kg-d-cup-youthful-look-realistic-silicone-sex-doll-in-stock-usa-fun-west-doll",3,3,0,0,0,0,3,,0,0,0,0,1,1,,3,3,3,0,0,0,0,3,,0,0,0,0,1,1,,3,0,0,,,,,0,,,,,,0,0,,0
"Blog Article","/blogs/dolls-info-qustions/se-doll-sex-bot-series-feature-comparison-waist-rotation-vs-hip-thrusting-vs-head-nodding",3,3,0,0,0,0,3,,0,0,0,0,1,1,,3,3,3,0,0,0,0,3,,0,0,0,0,1,1,,3,0,0,,,,,0,,,,,,0,0,,0
"Product","/products/t665-silicone-realistic-torso-32lbs",3,3,0,0,0,0,3,,0,0,0,0,1,1,,3,3,3,0,0,0,0,3,,0,0,0,0,1,1,,3,0,0,,,,,0,,,,,,0,0,,0
,"/ja/collections/big-ass-sex-doll-life-size",2,3,0,0,0,0,7,,0,0,0,46,2.3333333333333335,0.6666666666666666,,2,2,3,0,0,0,0,7,,0,0,0,46,2.3333333333333335,0.6666666666666666,,2,0,0,,,,,0,,,,,0,0,0,,0
,"/en-ca/products/p672-vibrating-buttocks-sex-doll-automatic-sucking-pocket-pussy",3,3,0,0,0,0,5,,0,0,0,18,1.6666666666666667,0.3333333333333333,,1,3,3,0,0,0,0,5,,0,0,0,18,1.6666666666666667,0.3333333333333333,,1,0,0,,,,,0,,,,,0,0,0,,0
"Blog Article","/blogs/dolls-info-qustions/pocket-pussy-full-range-of-types-which-one-is-best-for-you",3,3,0,0,0,0,4,,0,0,0,11.333333333333334,1.3333333333333333,0.6666666666666666,,2,3,3,0,0,0,0,4,,0,0,0,11.333333333333334,1.3333333333333333,0.6666666666666666,,2,0,0,,,,,0,,,,,0,0,0,,0
"Collection","/collections/tpe-sex-doll-head",3,3,0,0,0,0,6,,0,0,0,51.666666666666664,2,0.3333333333333333,,1,3,3,0,0,0,0,6,,0,0,0,51.666666666666664,2,0.3333333333333333,,1,0,0,,,,,0,,,,,0,0,0,,0
"Collection","/collections/sex-doll-best-seller",3,3,0,0,0,0,44,,0,0,0,1098.3333333333333,14.666666666666666,0.3333333333333333,,1,3,3,0,0,0,0,44,,0,0,0,1098.3333333333333,14.666666666666666,0.3333333333333333,,1,0,0,,,,,0,,,,,0,0,0,,0
,"/ja/blogs/dolls-info-qustions/sex-doll-transformation-guide-how-to-revamp-and-create-a-one-of-a-kind-look",3,3,0,0,0,0,3,,0,0,0,0,1,1,,3,3,3,0,0,0,0,3,,0,0,0,0,1,1,,3,0,0,,,,,0,,,,,,0,0,,0
"Product","/products/a295-big-butt-torso-silicone-sex-doll-sex-realistic-skin",3,3,0,0,0,0,6,,0,0,0,5,2,0,,0,3,3,0,0,0,0,6,,0,0,0,5,2,0,,0,0,0,,,,,0,,,,,0,0,,,
"Blog Article","/blogs/dolls-info-qustions/why-do-boys-always-like-18-year-old-girls-sex-doll-edition",3,3,0,0,0,0,6,,0,0,0,13.666666666666666,2,0.6666666666666666,,2,3,3,0,0,0,0,6,,0,0,0,13.666666666666666,2,0.6666666666666666,,2,0,0,,,,,0,,,,,0,0,0,,0
"Collection","/collections/ass-mini-male-sex-doll",3,3,0,0,0,0,4,,0,0,0,3.6666666666666665,1.3333333333333333,0.6666666666666666,,2,3,3,0,0,0,0,4,,0,0,0,3.6666666666666665,1.3333333333333333,0.6666666666666666,,2,0,0,,,,,0,,,,,0,0,0,,0
"Product","/products/t659-26-5lbs-realistic-dildo-for-silicone-woman-with-male-sex-doll%E4%B8%A8judy-rona",2,3,0,0,0,0,5,,0,0,0,7,1.6666666666666667,0.3333333333333333,,1,2,3,0,0,0,0,5,,0,0,0,7,1.6666666666666667,0.3333333333333333,,1,0,0,,,,,0,,,,,0,0,0,,0
"Blog Article","/blogs/dolls-info-qustions/welcome-to-future-ai-sex-doll-function-exploration",3,3,0,0,0,0,3,,0,0,0,0,1,1,,3,3,3,0,0,0,0,3,,0,0,0,0,1,1,,3,0,0,,,,,0,,,,,,0,0,,0
"Product","/products/t293-30-9lbs-72cm-super-realistic-luxury-life-size-silicone-sex-doll-torso",2,3,0,0,0,0,3,,0,0,0,0,1,1,,3,2,3,0,0,0,0,3,,0,0,0,0,1,1,,3,0,0,,,,,0,,,,,,0,0,,0
"Product","/products/t942-8-4lb-7-9inch-huge-penis-dildo-femboy-tpe-cheap-male-sex-doll-torso-qita-doll",2,3,0,0,0,0,53,,0,0,0,1309.6666666666667,17.666666666666668,0.6666666666666666,,2,2,3,0,0,0,0,53,,0,0,0,1309.6666666666667,17.666666666666668,0.6666666666666666,,2,0,0,,,,,0,,,,,0,0,0,,0
"Product","/products/f7152-168cm5-6ft-42-5kg-2-2u-e-cup-japanese-cosplay-sex-doll-naughty-nun-style-with-glasses-realistic-silicone-body-with-3-love-holes-bezlya-doll",2,3,0,0,0,0,5,,0,0,0,200.33333333333334,1.6666666666666667,0.3333333333333333,,1,2,3,0,0,0,0,5,,0,0,0,200.33333333333334,1.6666666666666667,0.3333333333333333,,1,0,0,,,,,0,,,,,0,0,0,,0
,"/en-ca/collections/ai-sex-dolls-list",3,3,0,0,0,0,14,,0,0,0,457,4.666666666666667,0.6666666666666666,,2,3,3,0,0,0,0,14,,0,0,0,457,4.666666666666667,0.6666666666666666,,2,0,0,,,,,0,,,,,0,0,0,,0
"Product","/products/f9385-161cm5ft3-41-5kg-h-cup-huge-breast-silicone-ssbbw-sex-doll-with-weight-reduction-4-0-starpery-doll",3,3,0,0,0,0,46,,0,0,0,531.3333333333334,15.333333333333334,0.3333333333333333,,1,3,3,0,0,0,0,46,,0,0,0,531.3333333333334,15.333333333333334,0.3333333333333333,,1,0,0,,,,,0,,,,,0,0,0,,0
"Product","/products/f712-165cm-g-cup-most-realistic-sex-doll-irontech",2,3,0,0,0,0,17,,0,0,0,683.3333333333334,5.666666666666667,0.3333333333333333,,1,2,3,0,0,0,0,17,,0,0,0,683.3333333333334,5.666666666666667,0.3333333333333333,,1,0,0,,,,,0,,,,,0,0,0,,0
"Blog Article","/blogs/dolls-info-qustions/lubricant-that-enhances-the-sex-experience",1,3,0,0,0,0,3,,0,0,0,0,1,1,,3,1,3,0,0,0,0,3,,0,0,0,0,1,1,,3,0,0,,,,,0,,,,,,0,0,,0
"Product","/products/f1987-150cm4-9ft-42-5kg-m-cup-bbw-tpe-sex-doll%E4%B8%A8wm-doll",1,3,0,0,0,0,32,,0,0,0,1339.6666666666667,10.666666666666666,0,,0,1,3,0,0,0,0,32,,0,0,0,1339.6666666666667,10.666666666666666,0,,0,0,0,,,,,0,,,,,0,0,,,
"Product","/products/f7157-155rcm5-12ft-32-5kg-2-1-a-cup-robot-silicone-head-adult-asian-sex-doll-bezlya-doll",2,3,0,0,0,0,10,,0,0,0,330.6666666666667,3.3333333333333335,0.3333333333333333,,1,2,3,0,0,0,0,10,,0,0,0,330.6666666666667,3.3333333333333335,0.3333333333333333,,1,0,0,,,,,0,,,,,0,0,0,,0
"Product","/products/h043-ros-silicone-sex-doll-head-irontech-doll-head",3,3,0,0,0,0,7,,0,0,0,71.66666666666667,2.3333333333333335,0.3333333333333333,,1,3,3,0,0,0,0,7,,0,0,0,71.66666666666667,2.3333333333333335,0.3333333333333333,,1,0,0,,,,,0,,,,,0,0,0,,0
"Product","/products/f8153k-154cm5ft1-32-4kg-e-cup-latina-silicone-head-chubby-bbw-sex-doll-in-stock-us-climax-doll-pro",1,3,0,0,0,0,10,,0,0,0,660,3.3333333333333335,0.3333333333333333,,1,1,3,0,0,0,0,10,,0,0,0,660,3.3333333333333335,0.3333333333333333,,1,0,0,,,,,0,,,,,0,0,0,,0
"Product","/products/t6-luxury-realistic-flat-chested-sex-doll-torso",1,3,0,0,0,0,6,,0,0,0,400.6666666666667,2,0.3333333333333333,,1,1,3,0,0,0,0,6,,0,0,0,400.6666666666667,2,0.3333333333333333,,1,0,0,,,,,0,,,,,0,0,0,,0
,"/ja/collections/foot-toy",3,3,2,2,1,0.3333333333333333,27,0.5,0.6666666666666666,0.6666666666666666,1,329.3333333333333,9,0.3333333333333333,0.5,1,3,3,2,2,1,0.3333333333333333,27,0.5,0.6666666666666666,0.6666666666666666,1,329.3333333333333,9,0.3333333333333333,0.5,1,0,0,0,0,0,0,0,0,0,0,0,0,0,0,0,0
"Collection","/collections/100-199",3,3,0,0,0,0,15,,0,0,0,480,5,0.3333333333333333,,1,3,3,0,0,0,0,15,,0,0,0,480,5,0.3333333333333333,,1,0,0,,,,,0,,,,,0,0,0,,0
,"/en-ca/collections/anime-sex-doll-torso",3,3,0,0,0,0,7,,0,0,0,11,2.3333333333333335,0.3333333333333333,,1,3,3,0,0,0,0,7,,0,0,0,11,2.3333333333333335,0.3333333333333333,,1,0,0,,,,,0,,,,,0,0,0,,0
"Product","/products/f4904k-150cm4ft9-35-5kg-b-cup-silicone-furry-bunny-life-size-anime-sex-doll-in-stock-eu-climax-doll-ultra",3,3,0,0,0,0,160,,0,0,0,1852,53.333333333333336,0.6666666666666666,,2,3,3,0,0,0,0,160,,0,0,0,1852,53.333333333333336,0.6666666666666666,,2,0,0,,,,,0,,,,,0,0,0,,0
"Product","/products/f4092k-153cm-45kg-q-cup-full-silicone-ssbbw-biggest-sex-doll-bbw-in-stock-castle-doll",2,3,0,0,0,0,11,,0,0,0,304.6666666666667,3.6666666666666665,0.3333333333333333,,1,2,3,0,0,0,0,11,,0,0,0,304.6666666666667,3.6666666666666665,0.3333333333333333,,1,0,0,,,,,0,,,,,0,0,0,,0
"Product","/products/f7679-150cm4ft9-37-6kg-l-cup-s-tpe-gel-filled-life-size-anime-sex-doll-irokebijin-doll",3,3,1,1,0,0,13,0,0.3333333333333333,0.3333333333333333,0,90.33333333333333,4.333333333333333,0.3333333333333333,0,1,3,3,1,1,0,0,13,0,0.3333333333333333,0.3333333333333333,0,90.33333333333333,4.333333333333333,0.3333333333333333,0,1,0,0,0,0,,,0,,0,0,,0,0,0,,0
"Blog Article","/blogs/dolls-info-qustions/the-best-asian-sex-doll-bezlya-sex-doll-2-2u-series-function-analysis",3,3,1,1,0,0,15,0,0.3333333333333333,0.3333333333333333,0,75.33333333333333,5,0.6666666666666666,0,2,3,3,1,1,0,0,15,0,0.3333333333333333,0.3333333333333333,0,75.33333333333333,5,0.6666666666666666,0,2,0,0,0,0,,,0,,0,0,,0,0,0,,0
"Blog Article","/blogs/dolls-info-qustions/exploring-lightweight-options-recommended-weight-reduced-bbw-sex-dolls",3,3,0,0,0,0,7,,0,0,0,194,2.3333333333333335,0.3333333333333333,,1,3,3,0,0,0,0,7,,0,0,0,194,2.3333333333333335,0.3333333333333333,,1,0,0,,,,,0,,,,,0,0,0,,0
"Collection","/collections/150cm-159cm-4ft11-5ft2",2,3,0,0,0,0,8,,0,0,0,83.33333333333333,2.6666666666666665,0.3333333333333333,,1,2,3,0,0,0,0,8,,0,0,0,83.33333333333333,2.6666666666666665,0.3333333333333333,,1,0,0,,,,,0,,,,,0,0,0,,0
"Product","/products/f4740-153cm31kg-b-cup-silicone-head-movable-jaw-sle-body-realistic-silicone-sex-dolls-for-men-in-stock-usa-canada-zelex-doll",1,3,0,0,0,0,6,,0,0,0,171.33333333333334,2,0.6666666666666666,,2,1,3,0,0,0,0,6,,0,0,0,171.33333333333334,2,0.6666666666666666,,2,0,0,,,,,0,,,,,0,0,0,,0
,"/en-fi/collections/femboys-sex-doll",3,3,0,0,0,0,40,,0,0,0,198.66666666666666,13.333333333333334,0.6666666666666666,,2,3,3,0,0,0,0,40,,0,0,0,198.66666666666666,13.333333333333334,0.6666666666666666,,2,0,0,,,,,0,,,,,0,0,0,,0
"Collection","/collections/frontpage",2,3,0,0,0,0,4,,0,0,0,2.6666666666666665,1.3333333333333333,0.6666666666666666,,2,2,3,0,0,0,0,4,,0,0,0,2.6666666666666665,1.3333333333333333,0.6666666666666666,,2,0,0,,,,,0,,,,,0,0,0,,0
"Collection","/collections/all/g-cup",3,3,0,0,0,0,6,,0,0,0,231.33333333333334,2,0.3333333333333333,,1,3,3,0,0,0,0,6,,0,0,0,231.33333333333334,2,0.3333333333333333,,1,0,0,,,,,0,,,,,0,0,0,,0
"Blog Article","/blogs/dolls-info-qustions/sedolls-latest-oral-suction-amp-heating-functions-are-here",3,3,0,0,0,0,3,,0,0,0,0,1,1,,3,3,3,0,0,0,0,3,,0,0,0,0,1,1,,3,0,0,,,,,0,,,,,,0,0,,0
"Blog Article","/blogs/dolls-info-qustions/futa-sex-dolls-where-fantasy-meets-reality-in-the-world-of-anime-temptation",3,3,0,0,0,0,20,,0,0,0,94,6.666666666666667,0.3333333333333333,,1,3,3,0,0,0,0,20,,0,0,0,94,6.666666666666667,0.3333333333333333,,1,0,0,,,,,0,,,,,0,0,0,,0
"Product","/products/f110-165cm-37kg-finley-thin-face-shy-asian-teen-tpe-cute-femboy-sex-doll-qita-doll",3,3,0,0,0,0,25,,0,0,0,510,8.333333333333334,0.6666666666666666,,2,3,3,0,0,0,0,25,,0,0,0,510,8.333333333333334,0.6666666666666666,,2,0,0,,,,,0,,,,,0,0,0,,0
"Collection","/collections/erovenus-videos",3,3,0,0,0,0,4,,0,0,0,31,1.3333333333333333,0.6666666666666666,,2,3,3,0,0,0,0,4,,0,0,0,31,1.3333333333333333,0.6666666666666666,,2,0,0,,,,,0,,,,,0,0,0,,0
"Product","/products/zelex-k-series-f9393-most-realistic-sex-doll",3,3,0,0,0,0,11,,0,0,0,585,3.6666666666666665,0.3333333333333333,,1,3,3,0,0,0,0,11,,0,0,0,585,3.6666666666666665,0.3333333333333333,,1,0,0,,,,,0,,,,,0,0,0,,0
"Collection","/collections/big-ass-sex-doll-tpe-body",3,3,0,0,0,0,16,,0,0,0,436.6666666666667,5.333333333333333,0.3333333333333333,,1,3,3,0,0,0,0,16,,0,0,0,436.6666666666667,5.333333333333333,0.3333333333333333,,1,0,0,,,,,0,,,,,0,0,0,,0
"Blog Article","/blogs/dolls-info-qustions/does-youth-mean-being-not-busty-recommended-large-bust-18s-sex-dolls",2,3,0,0,0,0,5,,0,0,0,6,1.6666666666666667,0.6666666666666666,,2,2,3,0,0,0,0,5,,0,0,0,6,1.6666666666666667,0.6666666666666666,,2,0,0,,,,,0,,,,,0,0,0,,0
"Product","/products/p96-0-62lb-owl-elf-cheap-silicone-anime-hentai-pocket-pussy-mrl",3,3,0,0,0,0,12,,0,0,0,103,4,0.3333333333333333,,1,3,3,0,0,0,0,12,,0,0,0,103,4,0.3333333333333333,,1,0,0,,,,,0,,,,,0,0,0,,0
"Blog Article","/blogs/dolls-info-qustions/big-booty-sex-doll-a-complete-breakdown",3,3,0,0,0,0,3,,0,0,0,0,1,1,,3,3,3,0,0,0,0,3,,0,0,0,0,1,1,,3,0,0,,,,,0,,,,,,0,0,,0
"Collection","/collections/anime-sex-doll-stpe",3,3,0,0,0,0,12,,0,0,0,313.6666666666667,4,0,,0,3,3,0,0,0,0,12,,0,0,0,313.6666666666667,4,0,,0,0,0,,,,,0,,,,,0,0,,,
"Collection","/collections/sigafun-doll-factory-photos",3,3,0,0,0,0,9,,0,0,0,52,3,0.6666666666666666,,2,3,3,0,0,0,0,9,,0,0,0,52,3,0.6666666666666666,,2,0,0,,,,,0,,,,,0,0,0,,0
"App Generated","/apps/order-tracking",3,3,0,0,0,0,9,,0,0,0,131.33333333333334,3,0.6666666666666666,,2,3,3,0,0,0,0,9,,0,0,0,131.33333333333334,3,0.6666666666666666,,2,0,0,,,,,0,,,,,0,0,0,,0
"Product","/products/f4819-161cm-5ft346kg-m-cup-sexy-silicone-ros-biggest-bbw-sex-doll-hr-doll",3,3,0,0,0,0,3,,0,0,0,0,1,1,,3,3,3,0,0,0,0,3,,0,0,0,0,1,1,,3,0,0,,,,,0,,,,,,0,0,,0
"Product","/products/f7151-155mcm5-1ft-40kg-2-0-g-cup-japanese-young-sex-doll-girl-next-door-style-with-triple-pleasure-tunnels-bezlya-doll",3,3,0,0,0,0,6,,0,0,0,552.3333333333334,2,0.6666666666666666,,2,3,3,0,0,0,0,6,,0,0,0,552.3333333333334,2,0.6666666666666666,,2,0,0,,,,,0,,,,,0,0,0,,0
"Blog Article","/blogs/sex-doll-option-videos/video06-sucking-vagina",3,3,0,0,0,0,4,,0,0,0,176.33333333333334,1.3333333333333333,0.6666666666666666,,2,3,3,0,0,0,0,4,,0,0,0,176.33333333333334,1.3333333333333333,0.6666666666666666,,2,0,0,,,,,0,,,,,0,0,0,,0
"Blog Article","/blogs/dolls-info-qustions/new-sigafun-series-officially-released-every-model-is-irresistible",3,3,0,0,0,0,8,,0,0,0,36,2.6666666666666665,0.3333333333333333,,1,3,3,0,0,0,0,8,,0,0,0,36,2.6666666666666665,0.3333333333333333,,1,0,0,,,,,0,,,,,0,0,0,,0
"Product","/products/f4733-in-stock-usa-canada-166cm-5ft3-35-7kg-k-cup-hair-implant-head-silicone-bbw-sex-dollzelex-sle-2-0-zelex-doll",2,3,1,0,0,0,13,,0.3333333333333333,0,0,167.66666666666666,4.333333333333333,0.6666666666666666,,2,2,3,1,0,0,0,13,,0.3333333333333333,0,0,167.66666666666666,4.333333333333333,0.6666666666666666,,2,0,0,0,,,,0,,0,,,0,0,0,,0
"Product","/products/t70-43lb-korina-lifelike-silicone-sex-doll-torso-sigafun-doll",3,3,0,0,0,0,4,,0,0,0,21,1.3333333333333333,0.6666666666666666,,2,3,3,0,0,0,0,4,,0,0,0,21,1.3333333333333333,0.6666666666666666,,2,0,0,,,,,0,,,,,0,0,0,,0
,"/en-fi",3,3,0,0,0,0,7,,0,0,0,36.666666666666664,2.3333333333333335,0.6666666666666666,,2,3,3,0,0,0,0,7,,0,0,0,36.666666666666664,2.3333333333333335,0.6666666666666666,,2,0,0,,,,,0,,,,,0,0,0,,0
,"/en-ca/collections/life-sized-sex-doll",3,3,1,0,0,0,15,,0.3333333333333333,0,0,274,5,0,,0,3,3,1,0,0,0,15,,0.3333333333333333,0,0,274,5,0,,0,0,0,0,,,,0,,0,,,0,0,,,
"Product","/products/sy-doll-150cm-ros-silicone-f2447",1,3,0,0,0,0,48,,0,0,0,1164.6666666666667,16,0.3333333333333333,,1,1,3,0,0,0,0,48,,0,0,0,1164.6666666666667,16,0.3333333333333333,,1,0,0,,,,,0,,,,,0,0,0,,0
"Blog Article","/blogs/complete-sex-doll-guide-for-beginners/doll-head-connectors-for-different-brands",3,3,0,0,0,0,3,,0,0,0,0,1,1,,3,3,3,0,0,0,0,3,,0,0,0,0,1,1,,3,0,0,,,,,0,,,,,,0,0,,0
"Blog Article","/blogs/dolls-info-qustions/newbie-torso-sex-doll-buying-tutorial-the-best-selection-guide-at-the-same-price",3,3,0,0,0,0,9,,0,0,0,112.66666666666667,3,0.6666666666666666,,2,3,3,0,0,0,0,9,,0,0,0,112.66666666666667,3,0.6666666666666666,,2,0,0,,,,,0,,,,,0,0,0,,0
"Product","/products/t588v-torso-tpe-16lb-sucking-vibration-auto-clean",3,3,0,0,0,0,10,,0,0,0,123.66666666666667,3.3333333333333335,0.3333333333333333,,1,3,3,0,0,0,0,10,,0,0,0,123.66666666666667,3.3333333333333335,0.3333333333333333,,1,0,0,,,,,0,,,,,0,0,0,,0
,"/en-fi/pages/linkdolls-my-whatsapp",3,3,0,0,0,0,3,,0,0,0,0,1,1,,3,3,3,0,0,0,0,3,,0,0,0,0,1,1,,3,0,0,,,,,0,,,,,,0,0,,0
"Checkout","/60719464687/orders/f8313f6e543100bf5d176183412a92e2",1,3,0,0,0,0,3,,0,0,0,0,1,1,,3,1,3,0,0,0,0,3,,0,0,0,0,1,1,,3,0,0,,,,,0,,,,,,0,0,,0
,"/en-ca/products/f6209-172cm-5-6ft-37-5kg-a-cup-realistic-flat-chest-sex-doll-top-cydoll",3,3,0,0,0,0,3,,0,0,0,0,1,1,,3,3,3,0,0,0,0,3,,0,0,0,0,1,1,,3,0,0,,,,,0,,,,,,0,0,,0
"Collection","/collections/huge-breast-post-torso",3,3,0,0,0,0,4,,0,0,0,7.333333333333333,1.3333333333333333,0.6666666666666666,,2,3,3,0,0,0,0,4,,0,0,0,7.333333333333333,1.3333333333333333,0.6666666666666666,,2,0,0,,,,,0,,,,,0,0,0,,0
,"/de/collections/full-femboy-sex-doll",3,3,0,0,0,0,32,,0,0,0,218.66666666666666,10.666666666666666,0.3333333333333333,,1,3,3,0,0,0,0,32,,0,0,0,218.66666666666666,10.666666666666666,0.3333333333333333,,1,0,0,,,,,0,,,,,0,0,0,,0
,"/ja/collections/mini-hentai-sex-doll",3,3,0,0,0,0,6,,0,0,0,16,2,0.6666666666666666,,2,3,3,0,0,0,0,6,,0,0,0,16,2,0.6666666666666666,,2,0,0,,,,,0,,,,,0,0,0,,0
"Collection","/collections/tantaly-sex-doll",3,3,0,0,0,0,3,,0,0,0,0,1,1,,3,3,3,0,0,0,0,3,,0,0,0,0,1,1,,3,0,0,,,,,0,,,,,,0,0,,0
"Product","/products/t005-13-28lbbig-boots-sex-doll-torso-male-masturbator-for-man",1,3,2,2,0,0,47,0,0.6666666666666666,0.6666666666666666,0,1618,15.666666666666666,0.3333333333333333,0,1,1,3,2,2,0,0,47,0,0.6666666666666666,0.6666666666666666,0,1618,15.666666666666666,0.3333333333333333,0,1,0,0,0,0,,,0,,0,0,,0,0,0,,0
,"/en-ca/blogs/dolls-info-qustions/what-oral-depth-of-a-sex-doll-head-is-best-for-blowjobs",3,3,0,0,0,0,3,,0,0,0,0,1,1,,3,3,3,0,0,0,0,3,,0,0,0,0,1,1,,3,0,0,,,,,0,,,,,,0,0,,0
,"/en-fi/collections/asian-sex-doll",3,3,0,0,0,0,32,,0,0,0,422,10.666666666666666,0.6666666666666666,,2,3,3,0,0,0,0,32,,0,0,0,422,10.666666666666666,0.6666666666666666,,2,0,0,,,,,0,,,,,0,0,0,,0
,"/en-ca/collections/new-arrivals-robot-sex-dolls",3,3,0,0,0,0,5,,0,0,0,18,1.6666666666666667,0.6666666666666666,,2,3,3,0,0,0,0,5,,0,0,0,18,1.6666666666666667,0.6666666666666666,,2,0,0,,,,,0,,,,,0,0,0,,0
"Collection","/collections/irontech-doll-silicone-sex-dolls",3,3,0,0,0,0,52,,0,0,0,703.3333333333334,17.333333333333332,0,,0,3,3,0,0,0,0,52,,0,0,0,703.3333333333334,17.333333333333332,0,,0,0,0,,,,,0,,,,,0,0,,,
"Product","/products/531sex-doll-torso",3,3,0,0,0,0,4,,0,0,0,14,1.3333333333333333,0.6666666666666666,,2,3,3,0,0,0,0,4,,0,0,0,14,1.3333333333333333,0.6666666666666666,,2,0,0,,,,,0,,,,,0,0,0,,0
"Blog Article","/blogs/dolls-info-qustions/how-to-prevent-tearing-in-the-vagina-and-anus-of-tpe-or-silicone-sex-dolls",3,3,0,0,0,0,3,,0,0,0,0,1,1,,3,3,3,0,0,0,0,3,,0,0,0,0,1,1,,3,0,0,,,,,0,,,,,,0,0,,0
"Collection","/collections/full-femboy-sex-doll",3,3,0,0,0,0,12,,0,0,0,299,4,0.6666666666666666,,2,3,3,0,0,0,0,12,,0,0,0,299,4,0.6666666666666666,,2,0,0,,,,,0,,,,,0,0,0,,0
,"/ja/collections/silicone-pocket-pussy",3,3,0,0,0,0,15,,0,0,0,182.66666666666666,5,0,,0,3,3,0,0,0,0,15,,0,0,0,182.66666666666666,5,0,,0,0,0,,,,,0,,,,,0,0,,,
"Product","/collections/sex-doll-torso/products/test-501-25-3lb-45cm-life-sized-and-realistic-bbw-sex-doll-torso",3,3,0,0,0,0,51,,0,0,0,640.3333333333334,17,0.6666666666666666,,2,3,3,0,0,0,0,51,,0,0,0,640.3333333333334,17,0.6666666666666666,,2,0,0,,,,,0,,,,,0,0,0,,0
,"/en-ca/products/f7891-14kg-silicone-cute-furry-sex-doll-demon-sheep-rabbit-mrl",3,3,0,0,0,0,3,,0,0,0,0,1,1,,3,3,3,0,0,0,0,3,,0,0,0,0,1,1,,3,0,0,,,,,0,,,,,,0,0,,0
"Product","/products/40cm-perfect-sexy-big-ass-sex-doll-torso-518-sex-doll-torso",3,3,1,1,0,0,43,0,0.3333333333333333,0.3333333333333333,0,416,14.333333333333334,0.3333333333333333,0,1,3,3,1,1,0,0,43,0,0.3333333333333333,0.3333333333333333,0,416,14.333333333333334,0.3333333333333333,0,1,0,0,0,0,,,0,,0,0,,0,0,0,,0
,"/en-fi/blogs/dolls-info-qustions/how-to-make-a-fake-ass-sex-toy",3,3,0,0,0,0,8,,0,0,0,137.33333333333334,2.6666666666666665,0.6666666666666666,,2,3,3,0,0,0,0,8,,0,0,0,137.33333333333334,2.6666666666666665,0.6666666666666666,,2,0,0,,,,,0,,,,,0,0,0,,0
"Blog Article","/blogs/sex-doll-option-videos/video-04-moaning-sound",3,3,0,0,0,0,3,,0,0,0,0,1,1,,3,3,3,0,0,0,0,3,,0,0,0,0,1,1,,3,0,0,,,,,0,,,,,,0,0,,0
"Blog Article","/blogs/dolls-info-qustions/what-size-penis-should-you-buy-for-your-male-sex-doll",3,3,0,0,0,0,3,,0,0,0,0,1,1,,3,3,3,0,0,0,0,3,,0,0,0,0,1,1,,3,0,0,,,,,0,,,,,,0,0,,0
"Collection","/collections/blonde-sex-dolls",3,3,0,0,0,0,3,,0,0,0,0,1,1,,3,3,3,0,0,0,0,3,,0,0,0,0,1,1,,3,0,0,,,,,0,,,,,,0,0,,0
"Product","/products/f2241-159cm5-2ft-f-cup-s5-silicone-sex-doll-irontech-doll",2,3,0,0,0,0,3,,0,0,0,0,1,1,,3,2,3,0,0,0,0,3,,0,0,0,0,1,1,,3,0,0,,,,,0,,,,,,0,0,,0
"Blog Article","/blogs/dolls-info-qustions/guide-to-buying-the-newest-sex-dolls-of-2025",3,3,0,0,0,0,4,,0,0,0,2,1.3333333333333333,0.6666666666666666,,2,3,3,0,0,0,0,4,,0,0,0,2,1.3333333333333333,0.6666666666666666,,2,0,0,,,,,0,,,,,0,0,0,,0
"Collection","/collections/silicone-sex-doll-heads",3,3,1,1,0,0,13,0,0.3333333333333333,0.3333333333333333,0,164,4.333333333333333,0.3333333333333333,0,1,3,3,1,1,0,0,13,0,0.3333333333333333,0.3333333333333333,0,164,4.333333333333333,0.3333333333333333,0,1,0,0,0,0,,,0,,0,0,,0,0,0,,0
"Collection","/collections/loli-sex-dolls",3,3,0,0,0,0,24,,0,0,0,465.6666666666667,8,0.6666666666666666,,2,3,3,0,0,0,0,24,,0,0,0,465.6666666666667,8,0.6666666666666666,,2,0,0,,,,,0,,,,,0,0,0,,0
"Collection","/collections/funwest-doll",3,3,0,0,0,0,4,,0,0,0,19,1.3333333333333333,0.6666666666666666,,2,3,3,0,0,0,0,4,,0,0,0,19,1.3333333333333333,0.6666666666666666,,2,0,0,,,,,0,,,,,0,0,0,,0
"Product","/products/f8033-150cm-5ft-27-5kg-silicone-anime-hentai-sex-doll-elsa-babe",3,3,0,0,0,0,21,,0,0,0,273.3333333333333,7,0.6666666666666666,,2,3,3,0,0,0,0,21,,0,0,0,273.3333333333333,7,0.6666666666666666,,2,0,0,,,,,0,,,,,0,0,0,,0
"Product","/products/f7689-160cm-5ft3-k-cup-weight-loss-silicone-black-sex-doll-starpery-doll",2,3,0,0,0,0,8,,0,0,0,1019.6666666666666,2.6666666666666665,0.3333333333333333,,1,2,3,0,0,0,0,8,,0,0,0,1019.6666666666666,2.6666666666666665,0.3333333333333333,,1,0,0,,,,,0,,,,,0,0,0,,0
"Blog Article","/blogs/dolls-info-qustions/is-a-half-torso-sex-doll-worth-it-the-honest-breakdown",3,3,0,0,0,0,15,,0,0,0,186.66666666666666,5,0.6666666666666666,,2,3,3,0,0,0,0,15,,0,0,0,186.66666666666666,5,0.6666666666666666,,2,0,0,,,,,0,,,,,0,0,0,,0
,"/en-fi/collections/sex-doll-head",3,3,0,0,0,0,35,,0,0,0,194.66666666666666,11.666666666666666,0,,0,3,3,0,0,0,0,35,,0,0,0,194.66666666666666,11.666666666666666,0,,0,0,0,,,,,0,,,,,0,0,,,
"Product","/products/f2537-ros-silicone-head-tpe-body-huge-breast-sex-doll",3,3,0,0,0,0,40,,0,0,0,985.3333333333334,13.333333333333334,0,,0,3,3,0,0,0,0,40,,0,0,0,985.3333333333334,13.333333333333334,0,,0,0,0,,,,,0,,,,,0,0,,,
"Product","/products/f4474a-163cm5-3ft-51kg-h-cup-bbw-big-booty-large-butt-tpe-sex-doll-2025%E4%B8%A8wm-doll",2,3,0,0,0,0,20,,0,0,0,692.3333333333334,6.666666666666667,0,,0,2,3,0,0,0,0,20,,0,0,0,692.3333333333334,6.666666666666667,0,,0,0,0,,,,,0,,,,,0,0,,,
"Product","/products/yeloly-silicone-with-head-106cm-t737k",3,3,0,0,0,0,3,,0,0,0,0,1,1,,3,3,3,0,0,0,0,3,,0,0,0,0,1,1,,3,0,0,,,,,0,,,,,,0,0,,0
"Product","/products/f6163-22kg-d-cup-animal-hentai-realistic-silicone-sex-doll-castle-doll",3,3,0,0,0,0,5,,0,0,0,38.666666666666664,1.6666666666666667,0.6666666666666666,,2,3,3,0,0,0,0,5,,0,0,0,38.666666666666664,1.6666666666666667,0.6666666666666666,,2,0,0,,,,,0,,,,,0,0,0,,0
,"/ja/collections/self-cleaning-ai-sex-doll",2,3,0,0,0,0,7,,0,0,0,620,2.3333333333333335,0.3333333333333333,,1,2,3,0,0,0,0,7,,0,0,0,620,2.3333333333333335,0.3333333333333333,,1,0,0,,,,,0,,,,,0,0,0,,0
"Blog Article","/blogs/dolls-info-qustions/how-to-fix-a-sex-doll-a-comprehensive-guide",2,3,0,0,0,0,3,,0,0,0,0,1,1,,3,2,3,0,0,0,0,3,,0,0,0,0,1,1,,3,0,0,,,,,0,,,,,,0,0,,0
"Product","/products/t6212-3lbminisize-silicone-sex-doll-torso-sigafun-doll",3,3,0,0,0,0,3,,0,0,0,0,1,1,,3,3,3,0,0,0,0,3,,0,0,0,0,1,1,,3,0,0,,,,,0,,,,,,0,0,,0
"Blog Article","/blogs/dolls-info-qustions/hentai-sex-doll-1v1-real-test-on-the-cleaning-resistance-of-ultra-durable-makeup-vs-regular-makeup",3,3,0,0,0,0,5,,0,0,0,8,1.6666666666666667,0.6666666666666666,,2,3,3,0,0,0,0,5,,0,0,0,8,1.6666666666666667,0.6666666666666666,,2,0,0,,,,,0,,,,,0,0,0,,0
"Collection","/collections/japanese-cosplay-sex-doll",3,3,0,0,0,0,11,,0,0,0,205,3.6666666666666665,0.3333333333333333,,1,3,3,0,0,0,0,11,,0,0,0,205,3.6666666666666665,0.3333333333333333,,1,0,0,,,,,0,,,,,0,0,0,,0
"Product","/products/t442-91-93lb-silicone-big-booty-life-sex-doll-torso-lovenestle",3,3,0,0,0,0,4,,0,0,0,56.333333333333336,1.3333333333333333,0.6666666666666666,,2,3,3,0,0,0,0,4,,0,0,0,56.333333333333336,1.3333333333333333,0.6666666666666666,,2,0,0,,,,,0,,,,,0,0,0,,0
"Product","/products/h080-sex-doll-head-1",3,3,0,0,0,0,15,,0,0,0,99,5,0.6666666666666666,,2,3,3,0,0,0,0,15,,0,0,0,99,5,0.6666666666666666,,2,0,0,,,,,0,,,,,0,0,0,,0
"Product","/products/f4700-157cm5-2ft-36-2kg-2-2cf-k-cup-silicone-asian-chinese-sex-doll-bezlya-doll",3,3,0,0,0,0,5,,0,0,0,13.333333333333334,1.6666666666666667,0.6666666666666666,,2,3,3,0,0,0,0,5,,0,0,0,13.333333333333334,1.6666666666666667,0.6666666666666666,,2,0,0,,,,,0,,,,,0,0,0,,0
"Blog Article","/blogs/dolls-info-qustions/superhero-sex-dolls",3,3,0,0,0,0,5,,0,0,0,419.6666666666667,1.6666666666666667,0.3333333333333333,,1,3,3,0,0,0,0,5,,0,0,0,419.6666666666667,1.6666666666666667,0.3333333333333333,,1,0,0,,,,,0,,,,,0,0,0,,0
"Product","/products/a410-22lbsexy-and-real-realistic-ass-chubby-masturbator-sex-doll-torso",3,3,0,0,0,0,3,,0,0,0,0,1,1,,3,3,3,0,0,0,0,3,,0,0,0,0,1,1,,3,0,0,,,,,0,,,,,,0,0,,0
"Product","/products/t347-24-46lb-huge-breast-shemale-bbw-sex-doll-torso-mrl",3,3,0,0,0,0,35,,0,0,0,310,11.666666666666666,0,,0,3,3,0,0,0,0,35,,0,0,0,310,11.666666666666666,0,,0,0,0,,,,,0,,,,,0,0,,,
"Product","/products/f704-161cm5ft3-33kg-e-cup-penny-black-silicone-realistic-sex-doll",3,3,0,0,0,0,3,,0,0,0,0,1,1,,3,3,3,0,0,0,0,3,,0,0,0,0,1,1,,3,0,0,,,,,0,,,,,,0,0,,0
"Blog Article","/blogs/sex-doll-torso-blog/5-ways-to-pick-the-fitted-sex-doll-torso",3,3,0,0,0,0,4,,0,0,0,150.66666666666666,1.3333333333333333,0.6666666666666666,,2,3,3,0,0,0,0,4,,0,0,0,150.66666666666666,1.3333333333333333,0.6666666666666666,,2,0,0,,,,,0,,,,,0,0,0,,0
,"/en-ca/collections/alien-sex-dolls",3,3,0,0,0,0,6,,0,0,0,36.333333333333336,2,0.3333333333333333,,1,3,3,0,0,0,0,6,,0,0,0,36.333333333333336,2,0.3333333333333333,,1,0,0,,,,,0,,,,,0,0,0,,0
"Product","/products/f5965-sy-doll-flat-chest-fantasy-sex-dolls-movable-jaw-elf-silicone-150cm-29kg-a-cup",3,3,0,0,0,0,3,,0,0,0,0,1,1,,3,3,3,0,0,0,0,3,,0,0,0,0,1,1,,3,0,0,,,,,0,,,,,,0,0,,0
"Product","/products/t289-79-37-lbs-lydia-ros-life-size-silicone-sex-doll-torso-with-head-in-stock-usa-europe-max-series",2,3,0,0,0,0,29,,0,0,0,557,9.666666666666666,0,,0,2,3,0,0,0,0,29,,0,0,0,557,9.666666666666666,0,,0,0,0,,,,,0,,,,,0,0,,,
,"/de/collections/sex-doll-videos",3,3,0,0,0,0,7,,0,0,0,265,2.3333333333333335,0.6666666666666666,,2,3,3,0,0,0,0,7,,0,0,0,265,2.3333333333333335,0.6666666666666666,,2,0,0,,,,,0,,,,,0,0,0,,0
"Product","/products/t319-silicone-life-size-sextorso-no-head-climax-doll",3,3,0,0,0,0,3,,0,0,0,0,1,1,,3,3,3,0,0,0,0,3,,0,0,0,0,1,1,,3,0,0,,,,,0,,,,,,0,0,,0
"Blog Article","/blogs/dolls-info-qustions/lusandy-doll-redefining-realism-and-the-warmth-of-companionship",3,3,0,0,0,0,3,,0,0,0,0,1,1,,3,3,3,0,0,0,0,3,,0,0,0,0,1,1,,3,0,0,,,,,0,,,,,,0,0,,0
"Product","/products/yeloly-silicone-doll-with-head-140cm-t775",1,3,0,0,0,0,3,,0,0,0,0,1,1,,3,1,3,0,0,0,0,3,,0,0,0,0,1,1,,3,0,0,,,,,0,,,,,,0,0,,0
"Product","/products/f1871k-anime-tpe-sex-doll-fun-west-doll",3,3,0,0,0,0,8,,0,0,0,41,2.6666666666666665,0.6666666666666666,,2,3,3,0,0,0,0,8,,0,0,0,41,2.6666666666666665,0.6666666666666666,,2,0,0,,,,,0,,,,,0,0,0,,0
"Blog Article","/blogs/dolls-info-qustions/how-to-integrate-sex-toys-and-torso-sex-dolls-into-foreplay",3,3,0,0,0,0,3,,0,0,0,0,1,1,,3,3,3,0,0,0,0,3,,0,0,0,0,1,1,,3,0,0,,,,,0,,,,,,0,0,,0
"Blog Article","/blogs/dolls-info-qustions/sex-torso-vs-masturbation-which-one-is-right-for-you-this-article-has-the-answer",3,3,0,0,0,0,3,,0,0,0,0,1,1,,3,3,3,0,0,0,0,3,,0,0,0,0,1,1,,3,0,0,,,,,0,,,,,,0,0,,0
"Collection","/collections/sci-fi-alien-sex-doll",3,3,0,0,0,0,9,,0,0,0,184.66666666666666,3,0.3333333333333333,,1,3,3,0,0,0,0,9,,0,0,0,184.66666666666666,3,0.3333333333333333,,1,0,0,,,,,0,,,,,0,0,0,,0
"Product","/products/h626-ros-silicone-sex-doll-head-zelex-doll-head",3,3,0,0,0,0,4,,0,0,0,391.3333333333333,1.3333333333333333,0.6666666666666666,,2,3,3,0,0,0,0,4,,0,0,0,391.3333333333333,1.3333333333333333,0.6666666666666666,,2,0,0,,,,,0,,,,,0,0,0,,0
"Product","/products/f555-161cm-bbw-sex-doll-silicone-starpery",2,3,0,0,0,0,3,,0,0,0,0,1,1,,3,2,3,0,0,0,0,3,,0,0,0,0,1,1,,3,0,0,,,,,0,,,,,,0,0,,0
"Product","/products/judy-rona-dildo-male-masturbator-12lb-18cm",3,3,0,0,0,0,4,,0,0,0,32.666666666666664,1.3333333333333333,0.6666666666666666,,2,3,3,0,0,0,0,4,,0,0,0,32.666666666666664,1.3333333333333333,0.6666666666666666,,2,0,0,,,,,0,,,,,0,0,0,,0
"Product","/products/f5963-159cm-5ft3-34kg-a-cup-tpe-silicone-celebrity-young-flat-chest-sex-doll-sy-doll",2,3,0,0,0,0,5,,0,0,0,295,1.6666666666666667,0.3333333333333333,,1,2,3,0,0,0,0,5,,0,0,0,295,1.6666666666666667,0.3333333333333333,,1,0,0,,,,,0,,,,,0,0,0,,0
"Blog Article","/blogs/sex-doll-torso-blog/8-best-sex-doll-torsos-with-heads",3,3,0,0,0,0,3,,0,0,0,0,1,1,,3,3,3,0,0,0,0,3,,0,0,0,0,1,1,,3,0,0,,,,,0,,,,,,0,0,,0
"Collection","/collections/breast-vagina",3,3,0,0,0,0,8,,0,0,0,62.666666666666664,2.6666666666666665,0,,0,3,3,0,0,0,0,8,,0,0,0,62.666666666666664,2.6666666666666665,0,,0,0,0,,,,,0,,,,,0,0,,,
"Product","/products/f4223-174cm5-7ft-45kg-g-cup-european-tpe-sex-doll%E4%B8%A8wm-doll",3,3,0,0,0,0,10,,0,0,0,1059,3.3333333333333335,0.3333333333333333,,1,3,3,0,0,0,0,10,,0,0,0,1059,3.3333333333333335,0.3333333333333333,,1,0,0,,,,,0,,,,,0,0,0,,0
"Checkout","/60719464687/orders/0512f9cdf907a478b41c88117e2deade",3,3,0,0,0,0,3,,0,0,0,0,1,1,,3,3,3,0,0,0,0,3,,0,0,0,0,1,1,,3,0,0,,,,,0,,,,,,0,0,,0
"Product","/products/f495-157cm5ft2-28-6kg-b-cup-real-enchanted-cheerleader-tpe-sex-doll-wm-doll",2,3,0,0,0,0,6,,0,0,0,636.6666666666666,2,0.6666666666666666,,2,2,3,0,0,0,0,6,,0,0,0,636.6666666666666,2,0.6666666666666666,,2,0,0,,,,,0,,,,,0,0,0,,0
"Product","/products/f4845-163cm5ft4-35kg-e-cup-silicone-ros-japanese-school-style-sex-doll-fantasy-roleplay-ready-doll-senior",2,3,0,0,0,0,5,,0,0,0,83,1.6666666666666667,0.6666666666666666,,2,2,3,0,0,0,0,5,,0,0,0,83,1.6666666666666667,0.6666666666666666,,2,0,0,,,,,0,,,,,0,0,0,,0
"Product","/products/f9284-178cm-5ft10-63kg-p-cup-ros-silicone-pawg-sex-doll-doll-castle",3,3,0,0,0,0,4,,0,0,0,89.66666666666667,1.3333333333333333,0.6666666666666666,,2,3,3,0,0,0,0,4,,0,0,0,89.66666666666667,1.3333333333333333,0.6666666666666666,,2,0,0,,,,,0,,,,,0,0,0,,0
"Product","/products/h111-sex-doll-head",3,3,1,0,0,0,4,,0.3333333333333333,0,0,7,1.3333333333333333,0.6666666666666666,,2,3,3,1,0,0,0,4,,0.3333333333333333,0,0,7,1.3333333333333333,0.6666666666666666,,2,0,0,0,,,,0,,0,,,0,0,0,,0
,"/en-ca/collections/shemale-sex-doll",3,3,0,0,0,0,11,,0,0,0,157.66666666666666,3.6666666666666665,0.3333333333333333,,1,3,3,0,0,0,0,11,,0,0,0,157.66666666666666,3.6666666666666665,0.3333333333333333,,1,0,0,,,,,0,,,,,0,0,0,,0
"Product","/products/f5680-161cm-5ft352-5kg-h-cup-best-fat-big-ass-breasts-life-size-bbw-silicone-super-fat-big-belly-sex-doll-starpery-doll",2,3,1,1,1,0.3333333333333333,23,1,0.3333333333333333,0.3333333333333333,1,940,7.666666666666667,0.3333333333333333,1,1,2,3,1,1,1,0.3333333333333333,23,1,0.3333333333333333,0.3333333333333333,1,940,7.666666666666667,0.3333333333333333,1,1,0,0,0,0,0,0,0,0,0,0,0,0,0,0,0,0
"Product","/products/f5928-165cm-5ft4-37-5kg-f-cup-realistic-lifesize-silicone-celebrity-sex-doll-zelex-doll",3,3,0,0,0,0,36,,0,0,0,501,12,0,,0,3,3,0,0,0,0,36,,0,0,0,501,12,0,,0,0,0,,,,,0,,,,,0,0,,,
,"/de/pages/sex-doll-video",3,3,0,0,0,0,3,,0,0,0,0,1,1,,3,3,3,0,0,0,0,3,,0,0,0,0,1,1,,3,0,0,,,,,0,,,,,,0,0,,0
"Product","/products/f6142-150cm4-9ft-28kg-d-cup-silicone-sex-doll%E4%B8%A8rosretty-doll",1,3,0,0,0,0,7,,0,0,0,317,2.3333333333333335,0.3333333333333333,,1,1,3,0,0,0,0,7,,0,0,0,317,2.3333333333333335,0.3333333333333333,,1,0,0,,,,,0,,,,,0,0,0,,0
"Blog Article","/blogs/dolls-info-qustions/how-to-assemble-and-use-a-sex-doll-electric-stand",3,3,0,0,0,0,3,,0,0,0,0,1,1,,3,3,3,0,0,0,0,3,,0,0,0,0,1,1,,3,0,0,,,,,0,,,,,,0,0,,0
"Product","/products/t912-108cm3ft7-30kg-j-cup-silicone-head-movable-jaw-sle-body-bubble-butt-sex-doll-torso-with-head-zelex-doll-1",3,3,0,0,0,0,3,,0,0,0,0,1,1,,3,3,3,0,0,0,0,3,,0,0,0,0,1,1,,3,0,0,,,,,0,,,,,,0,0,,0
"Checkout","/orders",2,3,1,0,0,0,25,,0.3333333333333333,0,0,353,8.333333333333334,0,,0,2,3,1,0,0,0,25,,0.3333333333333333,0,0,353,8.333333333333334,0,,0,0,0,0,,,,0,,0,,,0,0,,,
"Product","/products/f4400-170cm5-6ft-41kg-h-cup-shemale-tpe-sex-doll%E4%B8%A8wm-doll",1,3,0,0,0,0,8,,0,0,0,84.33333333333333,2.6666666666666665,0.6666666666666666,,2,1,3,0,0,0,0,8,,0,0,0,84.33333333333333,2.6666666666666665,0.6666666666666666,,2,0,0,,,,,0,,,,,0,0,0,,0
"Product","/products/f5940-157cm5-2ft-36-2kg-2-2cf-k-cup-ros-asian-chinese-silicone-sex-doll-bezlya-doll",2,3,0,0,0,0,5,,0,0,0,39,1.6666666666666667,0.3333333333333333,,1,2,3,0,0,0,0,5,,0,0,0,39,1.6666666666666667,0.3333333333333333,,1,0,0,,,,,0,,,,,0,0,0,,0
"Product","/products/f2409-164cm5-4ft-d-cup-ai-chatbot-blinking-smiling-robot-sex-doll%E4%B8%A8sy-doll",2,3,0,0,0,0,3,,0,0,0,0,1,1,,3,2,3,0,0,0,0,3,,0,0,0,0,1,1,,3,0,0,,,,,0,,,,,,0,0,,0
"Product","/products/a309-19lb-soft-silicone-realistic-big-ass-sex-dolls-torso",3,3,0,0,0,0,35,,0,0,0,1171,11.666666666666666,0,,0,3,3,0,0,0,0,35,,0,0,0,1171,11.666666666666666,0,,0,0,0,,,,,0,,,,,0,0,,,
"Product","/products/t693-64-6lb-meru-anime-alien-sex-doll-torso-with-flat-chest-silicone-head-red-skin-torso-pro",3,3,0,0,0,0,7,,0,0,0,3.6666666666666665,2.3333333333333335,0.6666666666666666,,2,3,3,0,0,0,0,7,,0,0,0,3.6666666666666665,2.3333333333333335,0.6666666666666666,,2,0,0,,,,,0,,,,,0,0,0,,0
"Product","/products/f1246-164cm-f-cup-hedy-big-boobs-doll-irontech-doll",2,2,0,0,0,0,2,,0,0,0,0,1,1,,2,2,2,0,0,0,0,2,,0,0,0,0,1,1,,2,0,0,,,,,0,,,,,,0,0,,0
,"/de/collections/electric-sex-doll-head",2,2,0,0,0,0,3,,0,0,0,39,1.5,0.5,,1,2,2,0,0,0,0,3,,0,0,0,39,1.5,0.5,,1,0,0,,,,,0,,,,,0,0,0,,0
"Product","/products/f4004-161cm-5ft352-5kg-h-cup-best-fat-big-ass-breasts-life-size-bbw-silicone-super-fat-big-belly-sex-doll-starpery-doll",1,2,0,0,0,0,20,,0,0,0,266,10,0,,0,1,2,0,0,0,0,20,,0,0,0,266,10,0,,0,0,0,,,,,0,,,,,0,0,,,
,"/en-fi/collections/flat-chest-sex-doll",2,2,0,0,0,0,6,,0,0,0,172.5,3,0,,0,2,2,0,0,0,0,6,,0,0,0,172.5,3,0,,0,0,0,,,,,0,,,,,0,0,,,
,"/en-ca/collections/electric-pocket-pussy",2,2,0,0,0,0,2,,0,0,0,0,1,1,,2,2,2,0,0,0,0,2,,0,0,0,0,1,1,,2,0,0,,,,,0,,,,,,0,0,,0
,"/en-ca/blogs/dolls-info-qustions/why-do-men-like-to-have-sex-with-bigass-women",2,2,0,0,0,0,2,,0,0,0,0,1,1,,2,2,2,0,0,0,0,2,,0,0,0,0,1,1,,2,0,0,,,,,0,,,,,,0,0,,0
"Collection","/collections/600-999",2,2,0,0,0,0,2,,0,0,0,0,1,1,,2,2,2,0,0,0,0,2,,0,0,0,0,1,1,,2,0,0,,,,,0,,,,,,0,0,,0
"Product","/products/a720-s-tpe-bbw-big-ass-fat-sex-doll-torso",1,2,0,0,0,0,13,,0,0,0,502,6.5,0.5,,1,1,2,0,0,0,0,13,,0,0,0,502,6.5,0.5,,1,0,0,,,,,0,,,,,0,0,0,,0
"Product","/products/574-8-22lblight-weight-sexy-sex-doll-torso-big-ass",1,2,0,0,0,0,7,,0,0,0,47.5,3.5,0,,0,1,2,0,0,0,0,7,,0,0,0,47.5,3.5,0,,0,0,0,,,,,0,,,,,0,0,,,
"Blog Article","/blogs/sex-doll-torso-blog/fake-pussy-why-men-choose",2,2,0,0,0,0,2,,0,0,0,0,1,1,,2,2,2,0,0,0,0,2,,0,0,0,0,1,1,,2,0,0,,,,,0,,,,,,0,0,,0
"Product","/products/592-67lb-75cm-bbw-sex-doll-torso-big-tits-big-ass-sex-doll-torso",2,2,0,0,0,0,3,,0,0,0,18.5,1.5,0.5,,1,2,2,0,0,0,0,3,,0,0,0,18.5,1.5,0.5,,1,0,0,,,,,0,,,,,0,0,0,,0
"Product","/products/f5692-h-cup-silicone-super-fat-big-belly-bbw-sex-doll",2,2,0,0,0,0,2,,0,0,0,0,1,1,,2,2,2,0,0,0,0,2,,0,0,0,0,1,1,,2,0,0,,,,,0,,,,,,0,0,,0
"Product","/products/f4558-170cm5-7ft-40kg-d-cup-medium-butt-silicone-real-fit-sex-doll%E4%B8%A8sy-doll-1",2,2,0,0,0,0,8,,0,0,0,447,4,0,,0,2,2,0,0,0,0,8,,0,0,0,447,4,0,,0,0,0,,,,,0,,,,,0,0,,,
,"/en-fi/collections/anime-pocket-pussy",1,2,0,0,0,0,6,,0,0,0,68,3,0,,0,1,2,0,0,0,0,6,,0,0,0,68,3,0,,0,0,0,,,,,0,,,,,0,0,,,
"Collection","/collections/climax",2,2,0,0,0,0,3,,0,0,0,16.5,1.5,0.5,,1,2,2,0,0,0,0,3,,0,0,0,16.5,1.5,0.5,,1,0,0,,,,,0,,,,,0,0,0,,0
"Blog Article","/blogs/dolls-info-qustions/2025-five-stylish-and-charming-chinese-sex-doll",2,2,0,0,0,0,7,,0,0,0,78.5,3.5,0.5,,1,2,2,0,0,0,0,7,,0,0,0,78.5,3.5,0.5,,1,0,0,,,,,0,,,,,0,0,0,,0
,"/ja/collections/bbw-milf-sex-doll",2,2,0,0,0,0,3,,0,0,0,20.5,1.5,0.5,,1,2,2,0,0,0,0,3,,0,0,0,20.5,1.5,0.5,,1,0,0,,,,,0,,,,,0,0,0,,0
"Blog Article","/blogs/dolls-info-qustions/budget-under-200-check-out-these-7-cheap-mini-sex-dolls",2,2,0,0,0,0,2,,0,0,0,0,1,1,,2,2,2,0,0,0,0,2,,0,0,0,0,1,1,,2,0,0,,,,,0,,,,,,0,0,,0
"Product","/products/f1220-160cm-i-cup-celine-sex-doll-irontech-doll",2,2,0,0,0,0,11,,0,0,0,973,5.5,0,,0,2,2,0,0,0,0,11,,0,0,0,973,5.5,0,,0,0,0,,,,,0,,,,,0,0,,,
"Product","/products/f159-156cm-tpe-sex-doll",2,2,0,0,0,0,50,,0,0,0,1961.5,25,0,,0,2,2,0,0,0,0,50,,0,0,0,1961.5,25,0,,0,0,0,,,,,0,,,,,0,0,,,
"Blog Article","/blogs/dolls-info-qustions/oral-sex-cleaning-maintaining-the-cleanliness-of-your-sex-doll-s-oral-cavity",2,2,0,0,0,0,2,,0,0,0,0,1,1,,2,2,2,0,0,0,0,2,,0,0,0,0,1,1,,2,0,0,,,,,0,,,,,,0,0,,0
"Product","/products/t644-59-52lb-cecilia-ros-life-size-red-head-silicone-sex-doll-torso-with-head-in-stock-usa-max",1,2,0,0,0,0,2,,0,0,0,0,1,1,,2,1,2,0,0,0,0,2,,0,0,0,0,1,1,,2,0,0,,,,,0,,,,,,0,0,,0
"Product","/products/f168-156cm-tpe-sex-doll",2,2,0,0,0,0,2,,0,0,0,0,1,1,,2,2,2,0,0,0,0,2,,0,0,0,0,1,1,,2,0,0,,,,,0,,,,,,0,0,,0
"Blog Article","/blogs/dolls-info-qustions/best-sex-doll-materials-compared-tpe-s-tpe-sle-and-silicone",2,2,0,0,0,0,2,,0,0,0,0,1,1,,2,2,2,0,0,0,0,2,,0,0,0,0,1,1,,2,0,0,,,,,0,,,,,,0,0,,0
"Product","/products/p100-0-88lb-18in-double-realistic-dildo-with-snakehead-silicone-hentai-male-sex-doll-tayuta",2,2,0,0,0,0,70,,0,0,0,4826.5,35,0,,0,2,2,0,0,0,0,70,,0,0,0,4826.5,35,0,,0,0,0,,,,,0,,,,,0,0,,,
"Collection","/collections/se-doll",2,2,0,0,0,0,5,,0,0,0,568.5,2.5,0,,0,2,2,0,0,0,0,5,,0,0,0,568.5,2.5,0,,0,0,0,,,,,0,,,,,0,0,,,
,"/en-fi/pages/sex-doll-gif",2,2,0,0,0,0,11,,0,0,0,510.5,5.5,0,,0,2,2,0,0,0,0,11,,0,0,0,510.5,5.5,0,,0,0,0,,,,,0,,,,,0,0,,,
"Blog Article","/blogs/dolls-info-qustions/quick-orgasm-top-7-tips-for-anal-sex-with-sex-dolls",2,2,0,0,0,0,5,,0,0,0,343,2.5,0.5,,1,2,2,0,0,0,0,5,,0,0,0,343,2.5,0.5,,1,0,0,,,,,0,,,,,0,0,0,,0
"Product","/products/h422-ros-free-hair-impants-real-oral-movable-jaw-silicone-sex-doll-head-sy-doll",2,2,1,0,0,0,4,,0.5,0,0,384.5,2,0.5,,1,2,2,1,0,0,0,4,,0.5,0,0,384.5,2,0.5,,1,0,0,0,,,,0,,0,,,0,0,0,,0
"Blog Article","/blogs/dolls-info-qustions/women-and-sex-toys-what-you-dont-know",2,2,0,0,0,0,10,,0,0,0,952.5,5,0.5,,1,2,2,0,0,0,0,10,,0,0,0,952.5,5,0.5,,1,0,0,,,,,0,,,,,0,0,0,,0
"Blog Article","/blogs/dolls-info-qustions/improved-missionary-position-with-fit-sex-doll-enhanced-sex-swing-experience",2,2,0,0,0,0,2,,0,0,0,0,1,1,,2,2,2,0,0,0,0,2,,0,0,0,0,1,1,,2,0,0,,,,,0,,,,,,0,0,,0
,"/ja/blogs/dolls-info-qustions/how-to-deal-with-stuck-joints-in-sex-dolls-professional-repair-and-maintenance-guide",2,2,0,0,0,0,2,,0,0,0,0,1,1,,2,2,2,0,0,0,0,2,,0,0,0,0,1,1,,2,0,0,,,,,0,,,,,,0,0,,0
,"/en-ca/collections/doggy-dildo-doll-guide-dog-knot-dildos-1",2,2,0,0,0,0,3,,0,0,0,13.5,1.5,0.5,,1,2,2,0,0,0,0,3,,0,0,0,13.5,1.5,0.5,,1,0,0,,,,,0,,,,,0,0,0,,0
"Product","/products/t966-76cm-2-5ft-36kg-g-cup-silicone-head-cheap-huge-breast-bbw-sex-doll-torso-with-head-rosretty-doll",1,2,0,0,0,0,2,,0,0,0,0,1,1,,2,1,2,0,0,0,0,2,,0,0,0,0,1,1,,2,0,0,,,,,0,,,,,,0,0,,0
"Blog Article","/blogs/dolls-info-qustions/is-a-fully-loose-skeleton-full-body-doll-worth-it",2,2,0,0,0,0,3,,0,0,0,7,1.5,0.5,,1,2,2,0,0,0,0,3,,0,0,0,7,1.5,0.5,,1,0,0,,,,,0,,,,,0,0,0,,0
,"/en-ca/products/f6163-22kg-d-cup-animal-hentai-realistic-silicone-sex-doll-castle-doll",2,2,0,0,0,0,12,,0,0,0,217,6,0.5,,1,2,2,0,0,0,0,12,,0,0,0,217,6,0.5,,1,0,0,,,,,0,,,,,0,0,0,,0
"Product","/products/f148-153cm-tpe-sex-doll",2,2,0,0,0,0,4,,0,0,0,306.5,2,0.5,,1,2,2,0,0,0,0,4,,0,0,0,306.5,2,0.5,,1,0,0,,,,,0,,,,,0,0,0,,0
"Product","/products/f6123-150cm-4ft9-29kg-a-cup-flat-chested-silicone-sex-doll-sy-doll",2,2,1,0,0,0,96,,0.5,0,0,1992,48,0,,0,2,2,1,0,0,0,96,,0.5,0,0,1992,48,0,,0,0,0,0,,,,0,,0,,,0,0,,,
"Product","/products/f4044-155cm5ft1-o-cup-super-huge-pendulous-breast-tpe-sex-doll-castle-doll",1,2,0,0,0,0,3,,0,0,0,62.5,1.5,0.5,,1,1,2,0,0,0,0,3,,0,0,0,62.5,1.5,0.5,,1,0,0,,,,,0,,,,,0,0,0,,0
"Blog Article","/blogs/dolls-info-qustions/types-of-femboy-sex-dolls",2,2,0,0,0,0,2,,0,0,0,0,1,1,,2,2,2,0,0,0,0,2,,0,0,0,0,1,1,,2,0,0,,,,,0,,,,,,0,0,,0
"Product","/products/evasdoll-tall-silicone-doll-182cm-f737",2,2,0,0,0,0,8,,0,0,0,746.5,4,0.5,,1,2,2,0,0,0,0,8,,0,0,0,746.5,4,0.5,,1,0,0,,,,,0,,,,,0,0,0,,0
,"/en-fi/blogs/dolls-info-qustions/exploring-the-best-breasts-for-titty-fucking",2,2,0,0,0,0,2,,0,0,0,0,1,1,,2,2,2,0,0,0,0,2,,0,0,0,0,1,1,,2,0,0,,,,,0,,,,,,0,0,,0
"Collection","/collections/bbw-sex-doll-list",2,2,0,0,0,0,9,,0,0,0,121,4.5,0,,0,2,2,0,0,0,0,9,,0,0,0,121,4.5,0,,0,0,0,,,,,0,,,,,0,0,,,
,"/de/collections/sucking-vagina-ai-sex-doll",2,2,0,0,0,0,8,,0,0,0,47.5,4,0,,0,2,2,0,0,0,0,8,,0,0,0,47.5,4,0,,0,0,0,,,,,0,,,,,0,0,,,
"Blog Article","/blogs/sex-doll-torso-blog/what-is-the-most-suitable-weight-for-butt-torso-sex-dolls",2,2,0,0,0,0,2,,0,0,0,0,1,1,,2,2,2,0,0,0,0,2,,0,0,0,0,1,1,,2,0,0,,,,,0,,,,,,0,0,,0
"Collection","/collections/irontech-oriental",2,2,0,0,0,0,3,,0,0,0,105,1.5,0.5,,1,2,2,0,0,0,0,3,,0,0,0,105,1.5,0.5,,1,0,0,,,,,0,,,,,0,0,0,,0
,"/en-ca/collections/aibei-doll",2,2,0,0,0,0,5,,0,0,0,29,2.5,0,,0,2,2,0,0,0,0,5,,0,0,0,29,2.5,0,,0,0,0,,,,,0,,,,,0,0,,,
"Product","/products/t69-43lb-belle-lifelike-silicone-sex-doll-torso-sigafun-doll",2,2,0,0,0,0,2,,0,0,0,0,1,1,,2,2,2,0,0,0,0,2,,0,0,0,0,1,1,,2,0,0,,,,,0,,,,,,0,0,,0
"Product","/products/f6107-172cm-5-6ft-45kg-d-cup-asian-ros-silicone-realistic-sex-doll-evasdoll",2,2,0,0,0,0,2,,0,0,0,0,1,1,,2,2,2,0,0,0,0,2,,0,0,0,0,1,1,,2,0,0,,,,,0,,,,,,0,0,,0
"Product","/products/h650-ros-free-hair-impants-real-oral-movable-jaw-silicone-sex-doll-head-meizaoren",2,2,0,0,0,0,13,,0,0,0,124,6.5,0.5,,1,2,2,0,0,0,0,13,,0,0,0,124,6.5,0.5,,1,0,0,,,,,0,,,,,0,0,0,,0
"Blog Article","/blogs/dolls-info-qustions/complete-guide-to-shemale-sex-dolls-meeting-all-your-needs",2,2,0,0,0,0,3,,0,0,0,173,1.5,0.5,,1,2,2,0,0,0,0,3,,0,0,0,173,1.5,0.5,,1,0,0,,,,,0,,,,,0,0,0,,0
"Product","/products/f155b-154cm-plus-lovely-pink-fox-soft-boobs-anime-f-cup-tpe-sex-doll",1,2,0,0,0,0,3,,0,0,0,201.5,1.5,0.5,,1,1,2,0,0,0,0,3,,0,0,0,201.5,1.5,0.5,,1,0,0,,,,,0,,,,,0,0,0,,0
"Blog Article","/blogs/dolls-info-qustions/13-sex-doll-storage-practical-tips-youll-definitely-use",2,2,0,0,0,0,4,,0,0,0,22,2,0.5,,1,2,2,0,0,0,0,4,,0,0,0,22,2,0.5,,1,0,0,,,,,0,,,,,0,0,0,,0
"Blog Article","/blogs/real-sex-doll-reviews-pros-cons-real-usage-tests/evas-doll-180cm-f6229-full-review",2,2,0,0,0,0,2,,0,0,0,0,1,1,,2,2,2,0,0,0,0,2,,0,0,0,0,1,1,,2,0,0,,,,,0,,,,,,0,0,,0
"Product","/products/b75-silicone-black-huge-tits-sex-torso-in-stock-usa-mrl",2,2,0,0,0,0,6,,0,0,0,670,3,0.5,,1,2,2,0,0,0,0,6,,0,0,0,670,3,0.5,,1,0,0,,,,,0,,,,,0,0,0,,0
,"/de/cart",2,2,0,0,0,0,2,,0,0,0,0,1,1,,2,2,2,0,0,0,0,2,,0,0,0,0,1,1,,2,0,0,,,,,0,,,,,,0,0,,0
"Product","/products/a325k-4-6-lbs-silicone-premium-9-5-male-torso-dildo-with-5-solid-phallus-in-stock-eu-yeloly",1,2,0,0,0,0,4,,0,0,0,88.5,2,0.5,,1,1,2,0,0,0,0,4,,0,0,0,88.5,2,0.5,,1,0,0,,,,,0,,,,,0,0,0,,0
"Product","/products/f9135-175cm-40kg-drake-strong-femboy-silicone-most-realistic-male-porn-celebrity-sex-doll-irontech-doll",2,2,0,0,0,0,6,,0,0,0,71.5,3,0.5,,1,2,2,0,0,0,0,6,,0,0,0,71.5,3,0.5,,1,0,0,,,,,0,,,,,0,0,0,,0
"Collection","/collections/under-299",2,2,0,0,0,0,4,,0,0,0,75.5,2,0.5,,1,2,2,0,0,0,0,4,,0,0,0,75.5,2,0.5,,1,0,0,,,,,0,,,,,0,0,0,,0
,"/en-fi/collections/shemale-sex-doll-torso-1",2,2,0,0,0,0,15,,0,0,0,692.5,7.5,0,,0,2,2,0,0,0,0,15,,0,0,0,692.5,7.5,0,,0,0,0,,,,,0,,,,,0,0,,,
"Product","/products/f5526-150cm4-9ft-28kg-d-cup-black-sex-doll%E4%B8%A8rosretty-doll",2,2,0,0,0,0,15,,0,0,0,122,7.5,0.5,,1,2,2,0,0,0,0,15,,0,0,0,122,7.5,0.5,,1,0,0,,,,,0,,,,,0,0,0,,0
,"/en-ca/collections/big-ass-sex-doll-life-size",2,2,0,0,0,0,3,,0,0,0,4.5,1.5,0.5,,1,2,2,0,0,0,0,3,,0,0,0,4.5,1.5,0.5,,1,0,0,,,,,0,,,,,0,0,0,,0
"Collection","/collections/yl-doll",2,2,0,0,0,0,3,,0,0,0,20,1.5,0.5,,1,2,2,0,0,0,0,3,,0,0,0,20,1.5,0.5,,1,0,0,,,,,0,,,,,0,0,0,,0
"Product","/products/f4891-171cm-robotic-sex-doll-realistic-silicone-head-robot-pussy",2,2,0,0,0,0,30,,0,0,0,532,15,0,,0,2,2,0,0,0,0,30,,0,0,0,532,15,0,,0,0,0,,,,,0,,,,,0,0,,,
"Product","/products/f4093-153cm-45kg-q-cup-full-silicone-ssbbw-hentai-biggest-ssbbw-sex-doll-castle-doll",1,2,0,0,0,0,9,,0,0,0,273,4.5,0.5,,1,1,2,0,0,0,0,9,,0,0,0,273,4.5,0.5,,1,0,0,,,,,0,,,,,0,0,0,,0
"Checkout","/60719464687/orders/e8355f28f7e62285feb88223e74618a0",1,2,0,0,0,0,2,,0,0,0,0,1,1,,2,1,2,0,0,0,0,2,,0,0,0,0,1,1,,2,0,0,,,,,0,,,,,,0,0,,0
"Blog Article","/blogs/dolls-info-qustions/best-vibrating-sex-torso-types-who-it-suits",2,2,0,0,0,0,9,,0,0,0,192.5,4.5,0.5,,1,2,2,0,0,0,0,9,,0,0,0,192.5,4.5,0.5,,1,0,0,,,,,0,,,,,0,0,0,,0
,"/en-ca/collections/male-sex-doll",2,2,0,0,0,0,11,,0,0,0,89.5,5.5,0,,0,2,2,0,0,0,0,11,,0,0,0,89.5,5.5,0,,0,0,0,,,,,0,,,,,0,0,,,
"Product","/products/f2473-159cm-37kg-a-cup-clara-tpe-sex-doll-fun-west-doll",2,2,0,0,0,0,2,,0,0,0,0,1,1,,2,2,2,0,0,0,0,2,,0,0,0,0,1,1,,2,0,0,,,,,0,,,,,,0,0,,0
"Blog Article","/blogs/dolls-info-qustions/vajankle-unveiled-the-ultimate-foot-fetish-toy-that-blends-pleasure-and-fantasy",2,2,0,0,0,0,2,,0,0,0,0,1,1,,2,2,2,0,0,0,0,2,,0,0,0,0,1,1,,2,0,0,,,,,0,,,,,,0,0,,0
"Custom Page","/pages/funwest-video",2,2,0,0,0,0,2,,0,0,0,0,1,1,,2,2,2,0,0,0,0,2,,0,0,0,0,1,1,,2,0,0,,,,,0,,,,,,0,0,,0
"Product","/products/p76-44lb-15-7-huge-cock-trans-torso-hentai-shemale-futa-sex-doll-torso-mrl",2,2,0,0,0,0,6,,0,0,0,87.5,3,0,,0,2,2,0,0,0,0,6,,0,0,0,87.5,3,0,,0,0,0,,,,,0,,,,,0,0,,,
,"/en-ca/blogs/real-sex-doll-reviews-pros-cons-real-usage-tests/2026-meru-hentai-sex-doll-review-comprehensive-comparison-of-4-hot-models",2,2,0,0,0,0,3,,0,0,0,8,1.5,0.5,,1,2,2,0,0,0,0,3,,0,0,0,8,1.5,0.5,,1,0,0,,,,,0,,,,,0,0,0,,0
"Product","/products/f9403-mini-anime-silicone-alien-sex-doll-g-cup-38kg",2,2,0,0,0,0,5,,0,0,0,27,2.5,0.5,,1,2,2,0,0,0,0,5,,0,0,0,27,2.5,0.5,,1,0,0,,,,,0,,,,,0,0,0,,0
,"/en-ca/collections/life-size-ass",2,2,0,0,0,0,12,,0,0,0,164.5,6,0.5,,1,2,2,0,0,0,0,12,,0,0,0,164.5,6,0.5,,1,0,0,,,,,0,,,,,0,0,0,,0
"Blog Article","/blogs/dolls-info-qustions/how-to-choose-the-most-suitable-size-of-mini-sex-doll-torso",2,2,0,0,0,0,6,,0,0,0,162.5,3,0.5,,1,2,2,0,0,0,0,6,,0,0,0,162.5,3,0.5,,1,0,0,,,,,0,,,,,0,0,0,,0
,"/en-ca/collections/big-booty-sex-dolls",2,2,0,0,0,0,4,,0,0,0,219.5,2,0.5,,1,2,2,0,0,0,0,4,,0,0,0,219.5,2,0.5,,1,0,0,,,,,0,,,,,0,0,0,,0
,"/de/blogs/dolls-info-qustions/who-will-keep-you-company-on-lonely-nights-4-realistic-silicone-sex-doll-torsos-you-ll-love",2,2,0,0,0,0,2,,0,0,0,0,1,1,,2,2,2,0,0,0,0,2,,0,0,0,0,1,1,,2,0,0,,,,,0,,,,,,0,0,,0
"Product","/products/t647-13-2lbs-muscle-trans-tpe-big-butt-futa-male-sex-doll-mrl",2,2,0,0,0,0,4,,0,0,0,43,2,0,,0,2,2,0,0,0,0,4,,0,0,0,43,2,0,,0,0,0,,,,,0,,,,,0,0,,,
,"/ja/blogs/recent-brand-updates-new-arrivals-for-sex-dolls/mrl-fantasy-sex-toys-realistic-anime-furry-and-monster-girl-torso-collection",2,2,0,0,0,0,2,,0,0,0,0,1,1,,2,2,2,0,0,0,0,2,,0,0,0,0,1,1,,2,0,0,,,,,0,,,,,,0,0,,0
,"/de/collections/mini-bbw-sex-doll",2,2,0,0,0,0,3,,0,0,0,12.5,1.5,0.5,,1,2,2,0,0,0,0,3,,0,0,0,12.5,1.5,0.5,,1,0,0,,,,,0,,,,,0,0,0,,0
"Collection","/collections/funwest-doll-factory-photos",1,2,0,0,0,0,10,,0,0,0,222.5,5,0,,0,1,2,0,0,0,0,10,,0,0,0,222.5,5,0,,0,0,0,,,,,0,,,,,0,0,,,
"Product","/products/f3567-162cm5-3ft-34kg-f-cup-fantasy-tpe-sex-doll%E4%B8%A8wm-doll",1,2,0,0,0,0,6,,0,0,0,362.5,3,0.5,,1,1,2,0,0,0,0,6,,0,0,0,362.5,3,0.5,,1,0,0,,,,,0,,,,,0,0,0,,0
"Checkout","/60719464687/orders/229e7b43b9e74d8f8ecdf1a716c312b5",2,2,0,0,0,0,2,,0,0,0,0,1,1,,2,2,2,0,0,0,0,2,,0,0,0,0,1,1,,2,0,0,,,,,0,,,,,,0,0,,0
,"/de/blogs/real-sex-doll-reviews-pros-cons-real-usage-tests/shedoll-sex-doll-real-review-hands-on-experience",2,2,0,0,0,0,4,,0,0,0,241,2,0.5,,1,2,2,0,0,0,0,4,,0,0,0,241,2,0.5,,1,0,0,,,,,0,,,,,0,0,0,,0
"Collection","/collections/best-sellers-in-ass",2,2,0,0,0,0,82,,0,0,0,1030,41,0.5,,1,2,2,0,0,0,0,82,,0,0,0,1030,41,0.5,,1,0,0,,,,,0,,,,,0,0,0,,0
"Product","/products/f9186-170cm5ft7-43kg-g-cup-silicone-ros-gel-breast-huge-tits-sex-doll-full-size%E4%B8%A8doll-senior",2,2,0,0,0,0,5,,0,0,0,3.5,2.5,0.5,,1,2,2,0,0,0,0,5,,0,0,0,3.5,2.5,0.5,,1,0,0,,,,,0,,,,,0,0,0,,0
"Product","/products/f9189-178cm-5ft10-67-5kg-i-cup-ros-silicone-life-size-male-trans-sex-doll-doll-castle",2,2,0,0,0,0,2,,0,0,0,0,1,1,,2,2,2,0,0,0,0,2,,0,0,0,0,1,1,,2,0,0,,,,,0,,,,,,0,0,,0
"Checkout","/60719464687/orders/91ff283c54bdf80f1c9f1dbb181b3459",1,2,0,0,0,0,2,,0,0,0,0,1,1,,2,1,2,0,0,0,0,2,,0,0,0,0,1,1,,2,0,0,,,,,0,,,,,,0,0,,0
"Blog Article","/blogs/dolls-info-qustions/5-minutes-to-understand-what-a-pocket-pussy-is",2,2,0,0,0,0,2,,0,0,0,0,1,1,,2,2,2,0,0,0,0,2,,0,0,0,0,1,1,,2,0,0,,,,,0,,,,,,0,0,,0
"Product","/products/f1643a-162cm-5ft3-f-cup-fat-best-realistic-big-booty-tpe-robotic-powered-sex-dolls-in-stock-usa-2025-sy-doll",2,2,0,0,0,0,58,,0,0,0,3945,29,0,,0,2,2,0,0,0,0,58,,0,0,0,3945,29,0,,0,0,0,,,,,0,,,,,0,0,,,
"Collection","/collections/gay-sex-doll",2,2,0,0,0,0,4,,0,0,0,16,2,0.5,,1,2,2,0,0,0,0,4,,0,0,0,16,2,0.5,,1,0,0,,,,,0,,,,,0,0,0,,0
"Blog Article","/blogs/dolls-info-qustions/how-to-eat-ass-a-deep-dive-into-rimming-techniques-and-sex-doll-play",2,2,0,0,0,0,8,,0,0,0,205.5,4,0.5,,1,2,2,0,0,0,0,8,,0,0,0,205.5,4,0.5,,1,0,0,,,,,0,,,,,0,0,0,,0
,"/ja/collections/full-size-type-torso",2,2,0,0,0,0,2,,0,0,0,0,1,1,,2,2,2,0,0,0,0,2,,0,0,0,0,1,1,,2,0,0,,,,,0,,,,,,0,0,,0
"Product","/products/a555-moving-sex-doll-nude-robot-vibrating-torso",2,2,0,0,0,0,16,,0,0,0,487.5,8,0.5,,1,2,2,0,0,0,0,16,,0,0,0,487.5,8,0.5,,1,0,0,,,,,0,,,,,0,0,0,,0
,"/ja/collections/fake-pussy-hentai-sex-doll",2,2,0,0,0,0,2,,0,0,0,0,1,1,,2,2,2,0,0,0,0,2,,0,0,0,0,1,1,,2,0,0,,,,,0,,,,,,0,0,,0
"Checkout","/orders/7203801006319",1,2,0,0,0,0,14,,0,0,0,196.5,7,0,,0,1,2,0,0,0,0,14,,0,0,0,196.5,7,0,,0,0,0,,,,,0,,,,,0,0,,,
,"/de/collections/young-male-sex-doll",2,2,0,0,0,0,5,,0,0,0,113,2.5,0,,0,2,2,0,0,0,0,5,,0,0,0,113,2.5,0,,0,0,0,,,,,0,,,,,0,0,,,
,"/de/blogs/featured-blog/how-to-diy-an-sex-doll-you",2,2,0,0,0,0,2,,0,0,0,0,1,1,,2,2,2,0,0,0,0,2,,0,0,0,0,1,1,,2,0,0,,,,,0,,,,,,0,0,,0
"Product","/products/f4667-157cm5ft1-31kg-yuuka-a-h-cup-silicone-sexy-medium-butt-chinese-sex-doll-se-doll",1,2,0,0,0,0,2,,0,0,0,0,1,1,,2,1,2,0,0,0,0,2,,0,0,0,0,1,1,,2,0,0,,,,,0,,,,,,0,0,,0
"Blog Article","/blogs/dolls-info-qustions/2025-best-furry-sex-doll-picks-your-fantasy-comes-to-life",2,2,0,0,0,0,3,,0,0,0,81,1.5,0.5,,1,2,2,0,0,0,0,3,,0,0,0,81,1.5,0.5,,1,0,0,,,,,0,,,,,0,0,0,,0
"Collection","/collections/md-doll",2,2,0,0,0,0,3,,0,0,0,23.5,1.5,0.5,,1,2,2,0,0,0,0,3,,0,0,0,23.5,1.5,0.5,,1,0,0,,,,,0,,,,,0,0,0,,0
"Blog Article","/blogs/dolls-info-qustions/top-sex-doll-torsos-under-200",2,2,0,0,0,0,4,,0,0,0,20,2,0.5,,1,2,2,0,0,0,0,4,,0,0,0,20,2,0.5,,1,0,0,,,,,0,,,,,0,0,0,,0
"Product","/products/t911-94cm3ft1-25kg-d-cup-tpe-sex-doll-torso-with-head-zelex-doll",2,2,0,0,0,0,6,,0,0,0,447.5,3,0,,0,2,2,0,0,0,0,6,,0,0,0,447.5,3,0,,0,0,0,,,,,0,,,,,0,0,,,
,"/en-ca/collections/life-size-anime-sex-doll",2,2,0,0,0,0,3,,0,0,0,49,1.5,0.5,,1,2,2,0,0,0,0,3,,0,0,0,49,1.5,0.5,,1,0,0,,,,,0,,,,,0,0,0,,0
"Blog Article","/blogs/dolls-info-qustions/zelex-new-fusion-series-integrated-head-and-body-for-more-realistic-intimacy",2,2,0,0,0,0,2,,0,0,0,0,1,1,,2,2,2,0,0,0,0,2,,0,0,0,0,1,1,,2,0,0,,,,,0,,,,,,0,0,,0
"Product","/products/f5503-150cm-5ft-27-5kg-silicone-anime-hentai-sex-doll-elsa-babe",1,2,0,0,0,0,3,,0,0,0,106,1.5,0.5,,1,1,2,0,0,0,0,3,,0,0,0,106,1.5,0.5,,1,0,0,,,,,0,,,,,0,0,0,,0
"Product","/products/t462-73-68lb-hazel-ros-life-size-silicone-sex-doll-torso-with-head-in-stock-usa-europe-canada-max",2,2,0,0,0,0,20,,0,0,0,922.5,10,0,,0,2,2,0,0,0,0,20,,0,0,0,922.5,10,0,,0,0,0,,,,,0,,,,,0,0,,,
,"/en-ca/collections/zelex-doll",2,2,0,0,0,0,4,,0,0,0,12,2,0.5,,1,2,2,0,0,0,0,4,,0,0,0,12,2,0.5,,1,0,0,,,,,0,,,,,0,0,0,,0
"Blog Article","/blogs/dolls-info-qustions/whats-the-deal-with-moaning-sex-robots-anyway",2,2,0,0,0,0,2,,0,0,0,0,1,1,,2,2,2,0,0,0,0,2,,0,0,0,0,1,1,,2,0,0,,,,,0,,,,,,0,0,,0
,"/en-ca/blogs/dolls-info-qustions/se-doll-sex-bot-series-feature-comparison-waist-rotation-vs-hip-thrusting-vs-head-nodding",2,2,0,0,0,0,2,,0,0,0,0,1,1,,2,2,2,0,0,0,0,2,,0,0,0,0,1,1,,2,0,0,,,,,0,,,,,,0,0,,0
"Blog Article","/blogs/dolls-info-qustions/3-minute-hack-master-your-robot-sex-doll-s-clamping-function",2,2,0,0,0,0,6,,0,0,0,36,3,0.5,,1,2,2,0,0,0,0,6,,0,0,0,36,3,0.5,,1,0,0,,,,,0,,,,,0,0,0,,0
"Product","/products/f7577-172cm-5ft6-f-cup-honey-silicone-sex-doll-realistic-starpery-doll",1,2,0,0,0,0,8,,0,0,0,547,4,0.5,,1,1,2,0,0,0,0,8,,0,0,0,547,4,0.5,,1,0,0,,,,,0,,,,,0,0,0,,0
,"/en-fi/blogs/dolls-info-qustions/are-you-also-leaning-toward-big-butt-sex-dolls",2,2,0,0,0,0,2,,0,0,0,0,1,1,,2,2,2,0,0,0,0,2,,0,0,0,0,1,1,,2,0,0,,,,,0,,,,,,0,0,,0
,"/en-fi/collections/sex-doll-videos",2,2,0,0,0,0,2,,0,0,0,0,1,1,,2,2,2,0,0,0,0,2,,0,0,0,0,1,1,,2,0,0,,,,,0,,,,,,0,0,,0
"Checkout","/orders/7204230529263",1,2,0,0,0,0,17,,0,0,0,799.5,8.5,0,,0,1,2,0,0,0,0,17,,0,0,0,799.5,8.5,0,,0,0,0,,,,,0,,,,,0,0,,,
"Collection","/collections/tantaly-videos",2,2,0,0,0,0,2,,0,0,0,0,1,1,,2,2,2,0,0,0,0,2,,0,0,0,0,1,1,,2,0,0,,,,,0,,,,,,0,0,,0
"Product","/products/f9283-178cm-p-cup-ssbbw-sex-doll-pawg",2,2,0,0,0,0,3,,0,0,0,38,1.5,0.5,,1,2,2,0,0,0,0,3,,0,0,0,38,1.5,0.5,,1,0,0,,,,,0,,,,,0,0,0,,0
"Product","/products/yeloly-bbw-torso-with-head-94cm-t777k",1,2,0,0,0,0,3,,0,0,0,2,1.5,0.5,,1,1,2,0,0,0,0,3,,0,0,0,2,1.5,0.5,,1,0,0,,,,,0,,,,,0,0,0,,0
,"/ja/blogs/dolls-info-qustions/december-spotlight-sex-doll-torso-with-head",2,2,0,0,0,0,4,,0,0,0,44,2,0.5,,1,2,2,0,0,0,0,4,,0,0,0,44,2,0.5,,1,0,0,,,,,0,,,,,0,0,0,,0
,"/ja/blogs/dolls-info-qustions/the-best-asian-sex-doll-bezlya-sex-doll-2-2u-series-function-analysis",2,2,0,0,0,0,2,,0,0,0,0,1,1,,2,2,2,0,0,0,0,2,,0,0,0,0,1,1,,2,0,0,,,,,0,,,,,,0,0,,0
"Collection","/collections/black-sex-doll-premium",1,2,0,0,0,0,2,,0,0,0,0,1,1,,2,1,2,0,0,0,0,2,,0,0,0,0,1,1,,2,0,0,,,,,0,,,,,,0,0,,0
"Product","/products/f2460-164cm5-4ft-39kg-g-cup-life-size-silicone-head-sex-doll-in-stock-us-sigafun-doll",2,2,0,0,0,0,2,,0,0,0,0,1,1,,2,2,2,0,0,0,0,2,,0,0,0,0,1,1,,2,0,0,,,,,0,,,,,,0,0,,0
"Product","/products/f5682-157cm-5ft1-51kg-e-cup-celebrity-bbw-sex-doll-6ye",2,2,1,0,0,0,12,,0.5,0,0,639.5,6,0.5,,1,2,2,1,0,0,0,12,,0.5,0,0,639.5,6,0.5,,1,0,0,0,,,,0,,0,,,0,0,0,,0
"Blog Article","/blogs/dolls-info-qustions/wanna-make-your-sex-doll-look-like-an-anime-character-heres-how",2,2,0,0,0,0,2,,0,0,0,0,1,1,,2,2,2,0,0,0,0,2,,0,0,0,0,1,1,,2,0,0,,,,,0,,,,,,0,0,,0
"Product","/products/598-77lb-84cmlife-size-sex-doll-torso-with-head-and-hands",2,2,0,0,0,0,2,,0,0,0,0,1,1,,2,2,2,0,0,0,0,2,,0,0,0,0,1,1,,2,0,0,,,,,0,,,,,,0,0,,0
"Product","/products/f9290-155rcm5-12ft-32-5kg-2-1-a-cup-silicone-head-adult-sex-dolls-for-men-bezlya-doll",2,2,0,0,0,0,4,,0,0,0,707.5,2,0.5,,1,2,2,0,0,0,0,4,,0,0,0,707.5,2,0.5,,1,0,0,,,,,0,,,,,0,0,0,,0
"Product","/products/f6132-150cm-4ft9-27kg-a-cup-flat-chested-tpe-sex-doll-sy-doll",2,2,0,0,0,0,8,,0,0,0,437.5,4,0.5,,1,2,2,0,0,0,0,8,,0,0,0,437.5,4,0.5,,1,0,0,,,,,0,,,,,0,0,0,,0
,"/de/collections/luxurious-torso-sex-doll",2,2,0,0,0,0,5,,0,0,0,38,2.5,0,,0,2,2,0,0,0,0,5,,0,0,0,38,2.5,0,,0,0,0,,,,,0,,,,,0,0,,,
"Blog Article","/blogs/dolls-info-qustions/how-to-deal-with-stuck-joints-in-sex-dolls-professional-repair-and-maintenance-guide",2,2,0,0,0,0,2,,0,0,0,0,1,1,,2,2,2,0,0,0,0,2,,0,0,0,0,1,1,,2,0,0,,,,,0,,,,,,0,0,,0
,"/en-ca/collections/chinese-sex-doll",2,2,0,0,0,0,8,,0,0,0,238.5,4,0,,0,2,2,0,0,0,0,8,,0,0,0,238.5,4,0,,0,0,0,,,,,0,,,,,0,0,,,
"Collection","/collections/6ye-doll",2,2,0,0,0,0,7,,0,0,0,397.5,3.5,0,,0,2,2,0,0,0,0,7,,0,0,0,397.5,3.5,0,,0,0,0,,,,,0,,,,,0,0,,,
,"/de/collections/big-ass-sex-doll",2,2,0,0,0,0,5,,0,0,0,65,2.5,0.5,,1,2,2,0,0,0,0,5,,0,0,0,65,2.5,0.5,,1,0,0,,,,,0,,,,,0,0,0,,0
,"/en-fi/pages/torso-sex-doll-videos",2,2,0,0,0,0,2,,0,0,0,0,1,1,,2,2,2,0,0,0,0,2,,0,0,0,0,1,1,,2,0,0,,,,,0,,,,,,0,0,,0
"Blog Article","/blogs/dolls-info-qustions/unlocking-private-desires-the-secrets-of-torso-sex-doll-10-inch-dildo",2,2,0,0,0,0,5,,0,0,0,220.5,2.5,0.5,,1,2,2,0,0,0,0,5,,0,0,0,220.5,2.5,0.5,,1,0,0,,,,,0,,,,,0,0,0,,0
"Product","/products/t712-103lb-48-42inch-large-size-big-breast-sex-doll-torso-luxury-sexiest-stripper-plump-hot-sex-toy-for-man",2,2,1,1,0,0,25,0,0.5,0.5,0,494,12.5,0,0,0,2,2,1,1,0,0,25,0,0.5,0.5,0,494,12.5,0,0,0,0,0,0,0,,,0,,0,0,,0,0,,,
"Product","/products/p72-8-82lb-6-5-5-5inch-dildo-diphallia-futanari-double-penis-sex-doll-torso-mrl",2,2,0,0,0,0,2,,0,0,0,0,1,1,,2,2,2,0,0,0,0,2,,0,0,0,0,1,1,,2,0,0,,,,,0,,,,,,0,0,,0
"Product","/products/f3535-172cm5-6ft-39kg-b-cup-asian-tpe-sex-doll%E4%B8%A8wm-doll",1,2,0,0,0,0,2,,0,0,0,0,1,1,,2,1,2,0,0,0,0,2,,0,0,0,0,1,1,,2,0,0,,,,,0,,,,,,0,0,,0
"Product","/products/firefly-diary-japanese-silicone-160cm-f734",2,2,0,0,0,0,2,,0,0,0,0,1,1,,2,2,2,0,0,0,0,2,,0,0,0,0,1,1,,2,0,0,,,,,0,,,,,,0,0,,0
,"/de/blogs/dolls-info-qustions/%F0%9F%94%A5-2025-best-fake-ass-sex-toy-recommendations-6-ultra-realistic-big-booty-dolls-for-ultimate-pleasure",2,2,0,0,0,0,2,,0,0,0,0,1,1,,2,2,2,0,0,0,0,2,,0,0,0,0,1,1,,2,0,0,,,,,0,,,,,,0,0,,0
"Checkout","/60719464687/orders/99a9e29172acbfa71e686cc2fa8f48c3",1,2,0,0,0,0,4,,0,0,0,26,2,0,,0,1,2,0,0,0,0,4,,0,0,0,26,2,0,,0,0,0,,,,,0,,,,,0,0,,,
"Product","/products/f3749-166cm5ft5-bonnie-c-cup-tpe-european-teen-girls-young-cute-sex-dolls-se-doll",2,2,0,0,0,0,5,,0,0,0,41,2.5,0.5,,1,2,2,0,0,0,0,5,,0,0,0,41,2.5,0.5,,1,0,0,,,,,0,,,,,0,0,0,,0
"Product","/products/notye-2sizes-silicone-butt-a779",2,2,0,0,0,0,3,,0,0,0,37.5,1.5,0.5,,1,2,2,0,0,0,0,3,,0,0,0,37.5,1.5,0.5,,1,0,0,,,,,0,,,,,0,0,0,,0
"Blog Article","/blogs/dolls-info-qustions/mlws-power-move-t1-t2-torso-upgrades-debut-alongside-sora-ros",1,2,0,0,0,0,6,,0,0,0,36.5,3,0.5,,1,1,2,0,0,0,0,6,,0,0,0,36.5,3,0.5,,1,0,0,,,,,0,,,,,0,0,0,,0
"Blog Article","/blogs/dolls-info-qustions/how-sex-dolls-can-help-overcome-porn-addiction",2,2,0,0,0,0,2,,0,0,0,0,1,1,,2,2,2,0,0,0,0,2,,0,0,0,0,1,1,,2,0,0,,,,,0,,,,,,0,0,,0
"Product","/products/a308-13lb-19lb-30lb-three-sizes-silicone-soft-realistic-big-ass-sex-dolls-torso",2,2,0,0,0,0,4,,0,0,0,111,2,0.5,,1,2,2,0,0,0,0,4,,0,0,0,111,2,0.5,,1,0,0,,,,,0,,,,,0,0,0,,0
,"/de/collections/ido-doll",2,2,0,0,0,0,12,,0,0,0,1443.5,6,0,,0,2,2,0,0,0,0,12,,0,0,0,1443.5,6,0,,0,0,0,,,,,0,,,,,0,0,,,
,"/en-ca/collections/qian-you",2,2,0,0,0,0,2,,0,0,0,0,1,1,,2,2,2,0,0,0,0,2,,0,0,0,0,1,1,,2,0,0,,,,,0,,,,,,0,0,,0
"Product","/products/f3443-153cm5ft-34kg-n-cup-real-silicone-mine-sex-doll-aibei-doll",1,2,0,0,0,0,4,,0,0,0,790.5,2,0.5,,1,1,2,0,0,0,0,4,,0,0,0,790.5,2,0.5,,1,0,0,,,,,0,,,,,0,0,0,,0
"Product","/products/f5960-168cm-5ft5-39-5kg-full-silicone-sex-doll-h-cup-busty-curvy-lightweight-beauty-superfat-bbw-sex-doll-starpery-doll",2,2,0,0,0,0,69,,0,0,0,1222,34.5,0.5,,1,2,2,0,0,0,0,69,,0,0,0,1222,34.5,0.5,,1,0,0,,,,,0,,,,,0,0,0,,0
"Custom Page","/pages/japanese-sex-doll-buying-guide-1",2,2,0,0,0,0,2,,0,0,0,0,1,1,,2,2,2,0,0,0,0,2,,0,0,0,0,1,1,,2,0,0,,,,,0,,,,,,0,0,,0
"Blog Article","/blogs/dolls-info-qustions/4-tips-for-oral-sex-with-blow-job-dolls-to-enhance-your-sexual-experience",2,2,0,0,0,0,2,,0,0,0,0,1,1,,2,2,2,0,0,0,0,2,,0,0,0,0,1,1,,2,0,0,,,,,0,,,,,,0,0,,0
,"/de/collections/sex-doll-head",2,2,1,0,0,0,21,,0.5,0,0,827,10.5,0.5,,1,2,2,1,0,0,0,21,,0.5,0,0,827,10.5,0.5,,1,0,0,0,,,,0,,0,,,0,0,0,,0
,"/en-fi/collections/all",2,2,0,0,0,0,9,,0,0,0,194,4.5,0,,0,2,2,0,0,0,0,9,,0,0,0,194,4.5,0,,0,0,0,,,,,0,,,,,0,0,,,
"Blog Article","/blogs/dolls-info-qustions/tpe-torso-silicone-torso-vs-full-body-silicone-sex-doll-a-comprehensive-practical-guide-from-beginner-to-advanced",2,2,0,0,0,0,2,,0,0,0,0,1,1,,2,2,2,0,0,0,0,2,,0,0,0,0,1,1,,2,0,0,,,,,0,,,,,,0,0,,0
,"/de/collections/anime-sex-doll-under-200",2,2,0,0,0,0,4,,0,0,0,104,2,0.5,,1,2,2,0,0,0,0,4,,0,0,0,104,2,0.5,,1,0,0,,,,,0,,,,,0,0,0,,0
"Blog Article","/blogs/featured-blog/exhibition-diary-the-2025-guangzhou-adult-expo-was-absolutely-mind-blowing",2,2,0,0,0,0,3,,0,0,0,211.5,1.5,0.5,,1,2,2,0,0,0,0,3,,0,0,0,211.5,1.5,0.5,,1,0,0,,,,,0,,,,,0,0,0,,0
"Product","/products/f5257k-165cm5ft4-37kg-e-cup-nicole-full-size-sex-doll-in-stock-usa-galaxy",2,2,0,0,0,0,2,,0,0,0,0,1,1,,2,2,2,0,0,0,0,2,,0,0,0,0,1,1,,2,0,0,,,,,0,,,,,,0,0,,0
"Product","/products/603-20lb-sexy-and-real-realistic-3d-ass-sex-doll-torso",2,2,0,0,0,0,2,,0,0,0,0,1,1,,2,2,2,0,0,0,0,2,,0,0,0,0,1,1,,2,0,0,,,,,0,,,,,,0,0,,0
"Blog Article","/blogs/featured-blog/the-best-hyper-realistic-sex-dolls-brands-features-and-buying-guide",1,2,0,0,0,0,2,,0,0,0,0,1,1,,2,1,2,0,0,0,0,2,,0,0,0,0,1,1,,2,0,0,,,,,0,,,,,,0,0,,0
"Product","/products/a433-16-54lb-lucy-silicone-realistic-pussy-sex-doll-bubble-butt-hip-toy-lovenestle",2,2,0,0,0,0,7,,0,0,0,255.5,3.5,0.5,,1,2,2,0,0,0,0,7,,0,0,0,255.5,3.5,0.5,,1,0,0,,,,,0,,,,,0,0,0,,0
,"/en-ca/collections/fat-sex-doll",2,2,0,0,0,0,8,,0,0,0,96,4,0,,0,2,2,0,0,0,0,8,,0,0,0,96,4,0,,0,0,0,,,,,0,,,,,0,0,,,
"Product","/products/f1246-164cm-f-cup-luna-big-boobs-silicone-sex-doll-in-stock-usa-irontech-doll",2,2,0,0,0,0,4,,0,0,0,27,2,0.5,,1,2,2,0,0,0,0,4,,0,0,0,27,2,0.5,,1,0,0,,,,,0,,,,,0,0,0,,0
"Product","/products/f5687-150cm4ft9-29kg-mion-e-cup-s-tpe-big-breasts-animes-hentai-sex-doll-irokebijin-doll",1,2,0,0,0,0,81,,0,0,0,2194,40.5,0.5,,1,1,2,0,0,0,0,81,,0,0,0,2194,40.5,0.5,,1,0,0,,,,,0,,,,,0,0,0,,0
,"/ja/blogs/dolls-info-qustions/ways-to-interact-with-femboy-sex-dolls",2,2,0,0,0,0,2,,0,0,0,0,1,1,,2,2,2,0,0,0,0,2,,0,0,0,0,1,1,,2,0,0,,,,,0,,,,,,0,0,,0
,"/vi/blogs/dolls-info-qustions/how-to-make-fake-pussy",2,2,0,0,0,0,2,,0,0,0,0,1,1,,2,2,2,0,0,0,0,2,,0,0,0,0,1,1,,2,0,0,,,,,0,,,,,,0,0,,0
,"/en-ca/collections/mini-flat-chest-sex-doll",2,2,0,0,0,0,2,,0,0,0,0,1,1,,2,2,2,0,0,0,0,2,,0,0,0,0,1,1,,2,0,0,,,,,0,,,,,,0,0,,0
"Collection","/collections/piper-doll",1,2,0,0,0,0,2,,0,0,0,0,1,1,,2,1,2,0,0,0,0,2,,0,0,0,0,1,1,,2,0,0,,,,,0,,,,,,0,0,,0
"Product","/products/f8162-153cm5ft-34kg-ab21-h-cup-ros-chubby-tpe-sex-doll-aibei-doll",1,2,0,0,0,0,2,,0,0,0,0,1,1,,2,1,2,0,0,0,0,2,,0,0,0,0,1,1,,2,0,0,,,,,0,,,,,,0,0,,0
"Product","/products/f5996-164cm5-4ft-36kg-d-cup-silicone-head-celebrity-sex-doll-%E4%B8%A8rosretty-doll",2,2,0,0,0,0,7,,0,0,0,242.5,3.5,0.5,,1,2,2,0,0,0,0,7,,0,0,0,242.5,3.5,0.5,,1,0,0,,,,,0,,,,,0,0,0,,0
,"/en-ca/products/f9387-172cm-zelex-doll-sle-human-sex-doll",2,2,0,0,0,0,2,,0,0,0,0.5,1,1,,2,2,2,0,0,0,0,2,,0,0,0,0.5,1,1,,2,0,0,,,,,0,,,,,0,0,0,,0
"Product","/products/l42548-5lb-117cm-silicone-leg-and-foot-worship-model-for-femdom-and-trampling-roleplay",2,2,0,0,0,0,3,,0,0,0,4,1.5,0.5,,1,2,2,0,0,0,0,3,,0,0,0,4,1.5,0.5,,1,0,0,,,,,0,,,,,0,0,0,,0
"Product","/products/f1565-elsa-babe-165cm-5ft4-full-silicone-sexy-anime-sex-dolls",1,2,0,0,0,0,2,,0,0,0,0,1,1,,2,1,2,0,0,0,0,2,,0,0,0,0,1,1,,2,0,0,,,,,0,,,,,,0,0,,0
"Product","/products/f9267-161cm5ft3-h-cup-huge-breast-adult-silicone-sex-doll-bbw-starpery-doll",2,2,0,0,0,0,8,,0,0,0,246,4,0,,0,2,2,0,0,0,0,8,,0,0,0,246,4,0,,0,0,0,,,,,0,,,,,0,0,,,
"Product","/products/t938-150cm-4ft9-g-cup-256-powerful-big-ass-tpe-ssbbw-plus-size-sex-dolls-2025-sy-doll",2,2,0,0,0,0,3,,0,0,0,0,1.5,0.5,,1,2,2,0,0,0,0,3,,0,0,0,0,1.5,0.5,,1,0,0,,,,,0,,,,,,0,0,,0
"Product","/products/f9285-178cm-giant-p-cup-big-tit-sex-doll-huge-boobs",2,2,0,0,0,0,5,,0,0,0,95,2.5,0.5,,1,2,2,0,0,0,0,5,,0,0,0,95,2.5,0.5,,1,0,0,,,,,0,,,,,0,0,0,,0
"Blog Article","/blogs/dolls-info-qustions/repair-the-sex-dolls-torso",2,2,0,0,0,0,3,,0,0,0,4,1.5,0.5,,1,2,2,0,0,0,0,3,,0,0,0,4,1.5,0.5,,1,0,0,,,,,0,,,,,0,0,0,,0
,"/en-ca/pages/all-category",2,2,0,0,0,0,26,,0,0,0,691,13,0,,0,2,2,0,0,0,0,26,,0,0,0,691,13,0,,0,0,0,,,,,0,,,,,0,0,,,
"Product","/products/h384-ros-silicone-sex-doll-head%E4%B8%A8galatate-doll-head",2,2,1,1,1,0.5,64,1,0.5,0.5,1,1050.5,32,0,1,0,2,2,1,1,1,0.5,64,1,0.5,0.5,1,1050.5,32,0,1,0,0,0,0,0,0,0,0,0,0,0,0,0,0,,0,
,"/en-ca/blogs/dolls-info-qustions/vaginal-and-anal-design-of-life-size-sex-dolls",2,2,0,0,0,0,2,,0,0,0,0,1,1,,2,2,2,0,0,0,0,2,,0,0,0,0,1,1,,2,0,0,,,,,0,,,,,,0,0,,0
,"/en-ca/collections/sex-doll-torso/products/test-501-25-3lb-45cm-life-sized-and-realistic-bbw-sex-doll-torso",2,2,0,0,0,0,2,,0,0,0,0,1,1,,2,2,2,0,0,0,0,2,,0,0,0,0,1,1,,2,0,0,,,,,0,,,,,,0,0,,0
"Product","/products/f1298-168cm-b-cup-kate-sex-doll-irontech-doll",2,2,0,0,0,0,5,,0,0,0,625,2.5,0,,0,2,2,0,0,0,0,5,,0,0,0,625,2.5,0,,0,0,0,,,,,0,,,,,0,0,,,
,"/en-ca/collections/sex-doll-torso/products/55cm-big-boobs-torso-sex-doll-502-sex-doll-torso",2,2,0,0,0,0,7,,0,0,0,83,3.5,0,,0,2,2,0,0,0,0,7,,0,0,0,83,3.5,0,,0,0,0,,,,,0,,,,,0,0,,,
,"/en-ca/products/f5314-realistic-skin-silicone-bbw-sex-doll-se-doll",2,2,0,0,0,0,7,,0,0,0,559.5,3.5,0,,0,2,2,0,0,0,0,7,,0,0,0,559.5,3.5,0,,0,0,0,,,,,0,,,,,0,0,,,
"Blog Article","/blogs/dolls-info-qustions/over-10-effective-tips-for-drying-sex-doll-torso-vagina-and-anal",2,2,0,0,0,0,2,,0,0,0,0,1,1,,2,2,2,0,0,0,0,2,,0,0,0,0,1,1,,2,0,0,,,,,0,,,,,,0,0,,0
"Product","/products/t295-67-24-lbs-phoebe-ros-life-size-silicone-bbw-sex-dolls-torso-with-head-in-stock-usa-europe-max-series",2,2,0,0,0,0,16,,0,0,0,1089.5,8,0,,0,2,2,0,0,0,0,16,,0,0,0,1089.5,8,0,,0,0,0,,,,,0,,,,,0,0,,,
"Product","/products/f4830-158cm-29kg-d-cup-elf-fantasy-tpe-sexual-best-alien-sex-doll-in-stock-usa-castle-doll",1,2,0,0,0,0,10,,0,0,0,432,5,0,,0,1,2,0,0,0,0,10,,0,0,0,432,5,0,,0,0,0,,,,,0,,,,,0,0,,,
,"/en-fi/collections/anime-mini-sex-doll",2,2,0,0,0,0,2,,0,0,0,0,1,1,,2,2,2,0,0,0,0,2,,0,0,0,0,1,1,,2,0,0,,,,,0,,,,,,0,0,,0
,"/en-ca/products/a295-big-butt-torso-silicone-sex-doll-sex-realistic-skin",2,2,0,0,0,0,2,,0,0,0,0,1,1,,2,2,2,0,0,0,0,2,,0,0,0,0,1,1,,2,0,0,,,,,0,,,,,,0,0,,0
"Product","/products/f3346-168cm-5ft5-slim-b-cup-naked-dolls-for-sex",1,2,0,0,0,0,6,,0,0,0,1124.5,3,0,,0,1,2,0,0,0,0,6,,0,0,0,1124.5,3,0,,0,0,0,,,,,0,,,,,0,0,,,
,"/de/collections/electric-pocket-pussy",2,2,0,0,0,0,2,,0,0,0,0,1,1,,2,2,2,0,0,0,0,2,,0,0,0,0,1,1,,2,0,0,,,,,0,,,,,,0,0,,0
"Blog Article","/blogs/recent-brand-updates-new-arrivals-for-sex-dolls/irontech-brand-new-iron-ai-complete-highlights-breakdown",1,2,0,0,0,0,2,,0,0,0,0,1,1,,2,1,2,0,0,0,0,2,,0,0,0,0,1,1,,2,0,0,,,,,0,,,,,,0,0,,0
"Product","/products/real-lady-silicone-sex-doll-168cm-39kg-f723",1,2,0,0,0,0,2,,0,0,0,0,1,1,,2,1,2,0,0,0,0,2,,0,0,0,0,1,1,,2,0,0,,,,,0,,,,,,0,0,,0
"Checkout","/60719464687/orders/e35923205eb0cf19b399cd600b4bbbf4",2,2,0,0,0,0,2,,0,0,0,0,1,1,,2,2,2,0,0,0,0,2,,0,0,0,0,1,1,,2,0,0,,,,,0,,,,,,0,0,,0
"Product","/products/yeloly-40-6lbs-silicone-sex-doll-torso-t757",2,2,0,0,0,0,2,,0,0,0,0,1,1,,2,2,2,0,0,0,0,2,,0,0,0,0,1,1,,2,0,0,,,,,0,,,,,,0,0,,0
"Blog Article","/blogs/sex-doll-torso-blog/16-practical-tips-to-make-your-sex-last-longer",2,2,0,0,0,0,2,,0,0,0,0,1,1,,2,2,2,0,0,0,0,2,,0,0,0,0,1,1,,2,0,0,,,,,0,,,,,,0,0,,0
"Product","/products/f6102-168cm-5-5ft-51kg-g-cup-ros-silicone-realistic-sex-doll-evasdoll",1,2,0,0,0,0,8,,0,0,0,195.5,4,0.5,,1,1,2,0,0,0,0,8,,0,0,0,195.5,4,0.5,,1,0,0,,,,,0,,,,,0,0,0,,0
"Collection","/collections/asia-sex-doll-heads",2,2,0,0,0,0,2,,0,0,0,0,1,1,,2,2,2,0,0,0,0,2,,0,0,0,0,1,1,,2,0,0,,,,,0,,,,,,0,0,,0
,"/de/collections/tpe-torso",2,2,0,0,0,0,2,,0,0,0,0,1,1,,2,2,2,0,0,0,0,2,,0,0,0,0,1,1,,2,0,0,,,,,0,,,,,,0,0,,0
"Checkout","/60719464687/orders/12e76d9034296233696c541bdf17501b",2,2,0,0,0,0,7,,0,0,0,824,3.5,0.5,,1,2,2,0,0,0,0,7,,0,0,0,824,3.5,0.5,,1,0,0,,,,,0,,,,,0,0,0,,0
,"/en-ca/blogs/dolls-info-qustions/2025-hot-selling-japanese-sex-dolls-popular-products-and-their-unique-charm-unveiled",2,2,0,0,0,0,2,,0,0,0,0,1,1,,2,2,2,0,0,0,0,2,,0,0,0,0,1,1,,2,0,0,,,,,0,,,,,,0,0,,0
"Product","/products/596black12-2lb-37cm-bbw-sex-doll-torso-sexy-big-tits-big-butt-sex-doll-torso",2,2,0,0,0,0,2,,0,0,0,0,1,1,,2,2,2,0,0,0,0,2,,0,0,0,0,1,1,,2,0,0,,,,,0,,,,,,0,0,,0
"Product","/products/p106-1-5kg-clownfish-pluggable-mouth-figures-silicone-anime-hentai-sex-toys-castle-doll",2,2,0,0,0,0,4,,0,0,0,815,2,0.5,,1,2,2,0,0,0,0,4,,0,0,0,815,2,0.5,,1,0,0,,,,,0,,,,,0,0,0,,0
"Product","/products/f1308-160cm-i-cup-penny-black-sex-doll-irontech-doll",2,2,0,0,0,0,3,,0,0,0,195.5,1.5,0.5,,1,2,2,0,0,0,0,3,,0,0,0,195.5,1.5,0.5,,1,0,0,,,,,0,,,,,0,0,0,,0
"Product","/products/f5827-167cm-5ft5-36kg-c-cup-naomi-black-female-silicone-sex-doll-top-cydoll",2,2,0,0,0,0,9,,0,0,0,271,4.5,0,,0,2,2,0,0,0,0,9,,0,0,0,271,4.5,0,,0,0,0,,,,,0,,,,,0,0,,,
"Collection","/collections/effeminate-femboy-sex-doll",2,2,0,0,0,0,2,,0,0,0,0,1,1,,2,2,2,0,0,0,0,2,,0,0,0,0,1,1,,2,0,0,,,,,0,,,,,,0,0,,0
,"/de/blogs/real-sex-doll-reviews-pros-cons-real-usage-tests/best-budget-full-size-sex-dolls-in-2026-azm-ridmii-top-cy-sigafun-reviewed",2,2,1,0,0,0,46,,0.5,0,0,1818,23,0.5,,1,2,2,1,0,0,0,46,,0.5,0,0,1818,23,0.5,,1,0,0,0,,,,0,,0,,,0,0,0,,0
"Product","/products/f3351-168cm-5ft536kg-b-cup-tpe-sexy-christmas-blonde-girl-skinny-sex-doll-yl-doll",1,2,0,0,0,0,2,,0,0,0,0,1,1,,2,1,2,0,0,0,0,2,,0,0,0,0,1,1,,2,0,0,,,,,0,,,,,,0,0,,0
"Blog Article","/blogs/dolls-info-qustions/how-to-properly-use-chinese-sex-dolls-a-comprehensive-guide",2,2,0,0,0,0,2,,0,0,0,0,1,1,,2,2,2,0,0,0,0,2,,0,0,0,0,1,1,,2,0,0,,,,,0,,,,,,0,0,,0
"Product","/products/h659-thick-big-lips-silicone-sex-doll-head-%E4%B8%A8doll-castle-head",2,2,0,0,0,0,6,,0,0,0,81,3,0,,0,2,2,0,0,0,0,6,,0,0,0,81,3,0,,0,0,0,,,,,0,,,,,0,0,,,
,"/en-ca/collections/8-9in-male-sex-doll",1,2,0,0,0,0,7,,0,0,0,158,3.5,0,,0,1,2,0,0,0,0,7,,0,0,0,158,3.5,0,,0,0,0,,,,,0,,,,,0,0,,,
"Product","/products/f5835-176cm-5ft3-41kg-e-cup-elva-silicone-realistic-sex-doll-top-cydoll",2,2,0,0,0,0,2,,0,0,0,0,1,1,,2,2,2,0,0,0,0,2,,0,0,0,0,1,1,,2,0,0,,,,,0,,,,,,0,0,,0
"Collection","/collections/black-sex-bbw",2,2,0,0,0,0,7,,0,0,0,125.5,3.5,0,,0,2,2,0,0,0,0,7,,0,0,0,125.5,3.5,0,,0,0,0,,,,,0,,,,,0,0,,,
"Product","/products/f4785-155mcm5-1ft-38kg-2-2cf-e-cup-silicone-realistic-japanese-sex-doll-bezlya-doll",1,2,0,0,0,0,2,,0,0,0,0,1,1,,2,1,2,0,0,0,0,2,,0,0,0,0,1,1,,2,0,0,,,,,0,,,,,,0,0,,0
"Product","/products/a418-8lb-sexy-and-real-fat-lady-ass-realistic-chubby-sex-doll-torso",2,2,0,0,0,0,3,,0,0,0,15.5,1.5,0.5,,1,2,2,0,0,0,0,3,,0,0,0,15.5,1.5,0.5,,1,0,0,,,,,0,,,,,0,0,0,,0
"Product","/products/f5624-158cm-5ft2-41kg-p-cup-silicone-ros-bbw-huge-breast-sex-dolls-hr-doll",1,2,0,0,0,0,6,,0,0,0,883.5,3,0.5,,1,1,2,0,0,0,0,6,,0,0,0,883.5,3,0.5,,1,0,0,,,,,0,,,,,0,0,0,,0
"Product","/products/v27-4-41-lbs-left-silicone-customizable-realistic-footjob-sex-toys-with-vajankle-size-eu-42-us-9-5",2,2,0,0,0,0,3,,0,0,0,2,1.5,0.5,,1,2,2,0,0,0,0,3,,0,0,0,2,1.5,0.5,,1,0,0,,,,,0,,,,,0,0,0,,0
"Blog Article","/blogs/dolls-info-qustions/sex-doll-heads-make-your-life-happy",2,2,0,0,0,0,3,,0,0,0,187,1.5,0.5,,1,2,2,0,0,0,0,3,,0,0,0,187,1.5,0.5,,1,0,0,,,,,0,,,,,0,0,0,,0
"Product","/products/f2580-168cm-ai-sex-dolls-silicone-pink-lovers-real-lady",2,2,0,0,0,0,7,,0,0,0,26,3.5,0.5,,1,2,2,0,0,0,0,7,,0,0,0,26,3.5,0.5,,1,0,0,,,,,0,,,,,0,0,0,,0
"Blog Article","/blogs/dolls-info-qustions/3-stunning-black-sex-dolls-you-can-t-miss-in-2025",2,2,0,0,0,0,2,,0,0,0,0,1,1,,2,2,2,0,0,0,0,2,,0,0,0,0,1,1,,2,0,0,,,,,0,,,,,,0,0,,0
"Product","/products/t666-39-7lbs-luxury-super-realistic-human-size-silicone-torso-sex-doll",2,2,0,0,0,0,2,,0,0,0,0,1,1,,2,2,2,0,0,0,0,2,,0,0,0,0,1,1,,2,0,0,,,,,0,,,,,,0,0,,0
"Blog Article","/blogs/dolls-info-qustions/creating-the-perfect-companion-the-ultimate-guide-to-sex-doll-hair-care",2,2,0,0,0,0,21,,0,0,0,1383.5,10.5,0.5,,1,2,2,0,0,0,0,21,,0,0,0,1383.5,10.5,0.5,,1,0,0,,,,,0,,,,,0,0,0,,0
"Product","/products/f4918-150cm4ft9-26-2kg-b-cup-small-breast-tpe-sex-doll-aibei-doll",1,2,0,0,0,0,2,,0,0,0,0,1,1,,2,1,2,0,0,0,0,2,,0,0,0,0,1,1,,2,0,0,,,,,0,,,,,,0,0,,0
,"/en-ca/blogs/dolls-info-qustions/gentlemans-paradise-exploring-nsfw-anime-figures-and-sex-dolls",2,2,0,0,0,0,2,,0,0,0,0,1,1,,2,2,2,0,0,0,0,2,,0,0,0,0,1,1,,2,0,0,,,,,0,,,,,,0,0,,0
"Product","/products/f2556-159cm5-2ft-37kg-a-cup-youthful-look-realistic-silicone-sex-doll-in-stock-usa-fun-west-doll",2,2,0,0,0,0,10,,0,0,0,107,5,0,,0,2,2,0,0,0,0,10,,0,0,0,107,5,0,,0,0,0,,,,,0,,,,,0,0,,,
,"/en-ca/collections/bbw-black-sex-doll",2,2,0,0,0,0,20,,0,0,0,395.5,10,0.5,,1,2,2,0,0,0,0,20,,0,0,0,395.5,10,0.5,,1,0,0,,,,,0,,,,,0,0,0,,0
,"/en-ca/collections/mini-sex-doll",2,2,0,0,0,0,4,,0,0,0,17,2,0.5,,1,2,2,0,0,0,0,4,,0,0,0,17,2,0.5,,1,0,0,,,,,0,,,,,0,0,0,,0
,"/en-ca/collections/18s-sex-doll",2,2,0,0,0,0,6,,0,0,0,447.5,3,0.5,,1,2,2,0,0,0,0,6,,0,0,0,447.5,3,0.5,,1,0,0,,,,,0,,,,,0,0,0,,0
"Product","/products/p601-27lb-sex-doll-black-bottom-realistic-3d-ass-sex-doll",2,2,0,0,0,0,11,,0,0,0,804.5,5.5,0,,0,2,2,0,0,0,0,11,,0,0,0,804.5,5.5,0,,0,0,0,,,,,0,,,,,0,0,,,
,"/de/collections/full-doll",2,2,0,0,0,0,14,,0,0,0,152,7,0.5,,1,2,2,0,0,0,0,14,,0,0,0,152,7,0.5,,1,0,0,,,,,0,,,,,0,0,0,,0
"Blog Article","/blogs/dolls-info-qustions/latest-mini-anime-sex-dolls-are-here-compact-and-fun",2,2,0,0,0,0,16,,0,0,0,250.5,8,0.5,,1,2,2,0,0,0,0,16,,0,0,0,250.5,8,0.5,,1,0,0,,,,,0,,,,,0,0,0,,0
,"/en-ca/blogs/dolls-info-qustions/shocking-in-depth-review-of-naimi-1-1-celebrity-sex-doll",2,2,0,0,0,0,2,,0,0,0,0,1,1,,2,2,2,0,0,0,0,2,,0,0,0,0,1,1,,2,0,0,,,,,0,,,,,,0,0,,0
,"/ja/collections/hyper-realistic-sex-doll",2,2,0,0,0,0,17,,0,0,0,268.5,8.5,0.5,,1,2,2,0,0,0,0,17,,0,0,0,268.5,8.5,0.5,,1,0,0,,,,,0,,,,,0,0,0,,0
"Product","/products/t664-15-43lbs-tpr-9-4in-dildo-detachable-real-male-ai-sex-doll-torso-xinse",2,2,1,1,0,0,23,0,0.5,0.5,0,367,11.5,0.5,0,1,2,2,1,1,0,0,23,0,0.5,0.5,0,367,11.5,0.5,0,1,0,0,0,0,,,0,,0,0,,0,0,0,,0
"Blog Article","/blogs/dolls-info-qustions/affordable-luxury-top-value-cheap-sex-doll-recommendations",1,2,0,0,0,0,2,,0,0,0,0,1,1,,2,1,2,0,0,0,0,2,,0,0,0,0,1,1,,2,0,0,,,,,0,,,,,,0,0,,0
"Blog Article","/blogs/featured-blog/2026-sex-doll-lubricant-recommendations-find-the-perfect-formula-for-your-experience",2,2,0,0,0,0,2,,0,0,0,0,1,1,,2,2,2,0,0,0,0,2,,0,0,0,0,1,1,,2,0,0,,,,,0,,,,,,0,0,,0
,"/ja/blogs/real-sex-doll-reviews-pros-cons-real-usage-tests/evas-doll-180cm-f6229-full-review",2,2,0,0,0,0,2,,0,0,0,0,1,1,,2,2,2,0,0,0,0,2,,0,0,0,0,1,1,,2,0,0,,,,,0,,,,,,0,0,,0
"Product","/products/t412-bbw-sex-torso-55lb-life-size-chubby-fat-woman",2,2,0,0,0,0,14,,0,0,0,209,7,0.5,,1,2,2,0,0,0,0,14,,0,0,0,209,7,0.5,,1,0,0,,,,,0,,,,,0,0,0,,0
"Product","/products/f2387-163cm5-3ft-53kg-g-cup-s6-great-doggy-style-huge-butt-silicone-head-realistic-sex-doll-2025%E4%B8%A8sy-doll",1,2,0,0,0,0,2,,0,0,0,0,1,1,,2,1,2,0,0,0,0,2,,0,0,0,0,1,1,,2,0,0,,,,,0,,,,,,0,0,,0
"Collection","/collections/b-cup-sex-dolls",2,2,0,0,0,0,5,,0,0,0,61.5,2.5,0,,0,2,2,0,0,0,0,5,,0,0,0,61.5,2.5,0,,0,0,0,,,,,0,,,,,0,0,,,
"Product","/products/f2414-sy-164cm-robotic-movable-jaw-life-size-sex-doll",1,2,0,0,0,0,2,,0,0,0,0,1,1,,2,1,2,0,0,0,0,2,,0,0,0,0,1,1,,2,0,0,,,,,0,,,,,,0,0,,0
"Blog Article","/blogs/dolls-info-qustions/how-to-choose-the-perfect-30-40-pound-torso-doll",2,2,0,0,0,0,18,,0,0,0,313,9,0.5,,1,2,2,0,0,0,0,18,,0,0,0,313,9,0.5,,1,0,0,,,,,0,,,,,0,0,0,,0
"Product","/products/f4249-160cm5-3ft-38kg-i-cup-anime-tpe-hentai-sex-doll%E4%B8%A8wm-doll",2,2,0,0,0,0,4,,0,0,0,195.5,2,0.5,,1,2,2,0,0,0,0,4,,0,0,0,195.5,2,0.5,,1,0,0,,,,,0,,,,,0,0,0,,0
"Blog Article","/blogs/dolls-info-qustions/the-psychological-appeal-behind-femboy-sex-dolls-why-they-ve-become-emotional-safe-havens",2,2,0,0,0,0,3,,0,0,0,20,1.5,0.5,,1,2,2,0,0,0,0,3,,0,0,0,20,1.5,0.5,,1,0,0,,,,,0,,,,,0,0,0,,0
"Product","/products/f7006k-159cm5ft2-45-5kg-g-cup-silicone-ros-best-latina-sex-doll-in-stock-%E4%B8%A8lusandy-doll",2,2,0,0,0,0,2,,0,0,0,0,1,1,,2,2,2,0,0,0,0,2,,0,0,0,0,1,1,,2,0,0,,,,,0,,,,,,0,0,,0
"Product","/products/linkdolls-f829-158cm5ft2-regina-d-cup-tpe-brunette-chinese-sexy-woman-love-doll-se-doll",2,2,0,0,0,0,4,,0,0,0,35.5,2,0,,0,2,2,0,0,0,0,4,,0,0,0,35.5,2,0,,0,0,0,,,,,0,,,,,0,0,,,
"Blog Article","/blogs/dolls-info-qustions/5-benefits-of-female-masturbation-using-male-sex-doll-torso",2,2,0,0,0,0,32,,0,0,0,594,16,0.5,,1,2,2,0,0,0,0,32,,0,0,0,594,16,0.5,,1,0,0,,,,,0,,,,,0,0,0,,0
"Collection","/collections/anime-sex-doll-heads",2,2,0,0,0,0,4,,0,0,0,34,2,0,,0,2,2,0,0,0,0,4,,0,0,0,34,2,0,,0,0,0,,,,,0,,,,,0,0,,,
,"/en-ca/collections/torso-shemale-sex-doll",2,2,0,0,0,0,2,,0,0,0,0,1,1,,2,2,2,0,0,0,0,2,,0,0,0,0,1,1,,2,0,0,,,,,0,,,,,,0,0,,0
,"/de/collections/curvy-sex-dolls",2,2,0,0,0,0,12,,0,0,0,200.5,6,0.5,,1,2,2,0,0,0,0,12,,0,0,0,200.5,6,0.5,,1,0,0,,,,,0,,,,,0,0,0,,0
,"/en-ca/collections/sex-doll-feet",2,2,0,0,0,0,2,,0,0,0,0,1,1,,2,2,2,0,0,0,0,2,,0,0,0,0,1,1,,2,0,0,,,,,0,,,,,,0,0,,0
"Collection","/collections/blue-skin-alien",2,2,0,0,0,0,8,,0,0,0,82.5,4,0,,0,2,2,0,0,0,0,8,,0,0,0,82.5,4,0,,0,0,0,,,,,0,,,,,0,0,,,
"Product","/products/f2319-sy-163cm-g-cup-super-fat-bbw-life-size-sex-doll",2,2,0,0,0,0,2,,0,0,0,0,1,1,,2,2,2,0,0,0,0,2,,0,0,0,0,1,1,,2,0,0,,,,,0,,,,,,0,0,,0
"Product","/products/f8188k-167cm-5ft5-43kg-m40-d-cup-black-silicone-sex-doll-in-stock-usa-md-doll",2,2,0,0,0,0,9,,0,0,0,649,4.5,0.5,,1,2,2,0,0,0,0,9,,0,0,0,649,4.5,0.5,,1,0,0,,,,,0,,,,,0,0,0,,0
"Product","/products/f2481-161cm5-3ft-36-5kg-h-cup-eve-09-silicone-sex-doll-nianta-doll",1,2,0,0,0,0,10,,0,0,0,1461,5,0,,0,1,2,0,0,0,0,10,,0,0,0,1461,5,0,,0,0,0,,,,,0,,,,,0,0,,,
"Product","/products/h891-silicone-sex-doll-head-elsa-babe-head",2,2,0,0,0,0,2,,0,0,0,0,1,1,,2,2,2,0,0,0,0,2,,0,0,0,0,1,1,,2,0,0,,,,,0,,,,,,0,0,,0
"Product","/products/75cm-realistic-sex-doll-torso-with-perky-breasts-big-ass-double-channels-504-sex-doll-torso-504-sex-doll-torso",1,2,0,0,0,0,7,,0,0,0,131.5,3.5,0.5,,1,1,2,0,0,0,0,7,,0,0,0,131.5,3.5,0.5,,1,0,0,,,,,0,,,,,0,0,0,,0
"Checkout","/60719464687/orders/ef800fd97953632e53f5ca0372368c13",1,2,0,0,0,0,8,,0,0,0,12.5,4,0,,0,1,2,0,0,0,0,8,,0,0,0,12.5,4,0,,0,0,0,,,,,0,,,,,0,0,,,
,"/en-fi/collections/vajankle-foot-fetish-toys",2,2,0,0,0,0,6,,0,0,0,61.5,3,0,,0,2,2,0,0,0,0,6,,0,0,0,61.5,3,0,,0,0,0,,,,,0,,,,,0,0,,,
"Product","/products/f4758-175cm5ft9-69kg-x-cup-huge-breast-fat-ass-tpe-fat-ssbbw-sex-doll-castle-doll",2,2,0,0,0,0,2,,0,0,0,0.5,1,1,,2,2,2,0,0,0,0,2,,0,0,0,0.5,1,1,,2,0,0,,,,,0,,,,,0,0,0,,0
"Product","/products/real-lady-silicone-ros-159cm-f757",2,2,0,0,0,0,11,,0,0,0,1334.5,5.5,0,,0,2,2,0,0,0,0,11,,0,0,0,1334.5,5.5,0,,0,0,0,,,,,0,,,,,0,0,,,
"Product","/products/t522",2,2,0,0,0,0,2,,0,0,0,0,1,1,,2,2,2,0,0,0,0,2,,0,0,0,0,1,1,,2,0,0,,,,,0,,,,,,0,0,,0
"Product","/products/h716-tpe-sex-doll-head-attractive-tan-girl-irontech-doll-head",2,2,0,0,0,0,19,,0,0,0,634.5,9.5,0.5,,1,2,2,0,0,0,0,19,,0,0,0,634.5,9.5,0.5,,1,0,0,,,,,0,,,,,0,0,0,,0
,"/en-ca/products/599-83lb-sex-doll-torso-with-realistic-oversized-ass",2,2,0,0,0,0,8,,0,0,0,77,4,0,,0,2,2,0,0,0,0,8,,0,0,0,77,4,0,,0,0,0,,,,,0,,,,,0,0,,,
"Product","/products/f3388-153cm-5ft31kg-panam-e-cup-silicone-adult-full-sexy-europe-sex-doll-yl-doll",1,2,0,0,0,0,7,,0,0,0,960,3.5,0,,0,1,2,0,0,0,0,7,,0,0,0,960,3.5,0,,0,0,0,,,,,0,,,,,0,0,,,
,"/de/collections/movable-jaw",2,2,0,0,0,0,5,,0,0,0,34.5,2.5,0,,0,2,2,0,0,0,0,5,,0,0,0,34.5,2.5,0,,0,0,0,,,,,0,,,,,0,0,,,
"Product","/products/f3318-160cm-5ft239-5kg-g-cup-tpe-adult-big-chest-curve-beauty-sex-doll-yl-doll",2,2,0,0,0,0,3,,0,0,0,777.5,1.5,0.5,,1,2,2,0,0,0,0,3,,0,0,0,777.5,1.5,0.5,,1,0,0,,,,,0,,,,,0,0,0,,0
,"/ja/blogs/dolls-info-qustions/sex-experts-recommend-top-ten-sex-pillows-to-enhance-your-bbw-sex-doll-experience",2,2,0,0,0,0,2,,0,0,0,0,1,1,,2,2,2,0,0,0,0,2,,0,0,0,0,1,1,,2,0,0,,,,,0,,,,,,0,0,,0
"Product","/products/f5304-asian-sex-doll-small-breasts-se-doll",2,2,0,0,0,0,16,,0,0,0,664.5,8,0,,0,2,2,0,0,0,0,16,,0,0,0,664.5,8,0,,0,0,0,,,,,0,,,,,0,0,,,
"Collection","/collections/xingse",2,2,0,0,0,0,21,,0,0,0,622.5,10.5,0.5,,1,2,2,0,0,0,0,21,,0,0,0,622.5,10.5,0.5,,1,0,0,,,,,0,,,,,0,0,0,,0
"Product","/products/f5451-150cm4ft9-27kg-b-cup-asian-tpe-sex-doll-aibei-doll",2,2,0,0,0,0,2,,0,0,0,0,1,1,,2,2,2,0,0,0,0,2,,0,0,0,0,1,1,,2,0,0,,,,,0,,,,,,0,0,,0
"Checkout","/60719464687/orders/3e44d09b28a7f10834a15e36825f7a20",1,2,0,0,0,0,2,,0,0,0,0,1,1,,2,1,2,0,0,0,0,2,,0,0,0,0,1,1,,2,0,0,,,,,0,,,,,,0,0,,0
"Collection","/collections/fantasy-sex-doll-heads",2,2,0,0,0,0,4,,0,0,0,24,2,0.5,,1,2,2,0,0,0,0,4,,0,0,0,24,2,0.5,,1,0,0,,,,,0,,,,,0,0,0,,0
"Product","/products/v22-silicone-foot-stroker-with-realistic-tunnel",2,2,0,0,0,0,2,,0,0,0,0,1,1,,2,2,2,0,0,0,0,2,,0,0,0,0,1,1,,2,0,0,,,,,0,,,,,,0,0,,0
"Product","/products/f2384a-163cm5-3ft-70kg-53kg-g-cup-s6-best-big-ass-silicone-head-real-bbw-sex-doll-booty-2025%E4%B8%A8sy-doll",1,2,0,0,0,0,7,,0,0,0,798.5,3.5,0.5,,1,1,2,0,0,0,0,7,,0,0,0,798.5,3.5,0.5,,1,0,0,,,,,0,,,,,0,0,0,,0
,"/de/blogs/dolls-info-qustions/2025-five-stylish-and-charming-chinese-sex-doll",2,2,0,0,0,0,3,,0,0,0,53,1.5,0.5,,1,2,2,0,0,0,0,3,,0,0,0,53,1.5,0.5,,1,0,0,,,,,0,,,,,0,0,0,,0
"Product","/products/582-sexdoll-legs",2,2,0,0,0,0,2,,0,0,0,0,1,1,,2,2,2,0,0,0,0,2,,0,0,0,0,1,1,,2,0,0,,,,,0,,,,,,0,0,,0
"Blog Article","/blogs/dolls-info-qustions/the-ultimate-guide-to-best-stuffed-animal-sex-dolls-in-2025",2,2,0,0,0,0,3,,0,0,0,4,1.5,0.5,,1,2,2,0,0,0,0,3,,0,0,0,4,1.5,0.5,,1,0,0,,,,,0,,,,,0,0,0,,0
"Blog Index","/blogs/dolls-info-qustions/articles",2,2,0,0,0,0,4,,0,0,0,322.5,2,0.5,,1,2,2,0,0,0,0,4,,0,0,0,322.5,2,0.5,,1,0,0,,,,,0,,,,,0,0,0,,0
"Blog Article","/blogs/dolls-info-qustions/what-are-sex-dolls-made-of-complete-material-guide",2,2,0,0,0,0,2,,0,0,0,0,1,1,,2,2,2,0,0,0,0,2,,0,0,0,0,1,1,,2,0,0,,,,,0,,,,,,0,0,,0
"Product","/products/t369-20-2lbs-55cm-medium-size-realistic-torso-sucking-sex-dolls-in-stock-eu",1,2,0,0,0,0,2,,0,0,0,0,1,1,,2,1,2,0,0,0,0,2,,0,0,0,0,1,1,,2,0,0,,,,,0,,,,,,0,0,,0
"Product","/products/f3269-153cm-5ft44kg-maya-g-cup-sexy-mature-woman-big-butt-sex-doll-yl-doll",2,2,0,0,0,0,4,,0,0,0,790,2,0.5,,1,2,2,0,0,0,0,4,,0,0,0,790,2,0.5,,1,0,0,,,,,0,,,,,0,0,0,,0
"Product","/products/f5549-150cm4-9ft-27-6kg-f-cup-r7-life-size-silicone-sex-doll-real-lady",1,2,0,0,0,0,9,,0,0,0,583,4.5,0.5,,1,1,2,0,0,0,0,9,,0,0,0,583,4.5,0.5,,1,0,0,,,,,0,,,,,0,0,0,,0
"Collection","/collections/climax-doll-full-body-doll",2,2,0,0,0,0,3,,0,0,0,606,1.5,0.5,,1,2,2,0,0,0,0,3,,0,0,0,606,1.5,0.5,,1,0,0,,,,,0,,,,,0,0,0,,0
"Product","/products/f4671-161cm5-3ft-35kg-kemeny-d-f-cup-tpe-european-beauty-love-doll-se-doll",1,2,0,0,0,0,6,,0,0,0,559,3,0.5,,1,1,2,0,0,0,0,6,,0,0,0,559,3,0.5,,1,0,0,,,,,0,,,,,0,0,0,,0
"Product","/products/t429-106cm3ft5-33-4kg-c-cup-sydney-bubble-butt-silicone-sex-doll-torso-with-head-in-stock-usa-canada-lovenestle",1,2,0,0,0,0,17,,0,0,0,357.5,8.5,0,,0,1,2,0,0,0,0,17,,0,0,0,357.5,8.5,0,,0,0,0,,,,,0,,,,,0,0,,,
,"/de/collections/sy-doll",2,2,0,0,0,0,2,,0,0,0,0,1,1,,2,2,2,0,0,0,0,2,,0,0,0,0,1,1,,2,0,0,,,,,0,,,,,,0,0,,0
"Blog Article","/blogs/dolls-info-qustions/5-best-sex-doll-torso",2,2,0,0,0,0,3,,0,0,0,60.5,1.5,0.5,,1,2,2,0,0,0,0,3,,0,0,0,60.5,1.5,0.5,,1,0,0,,,,,0,,,,,0,0,0,,0
"Product","/products/f1570-171cm-5ft6-a-cup-small-breast-teen-silicone-sex-doll-starpery-doll",1,2,0,0,0,0,8,,0,0,0,50,4,0,,0,1,2,0,0,0,0,8,,0,0,0,50,4,0,,0,0,0,,,,,0,,,,,0,0,,,
"Blog Article","/blogs/dolls-info-qustions/traveling-with-a-sex-doll",2,2,0,0,0,0,2,,0,0,0,0,1,1,,2,2,2,0,0,0,0,2,,0,0,0,0,1,1,,2,0,0,,,,,0,,,,,,0,0,,0
,"/ja/collections/silicone-sex-doll-torso-love-torso-silicone-doll",2,2,0,0,0,0,2,,0,0,0,0,1,1,,2,2,2,0,0,0,0,2,,0,0,0,0,1,1,,2,0,0,,,,,0,,,,,,0,0,,0
"Product","/products/t404-50-7lb-99cm-realistic-half-torso-sex-doll-with-perky-breasts-big-ass-double-channels",2,2,0,0,0,0,20,,0,0,0,1105.5,10,0,,0,2,2,0,0,0,0,20,,0,0,0,1105.5,10,0,,0,0,0,,,,,0,,,,,0,0,,,
"Product","/products/f4929-166cm-sexbot-vine-talk-ai-silicone-head-wm-doll",2,2,0,0,0,0,11,,0,0,0,461,5.5,0.5,,1,2,2,0,0,0,0,11,,0,0,0,461,5.5,0.5,,1,0,0,,,,,0,,,,,0,0,0,,0
"Custom Page","/pages/cheap-sex-doll-guide",2,2,0,0,0,0,6,,0,0,0,45,3,0.5,,1,2,2,0,0,0,0,6,,0,0,0,45,3,0.5,,1,0,0,,,,,0,,,,,0,0,0,,0
"Product","/products/yeloly-ssbbw-silicone-torso-75cm-t778",2,2,0,0,0,0,16,,0,0,0,279,8,0,,0,2,2,0,0,0,0,16,,0,0,0,279,8,0,,0,0,0,,,,,0,,,,,0,0,,,
"Collection","/collections/sex-doll-lingerie",2,2,0,0,0,0,2,,0,0,0,0,1,1,,2,2,2,0,0,0,0,2,,0,0,0,0,1,1,,2,0,0,,,,,0,,,,,,0,0,,0
"Collection","/collections/sex-doll-legs-feet",2,2,0,0,0,0,25,,0,0,0,447,12.5,0,,0,2,2,0,0,0,0,25,,0,0,0,447,12.5,0,,0,0,0,,,,,0,,,,,0,0,,,
,"/en-ca/pages/video9-irontech",2,2,0,0,0,0,2,,0,0,0,0,1,1,,2,2,2,0,0,0,0,2,,0,0,0,0,1,1,,2,0,0,,,,,0,,,,,,0,0,,0
,"/en-ca/blogs/dolls-info-qustions/discover-the-secrets-of-the-vagina",2,2,0,0,0,0,3,,0,0,0,11,1.5,0.5,,1,2,2,0,0,0,0,3,,0,0,0,11,1.5,0.5,,1,0,0,,,,,0,,,,,0,0,0,,0
"Product","/products/593-49lb-80cm-the-realistic-flat-chested-sex-doll-torso-delicate-skin-graceful-figure",2,2,0,0,0,0,16,,0,0,0,301,8,0.5,,1,2,2,0,0,0,0,16,,0,0,0,301,8,0.5,,1,0,0,,,,,0,,,,,0,0,0,,0
"Product","/collections/sex-doll-torso/products/588-16-09lbsex-doll-torso-with-fully-automatic-cleaning-sucking-and-vibration-pussy",2,2,0,0,0,0,5,,0,0,0,29.5,2.5,0.5,,1,2,2,0,0,0,0,5,,0,0,0,29.5,2.5,0.5,,1,0,0,,,,,0,,,,,0,0,0,,0
"Collection","/collections/cartoon-sex-doll",2,2,0,0,0,0,4,,0,0,0,36.5,2,0.5,,1,2,2,0,0,0,0,4,,0,0,0,36.5,2,0.5,,1,0,0,,,,,0,,,,,0,0,0,,0
"Collection","/collections/full-round-huge-breast-sex-doll",2,2,0,0,0,0,15,,0,0,0,431.5,7.5,0.5,,1,2,2,0,0,0,0,15,,0,0,0,431.5,7.5,0.5,,1,0,0,,,,,0,,,,,0,0,0,,0
"Checkout","/60719464687/orders/f3e1c72a0641909cd615817852f093cf",1,2,0,0,0,0,3,,0,0,0,26.5,1.5,0.5,,1,1,2,0,0,0,0,3,,0,0,0,26.5,1.5,0.5,,1,0,0,,,,,0,,,,,0,0,0,,0
"Product","/products/f2233-150cm-4ft9-a-cup-realistic-tpe-sex-doll-sy-doll",2,2,0,0,0,0,5,,0,0,0,45.5,2.5,0.5,,1,2,2,0,0,0,0,5,,0,0,0,45.5,2.5,0.5,,1,0,0,,,,,0,,,,,0,0,0,,0
"Product","/products/f8112-162cm-5ft3-40-5kg-h-cup-m29-plump-body-silicone-sex-doll-md-doll",2,2,0,0,0,0,9,,0,0,0,215.5,4.5,0.5,,1,2,2,0,0,0,0,9,,0,0,0,215.5,4.5,0.5,,1,0,0,,,,,0,,,,,0,0,0,,0
"Product","/products/p123-silicone-pocket-pussy-ultra-realistic-texture-soft-touch-judy-rona",1,2,0,0,0,0,2,,0,0,0,0,1,1,,2,1,2,0,0,0,0,2,,0,0,0,0,1,1,,2,0,0,,,,,0,,,,,,0,0,,0
"Product","/products/p91-8-51lb-bbw-futa-shemale-sex-doll-torso-with-muscular-abs-and-5-91-insertable-penis-mrl",2,2,0,0,0,0,6,,0,0,0,23,3,0.5,,1,2,2,0,0,0,0,6,,0,0,0,23,3,0.5,,1,0,0,,,,,0,,,,,0,0,0,,0
,"/en-ca/blogs/featured-blog/how-to-tattoo-your-male-sex-doll",2,2,0,0,0,0,2,,0,0,0,0,1,1,,2,2,2,0,0,0,0,2,,0,0,0,0,1,1,,2,0,0,,,,,0,,,,,,0,0,,0
,"/en-ca/blogs/dolls-info-qustions/sex-doll-movies",2,2,0,0,0,0,2,,0,0,0,0,1,1,,2,2,2,0,0,0,0,2,,0,0,0,0,1,1,,2,0,0,,,,,0,,,,,,0,0,,0
"Product","/products/f5267-amanda-162cm5ft3-j-cup-sexy-tpe-sex-doll-jx-galaxy",1,2,0,0,0,0,2,,0,0,0,0,1,1,,2,1,2,0,0,0,0,2,,0,0,0,0,1,1,,2,0,0,,,,,0,,,,,,0,0,,0
"Blog Article","/blogs/dolls-info-qustions/japanese-girls-become-the-most-popular-women",2,2,0,0,0,0,2,,0,0,0,0,1,1,,2,2,2,0,0,0,0,2,,0,0,0,0,1,1,,2,0,0,,,,,0,,,,,,0,0,,0
"Checkout","/orders/7091244630255",1,2,0,0,0,0,3,,0,0,0,9,1.5,0.5,,1,1,2,0,0,0,0,3,,0,0,0,9,1.5,0.5,,1,0,0,,,,,0,,,,,0,0,0,,0
"Blog Article","/blogs/dolls-info-qustions/exploring-the-world-of-futa-sex-dolls-and-customization",2,2,0,0,0,0,4,,0,0,0,104,2,0,,0,2,2,0,0,0,0,4,,0,0,0,104,2,0,,0,0,0,,,,,0,,,,,0,0,,,
,"/en-ca/collections/moan-ai-sex-doll",2,2,0,0,0,0,15,,0,0,0,647.5,7.5,0,,0,2,2,0,0,0,0,15,,0,0,0,647.5,7.5,0,,0,0,0,,,,,0,,,,,0,0,,,
"Product","/products/f1028-fun-west-doll-anime-adult-sex-dolls-stpe-155cm-34kg-in-stock-usa-eu",2,2,0,0,0,0,3,,0,0,0,178.5,1.5,0.5,,1,2,2,0,0,0,0,3,,0,0,0,178.5,1.5,0.5,,1,0,0,,,,,0,,,,,0,0,0,,0
,"/ja/collections/top-rated-japanese-sex-dolls-in-2026",2,2,0,0,0,0,11,,0,0,0,310.5,5.5,0.5,,1,2,2,0,0,0,0,11,,0,0,0,310.5,5.5,0.5,,1,0,0,,,,,0,,,,,0,0,0,,0
,"/en-fi/collections/full-doll",2,2,0,0,0,0,4,,0,0,0,23.5,2,0.5,,1,2,2,0,0,0,0,4,,0,0,0,23.5,2,0.5,,1,0,0,,,,,0,,,,,0,0,0,,0
,"/en-ca/collections/silicone-pocket-pussy",2,2,0,0,0,0,4,,0,0,0,15.5,2,0.5,,1,2,2,0,0,0,0,4,,0,0,0,15.5,2,0.5,,1,0,0,,,,,0,,,,,0,0,0,,0
"Collection","/collections/tpe-body-silicone-head",2,2,0,0,0,0,7,,0,0,0,72.5,3.5,0.5,,1,2,2,0,0,0,0,7,,0,0,0,72.5,3.5,0.5,,1,0,0,,,,,0,,,,,0,0,0,,0
"Product","/products/p101-0-88lb-18in-double-realistic-dildo-with-snakehead-silicone-hentai-male-sex-doll-tayuta",2,2,0,0,0,0,3,,0,0,0,217,1.5,0.5,,1,2,2,0,0,0,0,3,,0,0,0,217,1.5,0.5,,1,0,0,,,,,0,,,,,0,0,0,,0
"Product","/products/f7162-156cm-5ft1-29kg-d-cup-elf-fantasy-tpe-sexual-hentai-alien-sex-doll-castle-doll",2,2,0,0,0,0,3,,0,0,0,1.5,1.5,0.5,,1,2,2,0,0,0,0,3,,0,0,0,1.5,1.5,0.5,,1,0,0,,,,,0,,,,,0,0,0,,0
"Product","/products/t9725-76cm-2ft6-33-5kg-s16-g-cup-silicone-head-ssbbw-plus-size-huge-breast-big-ass-sex-doll-torso-with-head-rosretty-doll",2,2,0,0,0,0,2,,0,0,0,0,1,1,,2,2,2,0,0,0,0,2,,0,0,0,0,1,1,,2,0,0,,,,,0,,,,,,0,0,,0
"Collection","/collections/top-fire-doll-videos",2,2,0,0,0,0,8,,0,0,0,115.5,4,0.5,,1,2,2,0,0,0,0,8,,0,0,0,115.5,4,0.5,,1,0,0,,,,,0,,,,,0,0,0,,0
,"/en-ca/collections/halloween-sex-doll",2,2,0,0,0,0,5,,0,0,0,33,2.5,0.5,,1,2,2,0,0,0,0,5,,0,0,0,33,2.5,0.5,,1,0,0,,,,,0,,,,,0,0,0,,0
"Product","/products/f4709-160cm-5ft2-34kg-silicone-anime-best-hentai-sex-dolls-elsa-babe",1,2,0,0,0,0,5,,0,0,0,384.5,2.5,0.5,,1,1,2,0,0,0,0,5,,0,0,0,384.5,2.5,0.5,,1,0,0,,,,,0,,,,,0,0,0,,0
"Product","/products/t292-70-55-lbs-chloe-ros-life-size-silicone-sex-doll-torso-with-head-in-stock-usa-europe-max-series",2,2,0,0,0,0,28,,0,0,0,455.5,14,0,,0,2,2,0,0,0,0,28,,0,0,0,455.5,14,0,,0,0,0,,,,,0,,,,,0,0,,,
"Product","/products/f7698-163cm5ft3-33kg-e-cup-life-size-ros-silicone-life-size-sex-dolls-lightweight-wm-doll",1,2,0,0,0,0,6,,0,0,0,1050.5,3,0,,0,1,2,0,0,0,0,6,,0,0,0,1050.5,3,0,,0,0,0,,,,,0,,,,,0,0,,,
,"/en-fi/blogs/dolls-info-qustions/gentlemans-paradise-exploring-nsfw-anime-figures-and-sex-dolls",2,2,0,0,0,0,2,,0,0,0,0,1,1,,2,2,2,0,0,0,0,2,,0,0,0,0,1,1,,2,0,0,,,,,0,,,,,,0,0,,0
"Blog Article","/blogs/dolls-info-qustions/the-best-types-of-big-ass-torso-sex-dolls-designed-for-doggy-style",2,2,0,0,0,0,6,,0,0,0,104.5,3,0.5,,1,2,2,0,0,0,0,6,,0,0,0,104.5,3,0.5,,1,0,0,,,,,0,,,,,0,0,0,,0
"Product","/products/f5467-161cm5-3ft-53kg-i-cup-vica-silicone-ssbbw-sex-doll%E4%B8%A8climax-doll-ultra",2,2,0,0,0,0,2,,0,0,0,0,1,1,,2,2,2,0,0,0,0,2,,0,0,0,0,1,1,,2,0,0,,,,,0,,,,,,0,0,,0
"Product","/products/a682-big-ass-torso-silicone-19lb-sucking-vibration",2,2,0,0,0,0,16,,0,0,0,79,8,0.5,,1,2,2,0,0,0,0,16,,0,0,0,79,8,0.5,,1,0,0,,,,,0,,,,,0,0,0,,0
"Product","/products/f5936-155mcm5-1ft-38kg-2-2cf-e-cup-furry-sex-doll-in-purple-plush-cat-costume-realistic-silicone-anime-catgirl-doll-for-adults-bezlya-doll",2,2,0,0,0,0,2,,0,0,0,0.5,1,1,,2,2,2,0,0,0,0,2,,0,0,0,0.5,1,1,,2,0,0,,,,,0,,,,,0,0,0,,0
"Product","/products/f6131-159cm-5ft3-36kg-c-cup-lifelike-silicone-head-tpe-body-sex-doll-rosretty-doll",2,2,0,0,0,0,7,,0,0,0,406,3.5,0.5,,1,2,2,0,0,0,0,7,,0,0,0,406,3.5,0.5,,1,0,0,,,,,0,,,,,0,0,0,,0
"Product","/products/f2384-sy-163cm-g-cup-bbw-big-ass-life-size-sex-doll",2,2,0,0,0,0,2,,0,0,0,0,1,1,,2,2,2,0,0,0,0,2,,0,0,0,0,1,1,,2,0,0,,,,,0,,,,,,0,0,,0
"Product","/products/a423-17-6lb-silicone-butt-sexy-and-real-realistic-big-ass-sex-doll-torso",2,2,0,0,0,0,7,,0,0,0,242.5,3.5,0,,0,2,2,0,0,0,0,7,,0,0,0,242.5,3.5,0,,0,0,0,,,,,0,,,,,0,0,,,
"Blog Article","/blogs/dolls-info-qustions/how-to-pick-a-fake-pussy-and-sex-doll-torso",2,2,0,0,0,0,3,,0,0,0,64.5,1.5,0.5,,1,2,2,0,0,0,0,3,,0,0,0,64.5,1.5,0.5,,1,0,0,,,,,0,,,,,0,0,0,,0
,"/en-ca/pages/sex-doll-gif",2,2,0,0,0,0,3,,0,0,0,6,1.5,0.5,,1,2,2,0,0,0,0,3,,0,0,0,6,1.5,0.5,,1,0,0,,,,,0,,,,,0,0,0,,0
"Product","/products/f9148k-150cm-4ft9-29kg-f-cup-mini-silicone-full-size-sex-doll-in-stock-us-starpery-doll",1,2,0,0,0,0,2,,0,0,0,0,1,1,,2,1,2,0,0,0,0,2,,0,0,0,0,1,1,,2,0,0,,,,,0,,,,,,0,0,,0
"Blog Article","/blogs/dolls-info-qustions/breast-types-for-sex-doll-torso",2,2,0,0,0,0,2,,0,0,0,0,1,1,,2,2,2,0,0,0,0,2,,0,0,0,0,1,1,,2,0,0,,,,,0,,,,,,0,0,,0
"Collection","/collections/black-ass-sex-doll",2,2,1,0,0,0,36,,0.5,0,0,841.5,18,0,,0,2,2,1,0,0,0,36,,0.5,0,0,841.5,18,0,,0,0,0,0,,,,0,,0,,,0,0,,,
"Collection","/collections/sy-doll-factory-photos",2,2,0,0,0,0,7,,0,0,0,142,3.5,0,,0,2,2,0,0,0,0,7,,0,0,0,142,3.5,0,,0,0,0,,,,,0,,,,,0,0,,,
"Product","/products/f8218-162cm-5ft3-40-5kg-h-cup-m46-plump-body-silicone-sex-doll-md-doll",1,2,0,0,0,0,6,,0,0,0,98.5,3,0,,0,1,2,0,0,0,0,6,,0,0,0,98.5,3,0,,0,0,0,,,,,0,,,,,0,0,,,
"Product","/products/a357-27-5lb-silicone-butt-sexy-and-real-realistic-big-ass-sex-doll-torso-climax-doll",2,2,0,0,0,0,2,,0,0,0,0,1,1,,2,2,2,0,0,0,0,2,,0,0,0,0,1,1,,2,0,0,,,,,0,,,,,,0,0,,0
"Product","/products/f2166-elsa-babe-160cm-5ft2-mila-bell-silicone-anime-sex-dolls",1,2,0,0,0,0,2,,0,0,0,0,1,1,,2,1,2,0,0,0,0,2,,0,0,0,0,1,1,,2,0,0,,,,,0,,,,,,0,0,,0
"Blog Article","/blogs/dolls-info-qustions/how-to-use-a-pocket-pussy",2,2,0,0,0,0,2,,0,0,0,0,1,1,,2,2,2,0,0,0,0,2,,0,0,0,0,1,1,,2,0,0,,,,,0,,,,,,0,0,,0
"Blog Article","/blogs/real-sex-doll-reviews-pros-cons-real-usage-tests/top-8-big-ass-sex-doll-torsos-you-can-t-resist",2,2,0,0,0,0,2,,0,0,0,0,1,1,,2,2,2,0,0,0,0,2,,0,0,0,0,1,1,,2,0,0,,,,,0,,,,,,0,0,,0
"Blog Article","/blogs/dolls-info-qustions/complete-analysis-of-sex-doll-torso-skeleton-structure-and-its-benefits",2,2,0,0,0,0,5,,0,0,0,45,2.5,0.5,,1,2,2,0,0,0,0,5,,0,0,0,45,2.5,0.5,,1,0,0,,,,,0,,,,,0,0,0,,0
"Collection","/collections/lesbian-sex-doll",2,2,0,0,0,0,5,,0,0,0,23,2.5,0,,0,2,2,0,0,0,0,5,,0,0,0,23,2.5,0,,0,0,0,,,,,0,,,,,0,0,,,
"Product","/products/f1223-160cm-i-cup-luna-sex-doll-irontech-doll",2,2,0,0,0,0,3,,0,0,0,209,1.5,0.5,,1,2,2,0,0,0,0,3,,0,0,0,209,1.5,0.5,,1,0,0,,,,,0,,,,,0,0,0,,0
"Product","/products/f7601-170cm-5ft6-41kg-f-cup-93-tpe-body-silicone-head-huge-breast-sex-doll-sy-doll",1,2,0,0,0,0,12,,0,0,0,92.5,6,0.5,,1,1,2,0,0,0,0,12,,0,0,0,92.5,6,0.5,,1,0,0,,,,,0,,,,,0,0,0,,0
"Product","/products/lightweight-ass-toy-silicone-8-5lb-a805",2,2,0,0,0,0,2,,0,0,0,0,1,1,,2,2,2,0,0,0,0,2,,0,0,0,0,1,1,,2,0,0,,,,,0,,,,,,0,0,,0
"Product","/products/t90221-49lb-d-cup-2-95-dildo-electric-shemale-male-female-rechargeable-sex-doll-torso-adult-toys",2,2,0,0,0,0,2,,0,0,0,0,1,1,,2,2,2,0,0,0,0,2,,0,0,0,0,1,1,,2,0,0,,,,,0,,,,,,0,0,,0
"Product","/products/irontech-silicone-doll-164cm-f753",2,2,0,0,0,0,4,,0,0,0,535.5,2,0.5,,1,2,2,0,0,0,0,4,,0,0,0,535.5,2,0.5,,1,0,0,,,,,0,,,,,0,0,0,,0
"Product","/products/f9014-164cm5-4ft-36kg-d-cup-silicone-sex-doll%E4%B8%A8rosretty-doll",1,2,0,0,0,0,2,,0,0,0,0,1,1,,2,1,2,0,0,0,0,2,,0,0,0,0,1,1,,2,0,0,,,,,0,,,,,,0,0,,0
,"/ja/blogs/real-sex-doll-reviews-pros-cons-real-usage-tests/2026-meru-hentai-sex-doll-review-comprehensive-comparison-of-4-hot-models",2,2,0,0,0,0,2,,0,0,0,0,1,1,,2,2,2,0,0,0,0,2,,0,0,0,0,1,1,,2,0,0,,,,,0,,,,,,0,0,,0
"Product","/products/f3387-153cm-5ft31kg-judy-e-cup-silicone-adult-full-sexy-europe-sex-doll-yl-doll",2,2,0,0,0,0,6,,0,0,0,896.5,3,0.5,,1,2,2,0,0,0,0,6,,0,0,0,896.5,3,0.5,,1,0,0,,,,,0,,,,,0,0,0,,0
"Collection","/collections/newest-sex-doll",2,2,0,0,0,0,4,,0,0,0,289,2,0.5,,1,2,2,0,0,0,0,4,,0,0,0,289,2,0.5,,1,0,0,,,,,0,,,,,0,0,0,,0
,"/vi/blogs/dolls-info-qustions/have-sex-with-a-japnese-sex-doll",2,2,0,0,0,0,16,,0,0,0,183,8,0,,0,2,2,0,0,0,0,16,,0,0,0,183,8,0,,0,0,0,,,,,0,,,,,0,0,,,
,"/en-fi/collections/silicone-pocket-pussy",2,2,0,0,0,0,2,,0,0,0,0,1,1,,2,2,2,0,0,0,0,2,,0,0,0,0,1,1,,2,0,0,,,,,0,,,,,,0,0,,0
"Blog Article","/blogs/featured-blog/best-sex-dolls-2025-most-popular-and-hottest-on-linkdolls",2,2,0,0,0,0,5,,0,0,0,195,2.5,0.5,,1,2,2,0,0,0,0,5,,0,0,0,195,2.5,0.5,,1,0,0,,,,,0,,,,,0,0,0,,0
,"/en-ca/collections/pornstar-sex-doll",2,2,0,0,0,0,2,,0,0,0,0,1,1,,2,2,2,0,0,0,0,2,,0,0,0,0,1,1,,2,0,0,,,,,0,,,,,,0,0,,0
"Collection","/collections/nianta-doll",2,2,0,0,0,0,14,,0,0,0,432,7,0,,0,2,2,0,0,0,0,14,,0,0,0,432,7,0,,0,0,0,,,,,0,,,,,0,0,,,
"Blog Article","/blogs/dolls-info-qustions/4-reasons-why-milfs-are-so-popular-in-2023",2,2,0,0,0,0,2,,0,0,0,0,1,1,,2,2,2,0,0,0,0,2,,0,0,0,0,1,1,,2,0,0,,,,,0,,,,,,0,0,,0
"Product","/products/f2591-164cm-f-cup-blond-big-boobs-silicone-sex-doll-irontech-doll",1,2,0,0,0,0,2,,0,0,0,0,1,1,,2,1,2,0,0,0,0,2,,0,0,0,0,1,1,,2,0,0,,,,,0,,,,,,0,0,,0
"Blog Article","/blogs/dolls-info-qustions/the-top-5-most-popular-naked-sex-dolls-in-2025",2,2,0,0,0,0,2,,0,0,0,0,1,1,,2,2,2,0,0,0,0,2,,0,0,0,0,1,1,,2,0,0,,,,,0,,,,,,0,0,,0
"Product","/products/f5813-168cm-5ft5-35kg-f-cup-zhimin-silicone-realistic-sex-doll-top-cydoll",1,2,1,0,0,0,13,,0.5,0,0,137.5,6.5,0.5,,1,1,2,1,0,0,0,13,,0.5,0,0,137.5,6.5,0.5,,1,0,0,0,,,,0,,0,,,0,0,0,,0
"Collection","/collections/o-cup-sex-doll",2,2,0,0,0,0,2,,0,0,0,0,1,1,,2,2,2,0,0,0,0,2,,0,0,0,0,1,1,,2,0,0,,,,,0,,,,,,0,0,,0
"Collection","/collections/ido-doll",2,2,0,0,0,0,14,,0,0,0,97.5,7,0,,0,2,2,0,0,0,0,14,,0,0,0,97.5,7,0,,0,0,0,,,,,0,,,,,0,0,,,
,"/en-ca/blogs/dolls-info-qustions/the-vibration-and-suction-functions-of-automatic-sex-dolls",2,2,0,0,0,0,2,,0,0,0,0,1,1,,2,2,2,0,0,0,0,2,,0,0,0,0,1,1,,2,0,0,,,,,0,,,,,,0,0,,0
"Product","/products/f6336-life-size-ros-sex-doll-realistic",2,2,0,0,0,0,40,,0,0,0,966.5,20,0.5,,1,2,2,0,0,0,0,40,,0,0,0,966.5,20,0.5,,1,0,0,,,,,0,,,,,0,0,0,,0
,"/de/collections/all",2,2,0,0,0,0,7,,0,0,0,65,3.5,0,,0,2,2,0,0,0,0,7,,0,0,0,65,3.5,0,,0,0,0,,,,,0,,,,,0,0,,,
"Blog Article","/blogs/featured-blog/what-is-a-sex-doll",1,1,0,0,0,0,1,,0,0,0,0,1,1,,1,1,1,0,0,0,0,1,,0,0,0,0,1,1,,1,0,0,,,,,0,,,,,,0,0,,0
"Blog Article","/blogs/recent-brand-updates-new-arrivals-for-sex-dolls/sy-doll-redefining-oral-interaction-for-robotic-sex-dolls",1,1,0,0,0,0,1,,0,0,0,0,1,1,,1,1,1,0,0,0,0,1,,0,0,0,0,1,1,,1,0,0,,,,,0,,,,,,0,0,,0
,"/de/blogs/dolls-info-qustions/top-5-sex-doll-anal",1,1,0,0,0,0,1,,0,0,0,0,1,1,,1,1,1,0,0,0,0,1,,0,0,0,0,1,1,,1,0,0,,,,,0,,,,,,0,0,,0
,"/ja/blogs/dolls-info-qustions/customizable-torso-summary",1,1,0,0,0,0,1,,0,0,0,0,1,1,,1,1,1,0,0,0,0,1,,0,0,0,0,1,1,,1,0,0,,,,,0,,,,,,0,0,,0
"Product","/products/f3784-165cm-5ft440-5kg-e-cup-tpe-big-chest-curve-blonde-sexy-full-body-sex-doll-yl-doll",1,1,0,0,0,0,3,,0,0,0,879,3,0,,0,1,1,0,0,0,0,3,,0,0,0,879,3,0,,0,0,0,,,,,0,,,,,0,0,,,
"Product","/products/f12188-elsa-babe-165cm-5ft4-yoshida-nozomi-fantasy-full-silicone-sex-dolls",1,1,0,0,0,0,3,,0,0,0,1956,3,0,,0,1,1,0,0,0,0,3,,0,0,0,1956,3,0,,0,0,0,,,,,0,,,,,0,0,,,
"Product","/products/f4213-164cm5-4ft-34kg-j-cup-asian-tpe-sex-doll%E4%B8%A8wm-doll",1,1,0,0,0,0,5,,0,0,0,123,5,0,,0,1,1,0,0,0,0,5,,0,0,0,123,5,0,,0,0,0,,,,,0,,,,,0,0,,,
,"/en-fi/collections/fake-ass-sex-toy",1,1,0,0,0,0,1,,0,0,0,0,1,1,,1,1,1,0,0,0,0,1,,0,0,0,0,1,1,,1,0,0,,,,,0,,,,,,0,0,,0
"Product","/products/f311-163cm5-3ft-51kg-198-h-cup-dora-best-bbw-milf-big-booty-stpe-sex-doll-in-stock-usa-%E4%B8%A8wm-doll",1,1,0,0,0,0,1,,0,0,0,0,1,1,,1,1,1,0,0,0,0,1,,0,0,0,0,1,1,,1,0,0,,,,,0,,,,,,0,0,,0
"Blog Article","/blogs/dolls-info-qustions/inside-the-2025-shenzhen-adult-expo-where-tech-meets-fantasy-in-the-world-of-sex-dolls",1,1,0,0,0,0,1,,0,0,0,0,1,1,,1,1,1,0,0,0,0,1,,0,0,0,0,1,1,,1,0,0,,,,,0,,,,,,0,0,,0
,"/en-ca/collections/curvy-sex-dolls",1,1,0,0,0,0,3,,0,0,0,28,3,0,,0,1,1,0,0,0,0,3,,0,0,0,28,3,0,,0,0,0,,,,,0,,,,,0,0,,,
"Product","/products/f2098-171cm5-6ft-36kg-j-cup-milf-tpe-sex-doll%E4%B8%A8wm-doll",1,1,0,0,0,0,3,,0,0,0,1519,3,0,,0,1,1,0,0,0,0,3,,0,0,0,1519,3,0,,0,0,0,,,,,0,,,,,0,0,,,
"Checkout","/60719464687/orders/6b45d1d2fec937db87aa79719aa16b51",1,1,0,0,0,0,1,,0,0,0,0,1,1,,1,1,1,0,0,0,0,1,,0,0,0,0,1,1,,1,0,0,,,,,0,,,,,,0,0,,0
"Product","/products/15lb-lifelike-big-boobs-sex-doll-torso-with-anal-and-vaginal-tunnels-516-sex-doll-torso",1,1,0,0,0,0,5,,0,0,0,293,5,0,,0,1,1,0,0,0,0,5,,0,0,0,293,5,0,,0,0,0,,,,,0,,,,,0,0,,,
"Product","/products/f2121k-172cm5-6ft-40kg-d-cup-rebecca-premium-tpe-sex-doll-in-stock-usa-%E4%B8%A8wm-doll",1,1,0,0,0,0,1,,0,0,0,0,1,1,,1,1,1,0,0,0,0,1,,0,0,0,0,1,1,,1,0,0,,,,,0,,,,,,0,0,,0
,"/en-fi/collections/mini-sex-doll",1,1,0,0,0,0,3,,0,0,0,125,3,0,,0,1,1,0,0,0,0,3,,0,0,0,125,3,0,,0,0,0,,,,,0,,,,,0,0,,,
,"/en-fi/blogs/dolls-info-qustions/huge-breasts-sex-doll-what-really-sets-the-three-breast-structures-apart",1,1,0,0,0,0,2,,0,0,0,17,2,0,,0,1,1,0,0,0,0,2,,0,0,0,17,2,0,,0,0,0,,,,,0,,,,,0,0,,,
,"/en-fi/blogs/dolls-info-qustions/a-2026-deep-dive-into-single-people-s-buying-motivations",1,1,0,0,0,0,1,,0,0,0,0,1,1,,1,1,1,0,0,0,0,1,,0,0,0,0,1,1,,1,0,0,,,,,0,,,,,,0,0,,0
,"/de/collections/cheap-sex-doll",1,1,0,0,0,0,1,,0,0,0,0,1,1,,1,1,1,0,0,0,0,1,,0,0,0,0,1,1,,1,0,0,,,,,0,,,,,,0,0,,0
,"/de/collections/asian-sex-doll",1,1,0,0,0,0,1,,0,0,0,0,1,1,,1,1,1,0,0,0,0,1,,0,0,0,0,1,1,,1,0,0,,,,,0,,,,,,0,0,,0
"Collection","/collections/judy-rona-in-stock-usa",1,1,0,0,0,0,10,,0,0,0,382,10,0,,0,1,1,0,0,0,0,10,,0,0,0,382,10,0,,0,0,0,,,,,0,,,,,0,0,,,
,"/en-ca/products/h208-ros-silicone-sex-doll-head%E4%B8%A8galatea-doll-head",1,1,0,0,0,0,8,,0,0,0,1188,8,0,,0,1,1,0,0,0,0,8,,0,0,0,1188,8,0,,0,0,0,,,,,0,,,,,0,0,,,
,"/en-ca/collections/all/big-ass",1,1,0,0,0,0,3,,0,0,0,139,3,0,,0,1,1,0,0,0,0,3,,0,0,0,139,3,0,,0,0,0,,,,,0,,,,,0,0,,,
"Collection","/collections/torso-in-stock-usa",1,1,0,0,0,0,1,,0,0,0,0,1,1,,1,1,1,0,0,0,0,1,,0,0,0,0,1,1,,1,0,0,,,,,0,,,,,,0,0,,0
"Product","/products/f9117-160cm-5ft2-36kg-g-cup-silicone-sexual-male-best-shemale-sex-doll-castle-doll",1,1,0,0,0,0,1,,0,0,0,0,1,1,,1,1,1,0,0,0,0,1,,0,0,0,0,1,1,,1,0,0,,,,,0,,,,,,0,0,,0
"Product","/products/f4360-151cm4ft11-37kg-f-cup-asian-silicone-head-mini-sex-doll-aibei-doll",1,1,0,0,0,0,1,,0,0,0,0,1,1,,1,1,1,0,0,0,0,1,,0,0,0,0,1,1,,1,0,0,,,,,0,,,,,,0,0,,0
,"/ja/collections/ai-sex-doll",1,1,0,0,0,0,4,,0,0,0,39,4,0,,0,1,1,0,0,0,0,4,,0,0,0,39,4,0,,0,0,0,,,,,0,,,,,0,0,,,
,"/en-ca/collections/mini-torso",1,1,0,0,0,0,1,,0,0,0,0,1,1,,1,1,1,0,0,0,0,1,,0,0,0,0,1,1,,1,0,0,,,,,0,,,,,,0,0,,0
"Product","/products/b71-39lbs-silicone-sex-doll-big-boobs-3-in-1",1,1,0,0,0,0,11,,0,0,0,589,11,0,,0,1,1,0,0,0,0,11,,0,0,0,589,11,0,,0,0,0,,,,,0,,,,,0,0,,,
,"/ja/blogs/dolls-info-qustions/what-types-of-cheap-sex-dolls-can-i-buy-on-linkdolls",1,1,0,0,0,0,1,,0,0,0,0,1,1,,1,1,1,0,0,0,0,1,,0,0,0,0,1,1,,1,0,0,,,,,0,,,,,,0,0,,0
,"/en-ca/products/t681-61lbbig-boots-sex-doll-torso",1,1,0,0,0,0,2,,0,0,0,159,2,0,,0,1,1,0,0,0,0,2,,0,0,0,159,2,0,,0,0,0,,,,,0,,,,,0,0,,,
,"/en-ca/collections/monster-hentai-sex-doll",1,1,0,0,0,0,6,,0,0,0,202,6,0,,0,1,1,0,0,0,0,6,,0,0,0,202,6,0,,0,0,0,,,,,0,,,,,0,0,,,
,"/en-ca/collections/japanese-anime-sex-doll",1,1,0,0,0,0,1,,0,0,0,0,1,1,,1,1,1,0,0,0,0,1,,0,0,0,0,1,1,,1,0,0,,,,,0,,,,,,0,0,,0
,"/en-ca/blogs/dolls-info-qustions/why-do-female-characters-in-anime-often-have-exaggeratedly-large-breasts",1,1,0,0,0,0,1,,0,0,0,0,1,1,,1,1,1,0,0,0,0,1,,0,0,0,0,1,1,,1,0,0,,,,,0,,,,,,0,0,,0
"Product","/products/l37-41-45lb-107cm-long-silicone-sex-doll-legs-with-pubic-hair-sigafun",1,1,0,0,0,0,1,,0,0,0,0,1,1,,1,1,1,0,0,0,0,1,,0,0,0,0,1,1,,1,0,0,,,,,0,,,,,,0,0,,0
"Collection","/collections/sex-torso-doll-in-stock-europe",1,1,0,0,0,0,1,,0,0,0,0,1,1,,1,1,1,0,0,0,0,1,,0,0,0,0,1,1,,1,0,0,,,,,0,,,,,,0,0,,0
,"/ja/blogs/dolls-info-qustions/a-must-read-for-anime-fans-anime-futa-sex-dolls-bring-your-2d-fantasy-to-life",1,1,0,0,0,0,1,,0,0,0,0,1,1,,1,1,1,0,0,0,0,1,,0,0,0,0,1,1,,1,0,0,,,,,0,,,,,,0,0,,0
,"/en-ca/products/p39-realistic-pussy-masturbator",1,1,0,0,0,0,4,,0,0,0,120,4,0,,0,1,1,0,0,0,0,4,,0,0,0,120,4,0,,0,0,0,,,,,0,,,,,0,0,,,
"Product","/products/f5711-168cm-5ft6-39kg-d-cup-realistic-silicone-bbw-sex-doll-sy-doll",1,1,0,0,0,0,1,,0,0,0,0,1,1,,1,1,1,0,0,0,0,1,,0,0,0,0,1,1,,1,0,0,,,,,0,,,,,,0,0,,0
,"/en-ca/collections/sex-doll-torso/products/592-67lb-75cm-bbw-sex-doll-torso-big-tits-big-ass-sex-doll-torso",1,1,0,0,0,0,4,,0,0,0,32,4,0,,0,1,1,0,0,0,0,4,,0,0,0,32,4,0,,0,0,0,,,,,0,,,,,0,0,,,
"Product","/products/h984-sex-doll-head-r-irontech-doll-head",1,1,0,0,0,0,1,,0,0,0,0,1,1,,1,1,1,0,0,0,0,1,,0,0,0,0,1,1,,1,0,0,,,,,0,,,,,,0,0,,0
"Collection","/collections/silicone-torso",1,1,0,0,0,0,5,,0,0,0,245,5,0,,0,1,1,0,0,0,0,5,,0,0,0,245,5,0,,0,0,0,,,,,0,,,,,0,0,,,
"Product","/products/f2453-164cm5-4ft-39kg-g-cup-life-size-silicone-head-sex-doll-in-stock-us-sigafun-doll",1,1,0,0,0,0,3,,0,0,0,1669,3,0,,0,1,1,0,0,0,0,3,,0,0,0,1669,3,0,,0,0,0,,,,,0,,,,,0,0,,,
"Product","/products/f1642-160cm-5ft2-b-cup-petite-lifelike-tpe-sex-doll-sy-doll",1,1,0,0,0,0,1,,0,0,0,0,1,1,,1,1,1,0,0,0,0,1,,0,0,0,0,1,1,,1,0,0,,,,,0,,,,,,0,0,,0
"Product","/products/f7681k-168cm-36kg-full-size-silicone-ros-adult-sex-doll-fenna-in-stock-usa-ridmii",1,1,0,0,0,0,5,,0,0,0,1170,5,0,,0,1,1,0,0,0,0,5,,0,0,0,1170,5,0,,0,0,0,,,,,0,,,,,0,0,,,
"Blog Article","/blogs/dolls-info-qustions/how-to-repair-your-bbw-sex-doll",1,1,0,0,0,0,1,,0,0,0,0,1,1,,1,1,1,0,0,0,0,1,,0,0,0,0,1,1,,1,0,0,,,,,0,,,,,,0,0,,0
"Blog Article","/blogs/dolls-info-qustions/the-appeal-of-long-legs-big-butts-and-full-size-sex-doll-recommendations",1,1,0,0,0,0,6,,0,0,0,304,6,0,,0,1,1,0,0,0,0,6,,0,0,0,304,6,0,,0,0,0,,,,,0,,,,,0,0,,,
,"/en-fi/blogs/dolls-info-qustions/4-tips-for-oral-sex-with-blow-job-dolls-to-enhance-your-sexual-experience",1,1,0,0,0,0,1,,0,0,0,0,1,1,,1,1,1,0,0,0,0,1,,0,0,0,0,1,1,,1,0,0,,,,,0,,,,,,0,0,,0
,"/de/blogs/dolls-info-qustions/top-yl-dolls-of-2025-you-don-t-want-to-miss",1,1,0,0,0,0,1,,0,0,0,0,1,1,,1,1,1,0,0,0,0,1,,0,0,0,0,1,1,,1,0,0,,,,,0,,,,,,0,0,,0
"Product","/products/f8077-150cm-5ft-27kg-m15-medium-chest-chinese-silicone-sex-doll-md-doll",1,1,0,0,0,0,1,,0,0,0,0,1,1,,1,1,1,0,0,0,0,1,,0,0,0,0,1,1,,1,0,0,,,,,0,,,,,,0,0,,0
"Checkout","/60719464687/orders/735609b9abb0a868ca6677cfc6aea85f",1,1,0,0,0,0,8,,0,0,0,398,8,0,,0,1,1,0,0,0,0,8,,0,0,0,398,8,0,,0,0,0,,,,,0,,,,,0,0,,,
"Product","/products/h485-tpe-oral-sex-doll-head-with-tonge%E4%B8%A8funwest-doll-head",1,1,0,0,0,0,1,,0,0,0,0,1,1,,1,1,1,0,0,0,0,1,,0,0,0,0,1,1,,1,0,0,,,,,0,,,,,,0,0,,0
"Product","/products/f8095-150cm-5ft-27-5kg-japanese-anime-silicone-sex-doll-elsa-babe",1,1,0,0,0,0,1,,0,0,0,0,1,1,,1,1,1,0,0,0,0,1,,0,0,0,0,1,1,,1,0,0,,,,,0,,,,,,0,0,,0
"Blog Article","/blogs/dolls-info-qustions/do-older-women-still-use-sex-toys",1,1,0,0,0,0,1,,0,0,0,0,1,1,,1,1,1,0,0,0,0,1,,0,0,0,0,1,1,,1,0,0,,,,,0,,,,,,0,0,,0
"Product","/products/t60-20-28lb-7-dildo-cheap-realistic-trans-torso-sex-doll-lightweight-shemale-torso",1,1,0,0,0,0,1,,0,0,0,0,1,1,,1,1,1,0,0,0,0,1,,0,0,0,0,1,1,,1,0,0,,,,,0,,,,,,0,0,,0
"Product","/products/f4247-159cm5-2ft-27kg-b-cup-anime-tpe-hentai-sex-doll%E4%B8%A8wm-doll",1,1,0,0,0,0,1,,0,0,0,0,1,1,,1,1,1,0,0,0,0,1,,0,0,0,0,1,1,,1,0,0,,,,,0,,,,,,0,0,,0
"Collection","/collections/elsa-babe-videos",1,1,0,0,0,0,1,,0,0,0,0,1,1,,1,1,1,0,0,0,0,1,,0,0,0,0,1,1,,1,0,0,,,,,0,,,,,,0,0,,0
"Product","/products/t284k-103cm-3ft5-j-cup-natural-sophia-lane-a-silicone-sex-doll-torso-with-head-in-stock-us-se-doll",1,1,0,0,0,0,1,,0,0,0,0,1,1,,1,1,1,0,0,0,0,1,,0,0,0,0,1,1,,1,0,0,,,,,0,,,,,,0,0,,0
"Product","/products/f2412-158cm5-2ft-g-cup-ai-chatbot-blinking-smiling-robot-sex-doll%E4%B8%A8sy-doll",1,1,0,0,0,0,1,,0,0,0,0,1,1,,1,1,1,0,0,0,0,1,,0,0,0,0,1,1,,1,0,0,,,,,0,,,,,,0,0,,0
"Product","/products/f3304-157cm-5ft2-42kg-e-cup-tpe-sexy-woman-adult-big-chest-sex-doll-yl-doll",1,1,0,0,0,0,1,,0,0,0,0,1,1,,1,1,1,0,0,0,0,1,,0,0,0,0,1,1,,1,0,0,,,,,0,,,,,,0,0,,0
"Checkout","/60719464687/orders/ccb1d5204ba45d2fce779d742f0960c6",1,1,0,0,0,0,1,,0,0,0,0,1,1,,1,1,1,0,0,0,0,1,,0,0,0,0,1,1,,1,0,0,,,,,0,,,,,,0,0,,0
"Product","/products/f5560-150cm4ft9-33kg-f-cup-japanese-life-size-tpe-sex-doll-aibei-doll",1,1,0,0,0,0,1,,0,0,0,0,1,1,,1,1,1,0,0,0,0,1,,0,0,0,0,1,1,,1,0,0,,,,,0,,,,,,0,0,,0
"Product","/products/f3294-156cm-5ft1-32kg-a-cup-tpe-sexy-full-body-young-small-chest-sex-doll-yl-doll",1,1,0,0,0,0,1,,0,0,0,0,1,1,,1,1,1,0,0,0,0,1,,0,0,0,0,1,1,,1,0,0,,,,,0,,,,,,0,0,,0
"Product","/products/a628-24-3lb-louise-realistic-life-size-sex-doll%E4%B8%A8tantaly",1,1,0,0,0,0,1,,0,0,0,0,1,1,,1,1,1,0,0,0,0,1,,0,0,0,0,1,1,,1,0,0,,,,,0,,,,,,0,0,,0
"Product","/products/f4092-153cm-q-cup-full-silicone-ssbbw-biggest-bbw-sex-doll-castle-doll",1,1,0,0,0,0,1,,0,0,0,0,1,1,,1,1,1,0,0,0,0,1,,0,0,0,0,1,1,,1,0,0,,,,,0,,,,,,0,0,,0
"Product","/products/p56-fake-pussy",1,1,0,0,0,0,3,,0,0,0,136,3,0,,0,1,1,0,0,0,0,3,,0,0,0,136,3,0,,0,0,0,,,,,0,,,,,0,0,,,
"Product","/products/f2442-159cm5-2ft-37kg-a-cup-alice-christmas-tpe-sex-doll-fun-west-doll",1,1,0,0,0,0,1,,0,0,0,0,1,1,,1,1,1,0,0,0,0,1,,0,0,0,0,1,1,,1,0,0,,,,,0,,,,,,0,0,,0
"Product","/products/f7694k-162cm5ft3-50kg-j-cup-life-sized-tpe-bbw-sex-doll-in-stock-usa-galaxy",1,1,0,0,0,0,1,,0,0,0,0,1,1,,1,1,1,0,0,0,0,1,,0,0,0,0,1,1,,1,0,0,,,,,0,,,,,,0,0,,0
"Checkout","/orders/7090483331311",1,1,0,0,0,0,1,,0,0,0,0,1,1,,1,1,1,0,0,0,0,1,,0,0,0,0,1,1,,1,0,0,,,,,0,,,,,,0,0,,0
"Product","/products/f014-170cm5f8-56kg-g-cup-lenore-fat-and-thick-silicone-head-sex-doll-climax-doll",1,1,0,0,0,0,5,,0,0,0,1459,5,0,,0,1,1,0,0,0,0,5,,0,0,0,1459,5,0,,0,0,0,,,,,0,,,,,0,0,,,
"Product","/products/590-sex-doll-torso",1,1,0,0,0,0,12,,0,0,0,328,12,0,,0,1,1,0,0,0,0,12,,0,0,0,328,12,0,,0,0,0,,,,,0,,,,,0,0,,,
"Product","/products/f9203-165cm5ft4-32kg-f-cup-sleeping-fully-articulated-skeleton-silicone-gel-breast-most-realistic-sex-doll%E4%B8%A8doll-senior",1,1,0,0,0,0,6,,0,0,0,881,6,0,,0,1,1,0,0,0,0,6,,0,0,0,881,6,0,,0,0,0,,,,,0,,,,,0,0,,,
"Collection","/collections/smiling-sex-doll",1,1,0,0,0,0,1,,0,0,0,0,1,1,,1,1,1,0,0,0,0,1,,0,0,0,0,1,1,,1,0,0,,,,,0,,,,,,0,0,,0
"Product","/products/597-12lb-36-5cm-bbw-pear-shaped-saggy-breasts-sex-doll-torso",1,1,0,0,0,0,1,,0,0,0,0,1,1,,1,1,1,0,0,0,0,1,,0,0,0,0,1,1,,1,0,0,,,,,0,,,,,,0,0,,0
"Product","/products/l649k-50-7lbs-110cm-silicone-sex-doll-legs-lifelike-half-body-torso-in-stock-usa-yeloly",1,1,0,0,0,0,32,,0,0,0,3234,32,0,,0,1,1,0,0,0,0,32,,0,0,0,3234,32,0,,0,0,0,,,,,0,,,,,0,0,,,
,"/en-ca/collections/big-ass-sex-dolls",1,1,0,0,0,0,1,,0,0,0,0,1,1,,1,1,1,0,0,0,0,1,,0,0,0,0,1,1,,1,0,0,,,,,0,,,,,,0,0,,0
,"/ja/blogs/dolls-info-qustions/how-to-install-a-removable-vaginal-insert-into-a-sex-doll",1,1,0,0,0,0,1,,0,0,0,0,1,1,,1,1,1,0,0,0,0,1,,0,0,0,0,1,1,,1,0,0,,,,,0,,,,,,0,0,,0
,"/en-fi/products/f7677-163cm5ft3-33kg-e-cup-life-size-ros-silicone-life-size-sex-dolls-lightweight-wm-doll",1,1,0,0,0,0,1,,0,0,0,0,1,1,,1,1,1,0,0,0,0,1,,0,0,0,0,1,1,,1,0,0,,,,,0,,,,,,0,0,,0
"Product","/products/a798-big-butt-realistic-sex-torso-climax-doll",1,1,0,0,0,0,6,,0,0,0,1253,6,0,,0,1,1,0,0,0,0,6,,0,0,0,1253,6,0,,0,0,0,,,,,0,,,,,0,0,,,
"Product","/products/f1219-160cm-46kg-i-cup-betty-big-breasts-japanese-wife-sex-doll-romantic-partner-irontech-doll",1,1,0,0,0,0,4,,0,0,0,979,4,0,,0,1,1,0,0,0,0,4,,0,0,0,979,4,0,,0,0,0,,,,,0,,,,,0,0,,,
"Collection","/collections/jiuai",1,1,0,0,0,0,1,,0,0,0,0,1,1,,1,1,1,0,0,0,0,1,,0,0,0,0,1,1,,1,0,0,,,,,0,,,,,,0,0,,0
,"/de/blogs/dolls-info-qustions/budget-tight-don-t-miss-these-cheap-and-practical-sex-dolls-this-december",1,1,0,0,0,0,3,,0,0,0,194,3,0,,0,1,1,0,0,0,0,3,,0,0,0,194,3,0,,0,0,0,,,,,0,,,,,0,0,,,
,"/en-ca/collections/chubby-sex-doll",1,1,0,0,0,0,5,,0,0,0,455,5,0,,0,1,1,0,0,0,0,5,,0,0,0,455,5,0,,0,0,0,,,,,0,,,,,0,0,,,
"Product","/products/h991-free-ai-talking-ros-max-silicone-blowjob-sex-doll-head-real-lady-doll",1,1,0,0,0,0,1,,0,0,0,0,1,1,,1,1,1,0,0,0,0,1,,0,0,0,0,1,1,,1,0,0,,,,,0,,,,,,0,0,,0
"Product","/products/t496-30-20lb-emma-silicone-lightweight-lifelike-sex-doll-realistic-sex-doll-with-slim-body-lovenestle-inf",1,1,0,0,0,0,1,,0,0,0,0,1,1,,1,1,1,0,0,0,0,1,,0,0,0,0,1,1,,1,0,0,,,,,0,,,,,,0,0,,0
,"/en-ca/blogs/dolls-info-qustions/must-read-for-trans-men-sleeves-vs-electric-pocket-pussy-which-one-is-right-for-you",1,1,0,0,0,0,2,,0,0,0,141,2,0,,0,1,1,0,0,0,0,2,,0,0,0,141,2,0,,0,0,0,,,,,0,,,,,0,0,,,
"Product","/products/f8235-168cm5-5ft-34kg-b-cup-silicone-full-size-sex-doll-azm-doll",1,1,0,0,0,0,12,,0,0,0,1991,12,0,,0,1,1,0,0,0,0,12,,0,0,0,1991,12,0,,0,0,0,,,,,0,,,,,0,0,,,
"Product","/products/l47348-5lb-109cmadult-foot-toy-with-tunnel-for-leg-and-feet-fetish-use-climax-doll",1,1,0,0,0,0,5,,0,0,0,185,5,0,,0,1,1,0,0,0,0,5,,0,0,0,185,5,0,,0,0,0,,,,,0,,,,,0,0,,,
,"/en-ca/blogs/dolls-info-qustions/huge-breasts-sex-doll-what-really-sets-the-three-breast-structures-apart",1,1,0,0,0,0,1,,0,0,0,0,1,1,,1,1,1,0,0,0,0,1,,0,0,0,0,1,1,,1,0,0,,,,,0,,,,,,0,0,,0
"Checkout","/checkouts/cn/hWNDTtIbRRhLxsFtyuMS9PG6/en-us",1,1,0,1,0,0,1,0,0,1,0,0,1,0,,0,1,1,0,1,0,0,1,0,0,1,0,0,1,0,,0,0,0,,0,,,0,,,0,,,0,,,
"Blog Article","/blogs/dolls-info-qustions/dress-up-your-male-sex-doll",1,1,0,0,0,0,1,,0,0,0,0,1,1,,1,1,1,0,0,0,0,1,,0,0,0,0,1,1,,1,0,0,,,,,0,,,,,,0,0,,0
,"/en-fi/blogs/dolls-info-qustions/2025-five-stylish-and-charming-chinese-sex-doll",1,1,0,0,0,0,1,,0,0,0,0,1,1,,1,1,1,0,0,0,0,1,,0,0,0,0,1,1,,1,0,0,,,,,0,,,,,,0,0,,0
"Product","/products/f4759-175cm5ft9-69kg-x-cup-huge-breast-fat-ass-tpe-fat-ssbbw-sex-doll-castle-doll",1,1,0,0,0,0,1,,0,0,0,0,1,1,,1,1,1,0,0,0,0,1,,0,0,0,0,1,1,,1,0,0,,,,,0,,,,,,0,0,,0
"Collection","/collections/top-fire-doll-factory-photos",1,1,0,0,0,0,8,,0,0,0,155,8,0,,0,1,1,0,0,0,0,8,,0,0,0,155,8,0,,0,0,0,,,,,0,,,,,0,0,,,
,"/en-fi/products/h398-ros-silicone-sex-doll-head%e4%b8%a8galatate-doll-head",1,1,0,0,0,0,1,,0,0,0,0,1,1,,1,1,1,0,0,0,0,1,,0,0,0,0,1,1,,1,0,0,,,,,0,,,,,,0,0,,0
"Product","/products/546-4lb-lightweight-black-ass-sex-doll-torso",1,1,0,0,0,0,2,,0,0,0,83,2,0,,0,1,1,0,0,0,0,2,,0,0,0,83,2,0,,0,0,0,,,,,0,,,,,0,0,,,
"Product","/products/t9045-95lb-6-88-dildo-electric-male-rechargeable-sex-doll-ass-torso-adult-toys-for-female",1,1,0,0,0,0,1,,0,0,0,0,1,1,,1,1,1,0,0,0,0,1,,0,0,0,0,1,1,,1,0,0,,,,,0,,,,,,0,0,,0
,"/en-fi/products/d4011-4-lbs%E4%B8%A88-46-fantasy-double-layer-dog-dildo-silicone-knot-torso-dildo",1,1,0,0,0,0,1,,0,0,0,0,1,1,,1,1,1,0,0,0,0,1,,0,0,0,0,1,1,,1,0,0,,,,,0,,,,,,0,0,,0
"Collection","/collections/galaxy",1,1,0,0,0,0,11,,0,0,0,325,11,0,,0,1,1,0,0,0,0,11,,0,0,0,325,11,0,,0,0,0,,,,,0,,,,,0,0,,,
"Product","/products/f3775-153cm-5ft44kg-g-cup-tpe-sexy-mature-woman-big-butt-sex-doll-yl-doll",1,1,0,0,0,0,4,,0,0,0,102,4,0,,0,1,1,0,0,0,0,4,,0,0,0,102,4,0,,0,0,0,,,,,0,,,,,0,0,,,
,"/ja/cart",1,1,0,0,0,0,1,,0,0,0,0,1,1,,1,1,1,0,0,0,0,1,,0,0,0,0,1,1,,1,0,0,,,,,0,,,,,,0,0,,0
"Product","/products/f8070-161cm5-28ft-32-8kg-2-1-i-cup-silicone-head-adult-japanese-bunny-queen-sex-doll-bezlya-doll",1,1,0,0,0,0,17,,0,0,0,1247,17,0,,0,1,1,0,0,0,0,17,,0,0,0,1247,17,0,,0,0,0,,,,,0,,,,,0,0,,,
,"/en-ca/pages/avada-sitemap-products",1,1,0,0,0,0,1,,0,0,0,0,1,1,,1,1,1,0,0,0,0,1,,0,0,0,0,1,1,,1,0,0,,,,,0,,,,,,0,0,,0
"Product","/products/f6280-160cm-5ft3-34kg-e-cup-silicone-closed-eyes-sex-doll-with-large-breasts-firefly-diary-max",1,1,0,0,0,0,1,,0,0,0,0,1,1,,1,1,1,0,0,0,0,1,,0,0,0,0,1,1,,1,0,0,,,,,0,,,,,,0,0,,0
,"/en-fi/blogs/dolls-info-qustions/must-read-for-trans-men-sleeves-vs-electric-pocket-pussy-which-one-is-right-for-you",1,1,0,0,0,0,1,,0,0,0,0,1,1,,1,1,1,0,0,0,0,1,,0,0,0,0,1,1,,1,0,0,,,,,0,,,,,,0,0,,0
"Collection","/collections/all/big-ass",1,1,0,0,0,0,10,,0,0,0,339,10,0,,0,1,1,0,0,0,0,10,,0,0,0,339,10,0,,0,0,0,,,,,0,,,,,0,0,,,
,"/en-ca/blogs/dolls-info-qustions/top-yl-dolls-of-2025-you-don-t-want-to-miss",1,1,0,0,0,0,1,,0,0,0,0,1,1,,1,1,1,0,0,0,0,1,,0,0,0,0,1,1,,1,0,0,,,,,0,,,,,,0,0,,0
"Checkout","/checkouts/cn/hWNDXLdbTofE89l1tYsSpVTO/en-us",1,1,0,1,0,0,4,0,0,1,0,15,4,0,,0,1,1,0,1,0,0,4,0,0,1,0,15,4,0,,0,0,0,,0,,,0,,,0,,0,0,,,
"Product","/products/linkdolls-f3736-166cm5ft5-b-cup-tpe-sexy-small-breasts-black-girl-curly-hair-sex-doll-se-doll",1,1,0,0,0,0,8,,0,0,0,1250,8,0,,0,1,1,0,0,0,0,8,,0,0,0,1250,8,0,,0,0,0,,,,,0,,,,,0,0,,,
"Checkout","/checkouts/cn/hWNDR1PejFwwEbV1kxalXQ1r/en-il",1,1,0,1,0,0,1,0,0,1,0,0,1,0,,0,1,1,0,1,0,0,1,0,0,1,0,0,1,0,,0,0,0,,0,,,0,,,0,,,0,,,
,"/account/unsubsc=",1,1,0,0,0,0,1,,0,0,0,0,1,1,,1,1,1,0,0,0,0,1,,0,0,0,0,1,1,,1,0,0,,,,,0,,,,,,0,0,,0
"Checkout","/checkouts/cn/hWNDUIMqtAPrNEs9xMMQzPJC/en-us",1,1,0,1,0,0,1,0,0,1,0,0,1,0,,0,1,1,0,1,0,0,1,0,0,1,0,0,1,0,,0,0,0,,0,,,0,,,0,,,0,,,
"Product","/products/f5852-156cm-5ft2-28kg-b-cup-asian-silicone-sex-doll-il-doll",1,1,0,0,0,0,1,,0,0,0,0,1,1,,1,1,1,0,0,0,0,1,,0,0,0,0,1,1,,1,0,0,,,,,0,,,,,,0,0,,0
,"/ja/blogs/dolls-info-qustions/how-to-clean-a-pocket-pussy-a-complete-guide-for-long-lasting-pleasure",1,1,0,0,0,0,1,,0,0,0,0,1,1,,1,1,1,0,0,0,0,1,,0,0,0,0,1,1,,1,0,0,,,,,0,,,,,,0,0,,0
"Product","/products/a420-33lbsexy-and-real-realistic-ass",1,1,0,0,0,0,3,,0,0,0,148,3,0,,0,1,1,0,0,0,0,3,,0,0,0,148,3,0,,0,0,0,,,,,0,,,,,0,0,,,
"Blog Article","/blogs/sex-doll-option-videos/video5-gel-ass",1,1,0,0,0,0,1,,0,0,0,0,1,1,,1,1,1,0,0,0,0,1,,0,0,0,0,1,1,,1,0,0,,,,,0,,,,,,0,0,,0
"Collection","/collections/movie-music-celebrities",1,1,0,0,0,0,1,,0,0,0,0,1,1,,1,1,1,0,0,0,0,1,,0,0,0,0,1,1,,1,0,0,,,,,0,,,,,,0,0,,0
,"/de/blogs/dolls-info-qustions/who-should-choose-a-sex-doll-torso-in-depth-analysis-amp-recommendation-guide",1,1,0,0,0,0,1,,0,0,0,0,1,1,,1,1,1,0,0,0,0,1,,0,0,0,0,1,1,,1,0,0,,,,,0,,,,,,0,0,,0
"Product","/products/f4482-150cm-5ft-27-5kg-silicone-sexy-anime-hentai-sex-dolls-elsa-babe",1,1,0,0,0,0,21,,0,0,0,1057,21,0,,0,1,1,0,0,0,0,21,,0,0,0,1057,21,0,,0,0,0,,,,,0,,,,,0,0,,,
"Product","/products/f2240-rosretty-158cm-robotic-head-life-size-sex-doll",1,1,0,0,0,0,23,,0,0,0,928,23,0,,0,1,1,0,0,0,0,23,,0,0,0,928,23,0,,0,0,0,,,,,0,,,,,0,0,,,
"Blog Article","/blogs/dolls-info-qustions/buy-your-sex-doll-now-by-afterpaypay-in-4",1,1,0,0,0,0,8,,0,0,0,359,8,0,,0,1,1,0,0,0,0,8,,0,0,0,359,8,0,,0,0,0,,,,,0,,,,,0,0,,,
,"/en-fi/collections/hyper-realistic-sex-doll",1,1,0,0,0,0,2,,0,0,0,12,2,0,,0,1,1,0,0,0,0,2,,0,0,0,12,2,0,,0,0,0,,,,,0,,,,,0,0,,,
,"/de/products/v27-4-41-lbs-left-silicone-customizable-realistic-footjob-sex-toys-with-vajankle-size-eu-42-us-9-5",1,1,0,0,0,0,4,,0,0,0,91,4,0,,0,1,1,0,0,0,0,4,,0,0,0,91,4,0,,0,0,0,,,,,0,,,,,0,0,,,
"Blog Article","/blogs/real-sex-doll-reviews-pros-cons-real-usage-tests/sedoll-sex-doll-torso-custom-upgrade-gel-butt-experience-explained",1,1,0,0,0,0,1,,0,0,0,0,1,1,,1,1,1,0,0,0,0,1,,0,0,0,0,1,1,,1,0,0,,,,,0,,,,,,0,0,,0
"Product","/products/f3043-163cm-5ft3-f-cup-life-like-tpe-blonde-big-tits-sex-doll-jiusheng-doll-silicone-head-%E5%A4%8D%E5%88%B6",1,1,0,0,0,0,73,,0,0,0,4228,73,0,,0,1,1,0,0,0,0,73,,0,0,0,4228,73,0,,0,0,0,,,,,0,,,,,0,0,,,
,"/en-ca/blogs/dolls-info-qustions/how-to-eat-ass-a-deep-dive-into-rimming-techniques-and-sex-doll-play",1,1,0,0,0,0,1,,0,0,0,0,1,1,,1,1,1,0,0,0,0,1,,0,0,0,0,1,1,,1,0,0,,,,,0,,,,,,0,0,,0
"Product","/products/t333-35-7lb-85cm-g-cup-mio-silicone-japanese-sex-doll-torso-starpery-doll",1,1,0,0,0,0,3,,0,0,0,53,3,0,,0,1,1,0,0,0,0,3,,0,0,0,53,3,0,,0,0,0,,,,,0,,,,,0,0,,,
"Product","/products/f3525-163cm5-4ft-51kg-h-cup-milf-tpe-sex-doll%E4%B8%A8wm-doll",1,1,0,0,0,0,2,,0,0,0,1600,2,0,,0,1,1,0,0,0,0,2,,0,0,0,1600,2,0,,0,0,0,,,,,0,,,,,0,0,,,
,"/en-fi/collections/best-sellers-in-big-boobs",1,1,0,0,0,0,3,,0,0,0,97,3,0,,0,1,1,0,0,0,0,3,,0,0,0,97,3,0,,0,0,0,,,,,0,,,,,0,0,,,
"Product","/products/f5980-158cm-5ft2-33kg-d-cup-tpe-adult-big-breasts-sex-doll-sy-dolls",1,1,0,0,0,0,4,,0,0,0,1168,4,0,,0,1,1,0,0,0,0,4,,0,0,0,1168,4,0,,0,0,0,,,,,0,,,,,0,0,,,
"Product","/products/d4131-4-lbs%E4%B8%A88-86-realistic-silicone-dildo-with-veined-texture-and-suction-cup-base",1,1,0,0,0,0,16,,0,0,0,602,16,0,,0,1,1,0,0,0,0,16,,0,0,0,602,16,0,,0,0,0,,,,,0,,,,,0,0,,,
,"/en-ca/products/f2577-171cm5-6ft-37-5kg-d-cup-ros-silicone-sex-doll-irontech-doll",1,1,0,0,0,0,1,,0,0,0,0,1,1,,1,1,1,0,0,0,0,1,,0,0,0,0,1,1,,1,0,0,,,,,0,,,,,,0,0,,0
"Product","/products/f1460-150cm4f9-31-5kg-m-cup-muscular-tpe-sex-doll-aibei-doll",1,1,0,0,0,0,1,,0,0,0,0,1,1,,1,1,1,0,0,0,0,1,,0,0,0,0,1,1,,1,0,0,,,,,0,,,,,,0,0,,0
"Product","/products/f3398-153cm-5ft44kg-g-cup-tpe-sexy-mature-woman-big-butt-sex-doll-yl-doll",1,1,0,0,0,0,7,,0,0,0,1591,7,0,,0,1,1,0,0,0,0,7,,0,0,0,1591,7,0,,0,0,0,,,,,0,,,,,0,0,,,
,"/en-ca/products/f2471-168cm5-5ft-42kg-d-cup-asian-rose-premium-realistic-silicone-sex-doll-fun-west-doll",1,1,0,0,0,0,1,,0,0,0,0,1,1,,1,1,1,0,0,0,0,1,,0,0,0,0,1,1,,1,0,0,,,,,0,,,,,,0,0,,0
"Product","/products/f3808-165cm-5ft4-lovely-blush-silicone-anime-sex-doll-elsa-babe",1,1,0,0,0,0,3,,0,0,0,1685,3,0,,0,1,1,0,0,0,0,3,,0,0,0,1685,3,0,,0,0,0,,,,,0,,,,,0,0,,,
,"/ja/blogs/dolls-info-qustions/4-recommended-futa-sex-dolls-a-guide-to-realistic-touch-and-dual-gender-appeal",1,1,0,0,0,0,1,,0,0,0,0,1,1,,1,1,1,0,0,0,0,1,,0,0,0,0,1,1,,1,0,0,,,,,0,,,,,,0,0,,0
"Blog Article","/blogs/dolls-info-qustions/tpe-real-oral-sex-ros-vs-silicone-real-oral-sex-ros",1,1,0,0,0,0,2,,0,0,0,23,2,0,,0,1,1,0,0,0,0,2,,0,0,0,23,2,0,,0,0,0,,,,,0,,,,,0,0,,,
,"/ja/blogs/featured-blog/how-to-diy-an-sex-doll-you",1,1,0,0,0,0,1,,0,0,0,0,1,1,,1,1,1,0,0,0,0,1,,0,0,0,0,1,1,,1,0,0,,,,,0,,,,,,0,0,,0
"Product","/products/t479-14-3-lbs-e-cup-realistic-silicone-life-size-sex-doll-torso-with-head-sy-doll",1,1,0,0,0,0,3,,0,0,0,152,3,0,,0,1,1,0,0,0,0,3,,0,0,0,152,3,0,,0,0,0,,,,,0,,,,,0,0,,,
,"/ja/collections/japanese-milf-sex-doll",1,1,0,0,0,0,1,,0,0,0,0,1,1,,1,1,1,0,0,0,0,1,,0,0,0,0,1,1,,1,0,0,,,,,0,,,,,,0,0,,0
,"/en-fi/blogs/dolls-info-qustions/what-s-it-really-like-to-have-sex-nbsp-with-a-sex-doll",1,1,0,0,0,0,1,,0,0,0,0,1,1,,1,1,1,0,0,0,0,1,,0,0,0,0,1,1,,1,0,0,,,,,0,,,,,,0,0,,0
"Collection","/collections/jiusheng-doll",1,1,0,0,0,0,8,,0,0,0,18,8,0,,0,1,1,0,0,0,0,8,,0,0,0,18,8,0,,0,0,0,,,,,0,,,,,0,0,,,
"Collection","/collections/lilydoll",1,1,0,0,0,0,1,,0,0,0,0,1,1,,1,1,1,0,0,0,0,1,,0,0,0,0,1,1,,1,0,0,,,,,0,,,,,,0,0,,0
"Blog Article","/blogs/featured-blog/ultimate-guide-to-maintaining-your-silicone-sex-doll-keep-her-realistic-and-lasting-longer",1,1,0,0,0,0,1,,0,0,0,0,1,1,,1,1,1,0,0,0,0,1,,0,0,0,0,1,1,,1,0,0,,,,,0,,,,,,0,0,,0
"Blog Article","/blogs/dolls-info-qustions/funwest-new-doll-rose-a-passionate-night-in-the-car-trunk",1,1,0,0,0,0,1,,0,0,0,0,1,1,,1,1,1,0,0,0,0,1,,0,0,0,0,1,1,,1,0,0,,,,,0,,,,,,0,0,,0
"Checkout","/60719464687/orders/d956e5d142470089cf3924be7fd6f120",1,1,0,0,0,0,2,,0,0,0,12,2,0,,0,1,1,0,0,0,0,2,,0,0,0,12,2,0,,0,0,0,,,,,0,,,,,0,0,,,
"Blog Article","/blogs/dolls-info-qustions/climax-launches-the-ulw-series-ultralightweight-torso-dolls",1,1,0,0,0,0,1,,0,0,0,0,1,1,,1,1,1,0,0,0,0,1,,0,0,0,0,1,1,,1,0,0,,,,,0,,,,,,0,0,,0
"Product","/products/v23-under200-cheap-tpe-vajancle-sex-doll-feet-masturbator-for-men",1,1,0,0,0,0,1,,0,0,0,0,1,1,,1,1,1,0,0,0,0,1,,0,0,0,0,1,1,,1,0,0,,,,,0,,,,,,0,0,,0
"Collection","/collections/funwest-doll-videos",1,1,0,0,0,0,3,,0,0,0,141,3,0,,0,1,1,0,0,0,0,3,,0,0,0,141,3,0,,0,0,0,,,,,0,,,,,0,0,,,
,"/ja/collections/vendors",1,1,0,0,0,0,7,,0,0,0,120,7,0,,0,1,1,0,0,0,0,7,,0,0,0,120,7,0,,0,0,0,,,,,0,,,,,0,0,,,
"Product","/products/a793k-big-ass-sex-doll-torso-butt-in-stock-us-eu-yeloly",1,1,0,0,0,0,1,,0,0,0,0,1,1,,1,1,1,0,0,0,0,1,,0,0,0,0,1,1,,1,0,0,,,,,0,,,,,,0,0,,0
,"/en-ca/collections/torso-sex-doll-with-gel-breasts",1,1,0,0,0,0,2,,0,0,0,64,2,0,,0,1,1,0,0,0,0,2,,0,0,0,64,2,0,,0,0,0,,,,,0,,,,,0,0,,,
"Collection","/collections/nianta-doll-in-stock-usa",1,1,0,0,0,0,2,,0,0,0,11,2,0,,0,1,1,0,0,0,0,2,,0,0,0,11,2,0,,0,0,0,,,,,0,,,,,0,0,,,
,"/ja/collections/mrl-videos",1,1,0,0,0,0,1,,0,0,0,0,1,1,,1,1,1,0,0,0,0,1,,0,0,0,0,1,1,,1,0,0,,,,,0,,,,,,0,0,,0
"Blog Article","/blogs/featured-blog/the-ultimate-guide-to-cleaning-powered-sex-dolls-keep-your-toy-safe-clean-and-fully-functional",1,1,0,0,0,0,2,,0,0,0,1,2,0,,0,1,1,0,0,0,0,2,,0,0,0,1,2,0,,0,0,0,,,,,0,,,,,0,0,,,
"Product","/products/f3339-166cm-5ft434kg-g-cup-tpe-huge-breast-curve-lightweight-sexy-woman-sex-doll-yl-doll",1,1,0,0,0,0,2,,0,0,0,1648,2,0,,0,1,1,0,0,0,0,2,,0,0,0,1648,2,0,,0,0,0,,,,,0,,,,,0,0,,,
"Product","/products/f6198-168cm5-5ft-44kg-g-cup-r1-ros-max-adela-silicone-sex-doll-real-lady",1,1,0,0,0,0,2,,0,0,0,1772,2,0,,0,1,1,0,0,0,0,2,,0,0,0,1772,2,0,,0,0,0,,,,,0,,,,,0,0,,,
,"/en-ca/collections/cheap-mini-sex-doll",1,1,0,0,0,0,1,,0,0,0,0,1,1,,1,1,1,0,0,0,0,1,,0,0,0,0,1,1,,1,0,0,,,,,0,,,,,,0,0,,0
"Blog Article","/blogs/dolls-info-qustions/is-your-torso-sex-doll-safe-to-use",1,1,0,0,0,0,1,,0,0,0,0,1,1,,1,1,1,0,0,0,0,1,,0,0,0,0,1,1,,1,0,0,,,,,0,,,,,,0,0,,0
"Product","/products/a495-35-27lb-brenda-big-ass-sex-doll-lifesize-realistic-sex-doll-with-big-booty-lovenestle-inf",1,1,0,0,0,0,11,,0,0,0,1349,11,0,,0,1,1,0,0,0,0,11,,0,0,0,1349,11,0,,0,0,0,,,,,0,,,,,0,0,,,
"Product","/products/f4901-161cm5-3ft-53kg-h-cup-tasha-asian-silicone-sex-doll%E4%B8%A8climax-doll",1,1,0,0,0,0,1,,0,0,0,0,1,1,,1,1,1,0,0,0,0,1,,0,0,0,0,1,1,,1,0,0,,,,,0,,,,,,0,0,,0
"Product","/products/f305-158cm-5ft2-57kg-aisha-e-cup-tpe-big-ass-adult-big-chest-sex-doll-yl-doll",1,1,0,0,0,0,1,,0,0,0,0,1,1,,1,1,1,0,0,0,0,1,,0,0,0,0,1,1,,1,0,0,,,,,0,,,,,,0,0,,0
"Blog Article","/blogs/dolls-info-qustions/vine-talk-aibox-bringing-your-girl-to-life-and-understanding-your-heart",1,1,0,0,0,0,1,,0,0,0,0,1,1,,1,1,1,0,0,0,0,1,,0,0,0,0,1,1,,1,0,0,,,,,0,,,,,,0,0,,0
"Product","/products/a2-23-8lbs-sex-doll-butt-with-sucking-pussy",1,1,0,0,0,0,31,,0,0,0,1582,31,0,,0,1,1,0,0,0,0,31,,0,0,0,1582,31,0,,0,0,0,,,,,0,,,,,0,0,,,
,"/ja/blogs/dolls-info-qustions/introducing-two-safe-intercourse-positions-with-fat-sex-dolls",1,1,0,0,0,0,3,,0,0,0,1142,3,0,,0,1,1,0,0,0,0,3,,0,0,0,1142,3,0,,0,0,0,,,,,0,,,,,0,0,,,
,"/en-fi/blogs/dolls-info-qustions/why-do-men-like-to-have-sex-with-bigass-women",1,1,0,0,0,0,1,,0,0,0,0,1,1,,1,1,1,0,0,0,0,1,,0,0,0,0,1,1,,1,0,0,,,,,0,,,,,,0,0,,0
"Product","/products/f924-161cm5-3ft-miyuki-f-cup-tpe-brunette-pink-girl-big-ass-love-doll-se-doll",1,1,0,0,0,0,5,,0,0,0,2337,5,0,,0,1,1,0,0,0,0,5,,0,0,0,2337,5,0,,0,0,0,,,,,0,,,,,0,0,,,
"Blog Article","/blogs/dolls-info-qustions/wm-dolls-stpe-doll-introduction",1,1,0,0,0,0,1,,0,0,0,0,1,1,,1,1,1,0,0,0,0,1,,0,0,0,0,1,1,,1,0,0,,,,,0,,,,,,0,0,,0
"Collection","/collections/all/f-cup",1,1,0,0,0,0,1,,0,0,0,0,1,1,,1,1,1,0,0,0,0,1,,0,0,0,0,1,1,,1,0,0,,,,,0,,,,,,0,0,,0
"Product","/products/a625-55lb-eva-bbw-doggy-style-sex-doll%E4%B8%A8tantaly",1,1,0,0,0,0,37,,0,0,0,2639,37,0,,0,1,1,0,0,0,0,37,,0,0,0,2639,37,0,,0,0,0,,,,,0,,,,,0,0,,,
"Product","/products/f1988-150cm4-9ft-42-5kg-m-cup-bbw-tpe-sex-doll%E4%B8%A8wm-doll",1,1,0,0,0,0,2,,0,0,0,880,2,0,,0,1,1,0,0,0,0,2,,0,0,0,880,2,0,,0,0,0,,,,,0,,,,,0,0,,,
,"/en-ca/products/f4929-166cm-sexbot-vine-talk-ai-silicone-head-wm-doll",1,1,1,0,0,0,2,,1,0,0,85,2,0,,0,1,1,1,0,0,0,2,,1,0,0,85,2,0,,0,0,0,0,,,,0,,0,,,0,0,,,
,"/de/pages/celebrity-sex-doll-guide",1,1,0,0,0,0,1,,0,0,0,0,1,1,,1,1,1,0,0,0,0,1,,0,0,0,0,1,1,,1,0,0,,,,,0,,,,,,0,0,,0
"Product","/products/a602-19lb-sexy-and-real-realistic-3d-ass-sex-doll-torso-%E7%9A%84%E5%89%AF%E6%9C%AC",1,1,0,0,0,0,8,,0,0,0,255,8,0,,0,1,1,0,0,0,0,8,,0,0,0,255,8,0,,0,0,0,,,,,0,,,,,0,0,,,
"Collection","/collections/ebony-sex-doll",1,1,0,0,0,0,1,,0,0,0,0,1,1,,1,1,1,0,0,0,0,1,,0,0,0,0,1,1,,1,0,0,,,,,0,,,,,,0,0,,0
"Blog Article","/blogs/dolls-info-qustions/metabox-ai-a-revolutionary-upgrade-of-the-smart-companion",1,1,0,0,0,0,1,,0,0,0,0,1,1,,1,1,1,0,0,0,0,1,,0,0,0,0,1,1,,1,0,0,,,,,0,,,,,,0,0,,0
"Product","/products/f8105-159cm5-2ft-33-5kg-h-cup-r1-black-silicone-sex-doll-real-lady",1,1,0,0,0,0,1,,0,0,0,0,1,1,,1,1,1,0,0,0,0,1,,0,0,0,0,1,1,,1,0,0,,,,,0,,,,,,0,0,,0
,"/en-fi/collections/vendors",1,1,0,0,0,0,1,,0,0,0,0,1,1,,1,1,1,0,0,0,0,1,,0,0,0,0,1,1,,1,0,0,,,,,0,,,,,,0,0,,0
"Checkout","/60719464687/orders/4d82506219b7d33e2a33f459f39f79fe",1,1,0,0,0,0,1,,0,0,0,0,1,1,,1,1,1,0,0,0,0,1,,0,0,0,0,1,1,,1,0,0,,,,,0,,,,,,0,0,,0
"Product","/products/f9194-47-5kg-m-cup-goat-mommy-anime-realistic-silicone-hentai-sex-doll-doll-castle",1,1,0,0,0,0,1,,0,0,0,0,1,1,,1,1,1,0,0,0,0,1,,0,0,0,0,1,1,,1,0,0,,,,,0,,,,,,0,0,,0
,"/vi/collections/65cm-sex-doll",1,1,0,0,0,0,4,,0,0,0,158,4,0,,0,1,1,0,0,0,0,4,,0,0,0,158,4,0,,0,0,0,,,,,0,,,,,0,0,,,
,"/de/blogs/dolls-info-qustions/sex-doll-ass-sexier",1,1,0,0,0,0,1,,0,0,0,0,1,1,,1,1,1,0,0,0,0,1,,0,0,0,0,1,1,,1,0,0,,,,,0,,,,,,0,0,,0
"Product","/products/9031902068975",1,1,0,0,0,0,1,,0,0,0,0,1,1,,1,1,1,0,0,0,0,1,,0,0,0,0,1,1,,1,0,0,,,,,0,,,,,,0,0,,0
,"/en-fi/collections/piper-doll",1,1,0,0,0,0,1,,0,0,0,0,1,1,,1,1,1,0,0,0,0,1,,0,0,0,0,1,1,,1,0,0,,,,,0,,,,,,0,0,,0
"Product","/products/t205-bbw-sex-torso-tpe-41-22lb-curvy-fat-belly",1,1,0,0,0,0,1,,0,0,0,0,1,1,,1,1,1,0,0,0,0,1,,0,0,0,0,1,1,,1,0,0,,,,,0,,,,,,0,0,,0
"Blog Article","/blogs/dolls-info-qustions/top-5-sex-doll-anal",1,1,0,0,0,0,1,,0,0,0,0,1,1,,1,1,1,0,0,0,0,1,,0,0,0,0,1,1,,1,0,0,,,,,0,,,,,,0,0,,0
"Product","/products/h027-sex-doll-head",1,1,0,0,0,0,1,,0,0,0,0,1,1,,1,1,1,0,0,0,0,1,,0,0,0,0,1,1,,1,0,0,,,,,0,,,,,,0,0,,0
"Product","/products/h668-silicone-sex-doll-head%E4%B8%A8irontech-doll-head",1,1,0,0,0,0,1,,0,0,0,0,1,1,,1,1,1,0,0,0,0,1,,0,0,0,0,1,1,,1,0,0,,,,,0,,,,,,0,0,,0
"Product","/products/f3707-161cm5-3ft-aulis-f-cup-tpe-young-blonde-european-football-babe-woman-love-doll-se-doll",1,1,0,0,0,0,1,,0,0,0,0,1,1,,1,1,1,0,0,0,0,1,,0,0,0,0,1,1,,1,0,0,,,,,0,,,,,,0,0,,0
"Collection","/collections/buying-first-sex-doll",1,1,0,0,0,0,8,,0,0,0,60,8,0,,0,1,1,0,0,0,0,8,,0,0,0,60,8,0,,0,0,0,,,,,0,,,,,0,0,,,
"Checkout","/60719464687/orders/04f00a78bc5081489bd2af8ca6003dc6",1,1,0,0,0,0,1,,0,0,0,0,1,1,,1,1,1,0,0,0,0,1,,0,0,0,0,1,1,,1,0,0,,,,,0,,,,,,0,0,,0
,"/de/collections/anime-hentai-sex-doll",1,1,0,0,0,0,3,,0,0,0,42,3,0,,0,1,1,0,0,0,0,3,,0,0,0,42,3,0,,0,0,0,,,,,0,,,,,0,0,,,
,"/en-fi/collections/mini-hentai-sex-doll",1,1,0,0,0,0,1,,0,0,0,0,1,1,,1,1,1,0,0,0,0,1,,0,0,0,0,1,1,,1,0,0,,,,,0,,,,,,0,0,,0
"Product","/products/t619-11lb-hannah-mini-muscular-sex-doll-male-masturbator%E4%B8%A8tantaly",1,1,0,0,0,0,1,,0,0,0,0,1,1,,1,1,1,0,0,0,0,1,,0,0,0,0,1,1,,1,0,0,,,,,0,,,,,,0,0,,0
"Product","/products/f4611-165cm-5ft5-36-5kg-femboy-full-size-sex-with-silicone-head-male-sex-doll-qita-doll",1,1,0,0,0,0,2,,0,0,0,3,2,0,,0,1,1,0,0,0,0,2,,0,0,0,3,2,0,,0,0,0,,,,,0,,,,,0,0,,,
"Product","/products/f5889-158cm-5ft2-37kg-c-cup-asian-silicone-head-tpe-body-sex-doll-shedoll",1,1,0,0,0,0,1,,0,0,0,1,1,1,,1,1,1,0,0,0,0,1,,0,0,0,1,1,1,,1,0,0,,,,,0,,,,,0,0,0,,0
"Blog Article","/blogs/dolls-info-qustions/dont-buy-blindly-lingerie-recommendations-for-bbw-sex-dolls",1,1,0,0,0,0,1,,0,0,0,0,1,1,,1,1,1,0,0,0,0,1,,0,0,0,0,1,1,,1,0,0,,,,,0,,,,,,0,0,,0
,"/de/collections/ros-sex-doll",1,1,0,0,0,0,1,,0,0,0,0,1,1,,1,1,1,0,0,0,0,1,,0,0,0,0,1,1,,1,0,0,,,,,0,,,,,,0,0,,0
"Product","/products/a794-sex-doll-torso-butt-sucking-vibration-realistic-ass-yeloly",1,1,0,0,0,0,2,,0,0,0,5,2,0,,0,1,1,0,0,0,0,2,,0,0,0,5,2,0,,0,0,0,,,,,0,,,,,0,0,,,
,"/de/blogs/sex-doll-torso-blog/must-have-in-july-high-value-bbw-torso-sex-doll-recommendations",1,1,0,0,0,0,1,,0,0,0,0,1,1,,1,1,1,0,0,0,0,1,,0,0,0,0,1,1,,1,0,0,,,,,0,,,,,,0,0,,0
"Blog Article","/blogs/dolls-info-qustions/3-typical-sizes-bigass-sexdoll",1,1,0,0,0,0,3,,0,0,0,123,3,0,,0,1,1,0,0,0,0,3,,0,0,0,123,3,0,,0,0,0,,,,,0,,,,,0,0,,,
"Blog Article","/blogs/dolls-info-qustions/16-practical-tips-to-make-your-sex-last-longer",1,1,0,0,0,0,1,,0,0,0,0,1,1,,1,1,1,0,0,0,0,1,,0,0,0,0,1,1,,1,0,0,,,,,0,,,,,,0,0,,0
"Product","/products/f2106-170cm5-6ft-c-cup-ge02-life-size-sex-doll%E4%B8%A8zelex-doll",1,1,0,0,0,0,7,,0,0,0,1512,7,0,,0,1,1,0,0,0,0,7,,0,0,0,1512,7,0,,0,0,0,,,,,0,,,,,0,0,,,
"Product","/products/p8-hentai-fake-vagina",1,1,0,0,0,0,1,,0,0,0,0,1,1,,1,1,1,0,0,0,0,1,,0,0,0,0,1,1,,1,0,0,,,,,0,,,,,,0,0,,0
"Collection","/collections/with-head-alien-sex-doll",1,1,0,0,0,0,2,,0,0,0,4,2,0,,0,1,1,0,0,0,0,2,,0,0,0,4,2,0,,0,0,0,,,,,0,,,,,0,0,,,
"Product","/products/f5865-170cm-5ft6-in-39kg-i-cup-european-silicone-sex-doll-il-doll",1,1,0,0,0,0,6,,0,0,0,69,6,0,,0,1,1,0,0,0,0,6,,0,0,0,69,6,0,,0,0,0,,,,,0,,,,,0,0,,,
"Collection","/collections/in-stock-sex-doll-heads",1,1,0,0,0,0,3,,0,0,0,45,3,0,,0,1,1,0,0,0,0,3,,0,0,0,45,3,0,,0,0,0,,,,,0,,,,,0,0,,,
"Blog Article","/blogs/dolls-info-qustions/2024-why-does-my-realistic-sex-toy-smell-like-chemicals",1,1,0,0,0,0,1,,0,0,0,0,1,1,,1,1,1,0,0,0,0,1,,0,0,0,0,1,1,,1,0,0,,,,,0,,,,,,0,0,,0
"Product","/products/f4403-155cm5-1ft-27kg-a-cup-asian-tpe-sex-doll%E4%B8%A8wm-doll",1,1,0,0,0,0,1,,0,0,0,0,1,1,,1,1,1,0,0,0,0,1,,0,0,0,0,1,1,,1,0,0,,,,,0,,,,,,0,0,,0
"Product","/products/t323-life-size-sex-torso-in-stock-eu-yeloly",1,1,0,0,0,0,5,,0,0,0,179,5,0,,0,1,1,0,0,0,0,5,,0,0,0,179,5,0,,0,0,0,,,,,0,,,,,0,0,,,
"Product","/products/top-cydoll-176cm-silicone-sex-doll-f8587",1,1,0,0,0,0,1,,0,0,0,0,1,1,,1,1,1,0,0,0,0,1,,0,0,0,0,1,1,,1,0,0,,,,,0,,,,,,0,0,,0
"Product","/products/f6283-168cm-5ft5-35kg-f-cup-silicone-realistic-sex-doll-top-cydoll",1,1,0,0,0,0,1,,0,0,0,0,1,1,,1,1,1,0,0,0,0,1,,0,0,0,0,1,1,,1,0,0,,,,,0,,,,,,0,0,,0
"Blog Article","/blogs/dolls-info-qustions/the-hidden-risks-behind-used-nbsp-sex-dolls-would-you-still-buy-one",1,1,0,0,0,0,2,,0,0,0,13,2,0,,0,1,1,0,0,0,0,2,,0,0,0,13,2,0,,0,0,0,,,,,0,,,,,0,0,,,
"Product","/products/f4330-172cm5-6ft-41kg-g-cup-european-tpe-sex-doll%E4%B8%A8wm-doll",1,1,0,0,0,0,3,,0,0,0,1798,3,0,,0,1,1,0,0,0,0,3,,0,0,0,1798,3,0,,0,0,0,,,,,0,,,,,0,0,,,
,"/en-fi/collections/silicone-sex-dolls",1,1,0,0,0,0,4,,0,0,0,131,4,0,,0,1,1,0,0,0,0,4,,0,0,0,131,4,0,,0,0,0,,,,,0,,,,,0,0,,,
"Product","/products/f1063-162cm-tpe-sex-doll-fun-west-doll",1,1,0,0,0,0,10,,0,0,0,1806,10,0,,0,1,1,0,0,0,0,10,,0,0,0,1806,10,0,,0,0,0,,,,,0,,,,,0,0,,,
"Collection","/collections/starpery-doll",1,1,0,0,0,0,2,,0,0,0,1044,2,0,,0,1,1,0,0,0,0,2,,0,0,0,1044,2,0,,0,0,0,,,,,0,,,,,0,0,,,
,"/ja/collections/huge-breasts-sex-dolls",1,1,0,0,0,0,1,,0,0,0,0,1,1,,1,1,1,0,0,0,0,1,,0,0,0,0,1,1,,1,0,0,,,,,0,,,,,,0,0,,0
"Product","/products/t8-luxury-lifesize-bbw-sex-doll-torso-black-skin-color",1,1,0,0,0,0,1,,0,0,0,0,1,1,,1,1,1,0,0,0,0,1,,0,0,0,0,1,1,,1,0,0,,,,,0,,,,,,0,0,,0
"Product","/products/f9241-171cm-5ft6-d-cup-lifelike-sexy-silicone-head-hyper-realistic-sex-dolls-starpery-doll",1,1,0,0,0,0,1,,0,0,0,0,1,1,,1,1,1,0,0,0,0,1,,0,0,0,0,1,1,,1,0,0,,,,,0,,,,,,0,0,,0
"Product","/products/h483-tpe-oral-sex-doll-head-with-tonge%e4%b8%a8funwest-doll-head",1,1,0,0,0,0,1,,0,0,0,0,1,1,,1,1,1,0,0,0,0,1,,0,0,0,0,1,1,,1,0,0,,,,,0,,,,,,0,0,,0
,"/en-ca/products/products-a684-big-booty-ssbbw-gel-41-8lb-realistic-torso",1,1,0,0,0,0,1,,0,0,0,0,1,1,,1,1,1,0,0,0,0,1,,0,0,0,0,1,1,,1,0,0,,,,,0,,,,,,0,0,,0
,"/en-ca/pages/copy-of-sex-doll-videos-2",1,1,0,0,0,0,1,,0,0,0,0,1,1,,1,1,1,0,0,0,0,1,,0,0,0,0,1,1,,1,0,0,,,,,0,,,,,,0,0,,0
"Product","/products/f1045-157cm5-2ft-c-cup-sophiemina-tpe-18s-sex-doll-fun-west-doll",1,1,0,0,0,0,1,,0,0,0,0,1,1,,1,1,1,0,0,0,0,1,,0,0,0,0,1,1,,1,0,0,,,,,0,,,,,,0,0,,0
"Collection","/collections/teardrop-huge-breast-sex-doll",1,1,0,0,0,0,2,,0,0,0,11,2,0,,0,1,1,0,0,0,0,2,,0,0,0,11,2,0,,0,0,0,,,,,0,,,,,0,0,,,
,"/en-ca/collections/teardrop-huge-breast-sex-doll",1,1,0,0,0,0,1,,0,0,0,0,1,1,,1,1,1,0,0,0,0,1,,0,0,0,0,1,1,,1,0,0,,,,,0,,,,,,0,0,,0
"Product","/products/f5723-150cm4ft9-29kg-aiko-c-cup-s-tpe-animes-gel-filled-hentai-sex-doll-irokebijin-doll",1,1,0,0,0,0,1,,0,0,0,0,1,1,,1,1,1,0,0,0,0,1,,0,0,0,0,1,1,,1,0,0,,,,,0,,,,,,0,0,,0
"Product","/products/f2245-159cm5-2ft-f-cup-s43-silicone-sex-doll-irontech-doll",1,1,0,0,0,0,1,,0,0,0,0,1,1,,1,1,1,0,0,0,0,1,,0,0,0,0,1,1,,1,0,0,,,,,0,,,,,,0,0,,0
"Product","/products/l64838lbs-42-silicone-legs-realistic-skin-feel",1,1,0,0,0,0,1,,0,0,0,0,1,1,,1,1,1,0,0,0,0,1,,0,0,0,0,1,1,,1,0,0,,,,,0,,,,,,0,0,,0
"Blog Article","/blogs/dolls-info-qustions/5-key-advantages-of-torsos-with-heads-sex-dolls",1,1,0,0,0,0,1,,0,0,0,0,1,1,,1,1,1,0,0,0,0,1,,0,0,0,0,1,1,,1,0,0,,,,,0,,,,,,0,0,,0
"Product","/products/f2395-152cm5ft-d-cup-petite-natural-amy-tpe-sex-doll-fun-west-doll",1,1,0,0,0,0,26,,0,0,0,2263,26,0,,0,1,1,0,0,0,0,26,,0,0,0,2263,26,0,,0,0,0,,,,,0,,,,,0,0,,,
"Collection","/collections/20-off-life-size-sex-dolls",1,1,0,0,0,0,1,,0,0,0,0,1,1,,1,1,1,0,0,0,0,1,,0,0,0,0,1,1,,1,0,0,,,,,0,,,,,,0,0,,0
"Product","/products/a23-24-3lbs-luxury-silicone-bbw-life-size-doggy-style-sex-doll-torso-double-channel-male-masturbator",1,1,0,0,0,0,1,,0,0,0,0,1,1,,1,1,1,0,0,0,0,1,,0,0,0,0,1,1,,1,0,0,,,,,0,,,,,,0,0,,0
"Product","/products/f3773-yl-doll-153cm-ssbbw-full-size-sex-doll",1,1,0,0,0,0,1,,0,0,0,0,1,1,,1,1,1,0,0,0,0,1,,0,0,0,0,1,1,,1,0,0,,,,,0,,,,,,0,0,,0
,"/ja/collections/robot-sex-dolls-1",1,1,0,0,0,0,1,,0,0,0,0,1,1,,1,1,1,0,0,0,0,1,,0,0,0,0,1,1,,1,0,0,,,,,0,,,,,,0,0,,0
,"/ja/blogs/dolls-info-qustions/why-foot-fetishes-are-more-common-in-2026",1,1,0,0,0,0,1,,0,0,0,0,1,1,,1,1,1,0,0,0,0,1,,0,0,0,0,1,1,,1,0,0,,,,,0,,,,,,0,0,,0
"Product","/products/f3320-160cm-5ft239-5kg-g-cup-tpe-adult-big-chest-curve-beauty-sex-doll-yl-doll",1,1,0,0,0,0,2,,0,0,0,1579,2,0,,0,1,1,0,0,0,0,2,,0,0,0,1579,2,0,,0,0,0,,,,,0,,,,,0,0,,,
,"/ja/blogs/featured-blog/exhibition-diary-the-2025-guangzhou-adult-expo-was-absolutely-mind-blowing",1,1,0,0,0,0,1,,0,0,0,0,1,1,,1,1,1,0,0,0,0,1,,0,0,0,0,1,1,,1,0,0,,,,,0,,,,,,0,0,,0
,"/en-fi/collections/medium-bust-japanese-sex-doll",1,1,0,0,0,0,1,,0,0,0,0,1,1,,1,1,1,0,0,0,0,1,,0,0,0,0,1,1,,1,0,0,,,,,0,,,,,,0,0,,0
"Product","/products/f3912k-157cm5-2ft-41kg-g-cup-ros-soft-cheeks-movable-eyelids-luxury-grade-realistic-skin-texture-silicone-sex-doll-in-stock-us-fun-west-doll",1,1,0,0,0,0,1,,0,0,0,0,1,1,,1,1,1,0,0,0,0,1,,0,0,0,0,1,1,,1,0,0,,,,,0,,,,,,0,0,,0
,"/en-fi/products/h946-sex-doll-head-silicone-chinese-girl-irontech-doll-head",1,1,0,0,0,0,1,,0,0,0,0,1,1,,1,1,1,0,0,0,0,1,,0,0,0,0,1,1,,1,0,0,,,,,0,,,,,,0,0,,0
"Product","/products/h434-ros-free-hair-impants-real-oral-movable-jaw-silicone-sex-doll-head-sy-doll",1,1,0,0,0,0,1,,0,0,0,0,1,1,,1,1,1,0,0,0,0,1,,0,0,0,0,1,1,,1,0,0,,,,,0,,,,,,0,0,,0
,"/de/products/f5567-150cm-5ft-27-5kg-anime-silicone-sex-doll-elsa-babe",1,1,0,0,0,0,3,,0,0,0,307,3,0,,0,1,1,0,0,0,0,3,,0,0,0,307,3,0,,0,0,0,,,,,0,,,,,0,0,,,
"Product","/products/f4040-150cm-k-cup-huge-breast-tpe-sex-doll-castle-doll",1,1,0,0,0,0,3,,0,0,0,760,3,0,,0,1,1,0,0,0,0,3,,0,0,0,760,3,0,,0,0,0,,,,,0,,,,,0,0,,,
,"/en-ca/collections/bbw-torso",1,1,0,0,0,0,2,,0,0,0,10,2,0,,0,1,1,0,0,0,0,2,,0,0,0,10,2,0,,0,0,0,,,,,0,,,,,0,0,,,
"Product","/products/f7628-164cm5-4ft-36kg-d-cup-realistic-movable-jaw-head-tpe-body-sex-doll%E4%B8%A8sy-doll",1,1,1,0,0,0,14,,1,0,0,968,14,0,,0,1,1,1,0,0,0,14,,1,0,0,968,14,0,,0,0,0,0,,,,0,,0,,,0,0,,,
"Collection","/collections/aibei-doll-silicone",1,1,0,0,0,0,7,,0,0,0,499,7,0,,0,1,1,0,0,0,0,7,,0,0,0,499,7,0,,0,0,0,,,,,0,,,,,0,0,,,
"Blog Article","/blogs/dolls-info-qustions/best-sex-doll-torsos-of-2025-ultra-realistic-picks-for-the-ultimate-pleasure",1,1,0,0,0,0,1,,0,0,0,0,1,1,,1,1,1,0,0,0,0,1,,0,0,0,0,1,1,,1,0,0,,,,,0,,,,,,0,0,,0
"Product","/products/f7080-155cm5ft1-o-cup-super-pendulous-tpe-huge-breast-sex-doll-castle-doll",1,1,0,0,0,0,1,,0,0,0,0,1,1,,1,1,1,0,0,0,0,1,,0,0,0,0,1,1,,1,0,0,,,,,0,,,,,,0,0,,0
"Product","/products/f5668-175cm-5ft7-e-cup-movable-jaws-silicone-sex-doll-inspiration-zelex-doll",1,1,0,0,0,0,2,,0,0,0,8,2,0,,0,1,1,0,0,0,0,2,,0,0,0,8,2,0,,0,0,0,,,,,0,,,,,0,0,,,
"Blog Article","/blogs/dolls-info-qustions/silence-moan-understanding-womens-different-reactions-during-intimacy",1,1,0,0,0,0,1,,0,0,0,0,1,1,,1,1,1,0,0,0,0,1,,0,0,0,0,1,1,,1,0,0,,,,,0,,,,,,0,0,,0
"Collection","/collections/dolls-castle-in-stock-usa",1,1,0,0,0,0,2,,0,0,0,44,2,0,,0,1,1,0,0,0,0,2,,0,0,0,44,2,0,,0,0,0,,,,,0,,,,,0,0,,,
"Product","/products/f669-kiana-165cm-5ft4-f-cup-premium-silicone-curvy-big-tits-chinese-sex-doll-zelex-doll",1,1,0,0,0,0,1,,0,0,0,0,1,1,,1,1,1,0,0,0,0,1,,0,0,0,0,1,1,,1,0,0,,,,,0,,,,,,0,0,,0
,"/en-ca/collections/mini-hentai-sex-doll",1,1,0,0,0,0,7,,0,0,0,94,7,0,,0,1,1,0,0,0,0,7,,0,0,0,94,7,0,,0,0,0,,,,,0,,,,,0,0,,,
,"/de/products/f9000-160cm-5-2ft-36kg-c-cup-tpe-silicone-head-asian-celebrity-sex-doll-sy-doll",1,1,0,0,0,0,3,,0,0,0,90,3,0,,0,1,1,0,0,0,0,3,,0,0,0,90,3,0,,0,0,0,,,,,0,,,,,0,0,,,
"Product","/products/h654-ros-real-oral-silicone-sex-doll-head-doll-castle-head",1,1,0,0,0,0,1,,0,0,0,0,1,1,,1,1,1,0,0,0,0,1,,0,0,0,0,1,1,,1,0,0,,,,,0,,,,,,0,0,,0
,"/de/products/t681-61lbbig-boots-sex-doll-torso",1,1,0,0,0,0,8,,0,0,0,101,8,0,,0,1,1,0,0,0,0,8,,0,0,0,101,8,0,,0,0,0,,,,,0,,,,,0,0,,,
"Blog Article","/blogs/dolls-info-qustions/avoid-sex-doll-scams",1,1,0,0,0,0,6,,0,0,0,632,6,0,,0,1,1,0,0,0,0,6,,0,0,0,632,6,0,,0,0,0,,,,,0,,,,,0,0,,,
,"/en-fi/collections/sex-doll-anal",1,1,0,0,0,0,1,,0,0,0,0,1,1,,1,1,1,0,0,0,0,1,,0,0,0,0,1,1,,1,0,0,,,,,0,,,,,,0,0,,0
"Checkout","/checkouts/cn/hWNDQ48WwmcmGySTNQtKWKDh/en",1,1,0,1,0,0,1,0,0,1,0,0,1,0,,0,1,1,0,1,0,0,1,0,0,1,0,0,1,0,,0,0,0,,0,,,0,,,0,,,0,,,
,"/en-ca/blogs/sex-doll-option-videos/video-11-electric-hip-and-waist",1,1,0,0,0,0,2,,0,0,0,11,2,0,,0,1,1,0,0,0,0,2,,0,0,0,11,2,0,,0,0,0,,,,,0,,,,,0,0,,,
,"/en-ca/collections/sex-doll-legs",1,1,0,0,0,0,1,,0,0,0,0,1,1,,1,1,1,0,0,0,0,1,,0,0,0,0,1,1,,1,0,0,,,,,0,,,,,,0,0,,0
,"/ja/collections/bbw-latina-sex-doll",1,1,0,0,0,0,1,,0,0,0,0,1,1,,1,1,1,0,0,0,0,1,,0,0,0,0,1,1,,1,0,0,,,,,0,,,,,,0,0,,0
"Product","/products/f2210-153cm-5ft-e-cup-takiyah-silicone-sex-doll-starpery-doll",1,1,0,0,0,0,16,,0,0,0,3961,16,0,,0,1,1,0,0,0,0,16,,0,0,0,3961,16,0,,0,0,0,,,,,0,,,,,0,0,,,
,"/de/products/9092987420911",1,1,0,0,0,0,1,,0,0,0,0,1,1,,1,1,1,0,0,0,0,1,,0,0,0,0,1,1,,1,0,0,,,,,0,,,,,,0,0,,0
"Blog Article","/blogs/dolls-info-qustions/celebrity-sex-dolls-turn-your-fantasies-into-reality",1,1,0,0,0,0,2,,0,0,0,80,2,0,,0,1,1,0,0,0,0,2,,0,0,0,80,2,0,,0,0,0,,,,,0,,,,,0,0,,,
"Product","/products/t916-109cm3ft7-30kg-g-cup-silicone-head-movable-jaw-sle-body-bubble-butt-bbw-sex-doll-torso-with-head-zelex-doll",1,1,0,0,0,0,4,,0,0,0,159,4,0,,0,1,1,0,0,0,0,4,,0,0,0,159,4,0,,0,0,0,,,,,0,,,,,0,0,,,
"Product","/products/f6307-160cm-5ft3-34kg-e-cup-silicone-japanese-sex-doll-large-breasts-firefly-diary-max",1,1,0,0,0,0,7,,0,0,0,4222,7,0,,0,1,1,0,0,0,0,7,,0,0,0,4222,7,0,,0,0,0,,,,,0,,,,,0,0,,,
"Product","/products/d4160-5-lbs%E4%B8%A86-1-realistic-silicone-dildo-with-veined-texture-and-suction-cup-base",1,1,0,0,0,0,1,,0,0,0,0,1,1,,1,1,1,0,0,0,0,1,,0,0,0,0,1,1,,1,0,0,,,,,0,,,,,,0,0,,0
,"/ja/blogs/dolls-info-qustions/best-sex-doll-materials-compared-tpe-s-tpe-sle-and-silicone",1,1,0,0,0,0,2,,0,0,0,235,2,0,,0,1,1,0,0,0,0,2,,0,0,0,235,2,0,,0,0,0,,,,,0,,,,,0,0,,,
"Product","/products/f8193-150cm-5ft-27-5kg-silicone-anime-sex-doll-elsa-babe",1,1,0,0,0,0,1,,0,0,0,0,1,1,,1,1,1,0,0,0,0,1,,0,0,0,0,1,1,,1,0,0,,,,,0,,,,,,0,0,,0
"Collection","/collections/large-breast-sex-doll",1,1,0,0,0,0,2,,0,0,0,56,2,0,,0,1,1,0,0,0,0,2,,0,0,0,56,2,0,,0,0,0,,,,,0,,,,,0,0,,,
"Product","/products/b44-torso-realistic-breast-masturbator-silicone-sex-dolls-notye",1,1,0,0,0,0,25,,0,0,0,191,25,0,,0,1,1,0,0,0,0,25,,0,0,0,191,25,0,,0,0,0,,,,,0,,,,,0,0,,,
"Product","/products/t360-38-58lbs-100cm-lightweight-life-size-sex-doll-torso-with-head-can-choose-no-head-climax-doll",1,1,0,0,0,0,6,,0,0,0,96,6,0,,0,1,1,0,0,0,0,6,,0,0,0,96,6,0,,0,0,0,,,,,0,,,,,0,0,,,
"Collection","/collections/black-sex-doll-luxury",1,1,0,0,0,0,1,,0,0,0,0,1,1,,1,1,1,0,0,0,0,1,,0,0,0,0,1,1,,1,0,0,,,,,0,,,,,,0,0,,0
"Product","/products/f6239-159cm-5ft2-40kg-b-cup-asian-sex-doll-tpe-body-silicone-head-lilydoll",1,1,1,0,0,0,37,,1,0,0,1480,37,0,,0,1,1,1,0,0,0,37,,1,0,0,1480,37,0,,0,0,0,0,,,,0,,0,,,0,0,,,
"Product","/products/f1203-152cm-a-cup-voluptuous-dolll-irontech-doll",1,1,0,0,0,0,1,,0,0,0,0,1,1,,1,1,1,0,0,0,0,1,,0,0,0,0,1,1,,1,0,0,,,,,0,,,,,,0,0,,0
"Blog Article","/blogs/dolls-info-qustions/aibei-doll-the-perfect-combination-of-fine-details-and-customization",1,1,0,0,0,0,1,,0,0,0,0,1,1,,1,1,1,0,0,0,0,1,,0,0,0,0,1,1,,1,0,0,,,,,0,,,,,,0,0,,0
"Product","/products/f1247-164cm-f-cup-dark-big-boobs-silicone-sex-doll-in-stock-usa-irontech-doll",1,1,0,0,0,0,8,,0,0,0,787,8,0,,0,1,1,0,0,0,0,8,,0,0,0,787,8,0,,0,0,0,,,,,0,,,,,0,0,,,
"Product","/products/f4855-158cm5ft2-33kg-e-cup-silicone-ros-best-european-sex-doll%E4%B8%A8doll-senior",1,1,0,0,0,0,18,,0,0,0,731,18,0,,0,1,1,0,0,0,0,18,,0,0,0,731,18,0,,0,0,0,,,,,0,,,,,0,0,,,
,"/en-fi/collections/black-pocket-pussy",1,1,0,0,0,0,2,,0,0,0,67,2,0,,0,1,1,0,0,0,0,2,,0,0,0,67,2,0,,0,0,0,,,,,0,,,,,0,0,,,
,"/de/collections/black-pocket-pussy",1,1,0,0,0,0,1,,0,0,0,0,1,1,,1,1,1,0,0,0,0,1,,0,0,0,0,1,1,,1,0,0,,,,,0,,,,,,0,0,,0
,"/ja/collections/black-sex-dolls",1,1,0,0,0,0,14,,0,0,0,3212,14,0,,0,1,1,0,0,0,0,14,,0,0,0,3212,14,0,,0,0,0,,,,,0,,,,,0,0,,,
,"/en-ca/blogs/recent-brand-updates-new-arrivals-for-sex-dolls/mrl-fantasy-sex-toys-realistic-anime-furry-and-monster-girl-torso-collection",1,1,0,0,0,0,2,,0,0,0,370,2,0,,0,1,1,0,0,0,0,2,,0,0,0,370,2,0,,0,0,0,,,,,0,,,,,0,0,,,
"Blog Index","/blogs/dolls-info-qustions",1,1,0,0,0,0,1,,0,0,0,0,1,1,,1,1,1,0,0,0,0,1,,0,0,0,0,1,1,,1,0,0,,,,,0,,,,,,0,0,,0
"Collection","/collections/gel-breasts",1,1,0,0,0,0,4,,0,0,0,270,4,0,,0,1,1,0,0,0,0,4,,0,0,0,270,4,0,,0,0,0,,,,,0,,,,,0,0,,,
"Product","/products/top-fire-doll-170cm-silicone-full-sex-doll-f8592",1,1,0,0,0,0,3,,0,0,0,842,3,0,,0,1,1,0,0,0,0,3,,0,0,0,842,3,0,,0,0,0,,,,,0,,,,,0,0,,,
"Blog Article","/blogs/complete-sex-doll-guide-for-beginners/how-to-restore-faded-nipples-on-a-tpe-sex-doll-a-step-by-step-guide",1,1,0,0,0,0,1,,0,0,0,0,1,1,,1,1,1,0,0,0,0,1,,0,0,0,0,1,1,,1,0,0,,,,,0,,,,,,0,0,,0
"Collection","/collections/sigafun",1,1,0,0,0,0,3,,0,0,0,25,3,0,,0,1,1,0,0,0,0,3,,0,0,0,25,3,0,,0,0,0,,,,,0,,,,,0,0,,,
"Collection","/collections/aibei-doll-factory-photos",1,1,0,0,0,0,3,,0,0,0,97,3,0,,0,1,1,0,0,0,0,3,,0,0,0,97,3,0,,0,0,0,,,,,0,,,,,0,0,,,
"Product","/products/f4546k-157cm5ft1-31kg-yuuka-i-h-cup-silicone-sexy-fit-real-ai-sex-doll-in-stock-se-doll",1,1,0,0,0,0,3,,0,0,0,20,3,0,,0,1,1,0,0,0,0,3,,0,0,0,20,3,0,,0,0,0,,,,,0,,,,,0,0,,,
"Product","/products/f2421k-168cm-m-cup-7-1inch-dildo-futan-musculature-trans-silicone-full-body-sex-dolls-futa-sex-dolls-in-stock-us-eu-doll-castle",1,1,0,0,0,0,2,,0,0,0,8,2,0,,0,1,1,0,0,0,0,2,,0,0,0,8,2,0,,0,0,0,,,,,0,,,,,0,0,,,
"Product","/products/f4438-170cm5-6ft-41kg-m-cup-milf-tpe-sex-doll%E4%B8%A8wm-doll",1,1,0,0,0,0,1,,0,0,0,0,1,1,,1,1,1,0,0,0,0,1,,0,0,0,0,1,1,,1,0,0,,,,,0,,,,,,0,0,,0
,"/en-ca/blogs/dolls-info-qustions/what-to-do-if-your-sex-doll-is-too-heavy-a-practical-guide",1,1,0,0,0,0,5,,0,0,0,330,5,0,,0,1,1,0,0,0,0,5,,0,0,0,330,5,0,,0,0,0,,,,,0,,,,,0,0,,,
,"/en-fi/collections/sex-torso-doll-in-stock-europe",1,1,0,0,0,0,1,,0,0,0,0,1,1,,1,1,1,0,0,0,0,1,,0,0,0,0,1,1,,1,0,0,,,,,0,,,,,,0,0,,0
"Product","/products/f5903-65cm-5ft7-38-5kg-silicone-sexual-alien-sex-doll-castle-doll",1,1,0,0,0,0,1,,0,0,0,0,1,1,,1,1,1,0,0,0,0,1,,0,0,0,0,1,1,,1,0,0,,,,,0,,,,,,0,0,,0
"Product","/products/t660-15-43lbs-tpr-8-46in-dildo-insert-ai-sex-doll-torso-toy-masturbator-xinse",1,1,0,0,0,0,11,,0,0,0,931,11,0,,0,1,1,0,0,0,0,11,,0,0,0,931,11,0,,0,0,0,,,,,0,,,,,0,0,,,
"Product","/products/f542k-171cm-f542k-small-tit-sex-doll-flat-chest",1,1,0,0,0,0,1,,0,0,0,0,1,1,,1,1,1,0,0,0,0,1,,0,0,0,0,1,1,,1,0,0,,,,,0,,,,,,0,0,,0
"Product","/products/f3308-160cm-5ft2-39-5kg-g-cup-tpe-adult-big-chest-curve-beauty-sex-doll-yl-doll",1,1,0,0,0,0,2,,0,0,0,1583,2,0,,0,1,1,0,0,0,0,2,,0,0,0,1583,2,0,,0,0,0,,,,,0,,,,,0,0,,,
"Product","/products/p395-octopus-anime-pocket-pussy-onahole-hentai-sex-doll-mrl",1,1,0,0,0,0,2,,0,0,0,8,2,0,,0,1,1,0,0,0,0,2,,0,0,0,8,2,0,,0,0,0,,,,,0,,,,,0,0,,,
"Product","/products/f912-161cm-tpe-usa-sex-doll-se-doll",1,1,0,0,0,0,5,,0,0,0,829,5,0,,0,1,1,0,0,0,0,5,,0,0,0,829,5,0,,0,0,0,,,,,0,,,,,0,0,,,
"Product","/products/f7643-168cm-5ft5-35kg-f-cup-silicone-asian-realistic-sex-doll-xixi-top-cydoll",1,1,0,0,0,0,4,,0,0,0,1800,4,0,,0,1,1,0,0,0,0,4,,0,0,0,1800,4,0,,0,0,0,,,,,0,,,,,0,0,,,
"Custom Page","/pages/video11",1,1,0,0,0,0,6,,0,0,0,3291,6,0,,0,1,1,0,0,0,0,6,,0,0,0,3291,6,0,,0,0,0,,,,,0,,,,,0,0,,,
"Product","/products/funwest-cosplay-silicone-ros-157cm-1",1,1,0,0,0,0,1,,0,0,0,0,1,1,,1,1,1,0,0,0,0,1,,0,0,0,0,1,1,,1,0,0,,,,,0,,,,,,0,0,,0
"Product","/products/f156-154cm-puls-tpe-sex-doll",1,1,0,0,0,0,1,,0,0,0,0,1,1,,1,1,1,0,0,0,0,1,,0,0,0,0,1,1,,1,0,0,,,,,0,,,,,,0,0,,0
,"/en-fi/collections/breast-vagina",1,1,0,0,0,0,17,,0,0,0,529,17,0,,0,1,1,0,0,0,0,17,,0,0,0,529,17,0,,0,0,0,,,,,0,,,,,0,0,,,
"Product","/products/f2421-168cm-m-cup-shemale-femboy-big-ass-musculature-silicone-sex-doll-castle-doll",1,1,0,0,0,0,2,,0,0,0,15,2,0,,0,1,1,0,0,0,0,2,,0,0,0,15,2,0,,0,0,0,,,,,0,,,,,0,0,,,
,"/en-fi/products/f8155-166cm-5ft5-43kg-m32-f-cup-life-size-sex-doll-md-doll",1,1,0,0,0,0,1,,0,0,0,0,1,1,,1,1,1,0,0,0,0,1,,0,0,0,0,1,1,,1,0,0,,,,,0,,,,,,0,0,,0
"Product","/products/f2387a-163cm5-3ft-53kg-g-cup-s6-great-doggy-style-huge-butt-silicone-head-realistic-sex-doll-2025%E4%B8%A8sy-doll",1,1,0,0,0,0,1,,0,0,0,0,1,1,,1,1,1,0,0,0,0,1,,0,0,0,0,1,1,,1,0,0,,,,,0,,,,,,0,0,,0
"Product","/products/f1931k-164cm5ft4-f-cup-hazel-life-size-sex-doll-irontech-doll",1,1,0,0,0,0,1,,0,0,0,0,1,1,,1,1,1,0,0,0,0,1,,0,0,0,0,1,1,,1,0,0,,,,,0,,,,,,0,0,,0
"Product","/products/f2523-159cm5-2ft-37kg-a-cup-white-giselle-realistic-silicone-sex-doll-in-stock-usa-fun-west-doll",1,1,0,0,0,0,2,,0,0,0,0,2,0,,0,1,1,0,0,0,0,2,,0,0,0,0,2,0,,0,0,0,,,,,0,,,,,,0,,,
"Product","/products/f9258-165cm5ft4-35kg-b-cup-silicone-ros-most-realistic-sex-dolls%E4%B8%A8doll-senior",1,1,0,0,0,0,5,,0,0,0,612,5,0,,0,1,1,0,0,0,0,5,,0,0,0,612,5,0,,0,0,0,,,,,0,,,,,0,0,,,
,"/ja/blogs/dolls-info-qustions/tips-for-having-sex-with-black-sex-dolls",1,1,0,0,0,0,1,,0,0,0,0,1,1,,1,1,1,0,0,0,0,1,,0,0,0,0,1,1,,1,0,0,,,,,0,,,,,,0,0,,0
"Blog Article","/blogs/dolls-info-qustions/explore-the-new-features-of-se-sex-dolls-waist-spin-sex-robots",1,1,0,0,0,0,2,,0,0,0,1266,2,0,,0,1,1,0,0,0,0,2,,0,0,0,1266,2,0,,0,0,0,,,,,0,,,,,0,0,,,
"Blog Article","/blogs/complete-sex-doll-guide-for-beginners/sex-doll-torso-usage-guide",1,1,0,0,0,0,2,,0,0,0,36,2,0,,0,1,1,0,0,0,0,2,,0,0,0,36,2,0,,0,0,0,,,,,0,,,,,0,0,,,
"Product","/products/t636-33-7lb-6-7-mark-dildo-realistic-tpe-male-sex-doll-torso-with-big-dick%E4%B8%A8tantaly",1,1,0,0,0,0,1,,0,0,0,0,1,1,,1,1,1,0,0,0,0,1,,0,0,0,0,1,1,,1,0,0,,,,,0,,,,,,0,0,,0
"Product","/products/p393-7-39lbs-silicone-pussy-onahole-sex-toys-meru-with-mouth-to-vagina-mrl",1,1,0,0,0,0,1,,0,0,0,0,1,1,,1,1,1,0,0,0,0,1,,0,0,0,0,1,1,,1,0,0,,,,,0,,,,,,0,0,,0
"Product","/products/f6309-168cm-5ft5-35kg-f-cup-silicone-realistic-celebrity-sex-doll-asian-top-cydoll",1,1,1,1,0,0,4,0,1,1,0,497,4,0,0,0,1,1,1,1,0,0,4,0,1,1,0,497,4,0,0,0,0,0,0,0,,,0,,0,0,,0,0,,,
"Blog Article","/blogs/dolls-info-qustions/gq-report-sparks-debate-why-are-more-people-choosing-to-fall-in-love-with-ai-sex-dolls",1,1,0,0,0,0,1,,0,0,0,0,1,1,,1,1,1,0,0,0,0,1,,0,0,0,0,1,1,,1,0,0,,,,,0,,,,,,0,0,,0
"Blog Article","/blogs/recent-brand-updates-new-arrivals-for-sex-dolls/zelex-k-series-launch-korean-pop-idol-realistic-sex-dolls",1,1,1,0,0,0,10,,1,0,0,628,10,0,,0,1,1,1,0,0,0,10,,1,0,0,628,10,0,,0,0,0,0,,,,0,,0,,,0,0,,,
"Product","/products/f2419-150cm-4ft9-d-cup-m40-blonde-neighbor-girl-silicone-sex-doll-2024-sy-doll",1,1,0,0,0,0,5,,0,0,0,35,5,0,,0,1,1,0,0,0,0,5,,0,0,0,35,5,0,,0,0,0,,,,,0,,,,,0,0,,,
"Product","/products/f4619-170cm-5ft7-44kg-male-sex-doll-17cm-penis-silicone",1,1,0,0,0,0,1,,0,0,0,0,1,1,,1,1,1,0,0,0,0,1,,0,0,0,0,1,1,,1,0,0,,,,,0,,,,,,0,0,,0
"Product","/products/t90894-8lbscinnamon-ssbbw-tpe-torso-sex-doll-with-huge-breasts-cliamx-doll-classic",1,1,0,0,0,0,2,,0,0,0,10,2,0,,0,1,1,0,0,0,0,2,,0,0,0,10,2,0,,0,0,0,,,,,0,,,,,0,0,,,
,"/de/blogs/featured-blog/complete-guide-to-fixing-tpe-full-size-sex-doll-makeup-fading",1,1,0,0,0,0,1,,0,0,0,0,1,1,,1,1,1,0,0,0,0,1,,0,0,0,0,1,1,,1,0,0,,,,,0,,,,,,0,0,,0
,"/en-ca/products/f1216-169cm-f-cup-miyuki-big-boobs-doll-irontech-doll",1,1,0,0,0,0,2,,0,0,0,945,2,0,,0,1,1,0,0,0,0,2,,0,0,0,945,2,0,,0,0,0,,,,,0,,,,,0,0,,,
"Product","/products/a359-27-5lb-silicone-butt-sexy-and-realistic-big-ass-sex-doll-torso-climax-doll",1,1,0,0,0,0,1,,0,0,0,0,1,1,,1,1,1,0,0,0,0,1,,0,0,0,0,1,1,,1,0,0,,,,,0,,,,,,0,0,,0
"Collection","/collections/japanese-anime-and-cosplay",1,1,0,0,0,0,1,,0,0,0,0,1,1,,1,1,1,0,0,0,0,1,,0,0,0,0,1,1,,1,0,0,,,,,0,,,,,,0,0,,0
,"/en-fi/blogs/dolls-info-qustions/types-of-femboy-sex-dolls",1,1,0,0,0,0,1,,0,0,0,0,1,1,,1,1,1,0,0,0,0,1,,0,0,0,0,1,1,,1,0,0,,,,,0,,,,,,0,0,,0
,"/en-ca/blogs/dolls-info-qustions/the-latest-sex-dolls-innovations-and-breakthroughs-in-2025",1,1,0,0,0,0,1,,0,0,0,0,1,1,,1,1,1,0,0,0,0,1,,0,0,0,0,1,1,,1,0,0,,,,,0,,,,,,0,0,,0
"Product","/products/f3403-150cm4ft9-31-5kg-l-cup-large-breast-tpe-love-doll-aibei-doll",1,1,0,0,0,0,3,,0,0,0,1632,3,0,,0,1,1,0,0,0,0,3,,0,0,0,1632,3,0,,0,0,0,,,,,0,,,,,0,0,,,
"Product","/products/t423-38-5lbs-72cm-medium-size-realistic-torso-trans-sex-doll-youqu",1,1,0,0,0,0,1,,0,0,0,0,1,1,,1,1,1,0,0,0,0,1,,0,0,0,0,1,1,,1,0,0,,,,,0,,,,,,0,0,,0
"Product","/products/f2506-158cm5-2ft-35kg-h-cup-ava-sterling-ros-silicone-sex-doll-in-stock-usa-nianta-doll",1,1,0,0,0,0,1,,0,0,0,0,1,1,,1,1,1,0,0,0,0,1,,0,0,0,0,1,1,,1,0,0,,,,,0,,,,,,0,0,,0
"Product","/products/b38-17-1lb-suntan-silicone-sex-doll-titfuck-torso",1,1,0,0,0,0,1,,0,0,0,0,1,1,,1,1,1,0,0,0,0,1,,0,0,0,0,1,1,,1,0,0,,,,,0,,,,,,0,0,,0
"Product","/products/f4921-172cm5-6ft-43-5kg-f-cup-fantasy-halloween-tpe-sex-doll%E4%B8%A8wm-doll",1,1,0,0,0,0,33,,0,0,0,726,33,0,,0,1,1,0,0,0,0,33,,0,0,0,726,33,0,,0,0,0,,,,,0,,,,,0,0,,,
"Product","/products/f2172-170cm-5-6ft-43kg-d-cup-nana-life-size-silicone-sex-doll-real-lady",1,1,0,0,0,0,1,,0,0,0,0,1,1,,1,1,1,0,0,0,0,1,,0,0,0,0,1,1,,1,0,0,,,,,0,,,,,,0,0,,0
"Product","/products/l867-2lb-82cm-crurophilia-fat-tpe-legs-and-feet-combo-realistic-skin-feel-climax-doll",1,1,0,0,0,0,1,,0,0,0,0,1,1,,1,1,1,0,0,0,0,1,,0,0,0,0,1,1,,1,0,0,,,,,0,,,,,,0,0,,0
"Product","/products/f3761-161cm5ft4-e-cup-silicone-sexy-realistic-adult-women-sex-doll-se-doll",1,1,0,0,0,0,7,,0,0,0,1038,7,0,,0,1,1,0,0,0,0,7,,0,0,0,1038,7,0,,0,0,0,,,,,0,,,,,0,0,,,
"Product","/products/f6319-159cm-5ft-25kg-medium-chest-asian-silicone-sex-boll-with-realistic-skin-texture-md-doll",1,1,0,0,0,0,5,,0,0,0,1193,5,0,,0,1,1,0,0,0,0,5,,0,0,0,1193,5,0,,0,0,0,,,,,0,,,,,0,0,,,
"Product","/products/irontech-doll-big-boobs-silicone-164cm-f-cup-f722",1,1,0,0,0,0,1,,0,0,0,0,1,1,,1,1,1,0,0,0,0,1,,0,0,0,0,1,1,,1,0,0,,,,,0,,,,,,0,0,,0
"Collection","/collections/felexia-doll",1,1,0,0,0,0,1,,0,0,0,0,1,1,,1,1,1,0,0,0,0,1,,0,0,0,0,1,1,,1,0,0,,,,,0,,,,,,0,0,,0
"Product","/products/f1411k-158cm5f2-33kg-e-cup-alien-blue-elves-tpe-sex-doll-alien-in-stock-usa-aibei-doll",1,1,0,0,0,0,1,,0,0,0,0,1,1,,1,1,1,0,0,0,0,1,,0,0,0,0,1,1,,1,0,0,,,,,0,,,,,,0,0,,0
"Blog Article","/blogs/dolls-info-qustions/from-midnight-anime-to-3d-nightstands-3-hentai-sex-dolls-that-actually-exist",1,1,0,0,0,0,1,,0,0,0,0,1,1,,1,1,1,0,0,0,0,1,,0,0,0,0,1,1,,1,0,0,,,,,0,,,,,,0,0,,0
"Collection","/collections/w-r-4-0",1,1,0,0,0,0,11,,0,0,0,1332,11,0,,0,1,1,0,0,0,0,11,,0,0,0,1332,11,0,,0,0,0,,,,,0,,,,,0,0,,,
"Product","/products/f4493-162cm-5-4ft-39kg-h-cup-life-size-silicone-sex-doll-real-lady",1,1,0,0,0,0,1,,0,0,0,0,1,1,,1,1,1,0,0,0,0,1,,0,0,0,0,1,1,,1,0,0,,,,,0,,,,,,0,0,,0
"Product","/products/f3776-153cm-5ft44kg-g-cup-tpe-sexy-mature-woman-big-butt-sex-doll-yl-doll",1,1,0,0,0,0,1,,0,0,0,0,1,1,,1,1,1,0,0,0,0,1,,0,0,0,0,1,1,,1,0,0,,,,,0,,,,,,0,0,,0
"Product","/products/f3678-151cm-4ft9-kiko-e-cup-tpe-asian-girl-cute-lolita-sex-doll-se-doll",1,1,0,0,0,0,20,,0,0,0,410,20,0,,0,1,1,0,0,0,0,20,,0,0,0,410,20,0,,0,0,0,,,,,0,,,,,0,0,,,
"Checkout","/60719464687/orders/57d690d7ddbec2ccf857d03ce2f54287",1,1,0,0,0,0,1,,0,0,0,0,1,1,,1,1,1,0,0,0,0,1,,0,0,0,0,1,1,,1,0,0,,,,,0,,,,,,0,0,,0
"Product","/products/l10-67lb-104cm-tall-fat-pop-art-faty-sex-doll-legs-climax-doll",1,1,0,0,0,0,2,,0,0,0,6,2,0,,0,1,1,0,0,0,0,2,,0,0,0,6,2,0,,0,0,0,,,,,0,,,,,0,0,,,
"Product","/products/f8551-158cm-5ft2-28kg-d-cup-silicone-asian-full-size-sex-doll-top-fire-doll",1,1,0,0,0,0,57,,0,0,0,3909,57,0,,0,1,1,0,0,0,0,57,,0,0,0,3909,57,0,,0,0,0,,,,,0,,,,,0,0,,,
"Product","/products/f5973-169cm-5ft5-50kg-d-cup-big-breasts-silicone-head-tpe-body-life-size-bbw-sex-doll-with-red-hair-rosretty-doll",1,1,0,0,0,0,1,,0,0,0,0,1,1,,1,1,1,0,0,0,0,1,,0,0,0,0,1,1,,1,0,0,,,,,0,,,,,,0,0,,0
,"/en-ca/products/p401-2-1lbs-zombaebby-monster-girl-tentacle-octopus-hentai-onahole-mrl",1,1,0,0,0,0,1,,0,0,0,0,1,1,,1,1,1,0,0,0,0,1,,0,0,0,0,1,1,,1,0,0,,,,,0,,,,,,0,0,,0
"Product","/products/t425-35lbs-70cm-tpe-realistic-male-gay-sex-dolls-for-women-in-stock-eu-yq",1,1,0,0,0,0,5,,0,0,0,572,5,0,,0,1,1,0,0,0,0,5,,0,0,0,572,5,0,,0,0,0,,,,,0,,,,,0,0,,,
"Product","/products/f3877-166cm-5ft5-i-cup-pure-blue-eyes-tpe-sex-doll-hr-doll",1,1,0,0,0,0,2,,0,0,0,1363,2,0,,0,1,1,0,0,0,0,2,,0,0,0,1363,2,0,,0,0,0,,,,,0,,,,,0,0,,,
,"/en-ca/collections/skinny-torso",1,1,0,0,0,0,25,,0,0,0,1339,25,0,,0,1,1,0,0,0,0,25,,0,0,0,1339,25,0,,0,0,0,,,,,0,,,,,0,0,,,
"Blog Article","/blogs/dolls-info-qustions/how-to-safely-bathe-with-your-love-doll",1,1,0,0,0,0,1,,0,0,0,0,1,1,,1,1,1,0,0,0,0,1,,0,0,0,0,1,1,,1,0,0,,,,,0,,,,,,0,0,,0
"Product","/products/f3353-168cm-5ft536kg-b-cup-tpe-sexy-girl-skinny-sex-doll-yl-doll",1,1,0,0,0,0,1,,0,0,0,0,1,1,,1,1,1,0,0,0,0,1,,0,0,0,0,1,1,,1,0,0,,,,,0,,,,,,0,0,,0
"Product","/products/f5562-150cm-5ft-27-5kg-hentai-anime-silicone-sex-doll-elsa-babe",1,1,0,0,0,0,3,,0,0,0,98,3,0,,0,1,1,0,0,0,0,3,,0,0,0,98,3,0,,0,0,0,,,,,0,,,,,0,0,,,
"Product","/products/b42-7-7lbs-silicone-breast-vagina-sex-toy",1,1,0,0,0,0,1,,0,0,0,0,1,1,,1,1,1,0,0,0,0,1,,0,0,0,0,1,1,,1,0,0,,,,,0,,,,,,0,0,,0
"Blog Article","/blogs/dolls-info-qustions/whether-sex-dolls-can-be-rented",1,1,0,0,0,0,1,,0,0,0,0,1,1,,1,1,1,0,0,0,0,1,,0,0,0,0,1,1,,1,0,0,,,,,0,,,,,,0,0,,0
"Product","/products/f9383-168cm-anime-silicone-adult-dolls-aitia",1,1,0,0,0,0,3,,0,0,0,938,3,0,,0,1,1,0,0,0,0,3,,0,0,0,938,3,0,,0,0,0,,,,,0,,,,,0,0,,,
"Product","/products/linkdolls-f673-170cm5ft5-36-2kg-silicone-chinese-sex-doll-zelex-doll",1,1,0,0,0,0,8,,0,0,0,1422,8,0,,0,1,1,0,0,0,0,8,,0,0,0,1422,8,0,,0,0,0,,,,,0,,,,,0,0,,,
"Product","/products/f4660-150cm4ft9-25kg-mary-f-cup-silicone-hhs-black-hair-animes-mini-hentai-sex-doll-irokebijin-doll",1,1,0,0,0,0,2,,0,0,0,0,2,0,,0,1,1,0,0,0,0,2,,0,0,0,0,2,0,,0,0,0,,,,,0,,,,,,0,,,
"Collection","/collections/big-ass-sex-doll-cheap",1,1,0,0,0,0,1,,0,0,0,0,1,1,,1,1,1,0,0,0,0,1,,0,0,0,0,1,1,,1,0,0,,,,,0,,,,,,0,0,,0
"Product","/products/f362k-165cm-5ft434kg-bess-victor-f-cup-real-female-adult-breasts-sexy-curves-silicone-sex-doll-cst-doll",1,1,0,0,0,0,4,,0,0,0,1657,4,0,,0,1,1,0,0,0,0,4,,0,0,0,1657,4,0,,0,0,0,,,,,0,,,,,0,0,,,
,"/de/collections/vibrating-sex-doll-torso",1,1,0,0,0,0,2,,0,0,0,679,2,0,,0,1,1,0,0,0,0,2,,0,0,0,679,2,0,,0,0,0,,,,,0,,,,,0,0,,,
"Collection","/collections/fake-ass-over-899",1,1,0,0,0,0,2,,0,0,0,6,2,0,,0,1,1,0,0,0,0,2,,0,0,0,6,2,0,,0,0,0,,,,,0,,,,,0,0,,,
"Product","/products/f9108-150cm-5ft-27-5kg-silicone-anime-waifu-sex-doll-elsa-babe",1,1,0,0,0,0,1,,0,0,0,0,1,1,,1,1,1,0,0,0,0,1,,0,0,0,0,1,1,,1,0,0,,,,,0,,,,,,0,0,,0
"Product","/products/f4708-doll-castle-150cm-j-cup-bbw-life-sized-sex-doll",1,1,0,0,0,0,46,,0,0,0,1764,46,0,,0,1,1,0,0,0,0,46,,0,0,0,1764,46,0,,0,0,0,,,,,0,,,,,0,0,,,
"Product","/products/t1567-2lb-silicone-torso-sex-doll-with-huge-breasts-cliamx-doll",1,1,0,0,0,0,1,,0,0,0,0,1,1,,1,1,1,0,0,0,0,1,,0,0,0,0,1,1,,1,0,0,,,,,0,,,,,,0,0,,0
"Product","/products/f2258-162cm-i-cup-ida-big-breats-silicone-sex-doll-normon-doll",1,1,0,0,0,0,2,,0,0,0,1553,2,0,,0,1,1,0,0,0,0,2,,0,0,0,1553,2,0,,0,0,0,,,,,0,,,,,0,0,,,
"Collection","/collections/best-sell-doll",1,1,0,0,0,0,1,,0,0,0,0,1,1,,1,1,1,0,0,0,0,1,,0,0,0,0,1,1,,1,0,0,,,,,0,,,,,,0,0,,0
"Product","/products/f116-160cm5ft2-35kg-boy-male-tpe-effeminate-male-sex-doll-wm-doll",1,1,0,0,0,0,66,,0,0,0,179,66,0,,0,1,1,0,0,0,0,66,,0,0,0,179,66,0,,0,0,0,,,,,0,,,,,0,0,,,
,"/en-ca/collections/bbw-ass-torso",1,1,0,0,0,0,6,,0,0,0,393,6,0,,0,1,1,0,0,0,0,6,,0,0,0,393,6,0,,0,0,0,,,,,0,,,,,0,0,,,
"Product","/products/f3537-160cm5-2ft-42kg-b-cup-fantasy-tpe-sex-doll%E4%B8%A8wm-doll",1,1,0,0,0,0,1,,0,0,0,0,1,1,,1,1,1,0,0,0,0,1,,0,0,0,0,1,1,,1,0,0,,,,,0,,,,,,0,0,,0
"Collection","/collections/soccer-beauties-series",1,1,0,0,0,0,1,,0,0,0,0,1,1,,1,1,1,0,0,0,0,1,,0,0,0,0,1,1,,1,0,0,,,,,0,,,,,,0,0,,0
"Product","/products/f194-tpe-sex-doll-159cm",1,1,0,0,0,0,1,,0,0,0,0,1,1,,1,1,1,0,0,0,0,1,,0,0,0,0,1,1,,1,0,0,,,,,0,,,,,,0,0,,0
"Product","/products/b38-17-1lb-full-bust-36-2inch-yellow-silicone-titjob-boob-job-breast-sex-titty-fucking-mammary-intercourse-sex-toy",1,1,0,0,0,0,21,,0,0,0,718,21,0,,0,1,1,0,0,0,0,21,,0,0,0,718,21,0,,0,0,0,,,,,0,,,,,0,0,,,
"Product","/products/f3753-160cm5ft2-yuuki-c-cup-silicone-pure-lolita-young-chinese-sex-dolls-se-doll",1,1,0,0,0,0,1,,0,0,0,0,1,1,,1,1,1,0,0,0,0,1,,0,0,0,0,1,1,,1,0,0,,,,,0,,,,,,0,0,,0
"Product","/products/h429-ros-free-hair-impants-real-oral-movable-jaw-silicone-sex-doll-head-sy-doll",1,1,0,0,0,0,11,,0,0,0,238,11,0,,0,1,1,0,0,0,0,11,,0,0,0,238,11,0,,0,0,0,,,,,0,,,,,0,0,,,
,"/en-ca/products/f5682-157cm-5ft1-51kg-e-cup-celebrity-bbw-sex-doll-6ye",1,1,0,0,0,0,2,,0,0,0,8,2,0,,0,1,1,0,0,0,0,2,,0,0,0,8,2,0,,0,0,0,,,,,0,,,,,0,0,,,
"Blog Article","/blogs/dolls-info-qustions/heavyweight-sex-dolls-advantages-and-risks-analysis",1,1,0,0,0,0,1,,0,0,0,0,1,1,,1,1,1,0,0,0,0,1,,0,0,0,0,1,1,,1,0,0,,,,,0,,,,,,0,0,,0
"Product","/products/f2104-164cm5-4ft-d-cup-life-size-young-seductive-sex-doll%E4%B8%A8sy-doll",1,1,0,0,0,0,32,,0,0,0,595,32,0,,0,1,1,0,0,0,0,32,,0,0,0,595,32,0,,0,0,0,,,,,0,,,,,0,0,,,
,"/en-ca/blogs/dolls-info-qustions/exploring-the-best-breasts-for-titty-fucking",1,1,0,0,0,0,1,,0,0,0,0,1,1,,1,1,1,0,0,0,0,1,,0,0,0,0,1,1,,1,0,0,,,,,0,,,,,,0,0,,0
"Blog Article","/blogs/dolls-info-qustions/makeup-for-hentai-sex-doll-create-your-own-anime-goddess",1,1,0,0,0,0,1,,0,0,0,0,1,1,,1,1,1,0,0,0,0,1,,0,0,0,0,1,1,,1,0,0,,,,,0,,,,,,0,0,,0
"Product","/products/t230-big-breast-torso-dildo-bisexual-torso",1,1,0,0,0,0,2,,0,0,0,21,2,0,,0,1,1,0,0,0,0,2,,0,0,0,21,2,0,,0,0,0,,,,,0,,,,,0,0,,,
"Product","/products/t449-13-89lb-silicone-pocket-pussy-sex-doll-torso-lovenestle",1,1,0,0,0,0,2,,0,0,0,114,2,0,,0,1,1,0,0,0,0,2,,0,0,0,114,2,0,,0,0,0,,,,,0,,,,,0,0,,,
"Product","/products/t460-65-52lb-silicone-savannah-sex-doll-torso-lovenestle",1,1,0,0,0,0,1,,0,0,0,0,1,1,,1,1,1,0,0,0,0,1,,0,0,0,0,1,1,,1,0,0,,,,,0,,,,,,0,0,,0
"Product","/products/t728-26-5lbs-silicone-male-sex-dolls-torso-with-6-7-posable-dildo-m16-head-connector-yeloly",1,1,0,0,0,0,1,,0,0,0,0,1,1,,1,1,1,0,0,0,0,1,,0,0,0,0,1,1,,1,0,0,,,,,0,,,,,,0,0,,0
"Product","/products/f5642-171cm-40kg-c-cup-silicone-head-movable-jaw-sle-body-silicone-celebrity-sex-doll-in-stock-usa-canada-zelex-doll",1,1,0,0,0,0,1,,0,0,0,0,1,1,,1,1,1,0,0,0,0,1,,0,0,0,0,1,1,,1,0,0,,,,,0,,,,,,0,0,,0
,"/en-fi/collections/bbw-milf-sex-doll",1,1,0,0,0,0,1,,0,0,0,0,1,1,,1,1,1,0,0,0,0,1,,0,0,0,0,1,1,,1,0,0,,,,,0,,,,,,0,0,,0
"Collection","/collections/170cm-180cm-dolls",1,1,0,0,0,0,1,,0,0,0,0,1,1,,1,1,1,0,0,0,0,1,,0,0,0,0,1,1,,1,0,0,,,,,0,,,,,,0,0,,0
,"/en-ca/blogs/dolls-info-qustions/introduction-to-sex-dolls-with-the-largest-hips-on-the-market",1,1,0,0,0,0,1,,0,0,0,0,1,1,,1,1,1,0,0,0,0,1,,0,0,0,0,1,1,,1,0,0,,,,,0,,,,,,0,0,,0
,"/de/collections/life-size-silicone-torso",1,1,0,0,0,0,1,,0,0,0,0,1,1,,1,1,1,0,0,0,0,1,,0,0,0,0,1,1,,1,0,0,,,,,0,,,,,,0,0,,0
,"/en-ca/products/f3555-166cm5-5ft-33kg-c-cup-fantasy-tpe-sex-doll%E4%B8%A8wm-doll",1,1,0,0,0,0,2,,0,0,0,6,2,0,,0,1,1,0,0,0,0,2,,0,0,0,6,2,0,,0,0,0,,,,,0,,,,,0,0,,,
"Product","/products/f1254-164cm-f-cup-zara-big-boobs-doll-irontech-doll",1,1,0,0,0,0,2,,0,0,0,146,2,0,,0,1,1,0,0,0,0,2,,0,0,0,146,2,0,,0,0,0,,,,,0,,,,,0,0,,,
"Product","/products/f4744-90cm-2ft1134kg-o-cup-tpe-adult-big-chest-big-ass-bbw-sex-doll-torso-with-head-yl-doll",1,1,0,0,0,0,2,,0,0,0,1634,2,0,,0,1,1,0,0,0,0,2,,0,0,0,1634,2,0,,0,0,0,,,,,0,,,,,0,0,,,
"Blog Article","/blogs/dolls-info-qustions/exploring-the-best-personal-time-spaces",1,1,0,0,0,0,1,,0,0,0,0,1,1,,1,1,1,0,0,0,0,1,,0,0,0,0,1,1,,1,0,0,,,,,0,,,,,,0,0,,0
"Product","/products/f2545-164cm-f-cup-suntan-big-boobs-silicone-sex-doll-in-stock-us-irontech-doll",1,1,0,0,0,0,3,,0,0,0,1859,3,0,,0,1,1,0,0,0,0,3,,0,0,0,1859,3,0,,0,0,0,,,,,0,,,,,0,0,,,
"Checkout","/checkouts/cn/hWNDW1cm9we7lTDmY8gFCEhG/en-us",1,1,0,1,0,0,2,0,0,1,0,6,2,0,,0,1,1,0,1,0,0,2,0,0,1,0,6,2,0,,0,0,0,,0,,,0,,,0,,0,0,,,
,"/en-ca/collections/flat-chest-japanese-sex-doll",1,1,0,0,0,0,1,,0,0,0,0,1,1,,1,1,1,0,0,0,0,1,,0,0,0,0,1,1,,1,0,0,,,,,0,,,,,,0,0,,0
"Product","/products/f2474-163cm5-3ft-40kg-g-cup-eira-tpe-sex-doll-fun-west-doll",1,1,0,0,0,0,4,,0,0,0,101,4,0,,0,1,1,0,0,0,0,4,,0,0,0,101,4,0,,0,0,0,,,,,0,,,,,0,0,,,
,"/ja/blogs/dolls-info-qustions/why-choose-a-flat-chest-sex-doll-a-comparison-with-bbw-sex-dolls",1,1,0,0,0,0,1,,0,0,0,0,1,1,,1,1,1,0,0,0,0,1,,0,0,0,0,1,1,,1,0,0,,,,,0,,,,,,0,0,,0
,"/en-ca/blogs/dolls-info-qustions/9-things-you-should-never-do-to-your-sex-doll-torso",1,1,0,0,0,0,2,,0,0,0,162,2,0,,0,1,1,0,0,0,0,2,,0,0,0,162,2,0,,0,0,0,,,,,0,,,,,0,0,,,
,"/en-fi/blogs/dolls-info-qustions/top-yl-dolls-of-2025-you-don-t-want-to-miss",1,1,0,0,0,0,1,,0,0,0,0,1,1,,1,1,1,0,0,0,0,1,,0,0,0,0,1,1,,1,0,0,,,,,0,,,,,,0,0,,0
,"/de/search",1,1,0,0,0,0,2,,0,0,0,140,2,0,,0,1,1,0,0,0,0,2,,0,0,0,140,2,0,,0,0,0,,,,,0,,,,,0,0,,,
"Collection","/collections/dolls-castle-videos",1,1,0,0,0,0,6,,0,0,0,548,6,0,,0,1,1,0,0,0,0,6,,0,0,0,548,6,0,,0,0,0,,,,,0,,,,,0,0,,,
"Blog Article","/blogs/dolls-info-qustions/how-to-carry-your-heavy-doll",1,1,0,0,0,0,1,,0,0,0,0,1,1,,1,1,1,0,0,0,0,1,,0,0,0,0,1,1,,1,0,0,,,,,0,,,,,,0,0,,0
"Product","/products/h628-ros-silicone-sex-doll-head-zelex-doll-head",1,1,0,0,0,0,1,,0,0,0,0,1,1,,1,1,1,0,0,0,0,1,,0,0,0,0,1,1,,1,0,0,,,,,0,,,,,,0,0,,0
"Product","/products/p108-26cm-10-2in-1-5kg-silicone-celebrity-anime-hentai-sex-toys-castle-doll",1,1,0,0,0,0,1,,0,0,0,0,1,1,,1,1,1,0,0,0,0,1,,0,0,0,0,1,1,,1,0,0,,,,,0,,,,,,0,0,,0
"Product","/products/f5514-150cm-5ft-27-5kg-silicone-anime-hentai-sex-doll-elsa-babe",1,1,0,0,0,0,1,,0,0,0,0,1,1,,1,1,1,0,0,0,0,1,,0,0,0,0,1,1,,1,0,0,,,,,0,,,,,,0,0,,0
"Product","/products/p356-violet-myers-pocket-pussy-sex-toy-for-men-jiuai",1,1,0,0,0,0,1,,0,0,0,0,1,1,,1,1,1,0,0,0,0,1,,0,0,0,0,1,1,,1,0,0,,,,,0,,,,,,0,0,,0
"Blog Article","/blogs/dolls-info-qustions/nsfw-time-revealing-the-most-popular-porn-stars-and-celebrity-sex-dolls",1,1,0,0,0,0,1,,0,0,0,0,1,1,,1,1,1,0,0,0,0,1,,0,0,0,0,1,1,,1,0,0,,,,,0,,,,,,0,0,,0
,"/en-fi/blogs/dolls-info-qustions/vaginal-and-anal-design-of-life-size-sex-dolls",1,1,0,0,0,0,1,,0,0,0,0,1,1,,1,1,1,0,0,0,0,1,,0,0,0,0,1,1,,1,0,0,,,,,0,,,,,,0,0,,0
"Blog Article","/blogs/sex-doll-torso-blog/7-minutes-to-take-you-to-find-the-most-suitable-male-torso-sex-doll",1,1,0,0,0,0,1,,0,0,0,0,1,1,,1,1,1,0,0,0,0,1,,0,0,0,0,1,1,,1,0,0,,,,,0,,,,,,0,0,,0
,"/en-fi/blogs/dolls-info-qustions/hentai-sex-doll-1v1-real-test-on-the-cleaning-resistance-of-ultra-durable-makeup-vs-regular-makeup",1,1,0,0,0,0,3,,0,0,0,64,3,0,,0,1,1,0,0,0,0,3,,0,0,0,64,3,0,,0,0,0,,,,,0,,,,,0,0,,,
"Product","/products/8245040382191",1,1,0,0,0,0,1,,0,0,0,0,1,1,,1,1,1,0,0,0,0,1,,0,0,0,0,1,1,,1,0,0,,,,,0,,,,,,0,0,,0
"Product","/products/f3519-163cm5-4ft-51kg-h-cup-bbw-tpe-sex-doll%E4%B8%A8wm-doll",1,1,0,0,0,0,2,,0,0,0,30,2,0,,0,1,1,0,0,0,0,2,,0,0,0,30,2,0,,0,0,0,,,,,0,,,,,0,0,,,
,"/de/products/f8000-150cm-5ft-27-5kg-silicone-anime-hentai-sex-doll-elsa-babe",1,1,0,0,0,0,2,,0,0,0,9,2,0,,0,1,1,0,0,0,0,2,,0,0,0,9,2,0,,0,0,0,,,,,0,,,,,0,0,,,
"Product","/products/f2082-monique-starpery-172cm-f-cup-female-sex-doll",1,1,0,0,0,0,1,,0,0,0,0,1,1,,1,1,1,0,0,0,0,1,,0,0,0,0,1,1,,1,0,0,,,,,0,,,,,,0,0,,0
"Product","/products/f2162-165cm-5ft5-g-cup-natalia-realistic-silicone-sex-doll-starpery-doll",1,1,0,0,0,0,1,,0,0,0,0,1,1,,1,1,1,0,0,0,0,1,,0,0,0,0,1,1,,1,0,0,,,,,0,,,,,,0,0,,0
"Product","/products/f1444-aibei-163cm-e-cup-bbw-life-size-sex-doll",1,1,0,0,0,0,1,,0,0,0,0,1,1,,1,1,1,0,0,0,0,1,,0,0,0,0,1,1,,1,0,0,,,,,0,,,,,,0,0,,0
,"/en-ca/blogs/dolls-info-qustions/the-ultimate-guide-to-starpery-sex-dolls-the-realism-and-innovation",1,1,0,0,0,0,1,,0,0,0,0,1,1,,1,1,1,0,0,0,0,1,,0,0,0,0,1,1,,1,0,0,,,,,0,,,,,,0,0,,0
"Collection","/collections/judy-rona-doll",1,1,0,0,0,0,1,,0,0,0,0,1,1,,1,1,1,0,0,0,0,1,,0,0,0,0,1,1,,1,0,0,,,,,0,,,,,,0,0,,0
"Product","/products/f8197-150cm-5ft-27-5kg-silicone-anime-sex-doll-elsa-babe",1,1,0,0,0,0,13,,0,0,0,709,13,0,,0,1,1,0,0,0,0,13,,0,0,0,709,13,0,,0,0,0,,,,,0,,,,,0,0,,,
,"/en-fi/blogs/dolls-info-qustions/what-types-of-cheap-sex-dolls-can-i-buy-on-linkdolls",1,1,0,0,0,0,2,,0,0,0,13,2,0,,0,1,1,0,0,0,0,2,,0,0,0,13,2,0,,0,0,0,,,,,0,,,,,0,0,,,
,"/ja/blogs/dolls-info-qustions/how-does-bbw-become-a-mainstream-aesthetic-step-by-step",1,1,0,0,0,0,1,,0,0,0,0,1,1,,1,1,1,0,0,0,0,1,,0,0,0,0,1,1,,1,0,0,,,,,0,,,,,,0,0,,0
"Product","/products/f5497-150cm-asian-petite-f-cup-japanese-sex-bot-moving-custom",1,1,0,0,0,0,1,,0,0,0,0,1,1,,1,1,1,0,0,0,0,1,,0,0,0,0,1,1,,1,0,0,,,,,0,,,,,,0,0,,0
"Blog Article","/blogs/dolls-info-qustions/sex-dolls-near-me",1,1,0,0,0,0,1,,0,0,0,0,1,1,,1,1,1,0,0,0,0,1,,0,0,0,0,1,1,,1,0,0,,,,,0,,,,,,0,0,,0
,"/en-fi/products/f3672-165cm-5ft4-beacher-f-cup-big-breasts-celebrities-sexy-curves-sex-doll-cst-doll",1,1,0,0,0,0,30,,0,0,0,2338,30,0,,0,1,1,0,0,0,0,30,,0,0,0,2338,30,0,,0,0,0,,,,,0,,,,,0,0,,,
"Product","/products/f8170-150cm4-9ft-27-6kg-f-cup-ros-max-r8-lena-silicone-sex-doll-real-lady",1,1,0,0,0,0,1,,0,0,0,0,1,1,,1,1,1,0,0,0,0,1,,0,0,0,0,1,1,,1,0,0,,,,,0,,,,,,0,0,,0
"Collection","/collections/vajankle-foot-fetish-toys/",1,1,0,0,0,0,3,,0,0,0,99,3,0,,0,1,1,0,0,0,0,3,,0,0,0,99,3,0,,0,0,0,,,,,0,,,,,0,0,,,
"Product","/products/f7009k-165cm5ft4-40-5kg-d-cup-silicone-ros-best-latina-sex-doll-in-stock-%E4%B8%A8lusandy-doll",1,1,0,0,0,0,1,,0,0,0,0,1,1,,1,1,1,0,0,0,0,1,,0,0,0,0,1,1,,1,0,0,,,,,0,,,,,,0,0,,0
"Product","/products/f5800-170cm-5ft3-43kg-d-cup-silicone-latina-realistic-sex-doll-top-cydoll",1,1,0,0,0,0,1,,0,0,0,0,1,1,,1,1,1,0,0,0,0,1,,0,0,0,0,1,1,,1,0,0,,,,,0,,,,,,0,0,,0
,"/de/collections/bbw-new-product",1,1,0,0,0,0,4,,0,0,0,557,4,0,,0,1,1,0,0,0,0,4,,0,0,0,557,4,0,,0,0,0,,,,,0,,,,,0,0,,,
"Product","/products/f1990-150cm4-9ft-42-5kg-m-cup-bbw-tpe-mini-sex-doll%E4%B8%A8wm-doll",1,1,0,0,0,0,1,,0,0,0,0,1,1,,1,1,1,0,0,0,0,1,,0,0,0,0,1,1,,1,0,0,,,,,0,,,,,,0,0,,0
"Product","/products/f1556-elsa-babe-165cm-5ft4-full-silicone-sexy-anime-sex-dolls",1,1,0,0,0,0,6,,0,0,0,2422,6,0,,0,1,1,0,0,0,0,6,,0,0,0,2422,6,0,,0,0,0,,,,,0,,,,,0,0,,,
"Product","/products/f5961-150cm-4ft9-f-cup-114-powerful-big-ass-tpe-ssbbw-plus-size-sex-dolls-2025-sy-doll",1,1,0,0,0,0,5,,0,0,0,167,5,0,,0,1,1,0,0,0,0,5,,0,0,0,167,5,0,,0,0,0,,,,,0,,,,,0,0,,,
"Collection","/collections/se-doll-tpe-sex-doll",1,1,0,0,0,0,1,,0,0,0,0,1,1,,1,1,1,0,0,0,0,1,,0,0,0,0,1,1,,1,0,0,,,,,0,,,,,,0,0,,0
,"/en-ca/blogs/dolls-info-qustions/tpe-dolls-tearing-and-peeling-difficulties-easy-to-solve-there-is-a-trick",1,1,0,0,0,0,1,,0,0,0,0,1,1,,1,1,1,0,0,0,0,1,,0,0,0,0,1,1,,1,0,0,,,,,0,,,,,,0,0,,0
"Product","/products/f8125-162cm-5ft3-40-5kg-h-cup-m31-plump-body-silicone-sex-doll-md-doll",1,1,0,0,0,0,3,,0,0,0,214,3,0,,0,1,1,0,0,0,0,3,,0,0,0,214,3,0,,0,0,0,,,,,0,,,,,0,0,,,
"Product","/products/linkdolls-f3251-150cm-4ft935-5kg-leslie-g-cup-big-breasted-european-nude-beauty-sex-doll-yl-doll",1,1,0,0,0,0,1,,0,0,0,0,1,1,,1,1,1,0,0,0,0,1,,0,0,0,0,1,1,,1,0,0,,,,,0,,,,,,0,0,,0
,"/en-fi/blogs/dolls-info-qustions/how-men-can-use-sex-dolls-to-overcome-fake-orgasms",1,1,0,0,0,0,1,,0,0,0,0,1,1,,1,1,1,0,0,0,0,1,,0,0,0,0,1,1,,1,0,0,,,,,0,,,,,,0,0,,0
"Custom Page","/pages/anime-sex-doll-buying-guide",1,1,0,0,0,0,28,,0,0,0,1658,28,0,,0,1,1,0,0,0,0,28,,0,0,0,1658,28,0,,0,0,0,,,,,0,,,,,0,0,,,
"Product","/products/f4261-161cm5-3ft-35kg-g-cup-milf-tpe-sex-doll%E4%B8%A8wm-doll",1,1,0,0,0,0,3,,0,0,0,1653,3,0,,0,1,1,0,0,0,0,3,,0,0,0,1653,3,0,,0,0,0,,,,,0,,,,,0,0,,,
,"/de/collections/life-sized-sex-doll",1,1,0,0,0,0,5,,0,0,0,363,5,0,,0,1,1,0,0,0,0,5,,0,0,0,363,5,0,,0,0,0,,,,,0,,,,,0,0,,,
"Blog Article","/blogs/dolls-info-qustions/irontech-doll-launches-the-stunning-oriental-series",1,1,0,0,0,0,2,,0,0,0,0,2,0,,0,1,1,0,0,0,0,2,,0,0,0,0,2,0,,0,0,0,,,,,0,,,,,,0,,,
"Product","/products/f1875-165cm5ft4-a-cup-victoria-most-realistic-sex-doll-irontech-doll",1,1,0,0,0,0,1,,0,0,0,0,1,1,,1,1,1,0,0,0,0,1,,0,0,0,0,1,1,,1,0,0,,,,,0,,,,,,0,0,,0
,"/de/collections/gel-breasts",1,1,0,0,0,0,1,,0,0,0,0,1,1,,1,1,1,0,0,0,0,1,,0,0,0,0,1,1,,1,0,0,,,,,0,,,,,,0,0,,0
,"/en-fi/blogs/dolls-info-qustions/5-best-sex-doll-torso",1,1,0,0,0,0,2,,0,0,0,681,2,0,,0,1,1,0,0,0,0,2,,0,0,0,681,2,0,,0,0,0,,,,,0,,,,,0,0,,,
"Product","/products/p85-8lb-ssbbw-sex-doll-mini-torso",1,1,0,0,0,0,23,,0,0,0,759,23,0,,0,1,1,0,0,0,0,23,,0,0,0,759,23,0,,0,0,0,,,,,0,,,,,0,0,,,
"Collection","/collections/best-seller-sex-dolls-200-499",1,1,0,0,0,0,1,,0,0,0,0,1,1,,1,1,1,0,0,0,0,1,,0,0,0,0,1,1,,1,0,0,,,,,0,,,,,,0,0,,0
,"/en-fi/products/f1725-165cm-5ft4-carmen-f-cup-silicone-head-movable-jaws-sex-doll-zelex-doll",1,1,0,0,0,0,8,,0,0,0,151,8,0,,0,1,1,0,0,0,0,8,,0,0,0,151,8,0,,0,0,0,,,,,0,,,,,0,0,,,
"Blog Article","/blogs/dolls-info-qustions/zelex-inspiration-series-2-0-gets-a-full-scale-upgrade-ultra-realistic-dolls-are-here-to-amaze",1,1,0,0,0,0,1,,0,0,0,0,1,1,,1,1,1,0,0,0,0,1,,0,0,0,0,1,1,,1,0,0,,,,,0,,,,,,0,0,,0
,"/en-ca/collections/teen-sex-dolls",1,1,0,0,0,0,2,,0,0,0,2,2,0,,0,1,1,0,0,0,0,2,,0,0,0,2,2,0,,0,0,0,,,,,0,,,,,0,0,,,
"Product","/products/a793-silicone-big-ass-sex-doll-torso-butt-yeloly",1,1,0,0,0,0,2,,0,0,0,4,2,0,,0,1,1,0,0,0,0,2,,0,0,0,4,2,0,,0,0,0,,,,,0,,,,,0,0,,,
"Product","/products/f5798-170cm-5ft3-43kg-d-cup-silicone-latina-realistic-sex-doll-top-cydoll",1,1,0,0,0,0,3,,0,0,0,609,3,0,,0,1,1,0,0,0,0,3,,0,0,0,609,3,0,,0,0,0,,,,,0,,,,,0,0,,,
"Blog Article","/blogs/dolls-info-qustions/normon-doll-the-best-choice-for-experienced-players",1,1,0,0,0,0,5,,0,0,0,444,5,0,,0,1,1,0,0,0,0,5,,0,0,0,444,5,0,,0,0,0,,,,,0,,,,,0,0,,,
"Product","/products/f3477-163cm5f3-52kg-e-cup-european-tpe-sex-doll-in-stock-usa-aibei-doll",1,1,0,0,0,0,4,,0,0,0,278,4,0,,0,1,1,0,0,0,0,4,,0,0,0,278,4,0,,0,0,0,,,,,0,,,,,0,0,,,
"Product","/products/f2132-173cm5-7ft-45kg-h-cup-bbw-tpe-sex-doll%E4%B8%A8wm-doll",1,1,0,0,0,0,1,,0,0,0,0,1,1,,1,1,1,0,0,0,0,1,,0,0,0,0,1,1,,1,0,0,,,,,0,,,,,,0,0,,0
"Product","/products/f2165-169cm5-5ft-e-cup-m7-halloween-sex-doll%E4%B8%A8sy-doll",1,1,0,0,0,0,1,,0,0,0,0,1,1,,1,1,1,0,0,0,0,1,,0,0,0,0,1,1,,1,0,0,,,,,0,,,,,,0,0,,0
"Product","/products/f1655-160cm-5ft2-37kg-a-cup-small-breast-lifelike-tpe-sex-doll-sy-doll",1,1,0,0,0,0,4,,0,0,0,1661,4,0,,0,1,1,0,0,0,0,4,,0,0,0,1661,4,0,,0,0,0,,,,,0,,,,,0,0,,,
"Blog Article","/blogs/dolls-info-qustions/do-sex-doll-butts-give-you-the-benefits-of-real-ones",1,1,0,0,0,0,1,,0,0,0,0,1,1,,1,1,1,0,0,0,0,1,,0,0,0,0,1,1,,1,0,0,,,,,0,,,,,,0,0,,0
,"/en-fi/collections/mini-flat-chest-sex-doll",1,1,0,0,0,0,2,,0,0,0,15,2,0,,0,1,1,0,0,0,0,2,,0,0,0,15,2,0,,0,0,0,,,,,0,,,,,0,0,,,
"Product","/products/f5532-150cm4ft9-26-2kg-b-cup-small-breast-tpe-sex-doll-aibei-doll",1,1,1,0,0,0,10,,1,0,0,957,10,0,,0,1,1,1,0,0,0,10,,1,0,0,957,10,0,,0,0,0,0,,,,0,,0,,,0,0,,,
,"/en-ca/products/f6129-170cm-5ft6-40kg-d-cup-s11-tpe-silicone-head-sex-doll-sy-doll",1,1,0,0,0,0,21,,0,0,0,1906,21,0,,0,1,1,0,0,0,0,21,,0,0,0,1906,21,0,,0,0,0,,,,,0,,,,,0,0,,,
,"/en-ca/blogs/featured-blog/best-torso-sex-doll-brands-of-2026",1,1,0,0,0,0,1,,0,0,0,0,1,1,,1,1,1,0,0,0,0,1,,0,0,0,0,1,1,,1,0,0,,,,,0,,,,,,0,0,,0
"Product","/products/f1850k-163cm5ft4-g-cup-sally-most-popular-sex-doll-irontech-doll",1,1,0,0,0,0,1,,0,0,0,0,1,1,,1,1,1,0,0,0,0,1,,0,0,0,0,1,1,,1,0,0,,,,,0,,,,,,0,0,,0
"Product","/products/a457-37-74lb-silicone-1-1-life-sized-pussy-ass-masturbator-big-ass-torso-lovenestle",1,1,0,0,0,0,1,,0,0,0,0,1,1,,1,1,1,0,0,0,0,1,,0,0,0,0,1,1,,1,0,0,,,,,0,,,,,,0,0,,0
"Blog Article","/blogs/dolls-info-qustions/every-you-need-know-about-sex-doll-hair",1,1,0,0,0,0,1,,0,0,0,0,1,1,,1,1,1,0,0,0,0,1,,0,0,0,0,1,1,,1,0,0,,,,,0,,,,,,0,0,,0
"Collection","/collections/normon-doll",1,1,0,0,0,0,3,,0,0,0,86,3,0,,0,1,1,0,0,0,0,3,,0,0,0,86,3,0,,0,0,0,,,,,0,,,,,0,0,,,
"Blog Article","/blogs/featured-blog/complete-guide-to-storage-and-maintenance-of-sex-doll-torso",1,1,0,0,0,0,1,,0,0,0,0,1,1,,1,1,1,0,0,0,0,1,,0,0,0,0,1,1,,1,0,0,,,,,0,,,,,,0,0,,0
"Product","/products/t638-23lb-life-like-tpe-bbw-chubby-sex-doll-torso",1,1,0,0,0,0,2,,0,0,0,30,2,0,,0,1,1,0,0,0,0,2,,0,0,0,30,2,0,,0,0,0,,,,,0,,,,,0,0,,,
"Product","/products/f1447-153cm5ft-34kg-h-cup-petite-fantasy-anime-tpe-sex-doll-in-stock-usa-aibei-doll",1,1,0,0,0,0,43,,0,0,0,2020,43,0,,0,1,1,0,0,0,0,43,,0,0,0,2020,43,0,,0,0,0,,,,,0,,,,,0,0,,,
,"/ja/collections/zelex-doll-factory-photos",1,1,0,0,0,0,1,,0,0,0,0,1,1,,1,1,1,0,0,0,0,1,,0,0,0,0,1,1,,1,0,0,,,,,0,,,,,,0,0,,0
,"/ja/blogs/dolls-info-qustions/latest-mini-anime-sex-dolls-are-here-compact-and-fun",1,1,0,0,0,0,1,,0,0,0,0,1,1,,1,1,1,0,0,0,0,1,,0,0,0,0,1,1,,1,0,0,,,,,0,,,,,,0,0,,0
"Product","/products/f4651-105cm3ft5-35kg-e-cup-queen-silicone-head-real-sex-doll-torso-starpery-doll",1,1,0,0,0,0,1,,0,0,0,0,1,1,,1,1,1,0,0,0,0,1,,0,0,0,0,1,1,,1,0,0,,,,,0,,,,,,0,0,,0
"Product","/products/f4674-157cm5ft1-41kg-hazel-f-h-cup-full-size-tpe-japanese-bikini-sex-doll-beachwear-love-doll-se-doll",1,1,0,0,0,0,2,,0,0,0,1517,2,0,,0,1,1,0,0,0,0,2,,0,0,0,1517,2,0,,0,0,0,,,,,0,,,,,0,0,,,
"Product","/products/f6214-153cm5ft-41kg-large-breasts-tpe-bbw-sex-doll-in-stock-us-rui-mei",1,1,0,0,0,0,1,,0,0,0,0,1,1,,1,1,1,0,0,0,0,1,,0,0,0,0,1,1,,1,0,0,,,,,0,,,,,,0,0,,0
"Product","/products/p70-4-1lb-tifa-centaur-onechannels-fake-pussy-anime-ona-hole-mini-hentai-sex-toy-mrl-%E5%A4%8D%E5%88%B6",1,1,0,0,0,0,1,,0,0,0,0,1,1,,1,1,1,0,0,0,0,1,,0,0,0,0,1,1,,1,0,0,,,,,0,,,,,,0,0,,0
"Product","/products/f2344a-151cm4-9ft-65kg-t-cup-hips-over-155-jasmine-bbw-biggest-ass-huge-breast-movable-jaw-sex-doll%E4%B8%A8climax-doll-pro",1,1,0,0,0,0,7,,0,0,0,1730,7,0,,0,1,1,0,0,0,0,7,,0,0,0,1730,7,0,,0,0,0,,,,,0,,,,,0,0,,,
"Blog Article","/blogs/featured-blog/complete-guide-to-fixing-tpe-full-size-sex-doll-makeup-fading",1,1,0,0,0,0,1,,0,0,0,0,1,1,,1,1,1,0,0,0,0,1,,0,0,0,0,1,1,,1,0,0,,,,,0,,,,,,0,0,,0
"Product","/products/f7079-153cm-5ft0-38kg-i-cup-tpe-sexual-mini-european-sex-doll-castle-doll",1,1,0,0,0,0,3,,0,0,0,1818,3,0,,0,1,1,0,0,0,0,3,,0,0,0,1818,3,0,,0,0,0,,,,,0,,,,,0,0,,,
,"/en-fi/products/f9003-161cm5-3ft-39-6kg-d-cup-real-life-christmas-silicone-head-ai-sex-doll%E4%B8%A8sy-doll",1,1,0,0,0,0,2,,0,0,0,138,2,0,,0,1,1,0,0,0,0,2,,0,0,0,138,2,0,,0,0,0,,,,,0,,,,,0,0,,,
,"/en-ca/products/f5772-150cm4ft9-32-5kg-aiko-b-cup-s-tpe-animes-gel-filled-hentai-sex-doll-irokebijin-doll",1,1,0,0,0,0,1,,0,0,0,0,1,1,,1,1,1,0,0,0,0,1,,0,0,0,0,1,1,,1,0,0,,,,,0,,,,,,0,0,,0
"Product","/products/f7114-155cm5-12ft-34-5kg-2-1-i-cup-robot-silicone-head-adult-asian-sex-doll-bezlya-doll",1,1,0,0,0,0,5,,0,0,0,84,5,0,,0,1,1,0,0,0,0,5,,0,0,0,84,5,0,,0,0,0,,,,,0,,,,,0,0,,,
"Product","/collections/sex-doll-torso/products/592-67lb-75cm-bbw-sex-doll-torso-big-tits-big-ass-sex-doll-torso",1,1,0,0,0,0,1,,0,0,0,0,1,1,,1,1,1,0,0,0,0,1,,0,0,0,0,1,1,,1,0,0,,,,,0,,,,,,0,0,,0
"Product","/products/f3476-161cm5f3-47kg-d-cup-chubby-tpe-body-silicone-head-sex-doll-aibei-doll",1,1,0,0,0,0,26,,0,0,0,2270,26,0,,0,1,1,0,0,0,0,26,,0,0,0,2270,26,0,,0,0,0,,,,,0,,,,,0,0,,,
"Product","/products/f5469-170cm5-6ft-43kg-d-cup-s47-life-size-silicone-sex-doll-real-lady",1,1,0,0,0,0,1,,0,0,0,0,1,1,,1,1,1,0,0,0,0,1,,0,0,0,0,1,1,,1,0,0,,,,,0,,,,,,0,0,,0
"Collection","/collections/self-cleaning-ai-sex-doll",1,1,0,0,0,0,4,,0,0,0,102,4,0,,0,1,1,0,0,0,0,4,,0,0,0,102,4,0,,0,0,0,,,,,0,,,,,0,0,,,
,"/en-ca/products/p382-2-4lb-dragon-head-silicone-hentai-sex-doll-torso-toy-male-masturbator-mrl",1,1,0,0,0,0,1,,0,0,0,0,1,1,,1,1,1,0,0,0,0,1,,0,0,0,0,1,1,,1,0,0,,,,,0,,,,,,0,0,,0
,"/en-ca/account/unsubscribe",1,1,0,0,0,0,1,,0,0,0,0,1,1,,1,1,1,0,0,0,0,1,,0,0,0,0,1,1,,1,0,0,,,,,0,,,,,,0,0,,0
"Product","/products/t692k-grace-flat-chested-sex-doll-torso-t692k",1,1,0,0,0,0,11,,0,0,0,946,11,0,,0,1,1,0,0,0,0,11,,0,0,0,946,11,0,,0,0,0,,,,,0,,,,,0,0,,,
"Product","/products/f2208-172cm-5ft6-f-cup-rozanne-barbie-silicone-sex-doll-starpery-doll",1,1,0,0,0,0,2,,0,0,0,1046,2,0,,0,1,1,0,0,0,0,2,,0,0,0,1046,2,0,,0,0,0,,,,,0,,,,,0,0,,,
"Collection","/collections/mlw-doll-head-videos",1,1,0,0,0,0,1,,0,0,0,0,1,1,,1,1,1,0,0,0,0,1,,0,0,0,0,1,1,,1,0,0,,,,,0,,,,,,0,0,,0
,"/en-ca/blogs/dolls-info-qustions/a-closer-look-at-the-firefly-diary-brand",1,1,0,0,0,0,1,,0,0,0,0,1,1,,1,1,1,0,0,0,0,1,,0,0,0,0,1,1,,1,0,0,,,,,0,,,,,,0,0,,0
"Blog Article","/blogs/dolls-info-qustions/sex-doll-robots",1,1,0,0,0,0,1,,0,0,0,0,1,1,,1,1,1,0,0,0,0,1,,0,0,0,0,1,1,,1,0,0,,,,,0,,,,,,0,0,,0
"Product","/products/f2440-168cm-b-cup-silicone-sex-doll-irontech-doll",1,1,0,0,0,0,2,,0,0,0,720,2,0,,0,1,1,0,0,0,0,2,,0,0,0,720,2,0,,0,0,0,,,,,0,,,,,0,0,,,
"Product","/products/f3508-159cm5ft2-49kg-o-cup-big-tits-silicone-head-sex-doll-climax-doll-classic",1,1,0,0,0,0,1,,0,0,0,0,1,1,,1,1,1,0,0,0,0,1,,0,0,0,0,1,1,,1,0,0,,,,,0,,,,,,0,0,,0
,"/de/blogs/dolls-info-qustions/a-must-read-for-anime-fans-anime-futa-sex-dolls-bring-your-2d-fantasy-to-life",1,1,0,0,0,0,8,,0,0,0,237,8,0,,0,1,1,0,0,0,0,8,,0,0,0,237,8,0,,0,0,0,,,,,0,,,,,0,0,,,
,"/de/collections/femboys-sex-doll",1,1,0,0,0,0,2,,0,0,0,7,2,0,,0,1,1,0,0,0,0,2,,0,0,0,7,2,0,,0,0,0,,,,,0,,,,,0,0,,,
"Product","/products/f6064-168cm-5ft5-47kg-d-cup-realistic-pink-haired-anime-cat-japanese-sex-doll-with-lifelike-silicone-skin-multiple-pleasure-channels-shedoll",1,1,0,0,0,0,3,,0,0,0,83,3,0,,0,1,1,0,0,0,0,3,,0,0,0,83,3,0,,0,0,0,,,,,0,,,,,0,0,,,
,"/en-fi/products/t450-65-92lb-silicone-big-boobs-sex-doll-torso-lovenestle",1,1,0,0,0,0,1,,0,0,0,0,1,1,,1,1,1,0,0,0,0,1,,0,0,0,0,1,1,,1,0,0,,,,,0,,,,,,0,0,,0
"Checkout","/checkouts/cn/hWNDQ5tRKilK6pUalIXACzSb/en",1,1,0,1,0,0,1,0,0,1,0,0,1,0,,0,1,1,0,1,0,0,1,0,0,1,0,0,1,0,,0,0,0,,0,,,0,,,0,,,0,,,
"Product","/products/f1843k-163cm5ft4-g-cup-anna-most-popular-sex-doll-irontech-doll",1,1,0,0,0,0,2,,0,0,0,709,2,0,,0,1,1,0,0,0,0,2,,0,0,0,709,2,0,,0,0,0,,,,,0,,,,,0,0,,,
,"/de/products/7689233891567",1,1,0,0,0,0,1,,0,0,0,0,1,1,,1,1,1,0,0,0,0,1,,0,0,0,0,1,1,,1,0,0,,,,,0,,,,,,0,0,,0
"Collection","/collections/tantaly-sex-doll/",1,1,0,0,0,0,1,,0,0,0,0,1,1,,1,1,1,0,0,0,0,1,,0,0,0,0,1,1,,1,0,0,,,,,0,,,,,,0,0,,0
"Product","/products/t406-7-45lb-30cm-papaya-breast-torso-sex-doll-2024-new-sex-doll",1,1,0,0,0,0,4,,0,0,0,79,4,0,,0,1,1,0,0,0,0,4,,0,0,0,79,4,0,,0,0,0,,,,,0,,,,,0,0,,,
"Blog Article","/blogs/dolls-info-qustions/porn-stars-brought-to-life-the-irontech-porn-star-series-that-ignites-your-desire",1,1,0,0,0,0,1,,0,0,0,0,1,1,,1,1,1,0,0,0,0,1,,0,0,0,0,1,1,,1,0,0,,,,,0,,,,,,0,0,,0
,"/en-ca/collections/evasdoll",1,1,0,0,0,0,8,,0,0,0,218,8,0,,0,1,1,0,0,0,0,8,,0,0,0,218,8,0,,0,0,0,,,,,0,,,,,0,0,,,
,"/ja/blogs/dolls-info-qustions/how-to-choose-the-perfect-life-size-silicone-sex-doll-create-your-ideal-companion",1,1,0,0,0,0,1,,0,0,0,0,1,1,,1,1,1,0,0,0,0,1,,0,0,0,0,1,1,,1,0,0,,,,,0,,,,,,0,0,,0
,"/en-fi/blogs/recent-brand-updates-new-arrivals-for-sex-dolls/irontech-doll-ros-max-head-how-a-more-natural-simulation-experience-is-achieved",1,1,0,0,0,0,27,,0,0,0,1830,27,0,,0,1,1,0,0,0,0,27,,0,0,0,1830,27,0,,0,0,0,,,,,0,,,,,0,0,,,
"Product","/products/a17-25-57lbs-big-ass-mastubator",1,1,0,0,0,0,2,,0,0,0,39,2,0,,0,1,1,0,0,0,0,2,,0,0,0,39,2,0,,0,0,0,,,,,0,,,,,0,0,,,
"Product","/products/f5073-170cm-5ft6-d-cup-riku-japanese-sexy-silicone-sex-doll-jx-doll",1,1,0,0,0,0,1,,0,0,0,0,1,1,,1,1,1,0,0,0,0,1,,0,0,0,0,1,1,,1,0,0,,,,,0,,,,,,0,0,,0
"Collection","/collections/7-8in-male-sex-doll",1,1,0,0,0,0,1,,0,0,0,0,1,1,,1,1,1,0,0,0,0,1,,0,0,0,0,1,1,,1,0,0,,,,,0,,,,,,0,0,,0
"Product","/products/f1223-160cm-i-cup-pearl-black-lady-sex-doll-irontech-doll",1,1,0,0,0,0,1,,0,0,0,0,1,1,,1,1,1,0,0,0,0,1,,0,0,0,0,1,1,,1,0,0,,,,,0,,,,,,0,0,,0
"Product","/products/f555a-161cm5ft3-52-5kg-h-cup-huge-areola-adult-silicone-bbw-super-fat-big-belly-sex-doll-starpery-doll",1,1,0,0,0,0,3,,0,0,0,485,3,0,,0,1,1,0,0,0,0,3,,0,0,0,485,3,0,,0,0,0,,,,,0,,,,,0,0,,,
"Collection","/collections/shedoll-videos",1,1,0,0,0,0,3,,0,0,0,88,3,0,,0,1,1,0,0,0,0,3,,0,0,0,88,3,0,,0,0,0,,,,,0,,,,,0,0,,,
"Product","/products/t444-37-48lb-realistic-silicone-shemale-sex-doll-torso-with-8-3-huge-detachable-dildo-lovenestle-series",1,1,0,0,0,0,1,,0,0,0,0,1,1,,1,1,1,0,0,0,0,1,,0,0,0,0,1,1,,1,0,0,,,,,0,,,,,,0,0,,0
"Product","/products/f2451-164cm5ft4-42kg-e-cup-wild-princess-silicone-sex-doll-irontech-doll",1,1,0,0,0,0,1,,0,0,0,0,1,1,,1,1,1,0,0,0,0,1,,0,0,0,0,1,1,,1,0,0,,,,,0,,,,,,0,0,,0
,"/ja/collections/milf-sex-dolls",1,1,0,0,0,0,1,,0,0,0,0,1,1,,1,1,1,0,0,0,0,1,,0,0,0,0,1,1,,1,0,0,,,,,0,,,,,,0,0,,0
"Blog Article","/blogs/dolls-info-qustions/femboy-sex-doll-vs-shemale-sex-doll-what-s-the-real-difference",1,1,0,0,0,0,1,,0,0,0,0,1,1,,1,1,1,0,0,0,0,1,,0,0,0,0,1,1,,1,0,0,,,,,0,,,,,,0,0,,0
,"/ja/blogs/recent-brand-updates-new-arrivals-for-sex-dolls/se-x-bot-ai-sex-doll-head-review",1,1,0,0,0,0,1,,0,0,0,0,1,1,,1,1,1,0,0,0,0,1,,0,0,0,0,1,1,,1,0,0,,,,,0,,,,,,0,0,,0
"Product","/products/t285k-103cm-3ft5-j-cup-natural-nadia-voss-a-silicon-sex-doll-torso-with-head-in-stock-us-eu-se-doll",1,1,0,0,0,0,3,,0,0,0,116,3,0,,0,1,1,0,0,0,0,3,,0,0,0,116,3,0,,0,0,0,,,,,0,,,,,0,0,,,
"Collection","/collections/notye-doll",1,1,0,0,0,0,1,,0,0,0,0,1,1,,1,1,1,0,0,0,0,1,,0,0,0,0,1,1,,1,0,0,,,,,0,,,,,,0,0,,0
"Blog Article","/blogs/dolls-info-qustions/comprehensive-analysis-of-ai-sex-doll-automatic-tongue-function",1,1,0,0,0,0,1,,0,0,0,0,1,1,,1,1,1,0,0,0,0,1,,0,0,0,0,1,1,,1,0,0,,,,,0,,,,,,0,0,,0
"Product","/products/t931-51kg-j-cup-tpe-adult-big-chest-big-ass-ssbbw-sex-doll-torso-with-head-yl-doll",1,1,0,0,0,0,12,,0,0,0,714,12,0,,0,1,1,0,0,0,0,12,,0,0,0,714,12,0,,0,0,0,,,,,0,,,,,0,0,,,
"Product","/products/f4362-157cm5-1ft-28-6kg-b-cup-asian-tpe-sex-doll%E4%B8%A8wm-doll",1,1,0,0,0,0,1,,0,0,0,0,1,1,,1,1,1,0,0,0,0,1,,0,0,0,0,1,1,,1,0,0,,,,,0,,,,,,0,0,,0
"Collection","/collections/latina-sex-dolls",1,1,0,0,0,0,1,,0,0,0,0,1,1,,1,1,1,0,0,0,0,1,,0,0,0,0,1,1,,1,0,0,,,,,0,,,,,,0,0,,0
"Product","/products/f4207k-164cm5-4ft-34kg-j-cup-vivian-milf-mature-sex-dolls-wm-tpe-sex-doll-in-stock-usa-%E4%B8%A8wm-doll-%E5%89%AF%E6%9C%AC",1,1,0,0,0,0,1,,0,0,0,0,1,1,,1,1,1,0,0,0,0,1,,0,0,0,0,1,1,,1,0,0,,,,,0,,,,,,0,0,,0
"Product","/products/f1429-158cm5f2-31-25kg-c-cup-small-breast-tpe-sex-doll-aibei-doll",1,1,0,0,0,0,4,,0,0,0,207,4,0,,0,1,1,0,0,0,0,4,,0,0,0,207,4,0,,0,0,0,,,,,0,,,,,0,0,,,
,"/en-ca/collections/sex-doll-torso-combination-package-for-couples",1,1,0,0,0,0,2,,0,0,0,426,2,0,,0,1,1,0,0,0,0,2,,0,0,0,426,2,0,,0,0,0,,,,,0,,,,,0,0,,,
,"/en-ca/blogs/dolls-info-qustions/safely-disposing-the-used-sex-dolls",1,1,0,0,0,0,1,,0,0,0,0,1,1,,1,1,1,0,0,0,0,1,,0,0,0,0,1,1,,1,0,0,,,,,0,,,,,,0,0,,0
"Product","/products/f9351-elsa-babe-150cm-5ft-hentai-life-size-sex-dolls",1,1,0,0,0,0,1,,0,0,0,0,1,1,,1,1,1,0,0,0,0,1,,0,0,0,0,1,1,,1,0,0,,,,,0,,,,,,0,0,,0
"Collection","/collections/alien-sex-doll-heads-1",1,1,0,0,0,0,1,,0,0,0,0,1,1,,1,1,1,0,0,0,0,1,,0,0,0,0,1,1,,1,0,0,,,,,0,,,,,,0,0,,0
"Product","/products/f5957-170cm-5ft6-41kg-k-cup-93-tpe-huge-breast-sex-doll-sy-doll",1,1,0,0,0,0,1,,0,0,0,0,1,1,,1,1,1,0,0,0,0,1,,0,0,0,0,1,1,,1,0,0,,,,,0,,,,,,0,0,,0
,"/ja/blogs/dolls-info-qustions/silicone-vs-tpe-mega-boobs-which-huge-breast-sex-doll-feels-more-like-heaven",1,1,0,0,0,0,3,,0,0,0,81,3,0,,0,1,1,0,0,0,0,3,,0,0,0,81,3,0,,0,0,0,,,,,0,,,,,0,0,,,
,"/en-ca/collections/ros-sex-doll",1,1,0,0,0,0,18,,0,0,0,3075,18,0,,0,1,1,0,0,0,0,18,,0,0,0,3075,18,0,,0,0,0,,,,,0,,,,,0,0,,,
"Product","/products/f3530-163cm5-4ft-51kg-h-cup-milf-tpe-sex-doll%E4%B8%A8wm-doll",1,1,0,0,0,0,8,,0,0,0,288,8,0,,0,1,1,0,0,0,0,8,,0,0,0,288,8,0,,0,0,0,,,,,0,,,,,0,0,,,
,"/en-fi/blogs/dolls-info-qustions/ridmii-tenar-f9127-new-ai-sex-doll",1,1,0,0,0,0,1,,0,0,0,0,1,1,,1,1,1,0,0,0,0,1,,0,0,0,0,1,1,,1,0,0,,,,,0,,,,,,0,0,,0
"Product","/products/b33-big-breast-vagina-sex-doll-titfuck-jelly-boobs",1,1,0,0,0,0,2,,0,0,0,51,2,0,,0,1,1,0,0,0,0,2,,0,0,0,51,2,0,,0,0,0,,,,,0,,,,,0,0,,,
,"/de/collections/top-cydoll",1,1,0,0,0,0,1,,0,0,0,0,1,1,,1,1,1,0,0,0,0,1,,0,0,0,0,1,1,,1,0,0,,,,,0,,,,,,0,0,,0
"Product","/products/a622-38-9lb-daisy-big-ass-realistic-pussy-sex-doll-with-tantabutt%E4%B8%A8tantaly",1,1,0,0,0,0,1,,0,0,0,0,1,1,,1,1,1,0,0,0,0,1,,0,0,0,0,1,1,,1,0,0,,,,,0,,,,,,0,0,,0
,"/en-ca/collections/funwest-doll-videos",1,1,0,0,0,0,1,,0,0,0,0,1,1,,1,1,1,0,0,0,0,1,,0,0,0,0,1,1,,1,0,0,,,,,0,,,,,,0,0,,0
,"/en-fi/collections/halloween-sex-doll",1,1,0,0,0,0,1,,0,0,0,0,1,1,,1,1,1,0,0,0,0,1,,0,0,0,0,1,1,,1,0,0,,,,,0,,,,,,0,0,,0
"Product","/products/v330-silicone-realistic-feet-with-detailed-skin-texture",1,1,0,0,0,0,1,,0,0,0,0,1,1,,1,1,1,0,0,0,0,1,,0,0,0,0,1,1,,1,0,0,,,,,0,,,,,,0,0,,0
,"/ja/blogs/dolls-info-qustions/why-have-flat-chested-sex-dolls-become-a-representation-of-modern-aesthetics",1,1,0,0,0,0,1,,0,0,0,0,1,1,,1,1,1,0,0,0,0,1,,0,0,0,0,1,1,,1,0,0,,,,,0,,,,,,0,0,,0
"Product","/products/f4719-152cm-5ft-37kg-f-cup-realistic-tpe-big-ass-bbw-sex-doll-sy-doll",1,1,0,0,0,0,1,,0,0,0,0,1,1,,1,1,1,0,0,0,0,1,,0,0,0,0,1,1,,1,0,0,,,,,0,,,,,,0,0,,0
"Product","/products/t33-111cm-3ft6-26kg-g-cup-silicone-realistic-sex-toys-sex-doll-torso-with-head-se-doll",1,1,0,0,0,0,2,,0,0,0,11,2,0,,0,1,1,0,0,0,0,2,,0,0,0,11,2,0,,0,0,0,,,,,0,,,,,0,0,,,
,"/en-ca/collections/facial-expressions-ai-sex-doll",1,1,0,0,0,0,3,,0,0,0,42,3,0,,0,1,1,0,0,0,0,3,,0,0,0,42,3,0,,0,0,0,,,,,0,,,,,0,0,,,
"Product","/products/f2225-159cm-a-cup-kylie-cosplay-elf-tpe-sex-doll-fun-west-doll",1,1,0,0,0,0,79,,0,0,0,4589,79,0,,0,1,1,0,0,0,0,79,,0,0,0,4589,79,0,,0,0,0,,,,,0,,,,,0,0,,,
,"/en-ca/collections/tpe-ass",1,1,0,0,0,0,5,,0,0,0,326,5,0,,0,1,1,0,0,0,0,5,,0,0,0,326,5,0,,0,0,0,,,,,0,,,,,0,0,,,
"Product","/products/f9179-160cm5ft7-43kg-g-cup-silicone-gel-breast-halloween-sex-doll-real%E4%B8%A8doll-senior",1,1,0,0,0,0,3,,0,0,0,1938,3,0,,0,1,1,0,0,0,0,3,,0,0,0,1938,3,0,,0,0,0,,,,,0,,,,,0,0,,,
"Product","/products/f2344-151cm4-9ft-65kg-m-cup-bbw-jasmine-huge-breast-silicone-mini-sex-doll%E4%B8%A8climax-doll-pro",1,1,0,0,0,0,1,,0,0,0,0,1,1,,1,1,1,0,0,0,0,1,,0,0,0,0,1,1,,1,0,0,,,,,0,,,,,,0,0,,0
,"/en-fi/cart",1,1,0,0,0,0,1,,0,0,0,0,1,1,,1,1,1,0,0,0,0,1,,0,0,0,0,1,1,,1,0,0,,,,,0,,,,,,0,0,,0
"Checkout","/60719464687/orders/16110408ae4d9e6cfdf21cb641ee79ec",1,1,0,0,0,0,1,,0,0,0,0,1,1,,1,1,1,0,0,0,0,1,,0,0,0,0,1,1,,1,0,0,,,,,0,,,,,,0,0,,0
,"/en-fi/collections/celebrity-sex-dolls",1,1,0,0,0,0,4,,0,0,0,643,4,0,,0,1,1,0,0,0,0,4,,0,0,0,643,4,0,,0,0,0,,,,,0,,,,,0,0,,,
,"/en-ca/products/f5973-169cm-5ft5-50kg-d-cup-big-breasts-silicone-head-tpe-body-life-size-bbw-sex-doll-with-red-hair-rosretty-doll",1,1,0,0,0,0,11,,0,0,0,295,11,0,,0,1,1,0,0,0,0,11,,0,0,0,295,11,0,,0,0,0,,,,,0,,,,,0,0,,,
"Product","/products/f012-158cm5f1-43-5kg-i-cup-bbw-silicone-head-sex-doll-climax-doll-classic",1,1,0,0,0,0,9,,0,0,0,1500,9,0,,0,1,1,0,0,0,0,9,,0,0,0,1500,9,0,,0,0,0,,,,,0,,,,,0,0,,,
"Product","/products/top-fire-doll-170cm-silicone-sex-doll-f8584",1,1,0,0,0,0,8,,0,0,0,275,8,0,,0,1,1,0,0,0,0,8,,0,0,0,275,8,0,,0,0,0,,,,,0,,,,,0,0,,,
,"/en-fi/collections/sex-doll-torso/products/562-fat-ass-torso-doll-silicone-ass",1,1,0,0,0,0,7,,0,0,0,280,7,0,,0,1,1,0,0,0,0,7,,0,0,0,280,7,0,,0,0,0,,,,,0,,,,,0,0,,,
"Product","/products/f2239-160cm5ft3-34kg-b-cup-olgasuntan-petite-full-silicone-sex-doll-climax-doll-ultra",1,1,0,0,0,0,13,,0,0,0,1428,13,0,,0,1,1,0,0,0,0,13,,0,0,0,1428,13,0,,0,0,0,,,,,0,,,,,0,0,,,
"Checkout","/checkouts/do/0e731f6a8e0201c526897f58f06ff927/en-us",1,1,0,0,1,1,2,,0,0,0,51,2,0,,0,1,1,0,0,1,1,2,,0,0,0,51,2,0,,0,0,0,,,0,0,0,,,,,0,0,,,
"Product","/products/f2181-168cm5-5ft-f-cup-harper-a-tpe-love-doll-se-doll",1,1,0,0,0,0,1,,0,0,0,0,1,1,,1,1,1,0,0,0,0,1,,0,0,0,0,1,1,,1,0,0,,,,,0,,,,,,0,0,,0
,"/en-ca/blogs/dolls-info-qustions/guide-to-the-buttocks-of-sex-doll-torsos",1,1,0,0,0,0,1,,0,0,0,0,1,1,,1,1,1,0,0,0,0,1,,0,0,0,0,1,1,,1,0,0,,,,,0,,,,,,0,0,,0
"Custom Page","/pages/copy-of-sex-doll-videos-2",1,1,0,0,0,0,1,,0,0,0,0,1,1,,1,1,1,0,0,0,0,1,,0,0,0,0,1,1,,1,0,0,,,,,0,,,,,,0,0,,0
,"/de/collections/electric-male-sex-doll",1,1,0,0,0,0,1,,0,0,0,0,1,1,,1,1,1,0,0,0,0,1,,0,0,0,0,1,1,,1,0,0,,,,,0,,,,,,0,0,,0
,"/en-ca/products/f3707-161cm5-3ft-aulis-f-cup-tpe-young-blonde-european-football-babe-woman-love-doll-se-doll",1,1,0,0,0,0,2,,0,0,0,477,2,0,,0,1,1,0,0,0,0,2,,0,0,0,477,2,0,,0,0,0,,,,,0,,,,,0,0,,,
,"/en-ca/products/silicone-butt-thighs-17-4lb",1,1,0,0,0,0,3,,0,0,0,24,3,0,,0,1,1,0,0,0,0,3,,0,0,0,24,3,0,,0,0,0,,,,,0,,,,,0,0,,,
"Product","/products/f3592-159cm5-2ft-37kg-g-cup-black-tpe-medium-butt-sex-doll%E4%B8%A8wm-doll",1,1,0,0,0,0,4,,0,0,0,440,4,0,,0,1,1,0,0,0,0,4,,0,0,0,440,4,0,,0,0,0,,,,,0,,,,,0,0,,,
,"/de/products/b35-5-9lb-full-bust-23-2inch-yellow-silicone-titty-fucking-mammary-intercourse-sex-toy-titjob-boob-job-breast-sex-titty-fucking",1,1,0,0,0,0,1,,0,0,0,0,1,1,,1,1,1,0,0,0,0,1,,0,0,0,0,1,1,,1,0,0,,,,,0,,,,,,0,0,,0
,"/ja/collections/lifesize-male-sex-doll-torso",1,1,0,0,0,0,14,,0,0,0,1297,14,0,,0,1,1,0,0,0,0,14,,0,0,0,1297,14,0,,0,0,0,,,,,0,,,,,0,0,,,
"Blog Article","/blogs/dolls-info-qustions/metabox-let-dolls-embrace-the-ai-era-interaction-will-never-be-monotonous-again",1,1,0,0,0,0,2,,0,0,0,2,2,0,,0,1,1,0,0,0,0,2,,0,0,0,2,2,0,,0,0,0,,,,,0,,,,,0,0,,,
"Product","/products/f1877-165cm5ft4-a-cup-ayumi-most-realistic-sex-doll-irontech-doll",1,1,0,0,0,0,1,,0,0,0,0,1,1,,1,1,1,0,0,0,0,1,,0,0,0,0,1,1,,1,0,0,,,,,0,,,,,,0,0,,0
"Product","/products/f3468-158cm5f2-32kg-h-cup-big-breast-tpe-sex-doll-aibei-doll",1,1,0,0,0,0,3,,0,0,0,187,3,0,,0,1,1,0,0,0,0,3,,0,0,0,187,3,0,,0,0,0,,,,,0,,,,,0,0,,,
"Blog Article","/blogs/dolls-info-qustions/inside-the-climax-factory-redefining-sex-doll-quality-and-the-future-of-touch",1,1,0,0,0,0,1,,0,0,0,0,1,1,,1,1,1,0,0,0,0,1,,0,0,0,0,1,1,,1,0,0,,,,,0,,,,,,0,0,,0
"Product","/products/f4439-170cm5-6ft-41kg-m-cup-milf-tpe-sex-doll%E4%B8%A8wm-doll",1,1,0,0,0,0,1,,0,0,0,0,1,1,,1,1,1,0,0,0,0,1,,0,0,0,0,1,1,,1,0,0,,,,,0,,,,,,0,0,,0
"Product","/products/f9316-150cm4ft11-30kg-f-cup-silicone-female-sex-dolls-doll-castle",1,1,0,0,0,0,23,,0,0,0,1237,23,0,,0,1,1,0,0,0,0,23,,0,0,0,1237,23,0,,0,0,0,,,,,0,,,,,0,0,,,
"Product","/products/f1831k-163cm5ft4-c-cup-natalie-most-popular-sex-doll-irontech-doll",1,1,0,0,0,0,17,,0,0,0,708,17,0,,0,1,1,0,0,0,0,17,,0,0,0,708,17,0,,0,0,0,,,,,0,,,,,0,0,,,
,"/de/collections/medium-silicone-torso",1,1,0,0,0,0,1,,0,0,0,0,1,1,,1,1,1,0,0,0,0,1,,0,0,0,0,1,1,,1,0,0,,,,,0,,,,,,0,0,,0
"Blog Article","/blogs/dolls-info-qustions/sex-doll-shops-in-la",1,1,0,0,0,0,6,,0,0,0,247,6,0,,0,1,1,0,0,0,0,6,,0,0,0,247,6,0,,0,0,0,,,,,0,,,,,0,0,,,
"Product","/products/f6024-163cm-5ft4-51kg-h-cup-asian-ros-silicone-sex-doll-shedoll",1,1,0,0,0,0,3,,0,0,0,1901,3,0,,0,1,1,0,0,0,0,3,,0,0,0,1901,3,0,,0,0,0,,,,,0,,,,,0,0,,,
"Product","/products/f6091-152cm-5ft-38kg-a-cup-asian-ros-silicone-sex-doll-shedoll",1,1,0,0,0,0,1,,0,0,0,0,1,1,,1,1,1,0,0,0,0,1,,0,0,0,0,1,1,,1,0,0,,,,,0,,,,,,0,0,,0
,"/en-ca/blogs/dolls-info-qustions/newbie-torso-sex-doll-buying-tutorial-the-best-selection-guide-at-the-same-price",1,1,0,0,0,0,10,,0,0,0,386,10,0,,0,1,1,0,0,0,0,10,,0,0,0,386,10,0,,0,0,0,,,,,0,,,,,0,0,,,
"Product","/products/t445-27-56lb-silicone-bbw-sex-doll-torso-for-men-lovenestle",1,1,1,0,0,0,3,,1,0,0,62,3,0,,0,1,1,1,0,0,0,3,,1,0,0,62,3,0,,0,0,0,0,,,,0,,0,,,0,0,,,
"Product","/products/f1423-158cm5f2-31-25kg-c-cup-small-breast-tpe-sex-doll-aibei-doll",1,1,0,0,0,0,1,,0,0,0,0,1,1,,1,1,1,0,0,0,0,1,,0,0,0,0,1,1,,1,0,0,,,,,0,,,,,,0,0,,0
"Product","/products/h044-sex-doll-head",1,1,0,0,0,0,2,,0,0,0,453,2,0,,0,1,1,0,0,0,0,2,,0,0,0,453,2,0,,0,0,0,,,,,0,,,,,0,0,,,
"Product","/products/linkdolls-f906-161cm5ft3-g-cup-tpe-latin-sexy-large-breast-woman-love-doll-se-doll",1,1,0,0,0,0,5,,0,0,0,1946,5,0,,0,1,1,0,0,0,0,5,,0,0,0,1946,5,0,,0,0,0,,,,,0,,,,,0,0,,,
"Product","/products/f8178-150cm-5ft-27-5kg-silicone-anime-sex-doll-elsa-babe",1,1,0,0,0,0,9,,0,0,0,664,9,0,,0,1,1,0,0,0,0,9,,0,0,0,664,9,0,,0,0,0,,,,,0,,,,,0,0,,,
"Blog Article","/blogs/sex-doll-option-videos/video01-gel-breasts",1,1,0,0,0,0,1,,0,0,0,0,1,1,,1,1,1,0,0,0,0,1,,0,0,0,0,1,1,,1,0,0,,,,,0,,,,,,0,0,,0
"Blog Article","/blogs/dolls-info-qustions/top-10-sex-doll-torsos-with-the-best-butt-feel",1,1,0,0,0,0,2,,0,0,0,1034,2,0,,0,1,1,0,0,0,0,2,,0,0,0,1034,2,0,,0,0,0,,,,,0,,,,,0,0,,,
"Product","/products/f4589-175cm5ft8-57kg-lifesize-tpe-effeminate-male-sex-doll-wm-doll",1,1,0,0,0,0,2,,0,0,0,76,2,0,,0,1,1,0,0,0,0,2,,0,0,0,76,2,0,,0,0,0,,,,,0,,,,,0,0,,,
"Product","/products/f540-elsa-babe-150cm-5ft-full-silicone-sexy-anime-sex-dolls",1,1,0,0,0,0,2,,0,0,0,1624,2,0,,0,1,1,0,0,0,0,2,,0,0,0,1624,2,0,,0,0,0,,,,,0,,,,,0,0,,,
"Product","/products/a360-27-5lb-silicone-butt-sexy-and-gel-big-ass-sex-doll-torso-climax-doll",1,1,0,0,0,0,1,,0,0,0,0,1,1,,1,1,1,0,0,0,0,1,,0,0,0,0,1,1,,1,0,0,,,,,0,,,,,,0,0,,0
,"/de/blogs/dolls-info-qustions/is-using-sex-dolls-in-a-relationship-considered-cheating",1,1,0,0,0,0,1,,0,0,0,0,1,1,,1,1,1,0,0,0,0,1,,0,0,0,0,1,1,,1,0,0,,,,,0,,,,,,0,0,,0
"Product","/products/f1222-160cm46kg-i-cup-luna-big-ass-silicone-sex-doll-in-stock-usa-irontech-doll",1,1,0,0,0,0,8,,0,0,0,1186,8,0,,0,1,1,0,0,0,0,8,,0,0,0,1186,8,0,,0,0,0,,,,,0,,,,,0,0,,,
"Collection","/collections/more-than-170cm-5ft7",1,1,0,0,0,0,1,,0,0,0,0,1,1,,1,1,1,0,0,0,0,1,,0,0,0,0,1,1,,1,0,0,,,,,0,,,,,,0,0,,0
"Product","/products/t31-111cm-3ft6-26kg-g-cup-silicone-half-torso-sex-doll-sex-doll-torso-with-head-se-doll",1,1,0,0,0,0,8,,0,0,0,904,8,0,,0,1,1,0,0,0,0,8,,0,0,0,904,8,0,,0,0,0,,,,,0,,,,,0,0,,,
,"/en-ca/products/f4759-175cm5ft9-69kg-x-cup-huge-breast-fat-ass-tpe-fat-ssbbw-sex-doll-castle-doll",1,1,0,0,0,0,1,,0,0,0,0,1,1,,1,1,1,0,0,0,0,1,,0,0,0,0,1,1,,1,0,0,,,,,0,,,,,,0,0,,0
,"/en-ca/products/a664-37-5lb-silicone-butt-sexy-and-real-realistic-big-ass-sex-doll-torso",1,1,0,0,0,0,1,,0,0,0,0,1,1,,1,1,1,0,0,0,0,1,,0,0,0,0,1,1,,1,0,0,,,,,0,,,,,,0,0,,0
"Product","/products/f6313-153cm-5ft4-29kg-b-cup-silicone-closed-eye-asian-sex-doll-firefly-diary-max",1,1,0,0,0,0,2,,0,0,0,99,2,0,,0,1,1,0,0,0,0,2,,0,0,0,99,2,0,,0,0,0,,,,,0,,,,,0,0,,,
"Blog Article","/blogs/real-sex-doll-reviews-pros-cons-real-usage-tests/how-are-sex-doll-fingers-made-to-look-so-lifelike",1,1,0,0,0,0,1,,0,0,0,0,1,1,,1,1,1,0,0,0,0,1,,0,0,0,0,1,1,,1,0,0,,,,,0,,,,,,0,0,,0
"Collection","/collections/bbw-sex-doll-1",1,1,0,0,0,0,8,,0,0,0,128,8,0,,0,1,1,0,0,0,0,8,,0,0,0,128,8,0,,0,0,0,,,,,0,,,,,0,0,,,
,"/de/products/b42-7-7lbs-silicone-breast-vagina-sex-toy",1,1,0,0,0,0,1,,0,0,0,0,1,1,,1,1,1,0,0,0,0,1,,0,0,0,0,1,1,,1,0,0,,,,,0,,,,,,0,0,,0
"Blog Article","/blogs/dolls-info-qustions/caring-for-your-vajankle-tips-for-minimizing-damage-and-repairing-common-issues",1,1,0,0,0,0,1,,0,0,0,0,1,1,,1,1,1,0,0,0,0,1,,0,0,0,0,1,1,,1,0,0,,,,,0,,,,,,0,0,,0
,"/en-ca/blogs/real-sex-doll-reviews-pros-cons-real-usage-tests/shedoll-sex-doll-real-review-hands-on-experience",1,1,0,0,0,0,2,,0,0,0,279,2,0,,0,1,1,0,0,0,0,2,,0,0,0,279,2,0,,0,0,0,,,,,0,,,,,0,0,,,
"Product","/products/f4850-161cm5ft6-31kg-f-cup-silicone-best-asian-japanese-hentai-sex-doll%E4%B8%A8doll-senior",1,1,0,0,0,0,10,,0,0,0,774,10,0,,0,1,1,0,0,0,0,10,,0,0,0,774,10,0,,0,0,0,,,,,0,,,,,0,0,,,
"Product","/products/f1407-158cm5f2-32kg-h-cup-big-breast-tpe-sex-doll-aibei-doll",1,1,0,0,0,0,1,,0,0,0,0,1,1,,1,1,1,0,0,0,0,1,,0,0,0,0,1,1,,1,0,0,,,,,0,,,,,,0,0,,0
"Product","/products/top-fire-doll-163cm-silicone-full-sex-doll-f8565",1,1,0,0,0,0,2,,0,0,0,1489,2,0,,0,1,1,0,0,0,0,2,,0,0,0,1489,2,0,,0,0,0,,,,,0,,,,,0,0,,,
"Collection","/collections/devil-fairy-alien-sex-dolls",1,1,0,0,0,0,2,,0,0,0,173,2,0,,0,1,1,0,0,0,0,2,,0,0,0,173,2,0,,0,0,0,,,,,0,,,,,0,0,,,
"Product","/products/f2394-164cm-f-cup-b2-halloween-big-boobs-doll-irontech-doll",1,1,0,0,0,0,1,,0,0,0,0,1,1,,1,1,1,0,0,0,0,1,,0,0,0,0,1,1,,1,0,0,,,,,0,,,,,,0,0,,0
"Product","/products/f5224k-158cm5ft2-41kg-h-cup-abbie-sexy-big-ass-tpe-sex-doll-for-men-in-stock-usa-galaxy",1,1,0,0,0,0,1,,0,0,0,0,1,1,,1,1,1,0,0,0,0,1,,0,0,0,0,1,1,,1,0,0,,,,,0,,,,,,0,0,,0
"Product","/products/top-fire-doll-170cm-silicone-sex-doll-f8603",1,1,0,0,0,0,1,,0,0,0,0,1,1,,1,1,1,0,0,0,0,1,,0,0,0,0,1,1,,1,0,0,,,,,0,,,,,,0,0,,0
"Product","/products/t711v-15lblightweight-vibrating-sucking-sex-doll-torso",1,1,0,0,0,0,8,,0,0,0,189,8,0,,0,1,1,0,0,0,0,8,,0,0,0,189,8,0,,0,0,0,,,,,0,,,,,0,0,,,
"Collection","/collections/xingse-doll-in-stock-usa",1,1,0,0,0,0,1,,0,0,0,0,1,1,,1,1,1,0,0,0,0,1,,0,0,0,0,1,1,,1,0,0,,,,,0,,,,,,0,0,,0
"Product","/products/f3472-160cm5f3-39kg-f-cup-chinese-tpe-sex-doll-aibei-doll",1,1,0,0,0,0,2,,0,0,0,54,2,0,,0,1,1,0,0,0,0,2,,0,0,0,54,2,0,,0,0,0,,,,,0,,,,,0,0,,,
"Product","/products/f9372-167cm-5ft4-b-cup-silicone-ros-female-sex-doll-lusandy-hottest-sex-doll",1,1,0,0,0,0,3,,0,0,0,1227,3,0,,0,1,1,0,0,0,0,3,,0,0,0,1227,3,0,,0,0,0,,,,,0,,,,,0,0,,,
"Blog Index","/blogs/real-sex-doll-reviews-pros-cons-real-usage-tests",1,1,0,0,0,0,1,,0,0,0,0,1,1,,1,1,1,0,0,0,0,1,,0,0,0,0,1,1,,1,0,0,,,,,0,,,,,,0,0,,0
,"/ja/collections/bbw-sex-doll-2",1,1,0,0,0,0,1,,0,0,0,0,1,1,,1,1,1,0,0,0,0,1,,0,0,0,0,1,1,,1,0,0,,,,,0,,,,,,0,0,,0
"Product","/products/f4283-163cm5ft3-34kg-c-cup-asian-tpe-real-femboy-sex-doll-wm-doll",1,1,0,0,0,0,1,,0,0,0,0,1,1,,1,1,1,0,0,0,0,1,,0,0,0,0,1,1,,1,0,0,,,,,0,,,,,,0,0,,0
"Product","/products/f5795-159cm-5ft2-44kg-e-cup-tpe-asian-chinese-sex-doll-firefly-diary",1,1,0,0,0,0,1,,0,0,0,0,1,1,,1,1,1,0,0,0,0,1,,0,0,0,0,1,1,,1,0,0,,,,,0,,,,,,0,0,,0
,"/en-ca/collections/young-male-sex-doll",1,1,0,0,0,0,2,,0,0,0,32,2,0,,0,1,1,0,0,0,0,2,,0,0,0,32,2,0,,0,0,0,,,,,0,,,,,0,0,,,
"Product","/products/f3701-161cm5-3ft-queena-f-cup-tpe-brunette-asian-girl-big-ass-love-doll-se-doll",1,1,0,0,0,0,8,,0,0,0,601,8,0,,0,1,1,0,0,0,0,8,,0,0,0,601,8,0,,0,0,0,,,,,0,,,,,0,0,,,
"Checkout","/60719464687/orders/738c988eabbea726064ac2c879738d87",1,1,0,0,0,0,1,,0,0,0,0,1,1,,1,1,1,0,0,0,0,1,,0,0,0,0,1,1,,1,0,0,,,,,0,,,,,,0,0,,0
"Product","/products/f6134-164cm5-4ft-36kg-d-cup-asian-realistic-silicone-sex-doll%E4%B8%A8sy-doll",1,1,0,0,0,0,4,,0,0,0,446,4,0,,0,1,1,0,0,0,0,4,,0,0,0,446,4,0,,0,0,0,,,,,0,,,,,0,0,,,
,"/en-ca/collections/anime-banner",1,1,0,0,0,0,2,,0,0,0,7,2,0,,0,1,1,0,0,0,0,2,,0,0,0,7,2,0,,0,0,0,,,,,0,,,,,0,0,,,
"Checkout","/checkouts/cn/hWNDVE8IBjw5csICa8uH6QVw/en-us",1,1,0,1,0,0,1,0,0,1,0,0,1,0,,0,1,1,0,1,0,0,1,0,0,1,0,0,1,0,,0,0,0,,0,,,0,,,0,,,0,,,
"Product","/products/linkdolls-f927-166cm5ft5-b-cup-tpe-sexy-european-small-tits-celebrity-woman-sex-doll-se-doll",1,1,0,0,0,0,4,,0,0,0,1724,4,0,,0,1,1,0,0,0,0,4,,0,0,0,1724,4,0,,0,0,0,,,,,0,,,,,0,0,,,
"Product","/products/a314-silicone-sex-torso-male-sex-doll-ass-sineem",1,1,0,0,0,0,1,,0,0,0,0,1,1,,1,1,1,0,0,0,0,1,,0,0,0,0,1,1,,1,0,0,,,,,0,,,,,,0,0,,0
,"/ja/products/9387776704751",1,1,0,0,0,0,1,,0,0,0,0,1,1,,1,1,1,0,0,0,0,1,,0,0,0,0,1,1,,1,0,0,,,,,0,,,,,,0,0,,0
"Blog Article","/blogs/dolls-info-qustions/3-benefits-of-blowjob-sex-doll-you-will-know-her-better",1,1,0,0,0,0,1,,0,0,0,0,1,1,,1,1,1,0,0,0,0,1,,0,0,0,0,1,1,,1,0,0,,,,,0,,,,,,0,0,,0
"Product","/products/f5143-163cm-d-cup-sexy-beach-beauty-ros-silicone-sex-doll-galatea-doll",1,1,0,0,0,0,1,,0,0,0,0,1,1,,1,1,1,0,0,0,0,1,,0,0,0,0,1,1,,1,0,0,,,,,0,,,,,,0,0,,0
,"/en-ca/products/a660-big-ass-torso-silicone-25lb-super-elastic-realistic",1,1,0,0,0,0,2,,0,0,0,1001,2,0,,0,1,1,0,0,0,0,2,,0,0,0,1001,2,0,,0,0,0,,,,,0,,,,,0,0,,,
"Product","/products/f9206-t167cm5-5ft-37kg-annika-k-f-cup-ultra-realistic-skin-silicone-sex-dolla-se-doll",1,1,0,0,0,0,4,,0,0,0,1900,4,0,,0,1,1,0,0,0,0,4,,0,0,0,1900,4,0,,0,0,0,,,,,0,,,,,0,0,,,
,"/en-ca/collections/tpe-sex-dolls",1,1,0,0,0,0,3,,0,0,0,49,3,0,,0,1,1,0,0,0,0,3,,0,0,0,49,3,0,,0,0,0,,,,,0,,,,,0,0,,,
"Collection","/collections/fit-sex-doll",1,1,0,0,0,0,3,,0,0,0,28,3,0,,0,1,1,0,0,0,0,3,,0,0,0,28,3,0,,0,0,0,,,,,0,,,,,0,0,,,
,"/ja/blogs/dolls-info-qustions/black-sex-doll",1,1,0,0,0,0,1,,0,0,0,0,1,1,,1,1,1,0,0,0,0,1,,0,0,0,0,1,1,,1,0,0,,,,,0,,,,,,0,0,,0
,"/en-fi/blogs/dolls-info-qustions/big-ass-sex-doll-recommendations-under-1000-high-value-picks",1,1,0,0,0,0,1,,0,0,0,0,1,1,,1,1,1,0,0,0,0,1,,0,0,0,0,1,1,,1,0,0,,,,,0,,,,,,0,0,,0
"Product","/products/f3752-155cm5ft1-yuuki-e-cup-silicone-sexy-big-breasted-latina-women-love-doll-se-doll",1,1,0,0,0,0,10,,0,0,0,77,10,0,,0,1,1,0,0,0,0,10,,0,0,0,77,10,0,,0,0,0,,,,,0,,,,,0,0,,,
"Collection","/collections/anime-banner",1,1,0,0,0,0,16,,0,0,0,562,16,0,,0,1,1,0,0,0,0,16,,0,0,0,562,16,0,,0,0,0,,,,,0,,,,,0,0,,,
"Collection","/collections/65cm-sex-doll",1,1,0,0,0,0,1,,0,0,0,0,1,1,,1,1,1,0,0,0,0,1,,0,0,0,0,1,1,,1,0,0,,,,,0,,,,,,0,0,,0
"Collection","/collections/azm-doll-factory-photos",1,1,0,0,0,0,2,,0,0,0,33,2,0,,0,1,1,0,0,0,0,2,,0,0,0,33,2,0,,0,0,0,,,,,0,,,,,0,0,,,
,"/en-ca/products/f9301-150cm-4ft9-41kg-b-cup-ros-silicone-head-flat-chest-life-size-trans-sex-doll-with-fixed-6-7-dildo-doll-castle",1,1,0,0,0,0,1,,0,0,0,0,1,1,,1,1,1,0,0,0,0,1,,0,0,0,0,1,1,,1,0,0,,,,,0,,,,,,0,0,,0
,"/en-ca/collections/torso-under-200",1,1,0,0,0,0,4,,0,0,0,142,4,0,,0,1,1,0,0,0,0,4,,0,0,0,142,4,0,,0,0,0,,,,,0,,,,,0,0,,,
"Product","/products/h612-silicone-sex-doll-head-elsa-babe-head",1,1,0,0,0,0,1,,0,0,0,0,1,1,,1,1,1,0,0,0,0,1,,0,0,0,0,1,1,,1,0,0,,,,,0,,,,,,0,0,,0
"Product","/products/t693k-64-6lb-meru-anime-alien-sex-doll-torso-with-flat-chest-silicone-head-red-skin-torso-pro",1,1,0,0,0,0,22,,0,0,0,2128,22,0,,0,1,1,0,0,0,0,22,,0,0,0,2128,22,0,,0,0,0,,,,,0,,,,,0,0,,,
"Checkout","/checkouts/cn/hWNDLS8kD91kHu3ds5BoPWga/en-us",1,1,0,1,0,0,1,0,0,1,0,0,1,0,,0,1,1,0,1,0,0,1,0,0,1,0,0,1,0,,0,0,0,,0,,,0,,,0,,,0,,,
"Product","/products/f1022-155cm-tpe-sex-doll-fun-west-doll",1,1,0,0,0,0,3,,0,0,0,1966,3,0,,0,1,1,0,0,0,0,3,,0,0,0,1966,3,0,,0,0,0,,,,,0,,,,,0,0,,,
"Product","/products/a623-19-6lb-cecilia-cute-vagina-sex-toy%E4%B8%A8tantaly",1,1,0,0,0,0,1,,0,0,0,0,1,1,,1,1,1,0,0,0,0,1,,0,0,0,0,1,1,,1,0,0,,,,,0,,,,,,0,0,,0
"Product","/products/f4529-165cm5-4ft-33kg-annika-h-c-cup-medium-butt-fit-european-real-silicone-sex-doll-se-doll",1,1,0,0,0,0,27,,0,0,0,1519,27,0,,0,1,1,0,0,0,0,27,,0,0,0,1519,27,0,,0,0,0,,,,,0,,,,,0,0,,,
"Product","/products/f7128-156cm5-12ft-29-7kg-2-1-b-cup-robot-silicone-head-adult-asian-sex-doll-bezlya-doll",1,1,0,0,0,0,1,,0,0,0,0,1,1,,1,1,1,0,0,0,0,1,,0,0,0,0,1,1,,1,0,0,,,,,0,,,,,,0,0,,0
"Product","/products/p387-mrl-snake-girl-cartoon-hentai-figure-best-pocket-pussy-small-sex-doll-silicone-19-62lb",1,1,0,0,0,0,1,,0,0,0,0,1,1,,1,1,1,0,0,0,0,1,,0,0,0,0,1,1,,1,0,0,,,,,0,,,,,,0,0,,0
,"/en-fi/collections/sex-doll-torso-with-head",1,1,0,0,0,0,1,,0,0,0,0,1,1,,1,1,1,0,0,0,0,1,,0,0,0,0,1,1,,1,0,0,,,,,0,,,,,,0,0,,0
"Product","/products/f1720-151cm-4ft9-b-cup-petite-asian-teen-silicone-sex-doll-in-stock-usa-starpery-doll",1,1,0,0,0,0,1,,0,0,0,0,1,1,,1,1,1,0,0,0,0,1,,0,0,0,0,1,1,,1,0,0,,,,,0,,,,,,0,0,,0
"Product","/products/p88-24-3lb-sex-dolls-torso-mrl",1,1,0,0,0,0,1,,0,0,0,0,1,1,,1,1,1,0,0,0,0,1,,0,0,0,0,1,1,,1,0,0,,,,,0,,,,,,0,0,,0
,"/en-ca/collections/big-ass-sex-doll-500-999",1,1,0,0,0,0,3,,0,0,0,212,3,0,,0,1,1,0,0,0,0,3,,0,0,0,212,3,0,,0,0,0,,,,,0,,,,,0,0,,,
,"/en-ca/collections/sex-doll-factory-pictures",1,1,0,0,0,0,1,,0,0,0,0,1,1,,1,1,1,0,0,0,0,1,,0,0,0,0,1,1,,1,0,0,,,,,0,,,,,,0,0,,0
"Product","/products/f5622-163cm-5ft3-49kg-d-cup-silicone-ros-big-booty-bbw-huge-breast-sex-dolls-hr-doll",1,1,0,0,0,0,1,,0,0,0,0,1,1,,1,1,1,0,0,0,0,1,,0,0,0,0,1,1,,1,0,0,,,,,0,,,,,,0,0,,0
"Product","/products/p102-2-83lb-perfect-muscular-physique-and-anal-passage-for-gay-men-silicone-mini-hentai-male-sex-doll-tayuta",1,1,0,0,0,0,8,,0,0,0,270,8,0,,0,1,1,0,0,0,0,8,,0,0,0,270,8,0,,0,0,0,,,,,0,,,,,0,0,,,
,"/en-ca/products/9387768643823",1,1,0,0,0,0,1,,0,0,0,0,1,1,,1,1,1,0,0,0,0,1,,0,0,0,0,1,1,,1,0,0,,,,,0,,,,,,0,0,,0
,"/en-ca/blogs/dolls-info-qustions/real-lady-vs-mlw-sex-dolls-unboxing-hands-on-review",1,1,0,0,0,0,1,,0,0,0,0,1,1,,1,1,1,0,0,0,0,1,,0,0,0,0,1,1,,1,0,0,,,,,0,,,,,,0,0,,0
,"/de/collections/sex-doll-factory-pictures",1,1,0,0,0,0,47,,0,0,0,1848,47,0,,0,1,1,0,0,0,0,47,,0,0,0,1848,47,0,,0,0,0,,,,,0,,,,,0,0,,,
"Collection","/collections/hr-doll-factory-photos",1,1,0,0,0,0,6,,0,0,0,526,6,0,,0,1,1,0,0,0,0,6,,0,0,0,526,6,0,,0,0,0,,,,,0,,,,,0,0,,,
"Collection","/collections/wm-doll-videos",1,1,0,0,0,0,4,,0,0,0,206,4,0,,0,1,1,0,0,0,0,4,,0,0,0,206,4,0,,0,0,0,,,,,0,,,,,0,0,,,
"Product","/products/f7123-159cm5-2ft-31-5kg-2-2cf-b-cup-mini-ros-silicone-asian-adult-chinese-anime-sex-doll-bezlya-doll",1,1,0,0,0,0,1,,0,0,0,0,1,1,,1,1,1,0,0,0,0,1,,0,0,0,0,1,1,,1,0,0,,,,,0,,,,,,0,0,,0
,"/en-fi/collections/flat-chest-japanese-sex-doll",1,1,0,0,0,0,1,,0,0,0,0,1,1,,1,1,1,0,0,0,0,1,,0,0,0,0,1,1,,1,0,0,,,,,0,,,,,,0,0,,0
"Product","/products/f7694-162cm5ft3-50kg-j-cup-life-sized-tpe-bbw-sex-doll-galaxy",1,1,0,0,0,0,1,,0,0,0,0,1,1,,1,1,1,0,0,0,0,1,,0,0,0,0,1,1,,1,0,0,,,,,0,,,,,,0,0,,0
,"/ja/collections/sex-doll-legs",1,1,0,0,0,0,5,,0,0,0,78,5,0,,0,1,1,0,0,0,0,5,,0,0,0,78,5,0,,0,0,0,,,,,0,,,,,0,0,,,
"Product","/products/v332-ultra-soft-silicone-foot-with-real-feel-texture-for-foot-fetish",1,1,0,0,0,0,1,,0,0,0,0,1,1,,1,1,1,0,0,0,0,1,,0,0,0,0,1,1,,1,0,0,,,,,0,,,,,,0,0,,0
,"/en-ca/collections/yl-doll",1,1,0,0,0,0,3,,0,0,0,71,3,0,,0,1,1,0,0,0,0,3,,0,0,0,71,3,0,,0,0,0,,,,,0,,,,,0,0,,,
"Blog Article","/blogs/dolls-info-qustions/sy-dolls-releases-six-new-movable-jaw-sex-dolls",1,1,0,0,0,0,1,,0,0,0,0,1,1,,1,1,1,0,0,0,0,1,,0,0,0,0,1,1,,1,0,0,,,,,0,,,,,,0,0,,0
,"/de/collections/18s-sex-doll",1,1,0,0,0,0,1,,0,0,0,0,1,1,,1,1,1,0,0,0,0,1,,0,0,0,0,1,1,,1,0,0,,,,,0,,,,,,0,0,,0
"Product","/products/f4883-153cm-45kg-q-cup-full-silicone-ssbbw-biggest-bbw-sex-doll-body-castle-doll",1,1,0,0,0,0,2,,0,0,0,178,2,0,,0,1,1,0,0,0,0,2,,0,0,0,178,2,0,,0,0,0,,,,,0,,,,,0,0,,,
"Product","/products/f2544-164cm-f-cup-big-boobs-silicone-sex-doll-irontech-doll",1,1,0,0,0,0,1,,0,0,0,0,1,1,,1,1,1,0,0,0,0,1,,0,0,0,0,1,1,,1,0,0,,,,,0,,,,,,0,0,,0
"Product","/products/p61016-hentai-fake-pussy",1,1,0,0,0,0,1,,0,0,0,0,1,1,,1,1,1,0,0,0,0,1,,0,0,0,0,1,1,,1,0,0,,,,,0,,,,,,0,0,,0
"Product","/products/f7528-163cm-d-cup-silicone-sex-doll-galatea-doll",1,1,0,0,0,0,7,,0,0,0,1297,7,0,,0,1,1,0,0,0,0,7,,0,0,0,1297,7,0,,0,0,0,,,,,0,,,,,0,0,,,
"Blog Article","/blogs/dolls-info-qustions/2025-s-hottest-sex-doll-brands-bestsellers-did-you-pick-the-right-one",1,1,0,0,0,0,1,,0,0,0,0,1,1,,1,1,1,0,0,0,0,1,,0,0,0,0,1,1,,1,0,0,,,,,0,,,,,,0,0,,0
"Product","/products/lovenestle-huge-ass-sex-doll-torso-silicone-dual-tunnels",1,1,0,0,0,0,1,,0,0,0,0,1,1,,1,1,1,0,0,0,0,1,,0,0,0,0,1,1,,1,0,0,,,,,0,,,,,,0,0,,0
"Blog Article","/blogs/dolls-info-qustions/complete-guide-to-installing-male-sex-doll-penises-3-simple-methods",1,1,0,0,0,0,1,,0,0,0,0,1,1,,1,1,1,0,0,0,0,1,,0,0,0,0,1,1,,1,0,0,,,,,0,,,,,,0,0,,0
"Product","/products/f3511-170cm-5-6ft-43kg-d-cup-life-size-silicone-sex-doll-real-lady",1,1,0,0,0,0,2,,0,0,0,0,2,0,,0,1,1,0,0,0,0,2,,0,0,0,0,2,0,,0,0,0,,,,,0,,,,,,0,,,
"Product","/products/f1530-elsa-babe-165cm-5ft4-full-silicone-sexy-anime-sex-dolls",1,1,0,0,0,0,5,,0,0,0,231,5,0,,0,1,1,0,0,0,0,5,,0,0,0,231,5,0,,0,0,0,,,,,0,,,,,0,0,,,
"Product","/products/t236-34-6lbs-lightweight-life-size-flat-chested-sex-doll-torso-with-head-climax-doll",1,1,0,0,0,0,1,,0,0,0,0,1,1,,1,1,1,0,0,0,0,1,,0,0,0,0,1,1,,1,0,0,,,,,0,,,,,,0,0,,0
,"/en-ca/products/p400-gynoid-sex-doll-pocket-pussy-hentai-figure-mrl",1,1,0,0,0,0,2,,0,0,0,20,2,0,,0,1,1,0,0,0,0,2,,0,0,0,20,2,0,,0,0,0,,,,,0,,,,,0,0,,,
"Product","/products/f8117-170cm5f6-40kg-h-cup-big-breast-tpe-sex-doll-aibei-doll",1,1,0,0,0,0,6,,0,0,0,225,6,0,,0,1,1,0,0,0,0,6,,0,0,0,225,6,0,,0,0,0,,,,,0,,,,,0,0,,,
"Product","/products/f4019k-172cm-5ft6-f-cup-hao-teacher-silicone-sex-doll-in-stock-us-starpery-doll",1,1,0,0,0,0,17,,0,0,0,578,17,0,,0,1,1,0,0,0,0,17,,0,0,0,578,17,0,,0,0,0,,,,,0,,,,,0,0,,,
"Product","/products/f2550-159cm5-2ft-33-5kg-h-cup-ros-max-r8-honey-bronze-silicone-sex-doll-real-lady",1,1,0,0,0,0,1,,0,0,0,0,1,1,,1,1,1,0,0,0,0,1,,0,0,0,0,1,1,,1,0,0,,,,,0,,,,,,0,0,,0
"Product","/products/f1369-158cm-i-cup-connie-sex-doll-irontech-doll",1,1,0,0,0,0,2,,0,0,0,1456,2,0,,0,1,1,0,0,0,0,2,,0,0,0,1456,2,0,,0,0,0,,,,,0,,,,,0,0,,,
,"/en-ca/collections/fake-ass-200-499",1,1,0,0,0,0,6,,0,0,0,114,6,0,,0,1,1,0,0,0,0,6,,0,0,0,114,6,0,,0,0,0,,,,,0,,,,,0,0,,,
"Product","/products/f6190-170cm-5-6ft-34kg-f-cup-ros-silicone-realistic-sex-doll-celebrity-weight-reduction-ido-doll",1,1,0,0,0,0,13,,0,0,0,2042,13,0,,0,1,1,0,0,0,0,13,,0,0,0,2042,13,0,,0,0,0,,,,,0,,,,,0,0,,,
"Blog Article","/blogs/dolls-info-qustions/choosing-the-perfect-silicone-torso-sex-doll-the-right-choice-is-key",1,1,0,0,0,0,17,,0,0,0,738,17,0,,0,1,1,0,0,0,0,17,,0,0,0,738,17,0,,0,0,0,,,,,0,,,,,0,0,,,
"Collection","/collections/big-ass-sex-doll",1,1,0,0,0,0,10,,0,0,0,1653,10,0,,0,1,1,0,0,0,0,10,,0,0,0,1653,10,0,,0,0,0,,,,,0,,,,,0,0,,,
"Product","/products/h670-silicone-sex-doll-head%E4%B8%A8irontech-doll-head",1,1,1,0,0,0,37,,1,0,0,11344,37,0,,0,1,1,1,0,0,0,37,,1,0,0,11344,37,0,,0,0,0,0,,,,0,,0,,,0,0,,,
,"/de/blogs/dolls-info-qustions/want-to-play-bdsm-but-dont-know-how-to-start-sex-dolls-are-the-answer",1,1,0,0,0,0,3,,0,0,0,96,3,0,,0,1,1,0,0,0,0,3,,0,0,0,96,3,0,,0,0,0,,,,,0,,,,,0,0,,,
,"/de/blogs/featured-blog/2025-top-sex-doll-brands-annual-update-summary",1,1,0,0,0,0,1,,0,0,0,0,1,1,,1,1,1,0,0,0,0,1,,0,0,0,0,1,1,,1,0,0,,,,,0,,,,,,0,0,,0
,"/en-fi/blogs/dolls-info-qustions/%F0%9F%94%A5-2025-best-fake-ass-sex-toy-recommendations-6-ultra-realistic-big-booty-dolls-for-ultimate-pleasure",1,1,0,0,0,0,1,,0,0,0,0,1,1,,1,1,1,0,0,0,0,1,,0,0,0,0,1,1,,1,0,0,,,,,0,,,,,,0,0,,0
"Custom Page","/pages/hentai-sex-doll-guide",1,1,0,0,0,0,1,,0,0,0,0,1,1,,1,1,1,0,0,0,0,1,,0,0,0,0,1,1,,1,0,0,,,,,0,,,,,,0,0,,0
"Product","/products/f4790-155mcm5-1ft-40kg-2-0-g-cup-asian-robot-silicone-head-chinese-sex-doll-bezlya-doll",1,1,0,0,0,0,3,,0,0,0,11,3,0,,0,1,1,0,0,0,0,3,,0,0,0,11,3,0,,0,0,0,,,,,0,,,,,0,0,,,
"Product","/products/starpery-doll-156-cm-tpe-sex-doll-f4000",1,1,0,0,0,0,1,,0,0,0,0,1,1,,1,1,1,0,0,0,0,1,,0,0,0,0,1,1,,1,0,0,,,,,0,,,,,,0,0,,0
"Product","/products/v325-poseable-silicone-feet-for-foot-worship-realistic-sex-doll-feet-with-skeleton",1,1,0,0,0,0,3,,0,0,0,41,3,0,,0,1,1,0,0,0,0,3,,0,0,0,41,3,0,,0,0,0,,,,,0,,,,,0,0,,,
,"/en-fi/collections/mrl-doll",1,1,0,0,0,0,1,,0,0,0,0,1,1,,1,1,1,0,0,0,0,1,,0,0,0,0,1,1,,1,0,0,,,,,0,,,,,,0,0,,0
"Blog Article","/blogs/dolls-info-qustions/shedoll-s-coolrush-tpe-a-game-changer-in-sex-doll-materials",1,1,0,0,0,0,1,,0,0,0,0,1,1,,1,1,1,0,0,0,0,1,,0,0,0,0,1,1,,1,0,0,,,,,0,,,,,,0,0,,0
"Product","/products/h382-ros-silicone-sex-doll-head%E4%B8%A8galatate-doll-head",1,1,1,0,0,0,33,,1,0,0,1633,33,0,,0,1,1,1,0,0,0,33,,1,0,0,1633,33,0,,0,0,0,0,,,,0,,0,,,0,0,,,
"Checkout","/60719464687/orders/4c822c07546d1920f55d922380d10a57",1,1,0,0,0,0,1,,0,0,0,0,1,1,,1,1,1,0,0,0,0,1,,0,0,0,0,1,1,,1,0,0,,,,,0,,,,,,0,0,,0
,"/en-ca/collections/s-tpe-doll",1,1,0,0,0,0,5,,0,0,0,267,5,0,,0,1,1,0,0,0,0,5,,0,0,0,267,5,0,,0,0,0,,,,,0,,,,,0,0,,,
,"/en-ca/collections/big-boobs-japanese-sex-doll",1,1,0,0,0,0,6,,0,0,0,42,6,0,,0,1,1,0,0,0,0,6,,0,0,0,42,6,0,,0,0,0,,,,,0,,,,,0,0,,,
"Collection","/collections/dildo-hentai-sex-doll",1,1,0,0,0,0,1,,0,0,0,0,1,1,,1,1,1,0,0,0,0,1,,0,0,0,0,1,1,,1,0,0,,,,,0,,,,,,0,0,,0
"Checkout","/checkouts/ac/hWNDPwuFgXHcnl1PVWfazoET/en-fi",1,1,1,0,0,0,5,,1,0,0,76,5,0,,0,1,1,1,0,0,0,5,,1,0,0,76,5,0,,0,0,0,0,,,,0,,0,,,0,0,,,
"Product","/products/f4039-150cm-k-cup-huge-breast-tpe-sex-doll-castle-doll",1,1,0,0,0,0,1,,0,0,0,0,1,1,,1,1,1,0,0,0,0,1,,0,0,0,0,1,1,,1,0,0,,,,,0,,,,,,0,0,,0
"Blog Article","/blogs/dolls-info-qustions/how-women-use-sex-dolls",1,1,0,0,0,0,1,,0,0,0,0,1,1,,1,1,1,0,0,0,0,1,,0,0,0,0,1,1,,1,0,0,,,,,0,,,,,,0,0,,0
"Product","/products/f1445a-163cm5f3-52kg-e-cup-best-realistic-big-ass-chubby-tpe-sex-doll-in-stock-usa-aibei-dollf1445a-163cm5f3-52kg-e-cup-best-realistic-big-ass-chubby-tpe-sex-doll-in-stock-usa-aibei-doll",1,1,0,0,0,0,1,,0,0,0,0,1,1,,1,1,1,0,0,0,0,1,,0,0,0,0,1,1,,1,0,0,,,,,0,,,,,,0,0,,0
"Product","/products/f7887-160cm5ft2-40kg-elara-b-cup-gel-filled-breasts-sex-doll-with-ros-head-jx-doll",1,1,0,0,0,0,1,,0,0,0,0,1,1,,1,1,1,0,0,0,0,1,,0,0,0,0,1,1,,1,0,0,,,,,0,,,,,,0,0,,0
"Checkout","/60719464687/orders/a39b7a8ab67296a80872224cf0f2015a",1,1,0,0,0,0,2,,0,0,0,13,2,0,,0,1,1,0,0,0,0,2,,0,0,0,13,2,0,,0,0,0,,,,,0,,,,,0,0,,,
,"/en-fi/blogs/dolls-info-qustions/sexual-health-dolls-and-sexual-violence",1,1,0,0,0,0,1,,0,0,0,0,1,1,,1,1,1,0,0,0,0,1,,0,0,0,0,1,1,,1,0,0,,,,,0,,,,,,0,0,,0
"Product","/products/f9396-164cm-55-48kg-e-cup-weight-loss-tpe-bbw-sex-dolls-doll-castle",1,1,0,0,0,0,12,,0,0,0,1451,12,0,,0,1,1,0,0,0,0,12,,0,0,0,1451,12,0,,0,0,0,,,,,0,,,,,0,0,,,
"Product","/products/f4468-166cm5f4-41kg-h-cup-big-breast-tpe-medium-butt-sex-doll-aibei-doll",1,1,0,0,0,0,1,,0,0,0,0,1,1,,1,1,1,0,0,0,0,1,,0,0,0,0,1,1,,1,0,0,,,,,0,,,,,,0,0,,0
,"/en-ca/blogs/dolls-info-qustions/zelex-sle-3-0-upgrade-all-new-features-same-great-price",1,1,0,0,0,0,1,,0,0,0,0,1,1,,1,1,1,0,0,0,0,1,,0,0,0,0,1,1,,1,0,0,,,,,0,,,,,,0,0,,0
"Product","/products/p7-hentai-masturbator",1,1,0,0,0,0,3,,0,0,0,59,3,0,,0,1,1,0,0,0,0,3,,0,0,0,59,3,0,,0,0,0,,,,,0,,,,,0,0,,,
"Product","/products/f4703-160cm5-3ft-34kg-2-1-b-cup-mini-asian-chinese-silicone-head-sex-doll-bezlya-doll",1,1,0,0,0,0,1,,0,0,0,0,1,1,,1,1,1,0,0,0,0,1,,0,0,0,0,1,1,,1,0,0,,,,,0,,,,,,0,0,,0
"Product","/products/f5861-155cm-5ft1-30kg-h-cup-asian-silicone-sex-doll-il-doll",1,1,0,0,0,0,3,,0,0,0,1844,3,0,,0,1,1,0,0,0,0,3,,0,0,0,1844,3,0,,0,0,0,,,,,0,,,,,0,0,,,
,"/de/blogs/dolls-info-qustions/latest-mini-anime-sex-dolls-are-here-compact-and-fun",1,1,0,0,0,0,1,,0,0,0,0,1,1,,1,1,1,0,0,0,0,1,,0,0,0,0,1,1,,1,0,0,,,,,0,,,,,,0,0,,0
"Product","/products/f4245-159cm5-2ft-27kg-b-cup-anime-tpe-hentai-sex-doll%E4%B8%A8wm-doll",1,1,0,0,0,0,2,,0,0,0,135,2,0,,0,1,1,0,0,0,0,2,,0,0,0,135,2,0,,0,0,0,,,,,0,,,,,0,0,,,
"Product","/products/f2417-150cm-4ft9-d-cup-m42-wild-jungle-leopard-girl-silicone-furry-sex-doll-sy-doll",1,1,0,0,0,0,2,,0,0,0,22,2,0,,0,1,1,0,0,0,0,2,,0,0,0,22,2,0,,0,0,0,,,,,0,,,,,0,0,,,
,"/en-ca/products/f2580-168cm-ai-sex-dolls-silicone-pink-lovers-real-lady",1,1,0,0,0,0,6,,0,0,0,425,6,0,,0,1,1,0,0,0,0,6,,0,0,0,425,6,0,,0,0,0,,,,,0,,,,,0,0,,,
,"/en-fi/products/f2319-sy-163cm-g-cup-super-fat-bbw-life-size-sex-doll",1,1,0,0,0,0,1,,0,0,0,0,1,1,,1,1,1,0,0,0,0,1,,0,0,0,0,1,1,,1,0,0,,,,,0,,,,,,0,0,,0
,"/vi/collections/onahole",1,1,0,0,0,0,5,,0,0,0,21,5,0,,0,1,1,0,0,0,0,5,,0,0,0,21,5,0,,0,0,0,,,,,0,,,,,0,0,,,
"Product","/products/549-6-28lb-round-ass-sex-doll-torso",1,1,0,0,0,0,9,,0,0,0,149,9,0,,0,1,1,0,0,0,0,9,,0,0,0,149,9,0,,0,0,0,,,,,0,,,,,0,0,,,
"Blog Article","/blogs/dolls-info-qustions/how-to-be-a-qualified-cowboy-through-a-male-sex-doll",1,1,0,0,0,0,1,,0,0,0,0,1,1,,1,1,1,0,0,0,0,1,,0,0,0,0,1,1,,1,0,0,,,,,0,,,,,,0,0,,0
"Product","/products/a352-8-3lb-siliconewolf-ass-furry-sex-doll-torso-mrl",1,1,0,0,0,0,1,,0,0,0,0,1,1,,1,1,1,0,0,0,0,1,,0,0,0,0,1,1,,1,0,0,,,,,0,,,,,,0,0,,0
,"/en-fi/collections/under-100",1,1,0,0,0,0,1,,0,0,0,0,1,1,,1,1,1,0,0,0,0,1,,0,0,0,0,1,1,,1,0,0,,,,,0,,,,,,0,0,,0
"Product","/products/t75-57-3lbs-91cm-silicone-realistic-life-size-torso-sex-doll-in-stock-usa-eu-yeloly",1,1,0,0,0,0,13,,0,0,0,1185,13,0,,0,1,1,0,0,0,0,13,,0,0,0,1185,13,0,,0,0,0,,,,,0,,,,,0,0,,,
"Product","/products/t65526kg-57-3lb-87cm-huge-ass-gel-big-breasts-bbw-mini-sex-doll-torso-wm-doll",1,1,0,0,0,0,1,,0,0,0,0,1,1,,1,1,1,0,0,0,0,1,,0,0,0,0,1,1,,1,0,0,,,,,0,,,,,,0,0,,0
"Product","/products/f5121-168cm-c-cup-sexy-girlfriend-ros-silicone-sex-doll-galatea-doll",1,1,0,0,0,0,1,,0,0,0,0,1,1,,1,1,1,0,0,0,0,1,,0,0,0,0,1,1,,1,0,0,,,,,0,,,,,,0,0,,0
"Custom Page","/pages/sy-rotating-tongue",1,1,0,0,0,0,1,,0,0,0,0,1,1,,1,1,1,0,0,0,0,1,,0,0,0,0,1,1,,1,0,0,,,,,0,,,,,,0,0,,0
"Product","/products/f9156-156cm-5ft2-26kg-runa-b-cup-premium-japanese-ros-silicone-robot-sex-doll-weight-loss-jiusheng-doll",1,1,0,0,0,0,2,,0,0,0,150,2,0,,0,1,1,0,0,0,0,2,,0,0,0,150,2,0,,0,0,0,,,,,0,,,,,0,0,,,
,"/en-ca/pages/huge-breast-sex-doll-guide",1,1,0,0,0,0,9,,0,0,0,1247,9,0,,0,1,1,0,0,0,0,9,,0,0,0,1247,9,0,,0,0,0,,,,,0,,,,,0,0,,,
"Product","/products/f3442-aibei-h-cup-sucking-life-size-sex-doll",1,1,0,0,0,0,1,,0,0,0,0,1,1,,1,1,1,0,0,0,0,1,,0,0,0,0,1,1,,1,0,0,,,,,0,,,,,,0,0,,0
"Product","/products/f4668-165cm5-4ft-33kg-liam-a-c-cup-real-medium-butt-silicone-sex-doll-se-doll",1,1,0,0,0,0,1,,0,0,0,0,1,1,,1,1,1,0,0,0,0,1,,0,0,0,0,1,1,,1,0,0,,,,,0,,,,,,0,0,,0
"Product","/products/t424-48-5lbs-93cm-silicone-luxury-super-realistic-human-size-torso-sex-dolls-and-robots",1,1,0,0,0,0,1,,0,0,0,0,1,1,,1,1,1,0,0,0,0,1,,0,0,0,0,1,1,,1,0,0,,,,,0,,,,,,0,0,,0
,"/en-ca/products/f2169-157cm5-15ft-35kg-c-cup-meru-fantasy-alien-silicone-hentai-sex-doll%E4%B8%A8climax-doll-ultra",1,1,0,0,0,0,17,,0,0,0,681,17,0,,0,1,1,0,0,0,0,17,,0,0,0,681,17,0,,0,0,0,,,,,0,,,,,0,0,,,
"Checkout","/checkouts/cn/hWNDPOj2j9IlldXq4IfQqU4q/en-sg",1,1,0,1,0,0,1,0,0,1,0,0,1,0,,0,1,1,0,1,0,0,1,0,0,1,0,0,1,0,,0,0,0,,0,,,0,,,0,,,0,,,
"Product","/products/f1361-155cm-b-cup-mia-shemale-sex-doll-irontech-doll",1,1,0,0,0,0,2,,0,0,0,1351,2,0,,0,1,1,0,0,0,0,2,,0,0,0,1351,2,0,,0,0,0,,,,,0,,,,,0,0,,,
"Product","/products/f9000-160cm-5-2ft-36kg-c-cup-tpe-silicone-head-asian-celebrity-sex-doll-sy-doll",1,1,0,0,0,0,1,,0,0,0,0,1,1,,1,1,1,0,0,0,0,1,,0,0,0,0,1,1,,1,0,0,,,,,0,,,,,,0,0,,0
"Product","/products/f9251-170cm5ft7-43kg-g-cup-silicone-ros-gel-breast-huge-tits-sex-toy-full-pussy-doll%E4%B8%A8doll-senior",1,1,0,0,0,0,1,,0,0,0,0,1,1,,1,1,1,0,0,0,0,1,,0,0,0,0,1,1,,1,0,0,,,,,0,,,,,,0,0,,0
"Product","/products/linkdolls-f839-167cm-sandra-e-cup-tpe-big-breasts-sexy-real-feeling-mature-women-sex-doll-se-doll",1,1,0,0,0,0,4,,0,0,0,1746,4,0,,0,1,1,0,0,0,0,4,,0,0,0,1746,4,0,,0,0,0,,,,,0,,,,,0,0,,,
,"/en-ca/products/a461-27-87lb-caroline-big-ass-sex-doll-torso-lovenestle",1,1,0,0,0,0,1,,0,0,0,0,1,1,,1,1,1,0,0,0,0,1,,0,0,0,0,1,1,,1,0,0,,,,,0,,,,,,0,0,,0
,"/de/blogs/dolls-info-qustions/what-s-it-really-like-to-have-sex-nbsp-with-a-sex-doll",1,1,0,0,0,0,1,,0,0,0,0,1,1,,1,1,1,0,0,0,0,1,,0,0,0,0,1,1,,1,0,0,,,,,0,,,,,,0,0,,0
"Product","/products/f1427-158cm5f2-31-25kg-c-cup-small-breast-tpe-hentai-sex-doll-aibei-doll",1,1,0,0,0,0,3,,0,0,0,7,3,0,,0,1,1,0,0,0,0,3,,0,0,0,7,3,0,,0,0,0,,,,,0,,,,,0,0,,,
"Product","/products/f4408-152cm5ft2-37kg-h-cup-big-tits-tpe-sex-doll-wm-doll",1,1,0,0,0,0,1,,0,0,0,0,1,1,,1,1,1,0,0,0,0,1,,0,0,0,0,1,1,,1,0,0,,,,,0,,,,,,0,0,,0
"Product","/products/f5542-164cm5ft4-43kg-f-cup-black-tpe-sex-doll-irontech-doll",1,1,0,0,0,0,2,,0,0,0,1213,2,0,,0,1,1,0,0,0,0,2,,0,0,0,1213,2,0,,0,0,0,,,,,0,,,,,0,0,,,
"Blog Article","/blogs/dolls-info-qustions/video-starpery-weight-reduction-4-0",1,1,0,0,0,0,3,,0,0,0,34,3,0,,0,1,1,0,0,0,0,3,,0,0,0,34,3,0,,0,0,0,,,,,0,,,,,0,0,,,
,"/de/blogs/dolls-info-qustions/4-easy-positions-to-enjoy-with-your-bbw-sex-doll",1,1,0,0,0,0,1,,0,0,0,0,1,1,,1,1,1,0,0,0,0,1,,0,0,0,0,1,1,,1,0,0,,,,,0,,,,,,0,0,,0
,"/de/products/57-32lb-sex-doll-torso-with-life-size-ass-and-soft-skin-512-sex-doll-torso",1,1,0,0,0,0,28,,0,0,0,4474,28,0,,0,1,1,0,0,0,0,28,,0,0,0,4474,28,0,,0,0,0,,,,,0,,,,,0,0,,,
,"/en-ca/blogs/dolls-info-qustions/s-tpe",1,1,0,0,0,0,1,,0,0,0,0,1,1,,1,1,1,0,0,0,0,1,,0,0,0,0,1,1,,1,0,0,,,,,0,,,,,,0,0,,0
"Product","/products/f2363-158cm-5ft1-d-cup-yukiko-silicone-sex-doll-gel-breasts-ass-jiusheng-doll",1,1,0,0,0,0,1,,0,0,0,0,1,1,,1,1,1,0,0,0,0,1,,0,0,0,0,1,1,,1,0,0,,,,,0,,,,,,0,0,,0
,"/de/collections/rosertty-doll",1,1,0,0,0,0,11,,0,0,0,272,11,0,,0,1,1,0,0,0,0,11,,0,0,0,272,11,0,,0,0,0,,,,,0,,,,,0,0,,,
,"/en-ca/blogs/dolls-info-qustions/types-of-femboy-sex-dolls",1,1,0,0,0,0,2,,0,0,0,129,2,0,,0,1,1,0,0,0,0,2,,0,0,0,129,2,0,,0,0,0,,,,,0,,,,,0,0,,,
,"/en-ca/blogs/dolls-info-qustions/break-the-rules-discover-the-pleasure-of-anal-sex",1,1,0,0,0,0,1,,0,0,0,0,1,1,,1,1,1,0,0,0,0,1,,0,0,0,0,1,1,,1,0,0,,,,,0,,,,,,0,0,,0
"Product","/products/f5517-172cm5-6ft-43-5kg-e-cup-ss196-ros-life-size-stpe-sex-doll%E4%B8%A8wm-doll",1,1,0,0,0,0,3,,0,0,0,1835,3,0,,0,1,1,0,0,0,0,3,,0,0,0,1835,3,0,,0,0,0,,,,,0,,,,,0,0,,,
"Product","/products/f2583-164cm-f-cup-ebony-suntan-big-boobs-silicone-sex-doll-irontech-doll",1,1,0,0,0,0,3,,0,0,0,965,3,0,,0,1,1,0,0,0,0,3,,0,0,0,965,3,0,,0,0,0,,,,,0,,,,,0,0,,,
"Product","/products/f2029k-162cm5-3ft-34kg-f-cup-american-sweety-cheer-leader-tpe-sex-doll-heads-in-stock-usa-%E4%B8%A8wm-doll",1,1,0,0,0,0,2,,0,0,0,1351,2,0,,0,1,1,0,0,0,0,2,,0,0,0,1351,2,0,,0,0,0,,,,,0,,,,,0,0,,,
"Product","/products/t345-biggest-bbw-sex-doll-torso-black-stpe-58lbs-climax-doll",1,1,0,0,0,0,1,,0,0,0,0,1,1,,1,1,1,0,0,0,0,1,,0,0,0,0,1,1,,1,0,0,,,,,0,,,,,,0,0,,0
"Product","/products/f2448-161cm5ft3-33kg-e-cup-fitness-girl-silicone-sex-doll-irontech-doll",1,1,0,0,0,0,1,,0,0,0,0,1,1,,1,1,1,0,0,0,0,1,,0,0,0,0,1,1,,1,0,0,,,,,0,,,,,,0,0,,0
"Product","/products/f2344a-151cm4-9ft-65kg-m-cup-jasmine-bbw-biggest-ass-huge-breast-movable-jaw-sex-doll-2024%E4%B8%A8climax-doll-pro",1,1,0,0,0,0,1,,0,0,0,0,1,1,,1,1,1,0,0,0,0,1,,0,0,0,0,1,1,,1,0,0,,,,,0,,,,,,0,0,,0
,"/en-fi/collections/anime-sex-doll",1,1,0,0,0,0,1,,0,0,0,0,1,1,,1,1,1,0,0,0,0,1,,0,0,0,0,1,1,,1,0,0,,,,,0,,,,,,0,0,,0
"Collection","/collections/big-ass-sex-doll-2000",1,1,0,0,0,0,5,,0,0,0,81,5,0,,0,1,1,0,0,0,0,5,,0,0,0,81,5,0,,0,0,0,,,,,0,,,,,0,0,,,
"Blog Article","/blogs/dolls-info-qustions/mini-sex-dolls-does-mini-mean-low-quality",1,1,0,0,0,0,1,,0,0,0,0,1,1,,1,1,1,0,0,0,0,1,,0,0,0,0,1,1,,1,0,0,,,,,0,,,,,,0,0,,0
,"/en-ca/products/f9330-150cm-4ft9-41kg-b-cup-ros-silicone-head-shemale-doll-hot-sex-doll-castle",1,1,0,0,0,0,1,,0,0,0,0,1,1,,1,1,1,0,0,0,0,1,,0,0,0,0,1,1,,1,0,0,,,,,0,,,,,,0,0,,0
"Blog Article","/blogs/dolls-info-qustions/how-to-choose-the-hair-for-a-sex-doll-hair-implantation-vs-wigs",1,1,0,0,0,0,1,,0,0,0,0,1,1,,1,1,1,0,0,0,0,1,,0,0,0,0,1,1,,1,0,0,,,,,0,,,,,,0,0,,0
,"/en-ca/blogs/dolls-info-qustions/7-best-mini-torso-sex-dolls-for-beginners",1,1,0,0,0,0,1,,0,0,0,0,1,1,,1,1,1,0,0,0,0,1,,0,0,0,0,1,1,,1,0,0,,,,,0,,,,,,0,0,,0
"Product","/products/f4037a-150cm-j-cup-christmas-large-breast-thick-ass-lightweight-tpe-ssbbw-sex-doll-doll-castle",1,1,0,0,0,0,1,,0,0,0,0,1,1,,1,1,1,0,0,0,0,1,,0,0,0,0,1,1,,1,0,0,,,,,0,,,,,,0,0,,0
,"/en-ca/products/a433-16-54lb-lucy-silicone-realistic-pussy-sex-doll-bubble-butt-hip-toy-lovenestle",1,1,0,0,0,0,1,,0,0,0,0,1,1,,1,1,1,0,0,0,0,1,,0,0,0,0,1,1,,1,0,0,,,,,0,,,,,,0,0,,0
"Product","/products/h992-free-ai-talking-ros-max-silicone-blowjob-sex-doll-head-real-lady-doll",1,1,1,0,0,0,29,,1,0,0,873,29,0,,0,1,1,1,0,0,0,29,,1,0,0,873,29,0,,0,0,0,0,,,,0,,0,,,0,0,,,
,"/en-ca/collections/sex-doll-anal",1,1,0,0,0,0,1,,0,0,0,0,1,1,,1,1,1,0,0,0,0,1,,0,0,0,0,1,1,,1,0,0,,,,,0,,,,,,0,0,,0
"Product","/products/t59348-5lb-cinnamon-luxury-realistic-small-breasts-flat-chested-sex-doll-torso",1,1,0,0,0,0,6,,0,0,0,363,6,0,,0,1,1,0,0,0,0,6,,0,0,0,363,6,0,,0,0,0,,,,,0,,,,,0,0,,,
"Product","/products/h138-sex-doll-head",1,1,0,0,0,0,4,,0,0,0,93,4,0,,0,1,1,0,0,0,0,4,,0,0,0,93,4,0,,0,0,0,,,,,0,,,,,0,0,,,
"Product","/products/f7130-156cm5-12ft-29-7kg-2-1-b-cup-robot-silicone-head-adult-asian-sex-doll-bezlya-doll",1,1,0,0,0,0,1,,0,0,0,0,1,1,,1,1,1,0,0,0,0,1,,0,0,0,0,1,1,,1,0,0,,,,,0,,,,,,0,0,,0
"Product","/products/f3513-170cm-5-6ft-43kg-d-cup-angels-life-size-silicone-sex-doll-real-lady",1,1,0,0,0,0,1,,0,0,0,0,1,1,,1,1,1,0,0,0,0,1,,0,0,0,0,1,1,,1,0,0,,,,,0,,,,,,0,0,,0
"Product","/products/520-sex-doll-torso",1,1,0,0,0,0,1,,0,0,0,0,1,1,,1,1,1,0,0,0,0,1,,0,0,0,0,1,1,,1,0,0,,,,,0,,,,,,0,0,,0
"Product","/products/f6119k-170cm-5-6ft-35kg-d-cup-ros-silicone-realistic-sex-doll-in-stock-usa-ido-doll",1,1,0,0,0,0,21,,0,0,0,1489,21,0,,0,1,1,0,0,0,0,21,,0,0,0,1489,21,0,,0,0,0,,,,,0,,,,,0,0,,,
,"/en-fi/blogs/dolls-info-qustions/whats-the-best-way-to-clean-a-shemale-sex-toy",1,1,0,0,0,0,1,,0,0,0,0,1,1,,1,1,1,0,0,0,0,1,,0,0,0,0,1,1,,1,0,0,,,,,0,,,,,,0,0,,0
,"/en-ca/products/products-climax-doll-bbw-big-butt-black-gel-27-5lb-realistic-torso",1,1,0,0,0,0,7,,0,0,0,742,7,0,,0,1,1,0,0,0,0,7,,0,0,0,742,7,0,,0,0,0,,,,,0,,,,,0,0,,,
"Product","/products/h663-ros-max-silicone-sex-doll-head-real-lady-doll",1,1,0,0,0,0,6,,0,0,0,433,6,0,,0,1,1,0,0,0,0,6,,0,0,0,433,6,0,,0,0,0,,,,,0,,,,,0,0,,,
"Collection","/collections/cst-doll",1,1,0,0,0,0,1,,0,0,0,0,1,1,,1,1,1,0,0,0,0,1,,0,0,0,0,1,1,,1,0,0,,,,,0,,,,,,0,0,,0
"Product","/products/b41-silicone-realistic-breast-titfuck-toy-masturbator",1,1,0,0,0,0,2,,0,0,0,242,2,0,,0,1,1,0,0,0,0,2,,0,0,0,242,2,0,,0,0,0,,,,,0,,,,,0,0,,,
"Product","/products/d421-realistic-silicone-torso-dildo-with-veined-texture-and-suction-cup-base",1,1,0,0,0,0,1,,0,0,0,0,1,1,,1,1,1,0,0,0,0,1,,0,0,0,0,1,1,,1,0,0,,,,,0,,,,,,0,0,,0
,"/ja/collections/shemale-sex-doll-torso-1",1,1,0,0,0,0,2,,0,0,0,64,2,0,,0,1,1,0,0,0,0,2,,0,0,0,64,2,0,,0,0,0,,,,,0,,,,,0,0,,,
,"/en-ca/blogs/dolls-info-qustions/3-typical-sizes-bigass-sexdoll",1,1,0,0,0,0,1,,0,0,0,0,1,1,,1,1,1,0,0,0,0,1,,0,0,0,0,1,1,,1,0,0,,,,,0,,,,,,0,0,,0
"Collection","/collections/irokebijin-doll",1,1,0,0,0,0,1,,0,0,0,0,1,1,,1,1,1,0,0,0,0,1,,0,0,0,0,1,1,,1,0,0,,,,,0,,,,,,0,0,,0
"Product","/products/f5515-168cm5-5ft-39kg-h-cup-r4-life-size-silicone-sex-doll-real-lady",1,1,0,0,0,0,1,,0,0,0,0,1,1,,1,1,1,0,0,0,0,1,,0,0,0,0,1,1,,1,0,0,,,,,0,,,,,,0,0,,0
,"/de/collections/best-sellers-in-ass",1,1,0,0,0,0,1,,0,0,0,0,1,1,,1,1,1,0,0,0,0,1,,0,0,0,0,1,1,,1,0,0,,,,,0,,,,,,0,0,,0
,"/de/collections/sex-doll-legs",1,1,0,0,0,0,4,,0,0,0,97,4,0,,0,1,1,0,0,0,0,4,,0,0,0,97,4,0,,0,0,0,,,,,0,,,,,0,0,,,
"Blog Article","/blogs/sex-doll-torso-blog/how-to-heat-the-sex-doll-torso",1,1,0,0,0,0,1,,0,0,0,0,1,1,,1,1,1,0,0,0,0,1,,0,0,0,0,1,1,,1,0,0,,,,,0,,,,,,0,0,,0
"Blog Article","/blogs/dolls-info-qustions/big-ass-sex-doll-or-small-ass-sex-doll",1,1,0,0,0,0,1,,0,0,0,0,1,1,,1,1,1,0,0,0,0,1,,0,0,0,0,1,1,,1,0,0,,,,,0,,,,,,0,0,,0
"Product","/products/f1988-150cm4-9ft-42-5kg-m-cup-bbw-bubble-butt-tpe-sex-dolls%E4%B8%A8wm-doll",1,1,0,0,0,0,2,,0,0,0,1170,2,0,,0,1,1,0,0,0,0,2,,0,0,0,1170,2,0,,0,0,0,,,,,0,,,,,0,0,,,
,"/en-ca/products/f5981-164cm5-4ft-d-cup-m5-ros-movable-jaw-celebrity-ai-sex-doll%E4%B8%A8sy-doll",1,1,0,0,0,0,12,,0,0,0,650,12,0,,0,1,1,0,0,0,0,12,,0,0,0,650,12,0,,0,0,0,,,,,0,,,,,0,0,,,
"Checkout","/checkouts/cn/hWNDVBxd1dWCca3FbEocFxA4/en-us",1,1,0,1,0,0,1,0,0,1,0,0,1,0,,0,1,1,0,1,0,0,1,0,0,1,0,0,1,0,,0,0,0,,0,,,0,,,0,,,0,,,
"Product","/products/f9381-aitia-155cm-silicone-head-asian-pussy-doll",1,1,0,0,0,0,5,,0,0,0,3,5,0,,0,1,1,0,0,0,0,5,,0,0,0,3,5,0,,0,0,0,,,,,0,,,,,0,0,,,
,"/ja/collections/big-booty-sex-dolls",1,1,0,0,0,0,1,,0,0,0,0,1,1,,1,1,1,0,0,0,0,1,,0,0,0,0,1,1,,1,0,0,,,,,0,,,,,,0,0,,0
"Blog Article","/blogs/dolls-info-qustions/introduction-of-oral-heating-and-automatic-tongue-licking-function-and-precautions-for-operation",1,1,0,0,0,0,1,,0,0,0,0,1,1,,1,1,1,0,0,0,0,1,,0,0,0,0,1,1,,1,0,0,,,,,0,,,,,,0,0,,0
"Product","/products/a-3-4kg-silicone-animes-hentai-sex-doll-torso-irokebijin-doll",1,1,0,0,0,0,1,,0,0,0,0,1,1,,1,1,1,0,0,0,0,1,,0,0,0,0,1,1,,1,0,0,,,,,0,,,,,,0,0,,0
"Product","/products/t90972-8lbscinnamon-tpe-bbw-torso-sex-doll-with-chubby-belly-cliamx-doll-classic",1,1,0,0,0,0,3,,0,0,0,102,3,0,,0,1,1,0,0,0,0,3,,0,0,0,102,3,0,,0,0,0,,,,,0,,,,,0,0,,,
"Product","/products/top-cydoll-168cm-ros-silicone-doll-f743",1,1,0,0,0,0,1,,0,0,0,0,1,1,,1,1,1,0,0,0,0,1,,0,0,0,0,1,1,,1,0,0,,,,,0,,,,,,0,0,,0
"Product","/products/f5141-162cm-d-cup-super-modle-ros-silicone-sex-doll-galatea-doll",1,1,0,0,0,0,8,,0,0,0,1207,8,0,,0,1,1,0,0,0,0,8,,0,0,0,1207,8,0,,0,0,0,,,,,0,,,,,0,0,,,
"Product","/products/v331-lifelike-silicone-feet-textured-skin-wrinkles-veins",1,1,0,0,0,0,3,,0,0,0,40,3,0,,0,1,1,0,0,0,0,3,,0,0,0,40,3,0,,0,0,0,,,,,0,,,,,0,0,,,
,"/de/products/t430-73-68lb-skylar-life-size-latina-silicone-sex-doll-torso-with-head-in-stock-usa-europe-canada-max",1,1,0,0,0,0,2,,0,0,0,1443,2,0,,0,1,1,0,0,0,0,2,,0,0,0,1443,2,0,,0,0,0,,,,,0,,,,,0,0,,,
,"/ja/blogs/dolls-info-qustions/inside-the-2025-shenzhen-adult-expo-where-tech-meets-fantasy-in-the-world-of-sex-dolls",1,1,0,0,0,0,1,,0,0,0,0,1,1,,1,1,1,0,0,0,0,1,,0,0,0,0,1,1,,1,0,0,,,,,0,,,,,,0,0,,0
"Product","/products/f6109-157cm-5-6ft-35kg-f-cup-asian-ros-silicone-realistic-sex-doll-evasdoll",1,1,0,0,0,0,2,,0,0,0,345,2,0,,0,1,1,0,0,0,0,2,,0,0,0,345,2,0,,0,0,0,,,,,0,,,,,0,0,,,
"Product","/products/f3817-155cm-5ft1-h-cup-big-boobs-exquisite-asian-silicone-head-sex-doll-hr-doll",1,1,0,0,0,0,1,,0,0,0,0,1,1,,1,1,1,0,0,0,0,1,,0,0,0,0,1,1,,1,0,0,,,,,0,,,,,,0,0,,0
"Product","/products/real-lady-silicone-ros-doll-159cm-h-cup",1,1,0,0,0,0,7,,0,0,0,237,7,0,,0,1,1,0,0,0,0,7,,0,0,0,237,7,0,,0,0,0,,,,,0,,,,,0,0,,,
"Product","/products/f5875-158cm-5ft2-37kg-c-cup-asian-silicone-head-tpe-body-sex-doll-shedoll",1,1,0,0,0,0,2,,0,0,0,297,2,0,,0,1,1,0,0,0,0,2,,0,0,0,297,2,0,,0,0,0,,,,,0,,,,,0,0,,,
"Product","/products/f4841-164cm-5ft545kg-k-cup-sexy-silicone-ros-biggest-bbw-sex-doll-hr-doll",1,1,0,0,0,0,3,,0,0,0,2062,3,0,,0,1,1,0,0,0,0,3,,0,0,0,2062,3,0,,0,0,0,,,,,0,,,,,0,0,,,
,"/de/collections/s-tpe-doll",1,1,0,0,0,0,20,,0,0,0,586,20,0,,0,1,1,0,0,0,0,20,,0,0,0,586,20,0,,0,0,0,,,,,0,,,,,0,0,,,
"Product","/products/f6312-175cm-5-7ft-35kg-d-cup-ros-silicone-realistic-sex-doll-weight-reduction-ido-doll",1,1,0,0,0,0,4,,0,0,0,1246,4,0,,0,1,1,0,0,0,0,4,,0,0,0,1246,4,0,,0,0,0,,,,,0,,,,,0,0,,,
"Product","/products/f1450k-153cm5ft-34kg-h-cup-christmas-tpe-sex-doll-aibei-doll",1,1,0,0,0,0,1,,0,0,0,0,1,1,,1,1,1,0,0,0,0,1,,0,0,0,0,1,1,,1,0,0,,,,,0,,,,,,0,0,,0
"Product","/products/f7515k-160cm-5ft3-k-cup-weight-loss-silicone-bbw-sexdoll-in-stock-us-starpery-doll",1,1,0,0,0,0,4,,0,0,0,77,4,0,,0,1,1,0,0,0,0,4,,0,0,0,77,4,0,,0,0,0,,,,,0,,,,,0,0,,,
"Product","/products/t507v-70-54lb-lifesize-sex-doll-torso-luxury-sexiest-stripper-plump-hot-sex-toy-for-man",1,1,0,0,0,0,1,,0,0,0,0,1,1,,1,1,1,0,0,0,0,1,,0,0,0,0,1,1,,1,0,0,,,,,0,,,,,,0,0,,0
,"/en-fi/collections/yeloly",1,1,0,0,0,0,1,,0,0,0,0,1,1,,1,1,1,0,0,0,0,1,,0,0,0,0,1,1,,1,0,0,,,,,0,,,,,,0,0,,0
,"/en-fi/products/f4598-155cm5ft1-35kg-busty-koharu-i-cup-s-tpe-animes-hentai-sex-doll-irokebijin-doll",1,1,0,0,0,0,8,,0,0,0,528,8,0,,0,1,1,0,0,0,0,8,,0,0,0,528,8,0,,0,0,0,,,,,0,,,,,0,0,,,
,"/en-ca/collections/black-male-sex-doll",1,1,0,0,0,0,2,,0,0,0,976,2,0,,0,1,1,0,0,0,0,2,,0,0,0,976,2,0,,0,0,0,,,,,0,,,,,0,0,,,
,"/en-ca/collections/torso-only",1,1,0,0,0,0,3,,0,0,0,383,3,0,,0,1,1,0,0,0,0,3,,0,0,0,383,3,0,,0,0,0,,,,,0,,,,,0,0,,,
,"/en-ca/blogs/dolls-info-qustions/sex-torso-vs-masturbation-which-one-is-right-for-you-this-article-has-the-answer",1,1,0,0,0,0,2,,0,0,0,637,2,0,,0,1,1,0,0,0,0,2,,0,0,0,637,2,0,,0,0,0,,,,,0,,,,,0,0,,,
"Collection","/collections/bbw-torso",1,1,0,0,0,0,1,,0,0,0,0,1,1,,1,1,1,0,0,0,0,1,,0,0,0,0,1,1,,1,0,0,,,,,0,,,,,,0,0,,0
,"/en-ca/collections/top-rated-japanese-sex-dolls-in-2026",1,1,0,0,0,0,1,,0,0,0,0,1,1,,1,1,1,0,0,0,0,1,,0,0,0,0,1,1,,1,0,0,,,,,0,,,,,,0,0,,0
"Product","/products/f9388-zelex-k-series-lifelike-sex-doll",1,1,0,0,0,0,7,,0,0,0,239,7,0,,0,1,1,0,0,0,0,7,,0,0,0,239,7,0,,0,0,0,,,,,0,,,,,0,0,,,
"Product","/products/t359-103cm-50-70-lbs-g-cup-real-feel-silicone-sex-doll-torso-with-head-funwest-doll",1,1,0,0,0,0,1,,0,0,0,0,1,1,,1,1,1,0,0,0,0,1,,0,0,0,0,1,1,,1,0,0,,,,,0,,,,,,0,0,,0
"Product","/products/v24-silicone-fleshlight-foot-with-toe-detail-and-soft-insert-tunnel",1,1,0,0,0,0,1,,0,0,0,0,1,1,,1,1,1,0,0,0,0,1,,0,0,0,0,1,1,,1,0,0,,,,,0,,,,,,0,0,,0
"Product","/products/f155-154cm-puls-tpe-sex-doll",1,1,0,0,0,0,9,,0,0,0,395,9,0,,0,1,1,0,0,0,0,9,,0,0,0,395,9,0,,0,0,0,,,,,0,,,,,0,0,,,
,"/en-ca/blogs/dolls-info-qustions/the-allure-of-latin-curves-and-the-sensual-beauty-of-thick-thighs-and-big-buttocks",1,1,0,0,0,0,1,,0,0,0,0,1,1,,1,1,1,0,0,0,0,1,,0,0,0,0,1,1,,1,0,0,,,,,0,,,,,,0,0,,0
"Collection","/collections/aiyuan",1,1,0,0,0,0,16,,0,0,0,493,16,0,,0,1,1,0,0,0,0,16,,0,0,0,493,16,0,,0,0,0,,,,,0,,,,,0,0,,,
"Product","/products/a626-33-1lb-rosie-durable-big-ass-sex-doll%E4%B8%A8tantaly",1,1,0,0,0,0,12,,0,0,0,2908,12,0,,0,1,1,0,0,0,0,12,,0,0,0,2908,12,0,,0,0,0,,,,,0,,,,,0,0,,,
"Product","/products/f2000-156cm5-1ft-39-5kg-h-cup-tpe-lifelike-shemale-sexdoll-for-men%E4%B8%A8wm-doll",1,1,0,0,0,0,1,,0,0,0,0,1,1,,1,1,1,0,0,0,0,1,,0,0,0,0,1,1,,1,0,0,,,,,0,,,,,,0,0,,0
,"/en-fi/products/f4903-163cm5-35ft-35-6kg-e-cup-tiffany-asian-silicone-sex-doll%E4%B8%A8climax-doll",1,1,0,0,0,0,34,,0,0,0,3112,34,0,,0,1,1,0,0,0,0,34,,0,0,0,3112,34,0,,0,0,0,,,,,0,,,,,0,0,,,
"Product","/products/f4474-163cm5-4ft-51kg-h-cup-bbw-big-booty-tpe-sex-doll%E4%B8%A8wm-doll",1,1,0,0,0,0,2,,0,0,0,26,2,0,,0,1,1,0,0,0,0,2,,0,0,0,26,2,0,,0,0,0,,,,,0,,,,,0,0,,,
"Product","/products/f6299-160cm-5ft3-34kg-e-cup-silicone-japanese-sex-doll-large-breasts-firefly-diary-max",1,1,0,0,0,0,1,,0,0,0,0,1,1,,1,1,1,0,0,0,0,1,,0,0,0,0,1,1,,1,0,0,,,,,0,,,,,,0,0,,0
"Product","/products/f5215-elsa-158cm5ft2-h-cup-black-skin-tpe-sex-doll-jx-galaxy",1,1,0,0,0,0,3,,0,0,0,1734,3,0,,0,1,1,0,0,0,0,3,,0,0,0,1734,3,0,,0,0,0,,,,,0,,,,,0,0,,,
"Product","/products/irontech-silicone-doll-164cm-f755",1,1,0,0,0,0,1,,0,0,0,0,1,1,,1,1,1,0,0,0,0,1,,0,0,0,0,1,1,,1,0,0,,,,,0,,,,,,0,0,,0
"Collection","/collections/arab-sex-doll-experience-the-exotic-allure",1,1,0,0,0,0,2,,0,0,0,51,2,0,,0,1,1,0,0,0,0,2,,0,0,0,51,2,0,,0,0,0,,,,,0,,,,,0,0,,,
,"/en-ca/collections/sex-doll-torso/products/591sex-doll-torso",1,1,0,0,0,0,3,,0,0,0,109,3,0,,0,1,1,0,0,0,0,3,,0,0,0,109,3,0,,0,0,0,,,,,0,,,,,0,0,,,
"Product","/products/f4214-164cm5-4ft-34kg-j-cup-european-tpe-sex-doll%E4%B8%A8wm-doll",1,1,0,0,0,0,1,,0,0,0,0,1,1,,1,1,1,0,0,0,0,1,,0,0,0,0,1,1,,1,0,0,,,,,0,,,,,,0,0,,0
"Product","/products/t291-67-24-lbs-marina-ros-life-size-silicone-sex-doll-torso-with-head-in-stock-usa-europe-max-series",1,1,0,0,0,0,1,,0,0,0,1,1,1,,1,1,1,0,0,0,0,1,,0,0,0,1,1,1,,1,0,0,,,,,0,,,,,0,0,0,,0
"Collection","/collections/erovenus-doll-in-stock-usa",1,1,0,0,0,0,1,,0,0,0,0,1,1,,1,1,1,0,0,0,0,1,,0,0,0,0,1,1,,1,0,0,,,,,0,,,,,,0,0,,0
,"/en-ca/blogs/dolls-info-qustions/how-to-hide-your-full-size-sex-doll",1,1,0,0,0,0,1,,0,0,0,0,1,1,,1,1,1,0,0,0,0,1,,0,0,0,0,1,1,,1,0,0,,,,,0,,,,,,0,0,,0
"Product","/products/f5247-vicky-170cm5ft6-d-cup-white-skin-latina-tpe-sex-doll-jx-galaxy",1,1,0,0,0,0,6,,0,0,0,777,6,0,,0,1,1,0,0,0,0,6,,0,0,0,777,6,0,,0,0,0,,,,,0,,,,,0,0,,,
,"/en-ca/products/t6-luxury-realistic-flat-chested-sex-doll-torso",1,1,0,0,0,0,19,,0,0,0,929,19,0,,0,1,1,0,0,0,0,19,,0,0,0,929,19,0,,0,0,0,,,,,0,,,,,0,0,,,
"Product","/products/f9010-157cm-5ft1-29kg-b-cup-realistic-skinny-tpe-sex-doll-sy-doll",1,1,0,0,0,0,2,,0,0,0,2,2,0,,0,1,1,0,0,0,0,2,,0,0,0,2,2,0,,0,0,0,,,,,0,,,,,0,0,,,
"Product","/products/f8101-165cm-ai-customizable-personality-doll",1,1,0,0,0,0,6,,0,0,0,497,6,0,,0,1,1,0,0,0,0,6,,0,0,0,497,6,0,,0,0,0,,,,,0,,,,,0,0,,,
"Blog Article","/blogs/dolls-info-qustions/4-things-tell-you-how-to-use-a-lesbian-sex-doll",1,1,0,0,0,0,1,,0,0,0,0,1,1,,1,1,1,0,0,0,0,1,,0,0,0,0,1,1,,1,0,0,,,,,0,,,,,,0,0,,0
"Blog Article","/blogs/dolls-info-qustions/how-does-sex-with-life-size-sex-dolls-compare-to-real-sex",1,1,0,0,0,0,2,,0,0,0,318,2,0,,0,1,1,0,0,0,0,2,,0,0,0,318,2,0,,0,0,0,,,,,0,,,,,0,0,,,
"Product","/products/f4881-165cm-50kg-d-cup-sexy-tpe-muscle-latina-sex-doll-castle-doll",1,1,0,0,0,0,2,,0,0,0,1350,2,0,,0,1,1,0,0,0,0,2,,0,0,0,1350,2,0,,0,0,0,,,,,0,,,,,0,0,,,
"Collection","/collections/black-sex-doll-fit",1,1,0,0,0,0,3,,0,0,0,19,3,0,,0,1,1,0,0,0,0,3,,0,0,0,19,3,0,,0,0,0,,,,,0,,,,,0,0,,,
"Product","/products/f3040-talia-155cm-4ft9-premium-curvy-tpe-silicone-head-big-tits-asian-doll-jiusheng-doll",1,1,0,0,0,0,1,,0,0,0,0,1,1,,1,1,1,0,0,0,0,1,,0,0,0,0,1,1,,1,0,0,,,,,0,,,,,,0,0,,0
"Product","/products/f3082-165cm-d-cup-silicone-head-movable-jaw-sle-body-real-sex-doll-zelex-doll",1,1,0,0,0,0,1,,0,0,0,0,1,1,,1,1,1,0,0,0,0,1,,0,0,0,0,1,1,,1,0,0,,,,,0,,,,,,0,0,,0
,"/de/collections/clothes-for-sex-dolls",1,1,0,0,0,0,1,,0,0,0,0,1,1,,1,1,1,0,0,0,0,1,,0,0,0,0,1,1,,1,0,0,,,,,0,,,,,,0,0,,0
"Product","/products/f5966-150cm-4ft9-29kg-a-cup-ros-flat-chested-movable-jew-elf-silicone-small-alien-sex-doll-sy-doll",1,1,0,0,0,0,1,,0,0,0,0,1,1,,1,1,1,0,0,0,0,1,,0,0,0,0,1,1,,1,0,0,,,,,0,,,,,,0,0,,0
"List of Collections","/collections",1,1,0,0,0,0,1,,0,0,0,0,1,1,,1,1,1,0,0,0,0,1,,0,0,0,0,1,1,,1,0,0,,,,,0,,,,,,0,0,,0
"Product","/products/h251-silicone-sex-doll-head%E4%B8%A8ak-doll-head",1,1,0,0,0,0,1,,0,0,0,0,1,1,,1,1,1,0,0,0,0,1,,0,0,0,0,1,1,,1,0,0,,,,,0,,,,,,0,0,,0
"Product","/products/h208-ros-silicone-sex-doll-head%E4%B8%A8galatea-doll-head",1,1,0,0,0,0,1,,0,0,0,0,1,1,,1,1,1,0,0,0,0,1,,0,0,0,0,1,1,,1,0,0,,,,,0,,,,,,0,0,,0
"Product","/products/f2430a-158cm-5ft2-40kg-x-cup-bbs-lustina-weight-reduction-full-silicone-ssbbw-sex-doll-starpery-doll",1,1,0,0,0,0,10,,0,0,0,1112,10,0,,0,1,1,0,0,0,0,10,,0,0,0,1112,10,0,,0,0,0,,,,,0,,,,,0,0,,,
"Product","/products/f7540-163cm-36kg-d-cup-silicone-head-tpe-body-shemale-sex-dolls-stephine-in-stock-usa-ridmii",1,1,0,0,0,0,2,,0,0,0,41,2,0,,0,1,1,0,0,0,0,2,,0,0,0,41,2,0,,0,0,0,,,,,0,,,,,0,0,,,
,"/de/collections/big-ass-sex-doll-curvy-sex-doll",1,1,0,0,0,0,1,,0,0,0,0,1,1,,1,1,1,0,0,0,0,1,,0,0,0,0,1,1,,1,0,0,,,,,0,,,,,,0,0,,0
"Checkout","/60719464687/orders/8daaf11ed80c1a495bd3496097f842df",1,1,0,0,0,0,1,,0,0,0,0,1,1,,1,1,1,0,0,0,0,1,,0,0,0,0,1,1,,1,0,0,,,,,0,,,,,,0,0,,0
"Product","/products/f4694-155cm5-1ft-38kg-e-cup-mini-anime-silicone-asian-chinese-adult-sex-doll-bezlya-doll",1,1,0,0,0,0,5,,0,0,0,99,5,0,,0,1,1,0,0,0,0,5,,0,0,0,99,5,0,,0,0,0,,,,,0,,,,,0,0,,,
"Collection","/collections/european-sex-dolls",1,1,0,0,0,0,22,,0,0,0,2649,22,0,,0,1,1,0,0,0,0,22,,0,0,0,2649,22,0,,0,0,0,,,,,0,,,,,0,0,,,
"Product","/products/f7002-170cm5ft4-44kg-d-cup-silicone-ros-best-latina-sex-doll%E4%B8%A8lusandy-doll",1,1,0,0,0,0,1,,0,0,0,0,1,1,,1,1,1,0,0,0,0,1,,0,0,0,0,1,1,,1,0,0,,,,,0,,,,,,0,0,,0
"Product","/products/f5108-150cm-4ft9-d-cup-jan-asian-sexy-silicone-sex-doll-jx-doll",1,1,0,0,0,0,1,,0,0,0,0,1,1,,1,1,1,0,0,0,0,1,,0,0,0,0,1,1,,1,0,0,,,,,0,,,,,,0,0,,0
,"/de/collections/latina-sex-dolls",1,1,0,0,0,0,3,,0,0,0,35,3,0,,0,1,1,0,0,0,0,3,,0,0,0,35,3,0,,0,0,0,,,,,0,,,,,0,0,,,
,"/de/blogs/dolls-info-qustions/newbie-torso-sex-doll-buying-tutorial-the-best-selection-guide-at-the-same-price",1,1,0,0,0,0,1,,0,0,0,0,1,1,,1,1,1,0,0,0,0,1,,0,0,0,0,1,1,,1,0,0,,,,,0,,,,,,0,0,,0
"Product","/products/f4562-157cm5ft1-41kg-aurora-c-h-cup-full-size-asian-tpe-medium-butt-sex-doll-se-doll",1,1,0,0,0,0,2,,0,0,0,1530,2,0,,0,1,1,0,0,0,0,2,,0,0,0,1530,2,0,,0,0,0,,,,,0,,,,,0,0,,,
,"/en-ca/products/yeloly-ssbbw-silicone-torso-75cm-t778",1,1,0,0,0,0,1,,0,0,0,0,1,1,,1,1,1,0,0,0,0,1,,0,0,0,0,1,1,,1,0,0,,,,,0,,,,,,0,0,,0
,"/en-fi/products/f2420-166cm5-4ft-d-cup-m37-movable-jaw-silicone-sex-doll%E4%B8%A8sy-doll",1,1,0,0,0,0,1,,0,0,0,0,1,1,,1,1,1,0,0,0,0,1,,0,0,0,0,1,1,,1,0,0,,,,,0,,,,,,0,0,,0
"Product","/products/f068k-165cm-5ft431kg-delphine-f-cup-full-silicone-brunette-european-sex-doll-cst-doll",1,1,0,0,0,0,2,,0,0,0,12,2,0,,0,1,1,0,0,0,0,2,,0,0,0,12,2,0,,0,0,0,,,,,0,,,,,0,0,,,
"Product","/products/h1022-sex-doll-head-elf-warrior-irontech-doll-head",1,1,0,0,0,0,1,,0,0,0,0,1,1,,1,1,1,0,0,0,0,1,,0,0,0,0,1,1,,1,0,0,,,,,0,,,,,,0,0,,0
,"/en-ca/blogs/sex-doll-torso-blog/top-7-sex-doll-torsos",1,1,0,0,0,0,5,,0,0,0,132,5,0,,0,1,1,0,0,0,0,5,,0,0,0,132,5,0,,0,0,0,,,,,0,,,,,0,0,,,
"Product","/products/top-fire-doll-155cm-g-cup-silicone-full-sex-dolls-f8569",1,1,0,0,0,0,3,,0,0,0,20,3,0,,0,1,1,0,0,0,0,3,,0,0,0,20,3,0,,0,0,0,,,,,0,,,,,0,0,,,
"Blog Article","/blogs/dolls-info-qustions/is-it-better-to-choose-silicone-or-tpe-material-for-bbw-sex-dolls",1,1,0,0,0,0,1,,0,0,0,0,1,1,,1,1,1,0,0,0,0,1,,0,0,0,0,1,1,,1,0,0,,,,,0,,,,,,0,0,,0
"Product","/products/ironai-ros-silicone-blowjob-head-h903",1,1,0,0,0,0,7,,0,0,0,1121,7,0,,0,1,1,0,0,0,0,7,,0,0,0,1121,7,0,,0,0,0,,,,,0,,,,,0,0,,,
"Product","/products/f5729-151cm-4ft9-34kg-a-cup-silicone-asian-chinese-sex-doll-firefly-diary-3",1,1,0,0,0,0,3,,0,0,0,46,3,0,,0,1,1,0,0,0,0,3,,0,0,0,46,3,0,,0,0,0,,,,,0,,,,,0,0,,,
"Product","/products/f5493-172cm5-6ft-43-5kg-e-cup-ai-stpe-sex-doll%E4%B8%A8wm-doll",1,1,0,0,0,0,5,,0,0,0,818,5,0,,0,1,1,0,0,0,0,5,,0,0,0,818,5,0,,0,0,0,,,,,0,,,,,0,0,,,
"Product","/products/f9299-157cm5-2ft-36-2kg-2-2cf-k-cup-ros-asian-chinese-silicone-real-life-size-sex-doll-aitia-doll",1,1,0,0,0,0,1,,0,0,0,0,1,1,,1,1,1,0,0,0,0,1,,0,0,0,0,1,1,,1,0,0,,,,,0,,,,,,0,0,,0
"Product","/products/f625-150cm-d-cup-tpe-sex-doll-jiusheng-doll",1,1,0,0,0,0,2,,0,0,0,38,2,0,,0,1,1,0,0,0,0,2,,0,0,0,38,2,0,,0,0,0,,,,,0,,,,,0,0,,,
"Blog Article","/blogs/dolls-info-qustions/where-does-odor-come-from-dealing-with-odor-tips-for-keeping-your-sex-doll-fresh-and-clean",1,1,0,0,0,0,2,,0,0,0,432,2,0,,0,1,1,0,0,0,0,2,,0,0,0,432,2,0,,0,0,0,,,,,0,,,,,0,0,,,
"Product","/products/h218-ros-silicone-sex-doll-head%E4%B8%A8galatea-doll-head",1,1,1,0,0,0,18,,1,0,0,1069,18,0,,0,1,1,1,0,0,0,18,,1,0,0,1069,18,0,,0,0,0,0,,,,0,,0,,,0,0,,,
"Product","/products/t90317-63lb-6-69-automatic-thrusting-male-sex-doll-with-multi-speed-vibration-and-big-dick",1,1,0,0,0,0,1,,0,0,0,0,1,1,,1,1,1,0,0,0,0,1,,0,0,0,0,1,1,,1,0,0,,,,,0,,,,,,0,0,,0
"Product","/products/f4721-165cm5-4ft-54kg-g-cup-big-butt-boobs-tpe-bbw-sex-doll-2024%E4%B8%A8sy-doll",1,1,0,0,0,0,1,,0,0,0,0,1,1,,1,1,1,0,0,0,0,1,,0,0,0,0,1,1,,1,0,0,,,,,0,,,,,,0,0,,0
"Product","/products/f5934-155mcm5-1ft-38kg-2-2cf-e-cup-mini-ros-silicone-japanese-sex-doll-bezlya-doll",1,1,0,0,0,0,1,,0,0,0,0,1,1,,1,1,1,0,0,0,0,1,,0,0,0,0,1,1,,1,0,0,,,,,0,,,,,,0,0,,0
,"/en-ca/collections/clothes-for-sex-dolls",1,1,0,0,0,0,1,,0,0,0,0,1,1,,1,1,1,0,0,0,0,1,,0,0,0,0,1,1,,1,0,0,,,,,0,,,,,,0,0,,0
,"/ja/blogs/dolls-info-qustions/if-you-dont-clean-your-silicone-love-doll-properly-what-consequences-will-you-face",1,1,0,0,0,0,1,,0,0,0,0,1,1,,1,1,1,0,0,0,0,1,,0,0,0,0,1,1,,1,0,0,,,,,0,,,,,,0,0,,0
,"/en-fi/collections/sucking-vagina-ai-sex-doll",1,1,0,0,0,0,1,,0,0,0,0,1,1,,1,1,1,0,0,0,0,1,,0,0,0,0,1,1,,1,0,0,,,,,0,,,,,,0,0,,0
"Product","/products/f5950-164cm5ft4-40-5kg-robot-all-in-one-seamless-neck-silicone-celebrity-sex-doll-irontech-doll",1,1,0,0,0,0,8,,0,0,0,203,8,0,,0,1,1,0,0,0,0,8,,0,0,0,203,8,0,,0,0,0,,,,,0,,,,,0,0,,,
,"/ja/blogs/dolls-info-qustions/would-you-put-a-dildo-on-your-sex-doll",1,1,0,0,0,0,1,,0,0,0,0,1,1,,1,1,1,0,0,0,0,1,,0,0,0,0,1,1,,1,0,0,,,,,0,,,,,,0,0,,0
"Blog Article","/blogs/dolls-info-qustions/the-fun-of-bbw-sex-dolls",1,1,0,0,0,0,2,,0,0,0,20,2,0,,0,1,1,0,0,0,0,2,,0,0,0,20,2,0,,0,0,0,,,,,0,,,,,0,0,,,
,"/en-ca/blogs/sex-doll-torso-blog/sex-dolls-dressing-guide",1,1,0,0,0,0,3,,0,0,0,76,3,0,,0,1,1,0,0,0,0,3,,0,0,0,76,3,0,,0,0,0,,,,,0,,,,,0,0,,,
"Product","/products/f1513-158cm5ft243-5kg-i-cup-fudaka-bbw-silicone-head-sex-doll-climax-doll",1,1,1,0,0,0,28,,1,0,0,5684,28,0,,0,1,1,1,0,0,0,28,,1,0,0,5684,28,0,,0,0,0,0,,,,0,,0,,,0,0,,,
"Product","/products/f9002-160cm-glasses-black-hair-best-sex-robot-custom",1,1,0,0,0,0,5,,0,0,0,549,5,0,,0,1,1,0,0,0,0,5,,0,0,0,549,5,0,,0,0,0,,,,,0,,,,,0,0,,,
"Product","/products/f2579-171cm5-6ft-37-5kg-d-cup-ros-max-pink-lovers-silicone-sex-doll-irontech-doll",1,1,0,0,0,0,2,,0,0,0,0,2,0,,0,1,1,0,0,0,0,2,,0,0,0,0,2,0,,0,0,0,,,,,0,,,,,,0,,,
"Product","/products/f7097-153cm-5ft0-42kg-g-cup-silicon-sexual-mini-latina-sex-doll-castle-doll",1,1,0,0,0,0,4,,0,0,0,1808,4,0,,0,1,1,0,0,0,0,4,,0,0,0,1808,4,0,,0,0,0,,,,,0,,,,,0,0,,,
,"/ja/blogs/featured-blog/yeloly-new-product-launch-which-sex-doll-torso-are-worth-your-attention",1,1,0,0,0,0,2,,0,0,0,71,2,0,,0,1,1,0,0,0,0,2,,0,0,0,71,2,0,,0,0,0,,,,,0,,,,,0,0,,,
"Collection","/collections/se-sex-doll-torso",1,1,0,0,0,0,1,,0,0,0,0,1,1,,1,1,1,0,0,0,0,1,,0,0,0,0,1,1,,1,0,0,,,,,0,,,,,,0,0,,0
"Product","/products/h990-iron-ai-talking-ros-max-silicone-blowjob-sex-doll-head-real-lady-doll",1,1,0,0,0,0,1,,0,0,0,0,1,1,,1,1,1,0,0,0,0,1,,0,0,0,0,1,1,,1,0,0,,,,,0,,,,,,0,0,,0
,"/en-fi/blogs/dolls-info-qustions/5-minutes-to-understand-what-a-pocket-pussy-is",1,1,0,0,0,0,1,,0,0,0,0,1,1,,1,1,1,0,0,0,0,1,,0,0,0,0,1,1,,1,0,0,,,,,0,,,,,,0,0,,0
"Blog Article","/blogs/dolls-info-qustions/sex-doll-movies",1,1,0,0,0,0,1,,0,0,0,0,1,1,,1,1,1,0,0,0,0,1,,0,0,0,0,1,1,,1,0,0,,,,,0,,,,,,0,0,,0
"Product","/products/p358-realistic-pocket-pussy-sex-toy-for-men-jiuai",1,1,0,0,0,0,12,,0,0,0,1580,12,0,,0,1,1,0,0,0,0,12,,0,0,0,1580,12,0,,0,0,0,,,,,0,,,,,0,0,,,
"Product","/products/f6150k-160cm5ft2-39kg-c-cup-queena-f-stpe-sex-doll-se-doll",1,1,0,0,0,0,26,,0,0,0,3350,26,0,,0,1,1,0,0,0,0,26,,0,0,0,3350,26,0,,0,0,0,,,,,0,,,,,0,0,,,
"Collection","/collections/best-sellers-in-head",1,1,0,0,0,0,2,,0,0,0,22,2,0,,0,1,1,0,0,0,0,2,,0,0,0,22,2,0,,0,0,0,,,,,0,,,,,0,0,,,
,"/ja/blogs/real-sex-doll-reviews-pros-cons-real-usage-tests/the-ultimate-in-in-depth-experience-sharing-of-sy-doll-163cm-big-bottomed-plus-size",1,1,0,0,0,0,5,,0,0,0,855,5,0,,0,1,1,0,0,0,0,5,,0,0,0,855,5,0,,0,0,0,,,,,0,,,,,0,0,,,
"Blog Article","/blogs/dolls-info-qustions/in-depth-exploration-of-a-high-end-custom-doll-factory-featuring-irontech-reallady-and-sigafun",1,1,0,0,0,0,2,,0,0,0,315,2,0,,0,1,1,0,0,0,0,2,,0,0,0,315,2,0,,0,0,0,,,,,0,,,,,0,0,,,
"Product","/products/f2463-163cm5-3ft-40kg-c-cup-sydney-realistic-silicone-head-sex-doll-in-stock-us-sigafun-doll",1,1,0,0,0,0,6,,0,0,0,137,6,0,,0,1,1,0,0,0,0,6,,0,0,0,137,6,0,,0,0,0,,,,,0,,,,,0,0,,,
"Product","/products/f2248-170cm-tanned-silicone-virtual-sex-doll-robotic-dolls-s17",1,1,0,0,0,0,4,,0,0,0,1523,4,0,,0,1,1,0,0,0,0,4,,0,0,0,1523,4,0,,0,0,0,,,,,0,,,,,0,0,,,
,"/en-ca/policies/shipping-policy",1,1,0,0,0,0,4,,0,0,0,23,4,0,,0,1,1,0,0,0,0,4,,0,0,0,23,4,0,,0,0,0,,,,,0,,,,,0,0,,,
"Product","/products/f4468-166cm5f4-41kg-h-cup-big-breast-tpe-real-medium-butt-sex-doll-in-stock-usa-aibei-doll",1,1,0,0,0,0,3,,0,0,0,1854,3,0,,0,1,1,0,0,0,0,3,,0,0,0,1854,3,0,,0,0,0,,,,,0,,,,,0,0,,,
"Blog Article","/blogs/dolls-info-qustions/why-there-is-an-exophilia",1,1,0,0,0,0,1,,0,0,0,0,1,1,,1,1,1,0,0,0,0,1,,0,0,0,0,1,1,,1,0,0,,,,,0,,,,,,0,0,,0
"Product","/products/f4818-161cm-5ft346kg-m-cup-sexy-silicone-ros-bbw-sex-doll-doggystyle-hr-doll",1,1,0,0,0,0,1,,0,0,0,0,1,1,,1,1,1,0,0,0,0,1,,0,0,0,0,1,1,,1,0,0,,,,,0,,,,,,0,0,,0
"Product","/products/t272-huge-penis-male-sex-doll-torso-dildo-adult-toys-for-female-masturbation",1,1,0,0,0,0,1,,0,0,0,0,1,1,,1,1,1,0,0,0,0,1,,0,0,0,0,1,1,,1,0,0,,,,,0,,,,,,0,0,,0
"Product","/products/f112-165cm-37kg-edward-golden-hair-tpe-fantasy-prince-femboy-twink-sex-doll-qita-doll",1,1,0,0,0,0,1,,0,0,0,0,1,1,,1,1,1,0,0,0,0,1,,0,0,0,0,1,1,,1,0,0,,,,,0,,,,,,0,0,,0
"Product","/products/t9059-03lb-6-69-dildo-electric-male-sex-doll-torso-dildo-rechargeable-for-female",1,1,0,0,0,0,1,,0,0,0,0,1,1,,1,1,1,0,0,0,0,1,,0,0,0,0,1,1,,1,0,0,,,,,0,,,,,,0,0,,0
"Product","/products/f2498-158cm5-2ft-35kg-h-cup-natalie-cross-ros-silicone-sex-doll-in-stock-usa-nianta-doll",1,1,0,0,0,0,1,,0,0,0,0,1,1,,1,1,1,0,0,0,0,1,,0,0,0,0,1,1,,1,0,0,,,,,0,,,,,,0,0,,0
,"/de/blogs/dolls-info-qustions/complete-guide-to-shemale-sex-dolls-meeting-all-your-needs",1,1,0,0,0,0,2,,0,0,0,10,2,0,,0,1,1,0,0,0,0,2,,0,0,0,10,2,0,,0,0,0,,,,,0,,,,,0,0,,,
"Product","/products/f9007-164cm5-4ft-36kg-d-cup-silicone-movable-jaw-head-japanese-sex-doll%E4%B8%A8rosretty-doll",1,1,0,0,0,0,4,,0,0,0,443,4,0,,0,1,1,0,0,0,0,4,,0,0,0,443,4,0,,0,0,0,,,,,0,,,,,0,0,,,
,"/de/blogs/dolls-info-qustions/2025-best-furry-sex-doll-picks-your-fantasy-comes-to-life",1,1,0,0,0,0,1,,0,0,0,0,1,1,,1,1,1,0,0,0,0,1,,0,0,0,0,1,1,,1,0,0,,,,,0,,,,,,0,0,,0
"Blog Article","/blogs/dolls-info-qustions/silicone-vs-tpe-mega-boobs-which-huge-breast-sex-doll-feels-more-like-heaven",1,1,0,0,0,0,1,,0,0,0,0,1,1,,1,1,1,0,0,0,0,1,,0,0,0,0,1,1,,1,0,0,,,,,0,,,,,,0,0,,0
,"/en-fi/blogs/dolls-info-qustions/small-size-big-satisfaction-a-complete-real-life-sex-experience-review-of-the-mini-sex-doll",1,1,0,0,0,0,1,,0,0,0,0,1,1,,1,1,1,0,0,0,0,1,,0,0,0,0,1,1,,1,0,0,,,,,0,,,,,,0,0,,0
,"/en-ca/collections/pocket-pussy",1,1,0,0,0,0,1,,0,0,0,0,1,1,,1,1,1,0,0,0,0,1,,0,0,0,0,1,1,,1,0,0,,,,,0,,,,,,0,0,,0
"Collection","/collections/elf-sex-doll-heads",1,1,0,0,0,0,4,,0,0,0,659,4,0,,0,1,1,0,0,0,0,4,,0,0,0,659,4,0,,0,0,0,,,,,0,,,,,0,0,,,
"Product","/products/f6180-156cm-5ft1-44kg-e-cup-asian-ros-silicone-sex-doll-shedoll",1,1,0,0,0,0,6,,0,0,0,875,6,0,,0,1,1,0,0,0,0,6,,0,0,0,875,6,0,,0,0,0,,,,,0,,,,,0,0,,,
"Product","/products/f2388-153cm-5ft-g-cup-huge-breast-realistic-tpe-sex-doll-sy-doll",1,1,0,0,0,0,5,,0,0,0,238,5,0,,0,1,1,0,0,0,0,5,,0,0,0,238,5,0,,0,0,0,,,,,0,,,,,0,0,,,
,"/en-ca/collections/hentai-sex-dolls-connecting-fantasy-to-reality",1,1,0,0,0,0,8,,0,0,0,316,8,0,,0,1,1,0,0,0,0,8,,0,0,0,316,8,0,,0,0,0,,,,,0,,,,,0,0,,,
"Product","/products/f126-eisen-175cm-5ft8-mature-power-guy-male-sex-doll-irontech-doll",1,1,0,0,0,0,1,,0,0,0,0,1,1,,1,1,1,0,0,0,0,1,,0,0,0,0,1,1,,1,0,0,,,,,0,,,,,,0,0,,0
"Product","/products/f8545-152cm-38kg-ros-silicone-head-tpe-body-full-size-adult-sex-doll-vanna-ridmii",1,1,0,0,0,0,1,,0,0,0,0,1,1,,1,1,1,0,0,0,0,1,,0,0,0,0,1,1,,1,0,0,,,,,0,,,,,,0,0,,0
"Product","/products/f2456-164cm5-4ft-39kg-g-cup-cecily-life-size-silicone-head-sex-doll-in-stock-us-sigafun-doll",1,1,0,0,0,0,4,,0,0,0,240,4,0,,0,1,1,0,0,0,0,4,,0,0,0,240,4,0,,0,0,0,,,,,0,,,,,0,0,,,
,"/en-ca/blogs/dolls-info-qustions/whether-sex-dolls-can-be-rented",1,1,0,0,0,0,1,,0,0,0,0,1,1,,1,1,1,0,0,0,0,1,,0,0,0,0,1,1,,1,0,0,,,,,0,,,,,,0,0,,0
"Product","/products/h884-silicone-sex-doll-head-elsa-babe-head",1,1,0,0,0,0,3,,0,0,0,11,3,0,,0,1,1,0,0,0,0,3,,0,0,0,11,3,0,,0,0,0,,,,,0,,,,,0,0,,,
,"/ja/blogs/dolls-info-qustions/how-to-use-a-pocket-pussy",1,1,0,0,0,0,1,,0,0,0,0,1,1,,1,1,1,0,0,0,0,1,,0,0,0,0,1,1,,1,0,0,,,,,0,,,,,,0,0,,0
,"/en-ca/products/t354-57-3lb-94cm-female-silicone-sex-doll-torso-doll-forever",1,1,0,0,0,0,10,,0,0,0,732,10,0,,0,1,1,0,0,0,0,10,,0,0,0,732,10,0,,0,0,0,,,,,0,,,,,0,0,,,
,"/ja/collections/linkdolls-prime",1,1,0,0,0,0,1,,0,0,0,0,1,1,,1,1,1,0,0,0,0,1,,0,0,0,0,1,1,,1,0,0,,,,,0,,,,,,0,0,,0
"Checkout","/checkouts/cn/hWNDTDMuj2poBw050vRIxzOS/en-us",1,1,0,1,0,0,1,0,0,1,0,0,1,0,,0,1,1,0,1,0,0,1,0,0,1,0,0,1,0,,0,0,0,,0,,,0,,,0,,,0,,,
"Product","/products/f5491-168cm5-5ft-39kg-h-cup-r1-sexy-silicone-sex-doll-real-lady",1,1,0,0,0,0,1,,0,0,0,0,1,1,,1,1,1,0,0,0,0,1,,0,0,0,0,1,1,,1,0,0,,,,,0,,,,,,0,0,,0
"Product","/products/f8112k-162cm-5ft3-40-5kg-h-cup-m29-plump-body-silicone-bbw-sex-doll-in-stock-us-md-doll",1,1,0,0,0,0,1,,0,0,0,0,1,1,,1,1,1,0,0,0,0,1,,0,0,0,0,1,1,,1,0,0,,,,,0,,,,,,0,0,,0
"Blog Article","/blogs/dolls-info-qustions/anal-pleasure-with-big-booty-sex-doll",1,1,0,0,0,0,1,,0,0,0,0,1,1,,1,1,1,0,0,0,0,1,,0,0,0,0,1,1,,1,0,0,,,,,0,,,,,,0,0,,0
,"/en-ca/products/h1103-alien-sex-doll-head",1,1,0,0,0,0,1,,0,0,0,0,1,1,,1,1,1,0,0,0,0,1,,0,0,0,0,1,1,,1,0,0,,,,,0,,,,,,0,0,,0
"Product","/products/f9364-life-sized-sex-dolls-lusandy-full-sized-christmas-edition",1,1,0,0,0,0,1,,0,0,0,0,1,1,,1,1,1,0,0,0,0,1,,0,0,0,0,1,1,,1,0,0,,,,,0,,,,,,0,0,,0
"Checkout","/checkouts/cn/hWNDPp6RGMaUWoHX3Ut4uKbR/en-us",1,1,0,1,0,0,1,0,0,1,0,0,1,0,,0,1,1,0,1,0,0,1,0,0,1,0,0,1,0,,0,0,0,,0,,,0,,,0,,,0,,,
"Blog Article","/blogs/sex-doll-torso-blog/most-comprehensive-guideline-of-best-sex-dolls-sex-doll-torsos",1,1,0,0,0,0,1,,0,0,0,0,1,1,,1,1,1,0,0,0,0,1,,0,0,0,0,1,1,,1,0,0,,,,,0,,,,,,0,0,,0
"Product","/products/f683k-170cm-5ft536-2kg-lara-premium-big-boobs-blonde-best-silicone-full-life-size-sex-solls-love-doll-zelex-doll",1,1,0,0,0,0,33,,0,0,0,1202,33,0,,0,1,1,0,0,0,0,33,,0,0,0,1202,33,0,,0,0,0,,,,,0,,,,,0,0,,,
,"/de/collections/chubby-sex-doll-1",1,1,0,0,0,0,3,,0,0,0,88,3,0,,0,1,1,0,0,0,0,3,,0,0,0,88,3,0,,0,0,0,,,,,0,,,,,0,0,,,
"Product","/products/bbw-toy-sex-b38-ebony-silicone-breast",1,1,0,0,0,0,2,,0,0,0,70,2,0,,0,1,1,0,0,0,0,2,,0,0,0,70,2,0,,0,0,0,,,,,0,,,,,0,0,,,
"Product","/products/f4487-159cm5f2-52kg-o-cup-great-huge-butt-chubby-realistic-tpe-sex-doll-aibei-doll",1,1,0,0,0,0,1,,0,0,0,0,1,1,,1,1,1,0,0,0,0,1,,0,0,0,0,1,1,,1,0,0,,,,,0,,,,,,0,0,,0
"Product","/products/f7635-164cm-5ft4-36kg-g-cup-silicone-asian-sex-doll-firefly-diary",1,1,0,0,0,0,1,,0,0,0,0,1,1,,1,1,1,0,0,0,0,1,,0,0,0,0,1,1,,1,0,0,,,,,0,,,,,,0,0,,0
"Product","/products/f4748-150cm5-3ft-34kg-2-1-b-cup-asian-real-silicone-chinese-sex-doll-bezlya-doll",1,1,0,0,0,0,19,,0,0,0,137,19,0,,0,1,1,0,0,0,0,19,,0,0,0,137,19,0,,0,0,0,,,,,0,,,,,0,0,,,
"Product","/products/57652-9lb-life-size-sex-doll-torso-with-perky-tits-and-slender-waist",1,1,0,0,0,0,7,,0,0,0,246,7,0,,0,1,1,0,0,0,0,7,,0,0,0,246,7,0,,0,0,0,,,,,0,,,,,0,0,,,
,"/en-ca/blogs/dolls-info-qustions/2025-s-hottest-sex-doll-brands-bestsellers-did-you-pick-the-right-one",1,1,0,0,0,0,3,,0,0,0,199,3,0,,0,1,1,0,0,0,0,3,,0,0,0,199,3,0,,0,0,0,,,,,0,,,,,0,0,,,
"Product","/products/f9017-161cm5ft3-37kg-d-cup-lani-silicone-ros-best-big-tits-asian-life-size-sex-doll%E4%B8%A8lusandy-doll",1,1,0,0,0,0,1,,0,0,0,0,1,1,,1,1,1,0,0,0,0,1,,0,0,0,0,1,1,,1,0,0,,,,,0,,,,,,0,0,,0
,"/en-ca/products/notye-2sizes-silicone-butt-a779",1,1,0,0,0,0,1,,0,0,0,0,1,1,,1,1,1,0,0,0,0,1,,0,0,0,0,1,1,,1,0,0,,,,,0,,,,,,0,0,,0
"Product","/products/f2185-162cm5-3ft-a-cup-s26-life-size-sex-doll-irontech-doll",1,1,0,0,0,0,6,,0,0,0,2393,6,0,,0,1,1,0,0,0,0,6,,0,0,0,2393,6,0,,0,0,0,,,,,0,,,,,0,0,,,
,"/ja/blogs/dolls-info-qustions/shocking-in-depth-review-of-naimi-1-1-celebrity-sex-doll",1,1,0,0,0,0,1,,0,0,0,0,1,1,,1,1,1,0,0,0,0,1,,0,0,0,0,1,1,,1,0,0,,,,,0,,,,,,0,0,,0
"Product","/products/h348-silicone-sex-doll-head-real-lady-doll",1,1,0,0,0,0,1,,0,0,0,0,1,1,,1,1,1,0,0,0,0,1,,0,0,0,0,1,1,,1,0,0,,,,,0,,,,,,0,0,,0
"Product","/products/f7652-174cm-5ft7-c-cup-wushi-full-silicone-sex-doll-lubby-starpery-doll",1,1,0,0,0,0,3,,0,0,0,891,3,0,,0,1,1,0,0,0,0,3,,0,0,0,891,3,0,,0,0,0,,,,,0,,,,,0,0,,,
"Blog Article","/blogs/dolls-info-qustions/9-things-you-should-never-do-to-your-sex-doll-torso",1,1,0,0,0,0,1,,0,0,0,0,1,1,,1,1,1,0,0,0,0,1,,0,0,0,0,1,1,,1,0,0,,,,,0,,,,,,0,0,,0
,"/de/blogs/dolls-info-qustions/why-do-men-love-sucking-breasts-reasons-revealed-busty-sex-doll-recommendations",1,1,0,0,0,0,1,,0,0,0,0,1,1,,1,1,1,0,0,0,0,1,,0,0,0,0,1,1,,1,0,0,,,,,0,,,,,,0,0,,0
,"/ja/blogs/dolls-info-qustions/bbw-love-doll-review-climax-t17-doggystyle-bbw-love-doll-torso",1,1,0,0,0,0,1,,0,0,0,0,1,1,,1,1,1,0,0,0,0,1,,0,0,0,0,1,1,,1,0,0,,,,,0,,,,,,0,0,,0
"Product","/products/l47448-5lb-109cm-thin-sex-doll-legs-for-legs-fetish-climax-doll",1,1,0,0,0,0,5,,0,0,0,186,5,0,,0,1,1,0,0,0,0,5,,0,0,0,186,5,0,,0,0,0,,,,,0,,,,,0,0,,,
"Blog Article","/blogs/dolls-info-qustions/the-best-usage-of-shemale-sex-dolls",1,1,0,0,0,0,1,,0,0,0,0,1,1,,1,1,1,0,0,0,0,1,,0,0,0,0,1,1,,1,0,0,,,,,0,,,,,,0,0,,0
,"/en-ca/collections/top-cydoll",1,1,0,0,0,0,1,,0,0,0,0,1,1,,1,1,1,0,0,0,0,1,,0,0,0,0,1,1,,1,0,0,,,,,0,,,,,,0,0,,0
"Product","/products/f7148-155rcm5-12ft-32-5kg-2-1-a-cup-robot-silicone-head-adult-asian-sex-doll-bezlya-doll",1,1,0,0,0,0,1,,0,0,0,0,1,1,,1,1,1,0,0,0,0,1,,0,0,0,0,1,1,,1,0,0,,,,,0,,,,,,0,0,,0
"Product","/products/f7005-159cm5ft2-45-5kg-g-cup-silicone-ros-best-latina-sex-doll%E4%B8%A8lusandy-doll",1,1,0,0,0,0,1,,0,0,0,0,1,1,,1,1,1,0,0,0,0,1,,0,0,0,0,1,1,,1,0,0,,,,,0,,,,,,0,0,,0
"Product","/products/f5543-164cm5ft4-43kg-f-cup-black-tpe-sex-doll-irontech-doll",1,1,0,0,0,0,4,,0,0,0,577,4,0,,0,1,1,0,0,0,0,4,,0,0,0,577,4,0,,0,0,0,,,,,0,,,,,0,0,,,
"Product","/products/f4692-152cm-5ft-m29-movable-jaw-head-c-cup-silicone-head-tpe-ai-sex-doll-sy-doll",1,1,0,0,0,0,1,,0,0,0,0,1,1,,1,1,1,0,0,0,0,1,,0,0,0,0,1,1,,1,0,0,,,,,0,,,,,,0,0,,0
"Product","/products/f2040k-164cm5-4ft-34kg-j-cup-asian-tpe-ai-sex-doll%E4%B8%A8wm-doll",1,1,0,0,0,0,1,,0,0,0,0,1,1,,1,1,1,0,0,0,0,1,,0,0,0,0,1,1,,1,0,0,,,,,0,,,,,,0,0,,0
"Product","/products/f3000-157cm5ft1-32kg-d-cup-medium-breast-tpe-18s-sex-doll-in-stock-usa-aibei-doll",1,1,0,0,0,0,3,,0,0,0,173,3,0,,0,1,1,0,0,0,0,3,,0,0,0,173,3,0,,0,0,0,,,,,0,,,,,0,0,,,
"Product","/products/f4697-156cm-e-cup-doris-big-butt-bbw-ai-robot-sex-doll-irontech-doll",1,1,0,0,0,0,1,,0,0,0,0,1,1,,1,1,1,0,0,0,0,1,,0,0,0,0,1,1,,1,0,0,,,,,0,,,,,,0,0,,0
,"/ja/blogs/dolls-info-qustions/what-to-think-about-before-buying-a-torso-dildo",1,1,0,0,0,0,1,,0,0,0,0,1,1,,1,1,1,0,0,0,0,1,,0,0,0,0,1,1,,1,0,0,,,,,0,,,,,,0,0,,0
,"/en-ca/collections/medium-butt-sex-doll",1,1,0,0,0,0,2,,0,0,0,8,2,0,,0,1,1,0,0,0,0,2,,0,0,0,8,2,0,,0,0,0,,,,,0,,,,,0,0,,,
,"/en-fi/products/f2243-159cm5-2ft-f-cup-s39-silicone-chinese-sex-doll-irontech-doll",1,1,0,0,0,0,1,,0,0,0,0,1,1,,1,1,1,0,0,0,0,1,,0,0,0,0,1,1,,1,0,0,,,,,0,,,,,,0,0,,0
"Collection","/collections/mini-heads",1,1,0,0,0,0,1,,0,0,0,0,1,1,,1,1,1,0,0,0,0,1,,0,0,0,0,1,1,,1,0,0,,,,,0,,,,,,0,0,,0
,"/en-fi/products/f2340-156cm-5ft1-f-cup-big-breast-movable-jaw-full-silicone-sex-doll-sy-doll",1,1,0,0,0,0,1,,0,0,0,0,1,1,,1,1,1,0,0,0,0,1,,0,0,0,0,1,1,,1,0,0,,,,,0,,,,,,0,0,,0
"Product","/products/f1071-155cm-tpe-sex-doll-fun-west-doll",1,1,0,0,0,0,6,,0,0,0,93,6,0,,0,1,1,0,0,0,0,6,,0,0,0,93,6,0,,0,0,0,,,,,0,,,,,0,0,,,
,"/en-ca/blogs/dolls-info-qustions/how-to-use-a-milf-sex-doll",1,1,0,0,0,0,1,,0,0,0,0,1,1,,1,1,1,0,0,0,0,1,,0,0,0,0,1,1,,1,0,0,,,,,0,,,,,,0,0,,0
"Collection","/collections/cheap-silicone-sex-dolls",1,1,0,0,0,0,6,,0,0,0,129,6,0,,0,1,1,0,0,0,0,6,,0,0,0,129,6,0,,0,0,0,,,,,0,,,,,0,0,,,
,"/en-fi/products/f5699-163cm-5ft4-33kg-e-cup-silicone-sexual-porn-celebrity-sex-doll-castle-doll",1,1,0,0,0,0,1,,0,0,0,0,1,1,,1,1,1,0,0,0,0,1,,0,0,0,0,1,1,,1,0,0,,,,,0,,,,,,0,0,,0
,"/ja/blogs/dolls-info-qustions/vaginal-and-anal-design-of-life-size-sex-dolls",1,1,0,0,0,0,1,,0,0,0,0,1,1,,1,1,1,0,0,0,0,1,,0,0,0,0,1,1,,1,0,0,,,,,0,,,,,,0,0,,0
"Product","/products/f4801-155mcm5-1ft-38kg-2-2cf-e-cup-mini-ros-silicone-asian-adult-chinese-anime-sex-doll-bezlya-doll",1,1,0,0,0,0,1,,0,0,0,0,1,1,,1,1,1,0,0,0,0,1,,0,0,0,0,1,1,,1,0,0,,,,,0,,,,,,0,0,,0
"Product","/products/f2577-171cm5-6ft-37-5kg-d-cup-ros-silicone-sex-doll-irontech-doll",1,1,0,0,0,0,9,,0,0,0,818,9,0,,0,1,1,0,0,0,0,9,,0,0,0,818,9,0,,0,0,0,,,,,0,,,,,0,0,,,
"Product","/products/f3774-153cm-5ft44kg-g-cup-tpe-sexy-mature-woman-big-butt-sex-doll-yl-doll",1,1,0,0,0,0,1,,0,0,0,0,1,1,,1,1,1,0,0,0,0,1,,0,0,0,0,1,1,,1,0,0,,,,,0,,,,,,0,0,,0
"Product","/products/519-20-28lb-curvy-lightweight-55cm-sex-doll-torso",1,1,0,0,0,0,1,,0,0,0,0,1,1,,1,1,1,0,0,0,0,1,,0,0,0,0,1,1,,1,0,0,,,,,0,,,,,,0,0,,0
"Product","/products/f5506-166cm5f4-41kg-h-cup-big-breast-silicone-head-aibei-doll",1,1,0,0,0,0,1,,0,0,0,0,1,1,,1,1,1,0,0,0,0,1,,0,0,0,0,1,1,,1,0,0,,,,,0,,,,,,0,0,,0
,"/en-ca/products/h886-silicone-sex-doll-head-elsa-babe-head",1,1,0,0,0,0,1,,0,0,0,0,1,1,,1,1,1,0,0,0,0,1,,0,0,0,0,1,1,,1,0,0,,,,,0,,,,,,0,0,,0
,"/en-fi/pages/the-hottest-topics-for-sex-doll-newcomers-in-2022",1,1,0,0,0,0,5,,0,0,0,2169,5,0,,0,1,1,0,0,0,0,5,,0,0,0,2169,5,0,,0,0,0,,,,,0,,,,,0,0,,,
,"/en-fi/products/f8033-150cm-5ft-27-5kg-silicone-anime-hentai-sex-doll-elsa-babe",1,1,0,0,0,0,1,,0,0,0,0,1,1,,1,1,1,0,0,0,0,1,,0,0,0,0,1,1,,1,0,0,,,,,0,,,,,,0,0,,0
"Collection","/collections/best-sellers-in-torso",1,1,0,0,0,0,1,,0,0,0,0,1,1,,1,1,1,0,0,0,0,1,,0,0,0,0,1,1,,1,0,0,,,,,0,,,,,,0,0,,0
,"/en-ca/blogs/dolls-info-qustions/choosing-between-a-torso-dildo-and-a-dildo-a-relaxed-guide",1,1,0,0,0,0,1,,0,0,0,0,1,1,,1,1,1,0,0,0,0,1,,0,0,0,0,1,1,,1,0,0,,,,,0,,,,,,0,0,,0
,"/en-ca/collections/anime-sex-doll-cheap",1,1,0,0,0,0,3,,0,0,0,609,3,0,,0,1,1,0,0,0,0,3,,0,0,0,609,3,0,,0,0,0,,,,,0,,,,,0,0,,,
,"/en-ca/blogs/dolls-info-qustions/what-are-sex-dolls-made-of-complete-material-guide",1,1,0,0,0,0,1,,0,0,0,0,1,1,,1,1,1,0,0,0,0,1,,0,0,0,0,1,1,,1,0,0,,,,,0,,,,,,0,0,,0
,"/en-fi/products/f2203-169cm5-5ft-e-cup-251-silicone-head-sex-doll%E4%B8%A8sy-doll",1,1,0,0,0,0,1,,0,0,0,0,1,1,,1,1,1,0,0,0,0,1,,0,0,0,0,1,1,,1,0,0,,,,,0,,,,,,0,0,,0
"Product","/products/f964-163cm5-3ft-e-cup-tpe-young-asian-fantasy-chinese-celebrities-fuck-doll-se-doll",1,1,0,0,0,0,3,,0,0,0,339,3,0,,0,1,1,0,0,0,0,3,,0,0,0,339,3,0,,0,0,0,,,,,0,,,,,0,0,,,
,"/en-ca/products/f924-161cm5-3ft-miyuki-f-cup-tpe-brunette-pink-girl-big-ass-love-doll-se-doll",1,1,0,0,0,0,25,,0,0,0,1124,25,0,,0,1,1,0,0,0,0,25,,0,0,0,1124,25,0,,0,0,0,,,,,0,,,,,0,0,,,
,"/en-ca/collections/notye-doll",1,1,0,0,0,0,1,,0,0,0,0,1,1,,1,1,1,0,0,0,0,1,,0,0,0,0,1,1,,1,0,0,,,,,0,,,,,,0,0,,0
"Product","/products/f2398-humanoid-sex-robots-irontech-doll",1,1,0,0,0,0,1,,0,0,0,0,1,1,,1,1,1,0,0,0,0,1,,0,0,0,0,1,1,,1,0,0,,,,,0,,,,,,0,0,,0
,"/en-fi/blogs/sex-doll-torso-blog/top-7-sex-poses-with-your-torso-sex-doll",1,1,0,0,0,0,1,,0,0,0,0,1,1,,1,1,1,0,0,0,0,1,,0,0,0,0,1,1,,1,0,0,,,,,0,,,,,,0,0,,0
,"/de/blogs/dolls-info-qustions/a-comprehensive-guide-to-finding-the-ideal-dildo-1",1,1,0,0,0,0,1,,0,0,0,0,1,1,,1,1,1,0,0,0,0,1,,0,0,0,0,1,1,,1,0,0,,,,,0,,,,,,0,0,,0
"Product","/products/a536-13-2lbass-torso-with-3-functions-sucking-vibration-exhaust",1,1,0,0,0,0,1,,0,0,0,0,1,1,,1,1,1,0,0,0,0,1,,0,0,0,0,1,1,,1,0,0,,,,,0,,,,,,0,0,,0
"Product","/products/f8018-150cm-5ft-27-5kg-silicone-anime-hentai-sex-doll-elsa-babe",1,1,0,0,0,0,1,,0,0,0,0,1,1,,1,1,1,0,0,0,0,1,,0,0,0,0,1,1,,1,0,0,,,,,0,,,,,,0,0,,0
"Collection","/collections/facial-expressions-ai-sex-doll",1,1,0,0,0,0,1,,0,0,0,0,1,1,,1,1,1,0,0,0,0,1,,0,0,0,0,1,1,,1,0,0,,,,,0,,,,,,0,0,,0
"Product","/products/f2525-150cm-23kg-c-cup-anwen-life-size-silicone-sex-doll-felexia-doll",1,1,0,0,0,0,1,,0,0,0,0,1,1,,1,1,1,0,0,0,0,1,,0,0,0,0,1,1,,1,0,0,,,,,0,,,,,,0,0,,0
"Product","/products/f3763-161cm5ft4-e-cup-silicone-sexy-realistic-adult-women-sex-doll-se-doll",1,1,0,0,0,0,8,,0,0,0,1101,8,0,,0,1,1,0,0,0,0,8,,0,0,0,1101,8,0,,0,0,0,,,,,0,,,,,0,0,,,
"Product","/products/f1885-165cm5ft4-a-cup-tracy-most-realistic-sex-doll-irontech-doll",1,1,0,0,0,0,2,,0,0,0,3,2,0,,0,1,1,0,0,0,0,2,,0,0,0,3,2,0,,0,0,0,,,,,0,,,,,0,0,,,
"Product","/collections/sex-doll-torso/products/575big-ass-sex-doll-torso-with-3-functions-sucking-vibration-exhaust",1,1,0,0,0,0,7,,0,0,0,698,7,0,,0,1,1,0,0,0,0,7,,0,0,0,698,7,0,,0,0,0,,,,,0,,,,,0,0,,,
"Collection","/collections/big-ass-sex-doll-1000-1999",1,1,0,0,0,0,1,,0,0,0,0,1,1,,1,1,1,0,0,0,0,1,,0,0,0,0,1,1,,1,0,0,,,,,0,,,,,,0,0,,0
"Product","/products/f5984-170cm-5ft6-40kg-d-cup-tpe-body-silicone-head-celebrity-sex-doll-rosretty-doll",1,1,0,0,0,0,1,,0,0,0,0,1,1,,1,1,1,0,0,0,0,1,,0,0,0,0,1,1,,1,0,0,,,,,0,,,,,,0,0,,0
"Product","/products/f9361-hentai-sex-toys-cream-mouse-silicone-doll",1,1,0,0,0,0,6,,0,0,0,387,6,0,,0,1,1,0,0,0,0,6,,0,0,0,387,6,0,,0,0,0,,,,,0,,,,,0,0,,,
"Product","/products/f9128-168cm-5ft5-36-2kg-c-cup-silicone-celebrity-sex-doll-jiusheng-doll",1,1,0,0,0,0,1,,0,0,0,0,1,1,,1,1,1,0,0,0,0,1,,0,0,0,0,1,1,,1,0,0,,,,,0,,,,,,0,0,,0
"Product","/products/f5709-158cm-5ft2-36kg-g-cup-silicone-shemale-sex-doll-with-g-cup-15cm-fixed-penis-doll-castle",1,1,0,0,0,0,5,,0,0,0,9,5,0,,0,1,1,0,0,0,0,5,,0,0,0,9,5,0,,0,0,0,,,,,0,,,,,0,0,,,
"Collection","/collections/human-size-torso-sex-doll",1,1,0,0,0,0,1,,0,0,0,0,1,1,,1,1,1,0,0,0,0,1,,0,0,0,0,1,1,,1,0,0,,,,,0,,,,,,0,0,,0
"Product","/products/a461-27-87lb-caroline-big-ass-sex-doll-torso-lovenestle",1,1,0,0,0,0,10,,0,0,0,244,10,0,,0,1,1,0,0,0,0,10,,0,0,0,244,10,0,,0,0,0,,,,,0,,,,,0,0,,,
,"/en-ca/blogs/dolls-info-qustions/how-sci-fi-culture-shapes-the-design-of-alien-sex-dolls",1,1,0,0,0,0,1,,0,0,0,0,1,1,,1,1,1,0,0,0,0,1,,0,0,0,0,1,1,,1,0,0,,,,,0,,,,,,0,0,,0
"Product","/products/f2233-150cm-4ft9-a-cup-ultra-realistic-mini-tpe-sex-doll-petite-body-with-lifelike-features-sy-doll",1,1,0,0,0,0,1,,0,0,0,0,1,1,,1,1,1,0,0,0,0,1,,0,0,0,0,1,1,,1,0,0,,,,,0,,,,,,0,0,,0
"Blog Article","/blogs/featured-blog/yeloly-new-product-launch-which-sex-doll-torso-are-worth-your-attention",1,1,0,0,0,0,1,,0,0,0,0,1,1,,1,1,1,0,0,0,0,1,,0,0,0,0,1,1,,1,0,0,,,,,0,,,,,,0,0,,0
"Product","/products/f4511-150cm4ft9-25kg-abby-f-cup-silicone-animes-mini-hentai-sex-doll-irokebijin-doll",1,1,0,0,0,0,3,,0,0,0,158,3,0,,0,1,1,0,0,0,0,3,,0,0,0,158,3,0,,0,0,0,,,,,0,,,,,0,0,,,
"Product","/products/linkdolls-f2236-157cm5ft1-makoto-h-cup-tpe-sexy-big-breasted-love-doll-se-doll",1,1,0,0,0,0,1,,0,0,0,0,1,1,,1,1,1,0,0,0,0,1,,0,0,0,0,1,1,,1,0,0,,,,,0,,,,,,0,0,,0
,"/en-ca/collections/big-ass-sex-doll-torso",1,1,0,0,0,0,1,,0,0,0,0,1,1,,1,1,1,0,0,0,0,1,,0,0,0,0,1,1,,1,0,0,,,,,0,,,,,,0,0,,0
"Product","/products/f1436-160cm5f3-39kg-f-cup-chubby-tpe-sex-doll-aibei-doll",1,1,1,0,0,0,13,,1,0,0,2036,13,0,,0,1,1,1,0,0,0,13,,1,0,0,2036,13,0,,0,0,0,0,,,,0,,0,,,0,0,,,
"Checkout","/checkouts/cn/hWNDZwq1JEc1UygwRGj7Gsp0/en-us",1,1,1,1,1,1,7,1,1,1,1,508,7,0,1,0,1,1,1,1,1,1,7,1,1,1,1,508,7,0,1,0,0,0,0,0,0,0,0,0,0,0,0,0,0,,0,
"Blog Article","/blogs/real-sex-doll-reviews-pros-cons-real-usage-tests/are-aitia-1-1-real-person-replica-asian-sex-dolls-worth-buying-a-complete-review-of-6-celebrity-sex-dolls",1,1,0,0,0,0,1,,0,0,0,0,1,1,,1,1,1,0,0,0,0,1,,0,0,0,0,1,1,,1,0,0,,,,,0,,,,,,0,0,,0
"Collection","/collections/1000-1599-cheap-sex-doll",1,1,0,0,0,0,1,,0,0,0,0,1,1,,1,1,1,0,0,0,0,1,,0,0,0,0,1,1,,1,0,0,,,,,0,,,,,,0,0,,0
,"/en-ca/blogs/dolls-info-qustions/how-women-use-sex-dolls",1,1,0,0,0,0,1,,0,0,0,0,1,1,,1,1,1,0,0,0,0,1,,0,0,0,0,1,1,,1,0,0,,,,,0,,,,,,0,0,,0
"Product","/products/a802k-realistic-ass-silicone-sex-torso-yeloly",1,1,0,0,0,0,1,,0,0,0,0,1,1,,1,1,1,0,0,0,0,1,,0,0,0,0,1,1,,1,0,0,,,,,0,,,,,,0,0,,0
,"/en-fi/blogs/dolls-info-qustions/what-is-the-experience-like-with-a-big-ass-sex-doll-real-feelings-in-depth-review",1,1,0,0,0,0,1,,0,0,0,0,1,1,,1,1,1,0,0,0,0,1,,0,0,0,0,1,1,,1,0,0,,,,,0,,,,,,0,0,,0
,"/en-ca/blogs/dolls-info-qustions/bringing-fantasies-to-life-the-ultimate-sex-doll-roleplay-experience",1,1,0,0,0,0,1,,0,0,0,0,1,1,,1,1,1,0,0,0,0,1,,0,0,0,0,1,1,,1,0,0,,,,,0,,,,,,0,0,,0
"Product","/products/f3726-163cm5-3ft-manami-e-cup-tpe-asian-chinese-cute-young-woman-sex-doll-se-doll",1,1,0,0,0,0,5,,0,0,0,991,5,0,,0,1,1,0,0,0,0,5,,0,0,0,991,5,0,,0,0,0,,,,,0,,,,,0,0,,,
"Product","/products/t237-black-life-size-sex-doll-torso-flat-chest",1,1,0,0,0,0,2,,0,0,0,127,2,0,,0,1,1,0,0,0,0,2,,0,0,0,127,2,0,,0,0,0,,,,,0,,,,,0,0,,,
"Product","/products/d4220-9-lbs%E4%B8%A87-36-realistic-silicone-dildo-with-veined-texture-and-suction-cup-base",1,1,0,0,0,0,1,,0,0,0,0,1,1,,1,1,1,0,0,0,0,1,,0,0,0,0,1,1,,1,0,0,,,,,0,,,,,,0,0,,0
,"/de/blogs/complete-sex-doll-guide-for-beginners/sex-doll-torso-usage-guide",1,1,0,0,0,0,2,,0,0,0,26,2,0,,0,1,1,0,0,0,0,2,,0,0,0,26,2,0,,0,0,0,,,,,0,,,,,0,0,,,
"Product","/products/f2238-152cm5ft-d-cup-white-amy-tpe-petite-mini-sex-doll-realistic-silicone-body-for-ultimate-pleasure-fun-west-doll",1,1,0,0,0,0,4,,0,0,0,536,4,0,,0,1,1,0,0,0,0,4,,0,0,0,536,4,0,,0,0,0,,,,,0,,,,,0,0,,,
"Product","/products/f3758k-165cm5ft4-33kg-c-cup-silicone-sexy-ai-robotic-sex-dolls-in-stock-eu-se-doll",1,1,0,0,0,0,11,,0,0,0,811,11,0,,0,1,1,0,0,0,0,11,,0,0,0,811,11,0,,0,0,0,,,,,0,,,,,0,0,,,
"Product","/products/f8242-172cm5-64ft-42kg-silicone-full-size-sex-doll-azm-doll",1,1,0,0,0,0,1,,0,0,0,0,1,1,,1,1,1,0,0,0,0,1,,0,0,0,0,1,1,,1,0,0,,,,,0,,,,,,0,0,,0
"Product","/products/f5445-162cm5-4ft-39kg-h-cup-sexy-silicone-sex-doll-real-lady",1,1,0,0,0,0,2,,0,0,0,58,2,0,,0,1,1,0,0,0,0,2,,0,0,0,58,2,0,,0,0,0,,,,,0,,,,,0,0,,,
"Product","/products/160cm-yoyo-d-cup-real-silicone-adult-love-japanese-big-tits-sex-doll-cst-doll",1,1,0,0,0,0,1,,0,0,0,0,1,1,,1,1,1,0,0,0,0,1,,0,0,0,0,1,1,,1,0,0,,,,,0,,,,,,0,0,,0
"Product","/products/t621-30-3lb-7-1inch-big-penis-trans-sex-doll-torso%E4%B8%A8tantaly",1,1,0,0,0,0,1,,0,0,0,0,1,1,,1,1,1,0,0,0,0,1,,0,0,0,0,1,1,,1,0,0,,,,,0,,,,,,0,0,,0
"Product","/products/t447-19-84lb-t447-19-84lb-chris-silicone-male-sex-doll-torso-with-detachable-large-dildo-lovenestle",1,1,0,0,0,0,1,,0,0,0,0,1,1,,1,1,1,0,0,0,0,1,,0,0,0,0,1,1,,1,0,0,,,,,0,,,,,,0,0,,0
"Product","/products/f5129-167cm-d-cup-gel-butt-ros-silicone-sex-doll-galatea-doll",1,1,0,0,0,0,1,,0,0,0,0,1,1,,1,1,1,0,0,0,0,1,,0,0,0,0,1,1,,1,0,0,,,,,0,,,,,,0,0,,0
"Checkout","/checkouts/cn/hWNDQ0Y3ESy2912zwfnZSdjF/en-us",1,1,0,1,0,0,1,0,0,1,0,0,1,0,,0,1,1,0,1,0,0,1,0,0,1,0,0,1,0,,0,0,0,,0,,,0,,,0,,,0,,,
,"/en-ca/products/p70-4-1lb-tifa-centaur-onechannels-fake-pussy-anime-ona-hole-mini-hentai-sex-toy-mrl-%E5%A4%8D%E5%88%B6",1,1,0,0,0,0,1,,0,0,0,0,1,1,,1,1,1,0,0,0,0,1,,0,0,0,0,1,1,,1,0,0,,,,,0,,,,,,0,0,,0
,"/en-ca/collections/bbw-sex-doll-list",1,1,0,0,0,0,4,,0,0,0,485,4,0,,0,1,1,0,0,0,0,4,,0,0,0,485,4,0,,0,0,0,,,,,0,,,,,0,0,,,
"Product","/products/f7145-168cm-5ft6-41kg-elf-anime-flat-chested-sex-doll-f7145",1,1,0,0,0,0,12,,0,0,0,1541,12,0,,0,1,1,0,0,0,0,12,,0,0,0,1541,12,0,,0,0,0,,,,,0,,,,,0,0,,,
,"/ja/products/f9391-168cm5-6ft-39kg-b-cup-silicone-realistic-sex-doll-%E4%B8%A8zelex-doll-k-series",1,1,0,0,0,0,1,,0,0,0,0,1,1,,1,1,1,0,0,0,0,1,,0,0,0,0,1,1,,1,0,0,,,,,0,,,,,,0,0,,0
"Product","/products/t370-24lbs-61cm-life-size-realistic-torso-flat-chest-sex-dolls",1,1,0,0,0,0,2,,0,0,0,7,2,0,,0,1,1,0,0,0,0,2,,0,0,0,7,2,0,,0,0,0,,,,,0,,,,,0,0,,,
,"/de/products/b38-silicone-sex-doll-titfuck-torso-realistic-titfuck-to-climax",1,1,0,0,0,0,1,,0,0,0,0,1,1,,1,1,1,0,0,0,0,1,,0,0,0,0,1,1,,1,0,0,,,,,0,,,,,,0,0,,0
"Product","/products/f4512-150cm4ft9-25kg-akane-f-cup-silicone-animes-mini-hentai-sex-doll-irokebijin-doll",1,1,0,0,0,0,1,,0,0,0,0,1,1,,1,1,1,0,0,0,0,1,,0,0,0,0,1,1,,1,0,0,,,,,0,,,,,,0,0,,0
,"/en-ca/blogs/dolls-info-qustions/sy-sex-dolls-introduction",1,1,0,0,0,0,1,,0,0,0,0,1,1,,1,1,1,0,0,0,0,1,,0,0,0,0,1,1,,1,0,0,,,,,0,,,,,,0,0,,0
"Product","/products/f361-150cm-elsa-e-cup-fansty-dark-elf-anime-sex-doll-se-doll",1,1,0,0,0,0,3,,0,0,0,21,3,0,,0,1,1,0,0,0,0,3,,0,0,0,21,3,0,,0,0,0,,,,,0,,,,,0,0,,,
"Collection","/collections/lesbian-sex-doll-1",1,1,0,0,0,0,1,,0,0,0,0,1,1,,1,1,1,0,0,0,0,1,,0,0,0,0,1,1,,1,0,0,,,,,0,,,,,,0,0,,0
"Blog Article","/blogs/dolls-info-qustions/10-online-stores-that-sell-regular-dolls-by-tdf",1,1,0,0,0,0,4,,0,0,0,87,4,0,,0,1,1,0,0,0,0,4,,0,0,0,87,4,0,,0,0,0,,,,,0,,,,,0,0,,,
"Product","/products/f2423-158cm-5ft2-e-cup-girl-group-realistic-silicone-sex-doll-wonder-dolly-irontech-doll",1,1,0,0,0,0,4,,0,0,0,1418,4,0,,0,1,1,0,0,0,0,4,,0,0,0,1418,4,0,,0,0,0,,,,,0,,,,,0,0,,,
"Product","/products/f1296-168cm-b-cup-suki-sex-doll-irontech-doll",1,1,1,1,0,0,11,0,1,1,0,831,11,0,0,0,1,1,1,1,0,0,11,0,1,1,0,831,11,0,0,0,0,0,0,0,,,0,,0,0,,0,0,,,
"Product","/products/f3410-150cm4ft9-26-2kg-b-cup-small-breast-tpe-sex-doll-aibei-doll",1,1,0,0,0,0,7,,0,0,0,1100,7,0,,0,1,1,0,0,0,0,7,,0,0,0,1100,7,0,,0,0,0,,,,,0,,,,,0,0,,,
,"/en-ca/products/t90972-8lbsblack-bbw-tpe-torso-sex-doll-with-huge-breasts-cliamx-doll-classic",1,1,0,0,0,0,1,,0,0,0,0,1,1,,1,1,1,0,0,0,0,1,,0,0,0,0,1,1,,1,0,0,,,,,0,,,,,,0,0,,0
"Product","/products/f7029-170cm-6ft6-37kg-b-cup-tpe-sexual-european-sex-doll-in-stock-usa-castle-doll",1,1,0,0,0,0,1,,0,0,0,0,1,1,,1,1,1,0,0,0,0,1,,0,0,0,0,1,1,,1,0,0,,,,,0,,,,,,0,0,,0
,"/de/blogs/dolls-info-qustions/exploring-the-best-personal-time-spaces",1,1,0,0,0,0,1,,0,0,0,0,1,1,,1,1,1,0,0,0,0,1,,0,0,0,0,1,1,,1,0,0,,,,,0,,,,,,0,0,,0
,"/en-ca/collections/anime-sex-doll-heads",1,1,0,0,0,0,1,,0,0,0,0,1,1,,1,1,1,0,0,0,0,1,,0,0,0,0,1,1,,1,0,0,,,,,0,,,,,,0,0,,0
"Product","/products/t346-3-86lb-muscle-tail-anime-fake-pussy-silicone-tomboy-furry-hentai-sex-doll-mrl",1,1,0,0,0,0,1,,0,0,0,0,1,1,,1,1,1,0,0,0,0,1,,0,0,0,0,1,1,,1,0,0,,,,,0,,,,,,0,0,,0
,"/de/blogs/dolls-info-qustions/how-deep-is-the-vagina-5-key-things-you-need-to-know-about-the-vagina",1,1,0,0,0,0,1,,0,0,0,0,1,1,,1,1,1,0,0,0,0,1,,0,0,0,0,1,1,,1,0,0,,,,,0,,,,,,0,0,,0
"Product","/products/f4695-153cm-5ft-29-5kg-ariel-b-f-cup-tpe-fit-ai-best-chinese-sex-doll-se-doll",1,1,0,0,0,0,1,,0,0,0,0,1,1,,1,1,1,0,0,0,0,1,,0,0,0,0,1,1,,1,0,0,,,,,0,,,,,,0,0,,0
"Product","/products/f2161-155cm5-1ft-f-cup-luna-tpe-sex-doll-fun-west-doll",1,1,0,0,0,0,1,,0,0,0,0,1,1,,1,1,1,0,0,0,0,1,,0,0,0,0,1,1,,1,0,0,,,,,0,,,,,,0,0,,0
"Blog Article","/blogs/featured-blog/first-time-buying-a-sex-doll-torso-should-you-choose-amazon-or-aliexpress",1,1,0,0,0,0,1,,0,0,0,0,1,1,,1,1,1,0,0,0,0,1,,0,0,0,0,1,1,,1,0,0,,,,,0,,,,,,0,0,,0
"Collection","/collections/yeloly",1,1,0,0,0,0,2,,0,0,0,115,2,0,,0,1,1,0,0,0,0,2,,0,0,0,115,2,0,,0,0,0,,,,,0,,,,,0,0,,,
"Product","/products/p84-2-87lb-bbw-hentai-shemale-femboy-best-mini-sex-doll-torso-mrl",1,1,0,0,0,0,8,,0,0,0,1729,8,0,,0,1,1,0,0,0,0,8,,0,0,0,1729,8,0,,0,0,0,,,,,0,,,,,0,0,,,
"Product","/products/h725-sex-doll-head-black-girl-irontech-doll-head",1,1,0,0,0,0,2,,0,0,0,137,2,0,,0,1,1,0,0,0,0,2,,0,0,0,137,2,0,,0,0,0,,,,,0,,,,,0,0,,,
,"/de/blogs/dolls-info-qustions/is-a-fully-loose-skeleton-full-body-doll-worth-it",1,1,0,0,0,0,2,,0,0,0,1510,2,0,,0,1,1,0,0,0,0,2,,0,0,0,1510,2,0,,0,0,0,,,,,0,,,,,0,0,,,
,"/en-ca/products/t931-51kg-j-cup-tpe-adult-big-chest-big-ass-ssbbw-sex-doll-torso-with-head-yl-doll",1,1,0,0,0,0,1,,0,0,0,0,1,1,,1,1,1,0,0,0,0,1,,0,0,0,0,1,1,,1,0,0,,,,,0,,,,,,0,0,,0
"Product","/products/f3896-174cm-5ft7-g-cup-tanned-skin-blonde-tpe-sex-doll-hr-doll",1,1,0,0,0,0,1,,0,0,0,0,1,1,,1,1,1,0,0,0,0,1,,0,0,0,0,1,1,,1,0,0,,,,,0,,,,,,0,0,,0
,"/en-ca/collections/huge-breast-post-torso",1,1,0,0,0,0,1,,0,0,0,0,1,1,,1,1,1,0,0,0,0,1,,0,0,0,0,1,1,,1,0,0,,,,,0,,,,,,0,0,,0
,"/de/collections/new-arrivals",1,1,0,0,0,0,15,,0,0,0,849,15,0,,0,1,1,0,0,0,0,15,,0,0,0,849,15,0,,0,0,0,,,,,0,,,,,0,0,,,
,"/en-fi/products/8764102050031",1,1,0,0,0,0,1,,0,0,0,0,1,1,,1,1,1,0,0,0,0,1,,0,0,0,0,1,1,,1,0,0,,,,,0,,,,,,0,0,,0
"Collection","/collections/zelex-k-series",1,1,0,0,0,0,2,,0,0,0,8,2,0,,0,1,1,0,0,0,0,2,,0,0,0,8,2,0,,0,0,0,,,,,0,,,,,0,0,,,
"Checkout","/60719464687/orders/01cb92058b50190803f2781053ac6e5a",1,1,0,0,0,0,1,,0,0,0,0,1,1,,1,1,1,0,0,0,0,1,,0,0,0,0,1,1,,1,0,0,,,,,0,,,,,,0,0,,0
"Product","/products/f2522-159cm5-2ft-37kg-a-cup-lyra-realistic-silicone-sex-doll-fun-west-doll",1,1,0,0,0,0,1,,0,0,0,0,1,1,,1,1,1,0,0,0,0,1,,0,0,0,0,1,1,,1,0,0,,,,,0,,,,,,0,0,,0
"Product","/products/f9113-21kg-a-cup-rabbit-police-officer-anime-best-animal-hentai-sex-doll-castle-doll",1,1,0,0,0,0,1,,0,0,0,0,1,1,,1,1,1,0,0,0,0,1,,0,0,0,0,1,1,,1,0,0,,,,,0,,,,,,0,0,,0
"Product","/products/t407-25-35lb-63cm-big-boobs-round-ass-realistic-curves-sex-doll-torso",1,1,0,0,0,0,1,,0,0,0,0,1,1,,1,1,1,0,0,0,0,1,,0,0,0,0,1,1,,1,0,0,,,,,0,,,,,,0,0,,0
"Collection","/collections/galatea-doll",1,1,0,0,0,0,3,,0,0,0,91,3,0,,0,1,1,0,0,0,0,3,,0,0,0,91,3,0,,0,0,0,,,,,0,,,,,0,0,,,
,"/en-fi/blogs/dolls-info-qustions/makeup-for-hentai-sex-doll-create-your-own-anime-goddess",1,1,0,0,0,0,1,,0,0,0,0,1,1,,1,1,1,0,0,0,0,1,,0,0,0,0,1,1,,1,0,0,,,,,0,,,,,,0,0,,0
,"/en-fi/products/f2174-164cm5-4ft-d-cup-m12-movable-jaw-head-sex-doll%E4%B8%A8sy-doll",1,1,0,0,0,0,1,,0,0,0,0,1,1,,1,1,1,0,0,0,0,1,,0,0,0,0,1,1,,1,0,0,,,,,0,,,,,,0,0,,0
,"/en-ca/products/f7586-174cm-5ft7-33-5kg-d-cup-silicone-celebrity-sexdoll-keisha-starpery-doll",1,1,0,0,0,0,19,,0,0,0,568,19,0,,0,1,1,0,0,0,0,19,,0,0,0,568,19,0,,0,0,0,,,,,0,,,,,0,0,,,
"Product","/products/f1336-159cm-a-cup-tpe-sex-doll-fun-west-doll",1,1,0,0,0,0,1,,0,0,0,0,1,1,,1,1,1,0,0,0,0,1,,0,0,0,0,1,1,,1,0,0,,,,,0,,,,,,0,0,,0
"Collection","/collections/170-cm-dolls",1,1,0,0,0,0,1,,0,0,0,0,1,1,,1,1,1,0,0,0,0,1,,0,0,0,0,1,1,,1,0,0,,,,,0,,,,,,0,0,,0
"Product","/products/f3803-160cm-5ft2-kat-baccarin-silicone-anime-sex-doll-elsa-babe",1,1,0,0,0,0,8,,0,0,0,2400,8,0,,0,1,1,0,0,0,0,8,,0,0,0,2400,8,0,,0,0,0,,,,,0,,,,,0,0,,,
"Product","/products/h527-mini-anime-silicone-sex-doll-head-elsa-babe-head",1,1,0,0,0,0,1,,0,0,0,0,1,1,,1,1,1,0,0,0,0,1,,0,0,0,0,1,1,,1,0,0,,,,,0,,,,,,0,0,,0
"Product","/products/t296-72-09lbs-iris-ros-life-size-silicone-sex-doll-torso-with-head-in-stock-usa-europe-max-series",1,1,0,0,0,0,3,,0,0,0,165,3,0,,0,1,1,0,0,0,0,3,,0,0,0,165,3,0,,0,0,0,,,,,0,,,,,0,0,,,
"Collection","/collections/best-seller-in-silicone",1,1,0,0,0,0,12,,0,0,0,524,12,0,,0,1,1,0,0,0,0,12,,0,0,0,524,12,0,,0,0,0,,,,,0,,,,,0,0,,,
"Product","/products/p400-gynoid-sex-doll-pocket-pussy-hentai-figure-mrl",1,1,0,0,0,0,1,,0,0,0,0,1,1,,1,1,1,0,0,0,0,1,,0,0,0,0,1,1,,1,0,0,,,,,0,,,,,,0,0,,0
"Product","/products/f5486-166cm5f4-41kg-h-cup-big-breast-tpe-sex-doll-aibei-doll-1",1,1,0,0,0,0,1,,0,0,0,0,1,1,,1,1,1,0,0,0,0,1,,0,0,0,0,1,1,,1,0,0,,,,,0,,,,,,0,0,,0
"Product","/products/t452-33-69lb-silicone-lightweight-sex-doll-torso-with-big-boobs-and-butt-lovenestle",1,1,0,0,0,0,8,,0,0,0,1354,8,0,,0,1,1,0,0,0,0,8,,0,0,0,1354,8,0,,0,0,0,,,,,0,,,,,0,0,,,
,"/en-ca/blogs/dolls-info-qustions/masturbation-place",1,1,0,0,0,0,1,,0,0,0,0,1,1,,1,1,1,0,0,0,0,1,,0,0,0,0,1,1,,1,0,0,,,,,0,,,,,,0,0,,0
"Product","/products/f5041-170cm-5ft6-d-cup-boa-asian-silicone-sex-doll-jx-doll",1,1,0,0,0,0,1,,0,0,0,0,1,1,,1,1,1,0,0,0,0,1,,0,0,0,0,1,1,,1,0,0,,,,,0,,,,,,0,0,,0
,"/ja/products/f9388-zelex-k-series-lifelike-sex-doll",1,1,0,0,0,0,11,,0,0,0,499,11,0,,0,1,1,0,0,0,0,11,,0,0,0,499,11,0,,0,0,0,,,,,0,,,,,0,0,,,
,"/en-fi/collections/animal-hentai-sex-doll",1,1,0,0,0,0,2,,0,0,0,16,2,0,,0,1,1,0,0,0,0,2,,0,0,0,16,2,0,,0,0,0,,,,,0,,,,,0,0,,,
,"/en-ca/collections/new-arrivals",1,1,0,0,0,0,5,,0,0,0,159,5,0,,0,1,1,0,0,0,0,5,,0,0,0,159,5,0,,0,0,0,,,,,0,,,,,0,0,,,
,"/de/blogs/recent-brand-updates-new-arrivals-for-sex-dolls/sy-doll-redefining-oral-interaction-for-robotic-sex-dolls",1,1,0,0,0,0,1,,0,0,0,0,1,1,,1,1,1,0,0,0,0,1,,0,0,0,0,1,1,,1,0,0,,,,,0,,,,,,0,0,,0
"Product","/products/p82-9-92lb-20cm-denvir-anime-three-breasts-lewd-tattoo-girl-double-vagina-hentai-sex-doll-in-stock-usa-mrl",1,1,0,0,0,0,1,,0,0,0,0,1,1,,1,1,1,0,0,0,0,1,,0,0,0,0,1,1,,1,0,0,,,,,0,,,,,,0,0,,0
"Product","/products/f2262-162cm-i-cup-suki-big-breats-silicone-sex-doll-%E4%B8%A8normon-doll",1,1,0,0,0,0,5,,0,0,0,1346,5,0,,0,1,1,0,0,0,0,5,,0,0,0,1346,5,0,,0,0,0,,,,,0,,,,,0,0,,,
,"/en-fi/products/f9394-176cm-h-cup-silicone-anime-sex-doll-elsa-babe",1,1,0,0,0,0,1,,0,0,0,0,1,1,,1,1,1,0,0,0,0,1,,0,0,0,0,1,1,,1,0,0,,,,,0,,,,,,0,0,,0
"Product","/products/f5221-verna-158cm5ft2-h-cup-black-straight-hair-asian-tpe-sex-doll-jx-galaxy",1,1,0,0,0,0,1,,0,0,0,0,1,1,,1,1,1,0,0,0,0,1,,0,0,0,0,1,1,,1,0,0,,,,,0,,,,,,0,0,,0
"Checkout","/60719464687/orders/09f874e43a108f827b7201bb1a3373d3",1,1,0,0,0,0,2,,0,0,0,40,2,0,,0,1,1,0,0,0,0,2,,0,0,0,40,2,0,,0,0,0,,,,,0,,,,,0,0,,,
,"/en-fi/collections/shemale-sex-toy",1,1,0,0,0,0,1,,0,0,0,0,1,1,,1,1,1,0,0,0,0,1,,0,0,0,0,1,1,,1,0,0,,,,,0,,,,,,0,0,,0
,"/en-ca/products/f5425-elsa-babe-hentai-anime-waifu-sex-dolls-silicone-head-150cm-27-5kg",1,1,0,0,0,0,17,,0,0,0,485,17,0,,0,1,1,0,0,0,0,17,,0,0,0,485,17,0,,0,0,0,,,,,0,,,,,0,0,,,
"Product","/products/f3767-161cm5ft4-e-cup-silicone-sexy-realistic-adult-women-sex-doll-se-doll",1,1,0,0,0,0,2,,0,0,0,27,2,0,,0,1,1,0,0,0,0,2,,0,0,0,27,2,0,,0,0,0,,,,,0,,,,,0,0,,,
,"/en-fi/products/f2174-164cm5-4ft-d-cup-m12-ros-movable-jaw-fit-silicone-sex-doll%E4%B8%A8sy-doll",1,1,0,0,0,0,1,,0,0,0,0,1,1,,1,1,1,0,0,0,0,1,,0,0,0,0,1,1,,1,0,0,,,,,0,,,,,,0,0,,0
"Product","/products/f5301-silicone-full-size-big-breast-dolls-life-size-sex-dolls-sineem",1,1,0,0,0,0,1,,0,0,0,0,1,1,,1,1,1,0,0,0,0,1,,0,0,0,0,1,1,,1,0,0,,,,,0,,,,,,0,0,,0
"Collection","/collections/qsx",1,1,0,0,0,0,1,,0,0,0,0,1,1,,1,1,1,0,0,0,0,1,,0,0,0,0,1,1,,1,0,0,,,,,0,,,,,,0,0,,0
"Product","/products/f3385-158cm-5ft232kg-isla-e-cup-silicone-adult-full-sexy-europe-sex-doll-yl-doll",1,1,0,0,0,0,2,,0,0,0,1047,2,0,,0,1,1,0,0,0,0,2,,0,0,0,1047,2,0,,0,0,0,,,,,0,,,,,0,0,,,
"Collection","/collections/mini-torso-alien",1,1,0,0,0,0,3,,0,0,0,38,3,0,,0,1,1,0,0,0,0,3,,0,0,0,38,3,0,,0,0,0,,,,,0,,,,,0,0,,,
,"/en-ca/blogs/dolls-info-qustions/2025-best-furry-sex-doll-picks-your-fantasy-comes-to-life",1,1,0,0,0,0,2,,0,0,0,21,2,0,,0,1,1,0,0,0,0,2,,0,0,0,21,2,0,,0,0,0,,,,,0,,,,,0,0,,,
"Product","/products/t9065-66lb-7-87-dildo-electric-male-rechargeable-sex-doll-ass-torso-adult-toys-for-female",1,1,0,0,0,0,1,,0,0,0,0,1,1,,1,1,1,0,0,0,0,1,,0,0,0,0,1,1,,1,0,0,,,,,0,,,,,,0,0,,0
"Product","/products/f4890-169cm-big-ass-robot-sex-doll-sexbot-sy-dolls",1,1,0,0,0,0,13,,0,0,0,786,13,0,,0,1,1,0,0,0,0,13,,0,0,0,786,13,0,,0,0,0,,,,,0,,,,,0,0,,,
"Custom Page","/pages/huge-breast-sex-doll-guide",1,1,0,0,0,0,3,,0,0,0,16,3,0,,0,1,1,0,0,0,0,3,,0,0,0,16,3,0,,0,0,0,,,,,0,,,,,0,0,,,
"Product","/products/f1237-162cm-i-cup-miya-big-tits-sex-doll-irontech-doll",1,1,0,0,0,0,1,,0,0,0,0,1,1,,1,1,1,0,0,0,0,1,,0,0,0,0,1,1,,1,0,0,,,,,0,,,,,,0,0,,0
"Blog Article","/blogs/featured-blog/how-to-tattoo-your-male-sex-doll",1,1,0,0,0,0,1,,0,0,0,0,1,1,,1,1,1,0,0,0,0,1,,0,0,0,0,1,1,,1,0,0,,,,,0,,,,,,0,0,,0
,"/en-ca/products/b34-yellow-silicone-breast-sex-toys-titjob-torso",1,1,0,0,0,0,1,,0,0,0,0,1,1,,1,1,1,0,0,0,0,1,,0,0,0,0,1,1,,1,0,0,,,,,0,,,,,,0,0,,0
"Product","/products/f7068-160cm-6ft3-43kg-d-cup-elf-fantasy-tpe-sexual-hentai-best-alien-sex-doll-castle-doll",1,1,0,0,0,0,1,,0,0,0,0,1,1,,1,1,1,0,0,0,0,1,,0,0,0,0,1,1,,1,0,0,,,,,0,,,,,,0,0,,0
"Product","/products/f5021-170cm-5ft58-d-cup-ayami-asian-silicone-sex-doll-jx-doll",1,1,0,0,0,0,13,,0,0,0,2450,13,0,,0,1,1,0,0,0,0,13,,0,0,0,2450,13,0,,0,0,0,,,,,0,,,,,0,0,,,
"Product","/products/t320-e-cup-realistic-sex-doll-torso-climax-doll",1,1,0,0,0,0,1,,0,0,0,0,1,1,,1,1,1,0,0,0,0,1,,0,0,0,0,1,1,,1,0,0,,,,,0,,,,,,0,0,,0
,"/ja/blogs/dolls-info-qustions/the-vibration-and-suction-functions-of-automatic-sex-dolls",1,1,0,0,0,0,1,,0,0,0,0,1,1,,1,1,1,0,0,0,0,1,,0,0,0,0,1,1,,1,0,0,,,,,0,,,,,,0,0,,0
"Product","/products/f3553-164cm5-4ft-33kg-f-cup-european-tpe-sex-doll%E4%B8%A8wm-doll",1,1,0,0,0,0,32,,0,0,0,1725,32,0,,0,1,1,0,0,0,0,32,,0,0,0,1725,32,0,,0,0,0,,,,,0,,,,,0,0,,,
"Product","/products/f1930k-164cm5ft4-f-cup-lucky-life-size-sex-doll-irontech-doll",1,1,0,0,0,0,1,,0,0,0,0,1,1,,1,1,1,0,0,0,0,1,,0,0,0,0,1,1,,1,0,0,,,,,0,,,,,,0,0,,0
"Product","/products/f180-tpe-sex-doll-159cm",1,1,0,0,0,0,2,,0,0,0,225,2,0,,0,1,1,0,0,0,0,2,,0,0,0,225,2,0,,0,0,0,,,,,0,,,,,0,0,,,
"Product","/products/f5147-163cm-d-cup-ros-silicone-sex-doll-galatea-doll",1,1,0,0,0,0,8,,0,0,0,841,8,0,,0,1,1,0,0,0,0,8,,0,0,0,841,8,0,,0,0,0,,,,,0,,,,,0,0,,,
"Product","/products/h101-sex-doll-head",1,1,0,0,0,0,1,,0,0,0,0,1,1,,1,1,1,0,0,0,0,1,,0,0,0,0,1,1,,1,0,0,,,,,0,,,,,,0,0,,0
"Product","/products/f4742-175cm-5ft4-e-cup-movable-jaws-silicone-sex-doll-in-stock-usa-canada-inspiration-zelex-doll",1,1,0,0,0,0,2,,0,0,0,776,2,0,,0,1,1,0,0,0,0,2,,0,0,0,776,2,0,,0,0,0,,,,,0,,,,,0,0,,,
,"/de/products/p114-1-3lb-fake-pussy-realistic-masturbator-mini-sex-doll-torso-in-stock-mrl",1,1,0,0,0,0,1,,0,0,0,0,1,1,,1,1,1,0,0,0,0,1,,0,0,0,0,1,1,,1,0,0,,,,,0,,,,,,0,0,,0
"Product","/products/f6304-170cm-5-6ft-38kg-f-cup-ros-silicone-realistic-sex-doll-celebrity-weight-reduction-ido-doll",1,1,0,0,0,0,1,,0,0,0,0,1,1,,1,1,1,0,0,0,0,1,,0,0,0,0,1,1,,1,0,0,,,,,0,,,,,,0,0,,0
"Collection","/collections/torso-sex-dolls",1,1,0,0,0,0,1,,0,0,0,0,1,1,,1,1,1,0,0,0,0,1,,0,0,0,0,1,1,,1,0,0,,,,,0,,,,,,0,0,,0
"Product","/products/f4460-166cm5f4-41kg-h-cup-big-breast-silicone-head-medium-butt-black-hair-sex-doll-aibei-doll",1,1,0,0,0,0,2,,0,0,0,1597,2,0,,0,1,1,0,0,0,0,2,,0,0,0,1597,2,0,,0,0,0,,,,,0,,,,,0,0,,,
,"/en-ca/blogs/featured-blog/2026-sex-doll-lubricant-recommendations-find-the-perfect-formula-for-your-experience",1,1,0,0,0,0,1,,0,0,0,0,1,1,,1,1,1,0,0,0,0,1,,0,0,0,0,1,1,,1,0,0,,,,,0,,,,,,0,0,,0
