"登陆页面类型","登陆页面路径","在线商店访客","访问","有商品添加到购物车的访问","到达结账页面的访问","完成结账的访问","转化率","页面浏览量","结账转化率","添加至购物车率","到达结账页面率","到达并完成结账的访问","平均访问持续时间","每次访问的页面浏览量","跳出率","完成结账率","跳出次数","Online store visitors (20260629)","Sessions (20260629)","Sessions with cart additions (20260629)","Sessions that reached checkout (20260629)","Sessions that completed checkout (20260629)","Conversion rate (20260629)","Pageviews (20260629)","Checkout conversion rate (20260629)","Added to cart rate (20260629)","Reached checkout rate (20260629)","Sessions that reached and completed checkout (20260629)","Average session duration (20260629)","Pageviews per session (20260629)","Bounce rate (20260629)","Completed checkout rate (20260629)","Bounces (20260629)","Online store visitors (20260629) ","Sessions (20260629) ","Sessions with cart additions (20260629) ","Sessions that reached checkout (20260629) ","Sessions that completed checkout (20260629) ","Conversion rate (20260629) ","Pageviews (20260629) ","Checkout conversion rate (20260629) ","Added to cart rate (20260629) ","Reached checkout rate (20260629) ","Sessions that reached and completed checkout (20260629) ","Average session duration (20260629) ","Pageviews per session (20260629) ","Bounce rate (20260629) ","Completed checkout rate (20260629) ","Bounces (20260629) "
"Collection","/collections/full-doll",1308,1344,28,15,0,0,6207,0,0.020833333333333332,0.011160714285714286,0,181.88244047619048,4.618303571428571,0.39732142857142855,0,534,1308,1344,28,15,0,0,6207,0,0.020833333333333332,0.011160714285714286,0,181.88244047619048,4.618303571428571,0.39732142857142855,0,534,0,0,0,0,,,0,,0,0,,0,0,0,,0
"Homepage","/",1126,1238,28,14,1,0.0008077544426494346,6916,0.07142857142857142,0.022617124394184167,0.011308562197092083,1,254.47253634894992,5.586429725363489,0.3360258481421648,0.09090909090909091,416,1126,1238,28,14,1,0.0008077544426494346,6916,0.07142857142857142,0.022617124394184167,0.011308562197092083,1,254.47253634894992,5.586429725363489,0.3360258481421648,0.09090909090909091,416,0,0,0,0,0,0,0,0,0,0,0,0,0,0,0,0
"Collection","/collections/robotic-sex-doll",1070,1099,6,3,0,0,2765,0,0.00545950864422202,0.00272975432211101,0,110.82893539581438,2.515923566878981,0.5878070973612375,0,646,1070,1099,6,3,0,0,2765,0,0.00545950864422202,0.00272975432211101,0,110.82893539581438,2.515923566878981,0.5878070973612375,0,646,0,0,0,0,,,0,,0,0,,0,0,0,,0
"Collection","/collections/bbw-sex-doll-torso",1021,1079,12,4,1,0.0009267840593141798,4469,0.25,0.011121408711770158,0.0037071362372567192,1,205.81278962001855,4.14179796107507,0.42910101946246526,0.25,463,1021,1079,12,4,1,0.0009267840593141798,4469,0.25,0.011121408711770158,0.0037071362372567192,1,205.81278962001855,4.14179796107507,0.42910101946246526,0.25,463,0,0,0,0,0,0,0,0,0,0,0,0,0,0,0,0
"Collection","/collections/anime-sex-doll",832,861,5,2,0,0,2658,0,0.005807200929152149,0.0023228803716608595,0,103.28339140534263,3.087108013937282,0.5307781649245064,0,457,832,861,5,2,0,0,2658,0,0.005807200929152149,0.0023228803716608595,0,103.28339140534263,3.087108013937282,0.5307781649245064,0,457,0,0,0,0,,,0,,0,0,,0,0,0,,0
"Collection","/collections/sex-doll-videos",792,812,1,1,0,0,1757,0,0.0012315270935960591,0.0012315270935960591,0,60.847290640394085,2.163793103448276,0.7660098522167488,0,622,792,812,1,1,0,0,1757,0,0.0012315270935960591,0.0012315270935960591,0,60.847290640394085,2.163793103448276,0.7660098522167488,0,622,0,0,0,0,,,0,,0,0,,0,0,0,,0
"Collection","/collections/sex-doll-head",758,786,15,6,0,0,4248,0,0.019083969465648856,0.007633587786259542,0,264.34860050890586,5.404580152671755,0.227735368956743,0,179,758,786,15,6,0,0,4248,0,0.019083969465648856,0.007633587786259542,0,264.34860050890586,5.404580152671755,0.227735368956743,0,179,0,0,0,0,,,0,,0,0,,0,0,0,,0
"Blog Article","/blogs/featured-blog/how-to-make-fake-pussy",769,780,0,0,0,0,978,,0,0,0,34.508974358974356,1.2538461538461538,0.8833333333333333,,689,769,780,0,0,0,0,978,,0,0,0,34.508974358974356,1.2538461538461538,0.8833333333333333,,689,0,0,,,,,0,,,,,0,0,0,,0
"Collection","/collections/celebrity-sex-dolls",716,726,2,0,0,0,2464,,0.0027548209366391185,0,0,140.76446280991735,3.393939393939394,0.4393939393939394,,319,716,726,2,0,0,0,2464,,0.0027548209366391185,0,0,140.76446280991735,3.393939393939394,0.4393939393939394,,319,0,0,0,,,,0,,0,,,0,0,0,,0
"Collection","/collections/all",602,613,8,2,0,0,1988,0,0.013050570962479609,0.0032626427406199023,0,131.83034257748776,3.2430668841761827,0.4812398042414356,0,295,602,613,8,2,0,0,1988,0,0.013050570962479609,0.0032626427406199023,0,131.83034257748776,3.2430668841761827,0.4812398042414356,0,295,0,0,0,0,,,0,,0,0,,0,0,0,,0
"Blog Article","/blogs/featured-blog/how-to-diy-an-sex-doll-you",501,507,2,0,0,0,681,,0.0039447731755424065,0,0,36.09664694280079,1.3431952662721893,0.8658777120315582,,439,501,507,2,0,0,0,681,,0.0039447731755424065,0,0,36.09664694280079,1.3431952662721893,0.8658777120315582,,439,0,0,0,,,,0,,0,,,0,0,0,,0
"Collection","/collections/furry-sex-doll",473,492,1,1,0,0,1319,0,0.0020325203252032522,0.0020325203252032522,0,112.89634146341463,2.680894308943089,0.5752032520325203,0,283,473,492,1,1,0,0,1319,0,0.0020325203252032522,0.0020325203252032522,0,112.89634146341463,2.680894308943089,0.5752032520325203,0,283,0,0,0,0,,,0,,0,0,,0,0,0,,0
"Collection","/collections/fake-ass-sex-toy",448,461,10,7,1,0.0021691973969631237,1294,0.14285714285714285,0.021691973969631236,0.015184381778741865,1,125.08676789587852,2.806941431670282,0.5032537960954447,0.14285714285714285,232,448,461,10,7,1,0.0021691973969631237,1294,0.14285714285714285,0.021691973969631236,0.015184381778741865,1,125.08676789587852,2.806941431670282,0.5032537960954447,0.14285714285714285,232,0,0,0,0,0,0,0,0,0,0,0,0,0,0,0,0
"Collection","/collections/shemale-sex-doll-torso-1",440,450,3,1,0,0,1626,0,0.006666666666666667,0.0022222222222222222,0,181.87777777777777,3.6133333333333333,0.4177777777777778,0,188,440,450,3,1,0,0,1626,0,0.006666666666666667,0.0022222222222222222,0,181.87777777777777,3.6133333333333333,0.4177777777777778,0,188,0,0,0,0,,,0,,0,0,,0,0,0,,0
"Collection","/collections/femboys-sex-doll",432,450,6,3,1,0.0022222222222222222,1573,0.3333333333333333,0.013333333333333334,0.006666666666666667,1,150.35111111111112,3.4955555555555557,0.47555555555555556,0.3333333333333333,214,432,450,6,3,1,0.0022222222222222222,1573,0.3333333333333333,0.013333333333333334,0.006666666666666667,1,150.35111111111112,3.4955555555555557,0.47555555555555556,0.3333333333333333,214,0,0,0,0,0,0,0,0,0,0,0,0,0,0,0,0
"Collection","/collections/sex-doll-torso-dildo-for-woman",421,436,2,1,0,0,1411,0,0.0045871559633027525,0.0022935779816513763,0,157.83256880733944,3.2362385321100917,0.45642201834862384,0,199,421,436,2,1,0,0,1411,0,0.0045871559633027525,0.0022935779816513763,0,157.83256880733944,3.2362385321100917,0.45642201834862384,0,199,0,0,0,0,,,0,,0,0,,0,0,0,,0
"Collection","/collections/futa-sex-doll",337,350,2,1,0,0,1330,0,0.005714285714285714,0.002857142857142857,0,194.25428571428571,3.8,0.47714285714285715,0,167,337,350,2,1,0,0,1330,0,0.005714285714285714,0.002857142857142857,0,194.25428571428571,3.8,0.47714285714285715,0,167,0,0,0,0,,,0,,0,0,,0,0,0,,0
"Collection","/collections/fake-pussy-fake-vagina-sex-toys",278,283,3,2,0,0,726,0,0.01060070671378092,0.007067137809187279,0,90.48763250883393,2.5653710247349824,0.5865724381625441,0,166,278,283,3,2,0,0,726,0,0.01060070671378092,0.007067137809187279,0,90.48763250883393,2.5653710247349824,0.5865724381625441,0,166,0,0,0,0,,,0,,0,0,,0,0,0,,0
"Collection","/collections/black-sex-dolls",267,283,0,0,0,0,1106,,0,0,0,195,3.908127208480565,0.3992932862190813,,113,267,283,0,0,0,0,1106,,0,0,0,195,3.908127208480565,0.3992932862190813,,113,0,0,,,,,0,,,,,0,0,0,,0
"Collection","/collections/flat-chest-sex-doll",253,261,2,0,0,0,916,,0.007662835249042145,0,0,180.70498084291188,3.5095785440613025,0.4674329501915709,,122,253,261,2,0,0,0,916,,0.007662835249042145,0,0,180.70498084291188,3.5095785440613025,0.4674329501915709,,122,0,0,0,,,,0,,0,,,0,0,0,,0
"Blog Article","/blogs/dolls-info-qustions/how-to-make-a-fake-ass-sex-toy",254,255,0,0,0,0,370,,0,0,0,46.51372549019608,1.4509803921568627,0.8196078431372549,,209,254,255,0,0,0,0,370,,0,0,0,46.51372549019608,1.4509803921568627,0.8196078431372549,,209,0,0,,,,,0,,,,,0,0,0,,0
"Collection","/collections/boob-job-sex-toys",212,220,2,1,0,0,537,0,0.00909090909090909,0.004545454545454545,0,105.47727272727273,2.440909090909091,0.6636363636363637,0,146,212,220,2,1,0,0,537,0,0.00909090909090909,0.004545454545454545,0,105.47727272727273,2.440909090909091,0.6636363636363637,0,146,0,0,0,0,,,0,,0,0,,0,0,0,,0
"Collection","/collections/sex-doll-torso",174,186,1,0,0,0,905,,0.005376344086021506,0,0,214.61827956989248,4.865591397849462,0.3279569892473118,,61,174,186,1,0,0,0,905,,0.005376344086021506,0,0,214.61827956989248,4.865591397849462,0.3279569892473118,,61,0,0,0,,,,0,,0,,,0,0,0,,0
"Collection","/collections/enchanting-delights-2024-top-real-sex-doll-recommendations",182,182,0,0,0,0,622,,0,0,0,142.67582417582418,3.4175824175824174,0.45604395604395603,,83,182,182,0,0,0,0,622,,0,0,0,142.67582417582418,3.4175824175824174,0.45604395604395603,,83,0,0,,,,,0,,,,,0,0,0,,0
"Collection","/collections/black-torso-sex-dolls",170,181,0,0,0,0,459,,0,0,0,130.8342541436464,2.5359116022099446,0.5966850828729282,,108,170,181,0,0,0,0,459,,0,0,0,130.8342541436464,2.5359116022099446,0.5966850828729282,,108,0,0,,,,,0,,,,,0,0,0,,0
"Collection","/collections/huge-breasts-sex-dolls",173,181,0,0,0,0,840,,0,0,0,227.87292817679557,4.640883977900552,0.4585635359116022,,83,173,181,0,0,0,0,840,,0,0,0,227.87292817679557,4.640883977900552,0.4585635359116022,,83,0,0,,,,,0,,,,,0,0,0,,0
"Collection","/collections/asian-sex-doll",175,179,0,0,0,0,514,,0,0,0,119,2.8715083798882683,0.6759776536312849,,121,175,179,0,0,0,0,514,,0,0,0,119,2.8715083798882683,0.6759776536312849,,121,0,0,,,,,0,,,,,0,0,0,,0
"Collection","/collections/18s-sex-doll",159,163,1,0,0,0,351,,0.006134969325153374,0,0,104.37423312883436,2.1533742331288344,0.6503067484662577,,106,159,163,1,0,0,0,351,,0.006134969325153374,0,0,104.37423312883436,2.1533742331288344,0.6503067484662577,,106,0,0,0,,,,0,,0,,,0,0,0,,0
"Collection","/collections/under-100",152,158,2,0,0,0,557,,0.012658227848101266,0,0,146.36708860759492,3.5253164556962027,0.569620253164557,,90,152,158,2,0,0,0,557,,0.012658227848101266,0,0,146.36708860759492,3.5253164556962027,0.569620253164557,,90,0,0,0,,,,0,,0,,,0,0,0,,0
"Collection","/collections/big-booty-sex-dolls",144,149,1,1,0,0,535,0,0.006711409395973154,0.006711409395973154,0,221.40268456375838,3.5906040268456376,0.38926174496644295,0,58,144,149,1,1,0,0,535,0,0.006711409395973154,0.006711409395973154,0,221.40268456375838,3.5906040268456376,0.38926174496644295,0,58,0,0,0,0,,,0,,0,0,,0,0,0,,0
"Blog Article","/blogs/sex-doll-torso-blog/top-7-sex-poses-with-your-torso-sex-doll",135,139,0,0,0,0,196,,0,0,0,42.36690647482014,1.410071942446043,0.8633093525179856,,120,135,139,0,0,0,0,196,,0,0,0,42.36690647482014,1.410071942446043,0.8633093525179856,,120,0,0,,,,,0,,,,,0,0,0,,0
,"/de/collections/robotic-sex-doll",135,136,0,0,0,0,441,,0,0,0,81.5,3.2426470588235294,0.6691176470588235,,91,135,136,0,0,0,0,441,,0,0,0,81.5,3.2426470588235294,0.6691176470588235,,91,0,0,,,,,0,,,,,0,0,0,,0
"Collection","/collections/silicone-ass",124,129,0,0,0,0,534,,0,0,0,172.015503875969,4.1395348837209305,0.5116279069767442,,66,124,129,0,0,0,0,534,,0,0,0,172.015503875969,4.1395348837209305,0.5116279069767442,,66,0,0,,,,,0,,,,,0,0,0,,0
"Collection","/collections/anime-mini-sex-doll",119,123,0,0,0,0,285,,0,0,0,85.84552845528455,2.317073170731707,0.6260162601626016,,77,119,123,0,0,0,0,285,,0,0,0,85.84552845528455,2.317073170731707,0.6260162601626016,,77,0,0,,,,,0,,,,,0,0,0,,0
"Collection","/collections/anime-pocket-pussy",116,116,0,0,0,0,246,,0,0,0,77.51724137931035,2.1206896551724137,0.646551724137931,,75,116,116,0,0,0,0,246,,0,0,0,77.51724137931035,2.1206896551724137,0.646551724137931,,75,0,0,,,,,0,,,,,0,0,0,,0
"Collection","/collections/shemale-sex-toy",112,114,0,0,0,0,256,,0,0,0,126.07894736842105,2.245614035087719,0.631578947368421,,72,112,114,0,0,0,0,256,,0,0,0,126.07894736842105,2.245614035087719,0.631578947368421,,72,0,0,,,,,0,,,,,0,0,0,,0
"Collection","/collections/lesbian-sex-doll-torso",97,100,0,0,0,0,194,,0,0,0,74.81,1.94,0.7,,70,97,100,0,0,0,0,194,,0,0,0,74.81,1.94,0.7,,70,0,0,,,,,0,,,,,0,0,0,,0
"Collection","/collections/animal-hentai-sex-doll",95,99,1,0,0,0,312,,0.010101010101010102,0,0,151.57575757575756,3.1515151515151514,0.48484848484848486,,48,95,99,1,0,0,0,312,,0.010101010101010102,0,0,151.57575757575756,3.1515151515151514,0.48484848484848486,,48,0,0,0,,,,0,,0,,,0,0,0,,0
"Collection","/collections/sex-doll-feet",95,97,0,0,0,0,275,,0,0,0,117.4639175257732,2.8350515463917527,0.5463917525773195,,53,95,97,0,0,0,0,275,,0,0,0,117.4639175257732,2.8350515463917527,0.5463917525773195,,53,0,0,,,,,0,,,,,0,0,0,,0
"Custom Page","/pages/sex-doll-gif",95,96,0,0,0,0,208,,0,0,0,52.5,2.1666666666666665,0.8125,,78,95,96,0,0,0,0,208,,0,0,0,52.5,2.1666666666666665,0.8125,,78,0,0,,,,,0,,,,,0,0,0,,0
"Collection","/collections/mini-sex-doll-torso",91,95,0,0,0,0,205,,0,0,0,104.97894736842105,2.1578947368421053,0.631578947368421,,60,91,95,0,0,0,0,205,,0,0,0,104.97894736842105,2.1578947368421053,0.631578947368421,,60,0,0,,,,,0,,,,,0,0,0,,0
"Collection","/collections/foot-pocket-pussy",88,93,2,1,1,0.010752688172043012,254,1,0.021505376344086023,0.010752688172043012,1,88.80645161290323,2.7311827956989245,0.6344086021505376,1,59,88,93,2,1,1,0.010752688172043012,254,1,0.021505376344086023,0.010752688172043012,1,88.80645161290323,2.7311827956989245,0.6344086021505376,1,59,0,0,0,0,0,0,0,0,0,0,0,0,0,0,0,0
"Collection","/collections/vibrating-sex-doll-torso",90,93,0,0,0,0,164,,0,0,0,52.53763440860215,1.7634408602150538,0.6021505376344086,,56,90,93,0,0,0,0,164,,0,0,0,52.53763440860215,1.7634408602150538,0.6021505376344086,,56,0,0,,,,,0,,,,,0,0,0,,0
"Collection","/collections/mini-sex-doll",88,93,1,0,0,0,255,,0.010752688172043012,0,0,96.89247311827957,2.7419354838709675,0.6236559139784946,,58,88,93,1,0,0,0,255,,0.010752688172043012,0,0,96.89247311827957,2.7419354838709675,0.6236559139784946,,58,0,0,0,,,,0,,0,,,0,0,0,,0
,"/de/blogs/featured-blog/how-to-make-fake-pussy",89,89,0,0,0,0,108,,0,0,0,22.808988764044944,1.2134831460674158,0.8876404494382022,,79,89,89,0,0,0,0,108,,0,0,0,22.808988764044944,1.2134831460674158,0.8876404494382022,,79,0,0,,,,,0,,,,,0,0,0,,0
"Collection","/collections/best-seller-sex-dolls-under-200",80,82,2,1,1,0.012195121951219513,176,1,0.024390243902439025,0.012195121951219513,1,98.13414634146342,2.1463414634146343,0.5365853658536586,1,44,80,82,2,1,1,0.012195121951219513,176,1,0.024390243902439025,0.012195121951219513,1,98.13414634146342,2.1463414634146343,0.5365853658536586,1,44,0,0,0,0,0,0,0,0,0,0,0,0,0,0,0,0
,"/ja/blogs/featured-blog/how-to-make-fake-pussy",71,74,0,0,0,0,86,,0,0,0,13.608108108108109,1.162162162162162,0.8783783783783784,,65,71,74,0,0,0,0,86,,0,0,0,13.608108108108109,1.162162162162162,0.8783783783783784,,65,0,0,,,,,0,,,,,0,0,0,,0
"Collection","/collections/torso-shemale-sex-doll",72,73,0,0,0,0,214,,0,0,0,146.013698630137,2.9315068493150687,0.4383561643835616,,32,72,73,0,0,0,0,214,,0,0,0,146.013698630137,2.9315068493150687,0.4383561643835616,,32,0,0,,,,,0,,,,,0,0,0,,0
"Collection","/collections/pocket-pussy-ass",71,72,0,0,0,0,175,,0,0,0,47.986111111111114,2.4305555555555554,0.6805555555555556,,49,71,72,0,0,0,0,175,,0,0,0,47.986111111111114,2.4305555555555554,0.6805555555555556,,49,0,0,,,,,0,,,,,0,0,0,,0
"Product","/products/599-83lb-sex-doll-torso-with-realistic-oversized-ass",62,69,0,0,0,0,216,,0,0,0,131.1014492753623,3.130434782608696,0.5797101449275363,,40,62,69,0,0,0,0,216,,0,0,0,131.1014492753623,3.130434782608696,0.5797101449275363,,40,0,0,,,,,0,,,,,0,0,0,,0
"Collection","/collections/vajankle-foot-fetish-toys",64,64,0,0,0,0,224,,0,0,0,109.25,3.5,0.5,,32,64,64,0,0,0,0,224,,0,0,0,109.25,3.5,0.5,,32,0,0,,,,,0,,,,,0,0,0,,0
"Blog Article","/blogs/dolls-info-qustions/gentlemans-paradise-exploring-nsfw-anime-figures-and-sex-dolls",63,64,0,0,0,0,128,,0,0,0,28,2,0.765625,,49,63,64,0,0,0,0,128,,0,0,0,28,2,0.765625,,49,0,0,,,,,0,,,,,0,0,0,,0
"Product","/products/f2455-164cm5-4ft-39kg-g-cup-life-size-silicone-head-sex-doll-in-stock-us-sigafun-doll",61,61,0,0,0,0,61,,0,0,0,0,1,1,,61,61,61,0,0,0,0,61,,0,0,0,0,1,1,,61,0,0,,,,,0,,,,,,0,0,,0
,"/en-ca",56,60,0,0,0,0,360,,0,0,0,370.8,6,0.35,,21,56,60,0,0,0,0,360,,0,0,0,370.8,6,0.35,,21,0,0,,,,,0,,,,,0,0,0,,0
"Collection","/collections/bbw-black-sex-doll",54,58,0,0,0,0,167,,0,0,0,158.67241379310346,2.8793103448275863,0.43103448275862066,,25,54,58,0,0,0,0,167,,0,0,0,158.67241379310346,2.8793103448275863,0.43103448275862066,,25,0,0,,,,,0,,,,,0,0,0,,0
"List of Collections","/collections/vendors",51,56,0,0,0,0,130,,0,0,0,80.44642857142857,2.3214285714285716,0.5714285714285714,,32,51,56,0,0,0,0,130,,0,0,0,80.44642857142857,2.3214285714285716,0.5714285714285714,,32,0,0,,,,,0,,,,,0,0,0,,0
,"/en-ca/collections/sex-doll-head",53,53,0,0,0,0,272,,0,0,0,195.60377358490567,5.132075471698113,0.11320754716981132,,6,53,53,0,0,0,0,272,,0,0,0,195.60377358490567,5.132075471698113,0.11320754716981132,,6,0,0,,,,,0,,,,,0,0,0,,0
"Collection","/collections/chinese-sex-doll",52,53,0,0,0,0,103,,0,0,0,120.45283018867924,1.9433962264150944,0.7169811320754716,,38,52,53,0,0,0,0,103,,0,0,0,120.45283018867924,1.9433962264150944,0.7169811320754716,,38,0,0,,,,,0,,,,,0,0,0,,0
,"/en-fi/blogs/featured-blog/how-to-make-fake-pussy",52,53,0,0,0,0,61,,0,0,0,13.056603773584905,1.150943396226415,0.9056603773584906,,48,52,53,0,0,0,0,61,,0,0,0,13.056603773584905,1.150943396226415,0.9056603773584906,,48,0,0,,,,,0,,,,,0,0,0,,0
,"/en-ca/collections/robotic-sex-doll",50,52,1,0,0,0,145,,0.019230769230769232,0,0,114.15384615384616,2.7884615384615383,0.5769230769230769,,30,50,52,1,0,0,0,145,,0.019230769230769232,0,0,114.15384615384616,2.7884615384615383,0.5769230769230769,,30,0,0,0,,,,0,,0,,,0,0,0,,0
,"/en-ca/collections/bbw-sex-doll-torso",48,52,0,0,0,0,207,,0,0,0,243.96153846153845,3.980769230769231,0.36538461538461536,,19,48,52,0,0,0,0,207,,0,0,0,243.96153846153845,3.980769230769231,0.36538461538461536,,19,0,0,,,,,0,,,,,0,0,0,,0
,"/en-ca/collections/full-doll",51,51,1,0,0,0,242,,0.0196078431372549,0,0,209.13725490196077,4.745098039215686,0.23529411764705882,,12,51,51,1,0,0,0,242,,0.0196078431372549,0,0,209.13725490196077,4.745098039215686,0.23529411764705882,,12,0,0,0,,,,0,,0,,,0,0,0,,0
"Collection","/collections/life-size-anime-sex-doll",50,51,0,0,0,0,218,,0,0,0,212.2941176470588,4.2745098039215685,0.3333333333333333,,17,50,51,0,0,0,0,218,,0,0,0,212.2941176470588,4.2745098039215685,0.3333333333333333,,17,0,0,,,,,0,,,,,0,0,0,,0
,"/en-ca/collections/all",51,51,0,1,0,0,130,0,0,0.0196078431372549,0,57.88235294117647,2.549019607843137,0.6078431372549019,,31,51,51,0,1,0,0,130,0,0,0.0196078431372549,0,57.88235294117647,2.549019607843137,0.6078431372549019,,31,0,0,,0,,,0,,,0,,0,0,0,,0
"Product","/products/57-32lb-sex-doll-torso-with-life-size-ass-and-soft-skin-512-sex-doll-torso",46,51,1,1,0,0,216,0,0.0196078431372549,0.0196078431372549,0,168.11764705882354,4.235294117647059,0.5490196078431373,0,28,46,51,1,1,0,0,216,0,0.0196078431372549,0.0196078431372549,0,168.11764705882354,4.235294117647059,0.5490196078431373,0,28,0,0,0,0,,,0,,0,0,,0,0,0,,0
"Collection","/collections/petite-sex-doll",50,50,0,0,0,0,109,,0,0,0,54.38,2.18,0.66,,33,50,50,0,0,0,0,109,,0,0,0,54.38,2.18,0.66,,33,0,0,,,,,0,,,,,0,0,0,,0
,"/en-ca/collections/celebrity-sex-dolls",50,50,0,0,0,0,170,,0,0,0,112.3,3.4,0.5,,25,50,50,0,0,0,0,170,,0,0,0,112.3,3.4,0.5,,25,0,0,,,,,0,,,,,0,0,0,,0
"Blog Article","/blogs/dolls-info-qustions/how-to-titty-fuck-experience-the-ultimate-pleasure-with-a-huge-breast-sex-doll",48,50,0,0,0,0,82,,0,0,0,52.18,1.64,0.82,,41,48,50,0,0,0,0,82,,0,0,0,52.18,1.64,0.82,,41,0,0,,,,,0,,,,,0,0,0,,0
"Collection","/collections/ros-sex-doll-heads-1",45,49,2,0,0,0,169,,0.04081632653061224,0,0,203.0408163265306,3.4489795918367347,0.6530612244897959,,32,45,49,2,0,0,0,169,,0.04081632653061224,0,0,203.0408163265306,3.4489795918367347,0.6530612244897959,,32,0,0,0,,,,0,,0,,,0,0,0,,0
"Collection","/collections/torso-dildo",49,49,0,0,0,0,139,,0,0,0,158.9591836734694,2.836734693877551,0.5510204081632653,,27,49,49,0,0,0,0,139,,0,0,0,158.9591836734694,2.836734693877551,0.5510204081632653,,27,0,0,,,,,0,,,,,0,0,0,,0
"Collection","/collections/life-size-shemale-sex-doll",46,48,0,0,0,0,201,,0,0,0,242.5625,4.1875,0.4583333333333333,,22,46,48,0,0,0,0,201,,0,0,0,242.5625,4.1875,0.4583333333333333,,22,0,0,,,,,0,,,,,0,0,0,,0
"Collection","/collections/fake-pussy-hentai-sex-doll",45,46,0,0,0,0,133,,0,0,0,96.95652173913044,2.891304347826087,0.4782608695652174,,22,45,46,0,0,0,0,133,,0,0,0,96.95652173913044,2.891304347826087,0.4782608695652174,,22,0,0,,,,,0,,,,,0,0,0,,0
"Product","/products/t901-21-51lb-c-cup-7-08-dildo-electric-shemale-big-penis-male-female-sex-doll-torso-adult-toys",46,46,1,0,0,0,85,,0.021739130434782608,0,0,32.80434782608695,1.8478260869565217,0.9347826086956522,,43,46,46,1,0,0,0,85,,0.021739130434782608,0,0,32.80434782608695,1.8478260869565217,0.9347826086956522,,43,0,0,0,,,,0,,0,,,0,0,0,,0
,"/de/collections/vendors",45,45,0,0,0,0,72,,0,0,0,44.17777777777778,1.6,0.7777777777777778,,35,45,45,0,0,0,0,72,,0,0,0,44.17777777777778,1.6,0.7777777777777778,,35,0,0,,,,,0,,,,,0,0,0,,0
,"/en-ca/collections/furry-sex-doll",44,45,0,0,0,0,116,,0,0,0,164,2.577777777777778,0.6,,27,44,45,0,0,0,0,116,,0,0,0,164,2.577777777777778,0.6,,27,0,0,,,,,0,,,,,0,0,0,,0
"Collection","/collections/naked-sex-doll",44,45,0,0,0,0,109,,0,0,0,124.37777777777778,2.422222222222222,0.4888888888888889,,22,44,45,0,0,0,0,109,,0,0,0,124.37777777777778,2.422222222222222,0.4888888888888889,,22,0,0,,,,,0,,,,,0,0,0,,0
"Product","/products/a664-37-5lb-silicone-butt-sexy-and-real-realistic-big-ass-sex-doll-torso",42,43,0,0,0,0,88,,0,0,0,84.30232558139535,2.046511627906977,0.7906976744186046,,34,42,43,0,0,0,0,88,,0,0,0,84.30232558139535,2.046511627906977,0.7906976744186046,,34,0,0,,,,,0,,,,,0,0,0,,0
"Collection","/collections/silicone-pocket-pussy",40,41,0,0,0,0,105,,0,0,0,129.46341463414635,2.5609756097560976,0.6829268292682927,,28,40,41,0,0,0,0,105,,0,0,0,129.46341463414635,2.5609756097560976,0.6829268292682927,,28,0,0,,,,,0,,,,,0,0,0,,0
"Product","/products/a499-bbw-big-booty-silicone-sex-doll-torso",39,41,0,0,0,0,83,,0,0,0,131.46341463414635,2.024390243902439,0.7804878048780488,,32,39,41,0,0,0,0,83,,0,0,0,131.46341463414635,2.024390243902439,0.7804878048780488,,32,0,0,,,,,0,,,,,0,0,0,,0
"Collection","/collections/ai-sex-doll",40,40,0,0,0,0,74,,0,0,0,54.85,1.85,0.725,,29,40,40,0,0,0,0,74,,0,0,0,54.85,1.85,0.725,,29,0,0,,,,,0,,,,,0,0,0,,0
,"/en-ca/collections/vendors",40,40,0,0,0,0,45,,0,0,0,1.9,1.125,0.9,,36,40,40,0,0,0,0,45,,0,0,0,1.9,1.125,0.9,,36,0,0,,,,,0,,,,,0,0,0,,0
"Collection","/collections/mini-hentai-sex-doll",39,39,0,0,0,0,82,,0,0,0,56.64102564102564,2.1025641025641026,0.5384615384615384,,21,39,39,0,0,0,0,82,,0,0,0,56.64102564102564,2.1025641025641026,0.5384615384615384,,21,0,0,,,,,0,,,,,0,0,0,,0
,"/de/collections/futa-sex-doll",39,39,0,0,0,0,101,,0,0,0,62.205128205128204,2.58974358974359,0.5128205128205128,,20,39,39,0,0,0,0,101,,0,0,0,62.205128205128204,2.58974358974359,0.5128205128205128,,20,0,0,,,,,0,,,,,0,0,0,,0
"Blog Article","/blogs/dolls-info-qustions/why-do-men-like-to-have-sex-with-bigass-women",39,39,0,0,0,0,99,,0,0,0,60.8974358974359,2.5384615384615383,0.8974358974358975,,35,39,39,0,0,0,0,99,,0,0,0,60.8974358974359,2.5384615384615383,0.8974358974358975,,35,0,0,,,,,0,,,,,0,0,0,,0
"Cart","/cart",30,38,10,6,0,0,293,0,0.2631578947368421,0.15789473684210525,0,452.39473684210526,7.7105263157894735,0.3157894736842105,0,12,30,38,10,6,0,0,293,0,0.2631578947368421,0.15789473684210525,0,452.39473684210526,7.7105263157894735,0.3157894736842105,0,12,0,0,0,0,,,0,,0,0,,0,0,0,,0
"Blog Article","/blogs/dolls-info-qustions/5-things-to-know-before-trying-the-stand-and-carry-sexual-position",38,38,0,0,0,0,39,,0,0,0,22.289473684210527,1.0263157894736843,0.9736842105263158,,37,38,38,0,0,0,0,39,,0,0,0,22.289473684210527,1.0263157894736843,0.9736842105263158,,37,0,0,,,,,0,,,,,0,0,0,,0
"Collection","/collections/alien-sex-dolls",37,37,0,0,0,0,183,,0,0,0,287.4864864864865,4.945945945945946,0.5675675675675675,,21,37,37,0,0,0,0,183,,0,0,0,287.4864864864865,4.945945945945946,0.5675675675675675,,21,0,0,,,,,0,,,,,0,0,0,,0
"Collection","/collections/best-sellers-in-big-boobs",36,36,1,0,0,0,195,,0.027777777777777776,0,0,331.8611111111111,5.416666666666667,0.6666666666666666,,24,36,36,1,0,0,0,195,,0.027777777777777776,0,0,331.8611111111111,5.416666666666667,0.6666666666666666,,24,0,0,0,,,,0,,0,,,0,0,0,,0
"Collection","/collections/male-sex-doll",33,35,0,0,0,0,104,,0,0,0,208.94285714285715,2.9714285714285715,0.6571428571428571,,23,33,35,0,0,0,0,104,,0,0,0,208.94285714285715,2.9714285714285715,0.6571428571428571,,23,0,0,,,,,0,,,,,0,0,0,,0
"Collection","/collections/life-sized-sex-doll",34,35,0,0,0,0,115,,0,0,0,104.74285714285715,3.2857142857142856,0.6285714285714286,,22,34,35,0,0,0,0,115,,0,0,0,104.74285714285715,3.2857142857142856,0.6285714285714286,,22,0,0,,,,,0,,,,,0,0,0,,0
,"/en-ca/collections/anime-sex-doll",33,34,0,0,0,0,113,,0,0,0,110.6470588235294,3.323529411764706,0.5,,17,33,34,0,0,0,0,113,,0,0,0,110.6470588235294,3.323529411764706,0.5,,17,0,0,,,,,0,,,,,0,0,0,,0
"Collection","/collections/hentai-sex-dolls-connecting-fantasy-to-reality",34,34,0,0,0,0,92,,0,0,0,53.970588235294116,2.7058823529411766,0.5588235294117647,,19,34,34,0,0,0,0,92,,0,0,0,53.970588235294116,2.7058823529411766,0.5588235294117647,,19,0,0,,,,,0,,,,,0,0,0,,0
"Collection","/collections/young-male-sex-doll",33,34,1,1,0,0,95,0,0.029411764705882353,0.029411764705882353,0,115.61764705882354,2.7941176470588234,0.5882352941176471,0,20,33,34,1,1,0,0,95,0,0.029411764705882353,0.029411764705882353,0,115.61764705882354,2.7941176470588234,0.5882352941176471,0,20,0,0,0,0,,,0,,0,0,,0,0,0,,0
,"/en-ca/blogs/featured-blog/how-to-diy-an-sex-doll-you",33,34,0,0,0,0,42,,0,0,0,39.88235294117647,1.2352941176470589,0.8529411764705882,,29,33,34,0,0,0,0,42,,0,0,0,39.88235294117647,1.2352941176470589,0.8529411764705882,,29,0,0,,,,,0,,,,,0,0,0,,0
"Collection","/collections/top-rated-japanese-sex-dolls-in-2026",33,33,1,0,0,0,75,,0.030303030303030304,0,0,73.78787878787878,2.272727272727273,0.6363636363636364,,21,33,33,1,0,0,0,75,,0.030303030303030304,0,0,73.78787878787878,2.272727272727273,0.6363636363636364,,21,0,0,0,,,,0,,0,,,0,0,0,,0
"Custom Page","/pages/full-doll",32,33,1,0,0,0,133,,0.030303030303030304,0,0,177.27272727272728,4.03030303030303,0.2727272727272727,,9,32,33,1,0,0,0,133,,0.030303030303030304,0,0,177.27272727272728,4.03030303030303,0.2727272727272727,,9,0,0,0,,,,0,,0,,,0,0,0,,0
,"/en-ca/collections/sex-doll-torso-dildo-for-woman",32,33,0,0,0,0,129,,0,0,0,200.6060606060606,3.909090909090909,0.3333333333333333,,11,32,33,0,0,0,0,129,,0,0,0,200.6060606060606,3.909090909090909,0.3333333333333333,,11,0,0,,,,,0,,,,,0,0,0,,0
,"/en-ca/blogs/featured-blog/how-to-make-fake-pussy",31,32,0,0,0,0,39,,0,0,0,25.3125,1.21875,0.8125,,26,31,32,0,0,0,0,39,,0,0,0,25.3125,1.21875,0.8125,,26,0,0,,,,,0,,,,,0,0,0,,0
"Collection","/collections/monster-hentai-sex-doll",32,32,0,0,0,0,126,,0,0,0,131.59375,3.9375,0.5625,,18,32,32,0,0,0,0,126,,0,0,0,131.59375,3.9375,0.5625,,18,0,0,,,,,0,,,,,0,0,0,,0
,"/en-ca/collections/shemale-sex-doll-torso-1",30,32,0,0,0,0,143,,0,0,0,194.71875,4.46875,0.34375,,11,30,32,0,0,0,0,143,,0,0,0,194.71875,4.46875,0.34375,,11,0,0,,,,,0,,,,,0,0,0,,0
"Collection","/collections/under-1000-full-doll",24,32,0,0,0,0,87,,0,0,0,153.125,2.71875,0.625,,20,24,32,0,0,0,0,87,,0,0,0,153.125,2.71875,0.625,,20,0,0,,,,,0,,,,,0,0,0,,0
"Blog Article","/blogs/dolls-info-qustions/top-cydoll-auto-blowjob-function-game-changing-feature-now-live",30,31,0,0,0,0,61,,0,0,0,73.54838709677419,1.967741935483871,0.6774193548387096,,21,30,31,0,0,0,0,61,,0,0,0,73.54838709677419,1.967741935483871,0.6774193548387096,,21,0,0,,,,,0,,,,,0,0,0,,0
"Blog Article","/blogs/dolls-info-qustions/%F0%9F%94%A5-top-5-most-popular-big-butt-chubby-belly-curvy-body-pornstar-style-sex-dolls-in-2025-%F0%9F%94%A5",29,30,0,0,0,0,43,,0,0,0,15.9,1.4333333333333333,0.8333333333333334,,25,29,30,0,0,0,0,43,,0,0,0,15.9,1.4333333333333333,0.8333333333333334,,25,0,0,,,,,0,,,,,0,0,0,,0
,"/ja/collections/vendors",29,29,0,0,0,0,30,,0,0,0,0.896551724137931,1.0344827586206897,0.9655172413793104,,28,29,29,0,0,0,0,30,,0,0,0,0.896551724137931,1.0344827586206897,0.9655172413793104,,28,0,0,,,,,0,,,,,0,0,0,,0
"Collection","/collections/halloween-sex-doll",29,29,1,0,0,0,103,,0.034482758620689655,0,0,341.41379310344826,3.5517241379310347,0.3793103448275862,,11,29,29,1,0,0,0,103,,0.034482758620689655,0,0,341.41379310344826,3.5517241379310347,0.3793103448275862,,11,0,0,0,,,,0,,0,,,0,0,0,,0
"Blog Article","/blogs/dolls-info-qustions/a-must-read-for-anime-fans-anime-futa-sex-dolls-bring-your-2d-fantasy-to-life",29,29,0,0,0,0,69,,0,0,0,120.24137931034483,2.3793103448275863,0.5517241379310345,,16,29,29,0,0,0,0,69,,0,0,0,120.24137931034483,2.3793103448275863,0.5517241379310345,,16,0,0,,,,,0,,,,,0,0,0,,0
"Collection","/collections/black-male-sex-doll",26,28,0,0,0,0,50,,0,0,0,72.89285714285714,1.7857142857142858,0.7142857142857143,,20,26,28,0,0,0,0,50,,0,0,0,72.89285714285714,1.7857142857142858,0.7142857142857143,,20,0,0,,,,,0,,,,,0,0,0,,0
"Collection","/collections/electric-pocket-pussy",28,28,0,0,0,0,48,,0,0,0,35.92857142857143,1.7142857142857142,0.7142857142857143,,20,28,28,0,0,0,0,48,,0,0,0,35.92857142857143,1.7142857142857142,0.7142857142857143,,20,0,0,,,,,0,,,,,0,0,0,,0
"Blog Article","/blogs/dolls-info-qustions/shocking-in-depth-review-of-naimi-1-1-celebrity-sex-doll",28,28,1,1,0,0,57,0,0.03571428571428571,0.03571428571428571,0,74.75,2.0357142857142856,0.7142857142857143,0,20,28,28,1,1,0,0,57,0,0.03571428571428571,0.03571428571428571,0,74.75,2.0357142857142856,0.7142857142857143,0,20,0,0,0,0,,,0,,0,0,,0,0,0,,0
"Collection","/collections/tpe-ass",27,28,0,0,0,0,85,,0,0,0,139.17857142857142,3.0357142857142856,0.32142857142857145,,9,27,28,0,0,0,0,85,,0,0,0,139.17857142857142,3.0357142857142856,0.32142857142857145,,9,0,0,,,,,0,,,,,0,0,0,,0
"Collection","/collections/onahole",27,27,0,0,0,0,62,,0,0,0,32.629629629629626,2.2962962962962963,0.6666666666666666,,18,27,27,0,0,0,0,62,,0,0,0,32.629629629629626,2.2962962962962963,0.6666666666666666,,18,0,0,,,,,0,,,,,0,0,0,,0
"Blog Article","/blogs/real-sex-doll-reviews-pros-cons-real-usage-tests/2026-meru-hentai-sex-doll-review-comprehensive-comparison-of-4-hot-models",27,27,1,1,0,0,46,0,0.037037037037037035,0.037037037037037035,0,52.925925925925924,1.7037037037037037,0.7407407407407407,0,20,27,27,1,1,0,0,46,0,0.037037037037037035,0.037037037037037035,0,52.925925925925924,1.7037037037037037,0.7407407407407407,0,20,0,0,0,0,,,0,,0,0,,0,0,0,,0
,"/ja/collections/vibrating-sex-doll-torso",27,27,0,0,0,0,40,,0,0,0,24.59259259259259,1.4814814814814814,0.7407407407407407,,20,27,27,0,0,0,0,40,,0,0,0,24.59259259259259,1.4814814814814814,0.7407407407407407,,20,0,0,,,,,0,,,,,0,0,0,,0
"Collection","/collections/bbw-ass-torso",26,26,0,0,0,0,48,,0,0,0,124.3076923076923,1.8461538461538463,0.6153846153846154,,16,26,26,0,0,0,0,48,,0,0,0,124.3076923076923,1.8461538461538463,0.6153846153846154,,16,0,0,,,,,0,,,,,0,0,0,,0
,"/en-ca/collections/fake-ass-sex-toy",24,26,2,1,0,0,83,0,0.07692307692307693,0.038461538461538464,0,84.92307692307692,3.1923076923076925,0.5,0,13,24,26,2,1,0,0,83,0,0.07692307692307693,0.038461538461538464,0,84.92307692307692,3.1923076923076925,0.5,0,13,0,0,0,0,,,0,,0,0,,0,0,0,,0
,"/de/collections/celebrity-sex-dolls",24,26,0,0,0,0,34,,0,0,0,66.03846153846153,1.3076923076923077,0.8076923076923077,,21,24,26,0,0,0,0,34,,0,0,0,66.03846153846153,1.3076923076923077,0.8076923076923077,,21,0,0,,,,,0,,,,,0,0,0,,0
,"/en-fi/collections/vendors",25,25,0,0,0,0,26,,0,0,0,0.32,1.04,0.96,,24,25,25,0,0,0,0,26,,0,0,0,0.32,1.04,0.96,,24,0,0,,,,,0,,,,,0,0,0,,0
"Blog Article","/blogs/dolls-info-qustions/why-do-women-enjoy-anal-sex-5-honest-reasons-you-never-expected",25,25,0,0,0,0,36,,0,0,0,38.16,1.44,0.8,,20,25,25,0,0,0,0,36,,0,0,0,38.16,1.44,0.8,,20,0,0,,,,,0,,,,,0,0,0,,0
"Collection","/collections/cheap-sex-doll",23,25,0,0,0,0,72,,0,0,0,113.12,2.88,0.56,,14,23,25,0,0,0,0,72,,0,0,0,113.12,2.88,0.56,,14,0,0,,,,,0,,,,,0,0,0,,0
"Product","/collections/sex-doll-torso/products/591sex-doll-torso",25,25,0,0,0,0,158,,0,0,0,300.52,6.32,0.32,,8,25,25,0,0,0,0,158,,0,0,0,300.52,6.32,0.32,,8,0,0,,,,,0,,,,,0,0,0,,0
"Custom Page","/pages/torso-sex-doll-videos",22,24,0,0,0,0,54,,0,0,0,203.70833333333334,2.25,0.5416666666666666,,13,22,24,0,0,0,0,54,,0,0,0,203.70833333333334,2.25,0.5416666666666666,,13,0,0,,,,,0,,,,,0,0,0,,0
,"/en-ca/collections/flat-chest-sex-doll",23,23,0,0,0,0,64,,0,0,0,120.56521739130434,2.782608695652174,0.6086956521739131,,14,23,23,0,0,0,0,64,,0,0,0,120.56521739130434,2.782608695652174,0.6086956521739131,,14,0,0,,,,,0,,,,,0,0,0,,0
"Blog Article","/blogs/dolls-info-qustions/what-s-it-really-like-to-have-sex-nbsp-with-a-sex-doll",23,23,0,0,0,0,36,,0,0,0,81,1.565217391304348,0.6521739130434783,,15,23,23,0,0,0,0,36,,0,0,0,81,1.565217391304348,0.6521739130434783,,15,0,0,,,,,0,,,,,0,0,0,,0
"Blog Article","/blogs/dolls-info-qustions/vaginal-and-anal-design-of-life-size-sex-dolls",23,23,0,0,0,0,54,,0,0,0,51.08695652173913,2.347826086956522,0.7391304347826086,,17,23,23,0,0,0,0,54,,0,0,0,51.08695652173913,2.347826086956522,0.7391304347826086,,17,0,0,,,,,0,,,,,0,0,0,,0
"Collection","/collections/bbw-latina-sex-doll",22,22,0,0,0,0,62,,0,0,0,86.72727272727273,2.8181818181818183,0.6818181818181818,,15,22,22,0,0,0,0,62,,0,0,0,86.72727272727273,2.8181818181818183,0.6818181818181818,,15,0,0,,,,,0,,,,,0,0,0,,0
"Collection","/collections/life-size-ass",19,22,0,0,0,0,67,,0,0,0,167.04545454545453,3.0454545454545454,0.5909090909090909,,13,19,22,0,0,0,0,67,,0,0,0,167.04545454545453,3.0454545454545454,0.5909090909090909,,13,0,0,,,,,0,,,,,0,0,0,,0
"Collection","/collections/torso-sex-doll-with-gel-breasts",20,22,0,0,0,0,57,,0,0,0,172.27272727272728,2.590909090909091,0.5,,11,20,22,0,0,0,0,57,,0,0,0,172.27272727272728,2.590909090909091,0.5,,11,0,0,,,,,0,,,,,0,0,0,,0
"Custom Page","/pages/all-category",19,22,1,0,0,0,140,,0.045454545454545456,0,0,302.77272727272725,6.363636363636363,0.5,,11,19,22,1,0,0,0,140,,0.045454545454545456,0,0,302.77272727272725,6.363636363636363,0.5,,11,0,0,0,,,,0,,0,,,0,0,0,,0
,"/en-ca/collections/femboys-sex-doll",21,22,0,0,0,0,69,,0,0,0,81.86363636363636,3.1363636363636362,0.36363636363636365,,8,21,22,0,0,0,0,69,,0,0,0,81.86363636363636,3.1363636363636362,0.36363636363636365,,8,0,0,,,,,0,,,,,0,0,0,,0
"Search","/search",20,21,3,1,0,0,87,0,0.14285714285714285,0.047619047619047616,0,216.95238095238096,4.142857142857143,0.38095238095238093,0,8,20,21,3,1,0,0,87,0,0.14285714285714285,0.047619047619047616,0,216.95238095238096,4.142857142857143,0.38095238095238093,0,8,0,0,0,0,,,0,,0,0,,0,0,0,,0
,"/de/blogs/dolls-info-qustions/shocking-in-depth-review-of-naimi-1-1-celebrity-sex-doll",21,21,0,0,0,0,31,,0,0,0,20,1.4761904761904763,0.6666666666666666,,14,21,21,0,0,0,0,31,,0,0,0,20,1.4761904761904763,0.6666666666666666,,14,0,0,,,,,0,,,,,0,0,0,,0
"Blog Article","/blogs/dolls-info-qustions/top-5-best-foot-fetish-toys-you-can-buy-online-in-2025",21,21,0,0,0,0,80,,0,0,0,193.38095238095238,3.8095238095238093,0.5714285714285714,,12,21,21,0,0,0,0,80,,0,0,0,193.38095238095238,3.8095238095238093,0.5714285714285714,,12,0,0,,,,,0,,,,,0,0,0,,0
"Product","/products/f7891-14kg-silicone-cute-furry-sex-doll-demon-sheep-rabbit-mrl",13,21,0,0,0,0,25,,0,0,0,33.38095238095238,1.1904761904761905,0.8095238095238095,,17,13,21,0,0,0,0,25,,0,0,0,33.38095238095238,1.1904761904761905,0.8095238095238095,,17,0,0,,,,,0,,,,,0,0,0,,0
"Collection","/collections/300-600",20,21,0,0,0,0,33,,0,0,0,42.904761904761905,1.5714285714285714,0.6190476190476191,,13,20,21,0,0,0,0,33,,0,0,0,42.904761904761905,1.5714285714285714,0.6190476190476191,,13,0,0,,,,,0,,,,,0,0,0,,0
"Collection","/collections/sucking-vagina-ai-sex-doll",20,21,0,0,0,0,116,,0,0,0,238.85714285714286,5.523809523809524,0.47619047619047616,,10,20,21,0,0,0,0,116,,0,0,0,238.85714285714286,5.523809523809524,0.47619047619047616,,10,0,0,,,,,0,,,,,0,0,0,,0
"Collection","/collections/mini-flat-chest-sex-doll",21,21,0,0,0,0,47,,0,0,0,59.523809523809526,2.238095238095238,0.6666666666666666,,14,21,21,0,0,0,0,47,,0,0,0,59.523809523809526,2.238095238095238,0.6666666666666666,,14,0,0,,,,,0,,,,,0,0,0,,0
"Collection","/collections/silicone-sex-dolls",20,20,0,0,0,0,30,,0,0,0,89.15,1.5,0.7,,14,20,20,0,0,0,0,30,,0,0,0,89.15,1.5,0.7,,14,0,0,,,,,0,,,,,0,0,0,,0
"Collection","/collections/sex-doll-legs",20,20,0,0,0,0,94,,0,0,0,292.85,4.7,0.45,,9,20,20,0,0,0,0,94,,0,0,0,292.85,4.7,0.45,,9,0,0,,,,,0,,,,,0,0,0,,0
"Collection","/collections/bbw-milf-sex-doll",19,20,0,0,0,0,106,,0,0,0,256.5,5.3,0.35,,7,19,20,0,0,0,0,106,,0,0,0,256.5,5.3,0.35,,7,0,0,,,,,0,,,,,0,0,0,,0
,"/en-ca/collections/enchanting-delights-2024-top-real-sex-doll-recommendations",20,20,0,0,0,0,57,,0,0,0,109.4,2.85,0.5,,10,20,20,0,0,0,0,57,,0,0,0,109.4,2.85,0.5,,10,0,0,,,,,0,,,,,0,0,0,,0
"Collection","/collections/hyper-realistic-sex-doll",20,20,1,0,0,0,87,,0.05,0,0,301.45,4.35,0.4,,8,20,20,1,0,0,0,87,,0.05,0,0,301.45,4.35,0.4,,8,0,0,0,,,,0,,0,,,0,0,0,,0
"Blog Article","/blogs/dolls-info-qustions/exploring-the-best-breasts-for-titty-fucking",20,20,0,0,0,0,22,,0,0,0,1.65,1.1,0.9,,18,20,20,0,0,0,0,22,,0,0,0,1.65,1.1,0.9,,18,0,0,,,,,0,,,,,0,0,0,,0
,"/de/collections/bbw-ass-torso",18,20,0,0,0,0,39,,0,0,0,123.25,1.95,0.6,,12,18,20,0,0,0,0,39,,0,0,0,123.25,1.95,0.6,,12,0,0,,,,,0,,,,,0,0,0,,0
"Product","/products/b43-silicone-sex-doll-big-boobs-torso-gel-breasts",19,19,0,0,0,0,35,,0,0,0,72.15789473684211,1.8421052631578947,0.9473684210526315,,18,19,19,0,0,0,0,35,,0,0,0,72.15789473684211,1.8421052631578947,0.9473684210526315,,18,0,0,,,,,0,,,,,0,0,0,,0
"Collection","/collections/huge-breasts-japanese-sex-doll",19,19,0,0,0,0,79,,0,0,0,240.8421052631579,4.157894736842105,0.5789473684210527,,11,19,19,0,0,0,0,79,,0,0,0,240.8421052631579,4.157894736842105,0.5789473684210527,,11,0,0,,,,,0,,,,,0,0,0,,0
"Collection","/collections/big-ass-sex-doll-torso",19,19,0,0,0,0,51,,0,0,0,137.21052631578948,2.6842105263157894,0.5789473684210527,,11,19,19,0,0,0,0,51,,0,0,0,137.21052631578948,2.6842105263157894,0.5789473684210527,,11,0,0,,,,,0,,,,,0,0,0,,0
"Product","/products/t435-72-75lb-silicone-lifesize-anime-sex-doll-ssbbw-sex-doll-torso-lovenestle",10,19,1,1,1,0.05263157894736842,82,1,0.05263157894736842,0.05263157894736842,1,219.78947368421052,4.315789473684211,0.6842105263157895,1,13,10,19,1,1,1,0.05263157894736842,82,1,0.05263157894736842,0.05263157894736842,1,219.78947368421052,4.315789473684211,0.6842105263157895,1,13,0,0,0,0,0,0,0,0,0,0,0,0,0,0,0,0
"Collection","/collections/teen-sex-dolls",19,19,0,0,0,0,28,,0,0,0,48,1.4736842105263157,0.7894736842105263,,15,19,19,0,0,0,0,28,,0,0,0,48,1.4736842105263157,0.7894736842105263,,15,0,0,,,,,0,,,,,0,0,0,,0
,"/de/collections/sex-doll-feet",18,19,0,0,0,0,62,,0,0,0,63.73684210526316,3.263157894736842,0.47368421052631576,,9,18,19,0,0,0,0,62,,0,0,0,63.73684210526316,3.263157894736842,0.47368421052631576,,9,0,0,,,,,0,,,,,0,0,0,,0
,"/de/collections/shemale-sex-doll",19,19,0,0,0,0,64,,0,0,0,124.63157894736842,3.3684210526315788,0.5789473684210527,,11,19,19,0,0,0,0,64,,0,0,0,124.63157894736842,3.3684210526315788,0.5789473684210527,,11,0,0,,,,,0,,,,,0,0,0,,0
"Product","/products/moonvalel-leopard-170cm-silicone-ros-f763",18,19,1,0,0,0,58,,0.05263157894736842,0,0,188.94736842105263,3.0526315789473686,0.631578947368421,,12,18,19,1,0,0,0,58,,0.05263157894736842,0,0,188.94736842105263,3.0526315789473686,0.631578947368421,,12,0,0,0,,,,0,,0,,,0,0,0,,0
"Product","/products/f2319a-163cm5-3ft-53kg-g-cup-hips-over-140-ros-movable-jaw-super-fat-bbw-huge-ass-sex-doll%E4%B8%A8sy-doll",13,18,0,0,0,0,46,,0,0,0,253.77777777777777,2.5555555555555554,0.6666666666666666,,12,13,18,0,0,0,0,46,,0,0,0,253.77777777777777,2.5555555555555554,0.6666666666666666,,12,0,0,,,,,0,,,,,0,0,0,,0
,"/en-ca/blogs/dolls-info-qustions/how-to-make-a-fake-ass-sex-toy",18,18,0,0,0,0,20,,0,0,0,64,1.1111111111111112,0.8888888888888888,,16,18,18,0,0,0,0,20,,0,0,0,64,1.1111111111111112,0.8888888888888888,,16,0,0,,,,,0,,,,,0,0,0,,0
,"/de/blogs/dolls-info-qustions/gentlemans-paradise-exploring-nsfw-anime-figures-and-sex-dolls",18,18,0,0,0,0,46,,0,0,0,140.77777777777777,2.5555555555555554,0.6111111111111112,,11,18,18,0,0,0,0,46,,0,0,0,140.77777777777777,2.5555555555555554,0.6111111111111112,,11,0,0,,,,,0,,,,,0,0,0,,0
"Blog Article","/blogs/dolls-info-qustions/discover-the-secrets-of-the-vagina",17,17,0,0,0,0,42,,0,0,0,99,2.4705882352941178,0.7058823529411765,,12,17,17,0,0,0,0,42,,0,0,0,99,2.4705882352941178,0.7058823529411765,,12,0,0,,,,,0,,,,,0,0,0,,0
"Collection","/collections/top-cydoll",16,17,0,0,0,0,87,,0,0,0,235.2941176470588,5.117647058823529,0.35294117647058826,,6,16,17,0,0,0,0,87,,0,0,0,235.2941176470588,5.117647058823529,0.35294117647058826,,6,0,0,,,,,0,,,,,0,0,0,,0
"Collection","/collections/sy-doll",14,17,1,0,0,0,58,,0.058823529411764705,0,0,185.58823529411765,3.411764705882353,0.35294117647058826,,6,14,17,1,0,0,0,58,,0.058823529411764705,0,0,185.58823529411765,3.411764705882353,0.35294117647058826,,6,0,0,0,,,,0,,0,,,0,0,0,,0
"Collection","/collections/100-199",14,17,0,0,0,0,46,,0,0,0,155.35294117647058,2.7058823529411766,0.7647058823529411,,13,14,17,0,0,0,0,46,,0,0,0,155.35294117647058,2.7058823529411766,0.7647058823529411,,13,0,0,,,,,0,,,,,0,0,0,,0
"Collection","/collections/erovenus-sex-doll",17,17,0,0,0,0,85,,0,0,0,184.47058823529412,5,0.5882352941176471,,10,17,17,0,0,0,0,85,,0,0,0,184.47058823529412,5,0.5882352941176471,,10,0,0,,,,,0,,,,,0,0,0,,0
,"/en-ca/collections/fake-pussy-fake-vagina-sex-toys",17,17,0,0,0,0,71,,0,0,0,165.64705882352942,4.176470588235294,0.4117647058823529,,7,17,17,0,0,0,0,71,,0,0,0,165.64705882352942,4.176470588235294,0.4117647058823529,,7,0,0,,,,,0,,,,,0,0,0,,0
,"/en-ca/collections/sex-doll-torso",17,17,0,0,0,0,58,,0,0,0,101.41176470588235,3.411764705882353,0.23529411764705882,,4,17,17,0,0,0,0,58,,0,0,0,101.41176470588235,3.411764705882353,0.23529411764705882,,4,0,0,,,,,0,,,,,0,0,0,,0
,"/en-ca/collections/asian-sex-doll",16,16,0,0,0,0,26,,0,0,0,69.9375,1.625,0.5625,,9,16,16,0,0,0,0,26,,0,0,0,69.9375,1.625,0.5625,,9,0,0,,,,,0,,,,,0,0,0,,0
"Collection","/collections/big-ass-sex-dolls",16,16,0,0,0,0,37,,0,0,0,75.625,2.3125,0.5,,8,16,16,0,0,0,0,37,,0,0,0,75.625,2.3125,0.5,,8,0,0,,,,,0,,,,,0,0,0,,0
,"/ja/collections/robotic-sex-doll",16,16,0,0,0,0,24,,0,0,0,12.5,1.5,0.6875,,11,16,16,0,0,0,0,24,,0,0,0,12.5,1.5,0.6875,,11,0,0,,,,,0,,,,,0,0,0,,0
"Product","/products/f5425-elsa-babe-hentai-anime-waifu-sex-dolls-silicone-head-150cm-27-5kg",16,16,0,0,0,0,63,,0,0,0,123.8125,3.9375,0.625,,10,16,16,0,0,0,0,63,,0,0,0,123.8125,3.9375,0.625,,10,0,0,,,,,0,,,,,0,0,0,,0
"Product","/products/h651-ros-free-hair-impants-real-oral-movable-jaw-silicone-sex-doll-head-meizaoren",5,16,0,0,0,0,146,,0,0,0,463.25,9.125,0.3125,,5,5,16,0,0,0,0,146,,0,0,0,463.25,9.125,0.3125,,5,0,0,,,,,0,,,,,0,0,0,,0
"Collection","/collections/doll-castle",14,16,0,0,0,0,82,,0,0,0,242.9375,5.125,0.5,,8,14,16,0,0,0,0,82,,0,0,0,242.9375,5.125,0.5,,8,0,0,,,,,0,,,,,0,0,0,,0
"Blog Article","/blogs/dolls-info-qustions/what-weight-of-butt-torso-sex-dolls-is-most-suitable",16,16,1,0,0,0,50,,0.0625,0,0,167.6875,3.125,0.8125,,13,16,16,1,0,0,0,50,,0.0625,0,0,167.6875,3.125,0.8125,,13,0,0,0,,,,0,,0,,,0,0,0,,0
"Collection","/collections/mini-bbw-sex-doll",14,16,0,0,0,0,30,,0,0,0,38.625,1.875,0.625,,10,14,16,0,0,0,0,30,,0,0,0,38.625,1.875,0.625,,10,0,0,,,,,0,,,,,0,0,0,,0
"Collection","/collections/saggy-huge-breast-sex-doll",13,15,0,0,0,0,24,,0,0,0,24.133333333333333,1.6,0.6666666666666666,,10,13,15,0,0,0,0,24,,0,0,0,24.133333333333333,1.6,0.6666666666666666,,10,0,0,,,,,0,,,,,0,0,0,,0
"Collection","/collections/ai-sex-dolls-list",15,15,0,0,0,0,93,,0,0,0,322.4,6.2,0.4666666666666667,,7,15,15,0,0,0,0,93,,0,0,0,322.4,6.2,0.4666666666666667,,7,0,0,,,,,0,,,,,0,0,0,,0
"Collection","/collections/fantasy-sex-dolls",15,15,0,0,0,0,37,,0,0,0,144.86666666666667,2.466666666666667,0.4666666666666667,,7,15,15,0,0,0,0,37,,0,0,0,144.86666666666667,2.466666666666667,0.4666666666666667,,7,0,0,,,,,0,,,,,0,0,0,,0
,"/de/collections/huge-breast-torso-sex-doll",15,15,1,1,0,0,104,0,0.06666666666666667,0.06666666666666667,0,254.2,6.933333333333334,0.4666666666666667,0,7,15,15,1,1,0,0,104,0,0.06666666666666667,0.06666666666666667,0,254.2,6.933333333333334,0.4666666666666667,0,7,0,0,0,0,,,0,,0,0,,0,0,0,,0
,"/de/collections/shemale-sex-doll-torso-1",15,15,0,0,0,0,33,,0,0,0,38.4,2.2,0.4,,6,15,15,0,0,0,0,33,,0,0,0,38.4,2.2,0.4,,6,0,0,,,,,0,,,,,0,0,0,,0
"Product","/products/v324-silicone-ultra-realistic-foot-toy-with-veins-and-wrinkles",15,15,0,0,0,0,20,,0,0,0,32.46666666666667,1.3333333333333333,0.9333333333333333,,14,15,15,0,0,0,0,20,,0,0,0,32.46666666666667,1.3333333333333333,0.9333333333333333,,14,0,0,,,,,0,,,,,0,0,0,,0
"Blog Article","/blogs/dolls-info-qustions/must-read-for-trans-men-sleeves-vs-electric-pocket-pussy-which-one-is-right-for-you",15,15,0,0,0,0,17,,0,0,0,11.133333333333333,1.1333333333333333,0.9333333333333333,,14,15,15,0,0,0,0,17,,0,0,0,11.133333333333333,1.1333333333333333,0.9333333333333333,,14,0,0,,,,,0,,,,,0,0,0,,0
"Collection","/collections/sex-doll-anal",15,15,0,0,0,0,62,,0,0,0,206.06666666666666,4.133333333333334,0.5333333333333333,,8,15,15,0,0,0,0,62,,0,0,0,206.06666666666666,4.133333333333334,0.5333333333333333,,8,0,0,,,,,0,,,,,0,0,0,,0
"Collection","/collections/cheap-mini-sex-doll",15,15,0,0,0,0,20,,0,0,0,96.93333333333334,1.3333333333333333,0.7333333333333333,,11,15,15,0,0,0,0,20,,0,0,0,96.93333333333334,1.3333333333333333,0.7333333333333333,,11,0,0,,,,,0,,,,,0,0,0,,0
"Collection","/collections/firefly-diary",14,15,0,0,0,0,110,,0,0,0,386.6666666666667,7.333333333333333,0.4,,6,14,15,0,0,0,0,110,,0,0,0,386.6666666666667,7.333333333333333,0.4,,6,0,0,,,,,0,,,,,0,0,0,,0
"Collection","/collections/japanese-anime-sex-doll",14,15,0,0,0,0,43,,0,0,0,93.6,2.8666666666666667,0.5333333333333333,,8,14,15,0,0,0,0,43,,0,0,0,93.6,2.8666666666666667,0.5333333333333333,,8,0,0,,,,,0,,,,,0,0,0,,0
,"/de/collections/silicone-pocket-pussy",14,14,0,0,0,0,22,,0,0,0,10.285714285714286,1.5714285714285714,0.8571428571428571,,12,14,14,0,0,0,0,22,,0,0,0,10.285714285714286,1.5714285714285714,0.8571428571428571,,12,0,0,,,,,0,,,,,0,0,0,,0
"Blog Article","/blogs/dolls-info-qustions/have-sex-with-a-japnese-sex-doll",13,14,0,0,0,0,15,,0,0,0,7.5,1.0714285714285714,0.9285714285714286,,13,13,14,0,0,0,0,15,,0,0,0,7.5,1.0714285714285714,0.9285714285714286,,13,0,0,,,,,0,,,,,0,0,0,,0
"Collection","/collections/bezlya",13,14,0,0,0,0,31,,0,0,0,93.07142857142857,2.2142857142857144,0.42857142857142855,,6,13,14,0,0,0,0,31,,0,0,0,93.07142857142857,2.2142857142857144,0.42857142857142855,,6,0,0,,,,,0,,,,,0,0,0,,0
"Collection","/collections/big-ass-sex-doll-life-size",10,14,0,0,0,0,50,,0,0,0,203.57142857142858,3.5714285714285716,0.21428571428571427,,3,10,14,0,0,0,0,50,,0,0,0,203.57142857142858,3.5714285714285716,0.21428571428571427,,3,0,0,,,,,0,,,,,0,0,0,,0
"Collection","/collections/fat-sex-doll",14,14,0,0,0,0,39,,0,0,0,72.64285714285714,2.7857142857142856,0.5,,7,14,14,0,0,0,0,39,,0,0,0,72.64285714285714,2.7857142857142856,0.5,,7,0,0,,,,,0,,,,,0,0,0,,0
"Blog Article","/blogs/dolls-info-qustions/how-to-play-with-a-big-booty-sex-doll-these-positions-will-blow-your-mind",14,14,0,0,0,0,22,,0,0,0,51.92857142857143,1.5714285714285714,0.7857142857142857,,11,14,14,0,0,0,0,22,,0,0,0,51.92857142857143,1.5714285714285714,0.7857142857142857,,11,0,0,,,,,0,,,,,0,0,0,,0
"Collection","/collections/zelex-doll",11,14,0,0,0,0,34,,0,0,0,48.5,2.4285714285714284,0.7857142857142857,,11,11,14,0,0,0,0,34,,0,0,0,48.5,2.4285714285714284,0.7857142857142857,,11,0,0,,,,,0,,,,,0,0,0,,0
"Product","/products/f9284-178cm-5ft10-63kg-p-cup-ros-silicone-pawg-sex-doll-doll-castle",13,14,2,0,0,0,67,,0.14285714285714285,0,0,304.64285714285717,4.785714285714286,0.6428571428571429,,9,13,14,2,0,0,0,67,,0.14285714285714285,0,0,304.64285714285717,4.785714285714286,0.6428571428571429,,9,0,0,0,,,,0,,0,,,0,0,0,,0
"Collection","/collections/in-stock-usa-1",14,14,0,0,0,0,36,,0,0,0,53.785714285714285,2.5714285714285716,0.5,,7,14,14,0,0,0,0,36,,0,0,0,53.785714285714285,2.5714285714285716,0.5,,7,0,0,,,,,0,,,,,0,0,0,,0
,"/en-ca/collections/futa-sex-doll",13,13,0,0,0,0,58,,0,0,0,310.61538461538464,4.461538461538462,0.5384615384615384,,7,13,13,0,0,0,0,58,,0,0,0,310.61538461538464,4.461538461538462,0.5384615384615384,,7,0,0,,,,,0,,,,,0,0,0,,0
,"/en-ca/collections/naked-sex-doll",11,13,0,0,0,0,28,,0,0,0,133,2.1538461538461537,0.6153846153846154,,8,11,13,0,0,0,0,28,,0,0,0,133,2.1538461538461537,0.6153846153846154,,8,0,0,,,,,0,,,,,0,0,0,,0
"Blog Article","/blogs/complete-sex-doll-guide-for-beginners/sex-doll-unboxing-guide-for-beginners-what-every-new-owner-should-know",13,13,0,0,0,0,14,,0,0,0,3.5384615384615383,1.0769230769230769,0.9230769230769231,,12,13,13,0,0,0,0,14,,0,0,0,3.5384615384615383,1.0769230769230769,0.9230769230769231,,12,0,0,,,,,0,,,,,0,0,0,,0
"Product","/products/f5945-155mcm5-1ft-40kg-2-0-g-cup-asian-anime-silicone-head-chinese-sex-doll-bezlya-doll",1,13,0,0,0,0,14,,0,0,0,50.69230769230769,1.0769230769230769,0.9230769230769231,,12,1,13,0,0,0,0,14,,0,0,0,50.69230769230769,1.0769230769230769,0.9230769230769231,,12,0,0,,,,,0,,,,,0,0,0,,0
"Collection","/collections/lifesize-male-sex-doll-torso",13,13,0,0,0,0,32,,0,0,0,220.84615384615384,2.4615384615384617,0.46153846153846156,,6,13,13,0,0,0,0,32,,0,0,0,220.84615384615384,2.4615384615384617,0.46153846153846156,,6,0,0,,,,,0,,,,,0,0,0,,0
"Collection","/collections/torso-under-200",12,13,0,0,0,0,53,,0,0,0,384.61538461538464,4.076923076923077,0.3076923076923077,,4,12,13,0,0,0,0,53,,0,0,0,384.61538461538464,4.076923076923077,0.3076923076923077,,4,0,0,,,,,0,,,,,0,0,0,,0
"Blog Article","/blogs/dolls-info-qustions/guide-to-the-buttocks-of-sex-doll-torsos",13,13,0,0,0,0,13,,0,0,0,0,1,1,,13,13,13,0,0,0,0,13,,0,0,0,0,1,1,,13,0,0,,,,,0,,,,,,0,0,,0
"Collection","/collections/s-tpe-doll",13,13,0,0,0,0,23,,0,0,0,72.61538461538461,1.7692307692307692,0.7692307692307693,,10,13,13,0,0,0,0,23,,0,0,0,72.61538461538461,1.7692307692307692,0.7692307692307693,,10,0,0,,,,,0,,,,,0,0,0,,0
"Collection","/collections/sex-focused-robot-sex-doll",13,13,0,0,0,0,42,,0,0,0,166.84615384615384,3.230769230769231,0.38461538461538464,,5,13,13,0,0,0,0,42,,0,0,0,166.84615384615384,3.230769230769231,0.38461538461538464,,5,0,0,,,,,0,,,,,0,0,0,,0
"Collection","/collections/sex-doll-torso-with-head",11,12,0,0,0,0,80,,0,0,0,295.25,6.666666666666667,0.4166666666666667,,5,11,12,0,0,0,0,80,,0,0,0,295.25,6.666666666666667,0.4166666666666667,,5,0,0,,,,,0,,,,,0,0,0,,0
"Blog Article","/blogs/dolls-info-qustions/why-do-men-love-sucking-breasts-reasons-revealed-busty-sex-doll-recommendations",12,12,0,0,0,0,12,,0,0,0,0,1,1,,12,12,12,0,0,0,0,12,,0,0,0,0,1,1,,12,0,0,,,,,0,,,,,,0,0,,0
"Product","/products/t293-30-9lbs-72cm-super-realistic-luxury-life-size-silicone-sex-doll-torso",5,12,0,0,0,0,13,,0,0,0,58.583333333333336,1.0833333333333333,0.9166666666666666,,11,5,12,0,0,0,0,13,,0,0,0,58.583333333333336,1.0833333333333333,0.9166666666666666,,11,0,0,,,,,0,,,,,0,0,0,,0
"Collection","/collections/shemale-sex-doll",11,12,0,0,0,0,43,,0,0,0,237.5,3.5833333333333335,0.25,,3,11,12,0,0,0,0,43,,0,0,0,237.5,3.5833333333333335,0.25,,3,0,0,,,,,0,,,,,0,0,0,,0
,"/en-ca/collections/boob-job-sex-toys",12,12,1,1,0,0,44,0,0.08333333333333333,0.08333333333333333,0,114,3.6666666666666665,0.5833333333333334,0,7,12,12,1,1,0,0,44,0,0.08333333333333333,0.08333333333333333,0,114,3.6666666666666665,0.5833333333333334,0,7,0,0,0,0,,,0,,0,0,,0,0,0,,0
"Collection","/collections/electric-male-sex-doll",12,12,0,0,0,0,40,,0,0,0,181.08333333333334,3.3333333333333335,0.3333333333333333,,4,12,12,0,0,0,0,40,,0,0,0,181.08333333333334,3.3333333333333335,0.3333333333333333,,4,0,0,,,,,0,,,,,0,0,0,,0
"Collection","/collections/big-ass-sex-doll-tpe-body",12,12,0,0,0,0,48,,0,0,0,190.5,4,0.25,,3,12,12,0,0,0,0,48,,0,0,0,190.5,4,0.25,,3,0,0,,,,,0,,,,,0,0,0,,0
"Blog Article","/blogs/featured-blog/the-4-technical-features-about-sex-doll-skeleton",12,12,0,0,0,0,12,,0,0,0,0,1,1,,12,12,12,0,0,0,0,12,,0,0,0,0,1,1,,12,0,0,,,,,0,,,,,,0,0,,0
"Product","/products/t968-50-7lbs-92cm-silicone-luxury-super-realistic-human-size-sex-dolls-torso-with-head",12,12,0,0,0,0,12,,0,0,0,0,1,1,,12,12,12,0,0,0,0,12,,0,0,0,0,1,1,,12,0,0,,,,,0,,,,,,0,0,,0
,"/de/collections/flat-chest-sex-doll",12,12,0,0,0,0,27,,0,0,0,320.1666666666667,2.25,0.25,,3,12,12,0,0,0,0,27,,0,0,0,320.1666666666667,2.25,0.25,,3,0,0,,,,,0,,,,,0,0,0,,0
"Collection","/collections/pornstar-sex-doll",12,12,0,0,0,0,37,,0,0,0,76.41666666666667,3.0833333333333335,0.5833333333333334,,7,12,12,0,0,0,0,37,,0,0,0,76.41666666666667,3.0833333333333335,0.5833333333333334,,7,0,0,,,,,0,,,,,0,0,0,,0
"Blog Article","/blogs/dolls-info-qustions/4-things-tell-you-how-to-use-a-lesbian-sex-doll",12,12,0,0,0,0,12,,0,0,0,0,1,1,,12,12,12,0,0,0,0,12,,0,0,0,0,1,1,,12,0,0,,,,,0,,,,,,0,0,,0
"Blog Article","/blogs/featured-blog/2025-top-sex-doll-brands-annual-update-summary",10,12,0,0,0,0,17,,0,0,0,269.5833333333333,1.4166666666666667,0.8333333333333334,,10,10,12,0,0,0,0,17,,0,0,0,269.5833333333333,1.4166666666666667,0.8333333333333334,,10,0,0,,,,,0,,,,,0,0,0,,0
"Collection","/collections/milf-sex-dolls",12,12,0,0,0,0,40,,0,0,0,83.41666666666667,3.3333333333333335,0.3333333333333333,,4,12,12,0,0,0,0,40,,0,0,0,83.41666666666667,3.3333333333333335,0.3333333333333333,,4,0,0,,,,,0,,,,,0,0,0,,0
"Collection","/collections/silicone-torso-with-head",11,12,0,0,0,0,25,,0,0,0,67.33333333333333,2.0833333333333335,0.5,,6,11,12,0,0,0,0,25,,0,0,0,67.33333333333333,2.0833333333333335,0.5,,6,0,0,,,,,0,,,,,0,0,0,,0
,"/de/collections/big-ass-sex-doll-life-size",12,12,1,0,0,0,27,,0.08333333333333333,0,0,179.83333333333334,2.25,0.4166666666666667,,5,12,12,1,0,0,0,27,,0.08333333333333333,0,0,179.83333333333334,2.25,0.4166666666666667,,5,0,0,0,,,,0,,0,,,0,0,0,,0
"Collection","/collections/600-999",11,11,0,0,0,0,23,,0,0,0,47.36363636363637,2.090909090909091,0.45454545454545453,,5,11,11,0,0,0,0,23,,0,0,0,47.36363636363637,2.090909090909091,0.45454545454545453,,5,0,0,,,,,0,,,,,0,0,0,,0
"Blog Article","/blogs/dolls-info-qustions/how-to-choose-a-sex-doll-torso-that-matches-your-height",11,11,0,0,0,0,19,,0,0,0,71.9090909090909,1.7272727272727273,0.6363636363636364,,7,11,11,0,0,0,0,19,,0,0,0,71.9090909090909,1.7272727272727273,0.6363636363636364,,7,0,0,,,,,0,,,,,0,0,0,,0
"Collection","/collections/flat-chest-japanese-sex-doll",11,11,0,0,0,0,39,,0,0,0,104.0909090909091,3.5454545454545454,0.18181818181818182,,2,11,11,0,0,0,0,39,,0,0,0,104.0909090909091,3.5454545454545454,0.18181818181818182,,2,0,0,,,,,0,,,,,0,0,0,,0
"Collection","/collections/life-size-torso",9,11,1,0,0,0,62,,0.09090909090909091,0,0,588.0909090909091,5.636363636363637,0.2727272727272727,,3,9,11,1,0,0,0,62,,0.09090909090909091,0,0,588.0909090909091,5.636363636363637,0.2727272727272727,,3,0,0,0,,,,0,,0,,,0,0,0,,0
"Product","/products/f9189-178cm-5ft10-67-5kg-i-cup-ros-silicone-life-size-male-trans-sex-doll-doll-castle",8,11,0,0,0,0,11,,0,0,0,0,1,1,,11,8,11,0,0,0,0,11,,0,0,0,0,1,1,,11,0,0,,,,,0,,,,,,0,0,,0
"Collection","/collections/bbw-sex-dolls",11,11,0,0,0,0,94,,0,0,0,447.72727272727275,8.545454545454545,0.18181818181818182,,2,11,11,0,0,0,0,94,,0,0,0,447.72727272727275,8.545454545454545,0.18181818181818182,,2,0,0,,,,,0,,,,,0,0,0,,0
"Product","/products/f6254-172cm-5-6ft-37-5kg-a-cup-realistic-flat-chest-sex-doll-top-cydoll",3,11,0,0,0,0,16,,0,0,0,158.54545454545453,1.4545454545454546,0.8181818181818182,,9,3,11,0,0,0,0,16,,0,0,0,158.54545454545453,1.4545454545454546,0.8181818181818182,,9,0,0,,,,,0,,,,,0,0,0,,0
"Collection","/collections/md-doll",11,11,0,0,0,0,54,,0,0,0,403.3636363636364,4.909090909090909,0.45454545454545453,,5,11,11,0,0,0,0,54,,0,0,0,403.3636363636364,4.909090909090909,0.45454545454545453,,5,0,0,,,,,0,,,,,0,0,0,,0
"Collection","/collections/big-boobs-sex-dolls",11,11,0,0,0,0,38,,0,0,0,291.6363636363636,3.4545454545454546,0.45454545454545453,,5,11,11,0,0,0,0,38,,0,0,0,291.6363636363636,3.4545454545454546,0.45454545454545453,,5,0,0,,,,,0,,,,,0,0,0,,0
"Product","/products/t239-mini-bbw-sex-doll-torso-collection-fat-belly",11,11,0,0,0,0,13,,0,0,0,0,1.1818181818181819,0.9090909090909091,,10,11,11,0,0,0,0,13,,0,0,0,0,1.1818181818181819,0.9090909090909091,,10,0,0,,,,,0,,,,,,0,0,,0
"Collection","/collections/silicone-sex-doll-heads",11,11,0,0,0,0,110,,0,0,0,380.72727272727275,10,0.36363636363636365,,4,11,11,0,0,0,0,110,,0,0,0,380.72727272727275,10,0.36363636363636365,,4,0,0,,,,,0,,,,,0,0,0,,0
"Blog Index","/blogs/dolls-info-qustions/articles",4,11,0,0,0,0,30,,0,0,0,752.8181818181819,2.727272727272727,0.2727272727272727,,3,4,11,0,0,0,0,30,,0,0,0,752.8181818181819,2.727272727272727,0.2727272727272727,,3,0,0,,,,,0,,,,,0,0,0,,0
"Collection","/collections/curvy-sex-dolls",11,11,0,0,0,0,17,,0,0,0,35.27272727272727,1.5454545454545454,0.8181818181818182,,9,11,11,0,0,0,0,17,,0,0,0,35.27272727272727,1.5454545454545454,0.8181818181818182,,9,0,0,,,,,0,,,,,0,0,0,,0
"Collection","/collections/tpe-sex-dolls",11,11,0,0,0,0,13,,0,0,0,4.454545454545454,1.1818181818181819,0.8181818181818182,,9,11,11,0,0,0,0,13,,0,0,0,4.454545454545454,1.1818181818181819,0.8181818181818182,,9,0,0,,,,,0,,,,,0,0,0,,0
,"/de/collections/monster-hentai-sex-doll",10,10,0,0,0,0,23,,0,0,0,56.2,2.3,0.6,,6,10,10,0,0,0,0,23,,0,0,0,56.2,2.3,0.6,,6,0,0,,,,,0,,,,,0,0,0,,0
"Blog Article","/blogs/dolls-info-qustions/how-to-use-a-milf-sex-doll",10,10,0,0,0,0,15,,0,0,0,235,1.5,0.8,,8,10,10,0,0,0,0,15,,0,0,0,235,1.5,0.8,,8,0,0,,,,,0,,,,,0,0,0,,0
,"/ja/pages/sex-doll-gif",10,10,0,0,0,0,17,,0,0,0,44.9,1.7,0.9,,9,10,10,0,0,0,0,17,,0,0,0,44.9,1.7,0.9,,9,0,0,,,,,0,,,,,0,0,0,,0
"Blog Article","/blogs/dolls-info-qustions/the-latest-sex-dolls-innovations-and-breakthroughs-in-2025",10,10,0,0,0,0,32,,0,0,0,340.9,3.2,0.5,,5,10,10,0,0,0,0,32,,0,0,0,340.9,3.2,0.5,,5,0,0,,,,,0,,,,,0,0,0,,0
"Blog Article","/blogs/dolls-info-qustions/vine-talk-aibox-bringing-your-girl-to-life-and-understanding-your-heart",10,10,0,0,0,0,15,,0,0,0,117.3,1.5,0.7,,7,10,10,0,0,0,0,15,,0,0,0,117.3,1.5,0.7,,7,0,0,,,,,0,,,,,0,0,0,,0
"Collection","/collections/electric-sex-doll-head",10,10,0,0,0,0,125,,0,0,0,877.9,12.5,0.3,,3,10,10,0,0,0,0,125,,0,0,0,877.9,12.5,0.3,,3,0,0,,,,,0,,,,,0,0,0,,0
"Collection","/collections/black-pocket-pussy",10,10,0,0,0,0,16,,0,0,0,24.6,1.6,0.8,,8,10,10,0,0,0,0,16,,0,0,0,24.6,1.6,0.8,,8,0,0,,,,,0,,,,,0,0,0,,0
,"/ja/collections/male-sex-doll",7,10,0,0,0,0,15,,0,0,0,20.6,1.5,0.7,,7,7,10,0,0,0,0,15,,0,0,0,20.6,1.5,0.7,,7,0,0,,,,,0,,,,,0,0,0,,0
"Blog Article","/blogs/dolls-info-qustions/safely-disposing-the-used-sex-dolls",10,10,0,0,0,0,11,,0,0,0,22.1,1.1,0.9,,9,10,10,0,0,0,0,11,,0,0,0,22.1,1.1,0.9,,9,0,0,,,,,0,,,,,0,0,0,,0
"Collection","/collections/silicone-sex-doll-torso-love-torso-silicone-doll",10,10,0,0,0,0,51,,0,0,0,419.4,5.1,0.3,,3,10,10,0,0,0,0,51,,0,0,0,419.4,5.1,0.3,,3,0,0,,,,,0,,,,,0,0,0,,0
,"/en-fi/blogs/dolls-info-qustions/%F0%9F%94%A5-top-5-most-popular-big-butt-chubby-belly-curvy-body-pornstar-style-sex-dolls-in-2025-%F0%9F%94%A5",10,10,0,0,0,0,10,,0,0,0,0,1,1,,10,10,10,0,0,0,0,10,,0,0,0,0,1,1,,10,0,0,,,,,0,,,,,,0,0,,0
"Collection","/collections/climax-doll",10,10,0,0,0,0,39,,0,0,0,361.7,3.9,0.4,,4,10,10,0,0,0,0,39,,0,0,0,361.7,3.9,0.4,,4,0,0,,,,,0,,,,,0,0,0,,0
,"/en-fi",10,10,0,0,0,0,43,,0,0,0,205.6,4.3,0.7,,7,10,10,0,0,0,0,43,,0,0,0,205.6,4.3,0.7,,7,0,0,,,,,0,,,,,0,0,0,,0
"Product","/products/f1439-160cm5f3-39kg-f-cup-chubby-alien-blue-tpe-sex-doll-aibei-doll",1,10,0,0,0,0,10,,0,0,0,0,1,1,,10,1,10,0,0,0,0,10,,0,0,0,0,1,1,,10,0,0,,,,,0,,,,,,0,0,,0
,"/en-ca/collections/black-sex-dolls",10,10,0,0,0,0,51,,0,0,0,466.3,5.1,0.4,,4,10,10,0,0,0,0,51,,0,0,0,466.3,5.1,0.4,,4,0,0,,,,,0,,,,,0,0,0,,0
,"/de/collections/fake-pussy-fake-vagina-sex-toys",10,10,0,0,0,0,47,,0,0,0,71.9,4.7,0.4,,4,10,10,0,0,0,0,47,,0,0,0,71.9,4.7,0.4,,4,0,0,,,,,0,,,,,0,0,0,,0
"Collection","/collections/mini-torso",10,10,1,0,0,0,48,,0.1,0,0,428.2,4.8,0.4,,4,10,10,1,0,0,0,48,,0.1,0,0,428.2,4.8,0.4,,4,0,0,0,,,,0,,0,,,0,0,0,,0
"Blog Article","/blogs/dolls-info-qustions/foot-fetish-uncovered-10-types-of-foot-fetish-3-must-have-foot-fetish-toys",10,10,0,0,0,0,11,,0,0,0,11.3,1.1,0.9,,9,10,10,0,0,0,0,11,,0,0,0,11.3,1.1,0.9,,9,0,0,,,,,0,,,,,0,0,0,,0
"Collection","/collections/huge-breast-torso-sex-doll",9,10,0,0,0,0,35,,0,0,0,167.5,3.5,0.3,,3,9,10,0,0,0,0,35,,0,0,0,167.5,3.5,0.3,,3,0,0,,,,,0,,,,,0,0,0,,0
"Collection","/collections/sex-doll-factory-pictures",10,10,0,0,0,0,31,,0,0,0,106.1,3.1,0.6,,6,10,10,0,0,0,0,31,,0,0,0,106.1,3.1,0.6,,6,0,0,,,,,0,,,,,0,0,0,,0
"Product","/products/h125-sex-doll-head",10,10,0,0,0,0,12,,0,0,0,6.5,1.2,0.9,,9,10,10,0,0,0,0,12,,0,0,0,6.5,1.2,0.9,,9,0,0,,,,,0,,,,,0,0,0,,0
,"/de/collections/enchanting-delights-2024-top-real-sex-doll-recommendations",9,9,0,0,0,0,15,,0,0,0,18.555555555555557,1.6666666666666667,0.5555555555555556,,5,9,9,0,0,0,0,15,,0,0,0,18.555555555555557,1.6666666666666667,0.5555555555555556,,5,0,0,,,,,0,,,,,0,0,0,,0
"Product","/products/a323-big-ass-torso-liquid-silicone-32lb-chubby-belly-ass",8,9,0,0,0,0,76,,0,0,0,1202.7777777777778,8.444444444444445,0.5555555555555556,,5,8,9,0,0,0,0,76,,0,0,0,1202.7777777777778,8.444444444444445,0.5555555555555556,,5,0,0,,,,,0,,,,,0,0,0,,0
"Blog Article","/blogs/dolls-info-qustions/2025-hot-selling-japanese-sex-dolls-popular-products-and-their-unique-charm-unveiled",9,9,0,0,0,0,28,,0,0,0,87,3.111111111111111,0.6666666666666666,,6,9,9,0,0,0,0,28,,0,0,0,87,3.111111111111111,0.6666666666666666,,6,0,0,,,,,0,,,,,0,0,0,,0
"Product","/products/moonvale-silicone-furry-deer-170cm-f759",7,9,0,0,0,0,38,,0,0,0,94.55555555555556,4.222222222222222,0.6666666666666666,,6,7,9,0,0,0,0,38,,0,0,0,94.55555555555556,4.222222222222222,0.6666666666666666,,6,0,0,,,,,0,,,,,0,0,0,,0
"Product","/products/t267-big-coke-male-sex-dolls-torso-dildo-for-women",6,9,0,0,0,0,9,,0,0,0,0,1,1,,9,6,9,0,0,0,0,9,,0,0,0,0,1,1,,9,0,0,,,,,0,,,,,,0,0,,0
"Blog Article","/blogs/sex-doll-option-videos/video-16-wm-exclusive-real-oral-sexros",8,9,0,0,0,0,14,,0,0,0,48.44444444444444,1.5555555555555556,0.7777777777777778,,7,8,9,0,0,0,0,14,,0,0,0,48.44444444444444,1.5555555555555556,0.7777777777777778,,7,0,0,,,,,0,,,,,0,0,0,,0
"Collection","/collections/8-9in-male-sex-doll",8,9,0,0,0,0,11,,0,0,0,5.222222222222222,1.2222222222222223,0.7777777777777778,,7,8,9,0,0,0,0,11,,0,0,0,5.222222222222222,1.2222222222222223,0.7777777777777778,,7,0,0,,,,,0,,,,,0,0,0,,0
"Collection","/collections/black-sex-doll-heads",9,9,0,0,0,0,34,,0,0,0,192,3.7777777777777777,0.4444444444444444,,4,9,9,0,0,0,0,34,,0,0,0,192,3.7777777777777777,0.4444444444444444,,4,0,0,,,,,0,,,,,0,0,0,,0
"Product","/products/a295-big-butt-torso-silicone-sex-doll-sex-realistic-skin",9,9,0,0,0,0,15,,0,0,0,190.66666666666666,1.6666666666666667,0.8888888888888888,,8,9,9,0,0,0,0,15,,0,0,0,190.66666666666666,1.6666666666666667,0.8888888888888888,,8,0,0,,,,,0,,,,,0,0,0,,0
,"/products_preview",4,9,0,0,0,0,13,,0,0,0,245.66666666666666,1.4444444444444444,0.6666666666666666,,6,4,9,0,0,0,0,13,,0,0,0,245.66666666666666,1.4444444444444444,0.6666666666666666,,6,0,0,,,,,0,,,,,0,0,0,,0
"Blog Article","/blogs/sex-doll-option-videos/video-12-auto-blowjob",9,9,0,0,0,0,19,,0,0,0,41.77777777777778,2.111111111111111,0.6666666666666666,,6,9,9,0,0,0,0,19,,0,0,0,41.77777777777778,2.111111111111111,0.6666666666666666,,6,0,0,,,,,0,,,,,0,0,0,,0
"Product","/products/a599-83lb-coco-sucking-doggy-style-bbw-big-booty-sex-doll-torso-luxury-realistic-biggest-ass-sex-toy",3,9,0,0,0,0,10,,0,0,0,13.777777777777779,1.1111111111111112,0.8888888888888888,,8,3,9,0,0,0,0,10,,0,0,0,13.777777777777779,1.1111111111111112,0.8888888888888888,,8,0,0,,,,,0,,,,,0,0,0,,0
"Blog Article","/blogs/sex-doll-option-videos/video-11-electric-hip-and-waist",9,9,0,0,0,0,52,,0,0,0,169,5.777777777777778,0.4444444444444444,,4,9,9,0,0,0,0,52,,0,0,0,169,5.777777777777778,0.4444444444444444,,4,0,0,,,,,0,,,,,0,0,0,,0
,"/de/collections/silicone-ass",9,9,0,0,0,0,18,,0,0,0,21.555555555555557,2,0.8888888888888888,,8,9,9,0,0,0,0,18,,0,0,0,21.555555555555557,2,0.8888888888888888,,8,0,0,,,,,0,,,,,0,0,0,,0
"Collection","/collections/big-ass-sex-doll-head-torso",9,9,0,0,0,0,25,,0,0,0,317.3333333333333,2.7777777777777777,0.1111111111111111,,1,9,9,0,0,0,0,25,,0,0,0,317.3333333333333,2.7777777777777777,0.1111111111111111,,1,0,0,,,,,0,,,,,0,0,0,,0
"Collection","/collections/torso-only",9,9,0,0,0,0,64,,0,0,0,481.44444444444446,7.111111111111111,0.3333333333333333,,3,9,9,0,0,0,0,64,,0,0,0,481.44444444444446,7.111111111111111,0.3333333333333333,,3,0,0,,,,,0,,,,,0,0,0,,0
"Collection","/collections/real-lady",9,9,0,0,0,0,31,,0,0,0,132.55555555555554,3.4444444444444446,0.5555555555555556,,5,9,9,0,0,0,0,31,,0,0,0,132.55555555555554,3.4444444444444446,0.5555555555555556,,5,0,0,,,,,0,,,,,0,0,0,,0
,"/en-ca/collections/anime-mini-sex-doll",8,9,0,0,0,0,17,,0,0,0,39.55555555555556,1.8888888888888888,0.5555555555555556,,5,8,9,0,0,0,0,17,,0,0,0,39.55555555555556,1.8888888888888888,0.5555555555555556,,5,0,0,,,,,0,,,,,0,0,0,,0
"Product","/products/t369-20-2lbs-55cm-medium-size-realistic-torso-sucking-sex-dolls-in-stock-eu",4,9,0,0,0,0,22,,0,0,0,27.555555555555557,2.4444444444444446,0.5555555555555556,,5,4,9,0,0,0,0,22,,0,0,0,27.555555555555557,2.4444444444444446,0.5555555555555556,,5,0,0,,,,,0,,,,,0,0,0,,0
"Product","/collections/sex-doll-torso/products/562-fat-ass-torso-doll-silicone-ass",9,9,1,0,0,0,36,,0.1111111111111111,0,0,328.6666666666667,4,0.4444444444444444,,4,9,9,1,0,0,0,36,,0.1111111111111111,0,0,328.6666666666667,4,0.4444444444444444,,4,0,0,0,,,,0,,0,,,0,0,0,,0
"Collection","/collections/pocket-pussy",9,9,0,0,0,0,28,,0,0,0,184.11111111111111,3.111111111111111,0.5555555555555556,,5,9,9,0,0,0,0,28,,0,0,0,184.11111111111111,3.111111111111111,0.5555555555555556,,5,0,0,,,,,0,,,,,0,0,0,,0
,"/en-ca/collections/black-torso-sex-dolls",9,9,0,0,0,0,12,,0,0,0,13.222222222222221,1.3333333333333333,0.8888888888888888,,8,9,9,0,0,0,0,12,,0,0,0,13.222222222222221,1.3333333333333333,0.8888888888888888,,8,0,0,,,,,0,,,,,0,0,0,,0
"Blog Article","/blogs/dolls-info-qustions/why-do-female-characters-in-anime-often-have-exaggeratedly-large-breasts",8,9,0,0,0,0,9,,0,0,0,0,1,1,,9,8,9,0,0,0,0,9,,0,0,0,0,1,1,,9,0,0,,,,,0,,,,,,0,0,,0
"Custom Page","/pages/sex-doll-review-video-collection",9,9,0,0,0,0,9,,0,0,0,0,1,1,,9,9,9,0,0,0,0,9,,0,0,0,0,1,1,,9,0,0,,,,,0,,,,,,0,0,,0
"Blog Article","/blogs/sex-doll-torso-blog/8-best-sex-doll-torsos-with-heads",9,9,0,0,0,0,26,,0,0,0,355.8888888888889,2.888888888888889,0.5555555555555556,,5,9,9,0,0,0,0,26,,0,0,0,355.8888888888889,2.888888888888889,0.5555555555555556,,5,0,0,,,,,0,,,,,0,0,0,,0
,"/de/collections/bbw-sex-doll-torso",9,9,0,0,0,0,52,,0,0,0,270.3333333333333,5.777777777777778,0.2222222222222222,,2,9,9,0,0,0,0,52,,0,0,0,270.3333333333333,5.777777777777778,0.2222222222222222,,2,0,0,,,,,0,,,,,0,0,0,,0
,"/ja/blogs/dolls-info-qustions/whats-the-deal-with-moaning-sex-robots-anyway",8,8,0,0,0,0,8,,0,0,0,0,1,1,,8,8,8,0,0,0,0,8,,0,0,0,0,1,1,,8,0,0,,,,,0,,,,,,0,0,,0
"Blog Article","/blogs/recent-brand-updates-new-arrivals-for-sex-dolls/mrl-fantasy-sex-toys-realistic-anime-furry-and-monster-girl-torso-collection",8,8,0,0,0,0,62,,0,0,0,250.375,7.75,0.5,,4,8,8,0,0,0,0,62,,0,0,0,250.375,7.75,0.5,,4,0,0,,,,,0,,,,,0,0,0,,0
"Product","/products/p379-3-86lb-anime-fake-pussy-medusa-silicone-hentai-sex-doll-mrl",8,8,0,0,0,0,11,,0,0,0,78.75,1.375,0.75,,6,8,8,0,0,0,0,11,,0,0,0,78.75,1.375,0.75,,6,0,0,,,,,0,,,,,0,0,0,,0
"Blog Article","/blogs/dolls-info-qustions/4-recommended-futa-sex-dolls-a-guide-to-realistic-touch-and-dual-gender-appeal",8,8,0,0,0,0,16,,0,0,0,123.875,2,0.625,,5,8,8,0,0,0,0,16,,0,0,0,123.875,2,0.625,,5,0,0,,,,,0,,,,,0,0,0,,0
"Collection","/collections/sex-doll-with-papaya-breast-pear-shaped-breast",8,8,0,0,0,0,15,,0,0,0,151.5,1.875,0.75,,6,8,8,0,0,0,0,15,,0,0,0,151.5,1.875,0.75,,6,0,0,,,,,0,,,,,0,0,0,,0
,"/en-ca/collections/vibrating-sex-doll-torso",8,8,0,0,0,0,15,,0,0,0,15.75,1.875,0.625,,5,8,8,0,0,0,0,15,,0,0,0,15.75,1.875,0.625,,5,0,0,,,,,0,,,,,0,0,0,,0
"Custom Page","/pages/ai-robot-function-videos",8,8,1,1,0,0,38,0,0.125,0.125,0,159.25,4.75,0.625,0,5,8,8,1,1,0,0,38,0,0.125,0.125,0,159.25,4.75,0.625,0,5,0,0,0,0,,,0,,0,0,,0,0,0,,0
,"/ja/blogs/dolls-info-qustions/top-3-flat-chested-sex-dolls-of-2025-ultimate-flatness-unique-allure",8,8,0,0,0,0,24,,0,0,0,227.625,3,0.5,,4,8,8,0,0,0,0,24,,0,0,0,227.625,3,0.5,,4,0,0,,,,,0,,,,,0,0,0,,0
"Product","/products/l64838lbs-42-silicone-legs-realistic-skin-feel",8,8,0,0,0,0,8,,0,0,0,0,1,1,,8,8,8,0,0,0,0,8,,0,0,0,0,1,1,,8,0,0,,,,,0,,,,,,0,0,,0
"Blog Article","/blogs/dolls-info-qustions/pocket-pussy-full-range-of-types-which-one-is-best-for-you",8,8,0,0,0,0,22,,0,0,0,255.875,2.75,0.625,,5,8,8,0,0,0,0,22,,0,0,0,255.875,2.75,0.625,,5,0,0,,,,,0,,,,,0,0,0,,0
"Product","/products/f4093-153cm-45kg-q-cup-full-silicone-ssbbw-hentai-biggest-ssbbw-sex-doll-castle-doll",4,8,0,0,0,0,27,,0,0,0,732.875,3.375,0.5,,4,4,8,0,0,0,0,27,,0,0,0,732.875,3.375,0.5,,4,0,0,,,,,0,,,,,0,0,0,,0
"Product","/products/p381-meru-the-succubus-hentai-figurine-pussy-mrl-sex-doll",8,8,0,0,0,0,19,,0,0,0,276.125,2.375,0.375,,3,8,8,0,0,0,0,19,,0,0,0,276.125,2.375,0.375,,3,0,0,,,,,0,,,,,0,0,0,,0
"Blog Article","/blogs/dolls-info-qustions/best-vibrating-sex-torso-types-who-it-suits",8,8,0,0,0,0,11,,0,0,0,12.75,1.375,0.75,,6,8,8,0,0,0,0,11,,0,0,0,12.75,1.375,0.75,,6,0,0,,,,,0,,,,,0,0,0,,0
"Blog Article","/blogs/dolls-info-qustions/how-realistic-the-fake-pussy-is",8,8,0,0,0,0,8,,0,0,0,0,1,1,,8,8,8,0,0,0,0,8,,0,0,0,0,1,1,,8,0,0,,,,,0,,,,,,0,0,,0
"Blog Article","/blogs/dolls-info-qustions/welcome-to-future-ai-sex-doll-function-exploration",8,8,0,0,0,0,22,,0,0,0,279.75,2.75,0.25,,2,8,8,0,0,0,0,22,,0,0,0,279.75,2.75,0.25,,2,0,0,,,,,0,,,,,0,0,0,,0
,"/ja/collections/sex-doll-factory-pictures",1,8,0,0,0,0,12,,0,0,0,210.5,1.5,0.625,,5,1,8,0,0,0,0,12,,0,0,0,210.5,1.5,0.625,,5,0,0,,,,,0,,,,,0,0,0,,0
"Blog Article","/blogs/dolls-info-qustions/what-to-do-if-your-sex-doll-is-too-heavy-a-practical-guide",7,8,0,0,0,0,20,,0,0,0,160.75,2.5,0.75,,6,7,8,0,0,0,0,20,,0,0,0,160.75,2.5,0.75,,6,0,0,,,,,0,,,,,0,0,0,,0
"Collection","/collections/bbw-life-size-torso",8,8,0,0,0,0,29,,0,0,0,217.75,3.625,0.375,,3,8,8,0,0,0,0,29,,0,0,0,217.75,3.625,0.375,,3,0,0,,,,,0,,,,,0,0,0,,0
,"/en-ca/collections/huge-breasts-sex-dolls",8,8,0,0,0,0,187,,0,0,0,941.75,23.375,0.25,,2,8,8,0,0,0,0,187,,0,0,0,941.75,23.375,0.25,,2,0,0,,,,,0,,,,,0,0,0,,0
"Collection","/collections/anime-cosplay-sex-doll",8,8,0,0,0,0,12,,0,0,0,29.5,1.5,0.75,,6,8,8,0,0,0,0,12,,0,0,0,29.5,1.5,0.75,,6,0,0,,,,,0,,,,,0,0,0,,0
"Blog Article","/blogs/dolls-info-qustions/are-you-also-leaning-toward-big-butt-sex-dolls",8,8,0,0,0,0,18,,0,0,0,132.125,2.25,0.625,,5,8,8,0,0,0,0,18,,0,0,0,132.125,2.25,0.625,,5,0,0,,,,,0,,,,,0,0,0,,0
"Collection","/collections/latina-sex-dolls",8,8,0,0,0,0,54,,0,0,0,343.875,6.75,0.5,,4,8,8,0,0,0,0,54,,0,0,0,343.875,6.75,0.5,,4,0,0,,,,,0,,,,,0,0,0,,0
"Collection","/collections/evasdoll",8,8,0,0,0,0,37,,0,0,0,130,4.625,0.25,,2,8,8,0,0,0,0,37,,0,0,0,130,4.625,0.25,,2,0,0,,,,,0,,,,,0,0,0,,0
"Blog Article","/blogs/dolls-info-qustions/does-the-sex-doll-feel-real-an-honest-review-from-a-real-user",8,8,1,0,0,0,64,,0.125,0,0,140.125,8,0.75,,6,8,8,1,0,0,0,64,,0.125,0,0,140.125,8,0.75,,6,0,0,0,,,,0,,0,,,0,0,0,,0
"Blog Article","/blogs/real-sex-doll-reviews-pros-cons-real-usage-tests/shedoll-sex-doll-real-review-hands-on-experience",8,8,0,0,0,0,9,,0,0,0,4.625,1.125,0.875,,7,8,8,0,0,0,0,9,,0,0,0,4.625,1.125,0.875,,7,0,0,,,,,0,,,,,0,0,0,,0
,"/en-ca/cart",7,8,2,1,1,0.125,18,1,0.25,0.125,1,236.875,2.25,0.625,1,5,7,8,2,1,1,0.125,18,1,0.25,0.125,1,236.875,2.25,0.625,1,5,0,0,0,0,0,0,0,0,0,0,0,0,0,0,0,0
,"/en-fi/collections/robotic-sex-doll",8,8,0,0,0,0,14,,0,0,0,71.25,1.75,0.625,,5,8,8,0,0,0,0,14,,0,0,0,71.25,1.75,0.625,,5,0,0,,,,,0,,,,,0,0,0,,0
,"/en-ca/collections/sex-doll-feet",8,8,0,0,0,0,67,,0,0,0,354.875,8.375,0.375,,3,8,8,0,0,0,0,67,,0,0,0,354.875,8.375,0.375,,3,0,0,,,,,0,,,,,0,0,0,,0
"Collection","/collections/anime-elf-sex-doll",7,8,0,0,0,0,20,,0,0,0,118.875,2.5,0.5,,4,7,8,0,0,0,0,20,,0,0,0,118.875,2.5,0.5,,4,0,0,,,,,0,,,,,0,0,0,,0
"Blog Article","/blogs/dolls-info-qustions/what-size-penis-should-you-buy-for-your-male-sex-doll",8,8,0,0,0,0,14,,0,0,0,46.75,1.75,0.75,,6,8,8,0,0,0,0,14,,0,0,0,46.75,1.75,0.75,,6,0,0,,,,,0,,,,,0,0,0,,0
"Product","/products/f5108-150cm-4ft9-d-cup-jan-asian-sexy-silicone-sex-doll-jx-doll",1,8,0,0,0,0,9,,0,0,0,35.25,1.125,0.875,,7,1,8,0,0,0,0,9,,0,0,0,35.25,1.125,0.875,,7,0,0,,,,,0,,,,,0,0,0,,0
,"/de/collections/foot-pocket-pussy",8,8,0,0,0,0,35,,0,0,0,419.125,4.375,0.75,,6,8,8,0,0,0,0,35,,0,0,0,419.125,4.375,0.75,,6,0,0,,,,,0,,,,,0,0,0,,0
"Blog Article","/blogs/featured-blog/best-torso-sex-doll-brands-of-2026",8,8,0,0,0,0,43,,0,0,0,144.625,5.375,0.625,,5,8,8,0,0,0,0,43,,0,0,0,144.625,5.375,0.625,,5,0,0,,,,,0,,,,,0,0,0,,0
"Blog Article","/blogs/real-sex-doll-reviews-pros-cons-real-usage-tests/7-top-brands-of-silicone-sex-dolls-jelly-breast-experience-which-is-the-softest-and-most-realistic",8,8,0,0,0,0,9,,0,0,0,30,1.125,0.875,,7,8,8,0,0,0,0,9,,0,0,0,30,1.125,0.875,,7,0,0,,,,,0,,,,,0,0,0,,0
"Collection","/collections/new-arrivals",7,8,0,0,0,0,37,,0,0,0,287.75,4.625,0.25,,2,7,8,0,0,0,0,37,,0,0,0,287.75,4.625,0.25,,2,0,0,,,,,0,,,,,0,0,0,,0
"Collection","/collections/japanese-milf-sex-doll",6,8,0,0,0,0,29,,0,0,0,54.25,3.625,0.625,,5,6,8,0,0,0,0,29,,0,0,0,54.25,3.625,0.625,,5,0,0,,,,,0,,,,,0,0,0,,0
,"/en-fi/collections/bbw-sex-doll-torso",5,8,0,0,0,0,22,,0,0,0,185.625,2.75,0.25,,2,5,8,0,0,0,0,22,,0,0,0,185.625,2.75,0.25,,2,0,0,,,,,0,,,,,0,0,0,,0
"Collection","/collections/o-cup-sex-doll",8,8,0,0,0,0,20,,0,0,0,109.625,2.5,0.625,,5,8,8,0,0,0,0,20,,0,0,0,109.625,2.5,0.625,,5,0,0,,,,,0,,,,,0,0,0,,0
"Blog Article","/blogs/dolls-info-qustions/would-you-put-a-dildo-on-your-sex-doll",7,7,0,0,0,0,18,,0,0,0,102.42857142857143,2.5714285714285716,0.5714285714285714,,4,7,7,0,0,0,0,18,,0,0,0,102.42857142857143,2.5714285714285716,0.5714285714285714,,4,0,0,,,,,0,,,,,0,0,0,,0
"Blog Article","/blogs/dolls-info-qustions/how-ultra-realistic-silicone-sex-dolls-are-made",7,7,0,0,0,0,9,,0,0,0,151,1.2857142857142858,0.7142857142857143,,5,7,7,0,0,0,0,9,,0,0,0,151,1.2857142857142858,0.7142857142857143,,5,0,0,,,,,0,,,,,0,0,0,,0
"Product","/products/h984-sex-doll-head-r-irontech-doll-head",5,7,1,0,0,0,57,,0.14285714285714285,0,0,724.2857142857143,8.142857142857142,0.2857142857142857,,2,5,7,1,0,0,0,57,,0.14285714285714285,0,0,724.2857142857143,8.142857142857142,0.2857142857142857,,2,0,0,0,,,,0,,0,,,0,0,0,,0
,"/de/blogs/sex-doll-torso-blog/top-7-sex-poses-with-your-torso-sex-doll",7,7,0,0,0,0,7,,0,0,0,0,1,1,,7,7,7,0,0,0,0,7,,0,0,0,0,1,1,,7,0,0,,,,,0,,,,,,0,0,,0
"Collection","/collections/jiuai",7,7,0,0,0,0,19,,0,0,0,49.714285714285715,2.7142857142857144,0.7142857142857143,,5,7,7,0,0,0,0,19,,0,0,0,49.714285714285715,2.7142857142857144,0.7142857142857143,,5,0,0,,,,,0,,,,,0,0,0,,0
"Collection","/collections/ridmii-doll",6,7,0,0,0,0,15,,0,0,0,52,2.142857142857143,0.7142857142857143,,5,6,7,0,0,0,0,15,,0,0,0,52,2.142857142857143,0.7142857142857143,,5,0,0,,,,,0,,,,,0,0,0,,0
,"/de/blogs/dolls-info-qustions/what-are-the-sex-positions-with-my-arab-sex-doll",7,7,0,0,0,0,7,,0,0,0,0,1,1,,7,7,7,0,0,0,0,7,,0,0,0,0,1,1,,7,0,0,,,,,0,,,,,,0,0,,0
,"/en-ca/collections/onahole",7,7,0,0,0,0,10,,0,0,0,47.714285714285715,1.4285714285714286,0.8571428571428571,,6,7,7,0,0,0,0,10,,0,0,0,47.714285714285715,1.4285714285714286,0.8571428571428571,,6,0,0,,,,,0,,,,,0,0,0,,0
,"/de/blogs/dolls-info-qustions/%F0%9F%94%A5-top-5-most-popular-big-butt-chubby-belly-curvy-body-pornstar-style-sex-dolls-in-2025-%F0%9F%94%A5",7,7,0,0,0,0,10,,0,0,0,11.285714285714286,1.4285714285714286,0.7142857142857143,,5,7,7,0,0,0,0,10,,0,0,0,11.285714285714286,1.4285714285714286,0.7142857142857143,,5,0,0,,,,,0,,,,,0,0,0,,0
"Product","/products/t683-24lbsexy-and-real-realistic-ass-sex-doll-torso",5,7,1,0,0,0,25,,0.14285714285714285,0,0,122.14285714285714,3.5714285714285716,0.8571428571428571,,6,5,7,1,0,0,0,25,,0.14285714285714285,0,0,122.14285714285714,3.5714285714285716,0.8571428571428571,,6,0,0,0,,,,0,,0,,,0,0,0,,0
"Product","/products/a325k-4-6-lbs-silicone-premium-9-5-male-torso-dildo-with-5-solid-phallus-in-stock-eu-yeloly",5,7,0,0,0,0,36,,0,0,0,507.2857142857143,5.142857142857143,0.42857142857142855,,3,5,7,0,0,0,0,36,,0,0,0,507.2857142857143,5.142857142857143,0.42857142857142855,,3,0,0,,,,,0,,,,,0,0,0,,0
"Collection","/collections/yl-doll",7,7,0,0,0,0,21,,0,0,0,142,3,0.42857142857142855,,3,7,7,0,0,0,0,21,,0,0,0,142,3,0.42857142857142855,,3,0,0,,,,,0,,,,,0,0,0,,0
,"/de/collections/mrl-doll",7,7,0,0,0,0,17,,0,0,0,39.57142857142857,2.4285714285714284,0.42857142857142855,,3,7,7,0,0,0,0,17,,0,0,0,39.57142857142857,2.4285714285714284,0.42857142857142855,,3,0,0,,,,,0,,,,,0,0,0,,0
"Collection","/collections/anime-hentai-sex-doll",7,7,0,0,0,0,17,,0,0,0,214.85714285714286,2.4285714285714284,0.42857142857142855,,3,7,7,0,0,0,0,17,,0,0,0,214.85714285714286,2.4285714285714284,0.42857142857142855,,3,0,0,,,,,0,,,,,0,0,0,,0
"Collection","/collections/anime-sex-doll-cheap",7,7,0,0,0,0,27,,0,0,0,215.28571428571428,3.857142857142857,0.8571428571428571,,6,7,7,0,0,0,0,27,,0,0,0,215.28571428571428,3.857142857142857,0.8571428571428571,,6,0,0,,,,,0,,,,,0,0,0,,0
"Product","/products/f6209-172cm-5-6ft-37-5kg-a-cup-realistic-flat-chest-sex-doll-top-cydoll",7,7,0,0,0,0,7,,0,0,0,0,1,1,,7,7,7,0,0,0,0,7,,0,0,0,0,1,1,,7,0,0,,,,,0,,,,,,0,0,,0
"Blog Article","/blogs/dolls-info-qustions/how-deep-is-the-vagina-5-key-things-you-need-to-know-about-the-vagina",7,7,0,0,0,0,7,,0,0,0,0,1,1,,7,7,7,0,0,0,0,7,,0,0,0,0,1,1,,7,0,0,,,,,0,,,,,,0,0,,0
"Product","/products/f2574-168cm-h-cup-most-realistic-sex-doll-silicone",4,7,0,0,0,0,8,,0,0,0,11.285714285714286,1.1428571428571428,0.8571428571428571,,6,4,7,0,0,0,0,8,,0,0,0,11.285714285714286,1.1428571428571428,0.8571428571428571,,6,0,0,,,,,0,,,,,0,0,0,,0
"Product","/products/a519-28-4lb-doggy-style-sex-doll-bottom-realistic-3d-ass-sex-doll",3,7,2,0,0,0,50,,0.2857142857142857,0,0,484.42857142857144,7.142857142857143,0.5714285714285714,,4,3,7,2,0,0,0,50,,0.2857142857142857,0,0,484.42857142857144,7.142857142857143,0.5714285714285714,,4,0,0,0,,,,0,,0,,,0,0,0,,0
"Checkout","/orders/8f75925a4f7d2c6b98083d6143045094",1,7,0,0,0,0,11,,0,0,0,36.857142857142854,1.5714285714285714,0.7142857142857143,,5,1,7,0,0,0,0,11,,0,0,0,36.857142857142854,1.5714285714285714,0.7142857142857143,,5,0,0,,,,,0,,,,,0,0,0,,0
"Collection","/collections/big-ass-sex-doll-mini-torso",7,7,0,0,0,0,29,,0,0,0,247.14285714285714,4.142857142857143,0.5714285714285714,,4,7,7,0,0,0,0,29,,0,0,0,247.14285714285714,4.142857142857143,0.5714285714285714,,4,0,0,,,,,0,,,,,0,0,0,,0
"Collection","/collections/200-299",7,7,0,0,0,0,28,,0,0,0,30.714285714285715,4,0.7142857142857143,,5,7,7,0,0,0,0,28,,0,0,0,30.714285714285715,4,0.7142857142857143,,5,0,0,,,,,0,,,,,0,0,0,,0
,"/en-ca/collections/shemale-sex-toy",7,7,0,0,0,0,15,,0,0,0,221,2.142857142857143,0.42857142857142855,,3,7,7,0,0,0,0,15,,0,0,0,221,2.142857142857143,0.42857142857142855,,3,0,0,,,,,0,,,,,0,0,0,,0
,"/en-ca/collections/mini-sex-doll-torso",7,7,0,0,0,0,8,,0,0,0,11.428571428571429,1.1428571428571428,0.8571428571428571,,6,7,7,0,0,0,0,8,,0,0,0,11.428571428571429,1.1428571428571428,0.8571428571428571,,6,0,0,,,,,0,,,,,0,0,0,,0
,"/de/collections/huge-breasts-japanese-sex-doll",7,7,0,0,0,0,47,,0,0,0,310.57142857142856,6.714285714285714,0.2857142857142857,,2,7,7,0,0,0,0,47,,0,0,0,310.57142857142856,6.714285714285714,0.2857142857142857,,2,0,0,,,,,0,,,,,0,0,0,,0
"Blog Article","/blogs/dolls-info-qustions/real-lady-vs-mlw-sex-dolls-unboxing-hands-on-review",7,7,0,0,0,0,9,,0,0,0,4,1.2857142857142858,0.8571428571428571,,6,7,7,0,0,0,0,9,,0,0,0,4,1.2857142857142858,0.8571428571428571,,6,0,0,,,,,0,,,,,0,0,0,,0
,"/en-ca/blogs/dolls-info-qustions/what-s-it-really-like-to-have-sex-nbsp-with-a-sex-doll",5,7,0,0,0,0,7,,0,0,0,0,1,1,,7,5,7,0,0,0,0,7,,0,0,0,0,1,1,,7,0,0,,,,,0,,,,,,0,0,,0
"Collection","/collections/mrl-doll",7,7,0,0,0,0,10,,0,0,0,16.428571428571427,1.4285714285714286,0.7142857142857143,,5,7,7,0,0,0,0,10,,0,0,0,16.428571428571427,1.4285714285714286,0.7142857142857143,,5,0,0,,,,,0,,,,,0,0,0,,0
,"/en-ca/products/599-83lb-sex-doll-torso-with-realistic-oversized-ass",7,7,0,0,0,0,14,,0,0,0,65.42857142857143,2,0.5714285714285714,,4,7,7,0,0,0,0,14,,0,0,0,65.42857142857143,2,0.5714285714285714,,4,0,0,,,,,0,,,,,0,0,0,,0
"Product","/products/t779-ssbbwsex-huge-boobs-torso-doll-b10-yeloly",7,7,0,0,0,0,60,,0,0,0,1117,8.571428571428571,0.2857142857142857,,2,7,7,0,0,0,0,60,,0,0,0,1117,8.571428571428571,0.2857142857142857,,2,0,0,,,,,0,,,,,0,0,0,,0
"Product","/products/f9141-doll-senior-huge-boob-sex-doll-anime-asian-ros-gel-breast-silicone-170cm-43kg",7,7,0,0,0,0,18,,0,0,0,38.285714285714285,2.5714285714285716,0.8571428571428571,,6,7,7,0,0,0,0,18,,0,0,0,38.285714285714285,2.5714285714285716,0.8571428571428571,,6,0,0,,,,,0,,,,,0,0,0,,0
"Product","/products/a303-silicone-big-butt-torso-lightweight-realistic-vagina",3,7,0,0,0,0,7,,0,0,0,0,1,1,,7,3,7,0,0,0,0,7,,0,0,0,0,1,1,,7,0,0,,,,,0,,,,,,0,0,,0
"Checkout","/60719464687/orders/ce5377ce33c14354a5ab690be23e4f88",6,7,1,0,0,0,20,,0.14285714285714285,0,0,285,2.857142857142857,0.2857142857142857,,2,6,7,1,0,0,0,20,,0.14285714285714285,0,0,285,2.857142857142857,0.2857142857142857,,2,0,0,0,,,,0,,0,,,0,0,0,,0
,"/en-ca/collections/sex-doll-videos",7,7,0,0,0,0,30,,0,0,0,114,4.285714285714286,0.7142857142857143,,5,7,7,0,0,0,0,30,,0,0,0,114,4.285714285714286,0.7142857142857143,,5,0,0,,,,,0,,,,,0,0,0,,0
"Product","/products/a797-big-butt-torso-sex-doll-climax-doll",7,7,0,0,0,0,7,,0,0,0,0,1,1,,7,7,7,0,0,0,0,7,,0,0,0,0,1,1,,7,0,0,,,,,0,,,,,,0,0,,0
"Product","/products/yeloly-silicone-doll-with-head-140cm-t775",1,7,0,0,0,0,10,,0,0,0,157.85714285714286,1.4285714285714286,0.8571428571428571,,6,1,7,0,0,0,0,10,,0,0,0,157.85714285714286,1.4285714285714286,0.8571428571428571,,6,0,0,,,,,0,,,,,0,0,0,,0
"Checkout","/60719464687/orders/8f75925a4f7d2c6b98083d6143045094",1,7,0,0,0,0,8,,0,0,0,12,1.1428571428571428,0.8571428571428571,,6,1,7,0,0,0,0,8,,0,0,0,12,1.1428571428571428,0.8571428571428571,,6,0,0,,,,,0,,,,,0,0,0,,0
,"/en-fi/blogs/dolls-info-qustions/discover-the-secrets-of-the-vagina",7,7,0,0,0,0,24,,0,0,0,72.57142857142857,3.4285714285714284,0.8571428571428571,,6,7,7,0,0,0,0,24,,0,0,0,72.57142857142857,3.4285714285714284,0.8571428571428571,,6,0,0,,,,,0,,,,,0,0,0,,0
"Collection","/collections/lesbian-sex-doll-1",7,7,0,1,0,0,50,0,0,0.14285714285714285,0,440,7.142857142857143,0.5714285714285714,,4,7,7,0,1,0,0,50,0,0,0.14285714285714285,0,440,7.142857142857143,0.5714285714285714,,4,0,0,,0,,,0,,,0,,0,0,0,,0
"Product","/products/f5544-164cm5ft4-43kg-f-cup-black-tpe-sex-doll-irontech-doll",7,7,0,0,0,0,93,,0,0,0,392.7142857142857,13.285714285714286,0,,0,7,7,0,0,0,0,93,,0,0,0,392.7142857142857,13.285714285714286,0,,0,0,0,,,,,0,,,,,0,0,,,
"Blog Article","/blogs/dolls-info-qustions/sex-experts-recommend-top-ten-sex-pillows-to-enhance-your-bbw-sex-doll-experience",6,6,0,0,0,0,6,,0,0,0,0,1,1,,6,6,6,0,0,0,0,6,,0,0,0,0,1,1,,6,0,0,,,,,0,,,,,,0,0,,0
,"/de/collections/big-booty-sex-dolls",5,6,0,0,0,0,24,,0,0,0,177.83333333333334,4,0,,0,5,6,0,0,0,0,24,,0,0,0,177.83333333333334,4,0,,0,0,0,,,,,0,,,,,0,0,,,
"Collection","/collections/silicone-torso",6,6,0,0,0,0,36,,0,0,0,121.66666666666667,6,0.3333333333333333,,2,6,6,0,0,0,0,36,,0,0,0,121.66666666666667,6,0.3333333333333333,,2,0,0,,,,,0,,,,,0,0,0,,0
"Collection","/collections/2000-sex-doll",6,6,1,1,0,0,17,0,0.16666666666666666,0.16666666666666666,0,160.33333333333334,2.8333333333333335,0.5,0,3,6,6,1,1,0,0,17,0,0.16666666666666666,0.16666666666666666,0,160.33333333333334,2.8333333333333335,0.5,0,3,0,0,0,0,,,0,,0,0,,0,0,0,,0
"Collection","/collections/lifesize",6,6,0,0,0,0,10,,0,0,0,39.166666666666664,1.6666666666666667,0.6666666666666666,,4,6,6,0,0,0,0,10,,0,0,0,39.166666666666664,1.6666666666666667,0.6666666666666666,,4,0,0,,,,,0,,,,,0,0,0,,0
"Product","/products/f9109-150cm-5ft-27-5kg-silicone-best-sex-doll-anime-elsa-babe",3,6,0,0,0,0,25,,0,0,0,727,4.166666666666667,0,,0,3,6,0,0,0,0,25,,0,0,0,727,4.166666666666667,0,,0,0,0,,,,,0,,,,,0,0,,,
"Product","/products/f6129-170cm-5ft6-40kg-d-cup-s11-tpe-silicone-head-sex-doll-sy-doll",6,6,0,0,0,0,6,,0,0,0,0,1,1,,6,6,6,0,0,0,0,6,,0,0,0,0,1,1,,6,0,0,,,,,0,,,,,,0,0,,0
,"/en-ca/products/a499-bbw-big-booty-silicone-sex-doll-torso",2,6,0,0,0,0,8,,0,0,0,148.66666666666666,1.3333333333333333,0.8333333333333334,,5,2,6,0,0,0,0,8,,0,0,0,148.66666666666666,1.3333333333333333,0.8333333333333334,,5,0,0,,,,,0,,,,,0,0,0,,0
"Collection","/collections/aitia",6,6,0,0,0,0,29,,0,0,0,216.33333333333334,4.833333333333333,0.3333333333333333,,2,6,6,0,0,0,0,29,,0,0,0,216.33333333333334,4.833333333333333,0.3333333333333333,,2,0,0,,,,,0,,,,,0,0,0,,0
"Product","/collections/sex-doll-torso/products/55cm-big-boobs-torso-sex-doll-502-sex-doll-torso",6,6,0,0,0,0,37,,0,0,0,112.5,6.166666666666667,0.16666666666666666,,1,6,6,0,0,0,0,37,,0,0,0,112.5,6.166666666666667,0.16666666666666666,,1,0,0,,,,,0,,,,,0,0,0,,0
"Collection","/collections/latina-sex-doll-heads",6,6,0,0,0,0,13,,0,0,0,125.16666666666667,2.1666666666666665,0.6666666666666666,,4,6,6,0,0,0,0,13,,0,0,0,125.16666666666667,2.1666666666666665,0.6666666666666666,,4,0,0,,,,,0,,,,,0,0,0,,0
,"/ja/collections/naked-sex-doll",6,6,0,0,0,0,80,,0,0,0,966.1666666666666,13.333333333333334,0.6666666666666666,,4,6,6,0,0,0,0,80,,0,0,0,966.1666666666666,13.333333333333334,0.6666666666666666,,4,0,0,,,,,0,,,,,0,0,0,,0
"Collection","/collections/ass-mini-male-sex-doll",6,6,0,0,0,0,13,,0,0,0,40.5,2.1666666666666665,0.6666666666666666,,4,6,6,0,0,0,0,13,,0,0,0,40.5,2.1666666666666665,0.6666666666666666,,4,0,0,,,,,0,,,,,0,0,0,,0
"Collection","/collections/qian-you",6,6,0,0,0,0,7,,0,0,0,6,1.1666666666666667,0.8333333333333334,,5,6,6,0,0,0,0,7,,0,0,0,6,1.1666666666666667,0.8333333333333334,,5,0,0,,,,,0,,,,,0,0,0,,0
"Collection","/collections/black-sex-doll-500-1000",6,6,0,0,0,0,7,,0,0,0,2.3333333333333335,1.1666666666666667,0.8333333333333334,,5,6,6,0,0,0,0,7,,0,0,0,2.3333333333333335,1.1666666666666667,0.8333333333333334,,5,0,0,,,,,0,,,,,0,0,0,,0
"Collection","/collections/new-arrivals-robot-sex-dolls",6,6,0,0,0,0,13,,0,0,0,48.333333333333336,2.1666666666666665,0.5,,3,6,6,0,0,0,0,13,,0,0,0,48.333333333333336,2.1666666666666665,0.5,,3,0,0,,,,,0,,,,,0,0,0,,0
"Blog Article","/blogs/dolls-info-qustions/2025-best-furry-sex-doll-picks-your-fantasy-comes-to-life",6,6,0,0,0,0,14,,0,0,0,37.333333333333336,2.3333333333333335,0.5,,3,6,6,0,0,0,0,14,,0,0,0,37.333333333333336,2.3333333333333335,0.5,,3,0,0,,,,,0,,,,,0,0,0,,0
"Blog Article","/blogs/dolls-info-qustions/the-best-asian-sex-doll-bezlya-sex-doll-2-2u-series-function-analysis",6,6,0,0,0,0,10,,0,0,0,107.33333333333333,1.6666666666666667,0.6666666666666666,,4,6,6,0,0,0,0,10,,0,0,0,107.33333333333333,1.6666666666666667,0.6666666666666666,,4,0,0,,,,,0,,,,,0,0,0,,0
"Blog Article","/blogs/dolls-info-qustions/%F0%9F%94%A5-2025-best-fake-ass-sex-toy-recommendations-6-ultra-realistic-big-booty-dolls-for-ultimate-pleasure",6,6,1,1,0,0,24,0,0.16666666666666666,0.16666666666666666,0,139.83333333333334,4,0.3333333333333333,0,2,6,6,1,1,0,0,24,0,0.16666666666666666,0.16666666666666666,0,139.83333333333334,4,0.3333333333333333,0,2,0,0,0,0,,,0,,0,0,,0,0,0,,0
"Collection","/collections/rosertty-doll",5,6,1,0,0,0,17,,0.16666666666666666,0,0,367.1666666666667,2.8333333333333335,0.5,,3,5,6,1,0,0,0,17,,0.16666666666666666,0,0,367.1666666666667,2.8333333333333335,0.5,,3,0,0,0,,,,0,,0,,,0,0,0,,0
"Product","/products/f5546-153cm-5ft-28kg-silicone-anime-hentai-male-sex-dolls-elsa-babe",5,6,0,0,0,0,6,,0,0,0,0,1,1,,6,5,6,0,0,0,0,6,,0,0,0,0,1,1,,6,0,0,,,,,0,,,,,,0,0,,0
"Product","/products/h814-sex-doll-head-silicone-irontech-doll-head",4,6,0,0,0,0,7,,0,0,0,123.5,1.1666666666666667,0.8333333333333334,,5,4,6,0,0,0,0,7,,0,0,0,123.5,1.1666666666666667,0.8333333333333334,,5,0,0,,,,,0,,,,,0,0,0,,0
"Blog Article","/blogs/dolls-info-qustions/the-best-futa-sex-dolls-to-buy-in-2025-brand-guide-buying-tips",6,6,0,0,0,0,27,,0,0,0,345.5,4.5,0.6666666666666666,,4,6,6,0,0,0,0,27,,0,0,0,345.5,4.5,0.6666666666666666,,4,0,0,,,,,0,,,,,0,0,0,,0
"Blog Article","/blogs/dolls-info-qustions/the-vibration-and-suction-functions-of-automatic-sex-dolls",6,6,0,0,0,0,9,,0,0,0,23.833333333333332,1.5,0.8333333333333334,,5,6,6,0,0,0,0,9,,0,0,0,23.833333333333332,1.5,0.8333333333333334,,5,0,0,,,,,0,,,,,0,0,0,,0
"Product","/products/notye-2sizes-silicone-butt-a779",6,6,0,0,0,0,45,,0,0,0,351.5,7.5,0.8333333333333334,,5,6,6,0,0,0,0,45,,0,0,0,351.5,7.5,0.8333333333333334,,5,0,0,,,,,0,,,,,0,0,0,,0
,"/de/collections/petite-sex-doll",6,6,0,0,0,0,21,,0,0,0,55.833333333333336,3.5,0.5,,3,6,6,0,0,0,0,21,,0,0,0,55.833333333333336,3.5,0.5,,3,0,0,,,,,0,,,,,0,0,0,,0
"App Generated","/apps/order-tracking",6,6,0,0,0,0,6,,0,0,0,0,1,1,,6,6,6,0,0,0,0,6,,0,0,0,0,1,1,,6,0,0,,,,,0,,,,,,0,0,,0
"Product","/products/moonvale-silicone-furry-deer-170cm-f760",6,6,0,0,0,0,30,,0,0,0,226.16666666666666,5,0.6666666666666666,,4,6,6,0,0,0,0,30,,0,0,0,226.16666666666666,5,0.6666666666666666,,4,0,0,,,,,0,,,,,0,0,0,,0
"Product","/products/p106-1-5kg-clownfish-pluggable-mouth-figures-silicone-anime-hentai-sex-toys-castle-doll",4,6,0,0,0,0,17,,0,0,0,100.5,2.8333333333333335,0.5,,3,4,6,0,0,0,0,17,,0,0,0,100.5,2.8333333333333335,0.5,,3,0,0,,,,,0,,,,,0,0,0,,0
"Collection","/collections/huge-breast-post-torso",6,6,0,0,0,0,23,,0,0,0,337.3333333333333,3.8333333333333335,0,,0,6,6,0,0,0,0,23,,0,0,0,337.3333333333333,3.8333333333333335,0,,0,0,0,,,,,0,,,,,0,0,,,
"Collection","/collections/mlw-doll",6,6,0,0,0,0,8,,0,0,0,2.8333333333333335,1.3333333333333333,0.8333333333333334,,5,6,6,0,0,0,0,8,,0,0,0,2.8333333333333335,1.3333333333333333,0.8333333333333334,,5,0,0,,,,,0,,,,,0,0,0,,0
,"/de/collections/full-femboy-sex-doll",6,6,0,0,0,0,8,,0,0,0,26,1.3333333333333333,0.8333333333333334,,5,6,6,0,0,0,0,8,,0,0,0,26,1.3333333333333333,0.8333333333333334,,5,0,0,,,,,0,,,,,0,0,0,,0
,"/en-ca/collections/18s-sex-doll",5,6,0,0,0,0,14,,0,0,0,508.3333333333333,2.3333333333333335,0.5,,3,5,6,0,0,0,0,14,,0,0,0,508.3333333333333,2.3333333333333335,0.5,,3,0,0,,,,,0,,,,,0,0,0,,0
,"/ja/collections/hyper-realistic-sex-doll",6,6,0,0,0,0,6,,0,0,0,0,1,1,,6,6,6,0,0,0,0,6,,0,0,0,0,1,1,,6,0,0,,,,,0,,,,,,0,0,,0
"Product","/products/572-huge-ass-sex-doll-torso",1,6,0,0,0,0,9,,0,0,0,20.333333333333332,1.5,0.6666666666666666,,4,1,6,0,0,0,0,9,,0,0,0,20.333333333333332,1.5,0.6666666666666666,,4,0,0,,,,,0,,,,,0,0,0,,0
"Blog Article","/blogs/dolls-info-qustions/what-is-it-like-to-have-sex-with-a-male-sex-doll",6,6,0,0,0,0,6,,0,0,0,0,1,1,,6,6,6,0,0,0,0,6,,0,0,0,0,1,1,,6,0,0,,,,,0,,,,,,0,0,,0
"Product","/products/f2319-sy-163cm-g-cup-super-fat-bbw-life-size-sex-doll",6,6,0,0,0,0,7,,0,0,0,6.166666666666667,1.1666666666666667,0.8333333333333334,,5,6,6,0,0,0,0,7,,0,0,0,6.166666666666667,1.1666666666666667,0.8333333333333334,,5,0,0,,,,,0,,,,,0,0,0,,0
"Product","/products/v24-silicone-fleshlight-foot-with-toe-detail-and-soft-insert-tunnel",5,6,0,0,0,0,18,,0,0,0,39.666666666666664,3,0.8333333333333334,,5,5,6,0,0,0,0,18,,0,0,0,39.666666666666664,3,0.8333333333333334,,5,0,0,,,,,0,,,,,0,0,0,,0
"Blog Article","/blogs/dolls-info-qustions/foot-smother-a-guide-to-safe-and-sensual-play",6,6,0,0,0,0,7,,0,0,0,0.3333333333333333,1.1666666666666667,0.8333333333333334,,5,6,6,0,0,0,0,7,,0,0,0,0.3333333333333333,1.1666666666666667,0.8333333333333334,,5,0,0,,,,,0,,,,,0,0,0,,0
"Product","/products/f311-163cm5-4ft-51kg-h-cup-bbw-tpe-sex-doll%E4%B8%A8wm-doll",5,6,0,0,0,0,52,,0,0,0,1209.8333333333333,8.666666666666666,0.3333333333333333,,2,5,6,0,0,0,0,52,,0,0,0,1209.8333333333333,8.666666666666666,0.3333333333333333,,2,0,0,,,,,0,,,,,0,0,0,,0
"Blog Article","/blogs/sex-doll-torso-blog/must-have-in-july-high-value-bbw-torso-sex-doll-recommendations",6,6,0,0,0,0,15,,0,0,0,268,2.5,0.6666666666666666,,4,6,6,0,0,0,0,15,,0,0,0,268,2.5,0.6666666666666666,,4,0,0,,,,,0,,,,,0,0,0,,0
"Blog Article","/blogs/dolls-info-qustions/zelex-sle-3-0-upgrade-all-new-features-same-great-price",6,6,0,0,0,0,10,,0,0,0,114.66666666666667,1.6666666666666667,0.6666666666666666,,4,6,6,0,0,0,0,10,,0,0,0,114.66666666666667,1.6666666666666667,0.6666666666666666,,4,0,0,,,,,0,,,,,0,0,0,,0
"Product","/products/t442-91-93lb-silicone-big-booty-life-sex-doll-torso-lovenestle",6,6,1,0,0,0,9,,0.16666666666666666,0,0,15.833333333333334,1.5,0.6666666666666666,,4,6,6,1,0,0,0,9,,0.16666666666666666,0,0,15.833333333333334,1.5,0.6666666666666666,,4,0,0,0,,,,0,,0,,,0,0,0,,0
"Blog Article","/blogs/dolls-info-qustions/how-a-most-realistic-male-sex-doll-is-manufactured",6,6,0,0,0,0,7,,0,0,0,43.166666666666664,1.1666666666666667,0.8333333333333334,,5,6,6,0,0,0,0,7,,0,0,0,43.166666666666664,1.1666666666666667,0.8333333333333334,,5,0,0,,,,,0,,,,,0,0,0,,0
"Product","/products/t637-36-4lb-mark-pro-realistic-removable-silicone-dildo-for-tpe-male-sex-doll%E4%B8%A8tantaly",3,6,1,1,1,0.16666666666666666,13,1,0.16666666666666666,0.16666666666666666,1,184.5,2.1666666666666665,0.6666666666666666,1,4,3,6,1,1,1,0.16666666666666666,13,1,0.16666666666666666,0.16666666666666666,1,184.5,2.1666666666666665,0.6666666666666666,1,4,0,0,0,0,0,0,0,0,0,0,0,0,0,0,0,0
,"/de/blogs/dolls-info-qustions/in-depth-review-of-chunmomo-bezlya-collaborative-celebrity-sex-doll",6,6,0,0,0,0,8,,0,0,0,131.33333333333334,1.3333333333333333,0.6666666666666666,,4,6,6,0,0,0,0,8,,0,0,0,131.33333333333334,1.3333333333333333,0.6666666666666666,,4,0,0,,,,,0,,,,,0,0,0,,0
"Blog Article","/blogs/dolls-info-qustions/lusandy-doll-redefining-realism-and-the-warmth-of-companionship",6,6,0,0,0,0,10,,0,0,0,111,1.6666666666666667,0.6666666666666666,,4,6,6,0,0,0,0,10,,0,0,0,111,1.6666666666666667,0.6666666666666666,,4,0,0,,,,,0,,,,,0,0,0,,0
"Collection","/collections/sigafun-doll",5,6,0,0,0,0,10,,0,0,0,80.16666666666667,1.6666666666666667,0.8333333333333334,,5,5,6,0,0,0,0,10,,0,0,0,80.16666666666667,1.6666666666666667,0.8333333333333334,,5,0,0,,,,,0,,,,,0,0,0,,0
"Product","/products/f7680-150cm4ft9-37-6kg-l-cup-s-tpe-gel-filled-big-breasts-life-size-anime-bbw-sex-doll-eliya-irokebijin-doll",1,6,0,0,0,0,221,,0,0,0,1570,36.833333333333336,0.16666666666666666,,1,1,6,0,0,0,0,221,,0,0,0,1570,36.833333333333336,0.16666666666666666,,1,0,0,,,,,0,,,,,0,0,0,,0
"Collection","/collections/lesbian-sex-doll",6,6,0,0,0,0,6,,0,0,0,0,1,1,,6,6,6,0,0,0,0,6,,0,0,0,0,1,1,,6,0,0,,,,,0,,,,,,0,0,,0
"Collection","/collections/galatea-doll",6,6,0,0,0,0,9,,0,0,0,23.666666666666668,1.5,0.5,,3,6,6,0,0,0,0,9,,0,0,0,23.666666666666668,1.5,0.5,,3,0,0,,,,,0,,,,,0,0,0,,0
,"/en-ca/collections/silicone-ass",6,6,0,0,0,0,22,,0,0,0,208.5,3.6666666666666665,0,,0,6,6,0,0,0,0,22,,0,0,0,208.5,3.6666666666666665,0,,0,0,0,,,,,0,,,,,0,0,,,
"Collection","/collections/nianta-doll",5,6,0,0,0,0,7,,0,0,0,249,1.1666666666666667,0.8333333333333334,,5,5,6,0,0,0,0,7,,0,0,0,249,1.1666666666666667,0.8333333333333334,,5,0,0,,,,,0,,,,,0,0,0,,0
"Collection","/collections/cheap-bbw-sex-doll",6,6,0,0,0,0,26,,0,0,0,182.66666666666666,4.333333333333333,0.3333333333333333,,2,6,6,0,0,0,0,26,,0,0,0,182.66666666666666,4.333333333333333,0.3333333333333333,,2,0,0,,,,,0,,,,,0,0,0,,0
,"/de/collections/huge-breasts-sex-dolls",6,6,0,0,0,0,13,,0,0,0,208.66666666666666,2.1666666666666665,0.5,,3,6,6,0,0,0,0,13,,0,0,0,208.66666666666666,2.1666666666666665,0.5,,3,0,0,,,,,0,,,,,0,0,0,,0
"Blog Article","/blogs/dolls-info-qustions/the-ultimate-guide-to-starpery-sex-dolls-the-realism-and-innovation",5,5,0,0,0,0,5,,0,0,0,0,1,1,,5,5,5,0,0,0,0,5,,0,0,0,0,1,1,,5,0,0,,,,,0,,,,,,0,0,,0
"Blog Article","/blogs/dolls-info-qustions/elevate-your-experience-popular-ai-girlfriend-software-to-enhance-your-connection-with-sex-dolls",5,5,0,0,0,0,5,,0,0,0,0,1,1,,5,5,5,0,0,0,0,5,,0,0,0,0,1,1,,5,0,0,,,,,0,,,,,,0,0,,0
"Collection","/collections/azm-doll",5,5,0,0,0,0,5,,0,0,0,0.6,1,1,,5,5,5,0,0,0,0,5,,0,0,0,0.6,1,1,,5,0,0,,,,,0,,,,,0,0,0,,0
"Collection","/collections/ros-sex-doll",5,5,0,0,0,0,10,,0,0,0,148.6,2,0.6,,3,5,5,0,0,0,0,10,,0,0,0,148.6,2,0.6,,3,0,0,,,,,0,,,,,0,0,0,,0
"Collection","/collections/se-doll",4,5,0,0,0,0,43,,0,0,0,370.8,8.6,0.2,,1,4,5,0,0,0,0,43,,0,0,0,370.8,8.6,0.2,,1,0,0,,,,,0,,,,,0,0,0,,0
"Product","/products/sigafun-f728-164cm-g-cup-sex-doll-emotional-support-companion",5,5,1,0,0,0,73,,0.2,0,0,1231.2,14.6,0.4,,2,5,5,1,0,0,0,73,,0.2,0,0,1231.2,14.6,0.4,,2,0,0,0,,,,0,,0,,,0,0,0,,0
"Blog Article","/blogs/dolls-info-qustions/is-a-fully-loose-skeleton-full-body-doll-worth-it",5,5,0,0,0,0,8,,0,0,0,19.8,1.6,0.8,,4,5,5,0,0,0,0,8,,0,0,0,19.8,1.6,0.8,,4,0,0,,,,,0,,,,,0,0,0,,0
"Product","/products/t478-14-3-lbs-e-cup-realistic-half-body-silicone-life-size-sex-doll-torso-sy-doll",4,5,0,0,0,0,20,,0,0,0,449.2,4,0.8,,4,4,5,0,0,0,0,20,,0,0,0,449.2,4,0.8,,4,0,0,,,,,0,,,,,0,0,0,,0
"Product","/products/f6098-167cm-5-5ft-53kg-d-cup-asian-ros-silicone-sex-doll-shedoll",3,5,0,0,0,0,7,,0,0,0,134.4,1.4,0.8,,4,3,5,0,0,0,0,7,,0,0,0,134.4,1.4,0.8,,4,0,0,,,,,0,,,,,0,0,0,,0
"Checkout","/60719464687/orders/0241c972d82af4b337f238fb6b13c0d6",1,5,0,0,0,0,14,,0,0,0,364.8,2.8,0.4,,2,1,5,0,0,0,0,14,,0,0,0,364.8,2.8,0.4,,2,0,0,,,,,0,,,,,0,0,0,,0
"Custom Page","/pages/celebrity-sex-doll-guide",5,5,0,0,0,0,13,,0,0,0,28.8,2.6,0.4,,2,5,5,0,0,0,0,13,,0,0,0,28.8,2.6,0.4,,2,0,0,,,,,0,,,,,0,0,0,,0
,"/de/collections/breast-toy",5,5,0,0,0,0,16,,0,0,0,322,3.2,0.4,,2,5,5,0,0,0,0,16,,0,0,0,322,3.2,0.4,,2,0,0,,,,,0,,,,,0,0,0,,0
"Customer Account","/account/unsubscribe",5,5,0,0,0,0,5,,0,0,0,0,1,1,,5,5,5,0,0,0,0,5,,0,0,0,0,1,1,,5,0,0,,,,,0,,,,,,0,0,,0
,"/en-fi/collections/vibrating-sex-doll-torso",4,5,0,0,0,0,21,,0,0,0,140,4.2,0.4,,2,4,5,0,0,0,0,21,,0,0,0,140,4.2,0.4,,2,0,0,,,,,0,,,,,0,0,0,,0
,"/en-ca/collections/big-booty-sex-dolls",5,5,0,0,0,0,9,,0,0,0,21,1.8,0.4,,2,5,5,0,0,0,0,9,,0,0,0,21,1.8,0.4,,2,0,0,,,,,0,,,,,0,0,0,,0
"Collection","/collections/funwest-doll-factory-photos",4,5,0,0,0,0,58,,0,0,0,299.8,11.6,0,,0,4,5,0,0,0,0,58,,0,0,0,299.8,11.6,0,,0,0,0,,,,,0,,,,,0,0,,,
,"/de/collections/mini-hentai-sex-doll",5,5,0,0,0,0,25,,0,0,0,190,5,0.6,,3,5,5,0,0,0,0,25,,0,0,0,190,5,0.6,,3,0,0,,,,,0,,,,,0,0,0,,0
"Product","/products/f9301-150cm-4ft9-41kg-b-cup-ros-silicone-head-flat-chest-life-size-trans-sex-doll-with-fixed-6-7-dildo-doll-castle",5,5,0,0,0,0,6,,0,0,0,2,1.2,0.8,,4,5,5,0,0,0,0,6,,0,0,0,2,1.2,0.8,,4,0,0,,,,,0,,,,,0,0,0,,0
"Collection","/collections/doll-senior",5,5,0,0,0,0,11,,0,0,0,74.8,2.2,0.2,,1,5,5,0,0,0,0,11,,0,0,0,74.8,2.2,0.2,,1,0,0,,,,,0,,,,,0,0,0,,0
"Blog Article","/blogs/dolls-info-qustions/how-to-eat-ass-a-deep-dive-into-rimming-techniques-and-sex-doll-play",5,5,0,0,0,0,6,,0,0,0,21.4,1.2,0.8,,4,5,5,0,0,0,0,6,,0,0,0,21.4,1.2,0.8,,4,0,0,,,,,0,,,,,0,0,0,,0
"Collection","/collections/anime-sex-doll-torso",5,5,0,0,0,0,7,,0,0,0,32.6,1.4,0.6,,3,5,5,0,0,0,0,7,,0,0,0,32.6,1.4,0.6,,3,0,0,,,,,0,,,,,0,0,0,,0
,"/ja/collections/foot-toy",5,5,0,0,0,0,6,,0,0,0,2,1.2,0.8,,4,5,5,0,0,0,0,6,,0,0,0,2,1.2,0.8,,4,0,0,,,,,0,,,,,0,0,0,,0
"Blog Article","/blogs/dolls-info-qustions/which-condoms-can-be-used-with-18s-sex-dolls",5,5,0,0,0,0,5,,0,0,0,0,1,1,,5,5,5,0,0,0,0,5,,0,0,0,0,1,1,,5,0,0,,,,,0,,,,,,0,0,,0
"Product","/products/climax-doll-60cm-life-size-sex-doll-torso-t743",5,5,0,0,0,0,15,,0,0,0,184,3,0.4,,2,5,5,0,0,0,0,15,,0,0,0,184,3,0.4,,2,0,0,,,,,0,,,,,0,0,0,,0
,"/en-ca/collections/life-size-anime-sex-doll",4,5,0,0,0,0,67,,0,0,0,920,13.4,0,,0,4,5,0,0,0,0,67,,0,0,0,920,13.4,0,,0,0,0,,,,,0,,,,,0,0,,,
"Blog Article","/blogs/dolls-info-qustions/whether-sex-dolls-can-be-rented",5,5,0,0,0,0,8,,0,0,0,5,1.6,0.8,,4,5,5,0,0,0,0,8,,0,0,0,5,1.6,0.8,,4,0,0,,,,,0,,,,,0,0,0,,0
"Collection","/collections/big-ass-sex-doll-cheap",5,5,0,0,0,0,10,,0,0,0,137,2,0.4,,2,5,5,0,0,0,0,10,,0,0,0,137,2,0.4,,2,0,0,,,,,0,,,,,0,0,0,,0
"Collection","/collections/porn-celebrities",5,5,0,0,0,0,12,,0,0,0,150.4,2.4,0.6,,3,5,5,0,0,0,0,12,,0,0,0,150.4,2.4,0.6,,3,0,0,,,,,0,,,,,0,0,0,,0
"Product","/products/f5682-157cm-5ft1-51kg-e-cup-celebrity-bbw-sex-doll-6ye",1,5,0,0,0,0,5,,0,0,0,0,1,1,,5,1,5,0,0,0,0,5,,0,0,0,0,1,1,,5,0,0,,,,,0,,,,,,0,0,,0
"Blog Article","/blogs/dolls-info-qustions/how-to-carry-your-heavy-doll",5,5,0,0,0,0,6,,0,0,0,121,1.2,0.8,,4,5,5,0,0,0,0,6,,0,0,0,121,1.2,0.8,,4,0,0,,,,,0,,,,,0,0,0,,0
,"/de/blogs/dolls-info-qustions/how-to-make-a-fake-ass-sex-toy",5,5,0,0,0,0,8,,0,0,0,22.6,1.6,0.6,,3,5,5,0,0,0,0,8,,0,0,0,22.6,1.6,0.6,,3,0,0,,,,,0,,,,,0,0,0,,0
"Collection","/collections/vajankle-foot-fetish-toys/",5,5,0,0,0,0,5,,0,0,0,0,1,1,,5,5,5,0,0,0,0,5,,0,0,0,0,1,1,,5,0,0,,,,,0,,,,,,0,0,,0
"Blog Article","/blogs/dolls-info-qustions/unlocking-private-desires-the-secrets-of-torso-sex-doll-10-inch-dildo",5,5,0,0,0,0,5,,0,0,0,0,1,1,,5,5,5,0,0,0,0,5,,0,0,0,0,1,1,,5,0,0,,,,,0,,,,,,0,0,,0
"Blog Article","/blogs/dolls-info-qustions/futa-sex-dolls-where-fantasy-meets-reality-in-the-world-of-anime-temptation",5,5,0,0,0,0,7,,0,0,0,6.6,1.4,0.8,,4,5,5,0,0,0,0,7,,0,0,0,6.6,1.4,0.8,,4,0,0,,,,,0,,,,,0,0,0,,0
"Blog Article","/blogs/dolls-info-qustions/does-youth-mean-being-not-busty-recommended-large-bust-18s-sex-dolls",5,5,0,0,0,0,23,,0,0,0,148.4,4.6,0.8,,4,5,5,0,0,0,0,23,,0,0,0,148.4,4.6,0.8,,4,0,0,,,,,0,,,,,0,0,0,,0
"Collection","/collections/the-best-male-sex-dolls-of-2024-explained-choosing-your-ideal-lover",5,5,0,0,0,0,19,,0,0,0,355,3.8,0.8,,4,5,5,0,0,0,0,19,,0,0,0,355,3.8,0.8,,4,0,0,,,,,0,,,,,0,0,0,,0
"Product","/products/silicone-butt-torso-lightweight-a782",5,5,0,0,0,0,27,,0,0,0,549.8,5.4,0.6,,3,5,5,0,0,0,0,27,,0,0,0,549.8,5.4,0.6,,3,0,0,,,,,0,,,,,0,0,0,,0
"Custom Page","/pages/video9-irontech",5,5,0,0,0,0,5,,0,0,0,0,1,1,,5,5,5,0,0,0,0,5,,0,0,0,0,1,1,,5,0,0,,,,,0,,,,,,0,0,,0
"Blog Article","/blogs/featured-blog/top-10-most-unique-torso-dolls-of-2026-beyond-the-ordinary",4,5,0,0,0,0,9,,0,0,0,46.4,1.8,0.8,,4,4,5,0,0,0,0,9,,0,0,0,46.4,1.8,0.8,,4,0,0,,,,,0,,,,,0,0,0,,0
"Collection","/collections/irontech-doll",5,5,0,0,0,0,54,,0,0,0,869.4,10.8,0.4,,2,5,5,0,0,0,0,54,,0,0,0,869.4,10.8,0.4,,2,0,0,,,,,0,,,,,0,0,0,,0
,"/en-fi/collections/celebrity-sex-dolls",5,5,0,0,0,0,29,,0,0,0,412.4,5.8,0,,0,5,5,0,0,0,0,29,,0,0,0,412.4,5.8,0,,0,0,0,,,,,0,,,,,0,0,,,
"Product","/products/f7595-163cm5-3ft-f-cup-great-huge-butt-tpe-ai-big-ass-bbw-chubby-sex-doll-for-men-in-stock-usa-%E4%B8%A8sy-doll",5,5,0,0,0,0,17,,0,0,0,218.6,3.4,0.6,,3,5,5,0,0,0,0,17,,0,0,0,218.6,3.4,0.6,,3,0,0,,,,,0,,,,,0,0,0,,0
"Blog Article","/blogs/featured-blog/over-10-effective-tips-for-drying-sex-doll-torso-vagina-and-anal",5,5,0,0,0,0,5,,0,0,0,0,1,1,,5,5,5,0,0,0,0,5,,0,0,0,0,1,1,,5,0,0,,,,,0,,,,,,0,0,,0
"Collection","/collections/anime-banner",2,5,0,0,0,0,30,,0,0,0,357.2,6,0.2,,1,2,5,0,0,0,0,30,,0,0,0,357.2,6,0.2,,1,0,0,,,,,0,,,,,0,0,0,,0
,"/de/collections/fake-pussy-hentai-sex-doll",5,5,0,0,0,0,8,,0,0,0,8.8,1.6,0.6,,3,5,5,0,0,0,0,8,,0,0,0,8.8,1.6,0.6,,3,0,0,,,,,0,,,,,0,0,0,,0
"Blog Article","/blogs/dolls-info-qustions/complete-guide-to-installing-male-sex-doll-penises-3-simple-methods",5,5,0,0,0,0,6,,0,0,0,1.2,1.2,0.8,,4,5,5,0,0,0,0,6,,0,0,0,1.2,1.2,0.8,,4,0,0,,,,,0,,,,,0,0,0,,0
,"/ja/collections/mini-hentai-sex-doll",5,5,0,0,0,0,10,,0,0,0,35,2,0.6,,3,5,5,0,0,0,0,10,,0,0,0,35,2,0.6,,3,0,0,,,,,0,,,,,0,0,0,,0
,"/en-ca/blogs/dolls-info-qustions/gentlemans-paradise-exploring-nsfw-anime-figures-and-sex-dolls",5,5,0,0,0,0,16,,0,0,0,157.8,3.2,0.4,,2,5,5,0,0,0,0,16,,0,0,0,157.8,3.2,0.4,,2,0,0,,,,,0,,,,,0,0,0,,0
"Blog Article","/blogs/dolls-info-qustions/how-to-choose-the-perfect-30-40-pound-torso-doll",5,5,0,0,0,0,16,,0,0,0,261.6,3.2,0.4,,2,5,5,0,0,0,0,16,,0,0,0,261.6,3.2,0.4,,2,0,0,,,,,0,,,,,0,0,0,,0
,"/en-ca/search",5,5,0,0,0,0,107,,0,0,0,1036,21.4,0.2,,1,5,5,0,0,0,0,107,,0,0,0,1036,21.4,0.2,,1,0,0,,,,,0,,,,,0,0,0,,0
"Collection","/collections/irokebijin-doll",5,5,0,0,0,0,7,,0,0,0,5,1.4,0.8,,4,5,5,0,0,0,0,7,,0,0,0,5,1.4,0.8,,4,0,0,,,,,0,,,,,0,0,0,,0
"Product","/products/h658-thick-big-lips-silicone-sex-doll-head-%E4%B8%A8doll-castle-head",5,5,0,0,0,0,5,,0,0,0,0,1,1,,5,5,5,0,0,0,0,5,,0,0,0,0,1,1,,5,0,0,,,,,0,,,,,,0,0,,0
,"/en-ca/collections/ros-sex-doll-heads-1",5,5,0,0,0,0,29,,0,0,0,97.2,5.8,0,,0,5,5,0,0,0,0,29,,0,0,0,97.2,5.8,0,,0,0,0,,,,,0,,,,,0,0,,,
"Collection","/collections/wm-doll",5,5,0,0,0,0,9,,0,0,0,21.6,1.8,0.6,,3,5,5,0,0,0,0,9,,0,0,0,21.6,1.8,0.6,,3,0,0,,,,,0,,,,,0,0,0,,0
"Collection","/collections/qita-doll",5,5,0,0,0,0,55,,0,0,0,208.2,11,0.2,,1,5,5,0,0,0,0,55,,0,0,0,208.2,11,0.2,,1,0,0,,,,,0,,,,,0,0,0,,0
,"/de/collections/big-boobs-japanese-sex-doll",5,5,0,0,0,0,7,,0,0,0,3.4,1.4,0.8,,4,5,5,0,0,0,0,7,,0,0,0,3.4,1.4,0.8,,4,0,0,,,,,0,,,,,0,0,0,,0
"Collection","/collections/european-sex-dolls",5,5,0,0,0,0,28,,0,0,0,949.2,5.6,0.6,,3,5,5,0,0,0,0,28,,0,0,0,949.2,5.6,0.6,,3,0,0,,,,,0,,,,,0,0,0,,0
"Product","/products/a351-7-7lb-silicone-deer-ass-furry-sex-doll-torso-mrl",5,5,0,0,0,0,15,,0,0,0,64.2,3,0.4,,2,5,5,0,0,0,0,15,,0,0,0,64.2,3,0.4,,2,0,0,,,,,0,,,,,0,0,0,,0
"Blog Article","/blogs/dolls-info-qustions/the-ultimate-guide-to-best-stuffed-animal-sex-dolls-in-2025",5,5,0,0,0,0,8,,0,0,0,7.8,1.6,0.8,,4,5,5,0,0,0,0,8,,0,0,0,7.8,1.6,0.8,,4,0,0,,,,,0,,,,,0,0,0,,0
"Product","/products/f2537-ros-silicone-head-tpe-body-huge-breast-sex-doll",4,5,0,0,0,0,29,,0,0,0,609,5.8,0.4,,2,4,5,0,0,0,0,29,,0,0,0,609,5.8,0.4,,2,0,0,,,,,0,,,,,0,0,0,,0
"Blog Article","/blogs/dolls-info-qustions/sex-positions-you-must-try",5,5,0,0,0,0,5,,0,0,0,0,1,1,,5,5,5,0,0,0,0,5,,0,0,0,0,1,1,,5,0,0,,,,,0,,,,,,0,0,,0
"Collection","/collections/hr-doll",5,5,0,0,0,0,7,,0,0,0,20,1.4,0.6,,3,5,5,0,0,0,0,7,,0,0,0,20,1.4,0.6,,3,0,0,,,,,0,,,,,0,0,0,,0
"Collection","/collections/climax-doll-videos",4,5,0,0,0,0,7,,0,0,0,50.4,1.4,0.8,,4,4,5,0,0,0,0,7,,0,0,0,50.4,1.4,0.8,,4,0,0,,,,,0,,,,,0,0,0,,0
,"/en-ca/collections/foot-pocket-pussy",5,5,0,0,0,0,8,,0,0,0,19.8,1.6,0.8,,4,5,5,0,0,0,0,8,,0,0,0,19.8,1.6,0.8,,4,0,0,,,,,0,,,,,0,0,0,,0
"Blog Article","/blogs/dolls-info-qustions/celebrity-sex-dolls-hot-picks-6-asian-inspired-star-lookalikes",5,5,0,0,0,0,6,,0,0,0,6.2,1.2,0.8,,4,5,5,0,0,0,0,6,,0,0,0,6.2,1.2,0.8,,4,0,0,,,,,0,,,,,0,0,0,,0
"Blog Article","/blogs/dolls-info-qustions/superhero-sex-dolls",5,5,0,0,0,0,5,,0,0,0,0,1,1,,5,5,5,0,0,0,0,5,,0,0,0,0,1,1,,5,0,0,,,,,0,,,,,,0,0,,0
"Product","/products/f2233-150cm-4ft9-a-cup-realistic-tpe-sex-doll-sy-doll",4,5,1,0,0,0,14,,0.2,0,0,278.6,2.8,0,,0,4,5,1,0,0,0,14,,0.2,0,0,278.6,2.8,0,,0,0,0,0,,,,0,,0,,,0,0,,,
"Blog Article","/blogs/dolls-info-qustions/7-best-mini-torso-sex-dolls-for-beginners",5,5,0,0,0,0,6,,0,0,0,11.4,1.2,0.8,,4,5,5,0,0,0,0,6,,0,0,0,11.4,1.2,0.8,,4,0,0,,,,,0,,,,,0,0,0,,0
"Product","/products/silicone-big-butt-ass-17lb-a781",5,5,0,0,0,0,17,,0,0,0,106.6,3.4,0.2,,1,5,5,0,0,0,0,17,,0,0,0,106.6,3.4,0.2,,1,0,0,,,,,0,,,,,0,0,0,,0
,"/de/blogs/dolls-info-qustions/sex-doll-movies",5,5,0,0,0,0,5,,0,0,0,0,1,1,,5,5,5,0,0,0,0,5,,0,0,0,0,1,1,,5,0,0,,,,,0,,,,,,0,0,,0
"Product","/products/f1929k-164cm5ft4-g-cup-hazel-life-size-sex-doll-irontech-doll",3,5,0,0,0,0,6,,0,0,0,4.2,1.2,0.8,,4,3,5,0,0,0,0,6,,0,0,0,4.2,1.2,0.8,,4,0,0,,,,,0,,,,,0,0,0,,0
,"/en-ca/collections/huge-breast-torso-sex-doll",5,5,0,0,0,0,9,,0,0,0,118.6,1.8,0.4,,2,5,5,0,0,0,0,9,,0,0,0,118.6,1.8,0.4,,2,0,0,,,,,0,,,,,0,0,0,,0
,"/de/collections/anime-sex-doll",5,5,0,0,0,0,42,,0,0,0,191.8,8.4,0.2,,1,5,5,0,0,0,0,42,,0,0,0,191.8,8.4,0.2,,1,0,0,,,,,0,,,,,0,0,0,,0
"Product","/products/a423-17-6lb-silicone-butt-sexy-and-real-realistic-big-ass-sex-doll-torso",3,5,1,0,0,0,20,,0.2,0,0,359,4,0.2,,1,3,5,1,0,0,0,20,,0.2,0,0,359,4,0.2,,1,0,0,0,,,,0,,0,,,0,0,0,,0
"Product","/products/f5928-165cm-5ft4-37-5kg-f-cup-realistic-lifesize-silicone-celebrity-sex-doll-zelex-doll",5,5,0,0,0,0,21,,0,0,0,582.4,4.2,0,,0,5,5,0,0,0,0,21,,0,0,0,582.4,4.2,0,,0,0,0,,,,,0,,,,,0,0,,,
"Product","/products/f4893-huge-butt-tpe-bbw-sex-dolls%E4%B8%A8sy-doll",3,5,1,0,0,0,7,,0.2,0,0,14.8,1.4,0.6,,3,3,5,1,0,0,0,7,,0.2,0,0,14.8,1.4,0.6,,3,0,0,0,,,,0,,0,,,0,0,0,,0
,"/de/blogs/dolls-info-qustions/understanding-ai-robotic-sex-dolls",4,4,0,0,0,0,4,,0,0,0,0,1,1,,4,4,4,0,0,0,0,4,,0,0,0,0,1,1,,4,0,0,,,,,0,,,,,,0,0,,0
,"/ja/blogs/dolls-info-qustions/budget-under-200-check-out-these-7-cheap-mini-sex-dolls",4,4,0,0,0,0,4,,0,0,0,0,1,1,,4,4,4,0,0,0,0,4,,0,0,0,0,1,1,,4,0,0,,,,,0,,,,,,0,0,,0
,"/ja/blogs/real-sex-doll-reviews-pros-cons-real-usage-tests/7-top-brands-of-silicone-sex-dolls-jelly-breast-experience-which-is-the-softest-and-most-realistic",4,4,0,0,0,0,5,,0,0,0,3,1.25,0.75,,3,4,4,0,0,0,0,5,,0,0,0,3,1.25,0.75,,3,0,0,,,,,0,,,,,0,0,0,,0
"Blog Article","/blogs/dolls-info-qustions/explore-five-different-types-of-realistic-life-size-sex-dolls",4,4,0,0,0,0,24,,0,0,0,238.25,6,0.5,,2,4,4,0,0,0,0,24,,0,0,0,238.25,6,0.5,,2,0,0,,,,,0,,,,,0,0,0,,0
"Product","/products/a798-big-butt-realistic-sex-torso-climax-doll",4,4,1,0,0,0,49,,0.25,0,0,767.25,12.25,0.25,,1,4,4,1,0,0,0,49,,0.25,0,0,767.25,12.25,0.25,,1,0,0,0,,,,0,,0,,,0,0,0,,0
"Collection","/collections/mini-silicone-torso",4,4,0,0,0,0,6,,0,0,0,9.75,1.5,0.75,,3,4,4,0,0,0,0,6,,0,0,0,9.75,1.5,0.75,,3,0,0,,,,,0,,,,,0,0,0,,0
"Product","/products/t717-44-1lb-25-2in-bbw-silicone-sex-doll-torso",3,4,1,1,0,0,94,0,0.25,0.25,0,1382.75,23.5,0.5,0,2,3,4,1,1,0,0,94,0,0.25,0.25,0,1382.75,23.5,0.5,0,2,0,0,0,0,,,0,,0,0,,0,0,0,,0
,"/en-fi/blogs/featured-blog/how-to-diy-an-sex-doll-you",4,4,0,0,0,0,4,,0,0,0,0,1,1,,4,4,4,0,0,0,0,4,,0,0,0,0,1,1,,4,0,0,,,,,0,,,,,,0,0,,0
"Blog Article","/blogs/dolls-info-qustions/buy-your-sex-doll-now-by-afterpaypay-in-4",4,4,0,0,0,0,52,,0,0,0,530,13,0.5,,2,4,4,0,0,0,0,52,,0,0,0,530,13,0.5,,2,0,0,,,,,0,,,,,0,0,0,,0
"Product","/products/f6123-150cm-4ft9-29kg-a-cup-flat-chested-silicone-sex-doll-sy-doll",4,4,0,0,0,0,6,,0,0,0,16.5,1.5,0.75,,3,4,4,0,0,0,0,6,,0,0,0,16.5,1.5,0.75,,3,0,0,,,,,0,,,,,0,0,0,,0
"Product","/products/b439-ultra-soft-silicone-sex-doll-boobs-titfuck-torso-erovenus",3,4,2,1,0,0,29,0,0.5,0.25,0,415.5,7.25,0.5,0,2,3,4,2,1,0,0,29,0,0.5,0.25,0,415.5,7.25,0.5,0,2,0,0,0,0,,,0,,0,0,,0,0,0,,0
"Blog Article","/blogs/dolls-info-qustions/2026-doggy-dildo-doll-user-guide",4,4,0,0,0,0,5,,0,0,0,401,1.25,0.75,,3,4,4,0,0,0,0,5,,0,0,0,401,1.25,0.75,,3,0,0,,,,,0,,,,,0,0,0,,0
,"/en-fi/blogs/dolls-info-qustions/exploring-the-best-breasts-for-titty-fucking",4,4,0,0,0,0,4,,0,0,0,0,1,1,,4,4,4,0,0,0,0,4,,0,0,0,0,1,1,,4,0,0,,,,,0,,,,,,0,0,,0
"Product","/products/f5700-160cm-5ft4-55kg-q-cup-silicone-anime-bear-furry-sex-doll-with-round-ears-castle-doll",3,4,0,0,0,0,13,,0,0,0,241.5,3.25,0.25,,1,3,4,0,0,0,0,13,,0,0,0,241.5,3.25,0.25,,1,0,0,,,,,0,,,,,0,0,0,,0
"Blog Article","/blogs/dolls-info-qustions/hey-as-a-woman-is-it-weird-if-i-want-to-buy-a-strap-on-dildo-to-get-it-on-with-a-female-trans-sex-doll",4,4,0,0,0,0,11,,0,0,0,20.25,2.75,0.75,,3,4,4,0,0,0,0,11,,0,0,0,20.25,2.75,0.75,,3,0,0,,,,,0,,,,,0,0,0,,0
"Custom Page","/pages/ai-sex-doll-function",4,4,0,0,0,0,4,,0,0,0,0,1,1,,4,4,4,0,0,0,0,4,,0,0,0,0,1,1,,4,0,0,,,,,0,,,,,,0,0,,0
"Product","/products/f2575-170cm5-6ft-43kg-d-cup-snow-angel-vyrella-ros-max-silicone-sex-doll-real-lady",1,4,0,0,0,0,4,,0,0,0,0,1,1,,4,1,4,0,0,0,0,4,,0,0,0,0,1,1,,4,0,0,,,,,0,,,,,,0,0,,0
"Collection","/collections/yateaolai",4,4,0,0,0,0,4,,0,0,0,0.25,1,1,,4,4,4,0,0,0,0,4,,0,0,0,0.25,1,1,,4,0,0,,,,,0,,,,,0,0,0,,0
"Product","/products/p380-3-32-lbs-anime-fake-pussy-medusa-silicone-hentai-sex-doll-mrl",4,4,0,0,0,0,4,,0,0,0,0,1,1,,4,4,4,0,0,0,0,4,,0,0,0,0,1,1,,4,0,0,,,,,0,,,,,,0,0,,0
"Collection","/collections/doll-forever",4,4,0,0,0,0,7,,0,0,0,24.25,1.75,0.75,,3,4,4,0,0,0,0,7,,0,0,0,24.25,1.75,0.75,,3,0,0,,,,,0,,,,,0,0,0,,0
,"/ja/blogs/dolls-info-qustions/what-are-the-different-types-of-sex-dolls",4,4,0,0,0,0,4,,0,0,0,0,1,1,,4,4,4,0,0,0,0,4,,0,0,0,0,1,1,,4,0,0,,,,,0,,,,,,0,0,,0
"Collection","/collections/in-stock-sex-doll-heads",4,4,0,0,0,0,23,,0,0,0,180.75,5.75,0.5,,2,4,4,0,0,0,0,23,,0,0,0,180.75,5.75,0.5,,2,0,0,,,,,0,,,,,0,0,0,,0
"Collection","/collections/starpery-doll",4,4,0,0,0,0,9,,0,0,0,96.5,2.25,0.75,,3,4,4,0,0,0,0,9,,0,0,0,96.5,2.25,0.75,,3,0,0,,,,,0,,,,,0,0,0,,0
"Collection","/collections/tpe-sex-doll-head",4,4,1,0,0,0,52,,0.25,0,0,953.5,13,0.5,,2,4,4,1,0,0,0,52,,0.25,0,0,953.5,13,0.5,,2,0,0,0,,,,0,,0,,,0,0,0,,0
"Product","/products/f5573-150cm-5ft-27-5kg-shemale-anime-futa-silicone-sex-doll-elsa-babe",3,4,0,0,0,0,20,,0,0,0,164.5,5,0.5,,2,3,4,0,0,0,0,20,,0,0,0,164.5,5,0.5,,2,0,0,,,,,0,,,,,0,0,0,,0
,"/en-ca/blogs/real-sex-doll-reviews-pros-cons-real-usage-tests/2026-meru-hentai-sex-doll-review-comprehensive-comparison-of-4-hot-models",4,4,0,0,0,0,10,,0,0,0,111.25,2.5,0.75,,3,4,4,0,0,0,0,10,,0,0,0,111.25,2.5,0.75,,3,0,0,,,,,0,,,,,0,0,0,,0
,"/ja/blogs/recent-brand-updates-new-arrivals-for-sex-dolls/mrl-fantasy-sex-toys-realistic-anime-furry-and-monster-girl-torso-collection",4,4,0,0,0,0,9,,0,0,0,68.25,2.25,0.25,,1,4,4,0,0,0,0,9,,0,0,0,68.25,2.25,0.25,,1,0,0,,,,,0,,,,,0,0,0,,0
,"/de/blogs/real-sex-doll-reviews-pros-cons-real-usage-tests/shedoll-sex-doll-real-review-hands-on-experience",4,4,0,0,0,0,4,,0,0,0,0,1,1,,4,4,4,0,0,0,0,4,,0,0,0,0,1,1,,4,0,0,,,,,0,,,,,,0,0,,0
"Collection","/collections/sigafun",4,4,0,0,0,0,7,,0,0,0,24.25,1.75,0.5,,2,4,4,0,0,0,0,7,,0,0,0,24.25,1.75,0.5,,2,0,0,,,,,0,,,,,0,0,0,,0
"Blog Article","/blogs/dolls-info-qustions/small-size-big-satisfaction-a-complete-real-life-sex-experience-review-of-the-mini-sex-doll",4,4,0,0,0,0,11,,0,0,0,55.75,2.75,0.75,,3,4,4,0,0,0,0,11,,0,0,0,55.75,2.75,0.75,,3,0,0,,,,,0,,,,,0,0,0,,0
"Collection","/collections/irontech-doll-videos",4,4,0,0,0,0,44,,0,0,0,554.25,11,0.5,,2,4,4,0,0,0,0,44,,0,0,0,554.25,11,0.5,,2,0,0,,,,,0,,,,,0,0,0,,0
"Collection","/collections/gay-sex-doll",4,4,0,0,0,0,6,,0,0,0,32.75,1.5,0.75,,3,4,4,0,0,0,0,6,,0,0,0,32.75,1.5,0.75,,3,0,0,,,,,0,,,,,0,0,0,,0
"Blog Article","/blogs/dolls-info-qustions/explore-the-new-features-of-se-sex-dolls-waist-spin-sex-robots",4,4,0,0,0,0,4,,0,0,0,0,1,1,,4,4,4,0,0,0,0,4,,0,0,0,0,1,1,,4,0,0,,,,,0,,,,,,0,0,,0
,"/ja",3,4,0,0,0,0,39,,0,0,0,218,9.75,0.5,,2,3,4,0,0,0,0,39,,0,0,0,218,9.75,0.5,,2,0,0,,,,,0,,,,,0,0,0,,0
"Blog Article","/blogs/dolls-info-qustions/pay-in-4",4,4,0,0,0,0,10,,0,0,0,38.25,2.5,0.5,,2,4,4,0,0,0,0,10,,0,0,0,38.25,2.5,0.5,,2,0,0,,,,,0,,,,,0,0,0,,0
,"/ja/blogs/dolls-info-qustions/do-humans-have-a-penis-bone",4,4,0,0,0,0,4,,0,0,0,0,1,1,,4,4,4,0,0,0,0,4,,0,0,0,0,1,1,,4,0,0,,,,,0,,,,,,0,0,,0
"Product","/products/t425-35lbs-70cm-tpe-realistic-male-gay-sex-dolls-for-women-in-stock-eu-yq",3,4,0,0,0,0,7,,0,0,0,150.75,1.75,0.5,,2,3,4,0,0,0,0,7,,0,0,0,150.75,1.75,0.5,,2,0,0,,,,,0,,,,,0,0,0,,0
,"/en-ca/products/f1066-159cm-tpe-sex-doll-fun-west-doll",4,4,0,0,0,0,5,,0,0,0,2.25,1.25,0.75,,3,4,4,0,0,0,0,5,,0,0,0,2.25,1.25,0.75,,3,0,0,,,,,0,,,,,0,0,0,,0
"Product","/products/h1040-silicone-sex-doll-head%E4%B8%A8aibei-doll-head",4,4,0,0,0,0,4,,0,0,0,0,1,1,,4,4,4,0,0,0,0,4,,0,0,0,0,1,1,,4,0,0,,,,,0,,,,,,0,0,,0
"Blog Article","/blogs/recent-brand-updates-new-arrivals-for-sex-dolls/se-x-bot-ai-sex-doll-head-review",4,4,0,0,0,0,13,,0,0,0,264.25,3.25,0.25,,1,4,4,0,0,0,0,13,,0,0,0,264.25,3.25,0.25,,1,0,0,,,,,0,,,,,0,0,0,,0
,"/ja/blogs/dolls-info-qustions/gentlemans-paradise-exploring-nsfw-anime-figures-and-sex-dolls",4,4,0,0,0,0,4,,0,0,0,0,1,1,,4,4,4,0,0,0,0,4,,0,0,0,0,1,1,,4,0,0,,,,,0,,,,,,0,0,,0
,"/ja/blogs/dolls-info-qustions/why-choose-a-flat-chest-sex-doll-a-comparison-with-bbw-sex-dolls",4,4,0,0,0,0,4,,0,0,0,0,1,1,,4,4,4,0,0,0,0,4,,0,0,0,0,1,1,,4,0,0,,,,,0,,,,,,0,0,,0
"Product","/products/f4904-150cm4ft9-35-5kg-b-cup-silicone-anime-style-furry-bunny-doll-climax-doll-ultra",4,4,0,0,0,0,12,,0,0,0,200.25,3,0.5,,2,4,4,0,0,0,0,12,,0,0,0,200.25,3,0.5,,2,0,0,,,,,0,,,,,0,0,0,,0
"Product","/products/p382-2-4lb-dragon-head-silicone-hentai-sex-doll-torso-toy-male-masturbator-mrl",4,4,0,0,0,0,11,,0,0,0,55.5,2.75,0.75,,3,4,4,0,0,0,0,11,,0,0,0,55.5,2.75,0.75,,3,0,0,,,,,0,,,,,0,0,0,,0
,"/ja/blogs/dolls-info-qustions/4-things-tell-you-how-to-use-a-lesbian-sex-doll",4,4,0,0,0,0,4,,0,0,0,0,1,1,,4,4,4,0,0,0,0,4,,0,0,0,0,1,1,,4,0,0,,,,,0,,,,,,0,0,,0
"Checkout","/orders/f3e1c72a0641909cd615817852f093cf",1,4,0,0,0,0,13,,0,0,0,85.5,3.25,0.5,,2,1,4,0,0,0,0,13,,0,0,0,85.5,3.25,0.5,,2,0,0,,,,,0,,,,,0,0,0,,0
"Blog Article","/blogs/dolls-info-qustions/sedolls-latest-oral-suction-amp-heating-functions-are-here",4,4,0,0,0,0,4,,0,0,0,0,1,1,,4,4,4,0,0,0,0,4,,0,0,0,0,1,1,,4,0,0,,,,,0,,,,,,0,0,,0
"Blog Article","/blogs/dolls-info-qustions/irontech-doll-launches-the-stunning-oriental-series",4,4,0,0,0,0,4,,0,0,0,0,1,1,,4,4,4,0,0,0,0,4,,0,0,0,0,1,1,,4,0,0,,,,,0,,,,,,0,0,,0
,"/en-ca/products/f3443-153cm5ft-34kg-n-cup-real-silicone-mine-sex-doll-aibei-doll",1,4,0,0,0,0,4,,0,0,0,0,1,1,,4,1,4,0,0,0,0,4,,0,0,0,0,1,1,,4,0,0,,,,,0,,,,,,0,0,,0
"Blog Article","/blogs/dolls-info-qustions/your-first-sex-doll-the-ultimate-beginner-s-guide-to-using-her-right",4,4,0,0,0,0,6,,0,0,0,204.25,1.5,0.5,,2,4,4,0,0,0,0,6,,0,0,0,204.25,1.5,0.5,,2,0,0,,,,,0,,,,,0,0,0,,0
"Blog Article","/blogs/dolls-info-qustions/dangerous-and-fascinating-the-irresistible-allure-of-mermaid-sex-doll",4,4,0,0,0,0,4,,0,0,0,0,1,1,,4,4,4,0,0,0,0,4,,0,0,0,0,1,1,,4,0,0,,,,,0,,,,,,0,0,,0
,"/en-fi/collections/all",4,4,0,0,0,0,24,,0,0,0,280.75,6,0,,0,4,4,0,0,0,0,24,,0,0,0,280.75,6,0,,0,0,0,,,,,0,,,,,0,0,,,
"Blog Article","/blogs/featured-blog/exhibition-diary-the-2025-guangzhou-adult-expo-was-absolutely-mind-blowing",3,4,0,0,0,0,6,,0,0,0,9,1.5,0.75,,3,3,4,0,0,0,0,6,,0,0,0,9,1.5,0.75,,3,0,0,,,,,0,,,,,0,0,0,,0
"Product","/products/f1246-164cm-f-cup-luna-big-boobs-silicone-sex-doll-in-stock-usa-irontech-doll",4,4,0,0,0,0,4,,0,0,0,0,1,1,,4,4,4,0,0,0,0,4,,0,0,0,0,1,1,,4,0,0,,,,,0,,,,,,0,0,,0
"Collection","/collections/piper-doll",4,4,0,0,0,0,5,,0,0,0,0.25,1.25,0.75,,3,4,4,0,0,0,0,5,,0,0,0,0.25,1.25,0.75,,3,0,0,,,,,0,,,,,0,0,0,,0
,"/de/collections/male-sex-doll",4,4,0,0,0,0,5,,0,0,0,3,1.25,0.75,,3,4,4,0,0,0,0,5,,0,0,0,3,1.25,0.75,,3,0,0,,,,,0,,,,,0,0,0,,0
"Collection","/collections/breast-toy",4,4,0,0,0,0,9,,0,0,0,496,2.25,0.5,,2,4,4,0,0,0,0,9,,0,0,0,496,2.25,0.5,,2,0,0,,,,,0,,,,,0,0,0,,0
,"/de/collections/electric-pocket-pussy",4,4,0,0,0,0,6,,0,0,0,4,1.5,0.75,,3,4,4,0,0,0,0,6,,0,0,0,4,1.5,0.75,,3,0,0,,,,,0,,,,,0,0,0,,0
"Blog Article","/blogs/dolls-info-qustions/what-are-the-sex-positions-with-my-arab-sex-doll",4,4,0,0,0,0,4,,0,0,0,0,1,1,,4,4,4,0,0,0,0,4,,0,0,0,0,1,1,,4,0,0,,,,,0,,,,,,0,0,,0
,"/en-fi/collections/futa-sex-doll",4,4,0,0,0,0,7,,0,0,0,54.5,1.75,0.5,,2,4,4,0,0,0,0,7,,0,0,0,54.5,1.75,0.5,,2,0,0,,,,,0,,,,,0,0,0,,0
"Blog Index","/blogs/featured-blog",4,4,0,0,0,0,4,,0,0,0,0,1,1,,4,4,4,0,0,0,0,4,,0,0,0,0,1,1,,4,0,0,,,,,0,,,,,,0,0,,0
"Collection","/collections/1600-1999-sex-doll",4,4,0,0,0,0,17,,0,0,0,135.25,4.25,0.5,,2,4,4,0,0,0,0,17,,0,0,0,135.25,4.25,0.5,,2,0,0,,,,,0,,,,,0,0,0,,0
"Checkout","/60719464687/orders/f8313f6e543100bf5d176183412a92e2",1,4,0,0,0,0,11,,0,0,0,326,2.75,0.5,,2,1,4,0,0,0,0,11,,0,0,0,326,2.75,0.5,,2,0,0,,,,,0,,,,,0,0,0,,0
,"/en-ca/products/f6209-172cm-5-6ft-37-5kg-a-cup-realistic-flat-chest-sex-doll-top-cydoll",2,4,0,0,0,0,38,,0,0,0,204.25,9.5,0.75,,3,2,4,0,0,0,0,38,,0,0,0,204.25,9.5,0.75,,3,0,0,,,,,0,,,,,0,0,0,,0
"Blog Article","/blogs/dolls-info-qustions/how-to-properly-use-chinese-sex-dolls-a-comprehensive-guide",4,4,0,0,0,0,10,,0,0,0,341,2.5,0.75,,3,4,4,0,0,0,0,10,,0,0,0,341,2.5,0.75,,3,0,0,,,,,0,,,,,0,0,0,,0
"Product","/products/h659-thick-big-lips-silicone-sex-doll-head-%E4%B8%A8doll-castle-head",3,4,0,0,0,0,7,,0,0,0,89.75,1.75,0.5,,2,3,4,0,0,0,0,7,,0,0,0,89.75,1.75,0.5,,2,0,0,,,,,0,,,,,0,0,0,,0
"Product","/products/p88-24-3lb-sex-dolls-torso-mrl",4,4,0,0,0,0,9,,0,0,0,80.25,2.25,0.75,,3,4,4,0,0,0,0,9,,0,0,0,80.25,2.25,0.75,,3,0,0,,,,,0,,,,,0,0,0,,0
"Product","/products/f2580-168cm-ai-sex-dolls-silicone-pink-lovers-real-lady",1,4,0,0,0,0,21,,0,0,0,136,5.25,0.5,,2,1,4,0,0,0,0,21,,0,0,0,136,5.25,0.5,,2,0,0,,,,,0,,,,,0,0,0,,0
"Checkout","/orders/4f178a9473f3c62de33570112609cec6",1,4,0,0,0,0,17,,0,0,0,342.75,4.25,0.25,,1,1,4,0,0,0,0,17,,0,0,0,342.75,4.25,0.25,,1,0,0,,,,,0,,,,,0,0,0,,0
"Collection","/collections/tantaly-sex-doll",4,4,0,0,0,0,4,,0,0,0,0.25,1,1,,4,4,4,0,0,0,0,4,,0,0,0,0.25,1,1,,4,0,0,,,,,0,,,,,0,0,0,,0
,"/en-ca/collections/anime-pocket-pussy",4,4,0,0,0,0,6,,0,0,0,23.25,1.5,0.75,,3,4,4,0,0,0,0,6,,0,0,0,23.25,1.5,0.75,,3,0,0,,,,,0,,,,,0,0,0,,0
,"/en-ca/collections/mini-sex-doll",4,4,0,0,0,0,11,,0,0,0,216.75,2.75,0.25,,1,4,4,0,0,0,0,11,,0,0,0,216.75,2.75,0.25,,1,0,0,,,,,0,,,,,0,0,0,,0
,"/en-ca/products/57-32lb-sex-doll-torso-with-life-size-ass-and-soft-skin-512-sex-doll-torso",4,4,0,0,0,0,4,,0,0,0,0,1,1,,4,4,4,0,0,0,0,4,,0,0,0,0,1,1,,4,0,0,,,,,0,,,,,,0,0,,0
"Blog Article","/blogs/featured-blog/2026-sex-doll-lubricant-recommendations-find-the-perfect-formula-for-your-experience",4,4,0,0,0,0,4,,0,0,0,0,1,1,,4,4,4,0,0,0,0,4,,0,0,0,0,1,1,,4,0,0,,,,,0,,,,,,0,0,,0
"Collection","/collections/b-cup-sex-dolls",4,4,0,0,0,0,22,,0,0,0,113,5.5,0.25,,1,4,4,0,0,0,0,22,,0,0,0,113,5.5,0.25,,1,0,0,,,,,0,,,,,0,0,0,,0
,"/de/blogs/dolls-info-qustions/what-s-it-really-like-to-have-sex-nbsp-with-a-sex-doll",4,4,0,0,0,0,4,,0,0,0,0,1,1,,4,4,4,0,0,0,0,4,,0,0,0,0,1,1,,4,0,0,,,,,0,,,,,,0,0,,0
"Collection","/collections/anime-sex-doll-heads",4,4,0,0,0,0,12,,0,0,0,267.25,3,0,,0,4,4,0,0,0,0,12,,0,0,0,267.25,3,0,,0,0,0,,,,,0,,,,,0,0,,,
,"/en-ca/collections/torso-shemale-sex-doll",4,4,0,0,0,0,12,,0,0,0,94,3,0.25,,1,4,4,0,0,0,0,12,,0,0,0,94,3,0.25,,1,0,0,,,,,0,,,,,0,0,0,,0
"Blog Article","/blogs/dolls-info-qustions/how-to-prevent-tearing-in-the-vagina-and-anus-of-tpe-or-silicone-sex-dolls",4,4,0,0,0,0,4,,0,0,0,0,1,1,,4,4,4,0,0,0,0,4,,0,0,0,0,1,1,,4,0,0,,,,,0,,,,,,0,0,,0
"Product","/products/f7626-163cm5-3ft-e-cup-great-huge-butt-tpe-body-silicone-head-sex-doll-for-men%E4%B8%A8sy-doll",4,4,0,0,0,0,4,,0,0,0,0,1,1,,4,4,4,0,0,0,0,4,,0,0,0,0,1,1,,4,0,0,,,,,0,,,,,,0,0,,0
"Collection","/collections/blue-skin-alien",4,4,0,0,0,0,5,,0,0,0,4.5,1.25,0.75,,3,4,4,0,0,0,0,5,,0,0,0,4.5,1.25,0.75,,3,0,0,,,,,0,,,,,0,0,0,,0
"Product","/products/t434-2-69lb-silicone-male-masturbator-sex-toys-for-men-lovenestle",4,4,0,0,0,0,13,,0,0,0,222,3.25,0.75,,3,4,4,0,0,0,0,13,,0,0,0,222,3.25,0.75,,3,0,0,,,,,0,,,,,0,0,0,,0
"Product","/collections/sex-doll-torso/products/631-lifesize-sex-doll-torso",4,4,0,0,0,0,35,,0,0,0,178.5,8.75,0.25,,1,4,4,0,0,0,0,35,,0,0,0,178.5,8.75,0.25,,1,0,0,,,,,0,,,,,0,0,0,,0
"Collection","/collections/dolls-castle-factory-photos",4,4,0,0,0,0,24,,0,0,0,320.5,6,0,,0,4,4,0,0,0,0,24,,0,0,0,320.5,6,0,,0,0,0,,,,,0,,,,,0,0,,,
"Product","/products/a437-38-8lb-silicone-big-ass-sex-doll-torso-with-bubble-butt-lovenestle",4,4,0,0,0,0,9,,0,0,0,61.5,2.25,0.25,,1,4,4,0,0,0,0,9,,0,0,0,61.5,2.25,0.25,,1,0,0,,,,,0,,,,,0,0,0,,0
"Collection","/collections/fantasy-sex-doll-heads",4,4,0,0,0,0,25,,0,0,0,139.25,6.25,0.5,,2,4,4,0,0,0,0,25,,0,0,0,139.25,6.25,0.5,,2,0,0,,,,,0,,,,,0,0,0,,0
"List of Collections","/collections",4,4,0,0,0,0,5,,0,0,0,22.25,1.25,0.75,,3,4,4,0,0,0,0,5,,0,0,0,22.25,1.25,0.75,,3,0,0,,,,,0,,,,,0,0,0,,0
"Blog Article","/blogs/dolls-info-qustions/guide-to-buying-the-newest-sex-dolls-of-2025",4,4,0,0,0,0,10,,0,0,0,28,2.5,0.5,,2,4,4,0,0,0,0,10,,0,0,0,28,2.5,0.5,,2,0,0,,,,,0,,,,,0,0,0,,0
,"/de/blogs/dolls-info-qustions/2025-five-stylish-and-charming-chinese-sex-doll",4,4,0,0,0,0,6,,0,0,0,4,1.5,0.75,,3,4,4,0,0,0,0,6,,0,0,0,4,1.5,0.75,,3,0,0,,,,,0,,,,,0,0,0,,0
"Collection","/collections/funwest-doll",4,4,0,0,0,0,4,,0,0,0,0,1,1,,4,4,4,0,0,0,0,4,,0,0,0,0,1,1,,4,0,0,,,,,0,,,,,,0,0,,0
"Collection","/collections/muha",4,4,0,0,0,0,5,,0,0,0,1.25,1.25,0.75,,3,4,4,0,0,0,0,5,,0,0,0,1.25,1.25,0.75,,3,0,0,,,,,0,,,,,0,0,0,,0
"Product","/products/f7676-165cm5ft5-23kg-e-cup-life-size-ros-silicone-life-size-sex-dolls-lightweight-wm-doll",2,4,0,0,0,0,6,,0,0,0,320,1.5,0.75,,3,2,4,0,0,0,0,6,,0,0,0,320,1.5,0.75,,3,0,0,,,,,0,,,,,0,0,0,,0
,"/de/collections/tpe-body-silicone-head",2,4,1,0,0,0,19,,0.25,0,0,246.25,4.75,0,,0,2,4,1,0,0,0,19,,0.25,0,0,246.25,4.75,0,,0,0,0,0,,,,0,,0,,,0,0,,,
"Collection","/collections/best-sellers-in-head",4,4,0,0,0,0,27,,0,0,0,430,6.75,0.25,,1,4,4,0,0,0,0,27,,0,0,0,430,6.75,0.25,,1,0,0,,,,,0,,,,,0,0,0,,0
"Blog Article","/blogs/dolls-info-qustions/elsa-babe-doll-craftsmanship-introduction",4,4,0,0,0,0,5,,0,0,0,21,1.25,0.75,,3,4,4,0,0,0,0,5,,0,0,0,21,1.25,0.75,,3,0,0,,,,,0,,,,,0,0,0,,0
"Collection","/collections/japanese-cosplay-sex-doll",4,4,0,0,0,0,4,,0,0,0,0,1,1,,4,4,4,0,0,0,0,4,,0,0,0,0,1,1,,4,0,0,,,,,0,,,,,,0,0,,0
"Collection","/collections/irontech-doll-factory-photos",2,4,0,0,0,0,11,,0,0,0,510.75,2.75,0,,0,2,4,0,0,0,0,11,,0,0,0,510.75,2.75,0,,0,0,0,,,,,0,,,,,0,0,,,
,"/de/collections/fake-ass-sex-toy",4,4,0,0,0,0,20,,0,0,0,242.5,5,0,,0,4,4,0,0,0,0,20,,0,0,0,242.5,5,0,,0,0,0,,,,,0,,,,,0,0,,,
"Product","/products/f9155-160cm-5ft2-31kg-e-cup-premium-ros-silicone-soft-and-realistic-love-doll-light-weight-jiusheng-doll",4,4,0,0,0,0,10,,0,0,0,333,2.5,0.5,,2,4,4,0,0,0,0,10,,0,0,0,333,2.5,0.5,,2,0,0,,,,,0,,,,,0,0,0,,0
"Product","/products/h080-sex-doll-head-1",4,4,0,0,0,0,5,,0,0,0,14,1.25,0.75,,3,4,4,0,0,0,0,5,,0,0,0,14,1.25,0.75,,3,0,0,,,,,0,,,,,0,0,0,,0
"Collection","/collections/cartoon-sex-doll",4,4,0,0,0,0,4,,0,0,0,0,1,1,,4,4,4,0,0,0,0,4,,0,0,0,0,1,1,,4,0,0,,,,,0,,,,,,0,0,,0
"Collection","/collections/aibei-doll",4,4,0,0,0,0,14,,0,0,0,140.5,3.5,0.75,,3,4,4,0,0,0,0,14,,0,0,0,140.5,3.5,0.75,,3,0,0,,,,,0,,,,,0,0,0,,0
"Product","/products/f3774-153cm-5ft44kg-g-cup-tpe-sexy-mature-woman-big-butt-sex-doll-yl-doll",3,4,0,0,0,0,4,,0,0,0,0,1,1,,4,3,4,0,0,0,0,4,,0,0,0,0,1,1,,4,0,0,,,,,0,,,,,,0,0,,0
"Product","/products/p391-futanari-toys-anime-pocket-pussy-onahole",3,4,0,0,0,0,4,,0,0,0,0,1,1,,4,3,4,0,0,0,0,4,,0,0,0,0,1,1,,4,0,0,,,,,0,,,,,,0,0,,0
"Product","/products/t681-61lbbig-boots-sex-doll-torso",4,4,0,0,0,0,6,,0,0,0,5.5,1.5,0.75,,3,4,4,0,0,0,0,6,,0,0,0,5.5,1.5,0.75,,3,0,0,,,,,0,,,,,0,0,0,,0
,"/en-ca/collections/animal-hentai-sex-doll",3,4,0,0,0,0,15,,0,0,0,217,3.75,0,,0,3,4,0,0,0,0,15,,0,0,0,217,3.75,0,,0,0,0,,,,,0,,,,,0,0,,,
"Blog Article","/blogs/dolls-info-qustions/sex-torso-vs-masturbation-which-one-is-right-for-you-this-article-has-the-answer",4,4,0,0,0,0,5,,0,0,0,178.5,1.25,0.75,,3,4,4,0,0,0,0,5,,0,0,0,178.5,1.25,0.75,,3,0,0,,,,,0,,,,,0,0,0,,0
"Product","/products/t281-52-91lbs-100cm-hazel-lightweight-life-size-sex-doll-torso-with-head-climax-doll",2,4,0,0,0,0,10,,0,0,0,53.75,2.5,0.5,,2,2,4,0,0,0,0,10,,0,0,0,53.75,2.5,0.5,,2,0,0,,,,,0,,,,,0,0,0,,0
,"/ja/collections/young-male-sex-doll",1,4,0,0,0,0,9,,0,0,0,230.5,2.25,0,,0,1,4,0,0,0,0,9,,0,0,0,230.5,2.25,0,,0,0,0,,,,,0,,,,,0,0,,,
"Collection","/collections/yeloly",4,4,1,1,0,0,20,0,0.25,0.25,0,211,5,0.5,0,2,4,4,1,1,0,0,20,0,0.25,0.25,0,211,5,0.5,0,2,0,0,0,0,,,0,,0,0,,0,0,0,,0
"Product","/products/f9187-big-tit-sex-doll-futa-trans-doll-castle",3,4,1,1,0,0,32,0,0.25,0.25,0,393.75,8,0.25,0,1,3,4,1,1,0,0,32,0,0.25,0.25,0,393.75,8,0.25,0,1,0,0,0,0,,,0,,0,0,,0,0,0,,0
"Blog Article","/blogs/dolls-info-qustions/hidden-art-sex-doll-torsos-and-astonishing-storage-hacks",4,4,0,0,0,0,4,,0,0,0,0,1,1,,4,4,4,0,0,0,0,4,,0,0,0,0,1,1,,4,0,0,,,,,0,,,,,,0,0,,0
"Collection","/collections/ido-doll",4,4,0,0,0,0,4,,0,0,0,0,1,1,,4,4,4,0,0,0,0,4,,0,0,0,0,1,1,,4,0,0,,,,,0,,,,,,0,0,,0
"Collection","/collections/dang-xia",4,4,0,0,0,0,4,,0,0,0,0,1,1,,4,4,4,0,0,0,0,4,,0,0,0,0,1,1,,4,0,0,,,,,0,,,,,,0,0,,0
"Collection","/collections/best-sellers-in-pussy",4,4,0,0,0,0,5,,0,0,0,4.75,1.25,0.75,,3,4,4,0,0,0,0,5,,0,0,0,4.75,1.25,0.75,,3,0,0,,,,,0,,,,,0,0,0,,0
,"/en-ca/products/moonvalel-leopard-170cm-silicone-ros-f763",3,4,0,0,0,0,16,,0,0,0,91,4,0.5,,2,3,4,0,0,0,0,16,,0,0,0,91,4,0.5,,2,0,0,,,,,0,,,,,0,0,0,,0
,"/en-ca/products/f1559-elsa-babe-165cm-5ft4-full-silicone-sexy-anime-sex-dolls",4,4,0,0,0,0,19,,0,0,0,167.25,4.75,0.75,,3,4,4,0,0,0,0,19,,0,0,0,167.25,4.75,0.75,,3,0,0,,,,,0,,,,,0,0,0,,0
,"/ja/collections/anime-pocket-pussy",3,3,0,0,0,0,3,,0,0,0,0,1,1,,3,3,3,0,0,0,0,3,,0,0,0,0,1,1,,3,0,0,,,,,0,,,,,,0,0,,0
,"/de/collections/electric-sex-doll-head",2,3,0,0,0,0,4,,0,0,0,2.3333333333333335,1.3333333333333333,0.6666666666666666,,2,2,3,0,0,0,0,4,,0,0,0,2.3333333333333335,1.3333333333333333,0.6666666666666666,,2,0,0,,,,,0,,,,,0,0,0,,0
"Checkout","/60719464687/orders/6b45d1d2fec937db87aa79719aa16b51",1,3,0,0,0,0,6,,0,0,0,24.666666666666668,2,0.6666666666666666,,2,1,3,0,0,0,0,6,,0,0,0,24.666666666666668,2,0.6666666666666666,,2,0,0,,,,,0,,,,,0,0,0,,0
"Blog Article","/blogs/dolls-info-qustions/what-is-it-like-to-use-a-shemale-sex-doll",3,3,0,0,0,0,3,,0,0,0,0,1,1,,3,3,3,0,0,0,0,3,,0,0,0,0,1,1,,3,0,0,,,,,0,,,,,,0,0,,0
"Blog Article","/blogs/sex-doll-torso-blog/why-buy-an-expensive-sex-doll-torso-complete-guide",3,3,0,0,0,0,3,,0,0,0,0,1,1,,3,3,3,0,0,0,0,3,,0,0,0,0,1,1,,3,0,0,,,,,0,,,,,,0,0,,0
"Blog Article","/blogs/dolls-info-qustions/masturbation-place",3,3,0,0,0,0,3,,0,0,0,0,1,1,,3,3,3,0,0,0,0,3,,0,0,0,0,1,1,,3,0,0,,,,,0,,,,,,0,0,,0
,"/en-ca/collections/mini-torso",3,3,0,0,0,0,8,,0,0,0,364,2.6666666666666665,0,,0,3,3,0,0,0,0,8,,0,0,0,364,2.6666666666666665,0,,0,0,0,,,,,0,,,,,0,0,,,
,"/en-ca/products/f5996-164cm5-4ft-36kg-d-cup-silicone-head-celebrity-sex-doll-%E4%B8%A8rosretty-doll",3,3,0,0,0,0,3,,0,0,0,0,1,1,,3,3,3,0,0,0,0,3,,0,0,0,0,1,1,,3,0,0,,,,,0,,,,,,0,0,,0
,"/en-ca/collections/real-lady",2,3,0,0,0,0,6,,0,0,0,18.333333333333332,2,0.6666666666666666,,2,2,3,0,0,0,0,6,,0,0,0,18.333333333333332,2,0.6666666666666666,,2,0,0,,,,,0,,,,,0,0,0,,0
"Product","/products/f4247-159cm5-2ft-27kg-b-cup-anime-tpe-hentai-sex-doll%E4%B8%A8wm-doll",3,3,0,0,0,0,3,,0,0,0,0,1,1,,3,3,3,0,0,0,0,3,,0,0,0,0,1,1,,3,0,0,,,,,0,,,,,,0,0,,0
"Collection","/collections/sexy-celebrity-sexy-doll",3,3,0,0,0,0,15,,0,0,0,332.3333333333333,5,0,,0,3,3,0,0,0,0,15,,0,0,0,332.3333333333333,5,0,,0,0,0,,,,,0,,,,,0,0,,,
"Blog Article","/blogs/dolls-info-qustions/oral-sex-cleaning-maintaining-the-cleanliness-of-your-sex-doll-s-oral-cavity",3,3,0,0,0,0,3,,0,0,0,0,1,1,,3,3,3,0,0,0,0,3,,0,0,0,0,1,1,,3,0,0,,,,,0,,,,,,0,0,,0
,"/de/collections/big-ass-sex-doll-torso",3,3,0,0,0,0,8,,0,0,0,169,2.6666666666666665,0,,0,3,3,0,0,0,0,8,,0,0,0,169,2.6666666666666665,0,,0,0,0,,,,,0,,,,,0,0,,,
"Blog Article","/blogs/featured-blog/the-differences-between-tpe-and-silicone-vajankle",3,3,0,0,0,0,3,,0,0,0,0,1,1,,3,3,3,0,0,0,0,3,,0,0,0,0,1,1,,3,0,0,,,,,0,,,,,,0,0,,0
"Product","/products/f168-156cm-tpe-sex-doll",3,3,0,0,0,0,3,,0,0,0,0,1,1,,3,3,3,0,0,0,0,3,,0,0,0,0,1,1,,3,0,0,,,,,0,,,,,,0,0,,0
"Blog Article","/blogs/dolls-info-qustions/best-sex-doll-materials-compared-tpe-s-tpe-sle-and-silicone",3,3,0,0,0,0,6,,0,0,0,298,2,0.6666666666666666,,2,3,3,0,0,0,0,6,,0,0,0,298,2,0.6666666666666666,,2,0,0,,,,,0,,,,,0,0,0,,0
"Product","/products/f5707k-168cm-5ft6-40kg-a-cup-rabbit-police-officer-anime-best-animal-hentai-sex-doll-in-stock-castle-doll",2,3,0,0,0,0,8,,0,0,0,105.66666666666667,2.6666666666666665,0.6666666666666666,,2,2,3,0,0,0,0,8,,0,0,0,105.66666666666667,2.6666666666666665,0.6666666666666666,,2,0,0,,,,,0,,,,,0,0,0,,0
"Product","/products/546-4lb-lightweight-black-ass-sex-doll-torso",3,3,0,0,0,0,15,,0,0,0,176.33333333333334,5,0,,0,3,3,0,0,0,0,15,,0,0,0,176.33333333333334,5,0,,0,0,0,,,,,0,,,,,0,0,,,
,"/en-ca/collections/under-1000-full-doll",3,3,1,0,0,0,13,,0.3333333333333333,0,0,98.66666666666667,4.333333333333333,0,,0,3,3,1,0,0,0,13,,0.3333333333333333,0,0,98.66666666666667,4.333333333333333,0,,0,0,0,0,,,,0,,0,,,0,0,,,
"Product","/products/f2325-fun-west-155cm-34kg-f-cup-rose-small-tpe-sex-doll-usa",1,3,0,0,0,0,91,,0,0,0,957,30.333333333333332,0,,0,1,3,0,0,0,0,91,,0,0,0,957,30.333333333333332,0,,0,0,0,,,,,0,,,,,0,0,,,
"Collection","/collections/dolls-castle-sex-dolls-fullsize",3,3,0,0,0,0,7,,0,0,0,17.666666666666668,2.3333333333333335,0.3333333333333333,,1,3,3,0,0,0,0,7,,0,0,0,17.666666666666668,2.3333333333333335,0.3333333333333333,,1,0,0,,,,,0,,,,,0,0,0,,0
"Product","/products/f5985-157cm-5ft1-29kg-b-cup-realistic-skinny-tpe-sex-doll-sy-doll",3,3,0,0,0,0,3,,0,0,0,0,1,1,,3,3,3,0,0,0,0,3,,0,0,0,0,1,1,,3,0,0,,,,,0,,,,,,0,0,,0
"Collection","/collections/bbw-sex-doll-list",3,3,0,0,0,0,13,,0,0,0,288.3333333333333,4.333333333333333,0.3333333333333333,,1,3,3,0,0,0,0,13,,0,0,0,288.3333333333333,4.333333333333333,0.3333333333333333,,1,0,0,,,,,0,,,,,0,0,0,,0
"Product","/products/f2458-164cm5-4ft-39kg-g-cup-ada-life-size-silicone-head-sex-doll-in-stock-us-sigafun-doll",2,3,0,0,0,0,3,,0,0,0,0,1,1,,3,2,3,0,0,0,0,3,,0,0,0,0,1,1,,3,0,0,,,,,0,,,,,,0,0,,0
,"/ja/blogs/featured-blog/how-to-diy-an-sex-doll-you",3,3,0,0,0,0,5,,0,0,0,95.66666666666667,1.6666666666666667,0.3333333333333333,,1,3,3,0,0,0,0,5,,0,0,0,95.66666666666667,1.6666666666666667,0.3333333333333333,,1,0,0,,,,,0,,,,,0,0,0,,0
"Collection","/collections/jiusheng-doll",3,3,0,0,0,0,4,,0,0,0,2,1.3333333333333333,0.6666666666666666,,2,3,3,0,0,0,0,4,,0,0,0,2,1.3333333333333333,0.6666666666666666,,2,0,0,,,,,0,,,,,0,0,0,,0
,"/ja/blogs/dolls-info-qustions/is-a-fully-loose-skeleton-full-body-doll-worth-it",3,3,0,0,0,0,3,,0,0,0,0,1,1,,3,3,3,0,0,0,0,3,,0,0,0,0,1,1,,3,0,0,,,,,0,,,,,,0,0,,0
,"/en-ca/collections/fake-pussy-hentai-sex-doll",3,3,0,0,0,0,3,,0,0,0,0,1,1,,3,3,3,0,0,0,0,3,,0,0,0,0,1,1,,3,0,0,,,,,0,,,,,,0,0,,0
"Collection","/collections/shedoll",3,3,0,0,0,0,6,,0,0,0,16.333333333333332,2,0.3333333333333333,,1,3,3,0,0,0,0,6,,0,0,0,16.333333333333332,2,0.3333333333333333,,1,0,0,,,,,0,,,,,0,0,0,,0
,"/de/pages/celebrity-sex-doll-guide",3,3,0,0,0,0,27,,0,0,0,289,9,0,,0,3,3,0,0,0,0,27,,0,0,0,289,9,0,,0,0,0,,,,,0,,,,,0,0,,,
"Blog Article","/blogs/dolls-info-qustions/solo-play-with-twist-how-to-combine-sex-doll-with-sex-swing-for-maximum-thrill-and-safety",3,3,0,0,0,0,6,,0,0,0,49,2,0.3333333333333333,,1,3,3,0,0,0,0,6,,0,0,0,49,2,0.3333333333333333,,1,0,0,,,,,0,,,,,0,0,0,,0
"Product","/products/t205-bbw-sex-torso-tpe-41-22lb-curvy-fat-belly",3,3,0,0,0,0,4,,0,0,0,1.6666666666666667,1.3333333333333333,0.6666666666666666,,2,3,3,0,0,0,0,4,,0,0,0,1.6666666666666667,1.3333333333333333,0.6666666666666666,,2,0,0,,,,,0,,,,,0,0,0,,0
"Blog Article","/blogs/dolls-info-qustions/2025-how-to-perform-oral-sex-with-a-real-sex-doll",3,3,0,0,0,0,6,,0,0,0,106.66666666666667,2,0.6666666666666666,,2,3,3,0,0,0,0,6,,0,0,0,106.66666666666667,2,0.6666666666666666,,2,0,0,,,,,0,,,,,0,0,0,,0
"Blog Article","/blogs/dolls-info-qustions/se-doll-sex-bot-series-feature-comparison-waist-rotation-vs-hip-thrusting-vs-head-nodding",3,3,0,0,0,0,12,,0,0,0,714,4,0.6666666666666666,,2,3,3,0,0,0,0,12,,0,0,0,714,4,0.6666666666666666,,2,0,0,,,,,0,,,,,0,0,0,,0
"Blog Article","/blogs/dolls-info-qustions/the-hidden-risks-behind-used-nbsp-sex-dolls-would-you-still-buy-one",3,3,0,0,0,0,17,,0,0,0,404.3333333333333,5.666666666666667,0.3333333333333333,,1,3,3,0,0,0,0,17,,0,0,0,404.3333333333333,5.666666666666667,0.3333333333333333,,1,0,0,,,,,0,,,,,0,0,0,,0
,"/en-ca/products/671-vibrating-realsitic-ass-sex-toy-mini-size-ass-sex-torso",2,3,0,0,0,0,6,,0,0,0,33.666666666666664,2,0.6666666666666666,,2,2,3,0,0,0,0,6,,0,0,0,33.666666666666664,2,0.6666666666666666,,2,0,0,,,,,0,,,,,0,0,0,,0
,"/en-ca/products/f9005-164cm5-4ft-36kg-d-cup-silicone-cosplay-celebrity-sex-doll%E4%B8%A8rosretty-doll",3,3,0,0,0,0,3,,0,0,0,0,1,1,,3,3,3,0,0,0,0,3,,0,0,0,0,1,1,,3,0,0,,,,,0,,,,,,0,0,,0
"Product","/products/f4891-171cm-robotic-sex-doll-realistic-silicone-head-robot-pussy",2,3,0,0,0,0,8,,0,0,0,245.33333333333334,2.6666666666666665,0.3333333333333333,,1,2,3,0,0,0,0,8,,0,0,0,245.33333333333334,2.6666666666666665,0.3333333333333333,,1,0,0,,,,,0,,,,,0,0,0,,0
"Product","/products/silicone-butt-thighs-17-4lb",3,3,0,0,0,0,16,,0,0,0,184.33333333333334,5.333333333333333,0.3333333333333333,,1,3,3,0,0,0,0,16,,0,0,0,184.33333333333334,5.333333333333333,0.3333333333333333,,1,0,0,,,,,0,,,,,0,0,0,,0
"Collection","/collections/anime-alien-sex-doll",3,3,0,0,0,0,14,,0,0,0,80,4.666666666666667,0,,0,3,3,0,0,0,0,14,,0,0,0,80,4.666666666666667,0,,0,0,0,,,,,0,,,,,0,0,,,
"Product","/products/p76-44lb-15-7-huge-cock-trans-torso-hentai-shemale-futa-sex-doll-torso-mrl",3,3,0,0,0,0,8,,0,0,0,111.66666666666667,2.6666666666666665,0.3333333333333333,,1,3,3,0,0,0,0,8,,0,0,0,111.66666666666667,2.6666666666666665,0.3333333333333333,,1,0,0,,,,,0,,,,,0,0,0,,0
"Product","/products/a647-17-6lbs-scaly-fantasy-butt-silicone-ass",3,3,0,0,0,0,11,,0,0,0,297.3333333333333,3.6666666666666665,0.6666666666666666,,2,3,3,0,0,0,0,11,,0,0,0,297.3333333333333,3.6666666666666665,0.6666666666666666,,2,0,0,,,,,0,,,,,0,0,0,,0
,"/en-ca/collections/lesbian-sex-doll-torso",3,3,0,0,0,0,5,,0,0,0,18.666666666666668,1.6666666666666667,0.6666666666666666,,2,3,3,0,0,0,0,5,,0,0,0,18.666666666666668,1.6666666666666667,0.6666666666666666,,2,0,0,,,,,0,,,,,0,0,0,,0
"Blog Article","/blogs/dolls-info-qustions/4-easy-positions-to-enjoy-with-your-bbw-sex-doll",3,3,0,0,0,0,3,,0,0,0,0,1,1,,3,3,3,0,0,0,0,3,,0,0,0,0,1,1,,3,0,0,,,,,0,,,,,,0,0,,0
,"/ja/blogs/complete-sex-doll-guide-for-beginners/zero-to-hero-guide-how-first-timers-should-choose-full-body-sex-dolls",3,3,0,0,0,0,3,,0,0,0,0,1,1,,3,3,3,0,0,0,0,3,,0,0,0,0,1,1,,3,0,0,,,,,0,,,,,,0,0,,0
"Blog Index","/blogs/dolls-info-qustions",3,3,0,0,0,0,3,,0,0,0,0,1,1,,3,3,3,0,0,0,0,3,,0,0,0,0,1,1,,3,0,0,,,,,0,,,,,,0,0,,0
,"/de/collections/big-ass-sex-doll-mini-torso",3,3,0,0,0,0,5,,0,0,0,13,1.6666666666666667,0.6666666666666666,,2,3,3,0,0,0,0,5,,0,0,0,13,1.6666666666666667,0.6666666666666666,,2,0,0,,,,,0,,,,,0,0,0,,0
"Product","/products/f6137-160cm-5-2ft-36kg-c-cup-tpe-silicone-head-sex-doll-sy-doll",3,3,0,0,0,0,14,,0,0,0,293,4.666666666666667,0.6666666666666666,,2,3,3,0,0,0,0,14,,0,0,0,293,4.666666666666667,0.6666666666666666,,2,0,0,,,,,0,,,,,0,0,0,,0
,"/en-ca/products/f1837k-163cm5ft4-g-cup-selina-most-popular-sex-doll-irontech-doll",3,3,0,0,0,0,9,,0,0,0,53.333333333333336,3,0.6666666666666666,,2,3,3,0,0,0,0,9,,0,0,0,53.333333333333336,3,0.6666666666666666,,2,0,0,,,,,0,,,,,0,0,0,,0
"Blog Article","/blogs/complete-sex-doll-guide-for-beginners/sex-doll-torso-usage-guide",3,3,0,0,0,0,3,,0,0,0,0,1,1,,3,3,3,0,0,0,0,3,,0,0,0,0,1,1,,3,0,0,,,,,0,,,,,,0,0,,0
"Product","/products/f1987-150cm4-9ft-42-5kg-m-cup-bbw-tpe-sex-doll%E4%B8%A8wm-doll",2,3,0,0,0,0,13,,0,0,0,162.66666666666666,4.333333333333333,0.6666666666666666,,2,2,3,0,0,0,0,13,,0,0,0,162.66666666666666,4.333333333333333,0.6666666666666666,,2,0,0,,,,,0,,,,,0,0,0,,0
"Product","/products/p393-7-39lbs-silicone-pussy-onahole-sex-toys-meru-with-mouth-to-vagina-mrl",3,3,0,0,0,0,3,,0,0,0,0,1,1,,3,3,3,0,0,0,0,3,,0,0,0,0,1,1,,3,0,0,,,,,0,,,,,,0,0,,0
,"/de/collections/anime-cosplay-sex-doll",3,3,0,0,0,0,8,,0,0,0,48.666666666666664,2.6666666666666665,0.3333333333333333,,1,3,3,0,0,0,0,8,,0,0,0,48.666666666666664,2.6666666666666665,0.3333333333333333,,1,0,0,,,,,0,,,,,0,0,0,,0
"Blog Article","/blogs/recent-brand-updates-new-arrivals-for-sex-dolls/zelex-k-series-launch-korean-pop-idol-realistic-sex-dolls",3,3,0,0,0,0,9,,0,0,0,584.3333333333334,3,0.6666666666666666,,2,3,3,0,0,0,0,9,,0,0,0,584.3333333333334,3,0.6666666666666666,,2,0,0,,,,,0,,,,,0,0,0,,0
"Product","/products/t6-luxury-realistic-flat-chested-sex-doll-torso",3,3,0,0,0,0,7,,0,0,0,58.333333333333336,2.3333333333333335,0.3333333333333333,,1,3,3,0,0,0,0,7,,0,0,0,58.333333333333336,2.3333333333333335,0.3333333333333333,,1,0,0,,,,,0,,,,,0,0,0,,0
,"/en-ca/collections/anime-sex-doll-torso",3,3,0,0,0,0,7,,0,0,0,150,2.3333333333333335,0.3333333333333333,,1,3,3,0,0,0,0,7,,0,0,0,150,2.3333333333333335,0.3333333333333333,,1,0,0,,,,,0,,,,,0,0,0,,0
"Blog Article","/blogs/dolls-info-qustions/top-sex-doll-torsos-under-200",3,3,0,0,0,0,44,,0,0,0,724.3333333333334,14.666666666666666,0.6666666666666666,,2,3,3,0,0,0,0,44,,0,0,0,724.3333333333334,14.666666666666666,0.6666666666666666,,2,0,0,,,,,0,,,,,0,0,0,,0
"Product","/products/f1224-160cm-46kg-i-cup-hedy-thick-ass-silicone-sex-doll-usa",3,3,0,0,0,0,4,,0,0,0,2,1.3333333333333333,0.6666666666666666,,2,3,3,0,0,0,0,4,,0,0,0,2,1.3333333333333333,0.6666666666666666,,2,0,0,,,,,0,,,,,0,0,0,,0
"Collection","/collections/felexia-doll",3,3,0,0,0,0,3,,0,0,0,0,1,1,,3,3,3,0,0,0,0,3,,0,0,0,0,1,1,,3,0,0,,,,,0,,,,,,0,0,,0
"Blog Article","/blogs/dolls-info-qustions/from-midnight-anime-to-3d-nightstands-3-hentai-sex-dolls-that-actually-exist",3,3,0,0,0,0,3,,0,0,0,0,1,1,,3,3,3,0,0,0,0,3,,0,0,0,0,1,1,,3,0,0,,,,,0,,,,,,0,0,,0
"Blog Article","/blogs/dolls-info-qustions/how-to-safely-bathe-with-your-love-doll",2,3,0,0,0,0,3,,0,0,0,0,1,1,,3,2,3,0,0,0,0,3,,0,0,0,0,1,1,,3,0,0,,,,,0,,,,,,0,0,,0
,"/ja/blogs/dolls-info-qustions/what-s-it-really-like-to-have-sex-nbsp-with-a-sex-doll",3,3,0,0,0,0,4,,0,0,0,4.333333333333333,1.3333333333333333,0.6666666666666666,,2,3,3,0,0,0,0,4,,0,0,0,4.333333333333333,1.3333333333333333,0.6666666666666666,,2,0,0,,,,,0,,,,,0,0,0,,0
"Blog Article","/blogs/dolls-info-qustions/little-secrets-about-vagina-and-anus-of-sex-dolls",3,3,0,0,0,0,4,,0,0,0,5,1.3333333333333333,0.6666666666666666,,2,3,3,0,0,0,0,4,,0,0,0,5,1.3333333333333333,0.6666666666666666,,2,0,0,,,,,0,,,,,0,0,0,,0
"Product","/products/f2460-164cm5-4ft-39kg-g-cup-life-size-silicone-head-sex-doll-in-stock-us-sigafun-doll",2,3,0,0,0,0,4,,0,0,0,3,1.3333333333333333,0.6666666666666666,,2,2,3,0,0,0,0,4,,0,0,0,3,1.3333333333333333,0.6666666666666666,,2,0,0,,,,,0,,,,,0,0,0,,0
,"/de/blogs/dolls-info-qustions/how-to-hide-your-full-size-sex-doll",3,3,0,0,0,0,3,,0,0,0,0,1,1,,3,3,3,0,0,0,0,3,,0,0,0,0,1,1,,3,0,0,,,,,0,,,,,,0,0,,0
"Product","/products/bbw-sex-doll-torso-t71-papaya-breast-tpe",3,3,0,0,0,0,5,,0,0,0,15.333333333333334,1.6666666666666667,0.3333333333333333,,1,3,3,0,0,0,0,5,,0,0,0,15.333333333333334,1.6666666666666667,0.3333333333333333,,1,0,0,,,,,0,,,,,0,0,0,,0
"Blog Article","/blogs/dolls-info-qustions/how-to-deal-with-stuck-joints-in-sex-dolls-professional-repair-and-maintenance-guide",3,3,0,0,0,0,3,,0,0,0,0,1,1,,3,3,3,0,0,0,0,3,,0,0,0,0,1,1,,3,0,0,,,,,0,,,,,,0,0,,0
,"/en-ca/collections/chinese-sex-doll",3,3,0,0,0,0,15,,0,0,0,261.3333333333333,5,0.6666666666666666,,2,3,3,0,0,0,0,15,,0,0,0,261.3333333333333,5,0.6666666666666666,,2,0,0,,,,,0,,,,,0,0,0,,0
"Collection","/collections/6ye-doll",3,3,0,0,0,0,3,,0,0,0,0,1,1,,3,3,3,0,0,0,0,3,,0,0,0,0,1,1,,3,0,0,,,,,0,,,,,,0,0,,0
"Collection","/collections/judy-rona-doll",3,3,0,0,0,0,4,,0,0,0,9,1.3333333333333333,0.6666666666666666,,2,3,3,0,0,0,0,4,,0,0,0,9,1.3333333333333333,0.6666666666666666,,2,0,0,,,,,0,,,,,0,0,0,,0
"Collection","/collections/doggy-dildo-doll-guide-dog-knot-dildos-1",3,3,0,0,0,0,3,,0,0,0,0,1,1,,3,3,3,0,0,0,0,3,,0,0,0,0,1,1,,3,0,0,,,,,0,,,,,,0,0,,0
"Product","/products/t408-fat-sex-dolls-121cm-long-legs-bbw-torso",3,3,0,0,0,0,4,,0,0,0,49.333333333333336,1.3333333333333333,0.6666666666666666,,2,3,3,0,0,0,0,4,,0,0,0,49.333333333333336,1.3333333333333333,0.6666666666666666,,2,0,0,,,,,0,,,,,0,0,0,,0
"Blog Article","/blogs/dolls-info-qustions/love-doll-comprehensive-guide-and-faqs-for-2025",3,3,0,0,0,0,29,,0,0,0,798,9.666666666666666,0.6666666666666666,,2,3,3,0,0,0,0,29,,0,0,0,798,9.666666666666666,0.6666666666666666,,2,0,0,,,,,0,,,,,0,0,0,,0
,"/en-fi/pages/torso-sex-doll-videos",3,3,0,0,0,0,4,,0,0,0,87.33333333333333,1.3333333333333333,0.6666666666666666,,2,3,3,0,0,0,0,4,,0,0,0,87.33333333333333,1.3333333333333333,0.6666666666666666,,2,0,0,,,,,0,,,,,0,0,0,,0
"Blog Article","/blogs/dolls-info-qustions/why-these-sex-dolls-became-global-best-sellers-the-secrets-revealed",3,3,0,0,0,0,3,,0,0,0,0,1,1,,3,3,3,0,0,0,0,3,,0,0,0,0,1,1,,3,0,0,,,,,0,,,,,,0,0,,0
,"/de/collections/gel-breasts",3,3,0,0,0,0,10,,0,0,0,482.3333333333333,3.3333333333333335,0,,0,3,3,0,0,0,0,10,,0,0,0,482.3333333333333,3.3333333333333335,0,,0,0,0,,,,,0,,,,,0,0,,,
"Product","/products/f110-165cm-37kg-finley-thin-face-shy-asian-teen-tpe-cute-femboy-sex-doll-qita-doll",2,3,0,0,0,0,14,,0,0,0,231.66666666666666,4.666666666666667,0.3333333333333333,,1,2,3,0,0,0,0,14,,0,0,0,231.66666666666666,4.666666666666667,0.3333333333333333,,1,0,0,,,,,0,,,,,0,0,0,,0
,"/de/blogs/dolls-info-qustions/%F0%9F%94%A5-2025-best-fake-ass-sex-toy-recommendations-6-ultra-realistic-big-booty-dolls-for-ultimate-pleasure",3,3,0,0,0,0,9,,0,0,0,78.33333333333333,3,0.6666666666666666,,2,3,3,0,0,0,0,9,,0,0,0,78.33333333333333,3,0.6666666666666666,,2,0,0,,,,,0,,,,,0,0,0,,0
"Collection","/collections/normon-doll",3,3,0,0,0,0,3,,0,0,0,0,1,1,,3,3,3,0,0,0,0,3,,0,0,0,0,1,1,,3,0,0,,,,,0,,,,,,0,0,,0
,"/en-fi/blogs/sex-doll-torso-blog/why-buy-an-expensive-sex-doll-torso-complete-guide",3,3,0,0,0,0,3,,0,0,0,0,1,1,,3,3,3,0,0,0,0,3,,0,0,0,0,1,1,,3,0,0,,,,,0,,,,,,0,0,,0
"Collection","/collections/sex-doll-torso-combination-package-for-couples",3,3,0,0,0,0,3,,0,0,0,0,1,1,,3,3,3,0,0,0,0,3,,0,0,0,0,1,1,,3,0,0,,,,,0,,,,,,0,0,,0
"Collection","/collections/huge",3,3,0,0,0,0,10,,0,0,0,233.66666666666666,3.3333333333333335,0,,0,3,3,0,0,0,0,10,,0,0,0,233.66666666666666,3.3333333333333335,0,,0,0,0,,,,,0,,,,,0,0,,,
,"/de/blogs/dolls-info-qustions/quick-orgasm-top-7-tips-for-anal-sex-with-sex-dolls",3,3,0,0,0,0,3,,0,0,0,0,1,1,,3,3,3,0,0,0,0,3,,0,0,0,0,1,1,,3,0,0,,,,,0,,,,,,0,0,,0
,"/en-ca/blogs/dolls-info-qustions/how-to-choose-the-hair-for-a-sex-doll-hair-implantation-vs-wigs",1,3,0,0,0,0,3,,0,0,0,0,1,1,,3,1,3,0,0,0,0,3,,0,0,0,0,1,1,,3,0,0,,,,,0,,,,,,0,0,,0
"Product","/products/605-53lb-luxurious-medium-sex-doll-torso-with-round-thigh",3,3,0,0,0,0,19,,0,0,0,378.6666666666667,6.333333333333333,0.6666666666666666,,2,3,3,0,0,0,0,19,,0,0,0,378.6666666666667,6.333333333333333,0.6666666666666666,,2,0,0,,,,,0,,,,,0,0,0,,0
"Product","/products/a433-16-54lb-lucy-silicone-realistic-pussy-sex-doll-bubble-butt-hip-toy-lovenestle",2,3,1,1,0,0,12,0,0.3333333333333333,0.3333333333333333,0,169,4,0.3333333333333333,0,1,2,3,1,1,0,0,12,0,0.3333333333333333,0.3333333333333333,0,169,4,0.3333333333333333,0,1,0,0,0,0,,,0,,0,0,,0,0,0,,0
"Collection","/collections/sigafun-doll-factory-photos",3,3,0,0,0,0,6,,0,0,0,53,2,0.3333333333333333,,1,3,3,0,0,0,0,6,,0,0,0,53,2,0.3333333333333333,,1,0,0,,,,,0,,,,,0,0,0,,0
,"/vi/blogs/dolls-info-qustions/how-to-make-fake-pussy",3,3,0,0,0,0,5,,0,0,0,6,1.6666666666666667,0.6666666666666666,,2,3,3,0,0,0,0,5,,0,0,0,6,1.6666666666666667,0.6666666666666666,,2,0,0,,,,,0,,,,,0,0,0,,0
,"/en-ca/collections/mini-flat-chest-sex-doll",3,3,0,0,0,0,4,,0,0,0,52.333333333333336,1.3333333333333333,0.6666666666666666,,2,3,3,0,0,0,0,4,,0,0,0,52.333333333333336,1.3333333333333333,0.6666666666666666,,2,0,0,,,,,0,,,,,0,0,0,,0
,"/en-ca/products/52416-8lb-54cm-charming-abs-and-big-hard-cock-boys-male-sex-dolls-torso-for-women",1,3,0,0,0,0,3,,0,0,0,0,1,1,,3,1,3,0,0,0,0,3,,0,0,0,0,1,1,,3,0,0,,,,,0,,,,,,0,0,,0
"Collection","/collections/notye-doll",3,3,0,0,0,0,6,,0,0,0,196,2,0.6666666666666666,,2,3,3,0,0,0,0,6,,0,0,0,196,2,0.6666666666666666,,2,0,0,,,,,0,,,,,0,0,0,,0
"Blog Article","/blogs/dolls-info-qustions/comprehensive-analysis-of-ai-sex-doll-automatic-tongue-function",3,3,0,0,0,0,4,,0,0,0,354,1.3333333333333333,0.6666666666666666,,2,3,3,0,0,0,0,4,,0,0,0,354,1.3333333333333333,0.6666666666666666,,2,0,0,,,,,0,,,,,0,0,0,,0
,"/en-fi/collections/sex-doll-torso",3,3,0,0,0,0,6,,0,0,0,8.666666666666666,2,0.6666666666666666,,2,3,3,0,0,0,0,6,,0,0,0,8.666666666666666,2,0.6666666666666666,,2,0,0,,,,,0,,,,,0,0,0,,0
"Blog Article","/blogs/dolls-info-qustions/new-sigafun-series-officially-released-every-model-is-irresistible",3,3,0,0,0,0,3,,0,0,0,0,1,1,,3,3,3,0,0,0,0,3,,0,0,0,0,1,1,,3,0,0,,,,,0,,,,,,0,0,,0
"Product","/products/f5593-150cm-5ft-27-5kg-anime-silicone-sex-doll-elsa-babe",3,3,0,0,0,0,3,,0,0,0,0,1,1,,3,3,3,0,0,0,0,3,,0,0,0,0,1,1,,3,0,0,,,,,0,,,,,,0,0,,0
"Blog Article","/blogs/sex-doll-torso-blog/top-7-sex-doll-torsos",3,3,0,0,0,0,23,,0,0,0,332.3333333333333,7.666666666666667,0.6666666666666666,,2,3,3,0,0,0,0,23,,0,0,0,332.3333333333333,7.666666666666667,0.6666666666666666,,2,0,0,,,,,0,,,,,0,0,0,,0
"Blog Article","/blogs/dolls-info-qustions/zelex-fusion-series-redefining-realism-in-lifelike-dolls",3,3,0,0,0,0,5,,0,0,0,18.666666666666668,1.6666666666666667,0.6666666666666666,,2,3,3,0,0,0,0,5,,0,0,0,18.666666666666668,1.6666666666666667,0.6666666666666666,,2,0,0,,,,,0,,,,,0,0,0,,0
"Product","/products/ironai-ros-silicone-blowjob-head-h901",2,3,0,0,0,0,4,,0,0,0,17,1.3333333333333333,0.6666666666666666,,2,2,3,0,0,0,0,4,,0,0,0,17,1.3333333333333333,0.6666666666666666,,2,0,0,,,,,0,,,,,0,0,0,,0
"Product","/products/h543-tpe-oral-sex-doll-head-with-tonge%E4%B8%A8funwest-doll-head",2,3,0,0,0,0,6,,0,0,0,341,2,0.3333333333333333,,1,2,3,0,0,0,0,6,,0,0,0,341,2,0.3333333333333333,,1,0,0,,,,,0,,,,,0,0,0,,0
"Blog Article","/blogs/recent-brand-updates-new-arrivals-for-sex-dolls/irontech-brand-new-iron-ai-complete-highlights-breakdown",3,3,0,0,0,0,3,,0,0,0,0,1,1,,3,3,3,0,0,0,0,3,,0,0,0,0,1,1,,3,0,0,,,,,0,,,,,,0,0,,0
"Checkout","/orders/ad3ee6568e7183f2b22c8dcbcc88c601",1,3,0,0,0,0,3,,0,0,0,0,1,1,,3,1,3,0,0,0,0,3,,0,0,0,0,1,1,,3,0,0,,,,,0,,,,,,0,0,,0
"Blog Article","/blogs/dolls-info-qustions/in-depth-review-of-chunmomo-bezlya-collaborative-celebrity-sex-doll",3,3,0,0,0,0,4,,0,0,0,283.3333333333333,1.3333333333333333,0.6666666666666666,,2,3,3,0,0,0,0,4,,0,0,0,283.3333333333333,1.3333333333333333,0.6666666666666666,,2,0,0,,,,,0,,,,,0,0,0,,0
"Product","/products/t908k94-8lbsblack-ssbbw-tpe-ebony-torso-sex-doll-with-huge-breasts-climax-doll-classic",3,3,0,0,0,0,10,,0,0,0,95.66666666666667,3.3333333333333335,0.3333333333333333,,1,3,3,0,0,0,0,10,,0,0,0,95.66666666666667,3.3333333333333335,0.3333333333333333,,1,0,0,,,,,0,,,,,0,0,0,,0
"Product","/products/p125-lifelike-silicone-pocket-pussy-soft-realistic-easy-to-clean-judy-rona",1,3,1,2,1,0.3333333333333333,28,0.5,0.3333333333333333,0.6666666666666666,1,1631.6666666666667,9.333333333333334,0,0,0,1,3,1,2,1,0.3333333333333333,28,0.5,0.3333333333333333,0.6666666666666666,1,1631.6666666666667,9.333333333333334,0,0,0,0,0,0,0,0,0,0,0,0,0,0,0,0,,,
"Blog Article","/blogs/dolls-info-qustions/naked-sex-doll-the-ultimate-sexual-fantasy",3,3,0,0,0,0,7,,0,0,0,23.333333333333332,2.3333333333333335,0.3333333333333333,,1,3,3,0,0,0,0,7,,0,0,0,23.333333333333332,2.3333333333333335,0.3333333333333333,,1,0,0,,,,,0,,,,,0,0,0,,0
"Collection","/collections/joyotoy",3,3,0,0,0,0,3,,0,0,0,0,1,1,,3,3,3,0,0,0,0,3,,0,0,0,0,1,1,,3,0,0,,,,,0,,,,,,0,0,,0
"Product","/products/f9404-170cm-life-size-sex-doll-g-cup",2,3,0,1,0,0,13,0,0,0.3333333333333333,0,281.3333333333333,4.333333333333333,0,,0,2,3,0,1,0,0,13,0,0,0.3333333333333333,0,281.3333333333333,4.333333333333333,0,,0,0,0,,0,,,0,,,0,,0,0,,,
"Blog Article","/blogs/dolls-info-qustions/most-comprehensive-guideline-of-best-sex-dolls-sex-doll-torsos",3,3,0,0,0,0,9,,0,0,0,42.666666666666664,3,0.6666666666666666,,2,3,3,0,0,0,0,9,,0,0,0,42.666666666666664,3,0.6666666666666666,,2,0,0,,,,,0,,,,,0,0,0,,0
,"/en-ca/collections/the-best-male-sex-dolls-of-2024-explained-choosing-your-ideal-lover",3,3,0,0,0,0,15,,0,0,0,224,5,0,,0,3,3,0,0,0,0,15,,0,0,0,224,5,0,,0,0,0,,,,,0,,,,,0,0,,,
,"/en-ca/blogs/dolls-info-qustions/what-weight-of-butt-torso-sex-dolls-is-most-suitable",3,3,0,0,0,0,3,,0,0,0,0,1,1,,3,3,3,0,0,0,0,3,,0,0,0,0,1,1,,3,0,0,,,,,0,,,,,,0,0,,0
"Blog Article","/blogs/complete-sex-doll-guide-for-beginners/where-can-i-buy-a-sex-doll-safe-and-reliable-options",2,3,0,0,0,0,3,,0,0,0,0,1,1,,3,2,3,0,0,0,0,3,,0,0,0,0,1,1,,3,0,0,,,,,0,,,,,,0,0,,0
,"/en-ca/blogs/sex-doll-torso-blog/top-7-sex-poses-with-your-torso-sex-doll",3,3,0,0,0,0,3,,0,0,0,0,1,1,,3,3,3,0,0,0,0,3,,0,0,0,0,1,1,,3,0,0,,,,,0,,,,,,0,0,,0
"Product","/products/a418-8lb-sexy-and-real-fat-lady-ass-realistic-chubby-sex-doll-torso",3,3,0,0,0,0,37,,0,0,0,841.3333333333334,12.333333333333334,0.3333333333333333,,1,3,3,0,0,0,0,37,,0,0,0,841.3333333333334,12.333333333333334,0.3333333333333333,,1,0,0,,,,,0,,,,,0,0,0,,0
"Collection","/collections/anime-sex-doll-under-200",3,3,0,0,0,0,4,,0,0,0,60.333333333333336,1.3333333333333333,0.6666666666666666,,2,3,3,0,0,0,0,4,,0,0,0,60.333333333333336,1.3333333333333333,0.6666666666666666,,2,0,0,,,,,0,,,,,0,0,0,,0
"Blog Article","/blogs/dolls-info-qustions/2025-s-hottest-sex-doll-brands-bestsellers-did-you-pick-the-right-one",3,3,0,0,0,0,3,,0,0,0,0,1,1,,3,3,3,0,0,0,0,3,,0,0,0,0,1,1,,3,0,0,,,,,0,,,,,,0,0,,0
"Product","/products/h415-ros-free-hair-impants-real-oral-movable-jaw-silicone-sex-doll-head-sy-doll",1,3,0,0,0,0,5,,0,0,0,1.6666666666666667,1.6666666666666667,0.3333333333333333,,1,1,3,0,0,0,0,5,,0,0,0,1.6666666666666667,1.6666666666666667,0.3333333333333333,,1,0,0,,,,,0,,,,,0,0,0,,0
"Collection","/collections/big-ass-sex-doll",3,3,0,0,0,0,48,,0,0,0,1689.6666666666667,16,0,,0,3,3,0,0,0,0,48,,0,0,0,1689.6666666666667,16,0,,0,0,0,,,,,0,,,,,0,0,,,
,"/en-ca/collections/bbw-black-sex-doll",3,3,0,0,0,0,5,,0,0,0,12,1.6666666666666667,0.3333333333333333,,1,3,3,0,0,0,0,5,,0,0,0,12,1.6666666666666667,0.3333333333333333,,1,0,0,,,,,0,,,,,0,0,0,,0
"Product","/products/se-doll-head-x-bot-ai-smart-multi-language-talking-h002",3,3,0,0,0,0,3,,0,0,0,0,1,1,,3,3,3,0,0,0,0,3,,0,0,0,0,1,1,,3,0,0,,,,,0,,,,,,0,0,,0
"Product","/products/h442-ros-free-hair-impants-real-oral-movable-jaw-silicone-sex-doll-head-sy-doll",3,3,0,0,0,0,10,,0,0,0,264,3.3333333333333335,0.3333333333333333,,1,3,3,0,0,0,0,10,,0,0,0,264,3.3333333333333335,0.3333333333333333,,1,0,0,,,,,0,,,,,0,0,0,,0
"Blog Article","/blogs/dolls-info-qustions/a-comprehensive-guide-to-finding-the-ideal-dildo-1",3,3,0,0,0,0,3,,0,0,0,0,1,1,,3,3,3,0,0,0,0,3,,0,0,0,0,1,1,,3,0,0,,,,,0,,,,,,0,0,,0
,"/en-ca/collections/big-boobs-japanese-sex-doll",3,3,1,1,0,0,8,0,0.3333333333333333,0.3333333333333333,0,99.33333333333333,2.6666666666666665,0.6666666666666666,0,2,3,3,1,1,0,0,8,0,0.3333333333333333,0.3333333333333333,0,99.33333333333333,2.6666666666666665,0.6666666666666666,0,2,0,0,0,0,,,0,,0,0,,0,0,0,,0
"Collection","/collections/dildo-hentai-sex-doll",3,3,0,0,0,0,6,,0,0,0,7,2,0.3333333333333333,,1,3,3,0,0,0,0,6,,0,0,0,7,2,0.3333333333333333,,1,0,0,,,,,0,,,,,0,0,0,,0
"Blog Article","/blogs/dolls-info-qustions/top-4-vajankle-foot-fetish-toys-you-can-t-miss-in-2026",3,3,0,0,0,0,4,,0,0,0,5.333333333333333,1.3333333333333333,0.6666666666666666,,2,3,3,0,0,0,0,4,,0,0,0,5.333333333333333,1.3333333333333333,0.6666666666666666,,2,0,0,,,,,0,,,,,0,0,0,,0
"Product","/products/f2229-ssbbw-sex-doll-bbw-tpe-us-sy-doll",2,3,2,0,0,0,72,,0.6666666666666666,0,0,3202.6666666666665,24,0,,0,2,3,2,0,0,0,72,,0.6666666666666666,0,0,3202.6666666666665,24,0,,0,0,0,0,,,,0,,0,,,0,0,,,
"Product","/products/f3782-158cm-5ft232kg-e-cup-silicone-adult-full-sexy-europe-sex-doll-yl-doll",3,3,0,0,0,0,12,,0,0,0,155,4,0.3333333333333333,,1,3,3,0,0,0,0,12,,0,0,0,155,4,0.3333333333333333,,1,0,0,,,,,0,,,,,0,0,0,,0
"Collection","/collections/europe-sex-doll-heads-1",3,3,0,0,0,0,8,,0,0,0,159.66666666666666,2.6666666666666665,0.3333333333333333,,1,3,3,0,0,0,0,8,,0,0,0,159.66666666666666,2.6666666666666665,0.3333333333333333,,1,0,0,,,,,0,,,,,0,0,0,,0
"Blog Article","/blogs/dolls-info-qustions/how-to-be-a-qualified-cowboy-through-a-male-sex-doll",3,3,0,0,0,0,3,,0,0,0,0,1,1,,3,3,3,0,0,0,0,3,,0,0,0,0,1,1,,3,0,0,,,,,0,,,,,,0,0,,0
"Product","/products/a352-8-3lb-siliconewolf-ass-furry-sex-doll-torso-mrl",2,3,0,0,0,0,5,,0,0,0,26,1.6666666666666667,0.6666666666666666,,2,2,3,0,0,0,0,5,,0,0,0,26,1.6666666666666667,0.6666666666666666,,2,0,0,,,,,0,,,,,0,0,0,,0
"Product","/products/f9000-160cm-5-2ft-36kg-c-cup-tpe-silicone-head-asian-celebrity-sex-doll-sy-doll",2,3,0,0,0,0,3,,0,0,0,0,1,1,,3,2,3,0,0,0,0,3,,0,0,0,0,1,1,,3,0,0,,,,,0,,,,,,0,0,,0
,"/en-fi/collections/anime-sex-doll",3,3,0,0,0,0,5,,0,0,0,428,1.6666666666666667,0.6666666666666666,,2,3,3,0,0,0,0,5,,0,0,0,428,1.6666666666666667,0.6666666666666666,,2,0,0,,,,,0,,,,,0,0,0,,0
"Product","/products/f6101-158cm-5ft2-47kg-c-cup-asian-silicone-sex-doll-shedoll",1,3,0,0,0,0,3,,0,0,0,0,1,1,,3,1,3,0,0,0,0,3,,0,0,0,0,1,1,,3,0,0,,,,,0,,,,,,0,0,,0
"Collection","/collections/cst-doll",3,3,0,0,0,0,11,,0,0,0,519.3333333333334,3.6666666666666665,0.3333333333333333,,1,3,3,0,0,0,0,11,,0,0,0,519.3333333333334,3.6666666666666665,0.3333333333333333,,1,0,0,,,,,0,,,,,0,0,0,,0
"Blog Article","/blogs/dolls-info-qustions/can-dildos-be-installed-on-sex-dolls-of-course",3,3,0,0,0,0,3,,0,0,0,0,1,1,,3,3,3,0,0,0,0,3,,0,0,0,0,1,1,,3,0,0,,,,,0,,,,,,0,0,,0
,"/en-ca/collections/torso-dildo",3,3,0,0,0,0,16,,0,0,0,283.3333333333333,5.333333333333333,0.3333333333333333,,1,3,3,0,0,0,0,16,,0,0,0,283.3333333333333,5.333333333333333,0.3333333333333333,,1,0,0,,,,,0,,,,,0,0,0,,0
"Collection","/collections/fj-doll",3,3,0,0,0,0,6,,0,0,0,15.666666666666666,2,0.6666666666666666,,2,3,3,0,0,0,0,6,,0,0,0,15.666666666666666,2,0.6666666666666666,,2,0,0,,,,,0,,,,,0,0,0,,0
,"/ja/blogs/dolls-info-qustions/from-midnight-anime-to-3d-nightstands-3-hentai-sex-dolls-that-actually-exist",3,3,0,0,0,0,3,,0,0,0,0,1,1,,3,3,3,0,0,0,0,3,,0,0,0,0,1,1,,3,0,0,,,,,0,,,,,,0,0,,0
,"/en-ca/products/f8193-150cm-5ft-27-5kg-silicone-anime-sex-doll-elsa-babe",3,3,0,0,0,0,16,,0,0,0,685.3333333333334,5.333333333333333,0.3333333333333333,,1,3,3,0,0,0,0,16,,0,0,0,685.3333333333334,5.333333333333333,0.3333333333333333,,1,0,0,,,,,0,,,,,0,0,0,,0
"Blog Article","/blogs/sex-doll-option-videos/video-04-moaning-sound",3,3,0,0,0,0,7,,0,0,0,557,2.3333333333333335,0.3333333333333333,,1,3,3,0,0,0,0,7,,0,0,0,557,2.3333333333333335,0.3333333333333333,,1,0,0,,,,,0,,,,,0,0,0,,0
"Collection","/collections/blonde-sex-dolls",3,3,0,0,0,0,8,,0,0,0,105.33333333333333,2.6666666666666665,0.3333333333333333,,1,3,3,0,0,0,0,8,,0,0,0,105.33333333333333,2.6666666666666665,0.3333333333333333,,1,0,0,,,,,0,,,,,0,0,0,,0
"Collection","/collections/xingse",3,3,0,0,0,0,3,,0,0,0,0.6666666666666666,1,1,,3,3,3,0,0,0,0,3,,0,0,0,0.6666666666666666,1,1,,3,0,0,,,,,0,,,,,0,0,0,,0
,"/de/collections/fantasy-sex-dolls",3,3,0,0,0,0,9,,0,0,0,119.33333333333333,3,0.3333333333333333,,1,3,3,0,0,0,0,9,,0,0,0,119.33333333333333,3,0.3333333333333333,,1,0,0,,,,,0,,,,,0,0,0,,0
"Collection","/collections/top-fire-doll",3,3,0,0,0,0,4,,0,0,0,2.6666666666666665,1.3333333333333333,0.6666666666666666,,2,3,3,0,0,0,0,4,,0,0,0,2.6666666666666665,1.3333333333333333,0.6666666666666666,,2,0,0,,,,,0,,,,,0,0,0,,0
"Collection","/collections/erovenus-doll-in-stock-usa",3,3,0,0,0,0,6,,0,0,0,97,2,0.3333333333333333,,1,3,3,0,0,0,0,6,,0,0,0,97,2,0.3333333333333333,,1,0,0,,,,,0,,,,,0,0,0,,0
,"/en-ca/products/f9004-161cm5-3ft-39-6kg-d-cup-real-life-tpe-ai-huge-breast-sex-doll%E4%B8%A8sy-doll",3,3,0,0,0,0,63,,0,0,0,706,21,0.6666666666666666,,2,3,3,0,0,0,0,63,,0,0,0,706,21,0.6666666666666666,,2,0,0,,,,,0,,,,,0,0,0,,0
,"/ja/blogs/dolls-info-qustions/pocket-pussy-full-range-of-types-which-one-is-best-for-you",3,3,0,0,0,0,3,,0,0,0,0,1,1,,3,3,3,0,0,0,0,3,,0,0,0,0,1,1,,3,0,0,,,,,0,,,,,,0,0,,0
"Blog Article","/blogs/dolls-info-qustions/how-does-sex-with-life-size-sex-dolls-compare-to-real-sex",3,3,0,0,0,0,3,,0,0,0,0,1,1,,3,3,3,0,0,0,0,3,,0,0,0,0,1,1,,3,0,0,,,,,0,,,,,,0,0,,0
,"/de/collections/erovenus-sex-doll",3,3,0,0,0,0,14,,0,0,0,346,4.666666666666667,0,,0,3,3,0,0,0,0,14,,0,0,0,346,4.666666666666667,0,,0,0,0,,,,,0,,,,,0,0,,,
"Collection","/collections/loli-sex-dolls",3,3,0,0,0,0,7,,0,0,0,43.666666666666664,2.3333333333333335,0.6666666666666666,,2,3,3,0,0,0,0,7,,0,0,0,43.666666666666664,2.3333333333333335,0.6666666666666666,,2,0,0,,,,,0,,,,,0,0,0,,0
"Product","/products/582-sexdoll-legs",3,3,0,0,0,0,10,,0,0,0,219,3.3333333333333335,0.3333333333333333,,1,3,3,0,0,0,0,10,,0,0,0,219,3.3333333333333335,0.3333333333333333,,1,0,0,,,,,0,,,,,0,0,0,,0
"Blog Article","/blogs/dolls-info-qustions/how-to-use-a-doggy-dildo-doll-from-beginner-basics-to-7-practical-positions",3,3,0,0,0,0,3,,0,0,0,0,1,1,,3,3,3,0,0,0,0,3,,0,0,0,0,1,1,,3,0,0,,,,,0,,,,,,0,0,,0
,"/en-fi/collections/sex-doll-head",3,3,0,0,0,0,8,,0,0,0,82.33333333333333,2.6666666666666665,0.3333333333333333,,1,3,3,0,0,0,0,8,,0,0,0,82.33333333333333,2.6666666666666665,0.3333333333333333,,1,0,0,,,,,0,,,,,0,0,0,,0
"Product","/products/f5312-j-cup-ros-head-sex-doll-se-doll",3,3,0,0,0,0,3,,0,0,0,0,1,1,,3,3,3,0,0,0,0,3,,0,0,0,0,1,1,,3,0,0,,,,,0,,,,,,0,0,,0
,"/ja/blogs/dolls-info-qustions/would-you-put-a-dildo-on-your-sex-doll",3,3,0,0,0,0,3,,0,0,0,0,1,1,,3,3,3,0,0,0,0,3,,0,0,0,0,1,1,,3,0,0,,,,,0,,,,,,0,0,,0
"Blog Article","/blogs/dolls-info-qustions/why-are-furry-sex-dolls-so-popular-a-deep-dive-into-5-core-attractions",3,3,0,0,0,0,5,,0,0,0,1.6666666666666667,1.6666666666666667,0.6666666666666666,,2,3,3,0,0,0,0,5,,0,0,0,1.6666666666666667,1.6666666666666667,0.6666666666666666,,2,0,0,,,,,0,,,,,0,0,0,,0
"Blog Article","/blogs/dolls-info-qustions/how-to-fix-a-sex-doll-a-comprehensive-guide",3,3,0,0,0,0,6,,0,0,0,73.66666666666667,2,0.3333333333333333,,1,3,3,0,0,0,0,6,,0,0,0,73.66666666666667,2,0.3333333333333333,,1,0,0,,,,,0,,,,,0,0,0,,0
"Collection","/collections/se-sex-doll-torso",3,3,0,0,0,0,3,,0,0,0,0,1,1,,3,3,3,0,0,0,0,3,,0,0,0,0,1,1,,3,0,0,,,,,0,,,,,,0,0,,0
"Blog Article","/blogs/dolls-info-qustions/hentai-sex-doll-1v1-real-test-on-the-cleaning-resistance-of-ultra-durable-makeup-vs-regular-makeup",3,3,0,0,0,0,17,,0,0,0,103.66666666666667,5.666666666666667,0.3333333333333333,,1,3,3,0,0,0,0,17,,0,0,0,103.66666666666667,5.666666666666667,0.3333333333333333,,1,0,0,,,,,0,,,,,0,0,0,,0
,"/en-ca/collections/irokebijin-doll",2,3,0,0,0,0,10,,0,0,0,89.66666666666667,3.3333333333333335,0.3333333333333333,,1,2,3,0,0,0,0,10,,0,0,0,89.66666666666667,3.3333333333333335,0.3333333333333333,,1,0,0,,,,,0,,,,,0,0,0,,0
"Product","/products/t455-18-3lb-silicone-big-boob-sex-doll-torso-lovenestle",3,3,0,0,0,0,3,,0,0,0,0,1,1,,3,3,3,0,0,0,0,3,,0,0,0,0,1,1,,3,0,0,,,,,0,,,,,,0,0,,0
"Collection","/collections/tpe-torso",2,3,0,0,0,0,10,,0,0,0,114,3.3333333333333335,0.3333333333333333,,1,2,3,0,0,0,0,10,,0,0,0,114,3.3333333333333335,0.3333333333333333,,1,0,0,,,,,0,,,,,0,0,0,,0
"Collection","/collections/md-doll-factory-photos",2,3,0,0,0,0,4,,0,0,0,58.666666666666664,1.3333333333333333,0.6666666666666666,,2,2,3,0,0,0,0,4,,0,0,0,58.666666666666664,1.3333333333333333,0.6666666666666666,,2,0,0,,,,,0,,,,,0,0,0,,0
"Product","/products/f8026-150cm-5ft-27-5kg-silicone-anime-hentai-sex-doll-elsa-babe",3,3,0,0,0,0,7,,0,0,0,58.666666666666664,2.3333333333333335,0.6666666666666666,,2,3,3,0,0,0,0,7,,0,0,0,58.666666666666664,2.3333333333333335,0.6666666666666666,,2,0,0,,,,,0,,,,,0,0,0,,0
"Product","/products/593-49lb-80cm-the-realistic-flat-chested-sex-doll-torso-delicate-skin-graceful-figure",2,3,0,0,0,0,5,,0,0,0,1,1.6666666666666667,0.3333333333333333,,1,2,3,0,0,0,0,5,,0,0,0,1,1.6666666666666667,0.3333333333333333,,1,0,0,,,,,0,,,,,0,0,0,,0
,"/en-ca/collections/top-cydoll",3,3,0,0,0,0,12,,0,0,0,65.66666666666667,4,0.6666666666666666,,2,3,3,0,0,0,0,12,,0,0,0,65.66666666666667,4,0.6666666666666666,,2,0,0,,,,,0,,,,,0,0,0,,0
"Blog Article","/blogs/sex-doll-torso-blog/5-ways-to-pick-the-fitted-sex-doll-torso",3,3,0,0,0,0,3,,0,0,0,0,1,1,,3,3,3,0,0,0,0,3,,0,0,0,0,1,1,,3,0,0,,,,,0,,,,,,0,0,,0
"Blog Article","/blogs/dolls-info-qustions/japanese-girls-become-the-most-popular-women",3,3,0,0,0,0,3,,0,0,0,0,1,1,,3,3,3,0,0,0,0,3,,0,0,0,0,1,1,,3,0,0,,,,,0,,,,,,0,0,,0
"Product","/products/f3812-153cm-5ft-h-cup-big-ass-tpe-sex-doll-hr-doll",1,3,0,0,0,0,3,,0,0,0,0,1,1,,3,1,3,0,0,0,0,3,,0,0,0,0,1,1,,3,0,0,,,,,0,,,,,,0,0,,0
"Product","/products/yeloly-52-9lbs-88cm-silicone-sex-doll-torso-t758",2,3,0,0,0,0,13,,0,0,0,275,4.333333333333333,0.3333333333333333,,1,2,3,0,0,0,0,13,,0,0,0,275,4.333333333333333,0.3333333333333333,,1,0,0,,,,,0,,,,,0,0,0,,0
"Product","/products/p117-2-2lb-fake-pussy-realistic-masturbator-mini-hentai-sex-doll-torso-in-stock-mrl",2,3,0,0,0,0,3,,0,0,0,0,1,1,,3,2,3,0,0,0,0,3,,0,0,0,0,1,1,,3,0,0,,,,,0,,,,,,0,0,,0
"Product","/products/f2430k-158cm-weight-reduction-full-silicone-us-starpery-doll",2,3,0,0,0,0,4,,0,0,0,65.66666666666667,1.3333333333333333,0.6666666666666666,,2,2,3,0,0,0,0,4,,0,0,0,65.66666666666667,1.3333333333333333,0.6666666666666666,,2,0,0,,,,,0,,,,,0,0,0,,0
,"/de/blogs/dolls-info-qustions/how-ultra-realistic-silicone-sex-dolls-are-made",3,3,0,0,0,0,3,,0,0,0,0,1,1,,3,3,3,0,0,0,0,3,,0,0,0,0,1,1,,3,0,0,,,,,0,,,,,,0,0,,0
"Blog Article","/blogs/dolls-info-qustions/tpe-dolls-tearing-and-peeling-difficulties-easy-to-solve-there-is-a-trick",3,3,0,0,0,0,3,,0,0,0,0,1,1,,3,3,3,0,0,0,0,3,,0,0,0,0,1,1,,3,0,0,,,,,0,,,,,,0,0,,0
,"/ja/blogs/dolls-info-qustions/how-to-integrate-sex-toys-and-torso-sex-dolls-into-foreplay",3,3,0,0,0,0,3,,0,0,0,0,1,1,,3,3,3,0,0,0,0,3,,0,0,0,0,1,1,,3,0,0,,,,,0,,,,,,0,0,,0
"Product","/products/t9725-76cm-2ft6-33-5kg-s16-g-cup-silicone-head-ssbbw-plus-size-huge-breast-big-ass-sex-doll-torso-with-head-rosretty-doll",2,3,0,0,0,0,37,,0,0,0,678,12.333333333333334,0.6666666666666666,,2,2,3,0,0,0,0,37,,0,0,0,678,12.333333333333334,0.6666666666666666,,2,0,0,,,,,0,,,,,0,0,0,,0
"Blog Article","/blogs/dolls-info-qustions/how-to-integrate-sex-toys-and-torso-sex-dolls-into-foreplay",3,3,0,0,0,0,4,,0,0,0,309.6666666666667,1.3333333333333333,0.6666666666666666,,2,3,3,0,0,0,0,4,,0,0,0,309.6666666666667,1.3333333333333333,0.6666666666666666,,2,0,0,,,,,0,,,,,0,0,0,,0
"Blog Article","/blogs/featured-blog/exploring-the-unique-appeal-and-features-of-torso-sex-dolls",3,3,0,0,0,0,3,,0,0,0,0,1,1,,3,3,3,0,0,0,0,3,,0,0,0,0,1,1,,3,0,0,,,,,0,,,,,,0,0,,0
"Blog Article","/blogs/dolls-info-qustions/the-best-types-of-big-ass-torso-sex-dolls-designed-for-doggy-style",3,3,0,0,0,0,4,,0,0,0,3.3333333333333335,1.3333333333333333,0.6666666666666666,,2,3,3,0,0,0,0,4,,0,0,0,3.3333333333333335,1.3333333333333333,0.6666666666666666,,2,0,0,,,,,0,,,,,0,0,0,,0
"Product","/products/v21-foot-fleshlight-with-realistic-toes-and-deep-pleasure-tunnel",3,3,0,0,0,0,3,,0,0,0,0,1,1,,3,3,3,0,0,0,0,3,,0,0,0,0,1,1,,3,0,0,,,,,0,,,,,,0,0,,0
"Collection","/collections/new-arrivals-sex-doll",3,3,0,0,0,0,4,,0,0,0,4.666666666666667,1.3333333333333333,0.6666666666666666,,2,3,3,0,0,0,0,4,,0,0,0,4.666666666666667,1.3333333333333333,0.6666666666666666,,2,0,0,,,,,0,,,,,0,0,0,,0
"Product","/products/f2457-164cm5-4ft-39kg-g-cup-life-size-silicone-head-sex-doll-in-stock-us-sigafun-doll",2,3,0,0,0,0,7,,0,0,0,23,2.3333333333333335,0.6666666666666666,,2,2,3,0,0,0,0,7,,0,0,0,23,2.3333333333333335,0.6666666666666666,,2,0,0,,,,,0,,,,,0,0,0,,0
"Collection","/collections/black-ass-sex-doll",3,3,0,0,0,0,9,,0,0,0,169,3,0.3333333333333333,,1,3,3,0,0,0,0,9,,0,0,0,169,3,0.3333333333333333,,1,0,0,,,,,0,,,,,0,0,0,,0
,"/en-ca/products/f9169-165cm5ft4-32kg-f-cup-silicone-ros-gel-breast-chinese-sex-doll%E4%B8%A8doll-senior",3,3,0,0,0,0,5,,0,0,0,118.33333333333333,1.6666666666666667,0.6666666666666666,,2,3,3,0,0,0,0,5,,0,0,0,118.33333333333333,1.6666666666666667,0.6666666666666666,,2,0,0,,,,,0,,,,,0,0,0,,0
,"/de/collections/new-arrivals",3,3,0,0,0,0,41,,0,0,0,235.33333333333334,13.666666666666666,0,,0,3,3,0,0,0,0,41,,0,0,0,235.33333333333334,13.666666666666666,0,,0,0,0,,,,,0,,,,,0,0,,,
"Blog Article","/blogs/real-sex-doll-reviews-pros-cons-real-usage-tests/top-8-big-ass-sex-doll-torsos-you-can-t-resist",3,3,0,0,0,0,14,,0,0,0,812.6666666666666,4.666666666666667,0.3333333333333333,,1,3,3,0,0,0,0,14,,0,0,0,812.6666666666666,4.666666666666667,0.3333333333333333,,1,0,0,,,,,0,,,,,0,0,0,,0
"Product","/products/t90221-49lb-d-cup-2-95-dildo-electric-shemale-male-female-rechargeable-sex-doll-torso-adult-toys",2,3,1,1,0,0,5,0,0.3333333333333333,0.3333333333333333,0,89.33333333333333,1.6666666666666667,0.6666666666666666,0,2,2,3,1,1,0,0,5,0,0.3333333333333333,0.3333333333333333,0,89.33333333333333,1.6666666666666667,0.6666666666666666,0,2,0,0,0,0,,,0,,0,0,,0,0,0,,0
"Product","/products/irontech-silicone-doll-164cm-f753",3,3,0,0,0,0,15,,0,0,0,434,5,0.3333333333333333,,1,3,3,0,0,0,0,15,,0,0,0,434,5,0.3333333333333333,,1,0,0,,,,,0,,,,,0,0,0,,0
,"/en-ca/collections/life-size-shemale-sex-doll",3,3,0,0,0,0,5,,0,0,0,25.666666666666668,1.6666666666666667,0.6666666666666666,,2,3,3,0,0,0,0,5,,0,0,0,25.666666666666668,1.6666666666666667,0.6666666666666666,,2,0,0,,,,,0,,,,,0,0,0,,0
,"/en-fi/collections/silicone-pocket-pussy",3,3,0,0,0,0,3,,0,0,0,2,1,1,,3,3,3,0,0,0,0,3,,0,0,0,2,1,1,,3,0,0,,,,,0,,,,,0,0,0,,0
"Collection","/collections/mini-torso-alien",3,3,0,0,0,0,11,,0,0,0,197.33333333333334,3.6666666666666665,0.3333333333333333,,1,3,3,0,0,0,0,11,,0,0,0,197.33333333333334,3.6666666666666665,0.3333333333333333,,1,0,0,,,,,0,,,,,0,0,0,,0
"Blog Article","/blogs/dolls-info-qustions/what-is-the-experience-like-with-a-big-ass-sex-doll-real-feelings-in-depth-review",3,3,0,0,0,0,3,,0,0,0,0,1,1,,3,3,3,0,0,0,0,3,,0,0,0,0,1,1,,3,0,0,,,,,0,,,,,,0,0,,0
,"/en-fi/collections/furry-sex-doll",3,3,0,0,0,0,13,,0,0,0,78.33333333333333,4.333333333333333,0.3333333333333333,,1,3,3,0,0,0,0,13,,0,0,0,78.33333333333333,4.333333333333333,0.3333333333333333,,1,0,0,,,,,0,,,,,0,0,0,,0
,"/en-ca/collections/climax-doll",2,2,0,0,0,0,3,,0,0,0,3,1.5,0.5,,1,2,2,0,0,0,0,3,,0,0,0,3,1.5,0.5,,1,0,0,,,,,0,,,,,0,0,0,,0
,"/en-ca/products/f3667-165cm-5ft4-zora-bess-f-cup-real-female-adult-breasts-sexy-curves-sex-doll-cst-doll",2,2,0,0,0,0,3,,0,0,0,9,1.5,0.5,,1,2,2,0,0,0,0,3,,0,0,0,9,1.5,0.5,,1,0,0,,,,,0,,,,,0,0,0,,0
"Product","/products/574-8-22lblight-weight-sexy-sex-doll-torso-big-ass",2,2,0,0,0,0,2,,0,0,0,0,1,1,,2,2,2,0,0,0,0,2,,0,0,0,0,1,1,,2,0,0,,,,,0,,,,,,0,0,,0
,"/en-fi/collections/mini-sex-doll",2,2,0,0,0,0,3,,0,0,0,52.5,1.5,0.5,,1,2,2,0,0,0,0,3,,0,0,0,52.5,1.5,0.5,,1,0,0,,,,,0,,,,,0,0,0,,0
,"/en-ca/collections/200-299",2,2,0,0,0,0,2,,0,0,0,0,1,1,,2,2,2,0,0,0,0,2,,0,0,0,0,1,1,,2,0,0,,,,,0,,,,,,0,0,,0
"Product","/products/592-67lb-75cm-bbw-sex-doll-torso-big-tits-big-ass-sex-doll-torso",2,2,0,0,0,0,12,,0,0,0,140.5,6,0.5,,1,2,2,0,0,0,0,12,,0,0,0,140.5,6,0.5,,1,0,0,,,,,0,,,,,0,0,0,,0
"Blog Article","/blogs/dolls-info-qustions/five-points-show-how-men-love-big-ass",2,2,0,0,0,0,2,,0,0,0,0,1,1,,2,2,2,0,0,0,0,2,,0,0,0,0,1,1,,2,0,0,,,,,0,,,,,,0,0,,0
"Product","/collections/life-sized-sex-doll/products/65cm-realistic-sex-doll-torso-with-perky-breasts-and-big-sexy-ass-509-sex-doll-torso",2,2,0,0,0,0,6,,0,0,0,150.5,3,0.5,,1,2,2,0,0,0,0,6,,0,0,0,150.5,3,0.5,,1,0,0,,,,,0,,,,,0,0,0,,0
,"/ja/collections/ai-sex-doll",2,2,0,0,0,0,6,,0,0,0,1036,3,0,,0,2,2,0,0,0,0,6,,0,0,0,1036,3,0,,0,0,0,,,,,0,,,,,0,0,,,
,"/en-ca/products/f5507-153cm5ft-34kg-h-cup-asian-silicone-head-sex-doll-aibei-doll",2,2,0,0,0,0,2,,0,0,0,0,1,1,,2,2,2,0,0,0,0,2,,0,0,0,0,1,1,,2,0,0,,,,,0,,,,,,0,0,,0
"Product","/products/f6146-161cm5ft3-29kg-a-cup-flat-chested-silicone-sex-doll-irontech-doll",1,2,0,0,0,0,3,,0,0,0,528,1.5,0.5,,1,1,2,0,0,0,0,3,,0,0,0,528,1.5,0.5,,1,0,0,,,,,0,,,,,0,0,0,,0
,"/ja/blogs/dolls-info-qustions/what-types-of-cheap-sex-dolls-can-i-buy-on-linkdolls",2,2,0,0,0,0,2,,0,0,0,0,1,1,,2,2,2,0,0,0,0,2,,0,0,0,0,1,1,,2,0,0,,,,,0,,,,,,0,0,,0
,"/en-ca/collections/monster-hentai-sex-doll",2,2,0,0,0,0,24,,0,0,0,485,12,0.5,,1,2,2,0,0,0,0,24,,0,0,0,485,12,0.5,,1,0,0,,,,,0,,,,,0,0,0,,0
,"/en-ca/blogs/dolls-info-qustions/why-do-female-characters-in-anime-often-have-exaggeratedly-large-breasts",2,2,0,0,0,0,2,,0,0,0,0,1,1,,2,2,2,0,0,0,0,2,,0,0,0,0,1,1,,2,0,0,,,,,0,,,,,,0,0,,0
"Product","/products/a795-big-butt-silicone-ass-sex-torso-yeloly",2,2,0,0,0,0,7,,0,0,0,326,3.5,0.5,,1,2,2,0,0,0,0,7,,0,0,0,326,3.5,0.5,,1,0,0,,,,,0,,,,,0,0,0,,0
"Product","/products/f8205-150cm-5ft-27-5kg-silicone-anime-sex-doll-elsa-babe",1,2,0,0,0,0,7,,0,0,0,116.5,3.5,0.5,,1,1,2,0,0,0,0,7,,0,0,0,116.5,3.5,0.5,,1,0,0,,,,,0,,,,,0,0,0,,0
"Blog Article","/blogs/dolls-info-qustions/2-in-1-ai-sex-doll-experience-motorized-hip-movement-and-vaginal-suction-combined",2,2,0,0,0,0,66,,0,0,0,2068,33,0.5,,1,2,2,0,0,0,0,66,,0,0,0,2068,33,0.5,,1,0,0,,,,,0,,,,,0,0,0,,0
"Blog Article","/blogs/dolls-info-qustions/how-to-effectively-reduce-the-weight-of-a-bbw-sex-doll-torso-tips-and-advice",2,2,0,0,0,0,2,,0,0,0,0,1,1,,2,2,2,0,0,0,0,2,,0,0,0,0,1,1,,2,0,0,,,,,0,,,,,,0,0,,0
,"/en-fi/collections/fake-pussy-fake-vagina-sex-toys",2,2,0,0,0,0,5,,0,0,0,18.5,2.5,0.5,,1,2,2,0,0,0,0,5,,0,0,0,18.5,2.5,0.5,,1,0,0,,,,,0,,,,,0,0,0,,0
,"/en-ca/products/top-cydoll-176cm-silicone-sex-doll-f8587",2,2,0,0,0,0,3,,0,0,0,203.5,1.5,0.5,,1,2,2,0,0,0,0,3,,0,0,0,203.5,1.5,0.5,,1,0,0,,,,,0,,,,,0,0,0,,0
,"/de/collections/movie-music-celebrities",2,2,0,0,0,0,2,,0,0,0,0,1,1,,2,2,2,0,0,0,0,2,,0,0,0,0,1,1,,2,0,0,,,,,0,,,,,,0,0,,0
"Collection","/collections/zelex%C2%AE-sle-doll-videos",2,2,0,0,0,0,8,,0,0,0,114.5,4,0,,0,2,2,0,0,0,0,8,,0,0,0,114.5,4,0,,0,0,0,,,,,0,,,,,0,0,,,
,"/ja/blogs/featured-blog/exploring-the-unique-appeal-and-features-of-torso-sex-dolls",2,2,0,0,0,0,2,,0,0,0,0,1,1,,2,2,2,0,0,0,0,2,,0,0,0,0,1,1,,2,0,0,,,,,0,,,,,,0,0,,0
,"/ja/collections/bbw-milf-sex-doll",2,2,0,0,0,0,4,,0,0,0,20.5,2,0,,0,2,2,0,0,0,0,4,,0,0,0,20.5,2,0,,0,0,0,,,,,0,,,,,0,0,,,
"Blog Article","/blogs/dolls-info-qustions/lets-talk-about-sex-robots-baby",2,2,0,0,0,0,2,,0,0,0,0,1,1,,2,2,2,0,0,0,0,2,,0,0,0,0,1,1,,2,0,0,,,,,0,,,,,,0,0,,0
,"/ja/pages/anime-sex-doll-buy-guide",2,2,0,0,0,0,2,,0,0,0,0,1,1,,2,2,2,0,0,0,0,2,,0,0,0,0,1,1,,2,0,0,,,,,0,,,,,,0,0,,0
"Product","/products/597-12lb-36-5cm-bbw-pear-shaped-saggy-breasts-sex-doll-torso",2,2,0,0,0,0,2,,0,0,0,0,1,1,,2,2,2,0,0,0,0,2,,0,0,0,0,1,1,,2,0,0,,,,,0,,,,,,0,0,,0
"Product","/products/t393-8-9lb-heketa-anime-hentai-sex-doll-ass-mrl",2,2,0,0,0,0,2,,0,0,0,0,1,1,,2,2,2,0,0,0,0,2,,0,0,0,0,1,1,,2,0,0,,,,,0,,,,,,0,0,,0
,"/en-ca/blogs/dolls-info-qustions/test-3",2,2,0,0,0,0,2,,0,0,0,0,1,1,,2,2,2,0,0,0,0,2,,0,0,0,0,1,1,,2,0,0,,,,,0,,,,,,0,0,,0
,"/ja/blogs/dolls-info-qustions/whats-the-difference-between-alien-sex-dolls-and-regular-sex-dolls",2,2,0,0,0,0,2,,0,0,0,0,1,1,,2,2,2,0,0,0,0,2,,0,0,0,0,1,1,,2,0,0,,,,,0,,,,,,0,0,,0
,"/ja/collections/climax-doll-in-stock-europe-2026",1,2,0,0,0,0,3,,0,0,0,6.5,1.5,0.5,,1,1,2,0,0,0,0,3,,0,0,0,6.5,1.5,0.5,,1,0,0,,,,,0,,,,,0,0,0,,0
"Blog Article","/blogs/dolls-info-qustions/the-perfect-quality-of-sex-dolls-what-you-should-know",2,2,0,0,0,0,2,,0,0,0,0,1,1,,2,2,2,0,0,0,0,2,,0,0,0,0,1,1,,2,0,0,,,,,0,,,,,,0,0,,0
"Blog Article","/blogs/dolls-info-qustions/quick-orgasm-top-7-tips-for-anal-sex-with-sex-dolls",2,2,0,0,0,0,2,,0,0,0,0,1,1,,2,2,2,0,0,0,0,2,,0,0,0,0,1,1,,2,0,0,,,,,0,,,,,,0,0,,0
"Product","/products/f9239-174cm-5ft7-26-5kg-c-cup-ros-silicone-full-size-sex-dolls-starpery-doll",2,2,0,0,0,0,9,,0,0,0,150.5,4.5,0.5,,1,2,2,0,0,0,0,9,,0,0,0,150.5,4.5,0.5,,1,0,0,,,,,0,,,,,0,0,0,,0
,"/en-ca/products/f7584-163cm-5ft3-g-cup-silicone-sex-doll-chloe-beth-starpery-doll",2,2,0,0,0,0,4,,0,0,0,5.5,2,0.5,,1,2,2,0,0,0,0,4,,0,0,0,5.5,2,0.5,,1,0,0,,,,,0,,,,,0,0,0,,0
,"/en-ca/products/f1269-165cm-g-cup-suki-huge-breasts-silicone-japanese-teen-sex-doll-petite-and-realistic-love-doll-irontech-doll",2,2,0,0,0,0,2,,0,0,0,0,1,1,,2,2,2,0,0,0,0,2,,0,0,0,0,1,1,,2,0,0,,,,,0,,,,,,0,0,,0
"Collection","/collections/movie-music-celebrities",2,2,0,0,0,0,12,,0,0,0,386,6,0,,0,2,2,0,0,0,0,12,,0,0,0,386,6,0,,0,0,0,,,,,0,,,,,0,0,,,
,"/de/blogs/dolls-info-qustions/what-is-the-difference-between-ai-sex-dolls-and-sex-robots",2,2,0,0,0,0,2,,0,0,0,0,1,1,,2,2,2,0,0,0,0,2,,0,0,0,0,1,1,,2,0,0,,,,,0,,,,,,0,0,,0
"Blog Article","/blogs/dolls-info-qustions/2025-most-popular-anime-sex-dolls-new-releases",2,2,0,0,0,0,2,,0,0,0,0,1,1,,2,2,2,0,0,0,0,2,,0,0,0,0,1,1,,2,0,0,,,,,0,,,,,,0,0,,0
"Product","/products/f9302-150cm-4ft9-41kg-b-cup-ros-silicone-head-shemale-tiny-sex-dolls-doll-castle",2,2,0,0,0,0,5,,0,0,0,81,2.5,0.5,,1,2,2,0,0,0,0,5,,0,0,0,81,2.5,0.5,,1,0,0,,,,,0,,,,,0,0,0,,0
"Product","/products/d4131-4-lbs%E4%B8%A88-86-realistic-silicone-dildo-with-veined-texture-and-suction-cup-base",1,2,0,0,0,0,2,,0,0,0,0,1,1,,2,1,2,0,0,0,0,2,,0,0,0,0,1,1,,2,0,0,,,,,0,,,,,,0,0,,0
,"/en-ca/products/f6120-170cm-5-6ft-35kg-d-cup-ros-silicone-realistic-sex-doll-weight-reduction-ido-doll",2,2,0,0,0,0,3,,0,0,0,432,1.5,0.5,,1,2,2,0,0,0,0,3,,0,0,0,432,1.5,0.5,,1,0,0,,,,,0,,,,,0,0,0,,0
"Product","/products/a800-big-butt-realistic-sex-torso-climax-doll",2,2,0,0,0,0,12,,0,0,0,656,6,0.5,,1,2,2,0,0,0,0,12,,0,0,0,656,6,0.5,,1,0,0,,,,,0,,,,,0,0,0,,0
,"/en-ca/collections/life-size-torso",2,2,0,0,0,0,32,,0,0,0,872,16,0.5,,1,2,2,0,0,0,0,32,,0,0,0,872,16,0.5,,1,0,0,,,,,0,,,,,0,0,0,,0
"Blog Article","/blogs/dolls-info-qustions/tpe-real-oral-sex-ros-vs-silicone-real-oral-sex-ros",2,2,0,0,0,0,2,,0,0,0,0,1,1,,2,2,2,0,0,0,0,2,,0,0,0,0,1,1,,2,0,0,,,,,0,,,,,,0,0,,0
,"/en-ca/blogs/dolls-info-qustions/best-vibrating-sex-torso-types-who-it-suits",2,2,0,0,0,0,2,,0,0,0,0,1,1,,2,2,2,0,0,0,0,2,,0,0,0,0,1,1,,2,0,0,,,,,0,,,,,,0,0,,0
,"/en-fi/blogs/dolls-info-qustions/what-s-it-really-like-to-have-sex-nbsp-with-a-sex-doll",2,2,0,0,0,0,2,,0,0,0,0,1,1,,2,2,2,0,0,0,0,2,,0,0,0,0,1,1,,2,0,0,,,,,0,,,,,,0,0,,0
"Blog Article","/blogs/sex-doll-torso-blog/what-is-the-most-suitable-weight-for-butt-torso-sex-dolls",2,2,0,0,0,0,2,,0,0,0,0,1,1,,2,2,2,0,0,0,0,2,,0,0,0,0,1,1,,2,0,0,,,,,0,,,,,,0,0,,0
"Collection","/collections/funwest-doll-videos",1,2,0,0,0,0,9,,0,0,0,181,4.5,0.5,,1,1,2,0,0,0,0,9,,0,0,0,181,4.5,0.5,,1,0,0,,,,,0,,,,,0,0,0,,0
"Collection","/collections/sex-doll-cheerleader",2,2,0,0,0,0,3,,0,0,0,4.5,1.5,0.5,,1,2,2,0,0,0,0,3,,0,0,0,4.5,1.5,0.5,,1,0,0,,,,,0,,,,,0,0,0,,0
,"/en-ca/blogs/dolls-info-qustions/how-to-titty-fuck-experience-the-ultimate-pleasure-with-a-huge-breast-sex-doll",2,2,0,0,0,0,2,,0,0,0,0,1,1,,2,2,2,0,0,0,0,2,,0,0,0,0,1,1,,2,0,0,,,,,0,,,,,,0,0,,0
,"/en-fi/blogs/dolls-info-qustions/shocking-in-depth-review-of-naimi-1-1-celebrity-sex-doll",2,2,0,0,0,0,4,,0,0,0,47.5,2,0.5,,1,2,2,0,0,0,0,4,,0,0,0,47.5,2,0.5,,1,0,0,,,,,0,,,,,0,0,0,,0
"Blog Article","/blogs/featured-blog/the-ultimate-guide-to-cleaning-powered-sex-dolls-keep-your-toy-safe-clean-and-fully-functional",2,2,0,0,0,0,2,,0,0,0,0,1,1,,2,2,2,0,0,0,0,2,,0,0,0,0,1,1,,2,0,0,,,,,0,,,,,,0,0,,0
"Product","/products/f1988-150cm4-9ft-42-5kg-m-cup-bbw-tpe-sex-doll%E4%B8%A8wm-doll",1,2,0,0,0,0,7,,0,0,0,384.5,3.5,0.5,,1,1,2,0,0,0,0,7,,0,0,0,384.5,3.5,0.5,,1,0,0,,,,,0,,,,,0,0,0,,0
"Blog Article","/blogs/dolls-info-qustions/test-3",2,2,0,0,0,0,3,,0,0,0,63,1.5,0.5,,1,2,2,0,0,0,0,3,,0,0,0,63,1.5,0.5,,1,0,0,,,,,0,,,,,0,0,0,,0
"Product","/products/f9329-150cm-4ft9-41kg-b-cup-ros-silicone-head-shemale-live-sex-doll-doll-castle",2,2,0,0,0,0,2,,0,0,0,0,1,1,,2,2,2,0,0,0,0,2,,0,0,0,0,1,1,,2,0,0,,,,,0,,,,,,0,0,,0
"Blog Article","/blogs/dolls-info-qustions/complete-guide-to-shemale-sex-dolls-meeting-all-your-needs",2,2,0,0,0,0,2,,0,0,0,0,1,1,,2,2,2,0,0,0,0,2,,0,0,0,0,1,1,,2,0,0,,,,,0,,,,,,0,0,,0
,"/en-ca/products/f517-171cm-5ft6-d-cup-thin-realistic-silicone-sex-doll-starpery-doll",2,2,0,0,0,0,2,,0,0,0,0,1,1,,2,2,2,0,0,0,0,2,,0,0,0,0,1,1,,2,0,0,,,,,0,,,,,,0,0,,0
"Product","/products/h027-sex-doll-head",2,2,0,0,0,0,3,,0,0,0,14,1.5,0.5,,1,2,2,0,0,0,0,3,,0,0,0,14,1.5,0.5,,1,0,0,,,,,0,,,,,0,0,0,,0
"Checkout","/orders/3ce811bfbaaefde836e5bb0d56d0de4b",2,2,0,0,0,0,6,,0,0,0,142,3,0.5,,1,2,2,0,0,0,0,6,,0,0,0,142,3,0.5,,1,0,0,,,,,0,,,,,0,0,0,,0
"Product","/products/f5150-163cm-d-cup-ros-silicone-sex-doll-galatea-doll",2,2,0,0,0,0,6,,0,0,0,17.5,3,0.5,,1,2,2,0,0,0,0,6,,0,0,0,17.5,3,0.5,,1,0,0,,,,,0,,,,,0,0,0,,0
"Blog Article","/blogs/dolls-info-qustions/13-sex-doll-storage-practical-tips-youll-definitely-use",2,2,0,0,0,0,5,,0,0,0,74,2.5,0.5,,1,2,2,0,0,0,0,5,,0,0,0,74,2.5,0.5,,1,0,0,,,,,0,,,,,0,0,0,,0
"Blog Article","/blogs/real-sex-doll-reviews-pros-cons-real-usage-tests/evas-doll-180cm-f6229-full-review",2,2,0,0,0,0,2,,0,0,0,0,1,1,,2,2,2,0,0,0,0,2,,0,0,0,0,1,1,,2,0,0,,,,,0,,,,,,0,0,,0
,"/en-ca/products/f6248-170cm5-6ft-42kg-large-breasts-tpe-realistic-sex-doll-rui-mei",2,2,0,0,0,0,2,,0,0,0,0,1,1,,2,2,2,0,0,0,0,2,,0,0,0,0,1,1,,2,0,0,,,,,0,,,,,,0,0,,0
"Collection","/collections/with-head-alien-sex-doll",2,2,0,0,0,0,2,,0,0,0,0,1,1,,2,2,2,0,0,0,0,2,,0,0,0,0,1,1,,2,0,0,,,,,0,,,,,,0,0,,0
"Blog Article","/blogs/dolls-info-qustions/2024-why-does-my-realistic-sex-toy-smell-like-chemicals",2,2,0,0,0,0,2,,0,0,0,0,1,1,,2,2,2,0,0,0,0,2,,0,0,0,0,1,1,,2,0,0,,,,,0,,,,,,0,0,,0
"Product","/products/f7890-13-4kg-silicone-cute-furry-sex-doll-pamick-mrl",2,2,0,0,0,0,3,,0,0,0,558,1.5,0.5,,1,2,2,0,0,0,0,3,,0,0,0,558,1.5,0.5,,1,0,0,,,,,0,,,,,0,0,0,,0
,"/en-ca/products/f6337-realistic-ros-sex-doll-silicone",2,2,0,0,0,0,3,,0,0,0,30.5,1.5,0.5,,1,2,2,0,0,0,0,3,,0,0,0,30.5,1.5,0.5,,1,0,0,,,,,0,,,,,0,0,0,,0
"Product","/products/f1224a-160cm-46kg-i-cup-hedy-thick-ass-silicone-sex-doll-in-stock-usa-irontech-doll",1,2,0,0,0,0,2,,0,0,0,0,1,1,,2,1,2,0,0,0,0,2,,0,0,0,0,1,1,,2,0,0,,,,,0,,,,,,0,0,,0
,"/ja/blogs/dolls-info-qustions/a-comprehensive-guide-to-finding-the-ideal-dildo-1",2,2,0,0,0,0,2,,0,0,0,0,1,1,,2,2,2,0,0,0,0,2,,0,0,0,0,1,1,,2,0,0,,,,,0,,,,,,0,0,,0
"Product","/products/t665-silicone-realistic-torso-32lbs",2,2,0,0,0,0,10,,0,0,0,182,5,0,,0,2,2,0,0,0,0,10,,0,0,0,182,5,0,,0,0,0,,,,,0,,,,,0,0,,,
,"/en-ca/products/f1830k-163cm5ft4-c-cup-natalia-most-popular-sex-doll-irontech-doll",2,2,0,0,0,0,2,,0,0,0,0,1,1,,2,2,2,0,0,0,0,2,,0,0,0,0,1,1,,2,0,0,,,,,0,,,,,,0,0,,0
,"/ja/collections/big-ass-sex-doll-life-size",2,2,0,0,0,0,3,,0,0,0,12,1.5,0.5,,1,2,2,0,0,0,0,3,,0,0,0,12,1.5,0.5,,1,0,0,,,,,0,,,,,0,0,0,,0
,"/de/collections/se-doll-videos",2,2,0,0,0,0,2,,0,0,0,0,1,1,,2,2,2,0,0,0,0,2,,0,0,0,0,1,1,,2,0,0,,,,,0,,,,,,0,0,,0
"Collection","/collections/teardrop-huge-breast-sex-doll",2,2,0,0,0,0,6,,0,0,0,143,3,0.5,,1,2,2,0,0,0,0,6,,0,0,0,143,3,0.5,,1,0,0,,,,,0,,,,,0,0,0,,0
"Blog Article","/blogs/dolls-info-qustions/what-are-the-different-types-of-sex-dolls",2,2,0,0,0,0,2,,0,0,0,0,1,1,,2,2,2,0,0,0,0,2,,0,0,0,0,1,1,,2,0,0,,,,,0,,,,,,0,0,,0
"Collection","/collections/lusandy-doll",2,2,0,0,0,0,5,,0,0,0,259.5,2.5,0.5,,1,2,2,0,0,0,0,5,,0,0,0,259.5,2.5,0.5,,1,0,0,,,,,0,,,,,0,0,0,,0
,"/ja/collections/sex-doll-torso-dildo-for-woman",2,2,0,0,0,0,2,,0,0,0,0,1,1,,2,2,2,0,0,0,0,2,,0,0,0,0,1,1,,2,0,0,,,,,0,,,,,,0,0,,0
"Product","/products/h888-silicone-sex-doll-head-elsa-babe-head",2,2,0,0,0,0,3,,0,0,0,24,1.5,0.5,,1,2,2,0,0,0,0,3,,0,0,0,24,1.5,0.5,,1,0,0,,,,,0,,,,,0,0,0,,0
"Product","/products/f3773-yl-doll-153cm-ssbbw-full-size-sex-doll",2,2,0,0,0,0,28,,0,0,0,1049,14,0.5,,1,2,2,0,0,0,0,28,,0,0,0,1049,14,0.5,,1,0,0,,,,,0,,,,,0,0,0,,0
"Product","/products/h-custom-silicone-sex-doll-head",2,2,0,0,0,0,2,,0,0,0,0,1,1,,2,2,2,0,0,0,0,2,,0,0,0,0,1,1,,2,0,0,,,,,0,,,,,,0,0,,0
"Blog Article","/blogs/dolls-info-qustions/best-sex-doll-torsos-of-2025-ultra-realistic-picks-for-the-ultimate-pleasure",2,2,0,0,0,0,2,,0,0,0,0,1,1,,2,2,2,0,0,0,0,2,,0,0,0,0,1,1,,2,0,0,,,,,0,,,,,,0,0,,0
,"/ja/blogs/dolls-info-qustions/explore-five-different-types-of-realistic-life-size-sex-dolls",2,2,0,0,0,0,2,,0,0,0,0,1,1,,2,2,2,0,0,0,0,2,,0,0,0,0,1,1,,2,0,0,,,,,0,,,,,,0,0,,0
"Collection","/collections/yiqu",2,2,0,0,0,0,2,,0,0,0,0,1,1,,2,2,2,0,0,0,0,2,,0,0,0,0,1,1,,2,0,0,,,,,0,,,,,,0,0,,0
"Blog Article","/blogs/dolls-info-qustions/how-to-choose-the-most-suitable-size-of-mini-sex-doll-torso",2,2,0,0,0,0,26,,0,0,0,1076.5,13,0.5,,1,2,2,0,0,0,0,26,,0,0,0,1076.5,13,0.5,,1,0,0,,,,,0,,,,,0,0,0,,0
"Blog Article","/blogs/featured-blog/the-science-behind-sex-doll-weight-reduction-why-lighter-better",2,2,0,0,0,0,3,,0,0,0,13.5,1.5,0.5,,1,2,2,0,0,0,0,3,,0,0,0,13.5,1.5,0.5,,1,0,0,,,,,0,,,,,0,0,0,,0
"Blog Article","/blogs/dolls-info-qustions/lgbt-adult-toy-guide-male-sex-dolls-and-diverse-play",2,2,0,0,0,0,2,,0,0,0,0,1,1,,2,2,2,0,0,0,0,2,,0,0,0,0,1,1,,2,0,0,,,,,0,,,,,,0,0,,0
"Product","/products/f8193-150cm-5ft-27-5kg-silicone-anime-sex-doll-elsa-babe",2,2,0,0,0,0,2,,0,0,0,0,1,1,,2,2,2,0,0,0,0,2,,0,0,0,0,1,1,,2,0,0,,,,,0,,,,,,0,0,,0
,"/en-ca/collections/japanese-milf-sex-doll",2,2,0,0,0,0,4,,0,0,0,23.5,2,0,,0,2,2,0,0,0,0,4,,0,0,0,23.5,2,0,,0,0,0,,,,,0,,,,,0,0,,,
"Product","/products/p898-fake-sexy-pussy",1,2,0,0,0,0,2,,0,0,0,0,1,1,,2,1,2,0,0,0,0,2,,0,0,0,0,1,1,,2,0,0,,,,,0,,,,,,0,0,,0
"Product","/products/t659-26-5lbs-realistic-dildo-for-silicone-woman-with-male-sex-doll%E4%B8%A8judy-rona",2,2,0,0,0,0,6,,0,0,0,6,3,0.5,,1,2,2,0,0,0,0,6,,0,0,0,6,3,0.5,,1,0,0,,,,,0,,,,,0,0,0,,0
,"/en-ca/blogs/dolls-info-qustions/a-comprehensive-guide-to-finding-the-ideal-dildo-1",2,2,0,0,0,0,3,,0,0,0,15,1.5,0.5,,1,2,2,0,0,0,0,3,,0,0,0,15,1.5,0.5,,1,0,0,,,,,0,,,,,0,0,0,,0
"Product","/products/top-cydoll-176cm-silicone-sex-doll-f8613",2,2,0,0,0,0,3,,0,0,0,34.5,1.5,0.5,,1,2,2,0,0,0,0,3,,0,0,0,34.5,1.5,0.5,,1,0,0,,,,,0,,,,,0,0,0,,0
"Collection","/collections/gel-breasts",2,2,0,0,0,0,2,,0,0,0,0,1,1,,2,2,2,0,0,0,0,2,,0,0,0,0,1,1,,2,0,0,,,,,0,,,,,,0,0,,0
"Blog Article","/blogs/complete-sex-doll-guide-for-beginners/how-to-restore-faded-nipples-on-a-tpe-sex-doll-a-step-by-step-guide",2,2,0,0,0,0,2,,0,0,0,0,1,1,,2,2,2,0,0,0,0,2,,0,0,0,0,1,1,,2,0,0,,,,,0,,,,,,0,0,,0
,"/en-fi/collections/anime-cosplay-sex-doll",2,2,0,0,0,0,28,,0,0,0,208.5,14,0,,0,2,2,0,0,0,0,28,,0,0,0,208.5,14,0,,0,0,0,,,,,0,,,,,0,0,,,
"Collection","/collections/aibei-doll-factory-photos",2,2,0,0,0,0,20,,0,0,0,461.5,10,0.5,,1,2,2,0,0,0,0,20,,0,0,0,461.5,10,0.5,,1,0,0,,,,,0,,,,,0,0,0,,0
,"/en-ca/products/f5925-167cm5-4ft-43-5kg-2-2u-g-cup-asian-real-ros-silicone-chinese-sex-doll-bezlya-doll",2,2,0,0,0,0,2,,0,0,0,0,1,1,,2,2,2,0,0,0,0,2,,0,0,0,0,1,1,,2,0,0,,,,,0,,,,,,0,0,,0
,"/en-ca/blogs/dolls-info-qustions/what-to-do-if-your-sex-doll-is-too-heavy-a-practical-guide",2,2,0,0,0,0,2,,0,0,0,0,1,1,,2,2,2,0,0,0,0,2,,0,0,0,0,1,1,,2,0,0,,,,,0,,,,,,0,0,,0
"Blog Article","/blogs/recent-brand-updates-new-arrivals-for-sex-dolls/latest-june-upgrade-for-the-irontech-brand",2,2,0,0,0,0,4,,0,0,0,652.5,2,0.5,,1,2,2,0,0,0,0,4,,0,0,0,652.5,2,0.5,,1,0,0,,,,,0,,,,,0,0,0,,0
,"/en-ca/blogs/dolls-info-qustions/feel-love-now-enjoy-life-with-sex-dolls-in-3-ways",2,2,0,0,0,0,2,,0,0,0,0,1,1,,2,2,2,0,0,0,0,2,,0,0,0,0,1,1,,2,0,0,,,,,0,,,,,,0,0,,0
"Product","/products/f9385-161cm5ft3-41-5kg-h-cup-huge-breast-silicone-ssbbw-sex-doll-with-weight-reduction-4-0-starpery-doll",2,2,0,0,0,0,8,,0,0,0,98.5,4,0.5,,1,2,2,0,0,0,0,8,,0,0,0,98.5,4,0.5,,1,0,0,,,,,0,,,,,0,0,0,,0
"Product","/products/f7643-168cm-5ft5-35kg-f-cup-silicone-asian-realistic-sex-doll-xixi-top-cydoll",1,2,0,0,0,0,12,,0,0,0,612.5,6,0,,0,1,2,0,0,0,0,12,,0,0,0,612.5,6,0,,0,0,0,,,,,0,,,,,0,0,,,
"Blog Article","/blogs/dolls-info-qustions/5-minutes-to-understand-what-a-pocket-pussy-is",2,2,0,0,0,0,2,,0,0,0,0,1,1,,2,2,2,0,0,0,0,2,,0,0,0,0,1,1,,2,0,0,,,,,0,,,,,,0,0,,0
"Product","/products/f3060-172cm-movable-jaws-sex-doll-zelex-doll",1,2,0,0,0,0,3,,0,0,0,12.5,1.5,0.5,,1,1,2,0,0,0,0,3,,0,0,0,12.5,1.5,0.5,,1,0,0,,,,,0,,,,,0,0,0,,0
,"/ja/collections/full-size-type-torso",2,2,0,0,0,0,2,,0,0,0,0,1,1,,2,2,2,0,0,0,0,2,,0,0,0,0,1,1,,2,0,0,,,,,0,,,,,,0,0,,0
,"/en-ca/products/t357-113cm-53lbs-d-cup-realistic-skin-silicone-sex-doll-torso-with-head-funwest-doll",2,2,0,0,0,0,2,,0,0,0,0,1,1,,2,2,2,0,0,0,0,2,,0,0,0,0,1,1,,2,0,0,,,,,0,,,,,,0,0,,0
,"/en-ca/blogs/featured-blog/say-goodbye-to-stickiness-and-deforming-the-ultimate-care-and-storage-guide-for-silicone-sex-dolls",2,2,0,0,0,0,2,,0,0,0,0,1,1,,2,2,2,0,0,0,0,2,,0,0,0,0,1,1,,2,0,0,,,,,0,,,,,,0,0,,0
"Product","/products/a555-moving-sex-doll-nude-robot-vibrating-torso",2,2,0,0,0,0,3,,0,0,0,21,1.5,0.5,,1,2,2,0,0,0,0,3,,0,0,0,21,1.5,0.5,,1,0,0,,,,,0,,,,,0,0,0,,0
"Product","/products/a458-43-43lb-silicone-1-1-life-size-doggy-style-big-ass-lovenestle",1,2,0,0,0,0,10,,0,0,0,168.5,5,0.5,,1,1,2,0,0,0,0,10,,0,0,0,168.5,5,0.5,,1,0,0,,,,,0,,,,,0,0,0,,0
,"/en-ca/blogs/dolls-info-qustions/top-cydoll-auto-blowjob-function-game-changing-feature-now-live",2,2,0,0,0,0,3,,0,0,0,2,1.5,0.5,,1,2,2,0,0,0,0,3,,0,0,0,2,1.5,0.5,,1,0,0,,,,,0,,,,,0,0,0,,0
,"/en-ca/products/f7629-164cm5-4ft-36kg-d-cup-silicone-body-silicone-head-sex-doll%E4%B8%A8sy-doll",2,2,0,0,0,0,2,,0,0,0,0,1,1,,2,2,2,0,0,0,0,2,,0,0,0,0,1,1,,2,0,0,,,,,0,,,,,,0,0,,0
,"/ja/collections/fake-pussy-hentai-sex-doll",2,2,0,0,0,0,5,,0,0,0,35.5,2.5,0.5,,1,2,2,0,0,0,0,5,,0,0,0,35.5,2.5,0.5,,1,0,0,,,,,0,,,,,0,0,0,,0
"Product","/products/t337-103cm-3ft5-j-cup-natural-sophia-lane-a-silicone-sex-doll-torso-with-head-se-doll",2,2,0,0,0,0,3,,0,0,0,57.5,1.5,0.5,,1,2,2,0,0,0,0,3,,0,0,0,57.5,1.5,0.5,,1,0,0,,,,,0,,,,,0,0,0,,0
,"/en-ca/products/f2387-163cm5-3ft-53kg-g-cup-s6-great-doggy-style-huge-butt-silicone-head-realistic-sex-doll-2025%E4%B8%A8sy-doll",1,2,0,0,0,0,3,,0,0,0,423.5,1.5,0.5,,1,1,2,0,0,0,0,3,,0,0,0,423.5,1.5,0.5,,1,0,0,,,,,0,,,,,0,0,0,,0
,"/de/blogs/featured-blog/complete-guide-to-fixing-tpe-full-size-sex-doll-makeup-fading",2,2,0,0,0,0,2,,0,0,0,0,1,1,,2,2,2,0,0,0,0,2,,0,0,0,0,1,1,,2,0,0,,,,,0,,,,,,0,0,,0
,"/en-fi/blogs/real-sex-doll-reviews-pros-cons-real-usage-tests/evas-doll-180cm-f6229-full-review",2,2,0,0,0,0,2,,0,0,0,0,1,1,,2,2,2,0,0,0,0,2,,0,0,0,0,1,1,,2,0,0,,,,,0,,,,,,0,0,,0
,"/en-ca/blogs/dolls-info-qustions/the-latest-sex-dolls-innovations-and-breakthroughs-in-2025",2,2,0,0,0,0,2,,0,0,0,0,1,1,,2,2,2,0,0,0,0,2,,0,0,0,0,1,1,,2,0,0,,,,,0,,,,,,0,0,,0
,"/de/blogs/dolls-info-qustions/how-to-choose-the-most-suitable-size-of-mini-sex-doll-torso",2,2,0,0,0,0,2,,0,0,0,0,1,1,,2,2,2,0,0,0,0,2,,0,0,0,0,1,1,,2,0,0,,,,,0,,,,,,0,0,,0
,"/ja/collections/il-doll-factory-photos",1,2,0,0,0,0,5,,0,0,0,535,2.5,0.5,,1,1,2,0,0,0,0,5,,0,0,0,535,2.5,0.5,,1,0,0,,,,,0,,,,,0,0,0,,0
,"/en-ca/collections/yeloly",2,2,0,0,0,0,6,,0,0,0,39.5,3,0.5,,1,2,2,0,0,0,0,6,,0,0,0,39.5,3,0.5,,1,0,0,,,,,0,,,,,0,0,0,,0
,"/en-ca/products/f7033-170cm-6ft6-38kg-g-cup-tpe-sexual-european-sex-doll-in-stock-usa-castle-doll",2,2,0,0,0,0,2,,0,0,0,0,1,1,,2,2,2,0,0,0,0,2,,0,0,0,0,1,1,,2,0,0,,,,,0,,,,,,0,0,,0
"Blog Article","/blogs/recent-brand-updates-new-arrivals-for-sex-dolls/se-doll-waist-spin-silicone-sex-dolls-can-finally-move-too",2,2,0,0,0,0,5,,0,0,0,68,2.5,0.5,,1,2,2,0,0,0,0,5,,0,0,0,68,2.5,0.5,,1,0,0,,,,,0,,,,,0,0,0,,0
"Collection","/collections/best-selling-anime-sex-doll",2,2,0,0,0,0,2,,0,0,0,0,1,1,,2,2,2,0,0,0,0,2,,0,0,0,0,1,1,,2,0,0,,,,,0,,,,,,0,0,,0
"Product","/products/f4750-161cm52-5kg-h-cup-fat-big-ass-silicone-bbw-sex-doll-2025-starpery-doll",1,2,0,0,0,0,2,,0,0,0,0,1,1,,2,1,2,0,0,0,0,2,,0,0,0,0,1,1,,2,0,0,,,,,0,,,,,,0,0,,0
,"/ja/blogs/dolls-info-qustions/top-4-vajankle-foot-fetish-toys-you-can-t-miss-in-2026",2,2,0,0,0,0,2,,0,0,0,0,1,1,,2,2,2,0,0,0,0,2,,0,0,0,0,1,1,,2,0,0,,,,,0,,,,,,0,0,,0
"Product","/products/b42-7-7lbs-silicone-breast-vagina-sex-toy",2,2,0,0,0,0,4,,0,0,0,55.5,2,0,,0,2,2,0,0,0,0,4,,0,0,0,55.5,2,0,,0,0,0,,,,,0,,,,,0,0,,,
"Blog Article","/blogs/dolls-info-qustions/3-minute-hack-master-your-robot-sex-doll-s-clamping-function",2,2,0,0,0,0,2,,0,0,0,0,1,1,,2,2,2,0,0,0,0,2,,0,0,0,0,1,1,,2,0,0,,,,,0,,,,,,0,0,,0
"Product","/products/t1567-2lb-silicone-torso-sex-doll-with-huge-breasts-cliamx-doll",1,2,0,0,0,0,78,,0,0,0,5224.5,39,0,,0,1,2,0,0,0,0,78,,0,0,0,5224.5,39,0,,0,0,0,,,,,0,,,,,0,0,,,
"Checkout","/orders/19790c737ad8dcbf1a435d3c0f457499",2,2,0,0,0,0,2,,0,0,0,0,1,1,,2,2,2,0,0,0,0,2,,0,0,0,0,1,1,,2,0,0,,,,,0,,,,,,0,0,,0
"Blog Article","/blogs/real-sex-doll-reviews-pros-cons-real-usage-tests/irontech-oriental-series-best-silicone-sex-dolls",2,2,0,0,0,0,2,,0,0,0,0,1,1,,2,2,2,0,0,0,0,2,,0,0,0,0,1,1,,2,0,0,,,,,0,,,,,,0,0,,0
,"/en-fi/collections/sex-doll-videos",2,2,0,0,0,0,3,,0,0,0,3.5,1.5,0.5,,1,2,2,0,0,0,0,3,,0,0,0,3.5,1.5,0.5,,1,0,0,,,,,0,,,,,0,0,0,,0
,"/en-ca/collections/bbw-ass-torso",2,2,0,0,0,0,4,,0,0,0,11.5,2,0,,0,2,2,0,0,0,0,4,,0,0,0,11.5,2,0,,0,0,0,,,,,0,,,,,0,0,,,
"Product","/products/f9283-178cm-p-cup-ssbbw-sex-doll-pawg",2,2,0,0,0,0,3,,0,0,0,325,1.5,0.5,,1,2,2,0,0,0,0,3,,0,0,0,325,1.5,0.5,,1,0,0,,,,,0,,,,,0,0,0,,0
"Product","/products/b38-17-1lb-full-bust-36-2inch-yellow-silicone-titjob-boob-job-breast-sex-titty-fucking-mammary-intercourse-sex-toy",2,2,0,0,0,0,9,,0,0,0,149.5,4.5,0.5,,1,2,2,0,0,0,0,9,,0,0,0,149.5,4.5,0.5,,1,0,0,,,,,0,,,,,0,0,0,,0
,"/en-ca/blogs/dolls-info-qustions/exploring-the-best-breasts-for-titty-fucking",2,2,0,0,0,0,2,,0,0,0,0,1,1,,2,2,2,0,0,0,0,2,,0,0,0,0,1,1,,2,0,0,,,,,0,,,,,,0,0,,0
"Collection","/collections/black-sex-doll-premium",2,2,0,0,0,0,2,,0,0,0,0,1,1,,2,2,2,0,0,0,0,2,,0,0,0,0,1,1,,2,0,0,,,,,0,,,,,,0,0,,0
,"/en-ca/products/linkdolls-f839-167cm-sandra-e-cup-tpe-big-breasts-sexy-real-feeling-mature-women-sex-doll-se-doll",2,2,0,0,0,0,3,,0,0,0,9.5,1.5,0.5,,1,2,2,0,0,0,0,3,,0,0,0,9.5,1.5,0.5,,1,0,0,,,,,0,,,,,0,0,0,,0
"Blog Article","/blogs/dolls-info-qustions/s-tpe",2,2,0,0,0,0,2,,0,0,0,0,1,1,,2,2,2,0,0,0,0,2,,0,0,0,0,1,1,,2,0,0,,,,,0,,,,,,0,0,,0
,"/en-ca/products/linkdolls-f811-157cm5ft1-jenny-h-cup-tpe-full-size-adult-blond-hair-sexy-girl-sex-doll-se-doll",2,2,0,0,0,0,2,,0,0,0,0,1,1,,2,2,2,0,0,0,0,2,,0,0,0,0,1,1,,2,0,0,,,,,0,,,,,,0,0,,0
,"/en-ca/collections/under-100",2,2,0,0,0,0,2,,0,0,0,0,1,1,,2,2,2,0,0,0,0,2,,0,0,0,0,1,1,,2,0,0,,,,,0,,,,,,0,0,,0
"Product","/products/f9426-150cm-anime-silicone-head-full-body-hentai-sex-doll-elsa-babe",2,2,0,0,0,0,11,,0,0,0,158,5.5,0,,0,2,2,0,0,0,0,11,,0,0,0,158,5.5,0,,0,0,0,,,,,0,,,,,0,0,,,
"Product","/products/f4744-90cm-2ft1134kg-o-cup-tpe-adult-big-chest-big-ass-bbw-sex-doll-torso-with-head-yl-doll",2,2,0,0,0,0,8,,0,0,0,470,4,0,,0,2,2,0,0,0,0,8,,0,0,0,470,4,0,,0,0,0,,,,,0,,,,,0,0,,,
,"/en-ca/blogs/dolls-info-qustions/why-do-people-feel-biological-reproductive-desire-for-characters-in-hentai-anime-nbsp",2,2,0,0,0,0,2,,0,0,0,0,1,1,,2,2,2,0,0,0,0,2,,0,0,0,0,1,1,,2,0,0,,,,,0,,,,,,0,0,,0
"Product","/products/p108-26cm-10-2in-1-5kg-silicone-celebrity-anime-hentai-sex-toys-castle-doll",2,2,0,0,0,0,2,,0,0,0,0,1,1,,2,2,2,0,0,0,0,2,,0,0,0,0,1,1,,2,0,0,,,,,0,,,,,,0,0,,0
"Collection","/collections/big-ass-sex-doll-500-999",2,2,0,0,0,0,5,,0,0,0,42,2.5,0.5,,1,2,2,0,0,0,0,5,,0,0,0,42,2.5,0.5,,1,0,0,,,,,0,,,,,0,0,0,,0
"Product","/products/f7685-157cm5-1ft-33kg-b-cup-anime-pvc-head-silicone-sex-doll%E4%B8%A8wm-doll",2,2,0,0,0,0,2,,0,0,0,0,1,1,,2,2,2,0,0,0,0,2,,0,0,0,0,1,1,,2,0,0,,,,,0,,,,,,0,0,,0
"Blog Article","/blogs/dolls-info-qustions/nsfw-time-revealing-the-most-popular-porn-stars-and-celebrity-sex-dolls",2,2,0,0,0,0,2,,0,0,0,0,1,1,,2,2,2,0,0,0,0,2,,0,0,0,0,1,1,,2,0,0,,,,,0,,,,,,0,0,,0
"Blog Article","/blogs/dolls-info-qustions/ridmii-tenar-f9127-new-ai-sex-doll",2,2,0,0,0,0,2,,0,0,0,0,1,1,,2,2,2,0,0,0,0,2,,0,0,0,0,1,1,,2,0,0,,,,,0,,,,,,0,0,,0
,"/ja/blogs/dolls-info-qustions/why-life-size-sex-doll-torsos-are-more-popular-than-traditional-life-size-sex-dolls",2,2,0,0,0,0,2,,0,0,0,0,1,1,,2,2,2,0,0,0,0,2,,0,0,0,0,1,1,,2,0,0,,,,,0,,,,,,0,0,,0
"Product","/products/d4180-8-lbs%E4%B8%A86-89-silicone-hands-free-male-sex-doll-torso-with-suction-cup-base-and-flexible-dick",1,2,0,0,0,0,3,,0,0,0,0.5,1.5,0.5,,1,1,2,0,0,0,0,3,,0,0,0,0.5,1.5,0.5,,1,0,0,,,,,0,,,,,0,0,0,,0
,"/en-ca/collections/bbw-life-size-torso",2,2,0,0,0,0,12,,0,0,0,158.5,6,0.5,,1,2,2,0,0,0,0,12,,0,0,0,158.5,6,0.5,,1,0,0,,,,,0,,,,,0,0,0,,0
,"/ja/collections/fake-ass-sex-toy",2,2,0,0,0,0,8,,0,0,0,62.5,4,0.5,,1,2,2,0,0,0,0,8,,0,0,0,62.5,4,0.5,,1,0,0,,,,,0,,,,,0,0,0,,0
,"/en-ca/products/f109-150cm-4ft9-tpe-sex-doll",2,2,0,0,0,0,2,,0,0,0,0,1,1,,2,2,2,0,0,0,0,2,,0,0,0,0,1,1,,2,0,0,,,,,0,,,,,,0,0,,0
"Product","/products/f1276-166cm-37-5kg-d-cup-misa-asian-silicone-sex-doll-in-stock-usa-irontech-doll",1,2,0,0,0,0,2,,0,0,0,0,1,1,,2,1,2,0,0,0,0,2,,0,0,0,0,1,1,,2,0,0,,,,,0,,,,,,0,0,,0
"Custom Page","/pages/japanese-sex-doll-buying-guide",2,2,0,0,0,0,2,,0,0,0,0,1,1,,2,2,2,0,0,0,0,2,,0,0,0,0,1,1,,2,0,0,,,,,0,,,,,,0,0,,0
"Collection","/collections/jly",2,2,0,0,0,0,2,,0,0,0,0,1,1,,2,2,2,0,0,0,0,2,,0,0,0,0,1,1,,2,0,0,,,,,0,,,,,,0,0,,0
"Checkout","/checkouts/cn/hWNDbmzxZBH8r1ka9k7v4br8/en-us",1,2,0,2,0,0,3,0,0,1,0,32,1.5,0,,0,1,2,0,2,0,0,3,0,0,1,0,32,1.5,0,,0,0,0,,0,,,0,,,0,,0,0,,,
"Collection","/collections/erovenus-videos",2,2,0,0,0,0,3,,0,0,0,99.5,1.5,0.5,,1,2,2,0,0,0,0,3,,0,0,0,99.5,1.5,0.5,,1,0,0,,,,,0,,,,,0,0,0,,0
,"/en-ca/products/f5984-170cm-5ft6-40kg-d-cup-tpe-body-silicone-head-celebrity-sex-doll-rosretty-doll",2,2,0,0,0,0,2,,0,0,0,0,1,1,,2,2,2,0,0,0,0,2,,0,0,0,0,1,1,,2,0,0,,,,,0,,,,,,0,0,,0
,"/en-ca/products/f1847k-163cm5ft4-g-cup-ashley-most-popular-sex-doll-irontech-doll",2,2,0,0,0,0,2,,0,0,0,0,1,1,,2,2,2,0,0,0,0,2,,0,0,0,0,1,1,,2,0,0,,,,,0,,,,,,0,0,,0
"Product","/products/a660-big-ass-torso-silicone-25lb-super-elastic-realistic",2,2,0,0,0,0,33,,0,0,0,844,16.5,0.5,,1,2,2,0,0,0,0,33,,0,0,0,844,16.5,0.5,,1,0,0,,,,,0,,,,,0,0,0,,0
,"/ja/blogs/dolls-info-qustions/latest-mini-anime-sex-dolls-are-here-compact-and-fun",2,2,0,0,0,0,2,,0,0,0,0,1,1,,2,2,2,0,0,0,0,2,,0,0,0,0,1,1,,2,0,0,,,,,0,,,,,,0,0,,0
"Blog Article","/blogs/dolls-info-qustions/don-t-let-stains-ruin-your-doll-the-complete-guide-to-cleaning-tpe-sex-dolls",2,2,0,0,0,0,10,,0,0,0,177.5,5,0.5,,1,2,2,0,0,0,0,10,,0,0,0,177.5,5,0.5,,1,0,0,,,,,0,,,,,0,0,0,,0
"Blog Article","/blogs/featured-blog/complete-guide-to-fixing-tpe-full-size-sex-doll-makeup-fading",2,2,0,0,0,0,3,,0,0,0,5.5,1.5,0.5,,1,2,2,0,0,0,0,3,,0,0,0,5.5,1.5,0.5,,1,0,0,,,,,0,,,,,0,0,0,,0
,"/en-ca/products/f5834-168cm-5ft5-35kg-f-cup-shizukawa-yuri-silicone-realistic-sex-doll-top-cydoll",2,2,0,0,0,0,2,,0,0,0,0,1,1,,2,2,2,0,0,0,0,2,,0,0,0,0,1,1,,2,0,0,,,,,0,,,,,,0,0,,0
,"/de/blogs/dolls-info-qustions/4-recommended-futa-sex-dolls-a-guide-to-realistic-touch-and-dual-gender-appeal",2,2,0,0,0,0,2,,0,0,0,0,1,1,,2,2,2,0,0,0,0,2,,0,0,0,0,1,1,,2,0,0,,,,,0,,,,,,0,0,,0
,"/de/collections/judy-rona-doll",1,2,0,0,0,0,3,,0,0,0,3,1.5,0.5,,1,1,2,0,0,0,0,3,,0,0,0,3,1.5,0.5,,1,0,0,,,,,0,,,,,0,0,0,,0
,"/de/collections/anime-sex-doll-under-200",2,2,0,0,0,0,7,,0,0,0,140.5,3.5,0,,0,2,2,0,0,0,0,7,,0,0,0,140.5,3.5,0,,0,0,0,,,,,0,,,,,0,0,,,
"Blog Article","/blogs/featured-blog/the-best-hyper-realistic-sex-dolls-brands-features-and-buying-guide",2,2,0,0,0,0,2,,0,0,0,0,1,1,,2,2,2,0,0,0,0,2,,0,0,0,0,1,1,,2,0,0,,,,,0,,,,,,0,0,,0
"Product","/products/p81-6-8lb-20cm-anime-balloon-girl-futanari-sex-toys-mrl",2,2,0,0,0,0,2,,0,0,0,0,1,1,,2,2,2,0,0,0,0,2,,0,0,0,0,1,1,,2,0,0,,,,,0,,,,,,0,0,,0
,"/de/blogs/featured-blog/guide-to-customizing-the-perfect-irontech-doll",2,2,0,0,0,0,2,,0,0,0,0,1,1,,2,2,2,0,0,0,0,2,,0,0,0,0,1,1,,2,0,0,,,,,0,,,,,,0,0,,0
,"/en-ca/products/f5812-168cm-5ft5-37kg-d-cup-wan-re-silicone-realistic-sex-doll-top-cydoll",2,2,0,0,0,0,2,,0,0,0,0,1,1,,2,2,2,0,0,0,0,2,,0,0,0,0,1,1,,2,0,0,,,,,0,,,,,,0,0,,0
"Product","/products/lusandy-big-ass-torso-gel-silicone-22lb-sex-doll",2,2,0,0,0,0,29,,0,0,0,914,14.5,0.5,,1,2,2,0,0,0,0,29,,0,0,0,914,14.5,0.5,,1,0,0,,,,,0,,,,,0,0,0,,0
"Product","/products/t305-63-93lb-liz-big-boobs-silicone-sex-doll-with-mature-curves-lovenestle-series",1,2,0,0,0,0,2,,0,0,0,0,1,1,,2,1,2,0,0,0,0,2,,0,0,0,0,1,1,,2,0,0,,,,,0,,,,,,0,0,,0
"Product","/products/p120-30cm-11-8in-2-5kg-silicone-anime-hentai-sex-doll-castle-doll",2,2,0,0,0,0,2,,0,0,0,0,1,1,,2,2,2,0,0,0,0,2,,0,0,0,0,1,1,,2,0,0,,,,,0,,,,,,0,0,,0
"Product","/products/t931-51kg-j-cup-tpe-adult-big-chest-big-ass-ssbbw-sex-doll-torso-with-head-yl-doll",1,2,0,0,0,0,25,,0,0,0,2015.5,12.5,0,,0,1,2,0,0,0,0,25,,0,0,0,2015.5,12.5,0,,0,0,0,,,,,0,,,,,0,0,,,
"Product","/products/f5996-164cm5-4ft-36kg-d-cup-silicone-head-celebrity-sex-doll-%E4%B8%A8rosretty-doll",2,2,0,0,0,0,25,,0,0,0,666.5,12.5,0.5,,1,2,2,0,0,0,0,25,,0,0,0,666.5,12.5,0.5,,1,0,0,,,,,0,,,,,0,0,0,,0
"Product","/products/f9267-161cm5ft3-h-cup-huge-breast-adult-silicone-sex-doll-bbw-starpery-doll",2,2,0,0,0,0,6,,0,0,0,540.5,3,0,,0,2,2,0,0,0,0,6,,0,0,0,540.5,3,0,,0,0,0,,,,,0,,,,,0,0,,,
,"/ja/blogs/dolls-info-qustions/would-you-choose-a-sex-doll-torso-with-head",2,2,0,0,0,0,20,,0,0,0,687,10,0.5,,1,2,2,0,0,0,0,20,,0,0,0,687,10,0.5,,1,0,0,,,,,0,,,,,0,0,0,,0
,"/de/blogs/dolls-info-qustions/whats-the-difference-between-alien-sex-dolls-and-regular-sex-dolls",2,2,0,0,0,0,2,,0,0,0,0,1,1,,2,2,2,0,0,0,0,2,,0,0,0,0,1,1,,2,0,0,,,,,0,,,,,,0,0,,0
,"/en-fi/cart",2,2,0,0,0,0,2,,0,0,0,0,1,1,,2,2,2,0,0,0,0,2,,0,0,0,0,1,1,,2,0,0,,,,,0,,,,,,0,0,,0
"Custom Page","/pages/avada-sitemap-products",2,2,0,0,0,0,2,,0,0,0,0,1,1,,2,2,2,0,0,0,0,2,,0,0,0,0,1,1,,2,0,0,,,,,0,,,,,,0,0,,0
,"/de/blogs/sex-doll-torso-blog/the-most-life-like-torso-sex-doll",2,2,0,0,0,0,2,,0,0,0,0,1,1,,2,2,2,0,0,0,0,2,,0,0,0,0,1,1,,2,0,0,,,,,0,,,,,,0,0,,0
,"/ja/collections/celebrity-sex-dolls",1,2,0,0,0,0,2,,0,0,0,0,1,1,,2,1,2,0,0,0,0,2,,0,0,0,0,1,1,,2,0,0,,,,,0,,,,,,0,0,,0
,"/ja/collections/se-doll-videos",2,2,0,0,0,0,2,,0,0,0,0,1,1,,2,2,2,0,0,0,0,2,,0,0,0,0,1,1,,2,0,0,,,,,0,,,,,,0,0,,0
,"/de/blogs/dolls-info-qustions/from-mannequin-to-companion-how-real-life-sex-dolls-conquered-western-users-through-realism",2,2,0,0,0,0,2,,0,0,0,0,1,1,,2,2,2,0,0,0,0,2,,0,0,0,0,1,1,,2,0,0,,,,,0,,,,,,0,0,,0
"Product","/products/f4830-158cm-29kg-d-cup-elf-fantasy-tpe-sexual-best-alien-sex-doll-in-stock-usa-castle-doll",1,2,2,0,0,0,28,,1,0,0,1363.5,14,0,,0,1,2,2,0,0,0,28,,1,0,0,1363.5,14,0,,0,0,0,0,,,,0,,0,,,0,0,,,
"Product","/products/p80-megumi-shemale-sex-doll-torso-11-inch-dildo-3-channels",2,2,0,0,0,0,7,,0,0,0,240,3.5,0.5,,1,2,2,0,0,0,0,7,,0,0,0,240,3.5,0.5,,1,0,0,,,,,0,,,,,0,0,0,,0
"Blog Article","/blogs/complete-sex-doll-guide-for-beginners/doll-head-connectors-for-different-brands",2,2,0,0,0,0,2,,0,0,0,0,1,1,,2,2,2,0,0,0,0,2,,0,0,0,0,1,1,,2,0,0,,,,,0,,,,,,0,0,,0
,"/de/blogs/dolls-info-qustions/2026-must-have-the-latest-trend-in-anime-sex-dolls-revealed",2,2,0,0,0,0,2,,0,0,0,0,1,1,,2,2,2,0,0,0,0,2,,0,0,0,0,1,1,,2,0,0,,,,,0,,,,,,0,0,,0
"Product","/products/t502-big-boobs-sex-torso-21lb-tpe-round-ass",1,2,0,0,0,0,6,,0,0,0,257.5,3,0,,0,1,2,0,0,0,0,6,,0,0,0,257.5,3,0,,0,0,0,,,,,0,,,,,0,0,,,
"Blog Article","/blogs/dolls-info-qustions/top-10-sex-doll-torsos-with-the-best-butt-feel",2,2,0,0,0,0,2,,0,0,0,0,1,1,,2,2,2,0,0,0,0,2,,0,0,0,0,1,1,,2,0,0,,,,,0,,,,,,0,0,,0
"Product","/products/p107-4kg-deep-throat-figures-silicone-anime-hentai-sex-toys-castle-doll",2,2,0,0,0,0,2,,0,0,0,0,1,1,,2,2,2,0,0,0,0,2,,0,0,0,0,1,1,,2,0,0,,,,,0,,,,,,0,0,,0
"Product","/products/p103-5-28lb-strong-suction-cup-silicone-hentai-male-mini-sex-doll-with-dildo-tayuta",2,2,0,0,0,0,2,,0,0,0,0,1,1,,2,2,2,0,0,0,0,2,,0,0,0,0,1,1,,2,0,0,,,,,0,,,,,,0,0,,0
"Product","/products/t588v-torso-tpe-16lb-sucking-vibration-auto-clean",2,2,1,1,0,0,23,0,0.5,0.5,0,503,11.5,0.5,0,1,2,2,1,1,0,0,23,0,0.5,0.5,0,503,11.5,0.5,0,1,0,0,0,0,,,0,,0,0,,0,0,0,,0
"Product","/products/f6313-153cm-5ft4-29kg-b-cup-silicone-closed-eye-asian-sex-doll-firefly-diary-max",1,2,0,0,0,0,15,,0,0,0,124,7.5,0,,0,1,2,0,0,0,0,15,,0,0,0,124,7.5,0,,0,0,0,,,,,0,,,,,0,0,,,
"Product","/products/f1618-163cm-5ft3-g-cup-fat-girl-realistic-silicone-head-sex-doll-rosretty-doll",2,2,0,0,0,0,34,,0,0,0,655,17,0.5,,1,2,2,0,0,0,0,34,,0,0,0,655,17,0.5,,1,0,0,,,,,0,,,,,0,0,0,,0
,"/de/blogs/dolls-info-qustions/how-a-most-realistic-male-sex-doll-is-manufactured",2,2,0,0,0,0,2,,0,0,0,0,1,1,,2,2,2,0,0,0,0,2,,0,0,0,0,1,1,,2,0,0,,,,,0,,,,,,0,0,,0
"Collection","/collections/duomeishi",2,2,0,0,0,0,2,,0,0,0,0,1,1,,2,2,2,0,0,0,0,2,,0,0,0,0,1,1,,2,0,0,,,,,0,,,,,,0,0,,0
"Collection","/collections/devil-fairy-alien-sex-dolls",2,2,0,0,0,0,22,,0,0,0,460,11,0,,0,2,2,0,0,0,0,22,,0,0,0,460,11,0,,0,0,0,,,,,0,,,,,0,0,,,
"Product","/products/f2144-175cm5-9ft-38kg-d-cup-european-tpe-sex-doll%E4%B8%A8wm-doll",2,2,0,0,0,0,11,,0,0,0,831.5,5.5,0,,0,2,2,0,0,0,0,11,,0,0,0,831.5,5.5,0,,0,0,0,,,,,0,,,,,0,0,,,
"Product","/products/f9395-ssbbw-pawg-tpe-sex-doll",2,2,0,0,0,0,5,,0,0,0,64,2.5,0.5,,1,2,2,0,0,0,0,5,,0,0,0,64,2.5,0.5,,1,0,0,,,,,0,,,,,0,0,0,,0
"Product","/products/f5569-150cm-5ft-27-5kg-anime-hentai-silicone-sex-doll-elsa-babe",2,2,0,0,0,0,2,,0,0,0,0,1,1,,2,2,2,0,0,0,0,2,,0,0,0,0,1,1,,2,0,0,,,,,0,,,,,,0,0,,0
"Collection","/collections/zelex%C2%AE-sle-doll-factory-photos",2,2,0,0,0,0,16,,0,0,0,107,8,0,,0,2,2,0,0,0,0,16,,0,0,0,107,8,0,,0,0,0,,,,,0,,,,,0,0,,,
"Product","/products/f5143-163cm-d-cup-sexy-beach-beauty-ros-silicone-sex-doll-galatea-doll",2,2,0,0,0,0,2,,0,0,0,0.5,1,1,,2,2,2,0,0,0,0,2,,0,0,0,0.5,1,1,,2,0,0,,,,,0,,,,,0,0,0,,0
"Product","/products/f2319a-163cm5-3ft-53kg-g-cup-m12-movable-jaw-super-fat-bbw-doggy-style-huge-ass-sex-doll-2024%E4%B8%A8sy-doll",1,2,0,0,0,0,6,,0,0,0,77.5,3,0.5,,1,1,2,0,0,0,0,6,,0,0,0,77.5,3,0.5,,1,0,0,,,,,0,,,,,0,0,0,,0
,"/de/blogs/real-sex-doll-reviews-pros-cons-real-usage-tests/best-budget-full-size-sex-dolls-in-2026-azm-ridmii-top-cy-sigafun-reviewed",2,2,0,0,0,0,2,,0,0,0,0,1,1,,2,2,2,0,0,0,0,2,,0,0,0,0,1,1,,2,0,0,,,,,0,,,,,,0,0,,0
,"/ja/blogs/dolls-info-qustions/top-10-sex-doll-torsos-with-the-best-butt-feel",2,2,0,0,0,0,2,,0,0,0,0,1,1,,2,2,2,0,0,0,0,2,,0,0,0,0,1,1,,2,0,0,,,,,0,,,,,,0,0,,0
"Collection","/collections/azm-doll-factory-photos",2,2,0,0,0,0,49,,0,0,0,907,24.5,0,,0,2,2,0,0,0,0,49,,0,0,0,907,24.5,0,,0,0,0,,,,,0,,,,,0,0,,,
"Product","/products/f4374-150cm4-9ft-42-5kg-m-cup-bbw-tpe-sex-doll%E4%B8%A8wm-doll",2,2,1,1,0,0,17,0,0.5,0.5,0,1563.5,8.5,0,0,0,2,2,1,1,0,0,17,0,0.5,0.5,0,1563.5,8.5,0,0,0,0,0,0,0,,,0,,0,0,,0,0,,,
"Product","/products/b37-14-8lb-full-bust-33-8inch-black-silicone-boob-job-breast-sex-titty-fucking-mammary-intercourse-sex-toy-titjob",1,2,0,0,0,0,5,,0,0,0,65.5,2.5,0,,0,1,2,0,0,0,0,5,,0,0,0,65.5,2.5,0,,0,0,0,,,,,0,,,,,0,0,,,
"Collection","/collections/black-sex-bbw",2,2,0,0,0,0,3,,0,0,0,5.5,1.5,0.5,,1,2,2,0,0,0,0,3,,0,0,0,5.5,1.5,0.5,,1,0,0,,,,,0,,,,,0,0,0,,0
,"/en-ca/products/f3920k-175cm-5ft7-inspiration-e-cup-caucasion-full-silicone-movable-jaws-sex-doll-zelex-doll",2,2,0,0,0,0,2,,0,0,0,0,1,1,,2,2,2,0,0,0,0,2,,0,0,0,0,1,1,,2,0,0,,,,,0,,,,,,0,0,,0
"Collection","/collections/wm-doll-videos",2,2,0,0,0,0,9,,0,0,0,359.5,4.5,0,,0,2,2,0,0,0,0,9,,0,0,0,359.5,4.5,0,,0,0,0,,,,,0,,,,,0,0,,,
"Custom Page","/pages/contack-us",2,2,0,0,0,0,3,,0,0,0,8,1.5,0.5,,1,2,2,0,0,0,0,3,,0,0,0,8,1.5,0.5,,1,0,0,,,,,0,,,,,0,0,0,,0
,"/en-ca/products/f4668-165cm5-4ft-33kg-liam-a-c-cup-real-medium-butt-silicone-sex-doll-se-doll",2,2,0,0,0,0,113,,0,0,0,2707,56.5,0,,0,2,2,0,0,0,0,113,,0,0,0,2707,56.5,0,,0,0,0,,,,,0,,,,,0,0,,,
"Product","/products/t1218-24kg-52-9lbs-tpe-realistic-sex-doll-torso-without-head-carving-shedoll",1,2,0,0,0,0,2,,0,0,0,0,1,1,,2,1,2,0,0,0,0,2,,0,0,0,0,1,1,,2,0,0,,,,,0,,,,,,0,0,,0
"Product","/products/v27-4-41-lbs-left-silicone-customizable-realistic-footjob-sex-toys-with-vajankle-size-eu-42-us-9-5",2,2,0,0,0,0,2,,0,0,0,0,1,1,,2,2,2,0,0,0,0,2,,0,0,0,0,1,1,,2,0,0,,,,,0,,,,,,0,0,,0
"Product","/products/f2385-163cm5-3ft-g-cup-138-bbw-big-butt-tpe-sex-doll%E4%B8%A8sy-doll",2,2,0,0,0,0,8,,0,0,0,213.5,4,0.5,,1,2,2,0,0,0,0,8,,0,0,0,213.5,4,0.5,,1,0,0,,,,,0,,,,,0,0,0,,0
"Product","/products/irontech-doll-164cm-silicone-full-sex-doll-f1970k",2,2,0,0,0,0,11,,0,0,0,140,5.5,0.5,,1,2,2,0,0,0,0,11,,0,0,0,140,5.5,0.5,,1,0,0,,,,,0,,,,,0,0,0,,0
"Blog Article","/blogs/dolls-info-qustions/3-stunning-black-sex-dolls-you-can-t-miss-in-2025",2,2,0,0,0,0,2,,0,0,0,0,1,1,,2,2,2,0,0,0,0,2,,0,0,0,0,1,1,,2,0,0,,,,,0,,,,,,0,0,,0
"Product","/products/f9363-36kg-silicone-gear-walrus-mini-anime-furry-futa-sex-doll-doll-castle",2,2,0,0,0,0,2,,0,0,0,0,1,1,,2,2,2,0,0,0,0,2,,0,0,0,0,1,1,,2,0,0,,,,,0,,,,,,0,0,,0
,"/ja/blogs/dolls-info-qustions/what-is-the-experience-like-with-a-big-ass-sex-doll-real-feelings-in-depth-review",2,2,0,0,0,0,2,,0,0,0,0,1,1,,2,2,2,0,0,0,0,2,,0,0,0,0,1,1,,2,0,0,,,,,0,,,,,,0,0,,0
,"/en-ca/blogs/dolls-info-qustions/%F0%9F%94%A5-2025-best-fake-ass-sex-toy-recommendations-6-ultra-realistic-big-booty-dolls-for-ultimate-pleasure",2,2,0,0,0,0,3,,0,0,0,22,1.5,0.5,,1,2,2,0,0,0,0,3,,0,0,0,22,1.5,0.5,,1,0,0,,,,,0,,,,,0,0,0,,0
,"/en-fi/pages/sex-doll-review-video-collection",2,2,0,0,0,0,3,,0,0,0,20.5,1.5,0.5,,1,2,2,0,0,0,0,3,,0,0,0,20.5,1.5,0.5,,1,0,0,,,,,0,,,,,0,0,0,,0
"Product","/products/f4918-150cm4ft9-26-2kg-b-cup-small-breast-tpe-sex-doll-aibei-doll",1,2,0,0,0,0,14,,0,0,0,1729.5,7,0.5,,1,1,2,0,0,0,0,14,,0,0,0,1729.5,7,0.5,,1,0,0,,,,,0,,,,,0,0,0,,0
"Collection","/collections/starpery-doll-videos",2,2,0,0,0,0,2,,0,0,0,0,1,1,,2,2,2,0,0,0,0,2,,0,0,0,0,1,1,,2,0,0,,,,,0,,,,,,0,0,,0
"Collection","/collections/6-foot-sex-doll",2,2,0,0,0,0,2,,0,0,0,0,1,1,,2,2,2,0,0,0,0,2,,0,0,0,0,1,1,,2,0,0,,,,,0,,,,,,0,0,,0
,"/de/collections/full-doll",2,2,0,0,0,0,11,,0,0,0,229.5,5.5,0.5,,1,2,2,0,0,0,0,11,,0,0,0,229.5,5.5,0.5,,1,0,0,,,,,0,,,,,0,0,0,,0
,"/de/collections/porn-celebrities",2,2,0,0,0,0,4,,0,0,0,11,2,0.5,,1,2,2,0,0,0,0,4,,0,0,0,11,2,0.5,,1,0,0,,,,,0,,,,,0,0,0,,0
,"/en-ca/blogs/dolls-info-qustions/4-things-tell-you-how-to-use-a-lesbian-sex-doll",2,2,0,0,0,0,3,,0,0,0,201,1.5,0.5,,1,2,2,0,0,0,0,3,,0,0,0,201,1.5,0.5,,1,0,0,,,,,0,,,,,0,0,0,,0
"Blog Article","/blogs/dolls-info-qustions/what-kind-of-soap-is-best-for-cleaning-torso-sex-dolls-2",2,2,0,0,0,0,4,,0,0,0,279.5,2,0.5,,1,2,2,0,0,0,0,4,,0,0,0,279.5,2,0.5,,1,0,0,,,,,0,,,,,0,0,0,,0
"Blog Article","/blogs/dolls-info-qustions/latest-mini-anime-sex-dolls-are-here-compact-and-fun",2,2,0,0,0,0,4,,0,0,0,118,2,0,,0,2,2,0,0,0,0,4,,0,0,0,118,2,0,,0,0,0,,,,,0,,,,,0,0,,,
"Blog Article","/blogs/dolls-info-qustions/sex-doll-ass-sexier",2,2,0,0,0,0,2,,0,0,0,0,1,1,,2,2,2,0,0,0,0,2,,0,0,0,0,1,1,,2,0,0,,,,,0,,,,,,0,0,,0
"Blog Article","/blogs/dolls-info-qustions/how-women-use-sex-dolls",2,2,0,0,0,0,3,,0,0,0,96.5,1.5,0.5,,1,2,2,0,0,0,0,3,,0,0,0,96.5,1.5,0.5,,1,0,0,,,,,0,,,,,0,0,0,,0
,"/en-ca/blogs/dolls-info-qustions/why-do-women-enjoy-anal-sex-5-honest-reasons-you-never-expected",2,2,0,0,0,0,2,,0,0,0,0,1,1,,2,2,2,0,0,0,0,2,,0,0,0,0,1,1,,2,0,0,,,,,0,,,,,,0,0,,0
,"/en-ca/products/b37-yellow-silicone-sex-doll-boobs-torso-titjob",2,2,0,0,0,0,2,,0,0,0,0,1,1,,2,2,2,0,0,0,0,2,,0,0,0,0,1,1,,2,0,0,,,,,0,,,,,,0,0,,0
,"/en-ca/blogs/dolls-info-qustions/zelex-sle-3-0-upgrade-all-new-features-same-great-price",2,2,0,0,0,0,3,,0,0,0,642.5,1.5,0.5,,1,2,2,0,0,0,0,3,,0,0,0,642.5,1.5,0.5,,1,0,0,,,,,0,,,,,0,0,0,,0
,"/de/blogs/dolls-info-qustions/latest-mini-anime-sex-dolls-are-here-compact-and-fun",2,2,0,0,0,0,2,,0,0,0,0,1,1,,2,2,2,0,0,0,0,2,,0,0,0,0,1,1,,2,0,0,,,,,0,,,,,,0,0,,0
,"/en-ca/products/f3699-161cm5-3ft-eileen-f-cup-tpe-blonde-latina-busty-beauty-big-ass-love-doll-se-doll",2,2,0,0,0,0,2,,0,0,0,0,1,1,,2,2,2,0,0,0,0,2,,0,0,0,0,1,1,,2,0,0,,,,,0,,,,,,0,0,,0
,"/ja/blogs/dolls-info-qustions/sexual-health-dolls-and-sexual-violence",2,2,0,0,0,0,2,,0,0,0,0,1,1,,2,2,2,0,0,0,0,2,,0,0,0,0,1,1,,2,0,0,,,,,0,,,,,,0,0,,0
,"/de/collections/black-ass-sex-doll",2,2,0,0,0,0,9,,0,0,0,137,4.5,0,,0,2,2,0,0,0,0,9,,0,0,0,137,4.5,0,,0,0,0,,,,,0,,,,,0,0,,,
,"/ja/blogs/dolls-info-qustions/newbie-torso-sex-doll-buying-tutorial-the-best-selection-guide-at-the-same-price",2,2,0,0,0,0,2,,0,0,0,0,1,1,,2,2,2,0,0,0,0,2,,0,0,0,0,1,1,,2,0,0,,,,,0,,,,,,0,0,,0
,"/en-ca/collections/black-pocket-pussy",2,2,0,0,0,0,2,,0,0,0,0,1,1,,2,2,2,0,0,0,0,2,,0,0,0,0,1,1,,2,0,0,,,,,0,,,,,,0,0,,0
"Custom Page","/pages/sy-rotating-tongue",2,2,0,0,0,0,17,,0,0,0,77.5,8.5,0.5,,1,2,2,0,0,0,0,17,,0,0,0,77.5,8.5,0.5,,1,0,0,,,,,0,,,,,0,0,0,,0
"Product","/products/t424-48-5lbs-93cm-silicone-luxury-super-realistic-human-size-torso-sex-dolls-and-robots",2,2,0,0,0,0,4,,0,0,0,4,2,0.5,,1,2,2,0,0,0,0,4,,0,0,0,4,2,0.5,,1,0,0,,,,,0,,,,,0,0,0,,0
"Checkout","/orders/7adedd475c7ca53477042e95f4d6cda5",1,2,0,0,0,0,10,,0,0,0,87,5,0,,0,1,2,0,0,0,0,10,,0,0,0,87,5,0,,0,0,0,,,,,0,,,,,0,0,,,
"Product","/products/f8052-150cm-5ft-27-5kg-silicone-anime-hentai-sex-doll-elsa-babe",2,2,0,0,0,0,4,,0,0,0,38,2,0.5,,1,2,2,0,0,0,0,4,,0,0,0,38,2,0.5,,1,0,0,,,,,0,,,,,0,0,0,,0
,"/ja/blogs/dolls-info-qustions/why-do-people-own-sex-dolls",2,2,0,0,0,0,2,,0,0,0,0,1,1,,2,2,2,0,0,0,0,2,,0,0,0,0,1,1,,2,0,0,,,,,0,,,,,,0,0,,0
,"/ja/blogs/dolls-info-qustions/why-is-the-bbw-figure-attractive",2,2,0,0,0,0,2,,0,0,0,0,1,1,,2,2,2,0,0,0,0,2,,0,0,0,0,1,1,,2,0,0,,,,,0,,,,,,0,0,,0
,"/en-ca/collections/huge-breasts-japanese-sex-doll",2,2,1,0,0,0,6,,0.5,0,0,133.5,3,0.5,,1,2,2,1,0,0,0,6,,0.5,0,0,133.5,3,0.5,,1,0,0,0,,,,0,,0,,,0,0,0,,0
,"/en-ca/products/f9013-160cm-5ft3-36kg-c-cup-lifelike-silicone-head-tpe-body-sex-doll-rosretty-doll",2,2,0,0,0,0,3,,0,0,0,71,1.5,0.5,,1,2,2,0,0,0,0,3,,0,0,0,71,1.5,0.5,,1,0,0,,,,,0,,,,,0,0,0,,0
,"/en-ca/blogs/dolls-info-qustions/a-must-read-for-anime-fans-anime-futa-sex-dolls-bring-your-2d-fantasy-to-life",2,2,0,0,0,0,21,,0,0,0,282.5,10.5,0.5,,1,2,2,0,0,0,0,21,,0,0,0,282.5,10.5,0.5,,1,0,0,,,,,0,,,,,0,0,0,,0
"Collection","/collections/red-head-sex-doll",2,2,1,1,0,0,5,0,0.5,0.5,0,61,2.5,0.5,0,1,2,2,1,1,0,0,5,0,0.5,0.5,0,61,2.5,0.5,0,1,0,0,0,0,,,0,,0,0,,0,0,0,,0
,"/de/blogs/dolls-info-qustions/sex-experts-recommend-top-ten-sex-pillows-to-enhance-your-bbw-sex-doll-experience",2,2,0,0,0,0,2,,0,0,0,0,1,1,,2,2,2,0,0,0,0,2,,0,0,0,0,1,1,,2,0,0,,,,,0,,,,,,0,0,,0
"Product","/products/b41-silicone-realistic-breast-titfuck-toy-masturbator",2,2,0,0,0,0,9,,0,0,0,266.5,4.5,0.5,,1,2,2,0,0,0,0,9,,0,0,0,266.5,4.5,0.5,,1,0,0,,,,,0,,,,,0,0,0,,0
"Blog Article","/blogs/dolls-info-qustions/a",2,2,0,0,0,0,3,,0,0,0,4.5,1.5,0.5,,1,2,2,0,0,0,0,3,,0,0,0,4.5,1.5,0.5,,1,0,0,,,,,0,,,,,0,0,0,,0
"Product","/products/p388-4-2lb-furry-futa-hentai-sex-doll-realistic-anime-furry-futa-sex-toy-with-5-1dildo-mrl",2,2,0,0,0,0,16,,0,0,0,413.5,8,0,,0,2,2,0,0,0,0,16,,0,0,0,413.5,8,0,,0,0,0,,,,,0,,,,,0,0,,,
,"/ja/collections/silicone-pocket-pussy",2,2,0,0,0,0,2,,0,0,0,0,1,1,,2,2,2,0,0,0,0,2,,0,0,0,0,1,1,,2,0,0,,,,,0,,,,,,0,0,,0
"Blog Article","/blogs/dolls-info-qustions/how-to-install-a-removable-vaginal-insert-into-a-sex-doll",2,2,0,0,0,0,2,,0,0,0,0,1,1,,2,2,2,0,0,0,0,2,,0,0,0,0,1,1,,2,0,0,,,,,0,,,,,,0,0,,0
"Collection","/collections/aitia-videos",2,2,0,0,0,0,2,,0,0,0,0,1,1,,2,2,2,0,0,0,0,2,,0,0,0,0,1,1,,2,0,0,,,,,0,,,,,,0,0,,0
"Product","/products/f4763-160cm5-3ft-34kg-2-1-b-cup-mini-asian-real-silicone-chinese-sex-doll-bezlya-doll",1,2,0,0,0,0,18,,0,0,0,304.5,9,0,,0,1,2,0,0,0,0,18,,0,0,0,304.5,9,0,,0,0,0,,,,,0,,,,,0,0,,,
"Product","/products/f4821-164cm-5ft5-37-5kg-g-cup-silicone-sex-dolls-for-men-zelex-sle-2-0-in-stock-usa-canada-zelex-doll",1,2,0,0,0,0,2,,0,0,0,0,1,1,,2,1,2,0,0,0,0,2,,0,0,0,0,1,1,,2,0,0,,,,,0,,,,,,0,0,,0
"Product","/collections/sex-doll-torso/products/test-501-25-3lb-45cm-life-sized-and-realistic-bbw-sex-doll-torso",2,2,0,0,0,0,4,,0,0,0,134,2,0.5,,1,2,2,0,0,0,0,4,,0,0,0,134,2,0.5,,1,0,0,,,,,0,,,,,0,0,0,,0
"Product","/products/f1988-150cm4-9ft-42-5kg-m-cup-bbw-bubble-butt-tpe-sex-dolls%E4%B8%A8wm-doll",2,2,0,1,0,0,41,0,0,0.5,0,2118.5,20.5,0.5,,1,2,2,0,1,0,0,41,0,0,0.5,0,2118.5,20.5,0.5,,1,0,0,,0,,,0,,,0,,0,0,0,,0
"Product","/products/a-3-4kg-silicone-animes-hentai-sex-doll-torso-irokebijin-doll",2,2,0,0,0,0,3,,0,0,0,38.5,1.5,0.5,,1,2,2,0,0,0,0,3,,0,0,0,38.5,1.5,0.5,,1,0,0,,,,,0,,,,,0,0,0,,0
"Blog Article","/blogs/dolls-info-qustions/%F0%9F%92%A1-the-ultimate-guide-to-tantaly-revolutionary-sex-dolls-that-redefine-pleasure",2,2,0,0,0,0,2,,0,0,0,0,1,1,,2,2,2,0,0,0,0,2,,0,0,0,0,1,1,,2,0,0,,,,,0,,,,,,0,0,,0
,"/en-ca/products/f648-160cm-e-cup-silicone-sex-doll-jiusheng-doll",2,2,0,0,0,0,36,,0,0,0,681,18,0.5,,1,2,2,0,0,0,0,36,,0,0,0,681,18,0.5,,1,0,0,,,,,0,,,,,0,0,0,,0
,"/ja/blogs/dolls-info-qustions/8-different-brands-of-anime-sex-dolls",2,2,0,0,0,0,2,,0,0,0,0,1,1,,2,2,2,0,0,0,0,2,,0,0,0,0,1,1,,2,0,0,,,,,0,,,,,,0,0,,0
"Blog Article","/blogs/dolls-info-qustions/sedoll-set-series-grand-launch-all-new-silicone-head-torso-sex-doll-embrace-light-luxury",2,2,0,0,0,0,2,,0,0,0,0,1,1,,2,2,2,0,0,0,0,2,,0,0,0,0,1,1,,2,0,0,,,,,0,,,,,,0,0,,0
,"/de/blogs/dolls-info-qustions/what-are-the-different-types-of-sex-dolls",2,2,0,0,0,0,2,,0,0,0,0,1,1,,2,2,2,0,0,0,0,2,,0,0,0,0,1,1,,2,0,0,,,,,0,,,,,,0,0,,0
"Product","/products/t507v-70-54lb-lifesize-sex-doll-torso-luxury-sexiest-stripper-plump-hot-sex-toy-for-man",1,2,1,0,0,0,6,,0.5,0,0,291,3,0.5,,1,1,2,1,0,0,0,6,,0.5,0,0,291,3,0.5,,1,0,0,0,,,,0,,0,,,0,0,0,,0
,"/en-fi/blogs/dolls-info-qustions/how-to-make-a-fake-ass-sex-toy",2,2,0,0,0,0,2,,0,0,0,0,1,1,,2,2,2,0,0,0,0,2,,0,0,0,0,1,1,,2,0,0,,,,,0,,,,,,0,0,,0
,"/en-ca/collections/black-male-sex-doll",2,2,0,0,0,0,2,,0,0,0,0,1,1,,2,2,2,0,0,0,0,2,,0,0,0,0,1,1,,2,0,0,,,,,0,,,,,,0,0,,0
"Product","/products/firefly-diary-164cm-silicone-sex-doll-f8614",2,2,0,0,0,0,51,,0,0,0,745,25.5,0.5,,1,2,2,0,0,0,0,51,,0,0,0,745,25.5,0.5,,1,0,0,,,,,0,,,,,0,0,0,,0
,"/en-ca/collections/erovenus-sex-doll",2,2,0,0,0,0,7,,0,0,0,94,3.5,0,,0,2,2,0,0,0,0,7,,0,0,0,94,3.5,0,,0,0,0,,,,,0,,,,,0,0,,,
"Collection","/collections/aiyuan",2,2,0,0,0,0,2,,0,0,0,2,1,1,,2,2,2,0,0,0,0,2,,0,0,0,2,1,1,,2,0,0,,,,,0,,,,,0,0,0,,0
"Collection","/collections/new-sex-dolls-2023-05",2,2,0,0,0,0,16,,0,0,0,176.5,8,0.5,,1,2,2,0,0,0,0,16,,0,0,0,176.5,8,0.5,,1,0,0,,,,,0,,,,,0,0,0,,0
"Collection","/collections/arab-sex-doll-experience-the-exotic-allure",2,2,0,0,0,0,4,,0,0,0,14.5,2,0.5,,1,2,2,0,0,0,0,4,,0,0,0,14.5,2,0.5,,1,0,0,,,,,0,,,,,0,0,0,,0
,"/en-ca/collections/sex-doll-torso/products/591sex-doll-torso",2,2,0,0,0,0,5,,0,0,0,24.5,2.5,0.5,,1,2,2,0,0,0,0,5,,0,0,0,24.5,2.5,0.5,,1,0,0,,,,,0,,,,,0,0,0,,0
"Product","/products/t639-26-5lbs-realistic-dildo-for-silicone-woman-with-male-sex-doll%E4%B8%A8",2,2,0,0,0,0,11,,0,0,0,309.5,5.5,0,,0,2,2,0,0,0,0,11,,0,0,0,309.5,5.5,0,,0,0,0,,,,,0,,,,,0,0,,,
,"/de/collections/mini-sex-doll-torso",2,2,0,0,0,0,4,,0,0,0,402.5,2,0.5,,1,2,2,0,0,0,0,4,,0,0,0,402.5,2,0.5,,1,0,0,,,,,0,,,,,0,0,0,,0
,"/en-ca/products/f5821-176cm-5ft3-41kg-e-cup-rebecca-silicone-realistic-ros-head-sex-doll-top-cydoll",2,2,0,0,0,0,2,,0,0,0,0,1,1,,2,2,2,0,0,0,0,2,,0,0,0,0,1,1,,2,0,0,,,,,0,,,,,,0,0,,0
,"/ja/collections/funwest-doll-factory-photos",2,2,0,0,0,0,2,,0,0,0,0,1,1,,2,2,2,0,0,0,0,2,,0,0,0,0,1,1,,2,0,0,,,,,0,,,,,,0,0,,0
,"/en-ca/products/f2319a-163cm5-3ft-53kg-g-cup-hips-over-140-ros-movable-jaw-super-fat-bbw-huge-ass-sex-doll%E4%B8%A8sy-doll",2,2,0,0,0,0,4,,0,0,0,62,2,0.5,,1,2,2,0,0,0,0,4,,0,0,0,62,2,0.5,,1,0,0,,,,,0,,,,,0,0,0,,0
"Product","/products/f2386-165cm5-4ft-g-cup-272-big-butt-tpe-sex-doll%E4%B8%A8sy-doll",1,2,0,0,0,0,6,,0,0,0,287,3,0,,0,1,2,0,0,0,0,6,,0,0,0,287,3,0,,0,0,0,,,,,0,,,,,0,0,,,
,"/en-ca/products/f5819-168cm-5ft5-35kg-f-cup-tanya-silicone-realistic-with-ros-head-sex-doll-top-cydoll",2,2,0,0,0,0,2,,0,0,0,0,1,1,,2,2,2,0,0,0,0,2,,0,0,0,0,1,1,,2,0,0,,,,,0,,,,,,0,0,,0
,"/en-ca/products/f155b-154cm-plus-lovely-pink-fox-soft-boobs-anime-f-cup-tpe-sex-doll",2,2,0,0,0,0,3,,0,0,0,121.5,1.5,0.5,,1,2,2,0,0,0,0,3,,0,0,0,121.5,1.5,0.5,,1,0,0,,,,,0,,,,,0,0,0,,0
"Collection","/collections/fake-ass-500-999",1,2,0,0,0,0,13,,0,0,0,905.5,6.5,0,,0,1,2,0,0,0,0,13,,0,0,0,905.5,6.5,0,,0,0,0,,,,,0,,,,,0,0,,,
"Collection","/collections/real-lady-factory-photos",1,2,0,0,0,0,17,,0,0,0,296,8.5,0,,0,1,2,0,0,0,0,17,,0,0,0,296,8.5,0,,0,0,0,,,,,0,,,,,0,0,,,
"Product","/products/f8033-150cm-5ft-27-5kg-silicone-anime-hentai-sex-doll-elsa-babe",2,2,0,0,0,0,2,,0,0,0,0,1,1,,2,2,2,0,0,0,0,2,,0,0,0,0,1,1,,2,0,0,,,,,0,,,,,,0,0,,0
"Product","/products/f2104-164cm5-4ft-d-cup-s19-elf-sex-doll%E4%B8%A8sy-doll",2,2,0,0,0,0,2,,0,0,0,0,1,1,,2,2,2,0,0,0,0,2,,0,0,0,0,1,1,,2,0,0,,,,,0,,,,,,0,0,,0
,"/en-ca/blogs/dolls-info-qustions/zelex-fusion-series-redefining-realism-in-lifelike-dolls",1,2,0,0,0,0,2,,0,0,0,0,1,1,,2,1,2,0,0,0,0,2,,0,0,0,0,1,1,,2,0,0,,,,,0,,,,,,0,0,,0
"Product","/products/ironai-ros-silicone-blowjob-head-h903",2,2,0,0,0,0,2,,0,0,0,0,1,1,,2,2,2,0,0,0,0,2,,0,0,0,0,1,1,,2,0,0,,,,,0,,,,,,0,0,,0
,"/en-ca/blogs/dolls-info-qustions/3-minute-hack-master-your-robot-sex-doll-s-clamping-function",2,2,0,0,0,0,3,,0,0,0,0.5,1.5,0.5,,1,2,2,0,0,0,0,3,,0,0,0,0.5,1.5,0.5,,1,0,0,,,,,0,,,,,0,0,0,,0
"Product","/products/t90317-63lb-6-69-automatic-thrusting-male-sex-doll-with-multi-speed-vibration-and-big-dick",2,2,0,0,0,0,4,,0,0,0,13,2,0.5,,1,2,2,0,0,0,0,4,,0,0,0,13,2,0.5,,1,0,0,,,,,0,,,,,0,0,0,,0
"Product","/products/f1977k-170cm-5-6ft-43kg-d-cup-joline-life-size-silicone-sex-doll-real-lady",2,2,2,0,0,0,21,,1,0,0,1575.5,10.5,0,,0,2,2,2,0,0,0,21,,1,0,0,1575.5,10.5,0,,0,0,0,0,,,,0,,0,,,0,0,,,
"Blog Article","/blogs/dolls-info-qustions/is-it-good-for-men-to-use-dildos",2,2,0,0,0,0,2,,0,0,0,0,1,1,,2,2,2,0,0,0,0,2,,0,0,0,0,1,1,,2,0,0,,,,,0,,,,,,0,0,,0
"Product","/products/f4474a-163cm5-3ft-51kg-h-cup-bbw-big-booty-large-butt-tpe-sex-doll-2025%E4%B8%A8wm-doll",2,2,0,0,0,0,15,,0,0,0,163.5,7.5,0.5,,1,2,2,0,0,0,0,15,,0,0,0,163.5,7.5,0.5,,1,0,0,,,,,0,,,,,0,0,0,,0
,"/en-fi/collections/boob-job-sex-toys",2,2,0,0,0,0,4,,0,0,0,30.5,2,0.5,,1,2,2,0,0,0,0,4,,0,0,0,30.5,2,0.5,,1,0,0,,,,,0,,,,,0,0,0,,0
"Product","/products/a799-silicone-big-butt-sex-torso-climax-doll",2,2,0,0,0,0,2,,0,0,0,0,1,1,,2,2,2,0,0,0,0,2,,0,0,0,0,1,1,,2,0,0,,,,,0,,,,,,0,0,,0
"Product","/products/f6163-22kg-d-cup-animal-hentai-realistic-silicone-sex-doll-castle-doll",2,2,0,0,0,0,11,,0,0,0,69,5.5,0.5,,1,2,2,0,0,0,0,11,,0,0,0,69,5.5,0.5,,1,0,0,,,,,0,,,,,0,0,0,,0
"Collection","/collections/climax-doll-full-body-doll",2,2,0,0,0,0,3,,0,0,0,4,1.5,0.5,,1,2,2,0,0,0,0,3,,0,0,0,4,1.5,0.5,,1,0,0,,,,,0,,,,,0,0,0,,0
,"/en-ca/pages/torso-sex-doll-videos",2,2,0,0,0,0,2,,0,0,0,0,1,1,,2,2,2,0,0,0,0,2,,0,0,0,0,1,1,,2,0,0,,,,,0,,,,,,0,0,,0
"Product","/products/f7690-161cm5ft3-41-5kg-h-cup-huge-breast-silicone-ssbbw-sex-doll-with-weight-reduction-4-0-starpery-doll",2,2,0,0,0,0,3,,0,0,0,263,1.5,0.5,,1,2,2,0,0,0,0,3,,0,0,0,263,1.5,0.5,,1,0,0,,,,,0,,,,,0,0,0,,0
"Blog Article","/blogs/dolls-info-qustions/2026-must-have-the-latest-trend-in-anime-sex-dolls-revealed",2,2,0,0,0,0,3,,0,0,0,10,1.5,0.5,,1,2,2,0,0,0,0,3,,0,0,0,10,1.5,0.5,,1,0,0,,,,,0,,,,,0,0,0,,0
"Product","/products/f7149-157cm5-2ft-36-2kg-2-2cf-k-cup-ros-asian-chinese-silicone-sex-doll-bezlya-doll",2,2,0,0,0,0,15,,0,0,0,200,7.5,0,,0,2,2,0,0,0,0,15,,0,0,0,200,7.5,0,,0,0,0,,,,,0,,,,,0,0,,,
,"/en-ca/products/f8235-168cm5-5ft-34kg-b-cup-silicone-full-size-sex-doll-azm-doll",2,2,0,0,0,0,4,,0,0,0,33,2,0.5,,1,2,2,0,0,0,0,4,,0,0,0,33,2,0.5,,1,0,0,,,,,0,,,,,0,0,0,,0
,"/en-ca/products/f6317-176cm-5-77ft-41kg-e-cup-elva-silicone-realistic-sex-doll-top-cydoll",2,2,0,0,0,0,2,,0,0,0,0,1,1,,2,2,2,0,0,0,0,2,,0,0,0,0,1,1,,2,0,0,,,,,0,,,,,,0,0,,0
"Blog Article","/blogs/complete-sex-doll-guide-for-beginners/the-ultimate-2026-tpe-sex-dolls-cleaning-longevity-guide",2,2,0,0,0,0,4,,0,0,0,20.5,2,0.5,,1,2,2,0,0,0,0,4,,0,0,0,20.5,2,0.5,,1,0,0,,,,,0,,,,,0,0,0,,0
"Product","/products/h001-sex-doll-head",1,2,0,0,0,0,15,,0,0,0,369.5,7.5,0,,0,1,2,0,0,0,0,15,,0,0,0,369.5,7.5,0,,0,0,0,,,,,0,,,,,0,0,,,
,"/en-ca/products/t942-8-4lb-7-9inch-huge-penis-dildo-femboy-tpe-cheap-male-sex-doll-torso-qita-doll",1,2,0,0,0,0,2,,0,0,0,0,1,1,,2,1,2,0,0,0,0,2,,0,0,0,0,1,1,,2,0,0,,,,,0,,,,,,0,0,,0
,"/en-ca/blogs/dolls-info-qustions/top-5-best-foot-fetish-toys-you-can-buy-online-in-2025",2,2,0,0,0,0,10,,0,0,0,125,5,0,,0,2,2,0,0,0,0,10,,0,0,0,125,5,0,,0,0,0,,,,,0,,,,,0,0,,,
,"/en-ca/products/notye-2sizes-silicone-butt-a779",1,2,0,0,0,0,9,,0,0,0,124,4.5,0,,0,1,2,0,0,0,0,9,,0,0,0,124,4.5,0,,0,0,0,,,,,0,,,,,0,0,,,
,"/ja/blogs/dolls-info-qustions/shocking-in-depth-review-of-naimi-1-1-celebrity-sex-doll",2,2,0,0,0,0,4,,0,0,0,29.5,2,0.5,,1,2,2,0,0,0,0,4,,0,0,0,29.5,2,0.5,,1,0,0,,,,,0,,,,,0,0,0,,0
"Collection","/collections/full-round-huge-breast-sex-doll",2,2,0,0,0,0,2,,0,0,0,0,1,1,,2,2,2,0,0,0,0,2,,0,0,0,0,1,1,,2,0,0,,,,,0,,,,,,0,0,,0
"Checkout","/orders/f07b4b44a4171954ed37c24701ec5f6f",2,2,0,0,0,0,9,,0,0,0,202,4.5,0.5,,1,2,2,0,0,0,0,9,,0,0,0,202,4.5,0.5,,1,0,0,,,,,0,,,,,0,0,0,,0
,"/ja/blogs/dolls-info-qustions/from-mannequin-to-companion-how-real-life-sex-dolls-conquered-western-users-through-realism",2,2,0,0,0,0,2,,0,0,0,0,1,1,,2,2,2,0,0,0,0,2,,0,0,0,0,1,1,,2,0,0,,,,,0,,,,,,0,0,,0
"Product","/products/f2195-157cm5-2ft-g-cup-tpe-japanese-sun-kissed-beauty-young-sex-doll-amy-fun-west-doll",2,2,0,0,0,0,4,,0,0,0,65.5,2,0.5,,1,2,2,0,0,0,0,4,,0,0,0,65.5,2,0.5,,1,0,0,,,,,0,,,,,0,0,0,,0
"Product","/products/a410-22lbsexy-and-real-realistic-ass-chubby-masturbator-sex-doll-torso",2,2,0,0,0,0,8,,0,0,0,931,4,0,,0,2,2,0,0,0,0,8,,0,0,0,931,4,0,,0,0,0,,,,,0,,,,,0,0,,,
"Collection","/collections/cheap-silicone-sex-dolls",2,2,0,0,0,0,6,,0,0,0,53.5,3,0.5,,1,2,2,0,0,0,0,6,,0,0,0,53.5,3,0.5,,1,0,0,,,,,0,,,,,0,0,0,,0
,"/en-ca/products/f2171-170cm-5-6ft-43kg-d-cup-luna-life-size-silicone-sex-doll-real-lady",2,2,0,0,0,0,2,,0,0,0,0,1,1,,2,2,2,0,0,0,0,2,,0,0,0,0,1,1,,2,0,0,,,,,0,,,,,,0,0,,0
,"/de/blogs/dolls-info-qustions/wm-doll-the-artistic-benchmark-of-high-end-realistic-dolls",2,2,0,0,0,0,3,,0,0,0,2,1.5,0.5,,1,2,2,0,0,0,0,3,,0,0,0,2,1.5,0.5,,1,0,0,,,,,0,,,,,0,0,0,,0
"Product","/products/t286-114cm-3ft9-22kg-f-cup-natural-zoe-ellis-a-silicone-realistic-sex-doll-torso-with-head-se-doll",1,2,0,0,0,0,4,,0,0,0,420.5,2,0.5,,1,1,2,0,0,0,0,4,,0,0,0,420.5,2,0.5,,1,0,0,,,,,0,,,,,0,0,0,,0
"Blog Article","/blogs/dolls-info-qustions/what-is-the-difference-between-ai-sex-dolls-and-sex-robots",2,2,0,0,0,0,7,,0,0,0,561.5,3.5,0.5,,1,2,2,0,0,0,0,7,,0,0,0,561.5,3.5,0.5,,1,0,0,,,,,0,,,,,0,0,0,,0
,"/en-ca/products/f6221-157cm5-2ft-30-5kg-large-breasts-tpe-realistic-sex-doll-rui-mei",2,2,0,0,0,0,2,,0,0,0,0,1,1,,2,2,2,0,0,0,0,2,,0,0,0,0,1,1,,2,0,0,,,,,0,,,,,,0,0,,0
,"/en-ca/collections/alien-sex-dolls",2,2,0,0,0,0,8,,0,0,0,161,4,0,,0,2,2,0,0,0,0,8,,0,0,0,161,4,0,,0,0,0,,,,,0,,,,,0,0,,,
"Product","/products/f6335-life-size-sex-doll-robot",2,2,0,0,0,0,30,,0,0,0,803,15,0.5,,1,2,2,0,0,0,0,30,,0,0,0,803,15,0.5,,1,0,0,,,,,0,,,,,0,0,0,,0
"Product","/products/t329-35-7lb-85cm-g-cup-barbara-ros-silicone-japanese-sex-doll-torso-with-head-in-stock-us-starpery-doll",1,2,0,0,0,0,2,,0,0,0,0,1,1,,2,1,2,0,0,0,0,2,,0,0,0,0,1,1,,2,0,0,,,,,0,,,,,,0,0,,0
"Product","/products/t289-79-37-lbs-lydia-ros-life-size-silicone-sex-doll-torso-with-head-in-stock-usa-europe-max-series",2,2,0,0,0,0,3,,0,0,0,87,1.5,0.5,,1,2,2,0,0,0,0,3,,0,0,0,87,1.5,0.5,,1,0,0,,,,,0,,,,,0,0,0,,0
,"/de/blogs/dolls-info-qustions/a-comprehensive-guide-to-finding-the-ideal-dildo-1",2,2,0,0,0,0,2,,0,0,0,0,1,1,,2,2,2,0,0,0,0,2,,0,0,0,0,1,1,,2,0,0,,,,,0,,,,,,0,0,,0
,"/en-ca/products/f3679-158cm5ft2-yuuki-d-cup-tpe-brunette-chinese-sexy-woman-love-doll-se-doll",2,2,0,0,0,0,2,,0,0,0,0,1,1,,2,2,2,0,0,0,0,2,,0,0,0,0,1,1,,2,0,0,,,,,0,,,,,,0,0,,0
"Product","/products/f8018-150cm-5ft-27-5kg-silicone-anime-hentai-sex-doll-elsa-babe",2,2,0,0,0,0,2,,0,0,0,0,1,1,,2,2,2,0,0,0,0,2,,0,0,0,0,1,1,,2,0,0,,,,,0,,,,,,0,0,,0
,"/en-ca/collections/climax-doll-videos",2,2,0,0,0,0,2,,0,0,0,0,1,1,,2,2,2,0,0,0,0,2,,0,0,0,0,1,1,,2,0,0,,,,,0,,,,,,0,0,,0
"Product","/products/t319-silicone-life-size-sextorso-no-head-climax-doll",2,2,0,0,0,0,2,,0,0,0,0,1,1,,2,2,2,0,0,0,0,2,,0,0,0,0,1,1,,2,0,0,,,,,0,,,,,,0,0,,0
"Product","/products/f4805-162cm5-4ft-39-5kg-2-2u-b-cup-asian-real-ros-silicone-chinese-sex-doll-bezlya-doll",2,2,0,0,0,0,2,,0,0,0,0,1,1,,2,2,2,0,0,0,0,2,,0,0,0,0,1,1,,2,0,0,,,,,0,,,,,,0,0,,0
,"/en-fi/collections/full-doll",2,2,0,0,0,0,4,,0,0,0,32.5,2,0.5,,1,2,2,0,0,0,0,4,,0,0,0,32.5,2,0.5,,1,0,0,,,,,0,,,,,0,0,0,,0
,"/en-ca/collections/silicone-pocket-pussy",2,2,0,0,0,0,2,,0,0,0,0,1,1,,2,2,2,0,0,0,0,2,,0,0,0,0,1,1,,2,0,0,,,,,0,,,,,,0,0,,0
"Collection","/collections/tpe-body-silicone-head",2,2,0,0,0,0,6,,0,0,0,51.5,3,0.5,,1,2,2,0,0,0,0,6,,0,0,0,51.5,3,0.5,,1,0,0,,,,,0,,,,,0,0,0,,0
"Collection","/collections/sci-fi-alien-sex-doll",2,2,0,0,0,0,9,,0,0,0,171,4.5,0,,0,2,2,0,0,0,0,9,,0,0,0,171,4.5,0,,0,0,0,,,,,0,,,,,0,0,,,
"Collection","/collections/tayuta",2,2,0,0,0,0,2,,0,0,0,0,1,1,,2,2,2,0,0,0,0,2,,0,0,0,0,1,1,,2,0,0,,,,,0,,,,,,0,0,,0
"Product","/products/t292-70-55-lbs-chloe-ros-life-size-silicone-sex-doll-torso-with-head-in-stock-usa-europe-max-series",2,2,0,0,0,0,26,,0,0,0,571,13,0.5,,1,2,2,0,0,0,0,26,,0,0,0,571,13,0.5,,1,0,0,,,,,0,,,,,0,0,0,,0
,"/en-fi/blogs/dolls-info-qustions/gentlemans-paradise-exploring-nsfw-anime-figures-and-sex-dolls",2,2,0,0,0,0,3,,0,0,0,8.5,1.5,0.5,,1,2,2,0,0,0,0,3,,0,0,0,8.5,1.5,0.5,,1,0,0,,,,,0,,,,,0,0,0,,0
,"/de/collections/torso-shemale-sex-doll",2,2,0,0,0,0,2,,0,0,0,0,1,1,,2,2,2,0,0,0,0,2,,0,0,0,0,1,1,,2,0,0,,,,,0,,,,,,0,0,,0
,"/de/blogs/dolls-info-qustions/how-to-eat-ass-a-deep-dive-into-rimming-techniques-and-sex-doll-play",2,2,0,0,0,0,2,,0,0,0,0,1,1,,2,2,2,0,0,0,0,2,,0,0,0,0,1,1,,2,0,0,,,,,0,,,,,,0,0,,0
"Blog Article","/blogs/dolls-info-qustions/huge-breasts-sex-doll-what-really-sets-the-three-breast-structures-apart",2,2,0,0,0,0,5,,0,0,0,397,2.5,0,,0,2,2,0,0,0,0,5,,0,0,0,397,2.5,0,,0,0,0,,,,,0,,,,,0,0,,,
"Product","/products/a682-big-ass-torso-silicone-19lb-sucking-vibration",2,2,0,0,0,0,18,,0,0,0,279.5,9,0.5,,1,2,2,0,0,0,0,18,,0,0,0,279.5,9,0.5,,1,0,0,,,,,0,,,,,0,0,0,,0
"Product","/products/f7657-165cm5ft4-35kg-b-cup-silicone-ros-flat-chest-asian-sex-doll%E4%B8%A8doll-senior",1,2,0,0,0,0,3,,0,0,0,8.5,1.5,0.5,,1,1,2,0,0,0,0,3,,0,0,0,8.5,1.5,0.5,,1,0,0,,,,,0,,,,,0,0,0,,0
"Product","/products/f5576-153cm5ft-34kg-h-cup-chubby-life-size-tpe-sex-doll-aibei-doll",2,2,0,0,0,0,2,,0,0,0,0,1,1,,2,2,2,0,0,0,0,2,,0,0,0,0,1,1,,2,0,0,,,,,0,,,,,,0,0,,0
"Product","/products/t770-arcana-doll-realistic-silicone-life-size-sex-doll-torso-with-head-j-cup-59-5-lbs",2,2,0,0,0,0,2,,0,0,0,0,1,1,,2,2,2,0,0,0,0,2,,0,0,0,0,1,1,,2,0,0,,,,,0,,,,,,0,0,,0
"Product","/products/f738-180cm-male-sex-doll-with-14cm-17cm-detachable-vibrating-penis-md-doll",2,2,0,0,0,0,2,,0,0,0,0,1,1,,2,2,2,0,0,0,0,2,,0,0,0,0,1,1,,2,0,0,,,,,0,,,,,,0,0,,0
,"/de/blogs/dolls-info-qustions/lgbt-adult-toy-guide-male-sex-dolls-and-diverse-play",2,2,0,0,0,0,2,,0,0,0,0,1,1,,2,2,2,0,0,0,0,2,,0,0,0,0,1,1,,2,0,0,,,,,0,,,,,,0,0,,0
"Blog Article","/blogs/dolls-info-qustions/10-online-stores-that-sell-regular-dolls-by-tdf",2,2,0,0,0,0,2,,0,0,0,0,1,1,,2,2,2,0,0,0,0,2,,0,0,0,0,1,1,,2,0,0,,,,,0,,,,,,0,0,,0
,"/en-fi/blogs/dolls-info-qustions/best-sex-doll-torsos-of-2025-ultra-realistic-picks-for-the-ultimate-pleasure",2,2,0,0,0,0,2,,0,0,0,0,1,1,,2,2,2,0,0,0,0,2,,0,0,0,0,1,1,,2,0,0,,,,,0,,,,,,0,0,,0
,"/en-ca/blogs/dolls-info-qustions/how-to-integrate-sex-toys-and-torso-sex-dolls-into-foreplay",2,2,0,0,0,0,2,,0,0,0,0,1,1,,2,2,2,0,0,0,0,2,,0,0,0,0,1,1,,2,0,0,,,,,0,,,,,,0,0,,0
"Collection","/collections/sy-doll-factory-photos",2,2,0,0,0,0,26,,0,0,0,434.5,13,0,,0,2,2,0,0,0,0,26,,0,0,0,434.5,13,0,,0,0,0,,,,,0,,,,,0,0,,,
"Product","/products/t699-33lb-koda-sayoko-silicone-legless-sex-doll-torso-with-head-elsa-babe-150",2,2,0,0,0,0,2,,0,0,0,0,1,1,,2,2,2,0,0,0,0,2,,0,0,0,0,1,1,,2,0,0,,,,,0,,,,,,0,0,,0
"Collection","/collections/big-boobs-japanese-sex-doll",2,2,0,0,0,0,3,,0,0,0,13,1.5,0.5,,1,2,2,0,0,0,0,3,,0,0,0,13,1.5,0.5,,1,0,0,,,,,0,,,,,0,0,0,,0
"Product","/products/f5963-159cm-5ft3-34kg-a-cup-tpe-silicone-celebrity-young-flat-chest-sex-doll-sy-doll",2,2,0,0,0,0,25,,0,0,0,404,12.5,0,,0,2,2,0,0,0,0,25,,0,0,0,404,12.5,0,,0,0,0,,,,,0,,,,,0,0,,,
"Collection","/collections/breast-vagina",2,2,0,0,0,0,4,,0,0,0,12.5,2,0,,0,2,2,0,0,0,0,4,,0,0,0,12.5,2,0,,0,0,0,,,,,0,,,,,0,0,,,
,"/en-ca/collections/huge-breast-post-torso",2,2,0,0,0,0,2,,0,0,0,0,1,1,,2,2,2,0,0,0,0,2,,0,0,0,0,1,1,,2,0,0,,,,,0,,,,,,0,0,,0
"Checkout","/60719464687/orders/0512f9cdf907a478b41c88117e2deade",2,2,0,0,0,0,3,,0,0,0,186,1.5,0.5,,1,2,2,0,0,0,0,3,,0,0,0,186,1.5,0.5,,1,0,0,,,,,0,,,,,0,0,0,,0
"Product","/products/f9188-178cm-5ft10-67-5kg-i-cup-silicone-trans-futanari-sex-doll",1,2,0,0,0,0,3,,0,0,0,749.5,1.5,0.5,,1,1,2,0,0,0,0,3,,0,0,0,749.5,1.5,0.5,,1,0,0,,,,,0,,,,,0,0,0,,0
"Blog Article","/blogs/dolls-info-qustions/what-oral-depth-of-a-sex-doll-head-is-best-for-blowjobs",2,2,0,0,0,0,3,,0,0,0,56.5,1.5,0.5,,1,2,2,0,0,0,0,3,,0,0,0,56.5,1.5,0.5,,1,0,0,,,,,0,,,,,0,0,0,,0
"Product","/products/lightweight-ass-toy-silicone-8-5lb-a805",2,2,0,0,0,0,17,,0,0,0,381.5,8.5,0.5,,1,2,2,0,0,0,0,17,,0,0,0,381.5,8.5,0.5,,1,0,0,,,,,0,,,,,0,0,0,,0
,"/de/blogs/dolls-info-qustions/what-types-of-cheap-sex-dolls-can-i-buy-on-linkdolls",2,2,0,0,0,0,2,,0,0,0,0,1,1,,2,2,2,0,0,0,0,2,,0,0,0,0,1,1,,2,0,0,,,,,0,,,,,,0,0,,0
"Product","/products/f9406-5ft4-39kg-silicone-anime-hentai-sex-toy-female-sex-doll-elsa-babe",1,2,0,0,0,0,4,,0,0,0,459,2,0,,0,1,2,0,0,0,0,4,,0,0,0,459,2,0,,0,0,0,,,,,0,,,,,0,0,,,
,"/ja/blogs/real-sex-doll-reviews-pros-cons-real-usage-tests/2026-meru-hentai-sex-doll-review-comprehensive-comparison-of-4-hot-models",2,2,0,0,0,0,29,,0,0,0,614.5,14.5,0,,0,2,2,0,0,0,0,29,,0,0,0,614.5,14.5,0,,0,0,0,,,,,0,,,,,0,0,,,
,"/en-ca/blogs/complete-sex-doll-guide-for-beginners/zero-to-hero-guide-how-first-timers-should-choose-full-body-sex-dolls",2,2,0,0,0,0,2,,0,0,0,0,1,1,,2,2,2,0,0,0,0,2,,0,0,0,0,1,1,,2,0,0,,,,,0,,,,,,0,0,,0
"Product","/products/a302-21-4lb-silicone-realistic-big-ass-torso-with-long-waist",1,2,0,0,0,0,13,,0,0,0,310.5,6.5,0,,0,1,2,0,0,0,0,13,,0,0,0,310.5,6.5,0,,0,0,0,,,,,0,,,,,0,0,,,
,"/de/blogs/recent-brand-updates-new-arrivals-for-sex-dolls/sy-doll-redefining-oral-interaction-for-robotic-sex-dolls",2,2,0,0,0,0,2,,0,0,0,0,1,1,,2,2,2,0,0,0,0,2,,0,0,0,0,1,1,,2,0,0,,,,,0,,,,,,0,0,,0
"Product","/products/h111-sex-doll-head",2,2,0,0,0,0,2,,0,0,0,0,1,1,,2,2,2,0,0,0,0,2,,0,0,0,0,1,1,,2,0,0,,,,,0,,,,,,0,0,,0
,"/en-ca/products/f4893-huge-butt-tpe-bbw-sex-dolls%E4%B8%A8sy-doll",1,2,0,0,0,0,6,,0,0,0,8.5,3,0,,0,1,2,0,0,0,0,6,,0,0,0,8.5,3,0,,0,0,0,,,,,0,,,,,0,0,,,
,"/en-ca/collections/sy-doll-videos",2,2,0,0,0,0,2,,0,0,0,0,1,1,,2,2,2,0,0,0,0,2,,0,0,0,0,1,1,,2,0,0,,,,,0,,,,,,0,0,,0
,"/en-fi/collections/shemale-sex-toy",2,2,0,0,0,0,4,,0,0,0,10.5,2,0.5,,1,2,2,0,0,0,0,4,,0,0,0,10.5,2,0.5,,1,0,0,,,,,0,,,,,0,0,0,,0
,"/en-ca/collections/shemale-sex-doll",2,2,0,0,0,0,2,,0,0,0,0,1,1,,2,2,2,0,0,0,0,2,,0,0,0,0,1,1,,2,0,0,,,,,0,,,,,,0,0,,0
"Collection","/collections/qsx",2,2,0,0,0,0,2,,0,0,0,0,1,1,,2,2,2,0,0,0,0,2,,0,0,0,0,1,1,,2,0,0,,,,,0,,,,,,0,0,,0
"Collection","/collections/aibei-doll-videos",1,2,0,0,0,0,2,,0,0,0,0,1,1,,2,1,2,0,0,0,0,2,,0,0,0,0,1,1,,2,0,0,,,,,0,,,,,,0,0,,0
"Product","/products/f9300-150cm-ros-silicone-head-alien-sex-doll-shemale-dildo",2,2,0,0,0,0,6,,0,0,0,58.5,3,0.5,,1,2,2,0,0,0,0,6,,0,0,0,58.5,3,0.5,,1,0,0,,,,,0,,,,,0,0,0,,0
"Blog Article","/blogs/dolls-info-qustions/why-does-the-butt-attract-men",2,2,0,0,0,0,2,,0,0,0,0,1,1,,2,2,2,0,0,0,0,2,,0,0,0,0,1,1,,2,0,0,,,,,0,,,,,,0,0,,0
"Product","/products/f6191-41kg-e-cup-monie-fantasy-cute-horse-face-anime-furry-sex-doll-climax-doll-pro",1,2,0,0,0,0,3,,0,0,0,105.5,1.5,0.5,,1,1,2,0,0,0,0,3,,0,0,0,105.5,1.5,0.5,,1,0,0,,,,,0,,,,,0,0,0,,0
,"/de/pages/sex-doll-video",2,2,0,0,0,0,6,,0,0,0,46.5,3,0.5,,1,2,2,0,0,0,0,6,,0,0,0,46.5,3,0.5,,1,0,0,,,,,0,,,,,0,0,0,,0
"Product","/products/b34-yellow-silicone-breast-sex-toys-titjob-torso",2,2,1,1,0,0,4,0,0.5,0.5,0,10.5,2,0.5,0,1,2,2,1,1,0,0,4,0,0.5,0.5,0,10.5,2,0.5,0,1,0,0,0,0,,,0,,0,0,,0,0,0,,0
"Product","/products/f6142-150cm4-9ft-28kg-d-cup-silicone-sex-doll%E4%B8%A8rosretty-doll",2,2,0,0,0,0,2,,0,0,0,0,1,1,,2,2,2,0,0,0,0,2,,0,0,0,0,1,1,,2,0,0,,,,,0,,,,,,0,0,,0
"Blog Article","/blogs/sex-doll-torso-blog/the-most-life-like-torso-sex-doll",2,2,0,0,0,0,2,,0,0,0,0,1,1,,2,2,2,0,0,0,0,2,,0,0,0,0,1,1,,2,0,0,,,,,0,,,,,,0,0,,0
,"/de/blogs/sex-doll-torso-blog/what-is-the-most-suitable-weight-for-butt-torso-sex-dolls",2,2,0,0,0,0,2,,0,0,0,0,1,1,,2,2,2,0,0,0,0,2,,0,0,0,0,1,1,,2,0,0,,,,,0,,,,,,0,0,,0
"Blog Article","/blogs/dolls-info-qustions/sex-doll-transformation-guide-how-to-revamp-and-create-a-one-of-a-kind-look",2,2,0,0,0,0,2,,0,0,0,0,1,1,,2,2,2,0,0,0,0,2,,0,0,0,0,1,1,,2,0,0,,,,,0,,,,,,0,0,,0
"Collection","/collections/yehe",2,2,0,0,0,0,2,,0,0,0,0,1,1,,2,2,2,0,0,0,0,2,,0,0,0,0,1,1,,2,0,0,,,,,0,,,,,,0,0,,0
"Product","/products/f9173-161cm5-3ft-53kg-i-cup-silicone-halloween-ssbbw-sex-doll%E4%B8%A8climax-doll-ultra",2,2,0,0,0,0,64,,0,0,0,1002,32,0,,0,2,2,0,0,0,0,64,,0,0,0,1002,32,0,,0,0,0,,,,,0,,,,,0,0,,,
,"/de/collections/all",2,2,0,0,0,0,14,,0,0,0,244.5,7,0,,0,2,2,0,0,0,0,14,,0,0,0,244.5,7,0,,0,0,0,,,,,0,,,,,0,0,,,
"Blog Article","/blogs/featured-blog/ai-sex-dolls-jinsan-s-1-900-model-takes-over-euro-america",2,2,0,0,0,0,3,,0,0,0,32.5,1.5,0.5,,1,2,2,0,0,0,0,3,,0,0,0,32.5,1.5,0.5,,1,0,0,,,,,0,,,,,0,0,0,,0
"Collection","/collections/sineem",2,2,0,0,0,0,4,,0,0,0,21.5,2,0.5,,1,2,2,0,0,0,0,4,,0,0,0,21.5,2,0.5,,1,0,0,,,,,0,,,,,0,0,0,,0
,"/en-ca/blogs/featured-blog/2026-sex-doll-lubricant-recommendations-find-the-perfect-formula-for-your-experience",2,2,0,0,0,0,2,,0,0,0,0,1,1,,2,2,2,0,0,0,0,2,,0,0,0,0,1,1,,2,0,0,,,,,0,,,,,,0,0,,0
,"/de/blogs/real-sex-doll-reviews-pros-cons-real-usage-tests/evas-doll-180cm-f6229-full-review",1,1,0,0,0,0,1,,0,0,0,0,1,1,,1,1,1,0,0,0,0,1,,0,0,0,0,1,1,,1,0,0,,,,,0,,,,,,0,0,,0
,"/ja/blogs/dolls-info-qustions/types-of-femboy-sex-dolls",1,1,0,0,0,0,1,,0,0,0,0,1,1,,1,1,1,0,0,0,0,1,,0,0,0,0,1,1,,1,0,0,,,,,0,,,,,,0,0,,0
"Product","/products/f4796-171cm-5ft6-55kg-c-cup-realistic-silicone-head-tpe-body-sex-doll-sy-doll",1,1,0,0,0,0,2,,0,0,0,28,2,0,,0,1,1,0,0,0,0,2,,0,0,0,28,2,0,,0,0,0,,,,,0,,,,,0,0,,,
"Product","/products/h1025-sex-doll-head-mature-housewife-irontech-doll-head",1,1,0,0,0,0,1,,0,0,0,0,1,1,,1,1,1,0,0,0,0,1,,0,0,0,0,1,1,,1,0,0,,,,,0,,,,,,0,0,,0
,"/policies/terms-of-service",1,1,0,0,0,0,1,,0,0,0,0,1,1,,1,1,1,0,0,0,0,1,,0,0,0,0,1,1,,1,0,0,,,,,0,,,,,,0,0,,0
"Product","/products/f4514-150cm4ft9-25kg-mary-f-cup-silicone-animes-mini-hentai-sex-doll-irokebijin-doll",1,1,0,0,0,0,7,,0,0,0,204,7,0,,0,1,1,0,0,0,0,7,,0,0,0,204,7,0,,0,0,0,,,,,0,,,,,0,0,,,
,"/de/blogs/dolls-info-qustions/top-5-sex-doll-anal",1,1,0,0,0,0,4,,0,0,0,409,4,0,,0,1,1,0,0,0,0,4,,0,0,0,409,4,0,,0,0,0,,,,,0,,,,,0,0,,,
,"/en-ca/products/f6138-160cm-5ft2-37kg-a-cup-small-breast-lifelike-tpe-sex-doll-sy-doll",1,1,0,0,0,0,4,,0,0,0,103,4,0,,0,1,1,0,0,0,0,4,,0,0,0,103,4,0,,0,0,0,,,,,0,,,,,0,0,,,
"Collection","/collections/sex-doll-in-stock-europe-all",1,1,0,0,0,0,3,,0,0,0,94,3,0,,0,1,1,0,0,0,0,3,,0,0,0,94,3,0,,0,0,0,,,,,0,,,,,0,0,,,
,"/ja/blogs/dolls-info-qustions/customizable-torso-summary",1,1,0,0,0,0,1,,0,0,0,0,1,1,,1,1,1,0,0,0,0,1,,0,0,0,0,1,1,,1,0,0,,,,,0,,,,,,0,0,,0
"Product","/products/f9411-aitia-doll-170cm-f-cup-silicone-head-tpe-body",1,1,0,0,0,0,1,,0,0,0,0,1,1,,1,1,1,0,0,0,0,1,,0,0,0,0,1,1,,1,0,0,,,,,0,,,,,,0,0,,0
,"/en-fi/collections/flat-chest-sex-doll",1,1,0,0,0,0,1,,0,0,0,0,1,1,,1,1,1,0,0,0,0,1,,0,0,0,0,1,1,,1,0,0,,,,,0,,,,,,0,0,,0
,"/en-ca/collections/ido-doll",1,1,0,0,0,0,1,,0,0,0,0,1,1,,1,1,1,0,0,0,0,1,,0,0,0,0,1,1,,1,0,0,,,,,0,,,,,,0,0,,0
,"/en-ca/collections/best-sellers-in-big-boobs",1,1,0,0,0,0,4,,0,0,0,277,4,0,,0,1,1,0,0,0,0,4,,0,0,0,277,4,0,,0,0,0,,,,,0,,,,,0,0,,,
,"/en-ca/products/f2028-162cm5-3ft-34kg-f-cup-christmas-tpe-sex-doll%E4%B8%A8wm-doll",1,1,0,0,0,0,2,,0,0,0,25,2,0,,0,1,1,0,0,0,0,2,,0,0,0,25,2,0,,0,0,0,,,,,0,,,,,0,0,,,
,"/en-fi/collections/fake-ass-sex-toy",1,1,0,0,0,0,4,,0,0,0,50,4,0,,0,1,1,0,0,0,0,4,,0,0,0,50,4,0,,0,0,0,,,,,0,,,,,0,0,,,
,"/en-ca/collections/alien-sex-doll-heads-1",1,1,0,0,0,0,40,,0,0,0,1837,40,0,,0,1,1,0,0,0,0,40,,0,0,0,1837,40,0,,0,0,0,,,,,0,,,,,0,0,,,
,"/en-ca/products/f4844-158cm5ft2-33kg-e-cup-silicone-ros-best-japanese-asian-sex-doll%E4%B8%A8doll-senior",1,1,0,0,0,0,1,,0,0,0,0,1,1,,1,1,1,0,0,0,0,1,,0,0,0,0,1,1,,1,0,0,,,,,0,,,,,,0,0,,0
,"/en-ca/blogs/dolls-info-qustions/why-do-men-like-to-have-sex-with-bigass-women",1,1,0,0,0,0,1,,0,0,0,0,1,1,,1,1,1,0,0,0,0,1,,0,0,0,0,1,1,,1,0,0,,,,,0,,,,,,0,0,,0
,"/de/products/8948682981615",1,1,0,0,0,0,1,,0,0,0,0,1,1,,1,1,1,0,0,0,0,1,,0,0,0,0,1,1,,1,0,0,,,,,0,,,,,,0,0,,0
,"/en-ca/products/f6335-life-size-sex-doll-robot",1,1,0,0,0,0,1,,0,0,0,0,1,1,,1,1,1,0,0,0,0,1,,0,0,0,0,1,1,,1,0,0,,,,,0,,,,,,0,0,,0
"Product","/products/a720-s-tpe-bbw-big-ass-fat-sex-doll-torso",1,1,0,0,0,0,1,,0,0,0,0,1,1,,1,1,1,0,0,0,0,1,,0,0,0,0,1,1,,1,0,0,,,,,0,,,,,,0,0,,0
"Product","/products/f1559-elsa-babe-165cm-5ft4-full-silicone-sexy-anime-sex-dolls",1,1,0,0,0,0,8,,0,0,0,428,8,0,,0,1,1,0,0,0,0,8,,0,0,0,428,8,0,,0,0,0,,,,,0,,,,,0,0,,,
,"/ja/blogs/dolls-info-qustions/top-5-most-popular-silicone-torso-sex-dolls-which-one-is-the-true-goddess",1,1,0,0,0,0,1,,0,0,0,0,1,1,,1,1,1,0,0,0,0,1,,0,0,0,0,1,1,,1,0,0,,,,,0,,,,,,0,0,,0
"Product","/products/15lb-lifelike-big-boobs-sex-doll-torso-with-anal-and-vaginal-tunnels-516-sex-doll-torso",1,1,0,0,0,0,1,,0,0,0,0,1,1,,1,1,1,0,0,0,0,1,,0,0,0,0,1,1,,1,0,0,,,,,0,,,,,,0,0,,0
,"/de/products/a410-22lbsexy-and-real-realistic-ass-chubby-masturbator-sex-doll-torso",1,1,0,0,0,0,4,,0,0,0,434,4,0,,0,1,1,0,0,0,0,4,,0,0,0,434,4,0,,0,0,0,,,,,0,,,,,0,0,,,
,"/en-ca/products/f5977-173cm-5ft7-d-cup-lifelike-silicone-sex-doll-rosretty-doll",1,1,0,0,0,0,16,,0,0,0,1624,16,0,,0,1,1,0,0,0,0,16,,0,0,0,1624,16,0,,0,0,0,,,,,0,,,,,0,0,,,
"Blog Article","/blogs/sex-doll-torso-blog/fake-pussy-why-men-choose",1,1,0,0,0,0,1,,0,0,0,0,1,1,,1,1,1,0,0,0,0,1,,0,0,0,0,1,1,,1,0,0,,,,,0,,,,,,0,0,,0
,"/ja/collections/starpery-doll-videos",1,1,0,0,0,0,1,,0,0,0,0,1,1,,1,1,1,0,0,0,0,1,,0,0,0,0,1,1,,1,0,0,,,,,0,,,,,,0,0,,0
"Checkout","/checkouts/cn/hWNE7CtDZzaZkplNHIac0Zls/en-au",1,1,0,1,0,0,1,0,0,1,0,0,1,0,,0,1,1,0,1,0,0,1,0,0,1,0,0,1,0,,0,0,0,,0,,,0,,,0,,,0,,,
"Blog Article","/blogs/dolls-info-qustions/can-silicone-lubricants-really-ruin-your-silicone-sex-doll",1,1,0,0,0,0,1,,0,0,0,0,1,1,,1,1,1,0,0,0,0,1,,0,0,0,0,1,1,,1,0,0,,,,,0,,,,,,0,0,,0
"Collection","/collections/linkdolls-prime",1,1,0,0,0,0,5,,0,0,0,95,5,0,,0,1,1,0,0,0,0,5,,0,0,0,95,5,0,,0,0,0,,,,,0,,,,,0,0,,,
"Collection","/collections/sy-doll-videos",1,1,0,0,0,0,26,,0,0,0,1026,26,0,,0,1,1,0,0,0,0,26,,0,0,0,1026,26,0,,0,0,0,,,,,0,,,,,0,0,,,
,"/en-ca/blogs/dolls-info-qustions/waist-hip-ratio-off-the-charts-deep-dive-into-the-top-5-sex-doll-brands",1,1,0,0,0,0,1,,0,0,0,0,1,1,,1,1,1,0,0,0,0,1,,0,0,0,0,1,1,,1,0,0,,,,,0,,,,,,0,0,,0
"Product","/products/562-fat-ass-torso-doll-silicone-ass",1,1,0,0,0,0,1,,0,0,0,0,1,1,,1,1,1,0,0,0,0,1,,0,0,0,0,1,1,,1,0,0,,,,,0,,,,,,0,0,,0
"Product","/products/f5998-175cm-5ft9-49kg-full-size-hair-transplant-ros-sex-with-silicone-male-sex-doll-qita-doll",1,1,0,0,0,0,3,,0,0,0,382,3,0,,0,1,1,0,0,0,0,3,,0,0,0,382,3,0,,0,0,0,,,,,0,,,,,0,0,,,
,"/en-ca/collections/wm-doll",1,1,0,0,0,0,1,,0,0,0,1,1,1,,1,1,1,0,0,0,0,1,,0,0,0,1,1,1,,1,0,0,,,,,0,,,,,0,0,0,,0
"Product","/products/f7113-156cm5-12ft-29-7kg-2-1-b-cup-robot-silicone-head-adult-asian-sex-doll-bezlya-doll",1,1,0,0,0,0,1,,0,0,0,0,1,1,,1,1,1,0,0,0,0,1,,0,0,0,0,1,1,,1,0,0,,,,,0,,,,,,0,0,,0
"Product","/products/f6270-165cm-5ft4-37kg-d-cup-silicone-sex-doll-white-hair-firefly-diary-max",1,1,0,0,0,0,4,,0,0,0,87,4,0,,0,1,1,0,0,0,0,4,,0,0,0,87,4,0,,0,0,0,,,,,0,,,,,0,0,,,
,"/en-ca/products/t681-61lbbig-boots-sex-doll-torso",1,1,0,0,0,0,1,,0,0,0,0,1,1,,1,1,1,0,0,0,0,1,,0,0,0,0,1,1,,1,0,0,,,,,0,,,,,,0,0,,0
"Checkout","/checkouts/cn/hWNE87yQhLWh6mDYQ5o0x82z/en",1,1,0,1,0,0,1,0,0,1,0,0,1,0,,0,1,1,0,1,0,0,1,0,0,1,0,0,1,0,,0,0,0,,0,,,0,,,0,,,0,,,
,"/en-ca/products/p96-0-62lb-owl-elf-cheap-silicone-anime-hentai-pocket-pussy-mrl",1,1,0,0,0,0,12,,0,0,0,222,12,0,,0,1,1,0,0,0,0,12,,0,0,0,222,12,0,,0,0,0,,,,,0,,,,,0,0,,,
"Collection","/collections/sex-torso-doll-in-stock-europe",1,1,0,0,0,0,2,,0,0,0,32,2,0,,0,1,1,0,0,0,0,2,,0,0,0,32,2,0,,0,0,0,,,,,0,,,,,0,0,,,
,"/de/blogs/dolls-info-qustions/4-tips-for-oral-sex-with-blow-job-dolls-to-enhance-your-sexual-experience",1,1,0,0,0,0,1,,0,0,0,0,1,1,,1,1,1,0,0,0,0,1,,0,0,0,0,1,1,,1,0,0,,,,,0,,,,,,0,0,,0
"Checkout","/checkouts/cn/hWNE0tp4ACwAlwvnA9YHP7hp/en-us",1,1,0,1,0,0,6,0,0,1,0,129,6,0,,0,1,1,0,1,0,0,6,0,0,1,0,129,6,0,,0,0,0,,0,,,0,,,0,,0,0,,,
,"/ja/collections/cst-doll",1,1,0,0,0,0,1,,0,0,0,0,1,1,,1,1,1,0,0,0,0,1,,0,0,0,0,1,1,,1,0,0,,,,,0,,,,,,0,0,,0
"Product","/products/f1710k-165cm-5ft5-g-cup-big-breast-realistic-silicone-sex-doll-in-stock-us-starpery-doll",1,1,0,0,0,0,2,,0,0,0,47,2,0,,0,1,1,0,0,0,0,2,,0,0,0,47,2,0,,0,0,0,,,,,0,,,,,0,0,,,
,"/en-ca/collections/elsa-babe-videos",1,1,0,0,0,0,1,,0,0,0,0,1,1,,1,1,1,0,0,0,0,1,,0,0,0,0,1,1,,1,0,0,,,,,0,,,,,,0,0,,0
,"/de/blogs/dolls-info-qustions/the-ultimate-guide-to-starpery-sex-dolls-the-realism-and-innovation",1,1,0,0,0,0,1,,0,0,0,0,1,1,,1,1,1,0,0,0,0,1,,0,0,0,0,1,1,,1,0,0,,,,,0,,,,,,0,0,,0
,"/en-ca/blogs/dolls-info-qustions/4-recommended-futa-sex-dolls-a-guide-to-realistic-touch-and-dual-gender-appeal",1,1,0,0,0,0,1,,0,0,0,0,1,1,,1,1,1,0,0,0,0,1,,0,0,0,0,1,1,,1,0,0,,,,,0,,,,,,0,0,,0
"Blog Article","/blogs/dolls-info-qustions/hard-silicone-head-vs-soft-silicone-head",1,1,0,0,0,0,1,,0,0,0,0,1,1,,1,1,1,0,0,0,0,1,,0,0,0,0,1,1,,1,0,0,,,,,0,,,,,,0,0,,0
,"/ja/blogs/dolls-info-qustions/the-ultimate-guide-to-best-stuffed-animal-sex-dolls-in-2025",1,1,0,0,0,0,1,,0,0,0,0,1,1,,1,1,1,0,0,0,0,1,,0,0,0,0,1,1,,1,0,0,,,,,0,,,,,,0,0,,0
,"/de/blogs/dolls-info-qustions/top-yl-dolls-of-2025-you-don-t-want-to-miss",1,1,0,0,0,0,1,,0,0,0,0,1,1,,1,1,1,0,0,0,0,1,,0,0,0,0,1,1,,1,0,0,,,,,0,,,,,,0,0,,0
"Product","/products/f2541-160cm46kg-i-cup-big-ass-silicone-perky-boobs-sex-doll-in-stock-us-irontech-doll",1,1,0,0,0,0,9,,0,0,0,155,9,0,,0,1,1,0,0,0,0,9,,0,0,0,155,9,0,,0,0,0,,,,,0,,,,,0,0,,,
,"/en-ca/products/p6-hentai-fake-pussy",1,1,0,0,0,0,1,,0,0,0,0,1,1,,1,1,1,0,0,0,0,1,,0,0,0,0,1,1,,1,0,0,,,,,0,,,,,,0,0,,0
"Product","/products/f4246-150cm4-9ft-25kg-a-cup-anime-tpe-hentai-sex-doll%E4%B8%A8wm-doll",1,1,0,0,0,0,1,,0,0,0,0,1,1,,1,1,1,0,0,0,0,1,,0,0,0,0,1,1,,1,0,0,,,,,0,,,,,,0,0,,0
"Product","/products/f9328-150cm-4ft9-41kg-b-cup-ros-silicone-head-shemale-real-size-sex-doll-doll-castle",1,1,0,0,0,0,2,,0,0,0,237,2,0,,0,1,1,0,0,0,0,2,,0,0,0,237,2,0,,0,0,0,,,,,0,,,,,0,0,,,
"Collection","/collections/elsa-babe-videos",1,1,0,0,0,0,2,,0,0,0,121,2,0,,0,1,1,0,0,0,0,2,,0,0,0,121,2,0,,0,0,0,,,,,0,,,,,0,0,,,
"Product","/products/f5554-160cm-5ft2-36kg-anime-life-size-silicone-sex-doll-elsa-babe",1,1,0,0,0,0,2,,0,0,0,17,2,0,,0,1,1,0,0,0,0,2,,0,0,0,17,2,0,,0,0,0,,,,,0,,,,,0,0,,,
"Product","/products/f3304-157cm-5ft2-42kg-e-cup-tpe-sexy-woman-adult-big-chest-sex-doll-yl-doll",1,1,0,0,0,0,3,,0,0,0,63,3,0,,0,1,1,0,0,0,0,3,,0,0,0,63,3,0,,0,0,0,,,,,0,,,,,0,0,,,
"Product","/products/t371-24lbs-61cm-bbw-realistic-torso-sex-dolls",1,1,0,0,0,0,1,,0,0,0,0,1,1,,1,1,1,0,0,0,0,1,,0,0,0,0,1,1,,1,0,0,,,,,0,,,,,,0,0,,0
"Product","/products/f5708-158cm-5ft2-36kg-g-cup-silicone-sexual-male-best-shemale-sex-doll-castle-doll",1,1,0,0,0,0,3,,0,0,0,41,3,0,,0,1,1,0,0,0,0,3,,0,0,0,41,3,0,,0,0,0,,,,,0,,,,,0,0,,,
"Product","/products/t329-35-7lb-85cm-g-cup-barbara-ros-silicone-japanese-sex-doll-torso-starpery-doll",1,1,0,0,0,0,1,,0,0,0,0,1,1,,1,1,1,0,0,0,0,1,,0,0,0,0,1,1,,1,0,0,,,,,0,,,,,,0,0,,0
,"/de/products/f2007-157cm5-1ft-28-6kg-b-cup-asian-shemale-sex-doll-with-slim-body-trans-woman-doll%E4%B8%A8wm-doll",1,1,0,0,0,0,1,,0,0,0,0,1,1,,1,1,1,0,0,0,0,1,,0,0,0,0,1,1,,1,0,0,,,,,0,,,,,,0,0,,0
,"/ja/blogs/dolls-info-qustions/limited-time-special-cheap-life-size-sex-dolls-from-as-low-as-799",1,1,0,0,0,0,1,,0,0,0,0,1,1,,1,1,1,0,0,0,0,1,,0,0,0,0,1,1,,1,0,0,,,,,0,,,,,,0,0,,0
"Product","/products/f4092-153cm-q-cup-full-silicone-ssbbw-biggest-bbw-sex-doll-castle-doll",1,1,1,0,0,0,26,,1,0,0,2602,26,0,,0,1,1,1,0,0,0,26,,1,0,0,2602,26,0,,0,0,0,0,,,,0,,0,,,0,0,,,
,"/en-fi/products/f9275-150cm-5ft-27-5kg-silicone-head-anime-sex-dolls-life-size-elsa-babe",1,1,0,0,0,0,1,,0,0,0,0,1,1,,1,1,1,0,0,0,0,1,,0,0,0,0,1,1,,1,0,0,,,,,0,,,,,,0,0,,0
"Product","/products/f9350-sex-doll-in-stock-sex-dolls-usa-galatea-doll",1,1,0,0,0,0,2,,0,0,0,500,2,0,,0,1,1,0,0,0,0,2,,0,0,0,500,2,0,,0,0,0,,,,,0,,,,,0,0,,,
"Blog Article","/blogs/dolls-info-qustions/2025-five-stylish-and-charming-chinese-sex-doll",1,1,0,0,0,0,2,,0,0,0,162,2,0,,0,1,1,0,0,0,0,2,,0,0,0,162,2,0,,0,0,0,,,,,0,,,,,0,0,,,
"Product","/products/f5470-170cm5-6ft-43kg-d-cup-s47-life-size-silicone-sex-doll-real-lady",1,1,0,0,0,0,1,,0,0,0,0,1,1,,1,1,1,0,0,0,0,1,,0,0,0,0,1,1,,1,0,0,,,,,0,,,,,,0,0,,0
"Collection","/collections/mini-ass",1,1,0,0,0,0,1,,0,0,0,0,1,1,,1,1,1,0,0,0,0,1,,0,0,0,0,1,1,,1,0,0,,,,,0,,,,,,0,0,,0
"Blog Article","/blogs/dolls-info-qustions/budget-under-200-check-out-these-7-cheap-mini-sex-dolls",1,1,0,0,0,0,1,,0,0,0,0,1,1,,1,1,1,0,0,0,0,1,,0,0,0,0,1,1,,1,0,0,,,,,0,,,,,,0,0,,0
,"/en-ca/products/f3071-171cm-c-cup-silicone-head-movable-jaw-sle-body-real-sex-doll-zelex-doll",1,1,0,0,0,0,1,,0,0,0,0,1,1,,1,1,1,0,0,0,0,1,,0,0,0,0,1,1,,1,0,0,,,,,0,,,,,,0,0,,0
"Product","/products/590-sex-doll-torso",1,1,0,0,0,0,7,,0,0,0,1201,7,0,,0,1,1,0,0,0,0,7,,0,0,0,1201,7,0,,0,0,0,,,,,0,,,,,0,0,,,
"Product","/products/f2296-166cm5ft5-c-cup-hannah-a-tpe-sex-dolls-se-doll",1,1,0,0,0,0,1,,0,0,0,0,1,1,,1,1,1,0,0,0,0,1,,0,0,0,0,1,1,,1,0,0,,,,,0,,,,,,0,0,,0
"Product","/products/f9203-165cm5ft4-32kg-f-cup-sleeping-fully-articulated-skeleton-silicone-gel-breast-most-realistic-sex-doll%E4%B8%A8doll-senior",1,1,0,0,0,0,1,,0,0,0,0,1,1,,1,1,1,0,0,0,0,1,,0,0,0,0,1,1,,1,0,0,,,,,0,,,,,,0,0,,0
"Product","/products/f8028-150cm-5ft-27-5kg-silicone-anime-hentai-sex-doll-elsa-babe",1,1,0,0,0,0,1,,0,0,0,0,1,1,,1,1,1,0,0,0,0,1,,0,0,0,0,1,1,,1,0,0,,,,,0,,,,,,0,0,,0
"Product","/products/f4871-162cm-5ft2-40kg-x-cup-bbs-ssbbw-sex-doll-body-weight-loss-starpery-doll",1,1,0,0,0,0,1,,0,0,0,0,1,1,,1,1,1,0,0,0,0,1,,0,0,0,0,1,1,,1,0,0,,,,,0,,,,,,0,0,,0
"Product","/products/real-lady-silicone-ros-159cm-f754",1,1,0,0,0,0,1,,0,0,0,0,1,1,,1,1,1,0,0,0,0,1,,0,0,0,0,1,1,,1,0,0,,,,,0,,,,,,0,0,,0
,"/en-ca/blogs/dolls-info-qustions/what-body-types-can-full-size-sex-dolls-come-in",1,1,0,0,0,0,20,,0,0,0,1012,20,0,,0,1,1,0,0,0,0,20,,0,0,0,1012,20,0,,0,0,0,,,,,0,,,,,0,0,,,
"Product","/products/h991-free-ai-talking-ros-max-silicone-blowjob-sex-doll-head-real-lady-doll",1,1,0,0,0,0,20,,0,0,0,1463,20,0,,0,1,1,0,0,0,0,20,,0,0,0,1463,20,0,,0,0,0,,,,,0,,,,,0,0,,,
,"/en-ca/blogs/dolls-info-qustions/must-read-for-trans-men-sleeves-vs-electric-pocket-pussy-which-one-is-right-for-you",1,1,0,0,0,0,1,,0,0,0,0,1,1,,1,1,1,0,0,0,0,1,,0,0,0,0,1,1,,1,0,0,,,,,0,,,,,,0,0,,0
,"/ja/collections/latina-sex-dolls",1,1,0,0,0,0,1,,0,0,0,0,1,1,,1,1,1,0,0,0,0,1,,0,0,0,0,1,1,,1,0,0,,,,,0,,,,,,0,0,,0
"Product","/products/t70411-46lb-lifelike-big-penis-male-sex-doll-torso-adult-toys-with-5-9-dildo-for-female-masturbation",1,1,0,0,0,0,2,,0,0,0,64,2,0,,0,1,1,0,0,0,0,2,,0,0,0,64,2,0,,0,0,0,,,,,0,,,,,0,0,,,
"Product","/products/se-doll-163cm-silicone-doll-f745",1,1,0,0,0,0,5,,0,0,0,144,5,0,,0,1,1,0,0,0,0,5,,0,0,0,144,5,0,,0,0,0,,,,,0,,,,,0,0,,,
"Blog Article","/blogs/featured-blog/say-goodbye-to-stickiness-and-deforming-the-ultimate-care-and-storage-guide-for-silicone-sex-dolls",1,1,0,0,0,0,1,,0,0,0,0,1,1,,1,1,1,0,0,0,0,1,,0,0,0,0,1,1,,1,0,0,,,,,0,,,,,,0,0,,0
"Blog Article","/blogs/dolls-info-qustions/dress-up-your-male-sex-doll",1,1,0,0,0,0,1,,0,0,0,0,1,1,,1,1,1,0,0,0,0,1,,0,0,0,0,1,1,,1,0,0,,,,,0,,,,,,0,0,,0
,"/ja/blogs/featured-blog/say-goodbye-to-stickiness-and-deforming-the-ultimate-care-and-storage-guide-for-silicone-sex-dolls",1,1,0,0,0,0,1,,0,0,0,0,1,1,,1,1,1,0,0,0,0,1,,0,0,0,0,1,1,,1,0,0,,,,,0,,,,,,0,0,,0
,"/de/blogs/dolls-info-qustions/elevate-your-experience-popular-ai-girlfriend-software-to-enhance-your-connection-with-sex-dolls",1,1,0,0,0,0,2,,0,0,0,37,2,0,,0,1,1,0,0,0,0,2,,0,0,0,37,2,0,,0,0,0,,,,,0,,,,,0,0,,,
"Product","/products/f4759-175cm5ft9-69kg-x-cup-huge-breast-fat-ass-tpe-fat-ssbbw-sex-doll-castle-doll",1,1,0,0,0,0,11,,0,0,0,2737,11,0,,0,1,1,0,0,0,0,11,,0,0,0,2737,11,0,,0,0,0,,,,,0,,,,,0,0,,,
"Product","/products/f1752-173cm-5ft7-c-cup-muscular-petite-movable-jaw-realistic-fuck-doll-rosretty-dolls",1,1,0,0,0,0,6,,0,0,0,232,6,0,,0,1,1,0,0,0,0,6,,0,0,0,232,6,0,,0,0,0,,,,,0,,,,,0,0,,,
"Product","/products/f3837-160cm-5ft2-h-cup-pink-nipples-blonde-hair-tpe-sex-doll-hr-doll",1,1,0,0,0,0,1,,0,0,0,0,1,1,,1,1,1,0,0,0,0,1,,0,0,0,0,1,1,,1,0,0,,,,,0,,,,,,0,0,,0
"Product","/products/f4824-164cm-5ft5-37-5kg-g-cup-realistic-silicone-sex-dolls-zelex-sle-2-0-in-stock-usa-canada-zelex-doll",1,1,0,0,0,0,1,,0,0,0,0,1,1,,1,1,1,0,0,0,0,1,,0,0,0,0,1,1,,1,0,0,,,,,0,,,,,,0,0,,0
"Product","/products/t9045-95lb-6-88-dildo-electric-male-rechargeable-sex-doll-ass-torso-adult-toys-for-female",1,1,0,0,0,0,7,,0,0,0,486,7,0,,0,1,1,0,0,0,0,7,,0,0,0,486,7,0,,0,0,0,,,,,0,,,,,0,0,,,
"Collection","/collections/galaxy",1,1,0,0,0,0,1,,0,0,0,0,1,1,,1,1,1,0,0,0,0,1,,0,0,0,0,1,1,,1,0,0,,,,,0,,,,,,0,0,,0
"Product","/products/f5956-165cm5ft4-35kg-b-cup-silicone-ros-flat-chest-asian-celebrity-sex-doll%E4%B8%A8doll-senior",1,1,0,0,0,0,4,,0,0,0,20,4,0,,0,1,1,0,0,0,0,4,,0,0,0,20,4,0,,0,0,0,,,,,0,,,,,0,0,,,
"Blog Article","/blogs/featured-blog/introducing-sedoll-s-ultra-flex-fingers",1,1,0,0,0,0,1,,0,0,0,0,1,1,,1,1,1,0,0,0,0,1,,0,0,0,0,1,1,,1,0,0,,,,,0,,,,,,0,0,,0
"Product","/products/aibei-doll-157cm-full-tpe-sex-doll-f8596",1,1,0,0,0,0,23,,0,0,0,2550,23,0,,0,1,1,0,0,0,0,23,,0,0,0,2550,23,0,,0,0,0,,,,,0,,,,,0,0,,,
"Checkout","/checkouts/cn/hWNDtlxxMkssBBbMcj4VoNAP/en",1,1,0,1,0,0,1,0,0,1,0,0,1,0,,0,1,1,0,1,0,0,1,0,0,1,0,0,1,0,,0,0,0,,0,,,0,,,0,,,0,,,
"Product","/products/f9397-thicc-biggest-tpe-sex-doll",1,1,0,0,0,0,3,,0,0,0,110,3,0,,0,1,1,0,0,0,0,3,,0,0,0,110,3,0,,0,0,0,,,,,0,,,,,0,0,,,
,"/de/collections/ass-mini-male-sex-doll",1,1,0,0,0,0,1,,0,0,0,0,1,1,,1,1,1,0,0,0,0,1,,0,0,0,0,1,1,,1,0,0,,,,,0,,,,,,0,0,,0
,"/en-ca/pages/avada-sitemap-products",1,1,0,0,0,0,1,,0,0,0,0,1,1,,1,1,1,0,0,0,0,1,,0,0,0,0,1,1,,1,0,0,,,,,0,,,,,,0,0,,0
,"/de/collections/sex-doll-torso",1,1,0,0,0,0,10,,0,0,0,196,10,0,,0,1,1,0,0,0,0,10,,0,0,0,196,10,0,,0,0,0,,,,,0,,,,,0,0,,,
,"/de/products/v26-vajancle-silicone-right-feet",1,1,0,0,0,0,1,,0,0,0,0,1,1,,1,1,1,0,0,0,0,1,,0,0,0,0,1,1,,1,0,0,,,,,0,,,,,,0,0,,0
"Product","/products/h422-ros-free-hair-impants-real-oral-movable-jaw-silicone-sex-doll-head-sy-doll",1,1,0,0,0,0,1,,0,0,0,0,1,1,,1,1,1,0,0,0,0,1,,0,0,0,0,1,1,,1,0,0,,,,,0,,,,,,0,0,,0
"Collection","/collections/all/big-ass",1,1,0,0,0,0,1,,0,0,0,0,1,1,,1,1,1,0,0,0,0,1,,0,0,0,0,1,1,,1,0,0,,,,,0,,,,,,0,0,,0
,"/ja/blogs/dolls-info-qustions/recommended-electric-torso-dolls",1,1,0,0,0,0,1,,0,0,0,0,1,1,,1,1,1,0,0,0,0,1,,0,0,0,0,1,1,,1,0,0,,,,,0,,,,,,0,0,,0
,"/en-ca/blogs/dolls-info-qustions/top-yl-dolls-of-2025-you-don-t-want-to-miss",1,1,0,0,0,0,1,,0,0,0,0,1,1,,1,1,1,0,0,0,0,1,,0,0,0,0,1,1,,1,0,0,,,,,0,,,,,,0,0,,0
"Product","/products/f5722-150cm4ft9-29kg-aiko-c-cup-s-tpe-animes-gel-filled-hentai-sex-doll-irokebijin-doll",1,1,0,0,0,0,28,,0,0,0,1400,28,0,,0,1,1,0,0,0,0,28,,0,0,0,1400,28,0,,0,0,0,,,,,0,,,,,0,0,,,
,"/en-fi/blogs/complete-sex-doll-guide-for-beginners/zero-to-hero-guide-how-first-timers-should-choose-full-body-sex-dolls",1,1,0,0,0,0,1,,0,0,0,0,1,1,,1,1,1,0,0,0,0,1,,0,0,0,0,1,1,,1,0,0,,,,,0,,,,,,0,0,,0
"Blog Article","/blogs/dolls-info-qustions/improved-missionary-position-with-fit-sex-doll-enhanced-sex-swing-experience",1,1,0,0,0,0,1,,0,0,0,0,1,1,,1,1,1,0,0,0,0,1,,0,0,0,0,1,1,,1,0,0,,,,,0,,,,,,0,0,,0
,"/ja/blogs/dolls-info-qustions/how-to-clean-a-pocket-pussy-a-complete-guide-for-long-lasting-pleasure",1,1,0,0,0,0,1,,0,0,0,0,1,1,,1,1,1,0,0,0,0,1,,0,0,0,0,1,1,,1,0,0,,,,,0,,,,,,0,0,,0
"Product","/products/a420-33lbsexy-and-real-realistic-ass",1,1,0,0,0,0,1,,0,0,0,0,1,1,,1,1,1,0,0,0,0,1,,0,0,0,0,1,1,,1,0,0,,,,,0,,,,,,0,0,,0
"Blog Article","/blogs/sex-doll-option-videos/video5-gel-ass",1,1,0,0,0,0,1,,0,0,0,0,1,1,,1,1,1,0,0,0,0,1,,0,0,0,0,1,1,,1,0,0,,,,,0,,,,,,0,0,,0
,"/en-ca/products/f1809k-161cm5ft3-e-cup-kama-best-seller-sex-doll-irontech-doll",1,1,0,0,0,0,1,,0,0,0,0,1,1,,1,1,1,0,0,0,0,1,,0,0,0,0,1,1,,1,0,0,,,,,0,,,,,,0,0,,0
"Product","/products/f521k-171cm-5ft6-a-cup-flat-chest-skinny-silicone-sex-doll-in-stock-us-starpery-doll",1,1,0,0,0,0,1,,0,0,0,0,1,1,,1,1,1,0,0,0,0,1,,0,0,0,0,1,1,,1,0,0,,,,,0,,,,,,0,0,,0
,"/en-ca/blogs/dolls-info-qustions/the-perfect-quality-of-sex-dolls-what-you-should-know",1,1,0,0,0,0,1,,0,0,0,0,1,1,,1,1,1,0,0,0,0,1,,0,0,0,0,1,1,,1,0,0,,,,,0,,,,,,0,0,,0
,"/ja/blogs/dolls-info-qustions/exploring-the-world-of-sexual-fantasies-how-to-use-a-sex-doll-torso-to-fulfill-sexual-fantasies",1,1,0,0,0,0,2,,0,0,0,23,2,0,,0,1,1,0,0,0,0,2,,0,0,0,23,2,0,,0,0,0,,,,,0,,,,,0,0,,,
"Product","/products/f4482-150cm-5ft-27-5kg-silicone-sexy-anime-hentai-sex-dolls-elsa-babe",1,1,0,0,0,0,20,,0,0,0,935,20,0,,0,1,1,0,0,0,0,20,,0,0,0,935,20,0,,0,0,0,,,,,0,,,,,0,0,,,
"Product","/products/p14-anime-hentai-fake-pussy",1,1,0,0,0,0,19,,0,0,0,1088,19,0,,0,1,1,0,0,0,0,19,,0,0,0,1088,19,0,,0,0,0,,,,,0,,,,,0,0,,,
"Blog Article","/blogs/dolls-info-qustions/3-groups-most-suitable-for-purchasing-hentai-sex-dolls",1,1,0,0,0,0,1,,0,0,0,0,1,1,,1,1,1,0,0,0,0,1,,0,0,0,0,1,1,,1,0,0,,,,,0,,,,,,0,0,,0
,"/de/products/f9189-178cm-5ft10-67-5kg-i-cup-ros-silicone-life-size-male-trans-sex-doll-doll-castle",1,1,0,0,0,0,1,,0,0,0,0,1,1,,1,1,1,0,0,0,0,1,,0,0,0,0,1,1,,1,0,0,,,,,0,,,,,,0,0,,0
,"/de/pages/sy-rotating-tongue",1,1,0,0,0,0,1,,0,0,0,0,1,1,,1,1,1,0,0,0,0,1,,0,0,0,0,1,1,,1,0,0,,,,,0,,,,,,0,0,,0
"Product","/products/f9118-150cm-36kg-silicone-full-size-hentai-animal-alien-sex-doll-ridmii",1,1,0,0,0,0,2,,0,0,0,52,2,0,,0,1,1,0,0,0,0,2,,0,0,0,52,2,0,,0,0,0,,,,,0,,,,,0,0,,,
,"/en-fi/blogs/dolls-info-qustions/full-size-sex-dolls-the-most-popular-types",1,1,0,0,0,0,1,,0,0,0,0,1,1,,1,1,1,0,0,0,0,1,,0,0,0,0,1,1,,1,0,0,,,,,0,,,,,,0,0,,0
,"/en-ca/blogs/dolls-info-qustions/how-to-eat-ass-a-deep-dive-into-rimming-techniques-and-sex-doll-play",1,1,0,0,0,0,1,,0,0,0,0,1,1,,1,1,1,0,0,0,0,1,,0,0,0,0,1,1,,1,0,0,,,,,0,,,,,,0,0,,0
"Product","/products/f5980-158cm-5ft2-33kg-d-cup-tpe-adult-big-breasts-sex-doll-sy-dolls",1,1,0,0,0,0,4,,0,0,0,595,4,0,,0,1,1,0,0,0,0,4,,0,0,0,595,4,0,,0,0,0,,,,,0,,,,,0,0,,,
,"/ja/collections/climax-doll-videos",1,1,0,0,0,0,1,,0,0,0,0,1,1,,1,1,1,0,0,0,0,1,,0,0,0,0,1,1,,1,0,0,,,,,0,,,,,,0,0,,0
,"/en-fi/blogs/dolls-info-qustions/affordable-luxury-top-value-cheap-sex-doll-recommendations",1,1,0,0,0,0,1,,0,0,0,0,1,1,,1,1,1,0,0,0,0,1,,0,0,0,0,1,1,,1,0,0,,,,,0,,,,,,0,0,,0
"Product","/products/a801-realistic-ass-sex-doll-torso-yeloly",1,1,0,0,0,0,2,,0,0,0,72,2,0,,0,1,1,0,0,0,0,2,,0,0,0,72,2,0,,0,0,0,,,,,0,,,,,0,0,,,
,"/de/collections/sucking-vagina-ai-sex-doll",1,1,0,0,0,0,2,,0,0,0,13,2,0,,0,1,1,0,0,0,0,2,,0,0,0,13,2,0,,0,0,0,,,,,0,,,,,0,0,,,
,"/en-ca/collections/bbw-sex-dolls",1,1,0,0,0,0,26,,0,0,0,950,26,0,,0,1,1,0,0,0,0,26,,0,0,0,950,26,0,,0,0,0,,,,,0,,,,,0,0,,,
"Product","/products/f2255-163cm5-3ft-b-cup-s9-small-breat-sex-doll-irontech-doll",1,1,0,0,0,0,1,,0,0,0,0,1,1,,1,1,1,0,0,0,0,1,,0,0,0,0,1,1,,1,0,0,,,,,0,,,,,,0,0,,0
,"/ja/blogs/dolls-info-qustions/4-recommended-futa-sex-dolls-a-guide-to-realistic-touch-and-dual-gender-appeal",1,1,0,0,0,0,1,,0,0,0,0,1,1,,1,1,1,0,0,0,0,1,,0,0,0,0,1,1,,1,0,0,,,,,0,,,,,,0,0,,0
,"/ja/collections/medium-butt-sex-doll",1,1,0,0,0,0,1,,0,0,0,0,1,1,,1,1,1,0,0,0,0,1,,0,0,0,0,1,1,,1,0,0,,,,,0,,,,,,0,0,,0
"Product","/products/f6130-160cm-5ft2-36kg-c-cup-tpe-silicone-head-sex-doll-sy-doll",1,1,0,0,0,0,12,,0,0,0,727,12,0,,0,1,1,0,0,0,0,12,,0,0,0,727,12,0,,0,0,0,,,,,0,,,,,0,0,,,
"Product","/products/h808-sex-doll-head-silicone-irontech-doll-head",1,1,0,0,0,0,5,,0,0,0,51,5,0,,0,1,1,0,0,0,0,5,,0,0,0,51,5,0,,0,0,0,,,,,0,,,,,0,0,,,
,"/de/collections/lusandy-doll",1,1,0,0,0,0,2,,0,0,0,12,2,0,,0,1,1,0,0,0,0,2,,0,0,0,12,2,0,,0,0,0,,,,,0,,,,,0,0,,,
,"/ja/blogs/sex-doll-torso-blog/5-ways-to-pick-the-fitted-sex-doll-torso",1,1,0,0,0,0,1,,0,0,0,0,1,1,,1,1,1,0,0,0,0,1,,0,0,0,0,1,1,,1,0,0,,,,,0,,,,,,0,0,,0
,"/en-ca/blogs/dolls-info-qustions/how-realistic-the-fake-pussy-is",1,1,0,0,0,0,1,,0,0,0,0,1,1,,1,1,1,0,0,0,0,1,,0,0,0,0,1,1,,1,0,0,,,,,0,,,,,,0,0,,0
,"/en-ca/pages/hentai-sex-doll-guide",1,1,0,0,0,0,1,,0,0,0,0,1,1,,1,1,1,0,0,0,0,1,,0,0,0,0,1,1,,1,0,0,,,,,0,,,,,,0,0,,0
,"/ja/blogs/dolls-info-qustions/2026-must-have-the-latest-trend-in-anime-sex-dolls-revealed",1,1,0,0,0,0,1,,0,0,0,0,1,1,,1,1,1,0,0,0,0,1,,0,0,0,0,1,1,,1,0,0,,,,,0,,,,,,0,0,,0
"Product","/products/f1711-bbw-sex-dolls-161cm-h-cup-silicone-starpery",1,1,0,0,0,0,41,,0,0,0,1655,41,0,,0,1,1,0,0,0,0,41,,0,0,0,1655,41,0,,0,0,0,,,,,0,,,,,0,0,,,
,"/en-ca/collections/aibei-doll",1,1,0,0,0,0,4,,0,0,0,221,4,0,,0,1,1,0,0,0,0,4,,0,0,0,221,4,0,,0,0,0,,,,,0,,,,,0,0,,,
"Checkout","/60719464687/orders/904dd2f7b6c05dbdfab2d8d33a391ce6",1,1,0,0,0,0,1,,0,0,0,0,1,1,,1,1,1,0,0,0,0,1,,0,0,0,0,1,1,,1,0,0,,,,,0,,,,,,0,0,,0
"Product","/products/t69-43lb-belle-lifelike-silicone-sex-doll-torso-sigafun-doll",1,1,0,0,0,0,5,,0,0,0,279,5,0,,0,1,1,0,0,0,0,5,,0,0,0,279,5,0,,0,0,0,,,,,0,,,,,0,0,,,
"Blog Article","/blogs/dolls-info-qustions/why-linkdolls-is-the-hottest-sex-doll-torso-supplier",1,1,0,0,0,0,2,,0,0,0,26,2,0,,0,1,1,0,0,0,0,2,,0,0,0,26,2,0,,0,0,0,,,,,0,,,,,0,0,,,
,"/en-ca/collections/torso-sex-doll-with-gel-breasts",1,1,0,0,0,0,5,,0,0,0,92,5,0,,0,1,1,0,0,0,0,5,,0,0,0,92,5,0,,0,0,0,,,,,0,,,,,0,0,,,
,"/en-ca/products/f2319a-163cm5-3ft-53kg-g-cup-m12-movable-jaw-super-fat-bbw-doggy-style-huge-ass-sex-doll-2024%E4%B8%A8sy-doll",1,1,0,0,0,0,2,,0,0,0,166,2,0,,0,1,1,0,0,0,0,2,,0,0,0,166,2,0,,0,0,0,,,,,0,,,,,0,0,,,
,"/en-ca/products/f8103-159cm5-2ft-33-5kg-h-cup-r12-max-life-size-silicone-sex-doll-real-lady",1,1,0,0,0,0,2,,0,0,0,637,2,0,,0,1,1,0,0,0,0,2,,0,0,0,637,2,0,,0,0,0,,,,,0,,,,,0,0,,,
"Product","/products/h213-ros-silicone-sex-doll-head%E4%B8%A8galatea-doll-head",1,1,0,0,0,0,1,,0,0,0,0,1,1,,1,1,1,0,0,0,0,1,,0,0,0,0,1,1,,1,0,0,,,,,0,,,,,,0,0,,0
,"/ja/blogs/dolls-info-qustions",1,1,0,0,0,0,1,,0,0,0,0,1,1,,1,1,1,0,0,0,0,1,,0,0,0,0,1,1,,1,0,0,,,,,0,,,,,,0,0,,0
"Product","/products/kt001-reusable-drying-rod",1,1,0,0,0,0,1,,0,0,0,0,1,1,,1,1,1,0,0,0,0,1,,0,0,0,0,1,1,,1,0,0,,,,,0,,,,,,0,0,,0
"Product","/products/9033573531887",1,1,0,0,0,0,1,,0,0,0,0,1,1,,1,1,1,0,0,0,0,1,,0,0,0,0,1,1,,1,0,0,,,,,0,,,,,,0,0,,0
"Product","/products/t298-40-79lbs-100cm-lightweight-life-size-sex-doll-torso-with-head-can-choose-no-head-climax-doll",1,1,0,0,0,0,2,,0,0,0,7,2,0,,0,1,1,0,0,0,0,2,,0,0,0,7,2,0,,0,0,0,,,,,0,,,,,0,0,,,
,"/de/blogs/dolls-info-qustions/the-5-most-popular-black-sex-doll-brands-of-2025",1,1,0,0,0,0,1,,0,0,0,0,1,1,,1,1,1,0,0,0,0,1,,0,0,0,0,1,1,,1,0,0,,,,,0,,,,,,0,0,,0
,"/en-ca/products/f7643-168cm-5ft5-35kg-f-cup-silicone-asian-realistic-sex-doll-xixi-top-cydoll",1,1,0,0,0,0,1,,0,0,0,0,1,1,,1,1,1,0,0,0,0,1,,0,0,0,0,1,1,,1,0,0,,,,,0,,,,,,0,0,,0
"Blog Article","/blogs/dolls-info-qustions/is-your-torso-sex-doll-safe-to-use",1,1,0,0,0,0,1,,0,0,0,0,1,1,,1,1,1,0,0,0,0,1,,0,0,0,0,1,1,,1,0,0,,,,,0,,,,,,0,0,,0
"Product","/products/h103-sex-doll-head",1,1,0,0,0,0,1,,0,0,0,0,1,1,,1,1,1,0,0,0,0,1,,0,0,0,0,1,1,,1,0,0,,,,,0,,,,,,0,0,,0
,"/ja/collections/sy-doll-factory-photos",1,1,0,0,0,0,1,,0,0,0,0,1,1,,1,1,1,0,0,0,0,1,,0,0,0,0,1,1,,1,0,0,,,,,0,,,,,,0,0,,0
"Product","/products/a2-23-8lbs-sex-doll-butt-with-sucking-pussy",1,1,0,0,0,0,1,,0,0,0,0,1,1,,1,1,1,0,0,0,0,1,,0,0,0,0,1,1,,1,0,0,,,,,0,,,,,,0,0,,0
,"/en-fi/blogs/dolls-info-qustions/why-do-men-like-to-have-sex-with-bigass-women",1,1,0,0,0,0,6,,0,0,0,94,6,0,,0,1,1,0,0,0,0,6,,0,0,0,94,6,0,,0,0,0,,,,,0,,,,,0,0,,,
"Collection","/collections/bezlya-videos",1,1,0,0,0,0,1,,0,0,0,0,1,1,,1,1,1,0,0,0,0,1,,0,0,0,0,1,1,,1,0,0,,,,,0,,,,,,0,0,,0
"Blog Article","/blogs/dolls-info-qustions/the-funniest-types-of-dolls-are-shemale-sex-dolls",1,1,0,0,0,0,1,,0,0,0,0,1,1,,1,1,1,0,0,0,0,1,,0,0,0,0,1,1,,1,0,0,,,,,0,,,,,,0,0,,0
,"/en-ca/collections/pocket-pussy-ass",1,1,0,0,0,0,3,,0,0,0,9,3,0,,0,1,1,0,0,0,0,3,,0,0,0,9,3,0,,0,0,0,,,,,0,,,,,0,0,,,
,"/en-ca/blogs/dolls-info-qustions/latest-linkdolls-companion-dolls-2025",1,1,0,0,0,0,1,,0,0,0,0,1,1,,1,1,1,0,0,0,0,1,,0,0,0,0,1,1,,1,0,0,,,,,0,,,,,,0,0,,0
"Product","/products/f9172-185cm-6ft1-41kg-silicone-implant-hair-female-male-sex-doll-qita-doll",1,1,0,0,0,0,1,,0,0,0,0,1,1,,1,1,1,0,0,0,0,1,,0,0,0,0,1,1,,1,0,0,,,,,0,,,,,,0,0,,0
,"/en-ca/blogs/dolls-info-qustions/%F0%9F%92%A1-the-ultimate-guide-to-tantaly-revolutionary-sex-dolls-that-redefine-pleasure",1,1,0,0,0,0,1,,0,0,0,0,1,1,,1,1,1,0,0,0,0,1,,0,0,0,0,1,1,,1,0,0,,,,,0,,,,,,0,0,,0
,"/de/blogs/dolls-info-qustions",1,1,0,0,0,0,3,,0,0,0,71,3,0,,0,1,1,0,0,0,0,3,,0,0,0,71,3,0,,0,0,0,,,,,0,,,,,0,0,,,
,"/ja/collections/sex-doll-torso-with-head",1,1,0,0,0,0,7,,0,0,0,58,7,0,,0,1,1,0,0,0,0,7,,0,0,0,58,7,0,,0,0,0,,,,,0,,,,,0,0,,,
,"/en-fi/blogs/dolls-info-qustions/the-big-ass-sex-toy-craze-why-men-are-obsessed-with-full-hipped-dolls",1,1,0,0,0,0,1,,0,0,0,0,1,1,,1,1,1,0,0,0,0,1,,0,0,0,0,1,1,,1,0,0,,,,,0,,,,,,0,0,,0
"Blog Article","/blogs/dolls-info-qustions/top-5-sex-doll-anal",1,1,0,0,0,0,1,,0,0,0,0,1,1,,1,1,1,0,0,0,0,1,,0,0,0,0,1,1,,1,0,0,,,,,0,,,,,,0,0,,0
,"/en-fi/blogs/dolls-info-qustions/heavyweight-sex-dolls-advantages-and-risks-analysis",1,1,0,0,0,0,1,,0,0,0,0,1,1,,1,1,1,0,0,0,0,1,,0,0,0,0,1,1,,1,0,0,,,,,0,,,,,,0,0,,0
"Collection","/collections/buying-first-sex-doll",1,1,0,0,0,0,1,,0,0,0,0,1,1,,1,1,1,0,0,0,0,1,,0,0,0,0,1,1,,1,0,0,,,,,0,,,,,,0,0,,0
,"/ja/blogs/sex-doll-torso-blog/guide-to-sex-doll-torsos-choosing-the-perfect-companion-for-you",1,1,0,0,0,0,1,,0,0,0,0,1,1,,1,1,1,0,0,0,0,1,,0,0,0,0,1,1,,1,0,0,,,,,0,,,,,,0,0,,0
"Collection","/collections/angel-kiss-doll-videos",1,1,0,0,0,0,1,,0,0,0,0,1,1,,1,1,1,0,0,0,0,1,,0,0,0,0,1,1,,1,0,0,,,,,0,,,,,,0,0,,0
,"/en-ca/products/f2240-rosretty-158cm-robotic-head-life-size-sex-doll",1,1,0,0,0,0,1,,0,0,0,0,1,1,,1,1,1,0,0,0,0,1,,0,0,0,0,1,1,,1,0,0,,,,,0,,,,,,0,0,,0
,"/en-ca/products/f691-mina-170cm-5ft5-summer-elves-high-quality-black-silicone-real-sex-doll-zelex-doll",1,1,0,0,0,0,3,,0,0,0,67,3,0,,0,1,1,0,0,0,0,3,,0,0,0,67,3,0,,0,0,0,,,,,0,,,,,0,0,,,
"Blog Article","/blogs/dolls-info-qustions/what-to-do-with-your-fat-sex-doll-before-and-after-sex",1,1,0,0,0,0,1,,0,0,0,0,1,1,,1,1,1,0,0,0,0,1,,0,0,0,0,1,1,,1,0,0,,,,,0,,,,,,0,0,,0
,"/en-fi/products/p391-futanari-toys-anime-pocket-pussy-onahole",1,1,0,0,0,0,3,,0,0,0,111,3,0,,0,1,1,0,0,0,0,3,,0,0,0,111,3,0,,0,0,0,,,,,0,,,,,0,0,,,
,"/en-ca/collections/petite-sex-doll",1,1,0,0,0,0,1,,0,0,0,0,1,1,,1,1,1,0,0,0,0,1,,0,0,0,0,1,1,,1,0,0,,,,,0,,,,,,0,0,,0
,"/en-fi/blogs/dolls-info-qustions/lesbian-beginners-guide-how-to-use-lesbian-sex-dolls",1,1,0,0,0,0,1,,0,0,0,0,1,1,,1,1,1,0,0,0,0,1,,0,0,0,0,1,1,,1,0,0,,,,,0,,,,,,0,0,,0
"Product","/products/p401-2-1lbs-zombaebby-monster-girl-tentacle-octopus-hentai-onahole-mrl",1,1,0,0,0,0,1,,0,0,0,0,1,1,,1,1,1,0,0,0,0,1,,0,0,0,0,1,1,,1,0,0,,,,,0,,,,,,0,0,,0
,"/ja/blogs/dolls-info-qustions/mlws-power-move-t1-t2-torso-upgrades-debut-alongside-sora-ros",1,1,0,0,0,0,6,,0,0,0,304,6,0,,0,1,1,0,0,0,0,6,,0,0,0,304,6,0,,0,0,0,,,,,0,,,,,0,0,,,
,"/de/blogs/dolls-info-qustions/pocket-pussy-full-range-of-types-which-one-is-best-for-you",1,1,0,0,0,0,1,,0,0,0,0,1,1,,1,1,1,0,0,0,0,1,,0,0,0,0,1,1,,1,0,0,,,,,0,,,,,,0,0,,0
"Product","/products/t316-sex-torso-realistic-female-sex-torso-sineem",1,1,0,0,0,0,32,,0,0,0,1694,32,0,,0,1,1,0,0,0,0,32,,0,0,0,1694,32,0,,0,0,0,,,,,0,,,,,0,0,,,
"Blog Article","/blogs/dolls-info-qustions/dont-buy-blindly-lingerie-recommendations-for-bbw-sex-dolls",1,1,0,0,0,0,1,,0,0,0,0,1,1,,1,1,1,0,0,0,0,1,,0,0,0,0,1,1,,1,0,0,,,,,0,,,,,,0,0,,0
"Product","/products/f102-150-4ft9-tpe-sex-doll",1,1,0,0,0,0,1,,0,0,0,0,1,1,,1,1,1,0,0,0,0,1,,0,0,0,0,1,1,,1,0,0,,,,,0,,,,,,0,0,,0
,"/en-ca/products/f2165-161cm5-3ft-d-cup-266-real-life-silicone-head-sex-doll%E4%B8%A8sy-doll",1,1,0,0,0,0,1,,0,0,0,0,1,1,,1,1,1,0,0,0,0,1,,0,0,0,0,1,1,,1,0,0,,,,,0,,,,,,0,0,,0
,"/de/blogs/sex-doll-torso-blog/must-have-in-july-high-value-bbw-torso-sex-doll-recommendations",1,1,0,0,0,0,8,,0,0,0,909,8,0,,0,1,1,0,0,0,0,8,,0,0,0,909,8,0,,0,0,0,,,,,0,,,,,0,0,,,
,"/de/cart",1,1,0,0,0,0,1,,0,0,0,0,1,1,,1,1,1,0,0,0,0,1,,0,0,0,0,1,1,,1,0,0,,,,,0,,,,,,0,0,,0
"Blog Article","/blogs/dolls-info-qustions/why-are-female-sex-dolls-more-popular-than-male-sex-dolls",1,1,0,0,0,0,1,,0,0,0,0,1,1,,1,1,1,0,0,0,0,1,,0,0,0,0,1,1,,1,0,0,,,,,0,,,,,,0,0,,0
"Checkout","/checkouts/cn/hWNDwxbD66inJ4aKEWp9v1Iw/en-us",1,1,0,1,0,0,1,0,0,1,0,0,1,0,,0,1,1,0,1,0,0,1,0,0,1,0,0,1,0,,0,0,0,,0,,,0,,,0,,,0,,,
"Collection","/collections/game-lady",1,1,0,0,0,0,1,,0,0,0,0,1,1,,1,1,1,0,0,0,0,1,,0,0,0,0,1,1,,1,0,0,,,,,0,,,,,,0,0,,0
,"/en-ca/collections/aitia",1,1,0,0,0,0,4,,0,0,0,70,4,0,,0,1,1,0,0,0,0,4,,0,0,0,70,4,0,,0,0,0,,,,,0,,,,,0,0,,,
"Product","/products/f5689-185cm-6ft1-45kg-gavin-7-09in-dildo-premium-silicone-head-femboy-sex-doll-for-roleplay-fetish-scenarios-jiusheng-doll",1,1,0,0,0,0,1,,0,0,0,0,1,1,,1,1,1,0,0,0,0,1,,0,0,0,0,1,1,,1,0,0,,,,,0,,,,,,0,0,,0
"Product","/products/45cm-tpr-luxury-sex-doll-torso-with-sexy-small-waist-514-sex-doll-torso",1,1,0,0,0,0,1,,0,0,0,0,1,1,,1,1,1,0,0,0,0,1,,0,0,0,0,1,1,,1,0,0,,,,,0,,,,,,0,0,,0
"Product","/products/f1249-164cm-f-cup-suki-big-boobs-doll-irontech-doll",1,1,0,0,0,0,1,,0,0,0,0,1,1,,1,1,1,0,0,0,0,1,,0,0,0,0,1,1,,1,0,0,,,,,0,,,,,,0,0,,0
,"/de/collections/se-sex-doll-torso",1,1,0,0,0,0,1,,0,0,0,1,1,1,,1,1,1,0,0,0,0,1,,0,0,0,1,1,1,,1,0,0,,,,,0,,,,,0,0,0,,0
"Product","/products/f9135-175cm-40kg-drake-strong-femboy-silicone-most-realistic-male-porn-celebrity-sex-doll-irontech-doll",1,1,0,0,0,0,5,,0,0,0,1258,5,0,,0,1,1,0,0,0,0,5,,0,0,0,1258,5,0,,0,0,0,,,,,0,,,,,0,0,,,
"Product","/products/f2344-huge-boobs-sex-doll-bbw-climax-pro",1,1,0,0,0,0,1,,0,0,0,0,1,1,,1,1,1,0,0,0,0,1,,0,0,0,0,1,1,,1,0,0,,,,,0,,,,,,0,0,,0
"Collection","/collections/g-cup-sex-dolls",1,1,0,0,0,0,1,,0,0,0,0,1,1,,1,1,1,0,0,0,0,1,,0,0,0,0,1,1,,1,0,0,,,,,0,,,,,,0,0,,0
,"/en-ca/products/f1971k-164cm-f-cup-locy-big-boobs-doll-irontech-doll",1,1,0,0,0,0,1,,0,0,0,0,1,1,,1,1,1,0,0,0,0,1,,0,0,0,0,1,1,,1,0,0,,,,,0,,,,,,0,0,,0
,"/en-fi/collections/silicone-sex-dolls",1,1,0,0,0,0,1,,0,0,0,0,1,1,,1,1,1,0,0,0,0,1,,0,0,0,0,1,1,,1,0,0,,,,,0,,,,,,0,0,,0
"Product","/products/8855110746351",1,1,0,0,0,0,1,,0,0,0,0,1,1,,1,1,1,0,0,0,0,1,,0,0,0,0,1,1,,1,0,0,,,,,0,,,,,,0,0,,0
,"/en-ca/products/cydoll-172cm-silicone-full-sex-doll-f8616",1,1,0,0,0,0,12,,0,0,0,707,12,0,,0,1,1,0,0,0,0,12,,0,0,0,707,12,0,,0,0,0,,,,,0,,,,,0,0,,,
"Product","/products/t337k-103cm-3ft5-j-cup-natural-sophia-lane-a-silicone-sex-doll-torso-with-head-in-stock-eu-se-doll",1,1,0,0,0,0,5,,0,0,0,26,5,0,,0,1,1,0,0,0,0,5,,0,0,0,26,5,0,,0,0,0,,,,,0,,,,,0,0,,,
,"/en-ca/products/h1046-silicone-sex-doll-head%E4%B8%A8aibei-doll-head",1,1,0,0,0,0,2,,0,0,0,161,2,0,,0,1,1,0,0,0,0,2,,0,0,0,161,2,0,,0,0,0,,,,,0,,,,,0,0,,,
"Collection","/collections/under-299",1,1,0,0,0,0,2,,0,0,0,344,2,0,,0,1,1,0,0,0,0,2,,0,0,0,344,2,0,,0,0,0,,,,,0,,,,,0,0,,,
,"/en-fi/collections/shemale-sex-doll-torso-1",1,1,0,0,0,0,3,,0,0,0,29,3,0,,0,1,1,0,0,0,0,3,,0,0,0,29,3,0,,0,0,0,,,,,0,,,,,0,0,,,
"Product","/products/f5526-150cm4-9ft-28kg-d-cup-black-sex-doll%E4%B8%A8rosretty-doll",1,1,0,0,0,0,1,,0,0,0,0,1,1,,1,1,1,0,0,0,0,1,,0,0,0,0,1,1,,1,0,0,,,,,0,,,,,,0,0,,0
,"/en-fi/blogs/dolls-info-qustions/explore-five-different-types-of-realistic-life-size-sex-dolls",1,1,0,0,0,0,1,,0,0,0,0,1,1,,1,1,1,0,0,0,0,1,,0,0,0,0,1,1,,1,0,0,,,,,0,,,,,,0,0,,0
"Product","/products/f5232-ivy-162cm5ft3-j-cup-big-boobs-big-ass-tpe-sex-doll-jx-galaxy",1,1,0,0,0,0,1,,0,0,0,0,1,1,,1,1,1,0,0,0,0,1,,0,0,0,0,1,1,,1,0,0,,,,,0,,,,,,0,0,,0
"Product","/products/f8226-168cm5-5ft-34kg-b-cup-silicone-full-size-sex-doll-azm-doll",1,1,1,0,0,0,21,,1,0,0,783,21,0,,0,1,1,1,0,0,0,21,,1,0,0,783,21,0,,0,0,0,0,,,,0,,0,,,0,0,,,
,"/de/blogs/dolls-info-qustions/choosing-femboy-sex-doll-the-target-group-and-benefits",1,1,0,0,0,0,1,,0,0,0,0,1,1,,1,1,1,0,0,0,0,1,,0,0,0,0,1,1,,1,0,0,,,,,0,,,,,,0,0,,0
"Product","/products/f9241-171cm-5ft6-d-cup-lifelike-sexy-silicone-head-hyper-realistic-sex-dolls-starpery-doll",1,1,0,0,0,0,15,,0,0,0,516,15,0,,0,1,1,0,0,0,0,15,,0,0,0,516,15,0,,0,0,0,,,,,0,,,,,0,0,,,
,"/de/products/8905150234863",1,1,0,0,0,0,1,,0,0,0,0,1,1,,1,1,1,0,0,0,0,1,,0,0,0,0,1,1,,1,0,0,,,,,0,,,,,,0,0,,0
,"/en-ca/pages/copy-of-sex-doll-videos-2",1,1,0,0,0,0,2,,0,0,0,11,2,0,,0,1,1,0,0,0,0,2,,0,0,0,11,2,0,,0,0,0,,,,,0,,,,,0,0,,,
,"/de/blogs/dolls-info-qustions/most-comprehensive-guideline-of-best-sex-dolls-sex-doll-torsos",1,1,0,0,0,0,2,,0,0,0,6,2,0,,0,1,1,0,0,0,0,2,,0,0,0,6,2,0,,0,0,0,,,,,0,,,,,0,0,,,
,"/en-ca/collections/teardrop-huge-breast-sex-doll",1,1,0,0,0,0,1,,0,0,0,0,1,1,,1,1,1,0,0,0,0,1,,0,0,0,0,1,1,,1,0,0,,,,,0,,,,,,0,0,,0
"Product","/products/f2245-159cm5-2ft-f-cup-s43-silicone-sex-doll-irontech-doll",1,1,0,0,0,0,3,,0,0,0,18,3,0,,0,1,1,0,0,0,0,3,,0,0,0,18,3,0,,0,0,0,,,,,0,,,,,0,0,,,
"Product","/products/f5920-150cm4ft9-37-6kg-aiko-l-cup-s-tpe-gel-filled-big-breasts-animes-bbw-mini-hentai-sex-doll-irokebijin-doll",1,1,0,0,0,0,1,,0,0,0,0,1,1,,1,1,1,0,0,0,0,1,,0,0,0,0,1,1,,1,0,0,,,,,0,,,,,,0,0,,0
,"/en-ca/blogs/featured-blog/the-4-technical-features-about-sex-doll-skeleton",1,1,0,0,0,0,1,,0,0,0,0,1,1,,1,1,1,0,0,0,0,1,,0,0,0,0,1,1,,1,0,0,,,,,0,,,,,,0,0,,0
"Custom Page","/pages/avada-sitemap",1,1,0,0,0,0,1,,0,0,0,0,1,1,,1,1,1,0,0,0,0,1,,0,0,0,0,1,1,,1,0,0,,,,,0,,,,,,0,0,,0
"Blog Article","/blogs/dolls-info-qustions/sex-doll-torso-and-sexual-equality",1,1,0,0,0,0,1,,0,0,0,0,1,1,,1,1,1,0,0,0,0,1,,0,0,0,0,1,1,,1,0,0,,,,,0,,,,,,0,0,,0
"Product","/products/f311a-163cm5-3ft-51kg-h-cup-hips-over-110-dora-best-bbw-milf-big-booty-stpe-sex-doll-in-stock-usa-%E4%B8%A8wm-doll",1,1,0,0,0,0,1,,0,0,0,0,1,1,,1,1,1,0,0,0,0,1,,0,0,0,0,1,1,,1,0,0,,,,,0,,,,,,0,0,,0
,"/en-ca/blogs/dolls-info-qustions/the-best-asian-sex-doll-bezlya-sex-doll-2-2u-series-function-analysis",1,1,0,0,0,0,1,,0,0,0,0,1,1,,1,1,1,0,0,0,0,1,,0,0,0,0,1,1,,1,0,0,,,,,0,,,,,,0,0,,0
,"/ja/blogs/dolls-info-qustions/why-foot-fetishes-are-more-common-in-2026",1,1,0,0,0,0,1,,0,0,0,0,1,1,,1,1,1,0,0,0,0,1,,0,0,0,0,1,1,,1,0,0,,,,,0,,,,,,0,0,,0
"Product","/products/f1990-m-cup-bbw-tpe-mini-sex-doll-wm-doll",1,1,0,0,0,0,1,,0,0,0,0,1,1,,1,1,1,0,0,0,0,1,,0,0,0,0,1,1,,1,0,0,,,,,0,,,,,,0,0,,0
,"/en-ca/blogs/featured-blog/guide-to-customizing-the-perfect-irontech-doll",1,1,0,0,0,0,1,,0,0,0,0,1,1,,1,1,1,0,0,0,0,1,,0,0,0,0,1,1,,1,0,0,,,,,0,,,,,,0,0,,0
"Product","/products/h972-sex-doll-head-cowgirl-irontech-doll-head",1,1,0,0,0,0,15,,0,0,0,614,15,0,,0,1,1,0,0,0,0,15,,0,0,0,614,15,0,,0,0,0,,,,,0,,,,,0,0,,,
"Product","/products/f1228-160cm-i-cup-hedy-black-lady-silicone-sex-doll-irontech-doll",1,1,0,0,0,0,5,,0,0,0,144,5,0,,0,1,1,0,0,0,0,5,,0,0,0,144,5,0,,0,0,0,,,,,0,,,,,0,0,,,
"Product","/products/test-501-25-3lb-45cm-life-sized-and-realistic-bbw-sex-doll-torso",1,1,0,0,0,0,16,,0,0,0,277,16,0,,0,1,1,0,0,0,0,16,,0,0,0,277,16,0,,0,0,0,,,,,0,,,,,0,0,,,
"Product","/products/f2285-159cm5-2ft-f-cup-s27-silicone-head-sex-doll-irontech-doll",1,1,0,0,0,0,1,,0,0,0,0,1,1,,1,1,1,0,0,0,0,1,,0,0,0,0,1,1,,1,0,0,,,,,0,,,,,,0,0,,0
,"/en-ca/collections/male-sex-doll",1,1,0,0,0,0,1,,0,0,0,0,1,1,,1,1,1,0,0,0,0,1,,0,0,0,0,1,1,,1,0,0,,,,,0,,,,,,0,0,,0
"Collection","/collections/aibei-doll-silicone",1,1,0,0,0,0,4,,0,0,0,278,4,0,,0,1,1,0,0,0,0,4,,0,0,0,278,4,0,,0,0,0,,,,,0,,,,,0,0,,,
"Blog Article","/blogs/dolls-info-qustions/whats-the-difference-between-ecchi-and-hentai-in-japanese-anime",1,1,0,0,0,0,1,,0,0,0,0,1,1,,1,1,1,0,0,0,0,1,,0,0,0,0,1,1,,1,0,0,,,,,0,,,,,,0,0,,0
,"/en-ca/pages/best-sex-doll-promotions",1,1,0,0,0,0,2,,0,0,0,42,2,0,,0,1,1,0,0,0,0,2,,0,0,0,42,2,0,,0,0,0,,,,,0,,,,,0,0,,,
"Product","/products/t276-36-38lbs-80cm-882-lightweight-life-size-sex-doll-torso-climax-doll",1,1,0,0,0,0,7,,0,0,0,773,7,0,,0,1,1,0,0,0,0,7,,0,0,0,773,7,0,,0,0,0,,,,,0,,,,,0,0,,,
,"/en-ca/collections/mini-hentai-sex-doll",1,1,0,0,0,0,1,,0,0,0,0,1,1,,1,1,1,0,0,0,0,1,,0,0,0,0,1,1,,1,0,0,,,,,0,,,,,,0,0,,0
"Product","/products/591sex-doll-torso",1,1,0,0,0,0,1,,0,0,0,0,1,1,,1,1,1,0,0,0,0,1,,0,0,0,0,1,1,,1,0,0,,,,,0,,,,,,0,0,,0
"Product","/products/irontech-ros-silicone-doll-165cm-f762",1,1,0,0,0,0,14,,0,0,0,4352,14,0,,0,1,1,0,0,0,0,14,,0,0,0,4352,14,0,,0,0,0,,,,,0,,,,,0,0,,,
"Collection","/collections/pr-level-a",1,1,0,0,0,0,1,,0,0,0,0,1,1,,1,1,1,0,0,0,0,1,,0,0,0,0,1,1,,1,0,0,,,,,0,,,,,,0,0,,0
"Product","/products/h654-ros-real-oral-silicone-sex-doll-head-doll-castle-head",1,1,0,0,0,0,1,,0,0,0,0,1,1,,1,1,1,0,0,0,0,1,,0,0,0,0,1,1,,1,0,0,,,,,0,,,,,,0,0,,0
,"/en-ca/collections/300-600",1,1,0,0,0,0,6,,0,0,0,80,6,0,,0,1,1,0,0,0,0,6,,0,0,0,80,6,0,,0,0,0,,,,,0,,,,,0,0,,,
,"/en-ca/blogs/dolls-info-qustions/budget-under-200-check-out-these-7-cheap-mini-sex-dolls",1,1,0,0,0,0,1,,0,0,0,0,1,1,,1,1,1,0,0,0,0,1,,0,0,0,0,1,1,,1,0,0,,,,,0,,,,,,0,0,,0
,"/de/blogs/sex-doll-torso-blog/the-6-most-controversial-things-about-sex-doll-torso",1,1,0,0,0,0,1,,0,0,0,0,1,1,,1,1,1,0,0,0,0,1,,0,0,0,0,1,1,,1,0,0,,,,,0,,,,,,0,0,,0
"Product","/products/f9184-in-stock-sex-dolls-usa-canada",1,1,0,0,0,0,1,,0,0,0,0,1,1,,1,1,1,0,0,0,0,1,,0,0,0,0,1,1,,1,0,0,,,,,0,,,,,,0,0,,0
,"/en-ca/blogs/sex-doll-option-videos/video-11-electric-hip-and-waist",1,1,0,0,0,0,1,,0,0,0,0,1,1,,1,1,1,0,0,0,0,1,,0,0,0,0,1,1,,1,0,0,,,,,0,,,,,,0,0,,0
,"/en-ca/collections/sex-doll-legs",1,1,0,0,0,0,3,,0,0,0,49,3,0,,0,1,1,0,0,0,0,3,,0,0,0,49,3,0,,0,0,0,,,,,0,,,,,0,0,,,
"Product","/products/t615-40-3lb-monica-2-0-best-hentai-sex-doll-torso-for-breast-fun%E4%B8%A8tantaly",1,1,0,0,0,0,1,,0,0,0,0,1,1,,1,1,1,0,0,0,0,1,,0,0,0,0,1,1,,1,0,0,,,,,0,,,,,,0,0,,0
"Product","/products/9219558932719",1,1,0,0,0,0,1,,0,0,0,0,1,1,,1,1,1,0,0,0,0,1,,0,0,0,0,1,1,,1,0,0,,,,,0,,,,,,0,0,,0
"Blog Article","/blogs/dolls-info-qustions/hentai-sex-dolls-vs-figures-which-fills-your-cravings",1,1,0,0,0,0,1,,0,0,0,0,1,1,,1,1,1,0,0,0,0,1,,0,0,0,0,1,1,,1,0,0,,,,,0,,,,,,0,0,,0
"Blog Article","/blogs/dolls-info-qustions/celebrity-sex-dolls-turn-your-fantasies-into-reality",1,1,0,0,0,0,4,,0,0,0,214,4,0,,0,1,1,0,0,0,0,4,,0,0,0,214,4,0,,0,0,0,,,,,0,,,,,0,0,,,
,"/ja/collections/lesbian-sex-doll-1",1,1,0,0,0,0,1,,0,0,0,0,1,1,,1,1,1,0,0,0,0,1,,0,0,0,0,1,1,,1,0,0,,,,,0,,,,,,0,0,,0
,"/de/collections/homepage-product-torso",1,1,0,0,0,0,2,,0,0,0,42,2,0,,0,1,1,0,0,0,0,2,,0,0,0,42,2,0,,0,0,0,,,,,0,,,,,0,0,,,
"Product","/products/f5816-168cm-5ft5-35kg-f-cup-miko-silicone-realistic-sex-doll-top-cydoll",1,1,0,0,0,0,19,,0,0,0,1704,19,0,,0,1,1,0,0,0,0,19,,0,0,0,1704,19,0,,0,0,0,,,,,0,,,,,0,0,,,
,"/de/blogs/dolls-info-qustions/who-will-keep-you-company-on-lonely-nights-4-realistic-silicone-sex-doll-torsos-you-ll-love",1,1,0,0,0,0,1,,0,0,0,0,1,1,,1,1,1,0,0,0,0,1,,0,0,0,0,1,1,,1,0,0,,,,,0,,,,,,0,0,,0
"Product","/products/f501-elsa-babe-150cm-cute-and-sexy-anime-g-cup-full-silicone-hentai-sex-doll-elsa-babe",1,1,0,0,0,0,2,,0,0,0,246,2,0,,0,1,1,0,0,0,0,2,,0,0,0,246,2,0,,0,0,0,,,,,0,,,,,0,0,,,
,"/ja/pages/japanese-sex-doll-buying-guide",1,1,0,0,0,0,1,,0,0,0,0,1,1,,1,1,1,0,0,0,0,1,,0,0,0,0,1,1,,1,0,0,,,,,0,,,,,,0,0,,0
"Checkout","/orders/4c822c07546d1920f55d922380d10a57",1,1,0,0,0,0,2,,0,0,0,8,2,0,,0,1,1,0,0,0,0,2,,0,0,0,8,2,0,,0,0,0,,,,,0,,,,,0,0,,,
,"/en-ca/products/f1814k-161cm5ft3-e-cup-venus-best-seller-sex-doll-irontech-doll",1,1,0,0,0,0,3,,0,0,0,48,3,0,,0,1,1,0,0,0,0,3,,0,0,0,48,3,0,,0,0,0,,,,,0,,,,,0,0,,,
,"/de/blogs/dolls-info-qustions/sex-doll-torso-and-sexual-equality",1,1,0,0,0,0,1,,0,0,0,0,1,1,,1,1,1,0,0,0,0,1,,0,0,0,0,1,1,,1,0,0,,,,,0,,,,,,0,0,,0
"Collection","/collections/wm-doll-factory-photos",1,1,0,0,0,0,1,,0,0,0,0,1,1,,1,1,1,0,0,0,0,1,,0,0,0,0,1,1,,1,0,0,,,,,0,,,,,,0,0,,0
,"/en-ca/collections/electric-male-sex-doll",1,1,0,0,0,0,2,,0,0,0,24,2,0,,0,1,1,0,0,0,0,2,,0,0,0,24,2,0,,0,0,0,,,,,0,,,,,0,0,,,
"Blog Article","/blogs/dolls-info-qustions/several-ways-to-heat-a-sex-dolls-torso",1,1,0,0,0,0,1,,0,0,0,0,1,1,,1,1,1,0,0,0,0,1,,0,0,0,0,1,1,,1,0,0,,,,,0,,,,,,0,0,,0
"Product","/products/f2071-164cm5-4ft-33kg-f-cup-tpe-hot-trans-fuck-sex-doll%E4%B8%A8wm-doll",1,1,0,0,0,0,3,,0,0,0,165,3,0,,0,1,1,0,0,0,0,3,,0,0,0,165,3,0,,0,0,0,,,,,0,,,,,0,0,,,
,"/ja/blogs/dolls-info-qustions/exploring-the-mens-psychology-of-sex-doll-ownership",1,1,0,0,0,0,1,,0,0,0,0,1,1,,1,1,1,0,0,0,0,1,,0,0,0,0,1,1,,1,0,0,,,,,0,,,,,,0,0,,0
,"/de/collections/mini-bbw-sex-doll",1,1,0,0,0,0,2,,0,0,0,20,2,0,,0,1,1,0,0,0,0,2,,0,0,0,20,2,0,,0,0,0,,,,,0,,,,,0,0,,,
"Product","/products/f1202-152cm-a-cup-miya-wild-sex-dolll-irontech-doll",1,1,0,0,0,0,1,,0,0,0,0,1,1,,1,1,1,0,0,0,0,1,,0,0,0,0,1,1,,1,0,0,,,,,0,,,,,,0,0,,0
,"/ja/blogs/dolls-info-qustions/mini-sex-doll-vs-other-sex-dolls-understanding-the-differences",1,1,0,0,0,0,1,,0,0,0,0,1,1,,1,1,1,0,0,0,0,1,,0,0,0,0,1,1,,1,0,0,,,,,0,,,,,,0,0,,0
"List of Collections","/products/",1,1,0,0,0,0,31,,0,0,0,1194,31,0,,0,1,1,0,0,0,0,31,,0,0,0,1194,31,0,,0,0,0,,,,,0,,,,,0,0,,,
,"/en-ca/blogs/dolls-info-qustions/the-history-of-male-sex-toys",1,1,0,0,0,0,1,,0,0,0,0,1,1,,1,1,1,0,0,0,0,1,,0,0,0,0,1,1,,1,0,0,,,,,0,,,,,,0,0,,0
,"/en-fi/products/h540-silicone-sex-doll-head-elsa-babe-head",1,1,0,0,0,0,1,,0,0,0,0,1,1,,1,1,1,0,0,0,0,1,,0,0,0,0,1,1,,1,0,0,,,,,0,,,,,,0,0,,0
"Collection","/collections/aibei-doll-in-stock-usa",1,1,0,0,0,0,1,,0,0,0,0,1,1,,1,1,1,0,0,0,0,1,,0,0,0,0,1,1,,1,0,0,,,,,0,,,,,,0,0,,0
,"/en-fi/collections/big-ass-sex-doll-life-size",1,1,0,0,0,0,2,,0,0,0,13,2,0,,0,1,1,0,0,0,0,2,,0,0,0,13,2,0,,0,0,0,,,,,0,,,,,0,0,,,
"Blog Article","/blogs/dolls-info-qustions/aibei-doll-the-perfect-combination-of-fine-details-and-customization",1,1,0,0,0,0,16,,0,0,0,922,16,0,,0,1,1,0,0,0,0,16,,0,0,0,922,16,0,,0,0,0,,,,,0,,,,,0,0,,,
,"/en-fi/blogs/dolls-info-qustions/exploring-the-best-personal-time-spaces",1,1,0,0,0,0,1,,0,0,0,0,1,1,,1,1,1,0,0,0,0,1,,0,0,0,0,1,1,,1,0,0,,,,,0,,,,,,0,0,,0
,"/en-ca/products/f2441-163cm5-3ft-53kg-g-cup-sex-doll%E4%B8%A8sy-doll",1,1,0,0,0,0,5,,0,0,0,195,5,0,,0,1,1,0,0,0,0,5,,0,0,0,195,5,0,,0,0,0,,,,,0,,,,,0,0,,,
,"/en-ca/products/t238-30-75lbs-lightweight-life-size-flat-chested-sex-doll-torso-with-head-climax-doll",1,1,0,0,0,0,3,,0,0,0,88,3,0,,0,1,1,0,0,0,0,3,,0,0,0,88,3,0,,0,0,0,,,,,0,,,,,0,0,,,
,"/en-ca/collections/dildo-male-sex-doll",1,1,0,0,0,0,1,,0,0,0,0,1,1,,1,1,1,0,0,0,0,1,,0,0,0,0,1,1,,1,0,0,,,,,0,,,,,,0,0,,0
"Blog Article","/blogs/dolls-info-qustions/how-silicone-heads-are-made",1,1,0,0,0,0,1,,0,0,0,0,1,1,,1,1,1,0,0,0,0,1,,0,0,0,0,1,1,,1,0,0,,,,,0,,,,,,0,0,,0
"Product","/products/t794-11-9lb-42cm-anime-shemale-sex-torso-silicone-half-body-with-5-5-penis-qita",1,1,0,0,0,0,1,,0,0,0,0,1,1,,1,1,1,0,0,0,0,1,,0,0,0,0,1,1,,1,0,0,,,,,0,,,,,,0,0,,0
"Custom Page","/pages/bbw-sex-doll-guide",1,1,0,0,0,0,1,,0,0,0,0,1,1,,1,1,1,0,0,0,0,1,,0,0,0,0,1,1,,1,0,0,,,,,0,,,,,,0,0,,0
,"/en-fi/blogs/dolls-info-qustions/do-sex-dolls-feel-real",1,1,0,0,0,0,1,,0,0,0,0,1,1,,1,1,1,0,0,0,0,1,,0,0,0,0,1,1,,1,0,0,,,,,0,,,,,,0,0,,0
,"/en-fi/collections/black-pocket-pussy",1,1,0,0,0,0,1,,0,0,0,0,1,1,,1,1,1,0,0,0,0,1,,0,0,0,0,1,1,,1,0,0,,,,,0,,,,,,0,0,,0
,"/de/pages/black-sex-doll-buy-guide",1,1,0,0,0,0,1,,0,0,0,0,1,1,,1,1,1,0,0,0,0,1,,0,0,0,0,1,1,,1,0,0,,,,,0,,,,,,0,0,,0
,"/ja/collections/black-sex-dolls",1,1,0,0,0,0,1,,0,0,0,0,1,1,,1,1,1,0,0,0,0,1,,0,0,0,0,1,1,,1,0,0,,,,,0,,,,,,0,0,,0
,"/ja/blogs/real-sex-doll-reviews-pros-cons-real-usage-tests/tagged/sex-doll-review",1,1,0,0,0,0,1,,0,0,0,0,1,1,,1,1,1,0,0,0,0,1,,0,0,0,0,1,1,,1,0,0,,,,,0,,,,,,0,0,,0
,"/de/collections/e-cup-sex-dolls",1,1,0,0,0,0,1,,0,0,0,0,1,1,,1,1,1,0,0,0,0,1,,0,0,0,0,1,1,,1,0,0,,,,,0,,,,,,0,0,,0
,"/de/blogs/dolls-info-qustions/why-you-should-buy-your-husband-a-life-size-silicone-sex-doll",1,1,0,0,0,0,1,,0,0,0,0,1,1,,1,1,1,0,0,0,0,1,,0,0,0,0,1,1,,1,0,0,,,,,0,,,,,,0,0,,0
"Product","/products/silicone-realistic-legs-feet-50lb",1,1,0,0,0,0,1,,0,0,0,0,1,1,,1,1,1,0,0,0,0,1,,0,0,0,0,1,1,,1,0,0,,,,,0,,,,,,0,0,,0
"Blog Article","/blogs/dolls-info-qustions/why-blonde-sex-dolls-are-so-popular",1,1,0,0,0,0,1,,0,0,0,0,1,1,,1,1,1,0,0,0,0,1,,0,0,0,0,1,1,,1,0,0,,,,,0,,,,,,0,0,,0
"Product","/products/a446-10-80lb-silicone-pocket-pussy-big-ass-sex-doll-torso-lovenestle",1,1,0,0,0,0,1,,0,0,0,0,1,1,,1,1,1,0,0,0,0,1,,0,0,0,0,1,1,,1,0,0,,,,,0,,,,,,0,0,,0
,"/en-fi/collections/sex-doll-feet",1,1,0,0,0,0,1,,0,0,0,0,1,1,,1,1,1,0,0,0,0,1,,0,0,0,0,1,1,,1,0,0,,,,,0,,,,,,0,0,,0
,"/de/blogs/complete-sex-doll-guide-for-beginners/the-ultimate-2026-tpe-sex-dolls-cleaning-longevity-guide",1,1,0,0,0,0,1,,0,0,0,0,1,1,,1,1,1,0,0,0,0,1,,0,0,0,0,1,1,,1,0,0,,,,,0,,,,,,0,0,,0
,"/en-ca/blogs/dolls-info-qustions/why-you-should-buy-your-husband-a-life-size-silicone-sex-doll",1,1,0,0,0,0,1,,0,0,0,0,1,1,,1,1,1,0,0,0,0,1,,0,0,0,0,1,1,,1,0,0,,,,,0,,,,,,0,0,,0
"Blog Article","/blogs/dolls-info-qustions/do-you-really-know-your-cheap-sex-toys",1,1,0,0,0,0,1,,0,0,0,0,1,1,,1,1,1,0,0,0,0,1,,0,0,0,0,1,1,,1,0,0,,,,,0,,,,,,0,0,,0
,"/ja/blogs/dolls-info-qustions/sy-sex-dolls-introduction",1,1,0,0,0,0,1,,0,0,0,0,1,1,,1,1,1,0,0,0,0,1,,0,0,0,0,1,1,,1,0,0,,,,,0,,,,,,0,0,,0
,"/de/collections/hr-doll",1,1,0,0,0,0,1,,0,0,0,2,1,1,,1,1,1,0,0,0,0,1,,0,0,0,2,1,1,,1,0,0,,,,,0,,,,,0,0,0,,0
"Product","/products/f2421k-168cm-m-cup-7-1inch-dildo-futan-musculature-trans-silicone-full-body-sex-dolls-futa-sex-dolls-in-stock-us-eu-doll-castle",1,1,0,0,0,0,4,,0,0,0,482,4,0,,0,1,1,0,0,0,0,4,,0,0,0,482,4,0,,0,0,0,,,,,0,,,,,0,0,,,
"Product","/products/b438-13-40lb-breast-sex-toy-with-vagina-tunnel-silicone-male-masturbator-lovenestle",1,1,0,0,0,0,12,,0,0,0,549,12,0,,0,1,1,0,0,0,0,12,,0,0,0,549,12,0,,0,0,0,,,,,0,,,,,0,0,,,
"Product","/products/9313338196207",1,1,0,0,0,0,1,,0,0,0,0,1,1,,1,1,1,0,0,0,0,1,,0,0,0,0,1,1,,1,0,0,,,,,0,,,,,,0,0,,0
,"/de/products/p132-10-8-lbs-silicone-fuck-doll-hentai-sex-doll-pusssy-qita",1,1,0,0,0,0,1,,0,0,0,0,1,1,,1,1,1,0,0,0,0,1,,0,0,0,0,1,1,,1,0,0,,,,,0,,,,,,0,0,,0
"Blog Article","/blogs/dolls-info-qustions/sex-position",1,1,0,0,0,0,1,,0,0,0,0,1,1,,1,1,1,0,0,0,0,1,,0,0,0,0,1,1,,1,0,0,,,,,0,,,,,,0,0,,0
,"/ja/blogs/dolls-info-qustions/heavyweight-sex-dolls-advantages-and-risks-analysis",1,1,0,0,0,0,1,,0,0,0,0,1,1,,1,1,1,0,0,0,0,1,,0,0,0,0,1,1,,1,0,0,,,,,0,,,,,,0,0,,0
"Product","/products/f8069-150cm-5ft-27-5kg-silicone-anime-hentai-sex-doll-elsa-babe",1,1,0,0,0,0,1,,0,0,0,0,1,1,,1,1,1,0,0,0,0,1,,0,0,0,0,1,1,,1,0,0,,,,,0,,,,,,0,0,,0
"Product","/products/f9130-156cm-5ft2-26kg-runa-b-cup-premium-japanese-ros-silicone-sex-doll-weight-loss-jiusheng-doll",1,1,0,0,0,0,3,,0,0,0,73,3,0,,0,1,1,0,0,0,0,3,,0,0,0,73,3,0,,0,0,0,,,,,0,,,,,0,0,,,
"Product","/products/f5952-160cm5ft2-29kg-aryana-b-c-cup-anime-medium-butt-japanese-sex-doll-se-doll",1,1,0,0,0,0,2,,0,0,0,31,2,0,,0,1,1,0,0,0,0,2,,0,0,0,31,2,0,,0,0,0,,,,,0,,,,,0,0,,,
,"/en-ca/blogs/sex-doll-torso-blog/most-comprehensive-guideline-of-best-sex-dolls-sex-doll-torsos",1,1,0,0,0,0,1,,0,0,0,0,1,1,,1,1,1,0,0,0,0,1,,0,0,0,0,1,1,,1,0,0,,,,,0,,,,,,0,0,,0
"Product","/products/f712-165cm-g-cup-most-realistic-sex-doll-irontech",1,1,0,0,0,0,1,,0,0,0,0,1,1,,1,1,1,0,0,0,0,1,,0,0,0,0,1,1,,1,0,0,,,,,0,,,,,,0,0,,0
"Product","/products/f5599-150cm-5ft-26kg-m1-flat-chest-life-size-silicone-sex-doll-md-doll",1,1,0,0,0,0,22,,0,0,0,2750,22,0,,0,1,1,0,0,0,0,22,,0,0,0,2750,22,0,,0,0,0,,,,,0,,,,,0,0,,,
"Checkout","/60719464687/orders/91ff283c54bdf80f1c9f1dbb181b3459",1,1,0,0,0,0,1,,0,0,0,0,1,1,,1,1,1,0,0,0,0,1,,0,0,0,0,1,1,,1,0,0,,,,,0,,,,,,0,0,,0
"Collection","/collections/breast-lovers",1,1,0,0,0,0,1,,0,0,0,0,1,1,,1,1,1,0,0,0,0,1,,0,0,0,0,1,1,,1,0,0,,,,,0,,,,,,0,0,,0
"Product","/products/f1411-158cm5f2-33kg-e-cup-alien-blue-elves-tpe-sex-doll-aibei-doll",1,1,0,0,0,0,7,,0,0,0,540,7,0,,0,1,1,0,0,0,0,7,,0,0,0,540,7,0,,0,0,0,,,,,0,,,,,0,0,,,
"Product","/products/f2421-168cm-m-cup-shemale-femboy-big-ass-musculature-silicone-sex-doll-castle-doll",1,1,0,0,0,0,1,,0,0,0,0,1,1,,1,1,1,0,0,0,0,1,,0,0,0,0,1,1,,1,0,0,,,,,0,,,,,,0,0,,0
"Collection","/collections/se-doll-factory-photos",1,1,0,0,0,0,1,,0,0,0,0,1,1,,1,1,1,0,0,0,0,1,,0,0,0,0,1,1,,1,0,0,,,,,0,,,,,,0,0,,0
"Product","/products/h691-ros-silicone-sex-doll-head-in-stock-usa%E4%B8%A8galatea-doll-head",1,1,0,0,0,0,1,,0,0,0,0,1,1,,1,1,1,0,0,0,0,1,,0,0,0,0,1,1,,1,0,0,,,,,0,,,,,,0,0,,0
"Custom Page","/pages/pay-in-4-now-shop-now-pay-later-with-paypal-us-uk-de-fr-au-es-it-only",1,1,1,1,0,0,10,0,1,1,0,1221,10,0,0,0,1,1,1,1,0,0,10,0,1,1,0,1221,10,0,0,0,0,0,0,0,,,0,,0,0,,0,0,,,
"Product","/products/f2387a-163cm5-3ft-53kg-g-cup-s6-great-doggy-style-huge-butt-silicone-head-realistic-sex-doll-2025%E4%B8%A8sy-doll",1,1,0,0,0,0,1,,0,0,0,0,1,1,,1,1,1,0,0,0,0,1,,0,0,0,0,1,1,,1,0,0,,,,,0,,,,,,0,0,,0
"Blog Article","/blogs/dolls-info-qustions/2025-top-5-big-booty-sex-doll-torsos-that-will-rock-your-world",1,1,0,0,0,0,3,,0,0,0,309,3,0,,0,1,1,0,0,0,0,3,,0,0,0,309,3,0,,0,0,0,,,,,0,,,,,0,0,,,
"Product","/products/h728-sex-doll-head-pure-and-pitiful-style-irontech-doll-head",1,1,0,0,0,0,1,,0,0,0,0,1,1,,1,1,1,0,0,0,0,1,,0,0,0,0,1,1,,1,0,0,,,,,0,,,,,,0,0,,0
"Product","/products/f9138-160cm-34-5kg-f-cup-silicone-sex-doll-irontech-doll",1,1,0,0,0,0,1,,0,0,0,0,1,1,,1,1,1,0,0,0,0,1,,0,0,0,0,1,1,,1,0,0,,,,,0,,,,,,0,0,,0
"Blog Article","/blogs/dolls-info-qustions/lubricant-that-enhances-the-sex-experience",1,1,0,0,0,0,2,,0,0,0,1461,2,0,,0,1,1,0,0,0,0,2,,0,0,0,1461,2,0,,0,0,0,,,,,0,,,,,0,0,,,
"Blog Article","/blogs/dolls-info-qustions/9-things-to-keep-in-mind-when-dressing-up-a-sex-doll",1,1,0,0,0,0,1,,0,0,0,0,1,1,,1,1,1,0,0,0,0,1,,0,0,0,0,1,1,,1,0,0,,,,,0,,,,,,0,0,,0
"Product","/products/f2479-162cm5-3ft-f-cup-rose-tpe-sex-doll-in-stock-usa-eu-fun-west-doll",1,1,0,0,0,0,1,,0,0,0,0,1,1,,1,1,1,0,0,0,0,1,,0,0,0,0,1,1,,1,0,0,,,,,0,,,,,,0,0,,0
,"/de/blogs/dolls-info-qustions/why-life-size-sex-doll-torsos-are-more-popular-than-traditional-life-size-sex-dolls",1,1,0,0,0,0,1,,0,0,0,0,1,1,,1,1,1,0,0,0,0,1,,0,0,0,0,1,1,,1,0,0,,,,,0,,,,,,0,0,,0
"Product","/products/t636-33-7lb-6-7-mark-dildo-realistic-tpe-male-sex-doll-torso-with-big-dick%E4%B8%A8tantaly",1,1,0,0,0,0,1,,0,0,0,0,1,1,,1,1,1,0,0,0,0,1,,0,0,0,0,1,1,,1,0,0,,,,,0,,,,,,0,0,,0
"Product","/products/h043-ros-silicone-sex-doll-head-irontech-doll-head",1,1,0,0,0,0,2,,0,0,0,36,2,0,,0,1,1,0,0,0,0,2,,0,0,0,36,2,0,,0,0,0,,,,,0,,,,,0,0,,,
,"/de/collections/shedoll-videos",1,1,0,0,0,0,2,,0,0,0,377,2,0,,0,1,1,0,0,0,0,2,,0,0,0,377,2,0,,0,0,0,,,,,0,,,,,0,0,,,
,"/en-ca/products/f5560-150cm4ft9-33kg-f-cup-japanese-life-size-tpe-sex-doll-aibei-doll",1,1,0,0,0,0,1,,0,0,0,0,1,1,,1,1,1,0,0,0,0,1,,0,0,0,0,1,1,,1,0,0,,,,,0,,,,,,0,0,,0
"Product","/products/f2276-165cm-d-cup-mary-silicone-sex-doll-normon-doll",1,1,0,0,0,0,4,,0,0,0,115,4,0,,0,1,1,0,0,0,0,4,,0,0,0,115,4,0,,0,0,0,,,,,0,,,,,0,0,,,
"Product","/products/moonvalel-leopard-155cm-silicone-ros-f764",1,1,0,0,0,0,1,,0,0,0,0,1,1,,1,1,1,0,0,0,0,1,,0,0,0,0,1,1,,1,0,0,,,,,0,,,,,,0,0,,0
,"/en-ca/blogs/real-sex-doll-reviews-pros-cons-real-usage-tests/are-aitia-1-1-real-person-replica-asian-sex-dolls-worth-buying-a-complete-review-of-6-celebrity-sex-dolls",1,1,0,0,0,0,1,,0,0,0,0,1,1,,1,1,1,0,0,0,0,1,,0,0,0,0,1,1,,1,0,0,,,,,0,,,,,,0,0,,0
"Product","/products/f5210-157cm5ft2-29-5kg-d-cup-michell-black-sex-doll-sex-with-sex-doll-in-stock-usa-galaxy",1,1,0,0,0,0,1,,0,0,0,0,1,1,,1,1,1,0,0,0,0,1,,0,0,0,0,1,1,,1,0,0,,,,,0,,,,,,0,0,,0
,"/de/blogs/dolls-info-qustions/exploring-the-world-of-sexual-fantasies-how-to-use-a-sex-doll-torso-to-fulfill-sexual-fantasies",1,1,0,0,0,0,1,,0,0,0,0,1,1,,1,1,1,0,0,0,0,1,,0,0,0,0,1,1,,1,0,0,,,,,0,,,,,,0,0,,0
,"/de/blogs/dolls-info-qustions/best-vibrating-sex-torso-types-who-it-suits",1,1,0,0,0,0,1,,0,0,0,0,1,1,,1,1,1,0,0,0,0,1,,0,0,0,0,1,1,,1,0,0,,,,,0,,,,,,0,0,,0
,"/de/blogs/dolls-info-qustions/the-best-usage-of-shemale-sex-dolls",1,1,0,0,0,0,1,,0,0,0,0,1,1,,1,1,1,0,0,0,0,1,,0,0,0,0,1,1,,1,0,0,,,,,0,,,,,,0,0,,0
"Product","/products/8952018764015",1,1,0,0,0,0,1,,0,0,0,0,1,1,,1,1,1,0,0,0,0,1,,0,0,0,0,1,1,,1,0,0,,,,,0,,,,,,0,0,,0
"Product","/products/f2576-170cm-d-cup-silicone-real-lady-sex-doll",1,1,0,0,0,0,1,,0,0,0,0,1,1,,1,1,1,0,0,0,0,1,,0,0,0,0,1,1,,1,0,0,,,,,0,,,,,,0,0,,0
"Product","/products/a359-27-5lb-silicone-butt-sexy-and-realistic-big-ass-sex-doll-torso-climax-doll",1,1,0,0,0,0,6,,0,0,0,252,6,0,,0,1,1,0,0,0,0,6,,0,0,0,252,6,0,,0,0,0,,,,,0,,,,,0,0,,,
,"/en-ca/products/f1216-169cm-f-cup-miyuki-big-boobs-doll-irontech-doll",1,1,0,0,0,0,2,,0,0,0,155,2,0,,0,1,1,0,0,0,0,2,,0,0,0,155,2,0,,0,0,0,,,,,0,,,,,0,0,,,
,"/en-ca/blogs/dolls-info-qustions/what-is-the-difference-between-ai-sex-dolls-and-sex-robots",1,1,0,0,0,0,1,,0,0,0,0,1,1,,1,1,1,0,0,0,0,1,,0,0,0,0,1,1,,1,0,0,,,,,0,,,,,,0,0,,0
"Product","/products/f4904k-150cm4ft9-35-5kg-b-cup-silicone-furry-bunny-life-size-anime-sex-doll-in-stock-eu-climax-doll-ultra",1,1,0,0,0,0,1,,0,0,0,0,1,1,,1,1,1,0,0,0,0,1,,0,0,0,0,1,1,,1,0,0,,,,,0,,,,,,0,0,,0
,"/en-ca/blogs/featured-blog/top-10-most-unique-torso-dolls-of-2026-beyond-the-ordinary",1,1,0,0,0,0,3,,0,0,0,354,3,0,,0,1,1,0,0,0,0,3,,0,0,0,354,3,0,,0,0,0,,,,,0,,,,,0,0,,,
,"/en-ca/products/t337-103cm-3ft5-j-cup-natural-sophia-lane-a-silicone-sex-doll-torso-with-head-se-doll",1,1,0,0,0,0,1,,0,0,0,0,1,1,,1,1,1,0,0,0,0,1,,0,0,0,0,1,1,,1,0,0,,,,,0,,,,,,0,0,,0
"Product","/products/f4092k-153cm-45kg-q-cup-full-silicone-ssbbw-biggest-sex-doll-bbw-in-stock-castle-doll",1,1,0,0,0,0,3,,0,0,0,41,3,0,,0,1,1,0,0,0,0,3,,0,0,0,41,3,0,,0,0,0,,,,,0,,,,,0,0,,,
,"/en-fi/blogs/dolls-info-qustions/types-of-femboy-sex-dolls",1,1,0,0,0,0,1,,0,0,0,0,1,1,,1,1,1,0,0,0,0,1,,0,0,0,0,1,1,,1,0,0,,,,,0,,,,,,0,0,,0
"Product","/products/f7679-150cm4ft9-37-6kg-l-cup-s-tpe-gel-filled-life-size-anime-sex-doll-irokebijin-doll",1,1,0,0,0,0,1,,0,0,0,0,1,1,,1,1,1,0,0,0,0,1,,0,0,0,0,1,1,,1,0,0,,,,,0,,,,,,0,0,,0
"Product","/products/f1053-159cm-tpe-sex-doll-fun-west-doll",1,1,0,0,0,0,1,,0,0,0,0,1,1,,1,1,1,0,0,0,0,1,,0,0,0,0,1,1,,1,0,0,,,,,0,,,,,,0,0,,0
,"/de/collections/young-male-sex-doll",1,1,0,0,0,0,1,,0,0,0,0,1,1,,1,1,1,0,0,0,0,1,,0,0,0,0,1,1,,1,0,0,,,,,0,,,,,,0,0,,0
,"/en-fi/products/f890-160cm5ft2-chloe-c-cup-silicone-chinese-cheongsam-woman-big-ass-love-doll-se-doll",1,1,0,0,0,0,1,,0,0,0,2,1,1,,1,1,1,0,0,0,0,1,,0,0,0,2,1,1,,1,0,0,,,,,0,,,,,0,0,0,,0
,"/de/products/f2240-rosretty-158cm-robotic-head-life-size-sex-doll",1,1,0,0,0,0,1,,0,0,0,0,1,1,,1,1,1,0,0,0,0,1,,0,0,0,0,1,1,,1,0,0,,,,,0,,,,,,0,0,,0
,"/de/blogs/featured-blog/how-to-diy-an-sex-doll-you",1,1,0,0,0,0,1,,0,0,0,0,1,1,,1,1,1,0,0,0,0,1,,0,0,0,0,1,1,,1,0,0,,,,,0,,,,,,0,0,,0
"Product","/products/t687-64-6lb-polly-sex-doll-torso-with-flat-chest-silicone-head-red-skin-torso",1,1,0,0,0,0,1,,0,0,0,0,1,1,,1,1,1,0,0,0,0,1,,0,0,0,0,1,1,,1,0,0,,,,,0,,,,,,0,0,,0
"Product","/products/t423-38-5lbs-72cm-medium-size-realistic-torso-trans-sex-doll-youqu",1,1,0,0,0,0,10,,0,0,0,1889,10,0,,0,1,1,0,0,0,0,10,,0,0,0,1889,10,0,,0,0,0,,,,,0,,,,,0,0,,,
"Product","/products/b38-17-1lb-suntan-silicone-sex-doll-titfuck-torso",1,1,0,0,0,0,2,,0,0,0,37,2,0,,0,1,1,0,0,0,0,2,,0,0,0,37,2,0,,0,0,0,,,,,0,,,,,0,0,,,
,"/de/blogs/dolls-info-qustions/hentai-sex-dolls-vs-figures-which-fills-your-cravings",1,1,0,0,0,0,1,,0,0,0,0,1,1,,1,1,1,0,0,0,0,1,,0,0,0,0,1,1,,1,0,0,,,,,0,,,,,,0,0,,0
"Product","/products/f6140-164cm5-4ft-36kg-d-cup-asian-realistic-silicone-sex-doll%E4%B8%A8sy-doll",1,1,0,0,0,0,10,,0,0,0,1033,10,0,,0,1,1,0,0,0,0,10,,0,0,0,1033,10,0,,0,0,0,,,,,0,,,,,0,0,,,
,"/en-ca/products/a323-big-ass-torso-liquid-silicone-32lb-chubby-belly-ass",1,1,0,0,0,0,1,,0,0,0,0,1,1,,1,1,1,0,0,0,0,1,,0,0,0,0,1,1,,1,0,0,,,,,0,,,,,,0,0,,0
,"/en-ca/collections/devil-fairy-alien-sex-dolls",1,1,0,0,0,0,3,,0,0,0,56,3,0,,0,1,1,0,0,0,0,3,,0,0,0,56,3,0,,0,0,0,,,,,0,,,,,0,0,,,
"Product","/products/f4463-160cm-realistic-sex-bot-f-cup-silicone-head",1,1,0,0,0,0,4,,0,0,0,42,4,0,,0,1,1,0,0,0,0,4,,0,0,0,42,4,0,,0,0,0,,,,,0,,,,,0,0,,,
"Checkout","/60719464687/orders/ecddb4242ad8ecafbdc0a79f021d6100",1,1,0,0,0,0,1,,0,0,0,0,1,1,,1,1,1,0,0,0,0,1,,0,0,0,0,1,1,,1,0,0,,,,,0,,,,,,0,0,,0
,"/en-ca/products/f1453-165cm5f4-34kg-h-cup-big-breast-tpe-sex-doll-aibei-doll",1,1,0,0,0,0,1,,0,0,0,0,1,1,,1,1,1,0,0,0,0,1,,0,0,0,0,1,1,,1,0,0,,,,,0,,,,,,0,0,,0
"Blog Article","/blogs/dolls-info-qustions/exploring-lightweight-options-recommended-weight-reduced-bbw-sex-dolls",1,1,0,0,0,0,1,,0,0,0,0,1,1,,1,1,1,0,0,0,0,1,,0,0,0,0,1,1,,1,0,0,,,,,0,,,,,,0,0,,0
"Product","/products/a300-46-3lb-life-size-big-booty-tpe-sex-torso-realistic-butt",1,1,0,0,0,0,55,,0,0,0,3999,55,0,,0,1,1,0,0,0,0,55,,0,0,0,3999,55,0,,0,0,0,,,,,0,,,,,0,0,,,
"Product","/products/7-7lb-big-boobs-and-big-butts-sex-doll-torso-sex-toy-for-man-508-sex-doll-torso",1,1,0,0,0,0,1,,0,0,0,0,1,1,,1,1,1,0,0,0,0,1,,0,0,0,0,1,1,,1,0,0,,,,,0,,,,,,0,0,,0
"Product","/products/f529k-172cm-christmas-silicone-sex-doll-in-stock-us-starpery-doll",1,1,0,0,0,0,12,,0,0,0,473,12,0,,0,1,1,0,0,0,0,12,,0,0,0,473,12,0,,0,0,0,,,,,0,,,,,0,0,,,
,"/en-ca/products/f5901-161cm5ft3-37kg-d-cup-mei-silicone-ros-best-big-tits-asian-sex-doll%E4%B8%A8lusandy-doll",1,1,0,0,0,0,1,,0,0,0,0,1,1,,1,1,1,0,0,0,0,1,,0,0,0,0,1,1,,1,0,0,,,,,0,,,,,,0,0,,0
,"/ja/blogs/dolls-info-qustions/the-hot-item-of-the-year-is-coming-caste-dolls-new-hentai-sex-doll-is-on-the-shelves",1,1,0,0,0,0,1,,0,0,0,0,1,1,,1,1,1,0,0,0,0,1,,0,0,0,0,1,1,,1,0,0,,,,,0,,,,,,0,0,,0
"Blog Article","/blogs/dolls-info-qustions/introducing-two-safe-intercourse-positions-with-fat-sex-dolls",1,1,0,0,0,0,1,,0,0,0,0,1,1,,1,1,1,0,0,0,0,1,,0,0,0,0,1,1,,1,0,0,,,,,0,,,,,,0,0,,0
"Product","/products/f1411k-158cm5f2-33kg-e-cup-alien-blue-elves-tpe-sex-doll-alien-in-stock-usa-aibei-doll",1,1,0,0,0,0,1,,0,0,0,0,1,1,,1,1,1,0,0,0,0,1,,0,0,0,0,1,1,,1,0,0,,,,,0,,,,,,0,0,,0
"Product","/products/f7674-163cm-31kg-silicone-head-full-size-adult-ai-sex-doll-ridmii",1,1,0,0,0,0,1,,0,0,0,0,1,1,,1,1,1,0,0,0,0,1,,0,0,0,0,1,1,,1,0,0,,,,,0,,,,,,0,0,,0
,"/en-ca/collections/nianta-doll",1,1,0,0,0,0,1,,0,0,0,0,1,1,,1,1,1,0,0,0,0,1,,0,0,0,0,1,1,,1,0,0,,,,,0,,,,,,0,0,,0
,"/de/blogs/dolls-info-qustions/feel-love-now-enjoy-life-with-sex-dolls-in-3-ways",1,1,0,0,0,0,1,,0,0,0,0,1,1,,1,1,1,0,0,0,0,1,,0,0,0,0,1,1,,1,0,0,,,,,0,,,,,,0,0,,0
,"/en-fi/blogs/dolls-info-qustions/top-5-best-foot-fetish-toys-you-can-buy-online-in-2025",1,1,0,0,0,0,1,,0,0,0,0,1,1,,1,1,1,0,0,0,0,1,,0,0,0,0,1,1,,1,0,0,,,,,0,,,,,,0,0,,0
"Product","/products/f4493-162cm-5-4ft-39kg-h-cup-life-size-silicone-sex-doll-real-lady",1,1,0,0,0,0,5,,0,0,0,3241,5,0,,0,1,1,0,0,0,0,5,,0,0,0,3241,5,0,,0,0,0,,,,,0,,,,,0,0,,,
"Blog Article","/blogs/dolls-info-qustions/7-advice-about-using-big-booty-sex-dolls",1,1,0,0,0,0,1,,0,0,0,0,1,1,,1,1,1,0,0,0,0,1,,0,0,0,0,1,1,,1,0,0,,,,,0,,,,,,0,0,,0
,"/en-fi/collections/sy-doll",1,1,0,0,0,0,1,,0,0,0,0,1,1,,1,1,1,0,0,0,0,1,,0,0,0,0,1,1,,1,0,0,,,,,0,,,,,,0,0,,0
,"/de/blogs/dolls-info-qustions/latest-linkdolls-companion-dolls-2025",1,1,0,0,0,0,1,,0,0,0,0,1,1,,1,1,1,0,0,0,0,1,,0,0,0,0,1,1,,1,0,0,,,,,0,,,,,,0,0,,0
,"/en-ca/products/f3484-165cm5f4-34kg-h-cup-big-breast-tpe-sex-doll-aibei-doll",1,1,0,0,0,0,1,,0,0,0,0,1,1,,1,1,1,0,0,0,0,1,,0,0,0,0,1,1,,1,0,0,,,,,0,,,,,,0,0,,0
"Blog Article","/blogs/dolls-info-qustions/best-sex-doll-torsos-of-2025",1,1,0,0,0,0,2,,0,0,0,27,2,0,,0,1,1,0,0,0,0,2,,0,0,0,27,2,0,,0,0,0,,,,,0,,,,,0,0,,,
"Product","/products/l10-67lb-104cm-tall-fat-pop-art-faty-sex-doll-legs-climax-doll",1,1,0,0,0,0,1,,0,0,0,0,1,1,,1,1,1,0,0,0,0,1,,0,0,0,0,1,1,,1,0,0,,,,,0,,,,,,0,0,,0
"Blog Article","/blogs/dolls-info-qustions/whats-the-deal-with-moaning-sex-robots-anyway",1,1,0,0,0,0,1,,0,0,0,0,1,1,,1,1,1,0,0,0,0,1,,0,0,0,0,1,1,,1,0,0,,,,,0,,,,,,0,0,,0
"Product","/products/f2514-153cm-5ft-f-cup-a3-ros-max-silk-glow-asian-big-boobs-silicone-sex-doll-irontech-doll",1,1,0,0,0,0,1,,0,0,0,0,1,1,,1,1,1,0,0,0,0,1,,0,0,0,0,1,1,,1,0,0,,,,,0,,,,,,0,0,,0
"Collection","/collections/150cm-159cm-4ft11-5ft2",1,1,0,0,0,0,1,,0,0,0,0,1,1,,1,1,1,0,0,0,0,1,,0,0,0,0,1,1,,1,0,0,,,,,0,,,,,,0,0,,0
,"/en-ca/products/h702-ros-silicone-sex-doll-head-in-stock-usa-zelex-doll-head",1,1,0,0,0,0,1,,0,0,0,0,1,1,,1,1,1,0,0,0,0,1,,0,0,0,0,1,1,,1,0,0,,,,,0,,,,,,0,0,,0
"Product","/products/h373-silicone-sex-doll-head-real-lady-doll",1,1,0,0,0,0,1,,0,0,0,0,1,1,,1,1,1,0,0,0,0,1,,0,0,0,0,1,1,,1,0,0,,,,,0,,,,,,0,0,,0
"Collection","/collections/emotion-robot-sex-doll",1,1,0,0,0,0,1,,0,0,0,0,1,1,,1,1,1,0,0,0,0,1,,0,0,0,0,1,1,,1,0,0,,,,,0,,,,,,0,0,,0
,"/de/collections/pornstar-sex-doll",1,1,0,0,0,0,1,,0,0,0,0,1,1,,1,1,1,0,0,0,0,1,,0,0,0,0,1,1,,1,0,0,,,,,0,,,,,,0,0,,0
,"/en-ca/blogs/dolls-info-qustions/castle-doll-overseas-warehouse-sex-dolls-july-promotion-starting-at-1299",1,1,0,0,0,0,1,,0,0,0,0,1,1,,1,1,1,0,0,0,0,1,,0,0,0,0,1,1,,1,0,0,,,,,0,,,,,,0,0,,0
,"/en-ca/products/t449-13-89lb-silicone-pocket-pussy-sex-doll-torso-lovenestle",1,1,0,0,0,0,1,,0,0,0,0,1,1,,1,1,1,0,0,0,0,1,,0,0,0,0,1,1,,1,0,0,,,,,0,,,,,,0,0,,0
,"/en-ca/blogs/dolls-info-qustions/se-doll-sex-bot-series-feature-comparison-waist-rotation-vs-hip-thrusting-vs-head-nodding",1,1,0,0,0,0,2,,0,0,0,188,2,0,,0,1,1,0,0,0,0,2,,0,0,0,188,2,0,,0,0,0,,,,,0,,,,,0,0,,,
,"/ja/blogs/dolls-info-qustions/what-are-the-best-types-of-sex-doll-cleaning-products-to-use-in-2025",1,1,0,0,0,0,1,,0,0,0,0,1,1,,1,1,1,0,0,0,0,1,,0,0,0,0,1,1,,1,0,0,,,,,0,,,,,,0,0,,0
,"/en-fi/products/p601-27lb-sex-doll-black-bottom-realistic-3d-ass-sex-doll",1,1,0,0,0,0,1,,0,0,0,0,1,1,,1,1,1,0,0,0,0,1,,0,0,0,0,1,1,,1,0,0,,,,,0,,,,,,0,0,,0
"Product","/products/t726-24kg-anime-dolphin-mating-hentai-silicone-sexdoll-torso-doll-castle",1,1,0,0,0,0,1,,0,0,0,0,1,1,,1,1,1,0,0,0,0,1,,0,0,0,0,1,1,,1,0,0,,,,,0,,,,,,0,0,,0
"Collection","/collections/skinny-torso",1,1,0,0,0,0,1,,0,0,0,0,1,1,,1,1,1,0,0,0,0,1,,0,0,0,0,1,1,,1,0,0,,,,,0,,,,,,0,0,,0
,"/en-ca/products/f7688-22-7kg-lightweight-fantasy-milf-silicone-sex-doll-wasteland-huntress-barza-climax-doll-ulw",1,1,0,0,0,0,1,,0,0,0,0,1,1,,1,1,1,0,0,0,0,1,,0,0,0,0,1,1,,1,0,0,,,,,0,,,,,,0,0,,0
,"/ja/blogs/dolls-info-qustions/why-do-men-purchase-silicone-realistic-sex-dolls",1,1,0,0,0,0,1,,0,0,0,0,1,1,,1,1,1,0,0,0,0,1,,0,0,0,0,1,1,,1,0,0,,,,,0,,,,,,0,0,,0
,"/en-fi/collections/irokebijin-doll",1,1,0,0,0,0,1,,0,0,0,0,1,1,,1,1,1,0,0,0,0,1,,0,0,0,0,1,1,,1,0,0,,,,,0,,,,,,0,0,,0
"Collection","/collections/fake-pussy-fake-vagina-sex-toys%20",1,1,0,0,0,0,1,,0,0,0,0,1,1,,1,1,1,0,0,0,0,1,,0,0,0,0,1,1,,1,0,0,,,,,0,,,,,,0,0,,0
"Product","/products/f4740-153cm31kg-b-cup-silicone-head-movable-jaw-sle-body-realistic-silicone-sex-dolls-for-men-in-stock-usa-canada-zelex-doll",1,1,0,0,0,0,1,,0,0,0,0,1,1,,1,1,1,0,0,0,0,1,,0,0,0,0,1,1,,1,0,0,,,,,0,,,,,,0,0,,0
"Product","/products/f8106-f8106-5-5ft-h-cup-realistic-sex-doll-real-lady",1,1,0,0,0,0,1,,0,0,0,0,1,1,,1,1,1,0,0,0,0,1,,0,0,0,0,1,1,,1,0,0,,,,,0,,,,,,0,0,,0
"Collection","/collections/fake-ass-over-899",1,1,0,0,0,0,1,,0,0,0,0,1,1,,1,1,1,0,0,0,0,1,,0,0,0,0,1,1,,1,0,0,,,,,0,,,,,,0,0,,0
"Blog Article","/blogs/dolls-info-qustions/understanding-ai-robotic-sex-dolls",1,1,0,0,0,0,1,,0,0,0,0,1,1,,1,1,1,0,0,0,0,1,,0,0,0,0,1,1,,1,0,0,,,,,0,,,,,,0,0,,0
"Product","/products/f8034-150cm-5ft-27-5kg-silicone-anime-hentai-sex-doll-elsa-babe",1,1,0,0,0,0,1,,0,0,0,0,1,1,,1,1,1,0,0,0,0,1,,0,0,0,0,1,1,,1,0,0,,,,,0,,,,,,0,0,,0
"Checkout","/orders/3e44d09b28a7f10834a15e36825f7a20",1,1,0,0,0,0,6,,0,0,0,147,6,0,,0,1,1,0,0,0,0,6,,0,0,0,147,6,0,,0,0,0,,,,,0,,,,,0,0,,,
,"/en-fi/blogs/dolls-info-qustions/are-you-also-leaning-toward-big-butt-sex-dolls",1,1,0,0,0,0,1,,0,0,0,0,1,1,,1,1,1,0,0,0,0,1,,0,0,0,0,1,1,,1,0,0,,,,,0,,,,,,0,0,,0
"Product","/products/f1839k-163cm5ft4-g-cup-jane-most-popular-sex-doll-irontech-doll",1,1,0,0,0,0,4,,0,0,0,105,4,0,,0,1,1,0,0,0,0,4,,0,0,0,105,4,0,,0,0,0,,,,,0,,,,,0,0,,,
"Product","/products/f116-160cm5ft2-35kg-boy-male-tpe-effeminate-male-sex-doll-wm-doll",1,1,0,0,0,0,1,,0,0,0,0,1,1,,1,1,1,0,0,0,0,1,,0,0,0,0,1,1,,1,0,0,,,,,0,,,,,,0,0,,0
,"/en-fi/collections/big-ass-sex-doll-tpe-body",1,1,0,0,0,0,2,,0,0,0,28,2,0,,0,1,1,0,0,0,0,2,,0,0,0,28,2,0,,0,0,0,,,,,0,,,,,0,0,,,
"Product","/products/f2592-157cm5-2ft-42kg-g-cup-ros-realistic-skin-texture-silicone-sex-doll-fun-west-doll",1,1,0,0,0,0,4,,0,0,0,23,4,0,,0,1,1,0,0,0,0,4,,0,0,0,23,4,0,,0,0,0,,,,,0,,,,,0,0,,,
,"/de/blogs/dolls-info-qustions/must-read-for-trans-men-sleeves-vs-electric-pocket-pussy-which-one-is-right-for-you",1,1,0,0,0,0,1,,0,0,0,0,1,1,,1,1,1,0,0,0,0,1,,0,0,0,0,1,1,,1,0,0,,,,,0,,,,,,0,0,,0
,"/en-fi/collections/femboys-sex-doll",1,1,0,0,0,0,13,,0,0,0,195,13,0,,0,1,1,0,0,0,0,13,,0,0,0,195,13,0,,0,0,0,,,,,0,,,,,0,0,,,
,"/en-ca/products/p112-24-46lb-fake-pussy-mini-sex-doll-torso-mrl",1,1,0,0,0,0,1,,0,0,0,0,1,1,,1,1,1,0,0,0,0,1,,0,0,0,0,1,1,,1,0,0,,,,,0,,,,,,0,0,,0
,"/en-ca/collections/bbw-medium-torso",1,1,0,0,0,0,7,,0,0,0,1857,7,0,,0,1,1,0,0,0,0,7,,0,0,0,1857,7,0,,0,0,0,,,,,0,,,,,0,0,,,
,"/ja/blogs/dolls-info-qustions/december-spotlight-sex-doll-torso-with-head",1,1,0,0,0,0,1,,0,0,0,0,1,1,,1,1,1,0,0,0,0,1,,0,0,0,0,1,1,,1,0,0,,,,,0,,,,,,0,0,,0
"Product","/products/t701-94cm-muscle-male-sex-torso-17cm-cock-qita-doll",1,1,0,0,0,0,1,,0,0,0,0,1,1,,1,1,1,0,0,0,0,1,,0,0,0,0,1,1,,1,0,0,,,,,0,,,,,,0,0,,0
,"/ja/blogs/dolls-info-qustions/the-best-asian-sex-doll-bezlya-sex-doll-2-2u-series-function-analysis",1,1,0,0,0,0,1,,0,0,0,0,1,1,,1,1,1,0,0,0,0,1,,0,0,0,0,1,1,,1,0,0,,,,,0,,,,,,0,0,,0
,"/en-ca/blogs/dolls-info-qustions/whats-the-difference-between-alien-sex-dolls-and-regular-sex-dolls",1,1,0,0,0,0,1,,0,0,0,0,1,1,,1,1,1,0,0,0,0,1,,0,0,0,0,1,1,,1,0,0,,,,,0,,,,,,0,0,,0
"Product","/products/f5449-150cm-5ft-27-5kg-silicone-anime-hentai-sex-dolls-elsa-babe",1,1,1,1,0,0,49,0,1,1,0,5485,49,0,0,0,1,1,1,1,0,0,49,0,1,1,0,5485,49,0,0,0,0,0,0,0,,,0,,0,0,,0,0,,,
,"/en-ca/products/f1405-158cm5ft2-32kg-h-cup-big-breast-tpe-sex-doll-aibei-doll",1,1,0,0,0,0,2,,0,0,0,32,2,0,,0,1,1,0,0,0,0,2,,0,0,0,32,2,0,,0,0,0,,,,,0,,,,,0,0,,,
,"/ja/pages/intellectual-property-rights",1,1,0,0,0,0,1,,0,0,0,0,1,1,,1,1,1,0,0,0,0,1,,0,0,0,0,1,1,,1,0,0,,,,,0,,,,,,0,0,,0
"Blog Article","/blogs/dolls-info-qustions/why-choose-a-flat-chest-sex-doll-a-comparison-with-bbw-sex-dolls",1,1,0,0,0,0,1,,0,0,0,0,1,1,,1,1,1,0,0,0,0,1,,0,0,0,0,1,1,,1,0,0,,,,,0,,,,,,0,0,,0
"Product","/products/t230-big-breast-torso-dildo-bisexual-torso",1,1,0,0,0,0,1,,0,0,0,0,1,1,,1,1,1,0,0,0,0,1,,0,0,0,0,1,1,,1,0,0,,,,,0,,,,,,0,0,,0
,"/en-ca/products/f5247-vicky-170cm5ft6-d-cup-white-skin-latina-tpe-sex-doll-jx-galaxy",1,1,0,0,0,0,3,,0,0,0,75,3,0,,0,1,1,0,0,0,0,3,,0,0,0,75,3,0,,0,0,0,,,,,0,,,,,0,0,,,
,"/en-ca/products/h927-se-tpe-sex-doll-head-se-doll-head",1,1,0,0,0,0,54,,0,0,0,2411,54,0,,0,1,1,0,0,0,0,54,,0,0,0,2411,54,0,,0,0,0,,,,,0,,,,,0,0,,,
,"/de/blogs/dolls-info-qustions/how-to-choose-a-sex-doll-torso-that-matches-your-height",1,1,0,0,0,0,1,,0,0,0,0,1,1,,1,1,1,0,0,0,0,1,,0,0,0,0,1,1,,1,0,0,,,,,0,,,,,,0,0,,0
,"/de/collections/lifesize-male-sex-doll-torso",1,1,0,0,0,0,1,,0,0,0,0,1,1,,1,1,1,0,0,0,0,1,,0,0,0,0,1,1,,1,0,0,,,,,0,,,,,,0,0,,0
"Custom Page","/pages/about-us",1,1,1,0,0,0,9,,1,0,0,229,9,0,,0,1,1,1,0,0,0,9,,1,0,0,229,9,0,,0,0,0,0,,,,0,,0,,,0,0,,,
"Checkout","/checkouts/cn/hWNE80dbqBAIgWVIlYDwzIhu/en-us",1,1,1,1,0,0,1,0,1,1,0,0,1,0,0,0,1,1,1,1,0,0,1,0,1,1,0,0,1,0,0,0,0,0,0,0,,,0,,0,0,,,0,,,
,"/ja/blogs/dolls-info-qustions/complete-guide-to-shemale-sex-dolls-meeting-all-your-needs",1,1,0,0,0,0,1,,0,0,0,0,1,1,,1,1,1,0,0,0,0,1,,0,0,0,0,1,1,,1,0,0,,,,,0,,,,,,0,0,,0
,"/en-fi/collections/top-rated-japanese-sex-dolls-in-2026",1,1,0,0,0,0,4,,0,0,0,365,4,0,,0,1,1,0,0,0,0,4,,0,0,0,365,4,0,,0,0,0,,,,,0,,,,,0,0,,,
"Product","/products/h696-ros-silicone-sex-doll-head%E4%B8%A8galatea-doll-head",1,1,0,0,0,0,1,,0,0,0,0,1,1,,1,1,1,0,0,0,0,1,,0,0,0,0,1,1,,1,0,0,,,,,0,,,,,,0,0,,0
,"/de/products/f9300-150cm-ros-silicone-head-alien-sex-doll-shemale-dildo",1,1,0,0,0,0,1,,0,0,0,0,1,1,,1,1,1,0,0,0,0,1,,0,0,0,0,1,1,,1,0,0,,,,,0,,,,,,0,0,,0
,"/ja/blogs/featured-blog/why-irontech-doll-has-become-a-global-leading-sex-doll-brand",1,1,0,0,0,0,1,,0,0,0,0,1,1,,1,1,1,0,0,0,0,1,,0,0,0,0,1,1,,1,0,0,,,,,0,,,,,,0,0,,0
"Product","/products/f4918-150cm4ft9-26-2kg-b-cup-small-breast-tpe-sex-doll-in-stock-usa-aibei-doll",1,1,0,0,0,0,1,,0,0,0,0,1,1,,1,1,1,0,0,0,0,1,,0,0,0,0,1,1,,1,0,0,,,,,0,,,,,,0,0,,0
"Blog Article","/blogs/dolls-info-qustions/exploring-the-best-personal-time-spaces",1,1,0,0,0,0,1,,0,0,0,0,1,1,,1,1,1,0,0,0,0,1,,0,0,0,0,1,1,,1,0,0,,,,,0,,,,,,0,0,,0
,"/en-ca/products/f4924-150cm4ft9-26-2kg-a-cup-small-breast-tpe-sex-doll-aibei-doll",1,1,0,0,0,0,2,,0,0,0,26,2,0,,0,1,1,0,0,0,0,2,,0,0,0,26,2,0,,0,0,0,,,,,0,,,,,0,0,,,
,"/en-ca/products/f2267-163cm-f-cup-eve-silicone-sex-doll-normon-doll",1,1,0,0,0,0,34,,0,0,0,2329,34,0,,0,1,1,0,0,0,0,34,,0,0,0,2329,34,0,,0,0,0,,,,,0,,,,,0,0,,,
"Product","/products/a301-41lb-realistic-big-booty-upper-thigh-silicone-torso-life-size-butt",1,1,0,0,0,0,42,,0,0,0,3375,42,0,,0,1,1,0,0,0,0,42,,0,0,0,3375,42,0,,0,0,0,,,,,0,,,,,0,0,,,
"Blog Article","/blogs/dolls-info-qustions/wanna-make-your-sex-doll-look-like-an-anime-character-heres-how",1,1,0,0,0,0,2,,0,0,0,37,2,0,,0,1,1,0,0,0,0,2,,0,0,0,37,2,0,,0,0,0,,,,,0,,,,,0,0,,,
"Product","/products/598-77lb-84cmlife-size-sex-doll-torso-with-head-and-hands",1,1,0,0,0,0,2,,0,0,0,25,2,0,,0,1,1,0,0,0,0,2,,0,0,0,25,2,0,,0,0,0,,,,,0,,,,,0,0,,,
"Product","/products/f5306-g-cup-real-silicone-sex-doll-top-fire-doll",1,1,0,0,0,0,1,,0,0,0,0,1,1,,1,1,1,0,0,0,0,1,,0,0,0,0,1,1,,1,0,0,,,,,0,,,,,,0,0,,0
,"/en-ca/blogs/dolls-info-qustions/full-size-sex-dolls-the-most-popular-types",1,1,0,0,0,0,1,,0,0,0,0,1,1,,1,1,1,0,0,0,0,1,,0,0,0,0,1,1,,1,0,0,,,,,0,,,,,,0,0,,0
,"/de/collections/luxurious-torso-sex-doll",1,1,0,0,0,0,3,,0,0,0,41,3,0,,0,1,1,0,0,0,0,3,,0,0,0,41,3,0,,0,0,0,,,,,0,,,,,0,0,,,
"Product","/products/top-cydoll-silicone-full-sex-doll-f8615",1,1,0,0,0,0,1,,0,0,0,0,1,1,,1,1,1,0,0,0,0,1,,0,0,0,0,1,1,,1,0,0,,,,,0,,,,,,0,0,,0
,"/ja/blogs/dolls-info-qustions/women-and-sex-toys-what-you-dont-know",1,1,0,0,0,0,1,,0,0,0,0,1,1,,1,1,1,0,0,0,0,1,,0,0,0,0,1,1,,1,0,0,,,,,0,,,,,,0,0,,0
,"/en-fi/products/p114-1-3lb-fake-pussy-realistic-masturbator-mini-sex-doll-torso-in-stock-mrl",1,1,0,0,0,0,1,,0,0,0,0,1,1,,1,1,1,0,0,0,0,1,,0,0,0,0,1,1,,1,0,0,,,,,0,,,,,,0,0,,0
"Product","/products/h02-irontech-doll-ros-customizable-silicone-sex-doll-head",1,1,0,0,0,0,28,,0,0,0,780,28,0,,0,1,1,0,0,0,0,28,,0,0,0,780,28,0,,0,0,0,,,,,0,,,,,0,0,,,
,"/en-ca/products/f2066-167cm5-5ft-42kg-f-cup-european-tpe-sex-doll%E4%B8%A8wm-doll",1,1,0,0,0,0,1,,0,0,0,0,1,1,,1,1,1,0,0,0,0,1,,0,0,0,0,1,1,,1,0,0,,,,,0,,,,,,0,0,,0
"Checkout","/60719464687/orders/064975a19edc9b183d8eb41472dc8577",1,1,0,0,0,0,1,,0,0,0,0,1,1,,1,1,1,0,0,0,0,1,,0,0,0,0,1,1,,1,0,0,,,,,0,,,,,,0,0,,0
,"/de/collections/mini-sex-doll",1,1,0,0,0,0,4,,0,0,0,42,4,0,,0,1,1,0,0,0,0,4,,0,0,0,42,4,0,,0,0,0,,,,,0,,,,,0,0,,,
"Product","/products/f6106-176cm-5-77ft-47kg-e-cup-ros-silicone-realistic-sex-doll-evasdoll",1,1,0,0,0,0,14,,0,0,0,963,14,0,,0,1,1,0,0,0,0,14,,0,0,0,963,14,0,,0,0,0,,,,,0,,,,,0,0,,,
"Product","/products/f9295-163cm5ft3-33kg-e-cup-life-size-ros-silicone-life-size-sex-dolls-lightweight-wm-doll",1,1,0,0,0,0,1,,0,0,0,0,1,1,,1,1,1,0,0,0,0,1,,0,0,0,0,1,1,,1,0,0,,,,,0,,,,,,0,0,,0
"Product","/products/f1444-aibei-163cm-e-cup-bbw-life-size-sex-doll",1,1,0,0,0,0,1,,0,0,0,0,1,1,,1,1,1,0,0,0,0,1,,0,0,0,0,1,1,,1,0,0,,,,,0,,,,,,0,0,,0
"Blog Index","/blogs/recent-brand-updates-new-arrivals-for-sex-dolls",1,1,0,0,0,0,11,,0,0,0,373,11,0,,0,1,1,0,0,0,0,11,,0,0,0,373,11,0,,0,0,0,,,,,0,,,,,0,0,,,
,"/en-ca/products/f5710-158cm-5ft2-36kg-g-cup-silicone-sexual-male-best-shemale-sex-doll-castle-doll",1,1,0,0,0,0,1,,0,0,0,0,1,1,,1,1,1,0,0,0,0,1,,0,0,0,0,1,1,,1,0,0,,,,,0,,,,,,0,0,,0
"Product","/products/f5834k-168cm-5ft5-35kg-f-cup-silicone-realistic-sex-doll-in-stock-usa-top-cydoll",1,1,0,0,0,0,9,,0,0,0,565,9,0,,0,1,1,0,0,0,0,9,,0,0,0,565,9,0,,0,0,0,,,,,0,,,,,0,0,,,
,"/en-ca/products/f3710-161cm5-3ft-zoey-f-cup-tpe-young-sexy-christmas-blonde-woman-love-doll-se-doll",1,1,0,0,0,0,1,,0,0,0,0,1,1,,1,1,1,0,0,0,0,1,,0,0,0,0,1,1,,1,0,0,,,,,0,,,,,,0,0,,0
"Blog Article","/blogs/dolls-info-qustions/5-reasons-fake-breasts-toys-are-trending",1,1,0,0,0,0,1,,0,0,0,0,1,1,,1,1,1,0,0,0,0,1,,0,0,0,0,1,1,,1,0,0,,,,,0,,,,,,0,0,,0
"Product","/products/f1964k-175cm5-7ft-e-cup-rachel-sex-doll-irontech-doll",1,1,0,0,0,0,1,,0,0,0,0,1,1,,1,1,1,0,0,0,0,1,,0,0,0,0,1,1,,1,0,0,,,,,0,,,,,,0,0,,0
,"/en-fi/blogs/dolls-info-qustions/what-types-of-cheap-sex-dolls-can-i-buy-on-linkdolls",1,1,0,0,0,0,1,,0,0,0,0,1,1,,1,1,1,0,0,0,0,1,,0,0,0,0,1,1,,1,0,0,,,,,0,,,,,,0,0,,0
"Product","/products/f5497-150cm-asian-petite-f-cup-japanese-sex-bot-moving-custom",1,1,0,0,0,0,1,,0,0,0,0,1,1,,1,1,1,0,0,0,0,1,,0,0,0,0,1,1,,1,0,0,,,,,0,,,,,,0,0,,0
"Checkout","/checkouts/cn/hWNDtgrggT7WdytYsqXkA36J/en-gb",1,1,0,1,0,0,1,0,0,1,0,0,1,0,,0,1,1,0,1,0,0,1,0,0,1,0,0,1,0,,0,0,0,,0,,,0,,,0,,,0,,,
"Checkout","/orders/9ed2cf594513e0e30be0d45c6f6f88e3",1,1,0,0,0,0,3,,0,0,0,1549,3,0,,0,1,1,0,0,0,0,3,,0,0,0,1549,3,0,,0,0,0,,,,,0,,,,,0,0,,,
,"/en-ca/blogs/dolls-info-qustions/what-is-it-like-to-use-a-shemale-sex-doll",1,1,0,0,0,0,5,,0,0,0,561,5,0,,0,1,1,0,0,0,0,5,,0,0,0,561,5,0,,0,0,0,,,,,0,,,,,0,0,,,
"Product","/products/f1379-158cm-i-cup-lisa-sex-doll-irontech-doll",1,1,0,0,0,0,1,,0,0,0,0,1,1,,1,1,1,0,0,0,0,1,,0,0,0,0,1,1,,1,0,0,,,,,0,,,,,,0,0,,0
"Product","/products/f2135-174cm5-7ft-45kg-g-cup-milf-tpe-sex-doll%E4%B8%A8wm-doll",1,1,0,0,0,0,1,,0,0,0,0,1,1,,1,1,1,0,0,0,0,1,,0,0,0,0,1,1,,1,0,0,,,,,0,,,,,,0,0,,0
,"/de/collections/se-doll-tpe-sex-doll",1,1,0,0,0,0,1,,0,0,0,0,1,1,,1,1,1,0,0,0,0,1,,0,0,0,0,1,1,,1,0,0,,,,,0,,,,,,0,0,,0
,"/ja/blogs/dolls-info-qustions/meet-the-new-black-sex-dolls-realistic-and-ready-to-please",1,1,0,0,0,0,1,,0,0,0,0,1,1,,1,1,1,0,0,0,0,1,,0,0,0,0,1,1,,1,0,0,,,,,0,,,,,,0,0,,0
,"/ja/blogs/dolls-info-qustions/sex-doll-robots",1,1,0,0,0,0,1,,0,0,0,0,1,1,,1,1,1,0,0,0,0,1,,0,0,0,0,1,1,,1,0,0,,,,,0,,,,,,0,0,,0
"Product","/products/f4708a-150cm4ft9-45kg-j-cup-lightweight-large-breast-fat-ass-tpe-bbw-real-sex-doll-doll-castle",1,1,1,1,0,0,10,0,1,1,0,445,10,0,0,0,1,1,1,1,0,0,10,0,1,1,0,445,10,0,0,0,0,0,0,0,,,0,,0,0,,0,0,,,
,"/en-ca/collections/qita-doll",1,1,0,0,0,0,1,,0,0,0,0,1,1,,1,1,1,0,0,0,0,1,,0,0,0,0,1,1,,1,0,0,,,,,0,,,,,,0,0,,0
,"/en-ca/products/f3084-171cm-e-cup-silicone-head-movable-jaw-sle-body-real-sex-doll-zelex-doll",1,1,0,0,0,0,2,,0,0,0,24,2,0,,0,1,1,0,0,0,0,2,,0,0,0,24,2,0,,0,0,0,,,,,0,,,,,0,0,,,
"Blog Article","/blogs/dolls-info-qustions/sex-doll-storage-furniture-discreet-safe-and-space-saving-solutions",1,1,0,0,0,0,1,,0,0,0,0,1,1,,1,1,1,0,0,0,0,1,,0,0,0,0,1,1,,1,0,0,,,,,0,,,,,,0,0,,0
"Product","/products/f3451-158cm5f2-31-25kg-c-cup-japanese-small-breast-tpe-sex-doll-aibei-doll",1,1,0,0,0,0,3,,0,0,0,346,3,0,,0,1,1,0,0,0,0,3,,0,0,0,346,3,0,,0,0,0,,,,,0,,,,,0,0,,,
"Product","/products/p131-11-2lbs-silicone-hentai-doll-play-sex-toy",1,1,0,0,0,0,17,,0,0,0,385,17,0,,0,1,1,0,0,0,0,17,,0,0,0,385,17,0,,0,0,0,,,,,0,,,,,0,0,,,
"Collection","/collections/black-sex-doll-under-100",1,1,0,0,0,0,1,,0,0,0,0,1,1,,1,1,1,0,0,0,0,1,,0,0,0,0,1,1,,1,0,0,,,,,0,,,,,,0,0,,0
"Product","/products/p72-8-82lb-6-5-5-5inch-dildo-diphallia-futanari-double-penis-sex-doll-torso-mrl",1,1,0,0,0,0,1,,0,0,0,0,1,1,,1,1,1,0,0,0,0,1,,0,0,0,0,1,1,,1,0,0,,,,,0,,,,,,0,0,,0
"Custom Page","/pages/best-sex-doll-promotions",1,1,0,0,0,0,1,,0,0,0,0,1,1,,1,1,1,0,0,0,0,1,,0,0,0,0,1,1,,1,0,0,,,,,0,,,,,,0,0,,0
"Product","/products/f2006-157cm5-1ft-28-6kg-b-cup-flat-chested-life-size-tpe-sex-doll-in-stock-usa-%E4%B8%A8wm-doll",1,1,0,0,0,0,2,,0,0,0,616,2,0,,0,1,1,0,0,0,0,2,,0,0,0,616,2,0,,0,0,0,,,,,0,,,,,0,0,,,
,"/en-ca/blogs/dolls-info-qustions/tpe-dolls-tearing-and-peeling-difficulties-easy-to-solve-there-is-a-trick",1,1,0,0,0,0,1,,0,0,0,0,1,1,,1,1,1,0,0,0,0,1,,0,0,0,0,1,1,,1,0,0,,,,,0,,,,,,0,0,,0
,"/en-ca/products/f2031-162cm5-3ft-34kg-f-cup-european-tpe-sex-doll%E4%B8%A8wm-doll",1,1,0,0,0,0,1,,0,0,0,0,1,1,,1,1,1,0,0,0,0,1,,0,0,0,0,1,1,,1,0,0,,,,,0,,,,,,0,0,,0
"Product","/products/f1876-165cm5ft4-a-cup-xiu-most-realistic-sex-doll-irontech-doll",1,1,0,0,0,0,1,,0,0,0,0,1,1,,1,1,1,0,0,0,0,1,,0,0,0,0,1,1,,1,0,0,,,,,0,,,,,,0,0,,0
"Collection","/collections/sigafun-in-stock-europe-2026",1,1,0,0,0,0,1,,0,0,0,0,1,1,,1,1,1,0,0,0,0,1,,0,0,0,0,1,1,,1,0,0,,,,,0,,,,,,0,0,,0
,"/en-fi/collections/s-tpe-doll",1,1,0,0,0,0,2,,0,0,0,51,2,0,,0,1,1,0,0,0,0,2,,0,0,0,51,2,0,,0,0,0,,,,,0,,,,,0,0,,,
"Product","/products/linkdolls-f3251-150cm-4ft935-5kg-leslie-g-cup-big-breasted-european-nude-beauty-sex-doll-yl-doll",1,1,0,0,0,0,1,,0,0,0,0,1,1,,1,1,1,0,0,0,0,1,,0,0,0,0,1,1,,1,0,0,,,,,0,,,,,,0,0,,0
,"/en-ca/products/f3442-aibei-h-cup-sucking-life-size-sex-doll",1,1,0,0,0,0,1,,0,0,0,0,1,1,,1,1,1,0,0,0,0,1,,0,0,0,0,1,1,,1,0,0,,,,,0,,,,,,0,0,,0
"Product","/products/f3535-172cm5-6ft-39kg-b-cup-asian-tpe-sex-doll%E4%B8%A8wm-doll",1,1,0,0,0,0,1,,0,0,0,0,1,1,,1,1,1,0,0,0,0,1,,0,0,0,0,1,1,,1,0,0,,,,,0,,,,,,0,0,,0
"Product","/products/f2081-172cm-5ft6-f-cup-silicone-sex-doll-starpery-doll",1,1,0,0,0,0,1,,0,0,0,0,1,1,,1,1,1,0,0,0,0,1,,0,0,0,0,1,1,,1,0,0,,,,,0,,,,,,0,0,,0
,"/ja/collections/hr-doll-factory-photos",1,1,0,0,0,0,2,,0,0,0,20,2,0,,0,1,1,0,0,0,0,2,,0,0,0,20,2,0,,0,0,0,,,,,0,,,,,0,0,,,
,"/en-ca/pages/celebrity-sex-doll-guide",1,1,0,0,0,0,1,,0,0,0,0,1,1,,1,1,1,0,0,0,0,1,,0,0,0,0,1,1,,1,0,0,,,,,0,,,,,,0,0,,0
"Product","/products/f7647-160cm-5ft3-c-cup-weight-loss-silicone-sex-doll-starpery-doll",1,1,0,0,0,0,1,,0,0,0,0,1,1,,1,1,1,0,0,0,0,1,,0,0,0,0,1,1,,1,0,0,,,,,0,,,,,,0,0,,0
,"/en-ca/collections/in-stock-usa-1",1,1,0,0,0,0,1,,0,0,0,0,1,1,,1,1,1,0,0,0,0,1,,0,0,0,0,1,1,,1,0,0,,,,,0,,,,,,0,0,,0
"Product","/products/a310-30lb-soft-silicone-soft-realistic-big-ass-sex-dolls-torso",1,1,0,0,0,0,3,,0,0,0,69,3,0,,0,1,1,0,0,0,0,3,,0,0,0,69,3,0,,0,0,0,,,,,0,,,,,0,0,,,
"Blog Article","/blogs/dolls-info-qustions/the-emotional-magic-of-love-dolls",1,1,0,0,0,0,1,,0,0,0,0,1,1,,1,1,1,0,0,0,0,1,,0,0,0,0,1,1,,1,0,0,,,,,0,,,,,,0,0,,0
,"/en-ca/collections/mini-bbw-sex-doll",1,1,0,0,0,0,11,,0,0,0,1579,11,0,,0,1,1,0,0,0,0,11,,0,0,0,1579,11,0,,0,0,0,,,,,0,,,,,0,0,,,
"Product","/products/9231874228463",1,1,0,0,0,0,1,,0,0,0,0,1,1,,1,1,1,0,0,0,0,1,,0,0,0,0,1,1,,1,0,0,,,,,0,,,,,,0,0,,0
"Product","/products/f6199-159cm5-2ft-33-5kg-h-cup-ros-max-r12-halloween-silicone-sex-doll-real-lady",1,1,0,0,0,0,2,,0,0,0,710,2,0,,0,1,1,0,0,0,0,2,,0,0,0,710,2,0,,0,0,0,,,,,0,,,,,0,0,,,
,"/de/products/t444-37-48lb-realistic-silicone-shemale-sex-doll-torso-with-8-3-huge-detachable-dildo-lovenestle-series",1,1,0,0,0,0,2,,0,0,0,4,2,0,,0,1,1,0,0,0,0,2,,0,0,0,4,2,0,,0,0,0,,,,,0,,,,,0,0,,,
,"/en-fi/collections/cheap-sex-doll",1,1,0,0,0,0,14,,0,0,0,98,14,0,,0,1,1,0,0,0,0,14,,0,0,0,98,14,0,,0,0,0,,,,,0,,,,,0,0,,,
"Blog Article","/blogs/dolls-info-qustions/10-countries-legal-to-buy-sex-dolls",1,1,0,0,0,0,13,,0,0,0,3654,13,0,,0,1,1,0,0,0,0,13,,0,0,0,3654,13,0,,0,0,0,,,,,0,,,,,0,0,,,
"Blog Article","/blogs/dolls-info-qustions/japanese-wives-image",1,1,0,0,0,0,1,,0,0,0,0,1,1,,1,1,1,0,0,0,0,1,,0,0,0,0,1,1,,1,0,0,,,,,0,,,,,,0,0,,0
"Blog Article","/blogs/dolls-info-qustions/zelex-inspiration-series-2-0-gets-a-full-scale-upgrade-ultra-realistic-dolls-are-here-to-amaze",1,1,0,0,0,0,1,,0,0,0,0,1,1,,1,1,1,0,0,0,0,1,,0,0,0,0,1,1,,1,0,0,,,,,0,,,,,,0,0,,0
,"/en-ca/collections/teen-sex-dolls",1,1,0,0,0,0,1,,0,0,0,0,1,1,,1,1,1,0,0,0,0,1,,0,0,0,0,1,1,,1,0,0,,,,,0,,,,,,0,0,,0
,"/en-ca/blogs/dolls-info-qustions/porn-stars-brought-to-life-the-irontech-porn-star-series-that-ignites-your-desire",1,1,0,0,0,0,1,,0,0,0,0,1,1,,1,1,1,0,0,0,0,1,,0,0,0,0,1,1,,1,0,0,,,,,0,,,,,,0,0,,0
"Product","/products/f1960k-175cm5-7ft-e-cup-angelia-sex-doll-irontech-doll-1",1,1,0,0,0,0,3,,0,0,0,8,3,0,,0,1,1,0,0,0,0,3,,0,0,0,8,3,0,,0,0,0,,,,,0,,,,,0,0,,,
"Product","/products/h632-sex-silicone-sex-doll-head-zelex-doll-head",1,1,0,0,0,0,1,,0,0,0,0,1,1,,1,1,1,0,0,0,0,1,,0,0,0,0,1,1,,1,0,0,,,,,0,,,,,,0,0,,0
"Product","/products/f6266-172cm-5-6ft-37-5kg-a-cup-realistic-flat-chest-sex-doll-with-ros-head-top-cydoll",1,1,0,0,0,0,1,,0,0,0,0,1,1,,1,1,1,0,0,0,0,1,,0,0,0,0,1,1,,1,0,0,,,,,0,,,,,,0,0,,0
"Product","/products/h873-silicone-sex-doll-head-elsa-babe-head",1,1,0,0,0,0,1,,0,0,0,0,1,1,,1,1,1,0,0,0,0,1,,0,0,0,0,1,1,,1,0,0,,,,,0,,,,,,0,0,,0
"Blog Article","/blogs/dolls-info-qustions/the-role-of-torso-sex-dolls-in-dating",1,1,0,0,0,0,2,,0,0,0,133,2,0,,0,1,1,0,0,0,0,2,,0,0,0,133,2,0,,0,0,0,,,,,0,,,,,0,0,,,
,"/en-ca/products/f1461-157cm5ft1-32kg-d-cup-medium-breast-silicone-head-sex-doll-aibei-doll",1,1,0,0,0,0,1,,0,0,0,0,1,1,,1,1,1,0,0,0,0,1,,0,0,0,0,1,1,,1,0,0,,,,,0,,,,,,0,0,,0
,"/en-fi/blogs/dolls-info-qustions/porn-stars-brought-to-life-the-irontech-porn-star-series-that-ignites-your-desire",1,1,0,0,0,0,1,,0,0,0,0,1,1,,1,1,1,0,0,0,0,1,,0,0,0,0,1,1,,1,0,0,,,,,0,,,,,,0,0,,0
"Custom Page","/pages/all-sex-doll-brand-anti-fake-system",1,1,0,0,0,0,1,,0,0,0,0,1,1,,1,1,1,0,0,0,0,1,,0,0,0,0,1,1,,1,0,0,,,,,0,,,,,,0,0,,0
"Blog Article","/blogs/complete-sex-doll-guide-for-beginners/zero-to-hero-guide-how-first-timers-should-choose-full-body-sex-dolls",1,1,0,0,0,0,1,,0,0,0,0,1,1,,1,1,1,0,0,0,0,1,,0,0,0,0,1,1,,1,0,0,,,,,0,,,,,,0,0,,0
,"/ja/collections/smiling-hentai-sex-doll",1,1,0,0,0,0,1,,0,0,0,1,1,1,,1,1,1,0,0,0,0,1,,0,0,0,1,1,1,,1,0,0,,,,,0,,,,,0,0,0,,0
,"/de/blogs/dolls-info-qustions/flashlight-and-pocket-pussies-revealed-pleasure-and-precautions",1,1,0,0,0,0,1,,0,0,0,0,1,1,,1,1,1,0,0,0,0,1,,0,0,0,0,1,1,,1,0,0,,,,,0,,,,,,0,0,,0
"Product","/products/t68-luxury-lifelike-silicone-sex-doll-torso-sigafun-doll",1,1,0,0,0,0,1,,0,0,0,0,1,1,,1,1,1,0,0,0,0,1,,0,0,0,0,1,1,,1,0,0,,,,,0,,,,,,0,0,,0
,"/en-ca/collections/sex-doll-with-electric-hip-and-waist",1,1,0,0,0,0,5,,0,0,0,341,5,0,,0,1,1,0,0,0,0,5,,0,0,0,341,5,0,,0,0,0,,,,,0,,,,,0,0,,,
,"/en-fi/blogs/dolls-info-qustions/how-to-integrate-sex-toys-and-torso-sex-dolls-into-foreplay",1,1,0,0,0,0,1,,0,0,0,0,1,1,,1,1,1,0,0,0,0,1,,0,0,0,0,1,1,,1,0,0,,,,,0,,,,,,0,0,,0
,"/en-ca/blogs/sex-doll-option-videos/video-12-auto-blowjob",1,1,0,0,0,0,3,,0,0,0,19,3,0,,0,1,1,0,0,0,0,3,,0,0,0,19,3,0,,0,0,0,,,,,0,,,,,0,0,,,
"Product","/products/539-big-ass-sex-doll-torso",1,1,0,0,0,0,1,,0,0,0,0,1,1,,1,1,1,0,0,0,0,1,,0,0,0,0,1,1,,1,0,0,,,,,0,,,,,,0,0,,0
,"/en-ca/collections/firefly-diary",1,1,0,0,0,0,2,,0,0,0,18,2,0,,0,1,1,0,0,0,0,2,,0,0,0,18,2,0,,0,0,0,,,,,0,,,,,0,0,,,
"Product","/products/h167-1",1,1,0,0,0,0,2,,0,0,0,84,2,0,,0,1,1,0,0,0,0,2,,0,0,0,84,2,0,,0,0,0,,,,,0,,,,,0,0,,,
"Product","/products/9022084055279",1,1,0,0,0,0,1,,0,0,0,0,1,1,,1,1,1,0,0,0,0,1,,0,0,0,0,1,1,,1,0,0,,,,,0,,,,,,0,0,,0
"Product","/products/f3878-166cm-5ft5-i-cup-sexy-thick-lips-blonde-tpe-sex-doll-hr-doll",1,1,0,0,0,0,1,,0,0,0,0,1,1,,1,1,1,0,0,0,0,1,,0,0,0,0,1,1,,1,0,0,,,,,0,,,,,,0,0,,0
,"/en-fi/blogs/dolls-info-qustions/top-5-most-popular-silicone-torso-sex-dolls-which-one-is-the-true-goddess",1,1,0,0,0,0,1,,0,0,0,0,1,1,,1,1,1,0,0,0,0,1,,0,0,0,0,1,1,,1,0,0,,,,,0,,,,,,0,0,,0
,"/en-ca/blogs/dolls-info-qustions/most-comprehensive-guideline-of-best-sex-dolls-sex-doll-torsos",1,1,0,0,0,0,1,,0,0,0,0,1,1,,1,1,1,0,0,0,0,1,,0,0,0,0,1,1,,1,0,0,,,,,0,,,,,,0,0,,0
,"/en-ca/products/h990-iron-ai-talking-ros-max-silicone-blowjob-sex-doll-head-real-lady-doll",1,1,0,0,0,0,1,,0,0,0,0,1,1,,1,1,1,0,0,0,0,1,,0,0,0,0,1,1,,1,0,0,,,,,0,,,,,,0,0,,0
"Product","/products/p96-0-62lb-owl-elf-cheap-silicone-anime-hentai-pocket-pussy-mrl",1,1,0,0,0,0,1,,0,0,0,0,1,1,,1,1,1,0,0,0,0,1,,0,0,0,0,1,1,,1,0,0,,,,,0,,,,,,0,0,,0
"Product","/collections/sex-doll-torso/products/592-67lb-75cm-bbw-sex-doll-torso-big-tits-big-ass-sex-doll-torso",1,1,0,0,0,0,9,,0,0,0,679,9,0,,0,1,1,0,0,0,0,9,,0,0,0,679,9,0,,0,0,0,,,,,0,,,,,0,0,,,
,"/en-ca/collections/sex-focused-robot-sex-doll",1,1,0,0,0,0,2,,0,0,0,54,2,0,,0,1,1,0,0,0,0,2,,0,0,0,54,2,0,,0,0,0,,,,,0,,,,,0,0,,,
"Collection","/collections/rui-mei",1,1,0,0,0,0,1,,0,0,0,0,1,1,,1,1,1,0,0,0,0,1,,0,0,0,0,1,1,,1,0,0,,,,,0,,,,,,0,0,,0
"Collection","/collections/self-cleaning-ai-sex-doll",1,1,0,0,0,0,1,,0,0,0,0,1,1,,1,1,1,0,0,0,0,1,,0,0,0,0,1,1,,1,0,0,,,,,0,,,,,,0,0,,0
,"/de/products/f5568-150cm-5ft-27-5kg-japanese-anime-silicone-sex-doll-elsa-babe",1,1,0,0,0,0,2,,0,0,0,40,2,0,,0,1,1,0,0,0,0,2,,0,0,0,40,2,0,,0,0,0,,,,,0,,,,,0,0,,,
,"/en-ca/account/unsubscribe",1,1,0,0,0,0,1,,0,0,0,0,1,1,,1,1,1,0,0,0,0,1,,0,0,0,0,1,1,,1,0,0,,,,,0,,,,,,0,0,,0
"Blog Article","/blogs/dolls-info-qustions/tpe-torso-silicone-torso-vs-full-body-silicone-sex-doll-a-comprehensive-practical-guide-from-beginner-to-advanced",1,1,0,0,0,0,1,,0,0,0,0,1,1,,1,1,1,0,0,0,0,1,,0,0,0,0,1,1,,1,0,0,,,,,0,,,,,,0,0,,0
,"/de/collections/natural-huge-breast-sex-doll",1,1,0,0,0,0,1,,0,0,0,0,1,1,,1,1,1,0,0,0,0,1,,0,0,0,0,1,1,,1,0,0,,,,,0,,,,,,0,0,,0
,"/en-fi/blogs/sex-doll-torso-blog/must-have-in-july-high-value-bbw-torso-sex-doll-recommendations",1,1,0,0,0,0,1,,0,0,0,0,1,1,,1,1,1,0,0,0,0,1,,0,0,0,0,1,1,,1,0,0,,,,,0,,,,,,0,0,,0
,"/en-ca/products/t634-28-6lb-donna-sexy-sex-doll-male-masturbator-for-beginners%E4%B8%A8tantaly",1,1,0,0,0,0,1,,0,0,0,0,1,1,,1,1,1,0,0,0,0,1,,0,0,0,0,1,1,,1,0,0,,,,,0,,,,,,0,0,,0
"Product","/products/irontech-big-ass-silicone-doll-165cm-g-cup-f740",1,1,0,0,0,0,2,,0,0,0,63,2,0,,0,1,1,0,0,0,0,2,,0,0,0,63,2,0,,0,0,0,,,,,0,,,,,0,0,,,
"Product","/products/603-20lb-sexy-and-real-realistic-3d-ass-sex-doll-torso",1,1,0,0,0,0,1,,0,0,0,0,1,1,,1,1,1,0,0,0,0,1,,0,0,0,0,1,1,,1,0,0,,,,,0,,,,,,0,0,,0
"Product","/products/f1897k-166cm5-45ft-e-cup-elf-most-realistic-sex-doll-irontech-doll",1,1,0,0,0,0,1,,0,0,0,0,1,1,,1,1,1,0,0,0,0,1,,0,0,0,0,1,1,,1,0,0,,,,,0,,,,,,0,0,,0
"Product","/products/f7105-165cm-5ft4-35kg-f-cup-silicon-sexual-european-sex-doll-castle-doll",1,1,0,0,0,0,1,,0,0,0,0,1,1,,1,1,1,0,0,0,0,1,,0,0,0,0,1,1,,1,0,0,,,,,0,,,,,,0,0,,0
,"/en-fi/blogs/dolls-info-qustions/ido-doll-weight-reduction-technology-4-0-innovation-and-breakthrough",1,1,0,0,0,0,1,,0,0,0,0,1,1,,1,1,1,0,0,0,0,1,,0,0,0,0,1,1,,1,0,0,,,,,0,,,,,,0,0,,0
"Product","/products/t90972-8lbsblack-bbw-tpe-torso-sex-doll-with-huge-breasts-cliamx-doll-classic",1,1,0,0,0,0,1,,0,0,0,0,1,1,,1,1,1,0,0,0,0,1,,0,0,0,0,1,1,,1,0,0,,,,,0,,,,,,0,0,,0
,"/de/blogs/dolls-info-qustions/a-must-read-for-anime-fans-anime-futa-sex-dolls-bring-your-2d-fantasy-to-life",1,1,0,0,0,0,1,,0,0,0,0,1,1,,1,1,1,0,0,0,0,1,,0,0,0,0,1,1,,1,0,0,,,,,0,,,,,,0,0,,0
"Blog Article","/blogs/sex-doll-option-videos/video02-evo-skeleton-and-exp-skeleton/",1,1,0,0,0,0,1,,0,0,0,0,1,1,,1,1,1,0,0,0,0,1,,0,0,0,0,1,1,,1,0,0,,,,,0,,,,,,0,0,,0
"Product","/products/t450-65-92lb-silicone-big-boobs-sex-doll-torso-lovenestle",1,1,0,0,0,0,2,,0,0,0,87,2,0,,0,1,1,0,0,0,0,2,,0,0,0,87,2,0,,0,0,0,,,,,0,,,,,0,0,,,
"Collection","/collections/anime-sex-doll-stpe",1,1,0,0,0,0,2,,0,0,0,5,2,0,,0,1,1,0,0,0,0,2,,0,0,0,5,2,0,,0,0,0,,,,,0,,,,,0,0,,,
,"/en-ca/collections/ai-sex-doll",1,1,0,0,0,0,3,,0,0,0,368,3,0,,0,1,1,0,0,0,0,3,,0,0,0,368,3,0,,0,0,0,,,,,0,,,,,0,0,,,
"Product","/products/p394-2-2lbs-little-jade-dragon-anime-pocket-pussy-onahole-hentai-sex-doll-mrl",1,1,0,0,0,0,1,,0,0,0,0,1,1,,1,1,1,0,0,0,0,1,,0,0,0,0,1,1,,1,0,0,,,,,0,,,,,,0,0,,0
"Product","/products/f8103-159cm5-2ft-33-5kg-h-cup-r12-max-life-size-silicone-sex-doll-real-lady",1,1,0,0,0,0,1,,0,0,0,0,1,1,,1,1,1,0,0,0,0,1,,0,0,0,0,1,1,,1,0,0,,,,,0,,,,,,0,0,,0
,"/ja/blogs/dolls-info-qustions/tpe-torso-silicone-torso-vs-full-body-silicone-sex-doll-a-comprehensive-practical-guide-from-beginner-to-advanced",1,1,0,0,0,0,1,,0,0,0,0,1,1,,1,1,1,0,0,0,0,1,,0,0,0,0,1,1,,1,0,0,,,,,0,,,,,,0,0,,0
"Product","/products/f1372-158cm-i-cup-tanned-lola-sex-doll-irontech-doll",1,1,0,0,0,0,7,,0,0,0,1506,7,0,,0,1,1,0,0,0,0,7,,0,0,0,1506,7,0,,0,0,0,,,,,0,,,,,0,0,,,
,"/en-fi/collections/arab-sex-doll-experience-the-exotic-allure",1,1,0,0,0,0,1,,0,0,0,0,1,1,,1,1,1,0,0,0,0,1,,0,0,0,0,1,1,,1,0,0,,,,,0,,,,,,0,0,,0
,"/en-ca/collections/fat-sex-doll",1,1,0,0,0,0,9,,0,0,0,341,9,0,,0,1,1,0,0,0,0,9,,0,0,0,341,9,0,,0,0,0,,,,,0,,,,,0,0,,,
,"/ja/collections/sex-doll-videos",1,1,0,0,0,0,2,,0,0,0,3,2,0,,0,1,1,0,0,0,0,2,,0,0,0,3,2,0,,0,0,0,,,,,0,,,,,0,0,,,
,"/de/blogs/dolls-info-qustions/3-reasons-why-couples-must-use-sex-torso",1,1,0,0,0,0,2,,0,0,0,30,2,0,,0,1,1,0,0,0,0,2,,0,0,0,30,2,0,,0,0,0,,,,,0,,,,,0,0,,,
"Product","/products/t260-12lbs-big-breast-torso-dildo-vagina-femboy-trans-male-shemale-sex-doll-torso-qsx",1,1,0,0,0,0,1,,0,0,0,0,1,1,,1,1,1,0,0,0,0,1,,0,0,0,0,1,1,,1,0,0,,,,,0,,,,,,0,0,,0
,"/en-ca/blogs/dolls-info-qustions/the-ultimate-guide-to-best-stuffed-animal-sex-dolls-in-2025",1,1,0,0,0,0,1,,0,0,0,0,1,1,,1,1,1,0,0,0,0,1,,0,0,0,0,1,1,,1,0,0,,,,,0,,,,,,0,0,,0
,"/ja/blogs/dolls-info-qustions/how-a-most-realistic-male-sex-doll-is-manufactured",1,1,0,0,0,0,1,,0,0,0,0,1,1,,1,1,1,0,0,0,0,1,,0,0,0,0,1,1,,1,0,0,,,,,0,,,,,,0,0,,0
"Collection","/collections/sex-doll-ass",1,1,1,0,0,0,13,,1,0,0,739,13,0,,0,1,1,1,0,0,0,13,,1,0,0,739,13,0,,0,0,0,0,,,,0,,0,,,0,0,,,
,"/en-ca/collections/evasdoll",1,1,0,0,0,0,2,,0,0,0,29,2,0,,0,1,1,0,0,0,0,2,,0,0,0,29,2,0,,0,0,0,,,,,0,,,,,0,0,,,
,"/ja/blogs/dolls-info-qustions/how-to-choose-the-perfect-life-size-silicone-sex-doll-create-your-ideal-companion",1,1,0,0,0,0,1,,0,0,0,0,1,1,,1,1,1,0,0,0,0,1,,0,0,0,0,1,1,,1,0,0,,,,,0,,,,,,0,0,,0
,"/ja/blogs/dolls-info-qustions/ways-to-interact-with-femboy-sex-dolls",1,1,0,0,0,0,1,,0,0,0,0,1,1,,1,1,1,0,0,0,0,1,,0,0,0,0,1,1,,1,0,0,,,,,0,,,,,,0,0,,0
"Product","/products/f6264-168cm-5ft5-47kg-d-cup-lifelike-asian-ros-silicone-sex-doll-shedoll",1,1,0,0,0,0,1,,0,0,0,0,1,1,,1,1,1,0,0,0,0,1,,0,0,0,0,1,1,,1,0,0,,,,,0,,,,,,0,0,,0
"Product","/products/f1223-160cm-i-cup-pearl-black-lady-sex-doll-irontech-doll",1,1,0,0,0,0,2,,0,0,0,27,2,0,,0,1,1,0,0,0,0,2,,0,0,0,27,2,0,,0,0,0,,,,,0,,,,,0,0,,,
"Product","/products/h959-sex-doll-head-silicone-girl-with-dreadlocks-irontech-doll-head",1,1,0,0,0,0,1,,0,0,0,0,1,1,,1,1,1,0,0,0,0,1,,0,0,0,0,1,1,,1,0,0,,,,,0,,,,,,0,0,,0
,"/de/blogs/dolls-info-qustions/zelex-fusion-series-redefining-realism-in-lifelike-dolls",1,1,0,0,0,0,2,,0,0,0,5,2,0,,0,1,1,0,0,0,0,2,,0,0,0,5,2,0,,0,0,0,,,,,0,,,,,0,0,,,
"Product","/products/t444-37-48lb-realistic-silicone-shemale-sex-doll-torso-with-8-3-huge-detachable-dildo-lovenestle-series",1,1,0,0,0,0,11,,0,0,0,515,11,0,,0,1,1,0,0,0,0,11,,0,0,0,515,11,0,,0,0,0,,,,,0,,,,,0,0,,,
"Blog Article","/blogs/featured-blog/bbw-sex-doll-experience-evas-doll-f6096-162cm-h-cup",1,1,0,0,0,0,1,,0,0,0,0,1,1,,1,1,1,0,0,0,0,1,,0,0,0,0,1,1,,1,0,0,,,,,0,,,,,,0,0,,0
,"/de/products/h435-ros-free-hair-impants-real-oral-movable-jaw-silicone-sex-doll-head-sy-doll",1,1,0,0,0,0,1,,0,0,0,0,1,1,,1,1,1,0,0,0,0,1,,0,0,0,0,1,1,,1,0,0,,,,,0,,,,,,0,0,,0
"Product","/products/f2413-movable-jaw-realistic-sex-robots-sy",1,1,0,0,0,0,3,,0,0,0,1242,3,0,,0,1,1,0,0,0,0,3,,0,0,0,1242,3,0,,0,0,0,,,,,0,,,,,0,0,,,
,"/ja/collections/milf-sex-dolls",1,1,0,0,0,0,1,,0,0,0,0,1,1,,1,1,1,0,0,0,0,1,,0,0,0,0,1,1,,1,0,0,,,,,0,,,,,,0,0,,0
"Product","/products/t610-45lb-ruka-momoto-obokozu-japanese-sex-doll-life-size-with-tantabosom%E4%B8%A8tantaly",1,1,0,0,0,0,1,,0,0,0,0,1,1,,1,1,1,0,0,0,0,1,,0,0,0,0,1,1,,1,0,0,,,,,0,,,,,,0,0,,0
,"/en-ca/blogs/dolls-info-qustions/latest-mini-anime-sex-dolls-are-here-compact-and-fun",1,1,0,0,0,0,1,,0,0,0,0,1,1,,1,1,1,0,0,0,0,1,,0,0,0,0,1,1,,1,0,0,,,,,0,,,,,,0,0,,0
,"/en-ca/products/f2385-163cm5-3ft-g-cup-138-bbw-big-butt-tpe-sex-doll%E4%B8%A8sy-doll",1,1,0,0,0,0,5,,0,0,0,653,5,0,,0,1,1,0,0,0,0,5,,0,0,0,653,5,0,,0,0,0,,,,,0,,,,,0,0,,,
,"/de/blogs/dolls-info-qustions/vajankle-vs-fake-pussy-what-s-the-difference-5",1,1,0,0,0,0,1,,0,0,0,0,1,1,,1,1,1,0,0,0,0,1,,0,0,0,0,1,1,,1,0,0,,,,,0,,,,,,0,0,,0
"Product","/products/h401-ros-free-hair-impants-real-oral-movable-jaw-silicone-sex-doll-head",1,1,0,0,0,0,10,,0,0,0,384,10,0,,0,1,1,0,0,0,0,10,,0,0,0,384,10,0,,0,0,0,,,,,0,,,,,0,0,,,
,"/en-ca/products/f5575-150cm4ft9-33kg-f-cup-milf-tpe-sex-doll-aibei-doll",1,1,0,0,0,0,6,,0,0,0,72,6,0,,0,1,1,0,0,0,0,6,,0,0,0,72,6,0,,0,0,0,,,,,0,,,,,0,0,,,
,"/de/collections/bezlya",1,1,0,0,0,0,2,,0,0,0,139,2,0,,0,1,1,0,0,0,0,2,,0,0,0,139,2,0,,0,0,0,,,,,0,,,,,0,0,,,
"Blog Article","/blogs/dolls-info-qustions/a-closer-look-at-the-firefly-diary-brand",1,1,0,0,0,0,32,,0,0,0,4676,32,0,,0,1,1,0,0,0,0,32,,0,0,0,4676,32,0,,0,0,0,,,,,0,,,,,0,0,,,
"Product","/products/t285k-103cm-3ft5-j-cup-natural-nadia-voss-a-silicon-sex-doll-torso-with-head-in-stock-us-eu-se-doll",1,1,0,0,0,0,1,,0,0,0,0,1,1,,1,1,1,0,0,0,0,1,,0,0,0,0,1,1,,1,0,0,,,,,0,,,,,,0,0,,0
"Product","/products/f1247-164cm-f-cup-luna-big-boobs-doll-irontech-doll",1,1,0,0,0,0,1,,0,0,0,0,1,1,,1,1,1,0,0,0,0,1,,0,0,0,0,1,1,,1,0,0,,,,,0,,,,,,0,0,,0
"Product","/products/f4819-161cm-5ft346kg-m-cup-sexy-silicone-ros-biggest-bbw-sex-doll-hr-doll",1,1,0,0,0,0,10,,0,0,0,169,10,0,,0,1,1,0,0,0,0,10,,0,0,0,169,10,0,,0,0,0,,,,,0,,,,,0,0,,,
"Product","/products/58313-2lb-27-5-sex-doll-legs",1,1,0,0,0,0,1,,0,0,0,0,1,1,,1,1,1,0,0,0,0,1,,0,0,0,0,1,1,,1,0,0,,,,,0,,,,,,0,0,,0
"Blog Article","/blogs/dolls-info-qustions/limited-time-special-cheap-life-size-sex-dolls-from-as-low-as-799",1,1,0,0,0,0,1,,0,0,0,0,1,1,,1,1,1,0,0,0,0,1,,0,0,0,0,1,1,,1,0,0,,,,,0,,,,,,0,0,,0
,"/en-ca/blogs/dolls-info-qustions/safely-disposing-the-used-sex-dolls",1,1,0,0,0,0,1,,0,0,0,0,1,1,,1,1,1,0,0,0,0,1,,0,0,0,0,1,1,,1,0,0,,,,,0,,,,,,0,0,,0
,"/en-ca/products/top-fire-doll-170cm-silicone-doll-f8602",1,1,0,0,0,0,1,,0,0,0,0,1,1,,1,1,1,0,0,0,0,1,,0,0,0,0,1,1,,1,0,0,,,,,0,,,,,,0,0,,0
,"/en-ca/products/f4830-158cm-29kg-d-cup-elf-fantasy-tpe-sexual-best-alien-sex-doll-in-stock-usa-castle-doll",1,1,0,0,0,0,2,,0,0,0,17,2,0,,0,1,1,0,0,0,0,2,,0,0,0,17,2,0,,0,0,0,,,,,0,,,,,0,0,,,
"Collection","/collections/alien-sex-doll-heads-1",1,1,0,0,0,0,1,,0,0,0,0,1,1,,1,1,1,0,0,0,0,1,,0,0,0,0,1,1,,1,0,0,,,,,0,,,,,,0,0,,0
"Product","/products/l42548-5lb-117cm-silicone-leg-and-foot-worship-model-for-femdom-and-trampling-roleplay",1,1,0,0,0,0,1,,0,0,0,0,1,1,,1,1,1,0,0,0,0,1,,0,0,0,0,1,1,,1,0,0,,,,,0,,,,,,0,0,,0
,"/de/blogs/dolls-info-qustions/what-to-do-if-your-sex-doll-is-too-heavy-a-practical-guide",1,1,0,0,0,0,1,,0,0,0,0,1,1,,1,1,1,0,0,0,0,1,,0,0,0,0,1,1,,1,0,0,,,,,0,,,,,,0,0,,0
"Product","/products/f5040-170cm-5ft6-d-cup-yanny-asian-silicone-sex-doll-jx-doll",1,1,0,0,0,0,3,,0,0,0,179,3,0,,0,1,1,0,0,0,0,3,,0,0,0,179,3,0,,0,0,0,,,,,0,,,,,0,0,,,
,"/en-ca/products/f5240-leda-165cm5ft481-6lbs-e-cup-brown-long-hair-tan-skin-tpe-sex-doll-jx-galaxy",1,1,0,0,0,0,3,,0,0,0,38,3,0,,0,1,1,0,0,0,0,3,,0,0,0,38,3,0,,0,0,0,,,,,0,,,,,0,0,,,
"Product","/products/h076-sex-doll-head",1,1,0,0,0,0,14,,0,0,0,1156,14,0,,0,1,1,0,0,0,0,14,,0,0,0,1156,14,0,,0,0,0,,,,,0,,,,,0,0,,,
,"/en-ca/products/f9003-161cm5-3ft-39-6kg-d-cup-real-life-christmas-silicone-head-ai-sex-doll%E4%B8%A8sy-doll",1,1,0,0,0,0,1,,0,0,0,0,1,1,,1,1,1,0,0,0,0,1,,0,0,0,0,1,1,,1,0,0,,,,,0,,,,,,0,0,,0
"Product","/products/p9-realistic-onahole-pocket-pussy-katsumi-shimada-hentai-masturbator-elsa-babe",1,1,0,0,0,0,1,,0,0,0,0,1,1,,1,1,1,0,0,0,0,1,,0,0,0,0,1,1,,1,0,0,,,,,0,,,,,,0,0,,0
,"/en-ca/collections/funwest-doll-videos",1,1,0,0,0,0,1,,0,0,0,0,1,1,,1,1,1,0,0,0,0,1,,0,0,0,0,1,1,,1,0,0,,,,,0,,,,,,0,0,,0
,"/en-fi/blogs/dolls-info-qustions/disabled-men-to-improve-their-sex-life",1,1,0,0,0,0,1,,0,0,0,0,1,1,,1,1,1,0,0,0,0,1,,0,0,0,0,1,1,,1,0,0,,,,,0,,,,,,0,0,,0
"Product","/products/male-ass-with-big-dildo",1,1,0,0,0,0,1,,0,0,0,0,1,1,,1,1,1,0,0,0,0,1,,0,0,0,0,1,1,,1,0,0,,,,,0,,,,,,0,0,,0
,"/de/blogs/dolls-info-qustions/the-funniest-types-of-dolls-are-shemale-sex-dolls",1,1,0,0,0,0,1,,0,0,0,0,1,1,,1,1,1,0,0,0,0,1,,0,0,0,0,1,1,,1,0,0,,,,,0,,,,,,0,0,,0
,"/en-ca/products/f3413-150cm4ft9-28kg-f-cup-blonde-tpe-sex-doll-aibei-doll",1,1,0,0,0,0,1,,0,0,0,0,1,1,,1,1,1,0,0,0,0,1,,0,0,0,0,1,1,,1,0,0,,,,,0,,,,,,0,0,,0
"Product","/products/t431-73-68lb-hailey-life-size-latina-silicone-sex-doll-torso-with-head-in-stock-usa-europe-canada-max",1,1,0,0,0,0,40,,0,0,0,4334,40,0,,0,1,1,0,0,0,0,40,,0,0,0,4334,40,0,,0,0,0,,,,,0,,,,,0,0,,,
"Blog Article","/blogs/dolls-info-qustions/repair-the-sex-dolls-torso",1,1,0,0,0,0,1,,0,0,0,0,1,1,,1,1,1,0,0,0,0,1,,0,0,0,0,1,1,,1,0,0,,,,,0,,,,,,0,0,,0
,"/ja/products/9168419061999",1,1,0,0,0,0,1,,0,0,0,0,1,1,,1,1,1,0,0,0,0,1,,0,0,0,0,1,1,,1,0,0,,,,,0,,,,,,0,0,,0
"Product","/products/f2225-159cm-a-cup-kylie-cosplay-elf-tpe-sex-doll-fun-west-doll",1,1,0,0,0,0,3,,0,0,0,987,3,0,,0,1,1,0,0,0,0,3,,0,0,0,987,3,0,,0,0,0,,,,,0,,,,,0,0,,,
"Blog Article","/blogs/dolls-info-qustions/reasons-of-foot-fetishes",1,1,0,0,0,0,12,,0,0,0,381,12,0,,0,1,1,0,0,0,0,12,,0,0,0,381,12,0,,0,0,0,,,,,0,,,,,0,0,,,
"Product","/products/f8239-168cm5-5ft-34kg-silicone-full-size-sex-doll-azm-doll",1,1,0,0,0,0,55,,0,0,0,1863,55,0,,0,1,1,0,0,0,0,55,,0,0,0,1863,55,0,,0,0,0,,,,,0,,,,,0,0,,,
"Product","/products/f4733-in-stock-usa-canada-166cm-5ft3-35-7kg-k-cup-hair-implant-head-silicone-bbw-sex-dollzelex-sle-2-0-zelex-doll",1,1,0,0,0,0,1,,0,0,0,0,1,1,,1,1,1,0,0,0,0,1,,0,0,0,0,1,1,,1,0,0,,,,,0,,,,,,0,0,,0
"Product","/products/t70-43lb-korina-lifelike-silicone-sex-doll-torso-sigafun-doll",1,1,0,0,0,0,1,,0,0,0,0,1,1,,1,1,1,0,0,0,0,1,,0,0,0,0,1,1,,1,0,0,,,,,0,,,,,,0,0,,0
,"/ja/blogs/sex-doll-torso-blog/recognize-these-4-points-better-understand-the-sex-torsos",1,1,0,0,0,0,1,,0,0,0,0,1,1,,1,1,1,0,0,0,0,1,,0,0,0,0,1,1,,1,0,0,,,,,0,,,,,,0,0,,0
,"/en-ca/collections/homepage-product-torso",1,1,0,0,0,0,1,,0,0,0,0,1,1,,1,1,1,0,0,0,0,1,,0,0,0,0,1,1,,1,0,0,,,,,0,,,,,,0,0,,0
"Product","/products/p129-real-feel-silicone-pocket-pussy-highly-detailed-design-firefly-diary",1,1,0,0,0,0,1,,0,0,0,0,1,1,,1,1,1,0,0,0,0,1,,0,0,0,0,1,1,,1,0,0,,,,,0,,,,,,0,0,,0
,"/en-ca/products/h957-se-tpe-sex-doll-head-se-doll-head",1,1,0,0,0,0,1,,0,0,0,0,1,1,,1,1,1,0,0,0,0,1,,0,0,0,0,1,1,,1,0,0,,,,,0,,,,,,0,0,,0
,"/en-ca/blogs/dolls-info-qustions/what-types-of-cheap-sex-dolls-can-i-buy-on-linkdolls",1,1,0,0,0,0,1,,0,0,0,0,1,1,,1,1,1,0,0,0,0,1,,0,0,0,0,1,1,,1,0,0,,,,,0,,,,,,0,0,,0
,"/en-ca/blogs/dolls-info-qustions/%F0%9F%94%A5-top-5-most-popular-big-butt-chubby-belly-curvy-body-pornstar-style-sex-dolls-in-2025-%F0%9F%94%A5",1,1,0,0,0,0,1,,0,0,0,0,1,1,,1,1,1,0,0,0,0,1,,0,0,0,0,1,1,,1,0,0,,,,,0,,,,,,0,0,,0
"Product","/products/top-fire-doll-170cm-silicone-sex-doll-f8584",1,1,0,0,0,0,1,,0,0,0,0,1,1,,1,1,1,0,0,0,0,1,,0,0,0,0,1,1,,1,0,0,,,,,0,,,,,,0,0,,0
,"/de/blogs/dolls-info-qustions/the-amazing-gift-a-sex-doll-torso",1,1,0,0,0,0,1,,0,0,0,0,1,1,,1,1,1,0,0,0,0,1,,0,0,0,0,1,1,,1,0,0,,,,,0,,,,,,0,0,,0
"Product","/products/f1034-165cm5-4ft-c-cup-lexie-tpe-medium-butt-sex-doll-fun-west-doll",1,1,0,0,0,0,1,,0,0,0,0,1,1,,1,1,1,0,0,0,0,1,,0,0,0,0,1,1,,1,0,0,,,,,0,,,,,,0,0,,0
,"/en-ca/blogs/dolls-info-qustions/guide-to-the-buttocks-of-sex-doll-torsos",1,1,0,0,0,0,1,,0,0,0,0,1,1,,1,1,1,0,0,0,0,1,,0,0,0,0,1,1,,1,0,0,,,,,0,,,,,,0,0,,0
"Custom Page","/pages/copy-of-sex-doll-videos-2",1,1,0,0,0,0,1,,0,0,0,0,1,1,,1,1,1,0,0,0,0,1,,0,0,0,0,1,1,,1,0,0,,,,,0,,,,,,0,0,,0
,"/de/collections/electric-male-sex-doll",1,1,0,0,0,0,1,,0,0,0,0,1,1,,1,1,1,0,0,0,0,1,,0,0,0,0,1,1,,1,0,0,,,,,0,,,,,,0,0,,0
,"/en-ca/products/f2231-166cm5-4ft-c-cup-s7-movable-jaw-head-halloween-sex-doll%E4%B8%A8sy-doll",1,1,0,0,0,0,1,,0,0,0,0,1,1,,1,1,1,0,0,0,0,1,,0,0,0,0,1,1,,1,0,0,,,,,0,,,,,,0,0,,0
,"/de/collections/irontech-doll-factory-photos",1,1,0,0,0,0,1,,0,0,0,0,1,1,,1,1,1,0,0,0,0,1,,0,0,0,0,1,1,,1,0,0,,,,,0,,,,,,0,0,,0
"Product","/products/f4212k-164cm5-4ft-34kg-j-cup-asian-tpe-medium-butt-sex-doll-in-stock-usa-%E4%B8%A8wm-doll",1,1,0,0,0,0,1,,0,0,0,0,1,1,,1,1,1,0,0,0,0,1,,0,0,0,0,1,1,,1,0,0,,,,,0,,,,,,0,0,,0
,"/de/blogs/dolls-info-qustions/how-to-integrate-sex-toys-and-torso-sex-dolls-into-foreplay",1,1,0,0,0,0,1,,0,0,0,0,1,1,,1,1,1,0,0,0,0,1,,0,0,0,0,1,1,,1,0,0,,,,,0,,,,,,0,0,,0
,"/en-ca/products/f1070-157cm-tpe-sex-doll-fun-west-doll",1,1,0,0,0,0,1,,0,0,0,0,1,1,,1,1,1,0,0,0,0,1,,0,0,0,0,1,1,,1,0,0,,,,,0,,,,,,0,0,,0
,"/en-ca/collections/life-sized-sex-doll",1,1,0,0,0,0,1,,0,0,0,0,1,1,,1,1,1,0,0,0,0,1,,0,0,0,0,1,1,,1,0,0,,,,,0,,,,,,0,0,,0
,"/de/collections/sex-doll-torso-dildo-for-woman",1,1,0,0,0,0,1,,0,0,0,1,1,1,,1,1,1,0,0,0,0,1,,0,0,0,1,1,1,,1,0,0,,,,,0,,,,,0,0,0,,0
"Product","/products/h122-sex-doll-head",1,1,0,0,0,0,1,,0,0,0,0,1,1,,1,1,1,0,0,0,0,1,,0,0,0,0,1,1,,1,0,0,,,,,0,,,,,,0,0,,0
,"/en-ca/blogs/dolls-info-qustions/how-to-stop-dark-clothes-from-ruining-your-sex-doll-s-skin",1,1,0,0,0,0,1,,0,0,0,0,1,1,,1,1,1,0,0,0,0,1,,0,0,0,0,1,1,,1,0,0,,,,,0,,,,,,0,0,,0
,"/de/collections/irontech-doll-videos",1,1,0,0,0,0,1,,0,0,0,0,1,1,,1,1,1,0,0,0,0,1,,0,0,0,0,1,1,,1,0,0,,,,,0,,,,,,0,0,,0
,"/en-ca/collections/100-199",1,1,0,0,0,0,6,,0,0,0,851,6,0,,0,1,1,0,0,0,0,6,,0,0,0,851,6,0,,0,0,0,,,,,0,,,,,0,0,,,
"Product","/products/f1445-163cm5f3-52kg-e-cup-best-realistic-big-ass-chubby-tpe-sex-doll-2024-aibei-doll",1,1,0,0,0,0,38,,0,0,0,12148,38,0,,0,1,1,0,0,0,0,38,,0,0,0,12148,38,0,,0,0,0,,,,,0,,,,,0,0,,,
,"/en-ca/blogs/recent-brand-updates-new-arrivals-for-sex-dolls/sy-doll-redefining-oral-interaction-for-robotic-sex-dolls",1,1,0,0,0,0,1,,0,0,0,0,1,1,,1,1,1,0,0,0,0,1,,0,0,0,0,1,1,,1,0,0,,,,,0,,,,,,0,0,,0
,"/en-fi/collections/se-doll-videos",1,1,0,0,0,0,1,,0,0,0,0,1,1,,1,1,1,0,0,0,0,1,,0,0,0,0,1,1,,1,0,0,,,,,0,,,,,,0,0,,0
,"/en-fi/collections/devil-fairy-alien-sex-dolls",1,1,0,0,0,0,5,,0,0,0,1154,5,0,,0,1,1,0,0,0,0,5,,0,0,0,1154,5,0,,0,0,0,,,,,0,,,,,0,0,,,
"Product","/products/sy-doll-150cm-ros-silicone-f2447",1,1,0,0,0,0,2,,0,0,0,5,2,0,,0,1,1,0,0,0,0,2,,0,0,0,5,2,0,,0,0,0,,,,,0,,,,,0,0,,,
,"/ja/blogs/dolls-info-qustions/exploring-the-world-of-futa-sex-dolls-and-customization",1,1,0,0,0,0,1,,0,0,0,0,1,1,,1,1,1,0,0,0,0,1,,0,0,0,0,1,1,,1,0,0,,,,,0,,,,,,0,0,,0
,"/ja/products/9395696337135",1,1,0,0,0,0,1,,0,0,0,0,1,1,,1,1,1,0,0,0,0,1,,0,0,0,0,1,1,,1,0,0,,,,,0,,,,,,0,0,,0
,"/de/products/8518105333999",1,1,0,0,0,0,1,,0,0,0,0,1,1,,1,1,1,0,0,0,0,1,,0,0,0,0,1,1,,1,0,0,,,,,0,,,,,,0,0,,0
,"/de/pages/avada-sitemap-articles",1,1,0,0,0,0,1,,0,0,0,0,1,1,,1,1,1,0,0,0,0,1,,0,0,0,0,1,1,,1,0,0,,,,,0,,,,,,0,0,,0
"Product","/products/f5217-hana-158cm5ft2-h-cup-pink-hair-tan-skin-tpe-sex-doll-jx-galaxy",1,1,0,0,0,0,1,,0,0,0,0,1,1,,1,1,1,0,0,0,0,1,,0,0,0,0,1,1,,1,0,0,,,,,0,,,,,,0,0,,0
,"/en-fi/collections/bbw-sex-dolls",1,1,0,0,0,0,1,,0,0,0,0,1,1,,1,1,1,0,0,0,0,1,,0,0,0,0,1,1,,1,0,0,,,,,0,,,,,,0,0,,0
,"/de/collections/medium-silicone-torso",1,1,0,0,0,0,5,,0,0,0,429,5,0,,0,1,1,0,0,0,0,5,,0,0,0,429,5,0,,0,0,0,,,,,0,,,,,0,0,,,
"Blog Article","/blogs/dolls-info-qustions/sex-doll-shops-in-la",1,1,0,0,0,0,1,,0,0,0,0,1,1,,1,1,1,0,0,0,0,1,,0,0,0,0,1,1,,1,0,0,,,,,0,,,,,,0,0,,0
"Custom Page","/pages/pocket-pussy-buy-guide",1,1,0,0,0,0,1,,0,0,0,0,1,1,,1,1,1,0,0,0,0,1,,0,0,0,0,1,1,,1,0,0,,,,,0,,,,,,0,0,,0
,"/de/blogs/dolls-info-qustions/how-to-use-and-maintain-the-naked-sex-doll",1,1,0,0,0,0,1,,0,0,0,0,1,1,,1,1,1,0,0,0,0,1,,0,0,0,0,1,1,,1,0,0,,,,,0,,,,,,0,0,,0
"Checkout","/checkouts/cn/hWNE88MKaT3iG5t1E74QobTN/en",1,1,0,1,0,0,1,0,0,1,0,0,1,0,,0,1,1,0,1,0,0,1,0,0,1,0,0,1,0,,0,0,0,,0,,,0,,,0,,,0,,,
"Product","/products/f7663-170cm5-6ft-36kg-a-cup-sle3-0-realistic-tan-skinny-milf-silicone-sex-dolls%E4%B8%A8zelex-doll",1,1,0,0,0,0,1,,0,0,0,0,1,1,,1,1,1,0,0,0,0,1,,0,0,0,0,1,1,,1,0,0,,,,,0,,,,,,0,0,,0
"Checkout","/checkouts/cn/hWNE7DDdjgozMHXyDAVzgzh6/en-au",1,1,0,1,0,0,1,0,0,1,0,0,1,0,,0,1,1,0,1,0,0,1,0,0,1,0,0,1,0,,0,0,0,,0,,,0,,,0,,,0,,,
,"/en-ca/collections/electric-sex-doll-head",1,1,0,0,0,0,2,,0,0,0,11,2,0,,0,1,1,0,0,0,0,2,,0,0,0,11,2,0,,0,0,0,,,,,0,,,,,0,0,,,
,"/en-ca/pages/sex-doll-review-video-collection",1,1,0,0,0,0,1,,0,0,0,0,1,1,,1,1,1,0,0,0,0,1,,0,0,0,0,1,1,,1,0,0,,,,,0,,,,,,0,0,,0
,"/ja/blogs/dolls-info-qustions/how-does-sex-with-life-size-sex-dolls-compare-to-real-sex",1,1,0,0,0,0,1,,0,0,0,0,1,1,,1,1,1,0,0,0,0,1,,0,0,0,0,1,1,,1,0,0,,,,,0,,,,,,0,0,,0
"Product","/products/h205-ros-silicone-sex-doll-head%E4%B8%A8galatea-doll-head",1,1,0,0,0,0,1,,0,0,0,0,1,1,,1,1,1,0,0,0,0,1,,0,0,0,0,1,1,,1,0,0,,,,,0,,,,,,0,0,,0
"Product","/products/f1222-160cm46kg-i-cup-luna-big-ass-silicone-sex-doll-in-stock-usa-irontech-doll",1,1,0,0,0,0,2,,0,0,0,156,2,0,,0,1,1,0,0,0,0,2,,0,0,0,156,2,0,,0,0,0,,,,,0,,,,,0,0,,,
,"/en-fi/products/t659-26-5lbs-realistic-dildo-for-silicone-woman-with-male-sex-doll%E4%B8%A8judy-rona",1,1,0,0,0,0,1,,0,0,0,0,1,1,,1,1,1,0,0,0,0,1,,0,0,0,0,1,1,,1,0,0,,,,,0,,,,,,0,0,,0
,"/en-ca/products/t280-lightweight-life-size-sex-doll-torso-climax-doll",1,1,0,0,0,0,1,,0,0,0,0,1,1,,1,1,1,0,0,0,0,1,,0,0,0,0,1,1,,1,0,0,,,,,0,,,,,,0,0,,0
,"/en-ca/products/f2599-168cm5-5ft-39kg-realistic-silicone-sex-dolls-real-lady",1,1,0,0,0,0,1,,0,0,0,0,1,1,,1,1,1,0,0,0,0,1,,0,0,0,0,1,1,,1,0,0,,,,,0,,,,,,0,0,,0
,"/en-ca/blogs/dolls-info-qustions/exploring-lightweight-options-recommended-weight-reduced-bbw-sex-dolls",1,1,0,0,0,0,1,,0,0,0,0,1,1,,1,1,1,0,0,0,0,1,,0,0,0,0,1,1,,1,0,0,,,,,0,,,,,,0,0,,0
"Product","/products/f1529-elsa-babe-150cm-5ft-full-silicone-sexy-anthro-fox-furry-sex-doll-elsa-babe",1,1,0,0,0,0,2,,0,0,0,136,2,0,,0,1,1,0,0,0,0,2,,0,0,0,136,2,0,,0,0,0,,,,,0,,,,,0,0,,,
"Checkout","/60719464687/orders/e7418da330f9f6267938db3188ce6191",1,1,0,0,0,0,17,,0,0,0,500,17,0,,0,1,1,0,0,0,0,17,,0,0,0,500,17,0,,0,0,0,,,,,0,,,,,0,0,,,
"Blog Article","/blogs/featured-blog/guide-to-customizing-the-perfect-irontech-doll",1,1,0,0,0,0,1,,0,0,0,0,1,1,,1,1,1,0,0,0,0,1,,0,0,0,0,1,1,,1,0,0,,,,,0,,,,,,0,0,,0
,"/en-ca/products/real-lady-162cm-silicone-sex-doll-f4493",1,1,0,0,0,0,2,,0,0,0,28,2,0,,0,1,1,0,0,0,0,2,,0,0,0,28,2,0,,0,0,0,,,,,0,,,,,0,0,,,
,"/en-ca/products/f4759-175cm5ft9-69kg-x-cup-huge-breast-fat-ass-tpe-fat-ssbbw-sex-doll-castle-doll",1,1,0,0,0,0,1,,0,0,0,0,1,1,,1,1,1,0,0,0,0,1,,0,0,0,0,1,1,,1,0,0,,,,,0,,,,,,0,0,,0
"Blog Article","/blogs/dolls-info-qustions/newbie-torso-sex-doll-buying-tutorial-the-best-selection-guide-at-the-same-price",1,1,0,0,0,0,1,,0,0,0,0,1,1,,1,1,1,0,0,0,0,1,,0,0,0,0,1,1,,1,0,0,,,,,0,,,,,,0,0,,0
,"/en-ca/collections/sex-doll-torso-with-head",1,1,0,0,0,0,2,,0,0,0,55,2,0,,0,1,1,0,0,0,0,2,,0,0,0,55,2,0,,0,0,0,,,,,0,,,,,0,0,,,
,"/de/blogs/dolls-info-qustions/what-body-types-can-full-size-sex-dolls-come-in",1,1,0,0,0,0,1,,0,0,0,0,1,1,,1,1,1,0,0,0,0,1,,0,0,0,0,1,1,,1,0,0,,,,,0,,,,,,0,0,,0
,"/en-ca/products/a664-37-5lb-silicone-butt-sexy-and-real-realistic-big-ass-sex-doll-torso",1,1,0,0,0,0,1,,0,0,0,0,1,1,,1,1,1,0,0,0,0,1,,0,0,0,0,1,1,,1,0,0,,,,,0,,,,,,0,0,,0
,"/de/blogs/featured-blog/the-best-hyper-realistic-sex-dolls-brands-features-and-buying-guide",1,1,0,0,0,0,1,,0,0,0,0,1,1,,1,1,1,0,0,0,0,1,,0,0,0,0,1,1,,1,0,0,,,,,0,,,,,,0,0,,0
,"/de/blogs/featured-blog",1,1,0,0,0,0,1,,0,0,0,0,1,1,,1,1,1,0,0,0,0,1,,0,0,0,0,1,1,,1,0,0,,,,,0,,,,,,0,0,,0
"Collection","/collections/asia-sex-doll-heads",1,1,0,0,0,0,1,,0,0,0,0,1,1,,1,1,1,0,0,0,0,1,,0,0,0,0,1,1,,1,0,0,,,,,0,,,,,,0,0,,0
,"/en-ca/blogs/dolls-info-qustions/how-to-choose-the-perfect-life-size-silicone-sex-doll-create-your-ideal-companion",1,1,0,0,0,0,1,,0,0,0,0,1,1,,1,1,1,0,0,0,0,1,,0,0,0,0,1,1,,1,0,0,,,,,0,,,,,,0,0,,0
,"/en-ca/products/f2459-164cm5-4ft-39kg-g-cup-yuri-life-size-silicone-head-sex-doll-in-stock-us-sigafun-doll",1,1,0,0,0,0,1,,0,0,0,0,1,1,,1,1,1,0,0,0,0,1,,0,0,0,0,1,1,,1,0,0,,,,,0,,,,,,0,0,,0
"Product","/products/f6108-166cm-5-77ft-47kg-e-cup-ros-silicone-realistic-sex-doll-evasdoll",1,1,0,0,0,0,1,,0,0,0,0,1,1,,1,1,1,0,0,0,0,1,,0,0,0,0,1,1,,1,0,0,,,,,0,,,,,,0,0,,0
"Product","/products/b38-silicone-sex-doll-titfuck-torso-realistic-titfuck-to-climax",1,1,0,0,0,0,2,,0,0,0,45,2,0,,0,1,1,0,0,0,0,2,,0,0,0,45,2,0,,0,0,0,,,,,0,,,,,0,0,,,
,"/en-fi/blogs/dolls-info-qustions/10-countries-legal-to-buy-sex-dolls",1,1,0,0,0,0,1,,0,0,0,0,1,1,,1,1,1,0,0,0,0,1,,0,0,0,0,1,1,,1,0,0,,,,,0,,,,,,0,0,,0
"Blog Index","/blogs/real-sex-doll-reviews-pros-cons-real-usage-tests",1,1,0,0,0,0,2,,0,0,0,209,2,0,,0,1,1,0,0,0,0,2,,0,0,0,209,2,0,,0,0,0,,,,,0,,,,,0,0,,,
"Collection","/collections/medium-butt-sex-doll",1,1,0,0,0,0,4,,0,0,0,59,4,0,,0,1,1,0,0,0,0,4,,0,0,0,59,4,0,,0,0,0,,,,,0,,,,,0,0,,,
,"/en-ca/products/linkdolls-f934-168cm5-5ft-f-cup-tpe-asian-big-tits-young-adults-love-doll-se-doll",1,1,0,0,0,0,1,,0,0,0,0,1,1,,1,1,1,0,0,0,0,1,,0,0,0,0,1,1,,1,0,0,,,,,0,,,,,,0,0,,0
"Product","/products/f7699-163cm5ft3-33kg-h-cup-life-size-silicone-life-size-sex-dolls-wm-doll",1,1,0,0,0,0,4,,0,0,0,101,4,0,,0,1,1,0,0,0,0,4,,0,0,0,101,4,0,,0,0,0,,,,,0,,,,,0,0,,,
"Product","/products/f9111-150cm-5ft-27-5kg-hentai-silicone-buy-anime-sex-doll-elsa-babe",1,1,0,0,0,0,2,,0,0,0,14,2,0,,0,1,1,0,0,0,0,2,,0,0,0,14,2,0,,0,0,0,,,,,0,,,,,0,0,,,
,"/de/collections/zelex-doll",1,1,0,0,0,0,1,,0,0,0,0,1,1,,1,1,1,0,0,0,0,1,,0,0,0,0,1,1,,1,0,0,,,,,0,,,,,,0,0,,0
,"/en-fi/collections/cartoon-sex-doll",1,1,0,0,0,0,5,,0,0,0,164,5,0,,0,1,1,0,0,0,0,5,,0,0,0,164,5,0,,0,0,0,,,,,0,,,,,0,0,,,
,"/en-ca/blogs/dolls-info-qustions/femboy-sex-doll-vs-shemale-sex-doll-what-s-the-real-difference",1,1,0,0,0,0,8,,0,0,0,532,8,0,,0,1,1,0,0,0,0,8,,0,0,0,532,8,0,,0,0,0,,,,,0,,,,,0,0,,,
"Product","/products/d4050-7-1-7-lbs%E4%B8%A88-10-8-fantasy-dog-dildo-silicone-knot-dildo-3-size",1,1,0,0,0,0,1,,0,0,0,0,1,1,,1,1,1,0,0,0,0,1,,0,0,0,0,1,1,,1,0,0,,,,,0,,,,,,0,0,,0
,"/ja/blogs/dolls-info-qustions/understanding-ai-robotic-sex-dolls",1,1,0,0,0,0,1,,0,0,0,0,1,1,,1,1,1,0,0,0,0,1,,0,0,0,0,1,1,,1,0,0,,,,,0,,,,,,0,0,,0
,"/en-ca/blogs/dolls-info-qustions/december-spotlight-sex-doll-torso-with-head",1,1,0,0,0,0,1,,0,0,0,0,1,1,,1,1,1,0,0,0,0,1,,0,0,0,0,1,1,,1,0,0,,,,,0,,,,,,0,0,,0
"Product","/products/d053-9-69-black-male-torso-tpr-dildo-shemale-hentai-monster-tentacles-in-stock-xingse",1,1,0,0,0,0,2,,0,0,0,4,2,0,,0,1,1,0,0,0,0,2,,0,0,0,4,2,0,,0,0,0,,,,,0,,,,,0,0,,,
,"/en-fi/products/599-83lb-sex-doll-torso-with-realistic-oversized-ass",1,1,0,0,0,0,1,,0,0,0,0,1,1,,1,1,1,0,0,0,0,1,,0,0,0,0,1,1,,1,0,0,,,,,0,,,,,,0,0,,0
,"/en-ca/blogs/dolls-info-qustions/how-does-sex-with-life-size-sex-dolls-compare-to-real-sex",1,1,0,0,0,0,1,,0,0,0,0,1,1,,1,1,1,0,0,0,0,1,,0,0,0,0,1,1,,1,0,0,,,,,0,,,,,,0,0,,0
,"/en-ca/collections/young-male-sex-doll",1,1,0,0,0,0,1,,0,0,0,0,1,1,,1,1,1,0,0,0,0,1,,0,0,0,0,1,1,,1,0,0,,,,,0,,,,,,0,0,,0
,"/en-ca/blogs/dolls-info-qustions/2025-hot-selling-japanese-sex-dolls-popular-products-and-their-unique-charm-unveiled",1,1,0,0,0,0,1,,0,0,0,0,1,1,,1,1,1,0,0,0,0,1,,0,0,0,0,1,1,,1,0,0,,,,,0,,,,,,0,0,,0
"Product","/products/b37-14-8lb-suntan-silicone-torso-realistic-titfuck-to",1,1,0,0,0,0,4,,0,0,0,47,4,0,,0,1,1,0,0,0,0,4,,0,0,0,47,4,0,,0,0,0,,,,,0,,,,,0,0,,,
"Checkout","/checkouts/cn/hWNDQMtnQaW3yNbJamCKrb5V/en-us",1,1,0,1,1,1,8,1,0,1,1,538,8,0,,0,1,1,0,1,1,1,8,1,0,1,1,538,8,0,,0,0,0,,0,0,0,0,0,,0,0,0,0,,,
"Collection","/collections/ai-post",1,1,0,0,0,0,1,,0,0,0,0,1,1,,1,1,1,0,0,0,0,1,,0,0,0,0,1,1,,1,0,0,,,,,0,,,,,,0,0,,0
"Blog Article","/blogs/sex-doll-torso-blog/4-best-sex-doll-torsos-for-titty-sex",1,1,0,0,0,0,12,,0,0,0,1286,12,0,,0,1,1,0,0,0,0,12,,0,0,0,1286,12,0,,0,0,0,,,,,0,,,,,0,0,,,
,"/en-ca/blogs/dolls-info-qustions/how-to-prevent-tearing-in-the-vagina-and-anus-of-tpe-or-silicone-sex-dolls",1,1,0,0,0,0,1,,0,0,0,0,1,1,,1,1,1,0,0,0,0,1,,0,0,0,0,1,1,,1,0,0,,,,,0,,,,,,0,0,,0
,"/en-ca/products/f2574-168cm-h-cup-most-realistic-sex-doll-silicone",1,1,0,0,0,0,1,,0,0,0,0,1,1,,1,1,1,0,0,0,0,1,,0,0,0,0,1,1,,1,0,0,,,,,0,,,,,,0,0,,0
,"/de/products/f7098-busty-giant-sex-doll-153cm-g-cup-latina",1,1,0,0,0,0,1,,0,0,0,0,1,1,,1,1,1,0,0,0,0,1,,0,0,0,0,1,1,,1,0,0,,,,,0,,,,,,0,0,,0
"Product","/products/h958-sex-doll-head-silicone-girl-with-dreadlocks-irontech-doll-head",1,1,0,0,0,0,1,,0,0,0,0,1,1,,1,1,1,0,0,0,0,1,,0,0,0,0,1,1,,1,0,0,,,,,0,,,,,,0,0,,0
"Product","/products/f1308-160cm-i-cup-penny-black-sex-doll-irontech-doll",1,1,0,0,0,0,1,,0,0,0,0,1,1,,1,1,1,0,0,0,0,1,,0,0,0,0,1,1,,1,0,0,,,,,0,,,,,,0,0,,0
,"/en-ca/blogs/dolls-info-qustions/creating-the-perfect-companion-the-ultimate-guide-to-sex-doll-hair-care",1,1,0,0,0,0,1,,0,0,0,0,1,1,,1,1,1,0,0,0,0,1,,0,0,0,0,1,1,,1,0,0,,,,,0,,,,,,0,0,,0
"Blog Article","/blogs/real-sex-doll-reviews-pros-cons-real-usage-tests/starpery-amy-bbw-sex-doll-review-beyond-the-slim-aesthetic",1,1,0,0,0,0,3,,0,0,0,62,3,0,,0,1,1,0,0,0,0,3,,0,0,0,62,3,0,,0,0,0,,,,,0,,,,,0,0,,,
"Collection","/collections/effeminate-femboy-sex-doll",1,1,0,0,0,0,9,,0,0,0,1098,9,0,,0,1,1,0,0,0,0,9,,0,0,0,1098,9,0,,0,0,0,,,,,0,,,,,0,0,,,
,"/en-fi/blogs/sex-doll-torso-blog/guide-to-sex-doll-torsos-choosing-the-perfect-companion-for-you",1,1,0,0,0,0,1,,0,0,0,0,1,1,,1,1,1,0,0,0,0,1,,0,0,0,0,1,1,,1,0,0,,,,,0,,,,,,0,0,,0
"Product","/products/f2464-163cm5-3ft-40kg-c-cup-amani-dark-realistic-silicone-head-sex-doll-in-stock-us-sigafun-doll",1,1,0,0,0,0,18,,0,0,0,536,18,0,,0,1,1,0,0,0,0,18,,0,0,0,536,18,0,,0,0,0,,,,,0,,,,,0,0,,,
"Product","/products/f9206-t167cm5-5ft-37kg-annika-k-f-cup-ultra-realistic-skin-silicone-sex-dolla-se-doll",1,1,0,0,0,0,3,,0,0,0,399,3,0,,0,1,1,0,0,0,0,3,,0,0,0,399,3,0,,0,0,0,,,,,0,,,,,0,0,,,
,"/en-ca/collections/tpe-sex-dolls",1,1,0,0,0,0,7,,0,0,0,238,7,0,,0,1,1,0,0,0,0,7,,0,0,0,238,7,0,,0,0,0,,,,,0,,,,,0,0,,,
,"/de/blogs/sex-doll-torso-blog/5-ways-to-pick-the-fitted-sex-doll-torso",1,1,0,0,0,0,1,,0,0,0,0,1,1,,1,1,1,0,0,0,0,1,,0,0,0,0,1,1,,1,0,0,,,,,0,,,,,,0,0,,0
,"/ja/blogs/dolls-info-qustions/black-sex-doll",1,1,0,0,0,0,1,,0,0,0,0,1,1,,1,1,1,0,0,0,0,1,,0,0,0,0,1,1,,1,0,0,,,,,0,,,,,,0,0,,0
,"/en-ca/products/a259-19lb-sexy-and-real-realistic-fat-lady-ass-sex-doll-torso",1,1,0,0,0,0,1,,0,0,0,0,1,1,,1,1,1,0,0,0,0,1,,0,0,0,0,1,1,,1,0,0,,,,,0,,,,,,0,0,,0
,"/en-ca/products/f4357-166cm5f4-41kg-h-cup-big-breast-sex-doll-aibei-doll",1,1,0,0,0,0,1,,0,0,0,0,1,1,,1,1,1,0,0,0,0,1,,0,0,0,0,1,1,,1,0,0,,,,,0,,,,,,0,0,,0
"Collection","/collections/65cm-sex-doll",1,1,0,0,0,0,1,,0,0,0,0,1,1,,1,1,1,0,0,0,0,1,,0,0,0,0,1,1,,1,0,0,,,,,0,,,,,,0,0,,0
"Blog Article","/blogs/dolls-info-qustions/how-to-make-fake-pussy",1,1,0,0,0,0,1,,0,0,0,0,1,1,,1,1,1,0,0,0,0,1,,0,0,0,0,1,1,,1,0,0,,,,,0,,,,,,0,0,,0
,"/de/blogs/dolls-info-qustions/the-fusion-of-anime-culture-and-reality-from-figures-to-furry-sex-dolls",1,1,0,0,0,0,1,,0,0,0,0,1,1,,1,1,1,0,0,0,0,1,,0,0,0,0,1,1,,1,0,0,,,,,0,,,,,,0,0,,0
"Product","/products/f2586-157cm5-2ft-39kg-g-cup-realistic-silicone-sex-doll-fun-west-doll",1,1,1,0,0,0,15,,1,0,0,763,15,0,,0,1,1,1,0,0,0,15,,1,0,0,763,15,0,,0,0,0,0,,,,0,,0,,,0,0,,,
"Product","/products/f4478-160cm5f3-39kg-f-cup-chubby-tpe-sex-doll-aibei-doll",1,1,0,0,0,0,20,,0,0,0,2171,20,0,,0,1,1,0,0,0,0,20,,0,0,0,2171,20,0,,0,0,0,,,,,0,,,,,0,0,,,
,"/ja/blogs/dolls-info-qustions/the-funniest-types-of-dolls-are-shemale-sex-dolls",1,1,0,0,0,0,1,,0,0,0,0,1,1,,1,1,1,0,0,0,0,1,,0,0,0,0,1,1,,1,0,0,,,,,0,,,,,,0,0,,0
"Product","/products/a315-big-ass-sex-doll-male-sex-doll-torso-sineem",1,1,0,0,0,0,2,,0,0,0,1200,2,0,,0,1,1,0,0,0,0,2,,0,0,0,1200,2,0,,0,0,0,,,,,0,,,,,0,0,,,
,"/en-fi/blogs/dolls-info-qustions/how-to-hide-your-full-size-sex-doll",1,1,0,0,0,0,1,,0,0,0,0,1,1,,1,1,1,0,0,0,0,1,,0,0,0,0,1,1,,1,0,0,,,,,0,,,,,,0,0,,0
"Blog Article","/blogs/dolls-info-qustions/5-unexpected-reasons-you-must-try-shemale-sex-dolls-at-least-once",1,1,0,0,0,0,1,,0,0,0,0,1,1,,1,1,1,0,0,0,0,1,,0,0,0,0,1,1,,1,0,0,,,,,0,,,,,,0,0,,0
,"/en-ca/pages/tab",1,1,0,0,0,0,1,,0,0,0,0,1,1,,1,1,1,0,0,0,0,1,,0,0,0,0,1,1,,1,0,0,,,,,0,,,,,,0,0,,0
,"/en-ca/collections/zelex%C2%AE-sle-doll-videos",1,1,0,0,0,0,1,,0,0,0,0,1,1,,1,1,1,0,0,0,0,1,,0,0,0,0,1,1,,1,0,0,,,,,0,,,,,,0,0,,0
"Product","/products/products-a684-big-booty-ssbbw-gel-41-8lb-realistic-torso",1,1,1,0,0,0,81,,1,0,0,7167,81,0,,0,1,1,1,0,0,0,81,,1,0,0,7167,81,0,,0,0,0,0,,,,0,,0,,,0,0,,,
,"/en-fi/blogs/dolls-info-qustions/sex-doll-ass-sexier",1,1,0,0,0,0,1,,0,0,0,0,1,1,,1,1,1,0,0,0,0,1,,0,0,0,0,1,1,,1,0,0,,,,,0,,,,,,0,0,,0
,"/ja/blogs/dolls-info-qustions/5-minutes-to-understand-what-a-pocket-pussy-is",1,1,0,0,0,0,1,,0,0,0,0,1,1,,1,1,1,0,0,0,0,1,,0,0,0,0,1,1,,1,0,0,,,,,0,,,,,,0,0,,0
"Product","/products/t693k-64-6lb-meru-anime-alien-sex-doll-torso-with-flat-chest-silicone-head-red-skin-torso-pro",1,1,0,0,0,0,1,,0,0,0,0,1,1,,1,1,1,0,0,0,0,1,,0,0,0,0,1,1,,1,0,0,,,,,0,,,,,,0,0,,0
"Product","/products/f9269-164cm-5ft4-33-5kg-d-cup-weight-loss-silicone-real-life-sex-dolls-starpery-doll",1,1,0,0,0,0,22,,0,0,0,1053,22,0,,0,1,1,0,0,0,0,22,,0,0,0,1053,22,0,,0,0,0,,,,,0,,,,,0,0,,,
"Checkout","/checkouts/cn/hWNDtlkvtAdqi2O3tdynOFNZ/en",1,1,0,1,0,0,1,0,0,1,0,0,1,0,,0,1,1,0,1,0,0,1,0,0,1,0,0,1,0,,0,0,0,,0,,,0,,,0,,,0,,,
"Blog Article","/blogs/dolls-info-qustions/irontech-default-configuration-fully-upgraded-premium-experience-delivered-instantly-truly-worth-every-penny",1,1,0,0,0,0,2,,0,0,0,114,2,0,,0,1,1,0,0,0,0,2,,0,0,0,114,2,0,,0,0,0,,,,,0,,,,,0,0,,,
"Product","/products/p387-mrl-snake-girl-cartoon-hentai-figure-best-pocket-pussy-small-sex-doll-silicone-19-62lb",1,1,0,0,0,0,16,,0,0,0,799,16,0,,0,1,1,0,0,0,0,16,,0,0,0,799,16,0,,0,0,0,,,,,0,,,,,0,0,,,
"Product","/products/p392-1-3lb-cteno-monster-girl-hentai-onahole-mrl",1,1,0,0,0,0,1,,0,0,0,0,1,1,,1,1,1,0,0,0,0,1,,0,0,0,0,1,1,,1,0,0,,,,,0,,,,,,0,0,,0
"Blog Article","/blogs/dolls-info-qustions/4-fantastic-stores-to-purchase-doll-clothes-you-must-visit",1,1,0,0,0,0,1,,0,0,0,0,1,1,,1,1,1,0,0,0,0,1,,0,0,0,0,1,1,,1,0,0,,,,,0,,,,,,0,0,,0
"Product","/products/f5069-170cm-5ft6-d-cup-ren-chinese-sexy-silicone-sex-doll-jx-doll",1,1,0,0,0,0,1,,0,0,0,0,1,1,,1,1,1,0,0,0,0,1,,0,0,0,0,1,1,,1,0,0,,,,,0,,,,,,0,0,,0
,"/en-ca/collections/big-ass-sex-doll-500-999",1,1,0,0,0,0,1,,0,0,0,0,1,1,,1,1,1,0,0,0,0,1,,0,0,0,0,1,1,,1,0,0,,,,,0,,,,,,0,0,,0
,"/en-fi/blogs/dolls-info-qustions/what-are-the-different-types-of-sex-dolls",1,1,0,0,0,0,1,,0,0,0,0,1,1,,1,1,1,0,0,0,0,1,,0,0,0,0,1,1,,1,0,0,,,,,0,,,,,,0,0,,0
"Product","/products/f9327-165cm-5ft5-33-3kg-d-cup-silicone-luxury-sex-dolls-zelex-sle-zelex-doll",1,1,0,0,0,0,9,,0,0,0,567,9,0,,0,1,1,0,0,0,0,9,,0,0,0,567,9,0,,0,0,0,,,,,0,,,,,0,0,,,
"Collection","/collections/same-style-ass-collection",1,1,0,0,0,0,5,,0,0,0,67,5,0,,0,1,1,0,0,0,0,5,,0,0,0,67,5,0,,0,0,0,,,,,0,,,,,0,0,,,
"Product","/products/h676-silicone-sex-doll-head-real-lady-doll",1,1,0,0,0,0,1,,0,0,0,0,1,1,,1,1,1,0,0,0,0,1,,0,0,0,0,1,1,,1,0,0,,,,,0,,,,,,0,0,,0
"Blog Article","/blogs/dolls-info-qustions/do-sex-dolls-feel-real",1,1,0,0,0,0,1,,0,0,0,0,1,1,,1,1,1,0,0,0,0,1,,0,0,0,0,1,1,,1,0,0,,,,,0,,,,,,0,0,,0
,"/en-ca/blogs/dolls-info-qustions/practical-dressing-guide-for-huge-breast-sex-dolls-no-more-struggling-no-more-squeezing",1,1,0,0,0,0,1,,0,0,0,0,1,1,,1,1,1,0,0,0,0,1,,0,0,0,0,1,1,,1,0,0,,,,,0,,,,,,0,0,,0
,"/de/collections/skinny-sex-doll",1,1,0,0,0,0,1,,0,0,0,0,1,1,,1,1,1,0,0,0,0,1,,0,0,0,0,1,1,,1,0,0,,,,,0,,,,,,0,0,,0
,"/de/blogs/dolls-info-qustions/how-to-install-a-removable-vaginal-insert-into-a-sex-doll",1,1,0,0,0,0,11,,0,0,0,2346,11,0,,0,1,1,0,0,0,0,11,,0,0,0,2346,11,0,,0,0,0,,,,,0,,,,,0,0,,,
"Product","/products/f4206-164cm5-4ft-34kg-j-cup-fantasy-tpe-sex-doll%E4%B8%A8wm-doll",1,1,0,0,0,0,1,,0,0,0,0,1,1,,1,1,1,0,0,0,0,1,,0,0,0,0,1,1,,1,0,0,,,,,0,,,,,,0,0,,0
,"/ja/blogs/dolls-info-qustions/why-do-female-characters-in-anime-often-have-exaggeratedly-large-breasts",1,1,0,0,0,0,1,,0,0,0,0,1,1,,1,1,1,0,0,0,0,1,,0,0,0,0,1,1,,1,0,0,,,,,0,,,,,,0,0,,0
,"/en-ca/products/f3264-151cm-5ft30kg-maya-c-cup-sexy-mature-women-sex-doll-yl-doll",1,1,0,0,0,0,3,,0,0,0,15,3,0,,0,1,1,0,0,0,0,3,,0,0,0,15,3,0,,0,0,0,,,,,0,,,,,0,0,,,
,"/ja/collections/sex-doll-legs",1,1,0,0,0,0,1,,0,0,0,0,1,1,,1,1,1,0,0,0,0,1,,0,0,0,0,1,1,,1,0,0,,,,,0,,,,,,0,0,,0
,"/de/collections/18s-sex-doll",1,1,0,0,0,0,5,,0,0,0,1037,5,0,,0,1,1,0,0,0,0,5,,0,0,0,1037,5,0,,0,0,0,,,,,0,,,,,0,0,,,
,"/en-ca/blogs/dolls-info-qustions/top-4-vajankle-foot-fetish-toys-you-can-t-miss-in-2026",1,1,0,0,0,0,1,,0,0,0,0,1,1,,1,1,1,0,0,0,0,1,,0,0,0,0,1,1,,1,0,0,,,,,0,,,,,,0,0,,0
,"/en-ca/products/f4352-164cm5-4ft-38kg-d-cup-asian-tpe-sex-doll%E4%B8%A8wm-doll",1,1,0,0,0,0,1,,0,0,0,0,1,1,,1,1,1,0,0,0,0,1,,0,0,0,0,1,1,,1,0,0,,,,,0,,,,,,0,0,,0
,"/en-ca/collections/arab-sex-doll-experience-the-exotic-allure",1,1,0,0,0,0,1,,0,0,0,0,1,1,,1,1,1,0,0,0,0,1,,0,0,0,0,1,1,,1,0,0,,,,,0,,,,,,0,0,,0
"Product","/products/p116-2-2lb-muscle-fake-pussy-realistic-masturbator-mini-hentai-sex-doll-torso-in-stock-mrl",1,1,1,1,0,0,19,0,1,1,0,590,19,0,0,0,1,1,1,1,0,0,19,0,1,1,0,590,19,0,0,0,0,0,0,0,,,0,,0,0,,0,0,,,
"Product","/products/f2388k-curvy-ssbbw-sex-doll-153cm-g-cup",1,1,0,0,0,0,4,,0,0,0,166,4,0,,0,1,1,0,0,0,0,4,,0,0,0,166,4,0,,0,0,0,,,,,0,,,,,0,0,,,
"Product","/products/f861-151cm-4ft9-kiko-e-cup-tpe-asian-girl-cute-lolita-sex-doll-se-doll",1,1,0,0,0,0,31,,0,0,0,1753,31,0,,0,1,1,0,0,0,0,31,,0,0,0,1753,31,0,,0,0,0,,,,,0,,,,,0,0,,,
"Blog Article","/blogs/dolls-info-qustions/should-i-use-uv-light-to-clean-my-male-sex-doll",1,1,0,0,0,0,1,,0,0,0,0,1,1,,1,1,1,0,0,0,0,1,,0,0,0,0,1,1,,1,0,0,,,,,0,,,,,,0,0,,0
,"/ja/collections/aibei-doll-factory-photos",1,1,0,0,0,0,1,,0,0,0,2,1,1,,1,1,1,0,0,0,0,1,,0,0,0,2,1,1,,1,0,0,,,,,0,,,,,0,0,0,,0
,"/en-ca/products/f3754-165cm5ft4-queena-c-cup-silicone-sexy-realistic-adult-chinese-sex-doll-se-doll",1,1,0,0,0,0,1,,0,0,0,0,1,1,,1,1,1,0,0,0,0,1,,0,0,0,0,1,1,,1,0,0,,,,,0,,,,,,0,0,,0
"Blog Article","/blogs/dolls-info-qustions/recommended-small-breast-sex-dolls-suitable-for-japanese-porn-student-movies",1,1,0,0,0,0,1,,0,0,0,0,1,1,,1,1,1,0,0,0,0,1,,0,0,0,0,1,1,,1,0,0,,,,,0,,,,,,0,0,,0
"Product","/products/climax-doll-lightweight-torso-head-100cm-t736",1,1,0,0,0,0,1,,0,0,0,0,1,1,,1,1,1,0,0,0,0,1,,0,0,0,0,1,1,,1,0,0,,,,,0,,,,,,0,0,,0
"Product","/products/f3511-170cm-5-6ft-43kg-d-cup-life-size-silicone-sex-doll-real-lady",1,1,0,0,0,0,2,,0,0,0,43,2,0,,0,1,1,0,0,0,0,2,,0,0,0,43,2,0,,0,0,0,,,,,0,,,,,0,0,,,
"Product","/products/h130-sex-doll-head",1,1,0,0,0,0,6,,0,0,0,191,6,0,,0,1,1,0,0,0,0,6,,0,0,0,191,6,0,,0,0,0,,,,,0,,,,,0,0,,,
"Product","/products/f7523-161cm5ft3-41-5kg-h-cup-huge-breast-adult-silicone-bbw-super-fat-big-belly-sex-doll-starpery-doll",1,1,0,0,0,0,1,,0,0,0,0,1,1,,1,1,1,0,0,0,0,1,,0,0,0,0,1,1,,1,0,0,,,,,0,,,,,,0,0,,0
"Checkout","/orders/9eeaa963a1a295e339a1024484e57210",1,1,0,0,0,0,1,,0,0,0,0,1,1,,1,1,1,0,0,0,0,1,,0,0,0,0,1,1,,1,0,0,,,,,0,,,,,,0,0,,0
"Product","/products/f2392-166cm-d-cup-s29-silicone-sex-doll-in-stock-usa-irontech-doll",1,1,0,0,0,0,1,,0,0,0,0,1,1,,1,1,1,0,0,0,0,1,,0,0,0,0,1,1,,1,0,0,,,,,0,,,,,,0,0,,0
,"/de/collections/medium-bust-japanese-sex-doll",1,1,0,0,0,0,1,,0,0,0,0,1,1,,1,1,1,0,0,0,0,1,,0,0,0,0,1,1,,1,0,0,,,,,0,,,,,,0,0,,0
,"/en-fi/blogs/featured-blog/the-best-hyper-realistic-sex-dolls-brands-features-and-buying-guide",1,1,0,0,0,0,1,,0,0,0,0,1,1,,1,1,1,0,0,0,0,1,,0,0,0,0,1,1,,1,0,0,,,,,0,,,,,,0,0,,0
,"/en-ca/products/f2059-166cm5-5ft-33kg-c-cup-blonde-stpe-sex-doll-in-stock-usa-%E4%B8%A8wm-doll",1,1,0,0,0,0,1,,0,0,0,0,1,1,,1,1,1,0,0,0,0,1,,0,0,0,0,1,1,,1,0,0,,,,,0,,,,,,0,0,,0
,"/de/blogs/dolls-info-qustions/4-out-of-this-world-alien-sex-dolls-you-need-to-try",1,1,0,0,0,0,1,,0,0,0,0,1,1,,1,1,1,0,0,0,0,1,,0,0,0,0,1,1,,1,0,0,,,,,0,,,,,,0,0,,0
,"/en-ca/products/t660-15-43lbs-tpr-8-46in-dildo-insert-ai-sex-doll-torso-toy-masturbator-xinse",1,1,0,0,0,0,2,,0,0,0,90,2,0,,0,1,1,0,0,0,0,2,,0,0,0,90,2,0,,0,0,0,,,,,0,,,,,0,0,,,
,"/de/blogs/recent-brand-updates-new-arrivals-for-sex-dolls/mrl-fantasy-sex-toys-realistic-anime-furry-and-monster-girl-torso-collection",1,1,0,0,0,0,1,,0,0,0,0,1,1,,1,1,1,0,0,0,0,1,,0,0,0,0,1,1,,1,0,0,,,,,0,,,,,,0,0,,0
"Collection","/collections/funwest-doll-in-stock-europe-2026",1,1,0,0,0,0,1,,0,0,0,2,1,1,,1,1,1,0,0,0,0,1,,0,0,0,2,1,1,,1,0,0,,,,,0,,,,,0,0,0,,0
,"/en-ca/products/f5982-164cm5-4ft-36kg-d-cup-263-asian-silicone-game-celebrity-sex-doll%E4%B8%A8sy-doll",1,1,0,0,0,0,1,,0,0,0,0,1,1,,1,1,1,0,0,0,0,1,,0,0,0,0,1,1,,1,0,0,,,,,0,,,,,,0,0,,0
"Collection","/collections/custom-body",1,1,0,0,0,0,1,,0,0,0,0,1,1,,1,1,1,0,0,0,0,1,,0,0,0,0,1,1,,1,0,0,,,,,0,,,,,,0,0,,0
,"/en-ca/collections/european-sex-dolls",1,1,0,0,0,0,3,,0,0,0,133,3,0,,0,1,1,0,0,0,0,3,,0,0,0,133,3,0,,0,0,0,,,,,0,,,,,0,0,,,
,"/en-fi/blogs/dolls-info-qustions/%F0%9F%94%A5-2025-best-fake-ass-sex-toy-recommendations-6-ultra-realistic-big-booty-dolls-for-ultimate-pleasure",1,1,0,0,0,0,1,,0,0,0,0,1,1,,1,1,1,0,0,0,0,1,,0,0,0,0,1,1,,1,0,0,,,,,0,,,,,,0,0,,0
"Custom Page","/pages/hentai-sex-doll-guide",1,1,0,0,0,0,1,,0,0,0,0,1,1,,1,1,1,0,0,0,0,1,,0,0,0,0,1,1,,1,0,0,,,,,0,,,,,,0,0,,0
"Product","/products/f2558-159cm5-2ft-37kg-a-cup-youthful-look-realistic-silicone-sex-doll-in-stock-usa-fun-west-doll",1,1,0,0,0,0,68,,0,0,0,4460,68,0,,0,1,1,0,0,0,0,68,,0,0,0,4460,68,0,,0,0,0,,,,,0,,,,,0,0,,,
"Product","/products/f2588-165cm-5ft4-g-cup-realistic-silicone-sex-doll-irontech-doll",1,1,0,0,0,0,25,,0,0,0,1640,25,0,,0,1,1,0,0,0,0,25,,0,0,0,1640,25,0,,0,0,0,,,,,0,,,,,0,0,,,
"Product","/products/p601-27lb-sex-doll-black-bottom-realistic-3d-ass-sex-doll",1,1,0,0,0,0,13,,0,0,0,1834,13,0,,0,1,1,0,0,0,0,13,,0,0,0,1834,13,0,,0,0,0,,,,,0,,,,,0,0,,,
,"/de/collections/lesbian-sex-doll-1",1,1,0,0,0,0,2,,0,0,0,2,2,0,,0,1,1,0,0,0,0,2,,0,0,0,2,2,0,,0,0,0,,,,,0,,,,,0,0,,,
"Product","/products/f7658-170cm5ft7-43kg-g-cup-silicone-ros-gel-breast-huge-tits-sex-doll-full-size%E4%B8%A8doll-senior",1,1,0,0,0,0,6,,0,0,0,43,6,0,,0,1,1,0,0,0,0,6,,0,0,0,43,6,0,,0,0,0,,,,,0,,,,,0,0,,,
,"/en-ca/blogs/featured-blog/exhibition-diary-the-2025-guangzhou-adult-expo-was-absolutely-mind-blowing",1,1,0,0,0,0,1,,0,0,0,0,1,1,,1,1,1,0,0,0,0,1,,0,0,0,0,1,1,,1,0,0,,,,,0,,,,,,0,0,,0
"Checkout","/checkouts/cn/hWNE7Fni9GEoj4UACjiulRmm/en-au",1,1,0,1,0,0,4,0,0,1,0,103,4,0,,0,1,1,0,1,0,0,4,0,0,1,0,103,4,0,,0,0,0,,0,,,0,,,0,,0,0,,,
"Blog Article","/blogs/dolls-info-qustions/mini-sex-doll-vs-other-sex-dolls-understanding-the-differences",1,1,0,0,0,0,1,,0,0,0,0,1,1,,1,1,1,0,0,0,0,1,,0,0,0,0,1,1,,1,0,0,,,,,0,,,,,,0,0,,0
"Collection","/collections/mini",1,1,0,0,0,0,3,,0,0,0,87,3,0,,0,1,1,0,0,0,0,3,,0,0,0,87,3,0,,0,0,0,,,,,0,,,,,0,0,,,
,"/ja/collections/angel-kiss-doll",1,1,0,0,0,0,1,,0,0,0,0,1,1,,1,1,1,0,0,0,0,1,,0,0,0,0,1,1,,1,0,0,,,,,0,,,,,,0,0,,0
"Blog Article","/blogs/dolls-info-qustions/bringing-fantasies-to-life-the-ultimate-sex-doll-roleplay-experience",1,1,0,0,0,0,1,,0,0,0,0,1,1,,1,1,1,0,0,0,0,1,,0,0,0,0,1,1,,1,0,0,,,,,0,,,,,,0,0,,0
,"/de/blogs/dolls-info-qustions/recommended-electric-torso-dolls",1,1,0,0,0,0,1,,0,0,0,0,1,1,,1,1,1,0,0,0,0,1,,0,0,0,0,1,1,,1,0,0,,,,,0,,,,,,0,0,,0
"Product","/products/f3746-166cm5ft5-bonnie-c-cup-tpe-european-teen-girls-young-cute-sex-dolls-se-doll",1,1,0,0,0,0,1,,0,0,0,0,1,1,,1,1,1,0,0,0,0,1,,0,0,0,0,1,1,,1,0,0,,,,,0,,,,,,0,0,,0
,"/en-ca/products/40cm-perfect-sexy-big-ass-sex-doll-torso-518-sex-doll-torso",1,1,0,0,0,0,14,,0,0,0,908,14,0,,0,1,1,0,0,0,0,14,,0,0,0,908,14,0,,0,0,0,,,,,0,,,,,0,0,,,
"Product","/products/f4039-150cm-k-cup-huge-breast-tpe-sex-doll-castle-doll",1,1,0,0,0,0,1,,0,0,0,0,1,1,,1,1,1,0,0,0,0,1,,0,0,0,0,1,1,,1,0,0,,,,,0,,,,,,0,0,,0
"Product","/products/f8560-163cm-5ft3-27kg-g-cup-real-lady-silicone-adult-full-size-sex-doll-t18-top-fire-doll",1,1,0,0,0,0,1,,0,0,0,0,1,1,,1,1,1,0,0,0,0,1,,0,0,0,0,1,1,,1,0,0,,,,,0,,,,,,0,0,,0
"Blog Article","/blogs/dolls-info-qustions/why-do-men-purchase-silicone-realistic-sex-dolls",1,1,0,0,0,0,1,,0,0,0,0,1,1,,1,1,1,0,0,0,0,1,,0,0,0,0,1,1,,1,0,0,,,,,0,,,,,,0,0,,0
,"/en-fi/collections/asian-sex-doll",1,1,0,0,0,0,6,,0,0,0,161,6,0,,0,1,1,0,0,0,0,6,,0,0,0,161,6,0,,0,0,0,,,,,0,,,,,0,0,,,
,"/de/blogs/dolls-info-qustions/5-things-to-know-before-trying-the-stand-and-carry-sexual-position",1,1,0,0,0,0,1,,0,0,0,0,1,1,,1,1,1,0,0,0,0,1,,0,0,0,0,1,1,,1,0,0,,,,,0,,,,,,0,0,,0
,"/de/products/p96-0-62lb-owl-elf-cheap-silicone-anime-hentai-pocket-pussy-mrl",1,1,0,0,0,0,8,,0,0,0,1354,8,0,,0,1,1,0,0,0,0,8,,0,0,0,1354,8,0,,0,0,0,,,,,0,,,,,0,0,,,
"Blog Article","/blogs/recent-brand-updates-new-arrivals-for-sex-dolls/irontech-doll-ros-max-head-how-a-more-natural-simulation-experience-is-achieved",1,1,0,0,0,0,1,,0,0,0,0,1,1,,1,1,1,0,0,0,0,1,,0,0,0,0,1,1,,1,0,0,,,,,0,,,,,,0,0,,0
"Product","/products/t664-15-43lbs-tpr-9-4in-dildo-detachable-real-male-ai-sex-doll-torso-xinse",1,1,0,0,0,0,1,,0,0,0,0,1,1,,1,1,1,0,0,0,0,1,,0,0,0,0,1,1,,1,0,0,,,,,0,,,,,,0,0,,0
"Product","/products/t939-36-6lb-98cm-2-2u-c-cup-asian-real-ros-silicone-torso-sex-doll-with-head-bezlya-doll",1,1,0,0,0,0,4,,0,0,0,207,4,0,,0,1,1,0,0,0,0,4,,0,0,0,207,4,0,,0,0,0,,,,,0,,,,,0,0,,,
"Product","/products/f5450-150cm-5ft-27-5kg-silicone-anime-hentai-sex-dolls-elsa-babe",1,1,0,0,0,0,1,,0,0,0,0,1,1,,1,1,1,0,0,0,0,1,,0,0,0,0,1,1,,1,0,0,,,,,0,,,,,,0,0,,0
"Product","/products/f3552k-162cm5-3ft-34kg-f-cup-asian-tpe-sex-doll-with-ai-in-stock-usa-%E4%B8%A8wm-doll",1,1,0,0,0,0,23,,0,0,0,2030,23,0,,0,1,1,0,0,0,0,23,,0,0,0,2030,23,0,,0,0,0,,,,,0,,,,,0,0,,,
"Product","/products/f4006-163cm-5ft3-g-cup-asian-jin-silicone-chinese-sex-doll-starpery-doll",1,1,0,0,0,0,1,,0,0,0,0,1,1,,1,1,1,0,0,0,0,1,,0,0,0,0,1,1,,1,0,0,,,,,0,,,,,,0,0,,0
,"/en-ca/blogs/sex-doll-option-videos/video-16-wm-exclusive-real-oral-sexros",1,1,0,0,0,0,1,,0,0,0,0,1,1,,1,1,1,0,0,0,0,1,,0,0,0,0,1,1,,1,0,0,,,,,0,,,,,,0,0,,0
,"/de/collections/sex-doll-torso-combination-package-for-couples",1,1,0,0,0,0,2,,0,0,0,19,2,0,,0,1,1,0,0,0,0,2,,0,0,0,19,2,0,,0,0,0,,,,,0,,,,,0,0,,,
,"/en-ca/pages/black-sex-doll-buy-guide",1,1,0,0,0,0,1,,0,0,0,0,1,1,,1,1,1,0,0,0,0,1,,0,0,0,0,1,1,,1,0,0,,,,,0,,,,,,0,0,,0
,"/en-ca/products/f5464-165cm5-5ft-47kg-e-cup-ss194-ros-full-size-stpe-sex-doll%E4%B8%A8wm-doll",1,1,0,0,0,0,6,,0,0,0,207,6,0,,0,1,1,0,0,0,0,6,,0,0,0,207,6,0,,0,0,0,,,,,0,,,,,0,0,,,
"Blog Article","/blogs/dolls-info-qustions/affordable-luxury-top-value-cheap-sex-doll-recommendations",1,1,0,0,0,0,1,,0,0,0,0,1,1,,1,1,1,0,0,0,0,1,,0,0,0,0,1,1,,1,0,0,,,,,0,,,,,,0,0,,0
"Checkout","/60719464687/orders/7adedd475c7ca53477042e95f4d6cda5",1,1,0,0,0,0,3,,0,0,0,38,3,0,,0,1,1,0,0,0,0,3,,0,0,0,38,3,0,,0,0,0,,,,,0,,,,,0,0,,,
,"/ja/blogs/dolls-info-qustions/a-beginners-guide-how-to-pick-a-silicon-sex-doll-head",1,1,0,0,0,0,16,,0,0,0,561,16,0,,0,1,1,0,0,0,0,16,,0,0,0,561,16,0,,0,0,0,,,,,0,,,,,0,0,,,
,"/ja/blogs/dolls-info-qustions/why-are-japanese-cosplay-sex-dolls-taking-over-the-world",1,1,0,0,0,0,1,,0,0,0,0,1,1,,1,1,1,0,0,0,0,1,,0,0,0,0,1,1,,1,0,0,,,,,0,,,,,,0,0,,0
,"/en-ca/products/f4390-166cm5-5ft-33kg-c-cup-asian-tpe-sex-doll%E4%B8%A8wm-doll",1,1,0,0,0,0,1,,0,0,0,0,1,1,,1,1,1,0,0,0,0,1,,0,0,0,0,1,1,,1,0,0,,,,,0,,,,,,0,0,,0
"Product","/products/f7667-170cm-5ft7-27kg-a-cup-silicone-flat-chest-full-body-sex-doll-natalie-doll-castle",1,1,0,0,0,0,1,,0,0,0,0,1,1,,1,1,1,0,0,0,0,1,,0,0,0,0,1,1,,1,0,0,,,,,0,,,,,,0,0,,0
,"/en-ca/products/f2228-160cm-5ft2-c-cup-lifelike-silicone-head-sex-doll-sy-doll",1,1,0,0,0,0,3,,0,0,0,62,3,0,,0,1,1,0,0,0,0,3,,0,0,0,62,3,0,,0,0,0,,,,,0,,,,,0,0,,,
"Product","/products/f4245-159cm5-2ft-27kg-b-cup-anime-tpe-hentai-sex-doll%E4%B8%A8wm-doll",1,1,0,0,0,0,3,,0,0,0,275,3,0,,0,1,1,0,0,0,0,3,,0,0,0,275,3,0,,0,0,0,,,,,0,,,,,0,0,,,
,"/en-fi/products/t324k-30-86lbs-72cm-h-cup-big-breasts-silicone-best-sex-torso-yeloly",1,1,0,0,0,0,1,,0,0,0,0,1,1,,1,1,1,0,0,0,0,1,,0,0,0,0,1,1,,1,0,0,,,,,0,,,,,,0,0,,0
"Product","/products/f4797-163cm-40kg-e-cup-life-size-best-silicone-sex-doll-for-man-zelex-sle-2-0-in-stock-usa-canada-zelex-doll",1,1,0,0,0,0,2,,0,0,0,329,2,0,,0,1,1,0,0,0,0,2,,0,0,0,329,2,0,,0,0,0,,,,,0,,,,,0,0,,,
"Product","/products/f2417-150cm-4ft9-d-cup-m42-wild-jungle-leopard-girl-silicone-furry-sex-doll-sy-doll",1,1,0,0,0,0,1,,0,0,0,0,1,1,,1,1,1,0,0,0,0,1,,0,0,0,0,1,1,,1,0,0,,,,,0,,,,,,0,0,,0
"Product","/products/t412-bbw-sex-torso-55lb-life-size-chubby-fat-woman",1,1,0,0,0,0,7,,0,0,0,483,7,0,,0,1,1,0,0,0,0,7,,0,0,0,483,7,0,,0,0,0,,,,,0,,,,,0,0,,,
,"/en-ca/collections/w-r-4-0",1,1,0,0,0,0,1,,0,0,0,0,1,1,,1,1,1,0,0,0,0,1,,0,0,0,0,1,1,,1,0,0,,,,,0,,,,,,0,0,,0
"Product","/products/f4808-164cm-5ft5-37-5kg-g-cup-full-size-realistic-silicone-sex-dollszelex-sle-2-0-in-stock-usa-canada-zelex-doll",1,1,0,0,0,0,8,,0,0,0,865,8,0,,0,1,1,0,0,0,0,8,,0,0,0,865,8,0,,0,0,0,,,,,0,,,,,0,0,,,
"Checkout","/checkouts/do/4366fcfc1e9f939bdc5ce08d585fbeb3/en-us",1,1,0,0,1,1,2,,0,0,0,57,2,0,,0,1,1,0,0,1,1,2,,0,0,0,57,2,0,,0,0,0,,,0,0,0,,,,,0,0,,,
"Product","/products/549-6-28lb-round-ass-sex-doll-torso",1,1,1,0,0,0,11,,1,0,0,559,11,0,,0,1,1,1,0,0,0,11,,1,0,0,559,11,0,,0,0,0,0,,,,0,,0,,,0,0,,,
"Product","/products/f4759k-175cm5ft9-69kg-x-cup-huge-breast-fat-thick-ass-tpe-ssbbw-sex-doll-in-stock-castle-doll",1,1,0,0,0,0,1,,0,0,0,0,1,1,,1,1,1,0,0,0,0,1,,0,0,0,0,1,1,,1,0,0,,,,,0,,,,,,0,0,,0
"Product","/products/b37-yellow-silicone-sex-doll-boobs-torso-titjob",1,1,0,0,0,0,9,,0,0,0,90,9,0,,0,1,1,0,0,0,0,9,,0,0,0,90,9,0,,0,0,0,,,,,0,,,,,0,0,,,
"Product","/products/f2414-sy-164cm-robotic-movable-jaw-life-size-sex-doll",1,1,0,0,0,0,6,,0,0,0,134,6,0,,0,1,1,0,0,0,0,6,,0,0,0,134,6,0,,0,0,0,,,,,0,,,,,0,0,,,
"Collection","/collections/dark-tanned-sex-doll",1,1,0,0,0,0,17,,0,0,0,1581,17,0,,0,1,1,0,0,0,0,17,,0,0,0,1581,17,0,,0,0,0,,,,,0,,,,,0,0,,,
"Product","/products/f7078-153cm-5ft0-38kg-i-cup-tpe-sexual-mini-european-sex-doll-castle-doll",1,1,0,0,0,0,1,,0,0,0,2,1,1,,1,1,1,0,0,0,0,1,,0,0,0,2,1,1,,1,0,0,,,,,0,,,,,0,0,0,,0
,"/ja/pages/avada-sitemap-products",1,1,0,0,0,0,1,,0,0,0,0,1,1,,1,1,1,0,0,0,0,1,,0,0,0,0,1,1,,1,0,0,,,,,0,,,,,,0,0,,0
"Product","/products/f4249-160cm5-3ft-38kg-i-cup-anime-tpe-hentai-sex-doll%E4%B8%A8wm-doll",1,1,0,0,0,0,1,,0,0,0,0,1,1,,1,1,1,0,0,0,0,1,,0,0,0,0,1,1,,1,0,0,,,,,0,,,,,,0,0,,0
"Blog Article","/blogs/dolls-info-qustions/the-psychological-appeal-behind-femboy-sex-dolls-why-they-ve-become-emotional-safe-havens",1,1,0,0,0,0,1,,0,0,0,0,1,1,,1,1,1,0,0,0,0,1,,0,0,0,0,1,1,,1,0,0,,,,,0,,,,,,0,0,,0
,"/en-ca/products/f3664-165cm-5ft434kg-bethune-f-cup-real-female-adult-breasts-sexy-curves-silicone-sex-doll-cst-doll",1,1,0,0,0,0,1,,0,0,0,0,1,1,,1,1,1,0,0,0,0,1,,0,0,0,0,1,1,,1,0,0,,,,,0,,,,,,0,0,,0
,"/ja/products/7710944985327",1,1,0,0,0,0,1,,0,0,0,0,1,1,,1,1,1,0,0,0,0,1,,0,0,0,0,1,1,,1,0,0,,,,,0,,,,,,0,0,,0
,"/en-ca/collections/new-arrivals-robot-sex-dolls",1,1,0,0,0,0,1,,0,0,0,0,1,1,,1,1,1,0,0,0,0,1,,0,0,0,0,1,1,,1,0,0,,,,,0,,,,,,0,0,,0
"Product","/products/a259-19lb-sexy-and-real-realistic-fat-lady-ass-sex-doll-torso",1,1,0,0,0,0,1,,0,0,0,0,1,1,,1,1,1,0,0,0,0,1,,0,0,0,0,1,1,,1,0,0,,,,,0,,,,,,0,0,,0
"Product","/products/f3442-aibei-h-cup-sucking-life-size-sex-doll",1,1,0,0,0,0,4,,0,0,0,42,4,0,,0,1,1,0,0,0,0,4,,0,0,0,42,4,0,,0,0,0,,,,,0,,,,,0,0,,,
"Collection","/collections/medium-bust-japanese-sex-doll",1,1,0,0,0,0,1,,0,0,0,0,1,1,,1,1,1,0,0,0,0,1,,0,0,0,0,1,1,,1,0,0,,,,,0,,,,,,0,0,,0
"Blog Article","/blogs/featured-blog/how-to-use-and-clean-a-squirting-doggy-dildo-doll",1,1,0,0,0,0,1,,0,0,0,0,1,1,,1,1,1,0,0,0,0,1,,0,0,0,0,1,1,,1,0,0,,,,,0,,,,,,0,0,,0
,"/ja/collections/anime-alien-sex-doll",1,1,0,0,0,0,1,,0,0,0,0,1,1,,1,1,1,0,0,0,0,1,,0,0,0,0,1,1,,1,0,0,,,,,0,,,,,,0,0,,0
"Collection","/collections/clothes-for-sex-dolls",1,1,0,0,0,0,3,,0,0,0,207,3,0,,0,1,1,0,0,0,0,3,,0,0,0,207,3,0,,0,0,0,,,,,0,,,,,0,0,,,
,"/ja/blogs/dolls-info-qustions/why-you-should-buy-your-husband-a-life-size-silicone-sex-doll",1,1,0,0,0,0,1,,0,0,0,0,1,1,,1,1,1,0,0,0,0,1,,0,0,0,0,1,1,,1,0,0,,,,,0,,,,,,0,0,,0
"Product","/products/notye-silicone-with-head-75lbs-158cm-t780",1,1,0,0,0,0,1,,0,0,0,0,1,1,,1,1,1,0,0,0,0,1,,0,0,0,0,1,1,,1,0,0,,,,,0,,,,,,0,0,,0
"Blog Article","/blogs/dolls-info-qustions/how-important-is-pussy-to-women",1,1,0,0,0,0,1,,0,0,0,0,1,1,,1,1,1,0,0,0,0,1,,0,0,0,0,1,1,,1,0,0,,,,,0,,,,,,0,0,,0
,"/en-fi/blogs/featured-blog/say-goodbye-to-stickiness-and-deforming-the-ultimate-care-and-storage-guide-for-silicone-sex-dolls",1,1,0,0,0,0,1,,0,0,0,0,1,1,,1,1,1,0,0,0,0,1,,0,0,0,0,1,1,,1,0,0,,,,,0,,,,,,0,0,,0
,"/en-ca/products/t230-big-breast-torso-dildo-bisexual-torso",1,1,0,0,0,0,1,,0,0,0,0,1,1,,1,1,1,0,0,0,0,1,,0,0,0,0,1,1,,1,0,0,,,,,0,,,,,,0,0,,0
,"/de/collections/best-seller-sex-dolls-500-999",1,1,0,0,0,0,2,,0,0,0,14,2,0,,0,1,1,0,0,0,0,2,,0,0,0,14,2,0,,0,0,0,,,,,0,,,,,0,0,,,
"Product","/products/p97-0-84lb-chinese-kirin-anime-fake-pussy-silicone-hentai-figure-sex-doll-mrl",1,1,0,0,0,0,5,,0,0,0,75,5,0,,0,1,1,0,0,0,0,5,,0,0,0,75,5,0,,0,0,0,,,,,0,,,,,0,0,,,
"Blog Article","/blogs/dolls-info-qustions/do-sex-toys-cause-overstimulation",1,1,0,0,0,0,1,,0,0,0,0,1,1,,1,1,1,0,0,0,0,1,,0,0,0,0,1,1,,1,0,0,,,,,0,,,,,,0,0,,0
"Product","/products/f114-175cm-5ft9-58kg-gino-sexy-rabbit-man-tpe-femboy-doll-for-gay-men-qita-doll",1,1,0,0,0,0,1,,0,0,0,0,1,1,,1,1,1,0,0,0,0,1,,0,0,0,0,1,1,,1,0,0,,,,,0,,,,,,0,0,,0
"Product","/products/f5946-160modcm5-3ft-34kg-2-2l-j-cup-silicone-big-breasted-japanese-anime-sex-doll-bezlya-doll",1,1,0,0,0,0,1,,0,0,0,0,1,1,,1,1,1,0,0,0,0,1,,0,0,0,0,1,1,,1,0,0,,,,,0,,,,,,0,0,,0
"Product","/products/t464-19-8lbs-neko-catwoman-futanari-toys-tpe-mini-anime-doll-mrl",1,1,0,0,0,0,11,,0,0,0,336,11,0,,0,1,1,0,0,0,0,11,,0,0,0,336,11,0,,0,0,0,,,,,0,,,,,0,0,,,
"Collection","/collections/bbw-torso-new-product",1,1,0,0,0,0,1,,0,0,0,0,1,1,,1,1,1,0,0,0,0,1,,0,0,0,0,1,1,,1,0,0,,,,,0,,,,,,0,0,,0
,"/de/collections/pocket-pussy-ass",1,1,0,0,0,0,1,,0,0,0,0,1,1,,1,1,1,0,0,0,0,1,,0,0,0,0,1,1,,1,0,0,,,,,0,,,,,,0,0,,0
"Product","/products/p398-2-1lbs-asphodel-anime-pocket-pussy-hentia-sex-dolls-mrl",1,1,1,1,0,0,19,0,1,1,0,812,19,0,0,0,1,1,1,1,0,0,19,0,1,1,0,812,19,0,0,0,0,0,0,0,,,0,,0,0,,0,0,,,
,"/en-ca/products/9325835583727",1,1,0,0,0,0,1,,0,0,0,0,1,1,,1,1,1,0,0,0,0,1,,0,0,0,0,1,1,,1,0,0,,,,,0,,,,,,0,0,,0
"Product","/products/f8051-150cm-5ft-27-5kg-silicone-japanese-anime-sex-doll-fantasy-love-doll-with-anime-features-elsa-babe",1,1,0,0,0,0,1,,0,0,0,0,1,1,,1,1,1,0,0,0,0,1,,0,0,0,0,1,1,,1,0,0,,,,,0,,,,,,0,0,,0
,"/ja/blogs/dolls-info-qustions/2025-hot-selling-japanese-sex-dolls-popular-products-and-their-unique-charm-unveiled",1,1,0,0,0,0,1,,0,0,0,0,1,1,,1,1,1,0,0,0,0,1,,0,0,0,0,1,1,,1,0,0,,,,,0,,,,,,0,0,,0
"Product","/products/b35-5-9lb-full-bust-23-2inch-cinnamon-silicone-titty-fucking-mammary-intercourse-sex-toy-titjob-boob-job-breast-sex-titty-fucking",1,1,0,0,0,0,1,,0,0,0,0,1,1,,1,1,1,0,0,0,0,1,,0,0,0,0,1,1,,1,0,0,,,,,0,,,,,,0,0,,0
"Blog Article","/blogs/dolls-info-qustions/how-to-choose-the-hair-for-a-sex-doll-hair-implantation-vs-wigs",1,1,0,0,0,0,1,,0,0,0,0,1,1,,1,1,1,0,0,0,0,1,,0,0,0,0,1,1,,1,0,0,,,,,0,,,,,,0,0,,0
,"/de/blogs/dolls-info-qustions/why-do-men-purchase-silicone-realistic-sex-dolls",1,1,0,0,0,0,1,,0,0,0,0,1,1,,1,1,1,0,0,0,0,1,,0,0,0,0,1,1,,1,0,0,,,,,0,,,,,,0,0,,0
,"/de/blogs/dolls-info-qustions/best-sex-doll-torsos-of-2025-ultra-realistic-picks-for-the-ultimate-pleasure",1,1,0,0,0,0,1,,0,0,0,0,1,1,,1,1,1,0,0,0,0,1,,0,0,0,0,1,1,,1,0,0,,,,,0,,,,,,0,0,,0
,"/en-ca/collections/tpe-body-silicone-head",1,1,0,0,0,0,1,,0,0,0,0,1,1,,1,1,1,0,0,0,0,1,,0,0,0,0,1,1,,1,0,0,,,,,0,,,,,,0,0,,0
,"/en-ca/products/a433-16-54lb-lucy-silicone-realistic-pussy-sex-doll-bubble-butt-hip-toy-lovenestle",1,1,0,0,0,0,1,,0,0,0,0,1,1,,1,1,1,0,0,0,0,1,,0,0,0,0,1,1,,1,0,0,,,,,0,,,,,,0,0,,0
"Product","/products/f8506-163cm-36kg-silicone-head-tpe-body-full-size-adult-sex-doll-karyn-in-stock-usa-ridmii",1,1,0,0,0,0,3,,0,0,0,144,3,0,,0,1,1,0,0,0,0,3,,0,0,0,144,3,0,,0,0,0,,,,,0,,,,,0,0,,,
"Product","/products/f5473-150cm-4ft9usa-stock-a-cup-small-flat-chested-silicone-sex-doll-sy-doll-%E5%A4%8D%E5%88%B6",1,1,0,0,0,0,1,,0,0,0,0,1,1,,1,1,1,0,0,0,0,1,,0,0,0,0,1,1,,1,0,0,,,,,0,,,,,,0,0,,0
"Product","/products/h891-silicone-sex-doll-head-elsa-babe-head",1,1,0,0,0,0,1,,0,0,0,0,1,1,,1,1,1,0,0,0,0,1,,0,0,0,0,1,1,,1,0,0,,,,,0,,,,,,0,0,,0
,"/ja/collections/electric-male-sex-doll",1,1,0,0,0,0,1,,0,0,0,0,1,1,,1,1,1,0,0,0,0,1,,0,0,0,0,1,1,,1,0,0,,,,,0,,,,,,0,0,,0
,"/en-ca/products/f5471-170cm5-6ft-43kg-d-cup-s23-life-size-silicone-sex-doll-real-lady",1,1,0,0,0,0,1,,0,0,0,0,1,1,,1,1,1,0,0,0,0,1,,0,0,0,0,1,1,,1,0,0,,,,,0,,,,,,0,0,,0
,"/en-ca/products/f8243-168cm5-5ft-34kg-silicone-full-size-sex-doll-azm-doll",1,1,0,0,0,0,1,,0,0,0,0,1,1,,1,1,1,0,0,0,0,1,,0,0,0,0,1,1,,1,0,0,,,,,0,,,,,,0,0,,0
"Product","/products/f5707-168cm-5ft6-40kg-a-cup-rabbit-police-officer-anime-flat-chest-best-animal-furry-character-sex-doll-castle-doll",1,1,0,0,0,0,2,,0,0,0,565,2,0,,0,1,1,0,0,0,0,2,,0,0,0,565,2,0,,0,0,0,,,,,0,,,,,0,0,,,
,"/en-ca/blogs/dolls-info-qustions/lets-talk-about-sex-robots-baby",1,1,0,0,0,0,1,,0,0,0,0,1,1,,1,1,1,0,0,0,0,1,,0,0,0,0,1,1,,1,0,0,,,,,0,,,,,,0,0,,0
"Product","/products/f4758-175cm5ft9-69kg-x-cup-huge-breast-fat-ass-tpe-fat-ssbbw-sex-doll-castle-doll",1,1,1,0,0,0,33,,1,0,0,2944,33,0,,0,1,1,1,0,0,0,33,,1,0,0,2944,33,0,,0,0,0,0,,,,0,,0,,,0,0,,,
"Collection","/collections/anime-sex-doll-head",1,1,0,0,0,0,4,,0,0,0,102,4,0,,0,1,1,0,0,0,0,4,,0,0,0,102,4,0,,0,0,0,,,,,0,,,,,0,0,,,
,"/ja/collections/shemale-sex-doll-torso-1",1,1,0,0,0,0,1,,0,0,0,0,1,1,,1,1,1,0,0,0,0,1,,0,0,0,0,1,1,,1,0,0,,,,,0,,,,,,0,0,,0
"Collection","/collections/full-femboy-sex-doll",1,1,0,0,0,0,1,,0,0,0,0,1,1,,1,1,1,0,0,0,0,1,,0,0,0,0,1,1,,1,0,0,,,,,0,,,,,,0,0,,0
"Blog Article","/blogs/dolls-info-qustions/how-men-can-use-sex-dolls-to-overcome-fake-orgasms",1,1,0,0,0,0,1,,0,0,0,0,1,1,,1,1,1,0,0,0,0,1,,0,0,0,0,1,1,,1,0,0,,,,,0,,,,,,0,0,,0
,"/en-fi/blogs/dolls-info-qustions/exploring-the-mens-psychology-of-sex-doll-ownership",1,1,0,0,0,0,1,,0,0,0,0,1,1,,1,1,1,0,0,0,0,1,,0,0,0,0,1,1,,1,0,0,,,,,0,,,,,,0,0,,0
"Product","/products/547-ass-doll",1,1,0,0,0,0,1,,0,0,0,0,1,1,,1,1,1,0,0,0,0,1,,0,0,0,0,1,1,,1,0,0,,,,,0,,,,,,0,0,,0
"Product","/products/f2053-166cm5-5ft-33kg-c-cup-slim-thin-with-small-boobs-stpe-sex-doll-in-stock-usa-%E4%B8%A8wm-doll",1,1,0,0,0,0,13,,0,0,0,422,13,0,,0,1,1,0,0,0,0,13,,0,0,0,422,13,0,,0,0,0,,,,,0,,,,,0,0,,,
"Product","/collections/sex-doll-torso-dildo-for-woman/products/52516-1lb-53cm-premium-shemale-boys-male-sex-dolls-torso-for-women",1,1,0,0,0,0,1,,0,0,0,0,1,1,,1,1,1,0,0,0,0,1,,0,0,0,0,1,1,,1,0,0,,,,,0,,,,,,0,0,,0
,"/de/collections/gaming-celebrities",1,1,0,0,0,0,3,,0,0,0,536,3,0,,0,1,1,0,0,0,0,3,,0,0,0,536,3,0,,0,0,0,,,,,0,,,,,0,0,,,
,"/en-ca/blogs/dolls-info-qustions/the-funniest-sex-doll-torso-news-in-2025",1,1,0,0,0,0,1,,0,0,0,0,1,1,,1,1,1,0,0,0,0,1,,0,0,0,0,1,1,,1,0,0,,,,,0,,,,,,0,0,,0
,"/de/collections/best-sellers-in-ass",1,1,0,0,0,0,2,,0,0,0,20,2,0,,0,1,1,0,0,0,0,2,,0,0,0,20,2,0,,0,0,0,,,,,0,,,,,0,0,,,
,"/ja/blogs/dolls-info-qustions/small-size-big-satisfaction-a-complete-real-life-sex-experience-review-of-the-mini-sex-doll",1,1,0,0,0,0,1,,0,0,0,0,1,1,,1,1,1,0,0,0,0,1,,0,0,0,0,1,1,,1,0,0,,,,,0,,,,,,0,0,,0
"Blog Article","/blogs/sex-doll-torso-blog/how-to-heat-the-sex-doll-torso",1,1,0,0,0,0,1,,0,0,0,0,1,1,,1,1,1,0,0,0,0,1,,0,0,0,0,1,1,,1,0,0,,,,,0,,,,,,0,0,,0
"Product","/products/t926-80cm-34kg-bbw-sex-doll-bbl-body-h-cup-big-booty-tpe",1,1,0,0,0,0,1,,0,0,0,0,1,1,,1,1,1,0,0,0,0,1,,0,0,0,0,1,1,,1,0,0,,,,,0,,,,,,0,0,,0
"Product","/products/f9260-163cm-silicone-e-cup-realistic-adult-sex-doll",1,1,0,0,0,0,1,,0,0,0,0,1,1,,1,1,1,0,0,0,0,1,,0,0,0,0,1,1,,1,0,0,,,,,0,,,,,,0,0,,0
"Product","/products/t59417-61lb-suntan-bbw-pear-shaped-saggy-breasts-sex-doll-torso-big-tits",1,1,0,0,0,0,1,,0,0,0,0,1,1,,1,1,1,0,0,0,0,1,,0,0,0,0,1,1,,1,0,0,,,,,0,,,,,,0,0,,0
,"/de/blogs/dolls-info-qustions/explore-five-different-types-of-realistic-life-size-sex-dolls",1,1,0,0,0,0,1,,0,0,0,0,1,1,,1,1,1,0,0,0,0,1,,0,0,0,0,1,1,,1,0,0,,,,,0,,,,,,0,0,,0
"Product","/products/t522",1,1,0,0,0,0,2,,0,0,0,46,2,0,,0,1,1,0,0,0,0,2,,0,0,0,46,2,0,,0,0,0,,,,,0,,,,,0,0,,,
"Blog Article","/blogs/dolls-info-qustions/big-ass-sex-doll-recommendations-under-1000-high-value-picks",1,1,0,0,0,0,1,,0,0,0,0,1,1,,1,1,1,0,0,0,0,1,,0,0,0,0,1,1,,1,0,0,,,,,0,,,,,,0,0,,0
"Product","/products/f4758a-175cm5ft9-69kg-x-cup-huge-breast-fat-thick-ass-tpe-ssbbw-chubby-sex-doll-doll-castle",1,1,0,0,0,0,25,,0,0,0,544,25,0,,0,1,1,0,0,0,0,25,,0,0,0,544,25,0,,0,0,0,,,,,0,,,,,0,0,,,
,"/ja/collections/big-booty-sex-dolls",1,1,0,0,0,0,4,,0,0,0,140,4,0,,0,1,1,0,0,0,0,4,,0,0,0,140,4,0,,0,0,0,,,,,0,,,,,0,0,,,
"Product","/products/h716-tpe-sex-doll-head-attractive-tan-girl-irontech-doll-head",1,1,0,0,0,0,1,,0,0,0,0,1,1,,1,1,1,0,0,0,0,1,,0,0,0,0,1,1,,1,0,0,,,,,0,,,,,,0,0,,0
,"/de/blogs/featured-blog/yeloly-new-product-launch-which-sex-doll-torso-are-worth-your-attention",1,1,0,0,0,0,1,,0,0,0,0,1,1,,1,1,1,0,0,0,0,1,,0,0,0,0,1,1,,1,0,0,,,,,0,,,,,,0,0,,0
"Blog Article","/blogs/dolls-info-qustions/introduction-of-oral-heating-and-automatic-tongue-licking-function-and-precautions-for-operation",1,1,0,0,0,0,1,,0,0,0,0,1,1,,1,1,1,0,0,0,0,1,,0,0,0,0,1,1,,1,0,0,,,,,0,,,,,,0,0,,0
,"/en-fi/blogs/dolls-info-qustions/detailed-showcase-of-bbw-love-doll-features",1,1,0,0,0,0,1,,0,0,0,0,1,1,,1,1,1,0,0,0,0,1,,0,0,0,0,1,1,,1,0,0,,,,,0,,,,,,0,0,,0
"Blog Article","/blogs/dolls-info-qustions/bbw-sex-dolls-go-ultra-light-how-the-realistic-flesh-revolution-is-redefining-weight-and-freedom",1,1,0,0,0,0,2,,0,0,0,246,2,0,,0,1,1,0,0,0,0,2,,0,0,0,246,2,0,,0,0,0,,,,,0,,,,,0,0,,,
"Product","/products/f9315-150cm4ft11-30kg-2-2-a-cup-asian-real-silicone-japanese-life-sized-sex-doll-aitia-doll",1,1,0,0,0,0,1,,0,0,0,0,1,1,,1,1,1,0,0,0,0,1,,0,0,0,0,1,1,,1,0,0,,,,,0,,,,,,0,0,,0
,"/ja/pages/all-category",1,1,0,0,0,0,1,,0,0,0,0,1,1,,1,1,1,0,0,0,0,1,,0,0,0,0,1,1,,1,0,0,,,,,0,,,,,,0,0,,0
,"/en-ca/blogs/dolls-info-qustions/the-hidden-risks-behind-used-nbsp-sex-dolls-would-you-still-buy-one",1,1,0,0,0,0,1,,0,0,0,0,1,1,,1,1,1,0,0,0,0,1,,0,0,0,0,1,1,,1,0,0,,,,,0,,,,,,0,0,,0
"Blog Article","/blogs/recent-brand-updates-new-arrivals-for-sex-dolls/climax-pa-series-platinum-silicone-fantasy-horse-tail-sex-torso",1,1,0,0,0,0,1,,0,0,0,0,1,1,,1,1,1,0,0,0,0,1,,0,0,0,0,1,1,,1,0,0,,,,,0,,,,,,0,0,,0
,"/ja/policies/privacy-policy",1,1,0,0,0,0,1,,0,0,0,0,1,1,,1,1,1,0,0,0,0,1,,0,0,0,0,1,1,,1,0,0,,,,,0,,,,,,0,0,,0
"Collection","/collections/realistic-sex-doll-list",1,1,0,0,0,0,5,,0,0,0,47,5,0,,0,1,1,0,0,0,0,5,,0,0,0,47,5,0,,0,0,0,,,,,0,,,,,0,0,,,
"Blog Article","/blogs/dolls-info-qustions/unlock-the-ultimate-pleasure-code-nukige-games-hentai-sex-dolls-that-ll-melt-your-resistance-21",1,1,0,0,0,0,2,,0,0,0,3,2,0,,0,1,1,0,0,0,0,2,,0,0,0,3,2,0,,0,0,0,,,,,0,,,,,0,0,,,
"Product","/products/f9422-40kg-g-cup-mini-silicone-head-life-sized-sex-doll-aitia-doll",1,1,0,0,0,0,10,,0,0,0,320,10,0,,0,1,1,0,0,0,0,10,,0,0,0,320,10,0,,0,0,0,,,,,0,,,,,0,0,,,
,"/en-ca/products/f1417-158cm5f2-31-25kg-c-cup-small-breast-tpe-sex-doll-aibei-doll",1,1,0,0,0,0,2,,0,0,0,35,2,0,,0,1,1,0,0,0,0,2,,0,0,0,35,2,0,,0,0,0,,,,,0,,,,,0,0,,,
,"/en-ca/blogs/dolls-info-qustions/how-to-use-a-doggy-dildo-doll-from-beginner-basics-to-7-practical-positions",1,1,0,0,0,0,1,,0,0,0,0,1,1,,1,1,1,0,0,0,0,1,,0,0,0,0,1,1,,1,0,0,,,,,0,,,,,,0,0,,0
"Product","/products/f2177-152cm5ft-d-cup-lily-tpe-sex-doll-fun-west-doll",1,1,0,0,0,0,1,,0,0,0,0,1,1,,1,1,1,0,0,0,0,1,,0,0,0,0,1,1,,1,0,0,,,,,0,,,,,,0,0,,0
"Checkout","/60719464687/orders/92f6c0b829b0fccca6ac0815ab39c6ea",1,1,0,0,0,0,2,,0,0,0,254,2,0,,0,1,1,0,0,0,0,2,,0,0,0,254,2,0,,0,0,0,,,,,0,,,,,0,0,,,
,"/ja/blogs/dolls-info-qustions/dangerous-and-fascinating-the-irresistible-allure-of-mermaid-sex-doll",1,1,0,0,0,0,1,,0,0,0,0,1,1,,1,1,1,0,0,0,0,1,,0,0,0,0,1,1,,1,0,0,,,,,0,,,,,,0,0,,0
,"/en-fi/products/t293-30-9lbs-72cm-super-realistic-luxury-life-size-silicone-sex-doll-torso",1,1,0,0,0,0,1,,0,0,0,0,1,1,,1,1,1,0,0,0,0,1,,0,0,0,0,1,1,,1,0,0,,,,,0,,,,,,0,0,,0
"Blog Article","/blogs/sex-doll-torso-blog/who-are-sex-doll-torsos-suitable-for",1,1,0,0,0,0,1,,0,0,0,0,1,1,,1,1,1,0,0,0,0,1,,0,0,0,0,1,1,,1,0,0,,,,,0,,,,,,0,0,,0
,"/en-fi/blogs/dolls-info-qustions/what-weight-of-butt-torso-sex-dolls-is-most-suitable",1,1,0,0,0,0,1,,0,0,0,0,1,1,,1,1,1,0,0,0,0,1,,0,0,0,0,1,1,,1,0,0,,,,,0,,,,,,0,0,,0
"Product","/products/40cm-perfect-sexy-big-ass-sex-doll-torso-518-sex-doll-torso",1,1,0,0,0,0,23,,0,0,0,1455,23,0,,0,1,1,0,0,0,0,23,,0,0,0,1455,23,0,,0,0,0,,,,,0,,,,,0,0,,,
,"/en-ca/products/f6202-165cm-5ft4-37kg-a-cup-silicone-sex-doll-small-breasts-firefly-diary",1,1,0,0,0,0,19,,0,0,0,640,19,0,,0,1,1,0,0,0,0,19,,0,0,0,640,19,0,,0,0,0,,,,,0,,,,,0,0,,,
,"/en-ca/products/f3464-158cm5f232kg-h-cup-big-breast-tpe-sex-doll-aibei-doll",1,1,0,0,0,0,1,,0,0,0,0,1,1,,1,1,1,0,0,0,0,1,,0,0,0,0,1,1,,1,0,0,,,,,0,,,,,,0,0,,0
"Product","/products/f9368-168cm-2-2cf-ros-asian-cosplay-silicone-celebrity-lifesize-sex-doll-aitia-doll",1,1,0,0,0,0,1,,0,0,0,0,1,1,,1,1,1,0,0,0,0,1,,0,0,0,0,1,1,,1,0,0,,,,,0,,,,,,0,0,,0
,"/en-ca/collections/torso-only",1,1,0,0,0,0,2,,0,0,0,54,2,0,,0,1,1,0,0,0,0,2,,0,0,0,54,2,0,,0,0,0,,,,,0,,,,,0,0,,,
,"/en-ca/products/f3465-158cm5f2-33kg-e-cup-medium-breast-tpe-sex-doll-aibei-doll",1,1,0,0,0,0,3,,0,0,0,56,3,0,,0,1,1,0,0,0,0,3,,0,0,0,56,3,0,,0,0,0,,,,,0,,,,,0,0,,,
"Product","/products/f4462-160cm5f3-39kg-f-cup-blonde-silicone-head-medium-butt-sex-doll-aibei-doll",1,1,0,0,0,0,1,,0,0,0,0,1,1,,1,1,1,0,0,0,0,1,,0,0,0,0,1,1,,1,0,0,,,,,0,,,,,,0,0,,0
"Product","/products/f5979-158cm-5ft2-33kg-d-cup-tpe-big-breasts-adult-sex-doll-rosretty-dolls",1,1,0,0,0,0,6,,0,0,0,371,6,0,,0,1,1,0,0,0,0,6,,0,0,0,371,6,0,,0,0,0,,,,,0,,,,,0,0,,,
,"/de/collections/climax-doll-videos",1,1,0,0,0,0,1,,0,0,0,0,1,1,,1,1,1,0,0,0,0,1,,0,0,0,0,1,1,,1,0,0,,,,,0,,,,,,0,0,,0
"Blog Article","/blogs/dolls-info-qustions/a-guide-to-changing-the-head-of-your-sex-doll",1,1,0,0,0,0,1,,0,0,0,0,1,1,,1,1,1,0,0,0,0,1,,0,0,0,0,1,1,,1,0,0,,,,,0,,,,,,0,0,,0
"Collection","/collections/dildo-male-sex-doll",1,1,0,0,0,0,2,,0,0,0,5,2,0,,0,1,1,0,0,0,0,2,,0,0,0,5,2,0,,0,0,0,,,,,0,,,,,0,0,,,
,"/ja/blogs/dolls-info-qustions/sex-experts-recommend-top-ten-sex-pillows-to-enhance-your-bbw-sex-doll-experience",1,1,0,0,0,0,1,,0,0,0,0,1,1,,1,1,1,0,0,0,0,1,,0,0,0,0,1,1,,1,0,0,,,,,0,,,,,,0,0,,0
"Blog Article","/blogs/dolls-info-qustions/se-master-makeup-the-ultimate-in-realistic-body-art",1,1,0,0,0,0,2,,0,0,0,22,2,0,,0,1,1,0,0,0,0,2,,0,0,0,22,2,0,,0,0,0,,,,,0,,,,,0,0,,,
,"/en-ca/products/f5492-166cm5-5ft-33kg-ss196-c-cup-life-size-silicone-head-s-tpe-real-ai-sex-doll%E4%B8%A8wm-doll",1,1,0,0,0,0,1,,0,0,0,0,1,1,,1,1,1,0,0,0,0,1,,0,0,0,0,1,1,,1,0,0,,,,,0,,,,,,0,0,,0
"Product","/products/f3075-165cm-d-cup-silicone-head-movable-jaw-sle-body-real-sex-doll-zelex-doll",1,1,0,0,0,0,1,,0,0,0,0,1,1,,1,1,1,0,0,0,0,1,,0,0,0,0,1,1,,1,0,0,,,,,0,,,,,,0,0,,0
,"/en-ca/collections/bezlya",1,1,0,0,0,0,2,,0,0,0,33,2,0,,0,1,1,0,0,0,0,2,,0,0,0,33,2,0,,0,0,0,,,,,0,,,,,0,0,,,
"Product","/products/h520-tpe-oral-sex-doll-head-with-tonge%E4%B8%A8funwest-doll-head",1,1,0,0,0,0,5,,0,0,0,46,5,0,,0,1,1,0,0,0,0,5,,0,0,0,46,5,0,,0,0,0,,,,,0,,,,,0,0,,,
"Product","/products/f232-musical-talent-170cm-5ft7-silicone-male-sex-doll-irontech-doll",1,1,0,0,0,0,2,,0,0,0,58,2,0,,0,1,1,0,0,0,0,2,,0,0,0,58,2,0,,0,0,0,,,,,0,,,,,0,0,,,
,"/de/collections/erovenus-max",1,1,0,0,0,0,3,,0,0,0,555,3,0,,0,1,1,0,0,0,0,3,,0,0,0,555,3,0,,0,0,0,,,,,0,,,,,0,0,,,
"Collection","/collections/lusandy-doll-factory-photos",1,1,0,0,0,0,12,,0,0,0,939,12,0,,0,1,1,0,0,0,0,12,,0,0,0,939,12,0,,0,0,0,,,,,0,,,,,0,0,,,
"Product","/products/t5",1,1,0,0,0,0,2,,0,0,0,58,2,0,,0,1,1,0,0,0,0,2,,0,0,0,58,2,0,,0,0,0,,,,,0,,,,,0,0,,,
,"/en-ca/products/f3704-161cm5-3ft-janice-f-cup-tpe-blonde-swimsuit-european-woman-love-doll-se-doll",1,1,0,0,0,0,4,,0,0,0,105,4,0,,0,1,1,0,0,0,0,4,,0,0,0,105,4,0,,0,0,0,,,,,0,,,,,0,0,,,
,"/en-ca/products/f4846-168cm5ft6-36kg-e-cup-silicone-best-asian-authentic-japanese-love-doll%E4%B8%A8doll-senior",1,1,0,0,0,0,1,,0,0,0,0,1,1,,1,1,1,0,0,0,0,1,,0,0,0,0,1,1,,1,0,0,,,,,0,,,,,,0,0,,0
,"/en-ca/blogs/dolls-info-qustions/how-to-hide-your-full-size-sex-doll",1,1,0,0,0,0,1,,0,0,0,0,1,1,,1,1,1,0,0,0,0,1,,0,0,0,0,1,1,,1,0,0,,,,,0,,,,,,0,0,,0
,"/en-fi/collections/gel-breasts",1,1,0,0,0,0,1,,0,0,0,0,1,1,,1,1,1,0,0,0,0,1,,0,0,0,0,1,1,,1,0,0,,,,,0,,,,,,0,0,,0
,"/en-ca/products/f3023-165cm-5ft4-f-cup-silicone-head-with-tpe-body-sex-doll-zelex-doll",1,1,0,0,0,0,1,,0,0,0,0,1,1,,1,1,1,0,0,0,0,1,,0,0,0,0,1,1,,1,0,0,,,,,0,,,,,,0,0,,0
"Product","/products/f160-156cm-tpe-sex-doll",1,1,0,0,0,0,1,,0,0,0,0,1,1,,1,1,1,0,0,0,0,1,,0,0,0,0,1,1,,1,0,0,,,,,0,,,,,,0,0,,0
,"/ja/blogs/featured-blog",1,1,0,0,0,0,1,,0,0,0,0,1,1,,1,1,1,0,0,0,0,1,,0,0,0,0,1,1,,1,0,0,,,,,0,,,,,,0,0,,0
,"/en-fi/blogs/dolls-info-qustions/what-to-do-if-your-sex-doll-is-too-heavy-a-practical-guide",1,1,0,0,0,0,1,,0,0,0,0,1,1,,1,1,1,0,0,0,0,1,,0,0,0,0,1,1,,1,0,0,,,,,0,,,,,,0,0,,0
,"/en-ca/blogs/dolls-info-qustions/women-and-sex-toys-what-you-dont-know",1,1,0,0,0,0,1,,0,0,0,0,1,1,,1,1,1,0,0,0,0,1,,0,0,0,0,1,1,,1,0,0,,,,,0,,,,,,0,0,,0
"Product","/products/f5422-150cm-5ft-27-5kg-silicone-anime-hentai-sex-dolls-elsa-babe",1,1,0,0,0,0,1,,0,0,0,0,1,1,,1,1,1,0,0,0,0,1,,0,0,0,0,1,1,,1,0,0,,,,,0,,,,,,0,0,,0
"Product","/products/f9421-lifesize-silicone-realistic-sex-doll-zelex-doll",1,1,0,0,0,0,2,,0,0,0,715,2,0,,0,1,1,0,0,0,0,2,,0,0,0,715,2,0,,0,0,0,,,,,0,,,,,0,0,,,
"Product","/products/t678k-64-6lb-fukada-sex-doll-torso-with-head-silicone-head-torso-pro-climax-doll",1,1,0,0,0,0,1,,0,0,0,0,1,1,,1,1,1,0,0,0,0,1,,0,0,0,0,1,1,,1,0,0,,,,,0,,,,,,0,0,,0
,"/en-ca/collections/foot-toy",1,1,0,0,0,0,23,,0,0,0,885,23,0,,0,1,1,0,0,0,0,23,,0,0,0,885,23,0,,0,0,0,,,,,0,,,,,0,0,,,
"Collection","/collections/celebrity-poster-products",1,1,0,0,0,0,2,,0,0,0,5,2,0,,0,1,1,0,0,0,0,2,,0,0,0,5,2,0,,0,0,0,,,,,0,,,,,0,0,,,
,"/de/products/f9334-5ft11-41kg-g-cup-silicone-ros-gel-breast-fuck-dolls-doll-senior",1,1,0,0,0,0,3,,0,0,0,1221,3,0,,0,1,1,0,0,0,0,3,,0,0,0,1221,3,0,,0,0,0,,,,,0,,,,,0,0,,,
"Blog Article","/blogs/dolls-info-qustions/top-yl-dolls-of-2025-you-don-t-want-to-miss",1,1,0,0,0,0,1,,0,0,0,0,1,1,,1,1,1,0,0,0,0,1,,0,0,0,0,1,1,,1,0,0,,,,,0,,,,,,0,0,,0
"Product","/products/8920829985007",1,1,0,0,0,0,1,,0,0,0,0,1,1,,1,1,1,0,0,0,0,1,,0,0,0,0,1,1,,1,0,0,,,,,0,,,,,,0,0,,0
"Product","/products/f7540-163cm-36kg-d-cup-silicone-head-tpe-body-shemale-sex-dolls-stephine-in-stock-usa-ridmii",1,1,0,0,0,0,5,,0,0,0,210,5,0,,0,1,1,0,0,0,0,5,,0,0,0,210,5,0,,0,0,0,,,,,0,,,,,0,0,,,
,"/de/collections/big-ass-sex-doll-curvy-sex-doll",1,1,0,0,0,0,1,,0,0,0,0,1,1,,1,1,1,0,0,0,0,1,,0,0,0,0,1,1,,1,0,0,,,,,0,,,,,,0,0,,0
"Product","/products/h656-ros-animal-fantasy-silicone-sex-doll-head-doll-castle-head",1,1,0,0,0,0,1,,0,0,0,0,1,1,,1,1,1,0,0,0,0,1,,0,0,0,0,1,1,,1,0,0,,,,,0,,,,,,0,0,,0
"Product","/products/f2384a-163cm5-3ft-70kg-53kg-g-cup-s6-best-big-ass-silicone-head-real-bbw-sex-doll-booty-2025%E4%B8%A8sy-doll",1,1,0,0,0,0,1,,0,0,0,0,1,1,,1,1,1,0,0,0,0,1,,0,0,0,0,1,1,,1,0,0,,,,,0,,,,,,0,0,,0
,"/ja/blogs/dolls-info-qustions/why-these-sex-dolls-became-global-best-sellers-the-secrets-revealed",1,1,0,0,0,0,1,,0,0,0,0,1,1,,1,1,1,0,0,0,0,1,,0,0,0,0,1,1,,1,0,0,,,,,0,,,,,,0,0,,0
,"/de/blogs/dolls-info-qustions/caring-for-your-vajankle-tips-for-minimizing-damage-and-repairing-common-issues",1,1,0,0,0,0,1,,0,0,0,0,1,1,,1,1,1,0,0,0,0,1,,0,0,0,0,1,1,,1,0,0,,,,,0,,,,,,0,0,,0
,"/en-fi/collections/zelex-doll-factory-photos",1,1,0,0,0,0,1,,0,0,0,0,1,1,,1,1,1,0,0,0,0,1,,0,0,0,0,1,1,,1,0,0,,,,,0,,,,,,0,0,,0
,"/en-ca/blogs/featured-blog",1,1,0,0,0,0,1,,0,0,0,0,1,1,,1,1,1,0,0,0,0,1,,0,0,0,0,1,1,,1,0,0,,,,,0,,,,,,0,0,,0
,"/de/blogs/dolls-info-qustions/decision-fatigue-the-ultimate-2025-guide-to-choosing-the-best-sex-doll-brand",1,1,0,0,0,0,1,,0,0,0,0,1,1,,1,1,1,0,0,0,0,1,,0,0,0,0,1,1,,1,0,0,,,,,0,,,,,,0,0,,0
,"/ja/blogs/dolls-info-qustions/the-history-of-male-sex-toys",1,1,0,0,0,0,1,,0,0,0,0,1,1,,1,1,1,0,0,0,0,1,,0,0,0,0,1,1,,1,0,0,,,,,0,,,,,,0,0,,0
,"/en-ca/products/f3339-166cm-5ft434kg-g-cup-tpe-huge-breast-curve-lightweight-sexy-woman-sex-doll-yl-doll",1,1,0,0,0,0,1,,0,0,0,0,1,1,,1,1,1,0,0,0,0,1,,0,0,0,0,1,1,,1,0,0,,,,,0,,,,,,0,0,,0
,"/en-fi/blogs/dolls-info-qustions/top-3-flat-chested-sex-dolls-of-2025-ultimate-flatness-unique-allure",1,1,0,0,0,0,1,,0,0,0,0,1,1,,1,1,1,0,0,0,0,1,,0,0,0,0,1,1,,1,0,0,,,,,0,,,,,,0,0,,0
"Product","/products/f2459-164cm5-4ft-39kg-g-cup-yuri-life-size-silicone-head-sex-doll-in-stock-us-sigafun-doll",1,1,0,0,0,0,2,,0,0,0,71,2,0,,0,1,1,0,0,0,0,2,,0,0,0,71,2,0,,0,0,0,,,,,0,,,,,0,0,,,
,"/en-ca/blogs/dolls-info-qustions/comparison-of-four-top-skinny-sex-dolls-brands",1,1,0,0,0,0,35,,0,0,0,3027,35,0,,0,1,1,0,0,0,0,35,,0,0,0,3027,35,0,,0,0,0,,,,,0,,,,,0,0,,,
"Product","/products/9214971773167",1,1,0,0,0,0,1,,0,0,0,0,1,1,,1,1,1,0,0,0,0,1,,0,0,0,0,1,1,,1,0,0,,,,,0,,,,,,0,0,,0
,"/en-fi/blogs/dolls-info-qustions/would-you-put-a-dildo-on-your-sex-doll",1,1,0,0,0,0,1,,0,0,0,0,1,1,,1,1,1,0,0,0,0,1,,0,0,0,0,1,1,,1,0,0,,,,,0,,,,,,0,0,,0
,"/en-ca/blogs/sex-doll-torso-blog/8-best-sex-doll-torsos-with-heads",1,1,0,0,0,0,1,,0,0,0,0,1,1,,1,1,1,0,0,0,0,1,,0,0,0,0,1,1,,1,0,0,,,,,0,,,,,,0,0,,0
"Product","/products/h1022-sex-doll-head-elf-warrior-irontech-doll-head",1,1,0,0,0,0,10,,0,0,0,218,10,0,,0,1,1,0,0,0,0,10,,0,0,0,218,10,0,,0,0,0,,,,,0,,,,,0,0,,,
"Blog Article","/blogs/dolls-info-qustions/is-a-half-torso-sex-doll-worth-it-the-honest-breakdown",1,1,0,0,0,0,1,,0,0,0,0,1,1,,1,1,1,0,0,0,0,1,,0,0,0,0,1,1,,1,0,0,,,,,0,,,,,,0,0,,0
,"/ja/blogs/dolls-info-qustions/sex-doll-torso-and-sexual-equality",1,1,0,0,0,0,1,,0,0,0,0,1,1,,1,1,1,0,0,0,0,1,,0,0,0,0,1,1,,1,0,0,,,,,0,,,,,,0,0,,0
,"/en-ca/blogs/dolls-info-qustions/breaking-news-irontech-sex-doll-s-oral-function-innovation",1,1,0,0,0,0,1,,0,0,0,0,1,1,,1,1,1,0,0,0,0,1,,0,0,0,0,1,1,,1,0,0,,,,,0,,,,,,0,0,,0
"Checkout","/checkouts/cn/hWNE7JntodDb8Maxj2nbjsMG/en-au",1,1,0,1,0,0,1,0,0,1,0,0,1,0,,0,1,1,0,1,0,0,1,0,0,1,0,0,1,0,,0,0,0,,0,,,0,,,0,,,0,,,
,"/en-ca/collections/vajankle-foot-fetish-toys",1,1,0,0,0,0,5,,0,0,0,36,5,0,,0,1,1,0,0,0,0,5,,0,0,0,36,5,0,,0,0,0,,,,,0,,,,,0,0,,,
,"/ja/collections/evasdoll-factory-photos",1,1,0,0,0,0,4,,0,0,0,126,4,0,,0,1,1,0,0,0,0,4,,0,0,0,126,4,0,,0,0,0,,,,,0,,,,,0,0,,,
"Product","/products/f5510-157cm5-1ft-33kg-b-cup-anime-pvc-head-stpe-sex-doll%E4%B8%A8wm-doll",1,1,0,0,0,0,1,,0,0,0,0,1,1,,1,1,1,0,0,0,0,1,,0,0,0,0,1,1,,1,0,0,,,,,0,,,,,,0,0,,0
,"/en-fi/blogs/dolls-info-qustions/what-are-the-best-types-of-sex-doll-cleaning-products-to-use-in-2025",1,1,0,0,0,0,1,,0,0,0,0,1,1,,1,1,1,0,0,0,0,1,,0,0,0,0,1,1,,1,0,0,,,,,0,,,,,,0,0,,0
"Product","/products/t687-64-6lb-andrea-sex-doll-torso-with-flat-chest-silicone-head-torso",1,1,0,0,0,0,1,,0,0,0,0,1,1,,1,1,1,0,0,0,0,1,,0,0,0,0,1,1,,1,0,0,,,,,0,,,,,,0,0,,0
"Product","/products/f5934-155mcm5-1ft-38kg-2-2cf-e-cup-mini-ros-silicone-japanese-sex-doll-bezlya-doll",1,1,0,0,0,0,1,,0,0,0,1,1,1,,1,1,1,0,0,0,0,1,,0,0,0,1,1,1,,1,0,0,,,,,0,,,,,0,0,0,,0
,"/de/collections/elsa-babe-videos",1,1,0,0,0,0,1,,0,0,0,0,1,1,,1,1,1,0,0,0,0,1,,0,0,0,0,1,1,,1,0,0,,,,,0,,,,,,0,0,,0
"Collection","/collections/zelex-doll-factory-photos",1,1,0,0,0,0,1,,0,0,0,0,1,1,,1,1,1,0,0,0,0,1,,0,0,0,0,1,1,,1,0,0,,,,,0,,,,,,0,0,,0
,"/en-ca/collections/clothes-for-sex-dolls",1,1,0,0,0,0,1,,0,0,0,0,1,1,,1,1,1,0,0,0,0,1,,0,0,0,0,1,1,,1,0,0,,,,,0,,,,,,0,0,,0
"Blog Article","/blogs/dolls-info-qustions/can-ai-sex-dolls-replace-real-women",1,1,0,0,0,0,1,,0,0,0,0,1,1,,1,1,1,0,0,0,0,1,,0,0,0,0,1,1,,1,0,0,,,,,0,,,,,,0,0,,0
"Product","/products/f5314-realistic-skin-silicone-bbw-sex-doll-se-doll",1,1,0,0,0,0,5,,0,0,0,261,5,0,,0,1,1,0,0,0,0,5,,0,0,0,261,5,0,,0,0,0,,,,,0,,,,,0,0,,,
,"/en-ca/products/f9296-157cm-168cm-2-2cf-2-2u-ros-asian-cosplay-silicone-sexdoll-full-body-aitia-doll",1,1,0,0,0,0,1,,0,0,0,0,1,1,,1,1,1,0,0,0,0,1,,0,0,0,0,1,1,,1,0,0,,,,,0,,,,,,0,0,,0
"Blog Article","/blogs/dolls-info-qustions/aibox-june-update-three-major-optimizations-for-ai-sex-dolls",1,1,0,0,0,0,1,,0,0,0,0,1,1,,1,1,1,0,0,0,0,1,,0,0,0,0,1,1,,1,0,0,,,,,0,,,,,,0,0,,0
"Collection","/collections/iron-ai-talking-sex-doll-head",1,1,0,0,0,0,1,,0,0,0,0,1,1,,1,1,1,0,0,0,0,1,,0,0,0,0,1,1,,1,0,0,,,,,0,,,,,,0,0,,0
"Product","/products/t266-huge-penis-male-sex-doll-torso-dildo-adult-toys-for-female-masturbation",1,1,0,0,0,0,1,,0,0,0,0,1,1,,1,1,1,0,0,0,0,1,,0,0,0,0,1,1,,1,0,0,,,,,0,,,,,,0,0,,0
,"/en-ca/products/f600-165cm-f-cup-lifesize-sex-doll-cst-doll",1,1,0,0,0,0,1,,0,0,0,0,1,1,,1,1,1,0,0,0,0,1,,0,0,0,0,1,1,,1,0,0,,,,,0,,,,,,0,0,,0
,"/ja/collections/yehe",1,1,0,0,0,0,1,,0,0,0,0,1,1,,1,1,1,0,0,0,0,1,,0,0,0,0,1,1,,1,0,0,,,,,0,,,,,,0,0,,0
,"/ja/products/9073758830831",1,1,0,0,0,0,1,,0,0,0,0,1,1,,1,1,1,0,0,0,0,1,,0,0,0,0,1,1,,1,0,0,,,,,0,,,,,,0,0,,0
,"/de/products/8965330501871",1,1,0,0,0,0,1,,0,0,0,0,1,1,,1,1,1,0,0,0,0,1,,0,0,0,0,1,1,,1,0,0,,,,,0,,,,,,0,0,,0
"Blog Article","/blogs/dolls-info-qustions/3-reasons-why-couples-must-use-sex-torso",1,1,0,0,0,0,1,,0,0,0,0,1,1,,1,1,1,0,0,0,0,1,,0,0,0,0,1,1,,1,0,0,,,,,0,,,,,,0,0,,0
,"/ja/blogs/featured-blog/yeloly-new-product-launch-which-sex-doll-torso-are-worth-your-attention",1,1,0,0,0,0,1,,0,0,0,0,1,1,,1,1,1,0,0,0,0,1,,0,0,0,0,1,1,,1,0,0,,,,,0,,,,,,0,0,,0
"Product","/products/p98-0-84lb-muscle-with-tail-anime-fake-pussy-silicone-hentai-figure-sex-doll-mrl",1,1,0,0,0,0,16,,0,0,0,1897,16,0,,0,1,1,0,0,0,0,16,,0,0,0,1897,16,0,,0,0,0,,,,,0,,,,,0,0,,,
"Collection","/collections/zelex-doll-in-stock-usa",1,1,0,0,0,0,1,,0,0,0,0,1,1,,1,1,1,0,0,0,0,1,,0,0,0,0,1,1,,1,0,0,,,,,0,,,,,,0,0,,0
"Product","/products/t429-106cm3ft5-33-4kg-c-cup-sydney-bubble-butt-silicone-sex-doll-torso-with-head-in-stock-usa-canada-lovenestle",1,1,0,0,0,0,23,,0,0,0,1013,23,0,,0,1,1,0,0,0,0,23,,0,0,0,1013,23,0,,0,0,0,,,,,0,,,,,0,0,,,
,"/ja/collections/wm-doll-factory-photos",1,1,0,0,0,0,1,,0,0,0,0,1,1,,1,1,1,0,0,0,0,1,,0,0,0,0,1,1,,1,0,0,,,,,0,,,,,,0,0,,0
,"/en-fi/blogs/dolls-info-qustions/2026-must-have-the-latest-trend-in-anime-sex-dolls-revealed",1,1,0,0,0,0,1,,0,0,0,0,1,1,,1,1,1,0,0,0,0,1,,0,0,0,0,1,1,,1,0,0,,,,,0,,,,,,0,0,,0
"Checkout","/orders/a53c5a5ad0ecc6e28919843c4064a37e",1,1,0,0,0,0,2,,0,0,0,6,2,0,,0,1,1,0,0,0,0,2,,0,0,0,6,2,0,,0,0,0,,,,,0,,,,,0,0,,,
"Blog Article","/blogs/dolls-info-qustions/breaking-news-irontech-sex-doll-s-oral-function-innovation",1,1,0,0,0,0,1,,0,0,0,0,1,1,,1,1,1,0,0,0,0,1,,0,0,0,0,1,1,,1,0,0,,,,,0,,,,,,0,0,,0
"Product","/products/641-silicone-ass",1,1,0,0,0,0,2,,0,0,0,2,2,0,,0,1,1,0,0,0,0,2,,0,0,0,2,2,0,,0,0,0,,,,,0,,,,,0,0,,,
"Product","/products/f5959-164cm5-4ft-d-cup-m13-ros-movable-jaw-ai-sex-doll%E4%B8%A8sy-doll",1,1,0,0,0,0,12,,0,0,0,870,12,0,,0,1,1,0,0,0,0,12,,0,0,0,870,12,0,,0,0,0,,,,,0,,,,,0,0,,,
,"/en-ca/blogs/dolls-info-qustions/new-sigafun-series-officially-released-every-model-is-irresistible",1,1,0,0,0,0,1,,0,0,0,0,1,1,,1,1,1,0,0,0,0,1,,0,0,0,0,1,1,,1,0,0,,,,,0,,,,,,0,0,,0
"Product","/products/65cm-realistic-sex-doll-torso-with-perky-breasts-and-big-sexy-ass-509-sex-doll-torso",1,1,0,0,0,0,1,,0,0,0,0,1,1,,1,1,1,0,0,0,0,1,,0,0,0,0,1,1,,1,0,0,,,,,0,,,,,,0,0,,0
"Product","/products/f2463-163cm5-3ft-40kg-c-cup-sydney-realistic-silicone-head-sex-doll-in-stock-us-sigafun-doll",1,1,0,0,0,0,2,,0,0,0,84,2,0,,0,1,1,0,0,0,0,2,,0,0,0,84,2,0,,0,0,0,,,,,0,,,,,0,0,,,
,"/de/collections/irokebijin-doll",1,1,0,0,0,0,1,,0,0,0,0,1,1,,1,1,1,0,0,0,0,1,,0,0,0,0,1,1,,1,0,0,,,,,0,,,,,,0,0,,0
,"/en-ca/collections/fantasy-sex-dolls",1,1,0,0,0,0,45,,0,0,0,1335,45,0,,0,1,1,0,0,0,0,45,,0,0,0,1335,45,0,,0,0,0,,,,,0,,,,,0,0,,,
"Checkout","/60719464687/orders/7c712d3c102d6a2ffc058de9b04ff9f0",1,1,0,0,0,0,1,,0,0,0,0,1,1,,1,1,1,0,0,0,0,1,,0,0,0,0,1,1,,1,0,0,,,,,0,,,,,,0,0,,0
"Product","/products/h627-sex-silicone-sex-doll-head-zelex-doll-head",1,1,0,0,0,0,20,,0,0,0,1339,20,0,,0,1,1,0,0,0,0,20,,0,0,0,1339,20,0,,0,0,0,,,,,0,,,,,0,0,,,
,"/ja/collections/ido-doll-factory-photos",1,1,0,0,0,0,1,,0,0,0,0,1,1,,1,1,1,0,0,0,0,1,,0,0,0,0,1,1,,1,0,0,,,,,0,,,,,,0,0,,0
,"/de/collections/big-ass-sex-dolls",1,1,0,0,0,0,1,,0,0,0,0,1,1,,1,1,1,0,0,0,0,1,,0,0,0,0,1,1,,1,0,0,,,,,0,,,,,,0,0,,0
,"/ja/blogs/dolls-info-qustions/mini-sex-dolls-does-mini-mean-low-quality",1,1,0,0,0,0,1,,0,0,0,0,1,1,,1,1,1,0,0,0,0,1,,0,0,0,0,1,1,,1,0,0,,,,,0,,,,,,0,0,,0
"Blog Article","/blogs/dolls-info-qustions/feel-love-now-enjoy-life-with-sex-dolls-in-3-ways",1,1,0,0,0,0,1,,0,0,0,0,1,1,,1,1,1,0,0,0,0,1,,0,0,0,0,1,1,,1,0,0,,,,,0,,,,,,0,0,,0
"Product","/products/t9059-03lb-6-69-dildo-electric-male-sex-doll-torso-dildo-rechargeable-for-female",1,1,0,0,0,0,2,,0,0,0,23,2,0,,0,1,1,0,0,0,0,2,,0,0,0,23,2,0,,0,0,0,,,,,0,,,,,0,0,,,
"Checkout","/orders/54e33b8dbb4234a2e7e22c101e21fda3",1,1,0,0,0,0,1,,0,0,0,0,1,1,,1,1,1,0,0,0,0,1,,0,0,0,0,1,1,,1,0,0,,,,,0,,,,,,0,0,,0
"Product","/products/f8122k-flat-chested-sex-doll-oral-celebrity",1,1,0,0,0,0,1,,0,0,0,0,1,1,,1,1,1,0,0,0,0,1,,0,0,0,0,1,1,,1,0,0,,,,,0,,,,,,0,0,,0
,"/ja/blogs/real-sex-doll-reviews-pros-cons-real-usage-tests",1,1,0,0,0,0,5,,0,0,0,29,5,0,,0,1,1,0,0,0,0,5,,0,0,0,29,5,0,,0,0,0,,,,,0,,,,,0,0,,,
"Collection","/collections/elf-sex-doll-heads",1,1,0,0,0,0,1,,0,0,0,0,1,1,,1,1,1,0,0,0,0,1,,0,0,0,0,1,1,,1,0,0,,,,,0,,,,,,0,0,,0
,"/ja/blogs/featured-blog/best-holidays-to-get-the-best-deal-of-sex-doll-torso",1,1,0,0,0,0,1,,0,0,0,0,1,1,,1,1,1,0,0,0,0,1,,0,0,0,0,1,1,,1,0,0,,,,,0,,,,,,0,0,,0
"Product","/products/f126-eisen-175cm-5ft8-mature-power-guy-male-sex-doll-irontech-doll",1,1,0,0,0,0,1,,0,0,0,0,1,1,,1,1,1,0,0,0,0,1,,0,0,0,0,1,1,,1,0,0,,,,,0,,,,,,0,0,,0
"Product","/products/f6320-151cm-5ft-25kg-asian-silicone-sex-doll-with-realistic-skin-texture-md-doll",1,1,0,0,0,0,2,,0,0,0,62,2,0,,0,1,1,0,0,0,0,2,,0,0,0,62,2,0,,0,0,0,,,,,0,,,,,0,0,,,
,"/en-ca/products/f3668-165cm-5ft4-woolley-f-cup-real-female-adult-breasts-sexy-curves-sex-doll-cst-doll",1,1,0,0,0,0,1,,0,0,0,0,1,1,,1,1,1,0,0,0,0,1,,0,0,0,0,1,1,,1,0,0,,,,,0,,,,,,0,0,,0
"Product","/products/f8558-162cm-5ft3-29kg-i-cup-real-lady-silicone-adult-full-size-sex-doll-t34-top-fire-doll",1,1,0,0,0,0,1,,0,0,0,0,1,1,,1,1,1,0,0,0,0,1,,0,0,0,0,1,1,,1,0,0,,,,,0,,,,,,0,0,,0
"Product","/products/f4986-163cm5ft3-51kg-h-cup-silicone-head-sex-doll-wm-doll",1,1,0,0,0,0,1,,0,0,0,0,1,1,,1,1,1,0,0,0,0,1,,0,0,0,0,1,1,,1,0,0,,,,,0,,,,,,0,0,,0
"Blog Article","/blogs/dolls-info-qustions/the-fusion-of-anime-culture-and-reality-from-figures-to-furry-sex-dolls",1,1,0,0,0,0,1,,0,0,0,0,1,1,,1,1,1,0,0,0,0,1,,0,0,0,0,1,1,,1,0,0,,,,,0,,,,,,0,0,,0
"Product","/products/8952476991727",1,1,0,0,0,0,1,,0,0,0,0,1,1,,1,1,1,0,0,0,0,1,,0,0,0,0,1,1,,1,0,0,,,,,0,,,,,,0,0,,0
,"/en-ca/products/t693k-64-6lb-meru-anime-alien-sex-doll-torso-with-flat-chest-silicone-head-red-skin-torso-pro",1,1,0,0,0,0,1,,0,0,0,0,1,1,,1,1,1,0,0,0,0,1,,0,0,0,0,1,1,,1,0,0,,,,,0,,,,,,0,0,,0
"Product","/products/f2127-173cm5-7ft-45kg-h-cup-bbw-bubble-butt-shemale-fucks-sex-doll%E4%B8%A8wm-doll",1,1,0,0,0,0,1,,0,0,0,0,1,1,,1,1,1,0,0,0,0,1,,0,0,0,0,1,1,,1,0,0,,,,,0,,,,,,0,0,,0
,"/en-ca/products/f672-dania-170cm-5ft5-full-silicone-sci-fi-nude-anime-silicone-sex-doll-zelex-doll",1,1,0,0,0,0,1,,0,0,0,0,1,1,,1,1,1,0,0,0,0,1,,0,0,0,0,1,1,,1,0,0,,,,,0,,,,,,0,0,,0
,"/de/products/9194360570095",1,1,0,0,0,0,1,,0,0,0,0,1,1,,1,1,1,0,0,0,0,1,,0,0,0,0,1,1,,1,0,0,,,,,0,,,,,,0,0,,0
"Product","/products/xperience-true-intimacy-with-clio-a-premium-163cm-tpe-shemale-sex-doll-featuring-a-realistic-silicone-head-designed-for-unforgettable-lesbian-pleasure",1,1,0,0,0,0,1,,0,0,0,1,1,1,,1,1,1,0,0,0,0,1,,0,0,0,1,1,1,,1,0,0,,,,,0,,,,,0,0,0,,0
"Blog Article","/blogs/dolls-info-qustions/recommended-electric-torso-dolls",1,1,0,0,0,0,1,,0,0,0,0,1,1,,1,1,1,0,0,0,0,1,,0,0,0,0,1,1,,1,0,0,,,,,0,,,,,,0,0,,0
,"/en-ca/collections/bbw-milf-sex-doll",1,1,0,0,0,0,2,,0,0,0,13,2,0,,0,1,1,0,0,0,0,2,,0,0,0,13,2,0,,0,0,0,,,,,0,,,,,0,0,,,
"Collection","/collections/alien-post",1,1,0,0,0,0,1,,0,0,0,0,1,1,,1,1,1,0,0,0,0,1,,0,0,0,0,1,1,,1,0,0,,,,,0,,,,,,0,0,,0
"Product","/products/f6233-157cm5-2ft-29kg-small-breasts-tpe-realistic-sex-doll-rui-mei",1,1,0,0,0,0,21,,0,0,0,3692,21,0,,0,1,1,0,0,0,0,21,,0,0,0,3692,21,0,,0,0,0,,,,,0,,,,,0,0,,,
"Product","/products/h098-sex-doll-head",1,1,0,0,0,0,1,,0,0,0,0,1,1,,1,1,1,0,0,0,0,1,,0,0,0,0,1,1,,1,0,0,,,,,0,,,,,,0,0,,0
"Product","/products/f4929-166cm-sexbot-vine-talk-ai-silicone-head-wm-doll",1,1,0,0,0,0,2,,0,0,0,124,2,0,,0,1,1,0,0,0,0,2,,0,0,0,124,2,0,,0,0,0,,,,,0,,,,,0,0,,,
"Blog Article","/blogs/dolls-info-qustions/anal-pleasure-with-big-booty-sex-doll",1,1,0,0,0,0,5,,0,0,0,1388,5,0,,0,1,1,0,0,0,0,5,,0,0,0,1388,5,0,,0,0,0,,,,,0,,,,,0,0,,,
"Product","/products/f1927k-168cm5-5ft-d-cup-vera-most-realistic-sex-doll-irontech-doll",1,1,0,0,0,0,1,,0,0,0,0,1,1,,1,1,1,0,0,0,0,1,,0,0,0,0,1,1,,1,0,0,,,,,0,,,,,,0,0,,0
"Custom Page","/pages/video-18",1,1,0,0,0,0,1,,0,0,0,0,1,1,,1,1,1,0,0,0,0,1,,0,0,0,0,1,1,,1,0,0,,,,,0,,,,,,0,0,,0
"Blog Article","/blogs/dolls-info-qustions/how-to-hide-your-full-size-sex-doll",1,1,0,0,0,0,1,,0,0,0,0,1,1,,1,1,1,0,0,0,0,1,,0,0,0,0,1,1,,1,0,0,,,,,0,,,,,,0,0,,0
"Product","/products/f5446-170cm-5-6ft-43kg-d-cup-life-size-silicone-sex-doll-real-lady",1,1,0,0,0,0,2,,0,0,0,146,2,0,,0,1,1,0,0,0,0,2,,0,0,0,146,2,0,,0,0,0,,,,,0,,,,,0,0,,,
"Product","/products/52416-8lb-54cm-charming-abs-and-big-hard-cock-boys-male-sex-dolls-torso-for-women",1,1,0,0,0,0,1,,0,0,0,0,1,1,,1,1,1,0,0,0,0,1,,0,0,0,0,1,1,,1,0,0,,,,,0,,,,,,0,0,,0
,"/ja/collections/new-arrivals",1,1,0,0,0,0,1,,0,0,0,0,1,1,,1,1,1,0,0,0,0,1,,0,0,0,0,1,1,,1,0,0,,,,,0,,,,,,0,0,,0
"Product","/products/f5641-171cm-40kg-c-cup-silicone-head-movable-jaw-sle-body-silicone-celebrity-sex-doll-in-stock-usa-canada-zelex-doll",1,1,0,0,0,0,8,,0,0,0,106,8,0,,0,1,1,0,0,0,0,8,,0,0,0,106,8,0,,0,0,0,,,,,0,,,,,0,0,,,
,"/en-fi/blogs/sex-doll-torso-blog/recognize-these-4-points-better-understand-the-sex-torsos",1,1,0,0,0,0,1,,0,0,0,0,1,1,,1,1,1,0,0,0,0,1,,0,0,0,0,1,1,,1,0,0,,,,,0,,,,,,0,0,,0
"Checkout","/checkouts/cn/hWNE4s923KyNNK7mTujJnxAX/en-us",1,1,0,1,0,0,3,0,0,1,0,120,3,0,,0,1,1,0,1,0,0,3,0,0,1,0,120,3,0,,0,0,0,,0,,,0,,,0,,0,0,,,
"Product","/products/f7601-170cm-5ft6-41kg-tpe-huge-breast-sex-doll-in-stock-us",1,1,0,0,0,0,23,,0,0,0,1858,23,0,,0,1,1,0,0,0,0,23,,0,0,0,1858,23,0,,0,0,0,,,,,0,,,,,0,0,,,
"Custom Page","/pages/irontech-ai",1,1,0,0,0,0,41,,0,0,0,6585,41,0,,0,1,1,0,0,0,0,41,,0,0,0,6585,41,0,,0,0,0,,,,,0,,,,,0,0,,,
"Product","/products/57652-9lb-life-size-sex-doll-torso-with-perky-tits-and-slender-waist",1,1,0,0,0,0,10,,0,0,0,887,10,0,,0,1,1,0,0,0,0,10,,0,0,0,887,10,0,,0,0,0,,,,,0,,,,,0,0,,,
"Product","/products/p399-osiimi-anime-pocket-pussy-bbw-succubus-sex-doll-mrl",1,1,0,0,0,0,1,,0,0,0,0,1,1,,1,1,1,0,0,0,0,1,,0,0,0,0,1,1,,1,0,0,,,,,0,,,,,,0,0,,0
"Collection","/collections/irontech-doll-head-factory-photos",1,1,0,0,0,0,1,,0,0,0,0,1,1,,1,1,1,0,0,0,0,1,,0,0,0,0,1,1,,1,0,0,,,,,0,,,,,,0,0,,0
,"/en-ca/products/f5249-diana-158cm5ft2-d-cup-blond-hair-tan-skin-silicon-sex-doll-jx-galaxy",1,1,0,0,0,0,1,,0,0,0,0,1,1,,1,1,1,0,0,0,0,1,,0,0,0,0,1,1,,1,0,0,,,,,0,,,,,,0,0,,0
,"/de/blogs/featured-blog/best-sex-dolls-2025-most-popular-and-hottest-on-linkdolls",1,1,0,0,0,0,1,,0,0,0,0,1,1,,1,1,1,0,0,0,0,1,,0,0,0,0,1,1,,1,0,0,,,,,0,,,,,,0,0,,0
"Product","/collections/sex-doll-torso/products/588-16-09lbsex-doll-torso-with-fully-automatic-cleaning-sucking-and-vibration-pussy",1,1,0,0,0,0,2,,0,0,0,29,2,0,,0,1,1,0,0,0,0,2,,0,0,0,29,2,0,,0,0,0,,,,,0,,,,,0,0,,,
,"/de/blogs/dolls-info-qustions/why-do-men-love-sucking-breasts-reasons-revealed-busty-sex-doll-recommendations",1,1,0,0,0,0,1,,0,0,0,0,1,1,,1,1,1,0,0,0,0,1,,0,0,0,0,1,1,,1,0,0,,,,,0,,,,,,0,0,,0
,"/en-ca/blogs/sex-doll-torso-blog/what-is-the-most-suitable-weight-for-butt-torso-sex-dolls",1,1,0,0,0,0,2,,0,0,0,267,2,0,,0,1,1,0,0,0,0,2,,0,0,0,267,2,0,,0,0,0,,,,,0,,,,,0,0,,,
,"/ja/blogs/dolls-info-qustions/best-vibrating-sex-torso-types-who-it-suits",1,1,0,0,0,0,1,,0,0,0,0,1,1,,1,1,1,0,0,0,0,1,,0,0,0,0,1,1,,1,0,0,,,,,0,,,,,,0,0,,0
,"/en-ca/blogs/dolls-info-qustions/how-to-make-fake-pussy",1,1,0,0,0,0,1,,0,0,0,0,1,1,,1,1,1,0,0,0,0,1,,0,0,0,0,1,1,,1,0,0,,,,,0,,,,,,0,0,,0
"Checkout","/60719464687/orders/d76883a12c222121e40006f5fd0788a7",1,1,0,0,0,0,1,,0,0,0,0,1,1,,1,1,1,0,0,0,0,1,,0,0,0,0,1,1,,1,0,0,,,,,0,,,,,,0,0,,0
,"/en-ca/products/f8236-168cm5-5ft-34kg-b-cup-silicone-full-size-sex-doll-azm-doll",1,1,0,0,0,0,4,,0,0,0,74,4,0,,0,1,1,0,0,0,0,4,,0,0,0,74,4,0,,0,0,0,,,,,0,,,,,0,0,,,
,"/en-ca/products/f4890-169cm-big-ass-robot-sex-doll-sexbot-sy-dolls",1,1,0,0,0,0,2,,0,0,0,56,2,0,,0,1,1,0,0,0,0,2,,0,0,0,56,2,0,,0,0,0,,,,,0,,,,,0,0,,,
"Product","/products/f3473-160cm5f3-39kg-f-cup-asian-tpe-body-silicone-head-sex-doll-aibei-doll",1,1,0,0,0,0,1,,0,0,0,0,1,1,,1,1,1,0,0,0,0,1,,0,0,0,0,1,1,,1,0,0,,,,,0,,,,,,0,0,,0
"Collection","/collections/elf-sex-doll",1,1,0,0,0,0,3,,0,0,0,1,3,0,,0,1,1,0,0,0,0,3,,0,0,0,1,3,0,,0,0,0,,,,,0,,,,,0,0,,,
,"/de/blogs/dolls-info-qustions/can-silicone-lubricants-really-ruin-your-silicone-sex-doll",1,1,0,0,0,0,1,,0,0,0,0,1,1,,1,1,1,0,0,0,0,1,,0,0,0,0,1,1,,1,0,0,,,,,0,,,,,,0,0,,0
"Blog Article","/blogs/dolls-info-qustions/the-best-usage-of-shemale-sex-dolls",1,1,0,0,0,0,1,,0,0,0,0,1,1,,1,1,1,0,0,0,0,1,,0,0,0,0,1,1,,1,0,0,,,,,0,,,,,,0,0,,0
"Product","/products/f4406-157cm5-15ft-35kg-c-cup-asian-silicone-sex-doll%E4%B8%A8climax-doll",1,1,0,0,0,0,16,,0,0,0,922,16,0,,0,1,1,0,0,0,0,16,,0,0,0,922,16,0,,0,0,0,,,,,0,,,,,0,0,,,
,"/en-ca/collections/best-seller-sex-dolls-under-200",1,1,0,0,0,0,1,,0,0,0,0,1,1,,1,1,1,0,0,0,0,1,,0,0,0,0,1,1,,1,0,0,,,,,0,,,,,,0,0,,0
,"/en-ca/products/t403-black9-92lb-mini-gyatt-bbw-thick-sex-doll-torso-big-round-ass",1,1,0,0,0,0,1,,0,0,0,0,1,1,,1,1,1,0,0,0,0,1,,0,0,0,0,1,1,,1,0,0,,,,,0,,,,,,0,0,,0
"Product","/products/f7688-22-7kg-lightweight-fantasy-milf-silicone-sex-doll-wasteland-huntress-barza-climax-doll-ulw",1,1,0,0,0,0,13,,0,0,0,516,13,0,,0,1,1,0,0,0,0,13,,0,0,0,516,13,0,,0,0,0,,,,,0,,,,,0,0,,,
,"/en-ca/blogs/featured-blog/why-choose-the-irontech-silicone-sex-dolls",1,1,0,0,0,0,1,,0,0,0,0,1,1,,1,1,1,0,0,0,0,1,,0,0,0,0,1,1,,1,0,0,,,,,0,,,,,,0,0,,0
"Product","/products/t796-32-8lb-72cm-muscle-men-sex-doll-torso-with-motorized-7-penis-qita",1,1,0,0,0,0,1,,0,0,0,0,1,1,,1,1,1,0,0,0,0,1,,0,0,0,0,1,1,,1,0,0,,,,,0,,,,,,0,0,,0
,"/ja/collections/electric-sex-doll-head",1,1,0,0,0,0,2,,0,0,0,10,2,0,,0,1,1,0,0,0,0,2,,0,0,0,10,2,0,,0,0,0,,,,,0,,,,,0,0,,,
"Product","/products/f704-161cm5ft3-33kg-e-cup-penny-black-silicone-realistic-sex-doll",1,1,0,0,0,0,1,,0,0,0,0,1,1,,1,1,1,0,0,0,0,1,,0,0,0,0,1,1,,1,0,0,,,,,0,,,,,,0,0,,0
"Product","/products/p4-anime-fake-vagina",1,1,0,0,0,0,3,,0,0,0,19,3,0,,0,1,1,0,0,0,0,3,,0,0,0,19,3,0,,0,0,0,,,,,0,,,,,0,0,,,
,"/de/blogs/featured-blog/why-choose-the-irontech-silicone-sex-dolls",1,1,0,0,0,0,1,,0,0,0,0,1,1,,1,1,1,0,0,0,0,1,,0,0,0,0,1,1,,1,0,0,,,,,0,,,,,,0,0,,0
,"/en-ca/blogs/dolls-info-qustions/how-to-use-a-milf-sex-doll",1,1,0,0,0,0,1,,0,0,0,0,1,1,,1,1,1,0,0,0,0,1,,0,0,0,0,1,1,,1,0,0,,,,,0,,,,,,0,0,,0
"Blog Article","/blogs/dolls-info-qustions/how-to-use-huge-tits-sex-doll",1,1,0,0,0,0,1,,0,0,0,0,1,1,,1,1,1,0,0,0,0,1,,0,0,0,0,1,1,,1,0,0,,,,,0,,,,,,0,0,,0
,"/de/blogs/dolls-info-qustions/why-these-sex-dolls-became-global-best-sellers-the-secrets-revealed",1,1,0,0,0,0,1,,0,0,0,0,1,1,,1,1,1,0,0,0,0,1,,0,0,0,0,1,1,,1,0,0,,,,,0,,,,,,0,0,,0
,"/de/blogs/sex-doll-option-videos/video-11-electric-hip-and-waist",1,1,0,0,0,0,1,,0,0,0,0,1,1,,1,1,1,0,0,0,0,1,,0,0,0,0,1,1,,1,0,0,,,,,0,,,,,,0,0,,0
,"/de/blogs/featured-blog/what-is-a-sex-doll",1,1,0,0,0,0,1,,0,0,0,0,1,1,,1,1,1,0,0,0,0,1,,0,0,0,0,1,1,,1,0,0,,,,,0,,,,,,0,0,,0
"Product","/products/p91-8-51lb-bbw-futa-shemale-sex-doll-torso-with-muscular-abs-and-5-91-insertable-penis-mrl",1,1,0,0,0,0,2,,0,0,0,15,2,0,,0,1,1,0,0,0,0,2,,0,0,0,15,2,0,,0,0,0,,,,,0,,,,,0,0,,,
,"/ja/blogs/dolls-info-qustions/vaginal-and-anal-design-of-life-size-sex-dolls",1,1,0,0,0,0,1,,0,0,0,0,1,1,,1,1,1,0,0,0,0,1,,0,0,0,0,1,1,,1,0,0,,,,,0,,,,,,0,0,,0
,"/de/blogs/dolls-info-qustions/ridmii-tenar-f9127-new-ai-sex-doll",1,1,0,0,0,0,1,,0,0,0,0,1,1,,1,1,1,0,0,0,0,1,,0,0,0,0,1,1,,1,0,0,,,,,0,,,,,,0,0,,0
,"/ja/collections/big-ass-sex-doll-torso",1,1,0,0,0,0,1,,0,0,0,0,1,1,,1,1,1,0,0,0,0,1,,0,0,0,0,1,1,,1,0,0,,,,,0,,,,,,0,0,,0
"Blog Article","/blogs/dolls-info-qustions/7-sex-doll-delivery-steps",1,1,0,0,0,0,1,,0,0,0,0,1,1,,1,1,1,0,0,0,0,1,,0,0,0,0,1,1,,1,0,0,,,,,0,,,,,,0,0,,0
,"/en-ca/collections/cst-doll",1,1,0,0,0,0,2,,0,0,0,96,2,0,,0,1,1,0,0,0,0,2,,0,0,0,96,2,0,,0,0,0,,,,,0,,,,,0,0,,,
"Product","/products/t258-44-1lb-big-boobs-lifesize-sex-doll-torso",1,1,0,0,0,0,1,,0,0,0,0,1,1,,1,1,1,0,0,0,0,1,,0,0,0,0,1,1,,1,0,0,,,,,0,,,,,,0,0,,0
"Product","/products/t643-plump-sexual-bbw-sex-toy-torso",1,1,0,0,0,0,1,,0,0,0,0,1,1,,1,1,1,0,0,0,0,1,,0,0,0,0,1,1,,1,0,0,,,,,0,,,,,,0,0,,0
"Product","/products/v26-vajancle-silicone-right-feet",1,1,0,0,0,0,2,,0,0,0,78,2,0,,0,1,1,0,0,0,0,2,,0,0,0,78,2,0,,0,0,0,,,,,0,,,,,0,0,,,
"Checkout","/60719464687/orders/0215c4e1d3078d21d5ef2907ff78f522",1,1,0,0,0,0,1,,0,0,0,0,1,1,,1,1,1,0,0,0,0,1,,0,0,0,0,1,1,,1,0,0,,,,,0,,,,,,0,0,,0
"Product","/products/f1992-150cm4-9ft-42-5kg-m-cup-fantasy-tpe-sex-doll%E4%B8%A8wm-doll",1,1,0,0,0,0,1,,0,0,0,0,1,1,,1,1,1,0,0,0,0,1,,0,0,0,0,1,1,,1,0,0,,,,,0,,,,,,0,0,,0
,"/en-fi/blogs/dolls-info-qustions/exploring-elf-culture-and-background-stories-understanding-and-appreciating-the-unique-charm-of-elf-sex-dolls",1,1,0,0,0,0,1,,0,0,0,0,1,1,,1,1,1,0,0,0,0,1,,0,0,0,0,1,1,,1,0,0,,,,,0,,,,,,0,0,,0
,"/en-ca/collections/md-doll",1,1,0,0,0,0,1,,0,0,0,0,1,1,,1,1,1,0,0,0,0,1,,0,0,0,0,1,1,,1,0,0,,,,,0,,,,,,0,0,,0
"Product","/products/f1666-158cm5f2-32kg-c-cup-small-breast-wheat-skin-tpe-sex-doll-aibei-doll",1,1,0,0,0,0,1,,0,0,0,0,1,1,,1,1,1,0,0,0,0,1,,0,0,0,0,1,1,,1,0,0,,,,,0,,,,,,0,0,,0
"Product","/products/f7120-168cm5-5ft-42-5kg-2-2u-e-cup-premium-chinese-sex-doll-with-3-love-holes-live-action-cosplay-bezlya-doll",1,1,0,0,0,0,1,,0,0,0,0,1,1,,1,1,1,0,0,0,0,1,,0,0,0,0,1,1,,1,0,0,,,,,0,,,,,,0,0,,0
,"/en-ca/collections/anime-sex-doll-cheap",1,1,0,0,0,0,1,,0,0,0,0,1,1,,1,1,1,0,0,0,0,1,,0,0,0,0,1,1,,1,0,0,,,,,0,,,,,,0,0,,0
"Blog Article","/blogs/dolls-info-qustions/exploring-the-world-of-futa-sex-dolls-and-customization",1,1,0,0,0,0,2,,0,0,0,5,2,0,,0,1,1,0,0,0,0,2,,0,0,0,5,2,0,,0,0,0,,,,,0,,,,,0,0,,,
,"/en-ca/blogs/dolls-info-qustions/from-midnight-anime-to-3d-nightstands-3-hentai-sex-dolls-that-actually-exist",1,1,0,0,0,0,1,,0,0,0,0,1,1,,1,1,1,0,0,0,0,1,,0,0,0,0,1,1,,1,0,0,,,,,0,,,,,,0,0,,0
,"/en-fi/products/h454-tpe-oral-sex-doll-head-with-tonge%E4%B8%A8funwest-doll-head",1,1,0,0,0,0,1,,0,0,0,1,1,1,,1,1,1,0,0,0,0,1,,0,0,0,1,1,1,,1,0,0,,,,,0,,,,,0,0,0,,0
,"/ja/products/t639-26-5lbs-realistic-dildo-for-silicone-woman-with-male-sex-doll%E4%B8%A8",1,1,0,0,0,0,3,,0,0,0,151,3,0,,0,1,1,0,0,0,0,3,,0,0,0,151,3,0,,0,0,0,,,,,0,,,,,0,0,,,
,"/de/collections/shedoll",1,1,0,0,0,0,14,,0,0,0,1817,14,0,,0,1,1,0,0,0,0,14,,0,0,0,1817,14,0,,0,0,0,,,,,0,,,,,0,0,,,
"Product","/products/f7538-167cm-49kg-silicone-head-tpe-body-full-size-adult-black-bbw-sex-doll-nicola-in-stock-usa-ridmii",1,1,0,0,0,0,44,,0,0,0,2753,44,0,,0,1,1,0,0,0,0,44,,0,0,0,2753,44,0,,0,0,0,,,,,0,,,,,0,0,,,
"Product","/products/f5965-sy-doll-flat-chest-fantasy-sex-dolls-movable-jaw-elf-silicone-150cm-29kg-a-cup",1,1,0,0,0,0,1,,0,0,0,0,1,1,,1,1,1,0,0,0,0,1,,0,0,0,0,1,1,,1,0,0,,,,,0,,,,,,0,0,,0
,"/en-ca/blogs/dolls-info-qustions/how-to-play-with-a-big-booty-sex-doll-these-positions-will-blow-your-mind",1,1,0,0,0,0,3,,0,0,0,1182,3,0,,0,1,1,0,0,0,0,3,,0,0,0,1182,3,0,,0,0,0,,,,,0,,,,,0,0,,,
,"/de/blogs/dolls-info-qustions/silicone-vs-tpe-vajankle",1,1,0,0,0,0,1,,0,0,0,0,1,1,,1,1,1,0,0,0,0,1,,0,0,0,0,1,1,,1,0,0,,,,,0,,,,,,0,0,,0
"Product","/products/f2427-159cm-5ft2-d-cup-ros-korean-k-pop-girl-group-realistic-silicone-sex-doll-wonder-dolly-irontech-doll",1,1,0,0,0,0,2,,0,0,0,183,2,0,,0,1,1,0,0,0,0,2,,0,0,0,183,2,0,,0,0,0,,,,,0,,,,,0,0,,,
"Blog Article","/blogs/dolls-info-qustions/how-sci-fi-culture-shapes-the-design-of-alien-sex-dolls",1,1,0,0,0,0,1,,0,0,0,0,1,1,,1,1,1,0,0,0,0,1,,0,0,0,0,1,1,,1,0,0,,,,,0,,,,,,0,0,,0
,"/en-fi/blogs/sex-doll-torso-blog/top-7-sex-poses-with-your-torso-sex-doll",1,1,0,0,0,0,1,,0,0,0,0,1,1,,1,1,1,0,0,0,0,1,,0,0,0,0,1,1,,1,0,0,,,,,0,,,,,,0,0,,0
"Product","/products/f2420-166cm5-4ft-d-cup-m37-movable-jaw-silicone-sex-doll%E4%B8%A8sy-doll",1,1,0,0,0,0,11,,0,0,0,116,11,0,,0,1,1,0,0,0,0,11,,0,0,0,116,11,0,,0,0,0,,,,,0,,,,,0,0,,,
,"/en-fi/collections/wm-doll-factory-photos",1,1,0,0,0,0,1,,0,0,0,0,1,1,,1,1,1,0,0,0,0,1,,0,0,0,0,1,1,,1,0,0,,,,,0,,,,,,0,0,,0
,"/en-ca/blogs/dolls-info-qustions/what-are-the-different-types-of-sex-dolls",1,1,0,0,0,0,1,,0,0,0,0,1,1,,1,1,1,0,0,0,0,1,,0,0,0,0,1,1,,1,0,0,,,,,0,,,,,,0,0,,0
"Product","/products/t68-human-size-silicone-torso-sex-doll",1,1,0,0,0,0,5,,0,0,0,331,5,0,,0,1,1,0,0,0,0,5,,0,0,0,331,5,0,,0,0,0,,,,,0,,,,,0,0,,,
,"/en-ca/products/f5650-153cm31kg-b-cup-silicone-head-movable-jaw-sle-body-realistic-silicone-sex-dolls-for-men-in-stock-usa-canada-zelex-doll",1,1,0,0,0,0,3,,0,0,0,62,3,0,,0,1,1,0,0,0,0,3,,0,0,0,62,3,0,,0,0,0,,,,,0,,,,,0,0,,,
"Blog Article","/blogs/real-sex-doll-reviews-pros-cons-real-usage-tests/is-this-bbw-torso-worth-it-for-newbies-md-doll-brianna-sex-doll-review",1,1,0,0,0,0,1,,0,0,0,0,1,1,,1,1,1,0,0,0,0,1,,0,0,0,0,1,1,,1,0,0,,,,,0,,,,,,0,0,,0
"Product","/products/f4844-158cm5ft2-33kg-e-cup-silicone-ros-best-japanese-asian-sex-doll%E4%B8%A8doll-senior",1,1,0,0,0,0,36,,0,0,0,1728,36,0,,0,1,1,0,0,0,0,36,,0,0,0,1728,36,0,,0,0,0,,,,,0,,,,,0,0,,,
,"/en-ca/blogs/dolls-info-qustions/why-choose-a-flat-chest-sex-doll-a-comparison-with-bbw-sex-dolls",1,1,0,0,0,0,1,,0,0,0,0,1,1,,1,1,1,0,0,0,0,1,,0,0,0,0,1,1,,1,0,0,,,,,0,,,,,,0,0,,0
"Product","/products/ironai-ros-silicone-blowjob-head-h902",1,1,1,1,1,1,13,1,1,1,1,3262,13,0,1,0,1,1,1,1,1,1,13,1,1,1,1,3262,13,0,1,0,0,0,0,0,0,0,0,0,0,0,0,0,0,,0,
"Product","/products/p2-hentai-fake-pussy",1,1,0,0,0,0,2,,0,0,0,33,2,0,,0,1,1,0,0,0,0,2,,0,0,0,33,2,0,,0,0,0,,,,,0,,,,,0,0,,,
,"/en-ca/collections/elf-sex-doll-heads",1,1,0,0,0,0,1,,0,0,0,0,1,1,,1,1,1,0,0,0,0,1,,0,0,0,0,1,1,,1,0,0,,,,,0,,,,,,0,0,,0
"Collection","/collections/facial-expressions-ai-sex-doll",1,1,0,0,0,0,1,,0,0,0,0,1,1,,1,1,1,0,0,0,0,1,,0,0,0,0,1,1,,1,0,0,,,,,0,,,,,,0,0,,0
"Product","/products/f6323-t160cm5-2ft-29kg-c-cup-realistic-skin-silicone-asian-sex-doll-for-men-se-doll",1,1,0,0,0,0,9,,0,0,0,699,9,0,,0,1,1,0,0,0,0,9,,0,0,0,699,9,0,,0,0,0,,,,,0,,,,,0,0,,,
"Product","/products/h532-tpe-oral-sex-doll-head-with-tonge%E4%B8%A8funwest-doll-head",1,1,0,0,0,0,4,,0,0,0,488,4,0,,0,1,1,0,0,0,0,4,,0,0,0,488,4,0,,0,0,0,,,,,0,,,,,0,0,,,
"Collection","/collections/ros-3-robot-features",1,1,0,0,0,0,5,,0,0,0,229,5,0,,0,1,1,0,0,0,0,5,,0,0,0,229,5,0,,0,0,0,,,,,0,,,,,0,0,,,
"Product","/products/f2430-158cm-5ft2-40kg-x-cup-bbs-lustina-weight-reduction-full-silicone-sex-doll-starpery-doll",1,1,0,0,0,0,9,,0,0,0,359,9,0,,0,1,1,0,0,0,0,9,,0,0,0,359,9,0,,0,0,0,,,,,0,,,,,0,0,,,
"Product","/products/irontech-doll-171cm-collection-silicone-dolls-f761",1,1,0,0,0,0,10,,0,0,0,96,10,0,,0,1,1,0,0,0,0,10,,0,0,0,96,10,0,,0,0,0,,,,,0,,,,,0,0,,,
"Product","/products/f1005-160cm-tpe-h-cup-sex-doll-fun-west-doll",1,1,0,0,0,0,1,,0,0,0,0,1,1,,1,1,1,0,0,0,0,1,,0,0,0,0,1,1,,1,0,0,,,,,0,,,,,,0,0,,0
"Collection","/collections/gaming-celebrities",1,1,0,0,0,0,6,,0,0,0,126,6,0,,0,1,1,0,0,0,0,6,,0,0,0,126,6,0,,0,0,0,,,,,0,,,,,0,0,,,
"Product","/products/f5984-170cm-5ft6-40kg-d-cup-tpe-body-silicone-head-celebrity-sex-doll-rosretty-doll",1,1,0,0,0,0,2,,0,0,0,546,2,0,,0,1,1,0,0,0,0,2,,0,0,0,546,2,0,,0,0,0,,,,,0,,,,,0,0,,,
,"/ja/collections/top-rated-japanese-sex-dolls-in-2026",1,1,0,0,0,0,5,,0,0,0,197,5,0,,0,1,1,0,0,0,0,5,,0,0,0,197,5,0,,0,0,0,,,,,0,,,,,0,0,,,
"Product","/products/f9128-168cm-5ft5-36-2kg-c-cup-silicone-celebrity-sex-doll-jiusheng-doll",1,1,0,0,0,0,12,,0,0,0,633,12,0,,0,1,1,0,0,0,0,12,,0,0,0,633,12,0,,0,0,0,,,,,0,,,,,0,0,,,
,"/ja/blogs/dolls-info-qustions/the-big-ass-sex-toy-craze-why-men-are-obsessed-with-full-hipped-dolls",1,1,0,0,0,0,1,,0,0,0,0,1,1,,1,1,1,0,0,0,0,1,,0,0,0,0,1,1,,1,0,0,,,,,0,,,,,,0,0,,0
"Product","/products/52357-32lb-80cm-sex-doll-torso-with-luxurious-breasts-and-sexy-thin-waist",1,1,0,0,0,0,14,,0,0,0,1683,14,0,,0,1,1,0,0,0,0,14,,0,0,0,1683,14,0,,0,0,0,,,,,0,,,,,0,0,,,
,"/de",1,1,0,0,0,0,4,,0,0,0,67,4,0,,0,1,1,0,0,0,0,4,,0,0,0,67,4,0,,0,0,0,,,,,0,,,,,0,0,,,
,"/de/collections/lusandy-doll-factory-photos",1,1,0,0,0,0,1,,0,0,0,0,1,1,,1,1,1,0,0,0,0,1,,0,0,0,0,1,1,,1,0,0,,,,,0,,,,,,0,0,,0
,"/en-ca/blogs/dolls-info-qustions/how-sci-fi-culture-shapes-the-design-of-alien-sex-dolls",1,1,0,0,0,0,1,,0,0,0,0,1,1,,1,1,1,0,0,0,0,1,,0,0,0,0,1,1,,1,0,0,,,,,0,,,,,,0,0,,0
"Product","/products/f2233-150cm-4ft9-a-cup-ultra-realistic-mini-tpe-sex-doll-petite-body-with-lifelike-features-sy-doll",1,1,0,0,0,0,1,,0,0,0,0,1,1,,1,1,1,0,0,0,0,1,,0,0,0,0,1,1,,1,0,0,,,,,0,,,,,,0,0,,0
,"/de/products/a798-big-butt-realistic-sex-torso-climax-doll",1,1,0,0,0,0,1,,0,0,0,0,1,1,,1,1,1,0,0,0,0,1,,0,0,0,0,1,1,,1,0,0,,,,,0,,,,,,0,0,,0
"Blog Article","/blogs/featured-blog/yeloly-new-product-launch-which-sex-doll-torso-are-worth-your-attention",1,1,0,0,0,0,1,,0,0,0,0,1,1,,1,1,1,0,0,0,0,1,,0,0,0,0,1,1,,1,0,0,,,,,0,,,,,,0,0,,0
"Product","/products/f7529-163cm-d-cup-silicone-sex-doll-galatea-doll",1,1,0,0,0,0,6,,0,0,0,396,6,0,,0,1,1,0,0,0,0,6,,0,0,0,396,6,0,,0,0,0,,,,,0,,,,,0,0,,,
,"/de/pages/avada-sitemap-collections",1,1,0,0,0,0,1,,0,0,0,0,1,1,,1,1,1,0,0,0,0,1,,0,0,0,0,1,1,,1,0,0,,,,,0,,,,,,0,0,,0
"Product","/products/f9399-161cm-silicone-sex-doll",1,1,0,0,0,0,36,,0,0,0,2723,36,0,,0,1,1,0,0,0,0,36,,0,0,0,2723,36,0,,0,0,0,,,,,0,,,,,0,0,,,
,"/de/collections/mini-torso",1,1,0,0,0,0,1,,0,0,0,0,1,1,,1,1,1,0,0,0,0,1,,0,0,0,0,1,1,,1,0,0,,,,,0,,,,,,0,0,,0
"Blog Article","/blogs/real-sex-doll-reviews-pros-cons-real-usage-tests/are-aitia-1-1-real-person-replica-asian-sex-dolls-worth-buying-a-complete-review-of-6-celebrity-sex-dolls",1,1,0,0,0,0,1,,0,0,0,0,1,1,,1,1,1,0,0,0,0,1,,0,0,0,0,1,1,,1,0,0,,,,,0,,,,,,0,0,,0
"Collection","/collections/1000-1599-cheap-sex-doll",1,1,0,0,0,0,1,,0,0,0,0,1,1,,1,1,1,0,0,0,0,1,,0,0,0,0,1,1,,1,0,0,,,,,0,,,,,,0,0,,0
,"/en-ca/collections/halloween-sex-doll",1,1,0,0,0,0,1,,0,0,0,0,1,1,,1,1,1,0,0,0,0,1,,0,0,0,0,1,1,,1,0,0,,,,,0,,,,,,0,0,,0
"Product","/products/f408-160cm5-2ft-34kg-a-cup-petite-asian-tpe-medium-butt-sex-doll%E4%B8%A8wm-doll",1,1,0,0,0,0,22,,0,0,0,1046,22,0,,0,1,1,0,0,0,0,22,,0,0,0,1046,22,0,,0,0,0,,,,,0,,,,,0,0,,,
,"/en-fi/blogs/dolls-info-qustions/exploring-the-world-of-sexual-fantasies-how-to-use-a-sex-doll-torso-to-fulfill-sexual-fantasies",1,1,0,0,0,0,1,,0,0,0,0,1,1,,1,1,1,0,0,0,0,1,,0,0,0,0,1,1,,1,0,0,,,,,0,,,,,,0,0,,0
"Collection","/collections/alien-sex-dolls-heads-1",1,1,0,0,0,0,1,,0,0,0,0,1,1,,1,1,1,0,0,0,0,1,,0,0,0,0,1,1,,1,0,0,,,,,0,,,,,,0,0,,0
"Product","/products/a802k-realistic-ass-silicone-sex-torso-yeloly",1,1,0,0,0,0,2,,0,0,0,66,2,0,,0,1,1,0,0,0,0,2,,0,0,0,66,2,0,,0,0,0,,,,,0,,,,,0,0,,,
,"/en-ca/collections/breast-toy",1,1,0,0,0,0,1,,0,0,0,0,1,1,,1,1,1,0,0,0,0,1,,0,0,0,0,1,1,,1,0,0,,,,,0,,,,,,0,0,,0
,"/en-fi/blogs/dolls-info-qustions/what-is-the-experience-like-with-a-big-ass-sex-doll-real-feelings-in-depth-review",1,1,0,0,0,0,1,,0,0,0,0,1,1,,1,1,1,0,0,0,0,1,,0,0,0,0,1,1,,1,0,0,,,,,0,,,,,,0,0,,0
,"/en-ca/products/linkdolls-f926-166cm5ft5-mistress-b-cup-tpe-european-sweet-celebrity-woman-sex-doll-se-doll",1,1,0,0,0,0,1,,0,0,0,0,1,1,,1,1,1,0,0,0,0,1,,0,0,0,0,1,1,,1,0,0,,,,,0,,,,,,0,0,,0
,"/en-ca/collections/big-boobs-sex-dolls",1,1,0,0,0,0,1,,0,0,0,0,1,1,,1,1,1,0,0,0,0,1,,0,0,0,0,1,1,,1,0,0,,,,,0,,,,,,0,0,,0
"Product","/products/f4709-160cm-5ft2-34kg-silicone-anime-best-hentai-sex-dolls-elsa-babe",1,1,0,0,0,0,1,,0,0,0,0,1,1,,1,1,1,0,0,0,0,1,,0,0,0,0,1,1,,1,0,0,,,,,0,,,,,,0,0,,0
"Product","/products/f2246-159cm5-2ft-f-cup-s44-silicone-sex-doll-irontech-doll",1,1,0,0,0,0,1,,0,0,0,0,1,1,,1,1,1,0,0,0,0,1,,0,0,0,0,1,1,,1,0,0,,,,,0,,,,,,0,0,,0
,"/en-ca/products/f2137-174cm5-7ft-45kg-g-cup-milf-tpe-sex-doll%E4%B8%A8wm-doll",1,1,0,0,0,0,1,,0,0,0,0,1,1,,1,1,1,0,0,0,0,1,,0,0,0,0,1,1,,1,0,0,,,,,0,,,,,,0,0,,0
,"/en-ca/products/firefly-diary-165cm-silicone-sex-doll-f8610",1,1,0,0,0,0,1,,0,0,0,0,1,1,,1,1,1,0,0,0,0,1,,0,0,0,0,1,1,,1,0,0,,,,,0,,,,,,0,0,,0
,"/en-fi/blogs/dolls-info-qustions/top-5-most-popular-femboy-sex-dolls-of-2025-which-one-is-your-type",1,1,0,0,0,0,1,,0,0,0,0,1,1,,1,1,1,0,0,0,0,1,,0,0,0,0,1,1,,1,0,0,,,,,0,,,,,,0,0,,0
,"/ja/blogs/dolls-info-qustions/can-dildos-be-installed-on-sex-dolls-of-course",1,1,0,0,0,0,1,,0,0,0,0,1,1,,1,1,1,0,0,0,0,1,,0,0,0,0,1,1,,1,0,0,,,,,0,,,,,,0,0,,0
,"/en-ca/collections/jiusheng-doll",1,1,0,0,0,0,1,,0,0,0,0,1,1,,1,1,1,0,0,0,0,1,,0,0,0,0,1,1,,1,0,0,,,,,0,,,,,,0,0,,0
,"/en-ca/collections/1600-1999-sex-doll",1,1,0,0,0,0,1,,0,0,0,0,1,1,,1,1,1,0,0,0,0,1,,0,0,0,0,1,1,,1,0,0,,,,,0,,,,,,0,0,,0
"Collection","/collections/climax-doll-in-stock-usa",1,1,0,0,0,0,1,,0,0,0,0,1,1,,1,1,1,0,0,0,0,1,,0,0,0,0,1,1,,1,0,0,,,,,0,,,,,,0,0,,0
"Product","/products/f555-161cm-bbw-sex-doll-silicone-starpery",1,1,0,0,0,0,2,,0,0,0,3,2,0,,0,1,1,0,0,0,0,2,,0,0,0,3,2,0,,0,0,0,,,,,0,,,,,0,0,,,
,"/de/collections/qsx",1,1,0,0,0,0,1,,0,0,0,0,1,1,,1,1,1,0,0,0,0,1,,0,0,0,0,1,1,,1,0,0,,,,,0,,,,,,0,0,,0
"Product","/products/p126-real-feel-silicone-pocket-pussy-highly-detailed-design-judy-rona",1,1,1,0,0,0,12,,1,0,0,2388,12,0,,0,1,1,1,0,0,0,12,,1,0,0,2388,12,0,,0,0,0,0,,,,0,,0,,,0,0,,,
"Blog Article","/blogs/dolls-info-qustions/the-big-ass-sex-toy-craze-why-men-are-obsessed-with-full-hipped-dolls",1,1,0,0,0,0,1,,0,0,0,0,1,1,,1,1,1,0,0,0,0,1,,0,0,0,0,1,1,,1,0,0,,,,,0,,,,,,0,0,,0
"Custom Page","/pages/wish-list",1,1,0,0,0,0,1,,0,0,0,0,1,1,,1,1,1,0,0,0,0,1,,0,0,0,0,1,1,,1,0,0,,,,,0,,,,,,0,0,,0
,"/ja/blogs/dolls-info-qustions/hey-as-a-woman-is-it-weird-if-i-want-to-buy-a-strap-on-dildo-to-get-it-on-with-a-female-trans-sex-doll",1,1,0,0,0,0,1,,0,0,0,0,1,1,,1,1,1,0,0,0,0,1,,0,0,0,0,1,1,,1,0,0,,,,,0,,,,,,0,0,,0
"Product","/products/b74-15lbs-silicone-big-boobs-sex-doll-torso-in-stock-usa-mrl",1,1,0,0,0,0,1,,0,0,0,0,1,1,,1,1,1,0,0,0,0,1,,0,0,0,0,1,1,,1,0,0,,,,,0,,,,,,0,0,,0
,"/en-ca/products/f4648-160cm-5ft2-31kg-e-cup-premium-japanese-silicone-doll-soft-and-realistic-love-doll-jiusheng-doll",1,1,0,0,0,0,1,,0,0,0,0,1,1,,1,1,1,0,0,0,0,1,,0,0,0,0,1,1,,1,0,0,,,,,0,,,,,,0,0,,0
"Product","/products/f6131-159cm-5ft3-36kg-c-cup-lifelike-silicone-head-tpe-body-sex-doll-rosretty-doll",1,1,0,0,0,0,7,,0,0,0,158,7,0,,0,1,1,0,0,0,0,7,,0,0,0,158,7,0,,0,0,0,,,,,0,,,,,0,0,,,
"Product","/products/f2384-sy-163cm-g-cup-bbw-big-ass-life-size-sex-doll",1,1,0,0,0,0,1,,0,0,0,0,1,1,,1,1,1,0,0,0,0,1,,0,0,0,0,1,1,,1,0,0,,,,,0,,,,,,0,0,,0
,"/en-ca/blogs/sex-doll-torso-blog/the-most-life-like-torso-sex-doll",1,1,0,0,0,0,1,,0,0,0,0,1,1,,1,1,1,0,0,0,0,1,,0,0,0,0,1,1,,1,0,0,,,,,0,,,,,,0,0,,0
"Blog Article","/blogs/dolls-info-qustions/6-budget-sex-dolls-under-1-000-affordable-without-sacrificing-quality",1,1,0,0,0,0,1,,0,0,0,0,1,1,,1,1,1,0,0,0,0,1,,0,0,0,0,1,1,,1,0,0,,,,,0,,,,,,0,0,,0
"Blog Article","/blogs/real-sex-doll-reviews-pros-cons-real-usage-tests/the-ultimate-in-in-depth-experience-sharing-of-sy-doll-163cm-big-bottomed-plus-size",1,1,0,0,0,0,2,,0,0,0,158,2,0,,0,1,1,0,0,0,0,2,,0,0,0,158,2,0,,0,0,0,,,,,0,,,,,0,0,,,
,"/en-ca/products/f4741-153cm31kg-b-cup-silicone-head-movable-jaw-sle-body-realistic-silicone-sex-dolls-for-men-in-stock-usa-canada-zelex-doll",1,1,0,0,0,0,1,,0,0,0,0,1,1,,1,1,1,0,0,0,0,1,,0,0,0,0,1,1,,1,0,0,,,,,0,,,,,,0,0,,0
,"/en-ca/products/f7548-164cm-41kg-tpe-head-with-oral-sex-without-movable-jaw-full-size-adult-sex-doll-orielle-ridmii",1,1,0,0,0,0,1,,0,0,0,0,1,1,,1,1,1,0,0,0,0,1,,0,0,0,0,1,1,,1,0,0,,,,,0,,,,,,0,0,,0
"Blog Article","/blogs/dolls-info-qustions/how-to-pick-a-fake-pussy-and-sex-doll-torso",1,1,0,0,0,0,1,,0,0,0,0,1,1,,1,1,1,0,0,0,0,1,,0,0,0,0,1,1,,1,0,0,,,,,0,,,,,,0,0,,0
"Product","/products/f5424-150cm-5ft-27-5kg-silicone-anime-hentai-sex-dolls-elsa-babe",1,1,0,0,0,0,1,,0,0,0,0,1,1,,1,1,1,0,0,0,0,1,,0,0,0,0,1,1,,1,0,0,,,,,0,,,,,,0,0,,0
,"/en-ca/pages/sex-doll-gif",1,1,0,0,0,0,1,,0,0,0,0,1,1,,1,1,1,0,0,0,0,1,,0,0,0,0,1,1,,1,0,0,,,,,0,,,,,,0,0,,0
"Product","/products/8963637838063",1,1,0,0,0,0,1,,0,0,0,0,1,1,,1,1,1,0,0,0,0,1,,0,0,0,0,1,1,,1,0,0,,,,,0,,,,,,0,0,,0
,"/en-ca/blogs/dolls-info-qustions/3-funny-things-about-the-sex-doll-ass",1,1,0,0,0,0,1,,0,0,0,0,1,1,,1,1,1,0,0,0,0,1,,0,0,0,0,1,1,,1,0,0,,,,,0,,,,,,0,0,,0
,"/en-ca/products/f4411-155cm5-1ft-29kg-d-cup-milf-tpe-sex-doll%E4%B8%A8wm-doll",1,1,0,0,0,0,1,,0,0,0,0,1,1,,1,1,1,0,0,0,0,1,,0,0,0,0,1,1,,1,0,0,,,,,0,,,,,,0,0,,0
,"/en-ca/blogs/dolls-info-qustions/guide-to-buying-the-newest-sex-dolls-of-2025",1,1,0,0,0,0,1,,0,0,0,0,1,1,,1,1,1,0,0,0,0,1,,0,0,0,0,1,1,,1,0,0,,,,,0,,,,,,0,0,,0
,"/en-fi/blogs/complete-sex-doll-guide-for-beginners/sex-doll-unboxing-guide-for-beginners-what-every-new-owner-should-know",1,1,0,0,0,0,1,,0,0,0,0,1,1,,1,1,1,0,0,0,0,1,,0,0,0,0,1,1,,1,0,0,,,,,0,,,,,,0,0,,0
,"/de/blogs/dolls-info-qustions/why-do-people-own-sex-dolls",1,1,0,0,0,0,2,,0,0,0,7,2,0,,0,1,1,0,0,0,0,2,,0,0,0,7,2,0,,0,0,0,,,,,0,,,,,0,0,,,
,"/de/blogs/dolls-info-qustions/exploring-the-best-personal-time-spaces",1,1,0,0,0,0,1,,0,0,0,0,1,1,,1,1,1,0,0,0,0,1,,0,0,0,0,1,1,,1,0,0,,,,,0,,,,,,0,0,,0
"Product","/products/t346-3-86lb-muscle-tail-anime-fake-pussy-silicone-tomboy-furry-hentai-sex-doll-mrl",1,1,0,0,0,0,1,,0,0,0,0,1,1,,1,1,1,0,0,0,0,1,,0,0,0,0,1,1,,1,0,0,,,,,0,,,,,,0,0,,0
"Product","/products/judy-rona-dildo-male-masturbator-12lb-18cm",1,1,0,0,0,0,1,,0,0,0,0,1,1,,1,1,1,0,0,0,0,1,,0,0,0,0,1,1,,1,0,0,,,,,0,,,,,,0,0,,0
"Product","/products/f5483-150cm-5ft-27-5kg-silicone-anime-hentai-sex-dolls-elsa-babe",1,1,0,0,0,0,3,,0,0,0,152,3,0,,0,1,1,0,0,0,0,3,,0,0,0,152,3,0,,0,0,0,,,,,0,,,,,0,0,,,
,"/en-ca/products/8850911658223",1,1,0,0,0,0,1,,0,0,0,0,1,1,,1,1,1,0,0,0,0,1,,0,0,0,0,1,1,,1,0,0,,,,,0,,,,,,0,0,,0
,"/en-ca/collections/36-40kg-79-88lb",1,1,0,0,0,0,1,,0,0,0,0,1,1,,1,1,1,0,0,0,0,1,,0,0,0,0,1,1,,1,0,0,,,,,0,,,,,,0,0,,0
"Product","/products/mrl-17lbs-silicone-sex-doll-torso-a316",1,1,0,0,0,0,4,,0,0,0,71,4,0,,0,1,1,0,0,0,0,4,,0,0,0,71,4,0,,0,0,0,,,,,0,,,,,0,0,,,
"Product","/products/f1449-153cm5ft-34kg-h-cup-huge-breast-teen-sexy-tpe-sex-doll-in-stock-usa-aibei-doll",1,1,0,0,0,0,1,,0,0,0,0,1,1,,1,1,1,0,0,0,0,1,,0,0,0,0,1,1,,1,0,0,,,,,0,,,,,,0,0,,0
,"/ja/blogs/dolls-info-qustions/femboy-sex-doll-vs-shemale-sex-doll-what-s-the-real-difference",1,1,0,0,0,0,1,,0,0,0,0,1,1,,1,1,1,0,0,0,0,1,,0,0,0,0,1,1,,1,0,0,,,,,0,,,,,,0,0,,0
,"/en-ca/blogs/dolls-info-qustions/decision-fatigue-the-ultimate-2025-guide-to-choosing-the-best-sex-doll-brand",1,1,0,0,0,0,1,,0,0,0,0,1,1,,1,1,1,0,0,0,0,1,,0,0,0,0,1,1,,1,0,0,,,,,0,,,,,,0,0,,0
"Collection","/collections/il-doll",1,1,0,0,0,0,1,,0,0,0,0,1,1,,1,1,1,0,0,0,0,1,,0,0,0,0,1,1,,1,0,0,,,,,0,,,,,,0,0,,0
,"/en-ca/collections/tantaly-sex-doll",1,1,0,0,0,0,1,,0,0,0,0,1,1,,1,1,1,0,0,0,0,1,,0,0,0,0,1,1,,1,0,0,,,,,0,,,,,,0,0,,0
"Blog Article","/blogs/dolls-info-qustions/soul-sync-five-ai-girlfriend-apps-that-bring-a-vivid-experience-to-robotic-sex-dolls",1,1,0,0,0,0,1,,0,0,0,0,1,1,,1,1,1,0,0,0,0,1,,0,0,0,0,1,1,,1,0,0,,,,,0,,,,,,0,0,,0
"Product","/products/f2386a-165cm5-4ft-54kg-g-cup-272-big-butt-boobs-tpe-bbw-sex-doll-2024%E4%B8%A8sy-doll",1,1,0,0,0,0,7,,0,0,0,625,7,0,,0,1,1,0,0,0,0,7,,0,0,0,625,7,0,,0,0,0,,,,,0,,,,,0,0,,,
"Product","/products/a357-27-5lb-silicone-butt-sexy-and-real-realistic-big-ass-sex-doll-torso-climax-doll",1,1,0,0,0,0,5,,0,0,0,114,5,0,,0,1,1,0,0,0,0,5,,0,0,0,114,5,0,,0,0,0,,,,,0,,,,,0,0,,,
,"/en-ca/products/f714-170cm5-6ft-43kg-d-cup-life-size-silicone-sex-doll-real-lady",1,1,0,0,0,0,1,,0,0,0,0,1,1,,1,1,1,0,0,0,0,1,,0,0,0,0,1,1,,1,0,0,,,,,0,,,,,,0,0,,0
,"/en-ca/products/f2099-171cm5-6ft-36kg-j-cup-alien-tpe-sex-doll%E4%B8%A8wm-doll",1,1,0,0,0,0,2,,0,0,0,36,2,0,,0,1,1,0,0,0,0,2,,0,0,0,36,2,0,,0,0,0,,,,,0,,,,,0,0,,,
,"/en-ca/products/f5544-164cm5ft4-43kg-f-cup-black-tpe-sex-doll-irontech-doll",1,1,0,0,0,0,3,,0,0,0,58,3,0,,0,1,1,0,0,0,0,3,,0,0,0,58,3,0,,0,0,0,,,,,0,,,,,0,0,,,
"Product","/products/f2409-164cm5-4ft-d-cup-ai-chatbot-blinking-smiling-robot-sex-doll%E4%B8%A8sy-",1,1,1,0,0,0,11,,1,0,0,971,11,0,,0,1,1,1,0,0,0,11,,1,0,0,971,11,0,,0,0,0,0,,,,0,,0,,,0,0,,,
"Product","/products/h667-silicone-sex-doll-head%E4%B8%A8irontech-doll-head",1,1,0,0,0,0,4,,0,0,0,263,4,0,,0,1,1,0,0,0,0,4,,0,0,0,263,4,0,,0,0,0,,,,,0,,,,,0,0,,,
"Checkout","/60719464687/orders/ea46b81dbd086b82f532e16dabef7230",1,1,0,0,0,0,5,,0,0,0,69,5,0,,0,1,1,0,0,0,0,5,,0,0,0,69,5,0,,0,0,0,,,,,0,,,,,0,0,,,
,"/de/collections/ros-1-robot-features",1,1,0,0,0,0,1,,0,0,0,0,1,1,,1,1,1,0,0,0,0,1,,0,0,0,0,1,1,,1,0,0,,,,,0,,,,,,0,0,,0
"Blog Article","/blogs/featured-blog/why-irontech-doll-has-become-a-global-leading-sex-doll-brand",1,1,0,0,0,0,1,,0,0,0,0,1,1,,1,1,1,0,0,0,0,1,,0,0,0,0,1,1,,1,0,0,,,,,0,,,,,,0,0,,0
"Product","/products/f2119-172cm5-6ft-40kg-d-cup-blonde-tpe-sex-doll%E4%B8%A8wm-doll",1,1,0,0,0,0,5,,0,0,0,129,5,0,,0,1,1,0,0,0,0,5,,0,0,0,129,5,0,,0,0,0,,,,,0,,,,,0,0,,,
,"/en-ca/blogs/dolls-info-qustions/why-do-men-love-sucking-breasts-reasons-revealed-busty-sex-doll-recommendations",1,1,0,0,0,0,1,,0,0,0,0,1,1,,1,1,1,0,0,0,0,1,,0,0,0,0,1,1,,1,0,0,,,,,0,,,,,,0,0,,0
"Product","/products/h045-sex-doll-head",1,1,0,0,0,0,1,,0,0,0,0,1,1,,1,1,1,0,0,0,0,1,,0,0,0,0,1,1,,1,0,0,,,,,0,,,,,,0,0,,0
,"/en-ca/products/f6127-166cm5-4ft-33kg-c-cup-tpe-celebrity-sex-doll%E4%B8%A8sy-doll",1,1,0,0,0,0,7,,0,0,0,292,7,0,,0,1,1,0,0,0,0,7,,0,0,0,292,7,0,,0,0,0,,,,,0,,,,,0,0,,,
"Product","/products/f6284-167cm5ft6-35kg-e-cup-ab28-with-ros-silicone-sex-doll-aibei-doll-luxe",1,1,0,0,0,0,1,,0,0,0,0,1,1,,1,1,1,0,0,0,0,1,,0,0,0,0,1,1,,1,0,0,,,,,0,,,,,,0,0,,0
,"/en-ca/blogs/dolls-info-qustions/can-ai-sex-dolls-replace-real-women",1,1,0,0,0,0,1,,0,0,0,0,1,1,,1,1,1,0,0,0,0,1,,0,0,0,0,1,1,,1,0,0,,,,,0,,,,,,0,0,,0
"Blog Article","/blogs/dolls-info-qustions/ultimate-guide-to-sex-doll-wig-care-tips-for-keeping-it-smooth-and-shiny",1,1,0,0,0,0,1,,0,0,0,0,1,1,,1,1,1,0,0,0,0,1,,0,0,0,0,1,1,,1,0,0,,,,,0,,,,,,0,0,,0
"Product","/products/f5870-161cm-5ft3-30kg-e-cup-european-silicone-sex-doll-il-doll",1,1,0,0,0,0,1,,0,0,0,0,1,1,,1,1,1,0,0,0,0,1,,0,0,0,0,1,1,,1,0,0,,,,,0,,,,,,0,0,,0
"Product","/products/f9003-161cm5-3ft-39-6kg-d-cup-real-life-christmas-silicone-head-ai-sex-doll%E4%B8%A8sy-doll",1,1,0,0,0,0,1,,0,0,0,0,1,1,,1,1,1,0,0,0,0,1,,0,0,0,0,1,1,,1,0,0,,,,,0,,,,,,0,0,,0
,"/en-ca/collections/dolls-castle-factory-photos",1,1,0,0,0,0,5,,0,0,0,133,5,0,,0,1,1,0,0,0,0,5,,0,0,0,133,5,0,,0,0,0,,,,,0,,,,,0,0,,,
"Blog Article","/blogs/dolls-info-qustions/is-using-sex-dolls-in-a-relationship-considered-cheating",1,1,0,0,0,0,1,,0,0,0,0,1,1,,1,1,1,0,0,0,0,1,,0,0,0,0,1,1,,1,0,0,,,,,0,,,,,,0,0,,0
,"/en-ca/products/f712-165cm-g-cup-most-realistic-sex-doll-irontech",1,1,0,0,0,0,1,,0,0,0,0,1,1,,1,1,1,0,0,0,0,1,,0,0,0,0,1,1,,1,0,0,,,,,0,,,,,,0,0,,0
"Product","/products/p31-fake-pussy",1,1,0,0,0,0,4,,0,0,0,246,4,0,,0,1,1,0,0,0,0,4,,0,0,0,246,4,0,,0,0,0,,,,,0,,,,,0,0,,,
,"/en-fi/products/t908k-giant-sex-doll-bbw-torso-climax",1,1,0,0,0,0,2,,0,0,0,50,2,0,,0,1,1,0,0,0,0,2,,0,0,0,50,2,0,,0,0,0,,,,,0,,,,,0,0,,,
"Product","/products/t707-38-5lbbig-boots-life-size-sex-doll-torso",1,1,0,0,0,0,8,,0,0,0,1245,8,0,,0,1,1,0,0,0,0,8,,0,0,0,1245,8,0,,0,0,0,,,,,0,,,,,0,0,,,
,"/en-ca/collections/aitia-videos",1,1,0,0,0,0,2,,0,0,0,10,2,0,,0,1,1,0,0,0,0,2,,0,0,0,10,2,0,,0,0,0,,,,,0,,,,,0,0,,,
"Product","/products/f172-156cm-tpe-sex-doll",1,1,0,0,0,0,1,,0,0,0,0,1,1,,1,1,1,0,0,0,0,1,,0,0,0,0,1,1,,1,0,0,,,,,0,,,,,,0,0,,0
"Product","/products/p82-9-92lb-20cm-denvir-anime-three-breasts-lewd-tattoo-girl-double-vagina-hentai-sex-doll-in-stock-usa-mrl",1,1,0,0,0,0,1,,0,0,0,0,1,1,,1,1,1,0,0,0,0,1,,0,0,0,0,1,1,,1,0,0,,,,,0,,,,,,0,0,,0
"Product","/products/f8038-150cm-5ft-27-5kg-silicone-anime-hentai-sex-doll-elsa-babe",1,1,0,0,0,0,10,,0,0,0,142,10,0,,0,1,1,0,0,0,0,10,,0,0,0,142,10,0,,0,0,0,,,,,0,,,,,0,0,,,
,"/en-ca/products/f5718-168cm-5ft5-36-2kg-c-cup-silicone-blonde-celebrity-sex-doll-jiusheng-doll",1,1,0,0,0,0,7,,0,0,0,402,7,0,,0,1,1,0,0,0,0,7,,0,0,0,402,7,0,,0,0,0,,,,,0,,,,,0,0,,,
"Product","/products/f1553-elsa-babe-165cm-5ft4-full-silicone-sexy-anime-sex-dolls",1,1,0,0,0,0,1,,0,0,0,0,1,1,,1,1,1,0,0,0,0,1,,0,0,0,0,1,1,,1,0,0,,,,,0,,,,,,0,0,,0
,"/en-ca/products/moonvale-silicone-furry-deer-170cm-f759",1,1,1,0,0,0,2,,1,0,0,38,2,0,,0,1,1,1,0,0,0,2,,1,0,0,38,2,0,,0,0,0,0,,,,0,,0,,,0,0,,,
"Product","/products/f8054-150cm-5ft-27-5kg-silicone-anime-hentai-sex-doll-elsa-babe",1,1,0,0,0,0,6,,0,0,0,199,6,0,,0,1,1,0,0,0,0,6,,0,0,0,199,6,0,,0,0,0,,,,,0,,,,,0,0,,,
"Product","/products/f4218-169cm5-7ft-44kg-l-cup-milf-tpe-sex-doll%E4%B8%A8wm-doll",1,1,0,0,0,0,1,,0,0,0,0,1,1,,1,1,1,0,0,0,0,1,,0,0,0,0,1,1,,1,0,0,,,,,0,,,,,,0,0,,0
,"/en-ca/blogs/dolls-info-qustions/how-to-properly-use-chinese-sex-dolls-a-comprehensive-guide",1,1,0,0,0,0,1,,0,0,0,0,1,1,,1,1,1,0,0,0,0,1,,0,0,0,0,1,1,,1,0,0,,,,,0,,,,,,0,0,,0
"Product","/products/f9185-t165cm5-4ft-33kg-c-cup-ros-silicone-lifesize-real-life-size-sex-doll-se-doll",1,1,0,0,0,0,6,,0,0,0,781,6,0,,0,1,1,0,0,0,0,6,,0,0,0,781,6,0,,0,0,0,,,,,0,,,,,0,0,,,
"Blog Article","/blogs/dolls-info-qustions/2025-first-look-the-scream-worthy-new-models-of-alien-sex-dolls",1,1,0,0,0,0,1,,0,0,0,0,1,1,,1,1,1,0,0,0,0,1,,0,0,0,0,1,1,,1,0,0,,,,,0,,,,,,0,0,,0
,"/en-ca/collections/cheap-sex-doll",1,1,0,0,0,0,12,,0,0,0,577,12,0,,0,1,1,0,0,0,0,12,,0,0,0,577,12,0,,0,0,0,,,,,0,,,,,0,0,,,
"Product","/products/f1527-elsa-babe-150cm-5ft-27-5kg-full-silicone-sexy-little-anime-furry-sex-dolls-elsa-babe",1,1,0,0,0,0,2,,0,0,0,9,2,0,,0,1,1,0,0,0,0,2,,0,0,0,9,2,0,,0,0,0,,,,,0,,,,,0,0,,,
"Collection","/collections/firefly-diary-factory-photos",1,1,0,0,0,0,1,,0,0,0,0,1,1,,1,1,1,0,0,0,0,1,,0,0,0,0,1,1,,1,0,0,,,,,0,,,,,,0,0,,0
"Product","/products/f4890-169cm-big-ass-robot-sex-doll-sexbot-sy-dolls",1,1,0,0,0,0,2,,0,0,0,34,2,0,,0,1,1,0,0,0,0,2,,0,0,0,34,2,0,,0,0,0,,,,,0,,,,,0,0,,,
"Blog Article","/blogs/dolls-info-qustions/4-reasons-why-milfs-are-so-popular-in-2023",1,1,0,0,0,0,1,,0,0,0,0,1,1,,1,1,1,0,0,0,0,1,,0,0,0,0,1,1,,1,0,0,,,,,0,,,,,,0,0,,0
"Collection","/collections/climax-doll-factory-photos",1,1,0,0,0,0,1,,0,0,0,0,1,1,,1,1,1,0,0,0,0,1,,0,0,0,0,1,1,,1,0,0,,,,,0,,,,,,0,0,,0
,"/en-ca/collections/lilydoll",1,1,0,0,0,0,1,,0,0,0,0,1,1,,1,1,1,0,0,0,0,1,,0,0,0,0,1,1,,1,0,0,,,,,0,,,,,,0,0,,0
"Product","/products/9146227654895",1,1,0,0,0,0,1,,0,0,0,0,1,1,,1,1,1,0,0,0,0,1,,0,0,0,0,1,1,,1,0,0,,,,,0,,,,,,0,0,,0
,"/en-fi/collections/milf-sex-dolls",1,1,0,0,0,0,1,,0,0,0,0,1,1,,1,1,1,0,0,0,0,1,,0,0,0,0,1,1,,1,0,0,,,,,0,,,,,,0,0,,0
,"/en-ca/blogs/featured-blog/yeloly-new-product-launch-which-sex-doll-torso-are-worth-your-attention",1,1,0,0,0,0,1,,0,0,0,0,1,1,,1,1,1,0,0,0,0,1,,0,0,0,0,1,1,,1,0,0,,,,,0,,,,,,0,0,,0
"Blog Article","/blogs/featured-blog/how-to-tattoo-your-male-sex-doll",1,1,0,0,0,0,1,,0,0,0,0,1,1,,1,1,1,0,0,0,0,1,,0,0,0,0,1,1,,1,0,0,,,,,0,,,,,,0,0,,0
"Blog Article","/blogs/dolls-info-qustions/the-top-5-most-popular-naked-sex-dolls-in-2025",1,1,0,0,0,0,2,,0,0,0,38,2,0,,0,1,1,0,0,0,0,2,,0,0,0,38,2,0,,0,0,0,,,,,0,,,,,0,0,,,
,"/en-fi/pages/celebrity-sex-doll-guide",1,1,0,0,0,0,1,,0,0,0,0,1,1,,1,1,1,0,0,0,0,1,,0,0,0,0,1,1,,1,0,0,,,,,0,,,,,,0,0,,0
"Product","/products/t320-e-cup-realistic-sex-doll-torso-climax-doll",1,1,0,0,0,0,1,,0,0,0,0,1,1,,1,1,1,0,0,0,0,1,,0,0,0,0,1,1,,1,0,0,,,,,0,,,,,,0,0,,0
"Product","/products/f4852-160cm5ft3-35kg-e-cup-silicone-ros-best-asian-chinese-sex-doll%E4%B8%A8doll-senior",1,1,0,0,0,0,2,,0,0,0,24,2,0,,0,1,1,0,0,0,0,2,,0,0,0,24,2,0,,0,0,0,,,,,0,,,,,0,0,,,
,"/ja/blogs/dolls-info-qustions/detailed-showcase-of-bbw-love-doll-features",1,1,0,0,0,0,1,,0,0,0,0,1,1,,1,1,1,0,0,0,0,1,,0,0,0,0,1,1,,1,0,0,,,,,0,,,,,,0,0,,0
,"/ja/products/8922800783599",1,1,0,0,0,0,1,,0,0,0,0,1,1,,1,1,1,0,0,0,0,1,,0,0,0,0,1,1,,1,0,0,,,,,0,,,,,,0,0,,0
,"/de/blogs/dolls-info-qustions/how-sci-fi-culture-shapes-the-design-of-alien-sex-dolls",1,1,0,0,0,0,1,,0,0,0,0,1,1,,1,1,1,0,0,0,0,1,,0,0,0,0,1,1,,1,0,0,,,,,0,,,,,,0,0,,0
,"/ja/collections/starpery-doll",1,1,0,0,0,0,1,,0,0,0,0,1,1,,1,1,1,0,0,0,0,1,,0,0,0,0,1,1,,1,0,0,,,,,0,,,,,,0,0,,0
"Collection","/collections/movable-jaw-doll",1,1,0,0,0,0,1,,0,0,0,0,1,1,,1,1,1,0,0,0,0,1,,0,0,0,0,1,1,,1,0,0,,,,,0,,,,,,0,0,,0
,"/en-ca/products/f5581-157cm-robot-sexdoll-heating-suction-aibei-doll",1,1,0,0,0,0,2,,0,0,0,30,2,0,,0,1,1,0,0,0,0,2,,0,0,0,30,2,0,,0,0,0,,,,,0,,,,,0,0,,,
,"/en-ca/products/top-fire-doll-163cm-silicone-full-sex-doll-f8565",1,1,0,0,0,0,1,,0,0,0,0,1,1,,1,1,1,0,0,0,0,1,,0,0,0,0,1,1,,1,0,0,,,,,0,,,,,,0,0,,0
"Product","/products/t912-108cm3ft7-30kg-j-cup-silicone-head-movable-jaw-sle-body-bubble-butt-sex-doll-torso-with-head-zelex-doll-1",1,1,0,0,0,0,1,,0,0,0,0,1,1,,1,1,1,0,0,0,0,1,,0,0,0,0,1,1,,1,0,0,,,,,0,,,,,,0,0,,0
"Product","/products/t669-386lbs-silicone-robot-sex-doll-torso-with-head",1,1,0,0,0,0,6,,0,0,0,1698,6,0,,0,1,1,0,0,0,0,6,,0,0,0,1698,6,0,,0,0,0,,,,,0,,,,,0,0,,,
,"/en-ca/products/f5147-163cm-d-cup-ros-silicone-sex-doll-galatea-doll",1,1,0,0,0,0,5,,0,0,0,98,5,0,,0,1,1,0,0,0,0,5,,0,0,0,98,5,0,,0,0,0,,,,,0,,,,,0,0,,,
,"/en-fi/blogs/dolls-info-qustions/do-humans-have-a-penis-bone",1,1,0,0,0,0,1,,0,0,0,0,1,1,,1,1,1,0,0,0,0,1,,0,0,0,0,1,1,,1,0,0,,,,,0,,,,,,0,0,,0
"Blog Article","/blogs/dolls-info-qustions/sex-tips-to-strengthen-intimacy",1,1,0,0,0,0,1,,0,0,0,0,1,1,,1,1,1,0,0,0,0,1,,0,0,0,0,1,1,,1,0,0,,,,,0,,,,,,0,0,,0
,"/en-fi/blogs/dolls-info-qustions/customizable-torso-summary",1,1,0,0,0,0,1,,0,0,0,0,1,1,,1,1,1,0,0,0,0,1,,0,0,0,0,1,1,,1,0,0,,,,,0,,,,,,0,0,,0
"Product","/products/f8224-huge-tits-sex-doll-zelex-160cm-sle",1,1,0,0,0,0,1,,0,0,0,0,1,1,,1,1,1,0,0,0,0,1,,0,0,0,0,1,1,,1,0,0,,,,,0,,,,,,0,0,,0
"Collection","/collections/6-7in-male-sex-doll",1,1,0,0,0,0,1,,0,0,0,0,1,1,,1,1,1,0,0,0,0,1,,0,0,0,0,1,1,,1,0,0,,,,,0,,,,,,0,0,,0
"Collection","/collections/6ye-factory-photos",1,1,0,0,0,0,2,,0,0,0,27,2,0,,0,1,1,0,0,0,0,2,,0,0,0,27,2,0,,0,0,0,,,,,0,,,,,0,0,,,
,"/en-ca/products/f8127-150cm4-9ft-27-6kg-f-cup-ros-max-r8-black-silicone-sex-doll-real-lady",1,1,0,0,0,0,2,,0,0,0,213,2,0,,0,1,1,0,0,0,0,2,,0,0,0,213,2,0,,0,0,0,,,,,0,,,,,0,0,,,
"Product","/products/h041-se-doll-elf-sex-doll-head-se-doll-head",1,1,0,0,0,0,2,,0,0,0,22,2,0,,0,1,1,0,0,0,0,2,,0,0,0,22,2,0,,0,0,0,,,,,0,,,,,0,0,,,
"Product","/products/f9342-elsa-babe-cute-hentai-life-size-sex-doll-silicone-head-150cm-27-5kg",1,1,0,0,0,0,1,,0,0,0,0,1,1,,1,1,1,0,0,0,0,1,,0,0,0,0,1,1,,1,0,0,,,,,0,,,,,,0,0,,0
,"/de/blogs/dolls-info-qustions/small-size-big-satisfaction-a-complete-real-life-sex-experience-review-of-the-mini-sex-doll",1,1,0,0,0,0,1,,0,0,0,0,1,1,,1,1,1,0,0,0,0,1,,0,0,0,0,1,1,,1,0,0,,,,,0,,,,,,0,0,,0
,"/en-fi/products/9418238951663",1,1,0,0,0,0,1,,0,0,0,0,1,1,,1,1,1,0,0,0,0,1,,0,0,0,0,1,1,,1,0,0,,,,,0,,,,,,0,0,,0
"Product","/products/t693-64-6lb-meru-anime-alien-sex-doll-torso-with-flat-chest-silicone-head-red-skin-torso-pro",1,1,0,0,0,0,8,,0,0,0,85,8,0,,0,1,1,0,0,0,0,8,,0,0,0,85,8,0,,0,0,0,,,,,0,,,,,0,0,,,
,"/de/blogs/dolls-info-qustions/what-is-it-like-to-use-a-shemale-sex-doll",1,1,0,0,0,0,1,,0,0,0,0,1,1,,1,1,1,0,0,0,0,1,,0,0,0,0,1,1,,1,0,0,,,,,0,,,,,,0,0,,0
,"/en-ca/products/f6126-171cm-5ft6-55kg-c-cup-realistic-silicone-head-tpe-body-sex-doll-sy-doll",1,1,0,0,0,0,1,,0,0,0,0,1,1,,1,1,1,0,0,0,0,1,,0,0,0,0,1,1,,1,0,0,,,,,0,,,,,,0,0,,0
"Custom Page","/pages/anime-sex-doll-buy-guide",1,1,0,0,0,0,2,,0,0,0,2,2,0,,0,1,1,0,0,0,0,2,,0,0,0,2,2,0,,0,0,0,,,,,0,,,,,0,0,,,
,"/en-ca/blogs/sex-doll-torso-blog/4-best-sex-doll-torsos-for-titty-sex",1,1,0,0,0,0,1,,0,0,0,0,1,1,,1,1,1,0,0,0,0,1,,0,0,0,0,1,1,,1,0,0,,,,,0,,,,,,0,0,,0
,"/en-ca/blogs/dolls-info-qustions/the-funniest-types-of-dolls-are-shemale-sex-dolls",1,1,0,0,0,0,1,,0,0,0,0,1,1,,1,1,1,0,0,0,0,1,,0,0,0,0,1,1,,1,0,0,,,,,0,,,,,,0,0,,0
