"登陆页面类型","登陆页面路径","在线商店访客","访问","有商品添加到购物车的访问","到达结账页面的访问","完成结账的访问","转化率","页面浏览量","结账转化率","添加至购物车率","到达结账页面率","到达并完成结账的访问","平均访问持续时间","每次访问的页面浏览量","跳出率","完成结账率","跳出次数","Online store visitors (20260622)","Sessions (20260622)","Sessions with cart additions (20260622)","Sessions that reached checkout (20260622)","Sessions that completed checkout (20260622)","Conversion rate (20260622)","Pageviews (20260622)","Checkout conversion rate (20260622)","Added to cart rate (20260622)","Reached checkout rate (20260622)","Sessions that reached and completed checkout (20260622)","Average session duration (20260622)","Pageviews per session (20260622)","Bounce rate (20260622)","Completed checkout rate (20260622)","Bounces (20260622)","Online store visitors (20260622) ","Sessions (20260622) ","Sessions with cart additions (20260622) ","Sessions that reached checkout (20260622) ","Sessions that completed checkout (20260622) ","Conversion rate (20260622) ","Pageviews (20260622) ","Checkout conversion rate (20260622) ","Added to cart rate (20260622) ","Reached checkout rate (20260622) ","Sessions that reached and completed checkout (20260622) ","Average session duration (20260622) ","Pageviews per session (20260622) ","Bounce rate (20260622) ","Completed checkout rate (20260622) ","Bounces (20260622) "
"Homepage","/",1172,1276,24,11,1,0.0007836990595611285,7864,0.09090909090909091,0.018808777429467086,0.008620689655172414,1,263.61833855799375,6.163009404388715,0.2852664576802508,0.1,364,1172,1276,24,11,1,0.0007836990595611285,7864,0.09090909090909091,0.018808777429467086,0.008620689655172414,1,263.61833855799375,6.163009404388715,0.2852664576802508,0.1,364,0,0,0,0,0,0,0,0,0,0,0,0,0,0,0,0
"Collection","/collections/full-doll",1174,1206,27,11,0,0,5997,0,0.022388059701492536,0.00912106135986733,0,211.44112769485903,4.972636815920398,0.3656716417910448,0,441,1174,1206,27,11,0,0,5997,0,0.022388059701492536,0.00912106135986733,0,211.44112769485903,4.972636815920398,0.3656716417910448,0,441,0,0,0,0,,,0,,0,0,,0,0,0,,0
"Collection","/collections/bbw-sex-doll-torso",1016,1075,8,3,0,0,4442,0,0.0074418604651162795,0.0027906976744186047,0,202.21767441860464,4.1320930232558135,0.4046511627906977,0,435,1016,1075,8,3,0,0,4442,0,0.0074418604651162795,0.0027906976744186047,0,202.21767441860464,4.1320930232558135,0.4046511627906977,0,435,0,0,0,0,,,0,,0,0,,0,0,0,,0
"Collection","/collections/sex-doll-videos",854,874,0,0,0,0,1773,,0,0,0,63.036613272311214,2.028604118993135,0.7860411899313501,,687,854,874,0,0,0,0,1773,,0,0,0,63.036613272311214,2.028604118993135,0.7860411899313501,,687,0,0,,,,,0,,,,,0,0,0,,0
"Collection","/collections/robotic-sex-doll",811,846,13,4,0,0,2710,0,0.015366430260047281,0.004728132387706856,0,143.69976359338062,3.203309692671395,0.5567375886524822,0,471,811,846,13,4,0,0,2710,0,0.015366430260047281,0.004728132387706856,0,143.69976359338062,3.203309692671395,0.5567375886524822,0,471,0,0,0,0,,,0,,0,0,,0,0,0,,0
"Collection","/collections/anime-sex-doll",819,842,6,2,0,0,2779,0,0.007125890736342043,0.0023752969121140144,0,124.14964370546318,3.3004750593824226,0.5451306413301663,0,459,819,842,6,2,0,0,2779,0,0.007125890736342043,0.0023752969121140144,0,124.14964370546318,3.3004750593824226,0.5451306413301663,0,459,0,0,0,0,,,0,,0,0,,0,0,0,,0
"Collection","/collections/sex-doll-head",795,826,14,4,0,0,4398,0,0.01694915254237288,0.004842615012106538,0,223.93462469733657,5.324455205811138,0.17796610169491525,0,147,795,826,14,4,0,0,4398,0,0.01694915254237288,0.004842615012106538,0,223.93462469733657,5.324455205811138,0.17796610169491525,0,147,0,0,0,0,,,0,,0,0,,0,0,0,,0
"Blog Article","/blogs/featured-blog/how-to-make-fake-pussy",706,722,0,0,0,0,980,,0,0,0,30.209141274238227,1.3573407202216066,0.8795013850415513,,635,706,722,0,0,0,0,980,,0,0,0,30.209141274238227,1.3573407202216066,0.8795013850415513,,635,0,0,,,,,0,,,,,0,0,0,,0
"Collection","/collections/celebrity-sex-dolls",701,716,5,1,0,0,2355,0,0.006983240223463687,0.0013966480446927375,0,135.28212290502793,3.2891061452513966,0.4790502793296089,0,343,701,716,5,1,0,0,2355,0,0.006983240223463687,0.0013966480446927375,0,135.28212290502793,3.2891061452513966,0.4790502793296089,0,343,0,0,0,0,,,0,,0,0,,0,0,0,,0
"Collection","/collections/all",602,616,5,2,0,0,2386,0,0.008116883116883116,0.003246753246753247,0,162.01785714285714,3.8733766233766236,0.43344155844155846,0,267,602,616,5,2,0,0,2386,0,0.008116883116883116,0.003246753246753247,0,162.01785714285714,3.8733766233766236,0.43344155844155846,0,267,0,0,0,0,,,0,,0,0,,0,0,0,,0
"Collection","/collections/vajankle-foot-fetish-toys",544,559,5,3,1,0.0017889087656529517,1671,0.3333333333333333,0.008944543828264758,0.005366726296958855,1,93.83899821109124,2.9892665474060824,0.4937388193202147,0.3333333333333333,276,544,559,5,3,1,0.0017889087656529517,1671,0.3333333333333333,0.008944543828264758,0.005366726296958855,1,93.83899821109124,2.9892665474060824,0.4937388193202147,0.3333333333333333,276,0,0,0,0,0,0,0,0,0,0,0,0,0,0,0,0
"Blog Article","/blogs/featured-blog/how-to-diy-an-sex-doll-you",512,514,0,0,0,0,725,,0,0,0,34.10505836575876,1.4105058365758756,0.8793774319066148,,452,512,514,0,0,0,0,725,,0,0,0,34.10505836575876,1.4105058365758756,0.8793774319066148,,452,0,0,,,,,0,,,,,0,0,0,,0
"Collection","/collections/shemale-sex-doll-torso-1",467,481,4,2,0,0,1806,0,0.008316008316008316,0.004158004158004158,0,152.45530145530145,3.7546777546777546,0.446985446985447,0,215,467,481,4,2,0,0,1806,0,0.008316008316008316,0.004158004158004158,0,152.45530145530145,3.7546777546777546,0.446985446985447,0,215,0,0,0,0,,,0,,0,0,,0,0,0,,0
"Collection","/collections/furry-sex-doll",426,450,2,1,0,0,1206,0,0.0044444444444444444,0.0022222222222222222,0,125.66,2.68,0.5777777777777777,0,260,426,450,2,1,0,0,1206,0,0.0044444444444444444,0.0022222222222222222,0,125.66,2.68,0.5777777777777777,0,260,0,0,0,0,,,0,,0,0,,0,0,0,,0
"Collection","/collections/femboys-sex-doll",385,392,1,1,0,0,1360,0,0.002551020408163265,0.002551020408163265,0,140.56632653061226,3.4693877551020407,0.45663265306122447,0,179,385,392,1,1,0,0,1360,0,0.002551020408163265,0.002551020408163265,0,140.56632653061226,3.4693877551020407,0.45663265306122447,0,179,0,0,0,0,,,0,,0,0,,0,0,0,,0
"Collection","/collections/sex-doll-torso-dildo-for-woman",352,364,5,1,0,0,1299,0,0.013736263736263736,0.0027472527472527475,0,162.77747252747253,3.568681318681319,0.47802197802197804,0,174,352,364,5,1,0,0,1299,0,0.013736263736263736,0.0027472527472527475,0,162.77747252747253,3.568681318681319,0.47802197802197804,0,174,0,0,0,0,,,0,,0,0,,0,0,0,,0
"Collection","/collections/fake-ass-sex-toy",347,353,7,7,1,0.0028328611898017,1295,0.14285714285714285,0.019830028328611898,0.019830028328611898,1,200.93201133144476,3.668555240793201,0.45609065155807366,0.14285714285714285,161,347,353,7,7,1,0.0028328611898017,1295,0.14285714285714285,0.019830028328611898,0.019830028328611898,1,200.93201133144476,3.668555240793201,0.45609065155807366,0.14285714285714285,161,0,0,0,0,0,0,0,0,0,0,0,0,0,0,0,0
"Collection","/collections/futa-sex-doll",287,292,0,0,0,0,1098,,0,0,0,177.72260273972603,3.76027397260274,0.5068493150684932,,148,287,292,0,0,0,0,1098,,0,0,0,177.72260273972603,3.76027397260274,0.5068493150684932,,148,0,0,,,,,0,,,,,0,0,0,,0
"Collection","/collections/boob-job-sex-toys",276,285,2,1,1,0.0035087719298245615,814,1,0.007017543859649123,0.0035087719298245615,1,134.20701754385965,2.856140350877193,0.6105263157894737,1,174,276,285,2,1,1,0.0035087719298245615,814,1,0.007017543859649123,0.0035087719298245615,1,134.20701754385965,2.856140350877193,0.6105263157894737,1,174,0,0,0,0,0,0,0,0,0,0,0,0,0,0,0,0
"Collection","/collections/black-sex-dolls",261,278,4,0,0,0,1067,,0.014388489208633094,0,0,220.99640287769785,3.838129496402878,0.4856115107913669,,135,261,278,4,0,0,0,1067,,0.014388489208633094,0,0,220.99640287769785,3.838129496402878,0.4856115107913669,,135,0,0,0,,,,0,,0,,,0,0,0,,0
"Collection","/collections/flat-chest-sex-doll",262,276,0,0,0,0,737,,0,0,0,128.4673913043478,2.670289855072464,0.4963768115942029,,137,262,276,0,0,0,0,737,,0,0,0,128.4673913043478,2.670289855072464,0.4963768115942029,,137,0,0,,,,,0,,,,,0,0,0,,0
"Blog Article","/blogs/dolls-info-qustions/how-to-make-a-fake-ass-sex-toy",243,246,0,0,0,0,384,,0,0,0,73.86178861788618,1.5609756097560976,0.8130081300813008,,200,243,246,0,0,0,0,384,,0,0,0,73.86178861788618,1.5609756097560976,0.8130081300813008,,200,0,0,,,,,0,,,,,0,0,0,,0
"Collection","/collections/fake-pussy-fake-vagina-sex-toys",195,199,7,1,0,0,864,0,0.035175879396984924,0.005025125628140704,0,145.64824120603015,4.341708542713568,0.507537688442211,0,101,195,199,7,1,0,0,864,0,0.035175879396984924,0.005025125628140704,0,145.64824120603015,4.341708542713568,0.507537688442211,0,101,0,0,0,0,,,0,,0,0,,0,0,0,,0
"Collection","/collections/sex-doll-torso",170,180,2,2,0,0,883,0,0.011111111111111112,0.011111111111111112,0,198.63333333333333,4.905555555555556,0.3055555555555556,0,55,170,180,2,2,0,0,883,0,0.011111111111111112,0.011111111111111112,0,198.63333333333333,4.905555555555556,0.3055555555555556,0,55,0,0,0,0,,,0,,0,0,,0,0,0,,0
"Collection","/collections/enchanting-delights-2024-top-real-sex-doll-recommendations",175,179,1,1,0,0,513,0,0.00558659217877095,0.00558659217877095,0,103.56983240223464,2.8659217877094973,0.5418994413407822,0,97,175,179,1,1,0,0,513,0,0.00558659217877095,0.00558659217877095,0,103.56983240223464,2.8659217877094973,0.5418994413407822,0,97,0,0,0,0,,,0,,0,0,,0,0,0,,0
"Collection","/collections/black-torso-sex-dolls",167,175,2,1,1,0.005714285714285714,429,1,0.011428571428571429,0.005714285714285714,1,108.83428571428571,2.4514285714285715,0.5942857142857143,1,104,167,175,2,1,1,0.005714285714285714,429,1,0.011428571428571429,0.005714285714285714,1,108.83428571428571,2.4514285714285715,0.5942857142857143,1,104,0,0,0,0,0,0,0,0,0,0,0,0,0,0,0,0
"Collection","/collections/huge-breasts-sex-dolls",160,166,1,0,0,0,634,,0.006024096385542169,0,0,214.49397590361446,3.819277108433735,0.46987951807228917,,78,160,166,1,0,0,0,634,,0.006024096385542169,0,0,214.49397590361446,3.819277108433735,0.46987951807228917,,78,0,0,0,,,,0,,0,,,0,0,0,,0
"Collection","/collections/asian-sex-doll",160,166,0,0,0,0,405,,0,0,0,102.60240963855422,2.4397590361445785,0.6024096385542169,,100,160,166,0,0,0,0,405,,0,0,0,102.60240963855422,2.4397590361445785,0.6024096385542169,,100,0,0,,,,,0,,,,,0,0,0,,0
"Collection","/collections/under-100",156,160,5,2,0,0,455,0,0.03125,0.0125,0,167.86875,2.84375,0.625,0,100,156,160,5,2,0,0,455,0,0.03125,0.0125,0,167.86875,2.84375,0.625,0,100,0,0,0,0,,,0,,0,0,,0,0,0,,0
"Collection","/collections/silicone-ass",141,145,2,0,0,0,500,,0.013793103448275862,0,0,150.95862068965516,3.4482758620689653,0.5241379310344828,,76,141,145,2,0,0,0,500,,0.013793103448275862,0,0,150.95862068965516,3.4482758620689653,0.5241379310344828,,76,0,0,0,,,,0,,0,,,0,0,0,,0
"Collection","/collections/shemale-sex-toy",144,145,1,0,0,0,375,,0.006896551724137931,0,0,91.93103448275862,2.586206896551724,0.7103448275862069,,103,144,145,1,0,0,0,375,,0.006896551724137931,0,0,91.93103448275862,2.586206896551724,0.7103448275862069,,103,0,0,0,,,,0,,0,,,0,0,0,,0
"Collection","/collections/anime-mini-sex-doll",138,139,0,0,0,0,323,,0,0,0,91.92805755395683,2.323741007194245,0.6402877697841727,,89,138,139,0,0,0,0,323,,0,0,0,91.92805755395683,2.323741007194245,0.6402877697841727,,89,0,0,,,,,0,,,,,0,0,0,,0
"Collection","/collections/18s-sex-doll",128,131,0,0,0,0,293,,0,0,0,108.45038167938931,2.236641221374046,0.6793893129770993,,89,128,131,0,0,0,0,293,,0,0,0,108.45038167938931,2.236641221374046,0.6793893129770993,,89,0,0,,,,,0,,,,,0,0,0,,0
,"/de/collections/robotic-sex-doll",126,127,0,0,0,0,267,,0,0,0,50.511811023622045,2.1023622047244093,0.6141732283464567,,78,126,127,0,0,0,0,267,,0,0,0,50.511811023622045,2.1023622047244093,0.6141732283464567,,78,0,0,,,,,0,,,,,0,0,0,,0
"Collection","/collections/vibrating-sex-doll-torso",122,126,2,1,1,0.007936507936507936,318,1,0.015873015873015872,0.007936507936507936,1,113.15873015873017,2.5238095238095237,0.6349206349206349,1,80,122,126,2,1,1,0.007936507936507936,318,1,0.015873015873015872,0.007936507936507936,1,113.15873015873017,2.5238095238095237,0.6349206349206349,1,80,0,0,0,0,0,0,0,0,0,0,0,0,0,0,0,0
"Collection","/collections/big-booty-sex-dolls",112,120,3,2,0,0,494,0,0.025,0.016666666666666666,0,226,4.116666666666666,0.5083333333333333,0,61,112,120,3,2,0,0,494,0,0.025,0.016666666666666666,0,226,4.116666666666666,0.5083333333333333,0,61,0,0,0,0,,,0,,0,0,,0,0,0,,0
"Collection","/collections/mini-sex-doll-torso",115,117,2,1,1,0.008547008547008548,258,1,0.017094017094017096,0.008547008547008548,1,97.99145299145299,2.2051282051282053,0.7435897435897436,1,87,115,117,2,1,1,0.008547008547008548,258,1,0.017094017094017096,0.008547008547008548,1,97.99145299145299,2.2051282051282053,0.7435897435897436,1,87,0,0,0,0,0,0,0,0,0,0,0,0,0,0,0,0
"Collection","/collections/lesbian-sex-doll-torso",100,102,1,1,0,0,180,0,0.00980392156862745,0.00980392156862745,0,43.78431372549019,1.7647058823529411,0.6666666666666666,0,68,100,102,1,1,0,0,180,0,0.00980392156862745,0.00980392156862745,0,43.78431372549019,1.7647058823529411,0.6666666666666666,0,68,0,0,0,0,,,0,,0,0,,0,0,0,,0
,"/de/blogs/featured-blog/how-to-make-fake-pussy",99,99,0,0,0,0,109,,0,0,0,15.343434343434344,1.101010101010101,0.9191919191919192,,91,99,99,0,0,0,0,109,,0,0,0,15.343434343434344,1.101010101010101,0.9191919191919192,,91,0,0,,,,,0,,,,,0,0,0,,0
"Collection","/collections/anime-pocket-pussy",96,98,0,0,0,0,167,,0,0,0,50.224489795918366,1.7040816326530612,0.7448979591836735,,73,96,98,0,0,0,0,167,,0,0,0,50.224489795918366,1.7040816326530612,0.7448979591836735,,73,0,0,,,,,0,,,,,0,0,0,,0
"Blog Article","/blogs/sex-doll-torso-blog/top-7-sex-poses-with-your-torso-sex-doll",94,95,0,0,0,0,124,,0,0,0,23.936842105263157,1.305263157894737,0.8842105263157894,,84,94,95,0,0,0,0,124,,0,0,0,23.936842105263157,1.305263157894737,0.8842105263157894,,84,0,0,,,,,0,,,,,0,0,0,,0
"Collection","/collections/animal-hentai-sex-doll",91,94,0,0,0,0,339,,0,0,0,117.62765957446808,3.606382978723404,0.5851063829787234,,55,91,94,0,0,0,0,339,,0,0,0,117.62765957446808,3.606382978723404,0.5851063829787234,,55,0,0,,,,,0,,,,,0,0,0,,0
"Collection","/collections/pocket-pussy-ass",92,93,1,1,0,0,193,0,0.010752688172043012,0.010752688172043012,0,73.73118279569893,2.075268817204301,0.6451612903225806,0,60,92,93,1,1,0,0,193,0,0.010752688172043012,0.010752688172043012,0,73.73118279569893,2.075268817204301,0.6451612903225806,0,60,0,0,0,0,,,0,,0,0,,0,0,0,,0
"Custom Page","/pages/sex-doll-gif",87,88,0,0,0,0,172,,0,0,0,54.95454545454545,1.9545454545454546,0.7386363636363636,,65,87,88,0,0,0,0,172,,0,0,0,54.95454545454545,1.9545454545454546,0.7386363636363636,,65,0,0,,,,,0,,,,,0,0,0,,0
"Collection","/collections/torso-shemale-sex-doll",76,76,0,0,0,0,262,,0,0,0,155.3421052631579,3.4473684210526314,0.5394736842105263,,41,76,76,0,0,0,0,262,,0,0,0,155.3421052631579,3.4473684210526314,0.5394736842105263,,41,0,0,,,,,0,,,,,0,0,0,,0
"Collection","/collections/best-seller-sex-dolls-under-200",72,73,0,0,0,0,197,,0,0,0,124.16438356164383,2.6986301369863015,0.589041095890411,,43,72,73,0,0,0,0,197,,0,0,0,124.16438356164383,2.6986301369863015,0.589041095890411,,43,0,0,,,,,0,,,,,0,0,0,,0
,"/en-ca/collections/bbw-sex-doll-torso",67,69,0,0,0,0,202,,0,0,0,137.6086956521739,2.927536231884058,0.5217391304347826,,36,67,69,0,0,0,0,202,,0,0,0,137.6086956521739,2.927536231884058,0.5217391304347826,,36,0,0,,,,,0,,,,,0,0,0,,0
"Collection","/collections/mini-sex-doll",60,66,1,0,0,0,148,,0.015151515151515152,0,0,76.86363636363636,2.242424242424242,0.5454545454545454,,36,60,66,1,0,0,0,148,,0.015151515151515152,0,0,76.86363636363636,2.242424242424242,0.5454545454545454,,36,0,0,0,,,,0,,0,,,0,0,0,,0
"Collection","/collections/torso-dildo",60,65,0,0,0,0,167,,0,0,0,185.53846153846155,2.5692307692307694,0.5384615384615384,,35,60,65,0,0,0,0,167,,0,0,0,185.53846153846155,2.5692307692307694,0.5384615384615384,,35,0,0,,,,,0,,,,,0,0,0,,0
"Product","/products/57-32lb-sex-doll-torso-with-life-size-ass-and-soft-skin-512-sex-doll-torso",63,64,0,0,0,0,176,,0,0,0,56.375,2.75,0.734375,,47,63,64,0,0,0,0,176,,0,0,0,56.375,2.75,0.734375,,47,0,0,,,,,0,,,,,0,0,0,,0
,"/ja/blogs/featured-blog/how-to-make-fake-pussy",63,64,0,0,0,0,77,,0,0,0,35.859375,1.203125,0.859375,,55,63,64,0,0,0,0,77,,0,0,0,35.859375,1.203125,0.859375,,55,0,0,,,,,0,,,,,0,0,0,,0
,"/en-ca",56,62,2,0,0,0,458,,0.03225806451612903,0,0,341.03225806451616,7.387096774193548,0.1774193548387097,,11,56,62,2,0,0,0,458,,0.03225806451612903,0,0,341.03225806451616,7.387096774193548,0.1774193548387097,,11,0,0,0,,,,0,,0,,,0,0,0,,0
"Collection","/collections/bbw-black-sex-doll",55,61,0,0,0,0,180,,0,0,0,200.14754098360655,2.9508196721311477,0.5737704918032787,,35,55,61,0,0,0,0,180,,0,0,0,200.14754098360655,2.9508196721311477,0.5737704918032787,,35,0,0,,,,,0,,,,,0,0,0,,0
"Collection","/collections/sex-doll-feet",58,59,0,0,0,0,109,,0,0,0,48.779661016949156,1.847457627118644,0.5932203389830508,,35,58,59,0,0,0,0,109,,0,0,0,48.779661016949156,1.847457627118644,0.5932203389830508,,35,0,0,,,,,0,,,,,0,0,0,,0
"Product","/products/599-83lb-sex-doll-torso-with-realistic-oversized-ass",57,58,0,0,0,0,211,,0,0,0,187.8793103448276,3.6379310344827585,0.6206896551724138,,36,57,58,0,0,0,0,211,,0,0,0,187.8793103448276,3.6379310344827585,0.6206896551724138,,36,0,0,,,,,0,,,,,0,0,0,,0
"Product","/products/t901-21-51lb-c-cup-7-08-dildo-electric-shemale-big-penis-male-female-sex-doll-torso-adult-toys",58,58,0,0,0,0,58,,0,0,0,0,1,1,,58,58,58,0,0,0,0,58,,0,0,0,0,1,1,,58,0,0,,,,,0,,,,,,0,0,,0
"Collection","/collections/ros-sex-doll-heads-1",54,56,1,0,0,0,237,,0.017857142857142856,0,0,193.17857142857142,4.232142857142857,0.48214285714285715,,27,54,56,1,0,0,0,237,,0.017857142857142856,0,0,193.17857142857142,4.232142857142857,0.48214285714285715,,27,0,0,0,,,,0,,0,,,0,0,0,,0
,"/en-ca/collections/celebrity-sex-dolls",54,56,0,0,0,0,210,,0,0,0,135.98214285714286,3.75,0.4107142857142857,,23,54,56,0,0,0,0,210,,0,0,0,135.98214285714286,3.75,0.4107142857142857,,23,0,0,,,,,0,,,,,0,0,0,,0
"Collection","/collections/silicone-pocket-pussy",54,55,2,1,0,0,127,0,0.03636363636363636,0.01818181818181818,0,80.58181818181818,2.309090909090909,0.6727272727272727,0,37,54,55,2,1,0,0,127,0,0.03636363636363636,0.01818181818181818,0,80.58181818181818,2.309090909090909,0.6727272727272727,0,37,0,0,0,0,,,0,,0,0,,0,0,0,,0
"Blog Article","/blogs/dolls-info-qustions/how-to-titty-fuck-experience-the-ultimate-pleasure-with-a-huge-breast-sex-doll",51,52,0,0,0,0,85,,0,0,0,36.86538461538461,1.6346153846153846,0.8461538461538461,,44,51,52,0,0,0,0,85,,0,0,0,36.86538461538461,1.6346153846153846,0.8461538461538461,,44,0,0,,,,,0,,,,,0,0,0,,0
"Collection","/collections/onahole",48,50,1,1,0,0,93,0,0.02,0.02,0,25.66,1.86,0.64,0,32,48,50,1,1,0,0,93,0,0.02,0.02,0,25.66,1.86,0.64,0,32,0,0,0,0,,,0,,0,0,,0,0,0,,0
,"/en-ca/collections/all",48,48,0,0,0,0,142,,0,0,0,73.64583333333333,2.9583333333333335,0.4166666666666667,,20,48,48,0,0,0,0,142,,0,0,0,73.64583333333333,2.9583333333333335,0.4166666666666667,,20,0,0,,,,,0,,,,,0,0,0,,0
,"/en-ca/collections/sex-doll-head",47,48,1,0,0,0,286,,0.020833333333333332,0,0,195.64583333333334,5.958333333333333,0.16666666666666666,,8,47,48,1,0,0,0,286,,0.020833333333333332,0,0,195.64583333333334,5.958333333333333,0.16666666666666666,,8,0,0,0,,,,0,,0,,,0,0,0,,0
,"/en-fi/blogs/featured-blog/how-to-make-fake-pussy",47,47,0,0,0,0,52,,0,0,0,28.085106382978722,1.1063829787234043,0.8936170212765957,,42,47,47,0,0,0,0,52,,0,0,0,28.085106382978722,1.1063829787234043,0.8936170212765957,,42,0,0,,,,,0,,,,,0,0,0,,0
,"/en-ca/collections/full-doll",46,47,0,0,0,0,256,,0,0,0,192.40425531914894,5.446808510638298,0.3617021276595745,,17,46,47,0,0,0,0,256,,0,0,0,192.40425531914894,5.446808510638298,0.3617021276595745,,17,0,0,,,,,0,,,,,0,0,0,,0
,"/en-ca/collections/robotic-sex-doll",45,47,0,0,0,0,204,,0,0,0,251.36170212765958,4.340425531914893,0.5106382978723404,,24,45,47,0,0,0,0,204,,0,0,0,251.36170212765958,4.340425531914893,0.5106382978723404,,24,0,0,,,,,0,,,,,0,0,0,,0
"Blog Article","/blogs/dolls-info-qustions/gentlemans-paradise-exploring-nsfw-anime-figures-and-sex-dolls",44,46,0,0,0,0,100,,0,0,0,61.391304347826086,2.1739130434782608,0.7391304347826086,,34,44,46,0,0,0,0,100,,0,0,0,61.391304347826086,2.1739130434782608,0.7391304347826086,,34,0,0,,,,,0,,,,,0,0,0,,0
"Collection","/collections/life-size-anime-sex-doll",45,45,0,0,0,0,208,,0,0,0,206.15555555555557,4.622222222222222,0.4222222222222222,,19,45,45,0,0,0,0,208,,0,0,0,206.15555555555557,4.622222222222222,0.4222222222222222,,19,0,0,,,,,0,,,,,0,0,0,,0
"Collection","/collections/chinese-sex-doll",43,44,0,0,0,0,96,,0,0,0,57.29545454545455,2.1818181818181817,0.6818181818181818,,30,43,44,0,0,0,0,96,,0,0,0,57.29545454545455,2.1818181818181817,0.6818181818181818,,30,0,0,,,,,0,,,,,0,0,0,,0
"Collection","/collections/life-size-shemale-sex-doll",43,44,0,0,0,0,151,,0,0,0,190.22727272727272,3.4318181818181817,0.4090909090909091,,18,43,44,0,0,0,0,151,,0,0,0,190.22727272727272,3.4318181818181817,0.4090909090909091,,18,0,0,,,,,0,,,,,0,0,0,,0
"Product","/products/a499-bbw-big-booty-silicone-sex-doll-torso",34,43,1,0,0,0,74,,0.023255813953488372,0,0,72.18604651162791,1.7209302325581395,0.7209302325581395,,31,34,43,1,0,0,0,74,,0.023255813953488372,0,0,72.18604651162791,1.7209302325581395,0.7209302325581395,,31,0,0,0,,,,0,,0,,,0,0,0,,0
"Collection","/collections/male-sex-doll",43,43,0,0,0,0,115,,0,0,0,108.02325581395348,2.6744186046511627,0.4418604651162791,,19,43,43,0,0,0,0,115,,0,0,0,108.02325581395348,2.6744186046511627,0.4418604651162791,,19,0,0,,,,,0,,,,,0,0,0,,0
"Blog Article","/blogs/dolls-info-qustions/why-do-men-like-to-have-sex-with-bigass-women",40,42,0,0,0,0,50,,0,0,0,11.595238095238095,1.1904761904761905,0.9285714285714286,,39,40,42,0,0,0,0,50,,0,0,0,11.595238095238095,1.1904761904761905,0.9285714285714286,,39,0,0,,,,,0,,,,,0,0,0,,0
"Collection","/collections/alien-sex-dolls",40,42,1,0,0,0,212,,0.023809523809523808,0,0,297.26190476190476,5.0476190476190474,0.47619047619047616,,20,40,42,1,0,0,0,212,,0.023809523809523808,0,0,297.26190476190476,5.0476190476190474,0.47619047619047616,,20,0,0,0,,,,0,,0,,,0,0,0,,0
"Collection","/collections/ai-sex-doll",41,41,1,0,0,0,114,,0.024390243902439025,0,0,89.7560975609756,2.7804878048780486,0.6585365853658537,,27,41,41,1,0,0,0,114,,0.024390243902439025,0,0,89.7560975609756,2.7804878048780486,0.6585365853658537,,27,0,0,0,,,,0,,0,,,0,0,0,,0
"Collection","/collections/life-sized-sex-doll",38,40,0,0,0,0,124,,0,0,0,223.775,3.1,0.5,,20,38,40,0,0,0,0,124,,0,0,0,223.775,3.1,0.5,,20,0,0,,,,,0,,,,,0,0,0,,0
"Collection","/collections/cheap-sex-doll",40,40,1,1,0,0,169,0,0.025,0.025,0,250.75,4.225,0.425,0,17,40,40,1,1,0,0,169,0,0.025,0.025,0,250.75,4.225,0.425,0,17,0,0,0,0,,,0,,0,0,,0,0,0,,0
,"/en-ca/collections/anime-sex-doll",39,39,0,0,0,0,135,,0,0,0,94.35897435897436,3.4615384615384617,0.4358974358974359,,17,39,39,0,0,0,0,135,,0,0,0,94.35897435897436,3.4615384615384617,0.4358974358974359,,17,0,0,,,,,0,,,,,0,0,0,,0
,"/de/collections/futa-sex-doll",38,38,0,0,0,0,100,,0,0,0,115.10526315789474,2.6315789473684212,0.5789473684210527,,22,38,38,0,0,0,0,100,,0,0,0,115.10526315789474,2.6315789473684212,0.5789473684210527,,22,0,0,,,,,0,,,,,0,0,0,,0
,"/en-ca/collections/fake-ass-sex-toy",37,38,0,0,0,0,106,,0,0,0,118.92105263157895,2.789473684210526,0.47368421052631576,,18,37,38,0,0,0,0,106,,0,0,0,118.92105263157895,2.789473684210526,0.47368421052631576,,18,0,0,,,,,0,,,,,0,0,0,,0
,"/en-ca/collections/vajankle-foot-fetish-toys",36,37,1,0,0,0,135,,0.02702702702702703,0,0,102.8108108108108,3.6486486486486487,0.43243243243243246,,16,36,37,1,0,0,0,135,,0.02702702702702703,0,0,102.8108108108108,3.6486486486486487,0.43243243243243246,,16,0,0,0,,,,0,,0,,,0,0,0,,0
"Collection","/collections/sex-doll-legs",35,35,1,0,0,0,134,,0.02857142857142857,0,0,128.62857142857143,3.8285714285714287,0.37142857142857144,,13,35,35,1,0,0,0,134,,0.02857142857142857,0,0,128.62857142857143,3.8285714285714287,0.37142857142857144,,13,0,0,0,,,,0,,0,,,0,0,0,,0
"Collection","/collections/black-male-sex-doll",35,35,0,0,0,0,84,,0,0,0,133.54285714285714,2.4,0.5428571428571428,,19,35,35,0,0,0,0,84,,0,0,0,133.54285714285714,2.4,0.5428571428571428,,19,0,0,,,,,0,,,,,0,0,0,,0
"Collection","/collections/young-male-sex-doll",35,35,0,0,0,0,66,,0,0,0,47.91428571428571,1.8857142857142857,0.7428571428571429,,26,35,35,0,0,0,0,66,,0,0,0,47.91428571428571,1.8857142857142857,0.7428571428571429,,26,0,0,,,,,0,,,,,0,0,0,,0
"Collection","/collections/under-1000-full-doll",32,35,1,0,0,0,132,,0.02857142857142857,0,0,157.82857142857142,3.7714285714285714,0.5142857142857142,,18,32,35,1,0,0,0,132,,0.02857142857142857,0,0,157.82857142857142,3.7714285714285714,0.5142857142857142,,18,0,0,0,,,,0,,0,,,0,0,0,,0
"Collection","/collections/fake-pussy-hentai-sex-doll",35,35,0,0,0,0,94,,0,0,0,60.628571428571426,2.6857142857142855,0.6285714285714286,,22,35,35,0,0,0,0,94,,0,0,0,60.628571428571426,2.6857142857142855,0.6285714285714286,,22,0,0,,,,,0,,,,,0,0,0,,0
"Collection","/collections/naked-sex-doll",35,35,0,0,0,0,161,,0,0,0,165.14285714285714,4.6,0.3142857142857143,,11,35,35,0,0,0,0,161,,0,0,0,165.14285714285714,4.6,0.3142857142857143,,11,0,0,,,,,0,,,,,0,0,0,,0
"Blog Article","/blogs/real-sex-doll-reviews-pros-cons-real-usage-tests/2026-meru-hentai-sex-doll-review-comprehensive-comparison-of-4-hot-models",33,34,0,0,0,0,50,,0,0,0,31.88235294117647,1.4705882352941178,0.7647058823529411,,26,33,34,0,0,0,0,50,,0,0,0,31.88235294117647,1.4705882352941178,0.7647058823529411,,26,0,0,,,,,0,,,,,0,0,0,,0
"Collection","/collections/mini-hentai-sex-doll",33,33,0,0,0,0,103,,0,0,0,161.45454545454547,3.121212121212121,0.42424242424242425,,14,33,33,0,0,0,0,103,,0,0,0,161.45454545454547,3.121212121212121,0.42424242424242425,,14,0,0,,,,,0,,,,,0,0,0,,0
"Collection","/collections/petite-sex-doll",32,33,0,0,0,0,230,,0,0,0,287.1515151515151,6.96969696969697,0.5757575757575758,,19,32,33,0,0,0,0,230,,0,0,0,287.1515151515151,6.96969696969697,0.5757575757575758,,19,0,0,,,,,0,,,,,0,0,0,,0
"Collection","/collections/foot-pocket-pussy",32,32,1,1,0,0,73,0,0.03125,0.03125,0,71.8125,2.28125,0.59375,0,19,32,32,1,1,0,0,73,0,0.03125,0.03125,0,71.8125,2.28125,0.59375,0,19,0,0,0,0,,,0,,0,0,,0,0,0,,0
"Blog Article","/blogs/dolls-info-qustions/%F0%9F%94%A5-top-5-most-popular-big-butt-chubby-belly-curvy-body-pornstar-style-sex-dolls-in-2025-%F0%9F%94%A5",32,32,0,0,0,0,37,,0,0,0,6.03125,1.15625,0.90625,,29,32,32,0,0,0,0,37,,0,0,0,6.03125,1.15625,0.90625,,29,0,0,,,,,0,,,,,0,0,0,,0
"Blog Article","/blogs/dolls-info-qustions/shocking-in-depth-review-of-naimi-1-1-celebrity-sex-doll",31,31,0,0,0,0,70,,0,0,0,60.16129032258065,2.2580645161290325,0.6774193548387096,,21,31,31,0,0,0,0,70,,0,0,0,60.16129032258065,2.2580645161290325,0.6774193548387096,,21,0,0,,,,,0,,,,,0,0,0,,0
"Custom Page","/pages/full-doll",31,31,1,0,0,0,204,,0.03225806451612903,0,0,135.4516129032258,6.580645161290323,0.3225806451612903,,10,31,31,1,0,0,0,204,,0.03225806451612903,0,0,135.4516129032258,6.580645161290323,0.3225806451612903,,10,0,0,0,,,,0,,0,,,0,0,0,,0
"Blog Article","/blogs/dolls-info-qustions/what-weight-of-butt-torso-sex-dolls-is-most-suitable",27,30,0,0,0,0,56,,0,0,0,191.03333333333333,1.8666666666666667,0.4666666666666667,,14,27,30,0,0,0,0,56,,0,0,0,191.03333333333333,1.8666666666666667,0.4666666666666667,,14,0,0,,,,,0,,,,,0,0,0,,0
,"/products_preview",13,30,0,0,0,0,63,,0,0,0,472.53333333333336,2.1,0.5666666666666667,,17,13,30,0,0,0,0,63,,0,0,0,472.53333333333336,2.1,0.5666666666666667,,17,0,0,,,,,0,,,,,0,0,0,,0
,"/en-ca/blogs/featured-blog/how-to-diy-an-sex-doll-you",28,29,0,0,0,0,45,,0,0,0,38.58620689655172,1.5517241379310345,0.8620689655172413,,25,28,29,0,0,0,0,45,,0,0,0,38.58620689655172,1.5517241379310345,0.8620689655172413,,25,0,0,,,,,0,,,,,0,0,0,,0
"Collection","/collections/halloween-sex-doll",28,29,0,0,0,0,145,,0,0,0,188.72413793103448,5,0.3793103448275862,,11,28,29,0,0,0,0,145,,0,0,0,188.72413793103448,5,0.3793103448275862,,11,0,0,,,,,0,,,,,0,0,0,,0
"List of Collections","/collections/vendors",27,29,0,0,0,0,136,,0,0,0,144.41379310344828,4.689655172413793,0.4482758620689655,,13,27,29,0,0,0,0,136,,0,0,0,144.41379310344828,4.689655172413793,0.4482758620689655,,13,0,0,,,,,0,,,,,0,0,0,,0
,"/en-ca/collections/flat-chest-sex-doll",22,28,1,0,0,0,152,,0.03571428571428571,0,0,463.0357142857143,5.428571428571429,0.39285714285714285,,11,22,28,1,0,0,0,152,,0.03571428571428571,0,0,463.0357142857143,5.428571428571429,0.39285714285714285,,11,0,0,0,,,,0,,0,,,0,0,0,,0
,"/en-ca/blogs/featured-blog/how-to-make-fake-pussy",26,27,0,0,0,0,38,,0,0,0,38.51851851851852,1.4074074074074074,0.8888888888888888,,24,26,27,0,0,0,0,38,,0,0,0,38.51851851851852,1.4074074074074074,0.8888888888888888,,24,0,0,,,,,0,,,,,0,0,0,,0
"Collection","/collections/monster-hentai-sex-doll",27,27,0,0,0,0,107,,0,0,0,199.92592592592592,3.962962962962963,0.48148148148148145,,13,27,27,0,0,0,0,107,,0,0,0,199.92592592592592,3.962962962962963,0.48148148148148145,,13,0,0,,,,,0,,,,,0,0,0,,0
,"/en-ca/collections/furry-sex-doll",26,27,1,1,0,0,89,0,0.037037037037037035,0.037037037037037035,0,179.07407407407408,3.2962962962962963,0.4444444444444444,0,12,26,27,1,1,0,0,89,0,0.037037037037037035,0.037037037037037035,0,179.07407407407408,3.2962962962962963,0.4444444444444444,0,12,0,0,0,0,,,0,,0,0,,0,0,0,,0
"Blog Article","/blogs/dolls-info-qustions/how-to-deal-with-stuck-joints-in-sex-dolls-professional-repair-and-maintenance-guide",26,26,0,0,0,0,48,,0,0,0,14,1.8461538461538463,0.15384615384615385,,4,26,26,0,0,0,0,48,,0,0,0,14,1.8461538461538463,0.15384615384615385,,4,0,0,,,,,0,,,,,0,0,0,,0
"Collection","/collections/silicone-sex-dolls",23,25,0,0,0,0,78,,0,0,0,173.48,3.12,0.56,,14,23,25,0,0,0,0,78,,0,0,0,173.48,3.12,0.56,,14,0,0,,,,,0,,,,,0,0,0,,0
,"/en-ca/collections/femboys-sex-doll",25,25,0,0,0,0,61,,0,0,0,55.72,2.44,0.48,,12,25,25,0,0,0,0,61,,0,0,0,55.72,2.44,0.48,,12,0,0,,,,,0,,,,,0,0,0,,0
,"/de/collections/shemale-sex-doll",24,25,0,0,0,0,57,,0,0,0,67.08,2.28,0.6,,15,24,25,0,0,0,0,57,,0,0,0,67.08,2.28,0.6,,15,0,0,,,,,0,,,,,0,0,0,,0
"Collection","/collections/sex-doll-anal",25,25,0,0,0,0,42,,0,0,0,47.68,1.68,0.8,,20,25,25,0,0,0,0,42,,0,0,0,47.68,1.68,0.8,,20,0,0,,,,,0,,,,,0,0,0,,0
"Collection","/collections/bbw-latina-sex-doll",24,24,1,0,0,0,53,,0.041666666666666664,0,0,103.08333333333333,2.2083333333333335,0.5,,12,24,24,1,0,0,0,53,,0.041666666666666664,0,0,103.08333333333333,2.2083333333333335,0.5,,12,0,0,0,,,,0,,0,,,0,0,0,,0
"Collection","/collections/electric-sex-doll-head",21,24,0,0,0,0,93,,0,0,0,245.20833333333334,3.875,0.4583333333333333,,11,21,24,0,0,0,0,93,,0,0,0,245.20833333333334,3.875,0.4583333333333333,,11,0,0,,,,,0,,,,,0,0,0,,0
"Product","/products/a664-37-5lb-silicone-butt-sexy-and-real-realistic-big-ass-sex-doll-torso",18,24,0,0,0,0,75,,0,0,0,84.54166666666667,3.125,0.5833333333333334,,14,18,24,0,0,0,0,75,,0,0,0,84.54166666666667,3.125,0.5833333333333334,,14,0,0,,,,,0,,,,,0,0,0,,0
"Collection","/collections/s-tpe-doll",22,24,0,0,0,0,78,,0,0,0,118.875,3.25,0.5416666666666666,,13,22,24,0,0,0,0,78,,0,0,0,118.875,3.25,0.5416666666666666,,13,0,0,,,,,0,,,,,0,0,0,,0
"Blog Article","/blogs/dolls-info-qustions/what-s-it-really-like-to-have-sex-nbsp-with-a-sex-doll",23,23,0,0,0,0,40,,0,0,0,51.47826086956522,1.7391304347826086,0.9565217391304348,,22,23,23,0,0,0,0,40,,0,0,0,51.47826086956522,1.7391304347826086,0.9565217391304348,,22,0,0,,,,,0,,,,,0,0,0,,0
"Collection","/collections/fantasy-sex-dolls",18,23,0,0,0,0,62,,0,0,0,111.65217391304348,2.6956521739130435,0.6086956521739131,,14,18,23,0,0,0,0,62,,0,0,0,111.65217391304348,2.6956521739130435,0.6086956521739131,,14,0,0,,,,,0,,,,,0,0,0,,0
"Collection","/collections/bbw-ass-torso",23,23,0,0,0,0,72,,0,0,0,150,3.130434782608696,0.5652173913043478,,13,23,23,0,0,0,0,72,,0,0,0,150,3.130434782608696,0.5652173913043478,,13,0,0,,,,,0,,,,,0,0,0,,0
,"/de/blogs/dolls-info-qustions/gentlemans-paradise-exploring-nsfw-anime-figures-and-sex-dolls",22,22,0,0,0,0,83,,0,0,0,115.5909090909091,3.772727272727273,0.7272727272727273,,16,22,22,0,0,0,0,83,,0,0,0,115.5909090909091,3.772727272727273,0.7272727272727273,,16,0,0,,,,,0,,,,,0,0,0,,0
"Collection","/collections/hentai-sex-dolls-connecting-fantasy-to-reality",22,22,0,0,0,0,36,,0,0,0,214.45454545454547,1.6363636363636365,0.7272727272727273,,16,22,22,0,0,0,0,36,,0,0,0,214.45454545454547,1.6363636363636365,0.7272727272727273,,16,0,0,,,,,0,,,,,0,0,0,,0
"Blog Article","/blogs/dolls-info-qustions/vaginal-and-anal-design-of-life-size-sex-dolls",22,22,0,0,0,0,52,,0,0,0,57.22727272727273,2.3636363636363638,0.8181818181818182,,18,22,22,0,0,0,0,52,,0,0,0,57.22727272727273,2.3636363636363638,0.8181818181818182,,18,0,0,,,,,0,,,,,0,0,0,,0
"Collection","/collections/japanese-anime-sex-doll",21,22,0,0,0,0,36,,0,0,0,72.9090909090909,1.6363636363636365,0.5909090909090909,,13,21,22,0,0,0,0,36,,0,0,0,72.9090909090909,1.6363636363636365,0.5909090909090909,,13,0,0,,,,,0,,,,,0,0,0,,0
"Collection","/collections/bezlya",21,22,0,0,0,0,114,,0,0,0,194.3181818181818,5.181818181818182,0.3181818181818182,,7,21,22,0,0,0,0,114,,0,0,0,194.3181818181818,5.181818181818182,0.3181818181818182,,7,0,0,,,,,0,,,,,0,0,0,,0
"Collection","/collections/bbw-milf-sex-doll",20,21,0,0,0,0,98,,0,0,0,179.14285714285714,4.666666666666667,0.14285714285714285,,3,20,21,0,0,0,0,98,,0,0,0,179.14285714285714,4.666666666666667,0.14285714285714285,,3,0,0,,,,,0,,,,,0,0,0,,0
,"/en-ca/collections/shemale-sex-doll-torso-1",20,21,0,0,0,0,73,,0,0,0,176.1904761904762,3.4761904761904763,0.42857142857142855,,9,20,21,0,0,0,0,73,,0,0,0,176.1904761904762,3.4761904761904763,0.42857142857142855,,9,0,0,,,,,0,,,,,0,0,0,,0
"Custom Page","/pages/torso-sex-doll-videos",20,20,0,0,0,0,46,,0,0,0,28.6,2.3,0.7,,14,20,20,0,0,0,0,46,,0,0,0,28.6,2.3,0.7,,14,0,0,,,,,0,,,,,0,0,0,,0
"Cart","/cart",15,20,6,2,1,0.05,199,0.5,0.3,0.1,1,686.65,9.95,0.25,0,5,15,20,6,2,1,0.05,199,0.5,0.3,0.1,1,686.65,9.95,0.25,0,5,0,0,0,0,0,0,0,0,0,0,0,0,0,0,,0
"Collection","/collections/life-size-ass",19,20,0,0,0,0,59,,0,0,0,142.05,2.95,0.45,,9,19,20,0,0,0,0,59,,0,0,0,142.05,2.95,0.45,,9,0,0,,,,,0,,,,,0,0,0,,0
"Collection","/collections/torso-sex-doll-with-gel-breasts",20,20,0,0,0,0,52,,0,0,0,79.65,2.6,0.45,,9,20,20,0,0,0,0,52,,0,0,0,79.65,2.6,0.45,,9,0,0,,,,,0,,,,,0,0,0,,0
"Product","/collections/sex-doll-torso/products/591sex-doll-torso",18,19,0,0,0,0,72,,0,0,0,151.3684210526316,3.789473684210526,0.2631578947368421,,5,18,19,0,0,0,0,72,,0,0,0,151.3684210526316,3.789473684210526,0.2631578947368421,,5,0,0,,,,,0,,,,,0,0,0,,0
"Blog Article","/blogs/dolls-info-qustions/safely-disposing-the-used-sex-dolls",15,19,0,0,0,0,25,,0,0,0,23.842105263157894,1.3157894736842106,0.8421052631578947,,16,15,19,0,0,0,0,25,,0,0,0,23.842105263157894,1.3157894736842106,0.8421052631578947,,16,0,0,,,,,0,,,,,0,0,0,,0
"Product","/products/f2455-164cm5-4ft-39kg-g-cup-life-size-silicone-head-sex-doll-in-stock-us-sigafun-doll",19,19,0,0,0,0,19,,0,0,0,0,1,1,,19,19,19,0,0,0,0,19,,0,0,0,0,1,1,,19,0,0,,,,,0,,,,,,0,0,,0
"Blog Article","/blogs/dolls-info-qustions/why-do-women-enjoy-anal-sex-5-honest-reasons-you-never-expected",19,19,0,0,0,0,28,,0,0,0,27.63157894736842,1.4736842105263157,0.7894736842105263,,15,19,19,0,0,0,0,28,,0,0,0,27.63157894736842,1.4736842105263157,0.7894736842105263,,15,0,0,,,,,0,,,,,0,0,0,,0
"Collection","/collections/torso-under-200",18,19,0,0,0,0,33,,0,0,0,28.105263157894736,1.736842105263158,0.6842105263157895,,13,18,19,0,0,0,0,33,,0,0,0,28.105263157894736,1.736842105263158,0.6842105263157895,,13,0,0,,,,,0,,,,,0,0,0,,0
"Collection","/collections/big-ass-sex-doll-torso",17,19,1,1,1,0.05263157894736842,39,1,0.05263157894736842,0.05263157894736842,1,90.63157894736842,2.0526315789473686,0.631578947368421,1,12,17,19,1,1,1,0.05263157894736842,39,1,0.05263157894736842,0.05263157894736842,1,90.63157894736842,2.0526315789473686,0.631578947368421,1,12,0,0,0,0,0,0,0,0,0,0,0,0,0,0,0,0
,"/en-ca/collections/sex-doll-torso-dildo-for-woman",19,19,0,0,0,0,59,,0,0,0,112.42105263157895,3.1052631578947367,0.5789473684210527,,11,19,19,0,0,0,0,59,,0,0,0,112.42105263157895,3.1052631578947367,0.5789473684210527,,11,0,0,,,,,0,,,,,0,0,0,,0
,"/de/collections/bbw-ass-torso",18,18,0,0,0,0,31,,0,0,0,43,1.7222222222222223,0.5555555555555556,,10,18,18,0,0,0,0,31,,0,0,0,43,1.7222222222222223,0.5555555555555556,,10,0,0,,,,,0,,,,,0,0,0,,0
"Product","/products/f5425-elsa-babe-hentai-anime-waifu-sex-dolls-silicone-head-150cm-27-5kg",14,18,0,0,0,0,56,,0,0,0,142.83333333333334,3.111111111111111,0.6666666666666666,,12,14,18,0,0,0,0,56,,0,0,0,142.83333333333334,3.111111111111111,0.6666666666666666,,12,0,0,,,,,0,,,,,0,0,0,,0
"Collection","/collections/sex-doll-torso-with-head",15,17,0,0,0,0,106,,0,0,0,580.4117647058823,6.235294117647059,0.5882352941176471,,10,15,17,0,0,0,0,106,,0,0,0,580.4117647058823,6.235294117647059,0.5882352941176471,,10,0,0,,,,,0,,,,,0,0,0,,0
"Collection","/collections/300-600",17,17,0,0,0,0,61,,0,0,0,251.7058823529412,3.588235294117647,0.47058823529411764,,8,17,17,0,0,0,0,61,,0,0,0,251.7058823529412,3.588235294117647,0.47058823529411764,,8,0,0,,,,,0,,,,,0,0,0,,0
,"/en-ca/collections/boob-job-sex-toys",17,17,0,0,0,0,36,,0,0,0,52.88235294117647,2.1176470588235294,0.5882352941176471,,10,17,17,0,0,0,0,36,,0,0,0,52.88235294117647,2.1176470588235294,0.5882352941176471,,10,0,0,,,,,0,,,,,0,0,0,,0
"Collection","/collections/ai-sex-dolls-list",17,17,0,0,0,0,32,,0,0,0,66.88235294117646,1.8823529411764706,0.7647058823529411,,13,17,17,0,0,0,0,32,,0,0,0,66.88235294117646,1.8823529411764706,0.7647058823529411,,13,0,0,,,,,0,,,,,0,0,0,,0
"Collection","/collections/top-cydoll",14,17,1,1,0,0,119,0,0.058823529411764705,0.058823529411764705,0,503.29411764705884,7,0.17647058823529413,0,3,14,17,1,1,0,0,119,0,0.058823529411764705,0.058823529411764705,0,503.29411764705884,7,0.17647058823529413,0,3,0,0,0,0,,,0,,0,0,,0,0,0,,0
"Custom Page","/pages/all-category",16,17,3,2,0,0,181,0,0.17647058823529413,0.11764705882352941,0,831.1764705882352,10.647058823529411,0.058823529411764705,0,1,16,17,3,2,0,0,181,0,0.17647058823529413,0.11764705882352941,0,831.1764705882352,10.647058823529411,0.058823529411764705,0,1,0,0,0,0,,,0,,0,0,,0,0,0,,0
"Collection","/collections/silicone-sex-doll-torso-love-torso-silicone-doll",14,17,1,0,0,0,101,,0.058823529411764705,0,0,375.7647058823529,5.9411764705882355,0.5294117647058824,,9,14,17,1,0,0,0,101,,0.058823529411764705,0,0,375.7647058823529,5.9411764705882355,0.5294117647058824,,9,0,0,0,,,,0,,0,,,0,0,0,,0
"Collection","/collections/black-pocket-pussy",16,16,0,0,0,0,29,,0,0,0,147.0625,1.8125,0.625,,10,16,16,0,0,0,0,29,,0,0,0,147.0625,1.8125,0.625,,10,0,0,,,,,0,,,,,0,0,0,,0
,"/en-ca/collections/futa-sex-doll",16,16,0,0,0,0,35,,0,0,0,70.0625,2.1875,0.4375,,7,16,16,0,0,0,0,35,,0,0,0,70.0625,2.1875,0.4375,,7,0,0,,,,,0,,,,,0,0,0,,0
"Collection","/collections/best-sellers-in-big-boobs",16,16,0,0,0,0,34,,0,0,0,26,2.125,0.5,,8,16,16,0,0,0,0,34,,0,0,0,26,2.125,0.5,,8,0,0,,,,,0,,,,,0,0,0,,0
"Collection","/collections/sucking-vagina-ai-sex-doll",14,16,0,0,0,0,48,,0,0,0,118.625,3,0.6875,,11,14,16,0,0,0,0,48,,0,0,0,118.625,3,0.6875,,11,0,0,,,,,0,,,,,0,0,0,,0
"Collection","/collections/hyper-realistic-sex-doll",16,16,0,0,0,0,114,,0,0,0,287.1875,7.125,0.375,,6,16,16,0,0,0,0,114,,0,0,0,287.1875,7.125,0.375,,6,0,0,,,,,0,,,,,0,0,0,,0
"Collection","/collections/sy-doll",12,16,0,0,0,0,62,,0,0,0,194.6875,3.875,0.25,,4,12,16,0,0,0,0,62,,0,0,0,194.6875,3.875,0.25,,4,0,0,,,,,0,,,,,0,0,0,,0
,"/de/collections/monster-hentai-sex-doll",15,15,0,0,0,0,37,,0,0,0,24.133333333333333,2.466666666666667,0.7333333333333333,,11,15,15,0,0,0,0,37,,0,0,0,24.133333333333333,2.466666666666667,0.7333333333333333,,11,0,0,,,,,0,,,,,0,0,0,,0
"Blog Article","/blogs/dolls-info-qustions/the-latest-sex-dolls-innovations-and-breakthroughs-in-2025",14,15,0,0,0,0,19,,0,0,0,40.46666666666667,1.2666666666666666,0.8666666666666667,,13,14,15,0,0,0,0,19,,0,0,0,40.46666666666667,1.2666666666666666,0.8666666666666667,,13,0,0,,,,,0,,,,,0,0,0,,0
,"/de/blogs/dolls-info-qustions/how-to-customize-a-big-booty-sex-doll-that-matches-your-fantasies",15,15,0,0,0,0,28,,0,0,0,11.733333333333333,1.8666666666666667,0.13333333333333333,,2,15,15,0,0,0,0,28,,0,0,0,11.733333333333333,1.8666666666666667,0.13333333333333333,,2,0,0,,,,,0,,,,,0,0,0,,0
"Collection","/collections/porn-celebrities",14,15,0,0,0,0,45,,0,0,0,112.73333333333333,3,0.6,,9,14,15,0,0,0,0,45,,0,0,0,112.73333333333333,3,0.6,,9,0,0,,,,,0,,,,,0,0,0,,0
"Collection","/collections/electric-pocket-pussy",15,15,0,0,0,0,43,,0,0,0,175.66666666666666,2.8666666666666667,0.5333333333333333,,8,15,15,0,0,0,0,43,,0,0,0,175.66666666666666,2.8666666666666667,0.5333333333333333,,8,0,0,,,,,0,,,,,0,0,0,,0
,"/de/collections/fake-pussy-fake-vagina-sex-toys",15,15,0,0,0,0,86,,0,0,0,225.4,5.733333333333333,0.6,,9,15,15,0,0,0,0,86,,0,0,0,225.4,5.733333333333333,0.6,,9,0,0,,,,,0,,,,,0,0,0,,0
"Collection","/collections/doll-castle",11,15,0,0,0,0,70,,0,0,0,321,4.666666666666667,0.2,,3,11,15,0,0,0,0,70,,0,0,0,321,4.666666666666667,0.2,,3,0,0,,,,,0,,,,,0,0,0,,0
"Collection","/collections/tpe-ass",15,15,0,0,0,0,42,,0,0,0,257.46666666666664,2.8,0.4666666666666667,,7,15,15,0,0,0,0,42,,0,0,0,257.46666666666664,2.8,0.4666666666666667,,7,0,0,,,,,0,,,,,0,0,0,,0
"Collection","/collections/8-9in-male-sex-doll",15,15,0,0,0,0,34,,0,0,0,86,2.2666666666666666,0.6666666666666666,,10,15,15,0,0,0,0,34,,0,0,0,86,2.2666666666666666,0.6666666666666666,,10,0,0,,,,,0,,,,,0,0,0,,0
"Collection","/collections/new-arrivals-robot-sex-dolls",15,15,1,0,0,0,30,,0.06666666666666667,0,0,165.86666666666667,2,0.6,,9,15,15,1,0,0,0,30,,0.06666666666666667,0,0,165.86666666666667,2,0.6,,9,0,0,0,,,,0,,0,,,0,0,0,,0
"Blog Article","/blogs/dolls-info-qustions/top-cydoll-auto-blowjob-function-game-changing-feature-now-live",13,14,1,1,0,0,39,0,0.07142857142857142,0.07142857142857142,0,211.14285714285714,2.7857142857142856,0.6428571428571429,0,9,13,14,1,1,0,0,39,0,0.07142857142857142,0.07142857142857142,0,211.14285714285714,2.7857142857142856,0.6428571428571429,0,9,0,0,0,0,,,0,,0,0,,0,0,0,,0
,"/ja/collections/male-sex-doll",3,14,0,0,0,0,19,,0,0,0,29.357142857142858,1.3571428571428572,0.7857142857142857,,11,3,14,0,0,0,0,19,,0,0,0,29.357142857142858,1.3571428571428572,0.7857142857142857,,11,0,0,,,,,0,,,,,0,0,0,,0
"Collection","/collections/mini-flat-chest-sex-doll",13,14,0,0,0,0,50,,0,0,0,87.28571428571429,3.5714285714285716,0.5714285714285714,,8,13,14,0,0,0,0,50,,0,0,0,87.28571428571429,3.5714285714285716,0.5714285714285714,,8,0,0,,,,,0,,,,,0,0,0,,0
"Blog Article","/blogs/dolls-info-qustions/have-sex-with-a-japnese-sex-doll",13,14,0,0,0,0,49,,0,0,0,305.42857142857144,3.5,0.7142857142857143,,10,13,14,0,0,0,0,49,,0,0,0,305.42857142857144,3.5,0.7142857142857143,,10,0,0,,,,,0,,,,,0,0,0,,0
"Blog Article","/blogs/dolls-info-qustions/5-things-to-know-before-trying-the-stand-and-carry-sexual-position",14,14,0,0,0,0,21,,0,0,0,22.785714285714285,1.5,0.5714285714285714,,8,14,14,0,0,0,0,21,,0,0,0,22.785714285714285,1.5,0.5714285714285714,,8,0,0,,,,,0,,,,,0,0,0,,0
"Product","/products/moonvale-silicone-furry-deer-170cm-f759",8,14,0,0,0,0,30,,0,0,0,55.285714285714285,2.142857142857143,0.5714285714285714,,8,8,14,0,0,0,0,30,,0,0,0,55.285714285714285,2.142857142857143,0.5714285714285714,,8,0,0,,,,,0,,,,,0,0,0,,0
"Collection","/collections/aitia",13,14,0,0,0,0,138,,0,0,0,203.57142857142858,9.857142857142858,0.21428571428571427,,3,13,14,0,0,0,0,138,,0,0,0,203.57142857142858,9.857142857142858,0.21428571428571427,,3,0,0,,,,,0,,,,,0,0,0,,0
"Product","/products/yeloly-silicone-doll-with-head-140cm-t775",1,14,0,0,0,0,15,,0,0,0,61.642857142857146,1.0714285714285714,0.9285714285714286,,13,1,14,0,0,0,0,15,,0,0,0,61.642857142857146,1.0714285714285714,0.9285714285714286,,13,0,0,,,,,0,,,,,0,0,0,,0
"Blog Article","/blogs/dolls-info-qustions/a-must-read-for-anime-fans-anime-futa-sex-dolls-bring-your-2d-fantasy-to-life",14,14,0,0,0,0,57,,0,0,0,177.57142857142858,4.071428571428571,0.7142857142857143,,10,14,14,0,0,0,0,57,,0,0,0,177.57142857142858,4.071428571428571,0.7142857142857143,,10,0,0,,,,,0,,,,,0,0,0,,0
,"/en-ca/collections/sex-doll-torso",14,14,2,0,0,0,150,,0.14285714285714285,0,0,588.1428571428571,10.714285714285714,0.35714285714285715,,5,14,14,2,0,0,0,150,,0.14285714285714285,0,0,588.1428571428571,10.714285714285714,0.35714285714285715,,5,0,0,0,,,,0,,0,,,0,0,0,,0
,"/en-ca/collections/shemale-sex-toy",14,14,0,0,0,0,29,,0,0,0,86.42857142857143,2.0714285714285716,0.7142857142857143,,10,14,14,0,0,0,0,29,,0,0,0,86.42857142857143,2.0714285714285716,0.7142857142857143,,10,0,0,,,,,0,,,,,0,0,0,,0
,"/en-ca/collections/naked-sex-doll",14,14,0,0,0,0,46,,0,0,0,161.78571428571428,3.2857142857142856,0.6428571428571429,,9,14,14,0,0,0,0,46,,0,0,0,161.78571428571428,3.2857142857142856,0.6428571428571429,,9,0,0,,,,,0,,,,,0,0,0,,0
"Collection","/collections/top-rated-japanese-sex-dolls-in-2026",13,13,0,0,0,0,53,,0,0,0,156.23076923076923,4.076923076923077,0.46153846153846156,,6,13,13,0,0,0,0,53,,0,0,0,156.23076923076923,4.076923076923077,0.46153846153846156,,6,0,0,,,,,0,,,,,0,0,0,,0
"Collection","/collections/shemale-sex-doll",13,13,0,0,0,0,33,,0,0,0,68.46153846153847,2.5384615384615383,0.23076923076923078,,3,13,13,0,0,0,0,33,,0,0,0,68.46153846153847,2.5384615384615383,0.23076923076923078,,3,0,0,,,,,0,,,,,0,0,0,,0
"Product","/products/f1964k-175cm5-7ft-e-cup-rachel-sex-doll-irontech-doll",3,13,0,0,0,0,13,,0,0,0,0,1,1,,13,3,13,0,0,0,0,13,,0,0,0,0,1,1,,13,0,0,,,,,0,,,,,,0,0,,0
,"/de/collections/huge-breast-torso-sex-doll",10,13,0,0,0,0,50,,0,0,0,170.53846153846155,3.8461538461538463,0.3076923076923077,,4,10,13,0,0,0,0,50,,0,0,0,170.53846153846155,3.8461538461538463,0.3076923076923077,,4,0,0,,,,,0,,,,,0,0,0,,0
"Search","/search",11,13,0,0,0,0,111,,0,0,0,499.7692307692308,8.538461538461538,0.15384615384615385,,2,11,13,0,0,0,0,111,,0,0,0,499.7692307692308,8.538461538461538,0.15384615384615385,,2,0,0,,,,,0,,,,,0,0,0,,0
"Blog Article","/blogs/dolls-info-qustions/discover-the-secrets-of-the-vagina",13,13,0,0,0,0,14,,0,0,0,5.384615384615385,1.0769230769230769,0.9230769230769231,,12,13,13,0,0,0,0,14,,0,0,0,5.384615384615385,1.0769230769230769,0.9230769230769231,,12,0,0,,,,,0,,,,,0,0,0,,0
"Collection","/collections/huge-breast-torso-sex-doll",13,13,0,0,0,0,86,,0,0,0,192.15384615384616,6.615384615384615,0.6923076923076923,,9,13,13,0,0,0,0,86,,0,0,0,192.15384615384616,6.615384615384615,0.6923076923076923,,9,0,0,,,,,0,,,,,0,0,0,,0
"Blog Article","/blogs/dolls-info-qustions/foot-fetish-uncovered-10-types-of-foot-fetish-3-must-have-foot-fetish-toys",13,13,0,0,0,0,16,,0,0,0,6.384615384615385,1.2307692307692308,0.8461538461538461,,11,13,13,0,0,0,0,16,,0,0,0,6.384615384615385,1.2307692307692308,0.8461538461538461,,11,0,0,,,,,0,,,,,0,0,0,,0
,"/de/collections/silicone-pocket-pussy",12,12,0,0,0,0,21,,0,0,0,40.833333333333336,1.75,0.5833333333333334,,7,12,12,0,0,0,0,21,,0,0,0,40.833333333333336,1.75,0.5833333333333334,,7,0,0,,,,,0,,,,,0,0,0,,0
"Blog Article","/blogs/sex-doll-torso-blog/fake-pussy-why-men-choose",12,12,0,0,0,0,12,,0,0,0,0,1,1,,12,12,12,0,0,0,0,12,,0,0,0,0,1,1,,12,0,0,,,,,0,,,,,,0,0,,0
"Product","/products/f5945-155mcm5-1ft-40kg-2-0-g-cup-asian-anime-silicone-head-chinese-sex-doll-bezlya-doll",1,12,0,0,0,0,12,,0,0,0,0,1,1,,12,1,12,0,0,0,0,12,,0,0,0,0,1,1,,12,0,0,,,,,0,,,,,,0,0,,0
"Blog Article","/blogs/dolls-info-qustions/which-condoms-can-be-used-with-18s-sex-dolls",12,12,0,0,0,0,14,,0,0,0,19.416666666666668,1.1666666666666667,0.8333333333333334,,10,12,12,0,0,0,0,14,,0,0,0,19.416666666666668,1.1666666666666667,0.8333333333333334,,10,0,0,,,,,0,,,,,0,0,0,,0
"Collection","/collections/firefly-diary",12,12,0,0,0,0,34,,0,0,0,185.91666666666666,2.8333333333333335,0.4166666666666667,,5,12,12,0,0,0,0,34,,0,0,0,185.91666666666666,2.8333333333333335,0.4166666666666667,,5,0,0,,,,,0,,,,,0,0,0,,0
"Collection","/collections/teen-sex-dolls",12,12,0,0,0,0,16,,0,0,0,33.083333333333336,1.3333333333333333,0.8333333333333334,,10,12,12,0,0,0,0,16,,0,0,0,33.083333333333336,1.3333333333333333,0.8333333333333334,,10,0,0,,,,,0,,,,,0,0,0,,0
"Product","/products/t681-61lbbig-boots-sex-doll-torso",12,12,0,0,0,0,17,,0,0,0,70.08333333333333,1.4166666666666667,0.75,,9,12,12,0,0,0,0,17,,0,0,0,70.08333333333333,1.4166666666666667,0.75,,9,0,0,,,,,0,,,,,0,0,0,,0
"Product","/products/notye-silicone-with-head-75lbs-158cm-t780",7,12,0,0,0,0,32,,0,0,0,109.58333333333333,2.6666666666666665,0.6666666666666666,,8,7,12,0,0,0,0,32,,0,0,0,109.58333333333333,2.6666666666666665,0.6666666666666666,,8,0,0,,,,,0,,,,,0,0,0,,0
"Collection","/collections/anime-cosplay-sex-doll",12,12,0,0,0,0,30,,0,0,0,75.41666666666667,2.5,0.5833333333333334,,7,12,12,0,0,0,0,30,,0,0,0,75.41666666666667,2.5,0.5833333333333334,,7,0,0,,,,,0,,,,,0,0,0,,0
"Blog Article","/blogs/dolls-info-qustions/why-do-men-love-sucking-breasts-reasons-revealed-busty-sex-doll-recommendations",12,12,0,0,0,0,15,,0,0,0,24.333333333333332,1.25,0.9166666666666666,,11,12,12,0,0,0,0,15,,0,0,0,24.333333333333332,1.25,0.9166666666666666,,11,0,0,,,,,0,,,,,0,0,0,,0
"Product","/products/p103-5-28lb-strong-suction-cup-silicone-hentai-male-mini-sex-doll-with-dildo-tayuta",3,11,0,0,0,0,15,,0,0,0,262.8181818181818,1.3636363636363635,0.6363636363636364,,7,3,11,0,0,0,0,15,,0,0,0,262.8181818181818,1.3636363636363635,0.6363636363636364,,7,0,0,,,,,0,,,,,0,0,0,,0
"Blog Article","/blogs/dolls-info-qustions/2025-best-furry-sex-doll-picks-your-fantasy-comes-to-life",11,11,0,0,0,0,26,,0,0,0,45.81818181818182,2.3636363636363638,0.5454545454545454,,6,11,11,0,0,0,0,26,,0,0,0,45.81818181818182,2.3636363636363638,0.5454545454545454,,6,0,0,,,,,0,,,,,0,0,0,,0
"Collection","/collections/md-doll",9,11,1,0,0,0,39,,0.09090909090909091,0,0,162.63636363636363,3.5454545454545454,0.18181818181818182,,2,9,11,1,0,0,0,39,,0.09090909090909091,0,0,162.63636363636363,3.5454545454545454,0.18181818181818182,,2,0,0,0,,,,0,,0,,,0,0,0,,0
"Blog Article","/blogs/dolls-info-qustions/%F0%9F%94%A5-2025-best-fake-ass-sex-toy-recommendations-6-ultra-realistic-big-booty-dolls-for-ultimate-pleasure",11,11,0,0,0,0,35,,0,0,0,205.9090909090909,3.1818181818181817,0.5454545454545454,,6,11,11,0,0,0,0,35,,0,0,0,205.9090909090909,3.1818181818181817,0.5454545454545454,,6,0,0,,,,,0,,,,,0,0,0,,0
"Blog Article","/blogs/featured-blog/best-torso-sex-doll-brands-of-2026",11,11,0,0,0,0,61,,0,0,0,317.8181818181818,5.545454545454546,0.36363636363636365,,4,11,11,0,0,0,0,61,,0,0,0,317.8181818181818,5.545454545454546,0.36363636363636365,,4,0,0,,,,,0,,,,,0,0,0,,0
"Product","/products/b43-silicone-sex-doll-big-boobs-torso-gel-breasts",11,11,0,0,0,0,20,,0,0,0,54.81818181818182,1.8181818181818181,0.9090909090909091,,10,11,11,0,0,0,0,20,,0,0,0,54.81818181818182,1.8181818181818181,0.9090909090909091,,10,0,0,,,,,0,,,,,0,0,0,,0
"Collection","/collections/pocket-pussy",11,11,1,1,0,0,40,0,0.09090909090909091,0.09090909090909091,0,105.45454545454545,3.6363636363636362,0.6363636363636364,0,7,11,11,1,1,0,0,40,0,0.09090909090909091,0.09090909090909091,0,105.45454545454545,3.6363636363636362,0.6363636363636364,0,7,0,0,0,0,,,0,,0,0,,0,0,0,,0
,"/en-ca/collections/18s-sex-doll",11,11,0,0,0,0,41,,0,0,0,54.54545454545455,3.727272727272727,0.5454545454545454,,6,11,11,0,0,0,0,41,,0,0,0,54.54545454545455,3.727272727272727,0.5454545454545454,,6,0,0,,,,,0,,,,,0,0,0,,0
"Product","/products/f1276-166cm-37-5kg-d-cup-misa-asian-silicone-sex-doll-in-stock-usa-irontech-doll",1,11,0,0,0,0,11,,0,0,0,0,1,1,,11,1,11,0,0,0,0,11,,0,0,0,0,1,1,,11,0,0,,,,,0,,,,,,0,0,,0
,"/en-ca/collections/vibrating-sex-doll-torso",11,11,0,0,0,0,16,,0,0,0,30,1.4545454545454546,0.7272727272727273,,8,11,11,0,0,0,0,16,,0,0,0,30,1.4545454545454546,0.7272727272727273,,8,0,0,,,,,0,,,,,0,0,0,,0
,"/en-ca/collections/black-torso-sex-dolls",11,11,0,0,0,0,26,,0,0,0,214.54545454545453,2.3636363636363638,0.36363636363636365,,4,11,11,0,0,0,0,26,,0,0,0,214.54545454545453,2.3636363636363638,0.36363636363636365,,4,0,0,,,,,0,,,,,0,0,0,,0
,"/ja/collections/robotic-sex-doll",10,11,0,0,0,0,30,,0,0,0,141.54545454545453,2.727272727272727,0.45454545454545453,,5,10,11,0,0,0,0,30,,0,0,0,141.54545454545453,2.727272727272727,0.45454545454545453,,5,0,0,,,,,0,,,,,0,0,0,,0
,"/en-ca/collections/huge-breasts-sex-dolls",11,11,0,0,0,0,56,,0,0,0,329.27272727272725,5.090909090909091,0.2727272727272727,,3,11,11,0,0,0,0,56,,0,0,0,329.27272727272725,5.090909090909091,0.2727272727272727,,3,0,0,,,,,0,,,,,0,0,0,,0
"Blog Article","/blogs/dolls-info-qustions/guide-to-the-buttocks-of-sex-doll-torsos",11,11,0,0,0,0,11,,0,0,0,0,1,1,,11,11,11,0,0,0,0,11,,0,0,0,0,1,1,,11,0,0,,,,,0,,,,,,0,0,,0
"Product","/products/h125-sex-doll-head",11,11,0,0,0,0,11,,0,0,0,0,1,1,,11,11,11,0,0,0,0,11,,0,0,0,0,1,1,,11,0,0,,,,,0,,,,,,0,0,,0
,"/de/collections/mini-hentai-sex-doll",11,11,0,0,0,0,19,,0,0,0,126.9090909090909,1.7272727272727273,0.7272727272727273,,8,11,11,0,0,0,0,19,,0,0,0,126.9090909090909,1.7272727272727273,0.7272727272727273,,8,0,0,,,,,0,,,,,0,0,0,,0
"Collection","/collections/in-stock-usa-1",9,11,1,1,0,0,119,0,0.09090909090909091,0.09090909090909091,0,810.0909090909091,10.818181818181818,0.36363636363636365,0,4,9,11,1,1,0,0,119,0,0.09090909090909091,0.09090909090909091,0,810.0909090909091,10.818181818181818,0.36363636363636365,0,4,0,0,0,0,,,0,,0,0,,0,0,0,,0
"Collection","/collections/bbw-sex-dolls",9,10,0,0,0,0,29,,0,0,0,200,2.9,0.4,,4,9,10,0,0,0,0,29,,0,0,0,200,2.9,0.4,,4,0,0,,,,,0,,,,,0,0,0,,0
"Blog Article","/blogs/dolls-info-qustions/in-depth-review-of-chunmomo-bezlya-collaborative-celebrity-sex-doll",5,10,0,0,0,0,42,,0,0,0,382.6,4.2,0.7,,7,5,10,0,0,0,0,42,,0,0,0,382.6,4.2,0.7,,7,0,0,,,,,0,,,,,0,0,0,,0
"Blog Article","/blogs/sex-doll-option-videos/video-12-auto-blowjob",9,10,0,0,0,0,14,,0,0,0,23.2,1.4,0.9,,9,9,10,0,0,0,0,14,,0,0,0,23.2,1.4,0.9,,9,0,0,,,,,0,,,,,0,0,0,,0
,"/en-ca/collections/enchanting-delights-2024-top-real-sex-doll-recommendations",10,10,0,0,0,0,71,,0,0,0,389.7,7.1,0.4,,4,10,10,0,0,0,0,71,,0,0,0,389.7,7.1,0.4,,4,0,0,,,,,0,,,,,0,0,0,,0
"Blog Article","/blogs/dolls-info-qustions/must-read-for-trans-men-sleeves-vs-electric-pocket-pussy-which-one-is-right-for-you",10,10,0,0,0,0,11,,0,0,0,3.3,1.1,0.9,,9,10,10,0,0,0,0,11,,0,0,0,3.3,1.1,0.9,,9,0,0,,,,,0,,,,,0,0,0,,0
,"/de/blogs/dolls-info-qustions/shocking-in-depth-review-of-naimi-1-1-celebrity-sex-doll",10,10,0,0,0,0,11,,0,0,0,0.8,1.1,0.9,,9,10,10,0,0,0,0,11,,0,0,0,0.8,1.1,0.9,,9,0,0,,,,,0,,,,,0,0,0,,0
"Product","/products/t442-91-93lb-silicone-big-booty-life-sex-doll-torso-lovenestle",10,10,0,0,0,0,10,,0,0,0,0,1,1,,10,10,10,0,0,0,0,10,,0,0,0,0,1,1,,10,0,0,,,,,0,,,,,,0,0,,0
"Blog Article","/blogs/dolls-info-qustions/how-to-choose-a-sex-doll-torso-that-matches-your-height",10,10,0,0,0,0,18,,0,0,0,32.9,1.8,0.7,,7,10,10,0,0,0,0,18,,0,0,0,32.9,1.8,0.7,,7,0,0,,,,,0,,,,,0,0,0,,0
"Collection","/collections/saggy-huge-breast-sex-doll",10,10,0,0,0,0,38,,0,0,0,141.7,3.8,0.5,,5,10,10,0,0,0,0,38,,0,0,0,141.7,3.8,0.5,,5,0,0,,,,,0,,,,,0,0,0,,0
"Collection","/collections/huge-breasts-japanese-sex-doll",10,10,0,0,0,0,22,,0,0,0,36.8,2.2,0.6,,6,10,10,0,0,0,0,22,,0,0,0,36.8,2.2,0.6,,6,0,0,,,,,0,,,,,0,0,0,,0
"Collection","/collections/electric-male-sex-doll",10,10,0,0,0,0,31,,0,0,0,114.7,3.1,0.4,,4,10,10,0,0,0,0,31,,0,0,0,114.7,3.1,0.4,,4,0,0,,,,,0,,,,,0,0,0,,0
"Blog Article","/blogs/sex-doll-option-videos/video-11-electric-hip-and-waist",9,10,0,0,0,0,55,,0,0,0,287.1,5.5,0.5,,5,9,10,0,0,0,0,55,,0,0,0,287.1,5.5,0.5,,5,0,0,,,,,0,,,,,0,0,0,,0
,"/de/collections/anime-sex-doll",10,10,0,0,0,0,29,,0,0,0,87.6,2.9,0.6,,6,10,10,0,0,0,0,29,,0,0,0,87.6,2.9,0.6,,6,0,0,,,,,0,,,,,0,0,0,,0
"Custom Page","/pages/sex-doll-review-video-collection",10,10,0,0,0,0,13,,0,0,0,3.6,1.3,0.7,,7,10,10,0,0,0,0,13,,0,0,0,3.6,1.3,0.7,,7,0,0,,,,,0,,,,,0,0,0,,0
"Product","/products/h651-ros-free-hair-impants-real-oral-movable-jaw-silicone-sex-doll-head-meizaoren",2,10,0,0,0,0,104,,0,0,0,539,10.4,0.1,,1,2,10,0,0,0,0,104,,0,0,0,539,10.4,0.1,,1,0,0,,,,,0,,,,,0,0,0,,0
"Product","/collections/sex-doll-torso/products/631-lifesize-sex-doll-torso",9,10,0,0,0,0,15,,0,0,0,15.1,1.5,0.6,,6,9,10,0,0,0,0,15,,0,0,0,15.1,1.5,0.6,,6,0,0,,,,,0,,,,,0,0,0,,0
,"/en-ca/collections/lesbian-sex-doll-torso",9,10,0,0,0,0,26,,0,0,0,101.2,2.6,0.6,,6,9,10,0,0,0,0,26,,0,0,0,101.2,2.6,0.6,,6,0,0,,,,,0,,,,,0,0,0,,0
"Blog Article","/blogs/dolls-info-qustions/exploring-the-best-breasts-for-titty-fucking",10,10,0,0,0,0,12,,0,0,0,37.1,1.2,0.9,,9,10,10,0,0,0,0,12,,0,0,0,37.1,1.2,0.9,,9,0,0,,,,,0,,,,,0,0,0,,0
"Blog Article","/blogs/dolls-info-qustions/4-easy-positions-to-enjoy-with-your-bbw-sex-doll",9,10,0,0,0,0,19,,0,0,0,13.1,1.9,0.9,,9,9,10,0,0,0,0,19,,0,0,0,13.1,1.9,0.9,,9,0,0,,,,,0,,,,,0,0,0,,0
"Blog Article","/blogs/complete-sex-doll-guide-for-beginners/sex-doll-unboxing-guide-for-beginners-what-every-new-owner-should-know",10,10,0,0,0,0,10,,0,0,0,0,1,1,,10,10,10,0,0,0,0,10,,0,0,0,0,1,1,,10,0,0,,,,,0,,,,,,0,0,,0
,"/de/collections/big-ass-sex-doll-life-size",10,10,0,0,0,0,25,,0,0,0,73.7,2.5,0.5,,5,10,10,0,0,0,0,25,,0,0,0,73.7,2.5,0.5,,5,0,0,,,,,0,,,,,0,0,0,,0
,"/de/collections/bbw-sex-doll-torso",10,10,0,0,0,0,66,,0,0,0,771.9,6.6,0.5,,5,10,10,0,0,0,0,66,,0,0,0,771.9,6.6,0.5,,5,0,0,,,,,0,,,,,0,0,0,,0
,"/de/collections/shemale-sex-doll-torso-1",10,10,0,0,0,0,23,,0,0,0,178,2.3,0.4,,4,10,10,0,0,0,0,23,,0,0,0,178,2.3,0.4,,4,0,0,,,,,0,,,,,0,0,0,,0
"Collection","/collections/mini-torso",10,10,0,0,0,0,12,,0,0,0,4.4,1.2,0.8,,8,10,10,0,0,0,0,12,,0,0,0,4.4,1.2,0.8,,8,0,0,,,,,0,,,,,0,0,0,,0
"Checkout","/60719464687/orders/ce5377ce33c14354a5ab690be23e4f88",9,9,0,0,0,0,41,,0,0,0,134.77777777777777,4.555555555555555,0.3333333333333333,,3,9,9,0,0,0,0,41,,0,0,0,134.77777777777777,4.555555555555555,0.3333333333333333,,3,0,0,,,,,0,,,,,0,0,0,,0
,"/de/collections/huge-breasts-japanese-sex-doll",9,9,0,0,0,0,25,,0,0,0,54.666666666666664,2.7777777777777777,0.3333333333333333,,3,9,9,0,0,0,0,25,,0,0,0,54.666666666666664,2.7777777777777777,0.3333333333333333,,3,0,0,,,,,0,,,,,0,0,0,,0
"Product","/products/18lb-big-ass-sex-doll-torso-503-sex-doll-torso",9,9,0,0,0,0,26,,0,0,0,119.55555555555556,2.888888888888889,0.8888888888888888,,8,9,9,0,0,0,0,26,,0,0,0,119.55555555555556,2.888888888888889,0.8888888888888888,,8,0,0,,,,,0,,,,,0,0,0,,0
"Product","/products/a599-83lb-coco-sucking-doggy-style-bbw-big-booty-sex-doll-torso-luxury-realistic-biggest-ass-sex-toy",7,9,0,0,0,0,23,,0,0,0,186.88888888888889,2.5555555555555554,0.6666666666666666,,6,7,9,0,0,0,0,23,,0,0,0,186.88888888888889,2.5555555555555554,0.6666666666666666,,6,0,0,,,,,0,,,,,0,0,0,,0
"Collection","/collections/cheap-mini-sex-doll",8,9,1,1,0,0,21,0,0.1111111111111111,0.1111111111111111,0,101.88888888888889,2.3333333333333335,0.6666666666666666,0,6,8,9,1,1,0,0,21,0,0.1111111111111111,0.1111111111111111,0,101.88888888888889,2.3333333333333335,0.6666666666666666,0,6,0,0,0,0,,,0,,0,0,,0,0,0,,0
,"/en-ca/blogs/dolls-info-qustions/how-to-make-a-fake-ass-sex-toy",9,9,0,0,0,0,12,,0,0,0,126,1.3333333333333333,0.7777777777777778,,7,9,9,0,0,0,0,12,,0,0,0,126,1.3333333333333333,0.7777777777777778,,7,0,0,,,,,0,,,,,0,0,0,,0
,"/ja/pages/sex-doll-gif",8,9,0,0,0,0,29,,0,0,0,118,3.2222222222222223,0.7777777777777778,,7,8,9,0,0,0,0,29,,0,0,0,118,3.2222222222222223,0.7777777777777778,,7,0,0,,,,,0,,,,,0,0,0,,0
,"/de/collections/sex-doll-feet",9,9,0,0,0,0,46,,0,0,0,311.44444444444446,5.111111111111111,0.6666666666666666,,6,9,9,0,0,0,0,46,,0,0,0,311.44444444444446,5.111111111111111,0.6666666666666666,,6,0,0,,,,,0,,,,,0,0,0,,0
"Collection","/collections/real-lady",7,9,0,0,0,0,36,,0,0,0,179.44444444444446,4,0.2222222222222222,,2,7,9,0,0,0,0,36,,0,0,0,179.44444444444446,4,0.2222222222222222,,2,0,0,,,,,0,,,,,0,0,0,,0
,"/en-ca/collections/anime-mini-sex-doll",9,9,0,0,0,0,29,,0,0,0,96.11111111111111,3.2222222222222223,0.4444444444444444,,4,9,9,0,0,0,0,29,,0,0,0,96.11111111111111,3.2222222222222223,0.4444444444444444,,4,0,0,,,,,0,,,,,0,0,0,,0
"Blog Article","/blogs/dolls-info-qustions/2025-hot-selling-japanese-sex-dolls-popular-products-and-their-unique-charm-unveiled",8,9,0,0,0,0,9,,0,0,0,0,1,1,,9,8,9,0,0,0,0,9,,0,0,0,0,1,1,,9,0,0,,,,,0,,,,,,0,0,,0
"Collection","/collections/zelex-doll",8,9,1,1,0,0,44,0,0.1111111111111111,0.1111111111111111,0,189,4.888888888888889,0.1111111111111111,0,1,8,9,1,1,0,0,44,0,0.1111111111111111,0.1111111111111111,0,189,4.888888888888889,0.1111111111111111,0,1,0,0,0,0,,,0,,0,0,,0,0,0,,0
,"/en-ca/products/57-32lb-sex-doll-torso-with-life-size-ass-and-soft-skin-512-sex-doll-torso",9,9,0,0,0,0,12,,0,0,0,5.888888888888889,1.3333333333333333,0.7777777777777778,,7,9,9,0,0,0,0,12,,0,0,0,5.888888888888889,1.3333333333333333,0.7777777777777778,,7,0,0,,,,,0,,,,,0,0,0,,0
"Collection","/collections/big-boobs-sex-dolls",9,9,0,0,0,0,59,,0,0,0,455.1111111111111,6.555555555555555,0.4444444444444444,,4,9,9,0,0,0,0,59,,0,0,0,455.1111111111111,6.555555555555555,0.4444444444444444,,4,0,0,,,,,0,,,,,0,0,0,,0
"Blog Article","/blogs/dolls-info-qustions/top-5-best-foot-fetish-toys-you-can-buy-online-in-2025",9,9,1,0,0,0,22,,0.1111111111111111,0,0,142,2.4444444444444446,0.5555555555555556,,5,9,9,1,0,0,0,22,,0.1111111111111111,0,0,142,2.4444444444444446,0.5555555555555556,,5,0,0,0,,,,0,,0,,,0,0,0,,0
"Collection","/collections/big-ass-sex-dolls",9,9,0,0,0,0,15,,0,0,0,9.444444444444445,1.6666666666666667,0.7777777777777778,,7,9,9,0,0,0,0,15,,0,0,0,9.444444444444445,1.6666666666666667,0.7777777777777778,,7,0,0,,,,,0,,,,,0,0,0,,0
,"/de/collections/silicone-ass",8,9,0,0,0,0,46,,0,0,0,500.55555555555554,5.111111111111111,0.3333333333333333,,3,8,9,0,0,0,0,46,,0,0,0,500.55555555555554,5.111111111111111,0.3333333333333333,,3,0,0,,,,,0,,,,,0,0,0,,0
"Collection","/collections/mrl-doll",8,9,0,0,0,0,19,,0,0,0,109,2.111111111111111,0.4444444444444444,,4,8,9,0,0,0,0,19,,0,0,0,109,2.111111111111111,0.4444444444444444,,4,0,0,,,,,0,,,,,0,0,0,,0
"Product","/products/f2319a-163cm5-3ft-53kg-g-cup-hips-over-140-ros-movable-jaw-super-fat-bbw-huge-ass-sex-doll%E4%B8%A8sy-doll",7,9,0,0,0,0,33,,0,0,0,82.77777777777777,3.6666666666666665,0.6666666666666666,,6,7,9,0,0,0,0,33,,0,0,0,82.77777777777777,3.6666666666666665,0.6666666666666666,,6,0,0,,,,,0,,,,,0,0,0,,0
"Collection","/collections/milf-sex-dolls",9,9,0,0,0,0,24,,0,0,0,80,2.6666666666666665,0.3333333333333333,,3,9,9,0,0,0,0,24,,0,0,0,80,2.6666666666666665,0.3333333333333333,,3,0,0,,,,,0,,,,,0,0,0,,0
"Collection","/collections/japanese-milf-sex-doll",8,9,1,0,0,0,21,,0.1111111111111111,0,0,131.88888888888889,2.3333333333333335,0.6666666666666666,,6,8,9,1,0,0,0,21,,0.1111111111111111,0,0,131.88888888888889,2.3333333333333335,0.6666666666666666,,6,0,0,0,,,,0,,0,,,0,0,0,,0
"Product","/products/f6101-158cm-5ft2-47kg-c-cup-asian-silicone-sex-doll-shedoll",1,9,0,0,0,0,9,,0,0,0,0,1,1,,9,1,9,0,0,0,0,9,,0,0,0,0,1,1,,9,0,0,,,,,0,,,,,,0,0,,0
"Collection","/collections/200-299",9,9,0,0,0,0,20,,0,0,0,93.77777777777777,2.2222222222222223,0.5555555555555556,,5,9,9,0,0,0,0,20,,0,0,0,93.77777777777777,2.2222222222222223,0.5555555555555556,,5,0,0,,,,,0,,,,,0,0,0,,0
"Collection","/collections/yeloly",8,9,0,0,0,0,28,,0,0,0,79,3.111111111111111,0.4444444444444444,,4,8,9,0,0,0,0,28,,0,0,0,79,3.111111111111111,0.4444444444444444,,4,0,0,,,,,0,,,,,0,0,0,,0
,"/ja/blogs/dolls-info-qustions/top-3-flat-chested-sex-dolls-of-2025-ultimate-flatness-unique-allure",9,9,0,0,0,0,19,,0,0,0,123.22222222222223,2.111111111111111,0.5555555555555556,,5,9,9,0,0,0,0,19,,0,0,0,123.22222222222223,2.111111111111111,0.5555555555555556,,5,0,0,,,,,0,,,,,0,0,0,,0
"Collection","/collections/sex-doll-factory-pictures",6,9,0,0,0,0,57,,0,0,0,171.66666666666666,6.333333333333333,0.4444444444444444,,4,6,9,0,0,0,0,57,,0,0,0,171.66666666666666,6.333333333333333,0.4444444444444444,,4,0,0,,,,,0,,,,,0,0,0,,0
"Collection","/collections/latina-sex-dolls",9,9,1,0,0,0,49,,0.1111111111111111,0,0,373.44444444444446,5.444444444444445,0.4444444444444444,,4,9,9,1,0,0,0,49,,0.1111111111111111,0,0,373.44444444444446,5.444444444444445,0.4444444444444444,,4,0,0,0,,,,0,,0,,,0,0,0,,0
"Collection","/collections/6-7in-male-sex-doll",9,9,0,0,0,0,20,,0,0,0,56.77777777777778,2.2222222222222223,0.3333333333333333,,3,9,9,0,0,0,0,20,,0,0,0,56.77777777777778,2.2222222222222223,0.3333333333333333,,3,0,0,,,,,0,,,,,0,0,0,,0
"Blog Article","/blogs/dolls-info-qustions/does-the-sex-doll-feel-real-an-honest-review-from-a-real-user",9,9,0,0,0,0,17,,0,0,0,11.88888888888889,1.8888888888888888,0.7777777777777778,,7,9,9,0,0,0,0,17,,0,0,0,11.88888888888889,1.8888888888888888,0.7777777777777778,,7,0,0,,,,,0,,,,,0,0,0,,0
"Blog Index","/blogs/dolls-info-qustions/articles",4,8,0,0,0,0,17,,0,0,0,167.5,2.125,0.625,,5,4,8,0,0,0,0,17,,0,0,0,167.5,2.125,0.625,,5,0,0,,,,,0,,,,,0,0,0,,0
,"/de/collections/enchanting-delights-2024-top-real-sex-doll-recommendations",7,8,0,0,0,0,62,,0,0,0,407.375,7.75,0.5,,4,7,8,0,0,0,0,62,,0,0,0,407.375,7.75,0.5,,4,0,0,,,,,0,,,,,0,0,0,,0
"Product","/products/a720-s-tpe-bbw-big-ass-fat-sex-doll-torso",5,8,1,1,0,0,13,0,0.125,0.125,0,287.625,1.625,0.625,0,5,5,8,1,1,0,0,13,0,0.125,0.125,0,287.625,1.625,0.625,0,5,0,0,0,0,,,0,,0,0,,0,0,0,,0
,"/ja/collections/sex-doll-factory-pictures",1,8,0,0,0,0,15,,0,0,0,16.875,1.875,0.75,,6,1,8,0,0,0,0,15,,0,0,0,16.875,1.875,0.75,,6,0,0,,,,,0,,,,,0,0,0,,0
,"/en-ca/collections/asian-sex-doll",8,8,0,0,0,0,11,,0,0,0,18.625,1.375,0.75,,6,8,8,0,0,0,0,11,,0,0,0,18.625,1.375,0.75,,6,0,0,,,,,0,,,,,0,0,0,,0
"Blog Article","/blogs/dolls-info-qustions/how-to-use-a-milf-sex-doll",8,8,0,0,0,0,20,,0,0,0,249.625,2.5,0.75,,6,8,8,0,0,0,0,20,,0,0,0,249.625,2.5,0.75,,6,0,0,,,,,0,,,,,0,0,0,,0
"Collection","/collections/medium-butt-sex-doll",8,8,0,0,0,0,13,,0,0,0,5.75,1.625,0.375,,3,8,8,0,0,0,0,13,,0,0,0,5.75,1.625,0.375,,3,0,0,,,,,0,,,,,0,0,0,,0
"Product","/products/t968-50-7lbs-92cm-silicone-luxury-super-realistic-human-size-sex-dolls-torso-with-head",8,8,0,0,0,0,8,,0,0,0,0,1,1,,8,8,8,0,0,0,0,8,,0,0,0,0,1,1,,8,0,0,,,,,0,,,,,,0,0,,0
,"/en-ca/blogs/sex-doll-torso-blog/top-7-sex-poses-with-your-torso-sex-doll",8,8,0,0,0,0,10,,0,0,0,17.25,1.25,0.75,,6,8,8,0,0,0,0,10,,0,0,0,17.25,1.25,0.75,,6,0,0,,,,,0,,,,,0,0,0,,0
"Blog Article","/blogs/dolls-info-qustions/is-a-fully-loose-skeleton-full-body-doll-worth-it",8,8,0,0,0,0,10,,0,0,0,34.125,1.25,0.875,,7,8,8,0,0,0,0,10,,0,0,0,34.125,1.25,0.875,,7,0,0,,,,,0,,,,,0,0,0,,0
"Product","/products/se-doll-head-x-bot-ai-smart-multi-language-talking-h002",6,8,0,0,0,0,16,,0,0,0,178,2,0.625,,5,6,8,0,0,0,0,16,,0,0,0,178,2,0.625,,5,0,0,,,,,0,,,,,0,0,0,,0
"Product","/products/b439-ultra-soft-silicone-sex-doll-boobs-titfuck-torso-erovenus",5,8,0,0,0,0,17,,0,0,0,24.5,2.125,0.625,,5,5,8,0,0,0,0,17,,0,0,0,24.5,2.125,0.625,,5,0,0,,,,,0,,,,,0,0,0,,0
"Blog Article","/blogs/dolls-info-qustions/2026-doggy-dildo-doll-user-guide",8,8,0,0,0,0,9,,0,0,0,6.25,1.125,0.875,,7,8,8,0,0,0,0,9,,0,0,0,6.25,1.125,0.875,,7,0,0,,,,,0,,,,,0,0,0,,0
"Collection","/collections/fat-sex-doll",8,8,0,0,0,0,33,,0,0,0,224.375,4.125,0.25,,2,8,8,0,0,0,0,33,,0,0,0,224.375,4.125,0.25,,2,0,0,,,,,0,,,,,0,0,0,,0
"Product","/products/silicone-big-butt-ass-17lb-a781",6,8,0,1,0,0,94,0,0,0.125,0,834,11.75,0,,0,6,8,0,1,0,0,94,0,0,0.125,0,834,11.75,0,,0,0,0,,0,,,0,,,0,,0,0,,,
"Blog Article","/blogs/dolls-info-qustions/the-vibration-and-suction-functions-of-automatic-sex-dolls",8,8,0,0,0,0,12,,0,0,0,70.75,1.5,0.75,,6,8,8,0,0,0,0,12,,0,0,0,70.75,1.5,0.75,,6,0,0,,,,,0,,,,,0,0,0,,0
"Blog Article","/blogs/dolls-info-qustions/test-3",8,8,0,0,0,0,8,,0,0,0,0,1,1,,8,8,8,0,0,0,0,8,,0,0,0,0,1,1,,8,0,0,,,,,0,,,,,,0,0,,0
,"/de/blogs/dolls-info-qustions/what-are-the-sex-positions-with-my-arab-sex-doll",8,8,0,0,0,0,10,,0,0,0,133.125,1.25,0.75,,6,8,8,0,0,0,0,10,,0,0,0,133.125,1.25,0.75,,6,0,0,,,,,0,,,,,0,0,0,,0
"Blog Article","/blogs/dolls-info-qustions/futa-sex-dolls-where-fantasy-meets-reality-in-the-world-of-anime-temptation",8,8,0,0,0,0,8,,0,0,0,0,1,1,,8,8,8,0,0,0,0,8,,0,0,0,0,1,1,,8,0,0,,,,,0,,,,,,0,0,,0
"Blog Article","/blogs/dolls-info-qustions/sex-torso-vs-masturbation-which-one-is-right-for-you-this-article-has-the-answer",8,8,0,0,0,0,9,,0,0,0,7.875,1.125,0.875,,7,8,8,0,0,0,0,9,,0,0,0,7.875,1.125,0.875,,7,0,0,,,,,0,,,,,0,0,0,,0
"Collection","/collections/lifesize-male-sex-doll-torso",8,8,0,0,0,0,16,,0,0,0,44,2,0.375,,3,8,8,0,0,0,0,16,,0,0,0,44,2,0.375,,3,0,0,,,,,0,,,,,0,0,0,,0
"Product","/products/f1224a-160cm-46kg-i-cup-hedy-thick-ass-silicone-sex-doll-in-stock-usa-irontech-doll",1,8,0,0,0,0,8,,0,0,0,0,1,1,,8,1,8,0,0,0,0,8,,0,0,0,0,1,1,,8,0,0,,,,,0,,,,,,0,0,,0
"Collection","/collections/the-best-male-sex-dolls-of-2024-explained-choosing-your-ideal-lover",8,8,0,0,0,0,39,,0,0,0,200.375,4.875,0.625,,5,8,8,0,0,0,0,39,,0,0,0,200.375,4.875,0.625,,5,0,0,,,,,0,,,,,0,0,0,,0
"Blog Article","/blogs/featured-blog/exhibition-diary-the-2025-guangzhou-adult-expo-was-absolutely-mind-blowing",6,8,0,0,0,0,8,,0,0,0,0,1,1,,8,6,8,0,0,0,0,8,,0,0,0,0,1,1,,8,0,0,,,,,0,,,,,,0,0,,0
"Product","/products/t506",2,8,0,0,0,0,71,,0,0,0,755.75,8.875,0.25,,2,2,8,0,0,0,0,71,,0,0,0,755.75,8.875,0.25,,2,0,0,,,,,0,,,,,0,0,0,,0
"Blog Article","/blogs/dolls-info-qustions/can-dildos-be-installed-on-sex-dolls-of-course",8,8,0,0,0,0,9,,0,0,0,21.25,1.125,0.875,,7,8,8,0,0,0,0,9,,0,0,0,21.25,1.125,0.875,,7,0,0,,,,,0,,,,,0,0,0,,0
"Collection","/collections/aibei-doll-videos",4,8,0,0,0,0,11,,0,0,0,90,1.375,0.625,,5,4,8,0,0,0,0,11,,0,0,0,90,1.375,0.625,,5,0,0,,,,,0,,,,,0,0,0,,0
"Collection","/collections/funwest-doll-factory-photos",7,8,0,0,0,0,187,,0,0,0,1087.375,23.375,0.125,,1,7,8,0,0,0,0,187,,0,0,0,1087.375,23.375,0.125,,1,0,0,,,,,0,,,,,0,0,0,,0
"Collection","/collections/black-sex-doll-500-1000",8,8,0,0,0,0,14,,0,0,0,20.5,1.75,0.75,,6,8,8,0,0,0,0,14,,0,0,0,20.5,1.75,0.75,,6,0,0,,,,,0,,,,,0,0,0,,0
"Product","/products/ironai-ros-silicone-blowjob-head-h903",4,8,0,0,0,0,18,,0,0,0,317.75,2.25,0.75,,6,4,8,0,0,0,0,18,,0,0,0,317.75,2.25,0.75,,6,0,0,,,,,0,,,,,0,0,0,,0
"Product","/products/v324-silicone-ultra-realistic-foot-toy-with-veins-and-wrinkles",7,7,0,0,0,0,7,,0,0,0,0,1,1,,7,7,7,0,0,0,0,7,,0,0,0,0,1,1,,7,0,0,,,,,0,,,,,,0,0,,0
"Collection","/collections/big-ass-sex-doll-life-size",7,7,0,0,0,0,11,,0,0,0,6.571428571428571,1.5714285714285714,0.5714285714285714,,4,7,7,0,0,0,0,11,,0,0,0,6.571428571428571,1.5714285714285714,0.5714285714285714,,4,0,0,,,,,0,,,,,0,0,0,,0
"Product","/products/a555-moving-sex-doll-nude-robot-vibrating-torso",7,7,0,0,0,0,32,,0,0,0,494.2857142857143,4.571428571428571,0.5714285714285714,,4,7,7,0,0,0,0,32,,0,0,0,494.2857142857143,4.571428571428571,0.5714285714285714,,4,0,0,,,,,0,,,,,0,0,0,,0
"Collection","/collections/climax-doll-videos",7,7,0,0,0,0,11,,0,0,0,8,1.5714285714285714,0.8571428571428571,,6,7,7,0,0,0,0,11,,0,0,0,8,1.5714285714285714,0.8571428571428571,,6,0,0,,,,,0,,,,,0,0,0,,0
"Blog Article","/blogs/dolls-info-qustions/how-deep-is-the-vagina-5-key-things-you-need-to-know-about-the-vagina",7,7,0,0,0,0,7,,0,0,0,0,1,1,,7,7,7,0,0,0,0,7,,0,0,0,0,1,1,,7,0,0,,,,,0,,,,,,0,0,,0
"Collection","/collections/ros-sex-doll",7,7,0,0,0,0,11,,0,0,0,249.57142857142858,1.5714285714285714,0.42857142857142855,,3,7,7,0,0,0,0,11,,0,0,0,249.57142857142858,1.5714285714285714,0.42857142857142855,,3,0,0,,,,,0,,,,,0,0,0,,0
"Product","/products/a418-8lb-sexy-and-real-fat-lady-ass-realistic-chubby-sex-doll-torso",7,7,0,0,0,0,13,,0,0,0,37.142857142857146,1.8571428571428572,0.5714285714285714,,4,7,7,0,0,0,0,13,,0,0,0,37.142857142857146,1.8571428571428572,0.5714285714285714,,4,0,0,,,,,0,,,,,0,0,0,,0
"Collection","/collections/cartoon-sex-doll",6,7,0,0,0,0,19,,0,0,0,629.2857142857143,2.7142857142857144,0.7142857142857143,,5,6,7,0,0,0,0,19,,0,0,0,629.2857142857143,2.7142857142857144,0.7142857142857143,,5,0,0,,,,,0,,,,,0,0,0,,0
"Collection","/collections/huge-breast-post-torso",6,7,0,0,0,0,13,,0,0,0,297.2857142857143,1.8571428571428572,0.42857142857142855,,3,6,7,0,0,0,0,13,,0,0,0,297.2857142857143,1.8571428571428572,0.42857142857142855,,3,0,0,,,,,0,,,,,0,0,0,,0
"Blog Article","/blogs/recent-brand-updates-new-arrivals-for-sex-dolls/se-x-bot-ai-sex-doll-head-review",7,7,0,0,0,0,17,,0,0,0,8.285714285714286,2.4285714285714284,0.7142857142857143,,5,7,7,0,0,0,0,17,,0,0,0,8.285714285714286,2.4285714285714284,0.7142857142857143,,5,0,0,,,,,0,,,,,0,0,0,,0
"Collection","/collections/bbw-life-size-torso",7,7,0,0,0,0,34,,0,0,0,236.42857142857142,4.857142857142857,0.42857142857142855,,3,7,7,0,0,0,0,34,,0,0,0,236.42857142857142,4.857142857142857,0.42857142857142855,,3,0,0,,,,,0,,,,,0,0,0,,0
"Collection","/collections/erovenus-sex-doll",7,7,0,0,0,0,50,,0,0,0,194.42857142857142,7.142857142857143,0.5714285714285714,,4,7,7,0,0,0,0,50,,0,0,0,194.42857142857142,7.142857142857143,0.5714285714285714,,4,0,0,,,,,0,,,,,0,0,0,,0
"Collection","/collections/new-arrivals",7,7,0,0,0,0,39,,0,0,0,115.14285714285714,5.571428571428571,0.2857142857142857,,2,7,7,0,0,0,0,39,,0,0,0,115.14285714285714,5.571428571428571,0.2857142857142857,,2,0,0,,,,,0,,,,,0,0,0,,0
"Blog Article","/blogs/dolls-info-qustions/real-lady-vs-mlw-sex-dolls-unboxing-hands-on-review",7,7,0,0,0,0,8,,0,0,0,23,1.1428571428571428,0.8571428571428571,,6,7,7,0,0,0,0,8,,0,0,0,23,1.1428571428571428,0.8571428571428571,,6,0,0,,,,,0,,,,,0,0,0,,0
"Checkout","/60719464687/orders/65e72cfe01e9469cfd7f360e512f71ff",1,7,0,0,0,0,9,,0,0,0,17,1.2857142857142858,0.8571428571428571,,6,1,7,0,0,0,0,9,,0,0,0,17,1.2857142857142858,0.8571428571428571,,6,0,0,,,,,0,,,,,0,0,0,,0
"Product","/products/f6335-life-size-sex-doll-robot",2,7,0,0,0,0,7,,0,0,0,0,1,1,,7,2,7,0,0,0,0,7,,0,0,0,0,1,1,,7,0,0,,,,,0,,,,,,0,0,,0
"Blog Article","/blogs/dolls-info-qustions/7-best-mini-torso-sex-dolls-for-beginners",7,7,0,0,0,0,21,,0,0,0,133,3,0.42857142857142855,,3,7,7,0,0,0,0,21,,0,0,0,133,3,0.42857142857142855,,3,0,0,,,,,0,,,,,0,0,0,,0
"Product","/products/v23-under200-cheap-tpe-vajancle-sex-doll-feet-masturbator-for-men",7,7,0,0,0,0,7,,0,0,0,0,1,1,,7,7,7,0,0,0,0,7,,0,0,0,0,1,1,,7,0,0,,,,,0,,,,,,0,0,,0
,"/de/collections/flat-chest-sex-doll",7,7,0,0,0,0,10,,0,0,0,7.714285714285714,1.4285714285714286,0.7142857142857143,,5,7,7,0,0,0,0,10,,0,0,0,7.714285714285714,1.4285714285714286,0.7142857142857143,,5,0,0,,,,,0,,,,,0,0,0,,0
,"/en-fi/pages/torso-sex-doll-videos",7,7,0,0,0,0,14,,0,0,0,176,2,0.5714285714285714,,4,7,7,0,0,0,0,14,,0,0,0,176,2,0.5714285714285714,,4,0,0,,,,,0,,,,,0,0,0,,0
"Blog Article","/blogs/dolls-info-qustions/sex-doll-storage-furniture-discreet-safe-and-space-saving-solutions",7,7,0,0,0,0,8,,0,0,0,33.714285714285715,1.1428571428571428,0.8571428571428571,,6,7,7,0,0,0,0,8,,0,0,0,33.714285714285715,1.1428571428571428,0.8571428571428571,,6,0,0,,,,,0,,,,,0,0,0,,0
"Product","/products/f7891-14kg-silicone-cute-furry-sex-doll-demon-sheep-rabbit-mrl",7,7,0,0,0,0,20,,0,0,0,175.28571428571428,2.857142857142857,0.7142857142857143,,5,7,7,0,0,0,0,20,,0,0,0,175.28571428571428,2.857142857142857,0.7142857142857143,,5,0,0,,,,,0,,,,,0,0,0,,0
"Blog Article","/blogs/dolls-info-qustions/your-first-sex-doll-the-ultimate-beginner-s-guide-to-using-her-right",7,7,0,0,0,0,8,,0,0,0,18.285714285714285,1.1428571428571428,0.8571428571428571,,6,7,7,0,0,0,0,8,,0,0,0,18.285714285714285,1.1428571428571428,0.8571428571428571,,6,0,0,,,,,0,,,,,0,0,0,,0
"Collection","/collections/new-arrivals-sex-doll",5,7,2,0,0,0,23,,0.2857142857142857,0,0,310.42857142857144,3.2857142857142856,0.42857142857142855,,3,5,7,2,0,0,0,23,,0.2857142857142857,0,0,310.42857142857144,3.2857142857142856,0.42857142857142855,,3,0,0,0,,,,0,,0,,,0,0,0,,0
"Product","/products/p381-meru-the-succubus-hentai-figurine-pussy-mrl-sex-doll",7,7,0,0,0,0,11,,0,0,0,13.142857142857142,1.5714285714285714,0.7142857142857143,,5,7,7,0,0,0,0,11,,0,0,0,13.142857142857142,1.5714285714285714,0.7142857142857143,,5,0,0,,,,,0,,,,,0,0,0,,0
"Blog Article","/blogs/featured-blog/the-4-technical-features-about-sex-doll-skeleton",7,7,0,0,0,0,10,,0,0,0,302.85714285714283,1.4285714285714286,0.8571428571428571,,6,7,7,0,0,0,0,10,,0,0,0,302.85714285714283,1.4285714285714286,0.8571428571428571,,6,0,0,,,,,0,,,,,0,0,0,,0
"Product","/products/t435-72-75lb-silicone-lifesize-anime-sex-doll-ssbbw-sex-doll-torso-lovenestle",6,7,0,0,0,0,36,,0,0,0,632.7142857142857,5.142857142857143,0.2857142857142857,,2,6,7,0,0,0,0,36,,0,0,0,632.7142857142857,5.142857142857143,0.2857142857142857,,2,0,0,,,,,0,,,,,0,0,0,,0
"Collection","/collections/black-sex-doll-heads",7,7,0,0,0,0,21,,0,0,0,70.28571428571429,3,0.2857142857142857,,2,7,7,0,0,0,0,21,,0,0,0,70.28571428571429,3,0.2857142857142857,,2,0,0,,,,,0,,,,,0,0,0,,0
"Collection","/collections/anime-elf-sex-doll",6,7,0,0,0,0,14,,0,0,0,29.571428571428573,2,0.7142857142857143,,5,6,7,0,0,0,0,14,,0,0,0,29.571428571428573,2,0.7142857142857143,,5,0,0,,,,,0,,,,,0,0,0,,0
"Collection","/collections/irontech-doll",6,7,0,0,0,0,23,,0,0,0,177,3.2857142857142856,0.42857142857142855,,3,6,7,0,0,0,0,23,,0,0,0,177,3.2857142857142856,0.42857142857142855,,3,0,0,,,,,0,,,,,0,0,0,,0
"Blog Article","/blogs/dolls-info-qustions/comprehensive-analysis-of-ai-sex-doll-automatic-tongue-function",7,7,0,0,0,0,13,,0,0,0,11.714285714285714,1.8571428571428572,0.8571428571428571,,6,7,7,0,0,0,0,13,,0,0,0,11.714285714285714,1.8571428571428572,0.8571428571428571,,6,0,0,,,,,0,,,,,0,0,0,,0
"Product","/products/aibei-doll-157cm-tpe-full-sex-doll-f8610",7,7,0,0,0,0,56,,0,0,0,586.1428571428571,8,0.14285714285714285,,1,7,7,0,0,0,0,56,,0,0,0,586.1428571428571,8,0.14285714285714285,,1,0,0,,,,,0,,,,,0,0,0,,0
"Blog Article","/blogs/dolls-info-qustions/welcome-to-future-ai-sex-doll-function-exploration",6,7,0,0,0,0,26,,0,0,0,63,3.7142857142857144,0.7142857142857143,,5,6,7,0,0,0,0,26,,0,0,0,63,3.7142857142857144,0.7142857142857143,,5,0,0,,,,,0,,,,,0,0,0,,0
"Product","/products/a303-silicone-big-butt-torso-lightweight-realistic-vagina",7,7,1,0,0,0,27,,0.14285714285714285,0,0,230.14285714285714,3.857142857142857,0.7142857142857143,,5,7,7,1,0,0,0,27,,0.14285714285714285,0,0,230.14285714285714,3.857142857142857,0.7142857142857143,,5,0,0,0,,,,0,,0,,,0,0,0,,0
"Blog Article","/blogs/dolls-info-qustions/4-things-tell-you-how-to-use-a-lesbian-sex-doll",6,7,0,0,0,0,8,,0,0,0,2.142857142857143,1.1428571428571428,0.8571428571428571,,6,6,7,0,0,0,0,8,,0,0,0,2.142857142857143,1.1428571428571428,0.8571428571428571,,6,0,0,,,,,0,,,,,0,0,0,,0
"Product","/products/p79-11-02lb-hentai-best-mini-bbw-sex-doll-torso-mrl",4,7,0,0,0,0,19,,0,0,0,168.71428571428572,2.7142857142857144,0.42857142857142855,,3,4,7,0,0,0,0,19,,0,0,0,168.71428571428572,2.7142857142857144,0.42857142857142855,,3,0,0,,,,,0,,,,,0,0,0,,0
"Product","/products/f5928-165cm-5ft4-37-5kg-f-cup-realistic-lifesize-silicone-celebrity-sex-doll-zelex-doll",7,7,0,0,0,0,36,,0,0,0,153.57142857142858,5.142857142857143,0,,0,7,7,0,0,0,0,36,,0,0,0,153.57142857142858,5.142857142857143,0,,0,0,0,,,,,0,,,,,0,0,,,
"Collection","/collections/breast-toy",7,7,0,0,0,0,17,,0,0,0,69.14285714285714,2.4285714285714284,0.5714285714285714,,4,7,7,0,0,0,0,17,,0,0,0,69.14285714285714,2.4285714285714284,0.5714285714285714,,4,0,0,,,,,0,,,,,0,0,0,,0
"Collection","/collections/anime-hentai-sex-doll",7,7,0,0,0,0,50,,0,0,0,543.8571428571429,7.142857142857143,0.7142857142857143,,5,7,7,0,0,0,0,50,,0,0,0,543.8571428571429,7.142857142857143,0.7142857142857143,,5,0,0,,,,,0,,,,,0,0,0,,0
,"/de/collections/huge-breasts-sex-dolls",5,7,0,0,0,0,9,,0,0,0,6.285714285714286,1.2857142857142858,0.7142857142857143,,5,5,7,0,0,0,0,9,,0,0,0,6.285714285714286,1.2857142857142858,0.7142857142857143,,5,0,0,,,,,0,,,,,0,0,0,,0
"Product","/products/f5978-156cm-5ft1-f-cup-big-ass-large-breast-silicone-head-sex-doll-2025-sy-doll",2,7,0,0,0,0,7,,0,0,0,0,1,1,,7,2,7,0,0,0,0,7,,0,0,0,0,1,1,,7,0,0,,,,,0,,,,,,0,0,,0
"Product","/products/f5108-150cm-4ft9-d-cup-jan-asian-sexy-silicone-sex-doll-jx-doll",1,7,0,0,0,0,7,,0,0,0,0,1,1,,7,1,7,0,0,0,0,7,,0,0,0,0,1,1,,7,0,0,,,,,0,,,,,,0,0,,0
,"/en-fi",7,7,0,0,0,0,51,,0,0,0,222.14285714285714,7.285714285714286,0.14285714285714285,,1,7,7,0,0,0,0,51,,0,0,0,222.14285714285714,7.285714285714286,0.14285714285714285,,1,0,0,,,,,0,,,,,0,0,0,,0
,"/en-ca/collections/fake-pussy-fake-vagina-sex-toys",6,6,0,0,0,0,42,,0,0,0,244.16666666666666,7,0.5,,3,6,6,0,0,0,0,42,,0,0,0,244.16666666666666,7,0.5,,3,0,0,,,,,0,,,,,0,0,0,,0
"Collection","/collections/climax-doll-full-body-doll",6,6,0,0,0,0,14,,0,0,0,59,2.3333333333333335,0.3333333333333333,,2,6,6,0,0,0,0,14,,0,0,0,59,2.3333333333333335,0.3333333333333333,,2,0,0,,,,,0,,,,,0,0,0,,0
"Product","/products/t6-luxury-realistic-flat-chested-sex-doll-torso",6,6,0,0,0,0,9,,0,0,0,257.1666666666667,1.5,0.6666666666666666,,4,6,6,0,0,0,0,9,,0,0,0,257.1666666666667,1.5,0.6666666666666666,,4,0,0,,,,,0,,,,,0,0,0,,0
,"/ja/collections/ai-sex-doll",6,6,0,0,0,0,23,,0,0,0,50,3.8333333333333335,0.8333333333333334,,5,6,6,0,0,0,0,23,,0,0,0,50,3.8333333333333335,0.8333333333333334,,5,0,0,,,,,0,,,,,0,0,0,,0
"Blog Article","/blogs/featured-blog/over-10-effective-tips-for-drying-sex-doll-torso-vagina-and-anal",6,6,0,0,0,0,7,,0,0,0,98,1.1666666666666667,0.8333333333333334,,5,6,6,0,0,0,0,7,,0,0,0,98,1.1666666666666667,0.8333333333333334,,5,0,0,,,,,0,,,,,0,0,0,,0
"Product","/products/f6313-153cm-5ft4-29kg-b-cup-silicone-closed-eye-asian-sex-doll-firefly-diary-max",2,6,0,1,0,0,34,0,0,0.16666666666666666,0,234.5,5.666666666666667,0.5,,3,2,6,0,1,0,0,34,0,0,0.16666666666666666,0,234.5,5.666666666666667,0.5,,3,0,0,,0,,,0,,,0,,0,0,0,,0
,"/ja/collections/vibrating-sex-doll-torso",6,6,0,0,0,0,10,,0,0,0,130.5,1.6666666666666667,0.5,,3,6,6,0,0,0,0,10,,0,0,0,130.5,1.6666666666666667,0.5,,3,0,0,,,,,0,,,,,0,0,0,,0
,"/de/collections/foot-pocket-pussy",6,6,0,0,0,0,27,,0,0,0,134.16666666666666,4.5,0.6666666666666666,,4,6,6,0,0,0,0,27,,0,0,0,134.16666666666666,4.5,0.6666666666666666,,4,0,0,,,,,0,,,,,0,0,0,,0
,"/ja/blogs/dolls-info-qustions/whats-the-deal-with-moaning-sex-robots-anyway",6,6,0,0,0,0,6,,0,0,0,0,1,1,,6,6,6,0,0,0,0,6,,0,0,0,0,1,1,,6,0,0,,,,,0,,,,,,0,0,,0
"Product","/products/products-a684-big-booty-ssbbw-gel-41-8lb-realistic-torso",5,6,1,1,0,0,20,0,0.16666666666666666,0.16666666666666666,0,404,3.3333333333333335,0.8333333333333334,0,5,5,6,1,1,0,0,20,0,0.16666666666666666,0.16666666666666666,0,404,3.3333333333333335,0.8333333333333334,0,5,0,0,0,0,,,0,,0,0,,0,0,0,,0
"Blog Article","/blogs/dolls-info-qustions/elevate-your-experience-popular-ai-girlfriend-software-to-enhance-your-connection-with-sex-dolls",6,6,0,0,0,0,6,,0,0,0,0,1,1,,6,6,6,0,0,0,0,6,,0,0,0,0,1,1,,6,0,0,,,,,0,,,,,,0,0,,0
"Blog Article","/blogs/dolls-info-qustions/zelex-sle-3-0-upgrade-all-new-features-same-great-price",5,6,0,0,0,0,8,,0,0,0,103.33333333333333,1.3333333333333333,0.6666666666666666,,4,5,6,0,0,0,0,8,,0,0,0,103.33333333333333,1.3333333333333333,0.6666666666666666,,4,0,0,,,,,0,,,,,0,0,0,,0
"Collection","/collections/full-round-huge-breast-sex-doll",6,6,0,0,0,0,12,,0,0,0,27.333333333333332,2,0.3333333333333333,,2,6,6,0,0,0,0,12,,0,0,0,27.333333333333332,2,0.3333333333333333,,2,0,0,,,,,0,,,,,0,0,0,,0
,"/en-fi/collections/femboys-sex-doll",6,6,0,0,0,0,14,,0,0,0,188.5,2.3333333333333335,0.3333333333333333,,2,6,6,0,0,0,0,14,,0,0,0,188.5,2.3333333333333335,0.3333333333333333,,2,0,0,,,,,0,,,,,0,0,0,,0
"Collection","/collections/mlw-doll",6,6,0,0,0,0,12,,0,0,0,42.5,2,0.8333333333333334,,5,6,6,0,0,0,0,12,,0,0,0,42.5,2,0.8333333333333334,,5,0,0,,,,,0,,,,,0,0,0,,0
,"/de/collections/celebrity-sex-dolls",6,6,0,0,0,0,8,,0,0,0,4.166666666666667,1.3333333333333333,0.8333333333333334,,5,6,6,0,0,0,0,8,,0,0,0,4.166666666666667,1.3333333333333333,0.8333333333333334,,5,0,0,,,,,0,,,,,0,0,0,,0
"Product","/products/b38-17-1lb-full-bust-36-2inch-yellow-silicone-titjob-boob-job-breast-sex-titty-fucking-mammary-intercourse-sex-toy",4,6,0,0,0,0,47,,0,0,0,361.1666666666667,7.833333333333333,0.3333333333333333,,2,4,6,0,0,0,0,47,,0,0,0,361.1666666666667,7.833333333333333,0.3333333333333333,,2,0,0,,,,,0,,,,,0,0,0,,0
"Collection","/collections/all/big-ass",6,6,0,0,0,0,39,,0,0,0,234.66666666666666,6.5,0.3333333333333333,,2,6,6,0,0,0,0,39,,0,0,0,234.66666666666666,6.5,0.3333333333333333,,2,0,0,,,,,0,,,,,0,0,0,,0
"Product","/products/f2460-164cm5-4ft-39kg-g-cup-life-size-silicone-head-sex-doll-in-stock-us-sigafun-doll",6,6,0,0,0,0,9,,0,0,0,22.5,1.5,0.8333333333333334,,5,6,6,0,0,0,0,9,,0,0,0,22.5,1.5,0.8333333333333334,,5,0,0,,,,,0,,,,,0,0,0,,0
,"/ja/collections/mini-hentai-sex-doll",6,6,0,0,0,0,10,,0,0,0,114.66666666666667,1.6666666666666667,0.8333333333333334,,5,6,6,0,0,0,0,10,,0,0,0,114.66666666666667,1.6666666666666667,0.8333333333333334,,5,0,0,,,,,0,,,,,0,0,0,,0
,"/en-ca/collections/under-100",6,6,1,0,0,0,17,,0.16666666666666666,0,0,125.33333333333333,2.8333333333333335,0.5,,3,6,6,1,0,0,0,17,,0.16666666666666666,0,0,125.33333333333333,2.8333333333333335,0.5,,3,0,0,0,,,,0,,0,,,0,0,0,,0
"Product","/products/h442-ros-free-hair-impants-real-oral-movable-jaw-silicone-sex-doll-head-sy-doll",6,6,0,0,0,0,6,,0,0,0,0,1,1,,6,6,6,0,0,0,0,6,,0,0,0,0,1,1,,6,0,0,,,,,0,,,,,,0,0,,0
"Blog Article","/blogs/dolls-info-qustions/bringing-fantasies-to-life-the-ultimate-sex-doll-roleplay-experience",6,6,0,0,0,0,6,,0,0,0,0,1,1,,6,6,6,0,0,0,0,6,,0,0,0,0,1,1,,6,0,0,,,,,0,,,,,,0,0,,0
"Collection","/collections/mini-bbw-sex-doll",6,6,0,0,0,0,13,,0,0,0,329.8333333333333,2.1666666666666665,0.5,,3,6,6,0,0,0,0,13,,0,0,0,329.8333333333333,2.1666666666666665,0.5,,3,0,0,,,,,0,,,,,0,0,0,,0
"Blog Article","/blogs/dolls-info-qustions/vine-talk-aibox-bringing-your-girl-to-life-and-understanding-your-heart",6,6,0,0,1,0.16666666666666666,15,,0,0,0,544.5,2.5,0.6666666666666666,,4,6,6,0,0,1,0.16666666666666666,15,,0,0,0,544.5,2.5,0.6666666666666666,,4,0,0,,,0,0,0,,,,,0,0,0,,0
,"/de/collections/bbw-milf-sex-doll",6,6,0,0,0,0,18,,0,0,0,160.83333333333334,3,0.5,,3,6,6,0,0,0,0,18,,0,0,0,160.83333333333334,3,0.5,,3,0,0,,,,,0,,,,,0,0,0,,0
,"/de/collections/vendors",6,6,0,0,0,0,15,,0,0,0,27.833333333333332,2.5,0.6666666666666666,,4,6,6,0,0,0,0,15,,0,0,0,27.833333333333332,2.5,0.6666666666666666,,4,0,0,,,,,0,,,,,0,0,0,,0
"Blog Article","/blogs/dolls-info-qustions/top-5-sex-doll-anal",6,6,0,0,0,0,7,,0,0,0,77,1.1666666666666667,0.8333333333333334,,5,6,6,0,0,0,0,7,,0,0,0,77,1.1666666666666667,0.8333333333333334,,5,0,0,,,,,0,,,,,0,0,0,,0
"Blog Article","/blogs/dolls-info-qustions/why-do-female-characters-in-anime-often-have-exaggeratedly-large-breasts",6,6,0,0,0,0,9,,0,0,0,1.5,1.5,0.8333333333333334,,5,6,6,0,0,0,0,9,,0,0,0,1.5,1.5,0.8333333333333334,,5,0,0,,,,,0,,,,,0,0,0,,0
"Custom Page","/pages/ai-robot-function-videos",6,6,0,0,0,0,15,,0,0,0,68.16666666666667,2.5,0.6666666666666666,,4,6,6,0,0,0,0,15,,0,0,0,68.16666666666667,2.5,0.6666666666666666,,4,0,0,,,,,0,,,,,0,0,0,,0
"Product","/products/a660-big-ass-torso-silicone-25lb-super-elastic-realistic",6,6,0,0,0,0,6,,0,0,0,0,1,1,,6,6,6,0,0,0,0,6,,0,0,0,0,1,1,,6,0,0,,,,,0,,,,,,0,0,,0
"Blog Article","/blogs/dolls-info-qustions/how-to-play-with-a-big-booty-sex-doll-these-positions-will-blow-your-mind",6,6,0,0,0,0,7,,0,0,0,10.333333333333334,1.1666666666666667,0.8333333333333334,,5,6,6,0,0,0,0,7,,0,0,0,10.333333333333334,1.1666666666666667,0.8333333333333334,,5,0,0,,,,,0,,,,,0,0,0,,0
"Product","/collections/sex-doll-torso/products/55cm-big-boobs-torso-sex-doll-502-sex-doll-torso",6,6,0,0,0,0,88,,0,0,0,619.1666666666666,14.666666666666666,0,,0,6,6,0,0,0,0,88,,0,0,0,619.1666666666666,14.666666666666666,0,,0,0,0,,,,,0,,,,,0,0,,,
"Product","/collections/sex-doll-torso/products/test-501-25-3lb-45cm-life-sized-and-realistic-bbw-sex-doll-torso",5,6,0,0,0,0,11,,0,0,0,76.83333333333333,1.8333333333333333,0.5,,3,5,6,0,0,0,0,11,,0,0,0,76.83333333333333,1.8333333333333333,0.5,,3,0,0,,,,,0,,,,,0,0,0,,0
"Product","/products/h658-thick-big-lips-silicone-sex-doll-head-%E4%B8%A8doll-castle-head",6,6,0,0,0,0,17,,0,0,0,25.5,2.8333333333333335,0.6666666666666666,,4,6,6,0,0,0,0,17,,0,0,0,25.5,2.8333333333333335,0.6666666666666666,,4,0,0,,,,,0,,,,,0,0,0,,0
"Blog Article","/blogs/real-sex-doll-reviews-pros-cons-real-usage-tests/top-8-big-ass-sex-doll-torsos-you-can-t-resist",6,6,0,0,0,0,16,,0,0,0,110.5,2.6666666666666665,0.6666666666666666,,4,6,6,0,0,0,0,16,,0,0,0,110.5,2.6666666666666665,0.6666666666666666,,4,0,0,,,,,0,,,,,0,0,0,,0
"Blog Article","/blogs/dolls-info-qustions/what-oral-depth-of-a-sex-doll-head-is-best-for-blowjobs",6,6,0,0,0,0,17,,0,0,0,142.83333333333334,2.8333333333333335,0.6666666666666666,,4,6,6,0,0,0,0,17,,0,0,0,142.83333333333334,2.8333333333333335,0.6666666666666666,,4,0,0,,,,,0,,,,,0,0,0,,0
,"/en-ca/collections/black-male-sex-doll",6,6,0,0,0,0,9,,0,0,0,12.166666666666666,1.5,0.6666666666666666,,4,6,6,0,0,0,0,9,,0,0,0,12.166666666666666,1.5,0.6666666666666666,,4,0,0,,,,,0,,,,,0,0,0,,0
"Collection","/collections/dildo-male-sex-doll",6,6,0,0,0,0,8,,0,0,0,15.5,1.3333333333333333,0.8333333333333334,,5,6,6,0,0,0,0,8,,0,0,0,15.5,1.3333333333333333,0.8333333333333334,,5,0,0,,,,,0,,,,,0,0,0,,0
"Blog Article","/blogs/dolls-info-qustions/what-size-penis-should-you-buy-for-your-male-sex-doll",6,6,0,0,0,0,11,,0,0,0,81.5,1.8333333333333333,0.6666666666666666,,4,6,6,0,0,0,0,11,,0,0,0,81.5,1.8333333333333333,0.6666666666666666,,4,0,0,,,,,0,,,,,0,0,0,,0
,"/en-ca/collections/ros-sex-doll-heads-1",6,6,0,0,0,0,12,,0,0,0,106,2,0.5,,3,6,6,0,0,0,0,12,,0,0,0,106,2,0.5,,3,0,0,,,,,0,,,,,0,0,0,,0
"Collection","/collections/sex-focused-robot-sex-doll",6,6,0,0,0,0,27,,0,0,0,216.5,4.5,0.5,,3,6,6,0,0,0,0,27,,0,0,0,216.5,4.5,0.5,,3,0,0,,,,,0,,,,,0,0,0,,0
"Blog Article","/blogs/sex-doll-torso-blog/top-7-sex-doll-torsos",6,6,0,0,0,0,16,,0,0,0,276.6666666666667,2.6666666666666665,0.8333333333333334,,5,6,6,0,0,0,0,16,,0,0,0,276.6666666666667,2.6666666666666665,0.8333333333333334,,5,0,0,,,,,0,,,,,0,0,0,,0
"Collection","/collections/flat-chest-japanese-sex-doll",6,6,0,0,0,0,9,,0,0,0,12.333333333333334,1.5,0.6666666666666666,,4,6,6,0,0,0,0,9,,0,0,0,12.333333333333334,1.5,0.6666666666666666,,4,0,0,,,,,0,,,,,0,0,0,,0
"Product","/products/f4893-huge-butt-tpe-bbw-sex-dolls%E4%B8%A8sy-doll",6,6,1,0,0,0,90,,0.16666666666666666,0,0,1309.1666666666667,15,0.5,,3,6,6,1,0,0,0,90,,0.16666666666666666,0,0,1309.1666666666667,15,0.5,,3,0,0,0,,,,0,,0,,,0,0,0,,0
"Product","/products/f9189-178cm-5ft10-67-5kg-i-cup-ros-silicone-life-size-male-trans-sex-doll-doll-castle",6,6,0,0,0,0,8,,0,0,0,54.833333333333336,1.3333333333333333,0.8333333333333334,,5,6,6,0,0,0,0,8,,0,0,0,54.833333333333336,1.3333333333333333,0.8333333333333334,,5,0,0,,,,,0,,,,,0,0,0,,0
"Blog Article","/blogs/dolls-info-qustions/what-are-sex-dolls-made-of-complete-material-guide",5,5,0,0,0,0,5,,0,0,0,0,1,1,,5,5,5,0,0,0,0,5,,0,0,0,0,1,1,,5,0,0,,,,,0,,,,,,0,0,,0
"Collection","/collections/gay-sex-doll",5,5,0,0,0,0,5,,0,0,0,0,1,1,,5,5,5,0,0,0,0,5,,0,0,0,0,1,1,,5,0,0,,,,,0,,,,,,0,0,,0
,"/en-fi/collections/flat-chest-sex-doll",5,5,0,0,0,0,15,,0,0,0,198.6,3,0.2,,1,5,5,0,0,0,0,15,,0,0,0,198.6,3,0.2,,1,0,0,,,,,0,,,,,0,0,0,,0
,"/de/collections/electric-pocket-pussy",5,5,0,0,0,0,7,,0,0,0,6,1.4,0.8,,4,5,5,0,0,0,0,7,,0,0,0,6,1.4,0.8,,4,0,0,,,,,0,,,,,0,0,0,,0
"Product","/products/f2537-ros-silicone-head-tpe-body-huge-breast-sex-doll",5,5,1,1,0,0,72,0,0.2,0.2,0,644.6,14.4,0,0,0,5,5,1,1,0,0,72,0,0.2,0.2,0,644.6,14.4,0,0,0,0,0,0,0,,,0,,0,0,,0,0,,,
"Collection","/collections/big-ass-sex-doll-curvy-sex-doll",5,5,0,0,0,0,8,,0,0,0,42.8,1.6,0.4,,2,5,5,0,0,0,0,8,,0,0,0,42.8,1.6,0.4,,2,0,0,,,,,0,,,,,0,0,0,,0
"Checkout","/60719464687/orders/e35923205eb0cf19b399cd600b4bbbf4",5,5,0,0,0,0,5,,0,0,0,0,1,1,,5,5,5,0,0,0,0,5,,0,0,0,0,1,1,,5,0,0,,,,,0,,,,,,0,0,,0
"Blog Article","/blogs/dolls-info-qustions/masturbation-place",5,5,0,0,0,0,5,,0,0,0,0,1,1,,5,5,5,0,0,0,0,5,,0,0,0,0,1,1,,5,0,0,,,,,0,,,,,,0,0,,0
,"/ja/collections/foot-toy",5,5,0,0,0,0,14,,0,0,0,96.4,2.8,0.8,,4,5,5,0,0,0,0,14,,0,0,0,96.4,2.8,0.8,,4,0,0,,,,,0,,,,,0,0,0,,0
"Collection","/collections/100-199",5,5,0,0,0,0,19,,0,0,0,137.8,3.8,0.6,,3,5,5,0,0,0,0,19,,0,0,0,137.8,3.8,0.6,,3,0,0,,,,,0,,,,,0,0,0,,0
"Product","/products/a323-big-ass-torso-liquid-silicone-32lb-chubby-belly-ass",5,5,0,0,0,0,8,,0,0,0,200.6,1.6,0.6,,3,5,5,0,0,0,0,8,,0,0,0,200.6,1.6,0.6,,3,0,0,,,,,0,,,,,0,0,0,,0
,"/en-fi/collections/futa-sex-doll",5,5,0,0,0,0,9,,0,0,0,17,1.8,0.4,,2,5,5,0,0,0,0,9,,0,0,0,17,1.8,0.4,,2,0,0,,,,,0,,,,,0,0,0,,0
"Blog Article","/blogs/dolls-info-qustions/the-best-asian-sex-doll-bezlya-sex-doll-2-2u-series-function-analysis",5,5,0,0,0,0,11,,0,0,0,46.8,2.2,0.8,,4,5,5,0,0,0,0,11,,0,0,0,46.8,2.2,0.8,,4,0,0,,,,,0,,,,,0,0,0,,0
"Product","/products/b38-17-1lb-suntan-silicone-sex-doll-titfuck-torso",5,5,0,0,0,0,16,,0,0,0,235.2,3.2,0.6,,3,5,5,0,0,0,0,16,,0,0,0,235.2,3.2,0.6,,3,0,0,,,,,0,,,,,0,0,0,,0
"Collection","/collections/elf-sex-doll-heads",5,5,0,0,0,0,7,,0,0,0,22,1.4,0.8,,4,5,5,0,0,0,0,7,,0,0,0,22,1.4,0.8,,4,0,0,,,,,0,,,,,0,0,0,,0
,"/en-ca/collections/foot-pocket-pussy",5,5,0,0,0,0,9,,0,0,0,69.6,1.8,0.8,,4,5,5,0,0,0,0,9,,0,0,0,69.6,1.8,0.8,,4,0,0,,,,,0,,,,,0,0,0,,0
"Product","/products/f2574-168cm-h-cup-most-realistic-sex-doll-silicone",4,5,0,0,0,0,15,,0,0,0,30.2,3,0.6,,3,4,5,0,0,0,0,15,,0,0,0,30.2,3,0.6,,3,0,0,,,,,0,,,,,0,0,0,,0
"Checkout","/60719464687/orders/f8313f6e543100bf5d176183412a92e2",1,5,0,0,0,0,5,,0,0,0,0,1,1,,5,1,5,0,0,0,0,5,,0,0,0,0,1,1,,5,0,0,,,,,0,,,,,,0,0,,0
,"/en-ca/products/f6209-172cm-5-6ft-37-5kg-a-cup-realistic-flat-chest-sex-doll-top-cydoll",5,5,0,0,0,0,19,,0,0,0,236.2,3.8,0.4,,2,5,5,0,0,0,0,19,,0,0,0,236.2,3.8,0.4,,2,0,0,,,,,0,,,,,0,0,0,,0
"Collection","/collections/big-ass-sex-doll-head-torso",5,5,0,0,0,0,18,,0,0,0,273.8,3.6,0.2,,1,5,5,0,0,0,0,18,,0,0,0,273.8,3.6,0.2,,1,0,0,,,,,0,,,,,0,0,0,,0
"Collection","/collections/jiuai",5,5,0,0,0,0,16,,0,0,0,54.6,3.2,0.8,,4,5,5,0,0,0,0,16,,0,0,0,54.6,3.2,0.8,,4,0,0,,,,,0,,,,,0,0,0,,0
"Product","/products/p88-24-3lb-sex-dolls-torso-mrl",5,5,0,0,0,0,5,,0,0,0,0,1,1,,5,5,5,0,0,0,0,5,,0,0,0,0,1,1,,5,0,0,,,,,0,,,,,,0,0,,0
"Blog Article","/blogs/featured-blog/the-differences-between-tpe-and-silicone-vajankle",5,5,0,0,0,0,13,,0,0,0,332.2,2.6,0.6,,3,5,5,0,0,0,0,13,,0,0,0,332.2,2.6,0.6,,3,0,0,,,,,0,,,,,0,0,0,,0
"Collection","/collections/aibei-doll",4,5,0,0,0,0,9,,0,0,0,15.2,1.8,0.8,,4,4,5,0,0,0,0,9,,0,0,0,15.2,1.8,0.8,,4,0,0,,,,,0,,,,,0,0,0,,0
"Checkout","/60719464687/orders/d76883a12c222121e40006f5fd0788a7",5,5,0,0,0,0,13,,0,0,0,76.8,2.6,0.8,,4,5,5,0,0,0,0,13,,0,0,0,76.8,2.6,0.8,,4,0,0,,,,,0,,,,,0,0,0,,0
,"/de/collections/full-femboy-sex-doll",5,5,0,0,0,0,5,,0,0,0,0,1,1,,5,5,5,0,0,0,0,5,,0,0,0,0,1,1,,5,0,0,,,,,0,,,,,,0,0,,0
"Blog Article","/blogs/dolls-info-qustions/how-a-most-realistic-male-sex-doll-is-manufactured",5,5,0,0,0,0,10,,0,0,0,22.4,2,0.8,,4,5,5,0,0,0,0,10,,0,0,0,22.4,2,0.8,,4,0,0,,,,,0,,,,,0,0,0,,0
"Product","/products/f9302-150cm-4ft9-41kg-b-cup-ros-silicone-head-shemale-tiny-sex-dolls-doll-castle",5,5,0,0,0,0,12,,0,0,0,59.2,2.4,0.4,,2,5,5,0,0,0,0,12,,0,0,0,59.2,2.4,0.4,,2,0,0,,,,,0,,,,,0,0,0,,0
,"/de/blogs/dolls-info-qustions/ridmii-tenar-f9127-new-ai-sex-doll",4,5,0,0,0,0,15,,0,0,0,368,3,0.6,,3,4,5,0,0,0,0,15,,0,0,0,368,3,0.6,,3,0,0,,,,,0,,,,,0,0,0,,0
,"/en-fi/blogs/dolls-info-qustions/exploring-the-best-breasts-for-titty-fucking",5,5,0,0,0,0,6,,0,0,0,0.2,1.2,0.8,,4,5,5,0,0,0,0,6,,0,0,0,0.2,1.2,0.8,,4,0,0,,,,,0,,,,,0,0,0,,0
"Blog Article","/blogs/dolls-info-qustions/how-women-use-sex-dolls",5,5,0,0,0,0,5,,0,0,0,0,1,1,,5,5,5,0,0,0,0,5,,0,0,0,0,1,1,,5,0,0,,,,,0,,,,,,0,0,,0
"Product","/products/t664-15-43lbs-tpr-9-4in-dildo-detachable-real-male-ai-sex-doll-torso-xinse",5,5,0,0,0,0,9,,0,0,0,25.2,1.8,0.8,,4,5,5,0,0,0,0,9,,0,0,0,25.2,1.8,0.8,,4,0,0,,,,,0,,,,,0,0,0,,0
"Blog Article","/blogs/dolls-info-qustions/how-to-be-a-qualified-cowboy-through-a-male-sex-doll",5,5,0,0,0,0,8,,0,0,0,81.4,1.6,0.6,,3,5,5,0,0,0,0,8,,0,0,0,81.4,1.6,0.6,,3,0,0,,,,,0,,,,,0,0,0,,0
"Custom Page","/pages/ai-sex-doll-function",5,5,0,0,0,0,24,,0,0,0,80,4.8,0.4,,2,5,5,0,0,0,0,24,,0,0,0,80,4.8,0.4,,2,0,0,,,,,0,,,,,0,0,0,,0
"Collection","/collections/pornstar-sex-doll",5,5,0,0,0,0,6,,0,0,0,317.6,1.2,0.8,,4,5,5,0,0,0,0,6,,0,0,0,317.6,1.2,0.8,,4,0,0,,,,,0,,,,,0,0,0,,0
"Collection","/collections/anime-sex-doll-heads",5,5,0,0,0,0,26,,0,0,0,253.4,5.2,0.2,,1,5,5,0,0,0,0,26,,0,0,0,253.4,5.2,0.2,,1,0,0,,,,,0,,,,,0,0,0,,0
"Checkout","/60719464687/orders/8f75925a4f7d2c6b98083d6143045094",1,5,0,0,0,0,6,,0,0,0,261.8,1.2,0.8,,4,1,5,0,0,0,0,6,,0,0,0,261.8,1.2,0.8,,4,0,0,,,,,0,,,,,0,0,0,,0
"Product","/products/f7626-163cm5-3ft-e-cup-great-huge-butt-tpe-body-silicone-head-sex-doll-for-men%E4%B8%A8sy-doll",5,5,1,0,0,0,12,,0.2,0,0,575,2.4,0.8,,4,5,5,1,0,0,0,12,,0.2,0,0,575,2.4,0.8,,4,0,0,0,,,,0,,0,,,0,0,0,,0
"Product","/products/a682-big-ass-torso-silicone-19lb-sucking-vibration",4,5,0,0,0,0,9,,0,0,0,18.2,1.8,0.4,,2,4,5,0,0,0,0,9,,0,0,0,18.2,1.8,0.4,,2,0,0,,,,,0,,,,,0,0,0,,0
"Collection","/collections/red-head-sex-doll",5,5,0,0,0,0,12,,0,0,0,87.6,2.4,0.6,,3,5,5,0,0,0,0,12,,0,0,0,87.6,2.4,0.6,,3,0,0,,,,,0,,,,,0,0,0,,0
"Collection","/collections/in-stock-sex-doll-heads",5,5,0,0,0,0,13,,0,0,0,114.6,2.6,0.6,,3,5,5,0,0,0,0,13,,0,0,0,114.6,2.6,0.6,,3,0,0,,,,,0,,,,,0,0,0,,0
,"/en-fi/collections/shemale-sex-doll-torso-1",5,5,0,0,0,0,20,,0,0,0,128.2,4,0.2,,1,5,5,0,0,0,0,20,,0,0,0,128.2,4,0.2,,1,0,0,,,,,0,,,,,0,0,0,,0
"Collection","/collections/lusandy-doll",4,5,0,0,0,0,9,,0,0,0,618.6,1.8,0.4,,2,4,5,0,0,0,0,9,,0,0,0,618.6,1.8,0.4,,2,0,0,,,,,0,,,,,0,0,0,,0
"Collection","/collections/tpe-sex-doll-head",3,5,0,0,0,0,14,,0,0,0,72,2.8,0.8,,4,3,5,0,0,0,0,14,,0,0,0,72,2.8,0.8,,4,0,0,,,,,0,,,,,0,0,0,,0
"Blog Article","/blogs/featured-blog/the-best-hyper-realistic-sex-dolls-brands-features-and-buying-guide",5,5,0,0,0,0,22,,0,0,0,859,4.4,0.6,,3,5,5,0,0,0,0,22,,0,0,0,859,4.4,0.6,,3,0,0,,,,,0,,,,,0,0,0,,0
"Collection","/collections/firefly-diary-videos",2,5,0,0,0,0,10,,0,0,0,106,2,0.6,,3,2,5,0,0,0,0,10,,0,0,0,106,2,0.6,,3,0,0,,,,,0,,,,,0,0,0,,0
,"/de/collections/petite-sex-doll",5,5,0,0,0,0,31,,0,0,0,93.6,6.2,0.6,,3,5,5,0,0,0,0,31,,0,0,0,93.6,6.2,0.6,,3,0,0,,,,,0,,,,,0,0,0,,0
"Product","/products/lightweight-ass-toy-silicone-8-5lb-a805",5,5,0,0,0,0,5,,0,0,0,0,1,1,,5,5,5,0,0,0,0,5,,0,0,0,0,1,1,,5,0,0,,,,,0,,,,,,0,0,,0
"Product","/products/f1246-164cm-f-cup-luna-big-boobs-silicone-sex-doll-in-stock-usa-irontech-doll",5,5,0,0,0,0,5,,0,0,0,0,1,1,,5,5,5,0,0,0,0,5,,0,0,0,0,1,1,,5,0,0,,,,,0,,,,,,0,0,,0
,"/en-fi/blogs/dolls-info-qustions/%F0%9F%94%A5-top-5-most-popular-big-butt-chubby-belly-curvy-body-pornstar-style-sex-dolls-in-2025-%F0%9F%94%A5",5,5,0,0,0,0,7,,0,0,0,4.8,1.4,0.6,,3,5,5,0,0,0,0,7,,0,0,0,4.8,1.4,0.6,,3,0,0,,,,,0,,,,,0,0,0,,0
,"/en-fi/blogs/dolls-info-qustions/how-to-make-a-fake-ass-sex-toy",5,5,0,0,0,0,10,,0,0,0,55.2,2,0.6,,3,5,5,0,0,0,0,10,,0,0,0,55.2,2,0.6,,3,0,0,,,,,0,,,,,0,0,0,,0
"Product","/products/f9406-5ft4-39kg-silicone-anime-hentai-sex-toy-female-sex-doll-elsa-babe",2,5,0,0,0,0,43,,0,0,0,758.8,8.6,0.4,,2,2,5,0,0,0,0,43,,0,0,0,758.8,8.6,0.4,,2,0,0,,,,,0,,,,,0,0,0,,0
"Custom Page","/pages/video9-irontech",5,5,0,0,0,0,18,,0,0,0,273.2,3.6,0.8,,4,5,5,0,0,0,0,18,,0,0,0,273.2,3.6,0.8,,4,0,0,,,,,0,,,,,0,0,0,,0
,"/en-ca/collections/sex-doll-legs",4,5,0,0,0,0,9,,0,0,0,33.4,1.8,0.6,,3,4,5,0,0,0,0,9,,0,0,0,33.4,1.8,0.6,,3,0,0,,,,,0,,,,,0,0,0,,0
"Collection","/collections/ass-mini-male-sex-doll",4,5,0,0,0,0,16,,0,0,0,349.6,3.2,0.8,,4,4,5,0,0,0,0,16,,0,0,0,349.6,3.2,0.8,,4,0,0,,,,,0,,,,,0,0,0,,0
,"/en-ca/collections/shemale-sex-doll",5,5,0,0,0,0,6,,0,0,0,3.6,1.2,0.8,,4,5,5,0,0,0,0,6,,0,0,0,3.6,1.2,0.8,,4,0,0,,,,,0,,,,,0,0,0,,0
"Collection","/collections/climax-doll",5,5,0,0,0,0,9,,0,0,0,81.4,1.8,0.6,,3,5,5,0,0,0,0,9,,0,0,0,81.4,1.8,0.6,,3,0,0,,,,,0,,,,,0,0,0,,0
"Product","/products/f2430a-158cm-5ft2-40kg-x-cup-bbs-lustina-weight-reduction-full-silicone-ssbbw-sex-doll-starpery-doll",2,5,0,0,0,0,9,,0,0,0,146,1.8,0.6,,3,2,5,0,0,0,0,9,,0,0,0,146,1.8,0.6,,3,0,0,,,,,0,,,,,0,0,0,,0
"Collection","/collections/silicone-sex-doll-heads",5,5,0,0,0,0,23,,0,0,0,123.4,4.6,0.2,,1,5,5,0,0,0,0,23,,0,0,0,123.4,4.6,0.2,,1,0,0,,,,,0,,,,,0,0,0,,0
"Collection","/collections/anime-sex-doll-cheap",5,5,0,0,0,0,8,,0,0,0,13.2,1.6,0.6,,3,5,5,0,0,0,0,8,,0,0,0,13.2,1.6,0.6,,3,0,0,,,,,0,,,,,0,0,0,,0
"Blog Article","/blogs/dolls-info-qustions/small-size-big-satisfaction-a-complete-real-life-sex-experience-review-of-the-mini-sex-doll",5,5,0,0,0,0,9,,0,0,0,126.2,1.8,0.8,,4,5,5,0,0,0,0,9,,0,0,0,126.2,1.8,0.8,,4,0,0,,,,,0,,,,,0,0,0,,0
"Product","/products/f6209-172cm-5-6ft-37-5kg-a-cup-realistic-flat-chest-sex-doll-top-cydoll",5,5,1,0,0,0,25,,0.2,0,0,364,5,0.6,,3,5,5,1,0,0,0,25,,0.2,0,0,364,5,0.6,,3,0,0,0,,,,0,,0,,,0,0,0,,0
"Checkout","/60719464687/orders/91ff283c54bdf80f1c9f1dbb181b3459",2,4,0,0,0,0,4,,0,0,0,0,1,1,,4,2,4,0,0,0,0,4,,0,0,0,0,1,1,,4,0,0,,,,,0,,,,,,0,0,,0
"Blog Article","/blogs/dolls-info-qustions/sex-experts-recommend-top-ten-sex-pillows-to-enhance-your-bbw-sex-doll-experience",4,4,0,0,0,0,4,,0,0,0,0,1,1,,4,4,4,0,0,0,0,4,,0,0,0,0,1,1,,4,0,0,,,,,0,,,,,,0,0,,0
"Product","/products/f5312-j-cup-ros-head-sex-doll-se-doll",4,4,0,0,0,0,10,,0,0,0,108.25,2.5,0.75,,3,4,4,0,0,0,0,10,,0,0,0,108.25,2.5,0.75,,3,0,0,,,,,0,,,,,0,0,0,,0
"Collection","/collections/anime-sex-doll-torso",4,4,0,0,0,0,11,,0,0,0,300.25,2.75,0.25,,1,4,4,0,0,0,0,11,,0,0,0,300.25,2.75,0.25,,1,0,0,,,,,0,,,,,0,0,0,,0
"Blog Article","/blogs/dolls-info-qustions/sex-positions-you-must-try",4,4,0,0,0,0,4,,0,0,0,0,1,1,,4,4,4,0,0,0,0,4,,0,0,0,0,1,1,,4,0,0,,,,,0,,,,,,0,0,,0
"Collection","/collections/600-999",4,4,0,0,0,0,9,,0,0,0,24,2.25,0.5,,2,4,4,0,0,0,0,9,,0,0,0,24,2.25,0.5,,2,0,0,,,,,0,,,,,0,0,0,,0
"Blog Article","/blogs/dolls-info-qustions/top-10-sex-doll-torsos-with-the-best-butt-feel",4,4,0,0,0,0,6,,0,0,0,122.25,1.5,0.75,,3,4,4,0,0,0,0,6,,0,0,0,122.25,1.5,0.75,,3,0,0,,,,,0,,,,,0,0,0,,0
"Blog Article","/blogs/dolls-info-qustions/pay-in-4",4,4,0,0,0,0,11,,0,0,0,41,2.75,0.5,,2,4,4,0,0,0,0,11,,0,0,0,41,2.75,0.5,,2,0,0,,,,,0,,,,,0,0,0,,0
"Collection","/collections/torso-in-stock-usa",4,4,0,0,0,0,8,,0,0,0,14.25,2,0,,0,4,4,0,0,0,0,8,,0,0,0,14.25,2,0,,0,0,0,,,,,0,,,,,0,0,,,
"Product","/products/f6146-161cm5ft3-29kg-a-cup-flat-chested-silicone-sex-doll-irontech-doll",4,4,0,0,0,0,4,,0,0,0,0,1,1,,4,4,4,0,0,0,0,4,,0,0,0,0,1,1,,4,0,0,,,,,0,,,,,,0,0,,0
"Product","/products/f9330-150cm-4ft9-41kg-b-cup-ros-silicone-head-shemale-doll-hot-sex-doll-castle",4,4,0,0,0,0,10,,0,0,0,57.25,2.5,0.5,,2,4,4,0,0,0,0,10,,0,0,0,57.25,2.5,0.5,,2,0,0,,,,,0,,,,,0,0,0,,0
"Product","/products/f1439-160cm5f3-39kg-f-cup-chubby-alien-blue-tpe-sex-doll-aibei-doll",1,4,0,0,0,0,4,,0,0,0,0,1,1,,4,1,4,0,0,0,0,4,,0,0,0,0,1,1,,4,0,0,,,,,0,,,,,,0,0,,0
"Product","/products/f7679-150cm4ft9-37-6kg-l-cup-s-tpe-gel-filled-life-size-anime-sex-doll-irokebijin-doll",4,4,1,0,0,0,19,,0.25,0,0,609.75,4.75,0.75,,3,4,4,1,0,0,0,19,,0.25,0,0,609.75,4.75,0.75,,3,0,0,0,,,,0,,0,,,0,0,0,,0
"Blog Article","/blogs/dolls-info-qustions/what-are-the-sex-positions-with-my-arab-sex-doll",4,4,0,0,0,0,4,,0,0,0,0,1,1,,4,4,4,0,0,0,0,4,,0,0,0,0,1,1,,4,0,0,,,,,0,,,,,,0,0,,0
"Product","/products/f4818-161cm-5ft346kg-m-cup-sexy-silicone-ros-bbw-sex-doll-doggystyle-hr-doll",3,4,0,0,0,0,6,,0,0,0,55.5,1.5,0.5,,2,3,4,0,0,0,0,6,,0,0,0,55.5,1.5,0.5,,2,0,0,,,,,0,,,,,0,0,0,,0
"Blog Article","/blogs/dolls-info-qustions/hentai-sex-doll-1v1-real-test-on-the-cleaning-resistance-of-ultra-durable-makeup-vs-regular-makeup",4,4,0,0,0,0,4,,0,0,0,0,1,1,,4,4,4,0,0,0,0,4,,0,0,0,0,1,1,,4,0,0,,,,,0,,,,,,0,0,,0
,"/en-fi/collections/fake-pussy-fake-vagina-sex-toys",3,4,0,0,0,0,12,,0,0,0,44,3,0.5,,2,3,4,0,0,0,0,12,,0,0,0,44,3,0.5,,2,0,0,,,,,0,,,,,0,0,0,,0
"Blog Article","/blogs/dolls-info-qustions/exploring-lightweight-options-recommended-weight-reduced-bbw-sex-dolls",4,4,0,0,0,0,4,,0,0,0,0,1,1,,4,4,4,0,0,0,0,4,,0,0,0,0,1,1,,4,0,0,,,,,0,,,,,,0,0,,0
"Blog Article","/blogs/dolls-info-qustions/the-ultimate-guide-to-starpery-sex-dolls-the-realism-and-innovation",4,4,0,0,0,0,10,,0,0,0,121.75,2.5,0.75,,3,4,4,0,0,0,0,10,,0,0,0,121.75,2.5,0.75,,3,0,0,,,,,0,,,,,0,0,0,,0
"Collection","/collections/best-selling-anime-sex-doll",4,4,0,0,0,0,11,,0,0,0,47.5,2.75,0.5,,2,4,4,0,0,0,0,11,,0,0,0,47.5,2.75,0.5,,2,0,0,,,,,0,,,,,0,0,0,,0
"Collection","/collections/japanese-cosplay-sex-doll",4,4,0,0,0,0,11,,0,0,0,496.5,2.75,0.5,,2,4,4,0,0,0,0,11,,0,0,0,496.5,2.75,0.5,,2,0,0,,,,,0,,,,,0,0,0,,0
"Product","/products/f4929-166cm-sexbot-vine-talk-ai-silicone-head-wm-doll",2,4,0,0,0,0,5,,0,0,0,120.5,1.25,0.75,,3,2,4,0,0,0,0,5,,0,0,0,120.5,1.25,0.75,,3,0,0,,,,,0,,,,,0,0,0,,0
"Product","/products/a798-big-butt-realistic-sex-torso-climax-doll",4,4,0,0,0,0,11,,0,0,0,359.5,2.75,0.75,,3,4,4,0,0,0,0,11,,0,0,0,359.5,2.75,0.75,,3,0,0,,,,,0,,,,,0,0,0,,0
,"/en-ca/collections/black-sex-dolls",4,4,0,0,0,0,12,,0,0,0,180,3,0.25,,1,4,4,0,0,0,0,12,,0,0,0,180,3,0.25,,1,0,0,,,,,0,,,,,0,0,0,,0
"Product","/products/t1567-2lb-silicone-torso-sex-doll-with-huge-breasts-cliamx-doll",4,4,0,0,0,0,62,,0,0,0,712.5,15.5,0.25,,1,4,4,0,0,0,0,62,,0,0,0,712.5,15.5,0.25,,1,0,0,,,,,0,,,,,0,0,0,,0
,"/en-fi/blogs/dolls-info-qustions/are-you-also-leaning-toward-big-butt-sex-dolls",4,4,0,0,0,0,4,,0,0,0,0,1,1,,4,4,4,0,0,0,0,4,,0,0,0,0,1,1,,4,0,0,,,,,0,,,,,,0,0,,0
"Collection","/collections/lifesize",4,4,0,0,0,0,13,,0,0,0,106.25,3.25,0.75,,3,4,4,0,0,0,0,13,,0,0,0,106.25,3.25,0.75,,3,0,0,,,,,0,,,,,0,0,0,,0
"Collection","/collections/torso-only",4,4,1,0,0,0,24,,0.25,0,0,202.5,6,0.25,,1,4,4,1,0,0,0,24,,0.25,0,0,202.5,6,0.25,,1,0,0,0,,,,0,,0,,,0,0,0,,0
"Checkout","/60719464687/orders/f3e1c72a0641909cd615817852f093cf",1,4,0,0,0,0,13,,0,0,0,154.75,3.25,0.25,,1,1,4,0,0,0,0,13,,0,0,0,154.75,3.25,0.25,,1,0,0,,,,,0,,,,,0,0,0,,0
"Blog Article","/blogs/dolls-info-qustions/quick-orgasm-top-7-tips-for-anal-sex-with-sex-dolls",4,4,0,0,0,0,4,,0,0,0,0,1,1,,4,4,4,0,0,0,0,4,,0,0,0,0,1,1,,4,0,0,,,,,0,,,,,,0,0,,0
"Product","/products/f2580-168cm-ai-sex-dolls-silicone-pink-lovers-real-lady",3,4,0,0,0,0,20,,0,0,0,247.75,5,0.5,,2,3,4,0,0,0,0,20,,0,0,0,247.75,5,0.5,,2,0,0,,,,,0,,,,,0,0,0,,0
"Blog Article","/blogs/dolls-info-qustions/recommended-small-breast-sex-dolls-suitable-for-japanese-porn-student-movies",4,4,0,0,0,0,5,,0,0,0,51.25,1.25,0.75,,3,4,4,0,0,0,0,5,,0,0,0,51.25,1.25,0.75,,3,0,0,,,,,0,,,,,0,0,0,,0
,"/en-fi/blogs/featured-blog/how-to-diy-an-sex-doll-you",3,4,0,0,0,0,4,,0,0,0,0,1,1,,4,3,4,0,0,0,0,4,,0,0,0,0,1,1,,4,0,0,,,,,0,,,,,,0,0,,0
"Product","/products/f6129-170cm-5ft6-40kg-d-cup-s11-tpe-silicone-head-sex-doll-sy-doll",4,4,0,0,0,0,5,,0,0,0,2.5,1.25,0.75,,3,4,4,0,0,0,0,5,,0,0,0,2.5,1.25,0.75,,3,0,0,,,,,0,,,,,0,0,0,,0
"Product","/products/p379-3-86lb-anime-fake-pussy-medusa-silicone-hentai-sex-doll-mrl",4,4,0,0,0,0,15,,0,0,0,157.75,3.75,0.75,,3,4,4,0,0,0,0,15,,0,0,0,157.75,3.75,0.75,,3,0,0,,,,,0,,,,,0,0,0,,0
"Blog Article","/blogs/featured-blog/2025-top-sex-doll-brands-annual-update-summary",4,4,0,0,0,0,22,,0,0,0,330.5,5.5,0.25,,1,4,4,0,0,0,0,22,,0,0,0,330.5,5.5,0.25,,1,0,0,,,,,0,,,,,0,0,0,,0
"Product","/products/f6123-150cm-4ft9-29kg-a-cup-flat-chested-silicone-sex-doll-sy-doll",4,4,0,0,0,0,7,,0,0,0,29.25,1.75,0.5,,2,4,4,0,0,0,0,7,,0,0,0,29.25,1.75,0.5,,2,0,0,,,,,0,,,,,0,0,0,,0
"Product","/products/v26-vajancle-silicone-right-feet",4,4,0,0,0,0,7,,0,0,0,63.5,1.75,0.75,,3,4,4,0,0,0,0,7,,0,0,0,63.5,1.75,0.75,,3,0,0,,,,,0,,,,,0,0,0,,0
,"/en-ca/collections/vendors",4,4,0,0,0,0,4,,0,0,0,0,1,1,,4,4,4,0,0,0,0,4,,0,0,0,0,1,1,,4,0,0,,,,,0,,,,,,0,0,,0
"Product","/products/f5700-160cm-5ft4-55kg-q-cup-silicone-anime-bear-furry-sex-doll-with-round-ears-castle-doll",4,4,0,0,0,0,8,,0,0,0,28.25,2,0.75,,3,4,4,0,0,0,0,8,,0,0,0,28.25,2,0.75,,3,0,0,,,,,0,,,,,0,0,0,,0
"Product","/products/bbw-sex-doll-torso-t71-papaya-breast-tpe",4,4,0,0,0,0,68,,0,0,0,321.5,17,0.5,,2,4,4,0,0,0,0,68,,0,0,0,321.5,17,0.5,,2,0,0,,,,,0,,,,,0,0,0,,0
"Blog Article","/blogs/dolls-info-qustions/4-recommended-futa-sex-dolls-a-guide-to-realistic-touch-and-dual-gender-appeal",4,4,0,0,0,0,6,,0,0,0,31,1.5,0.75,,3,4,4,0,0,0,0,6,,0,0,0,31,1.5,0.75,,3,0,0,,,,,0,,,,,0,0,0,,0
,"/en-ca/collections/big-boobs-japanese-sex-doll",4,4,0,0,0,0,22,,0,0,0,101.5,5.5,0,,0,4,4,0,0,0,0,22,,0,0,0,101.5,5.5,0,,0,0,0,,,,,0,,,,,0,0,,,
"Collection","/collections/dildo-hentai-sex-doll",4,4,0,0,0,0,12,,0,0,0,154.5,3,0.75,,3,4,4,0,0,0,0,12,,0,0,0,154.5,3,0.75,,3,0,0,,,,,0,,,,,0,0,0,,0
"Blog Article","/blogs/dolls-info-qustions/nsfw-time-revealing-the-most-popular-porn-stars-and-celebrity-sex-dolls",4,4,0,0,0,0,14,,0,0,0,63.25,3.5,0.75,,3,4,4,0,0,0,0,14,,0,0,0,63.25,3.5,0.75,,3,0,0,,,,,0,,,,,0,0,0,,0
"Blog Article","/blogs/dolls-info-qustions/ridmii-tenar-f9127-new-ai-sex-doll",4,4,0,0,0,0,18,,0,0,0,45,4.5,0.75,,3,4,4,0,0,0,0,18,,0,0,0,45,4.5,0.75,,3,0,0,,,,,0,,,,,0,0,0,,0
"Product","/products/t289-79-37-lbs-lydia-ros-life-size-silicone-sex-doll-torso-with-head-in-stock-usa-europe-max-series",4,4,0,0,0,0,96,,0,0,0,1383.25,24,0.5,,2,4,4,0,0,0,0,96,,0,0,0,1383.25,24,0.5,,2,0,0,,,,,0,,,,,0,0,0,,0
"Checkout","/60719464687/orders/0241c972d82af4b337f238fb6b13c0d6",1,4,0,0,0,0,4,,0,0,0,0,1,1,,4,1,4,0,0,0,0,4,,0,0,0,0,1,1,,4,0,0,,,,,0,,,,,,0,0,,0
"Checkout","/60719464687/orders/f07b4b44a4171954ed37c24701ec5f6f",4,4,0,0,0,0,4,,0,0,0,0,1,1,,4,4,4,0,0,0,0,4,,0,0,0,0,1,1,,4,0,0,,,,,0,,,,,,0,0,,0
,"/de/blogs/dolls-info-qustions/sex-doll-movies",4,4,0,0,0,0,4,,0,0,0,0,1,1,,4,4,4,0,0,0,0,4,,0,0,0,0,1,1,,4,0,0,,,,,0,,,,,,0,0,,0
"Collection","/collections/gaming-celebrities",4,4,0,0,0,0,109,,0,0,0,488.75,27.25,0.5,,2,4,4,0,0,0,0,109,,0,0,0,488.75,27.25,0.5,,2,0,0,,,,,0,,,,,0,0,0,,0
"Product","/products/549-6-28lb-round-ass-sex-doll-torso",3,4,0,0,0,0,5,,0,0,0,128.5,1.25,0.75,,3,3,4,0,0,0,0,5,,0,0,0,128.5,1.25,0.75,,3,0,0,,,,,0,,,,,0,0,0,,0
"Blog Article","/blogs/dolls-info-qustions/lusandy-doll-redefining-realism-and-the-warmth-of-companionship",4,4,0,0,0,0,5,,0,0,0,413.75,1.25,0.75,,3,4,4,0,0,0,0,5,,0,0,0,413.75,1.25,0.75,,3,0,0,,,,,0,,,,,0,0,0,,0
"Product","/products/irontech-ros-silicone-doll-168cm-f761",4,4,0,0,0,0,7,,0,0,0,20,1.75,0.75,,3,4,4,0,0,0,0,7,,0,0,0,20,1.75,0.75,,3,0,0,,,,,0,,,,,0,0,0,,0
,"/en-ca/collections/animal-hentai-sex-doll",4,4,0,0,0,0,13,,0,0,0,86,3.25,0,,0,4,4,0,0,0,0,13,,0,0,0,86,3.25,0,,0,0,0,,,,,0,,,,,0,0,,,
"Blog Article","/blogs/dolls-info-qustions/how-to-choose-the-perfect-30-40-pound-torso-doll",4,4,0,0,0,0,22,,0,0,0,459,5.5,0.25,,1,4,4,0,0,0,0,22,,0,0,0,459,5.5,0.25,,1,0,0,,,,,0,,,,,0,0,0,,0
"Blog Article","/blogs/featured-blog/yeloly-new-product-launch-which-sex-doll-torso-are-worth-your-attention",4,4,0,0,0,0,13,,0,0,0,202.5,3.25,0.25,,1,4,4,0,0,0,0,13,,0,0,0,202.5,3.25,0.25,,1,0,0,,,,,0,,,,,0,0,0,,0
"Collection","/collections/sex-doll-with-papaya-breast-pear-shaped-breast",4,4,0,0,0,0,4,,0,0,0,0,1,1,,4,4,4,0,0,0,0,4,,0,0,0,0,1,1,,4,0,0,,,,,0,,,,,,0,0,,0
"Checkout","/60719464687/orders/521f00aec1b22b625128ebf6ba8ddf6b",3,4,0,0,0,0,14,,0,0,0,45.25,3.5,0.75,,3,3,4,0,0,0,0,14,,0,0,0,45.25,3.5,0.75,,3,0,0,,,,,0,,,,,0,0,0,,0
"Product","/products/f110-165cm-37kg-finley-thin-face-shy-asian-teen-tpe-cute-femboy-sex-doll-qita-doll",3,4,0,0,0,0,7,,0,0,0,60.75,1.75,0.75,,3,3,4,0,0,0,0,7,,0,0,0,60.75,1.75,0.75,,3,0,0,,,,,0,,,,,0,0,0,,0
,"/de/blogs/dolls-info-qustions/%F0%9F%94%A5-2025-best-fake-ass-sex-toy-recommendations-6-ultra-realistic-big-booty-dolls-for-ultimate-pleasure",4,4,0,0,0,0,5,,0,0,0,85.5,1.25,0.75,,3,4,4,0,0,0,0,5,,0,0,0,85.5,1.25,0.75,,3,0,0,,,,,0,,,,,0,0,0,,0
"Custom Page","/pages/celebrity-sex-doll-guide",4,4,0,0,0,0,12,,0,0,0,90.5,3,0.5,,2,4,4,0,0,0,0,12,,0,0,0,90.5,3,0.5,,2,0,0,,,,,0,,,,,0,0,0,,0
,"/de/blogs/dolls-info-qustions/%F0%9F%94%A5-top-5-most-popular-big-butt-chubby-belly-curvy-body-pornstar-style-sex-dolls-in-2025-%F0%9F%94%A5",4,4,0,0,0,0,9,,0,0,0,30,2.25,0.75,,3,4,4,0,0,0,0,9,,0,0,0,30,2.25,0.75,,3,0,0,,,,,0,,,,,0,0,0,,0
,"/de/collections/torso-shemale-sex-doll",4,4,0,0,0,0,11,,0,0,0,472,2.75,0.25,,1,4,4,0,0,0,0,11,,0,0,0,472,2.75,0.25,,1,0,0,,,,,0,,,,,0,0,0,,0
"Collection","/collections/blue-skin-alien",3,4,0,0,0,0,12,,0,0,0,105,3,0,,0,3,4,0,0,0,0,12,,0,0,0,105,3,0,,0,0,0,,,,,0,,,,,0,0,,,
"Product","/products/f6131-159cm-5ft3-36kg-c-cup-lifelike-silicone-head-tpe-body-sex-doll-rosretty-doll",3,4,0,0,0,0,22,,0,0,0,713.25,5.5,0.5,,2,3,4,0,0,0,0,22,,0,0,0,713.25,5.5,0.5,,2,0,0,,,,,0,,,,,0,0,0,,0
"Collection","/collections/big-ass-sex-doll-tpe-body",4,4,1,1,0,0,13,0,0.25,0.25,0,183.75,3.25,0.25,0,1,4,4,1,1,0,0,13,0,0.25,0.25,0,183.75,3.25,0.25,0,1,0,0,0,0,,,0,,0,0,,0,0,0,,0
"Product","/products/f9135-175cm-40kg-drake-strong-femboy-silicone-most-realistic-male-porn-celebrity-sex-doll-irontech-doll",4,4,0,0,0,0,4,,0,0,0,0,1,1,,4,4,4,0,0,0,0,4,,0,0,0,0,1,1,,4,0,0,,,,,0,,,,,,0,0,,0
"Blog Article","/blogs/dolls-info-qustions/does-youth-mean-being-not-busty-recommended-large-bust-18s-sex-dolls",4,4,0,0,0,0,4,,0,0,0,0,1,1,,4,4,4,0,0,0,0,4,,0,0,0,0,1,1,,4,0,0,,,,,0,,,,,,0,0,,0
"Blog Article","/blogs/sex-doll-option-videos/video-16-wm-exclusive-real-oral-sexros",4,4,0,0,0,0,4,,0,0,0,0,1,1,,4,4,4,0,0,0,0,4,,0,0,0,0,1,1,,4,0,0,,,,,0,,,,,,0,0,,0
,"/en-fi/blogs/dolls-info-qustions/why-do-women-enjoy-anal-sex-5-honest-reasons-you-never-expected",4,4,0,0,0,0,4,,0,0,0,0,1,1,,4,4,4,0,0,0,0,4,,0,0,0,0,1,1,,4,0,0,,,,,0,,,,,,0,0,,0
"Collection","/collections/silicone-torso-with-head",4,4,0,0,0,0,5,,0,0,0,9.25,1.25,0.75,,3,4,4,0,0,0,0,5,,0,0,0,9.25,1.25,0.75,,3,0,0,,,,,0,,,,,0,0,0,,0
"Collection","/collections/sy-doll-factory-photos",4,4,0,0,0,0,30,,0,0,0,145.75,7.5,0.5,,2,4,4,0,0,0,0,30,,0,0,0,145.75,7.5,0.5,,2,0,0,,,,,0,,,,,0,0,0,,0
,"/en-fi/collections/all",4,4,0,0,0,0,12,,0,0,0,157.5,3,0.5,,2,4,4,0,0,0,0,12,,0,0,0,157.5,3,0.5,,2,0,0,,,,,0,,,,,0,0,0,,0
"Blog Article","/blogs/dolls-info-qustions/are-you-also-leaning-toward-big-butt-sex-dolls",4,4,0,0,0,0,4,,0,0,0,0,1,1,,4,4,4,0,0,0,0,4,,0,0,0,0,1,1,,4,0,0,,,,,0,,,,,,0,0,,0
"Blog Article","/blogs/sex-doll-torso-blog/8-best-sex-doll-torsos-with-heads",4,4,0,0,0,0,4,,0,0,0,0,1,1,,4,4,4,0,0,0,0,4,,0,0,0,0,1,1,,4,0,0,,,,,0,,,,,,0,0,,0
,"/en-ca/products/599-83lb-sex-doll-torso-with-realistic-oversized-ass",4,4,0,0,0,0,4,,0,0,0,0,1,1,,4,4,4,0,0,0,0,4,,0,0,0,0,1,1,,4,0,0,,,,,0,,,,,,0,0,,0
"Product","/products/f8103-159cm5-2ft-33-5kg-h-cup-r12-max-life-size-silicone-sex-doll-real-lady",4,4,1,1,0,0,37,0,0.25,0.25,0,853.5,9.25,0.5,0,2,4,4,1,1,0,0,37,0,0.25,0.25,0,853.5,9.25,0.5,0,2,0,0,0,0,,,0,,0,0,,0,0,0,,0
"Blog Article","/blogs/dolls-info-qustions/%F0%9F%92%A1-the-ultimate-guide-to-tantaly-revolutionary-sex-dolls-that-redefine-pleasure",4,4,0,0,0,0,13,,0,0,0,255.75,3.25,0.75,,3,4,4,0,0,0,0,13,,0,0,0,255.75,3.25,0.75,,3,0,0,,,,,0,,,,,0,0,0,,0
"Collection","/collections/latina-sex-doll-heads",4,4,0,0,0,0,9,,0,0,0,56.75,2.25,0.75,,3,4,4,0,0,0,0,9,,0,0,0,56.75,2.25,0.75,,3,0,0,,,,,0,,,,,0,0,0,,0
"Collection","/collections/lesbian-sex-doll",4,4,0,0,0,0,5,,0,0,0,50.75,1.25,0.75,,3,4,4,0,0,0,0,5,,0,0,0,50.75,1.25,0.75,,3,0,0,,,,,0,,,,,0,0,0,,0
,"/en-fi/collections/vibrating-sex-doll-torso",4,4,0,0,0,0,4,,0,0,0,0,1,1,,4,4,4,0,0,0,0,4,,0,0,0,0,1,1,,4,0,0,,,,,0,,,,,,0,0,,0
"Product","/products/t406-7-45lb-30cm-papaya-breast-torso-sex-doll-2024-new-sex-doll",4,4,0,0,0,0,4,,0,0,0,0,1,1,,4,4,4,0,0,0,0,4,,0,0,0,0,1,1,,4,0,0,,,,,0,,,,,,0,0,,0
,"/ja/collections/naked-sex-doll",4,4,0,0,0,0,4,,0,0,0,0,1,1,,4,4,4,0,0,0,0,4,,0,0,0,0,1,1,,4,0,0,,,,,0,,,,,,0,0,,0
"Collection","/collections/tpe-sex-dolls",4,4,0,0,0,0,21,,0,0,0,702.25,5.25,0.25,,1,4,4,0,0,0,0,21,,0,0,0,702.25,5.25,0.25,,1,0,0,,,,,0,,,,,0,0,0,,0
"Collection","/collections/blonde-sex-dolls",4,4,0,0,0,0,10,,0,0,0,749.75,2.5,0.5,,2,4,4,0,0,0,0,10,,0,0,0,749.75,2.5,0.5,,2,0,0,,,,,0,,,,,0,0,0,,0
,"/de/collections/male-sex-doll",4,4,0,0,0,0,12,,0,0,0,53.25,3,0.25,,1,4,4,0,0,0,0,12,,0,0,0,53.25,3,0.25,,1,0,0,,,,,0,,,,,0,0,0,,0
"Collection","/collections/qian-you",4,4,0,0,0,0,5,,0,0,0,3.25,1.25,0.75,,3,4,4,0,0,0,0,5,,0,0,0,3.25,1.25,0.75,,3,0,0,,,,,0,,,,,0,0,0,,0
,"/en-ca/collections/japanese-milf-sex-doll",4,4,0,0,0,0,7,,0,0,0,4.75,1.75,0.5,,2,4,4,0,0,0,0,7,,0,0,0,4.75,1.75,0.5,,2,0,0,,,,,0,,,,,0,0,0,,0
"Collection","/collections/evasdoll",4,4,0,0,0,0,9,,0,0,0,58,2.25,0.25,,1,4,4,0,0,0,0,9,,0,0,0,58,2.25,0.25,,1,0,0,,,,,0,,,,,0,0,0,,0
,"/en-ca/collections/mini-sex-doll-torso",4,4,0,0,0,0,5,,0,0,0,13.75,1.25,0.75,,3,4,4,0,0,0,0,5,,0,0,0,13.75,1.25,0.75,,3,0,0,,,,,0,,,,,0,0,0,,0
"Custom Page","/pages/sex-doll-video-4",4,4,0,0,0,0,25,,0,0,0,297,6.25,0.5,,2,4,4,0,0,0,0,25,,0,0,0,297,6.25,0.5,,2,0,0,,,,,0,,,,,0,0,0,,0
"Collection","/collections/cheap-bbw-sex-doll",4,4,0,0,0,0,26,,0,0,0,305.25,6.5,0.25,,1,4,4,0,0,0,0,26,,0,0,0,305.25,6.5,0.25,,1,0,0,,,,,0,,,,,0,0,0,,0
"Product","/products/t942-8-4lb-7-9inch-huge-penis-dildo-femboy-tpe-cheap-male-sex-doll-torso-qita-doll",1,4,0,0,0,0,18,,0,0,0,712.5,4.5,0.25,,1,1,4,0,0,0,0,18,,0,0,0,712.5,4.5,0.25,,1,0,0,,,,,0,,,,,0,0,0,,0
"Blog Article","/blogs/dolls-info-qustions/new-sigafun-series-officially-released-every-model-is-irresistible",4,4,0,0,0,0,4,,0,0,0,0,1,1,,4,4,4,0,0,0,0,4,,0,0,0,0,1,1,,4,0,0,,,,,0,,,,,,0,0,,0
"Product","/products/f2384a-163cm5-3ft-70kg-53kg-g-cup-s6-best-big-ass-silicone-head-real-bbw-sex-doll-booty-2025%E4%B8%A8sy-doll",1,4,0,0,0,0,4,,0,0,0,0,1,1,,4,1,4,0,0,0,0,4,,0,0,0,0,1,1,,4,0,0,,,,,0,,,,,,0,0,,0
,"/en-ca/blogs/dolls-info-qustions/%F0%9F%94%A5-top-5-most-popular-big-butt-chubby-belly-curvy-body-pornstar-style-sex-dolls-in-2025-%F0%9F%94%A5",4,4,0,0,0,0,4,,0,0,0,0,1,1,,4,4,4,0,0,0,0,4,,0,0,0,0,1,1,,4,0,0,,,,,0,,,,,,0,0,,0
"Product","/products/f5834-168cm-5ft5-35kg-f-cup-shizukawa-yuri-silicone-realistic-sex-doll-top-cydoll",4,4,0,0,0,0,26,,0,0,0,510.5,6.5,0.75,,3,4,4,0,0,0,0,26,,0,0,0,510.5,6.5,0.75,,3,0,0,,,,,0,,,,,0,0,0,,0
,"/de/blogs/dolls-info-qustions/2025-five-stylish-and-charming-chinese-sex-doll",4,4,0,0,0,0,4,,0,0,0,0,1,1,,4,4,4,0,0,0,0,4,,0,0,0,0,1,1,,4,0,0,,,,,0,,,,,,0,0,,0
"Collection","/collections/life-size-torso",4,4,0,0,0,0,4,,0,0,0,0,1,1,,4,4,4,0,0,0,0,4,,0,0,0,0,1,1,,4,0,0,,,,,0,,,,,,0,0,,0
"Product","/products/f5940-157cm5-2ft-36-2kg-2-2cf-k-cup-ros-asian-chinese-silicone-sex-doll-bezlya-doll",2,4,0,0,0,0,20,,0,0,0,351,5,0.25,,1,2,4,0,0,0,0,20,,0,0,0,351,5,0.25,,1,0,0,,,,,0,,,,,0,0,0,,0
"Collection","/collections/funwest-doll",4,4,0,0,0,0,27,,0,0,0,1612,6.75,0.75,,3,4,4,0,0,0,0,27,,0,0,0,1612,6.75,0.75,,3,0,0,,,,,0,,,,,0,0,0,,0
"Blog Article","/blogs/recent-brand-updates-new-arrivals-for-sex-dolls/latest-june-upgrade-for-the-irontech-brand",4,4,0,0,0,0,4,,0,0,0,0,1,1,,4,4,4,0,0,0,0,4,,0,0,0,0,1,1,,4,0,0,,,,,0,,,,,,0,0,,0
"Collection","/collections/doll-senior",4,4,0,0,0,0,15,,0,0,0,119.5,3.75,0.25,,1,4,4,0,0,0,0,15,,0,0,0,119.5,3.75,0.25,,1,0,0,,,,,0,,,,,0,0,0,,0
,"/en-fi/collections/sex-doll-head",4,4,0,0,0,0,20,,0,0,0,98.25,5,0,,0,4,4,0,0,0,0,20,,0,0,0,98.25,5,0,,0,0,0,,,,,0,,,,,0,0,,,
,"/de/blogs/dolls-info-qustions/top-5-sex-doll-anal",3,3,0,0,0,0,3,,0,0,0,0,1,1,,3,3,3,0,0,0,0,3,,0,0,0,0,1,1,,3,0,0,,,,,0,,,,,,0,0,,0
"Product","/products/f4830-158cm-29kg-d-cup-elf-fantasy-tpe-sexual-best-alien-sex-doll-in-stock-usa-castle-doll",1,3,1,0,0,0,13,,0.3333333333333333,0,0,465,4.333333333333333,0.3333333333333333,,1,1,3,1,0,0,0,13,,0.3333333333333333,0,0,465,4.333333333333333,0.3333333333333333,,1,0,0,0,,,,0,,0,,,0,0,0,,0
"Blog Article","/blogs/dolls-info-qustions/2025-top-5-big-booty-sex-doll-torsos-that-will-rock-your-world",3,3,0,0,0,0,4,,0,0,0,26.333333333333332,1.3333333333333333,0.6666666666666666,,2,3,3,0,0,0,0,4,,0,0,0,26.333333333333332,1.3333333333333333,0.6666666666666666,,2,0,0,,,,,0,,,,,0,0,0,,0
"Product","/products/f5314-realistic-skin-silicone-bbw-sex-doll-se-doll",3,3,1,0,0,0,20,,0.3333333333333333,0,0,356,6.666666666666667,0.3333333333333333,,1,3,3,1,0,0,0,20,,0.3333333333333333,0,0,356,6.666666666666667,0.3333333333333333,,1,0,0,0,,,,0,,0,,,0,0,0,,0
"Blog Article","/blogs/dolls-info-qustions/sex-doll-shops-in-la",3,3,0,0,0,0,10,,0,0,0,112.66666666666667,3.3333333333333335,0.6666666666666666,,2,3,3,0,0,0,0,10,,0,0,0,112.66666666666667,3.3333333333333335,0.6666666666666666,,2,0,0,,,,,0,,,,,0,0,0,,0
"Collection","/collections/iron-ai-talking-sex-doll-head",3,3,0,0,0,0,3,,0,0,0,0,1,1,,3,3,3,0,0,0,0,3,,0,0,0,0,1,1,,3,0,0,,,,,0,,,,,,0,0,,0
"Blog Article","/blogs/complete-sex-doll-guide-for-beginners/sex-doll-torso-usage-guide",3,3,0,0,0,0,3,,0,0,0,0,1,1,,3,3,3,0,0,0,0,3,,0,0,0,0,1,1,,3,0,0,,,,,0,,,,,,0,0,,0
"Product","/products/f1987-150cm4-9ft-42-5kg-m-cup-bbw-tpe-sex-doll%E4%B8%A8wm-doll",2,3,0,0,0,0,10,,0,0,0,541,3.3333333333333335,0,,0,2,3,0,0,0,0,10,,0,0,0,541,3.3333333333333335,0,,0,0,0,,,,,0,,,,,0,0,,,
,"/ja/blogs/dolls-info-qustions/budget-under-200-check-out-these-7-cheap-mini-sex-dolls",3,3,0,0,0,0,6,,0,0,0,871.3333333333334,2,0.6666666666666666,,2,3,3,0,0,0,0,6,,0,0,0,871.3333333333334,2,0.6666666666666666,,2,0,0,,,,,0,,,,,0,0,0,,0
"Blog Article","/blogs/dolls-info-qustions/top-3-flat-chested-sex-dolls-of-2025-ultimate-flatness-unique-allure",3,3,0,0,0,0,4,,0,0,0,23.666666666666668,1.3333333333333333,0.6666666666666666,,2,3,3,0,0,0,0,4,,0,0,0,23.666666666666668,1.3333333333333333,0.6666666666666666,,2,0,0,,,,,0,,,,,0,0,0,,0
,"/en-fi/collections/mini-sex-doll",3,3,0,0,0,0,3,,0,0,0,0,1,1,,3,3,3,0,0,0,0,3,,0,0,0,0,1,1,,3,0,0,,,,,0,,,,,,0,0,,0
"Product","/products/592-67lb-75cm-bbw-sex-doll-torso-big-tits-big-ass-sex-doll-torso",3,3,0,0,0,0,8,,0,0,0,50,2.6666666666666665,0.3333333333333333,,1,3,3,0,0,0,0,8,,0,0,0,50,2.6666666666666665,0.3333333333333333,,1,0,0,,,,,0,,,,,0,0,0,,0
,"/de/collections/anime-cosplay-sex-doll",3,3,0,0,0,0,4,,0,0,0,4.333333333333333,1.3333333333333333,0.6666666666666666,,2,3,3,0,0,0,0,4,,0,0,0,4.333333333333333,1.3333333333333333,0.6666666666666666,,2,0,0,,,,,0,,,,,0,0,0,,0
"Blog Article","/blogs/dolls-info-qustions/how-ultra-realistic-silicone-sex-dolls-are-made",3,3,0,0,0,0,4,,0,0,0,38,1.3333333333333333,0.6666666666666666,,2,3,3,0,0,0,0,4,,0,0,0,38,1.3333333333333333,0.6666666666666666,,2,0,0,,,,,0,,,,,0,0,0,,0
"Product","/products/f5535-160cm-5ft2-36kg-silicone-anime-life-size-sex-doll-elsa-babe",2,3,0,0,0,0,26,,0,0,0,513,8.666666666666666,0,,0,2,3,0,0,0,0,26,,0,0,0,513,8.666666666666666,0,,0,0,0,,,,,0,,,,,0,0,,,
"Product","/products/t337-103cm-3ft5-j-cup-natural-sophia-lane-a-silicone-sex-doll-torso-with-head-se-doll",3,3,1,1,0,0,8,0,0.3333333333333333,0.3333333333333333,0,20.666666666666668,2.6666666666666665,0.3333333333333333,0,1,3,3,1,1,0,0,8,0,0.3333333333333333,0.3333333333333333,0,20.666666666666668,2.6666666666666665,0.3333333333333333,0,1,0,0,0,0,,,0,,0,0,,0,0,0,,0
"Product","/products/t588v-torso-tpe-16lb-sucking-vibration-auto-clean",3,3,0,0,0,0,5,,0,0,0,61.333333333333336,1.6666666666666667,0.3333333333333333,,1,3,3,0,0,0,0,5,,0,0,0,61.333333333333336,1.6666666666666667,0.3333333333333333,,1,0,0,,,,,0,,,,,0,0,0,,0
"Collection","/collections/asia-sex-doll-heads",3,3,0,0,0,0,3,,0,0,0,0,1,1,,3,3,3,0,0,0,0,3,,0,0,0,0,1,1,,3,0,0,,,,,0,,,,,,0,0,,0
"Product","/products/f4904k-150cm4ft9-35-5kg-b-cup-silicone-furry-bunny-life-size-anime-sex-doll-in-stock-eu-climax-doll-ultra",2,3,0,0,0,0,7,,0,0,0,12,2.3333333333333335,0.3333333333333333,,1,2,3,0,0,0,0,7,,0,0,0,12,2.3333333333333335,0.3333333333333333,,1,0,0,,,,,0,,,,,0,0,0,,0
"Blog Article","/blogs/dolls-info-qustions/what-to-do-if-your-sex-doll-is-too-heavy-a-practical-guide",3,3,0,0,0,0,8,,0,0,0,225.33333333333334,2.6666666666666665,0.6666666666666666,,2,3,3,0,0,0,0,8,,0,0,0,225.33333333333334,2.6666666666666665,0.6666666666666666,,2,0,0,,,,,0,,,,,0,0,0,,0
"Product","/products/f1710k-165cm-5ft5-g-cup-big-breast-realistic-silicone-sex-doll-in-stock-us-starpery-doll",2,3,0,0,0,0,8,,0,0,0,744.6666666666666,2.6666666666666665,0.6666666666666666,,2,2,3,0,0,0,0,8,,0,0,0,744.6666666666666,2.6666666666666665,0.6666666666666666,,2,0,0,,,,,0,,,,,0,0,0,,0
"Collection","/collections/silicone-torso",3,3,0,0,0,0,29,,0,0,0,297.6666666666667,9.666666666666666,0.3333333333333333,,1,3,3,0,0,0,0,29,,0,0,0,297.6666666666667,9.666666666666666,0.3333333333333333,,1,0,0,,,,,0,,,,,0,0,0,,0
"Product","/products/t6212-3lbminisize-silicone-sex-doll-torso-sigafun-doll",3,3,0,0,0,0,3,,0,0,0,0,1,1,,3,3,3,0,0,0,0,3,,0,0,0,0,1,1,,3,0,0,,,,,0,,,,,,0,0,,0
"Blog Article","/blogs/dolls-info-qustions/how-to-use-a-sex-doll-head-to-enhance-intimacy-and-physical-mental-well-being",3,3,0,0,0,0,9,,0,0,0,29,3,0.6666666666666666,,2,3,3,0,0,0,0,9,,0,0,0,29,3,0.6666666666666666,,2,0,0,,,,,0,,,,,0,0,0,,0
"Product","/products/f2295-166cm5ft5-c-cup-aurora-a-tpe-sex-dolls-se-doll",1,3,0,0,0,0,3,,0,0,0,0,1,1,,3,1,3,0,0,0,0,3,,0,0,0,0,1,1,,3,0,0,,,,,0,,,,,,0,0,,0
"Collection","/collections/1600-1999-sex-doll",3,3,0,0,0,0,6,,0,0,0,24.666666666666668,2,0.3333333333333333,,1,3,3,0,0,0,0,6,,0,0,0,24.666666666666668,2,0.3333333333333333,,1,0,0,,,,,0,,,,,0,0,0,,0
,"/en-ca/collections/sex-doll-videos",3,3,0,0,0,0,4,,0,0,0,31.666666666666668,1.3333333333333333,0.6666666666666666,,2,3,3,0,0,0,0,4,,0,0,0,31.666666666666668,1.3333333333333333,0.6666666666666666,,2,0,0,,,,,0,,,,,0,0,0,,0
"Blog Article","/blogs/dolls-info-qustions/elsa-babe-doll-craftsmanship-introduction",3,3,0,0,0,0,4,,0,0,0,186.33333333333334,1.3333333333333333,0.6666666666666666,,2,3,3,0,0,0,0,4,,0,0,0,186.33333333333334,1.3333333333333333,0.6666666666666666,,2,0,0,,,,,0,,,,,0,0,0,,0
"Product","/products/f1411k-158cm5f2-33kg-e-cup-alien-blue-elves-tpe-sex-doll-alien-in-stock-usa-aibei-doll",1,3,0,0,0,0,7,,0,0,0,497,2.3333333333333335,0.3333333333333333,,1,1,3,0,0,0,0,7,,0,0,0,497,2.3333333333333335,0.3333333333333333,,1,0,0,,,,,0,,,,,0,0,0,,0
"Blog Article","/blogs/dolls-info-qustions/zelex-new-fusion-series-integrated-head-and-body-for-more-realistic-intimacy",1,3,0,0,0,0,3,,0,0,0,0,1,1,,3,1,3,0,0,0,0,3,,0,0,0,0,1,1,,3,0,0,,,,,0,,,,,,0,0,,0
"Product","/collections/sex-doll-torso/products/562-fat-ass-torso-doll-silicone-ass",3,3,0,0,0,0,12,,0,0,0,361,4,0.3333333333333333,,1,3,3,0,0,0,0,12,,0,0,0,361,4,0.3333333333333333,,1,0,0,,,,,0,,,,,0,0,0,,0
,"/de/collections/fake-ass-sex-toy",3,3,0,0,0,0,5,,0,0,0,12.666666666666666,1.6666666666666667,0.6666666666666666,,2,3,3,0,0,0,0,5,,0,0,0,12.666666666666666,1.6666666666666667,0.6666666666666666,,2,0,0,,,,,0,,,,,0,0,0,,0
"Product","/products/f8112k-162cm-5ft3-40-5kg-h-cup-m29-plump-body-silicone-bbw-sex-doll-in-stock-us-md-doll",2,3,0,0,0,0,16,,0,0,0,181.66666666666666,5.333333333333333,0.6666666666666666,,2,2,3,0,0,0,0,16,,0,0,0,181.66666666666666,5.333333333333333,0.6666666666666666,,2,0,0,,,,,0,,,,,0,0,0,,0
,"/ja/collections/bbw-milf-sex-doll",3,3,0,0,0,0,8,,0,0,0,108,2.6666666666666665,0,,0,3,3,0,0,0,0,8,,0,0,0,108,2.6666666666666665,0,,0,0,0,,,,,0,,,,,0,0,,,
"Blog Article","/blogs/dolls-info-qustions/budget-under-200-check-out-these-7-cheap-mini-sex-dolls",3,3,0,0,0,0,3,,0,0,0,0,1,1,,3,3,3,0,0,0,0,3,,0,0,0,0,1,1,,3,0,0,,,,,0,,,,,,0,0,,0
"Product","/products/590-sex-doll-torso",3,3,0,0,0,0,17,,0,0,0,423.6666666666667,5.666666666666667,0.3333333333333333,,1,3,3,0,0,0,0,17,,0,0,0,423.6666666666667,5.666666666666667,0.3333333333333333,,1,0,0,,,,,0,,,,,0,0,0,,0
"Collection","/collections/2000-sex-doll",3,3,0,0,0,0,21,,0,0,0,384.3333333333333,7,0.3333333333333333,,1,3,3,0,0,0,0,21,,0,0,0,384.3333333333333,7,0.3333333333333333,,1,0,0,,,,,0,,,,,0,0,0,,0
"Product","/products/a623-19-6lb-cecilia-cute-vagina-sex-toy%E4%B8%A8tantaly",2,3,0,0,0,0,13,,0,0,0,476,4.333333333333333,0.3333333333333333,,1,2,3,0,0,0,0,13,,0,0,0,476,4.333333333333333,0.3333333333333333,,1,0,0,,,,,0,,,,,0,0,0,,0
"Product","/products/52416-8lb-54cm-charming-abs-and-big-hard-cock-boys-male-sex-dolls-torso-for-women",3,3,0,0,0,0,13,,0,0,0,518.3333333333334,4.333333333333333,0.6666666666666666,,2,3,3,0,0,0,0,13,,0,0,0,518.3333333333334,4.333333333333333,0.6666666666666666,,2,0,0,,,,,0,,,,,0,0,0,,0
"Collection","/collections/black-sex-bbw",3,3,0,0,0,0,10,,0,0,0,212.33333333333334,3.3333333333333335,0.6666666666666666,,2,3,3,0,0,0,0,10,,0,0,0,212.33333333333334,3.3333333333333335,0.6666666666666666,,2,0,0,,,,,0,,,,,0,0,0,,0
"Product","/products/f168-156cm-tpe-sex-doll",3,3,0,0,0,0,3,,0,0,0,0,1,1,,3,3,3,0,0,0,0,3,,0,0,0,0,1,1,,3,0,0,,,,,0,,,,,,0,0,,0
"Product","/products/t407-25-35lb-63cm-big-boobs-round-ass-realistic-curves-sex-doll-torso-1",3,3,0,0,0,0,6,,0,0,0,81.33333333333333,2,0.3333333333333333,,1,3,3,0,0,0,0,6,,0,0,0,81.33333333333333,2,0.3333333333333333,,1,0,0,,,,,0,,,,,0,0,0,,0
"Blog Article","/blogs/dolls-info-qustions/celebrity-sex-dolls-hot-picks-6-asian-inspired-star-lookalikes",3,3,0,0,0,0,4,,0,0,0,23,1.3333333333333333,0.6666666666666666,,2,3,3,0,0,0,0,4,,0,0,0,23,1.3333333333333333,0.6666666666666666,,2,0,0,,,,,0,,,,,0,0,0,,0
"Product","/products/f4811-161cm-5ft346kg-j-cup-sexy-silicone-bbw-chubby-chinese-sex-doll-hr-doll",3,3,0,0,0,0,3,,0,0,0,0,1,1,,3,3,3,0,0,0,0,3,,0,0,0,0,1,1,,3,0,0,,,,,0,,,,,,0,0,,0
"Blog Article","/blogs/dolls-info-qustions/are-you-really-suitable-for-hentai-sex-dolls-take-the-test-and-start-your-fantasy-journey",3,3,0,0,0,0,17,,0,0,0,45.333333333333336,5.666666666666667,0.6666666666666666,,2,3,3,0,0,0,0,17,,0,0,0,45.333333333333336,5.666666666666667,0.6666666666666666,,2,0,0,,,,,0,,,,,0,0,0,,0
"Blog Article","/blogs/dolls-info-qustions/women-and-sex-toys-what-you-dont-know",3,3,0,0,0,0,3,,0,0,0,0,1,1,,3,3,3,0,0,0,0,3,,0,0,0,0,1,1,,3,0,0,,,,,0,,,,,,0,0,,0
,"/en-ca/collections/under-1000-full-doll",3,3,0,0,0,0,3,,0,0,0,0,1,1,,3,3,3,0,0,0,0,3,,0,0,0,0,1,1,,3,0,0,,,,,0,,,,,,0,0,,0
"Blog Article","/blogs/dolls-info-qustions/little-secrets-about-vagina-and-anus-of-sex-dolls",3,3,0,0,0,0,7,,0,0,0,49,2.3333333333333335,0.6666666666666666,,2,3,3,0,0,0,0,7,,0,0,0,49,2.3333333333333335,0.6666666666666666,,2,0,0,,,,,0,,,,,0,0,0,,0
"Blog Article","/blogs/recent-brand-updates-new-arrivals-for-sex-dolls/mrl-fantasy-sex-toys-realistic-anime-furry-and-monster-girl-torso-collection",2,3,0,0,0,0,5,,0,0,0,64,1.6666666666666667,0.3333333333333333,,1,2,3,0,0,0,0,5,,0,0,0,64,1.6666666666666667,0.3333333333333333,,1,0,0,,,,,0,,,,,0,0,0,,0
"Product","/products/a420-33lbsexy-and-real-realistic-ass",3,3,1,0,0,0,15,,0.3333333333333333,0,0,1116.3333333333333,5,0.6666666666666666,,2,3,3,1,0,0,0,15,,0.3333333333333333,0,0,1116.3333333333333,5,0.6666666666666666,,2,0,0,0,,,,0,,0,,,0,0,0,,0
,"/de/collections/lifesize-male-sex-doll-torso",3,3,0,0,0,0,13,,0,0,0,270.6666666666667,4.333333333333333,0,,0,3,3,0,0,0,0,13,,0,0,0,270.6666666666667,4.333333333333333,0,,0,0,0,,,,,0,,,,,0,0,,,
"Blog Article","/blogs/sex-doll-torso-blog/5-ways-to-pick-the-fitted-sex-doll-torso",3,3,0,0,0,0,5,,0,0,0,6.666666666666667,1.6666666666666667,0.6666666666666666,,2,3,3,0,0,0,0,5,,0,0,0,6.666666666666667,1.6666666666666667,0.6666666666666666,,2,0,0,,,,,0,,,,,0,0,0,,0
"Product","/products/f2325-fun-west-155cm-34kg-f-cup-rose-small-tpe-sex-doll-usa",1,3,0,0,0,0,91,,0,0,0,684,30.333333333333332,0,,0,1,3,0,0,0,0,91,,0,0,0,684,30.333333333333332,0,,0,0,0,,,,,0,,,,,0,0,,,
,"/en-ca/blogs/dolls-info-qustions/gentlemans-paradise-exploring-nsfw-anime-figures-and-sex-dolls",3,3,0,0,0,0,3,,0,0,0,0,1,1,,3,3,3,0,0,0,0,3,,0,0,0,0,1,1,,3,0,0,,,,,0,,,,,,0,0,,0
"Blog Article","/blogs/dolls-info-qustions/s-tpe",2,3,0,0,0,0,3,,0,0,0,0,1,1,,3,2,3,0,0,0,0,3,,0,0,0,0,1,1,,3,0,0,,,,,0,,,,,,0,0,,0
"Product","/products/t478-14-3-lbs-e-cup-realistic-half-body-silicone-life-size-sex-doll-torso-sy-doll",2,3,0,0,0,0,9,,0,0,0,204,3,0.6666666666666666,,2,2,3,0,0,0,0,9,,0,0,0,204,3,0.6666666666666666,,2,0,0,,,,,0,,,,,0,0,0,,0
"Blog Article","/blogs/dolls-info-qustions/japanese-girls-become-the-most-popular-women",3,3,0,0,0,0,3,,0,0,0,0,1,1,,3,3,3,0,0,0,0,3,,0,0,0,0,1,1,,3,0,0,,,,,0,,,,,,0,0,,0
"Blog Article","/blogs/dolls-info-qustions/exploring-the-best-personal-time-spaces",3,3,0,0,0,0,3,,0,0,0,0,1,1,,3,3,3,0,0,0,0,3,,0,0,0,0,1,1,,3,0,0,,,,,0,,,,,,0,0,,0
,"/en-ca/collections/mini-sex-doll",3,3,0,0,0,0,31,,0,0,0,1101.3333333333333,10.333333333333334,0.6666666666666666,,2,3,3,0,0,0,0,31,,0,0,0,1101.3333333333333,10.333333333333334,0.6666666666666666,,2,0,0,,,,,0,,,,,0,0,0,,0
"Product","/products/f5985-157cm-5ft1-29kg-b-cup-realistic-skinny-tpe-sex-doll-sy-doll",3,3,0,0,0,0,3,,0,0,0,0,1,1,,3,3,3,0,0,0,0,3,,0,0,0,0,1,1,,3,0,0,,,,,0,,,,,,0,0,,0
"Blog Article","/blogs/dolls-info-qustions/7-sex-doll-delivery-steps",3,3,0,0,0,0,5,,0,0,0,105.33333333333333,1.6666666666666667,0.6666666666666666,,2,3,3,0,0,0,0,5,,0,0,0,105.33333333333333,1.6666666666666667,0.6666666666666666,,2,0,0,,,,,0,,,,,0,0,0,,0
"Product","/products/evasdoll-tall-silicone-doll-182cm-f737",3,3,0,0,0,0,3,,0,0,0,0,1,1,,3,3,3,0,0,0,0,3,,0,0,0,0,1,1,,3,0,0,,,,,0,,,,,,0,0,,0
"Collection","/collections/bbw-sex-doll-list",3,3,0,0,0,0,11,,0,0,0,73.33333333333333,3.6666666666666665,0.6666666666666666,,2,3,3,0,0,0,0,11,,0,0,0,73.33333333333333,3.6666666666666665,0.6666666666666666,,2,0,0,,,,,0,,,,,0,0,0,,0
"Product","/products/h074-sex-doll-head",3,3,0,0,0,0,8,,0,0,0,63.666666666666664,2.6666666666666665,0.6666666666666666,,2,3,3,0,0,0,0,8,,0,0,0,63.666666666666664,2.6666666666666665,0.6666666666666666,,2,0,0,,,,,0,,,,,0,0,0,,0
"Product","/products/f4904-150cm4ft9-35-5kg-b-cup-silicone-anime-style-furry-bunny-doll-climax-doll-ultra",3,3,0,0,0,0,63,,0,0,0,2735.3333333333335,21,0,,0,3,3,0,0,0,0,63,,0,0,0,2735.3333333333335,21,0,,0,0,0,,,,,0,,,,,0,0,,,
"Product","/products/p391-futanari-toys-anime-pocket-pussy-onahole",3,3,0,0,0,0,3,,0,0,0,0,1,1,,3,3,3,0,0,0,0,3,,0,0,0,0,1,1,,3,0,0,,,,,0,,,,,,0,0,,0
"Product","/products/p382-2-4lb-dragon-head-silicone-hentai-sex-doll-torso-toy-male-masturbator-mrl",3,3,0,0,0,0,3,,0,0,0,0,1,1,,3,3,3,0,0,0,0,3,,0,0,0,0,1,1,,3,0,0,,,,,0,,,,,,0,0,,0
"Product","/products/t59348-5lb-black-luxury-realistic-small-breasts-flat-chested-sex-doll-torso-climax-doll",1,3,0,0,0,0,9,,0,0,0,201.33333333333334,3,0,,0,1,3,0,0,0,0,9,,0,0,0,201.33333333333334,3,0,,0,0,0,,,,,0,,,,,0,0,,,
,"/en-ca/collections/chinese-sex-doll",3,3,0,0,0,0,6,,0,0,0,31.333333333333332,2,0.3333333333333333,,1,3,3,0,0,0,0,6,,0,0,0,31.333333333333332,2,0.3333333333333333,,1,0,0,,,,,0,,,,,0,0,0,,0
"Product","/products/t267-big-coke-male-sex-dolls-torso-dildo-for-women",3,3,0,0,0,0,3,,0,0,0,0,1,1,,3,3,3,0,0,0,0,3,,0,0,0,0,1,1,,3,0,0,,,,,0,,,,,,0,0,,0
,"/en-ca/blogs/dolls-info-qustions/why-do-women-enjoy-anal-sex-5-honest-reasons-you-never-expected",3,3,0,0,0,0,3,,0,0,0,0,1,1,,3,3,3,0,0,0,0,3,,0,0,0,0,1,1,,3,0,0,,,,,0,,,,,,0,0,,0
"Collection","/collections/judy-rona-doll",3,3,1,1,0,0,30,0,0.3333333333333333,0.3333333333333333,0,872.6666666666666,10,0,0,0,3,3,1,1,0,0,30,0,0.3333333333333333,0.3333333333333333,0,872.6666666666666,10,0,0,0,0,0,0,0,,,0,,0,0,,0,0,,,
,"/ja/collections/silicone-sex-dolls",3,3,0,0,0,0,3,,0,0,0,0,1,1,,3,3,3,0,0,0,0,3,,0,0,0,0,1,1,,3,0,0,,,,,0,,,,,,0,0,,0
"Collection","/collections/doggy-dildo-doll-guide-dog-knot-dildos-1",3,3,0,0,0,0,3,,0,0,0,0,1,1,,3,3,3,0,0,0,0,3,,0,0,0,0,1,1,,3,0,0,,,,,0,,,,,,0,0,,0
"Checkout","/60719464687/orders/9ca2b7a4aa6d41cdd2413e2e674f9de1",3,3,0,0,0,0,3,,0,0,0,0,1,1,,3,3,3,0,0,0,0,3,,0,0,0,0,1,1,,3,0,0,,,,,0,,,,,,0,0,,0
,"/de/blogs/dolls-info-qustions/in-depth-review-of-chunmomo-bezlya-collaborative-celebrity-sex-doll",3,3,0,0,0,0,5,,0,0,0,294,1.6666666666666667,0.6666666666666666,,2,3,3,0,0,0,0,5,,0,0,0,294,1.6666666666666667,0.6666666666666666,,2,0,0,,,,,0,,,,,0,0,0,,0
"Collection","/collections/europe-sex-doll-heads-1",3,3,0,0,0,0,7,,0,0,0,415,2.3333333333333335,0.3333333333333333,,1,3,3,0,0,0,0,7,,0,0,0,415,2.3333333333333335,0.3333333333333333,,1,0,0,,,,,0,,,,,0,0,0,,0
,"/en-ca/products/linkdolls-f824-158cm5ft2-jenny-d-cup-tpe-sexy-big-breasted-latina-women-love-doll-se-doll",3,3,0,0,0,0,4,,0,0,0,25.333333333333332,1.3333333333333333,0.6666666666666666,,2,3,3,0,0,0,0,4,,0,0,0,25.333333333333332,1.3333333333333333,0.6666666666666666,,2,0,0,,,,,0,,,,,0,0,0,,0
"Blog Article","/blogs/dolls-info-qustions/hey-as-a-woman-is-it-weird-if-i-want-to-buy-a-strap-on-dildo-to-get-it-on-with-a-female-trans-sex-doll",3,3,0,0,0,0,7,,0,0,0,22,2.3333333333333335,0.6666666666666666,,2,3,3,0,0,0,0,7,,0,0,0,22,2.3333333333333335,0.6666666666666666,,2,0,0,,,,,0,,,,,0,0,0,,0
,"/en-fi/collections/full-doll",3,3,0,0,0,0,33,,0,0,0,450,11,0.3333333333333333,,1,3,3,0,0,0,0,33,,0,0,0,450,11,0.3333333333333333,,1,0,0,,,,,0,,,,,0,0,0,,0
"Collection","/collections/vajankle-foot-fetish-toys/",3,3,0,0,0,0,10,,0,0,0,41.666666666666664,3.3333333333333335,0.6666666666666666,,2,3,3,0,0,0,0,10,,0,0,0,41.666666666666664,3.3333333333333335,0.6666666666666666,,2,0,0,,,,,0,,,,,0,0,0,,0
,"/en-ca/collections/pocket-pussy-ass",3,3,0,0,0,0,4,,0,0,0,2.6666666666666665,1.3333333333333333,0.6666666666666666,,2,3,3,0,0,0,0,4,,0,0,0,2.6666666666666665,1.3333333333333333,0.6666666666666666,,2,0,0,,,,,0,,,,,0,0,0,,0
"Blog Article","/blogs/dolls-info-qustions/unlocking-private-desires-the-secrets-of-torso-sex-doll-10-inch-dildo",3,3,0,0,0,0,3,,0,0,0,0,1,1,,3,3,3,0,0,0,0,3,,0,0,0,0,1,1,,3,0,0,,,,,0,,,,,,0,0,,0
,"/en-ca/collections/silicone-pocket-pussy",2,3,0,0,0,0,16,,0,0,0,267.6666666666667,5.333333333333333,0.3333333333333333,,1,2,3,0,0,0,0,16,,0,0,0,267.6666666666667,5.333333333333333,0.3333333333333333,,1,0,0,,,,,0,,,,,0,0,0,,0
"Product","/products/f1871k-anime-tpe-sex-doll-fun-west-doll",3,3,0,0,0,0,3,,0,0,0,0,1,1,,3,3,3,0,0,0,0,3,,0,0,0,0,1,1,,3,0,0,,,,,0,,,,,,0,0,,0
"Product","/products/f3442-aibei-h-cup-sucking-life-size-sex-doll",3,3,0,0,0,0,12,,0,0,0,105.33333333333333,4,0.6666666666666666,,2,3,3,0,0,0,0,12,,0,0,0,105.33333333333333,4,0.6666666666666666,,2,0,0,,,,,0,,,,,0,0,0,,0
,"/en-ca/collections/onahole",3,3,0,0,0,0,4,,0,0,0,3,1.3333333333333333,0.6666666666666666,,2,3,3,0,0,0,0,4,,0,0,0,3,1.3333333333333333,0.6666666666666666,,2,0,0,,,,,0,,,,,0,0,0,,0
,"/de/collections/mini-torso",3,3,0,0,0,0,3,,0,0,0,0,1,1,,3,3,3,0,0,0,0,3,,0,0,0,0,1,1,,3,0,0,,,,,0,,,,,,0,0,,0
"Product","/products/f7647-160cm-5ft3-c-cup-weight-loss-silicone-sex-doll-starpery-doll",3,3,0,0,0,0,15,,0,0,0,153.66666666666666,5,0.3333333333333333,,1,3,3,0,0,0,0,15,,0,0,0,153.66666666666666,5,0.3333333333333333,,1,0,0,,,,,0,,,,,0,0,0,,0
"Product","/products/t205-bbw-sex-torso-tpe-41-22lb-curvy-fat-belly",3,3,0,0,0,0,26,,0,0,0,435.6666666666667,8.666666666666666,0.6666666666666666,,2,3,3,0,0,0,0,26,,0,0,0,435.6666666666667,8.666666666666666,0.6666666666666666,,2,0,0,,,,,0,,,,,0,0,0,,0
"Collection","/collections/silver-fox-male-sex-doll",3,3,0,0,0,0,10,,0,0,0,73.33333333333333,3.3333333333333335,0.6666666666666666,,2,3,3,0,0,0,0,10,,0,0,0,73.33333333333333,3.3333333333333335,0.6666666666666666,,2,0,0,,,,,0,,,,,0,0,0,,0
,"/en-ca/collections/breast-toy",3,3,0,0,0,0,3,,0,0,0,0,1,1,,3,3,3,0,0,0,0,3,,0,0,0,0,1,1,,3,0,0,,,,,0,,,,,,0,0,,0
,"/en-fi/collections/robotic-sex-doll",3,3,0,0,0,0,3,,0,0,0,0,1,1,,3,3,3,0,0,0,0,3,,0,0,0,0,1,1,,3,0,0,,,,,0,,,,,,0,0,,0
"Product","/products/h626-ros-silicone-sex-doll-head-zelex-doll-head",3,3,0,0,0,0,14,,0,0,0,186.66666666666666,4.666666666666667,0.6666666666666666,,2,3,3,0,0,0,0,14,,0,0,0,186.66666666666666,4.666666666666667,0.6666666666666666,,2,0,0,,,,,0,,,,,0,0,0,,0
"Product","/products/notye-2sizes-silicone-butt-a779",3,3,0,0,0,0,3,,0,0,0,0,1,1,,3,3,3,0,0,0,0,3,,0,0,0,0,1,1,,3,0,0,,,,,0,,,,,,0,0,,0
,"/de/collections/breast-toy",3,3,0,0,0,0,4,,0,0,0,24,1.3333333333333333,0.6666666666666666,,2,3,3,0,0,0,0,4,,0,0,0,24,1.3333333333333333,0.6666666666666666,,2,0,0,,,,,0,,,,,0,0,0,,0
,"/ja/collections/tpe-sex-dolls",1,3,0,0,0,0,7,,0,0,0,495,2.3333333333333335,0.3333333333333333,,1,1,3,0,0,0,0,7,,0,0,0,495,2.3333333333333335,0.3333333333333333,,1,0,0,,,,,0,,,,,0,0,0,,0
"Blog Article","/blogs/dolls-info-qustions/13-sex-doll-storage-practical-tips-youll-definitely-use",3,3,0,0,0,0,3,,0,0,0,0,1,1,,3,3,3,0,0,0,0,3,,0,0,0,0,1,1,,3,0,0,,,,,0,,,,,,0,0,,0
"Product","/products/v335-ultra-soft-silicone-feet-real-feel-footjob-sex-toy-with-flexible-toes",2,3,0,0,0,0,6,,0,0,0,15.666666666666666,2,0.6666666666666666,,2,2,3,0,0,0,0,6,,0,0,0,15.666666666666666,2,0.6666666666666666,,2,0,0,,,,,0,,,,,0,0,0,,0
,"/en-ca/collections/sex-doll-feet",3,3,0,0,0,0,33,,0,0,0,178.33333333333334,11,0.3333333333333333,,1,3,3,0,0,0,0,33,,0,0,0,178.33333333333334,11,0.3333333333333333,,1,0,0,,,,,0,,,,,0,0,0,,0
"Product","/products/p32-realistic-pussy-sex-toy",3,3,0,0,0,0,3,,0,0,0,0,1,1,,3,3,3,0,0,0,0,3,,0,0,0,0,1,1,,3,0,0,,,,,0,,,,,,0,0,,0
"Product","/products/f5710-158cm-5ft2-36kg-g-cup-silicone-sexual-male-best-shemale-sex-doll-castle-doll",3,3,0,0,0,0,5,,0,0,0,9.333333333333334,1.6666666666666667,0.6666666666666666,,2,3,3,0,0,0,0,5,,0,0,0,9.333333333333334,1.6666666666666667,0.6666666666666666,,2,0,0,,,,,0,,,,,0,0,0,,0
"Product","/products/f2319-sy-163cm-g-cup-super-fat-bbw-life-size-sex-doll",3,3,0,0,0,0,5,,0,0,0,3.3333333333333335,1.6666666666666667,0.6666666666666666,,2,3,3,0,0,0,0,5,,0,0,0,3.3333333333333335,1.6666666666666667,0.6666666666666666,,2,0,0,,,,,0,,,,,0,0,0,,0
"Product","/products/t332-65lb-105cm-e-cup-hao-hard-head-silicone-sex-doll-torso-starpery-doll",2,3,0,0,0,0,39,,0,0,0,769.3333333333334,13,0.6666666666666666,,2,2,3,0,0,0,0,39,,0,0,0,769.3333333333334,13,0.6666666666666666,,2,0,0,,,,,0,,,,,0,0,0,,0
,"/en-ca/collections/anime-cosplay-sex-doll",3,3,0,0,0,0,5,,0,0,0,15.333333333333334,1.6666666666666667,0.6666666666666666,,2,3,3,0,0,0,0,5,,0,0,0,15.333333333333334,1.6666666666666667,0.6666666666666666,,2,0,0,,,,,0,,,,,0,0,0,,0
"Product","/products/b37-14-8lb-full-bust-33-8inch-cinnamon-silicone-boob-job-breast-sex-titty-fucking-mammary-intercourse-sex-toy-titjob",2,3,0,0,0,0,3,,0,0,0,0,1,1,,3,2,3,0,0,0,0,3,,0,0,0,0,1,1,,3,0,0,,,,,0,,,,,,0,0,,0
"Blog Article","/blogs/dolls-info-qustions/2025-how-to-perform-oral-sex-with-a-real-sex-doll",3,3,0,0,0,0,5,,0,0,0,3.3333333333333335,1.6666666666666667,0.6666666666666666,,2,3,3,0,0,0,0,5,,0,0,0,3.3333333333333335,1.6666666666666667,0.6666666666666666,,2,0,0,,,,,0,,,,,0,0,0,,0
"Product","/products/t370-24lbs-61cm-life-size-realistic-torso-flat-chest-sex-dolls",3,3,0,0,0,0,11,,0,0,0,235,3.6666666666666665,0.6666666666666666,,2,3,3,0,0,0,0,11,,0,0,0,235,3.6666666666666665,0.6666666666666666,,2,0,0,,,,,0,,,,,0,0,0,,0
"Blog Article","/blogs/dolls-info-qustions/how-to-pick-a-fake-pussy-and-sex-doll-torso",3,3,0,0,0,0,4,,0,0,0,226.66666666666666,1.3333333333333333,0.6666666666666666,,2,3,3,0,0,0,0,4,,0,0,0,226.66666666666666,1.3333333333333333,0.6666666666666666,,2,0,0,,,,,0,,,,,0,0,0,,0
"Product","/products/f8000-150cm-5ft-27-5kg-silicone-anime-hentai-sex-doll-elsa-babe",3,3,0,0,0,0,4,,0,0,0,4.666666666666667,1.3333333333333333,0.6666666666666666,,2,3,3,0,0,0,0,4,,0,0,0,4.666666666666667,1.3333333333333333,0.6666666666666666,,2,0,0,,,,,0,,,,,0,0,0,,0
,"/en-ca/pages/sex-doll-gif",3,3,0,0,0,0,10,,0,0,0,545.6666666666666,3.3333333333333335,0.3333333333333333,,1,3,3,0,0,0,0,10,,0,0,0,545.6666666666666,3.3333333333333335,0.3333333333333333,,1,0,0,,,,,0,,,,,0,0,0,,0
"Blog Article","/blogs/dolls-info-qustions/se-doll-sex-bot-series-feature-comparison-waist-rotation-vs-hip-thrusting-vs-head-nodding",3,3,0,0,0,0,7,,0,0,0,166,2.3333333333333335,0.6666666666666666,,2,3,3,0,0,0,0,7,,0,0,0,166,2.3333333333333335,0.6666666666666666,,2,0,0,,,,,0,,,,,0,0,0,,0
"Collection","/collections/lesbian-sex-doll-1",3,3,0,0,0,0,14,,0,0,0,114,4.666666666666667,0,,0,3,3,0,0,0,0,14,,0,0,0,114,4.666666666666667,0,,0,0,0,,,,,0,,,,,0,0,,,
,"/en-ca/products/f1031-155cm-tpe-sex-doll-fun-west-doll",3,3,0,0,0,0,3,,0,0,0,0,1,1,,3,3,3,0,0,0,0,3,,0,0,0,0,1,1,,3,0,0,,,,,0,,,,,,0,0,,0
"Product","/products/t665-silicone-realistic-torso-32lbs",3,3,0,0,0,0,15,,0,0,0,349.3333333333333,5,0,,0,3,3,0,0,0,0,15,,0,0,0,349.3333333333333,5,0,,0,0,0,,,,,0,,,,,0,0,,,
,"/ja/collections/young-male-sex-doll",3,3,0,0,0,0,4,,0,0,0,0.3333333333333333,1.3333333333333333,0.6666666666666666,,2,3,3,0,0,0,0,4,,0,0,0,0.3333333333333333,1.3333333333333333,0.6666666666666666,,2,0,0,,,,,0,,,,,0,0,0,,0
,"/ja/collections/silicone-pocket-pussy",3,3,0,0,0,0,3,,0,0,0,0,1,1,,3,3,3,0,0,0,0,3,,0,0,0,0,1,1,,3,0,0,,,,,0,,,,,,0,0,,0
,"/ja/collections/big-ass-sex-doll-life-size",2,3,0,0,0,0,7,,0,0,0,98.33333333333333,2.3333333333333335,0.6666666666666666,,2,2,3,0,0,0,0,7,,0,0,0,98.33333333333333,2.3333333333333335,0.6666666666666666,,2,0,0,,,,,0,,,,,0,0,0,,0
"Collection","/collections/teardrop-huge-breast-sex-doll",3,3,0,0,0,0,8,,0,0,0,73.33333333333333,2.6666666666666665,0.6666666666666666,,2,3,3,0,0,0,0,8,,0,0,0,73.33333333333333,2.6666666666666665,0.6666666666666666,,2,0,0,,,,,0,,,,,0,0,0,,0
"Collection","/collections/big-boobs-japanese-sex-doll",3,3,0,0,0,0,3,,0,0,0,0,1,1,,3,3,3,0,0,0,0,3,,0,0,0,0,1,1,,3,0,0,,,,,0,,,,,,0,0,,0
"Blog Article","/blogs/dolls-info-qustions/big-ass-sex-doll-or-small-ass-sex-doll",3,3,0,0,0,0,3,,0,0,0,0,1,1,,3,3,3,0,0,0,0,3,,0,0,0,0,1,1,,3,0,0,,,,,0,,,,,,0,0,,0
"Product","/products/silicone-butt-thighs-17-4lb",3,3,0,0,0,0,4,,0,0,0,8.333333333333334,1.3333333333333333,0.6666666666666666,,2,3,3,0,0,0,0,4,,0,0,0,8.333333333333334,1.3333333333333333,0.6666666666666666,,2,0,0,,,,,0,,,,,0,0,0,,0
"Collection","/collections/il-doll",3,3,0,0,0,0,3,,0,0,0,0,1,1,,3,3,3,0,0,0,0,3,,0,0,0,0,1,1,,3,0,0,,,,,0,,,,,,0,0,,0
"Collection","/collections/breast-vagina",3,3,0,0,0,0,66,,0,0,0,759,22,0.3333333333333333,,1,3,3,0,0,0,0,66,,0,0,0,759,22,0.3333333333333333,,1,0,0,,,,,0,,,,,0,0,0,,0
"Product","/products/f9134k-150cm-bbw-f-cup-huge-sex-tits-huge-tits-sex-doll-us-eu-stock",3,3,0,0,0,0,13,,0,0,0,90.33333333333333,4.333333333333333,0,,0,3,3,0,0,0,0,13,,0,0,0,90.33333333333333,4.333333333333333,0,,0,0,0,,,,,0,,,,,0,0,,,
"Blog Article","/blogs/dolls-info-qustions/introduction-of-oral-heating-and-automatic-tongue-licking-function-and-precautions-for-operation",3,3,0,0,0,0,10,,0,0,0,470.6666666666667,3.3333333333333335,0.3333333333333333,,1,3,3,0,0,0,0,10,,0,0,0,470.6666666666667,3.3333333333333335,0.3333333333333333,,1,0,0,,,,,0,,,,,0,0,0,,0
"Product","/products/f5573-150cm-5ft-27-5kg-shemale-anime-futa-silicone-sex-doll-elsa-babe",1,3,0,0,0,0,3,,0,0,0,0,1,1,,3,1,3,0,0,0,0,3,,0,0,0,0,1,1,,3,0,0,,,,,0,,,,,,0,0,,0
"Blog Article","/blogs/dolls-info-qustions/how-to-use-a-pocket-pussy",3,3,0,0,0,0,3,,0,0,0,0,1,1,,3,3,3,0,0,0,0,3,,0,0,0,0,1,1,,3,0,0,,,,,0,,,,,,0,0,,0
"Product","/products/f9141-doll-senior-huge-boob-sex-doll-anime-asian-ros-gel-breast-silicone-170cm-43kg",3,3,0,0,0,0,11,,0,0,0,71.33333333333333,3.6666666666666665,0.6666666666666666,,2,3,3,0,0,0,0,11,,0,0,0,71.33333333333333,3.6666666666666665,0.6666666666666666,,2,0,0,,,,,0,,,,,0,0,0,,0
,"/en-fi/collections/bbw-sex-doll-torso",3,3,0,0,0,0,5,,0,0,0,6.666666666666667,1.6666666666666667,0.6666666666666666,,2,3,3,0,0,0,0,5,,0,0,0,6.666666666666667,1.6666666666666667,0.6666666666666666,,2,0,0,,,,,0,,,,,0,0,0,,0
,"/en-fi/blogs/dolls-info-qustions/how-to-properly-use-chinese-sex-dolls-a-comprehensive-guide",2,3,0,0,0,0,21,,0,0,0,625.3333333333334,7,0,,0,2,3,0,0,0,0,21,,0,0,0,625.3333333333334,7,0,,0,0,0,,,,,0,,,,,0,0,,,
,"/en-ca/collections/silicone-ass",3,3,0,0,0,0,4,,0,0,0,28.666666666666668,1.3333333333333333,0.6666666666666666,,2,3,3,0,0,0,0,4,,0,0,0,28.666666666666668,1.3333333333333333,0.6666666666666666,,2,0,0,,,,,0,,,,,0,0,0,,0
,"/en-ca/products/t281-52-91lbs-100cm-hazel-lightweight-life-size-sex-doll-torso-with-head-climax-doll",1,3,0,0,0,0,3,,0,0,0,0,1,1,,3,1,3,0,0,0,0,3,,0,0,0,0,1,1,,3,0,0,,,,,0,,,,,,0,0,,0
,"/en-ca/collections/erovenus-sex-doll",3,3,0,0,0,0,11,,0,0,0,563,3.6666666666666665,0.6666666666666666,,2,3,3,0,0,0,0,11,,0,0,0,563,3.6666666666666665,0.6666666666666666,,2,0,0,,,,,0,,,,,0,0,0,,0
"Product","/products/a302-21-4lb-silicone-realistic-big-ass-torso-with-long-waist",2,3,0,0,0,0,6,,0,0,0,341,2,0.3333333333333333,,1,2,3,0,0,0,0,6,,0,0,0,341,2,0.3333333333333333,,1,0,0,,,,,0,,,,,0,0,0,,0
,"/en-ca/collections/big-booty-sex-dolls",3,3,0,0,0,0,4,,0,0,0,2.6666666666666665,1.3333333333333333,0.6666666666666666,,2,3,3,0,0,0,0,4,,0,0,0,2.6666666666666665,1.3333333333333333,0.6666666666666666,,2,0,0,,,,,0,,,,,0,0,0,,0
"Collection","/collections/new-sex-dolls-2023-05",3,3,0,0,0,0,5,,0,0,0,262.6666666666667,1.6666666666666667,0.6666666666666666,,2,3,3,0,0,0,0,5,,0,0,0,262.6666666666667,1.6666666666666667,0.6666666666666666,,2,0,0,,,,,0,,,,,0,0,0,,0
"Product","/products/t931-51kg-j-cup-tpe-adult-big-chest-big-ass-ssbbw-sex-doll-torso-with-head-yl-doll",3,3,1,0,0,0,26,,0.3333333333333333,0,0,774,8.666666666666666,0,,0,3,3,1,0,0,0,26,,0.3333333333333333,0,0,774,8.666666666666666,0,,0,0,0,0,,,,0,,0,,,0,0,,,
"Collection","/collections/wm-doll",3,3,0,0,0,0,10,,0,0,0,80.66666666666667,3.3333333333333335,0,,0,3,3,0,0,0,0,10,,0,0,0,80.66666666666667,3.3333333333333335,0,,0,0,0,,,,,0,,,,,0,0,,,
"Collection","/collections/large-breast-sex-doll",3,3,0,0,0,0,108,,0,0,0,989,36,0.3333333333333333,,1,3,3,0,0,0,0,108,,0,0,0,989,36,0.3333333333333333,,1,0,0,,,,,0,,,,,0,0,0,,0
,"/ja/blogs/recent-brand-updates-new-arrivals-for-sex-dolls/mrl-fantasy-sex-toys-realistic-anime-furry-and-monster-girl-torso-collection",3,3,0,0,0,0,6,,0,0,0,35.666666666666664,2,0.6666666666666666,,2,3,3,0,0,0,0,6,,0,0,0,35.666666666666664,2,0.6666666666666666,,2,0,0,,,,,0,,,,,0,0,0,,0
"Blog Article","/blogs/dolls-info-qustions/foot-smother-a-guide-to-safe-and-sensual-play",3,3,0,0,0,0,3,,0,0,0,0,1,1,,3,3,3,0,0,0,0,3,,0,0,0,0,1,1,,3,0,0,,,,,0,,,,,,0,0,,0
,"/en-fi/collections/shemale-sex-toy",2,3,0,0,0,0,4,,0,0,0,13.666666666666666,1.3333333333333333,0.6666666666666666,,2,2,3,0,0,0,0,4,,0,0,0,13.666666666666666,1.3333333333333333,0.6666666666666666,,2,0,0,,,,,0,,,,,0,0,0,,0
,"/de/collections/fantasy-sex-dolls",3,3,0,0,0,0,6,,0,0,0,15,2,0.3333333333333333,,1,3,3,0,0,0,0,6,,0,0,0,15,2,0.3333333333333333,,1,0,0,,,,,0,,,,,0,0,0,,0
"Collection","/collections/fantasy-sex-doll-heads",3,3,0,0,0,0,4,,0,0,0,4.666666666666667,1.3333333333333333,0.6666666666666666,,2,3,3,0,0,0,0,4,,0,0,0,4.666666666666667,1.3333333333333333,0.6666666666666666,,2,0,0,,,,,0,,,,,0,0,0,,0
"Blog Article","/blogs/dolls-info-qustions/4-reasons-why-milfs-are-so-popular-in-2023",3,3,0,0,0,0,3,,0,0,0,0,1,1,,3,3,3,0,0,0,0,3,,0,0,0,0,1,1,,3,0,0,,,,,0,,,,,,0,0,,0
"Product","/products/f2422-168cm-m-cup-shemale-trans-big-dick-musculature-shemale-sex-doll-castle-doll",3,3,0,0,0,0,7,,0,0,0,143,2.3333333333333335,0.6666666666666666,,2,3,3,0,0,0,0,7,,0,0,0,143,2.3333333333333335,0.6666666666666666,,2,0,0,,,,,0,,,,,0,0,0,,0
"Product","/products/f4719-152cm-5ft-37kg-f-cup-realistic-tpe-big-ass-bbw-sex-doll-sy-doll",2,3,0,0,0,0,3,,0,0,0,0,1,1,,3,2,3,0,0,0,0,3,,0,0,0,0,1,1,,3,0,0,,,,,0,,,,,,0,0,,0
"Product","/products/t938-150cm-4ft9-g-cup-256-powerful-big-ass-tpe-ssbbw-plus-size-sex-dolls-2025-sy-doll",3,3,0,0,0,0,3,,0,0,0,0,1,1,,3,3,3,0,0,0,0,3,,0,0,0,0,1,1,,3,0,0,,,,,0,,,,,,0,0,,0
,"/de/collections/big-boobs-japanese-sex-doll",3,3,0,0,0,0,5,,0,0,0,322.3333333333333,1.6666666666666667,0.6666666666666666,,2,3,3,0,0,0,0,5,,0,0,0,322.3333333333333,1.6666666666666667,0.6666666666666666,,2,0,0,,,,,0,,,,,0,0,0,,0
"Product","/products/v637-portable-tpe-foot-fetish-toys-for-discrete-storage-in-small-apartments",1,3,0,0,0,0,6,,0,0,0,621,2,0.3333333333333333,,1,1,3,0,0,0,0,6,,0,0,0,621,2,0.3333333333333333,,1,0,0,,,,,0,,,,,0,0,0,,0
"Product","/products/f7152-168cm5-6ft-42-5kg-2-2u-e-cup-japanese-cosplay-sex-doll-naughty-nun-style-with-glasses-realistic-silicone-body-with-3-love-holes-bezlya-doll",2,3,0,0,0,0,7,,0,0,0,76.66666666666667,2.3333333333333335,0.6666666666666666,,2,2,3,0,0,0,0,7,,0,0,0,76.66666666666667,2.3333333333333335,0.6666666666666666,,2,0,0,,,,,0,,,,,0,0,0,,0
"List of Collections","/collections",3,3,0,0,0,0,130,,0,0,0,2506,43.333333333333336,0,,0,3,3,0,0,0,0,130,,0,0,0,2506,43.333333333333336,0,,0,0,0,,,,,0,,,,,0,0,,,
"Product","/products/f2344-151cm4-9ft-65kg-m-cup-bbw-jasmine-huge-breast-silicone-mini-sex-doll%E4%B8%A8climax-doll-pro",1,3,0,0,0,0,33,,0,0,0,577.3333333333334,11,0.3333333333333333,,1,1,3,0,0,0,0,33,,0,0,0,577.3333333333334,11,0.3333333333333333,,1,0,0,,,,,0,,,,,0,0,0,,0
"Product","/products/ironai-ros-silicone-blowjob-head-h901",3,3,0,0,0,0,4,,0,0,0,109.33333333333333,1.3333333333333333,0.6666666666666666,,2,3,3,0,0,0,0,4,,0,0,0,109.33333333333333,1.3333333333333333,0.6666666666666666,,2,0,0,,,,,0,,,,,0,0,0,,0
"Collection","/collections/aibei-doll-factory-photos",3,3,0,0,0,0,41,,0,0,0,553.6666666666666,13.666666666666666,0.3333333333333333,,1,3,3,0,0,0,0,41,,0,0,0,553.6666666666666,13.666666666666666,0.3333333333333333,,1,0,0,,,,,0,,,,,0,0,0,,0
"Collection","/collections/loli-sex-dolls",3,3,0,0,0,0,3,,0,0,0,0,1,1,,3,3,3,0,0,0,0,3,,0,0,0,0,1,1,,3,0,0,,,,,0,,,,,,0,0,,0
"Product","/products/f3810-165cm-5ft4-hoshino-kanami-silicone-anime-sex-doll-elsa-babe",1,3,0,0,0,0,10,,0,0,0,166.33333333333334,3.3333333333333335,0.3333333333333333,,1,1,3,0,0,0,0,10,,0,0,0,166.33333333333334,3.3333333333333335,0.3333333333333333,,1,0,0,,,,,0,,,,,0,0,0,,0
"Product","/products/a351-7-7lb-silicone-deer-ass-furry-sex-doll-torso-mrl",3,3,0,0,0,0,22,,0,0,0,921.3333333333334,7.333333333333333,0.3333333333333333,,1,3,3,0,0,0,0,22,,0,0,0,921.3333333333334,7.333333333333333,0.3333333333333333,,1,0,0,,,,,0,,,,,0,0,0,,0
,"/en-ca/products/t280-48-5lbs-80cm-884-lightweight-life-size-sex-doll-torso-climax-doll",2,3,0,0,0,0,4,,0,0,0,6.666666666666667,1.3333333333333333,0.6666666666666666,,2,2,3,0,0,0,0,4,,0,0,0,6.666666666666667,1.3333333333333333,0.6666666666666666,,2,0,0,,,,,0,,,,,0,0,0,,0
"Checkout","/60719464687/orders/6d8ca0894068b9987a11e84309bb1d2b",1,3,0,0,0,0,3,,0,0,0,0,1,1,,3,1,3,0,0,0,0,3,,0,0,0,0,1,1,,3,0,0,,,,,0,,,,,,0,0,,0
"Product","/products/f9013-160cm-5ft3-36kg-c-cup-lifelike-silicone-head-tpe-body-sex-doll-rosretty-doll",3,3,0,0,0,0,4,,0,0,0,4.333333333333333,1.3333333333333333,0.6666666666666666,,2,3,3,0,0,0,0,4,,0,0,0,4.333333333333333,1.3333333333333333,0.6666666666666666,,2,0,0,,,,,0,,,,,0,0,0,,0
"Blog Article","/blogs/dolls-info-qustions/the-ultimate-guide-to-best-stuffed-animal-sex-dolls-in-2025",3,3,0,0,0,0,8,,0,0,0,24,2.6666666666666665,0.6666666666666666,,2,3,3,0,0,0,0,8,,0,0,0,24,2.6666666666666665,0.6666666666666666,,2,0,0,,,,,0,,,,,0,0,0,,0
"Product","/products/f2421-168cm-m-cup-shemale-femboy-big-ass-musculature-silicone-sex-doll-castle-doll",2,2,0,0,0,0,2,,0,0,0,0,1,1,,2,2,2,0,0,0,0,2,,0,0,0,0,1,1,,2,0,0,,,,,0,,,,,,0,0,,0
"Collection","/collections/irontech-doll-videos",2,2,0,0,0,0,5,,0,0,0,40.5,2.5,0.5,,1,2,2,0,0,0,0,5,,0,0,0,40.5,2.5,0.5,,1,0,0,,,,,0,,,,,0,0,0,,0
"Product","/products/f2387a-163cm5-3ft-53kg-g-cup-s6-great-doggy-style-huge-butt-silicone-head-realistic-sex-doll-2025%E4%B8%A8sy-doll",2,2,0,0,0,0,20,,0,0,0,250,10,0.5,,1,2,2,0,0,0,0,20,,0,0,0,250,10,0.5,,1,0,0,,,,,0,,,,,0,0,0,,0
,"/de/collections/electric-sex-doll-head",2,2,0,0,0,0,3,,0,0,0,6.5,1.5,0.5,,1,2,2,0,0,0,0,3,,0,0,0,6.5,1.5,0.5,,1,0,0,,,,,0,,,,,0,0,0,,0
"Blog Article","/blogs/dolls-info-qustions/how-to-eat-ass-a-deep-dive-into-rimming-techniques-and-sex-doll-play",2,2,0,0,0,0,2,,0,0,0,0,1,1,,2,2,2,0,0,0,0,2,,0,0,0,0,1,1,,2,0,0,,,,,0,,,,,,0,0,,0
"Blog Article","/blogs/dolls-info-qustions/inside-the-2025-shenzhen-adult-expo-where-tech-meets-fantasy-in-the-world-of-sex-dolls",2,2,0,0,0,0,2,,0,0,0,0,1,1,,2,2,2,0,0,0,0,2,,0,0,0,0,1,1,,2,0,0,,,,,0,,,,,,0,0,,0
"Product","/products/f4474a-163cm5-3ft-51kg-h-cup-bbw-big-booty-large-butt-tpe-sex-doll-2025%E4%B8%A8wm-doll",2,2,1,0,0,0,8,,0.5,0,0,295,4,0,,0,2,2,1,0,0,0,8,,0.5,0,0,295,4,0,,0,0,0,0,,,,0,,0,,,0,0,,,
"Product","/products/t445-27-56lb-silicone-bbw-sex-doll-torso-for-men-lovenestle",2,2,0,0,0,0,17,,0,0,0,416.5,8.5,0,,0,2,2,0,0,0,0,17,,0,0,0,416.5,8.5,0,,0,0,0,,,,,0,,,,,0,0,,,
"Blog Article","/blogs/real-sex-doll-reviews-pros-cons-real-usage-tests/shedoll-sex-doll-real-review-hands-on-experience",2,2,0,0,0,0,2,,0,0,0,0,1,1,,2,2,2,0,0,0,0,2,,0,0,0,0,1,1,,2,0,0,,,,,0,,,,,,0,0,,0
"Product","/products/574-8-22lblight-weight-sexy-sex-doll-torso-big-ass",2,2,0,0,0,0,17,,0,0,0,488,8.5,0,,0,2,2,0,0,0,0,17,,0,0,0,488,8.5,0,,0,0,0,,,,,0,,,,,0,0,,,
"Checkout","/60719464687/orders/6b45d1d2fec937db87aa79719aa16b51",1,2,0,0,0,0,2,,0,0,0,0,1,1,,2,1,2,0,0,0,0,2,,0,0,0,0,1,1,,2,0,0,,,,,0,,,,,,0,0,,0
"Blog Article","/blogs/dolls-info-qustions/what-is-it-like-to-use-a-shemale-sex-doll",2,2,0,0,0,0,4,,0,0,0,254.5,2,0.5,,1,2,2,0,0,0,0,4,,0,0,0,254.5,2,0.5,,1,0,0,,,,,0,,,,,0,0,0,,0
"Product","/products/a799-silicone-big-butt-sex-torso-climax-doll",2,2,0,0,0,0,13,,0,0,0,2184.5,6.5,0,,0,2,2,0,0,0,0,13,,0,0,0,2184.5,6.5,0,,0,0,0,,,,,0,,,,,0,0,,,
"Product","/products/f1207-152cm-5ft-a-cup-hazel-fascinat-silicone-mini-sex-doll-irontech-doll",2,2,0,0,0,0,4,,0,0,0,272.5,2,0.5,,1,2,2,0,0,0,0,4,,0,0,0,272.5,2,0.5,,1,0,0,,,,,0,,,,,0,0,0,,0
,"/de/collections/cheap-sex-doll",2,2,0,0,0,0,4,,0,0,0,173,2,0,,0,2,2,0,0,0,0,4,,0,0,0,173,2,0,,0,0,0,,,,,0,,,,,0,0,,,
"Product","/collections/life-sized-sex-doll/products/65cm-realistic-sex-doll-torso-with-perky-breasts-and-big-sexy-ass-509-sex-doll-torso",2,2,0,0,0,0,4,,0,0,0,418,2,0.5,,1,2,2,0,0,0,0,4,,0,0,0,418,2,0.5,,1,0,0,,,,,0,,,,,0,0,0,,0
,"/ja",2,2,0,0,0,0,3,,0,0,0,17.5,1.5,0.5,,1,2,2,0,0,0,0,3,,0,0,0,17.5,1.5,0.5,,1,0,0,,,,,0,,,,,0,0,0,,0
"Product","/products/562-fat-ass-torso-doll-silicone-ass",2,2,0,0,0,0,3,,0,0,0,24.5,1.5,0.5,,1,2,2,0,0,0,0,3,,0,0,0,24.5,1.5,0.5,,1,0,0,,,,,0,,,,,0,0,0,,0
,"/en-ca/blogs/dolls-info-qustions/top-cydoll-auto-blowjob-function-game-changing-feature-now-live",2,2,0,0,0,0,2,,0,0,0,0,1,1,,2,2,2,0,0,0,0,2,,0,0,0,0,1,1,,2,0,0,,,,,0,,,,,,0,0,,0
,"/en-ca/collections/sex-doll-torso-with-head",2,2,0,0,0,0,12,,0,0,0,194.5,6,0,,0,2,2,0,0,0,0,12,,0,0,0,194.5,6,0,,0,0,0,,,,,0,,,,,0,0,,,
,"/en-ca/products/f8000-150cm-5ft-27-5kg-silicone-anime-hentai-sex-doll-elsa-babe",2,2,0,0,0,0,3,,0,0,0,2,1.5,0.5,,1,2,2,0,0,0,0,3,,0,0,0,2,1.5,0.5,,1,0,0,,,,,0,,,,,0,0,0,,0
"Product","/products/f311-163cm5-4ft-51kg-h-cup-bbw-tpe-sex-doll%E4%B8%A8wm-doll",2,2,0,0,0,0,18,,0,0,0,2147,9,0,,0,2,2,0,0,0,0,18,,0,0,0,2147,9,0,,0,0,0,,,,,0,,,,,0,0,,,
,"/en-ca/collections/monster-hentai-sex-doll",2,2,0,0,0,0,8,,0,0,0,210.5,4,0,,0,2,2,0,0,0,0,8,,0,0,0,210.5,4,0,,0,0,0,,,,,0,,,,,0,0,,,
,"/en-ca/blogs/dolls-info-qustions/why-do-female-characters-in-anime-often-have-exaggeratedly-large-breasts",2,2,0,0,0,0,2,,0,0,0,0,1,1,,2,2,2,0,0,0,0,2,,0,0,0,0,1,1,,2,0,0,,,,,0,,,,,,0,0,,0
,"/ja/blogs/dolls-info-qustions/why-do-women-enjoy-anal-sex-5-honest-reasons-you-never-expected",2,2,0,0,0,0,2,,0,0,0,0,1,1,,2,2,2,0,0,0,0,2,,0,0,0,0,1,1,,2,0,0,,,,,0,,,,,,0,0,,0
"Collection","/collections/devil-fairy-alien-sex-dolls",2,2,0,0,0,0,23,,0,0,0,306.5,11.5,0,,0,2,2,0,0,0,0,23,,0,0,0,306.5,11.5,0,,0,0,0,,,,,0,,,,,0,0,,,
"Collection","/collections/sex-torso-doll-in-stock-europe",2,2,0,0,0,0,2,,0,0,0,0,1,1,,2,2,2,0,0,0,0,2,,0,0,0,0,1,1,,2,0,0,,,,,0,,,,,,0,0,,0
"Product","/products/f5960k-168cm-h-cup-lightweight-big-breast-sex-doll-giant-boobs-us-stock",2,2,0,0,0,0,2,,0,0,0,0,1,1,,2,2,2,0,0,0,0,2,,0,0,0,0,1,1,,2,0,0,,,,,0,,,,,,0,0,,0
"Product","/products/f4092k-153cm-45kg-q-cup-full-silicone-ssbbw-biggest-sex-doll-bbw-in-stock-castle-doll",2,2,0,0,0,0,22,,0,0,0,423,11,0.5,,1,2,2,0,0,0,0,22,,0,0,0,423,11,0.5,,1,0,0,,,,,0,,,,,0,0,0,,0
"Product","/products/65cm-realistic-sex-doll-torso-with-perky-breasts-and-big-sexy-ass-509-sex-doll-torso",1,2,0,0,0,0,11,,0,0,0,2194,5.5,0,,0,1,2,0,0,0,0,11,,0,0,0,2194,5.5,0,,0,0,0,,,,,0,,,,,0,0,,,
,"/de/collections/tpe-torso",2,2,0,0,0,0,5,,0,0,0,45.5,2.5,0.5,,1,2,2,0,0,0,0,5,,0,0,0,45.5,2.5,0.5,,1,0,0,,,,,0,,,,,0,0,0,,0
"Blog Index","/blogs/complete-sex-doll-guide-for-beginners",2,2,0,0,0,0,2,,0,0,0,0,1,1,,2,2,2,0,0,0,0,2,,0,0,0,0,1,1,,2,0,0,,,,,0,,,,,,0,0,,0
,"/ja/blogs/real-sex-doll-reviews-pros-cons-real-usage-tests/the-ultimate-in-in-depth-experience-sharing-of-sy-doll-163cm-big-bottomed-plus-size",1,2,0,0,0,0,4,,0,0,0,31.5,2,0.5,,1,1,2,0,0,0,0,4,,0,0,0,31.5,2,0.5,,1,0,0,,,,,0,,,,,0,0,0,,0
"Blog Index","/blogs/real-sex-doll-reviews-pros-cons-real-usage-tests",2,2,0,0,0,0,5,,0,0,0,7.5,2.5,0,,0,2,2,0,0,0,0,5,,0,0,0,7.5,2.5,0,,0,0,0,,,,,0,,,,,0,0,,,
"Product","/products/f4712-150cm4ft9-45kg-j-cup-lightweight-large-breast-fat-ass-tpe-ssbbw-fat-brown-sex-doll-castle-doll",1,2,0,0,0,0,76,,0,0,0,1545.5,38,0,,0,1,2,0,0,0,0,76,,0,0,0,1545.5,38,0,,0,0,0,,,,,0,,,,,0,0,,,
,"/en-ca/collections/fantasy-sex-dolls",2,2,0,0,0,0,2,,0,0,0,0,1,1,,2,2,2,0,0,0,0,2,,0,0,0,0,1,1,,2,0,0,,,,,0,,,,,,0,0,,0
,"/ja/collections/silicone-sex-doll-torso-love-torso-silicone-doll",1,2,0,0,0,0,7,,0,0,0,669.5,3.5,0.5,,1,1,2,0,0,0,0,7,,0,0,0,669.5,3.5,0.5,,1,0,0,,,,,0,,,,,0,0,0,,0
"Product","/products/f2536-164cm-f-cup-s40-big-boobs-silicone-sex-doll-irontech-doll",1,2,0,0,0,0,2,,0,0,0,0,1,1,,2,1,2,0,0,0,0,2,,0,0,0,0,1,1,,2,0,0,,,,,0,,,,,,0,0,,0
"Blog Article","/blogs/dolls-info-qustions/naked-sex-doll-the-ultimate-sexual-fantasy",2,2,0,0,0,0,2,,0,0,0,0,1,1,,2,2,2,0,0,0,0,2,,0,0,0,0,1,1,,2,0,0,,,,,0,,,,,,0,0,,0
"Checkout","/60719464687/orders/ecddb4242ad8ecafbdc0a79f021d6100",1,2,0,0,0,0,32,,0,0,0,799.5,16,0,,0,1,2,0,0,0,0,32,,0,0,0,799.5,16,0,,0,0,0,,,,,0,,,,,0,0,,,
"Collection","/collections/36-40kg-79-88lb",1,2,0,0,0,0,7,,0,0,0,75.5,3.5,0,,0,1,2,0,0,0,0,7,,0,0,0,75.5,3.5,0,,0,0,0,,,,,0,,,,,0,0,,,
,"/en-ca/collections/hentai-sex-dolls-connecting-fantasy-to-reality",2,2,0,0,0,0,2,,0,0,0,0,1,1,,2,2,2,0,0,0,0,2,,0,0,0,0,1,1,,2,0,0,,,,,0,,,,,,0,0,,0
"Product","/products/f6320-151cm-5ft-25kg-asian-silicone-sex-doll-with-realistic-skin-texture-md-doll",1,2,0,0,0,0,12,,0,0,0,127.5,6,0.5,,1,1,2,0,0,0,0,12,,0,0,0,127.5,6,0.5,,1,0,0,,,,,0,,,,,0,0,0,,0
"Product","/products/f9404-170cm-life-size-sex-doll-g-cup",1,2,0,0,0,0,40,,0,0,0,1291,20,0,,0,1,2,0,0,0,0,40,,0,0,0,1291,20,0,,0,0,0,,,,,0,,,,,0,0,,,
,"/en-fi/collections/black-sex-dolls",2,2,0,0,0,0,11,,0,0,0,449.5,5.5,0,,0,2,2,0,0,0,0,11,,0,0,0,449.5,5.5,0,,0,0,0,,,,,0,,,,,0,0,,,
"Blog Article","/blogs/dolls-info-qustions/the-fusion-of-anime-culture-and-reality-from-figures-to-furry-sex-dolls",2,2,0,0,0,0,2,,0,0,0,0,1,1,,2,2,2,0,0,0,0,2,,0,0,0,0,1,1,,2,0,0,,,,,0,,,,,,0,0,,0
"Collection","/collections/black-sex-doll-entry-level",2,2,0,0,0,0,2,,0,0,0,0,1,1,,2,2,2,0,0,0,0,2,,0,0,0,0,1,1,,2,0,0,,,,,0,,,,,,0,0,,0
"Checkout","/60719464687/orders/88ba27bf53d2b71ba254828d5900c738",1,2,0,0,0,0,2,,0,0,0,0,1,1,,2,1,2,0,0,0,0,2,,0,0,0,0,1,1,,2,0,0,,,,,0,,,,,,0,0,,0
"Collection","/collections/elsa-babe-videos",2,2,0,0,0,0,18,,0,0,0,690.5,9,0.5,,1,2,2,0,0,0,0,18,,0,0,0,690.5,9,0.5,,1,0,0,,,,,0,,,,,0,0,0,,0
"Product","/products/f1308-160cm-i-cup-penny-black-sex-doll-irontech-doll",2,2,0,0,0,0,5,,0,0,0,985.5,2.5,0.5,,1,2,2,0,0,0,0,5,,0,0,0,985.5,2.5,0.5,,1,0,0,,,,,0,,,,,0,0,0,,0
"Product","/products/f5554-160cm-5ft2-36kg-anime-life-size-silicone-sex-doll-elsa-babe",1,2,0,0,0,0,6,,0,0,0,79.5,3,0,,0,1,2,0,0,0,0,6,,0,0,0,79.5,3,0,,0,0,0,,,,,0,,,,,0,0,,,
,"/en-ca/collections/life-size-anime-sex-doll",2,2,0,0,0,0,2,,0,0,0,0,1,1,,2,2,2,0,0,0,0,2,,0,0,0,0,1,1,,2,0,0,,,,,0,,,,,,0,0,,0
"Product","/products/f2319a-163cm5-3ft-53kg-g-cup-m12-movable-jaw-super-fat-bbw-doggy-style-huge-ass-sex-doll-2024%E4%B8%A8sy-doll",1,2,0,0,0,0,2,,0,0,0,0,1,1,,2,1,2,0,0,0,0,2,,0,0,0,0,1,1,,2,0,0,,,,,0,,,,,,0,0,,0
"Collection","/collections/effeminate-femboy-sex-doll",2,2,0,0,0,0,2,,0,0,0,0,1,1,,2,2,2,0,0,0,0,2,,0,0,0,0,1,1,,2,0,0,,,,,0,,,,,,0,0,,0
"Blog Article","/blogs/dolls-info-qustions/whats-the-deal-with-moaning-sex-robots-anyway",2,2,0,0,0,0,2,,0,0,0,0,1,1,,2,2,2,0,0,0,0,2,,0,0,0,0,1,1,,2,0,0,,,,,0,,,,,,0,0,,0
"Collection","/collections/anime-banner",1,2,0,0,0,0,2,,0,0,0,0,1,1,,2,1,2,0,0,0,0,2,,0,0,0,0,1,1,,2,0,0,,,,,0,,,,,,0,0,,0
,"/ja/blogs/dolls-info-qustions/break-the-rules-discover-the-pleasure-of-anal-sex",2,2,0,0,0,0,2,,0,0,0,0,1,1,,2,2,2,0,0,0,0,2,,0,0,0,0,1,1,,2,0,0,,,,,0,,,,,,0,0,,0
"Blog Article","/blogs/sex-doll-torso-blog/must-have-in-july-high-value-bbw-torso-sex-doll-recommendations",2,2,0,0,0,0,8,,0,0,0,201.5,4,0.5,,1,2,2,0,0,0,0,8,,0,0,0,201.5,4,0.5,,1,0,0,,,,,0,,,,,0,0,0,,0
,"/de/collections/firefly-diary-videos",2,2,0,0,0,0,11,,0,0,0,213.5,5.5,0,,0,2,2,0,0,0,0,11,,0,0,0,213.5,5.5,0,,0,0,0,,,,,0,,,,,0,0,,,
"Product","/products/h001-sex-doll-head",2,2,0,0,0,0,2,,0,0,0,0,1,1,,2,2,2,0,0,0,0,2,,0,0,0,0,1,1,,2,0,0,,,,,0,,,,,,0,0,,0
"Collection","/collections/smiling-sex-doll",1,2,0,0,0,0,26,,0,0,0,387.5,13,0.5,,1,1,2,0,0,0,0,26,,0,0,0,387.5,13,0.5,,1,0,0,,,,,0,,,,,0,0,0,,0
"Blog Article","/blogs/dolls-info-qustions/whether-sex-dolls-can-be-rented",2,2,0,0,0,0,4,,0,0,0,40,2,0.5,,1,2,2,0,0,0,0,4,,0,0,0,40,2,0.5,,1,0,0,,,,,0,,,,,0,0,0,,0
"Collection","/collections/sex-doll-lingerie",2,2,0,0,0,0,4,,0,0,0,10.5,2,0,,0,2,2,0,0,0,0,4,,0,0,0,10.5,2,0,,0,0,0,,,,,0,,,,,0,0,,,
"Product","/products/f7599-175cm-5ft7-46kg-k-cup-full-silicone-sex-doll-starpery-doll",2,2,0,0,0,0,2,,0,0,0,0,1,1,,2,2,2,0,0,0,0,2,,0,0,0,0,1,1,,2,0,0,,,,,0,,,,,,0,0,,0
,"/en-ca/products/male-ass-with-big-dildo",1,2,0,0,0,0,2,,0,0,0,0,1,1,,2,1,2,0,0,0,0,2,,0,0,0,0,1,1,,2,0,0,,,,,0,,,,,,0,0,,0
"Blog Article","/blogs/dolls-info-qustions/3-minute-hack-master-your-robot-sex-doll-s-clamping-function",2,2,0,0,0,0,7,,0,0,0,212,3.5,0.5,,1,2,2,0,0,0,0,7,,0,0,0,212,3.5,0.5,,1,0,0,,,,,0,,,,,0,0,0,,0
"Product","/products/f8182-166cm-5ft5-38kg-m38-rose-d-cup-life-size-sex-doll-md-doll",2,2,0,0,0,0,2,,0,0,0,0,1,1,,2,2,2,0,0,0,0,2,,0,0,0,0,1,1,,2,0,0,,,,,0,,,,,,0,0,,0
"Collection","/collections/azm-doll",2,2,0,0,0,0,8,,0,0,0,272.5,4,0.5,,1,2,2,0,0,0,0,8,,0,0,0,272.5,4,0.5,,1,0,0,,,,,0,,,,,0,0,0,,0
"Blog Article","/blogs/dolls-info-qustions/4-fantastic-stores-to-purchase-doll-clothes-you-must-visit",2,2,0,0,0,0,2,,0,0,0,0,1,1,,2,2,2,0,0,0,0,2,,0,0,0,0,1,1,,2,0,0,,,,,0,,,,,,0,0,,0
,"/de/collections/chubby-sex-doll-1",2,2,0,0,0,0,6,,0,0,0,56,3,0,,0,2,2,0,0,0,0,6,,0,0,0,56,3,0,,0,0,0,,,,,0,,,,,0,0,,,
"Product","/products/f7601-170cm-5ft6-41kg-tpe-huge-breast-sex-doll-in-stock-us",1,2,0,0,0,0,2,,0,0,0,0,1,1,,2,1,2,0,0,0,0,2,,0,0,0,0,1,1,,2,0,0,,,,,0,,,,,,0,0,,0
"Product","/products/t284-103cm-3ft5-j-cup-natural-sophia-lane-a-silicone-sex-doll-torso-with-head-se-doll",2,2,0,0,0,0,4,,0,0,0,32,2,0,,0,2,2,0,0,0,0,4,,0,0,0,32,2,0,,0,0,0,,,,,0,,,,,0,0,,,
"Custom Page","/pages/irontech-ai",2,2,0,0,0,0,10,,0,0,0,854,5,0.5,,1,2,2,0,0,0,0,10,,0,0,0,854,5,0.5,,1,0,0,,,,,0,,,,,0,0,0,,0
"Product","/products/f4759-175cm5ft9-69kg-x-cup-huge-breast-fat-ass-tpe-fat-ssbbw-sex-doll-castle-doll",2,2,0,0,0,0,2,,0,0,0,0,1,1,,2,2,2,0,0,0,0,2,,0,0,0,0,1,1,,2,0,0,,,,,0,,,,,,0,0,,0
"Blog Article","/blogs/dolls-info-qustions/best-sex-doll-materials-compared-tpe-s-tpe-sle-and-silicone",2,2,0,0,0,0,8,,0,0,0,92.5,4,0.5,,1,2,2,0,0,0,0,8,,0,0,0,92.5,4,0.5,,1,0,0,,,,,0,,,,,0,0,0,,0
"Product","/products/57652-9lb-life-size-sex-doll-torso-with-perky-tits-and-slender-waist",2,2,0,0,0,0,11,,0,0,0,372,5.5,0.5,,1,2,2,0,0,0,0,11,,0,0,0,372,5.5,0.5,,1,0,0,,,,,0,,,,,0,0,0,,0
"Collection","/collections/hr-doll-factory-photos",2,2,0,0,0,0,3,,0,0,0,8,1.5,0.5,,1,2,2,0,0,0,0,3,,0,0,0,8,1.5,0.5,,1,0,0,,,,,0,,,,,0,0,0,,0
"Product","/products/h080-sex-doll-head-1",2,2,0,0,0,0,13,,0,0,0,390,6.5,0.5,,1,2,2,0,0,0,0,13,,0,0,0,390,6.5,0.5,,1,0,0,,,,,0,,,,,0,0,0,,0
"Collection","/collections/mini-silicone-torso",2,2,0,0,0,0,4,,0,0,0,19,2,0.5,,1,2,2,0,0,0,0,4,,0,0,0,19,2,0.5,,1,0,0,,,,,0,,,,,0,0,0,,0
"Product","/products/v332-ultra-soft-silicone-foot-with-real-feel-texture-for-foot-fetish",1,2,0,0,0,0,2,,0,0,0,0,1,1,,2,1,2,0,0,0,0,2,,0,0,0,0,1,1,,2,0,0,,,,,0,,,,,,0,0,,0
"Product","/products/sigafun-f728-164cm-g-cup-sex-doll-emotional-support-companion",2,2,0,0,0,0,2,,0,0,0,0,1,1,,2,2,2,0,0,0,0,2,,0,0,0,0,1,1,,2,0,0,,,,,0,,,,,,0,0,,0
,"/de/collections/fake-pussy-hentai-sex-doll",2,2,0,0,0,0,2,,0,0,0,0,1,1,,2,2,2,0,0,0,0,2,,0,0,0,0,1,1,,2,0,0,,,,,0,,,,,,0,0,,0
"Collection","/collections/tantaly-videos",2,2,0,0,0,0,2,,0,0,0,0,1,1,,2,2,2,0,0,0,0,2,,0,0,0,0,1,1,,2,0,0,,,,,0,,,,,,0,0,,0
,"/ja/cart",2,2,0,0,0,0,2,,0,0,0,0,1,1,,2,2,2,0,0,0,0,2,,0,0,0,0,1,1,,2,0,0,,,,,0,,,,,,0,0,,0
"Product","/products/f9283-178cm-p-cup-ssbbw-sex-doll-pawg",1,2,0,0,0,0,8,,0,0,0,129.5,4,0,,0,1,2,0,0,0,0,8,,0,0,0,129.5,4,0,,0,0,0,,,,,0,,,,,0,0,,,
"Blog Article","/blogs/dolls-info-qustions/superhero-sex-dolls",2,2,0,0,0,0,4,,0,0,0,17,2,0.5,,1,2,2,0,0,0,0,4,,0,0,0,17,2,0.5,,1,0,0,,,,,0,,,,,0,0,0,,0
"Blog Article","/blogs/dolls-info-qustions/the-best-usage-of-shemale-sex-dolls",2,2,0,0,0,0,5,,0,0,0,920.5,2.5,0.5,,1,2,2,0,0,0,0,5,,0,0,0,920.5,2.5,0.5,,1,0,0,,,,,0,,,,,0,0,0,,0
"Product","/products/a571-19-4lbblack-sex-doll-torso-fat-ass",2,2,0,0,0,0,6,,0,0,0,23,3,0.5,,1,2,2,0,0,0,0,6,,0,0,0,23,3,0.5,,1,0,0,,,,,0,,,,,0,0,0,,0
"Collection","/collections/irontech-ai-sex-doll",2,2,0,0,0,0,3,,0,0,0,1.5,1.5,0.5,,1,2,2,0,0,0,0,3,,0,0,0,1.5,1.5,0.5,,1,0,0,,,,,0,,,,,0,0,0,,0
"Product","/products/f7148-155rcm5-12ft-32-5kg-2-1-a-cup-robot-silicone-head-adult-asian-sex-doll-bezlya-doll",2,2,0,0,0,0,2,,0,0,0,0,1,1,,2,2,2,0,0,0,0,2,,0,0,0,0,1,1,,2,0,0,,,,,0,,,,,,0,0,,0
,"/ja/blogs/dolls-info-qustions/the-best-asian-sex-doll-bezlya-sex-doll-2-2u-series-function-analysis",2,2,0,0,0,0,2,,0,0,0,0,1,1,,2,2,2,0,0,0,0,2,,0,0,0,0,1,1,,2,0,0,,,,,0,,,,,,0,0,,0
"Product","/products/p61016-hentai-fake-pussy",2,2,0,0,0,0,95,,0,0,0,826,47.5,0,,0,2,2,0,0,0,0,95,,0,0,0,826,47.5,0,,0,0,0,,,,,0,,,,,0,0,,,
"Blog Article","/blogs/dolls-info-qustions/3-stunning-black-sex-dolls-you-can-t-miss-in-2025",2,2,0,0,0,0,2,,0,0,0,0,1,1,,2,2,2,0,0,0,0,2,,0,0,0,0,1,1,,2,0,0,,,,,0,,,,,,0,0,,0
"Blog Article","/blogs/dolls-info-qustions/2025-s-hottest-sex-doll-brands-bestsellers-did-you-pick-the-right-one",2,2,0,0,0,0,4,,0,0,0,50,2,0.5,,1,2,2,0,0,0,0,4,,0,0,0,50,2,0.5,,1,0,0,,,,,0,,,,,0,0,0,,0
"Product","/products/lovenestle-huge-ass-sex-doll-torso-silicone-dual-tunnels",1,2,0,0,0,0,21,,0,0,0,416,10.5,0,,0,1,2,0,0,0,0,21,,0,0,0,416,10.5,0,,0,0,0,,,,,0,,,,,0,0,,,
"Product","/products/t449-13-89lb-silicone-pocket-pussy-sex-doll-torso-lovenestle",2,2,0,0,0,0,8,,0,0,0,74.5,4,0.5,,1,2,2,0,0,0,0,8,,0,0,0,74.5,4,0.5,,1,0,0,,,,,0,,,,,0,0,0,,0
"Product","/products/f5546-153cm-5ft-28kg-silicone-anime-hentai-male-sex-dolls-elsa-babe",2,2,0,0,0,0,2,,0,0,0,0,1,1,,2,2,2,0,0,0,0,2,,0,0,0,0,1,1,,2,0,0,,,,,0,,,,,,0,0,,0
"Product","/products/f9363-36kg-silicone-gear-walrus-mini-anime-furry-futa-sex-doll-doll-castle",2,2,0,0,0,0,2,,0,0,0,0,1,1,,2,2,2,0,0,0,0,2,,0,0,0,0,1,1,,2,0,0,,,,,0,,,,,,0,0,,0
"Product","/products/t687-64-6lb-grace-sex-doll-torso-with-flat-chest-silicone-head-torso",2,2,0,0,0,0,2,,0,0,0,0,1,1,,2,2,2,0,0,0,0,2,,0,0,0,0,1,1,,2,0,0,,,,,0,,,,,,0,0,,0
,"/en-ca/blogs/dolls-info-qustions/%F0%9F%94%A5-2025-best-fake-ass-sex-toy-recommendations-6-ultra-realistic-big-booty-dolls-for-ultimate-pleasure",2,2,0,0,0,0,2,,0,0,0,0,1,1,,2,2,2,0,0,0,0,2,,0,0,0,0,1,1,,2,0,0,,,,,0,,,,,,0,0,,0
"Product","/products/f704-161cm5ft3-33kg-e-cup-penny-black-silicone-realistic-sex-doll",2,2,0,0,0,0,7,,0,0,0,194,3.5,0.5,,1,2,2,0,0,0,0,7,,0,0,0,194,3.5,0.5,,1,0,0,,,,,0,,,,,0,0,0,,0
"Product","/products/f8254-168cm5-5ft-34kg-silicone-full-size-sex-doll-azm-doll-1",1,2,0,0,0,0,60,,0,0,0,1338,30,0.5,,1,1,2,0,0,0,0,60,,0,0,0,1338,30,0.5,,1,0,0,,,,,0,,,,,0,0,0,,0
"Collection","/collections/starpery-doll-videos",2,2,0,0,0,0,2,,0,0,0,0,1,1,,2,2,2,0,0,0,0,2,,0,0,0,0,1,1,,2,0,0,,,,,0,,,,,,0,0,,0
,"/ja/blogs/dolls-info-qustions/gentlemans-paradise-exploring-nsfw-anime-figures-and-sex-dolls",2,2,0,0,0,0,2,,0,0,0,0,1,1,,2,2,2,0,0,0,0,2,,0,0,0,0,1,1,,2,0,0,,,,,0,,,,,,0,0,,0
"Collection","/collections/cheap-silicone-sex-dolls",2,2,0,0,0,0,2,,0,0,0,0,1,1,,2,2,2,0,0,0,0,2,,0,0,0,0,1,1,,2,0,0,,,,,0,,,,,,0,0,,0
,"/en-ca/blogs/dolls-info-qustions/how-to-eat-ass-a-deep-dive-into-rimming-techniques-and-sex-doll-play",2,2,0,0,0,0,3,,0,0,0,38,1.5,0.5,,1,2,2,0,0,0,0,3,,0,0,0,38,1.5,0.5,,1,0,0,,,,,0,,,,,0,0,0,,0
"Collection","/collections/tantaly-sex-doll",2,2,0,0,0,0,2,,0,0,0,0,1,1,,2,2,2,0,0,0,0,2,,0,0,0,0,1,1,,2,0,0,,,,,0,,,,,,0,0,,0
"Collection","/collections/dolls-castle-sex-dolls-fullsize",2,2,0,0,0,0,4,,0,0,0,26,2,0,,0,2,2,0,0,0,0,4,,0,0,0,26,2,0,,0,0,0,,,,,0,,,,,0,0,,,
"Product","/products/f2221-163cm5-3ft-b-cup-s46-life-size-sex-doll-irontech-doll",2,2,0,0,0,0,2,,0,0,0,0,1,1,,2,2,2,0,0,0,0,2,,0,0,0,0,1,1,,2,0,0,,,,,0,,,,,,0,0,,0
"Product","/products/h670-silicone-sex-doll-head%E4%B8%A8irontech-doll-head",2,2,0,0,0,0,16,,0,0,0,263.5,8,0.5,,1,2,2,0,0,0,0,16,,0,0,0,263.5,8,0.5,,1,0,0,,,,,0,,,,,0,0,0,,0
,"/en-ca/collections/bbw-black-sex-doll",2,2,0,0,0,0,2,,0,0,0,0,1,1,,2,2,2,0,0,0,0,2,,0,0,0,0,1,1,,2,0,0,,,,,0,,,,,,0,0,,0
"Blog Article","/blogs/dolls-info-qustions/the-best-futa-sex-dolls-to-buy-in-2025-brand-guide-buying-tips",2,2,0,0,0,0,2,,0,0,0,0,1,1,,2,2,2,0,0,0,0,2,,0,0,0,0,1,1,,2,0,0,,,,,0,,,,,,0,0,,0
"Product","/products/f3774-153cm-5ft44kg-g-cup-tpe-sexy-mature-woman-big-butt-sex-doll-yl-doll",2,2,0,0,0,0,2,,0,0,0,0,1,1,,2,2,2,0,0,0,0,2,,0,0,0,0,1,1,,2,0,0,,,,,0,,,,,,0,0,,0
"Product","/products/v325-poseable-silicone-feet-for-foot-worship-realistic-sex-doll-feet-with-skeleton",2,2,0,0,0,0,2,,0,0,0,0,1,1,,2,2,2,0,0,0,0,2,,0,0,0,0,1,1,,2,0,0,,,,,0,,,,,,0,0,,0
,"/en-ca/collections/flat-chest-japanese-sex-doll",2,2,0,0,0,0,3,,0,0,0,16,1.5,0.5,,1,2,2,0,0,0,0,3,,0,0,0,16,1.5,0.5,,1,0,0,,,,,0,,,,,0,0,0,,0
"Product","/products/t643-plump-sexual-bbw-sex-toy-torso",2,2,0,0,0,0,5,,0,0,0,2,2.5,0.5,,1,2,2,0,0,0,0,5,,0,0,0,2,2.5,0.5,,1,0,0,,,,,0,,,,,0,0,0,,0
"Blog Article","/blogs/real-sex-doll-reviews-pros-cons-real-usage-tests/7-top-brands-of-silicone-sex-dolls-jelly-breast-experience-which-is-the-softest-and-most-realistic",2,2,0,0,0,0,2,,0,0,0,0,1,1,,2,2,2,0,0,0,0,2,,0,0,0,0,1,1,,2,0,0,,,,,0,,,,,,0,0,,0
"Product","/products/a353-7-7lb-silicone-meru-ass-torso-sex-doll-mrl",2,2,0,0,0,0,8,,0,0,0,67,4,0.5,,1,2,2,0,0,0,0,8,,0,0,0,67,4,0.5,,1,0,0,,,,,0,,,,,0,0,0,,0
"Blog Article","/blogs/dolls-info-qustions/wanna-make-your-sex-doll-look-like-an-anime-character-heres-how",2,2,0,0,0,0,2,,0,0,0,0,1,1,,2,2,2,0,0,0,0,2,,0,0,0,0,1,1,,2,0,0,,,,,0,,,,,,0,0,,0
"Product","/products/f7658-170cm5ft7-43kg-g-cup-silicone-ros-gel-breast-huge-tits-sex-doll-full-size%E4%B8%A8doll-senior",2,2,0,0,0,0,58,,0,0,0,4098,29,0.5,,1,2,2,0,0,0,0,58,,0,0,0,4098,29,0.5,,1,0,0,,,,,0,,,,,0,0,0,,0
"Blog Article","/blogs/dolls-info-qustions/what-is-the-difference-between-ai-sex-dolls-and-sex-robots",2,2,0,0,0,0,2,,0,0,0,0,1,1,,2,2,2,0,0,0,0,2,,0,0,0,0,1,1,,2,0,0,,,,,0,,,,,,0,0,,0
,"/en-fi/collections/mrl-doll",2,2,0,0,0,0,2,,0,0,0,0,1,1,,2,2,2,0,0,0,0,2,,0,0,0,0,1,1,,2,0,0,,,,,0,,,,,,0,0,,0
"Product","/products/p899-fake-sexy-pussy",2,2,0,0,0,0,4,,0,0,0,520.5,2,0.5,,1,2,2,0,0,0,0,4,,0,0,0,520.5,2,0.5,,1,0,0,,,,,0,,,,,0,0,0,,0
"Collection","/collections/dolls-castle-videos",2,2,0,0,0,0,19,,0,0,0,193.5,9.5,0,,0,2,2,0,0,0,0,19,,0,0,0,193.5,9.5,0,,0,0,0,,,,,0,,,,,0,0,,,
"Collection","/collections/big-ass-sex-doll-500-999",2,2,0,0,0,0,4,,0,0,0,22,2,0,,0,2,2,0,0,0,0,4,,0,0,0,22,2,0,,0,0,0,,,,,0,,,,,0,0,,,
,"/ja/collections/firefly-diary",2,2,0,0,0,0,42,,0,0,0,755,21,0,,0,2,2,0,0,0,0,42,,0,0,0,755,21,0,,0,0,0,,,,,0,,,,,0,0,,,
"Blog Article","/blogs/dolls-info-qustions/sex-doll-ass-sexier",2,2,0,0,0,0,2,,0,0,0,0,1,1,,2,2,2,0,0,0,0,2,,0,0,0,0,1,1,,2,0,0,,,,,0,,,,,,0,0,,0
"Product","/products/f8165-150cm-5ft-27-5kg-silicone-anime-hentai-sex-doll-elsa-babe",1,2,0,0,0,0,13,,0,0,0,700.5,6.5,0,,0,1,2,0,0,0,0,13,,0,0,0,700.5,6.5,0,,0,0,0,,,,,0,,,,,0,0,,,
,"/ja/collections/hyper-realistic-sex-doll",2,2,0,0,0,0,18,,0,0,0,185,9,0,,0,2,2,0,0,0,0,18,,0,0,0,185,9,0,,0,0,0,,,,,0,,,,,0,0,,,
"Product","/products/f7685-157cm5-1ft-33kg-b-cup-anime-pvc-head-silicone-sex-doll%E4%B8%A8wm-doll",2,2,0,0,0,0,13,,0,0,0,84.5,6.5,0.5,,1,2,2,0,0,0,0,13,,0,0,0,84.5,6.5,0.5,,1,0,0,,,,,0,,,,,0,0,0,,0
"Blog Article","/blogs/dolls-info-qustions/introduction-to-sex-dolls-with-the-largest-hips-on-the-market",2,2,0,0,0,0,15,,0,0,0,394.5,7.5,0.5,,1,2,2,0,0,0,0,15,,0,0,0,394.5,7.5,0.5,,1,0,0,,,,,0,,,,,0,0,0,,0
"Product","/products/a797-big-butt-torso-sex-doll-climax-doll",1,2,0,0,0,0,2,,0,0,0,0,1,1,,2,1,2,0,0,0,0,2,,0,0,0,0,1,1,,2,0,0,,,,,0,,,,,,0,0,,0
"Product","/products/f9359-150cm-5ft-27-5kg-anime-adult-sex-dolls-silicone-head-elsa-babe",1,2,0,0,0,0,2,,0,0,0,0,1,1,,2,1,2,0,0,0,0,2,,0,0,0,0,1,1,,2,0,0,,,,,0,,,,,,0,0,,0
"Blog Article","/blogs/dolls-info-qustions/how-overweight-individuals-can-correctly-use-sex-dolls-a-pitfall-guide-practical-tips",2,2,0,0,0,0,2,,0,0,0,0,1,1,,2,2,2,0,0,0,0,2,,0,0,0,0,1,1,,2,0,0,,,,,0,,,,,,0,0,,0
"Collection","/collections/sex-doll-with-electric-hip-and-waist",2,2,0,0,0,0,4,,0,0,0,21.5,2,0.5,,1,2,2,0,0,0,0,4,,0,0,0,21.5,2,0.5,,1,0,0,,,,,0,,,,,0,0,0,,0
,"/en-ca/blogs/dolls-info-qustions/the-ultimate-guide-to-starpery-sex-dolls-the-realism-and-innovation",2,2,0,0,0,0,2,,0,0,0,0,1,1,,2,2,2,0,0,0,0,2,,0,0,0,0,1,1,,2,0,0,,,,,0,,,,,,0,0,,0
"Product","/products/f4471-166cm5f4-41kg-h-cup-big-breast-silicone-head-sex-doll-aibei-doll",1,2,0,0,0,0,3,,0,0,0,8,1.5,0.5,,1,1,2,0,0,0,0,3,,0,0,0,8,1.5,0.5,,1,0,0,,,,,0,,,,,0,0,0,,0
"Product","/products/t68-human-size-silicone-torso-sex-doll",2,2,0,0,0,0,16,,0,0,0,279.5,8,0.5,,1,2,2,0,0,0,0,16,,0,0,0,279.5,8,0.5,,1,0,0,,,,,0,,,,,0,0,0,,0
,"/ja/blogs/dolls-info-qustions/4-things-tell-you-how-to-use-a-lesbian-sex-doll",2,2,0,0,0,0,2,,0,0,0,0,1,1,,2,2,2,0,0,0,0,2,,0,0,0,0,1,1,,2,0,0,,,,,0,,,,,,0,0,,0
"Product","/products/f3401-150cm4ft9-31-5-kg-l-cup-blonde-tpe-sex-doll-aibei-doll",2,2,0,0,0,0,3,,0,0,0,64.5,1.5,0.5,,1,2,2,0,0,0,0,3,,0,0,0,64.5,1.5,0.5,,1,0,0,,,,,0,,,,,0,0,0,,0
,"/en-ca/products/f5710-158cm-5ft2-36kg-g-cup-silicone-sexual-male-best-shemale-sex-doll-castle-doll",2,2,0,0,0,0,5,,0,0,0,555,2.5,0.5,,1,2,2,0,0,0,0,5,,0,0,0,555,2.5,0.5,,1,0,0,,,,,0,,,,,0,0,0,,0
"Product","/products/t69-43lb-belle-lifelike-silicone-sex-doll-torso-sigafun-doll",2,2,0,0,0,0,18,,0,0,0,352,9,0,,0,2,2,0,0,0,0,18,,0,0,0,352,9,0,,0,0,0,,,,,0,,,,,0,0,,,
"Product","/products/a793k-big-ass-sex-doll-torso-butt-in-stock-us-eu-yeloly",2,2,0,0,0,0,2,,0,0,0,0,1,1,,2,2,2,0,0,0,0,2,,0,0,0,0,1,1,,2,0,0,,,,,0,,,,,,0,0,,0
,"/en-ca/collections/torso-sex-doll-with-gel-breasts",2,2,0,0,0,0,4,,0,0,0,31.5,2,0.5,,1,2,2,0,0,0,0,4,,0,0,0,31.5,2,0.5,,1,0,0,,,,,0,,,,,0,0,0,,0
"Product","/products/a679-tpe-sex-doll-butt-torso-35lb-bubble-butt",2,2,0,0,0,0,6,,0,0,0,21,3,0,,0,2,2,0,0,0,0,6,,0,0,0,21,3,0,,0,0,0,,,,,0,,,,,0,0,,,
"Product","/products/f5971-160cm-european-celebrity-nude-robot-tactile-feedback-custom",2,2,0,0,0,0,11,,0,0,0,706.5,5.5,0,,0,2,2,0,0,0,0,11,,0,0,0,706.5,5.5,0,,0,0,0,,,,,0,,,,,0,0,,,
"Product","/products/f8197-150cm-5ft-27-5kg-silicone-anime-sex-doll-elsa-babe",1,2,0,0,0,0,5,,0,0,0,26.5,2.5,0.5,,1,1,2,0,0,0,0,5,,0,0,0,26.5,2.5,0.5,,1,0,0,,,,,0,,,,,0,0,0,,0
"Blog Article","/blogs/featured-blog/how-to-properly-dry-the-sex-doll-torso-keep-her-body-vagina-anus-fresh-and-clean",2,2,0,0,0,0,2,,0,0,0,0,1,1,,2,2,2,0,0,0,0,2,,0,0,0,0,1,1,,2,0,0,,,,,0,,,,,,0,0,,0
"Product","/products/f1929k-164cm5ft4-g-cup-hazel-life-size-sex-doll-irontech-doll",2,2,0,0,0,0,10,,0,0,0,1115.5,5,0.5,,1,2,2,0,0,0,0,10,,0,0,0,1115.5,5,0.5,,1,0,0,,,,,0,,,,,0,0,0,,0
"Product","/products/f9414-elsa-babe-petite-hentai-doll",2,2,1,0,0,0,26,,0.5,0,0,1981,13,0.5,,1,2,2,1,0,0,0,26,,0.5,0,0,1981,13,0.5,,1,0,0,0,,,,0,,0,,,0,0,0,,0
"Collection","/collections/bezlya-factory-photos",2,2,0,0,0,0,4,,0,0,0,76.5,2,0.5,,1,2,2,0,0,0,0,4,,0,0,0,76.5,2,0.5,,1,0,0,,,,,0,,,,,0,0,0,,0
"Product","/products/f9128-168cm-5ft5-36-2kg-c-cup-silicone-celebrity-sex-doll-jiusheng-doll",2,2,0,0,0,0,9,,0,0,0,124.5,4.5,0,,0,2,2,0,0,0,0,9,,0,0,0,124.5,4.5,0,,0,0,0,,,,,0,,,,,0,0,,,
"Product","/products/a495-35-27lb-brenda-big-ass-sex-doll-lifesize-realistic-sex-doll-with-big-booty-lovenestle-inf",2,2,0,0,0,0,2,,0,0,0,0,1,1,,2,2,2,0,0,0,0,2,,0,0,0,0,1,1,,2,0,0,,,,,0,,,,,,0,0,,0
"Product","/products/a461-27-87lb-caroline-big-ass-sex-doll-torso-lovenestle",2,2,0,0,0,0,9,,0,0,0,174,4.5,0.5,,1,2,2,0,0,0,0,9,,0,0,0,174,4.5,0.5,,1,0,0,,,,,0,,,,,0,0,0,,0
,"/en-ca/collections/fake-pussy-hentai-sex-doll",2,2,0,0,0,0,8,,0,0,0,61,4,0,,0,2,2,0,0,0,0,8,,0,0,0,61,4,0,,0,0,0,,,,,0,,,,,0,0,,,
"Product","/products/f1720-151cm-4ft9-b-cup-petite-silicone-sex-doll-starpery-doll",2,2,0,0,0,0,12,,0,0,0,319,6,0.5,,1,2,2,0,0,0,0,12,,0,0,0,319,6,0.5,,1,0,0,,,,,0,,,,,0,0,0,,0
"Product","/products/f2387-163cm5-3ft-53kg-g-cup-s6-great-doggy-style-huge-butt-silicone-head-realistic-sex-doll-2025%E4%B8%A8sy-doll",1,2,0,0,0,0,92,,0,0,0,1969,46,0,,0,1,2,0,0,0,0,92,,0,0,0,1969,46,0,,0,0,0,,,,,0,,,,,0,0,,,
"Product","/products/t453-31-66lb-silicone-life-size-anime-sex-doll-torso-lovenestle",2,2,0,0,0,0,3,,0,0,0,2.5,1.5,0.5,,1,2,2,0,0,0,0,3,,0,0,0,2.5,1.5,0.5,,1,0,0,,,,,0,,,,,0,0,0,,0
"Collection","/collections/b-cup-sex-dolls",2,2,0,0,0,0,14,,0,0,0,350,7,0.5,,1,2,2,0,0,0,0,14,,0,0,0,350,7,0.5,,1,0,0,,,,,0,,,,,0,0,0,,0
"Collection","/collections/bezlya-videos",2,2,0,0,0,0,12,,0,0,0,152,6,0,,0,2,2,0,0,0,0,12,,0,0,0,152,6,0,,0,0,0,,,,,0,,,,,0,0,,,
"Product","/products/f8170-150cm4-9ft-27-6kg-f-cup-ros-max-r8-lena-silicone-sex-doll-real-lady",2,2,0,0,0,0,4,,0,0,0,10.5,2,0.5,,1,2,2,0,0,0,0,4,,0,0,0,10.5,2,0.5,,1,0,0,,,,,0,,,,,0,0,0,,0
"Product","/products/h858-silicone-sex-doll-head-elsa-babe-head",1,2,0,1,1,0.5,8,1,0,0.5,1,329,4,0.5,,1,1,2,0,1,1,0.5,8,1,0,0.5,1,329,4,0.5,,1,0,0,,0,0,0,0,0,,0,0,0,0,0,,0
"Product","/products/52357-32lb-80cm-sex-doll-torso-with-luxurious-breasts-and-sexy-thin-waist",2,2,0,0,0,0,15,,0,0,0,1260,7.5,0,,0,2,2,0,0,0,0,15,,0,0,0,1260,7.5,0,,0,0,0,,,,,0,,,,,0,0,,,
,"/de",2,2,0,0,0,0,3,,0,0,0,1,1.5,0.5,,1,2,2,0,0,0,0,3,,0,0,0,1,1.5,0.5,,1,0,0,,,,,0,,,,,0,0,0,,0
"Product","/products/f2233-150cm-4ft9-a-cup-ultra-realistic-mini-tpe-sex-doll-petite-body-with-lifelike-features-sy-doll",2,2,0,0,0,0,30,,0,0,0,767,15,0,,0,2,2,0,0,0,0,30,,0,0,0,767,15,0,,0,0,0,,,,,0,,,,,0,0,,,
"Product","/products/t908k-giant-sex-doll-bbw-torso-climax",2,2,0,0,0,0,2,,0,0,0,0,1,1,,2,2,2,0,0,0,0,2,,0,0,0,0,1,1,,2,0,0,,,,,0,,,,,,0,0,,0
"Product","/products/f1069-157cm-tpe-sex-doll-fun-west-doll",1,2,0,0,0,0,2,,0,0,0,0,1,1,,2,1,2,0,0,0,0,2,,0,0,0,0,1,1,,2,0,0,,,,,0,,,,,,0,0,,0
"Collection","/collections/irontech-doll-silicone-sex-dolls",2,2,0,0,0,0,11,,0,0,0,604.5,5.5,0,,0,2,2,0,0,0,0,11,,0,0,0,604.5,5.5,0,,0,0,0,,,,,0,,,,,0,0,,,
,"/en-ca/collections/mrl-doll",2,2,0,0,0,0,2,,0,0,0,0,1,1,,2,2,2,0,0,0,0,2,,0,0,0,0,1,1,,2,0,0,,,,,0,,,,,,0,0,,0
,"/ja/collections/fake-ass-sex-toy",2,2,0,0,0,0,3,,0,0,0,157.5,1.5,0.5,,1,2,2,0,0,0,0,3,,0,0,0,157.5,1.5,0.5,,1,0,0,,,,,0,,,,,0,0,0,,0
"Product","/products/p72-8-82lb-6-5-5-5inch-dildo-diphallia-futanari-double-penis-sex-doll-torso-mrl",2,2,0,0,0,0,2,,0,0,0,0,1,1,,2,2,2,0,0,0,0,2,,0,0,0,0,1,1,,2,0,0,,,,,0,,,,,,0,0,,0
"Collection","/collections/black-sex-doll-under-100",2,2,0,0,0,0,4,,0,0,0,8.5,2,0.5,,1,2,2,0,0,0,0,4,,0,0,0,8.5,2,0.5,,1,0,0,,,,,0,,,,,0,0,0,,0
"Blog Article","/blogs/dolls-info-qustions/tpe-dolls-tearing-and-peeling-difficulties-easy-to-solve-there-is-a-trick",2,2,0,0,0,0,3,,0,0,0,54.5,1.5,0.5,,1,2,2,0,0,0,0,3,,0,0,0,54.5,1.5,0.5,,1,0,0,,,,,0,,,,,0,0,0,,0
,"/en-ca/blogs/dolls-info-qustions/tpe-dolls-tearing-and-peeling-difficulties-easy-to-solve-there-is-a-trick",2,2,0,0,0,0,2,,0,0,0,0,1,1,,2,2,2,0,0,0,0,2,,0,0,0,0,1,1,,2,0,0,,,,,0,,,,,,0,0,,0
"Collection","/collections/irontech-doll-in-stock-usa",2,2,0,0,0,0,12,,0,0,0,179.5,6,0,,0,2,2,0,0,0,0,12,,0,0,0,179.5,6,0,,0,0,0,,,,,0,,,,,0,0,,,
"Product","/products/f8105-159cm5-2ft-33-5kg-h-cup-r1-black-silicone-sex-doll-real-lady",2,2,0,0,0,0,10,,0,0,0,530,5,0,,0,2,2,0,0,0,0,10,,0,0,0,530,5,0,,0,0,0,,,,,0,,,,,0,0,,,
,"/en-ca/collections/silver-fox-male-sex-doll",2,2,0,0,0,0,2,,0,0,0,0,1,1,,2,2,2,0,0,0,0,2,,0,0,0,0,1,1,,2,0,0,,,,,0,,,,,,0,0,,0
"Blog Article","/blogs/dolls-info-qustions/how-to-integrate-sex-toys-and-torso-sex-dolls-into-foreplay",2,2,0,0,0,0,2,,0,0,0,0,1,1,,2,2,2,0,0,0,0,2,,0,0,0,0,1,1,,2,0,0,,,,,0,,,,,,0,0,,0
"Product","/products/t1357-3lb-black-gel-breast-luxury-big-boobs-bbw-sex-doll-torso-in-stock-usa-climax-doll",1,2,0,0,0,0,5,,0,0,0,179.5,2.5,0.5,,1,1,2,0,0,0,0,5,,0,0,0,179.5,2.5,0.5,,1,0,0,,,,,0,,,,,0,0,0,,0
"Product","/products/a519-28-4lb-doggy-style-sex-doll-bottom-realistic-3d-ass-sex-doll",1,2,0,0,0,0,13,,0,0,0,350,6.5,0.5,,1,1,2,0,0,0,0,13,,0,0,0,350,6.5,0.5,,1,0,0,,,,,0,,,,,0,0,0,,0
"Product","/products/p45-top-10-best-fake-vagina-lifelike-sex-toy-pussy-for-men",2,2,0,0,0,0,2,,0,0,0,0,1,1,,2,2,2,0,0,0,0,2,,0,0,0,0,1,1,,2,0,0,,,,,0,,,,,,0,0,,0
,"/en-ca/collections/halloween-sex-doll",2,2,0,0,0,0,23,,0,0,0,394,11.5,0.5,,1,2,2,0,0,0,0,23,,0,0,0,394,11.5,0.5,,1,0,0,,,,,0,,,,,0,0,0,,0
"Checkout","/60719464687/orders/ce83b233e4b14fa854b8e1d132e1db56",1,2,0,0,0,0,5,,0,0,0,385.5,2.5,0,,0,1,2,0,0,0,0,5,,0,0,0,385.5,2.5,0,,0,0,0,,,,,0,,,,,0,0,,,
"Blog Article","/blogs/dolls-info-qustions/what-is-it-like-to-have-sex-with-a-male-sex-doll",2,2,0,0,0,0,2,,0,0,0,0,1,1,,2,2,2,0,0,0,0,2,,0,0,0,0,1,1,,2,0,0,,,,,0,,,,,,0,0,,0
"Collection","/collections/sci-fi-alien-sex-doll",2,2,1,0,0,0,10,,0.5,0,0,423.5,5,0,,0,2,2,1,0,0,0,10,,0.5,0,0,423.5,5,0,,0,0,0,0,,,,0,,0,,,0,0,,,
"Product","/products/p85-8lb-ssbbw-sex-doll-mini-torso",2,2,0,0,0,0,2,,0,0,0,0,1,1,,2,2,2,0,0,0,0,2,,0,0,0,0,1,1,,2,0,0,,,,,0,,,,,,0,0,,0
,"/en-ca/collections/petite-sex-doll",2,2,0,0,0,0,6,,0,0,0,25.5,3,0,,0,2,2,0,0,0,0,6,,0,0,0,25.5,3,0,,0,0,0,,,,,0,,,,,0,0,,,
"Product","/products/531sex-doll-torso",2,2,0,0,0,0,8,,0,0,0,563,4,0.5,,1,2,2,0,0,0,0,8,,0,0,0,563,4,0.5,,1,0,0,,,,,0,,,,,0,0,0,,0
"Product","/products/h428-ros-free-hair-impants-real-oral-movable-jaw-silicone-sex-doll-head-sy-doll",2,2,0,0,0,0,9,,0,0,0,251,4.5,0.5,,1,2,2,0,0,0,0,9,,0,0,0,251,4.5,0.5,,1,0,0,,,,,0,,,,,0,0,0,,0
,"/de/blogs/dolls-info-qustions/how-to-eat-ass-a-deep-dive-into-rimming-techniques-and-sex-doll-play",2,2,0,0,0,0,2,,0,0,0,0,1,1,,2,2,2,0,0,0,0,2,,0,0,0,0,1,1,,2,0,0,,,,,0,,,,,,0,0,,0
,"/en-ca/products/f6129-170cm-5ft6-40kg-d-cup-s11-tpe-silicone-head-sex-doll-sy-doll",2,2,0,0,0,0,60,,0,0,0,2624.5,30,0,,0,2,2,0,0,0,0,60,,0,0,0,2624.5,30,0,,0,0,0,,,,,0,,,,,0,0,,,
"Product","/products/a794-sex-doll-torso-butt-sucking-vibration-realistic-ass-yeloly",2,2,0,0,0,0,8,,0,0,0,32,4,0.5,,1,2,2,0,0,0,0,8,,0,0,0,32,4,0.5,,1,0,0,,,,,0,,,,,0,0,0,,0
"Blog Article","/blogs/dolls-info-qustions/3-typical-sizes-bigass-sexdoll",2,2,0,0,0,0,9,,0,0,0,543.5,4.5,0.5,,1,2,2,0,0,0,0,9,,0,0,0,543.5,4.5,0.5,,1,0,0,,,,,0,,,,,0,0,0,,0
"Product","/products/f4608-165cm-37kg-femboy-full-size-sex-with-male-sex-doll-qita-doll",1,2,0,0,0,0,2,,0,0,0,0,1,1,,2,1,2,0,0,0,0,2,,0,0,0,0,1,1,,2,0,0,,,,,0,,,,,,0,0,,0
"Blog Article","/blogs/dolls-info-qustions/the-best-types-of-big-ass-torso-sex-dolls-designed-for-doggy-style",2,2,0,0,0,0,2,,0,0,0,0,1,1,,2,2,2,0,0,0,0,2,,0,0,0,0,1,1,,2,0,0,,,,,0,,,,,,0,0,,0
,"/en-ca/products/t717-44-1lb-25-2in-bbw-silicone-sex-doll-torso",2,2,0,0,0,0,18,,0,0,0,949,9,0.5,,1,2,2,0,0,0,0,18,,0,0,0,949,9,0.5,,1,0,0,,,,,0,,,,,0,0,0,,0
"Collection","/collections/sex-doll-torso-combination-package-for-couples",2,2,0,0,0,0,3,,0,0,0,9.5,1.5,0.5,,1,2,2,0,0,0,0,3,,0,0,0,9.5,1.5,0.5,,1,0,0,,,,,0,,,,,0,0,0,,0
"Product","/products/t770-arcana-doll-realistic-silicone-life-size-sex-doll-torso-with-head-j-cup-59-5-lbs",2,2,0,0,0,0,2,,0,0,0,0,1,1,,2,2,2,0,0,0,0,2,,0,0,0,0,1,1,,2,0,0,,,,,0,,,,,,0,0,,0
"Product","/products/f1447-153cm5ft-34kg-h-cup-petite-fantasy-anime-tpe-sex-doll-in-stock-usa-aibei-doll",2,2,0,0,0,0,2,,0,0,0,0,1,1,,2,2,2,0,0,0,0,2,,0,0,0,0,1,1,,2,0,0,,,,,0,,,,,,0,0,,0
"Product","/products/75cm-realistic-sex-doll-torso-with-perky-breasts-big-ass-double-channels-504-sex-doll-torso-504-sex-doll-torso",2,2,0,0,0,0,9,,0,0,0,136.5,4.5,0,,0,2,2,0,0,0,0,9,,0,0,0,136.5,4.5,0,,0,0,0,,,,,0,,,,,0,0,,,
"Product","/products/f3443-153cm5ft-34kg-n-cup-real-silicone-mine-sex-doll-aibei-doll",2,2,0,0,0,0,8,,0,0,0,323,4,0.5,,1,2,2,0,0,0,0,8,,0,0,0,323,4,0.5,,1,0,0,,,,,0,,,,,0,0,0,,0
"Blog Article","/blogs/dolls-info-qustions/don-t-let-stains-ruin-your-doll-the-complete-guide-to-cleaning-tpe-sex-dolls",2,2,0,0,0,0,6,,0,0,0,491,3,0.5,,1,2,2,0,0,0,0,6,,0,0,0,491,3,0.5,,1,0,0,,,,,0,,,,,0,0,0,,0
"Product","/products/a316-17lbs-silicone-big-ass-bbw-sex-doll-thick-torso",1,2,0,0,0,0,4,,0,0,0,47.5,2,0.5,,1,1,2,0,0,0,0,4,,0,0,0,47.5,2,0.5,,1,0,0,,,,,0,,,,,0,0,0,,0
"Product","/products/f2344-huge-boobs-sex-doll-bbw-climax-pro",2,2,0,0,0,0,15,,0,0,0,44,7.5,0.5,,1,2,2,0,0,0,0,15,,0,0,0,44,7.5,0.5,,1,0,0,,,,,0,,,,,0,0,0,,0
"Product","/products/f5707-168cm-5ft6-40kg-a-cup-rabbit-police-officer-anime-flat-chest-best-animal-furry-character-sex-doll-castle-doll",2,2,0,0,0,0,5,,0,0,0,14.5,2.5,0,,0,2,2,0,0,0,0,5,,0,0,0,14.5,2.5,0,,0,0,0,,,,,0,,,,,0,0,,,
"Product","/products/t239-mini-bbw-sex-doll-torso-collection-fat-belly",2,2,0,0,0,0,2,,0,0,0,0,1,1,,2,2,2,0,0,0,0,2,,0,0,0,0,1,1,,2,0,0,,,,,0,,,,,,0,0,,0
"Product","/products/f4376-158cm5-2ft-40kg-l-cup-milf-tpe-sex-doll%E4%B8%A8wm-doll",2,2,0,0,0,0,6,,0,0,0,269,3,0.5,,1,2,2,0,0,0,0,6,,0,0,0,269,3,0.5,,1,0,0,,,,,0,,,,,0,0,0,,0
"Blog Article","/blogs/dolls-info-qustions/shoot-videos-for-you-01-demystifying-the-sex-doll-factory",2,2,0,0,0,0,2,,0,0,0,0,1,1,,2,2,2,0,0,0,0,2,,0,0,0,0,1,1,,2,0,0,,,,,0,,,,,,0,0,,0
"Collection","/collections/big-ass-sex-doll-mini-torso",2,2,0,0,0,0,17,,0,0,0,1166,8.5,0,,0,2,2,0,0,0,0,17,,0,0,0,1166,8.5,0,,0,0,0,,,,,0,,,,,0,0,,,
"Blog Article","/blogs/dolls-info-qustions/the-hidden-risks-behind-used-nbsp-sex-dolls-would-you-still-buy-one",2,2,0,0,0,0,2,,0,0,0,0,1,1,,2,2,2,0,0,0,0,2,,0,0,0,0,1,1,,2,0,0,,,,,0,,,,,,0,0,,0
"Product","/products/t434-2-69lb-silicone-male-masturbator-sex-toys-for-men-lovenestle",2,2,0,0,0,0,2,,0,0,0,0,1,1,,2,2,2,0,0,0,0,2,,0,0,0,0,1,1,,2,0,0,,,,,0,,,,,,0,0,,0
,"/en-fi/collections/silicone-sex-dolls",2,2,0,0,0,0,11,,0,0,0,144,5.5,0.5,,1,2,2,0,0,0,0,11,,0,0,0,144,5.5,0.5,,1,0,0,,,,,0,,,,,0,0,0,,0
"Blog Article","/blogs/dolls-info-qustions/a",2,2,0,0,0,0,3,,0,0,0,30.5,1.5,0.5,,1,2,2,0,0,0,0,3,,0,0,0,30.5,1.5,0.5,,1,0,0,,,,,0,,,,,0,0,0,,0
"Product","/products/climax-doll-60cm-life-size-sex-doll-torso-t742",2,2,0,0,0,0,6,,0,0,0,164,3,0.5,,1,2,2,0,0,0,0,6,,0,0,0,164,3,0.5,,1,0,0,,,,,0,,,,,0,0,0,,0
"Collection","/collections/full-femboy-sex-doll",2,2,0,0,0,0,2,,0,0,0,0,1,1,,2,2,2,0,0,0,0,2,,0,0,0,0,1,1,,2,0,0,,,,,0,,,,,,0,0,,0
"Product","/products/h121-sex-doll-head",2,2,0,0,0,0,7,,0,0,0,279,3.5,0.5,,1,2,2,0,0,0,0,7,,0,0,0,279,3.5,0.5,,1,0,0,,,,,0,,,,,0,0,0,,0
"Blog Article","/blogs/dolls-info-qustions/how-to-install-a-removable-vaginal-insert-into-a-sex-doll",2,2,0,0,0,0,2,,0,0,0,0,1,1,,2,2,2,0,0,0,0,2,,0,0,0,0,1,1,,2,0,0,,,,,0,,,,,,0,0,,0
"Collection","/collections/self-cleaning-ai-sex-doll",2,2,0,0,0,0,3,,0,0,0,30.5,1.5,0.5,,1,2,2,0,0,0,0,3,,0,0,0,30.5,1.5,0.5,,1,0,0,,,,,0,,,,,0,0,0,,0
"Blog Article","/blogs/dolls-info-qustions/what-are-the-different-types-of-sex-dolls",2,2,0,0,0,0,2,,0,0,0,0,1,1,,2,2,2,0,0,0,0,2,,0,0,0,0,1,1,,2,0,0,,,,,0,,,,,,0,0,,0
"Product","/products/t606-55-6lb-aurora-2-0-anime-sex-doll-torso-with-slim-body%E4%B8%A8tantaly",2,2,0,0,0,0,3,,0,0,0,4,1.5,0.5,,1,2,2,0,0,0,0,3,,0,0,0,4,1.5,0.5,,1,0,0,,,,,0,,,,,0,0,0,,0
"Blog Article","/blogs/sex-doll-torso-blog/how-to-heat-the-sex-doll-torso",2,2,0,0,0,0,3,,0,0,0,643,1.5,0.5,,1,2,2,0,0,0,0,3,,0,0,0,643,1.5,0.5,,1,0,0,,,,,0,,,,,0,0,0,,0
"Collection","/collections/yl-doll",2,2,0,0,0,0,5,,0,0,0,50,2.5,0,,0,2,2,0,0,0,0,5,,0,0,0,50,2.5,0,,0,0,0,,,,,0,,,,,0,0,,,
"Blog Article","/blogs/dolls-info-qustions/pocket-pussy-full-range-of-types-which-one-is-best-for-you",2,2,0,0,0,0,9,,0,0,0,341,4.5,0.5,,1,2,2,0,0,0,0,9,,0,0,0,341,4.5,0.5,,1,0,0,,,,,0,,,,,0,0,0,,0
,"/ja/collections/erovenus-videos",2,2,0,0,0,0,5,,0,0,0,182.5,2.5,0.5,,1,2,2,0,0,0,0,5,,0,0,0,182.5,2.5,0.5,,1,0,0,,,,,0,,,,,0,0,0,,0
"Product","/products/f4891-171cm-robotic-sex-doll-realistic-silicone-head-robot-pussy",2,2,0,0,0,0,2,,0,0,0,0,1,1,,2,2,2,0,0,0,0,2,,0,0,0,0,1,1,,2,0,0,,,,,0,,,,,,0,0,,0
"Product","/products/d055-8-27-1-19kg-male-torso-tpr-dildo-shemale-penis-with-suction-cup-in-stock-xingse",2,2,0,0,0,0,2,,0,0,0,0,1,1,,2,2,2,0,0,0,0,2,,0,0,0,0,1,1,,2,0,0,,,,,0,,,,,,0,0,,0
,"/en-ca/products/f4474-163cm5-4ft-51kg-h-cup-bbw-big-booty-tpe-sex-doll%E4%B8%A8wm-doll",1,2,0,0,0,0,2,,0,0,0,0,1,1,,2,1,2,0,0,0,0,2,,0,0,0,0,1,1,,2,0,0,,,,,0,,,,,,0,0,,0
"Checkout","/60719464687/orders/e8355f28f7e62285feb88223e74618a0",1,2,0,0,0,0,2,,0,0,0,0,1,1,,2,1,2,0,0,0,0,2,,0,0,0,0,1,1,,2,0,0,,,,,0,,,,,,0,0,,0
"Blog Article","/blogs/dolls-info-qustions/soul-sync-five-ai-girlfriend-apps-that-bring-a-vivid-experience-to-robotic-sex-dolls",2,2,0,0,0,0,3,,0,0,0,301,1.5,0.5,,1,2,2,0,0,0,0,3,,0,0,0,301,1.5,0.5,,1,0,0,,,,,0,,,,,0,0,0,,0
"Blog Article","/blogs/dolls-info-qustions/best-vibrating-sex-torso-types-who-it-suits",2,2,0,0,0,0,3,,0,0,0,9,1.5,0.5,,1,2,2,0,0,0,0,3,,0,0,0,9,1.5,0.5,,1,0,0,,,,,0,,,,,0,0,0,,0
"Blog Article","/blogs/dolls-info-qustions/popularization-of-knowledge-about-sex-doll-skeletons",2,2,0,0,0,0,2,,0,0,0,0,1,1,,2,2,2,0,0,0,0,2,,0,0,0,0,1,1,,2,0,0,,,,,0,,,,,,0,0,,0
"Product","/products/f9188-178cm-5ft10-67-5kg-i-cup-silicone-trans-futanari-sex-doll",2,2,0,0,0,0,3,,0,0,0,86,1.5,0.5,,1,2,2,0,0,0,0,3,,0,0,0,86,1.5,0.5,,1,0,0,,,,,0,,,,,0,0,0,,0
"Blog Article","/blogs/dolls-info-qustions/whats-the-difference-between-ecchi-and-hentai-in-japanese-anime",2,2,0,0,0,0,2,,0,0,0,0,1,1,,2,2,2,0,0,0,0,2,,0,0,0,0,1,1,,2,0,0,,,,,0,,,,,,0,0,,0
"Product","/products/t779-ssbbwsex-huge-boobs-torso-doll-b10-yeloly",2,2,0,0,0,0,4,,0,0,0,1251.5,2,0.5,,1,2,2,0,0,0,0,4,,0,0,0,1251.5,2,0.5,,1,0,0,,,,,0,,,,,0,0,0,,0
"Custom Page","/pages/funwest-video",2,2,0,0,0,0,2,,0,0,0,0,1,1,,2,2,2,0,0,0,0,2,,0,0,0,0,1,1,,2,0,0,,,,,0,,,,,,0,0,,0
"Product","/products/t276-36-38lbs-80cm-882-lightweight-life-size-sex-doll-torso-climax-doll",2,2,0,0,0,0,4,,0,0,0,72.5,2,0.5,,1,2,2,0,0,0,0,4,,0,0,0,72.5,2,0.5,,1,0,0,,,,,0,,,,,0,0,0,,0
"Collection","/collections/sex-doll-best-seller",2,2,0,0,0,0,10,,0,0,0,603.5,5,0.5,,1,2,2,0,0,0,0,10,,0,0,0,603.5,5,0.5,,1,0,0,,,,,0,,,,,0,0,0,,0
"Product","/products/f9422-40kg-g-cup-mini-silicone-head-life-sized-sex-doll-aitia-doll",2,2,0,0,0,0,3,,0,0,0,24,1.5,0.5,,1,2,2,0,0,0,0,3,,0,0,0,24,1.5,0.5,,1,0,0,,,,,0,,,,,0,0,0,,0
"Product","/products/a647-17-6lbs-scaly-fantasy-butt-silicone-ass",2,2,0,0,0,0,2,,0,0,0,0,1,1,,2,2,2,0,0,0,0,2,,0,0,0,0,1,1,,2,0,0,,,,,0,,,,,,0,0,,0
"Product","/products/h1108-ros-silicone-real-oral-sex-doll-head-irontech-doll-brand",1,2,0,0,0,0,2,,0,0,0,0,1,1,,2,1,2,0,0,0,0,2,,0,0,0,0,1,1,,2,0,0,,,,,0,,,,,,0,0,,0
"Collection","/collections/galatea-doll",2,2,0,0,0,0,2,,0,0,0,0,1,1,,2,2,2,0,0,0,0,2,,0,0,0,0,1,1,,2,0,0,,,,,0,,,,,,0,0,,0
"Product","/products/f8131-165cm-5ft4-34-7kg-silicone-anime-sex-doll-elsa-babe",1,2,0,0,0,0,7,,0,0,0,279,3.5,0.5,,1,1,2,0,0,0,0,7,,0,0,0,279,3.5,0.5,,1,0,0,,,,,0,,,,,0,0,0,,0
"Product","/products/p81-6-8lb-20cm-anime-balloon-girl-futanari-sex-toys-mrl",2,2,0,0,0,0,2,,0,0,0,0,1,1,,2,2,2,0,0,0,0,2,,0,0,0,0,1,1,,2,0,0,,,,,0,,,,,,0,0,,0
,"/en-ca/blogs/real-sex-doll-reviews-pros-cons-real-usage-tests/2026-meru-hentai-sex-doll-review-comprehensive-comparison-of-4-hot-models",2,2,0,0,0,0,2,,0,0,0,0,1,1,,2,2,2,0,0,0,0,2,,0,0,0,0,1,1,,2,0,0,,,,,0,,,,,,0,0,,0
,"/ja/blogs/dolls-info-qustions/most-comprehensive-guideline-of-best-sex-dolls-sex-doll-torsos",2,2,0,0,0,0,2,,0,0,0,0,1,1,,2,2,2,0,0,0,0,2,,0,0,0,0,1,1,,2,0,0,,,,,0,,,,,,0,0,,0
"Product","/products/f9403-mini-anime-silicone-alien-sex-doll-g-cup-38kg",2,2,0,0,0,0,24,,0,0,0,2035,12,0,,0,2,2,0,0,0,0,24,,0,0,0,2035,12,0,,0,0,0,,,,,0,,,,,0,0,,,
,"/en-ca/collections/torso-dildo",2,2,0,0,0,0,4,,0,0,0,55,2,0.5,,1,2,2,0,0,0,0,4,,0,0,0,55,2,0.5,,1,0,0,,,,,0,,,,,0,0,0,,0
"Product","/products/f3319-160cm-5ft2-39-5kg-g-cup-tpe-adult-big-chest-curve-beauty-sex-doll-yl-doll",2,2,0,0,0,0,2,,0,0,0,0,1,1,,2,2,2,0,0,0,0,2,,0,0,0,0,1,1,,2,0,0,,,,,0,,,,,,0,0,,0
,"/vi/blogs/dolls-info-qustions/how-to-make-fake-pussy",2,2,0,0,0,0,5,,0,0,0,24.5,2.5,0,,0,2,2,0,0,0,0,5,,0,0,0,24.5,2.5,0,,0,0,0,,,,,0,,,,,0,0,,,
,"/en-ca/collections/torso-only",2,2,0,0,0,0,13,,0,0,0,1045.5,6.5,0,,0,2,2,0,0,0,0,13,,0,0,0,1045.5,6.5,0,,0,0,0,,,,,0,,,,,0,0,,,
"Product","/products/h260-silicone-sex-doll-head%E4%B8%A8ak-doll-head",1,2,0,0,0,0,20,,0,0,0,392.5,10,0,,0,1,2,0,0,0,0,20,,0,0,0,392.5,10,0,,0,0,0,,,,,0,,,,,0,0,,,
"Collection","/collections/7-8in-male-sex-doll",2,2,0,0,0,0,5,,0,0,0,30.5,2.5,0.5,,1,2,2,0,0,0,0,5,,0,0,0,30.5,2.5,0.5,,1,0,0,,,,,0,,,,,0,0,0,,0
"Blog Article","/blogs/dolls-info-qustions/is-using-sex-dolls-in-a-relationship-considered-cheating",2,2,0,0,0,0,2,,0,0,0,0,1,1,,2,2,2,0,0,0,0,2,,0,0,0,0,1,1,,2,0,0,,,,,0,,,,,,0,0,,0
"Collection","/collections/newest-sex-doll",2,2,0,0,0,0,11,,0,0,0,173.5,5.5,0.5,,1,2,2,0,0,0,0,11,,0,0,0,173.5,5.5,0.5,,1,0,0,,,,,0,,,,,0,0,0,,0
"Product","/products/firefly-diary-164cm-silicone-sex-doll-f8614",2,2,0,0,0,0,4,,0,0,0,8,2,0.5,,1,2,2,0,0,0,0,4,,0,0,0,8,2,0.5,,1,0,0,,,,,0,,,,,0,0,0,,0
,"/en-ca/collections/life-size-shemale-sex-doll",2,2,0,0,0,0,15,,0,0,0,555,7.5,0,,0,2,2,0,0,0,0,15,,0,0,0,555,7.5,0,,0,0,0,,,,,0,,,,,0,0,,,
"Blog Article","/blogs/sex-doll-option-videos/video-04-moaning-sound",2,2,0,0,0,0,2,,0,0,0,0,1,1,,2,2,2,0,0,0,0,2,,0,0,0,0,1,1,,2,0,0,,,,,0,,,,,,0,0,,0
"Product","/products/f9388-zelex-k-series-lifelike-sex-doll",2,2,0,0,0,0,11,,0,0,0,1511,5.5,0,,0,2,2,0,0,0,0,11,,0,0,0,1511,5.5,0,,0,0,0,,,,,0,,,,,0,0,,,
"Blog Article","/blogs/dolls-info-qustions/hentai-sex-dolls-vs-figures-which-fills-your-cravings",2,2,0,0,0,0,4,,0,0,0,50.5,2,0.5,,1,2,2,0,0,0,0,4,,0,0,0,50.5,2,0.5,,1,0,0,,,,,0,,,,,0,0,0,,0
,"/en-ca/products/52416-8lb-54cm-charming-abs-and-big-hard-cock-boys-male-sex-dolls-torso-for-women",1,2,0,0,0,0,2,,0,0,0,1,1,1,,2,1,2,0,0,0,0,2,,0,0,0,1,1,1,,2,0,0,,,,,0,,,,,0,0,0,,0
"Product","/products/v24-silicone-fleshlight-foot-with-toe-detail-and-soft-insert-tunnel",2,2,0,0,0,0,2,,0,0,0,0,1,1,,2,2,2,0,0,0,0,2,,0,0,0,0,1,1,,2,0,0,,,,,0,,,,,,0,0,,0
"Product","/products/t916-109cm3ft7-30kg-g-cup-silicone-head-movable-jaw-sle-body-bubble-butt-bbw-sex-doll-torso-with-head-zelex-doll",2,2,0,0,0,0,4,,0,0,0,2,2,0.5,,1,2,2,0,0,0,0,4,,0,0,0,2,2,0.5,,1,0,0,,,,,0,,,,,0,0,0,,0
,"/en-ca/products/t693-64-6lb-meru-anime-alien-sex-doll-torso-with-flat-chest-silicone-head-red-skin-torso-pro",2,2,0,0,0,0,6,,0,0,0,87,3,0.5,,1,2,2,0,0,0,0,6,,0,0,0,87,3,0.5,,1,0,0,,,,,0,,,,,0,0,0,,0
"Product","/products/f4817-161cm-5ft346kg-m-cup-sexy-silicone-ros-bbw-chubby-sex-doll-hr-doll",2,2,0,0,0,0,2,,0,0,0,0,1,1,,2,2,2,0,0,0,0,2,,0,0,0,0,1,1,,2,0,0,,,,,0,,,,,,0,0,,0
"Collection","/collections/wm-doll-factory-photos",2,2,0,0,0,0,28,,0,0,0,286.5,14,0,,0,2,2,0,0,0,0,28,,0,0,0,286.5,14,0,,0,0,0,,,,,0,,,,,0,0,,,
"Collection","/collections/arab-sex-doll-experience-the-exotic-allure",2,2,0,0,0,0,3,,0,0,0,4.5,1.5,0.5,,1,2,2,0,0,0,0,3,,0,0,0,4.5,1.5,0.5,,1,0,0,,,,,0,,,,,0,0,0,,0
,"/en-ca/collections/sex-doll-torso/products/591sex-doll-torso",2,2,0,0,0,0,4,,0,0,0,368,2,0.5,,1,2,2,0,0,0,0,4,,0,0,0,368,2,0.5,,1,0,0,,,,,0,,,,,0,0,0,,0
,"/en-ca/blogs/dolls-info-qustions/safely-disposing-the-used-sex-dolls",2,2,0,0,0,0,2,,0,0,0,0,1,1,,2,2,2,0,0,0,0,2,,0,0,0,0,1,1,,2,0,0,,,,,0,,,,,,0,0,,0
"Product","/products/t5",2,2,1,1,1,0.5,7,1,0.5,0.5,1,250.5,3.5,0.5,1,1,2,2,1,1,1,0.5,7,1,0.5,0.5,1,250.5,3.5,0.5,1,1,0,0,0,0,0,0,0,0,0,0,0,0,0,0,0,0
"Product","/products/f3677-157cm5ft1-phoebe-h-cup-tpe-sexy-big-breasted-pure-chinese-girl-love-doll-se-doll",2,2,0,0,0,0,13,,0,0,0,1093.5,6.5,0,,0,2,2,0,0,0,0,13,,0,0,0,1093.5,6.5,0,,0,0,0,,,,,0,,,,,0,0,,,
"Collection","/collections/black-sex-doll-luxury",2,2,0,0,0,0,5,,0,0,0,29,2.5,0,,0,2,2,0,0,0,0,5,,0,0,0,29,2.5,0,,0,0,0,,,,,0,,,,,0,0,,,
"Collection","/collections/top-fire-doll",2,2,0,0,0,0,7,,0,0,0,42,3.5,0.5,,1,2,2,0,0,0,0,7,,0,0,0,42,3.5,0.5,,1,0,0,,,,,0,,,,,0,0,0,,0
,"/de/blogs/dolls-info-qustions/what-to-do-if-your-sex-doll-is-too-heavy-a-practical-guide",2,2,0,0,0,0,2,,0,0,0,0,1,1,,2,2,2,0,0,0,0,2,,0,0,0,0,1,1,,2,0,0,,,,,0,,,,,,0,0,,0
,"/en-ca/blogs/dolls-info-qustions/how-to-choose-a-sex-doll-torso-that-matches-your-height",2,2,0,0,0,0,2,,0,0,0,0,1,1,,2,2,2,0,0,0,0,2,,0,0,0,0,1,1,,2,0,0,,,,,0,,,,,,0,0,,0
"Collection","/collections/erovenus-doll-in-stock-usa",2,2,0,0,0,0,17,,0,0,0,594,8.5,0.5,,1,2,2,0,0,0,0,17,,0,0,0,594,8.5,0.5,,1,0,0,,,,,0,,,,,0,0,0,,0
"Collection","/collections/nianta-doll",2,2,0,0,0,0,2,,0,0,0,0,1,1,,2,2,2,0,0,0,0,2,,0,0,0,0,1,1,,2,0,0,,,,,0,,,,,,0,0,,0
"Product","/products/t659-26-5lbs-realistic-dildo-for-silicone-woman-with-male-sex-doll%E4%B8%A8judy-rona",2,2,0,0,0,0,8,,0,0,0,140.5,4,0,,0,2,2,0,0,0,0,8,,0,0,0,140.5,4,0,,0,0,0,,,,,0,,,,,0,0,,,
"Product","/products/f1527-elsa-babe-150cm-5ft-27-5kg-full-silicone-sexy-little-anime-furry-sex-dolls-elsa-babe",2,2,0,0,0,0,3,,0,0,0,3,1.5,0.5,,1,2,2,0,0,0,0,3,,0,0,0,3,1.5,0.5,,1,0,0,,,,,0,,,,,0,0,0,,0
"Product","/products/f4890-169cm-big-ass-robot-sex-doll-sexbot-sy-dolls",2,2,0,0,0,0,12,,0,0,0,308.5,6,0.5,,1,2,2,0,0,0,0,12,,0,0,0,308.5,6,0.5,,1,0,0,,,,,0,,,,,0,0,0,,0
"Blog Article","/blogs/dolls-info-qustions/hidden-art-sex-doll-torsos-and-astonishing-storage-hacks",2,2,0,0,0,0,2,,0,0,0,0,1,1,,2,2,2,0,0,0,0,2,,0,0,0,0,1,1,,2,0,0,,,,,0,,,,,,0,0,,0
"Collection","/collections/qita-doll",2,2,0,0,0,0,20,,0,0,0,1107,10,0.5,,1,2,2,0,0,0,0,20,,0,0,0,1107,10,0.5,,1,0,0,,,,,0,,,,,0,0,0,,0
,"/en-ca/pages/cheap-sex-doll-guide",2,2,0,0,0,0,3,,0,0,0,13.5,1.5,0.5,,1,2,2,0,0,0,0,3,,0,0,0,13.5,1.5,0.5,,1,0,0,,,,,0,,,,,0,0,0,,0
"Product","/products/v334-lifelike-silicone-real-foot-model",1,2,0,0,0,0,38,,0,0,0,649,19,0.5,,1,1,2,0,0,0,0,38,,0,0,0,649,19,0.5,,1,0,0,,,,,0,,,,,0,0,0,,0
"Collection","/collections/o-cup-sex-doll",2,2,0,0,0,0,4,,0,0,0,33.5,2,0.5,,1,2,2,0,0,0,0,4,,0,0,0,33.5,2,0.5,,1,0,0,,,,,0,,,,,0,0,0,,0
"Blog Article","/blogs/dolls-info-qustions/how-does-sex-with-life-size-sex-dolls-compare-to-real-sex",2,2,0,0,0,0,9,,0,0,0,80.5,4.5,0.5,,1,2,2,0,0,0,0,9,,0,0,0,80.5,4.5,0.5,,1,0,0,,,,,0,,,,,0,0,0,,0
"Product","/products/f6191-41kg-e-cup-monie-fantasy-cute-horse-face-anime-furry-sex-doll-climax-doll-pro",1,2,0,0,0,0,5,,0,0,0,19.5,2.5,0,,0,1,2,0,0,0,0,5,,0,0,0,19.5,2.5,0,,0,0,0,,,,,0,,,,,0,0,,,
,"/en-ca/products/f2319a-163cm5-3ft-53kg-g-cup-hips-over-140-ros-movable-jaw-super-fat-bbw-huge-ass-sex-doll%E4%B8%A8sy-doll",1,2,0,0,0,0,2,,0,0,0,0,1,1,,2,1,2,0,0,0,0,2,,0,0,0,0,1,1,,2,0,0,,,,,0,,,,,,0,0,,0
"Checkout","/checkouts/cn/hWNC5GYeLhwS4pPgcV2IPux0/en-pe",1,2,0,2,0,0,2,0,0,1,0,0,1,0,,0,1,2,0,2,0,0,2,0,0,1,0,0,1,0,,0,0,0,,0,,,0,,,0,,,0,,,
"Blog Article","/blogs/dolls-info-qustions/discover-a-new-brand-galatea-doll",2,2,0,0,0,0,2,,0,0,0,0,1,1,,2,2,2,0,0,0,0,2,,0,0,0,0,1,1,,2,0,0,,,,,0,,,,,,0,0,,0
,"/en-ca/pages/all-category",2,2,0,1,1,0.5,30,1,0,0.5,1,2180,15,0,,0,2,2,0,1,1,0.5,30,1,0,0.5,1,2180,15,0,,0,0,0,,0,0,0,0,0,,0,0,0,0,,,
"Product","/products/f2225-159cm-a-cup-kylie-cosplay-elf-tpe-sex-doll-fun-west-doll",1,2,1,1,0,0,9,0,0.5,0.5,0,233.5,4.5,0.5,0,1,1,2,1,1,0,0,9,0,0.5,0.5,0,233.5,4.5,0.5,0,1,0,0,0,0,,,0,,0,0,,0,0,0,,0
"Blog Article","/blogs/featured-blog/the-mini-torso-guide-why-smaller-means-smarter",2,2,0,0,0,0,48,,0,0,0,1561,24,0,,0,2,2,0,0,0,0,48,,0,0,0,1561,24,0,,0,0,0,,,,,0,,,,,0,0,,,
"Blog Article","/blogs/dolls-info-qustions/latest-linkdolls-companion-dolls-2025",2,2,0,0,0,0,13,,0,0,0,208.5,6.5,0.5,,1,2,2,0,0,0,0,13,,0,0,0,208.5,6.5,0.5,,1,0,0,,,,,0,,,,,0,0,0,,0
,"/en-fi/collections/furry-sex-doll",2,2,0,0,0,0,11,,0,0,0,360,5.5,0.5,,1,2,2,0,0,0,0,11,,0,0,0,360,5.5,0.5,,1,0,0,,,,,0,,,,,0,0,0,,0
"Collection","/collections/best-sellers-in-pussy",2,2,0,0,0,0,6,,0,0,0,120.5,3,0.5,,1,2,2,0,0,0,0,6,,0,0,0,120.5,3,0.5,,1,0,0,,,,,0,,,,,0,0,0,,0
"Collection","/collections/galaxy-factory-photos",1,2,0,0,0,0,4,,0,0,0,643,2,0.5,,1,1,2,0,0,0,0,4,,0,0,0,643,2,0.5,,1,0,0,,,,,0,,,,,0,0,0,,0
"Product","/products/t70-43lb-korina-lifelike-silicone-sex-doll-torso-sigafun-doll",2,2,0,0,0,0,2,,0,0,0,0,1,1,,2,2,2,0,0,0,0,2,,0,0,0,0,1,1,,2,0,0,,,,,0,,,,,,0,0,,0
"Product","/products/silicone-realistic-legs-feet-50lb",1,2,0,0,0,0,4,,0,0,0,235.5,2,0.5,,1,1,2,0,0,0,0,4,,0,0,0,235.5,2,0.5,,1,0,0,,,,,0,,,,,0,0,0,,0
"Collection","/collections/chubby-sex-doll-1",2,2,0,0,0,0,5,,0,0,0,11.5,2.5,0.5,,1,2,2,0,0,0,0,5,,0,0,0,11.5,2.5,0.5,,1,0,0,,,,,0,,,,,0,0,0,,0
"Checkout","/orders",2,2,0,0,0,0,4,,0,0,0,485,2,0.5,,1,2,2,0,0,0,0,4,,0,0,0,485,2,0.5,,1,0,0,,,,,0,,,,,0,0,0,,0
"Blog Article","/blogs/sex-doll-torso-blog/the-most-life-like-torso-sex-doll",2,2,0,0,0,0,5,,0,0,0,88.5,2.5,0,,0,2,2,0,0,0,0,5,,0,0,0,88.5,2.5,0,,0,0,0,,,,,0,,,,,0,0,,,
"Product","/products/f7595-163cm5-3ft-f-cup-great-huge-butt-tpe-ai-big-ass-bbw-chubby-sex-doll-for-men-in-stock-usa-%E4%B8%A8sy-doll",2,2,0,0,0,0,5,,0,0,0,503.5,2.5,0,,0,2,2,0,0,0,0,5,,0,0,0,503.5,2.5,0,,0,0,0,,,,,0,,,,,0,0,,,
"Collection","/collections/real-lady-factory-photos",1,2,0,0,0,0,45,,0,0,0,1883.5,22.5,0.5,,1,1,2,0,0,0,0,45,,0,0,0,1883.5,22.5,0.5,,1,0,0,,,,,0,,,,,0,0,0,,0
"Product","/products/f1034-165cm5-4ft-c-cup-lexie-tpe-medium-butt-sex-doll-fun-west-doll",2,2,0,0,0,0,2,,0,0,0,0,1,1,,2,2,2,0,0,0,0,2,,0,0,0,0,1,1,,2,0,0,,,,,0,,,,,,0,0,,0
"Product","/products/f9342-elsa-babe-cute-hentai-life-size-sex-doll-silicone-head-150cm-27-5kg",1,2,0,0,0,0,13,,0,0,0,172.5,6.5,0,,0,1,2,0,0,0,0,13,,0,0,0,172.5,6.5,0,,0,0,0,,,,,0,,,,,0,0,,,
"Custom Page","/pages/avada-sitemap-products",2,2,0,0,0,0,2,,0,0,0,0,1,1,,2,2,2,0,0,0,0,2,,0,0,0,0,1,1,,2,0,0,,,,,0,,,,,,0,0,,0
"Product","/products/t660-15-43lbs-tpr-8-46in-dildo-insert-ai-sex-doll-torso-toy-masturbator-xinse",2,2,0,0,0,0,2,,0,0,0,0,1,1,,2,2,2,0,0,0,0,2,,0,0,0,0,1,1,,2,0,0,,,,,0,,,,,,0,0,,0
"Custom Page","/pages/shemale-sex-doll-guide",2,2,0,0,0,0,2,,0,0,0,0,1,1,,2,2,2,0,0,0,0,2,,0,0,0,0,1,1,,2,0,0,,,,,0,,,,,,0,0,,0
"Product","/products/f2409-164cm5-4ft-d-cup-ai-chatbot-blinking-smiling-robot-sex-doll%E4%B8%A8sy-doll",2,2,0,0,0,0,2,,0,0,0,0,1,1,,2,2,2,0,0,0,0,2,,0,0,0,0,1,1,,2,0,0,,,,,0,,,,,,0,0,,0
,"/de/blogs/dolls-info-qustions/the-best-asian-sex-doll-bezlya-sex-doll-2-2u-series-function-analysis",1,2,0,0,0,0,12,,0,0,0,323.5,6,0,,0,1,2,0,0,0,0,12,,0,0,0,323.5,6,0,,0,0,0,,,,,0,,,,,0,0,,,
,"/en-ca/blogs/dolls-info-qustions/foot-fetish-uncovered-10-types-of-foot-fetish-3-must-have-foot-fetish-toys",2,2,0,0,0,0,2,,0,0,0,0,1,1,,2,2,2,0,0,0,0,2,,0,0,0,0,1,1,,2,0,0,,,,,0,,,,,,0,0,,0
"Product","/products/582-sexdoll-legs",2,2,0,0,0,0,2,,0,0,0,0,1,1,,2,2,2,0,0,0,0,2,,0,0,0,0,1,1,,2,0,0,,,,,0,,,,,,0,0,,0
"Product","/products/f5684-161cm5ft3-34kg-e-cup-silicone-buy-robot-alien-sex-dolls-se-doll",2,2,0,0,0,0,2,,0,0,0,0,1,1,,2,2,2,0,0,0,0,2,,0,0,0,0,1,1,,2,0,0,,,,,0,,,,,,0,0,,0
"Product","/products/f7643-168cm-5ft5-35kg-f-cup-silicone-asian-realistic-sex-doll-xixi-top-cydoll",1,2,0,0,0,0,9,,0,0,0,168,4.5,0,,0,1,2,0,0,0,0,9,,0,0,0,168,4.5,0,,0,0,0,,,,,0,,,,,0,0,,,
"Product","/products/l41741-9lb-41-7-crurophilia-silicone-legs-and-feet-combo-realistic-skin-feel",1,1,0,0,0,0,2,,0,0,0,58,2,0,,0,1,1,0,0,0,0,2,,0,0,0,58,2,0,,0,0,0,,,,,0,,,,,0,0,,,
,"/en-ca/products/a599-83lb-coco-sucking-doggy-style-bbw-big-booty-sex-doll-torso-luxury-realistic-biggest-ass-sex-toy",1,1,0,0,0,0,1,,0,0,0,0,1,1,,1,1,1,0,0,0,0,1,,0,0,0,0,1,1,,1,0,0,,,,,0,,,,,,0,0,,0
"Blog Article","/blogs/recent-brand-updates-new-arrivals-for-sex-dolls/sy-doll-redefining-oral-interaction-for-robotic-sex-dolls",1,1,0,0,0,0,1,,0,0,0,0,1,1,,1,1,1,0,0,0,0,1,,0,0,0,0,1,1,,1,0,0,,,,,0,,,,,,0,0,,0
,"/de/blogs/real-sex-doll-reviews-pros-cons-real-usage-tests/evas-doll-180cm-f6229-full-review",1,1,0,0,0,0,1,,0,0,0,0,1,1,,1,1,1,0,0,0,0,1,,0,0,0,0,1,1,,1,0,0,,,,,0,,,,,,0,0,,0
"Product","/products/t369-20-2lbs-55cm-medium-size-realistic-torso-sucking-sex-dolls-in-stock-eu",1,1,0,0,0,0,1,,0,0,0,0,1,1,,1,1,1,0,0,0,0,1,,0,0,0,0,1,1,,1,0,0,,,,,0,,,,,,0,0,,0
,"/en-ca/collections/silicone-sex-doll-torso-love-torso-silicone-doll",1,1,0,0,0,0,50,,0,0,0,3035,50,0,,0,1,1,0,0,0,0,50,,0,0,0,3035,50,0,,0,0,0,,,,,0,,,,,0,0,,,
"Product","/products/f1066-159cm5-2ft-a-cup-jasmine-teen-tpe-flat-chest-love-doll-in-stock-usa-fun-west-doll-1",1,1,0,0,0,0,13,,0,0,0,769,13,0,,0,1,1,0,0,0,0,13,,0,0,0,769,13,0,,0,0,0,,,,,0,,,,,0,0,,,
"Product","/products/f8104-150cm4-9ft-27-6kg-f-cup-ros-max-r8-life-size-silicone-sex-doll-real-lady",1,1,0,0,0,0,1,,0,0,0,0,1,1,,1,1,1,0,0,0,0,1,,0,0,0,0,1,1,,1,0,0,,,,,0,,,,,,0,0,,0
"Product","/products/f9266-159cm5ft2-45-5kg-g-cup-chloe-silicone-big-tits-bbw-sex-dolls%E4%B8%A8lusandy-doll",1,1,0,0,0,0,1,,0,0,0,0,1,1,,1,1,1,0,0,0,0,1,,0,0,0,0,1,1,,1,0,0,,,,,0,,,,,,0,0,,0
"Product","/products/funwest-cosplay-silicone-ros-157cm-1",1,1,0,0,0,0,3,,0,0,0,1349,3,0,,0,1,1,0,0,0,0,3,,0,0,0,1349,3,0,,0,0,0,,,,,0,,,,,0,0,,,
"Custom Page","/pages/video11",1,1,0,0,0,0,2,,0,0,0,31,2,0,,0,1,1,0,0,0,0,2,,0,0,0,31,2,0,,0,0,0,,,,,0,,,,,0,0,,,
"Product","/products/f8517-150cm-27kg-silicone-head-tpe-body-blonde-hair-flat-chest-mini-sex-doll-alma-plus-ridmii",1,1,0,0,0,0,3,,0,0,0,174,3,0,,0,1,1,0,0,0,0,3,,0,0,0,174,3,0,,0,0,0,,,,,0,,,,,0,0,,,
"Blog Article","/blogs/dolls-info-qustions/would-you-put-a-dildo-on-your-sex-doll",1,1,0,0,0,0,1,,0,0,0,0,1,1,,1,1,1,0,0,0,0,1,,0,0,0,0,1,1,,1,0,0,,,,,0,,,,,,0,0,,0
,"/en-ca/products/t665-silicone-realistic-torso-32lbs",1,1,0,0,0,0,1,,0,0,0,0,1,1,,1,1,1,0,0,0,0,1,,0,0,0,0,1,1,,1,0,0,,,,,0,,,,,,0,0,,0
"Product","/products/a720-103-6lb-doggy-style-bbw-1-1-fat-big-ass-sex-doll-torso",1,1,0,0,0,0,1,,0,0,0,0,1,1,,1,1,1,0,0,0,0,1,,0,0,0,0,1,1,,1,0,0,,,,,0,,,,,,0,0,,0
"Product","/products/sy-doll-150cm-ros-silicone-f2447",1,1,0,0,0,0,5,,0,0,0,69,5,0,,0,1,1,0,0,0,0,5,,0,0,0,69,5,0,,0,0,0,,,,,0,,,,,0,0,,,
"Collection","/collections/se-doll-factory-photos",1,1,0,0,0,0,3,,0,0,0,2,3,0,,0,1,1,0,0,0,0,3,,0,0,0,2,3,0,,0,0,0,,,,,0,,,,,0,0,,,
"Product","/products/f4721-165cm5-4ft-54kg-g-cup-big-butt-boobs-tpe-bbw-sex-doll-2024%E4%B8%A8sy-doll",1,1,0,0,0,0,4,,0,0,0,400,4,0,,0,1,1,0,0,0,0,4,,0,0,0,400,4,0,,0,0,0,,,,,0,,,,,0,0,,,
,"/ja/collections/lifesize-male-sex-doll-torso",1,1,0,0,0,0,6,,0,0,0,605,6,0,,0,1,1,0,0,0,0,6,,0,0,0,605,6,0,,0,0,0,,,,,0,,,,,0,0,,,
"Product","/products/f1246-164cm-f-cup-hedy-big-boobs-doll-irontech-doll",1,1,0,0,0,0,1,,0,0,0,0,1,1,,1,1,1,0,0,0,0,1,,0,0,0,0,1,1,,1,0,0,,,,,0,,,,,,0,0,,0
"Product","/products/p80-megumi-shemale-sex-doll-torso-11-inch-dildo-3-channels",1,1,0,0,0,0,1,,0,0,0,0,1,1,,1,1,1,0,0,0,0,1,,0,0,0,0,1,1,,1,0,0,,,,,0,,,,,,0,0,,0
"Collection","/collections/sex-doll-in-stock-europe-all",1,1,0,0,0,0,2,,0,0,0,18,2,0,,0,1,1,0,0,0,0,2,,0,0,0,18,2,0,,0,0,0,,,,,0,,,,,0,0,,,
"Blog Article","/blogs/dolls-info-qustions/metabox-let-dolls-embrace-the-ai-era-interaction-will-never-be-monotonous-again",1,1,0,0,0,0,1,,0,0,0,0,1,1,,1,1,1,0,0,0,0,1,,0,0,0,0,1,1,,1,0,0,,,,,0,,,,,,0,0,,0
,"/en-ca/collections/clothes-for-sex-dolls",1,1,0,0,0,0,1,,0,0,0,0,1,1,,1,1,1,0,0,0,0,1,,0,0,0,0,1,1,,1,0,0,,,,,0,,,,,,0,0,,0
"Product","/products/f4004-161cm-5ft352-5kg-h-cup-best-fat-big-ass-breasts-life-size-bbw-silicone-super-fat-big-belly-sex-doll-starpery-doll",1,1,0,0,0,0,21,,0,0,0,2031,21,0,,0,1,1,0,0,0,0,21,,0,0,0,2031,21,0,,0,0,0,,,,,0,,,,,0,0,,,
"Blog Article","/blogs/complete-sex-doll-guide-for-beginners/doll-head-connectors-for-different-brands",1,1,0,0,0,0,1,,0,0,0,0,1,1,,1,1,1,0,0,0,0,1,,0,0,0,0,1,1,,1,0,0,,,,,0,,,,,,0,0,,0
"Product","/products/f3468-158cm5f2-32kg-h-cup-big-breast-tpe-sex-doll-aibei-doll",1,1,0,0,0,0,1,,0,0,0,0,1,1,,1,1,1,0,0,0,0,1,,0,0,0,0,1,1,,1,0,0,,,,,0,,,,,,0,0,,0
"Product","/products/f9292-153cm5-0ft-32-5kg-2-2u-d-cup-premium-japanese-real-life-sex-doll-aitia-doll",1,1,0,0,0,0,14,,0,0,0,928,14,0,,0,1,1,0,0,0,0,14,,0,0,0,928,14,0,,0,0,0,,,,,0,,,,,0,0,,,
,"/de/collections/erovenus-videos",1,1,0,0,0,0,1,,0,0,0,0,1,1,,1,1,1,0,0,0,0,1,,0,0,0,0,1,1,,1,0,0,,,,,0,,,,,,0,0,,0
"Product","/products/f7631-168cm-5ft5-47kg-male-sex-doll-with-5-9in-automatic-insertion-big-dick-sy-doll",1,1,0,0,0,0,4,,0,0,0,376,4,0,,0,1,1,0,0,0,0,4,,0,0,0,376,4,0,,0,0,0,,,,,0,,,,,0,0,,,
"Blog Article","/blogs/dolls-info-qustions/lubricant-that-enhances-the-sex-experience",1,1,0,0,0,0,1,,0,0,0,0,1,1,,1,1,1,0,0,0,0,1,,0,0,0,0,1,1,,1,0,0,,,,,0,,,,,,0,0,,0
,"/en-fi/collections/sucking-vagina-ai-sex-doll",1,1,0,0,0,0,1,,0,0,0,0,1,1,,1,1,1,0,0,0,0,1,,0,0,0,0,1,1,,1,0,0,,,,,0,,,,,,0,0,,0
"Product","/products/t403-black9-92lb-mini-gyatt-bbw-thick-sex-doll-torso-big-round-ass",1,1,0,0,0,0,1,,0,0,0,0,1,1,,1,1,1,0,0,0,0,1,,0,0,0,0,1,1,,1,0,0,,,,,0,,,,,,0,0,,0
"Blog Article","/blogs/dolls-info-qustions/can-ai-sex-dolls-replace-real-women",1,1,0,0,0,0,3,,0,0,0,211,3,0,,0,1,1,0,0,0,0,3,,0,0,0,211,3,0,,0,0,0,,,,,0,,,,,0,0,,,
,"/en-fi/products/9410384363759",1,1,0,0,0,0,1,,0,0,0,0,1,1,,1,1,1,0,0,0,0,1,,0,0,0,0,1,1,,1,0,0,,,,,0,,,,,,0,0,,0
,"/de/collections/torso-dildo",1,1,0,0,0,0,1,,0,0,0,0,1,1,,1,1,1,0,0,0,0,1,,0,0,0,0,1,1,,1,0,0,,,,,0,,,,,,0,0,,0
"Product","/products/l47767-2lb-104cm-fat-lower-body-tpe-sexy-doll-legs-climax-doll",1,1,0,0,0,0,9,,0,0,0,1728,9,0,,0,1,1,0,0,0,0,9,,0,0,0,1728,9,0,,0,0,0,,,,,0,,,,,0,0,,,
"Product","/products/climax-lightweight-flat-chest-sex-dolls-torso-80cm-t733",1,1,0,0,0,0,1,,0,0,0,0,1,1,,1,1,1,0,0,0,0,1,,0,0,0,0,1,1,,1,0,0,,,,,0,,,,,,0,0,,0
,"/en-fi/collections/bbw-sex-dolls",1,1,0,0,0,0,6,,0,0,0,1678,6,0,,0,1,1,0,0,0,0,6,,0,0,0,1678,6,0,,0,0,0,,,,,0,,,,,0,0,,,
"Collection","/collections/curvy-sex-dolls",1,1,0,0,0,0,1,,0,0,0,0,1,1,,1,1,1,0,0,0,0,1,,0,0,0,0,1,1,,1,0,0,,,,,0,,,,,,0,0,,0
"Product","/products/t502-big-boobs-sex-torso-21lb-tpe-round-ass",1,1,0,0,0,0,1,,0,0,0,0,1,1,,1,1,1,0,0,0,0,1,,0,0,0,0,1,1,,1,0,0,,,,,0,,,,,,0,0,,0
"Blog Article","/blogs/dolls-info-qustions/the-fun-of-bbw-sex-dolls",1,1,0,0,0,0,11,,0,0,0,278,11,0,,0,1,1,0,0,0,0,11,,0,0,0,278,11,0,,0,0,0,,,,,0,,,,,0,0,,,
,"/en-ca/blogs/dolls-info-qustions/why-do-men-like-to-have-sex-with-bigass-women",1,1,0,0,0,0,1,,0,0,0,0,1,1,,1,1,1,0,0,0,0,1,,0,0,0,0,1,1,,1,0,0,,,,,0,,,,,,0,0,,0
"Collection","/collections/doggystyle-sex-doll",1,1,1,1,0,0,5,0,1,1,0,170,5,0,0,0,1,1,1,1,0,0,5,0,1,1,0,170,5,0,0,0,0,0,0,0,,,0,,0,0,,0,0,,,
,"/en-ca/collections/doll-castle",1,1,0,0,0,0,1,,0,0,0,0,1,1,,1,1,1,0,0,0,0,1,,0,0,0,0,1,1,,1,0,0,,,,,0,,,,,,0,0,,0
"Product","/products/t952-84cm-2ft9-28-3kg-j-cup-sle-bbw-sex-doll-porn-torso-with-headzelex-sle-2-0-in-stock-usa-canada-zelex-doll-%E5%89%AF%E6%9C%AC",1,1,0,0,0,0,2,,0,0,0,19,2,0,,0,1,1,0,0,0,0,2,,0,0,0,19,2,0,,0,0,0,,,,,0,,,,,0,0,,,
,"/en-fi/blogs/dolls-info-qustions/what-is-the-difference-between-ai-sex-dolls-and-sex-robots",1,1,0,0,0,0,1,,0,0,0,0,1,1,,1,1,1,0,0,0,0,1,,0,0,0,0,1,1,,1,0,0,,,,,0,,,,,,0,0,,0
,"/de/blogs/sex-doll-torso-blog/top-7-sex-doll-torsos",1,1,0,0,0,0,1,,0,0,0,0,1,1,,1,1,1,0,0,0,0,1,,0,0,0,0,1,1,,1,0,0,,,,,0,,,,,,0,0,,0
,"/en-ca/collections/climax-doll",1,1,0,0,0,0,3,,0,0,0,57,3,0,,0,1,1,0,0,0,0,3,,0,0,0,57,3,0,,0,0,0,,,,,0,,,,,0,0,,,
"Product","/products/f9002-160cm-glasses-black-hair-best-sex-robot-custom",1,1,0,0,0,0,1,,0,0,0,0,1,1,,1,1,1,0,0,0,0,1,,0,0,0,0,1,1,,1,0,0,,,,,0,,,,,,0,0,,0
"Product","/products/t266-huge-penis-male-sex-doll-torso-dildo-adult-toys-for-female-masturbation",1,1,0,0,0,0,1,,0,0,0,0,1,1,,1,1,1,0,0,0,0,1,,0,0,0,0,1,1,,1,0,0,,,,,0,,,,,,0,0,,0
"Product","/products/f1559-elsa-babe-165cm-5ft4-full-silicone-sexy-anime-sex-dolls",1,1,0,0,0,0,16,,0,0,0,1325,16,0,,0,1,1,0,0,0,0,16,,0,0,0,1325,16,0,,0,0,0,,,,,0,,,,,0,0,,,
"Product","/products/f2462-163cm5-3ft-40kg-c-cup-delia-realistic-silicone-head-sex-doll-in-stock-us-sigafun-doll",1,1,0,0,0,0,7,,0,0,0,254,7,0,,0,1,1,0,0,0,0,7,,0,0,0,254,7,0,,0,0,0,,,,,0,,,,,0,0,,,
,"/de/collections/big-booty-sex-dolls",1,1,0,0,0,0,2,,0,0,0,5,2,0,,0,1,1,0,0,0,0,2,,0,0,0,5,2,0,,0,0,0,,,,,0,,,,,0,0,,,
"Checkout","/checkouts/cn/hWNDiFZRLhXNEVbrBvdguc2q/en-us",1,1,1,1,0,0,25,0,1,1,0,3375,25,0,0,0,1,1,1,1,0,0,25,0,1,1,0,3375,25,0,0,0,0,0,0,0,,,0,,0,0,,0,0,,,
,"/en-ca/collections/hyper-realistic-sex-doll",1,1,0,0,0,0,2,,0,0,0,27,2,0,,0,1,1,0,0,0,0,2,,0,0,0,27,2,0,,0,0,0,,,,,0,,,,,0,0,,,
,"/en-ca/collections/electric-sex-doll-head",1,1,0,0,0,0,1,,0,0,0,0,1,1,,1,1,1,0,0,0,0,1,,0,0,0,0,1,1,,1,0,0,,,,,0,,,,,,0,0,,0
,"/de/blogs/dolls-info-qustions/do-humans-have-a-penis-bone",1,1,0,0,0,0,1,,0,0,0,0,1,1,,1,1,1,0,0,0,0,1,,0,0,0,0,1,1,,1,0,0,,,,,0,,,,,,0,0,,0
,"/en-ca/products/f9385-161cm5ft3-41-5kg-h-cup-huge-breast-silicone-ssbbw-sex-doll-with-weight-reduction-4-0-starpery-doll",1,1,0,0,0,0,1,,0,0,0,0,1,1,,1,1,1,0,0,0,0,1,,0,0,0,0,1,1,,1,0,0,,,,,0,,,,,,0,0,,0
"Product","/products/female-domination-foot-toy-for-foot-femdom-play",1,1,0,0,0,0,1,,0,0,0,0,1,1,,1,1,1,0,0,0,0,1,,0,0,0,0,1,1,,1,0,0,,,,,0,,,,,,0,0,,0
"Product","/products/f8178-150cm-5ft-27-5kg-silicone-anime-sex-doll-elsa-babe",1,1,0,0,0,0,1,,0,0,0,0,1,1,,1,1,1,0,0,0,0,1,,0,0,0,0,1,1,,1,0,0,,,,,0,,,,,,0,0,,0
"Product","/products/f2378-162cm5-3ft-a-cup-s17-small-breat-sex-doll-irontech-doll",1,1,0,0,0,0,1,,0,0,0,0,1,1,,1,1,1,0,0,0,0,1,,0,0,0,0,1,1,,1,0,0,,,,,0,,,,,,0,0,,0
"Blog Article","/blogs/sex-doll-option-videos/video01-gel-breasts",1,1,0,0,0,0,2,,0,0,0,29,2,0,,0,1,1,0,0,0,0,2,,0,0,0,29,2,0,,0,0,0,,,,,0,,,,,0,0,,,
"Product","/products/t794-11-9lb-42cm-anime-futa-shemale-sex-doll-torso-qita",1,1,0,0,0,0,1,,0,0,0,0,1,1,,1,1,1,0,0,0,0,1,,0,0,0,0,1,1,,1,0,0,,,,,0,,,,,,0,0,,0
,"/de/collections/shedoll-videos",1,1,0,0,0,0,1,,0,0,0,0,1,1,,1,1,1,0,0,0,0,1,,0,0,0,0,1,1,,1,0,0,,,,,0,,,,,,0,0,,0
"Product","/products/f5664-175cm-5ft7-e-cup-movable-jaws-silicone-sex-doll-inspiration-zelex-doll",1,1,0,0,0,0,1,,0,0,0,0,1,1,,1,1,1,0,0,0,0,1,,0,0,0,0,1,1,,1,0,0,,,,,0,,,,,,0,0,,0
,"/en-ca/collections/200-299",1,1,0,0,0,0,2,,0,0,0,135,2,0,,0,1,1,0,0,0,0,2,,0,0,0,135,2,0,,0,0,0,,,,,0,,,,,0,0,,,
"Product","/products/f8153k-154cm5ft1-32-4kg-e-cup-latina-silicone-head-chubby-bbw-sex-doll-in-stock-us-climax-doll-pro",1,1,0,0,0,0,2,,0,0,0,108,2,0,,0,1,1,0,0,0,0,2,,0,0,0,108,2,0,,0,0,0,,,,,0,,,,,0,0,,,
"Product","/products/f9185-t165cm5-4ft-t163cm5-3ft-33kg-c-cup-ros-silicone-lifesize-realistic-sex-doll-se-doll",1,1,0,0,0,0,1,,0,0,0,0,1,1,,1,1,1,0,0,0,0,1,,0,0,0,0,1,1,,1,0,0,,,,,0,,,,,,0,0,,0
,"/en-ca/collections/erovenus-max",1,1,0,0,0,0,2,,0,0,0,25,2,0,,0,1,1,0,0,0,0,2,,0,0,0,25,2,0,,0,0,0,,,,,0,,,,,0,0,,,
,"/en-ca/products/b439-ultra-soft-silicone-sex-doll-boobs-titfuck-torso-erovenus",1,1,0,0,0,0,1,,0,0,0,0,1,1,,1,1,1,0,0,0,0,1,,0,0,0,0,1,1,,1,0,0,,,,,0,,,,,,0,0,,0
"Product","/products/f4628-e-cup-sexy-realistic-adult-european-silicone-sex-doll-se-doll",1,1,0,0,0,0,80,,0,0,0,2208,80,0,,0,1,1,0,0,0,0,80,,0,0,0,2208,80,0,,0,0,0,,,,,0,,,,,0,0,,,
,"/en-ca/blogs/dolls-info-qustions/2025-most-popular-anime-sex-dolls-new-releases",1,1,0,0,0,0,1,,0,0,0,0,1,1,,1,1,1,0,0,0,0,1,,0,0,0,0,1,1,,1,0,0,,,,,0,,,,,,0,0,,0
,"/de/collections/asian-sex-doll",1,1,0,0,0,0,12,,0,0,0,119,12,0,,0,1,1,0,0,0,0,12,,0,0,0,119,12,0,,0,0,0,,,,,0,,,,,0,0,,,
,"/de/blogs/dolls-info-qustions/7-best-mini-torso-sex-dolls-for-beginners",1,1,0,0,0,0,1,,0,0,0,0,1,1,,1,1,1,0,0,0,0,1,,0,0,0,0,1,1,,1,0,0,,,,,0,,,,,,0,0,,0
,"/de/products/f4598-155cm5ft1-35kg-busty-koharu-i-cup-s-tpe-animes-hentai-sex-doll-irokebijin-doll",1,1,0,0,0,0,1,,0,0,0,0,1,1,,1,1,1,0,0,0,0,1,,0,0,0,0,1,1,,1,0,0,,,,,0,,,,,,0,0,,0
"Product","/products/f2276-165cm-d-cup-mary-silicone-sex-doll-normon-doll",1,1,0,0,0,0,1,,0,0,0,0,1,1,,1,1,1,0,0,0,0,1,,0,0,0,0,1,1,,1,0,0,,,,,0,,,,,,0,0,,0
"Collection","/collections/more-than-170cm-5ft7",1,1,0,0,0,0,1,,0,0,0,0,1,1,,1,1,1,0,0,0,0,1,,0,0,0,0,1,1,,1,0,0,,,,,0,,,,,,0,0,,0
"Product","/products/h637-ros-silicone-sex-doll-head-zelex-doll-head",1,1,0,0,0,0,1,,0,0,0,0,1,1,,1,1,1,0,0,0,0,1,,0,0,0,0,1,1,,1,0,0,,,,,0,,,,,,0,0,,0
"Blog Article","/blogs/dolls-info-qustions/if-you-dont-clean-your-silicone-love-doll-properly-what-consequences-will-you-face",1,1,0,0,0,0,1,,0,0,0,0,1,1,,1,1,1,0,0,0,0,1,,0,0,0,0,1,1,,1,0,0,,,,,0,,,,,,0,0,,0
"Blog Article","/blogs/dolls-info-qustions/3-reasons-why-couples-must-use-sex-torso",1,1,0,0,0,0,1,,0,0,0,0,1,1,,1,1,1,0,0,0,0,1,,0,0,0,0,1,1,,1,0,0,,,,,0,,,,,,0,0,,0
"Product","/products/a458-43-43lb-silicone-1-1-life-size-doggy-style-big-ass-lovenestle",1,1,0,0,0,0,4,,0,0,0,27,4,0,,0,1,1,0,0,0,0,4,,0,0,0,27,4,0,,0,0,0,,,,,0,,,,,0,0,,,
"Product","/products/f8098-150cm-5ft-27-5kg-anime-hentai-silicone-sex-doll-elsa-babe",1,1,0,0,0,0,19,,0,0,0,680,19,0,,0,1,1,0,0,0,0,19,,0,0,0,680,19,0,,0,0,0,,,,,0,,,,,0,0,,,
"Checkout","/60719464687/orders/61f5443da789b7a89a373b3b5f333314",1,1,0,0,0,0,6,,0,0,0,189,6,0,,0,1,1,0,0,0,0,6,,0,0,0,189,6,0,,0,0,0,,,,,0,,,,,0,0,,,
,"/en-fi/collections/sex-doll-in-stock-europe-all",1,1,0,0,0,0,7,,0,0,0,96,7,0,,0,1,1,0,0,0,0,7,,0,0,0,96,7,0,,0,0,0,,,,,0,,,,,0,0,,,
,"/en-ca/blogs/dolls-info-qustions/what-size-penis-should-you-buy-for-your-male-sex-doll",1,1,0,0,0,0,1,,0,0,0,0,1,1,,1,1,1,0,0,0,0,1,,0,0,0,0,1,1,,1,0,0,,,,,0,,,,,,0,0,,0
"Product","/products/f7520-176cm-5ft7-c-cup-weight-loss-silicone-sex-doll-darianna-starpery-doll",1,1,0,0,0,0,1,,0,0,0,0,1,1,,1,1,1,0,0,0,0,1,,0,0,0,0,1,1,,1,0,0,,,,,0,,,,,,0,0,,0
,"/en-ca/collections/6-7in-male-sex-doll",1,1,0,0,0,0,2,,0,0,0,20,2,0,,0,1,1,0,0,0,0,2,,0,0,0,20,2,0,,0,0,0,,,,,0,,,,,0,0,,,
"Blog Article","/blogs/recent-brand-updates-new-arrivals-for-sex-dolls/zelex-k-series-launch-korean-pop-idol-realistic-sex-dolls",1,1,0,0,0,0,2,,0,0,0,363,2,0,,0,1,1,0,0,0,0,2,,0,0,0,363,2,0,,0,0,0,,,,,0,,,,,0,0,,,
"Product","/products/f7690-161cm5ft3-41-5kg-h-cup-huge-breast-silicone-ssbbw-sex-doll-with-weight-reduction-4-0-starpery-doll",1,1,1,1,0,0,13,0,1,1,0,919,13,0,0,0,1,1,1,1,0,0,13,0,1,1,0,919,13,0,0,0,0,0,0,0,,,0,,0,0,,0,0,,,
"Product","/products/f7676-165cm5ft5-23kg-e-cup-life-size-ros-silicone-life-size-sex-dolls-lightweight-wm-doll",1,1,0,0,0,0,5,,0,0,0,421,5,0,,0,1,1,0,0,0,0,5,,0,0,0,421,5,0,,0,0,0,,,,,0,,,,,0,0,,,
"Product","/products/f9117-160cm-5ft2-36kg-g-cup-silicone-sexual-male-best-shemale-sex-doll-castle-doll",1,1,0,0,0,0,2,,0,0,0,3,2,0,,0,1,1,0,0,0,0,2,,0,0,0,3,2,0,,0,0,0,,,,,0,,,,,0,0,,,
"Blog Article","/blogs/dolls-info-qustions/why-are-furry-sex-dolls-so-popular-a-deep-dive-into-5-core-attractions",1,1,0,0,0,0,2,,0,0,0,34,2,0,,0,1,1,0,0,0,0,2,,0,0,0,34,2,0,,0,0,0,,,,,0,,,,,0,0,,,
"Product","/products/f6242-157cm5-2ft-30-5kg-large-breasts-tpe-realistic-sex-doll-rui-mei",1,1,0,0,0,0,1,,0,0,0,0,1,1,,1,1,1,0,0,0,0,1,,0,0,0,0,1,1,,1,0,0,,,,,0,,,,,,0,0,,0
"Blog Article","/blogs/dolls-info-qustions/how-to-fix-a-sex-doll-a-comprehensive-guide",1,1,0,0,0,0,1,,0,0,0,0,1,1,,1,1,1,0,0,0,0,1,,0,0,0,0,1,1,,1,0,0,,,,,0,,,,,,0,0,,0
"Product","/products/f4360-151cm4ft11-37kg-f-cup-asian-silicone-head-mini-sex-doll-aibei-doll",1,1,0,0,0,0,1,,0,0,0,0,1,1,,1,1,1,0,0,0,0,1,,0,0,0,0,1,1,,1,0,0,,,,,0,,,,,,0,0,,0
,"/ja/collections/wm-doll-factory-photos",1,1,0,0,0,0,1,,0,0,0,0,1,1,,1,1,1,0,0,0,0,1,,0,0,0,0,1,1,,1,0,0,,,,,0,,,,,,0,0,,0
,"/en-fi/blogs/dolls-info-qustions/2026-must-have-the-latest-trend-in-anime-sex-dolls-revealed",1,1,0,0,0,0,1,,0,0,0,0,1,1,,1,1,1,0,0,0,0,1,,0,0,0,0,1,1,,1,0,0,,,,,0,,,,,,0,0,,0
"Product","/products/f5518-160cm5ft2-45-2kg-l-cup-meru-fantasy-silicone-heade-sex-doll-climax-doll-pro",1,1,0,0,0,0,1,,0,0,0,0,1,1,,1,1,1,0,0,0,0,1,,0,0,0,0,1,1,,1,0,0,,,,,0,,,,,,0,0,,0
,"/en-ca/products/f4759-175cm5ft9-69kg-x-cup-huge-breast-fat-ass-tpe-fat-ssbbw-sex-doll-castle-doll",1,1,0,0,0,0,1,,0,0,0,0,1,1,,1,1,1,0,0,0,0,1,,0,0,0,0,1,1,,1,0,0,,,,,0,,,,,,0,0,,0
"Blog Article","/blogs/dolls-info-qustions/newbie-torso-sex-doll-buying-tutorial-the-best-selection-guide-at-the-same-price",1,1,0,0,0,0,2,,0,0,0,58,2,0,,0,1,1,0,0,0,0,2,,0,0,0,58,2,0,,0,0,0,,,,,0,,,,,0,0,,,
"Checkout","/checkouts/cn/hWNDZxYGqiUjVkrBnc8BZz1t/en-us",1,1,0,1,0,0,3,0,0,1,0,10,3,0,,0,1,1,0,1,0,0,3,0,0,1,0,10,3,0,,0,0,0,,0,,,0,,,0,,0,0,,,
"Product","/products/p107-4kg-deep-throat-figures-silicone-anime-hentai-sex-toys-castle-doll",1,1,0,0,0,0,1,,0,0,0,0,1,1,,1,1,1,0,0,0,0,1,,0,0,0,0,1,1,,1,0,0,,,,,0,,,,,,0,0,,0
"Product","/products/f6270-165cm-5ft4-37kg-d-cup-silicone-sex-doll-white-hair-firefly-diary-max",1,1,0,0,0,0,1,,0,0,0,0,1,1,,1,1,1,0,0,0,0,1,,0,0,0,0,1,1,,1,0,0,,,,,0,,,,,,0,0,,0
,"/en-ca/products/f3477-163cm5f3-52kg-e-cup-european-tpe-sex-doll-in-stock-usa-aibei-doll",1,1,0,0,0,0,17,,0,0,0,669,17,0,,0,1,1,0,0,0,0,17,,0,0,0,669,17,0,,0,0,0,,,,,0,,,,,0,0,,,
,"/de/blogs/dolls-info-qustions/best-vibrating-sex-torso-types-who-it-suits",1,1,0,0,0,0,1,,0,0,0,0,1,1,,1,1,1,0,0,0,0,1,,0,0,0,0,1,1,,1,0,0,,,,,0,,,,,,0,0,,0
"Checkout","/checkouts/cn/hWNDdFeB2i3IuNb5Mr1eY15u/en-ca",1,1,0,1,0,0,1,0,0,1,0,0,1,0,,0,1,1,0,1,0,0,1,0,0,1,0,0,1,0,,0,0,0,,0,,,0,,,0,,,0,,,
"Product","/products/h990-iron-ai-talking-ros-max-silicone-blowjob-sex-doll-head-real-lady-doll",1,1,0,0,0,0,2,,0,0,0,2,2,0,,0,1,1,0,0,0,0,2,,0,0,0,2,2,0,,0,0,0,,,,,0,,,,,0,0,,,
"Product","/products/f233-176cm-5ft9-40kg-premium-sexy-renovation-worker-silicone-femboy-sex-doll-irontech-doll",1,1,0,0,0,0,1,,0,0,0,0,1,1,,1,1,1,0,0,0,0,1,,0,0,0,0,1,1,,1,0,0,,,,,0,,,,,,0,0,,0
,"/en-ca/blogs/dolls-info-qustions/how-to-choose-the-perfect-life-size-silicone-sex-doll-create-your-ideal-companion",1,1,0,0,0,0,1,,0,0,0,0,1,1,,1,1,1,0,0,0,0,1,,0,0,0,0,1,1,,1,0,0,,,,,0,,,,,,0,0,,0
,"/en-ca/collections/anime-sex-doll-torso",1,1,0,0,0,0,1,,0,0,0,0,1,1,,1,1,1,0,0,0,0,1,,0,0,0,0,1,1,,1,0,0,,,,,0,,,,,,0,0,,0
"Product","/products/f5982-164cm5-4ft-36kg-d-cup-263-asian-silicone-game-celebrity-sex-doll%E4%B8%A8sy-doll",1,1,0,0,0,0,1,,0,0,0,0,1,1,,1,1,1,0,0,0,0,1,,0,0,0,0,1,1,,1,0,0,,,,,0,,,,,,0,0,,0
,"/en-ca/cart",1,1,0,0,0,0,1,,0,0,0,0,1,1,,1,1,1,0,0,0,0,1,,0,0,0,0,1,1,,1,0,0,,,,,0,,,,,,0,0,,0
"Product","/products/f7644-8kg-d-cup-animal-hentai-realistic-furry-silicone-sex-doll-doll-castle",1,1,0,0,0,0,1,,0,0,0,0,1,1,,1,1,1,0,0,0,0,1,,0,0,0,0,1,1,,1,0,0,,,,,0,,,,,,0,0,,0
"Product","/products/f5586-150cm-5ft-27-5kg-life-size-anime-silicone-sex-doll-elsa-babe",1,1,0,0,0,0,2,,0,0,0,14,2,0,,0,1,1,0,0,0,0,2,,0,0,0,14,2,0,,0,0,0,,,,,0,,,,,0,0,,,
"Collection","/collections/duomeishi",1,1,0,0,0,0,1,,0,0,0,0,1,1,,1,1,1,0,0,0,0,1,,0,0,0,0,1,1,,1,0,0,,,,,0,,,,,,0,0,,0
"Product","/products/f867-156cm-5ft1-jenny-d-cup-tpe-thin-fat-ass-sexy-latin-girl-sex-doll-se-doll",1,1,0,0,0,0,2,,0,0,0,39,2,0,,0,1,1,0,0,0,0,2,,0,0,0,39,2,0,,0,0,0,,,,,0,,,,,0,0,,,
"Product","/products/f7665-170cm-5ft7-27kg-a-cup-silicone-flat-chest-full-body-sex-doll-doll-castle",1,1,0,0,0,0,31,,0,0,0,1042,31,0,,0,1,1,0,0,0,0,31,,0,0,0,1042,31,0,,0,0,0,,,,,0,,,,,0,0,,,
"Product","/products/f1453-165cm5f4-34kg-h-cup-big-breast-tpe-sex-doll-aibei-doll",1,1,0,0,0,0,2,,0,0,0,0,2,0,,0,1,1,0,0,0,0,2,,0,0,0,0,2,0,,0,0,0,,,,,0,,,,,,0,,,
"Product","/products/h883-silicone-sex-doll-head-elsa-babe-head",1,1,0,0,0,0,1,,0,0,0,0,1,1,,1,1,1,0,0,0,0,1,,0,0,0,0,1,1,,1,0,0,,,,,0,,,,,,0,0,,0
"Blog Article","/blogs/dolls-info-qustions/5-best-sex-doll-torso",1,1,0,0,0,0,1,,0,0,0,0,1,1,,1,1,1,0,0,0,0,1,,0,0,0,0,1,1,,1,0,0,,,,,0,,,,,,0,0,,0
,"/ja/blogs/dolls-info-qustions/se-master-makeup-the-ultimate-in-realistic-body-art",1,1,0,0,0,0,1,,0,0,0,0,1,1,,1,1,1,0,0,0,0,1,,0,0,0,0,1,1,,1,0,0,,,,,0,,,,,,0,0,,0
"Product","/products/f2387-163cm5-3ft-70kg-53kg-g-cup-s6-great-huge-butt-silicone-head-real-sex-doll-2024%E4%B8%A8sy-doll",1,1,0,0,0,0,4,,0,0,0,15,4,0,,0,1,1,0,0,0,0,4,,0,0,0,15,4,0,,0,0,0,,,,,0,,,,,0,0,,,
"Product","/products/t908k94-8lbsblack-ssbbw-tpe-ebony-torso-sex-doll-with-huge-breasts-climax-doll-classic",1,1,0,0,0,0,1,,0,0,0,0,1,1,,1,1,1,0,0,0,0,1,,0,0,0,0,1,1,,1,0,0,,,,,0,,,,,,0,0,,0
"Product","/products/f6254-172cm-5-6ft-37-5kg-a-cup-realistic-flat-chest-sex-doll-top-cydoll",1,1,0,0,0,0,1,,0,0,0,0,1,1,,1,1,1,0,0,0,0,1,,0,0,0,0,1,1,,1,0,0,,,,,0,,,,,,0,0,,0
"Product","/products/l46850lb-110cm-tpe-sexy-lifesize-sex-doll-legs-qita-doll",1,1,0,0,0,0,1,,0,0,0,0,1,1,,1,1,1,0,0,0,0,1,,0,0,0,0,1,1,,1,0,0,,,,,0,,,,,,0,0,,0
"Product","/products/h526-mini-anime-silicone-sex-doll-head-elsa-babe-head",1,1,0,0,0,0,1,,0,0,0,0,1,1,,1,1,1,0,0,0,0,1,,0,0,0,0,1,1,,1,0,0,,,,,0,,,,,,0,0,,0
"Product","/products/b38-silicone-sex-doll-titfuck-torso-realistic-titfuck-to-climax",1,1,0,0,0,0,35,,0,0,0,1139,35,0,,0,1,1,0,0,0,0,35,,0,0,0,1139,35,0,,0,0,0,,,,,0,,,,,0,0,,,
"Product","/products/f4518-150cm-4ft928kg-ariel-j-cup-full-anime-mini-silicone-love-doll-piper-doll",1,1,0,0,0,0,6,,0,0,0,604,6,0,,0,1,1,0,0,0,0,6,,0,0,0,604,6,0,,0,0,0,,,,,0,,,,,0,0,,,
,"/en-ca/collections/sex-doll-torso/products/592-67lb-75cm-bbw-sex-doll-torso-big-tits-big-ass-sex-doll-torso",1,1,0,0,0,0,1,,0,0,0,0,1,1,,1,1,1,0,0,0,0,1,,0,0,0,0,1,1,,1,0,0,,,,,0,,,,,,0,0,,0
"Product","/products/h984-sex-doll-head-r-irontech-doll-head",1,1,0,0,0,0,1,,0,0,0,0,1,1,,1,1,1,0,0,0,0,1,,0,0,0,0,1,1,,1,0,0,,,,,0,,,,,,0,0,,0
,"/de/blogs/featured-blog/how-to-diy-an-sex-doll-you",1,1,0,0,0,0,3,,0,0,0,31,3,0,,0,1,1,0,0,0,0,3,,0,0,0,31,3,0,,0,0,0,,,,,0,,,,,0,0,,,
"Blog Article","/blogs/dolls-info-qustions/in-depth-exploration-of-a-high-end-custom-doll-factory-featuring-irontech-reallady-and-sigafun",1,1,0,0,0,0,2,,0,0,0,8,2,0,,0,1,1,0,0,0,0,2,,0,0,0,8,2,0,,0,0,0,,,,,0,,,,,0,0,,,
"Product","/products/f8205-150cm-5ft-27-5kg-silicone-anime-sex-doll-elsa-babe",1,1,0,0,0,0,1,,0,0,0,0,1,1,,1,1,1,0,0,0,0,1,,0,0,0,0,1,1,,1,0,0,,,,,0,,,,,,0,0,,0
"Product","/products/f4667-157cm5ft1-31kg-yuuka-a-h-cup-silicone-sexy-medium-butt-chinese-sex-doll-se-doll",1,1,0,0,0,0,1,,0,0,0,0,1,1,,1,1,1,0,0,0,0,1,,0,0,0,0,1,1,,1,0,0,,,,,0,,,,,,0,0,,0
"Blog Article","/blogs/dolls-info-qustions/a-little-knowledge-about-lubricants",1,1,0,0,0,0,1,,0,0,0,0,1,1,,1,1,1,0,0,0,0,1,,0,0,0,0,1,1,,1,0,0,,,,,0,,,,,,0,0,,0
,"/en-ca/blogs/dolls-info-qustions/4-recommended-futa-sex-dolls-a-guide-to-realistic-touch-and-dual-gender-appeal",1,1,0,0,0,0,6,,0,0,0,104,6,0,,0,1,1,0,0,0,0,6,,0,0,0,104,6,0,,0,0,0,,,,,0,,,,,0,0,,,
"Blog Article","/blogs/dolls-info-qustions/traveling-with-a-sex-doll",1,1,0,0,0,0,3,,0,0,0,65,3,0,,0,1,1,0,0,0,0,3,,0,0,0,65,3,0,,0,0,0,,,,,0,,,,,0,0,,,
"Product","/products/f235-surf-boy-176cm-5ft9-silicone-male-sex-doll-irontech-doll",1,1,0,0,0,0,17,,0,0,0,987,17,0,,0,1,1,0,0,0,0,17,,0,0,0,987,17,0,,0,0,0,,,,,0,,,,,0,0,,,
"Product","/products/f5981-164cm5-4ft-d-cup-m5-ros-movable-jaw-celebrity-ai-sex-doll%E4%B8%A8sy-doll",1,1,0,0,0,0,1,,0,0,0,0,1,1,,1,1,1,0,0,0,0,1,,0,0,0,0,1,1,,1,0,0,,,,,0,,,,,,0,0,,0
"Checkout","/checkouts/cn/hWNDn27s4eKAUFZyoZOyFVIe/en-us",1,1,0,1,0,0,1,0,0,1,0,0,1,0,,0,1,1,0,1,0,0,1,0,0,1,0,0,1,0,,0,0,0,,0,,,0,,,0,,,0,,,
"Product","/products/f5846-156cm-5ft2-28kg-b-cup-asian-silicone-sex-doll-il-doll",1,1,0,0,0,0,7,,0,0,0,94,7,0,,0,1,1,0,0,0,0,7,,0,0,0,94,7,0,,0,0,0,,,,,0,,,,,0,0,,,
,"/ja/collections/bbw-sex-doll-2",1,1,0,0,0,0,1,,0,0,0,0,1,1,,1,1,1,0,0,0,0,1,,0,0,0,0,1,1,,1,0,0,,,,,0,,,,,,0,0,,0
"Product","/products/f4283-163cm5ft3-34kg-c-cup-asian-tpe-real-femboy-sex-doll-wm-doll",1,1,0,0,0,0,7,,0,0,0,287,7,0,,0,1,1,0,0,0,0,7,,0,0,0,287,7,0,,0,0,0,,,,,0,,,,,0,0,,,
"Product","/products/f2453-164cm5-4ft-39kg-g-cup-life-size-silicone-head-sex-doll-in-stock-us-sigafun-doll",1,1,0,0,0,0,3,,0,0,0,42,3,0,,0,1,1,0,0,0,0,3,,0,0,0,42,3,0,,0,0,0,,,,,0,,,,,0,0,,,
"Product","/products/f714-170cm5-6ft-43kg-d-cup-life-size-silicone-sex-doll-real-lady",1,1,0,0,0,0,15,,0,0,0,79,15,0,,0,1,1,0,0,0,0,15,,0,0,0,79,15,0,,0,0,0,,,,,0,,,,,0,0,,,
,"/de/collections/big-ass-sex-dolls",1,1,0,0,0,0,9,,0,0,0,155,9,0,,0,1,1,0,0,0,0,9,,0,0,0,155,9,0,,0,0,0,,,,,0,,,,,0,0,,,
"Product","/products/f2298-169cm5ft5-b-cup-s29-ros-full-silicone-sex-doll-irontech-doll",1,1,0,0,0,0,15,,0,0,0,616,15,0,,0,1,1,0,0,0,0,15,,0,0,0,616,15,0,,0,0,0,,,,,0,,,,,0,0,,,
"Blog Article","/blogs/dolls-info-qustions/2-in-1-ai-sex-doll-experience-motorized-hip-movement-and-vaginal-suction-combined",1,1,0,0,0,0,1,,0,0,0,0,1,1,,1,1,1,0,0,0,0,1,,0,0,0,0,1,1,,1,0,0,,,,,0,,,,,,0,0,,0
,"/en-ca/blogs/dolls-info-qustions/how-to-choose-the-most-suitable-size-of-mini-sex-doll-torso",1,1,0,0,0,0,1,,0,0,0,0,1,1,,1,1,1,0,0,0,0,1,,0,0,0,0,1,1,,1,0,0,,,,,0,,,,,,0,0,,0
,"/de/blogs/featured-blog/best-torso-sex-doll-brands-of-2026",1,1,0,0,0,0,1,,0,0,0,0,1,1,,1,1,1,0,0,0,0,1,,0,0,0,0,1,1,,1,0,0,,,,,0,,,,,,0,0,,0
,"/en-ca/blogs/dolls-info-qustions/how-does-sex-with-life-size-sex-dolls-compare-to-real-sex",1,1,0,0,0,0,2,,0,0,0,18,2,0,,0,1,1,0,0,0,0,2,,0,0,0,18,2,0,,0,0,0,,,,,0,,,,,0,0,,,
"Product","/products/t271-33-07lbs-80cm-miko-lightweight-life-size-sex-doll-torso-with-head-climax-doll",1,1,0,0,0,0,7,,0,0,0,1528,7,0,,0,1,1,0,0,0,0,7,,0,0,0,1528,7,0,,0,0,0,,,,,0,,,,,0,0,,,
,"/de/blogs/sex-doll-torso-blog/top-7-sex-poses-with-your-torso-sex-doll",1,1,0,0,0,0,1,,0,0,0,0,1,1,,1,1,1,0,0,0,0,1,,0,0,0,0,1,1,,1,0,0,,,,,0,,,,,,0,0,,0
,"/en-ca/collections/young-male-sex-doll",1,1,0,0,0,0,2,,0,0,0,91,2,0,,0,1,1,0,0,0,0,2,,0,0,0,91,2,0,,0,0,0,,,,,0,,,,,0,0,,,
,"/ja/blogs/real-sex-doll-reviews-pros-cons-real-usage-tests/shedoll-sex-doll-real-review-hands-on-experience",1,1,0,0,0,0,3,,0,0,0,173,3,0,,0,1,1,0,0,0,0,3,,0,0,0,173,3,0,,0,0,0,,,,,0,,,,,0,0,,,
"Product","/products/h1102-ros-silicone-sex-doll-mlw-doll-brand-oral-sex-doll-head",1,1,0,0,0,0,21,,0,0,0,461,21,0,,0,1,1,0,0,0,0,21,,0,0,0,461,21,0,,0,0,0,,,,,0,,,,,0,0,,,
"Product","/products/irontech-doll-silicone-sex-doll-164cm-f749",1,1,0,0,0,0,34,,0,0,0,703,34,0,,0,1,1,0,0,0,0,34,,0,0,0,703,34,0,,0,0,0,,,,,0,,,,,0,0,,,
"Blog Article","/blogs/dolls-info-qustions/how-to-effectively-reduce-the-weight-of-a-bbw-sex-doll-torso-tips-and-advice",1,1,0,0,0,0,1,,0,0,0,0,1,1,,1,1,1,0,0,0,0,1,,0,0,0,0,1,1,,1,0,0,,,,,0,,,,,,0,0,,0
,"/en-ca/blogs/dolls-info-qustions/2025-hot-selling-japanese-sex-dolls-popular-products-and-their-unique-charm-unveiled",1,1,0,0,0,0,4,,0,0,0,250,4,0,,0,1,1,0,0,0,0,4,,0,0,0,250,4,0,,0,0,0,,,,,0,,,,,0,0,,,
,"/en-ca/products/f1304-153cm-5ft-f-cup-fenny-blonde-milf-petite-silicone-love-doll-irontech-doll",1,1,0,0,0,0,1,,0,0,0,0,1,1,,1,1,1,0,0,0,0,1,,0,0,0,0,1,1,,1,0,0,,,,,0,,,,,,0,0,,0
"Product","/products/b37-14-8lb-suntan-silicone-torso-realistic-titfuck-to",1,1,0,0,0,0,1,,0,0,0,0,1,1,,1,1,1,0,0,0,0,1,,0,0,0,0,1,1,,1,0,0,,,,,0,,,,,,0,0,,0
"Product","/products/climax-doll-60cm-life-size-sex-doll-torso-t743",1,1,0,0,0,0,6,,0,0,0,204,6,0,,0,1,1,0,0,0,0,6,,0,0,0,204,6,0,,0,0,0,,,,,0,,,,,0,0,,,
"Product","/products/f2007-157cm5-1ft-28-6kg-b-cup-asian-shemale-sex-doll-with-slim-body-trans-woman-doll%E4%B8%A8wm-doll",1,1,0,0,0,0,7,,0,0,0,729,7,0,,0,1,1,0,0,0,0,7,,0,0,0,729,7,0,,0,0,0,,,,,0,,,,,0,0,,,
"Product","/products/t635",1,1,0,0,0,0,3,,0,0,0,19,3,0,,0,1,1,0,0,0,0,3,,0,0,0,19,3,0,,0,0,0,,,,,0,,,,,0,0,,,
"Product","/products/f5692-h-cup-silicone-super-fat-big-belly-bbw-sex-doll",1,1,0,0,0,0,1,,0,0,0,0,1,1,,1,1,1,0,0,0,0,1,,0,0,0,0,1,1,,1,0,0,,,,,0,,,,,,0,0,,0
"Product","/products/f2388-153cm-5ft-g-cup-huge-breast-realistic-tpe-sex-doll-sy-doll",1,1,0,0,0,0,2,,0,0,0,139,2,0,,0,1,1,0,0,0,0,2,,0,0,0,139,2,0,,0,0,0,,,,,0,,,,,0,0,,,
"Blog Article","/blogs/dolls-info-qustions/what-are-the-best-types-of-sex-doll-cleaning-products-to-use-in-2025",1,1,0,0,0,0,3,,0,0,0,54,3,0,,0,1,1,0,0,0,0,3,,0,0,0,54,3,0,,0,0,0,,,,,0,,,,,0,0,,,
"Product","/products/596black12-2lb-37cm-bbw-sex-doll-torso-sexy-big-tits-big-butt-sex-doll-torso",1,1,0,0,0,0,1,,0,0,0,0,1,1,,1,1,1,0,0,0,0,1,,0,0,0,0,1,1,,1,0,0,,,,,0,,,,,,0,0,,0
"Product","/products/f3761-161cm5ft4-e-cup-silicone-sexy-realistic-adult-women-sex-doll-se-doll",1,1,0,0,0,0,1,,0,0,0,0,1,1,,1,1,1,0,0,0,0,1,,0,0,0,0,1,1,,1,0,0,,,,,0,,,,,,0,0,,0
"Product","/products/f8135-167cm5ft6-35kg-e-cup-ab11-life-size-silicone-sex-doll-aibei-doll-luxe",1,1,0,0,0,0,6,,0,0,0,217,6,0,,0,1,1,0,0,0,0,6,,0,0,0,217,6,0,,0,0,0,,,,,0,,,,,0,0,,,
"Blog Article","/blogs/dolls-info-qustions/se-doll-new-oral-robot-sex-doll-realistic-oral-experience",1,1,0,0,0,0,1,,0,0,0,0,1,1,,1,1,1,0,0,0,0,1,,0,0,0,0,1,1,,1,0,0,,,,,0,,,,,,0,0,,0
"Collection","/collections/black-sex-doll-100-500",1,1,0,0,0,0,1,,0,0,0,0,1,1,,1,1,1,0,0,0,0,1,,0,0,0,0,1,1,,1,0,0,,,,,0,,,,,,0,0,,0
"Product","/products/f4246-150cm4-9ft-25kg-a-cup-anime-tpe-hentai-sex-doll%E4%B8%A8wm-doll",1,1,0,0,0,0,2,,0,0,0,30,2,0,,0,1,1,0,0,0,0,2,,0,0,0,30,2,0,,0,0,0,,,,,0,,,,,0,0,,,
"Product","/products/575big-ass-sex-doll-torso-with-3-functions-sucking-vibration-exhaust",1,1,0,0,0,0,1,,0,0,0,0,1,1,,1,1,1,0,0,0,0,1,,0,0,0,0,1,1,,1,0,0,,,,,0,,,,,,0,0,,0
,"/en-ca/blogs/featured-blog/first-time-buying-a-sex-doll-torso-should-you-choose-amazon-or-aliexpress",1,1,0,0,0,0,1,,0,0,0,0,1,1,,1,1,1,0,0,0,0,1,,0,0,0,0,1,1,,1,0,0,,,,,0,,,,,,0,0,,0
"Product","/products/7-7lb-big-boobs-and-big-butts-sex-doll-torso-sex-toy-for-man-508-sex-doll-torso",1,1,0,0,0,0,6,,0,0,0,315,6,0,,0,1,1,0,0,0,0,6,,0,0,0,315,6,0,,0,0,0,,,,,0,,,,,0,0,,,
"Collection","/collections/felexia-doll",1,1,0,0,0,0,1,,0,0,0,0,1,1,,1,1,1,0,0,0,0,1,,0,0,0,0,1,1,,1,0,0,,,,,0,,,,,,0,0,,0
,"/ja/search",1,1,0,0,0,0,1,,0,0,0,0,1,1,,1,1,1,0,0,0,0,1,,0,0,0,0,1,1,,1,0,0,,,,,0,,,,,,0,0,,0
,"/en-ca/pages/shemale-sex-doll-guide",1,1,0,0,0,0,1,,0,0,0,0,1,1,,1,1,1,0,0,0,0,1,,0,0,0,0,1,1,,1,0,0,,,,,0,,,,,,0,0,,0
"Blog Article","/blogs/sex-doll-torso-blog/4-best-sex-doll-torsos-for-titty-sex",1,1,0,0,0,0,5,,0,0,0,101,5,0,,0,1,1,0,0,0,0,5,,0,0,0,101,5,0,,0,0,0,,,,,0,,,,,0,0,,,
,"/de/collections/movie-music-celebrities",1,1,0,0,0,0,1,,0,0,0,0,1,1,,1,1,1,0,0,0,0,1,,0,0,0,0,1,1,,1,0,0,,,,,0,,,,,,0,0,,0
"Collection","/collections/rosertty-doll",1,1,0,0,0,0,2,,0,0,0,19,2,0,,0,1,1,0,0,0,0,2,,0,0,0,19,2,0,,0,0,0,,,,,0,,,,,0,0,,,
,"/en-fi/products/h02-irontech-doll-ros-customizable-silicone-sex-doll-head",1,1,0,0,0,0,1,,0,0,0,0,1,1,,1,1,1,0,0,0,0,1,,0,0,0,0,1,1,,1,0,0,,,,,0,,,,,,0,0,,0
"Product","/products/t455-18-3lb-silicone-big-boob-sex-doll-torso-lovenestle",1,1,0,0,0,0,1,,0,0,0,0,1,1,,1,1,1,0,0,0,0,1,,0,0,0,0,1,1,,1,0,0,,,,,0,,,,,,0,0,,0
,"/de/blogs/dolls-info-qustions/feel-love-now-enjoy-life-with-sex-dolls-in-3-ways",1,1,0,0,0,0,1,,0,0,0,0,1,1,,1,1,1,0,0,0,0,1,,0,0,0,0,1,1,,1,0,0,,,,,0,,,,,,0,0,,0
,"/en-ca/products/a353-7-7lb-silicone-meru-ass-torso-sex-doll-mrl",1,1,0,0,0,0,1,,0,0,0,0,1,1,,1,1,1,0,0,0,0,1,,0,0,0,0,1,1,,1,0,0,,,,,0,,,,,,0,0,,0
"Blog Article","/blogs/dolls-info-qustions/top-4-huge-breast-sex-dolls-for-2025",1,1,0,0,0,0,2,,0,0,0,293,2,0,,0,1,1,0,0,0,0,2,,0,0,0,293,2,0,,0,0,0,,,,,0,,,,,0,0,,,
"Blog Article","/blogs/dolls-info-qustions/7-advice-about-using-big-booty-sex-dolls",1,1,0,0,0,0,2,,0,0,0,48,2,0,,0,1,1,0,0,0,0,2,,0,0,0,48,2,0,,0,0,0,,,,,0,,,,,0,0,,,
"Product","/products/h060-sex-doll-head",1,1,0,0,0,0,20,,0,0,0,798,20,0,,0,1,1,0,0,0,0,20,,0,0,0,798,20,0,,0,0,0,,,,,0,,,,,0,0,,,
"Product","/products/f5143-163cm-d-cup-sexy-beach-beauty-ros-silicone-sex-doll-galatea-doll",1,1,0,0,0,0,1,,0,0,0,0,1,1,,1,1,1,0,0,0,0,1,,0,0,0,0,1,1,,1,0,0,,,,,0,,,,,,0,0,,0
"Checkout","/checkouts/cn/hWNCA6fcmmDx0xFm6yKfZrHU/en-us",1,1,0,1,0,0,1,0,0,1,0,0,1,0,,0,1,1,0,1,0,0,1,0,0,1,0,0,1,0,,0,0,0,,0,,,0,,,0,,,0,,,
,"/en-fi/pages/linkdolls-my-whatsapp",1,1,0,0,0,0,1,,0,0,0,0,1,1,,1,1,1,0,0,0,0,1,,0,0,0,0,1,1,,1,0,0,,,,,0,,,,,,0,0,,0
"Product","/products/f2169-157cm5-15ft-35kg-c-cup-meru-fantasy-alien-silicone-hentai-sex-doll%E4%B8%A8climax-doll-ultra",1,1,0,0,0,0,1,,0,0,0,0,1,1,,1,1,1,0,0,0,0,1,,0,0,0,0,1,1,,1,0,0,,,,,0,,,,,,0,0,,0
"Checkout","/checkouts/cn/hWNDiUCIiTnSBqRbE06tCdfk/en-us",1,1,0,1,0,0,1,0,0,1,0,0,1,0,,0,1,1,0,1,0,0,1,0,0,1,0,0,1,0,,0,0,0,,0,,,0,,,0,,,0,,,
"Product","/products/f4574-170cm-5ft7-38kg-2026-realistic-black-ebony-male-sex-doll-with-big-dick",1,1,0,0,0,0,1,,0,0,0,0,1,1,,1,1,1,0,0,0,0,1,,0,0,0,0,1,1,,1,0,0,,,,,0,,,,,,0,0,,0
"Blog Article","/blogs/dolls-info-qustions/how-to-clean-a-sex-doll-1",1,1,0,0,0,0,1,,0,0,0,0,1,1,,1,1,1,0,0,0,0,1,,0,0,0,0,1,1,,1,0,0,,,,,0,,,,,,0,0,,0
"Checkout","/60719464687/orders/ccb1d5204ba45d2fce779d742f0960c6",1,1,0,0,0,0,2,,0,0,0,16,2,0,,0,1,1,0,0,0,0,2,,0,0,0,16,2,0,,0,0,0,,,,,0,,,,,0,0,,,
,"/ja/blogs/real-sex-doll-reviews-pros-cons-real-usage-tests/are-aitia-1-1-real-person-replica-asian-sex-dolls-worth-buying-a-complete-review-of-6-celebrity-sex-dolls",1,1,0,0,0,0,1,,0,0,0,0,1,1,,1,1,1,0,0,0,0,1,,0,0,0,0,1,1,,1,0,0,,,,,0,,,,,,0,0,,0
"Collection","/collections/20s-sex-doll",1,1,0,0,0,0,1,,0,0,0,0,1,1,,1,1,1,0,0,0,0,1,,0,0,0,0,1,1,,1,0,0,,,,,0,,,,,,0,0,,0
"Product","/products/f2464-163cm5-3ft-40kg-c-cup-amani-dark-realistic-silicone-head-sex-doll-in-stock-us-sigafun-doll",1,1,0,0,0,0,12,,0,0,0,1031,12,0,,0,1,1,0,0,0,0,12,,0,0,0,1031,12,0,,0,0,0,,,,,0,,,,,0,0,,,
"Product","/products/p86-24-3lb-lucy-tan-fuckable-tits-breasts-ebony-bbw-sex-dolls-mrl",1,1,0,0,0,0,1,,0,0,0,0,1,1,,1,1,1,0,0,0,0,1,,0,0,0,0,1,1,,1,0,0,,,,,0,,,,,,0,0,,0
,"/de/blogs/real-sex-doll-reviews-pros-cons-real-usage-tests/best-budget-full-size-sex-dolls-in-2026-azm-ridmii-top-cy-sigafun-reviewed",1,1,0,0,0,0,1,,0,0,0,0,1,1,,1,1,1,0,0,0,0,1,,0,0,0,0,1,1,,1,0,0,,,,,0,,,,,,0,0,,0
,"/de/collections/loli-sex-dolls",1,1,0,0,0,0,2,,0,0,0,54,2,0,,0,1,1,0,0,0,0,2,,0,0,0,54,2,0,,0,0,0,,,,,0,,,,,0,0,,,
"Product","/products/irontech-doll-175cm-tpe-sex-doll-f1963k",1,1,0,0,0,0,7,,0,0,0,1329,7,0,,0,1,1,0,0,0,0,7,,0,0,0,1329,7,0,,0,0,0,,,,,0,,,,,0,0,,,
,"/en-ca/products/f7626-163cm5-3ft-e-cup-great-huge-butt-tpe-body-silicone-head-sex-doll-for-men%E4%B8%A8sy-doll",1,1,0,0,0,0,1,,0,0,0,0,1,1,,1,1,1,0,0,0,0,1,,0,0,0,0,1,1,,1,0,0,,,,,0,,,,,,0,0,,0
,"/en-ca/collections/zelex-doll",1,1,0,0,0,0,1,,0,0,0,0,1,1,,1,1,1,0,0,0,0,1,,0,0,0,0,1,1,,1,0,0,,,,,0,,,,,,0,0,,0
,"/en-ca/collections/bbw-milf-sex-doll",1,1,0,0,0,0,2,,0,0,0,16,2,0,,0,1,1,0,0,0,0,2,,0,0,0,16,2,0,,0,0,0,,,,,0,,,,,0,0,,,
"Product","/products/f2434-159cm5-2ft-39kg-d-cup-ai-chat-life-size-silicone-head-sex-doll-sigafun-doll",1,1,0,0,0,0,1,,0,0,0,0,1,1,,1,1,1,0,0,0,0,1,,0,0,0,0,1,1,,1,0,0,,,,,0,,,,,,0,0,,0
"Checkout","/checkouts/cn/hWNDdU9DFxOTZdYY7McjHuq8/en-us",1,1,0,1,0,0,3,0,0,1,0,20,3,0,,0,1,1,0,1,0,0,3,0,0,1,0,20,3,0,,0,0,0,,0,,,0,,,0,,0,0,,,
"Product","/products/506plus",1,1,0,0,0,0,48,,0,0,0,3793,48,0,,0,1,1,0,0,0,0,48,,0,0,0,3793,48,0,,0,0,0,,,,,0,,,,,0,0,,,
,"/en-fi/blogs/real-sex-doll-reviews-pros-cons-real-usage-tests/2026-meru-hentai-sex-doll-review-comprehensive-comparison-of-4-hot-models",1,1,0,0,0,0,1,,0,0,0,0,1,1,,1,1,1,0,0,0,0,1,,0,0,0,0,1,1,,1,0,0,,,,,0,,,,,,0,0,,0
"Collection","/collections/irontech-doll-factory-photos",1,1,0,0,0,0,11,,0,0,0,176,11,0,,0,1,1,0,0,0,0,11,,0,0,0,176,11,0,,0,0,0,,,,,0,,,,,0,0,,,
"Collection","/collections/150cm-159cm-4ft11-5ft2",1,1,0,0,0,0,1,,0,0,0,0,1,1,,1,1,1,0,0,0,0,1,,0,0,0,0,1,1,,1,0,0,,,,,0,,,,,,0,0,,0
"Collection","/collections/65cm-sex-doll",1,1,0,0,0,0,1,,0,0,0,0,1,1,,1,1,1,0,0,0,0,1,,0,0,0,0,1,1,,1,0,0,,,,,0,,,,,,0,0,,0
"Product","/products/f1467-155cm5ft-43kg-m-cup-real-woman-chubby-tpe-sex-doll-climax-doll",1,1,0,0,0,0,2,,0,0,0,3,2,0,,0,1,1,0,0,0,0,2,,0,0,0,3,2,0,,0,0,0,,,,,0,,,,,0,0,,,
"Product","/products/f2501-163cm5-3ft-29kg-e-cup-bella-ros-silicone-sex-doll-in-stock-usa-nianta-doll",1,1,0,0,0,0,2,,0,0,0,5,2,0,,0,1,1,0,0,0,0,2,,0,0,0,5,2,0,,0,0,0,,,,,0,,,,,0,0,,,
"Blog Article","/blogs/dolls-info-qustions/2025-five-stylish-and-charming-chinese-sex-doll",1,1,0,0,0,0,1,,0,0,0,0,1,1,,1,1,1,0,0,0,0,1,,0,0,0,0,1,1,,1,0,0,,,,,0,,,,,,0,0,,0
,"/de/collections/top-rated-japanese-sex-dolls-in-2026",1,1,0,0,0,0,2,,0,0,0,24,2,0,,0,1,1,0,0,0,0,2,,0,0,0,24,2,0,,0,0,0,,,,,0,,,,,0,0,,,
"Product","/products/f4598-155cm5ft1-35kg-busty-koharu-i-cup-s-tpe-animes-hentai-sex-doll-irokebijin-doll",1,1,0,0,0,0,2,,0,0,0,5,2,0,,0,1,1,0,0,0,0,2,,0,0,0,5,2,0,,0,0,0,,,,,0,,,,,0,0,,,
"Blog Article","/blogs/dolls-info-qustions/how-to-properly-use-chinese-sex-dolls-a-comprehensive-guide",1,1,0,0,0,0,1,,0,0,0,0,1,1,,1,1,1,0,0,0,0,1,,0,0,0,0,1,1,,1,0,0,,,,,0,,,,,,0,0,,0
"Product","/products/f5562-150cm-5ft-27-5kg-hentai-anime-silicone-sex-doll-elsa-babe",1,1,0,0,0,0,7,,0,0,0,354,7,0,,0,1,1,0,0,0,0,7,,0,0,0,354,7,0,,0,0,0,,,,,0,,,,,0,0,,,
"Product","/products/b440-12-43lb-silicone-realistic-jiggly-breast-sex-toy-anime-sex-toy-lovenestle",1,1,0,0,0,0,1,,0,0,0,0,1,1,,1,1,1,0,0,0,0,1,,0,0,0,0,1,1,,1,0,0,,,,,0,,,,,,0,0,,0
"Product","/products/h659-thick-big-lips-silicone-sex-doll-head-%E4%B8%A8doll-castle-head",1,1,0,0,0,0,1,,0,0,0,0,1,1,,1,1,1,0,0,0,0,1,,0,0,0,0,1,1,,1,0,0,,,,,0,,,,,,0,0,,0
"Product","/products/f1730-150cm-4ft9-mai-k-cup-full-silicone-sex-doll-piper-doll",1,1,0,0,0,0,1,,0,0,0,0,1,1,,1,1,1,0,0,0,0,1,,0,0,0,0,1,1,,1,0,0,,,,,0,,,,,,0,0,,0
"Product","/products/f5307-life-size-silicone-sex-doll-md-doll",1,1,0,0,0,0,1,,0,0,0,0,1,1,,1,1,1,0,0,0,0,1,,0,0,0,0,1,1,,1,0,0,,,,,0,,,,,,0,0,,0
"Product","/products/h228-ros-silicone-sex-doll-head%E4%B8%A8wm-doll-head",1,1,0,0,0,0,1,,0,0,0,0,1,1,,1,1,1,0,0,0,0,1,,0,0,0,0,1,1,,1,0,0,,,,,0,,,,,,0,0,,0
"Product","/products/yeloly-ssbbw-silicone-torso-75cm-t778",1,1,0,0,0,0,2,,0,0,0,1268,2,0,,0,1,1,0,0,0,0,2,,0,0,0,1268,2,0,,0,0,0,,,,,0,,,,,0,0,,,
"Blog Article","/blogs/sex-doll-torso-blog/how-to-care-for-your-torso-doll-a-comprehensive-guide-from-tpe-to-silicone",1,1,0,0,0,0,1,,0,0,0,0,1,1,,1,1,1,0,0,0,0,1,,0,0,0,0,1,1,,1,0,0,,,,,0,,,,,,0,0,,0
"Blog Article","/blogs/dolls-info-qustions/celebrity-sex-dolls-revealed-from-screen-to-reality",1,1,0,0,0,0,1,,0,0,0,0,1,1,,1,1,1,0,0,0,0,1,,0,0,0,0,1,1,,1,0,0,,,,,0,,,,,,0,0,,0
"Product","/products/a315-big-ass-sex-doll-male-sex-doll-torso-sineem",1,1,0,0,0,0,8,,0,0,0,582,8,0,,0,1,1,0,0,0,0,8,,0,0,0,582,8,0,,0,0,0,,,,,0,,,,,0,0,,,
"Blog Article","/blogs/dolls-info-qustions/5-unexpected-reasons-you-must-try-shemale-sex-dolls-at-least-once",1,1,0,0,0,0,1,,0,0,0,0,1,1,,1,1,1,0,0,0,0,1,,0,0,0,0,1,1,,1,0,0,,,,,0,,,,,,0,0,,0
"Blog Article","/blogs/dolls-info-qustions/anal-pleasure-with-big-booty-sex-doll",1,1,0,0,0,0,2,,0,0,0,5,2,0,,0,1,1,0,0,0,0,2,,0,0,0,5,2,0,,0,0,0,,,,,0,,,,,0,0,,,
"Product","/products/b42-7-7lbs-silicone-breast-vagina-sex-toy",1,1,0,0,0,0,1,,0,0,0,0,1,1,,1,1,1,0,0,0,0,1,,0,0,0,0,1,1,,1,0,0,,,,,0,,,,,,0,0,,0
"Product","/products/f9203-165cm5ft4-32kg-f-cup-sleeping-fully-articulated-skeleton-silicone-gel-breast-most-realistic-sex-doll%E4%B8%A8doll-senior",1,1,0,0,0,0,1,,0,0,0,0,1,1,,1,1,1,0,0,0,0,1,,0,0,0,0,1,1,,1,0,0,,,,,0,,,,,,0,0,,0
"Product","/products/h877-silicone-sex-doll-head-elsa-babe-head",1,1,0,0,0,0,2,,0,0,0,37,2,0,,0,1,1,0,0,0,0,2,,0,0,0,37,2,0,,0,0,0,,,,,0,,,,,0,0,,,
"Product","/products/f7150-163cm5-4ft-35kg-2-1-b-cup-asian-real-tpe-body-silicon-head-flat-chest-chinese-sex-doll-bezlya-doll",1,1,0,0,0,0,4,,0,0,0,603,4,0,,0,1,1,0,0,0,0,4,,0,0,0,603,4,0,,0,0,0,,,,,0,,,,,0,0,,,
"Product","/products/h705-ros-silicone-sex-doll-head-in-stock-usa-zelex-doll-head",1,1,1,0,0,0,1,,1,0,0,592,1,0,,0,1,1,1,0,0,0,1,,1,0,0,592,1,0,,0,0,0,0,,,,0,,0,,,0,0,,,
,"/en-ca/collections/8-9in-male-sex-doll",1,1,0,0,0,0,1,,0,0,0,0,1,1,,1,1,1,0,0,0,0,1,,0,0,0,0,1,1,,1,0,0,,,,,0,,,,,,0,0,,0
,"/en-ca/blogs/dolls-info-qustions/se-doll-sex-bot-series-feature-comparison-waist-rotation-vs-hip-thrusting-vs-head-nodding",1,1,0,0,0,0,1,,0,0,0,0,1,1,,1,1,1,0,0,0,0,1,,0,0,0,0,1,1,,1,0,0,,,,,0,,,,,,0,0,,0
"Product","/products/f1299-168cm-b-cup-eva-sex-doll-irontech-doll",1,1,0,0,0,0,1,,0,0,0,0,1,1,,1,1,1,0,0,0,0,1,,0,0,0,0,1,1,,1,0,0,,,,,0,,,,,,0,0,,0
"Collection","/collections/top-cydoll-in-stock-usa",1,1,0,0,0,0,1,,0,0,0,0,1,1,,1,1,1,0,0,0,0,1,,0,0,0,0,1,1,,1,0,0,,,,,0,,,,,,0,0,,0
"Product","/products/f159-156cm-tpe-sex-doll",1,1,0,0,0,0,1,,0,0,0,0,1,1,,1,1,1,0,0,0,0,1,,0,0,0,0,1,1,,1,0,0,,,,,0,,,,,,0,0,,0
"Collection","/collections/sexy-celebrity-sexy-doll",1,1,0,0,0,0,14,,0,0,0,416,14,0,,0,1,1,0,0,0,0,14,,0,0,0,416,14,0,,0,0,0,,,,,0,,,,,0,0,,,
,"/en-ca/products/t942-8-4lb-7-9inch-huge-penis-dildo-femboy-tpe-cheap-male-sex-doll-torso-qita-doll",1,1,0,0,0,0,4,,0,0,0,21,4,0,,0,1,1,0,0,0,0,4,,0,0,0,21,4,0,,0,0,0,,,,,0,,,,,0,0,,,
"Product","/products/f7600-166cm5-4ft-33kg-c-cup-silicone-head-sex-doll%E4%B8%A8sy-doll",1,1,0,0,0,0,33,,0,0,0,2501,33,0,,0,1,1,0,0,0,0,33,,0,0,0,2501,33,0,,0,0,0,,,,,0,,,,,0,0,,,
"Product","/products/t686k-73-8lb-hazel-torso-with-head-sex-doll-silicone-head-torso-pro",1,1,0,0,0,0,1,,0,0,0,0,1,1,,1,1,1,0,0,0,0,1,,0,0,0,0,1,1,,1,0,0,,,,,0,,,,,,0,0,,0
"Blog Article","/blogs/dolls-info-qustions/oral-sex-cleaning-maintaining-the-cleanliness-of-your-sex-doll-s-oral-cavity",1,1,0,0,0,0,1,,0,0,0,0,1,1,,1,1,1,0,0,0,0,1,,0,0,0,0,1,1,,1,0,0,,,,,0,,,,,,0,0,,0
"Product","/products/h612-silicone-sex-doll-head-elsa-babe-head",1,1,0,0,0,0,4,,0,0,0,1427,4,0,,0,1,1,0,0,0,0,4,,0,0,0,1427,4,0,,0,0,0,,,,,0,,,,,0,0,,,
"Product","/products/f1215-153cm-f-cup-misa-big-boobs-doll-irontech-doll",1,1,0,0,0,0,1,,0,0,0,0,1,1,,1,1,1,0,0,0,0,1,,0,0,0,0,1,1,,1,0,0,,,,,0,,,,,,0,0,,0
"Product","/products/real-lady-silicone-ros-159cm-f754",1,1,0,0,0,0,34,,0,0,0,1175,34,0,,0,1,1,0,0,0,0,34,,0,0,0,1175,34,0,,0,0,0,,,,,0,,,,,0,0,,,
"Blog Article","/blogs/sex-doll-torso-blog/most-comprehensive-guideline-of-best-sex-dolls-sex-doll-torsos",1,1,0,0,0,0,1,,0,0,0,0,1,1,,1,1,1,0,0,0,0,1,,0,0,0,0,1,1,,1,0,0,,,,,0,,,,,,0,0,,0
"Product","/products/f9382-aitia-155cm-silicone-head-mature-life-like-sex-doll",1,1,0,0,0,0,1,,0,0,0,0,1,1,,1,1,1,0,0,0,0,1,,0,0,0,0,1,1,,1,0,0,,,,,0,,,,,,0,0,,0
"Collection","/collections/best-sell-torso-doll-2023",1,1,0,0,0,0,1,,0,0,0,0,1,1,,1,1,1,0,0,0,0,1,,0,0,0,0,1,1,,1,0,0,,,,,0,,,,,,0,0,,0
,"/en-ca/products/f7111-161cm5-28ft-32-8kg-2-1-i-cup-silicone-head-adult-asian-se",1,1,0,0,0,0,1,,0,0,0,0,1,1,,1,1,1,0,0,0,0,1,,0,0,0,0,1,1,,1,0,0,,,,,0,,,,,,0,0,,0
"Product","/products/f8229-168cm5-5ft-34kg-b-cup-silicone-full-size-sex-doll-azm-doll",1,1,0,0,0,0,1,,0,0,0,0,1,1,,1,1,1,0,0,0,0,1,,0,0,0,0,1,1,,1,0,0,,,,,0,,,,,,0,0,,0
,"/de/pages/all-category",1,1,0,0,0,0,7,,0,0,0,854,7,0,,0,1,1,0,0,0,0,7,,0,0,0,854,7,0,,0,0,0,,,,,0,,,,,0,0,,,
"Product","/products/p387-mrl-snake-girl-cartoon-hentai-figure-best-pocket-pussy-small-sex-doll-silicone-19-62lb",1,1,0,0,0,0,4,,0,0,0,52,4,0,,0,1,1,0,0,0,0,4,,0,0,0,52,4,0,,0,0,0,,,,,0,,,,,0,0,,,
"Product","/products/f9180-165cm5ft4-35kg-b-cup-silicone-halloween-flat-chest-sex-doll-vigina%E4%B8%A8doll-senior",1,1,0,0,0,0,1,,0,0,0,0,1,1,,1,1,1,0,0,0,0,1,,0,0,0,0,1,1,,1,0,0,,,,,0,,,,,,0,0,,0
"Checkout","/60719464687/orders/c96288bdb66d18d5465f3cd9248e2458",1,1,0,0,0,0,1,,0,0,0,0,1,1,,1,1,1,0,0,0,0,1,,0,0,0,0,1,1,,1,0,0,,,,,0,,,,,,0,0,,0
"Product","/products/p392-1-3lb-cteno-monster-girl-hentai-onahole-mrl",1,1,0,0,0,0,1,,0,0,0,0,1,1,,1,1,1,0,0,0,0,1,,0,0,0,0,1,1,,1,0,0,,,,,0,,,,,,0,0,,0
,"/en-fi/blogs/dolls-info-qustions/revealing-two-experiences-of-being-scammed-when-buying-sex-doll",1,1,0,0,0,0,1,,0,0,0,0,1,1,,1,1,1,0,0,0,0,1,,0,0,0,0,1,1,,1,0,0,,,,,0,,,,,,0,0,,0
"Collection","/collections/big-ass-sex-doll-cheap",1,1,0,0,0,0,2,,0,0,0,143,2,0,,0,1,1,0,0,0,0,2,,0,0,0,143,2,0,,0,0,0,,,,,0,,,,,0,0,,,
,"/de/blogs/dolls-info-qustions/your-first-sex-doll-the-ultimate-beginner-s-guide-to-using-her-right",1,1,0,0,0,0,1,,0,0,0,0,1,1,,1,1,1,0,0,0,0,1,,0,0,0,0,1,1,,1,0,0,,,,,0,,,,,,0,0,,0
"Product","/products/f4740-153cm31kg-b-cup-silicone-head-movable-jaw-sle-body-realistic-silicone-sex-dolls-for-men-in-stock-usa-canada-zelex-doll",1,1,0,0,0,0,1,,0,0,0,0,1,1,,1,1,1,0,0,0,0,1,,0,0,0,0,1,1,,1,0,0,,,,,0,,,,,,0,0,,0
,"/en-ca/collections/big-ass-sex-doll-500-999",1,1,0,0,0,0,1,,0,0,0,0,1,1,,1,1,1,0,0,0,0,1,,0,0,0,0,1,1,,1,0,0,,,,,0,,,,,,0,0,,0
,"/en-fi/products/h672-silicone-sex-doll-head%E4%B8%A8irontech-doll-head",1,1,0,0,0,0,1,,0,0,0,0,1,1,,1,1,1,0,0,0,0,1,,0,0,0,0,1,1,,1,0,0,,,,,0,,,,,,0,0,,0
"Collection","/collections/fake-ass-over-899",1,1,0,0,0,0,8,,0,0,0,275,8,0,,0,1,1,0,0,0,0,8,,0,0,0,275,8,0,,0,0,0,,,,,0,,,,,0,0,,,
"Blog Article","/blogs/dolls-info-qustions/dress-up-your-male-sex-doll",1,1,0,0,0,0,1,,0,0,0,0,1,1,,1,1,1,0,0,0,0,1,,0,0,0,0,1,1,,1,0,0,,,,,0,,,,,,0,0,,0
"Product","/products/f9327-165cm-5ft5-33-3kg-d-cup-silicone-luxury-sex-dolls-zelex-sle-zelex-doll",1,1,0,0,0,0,1,,0,0,0,0,1,1,,1,1,1,0,0,0,0,1,,0,0,0,0,1,1,,1,0,0,,,,,0,,,,,,0,0,,0
"Product","/products/f9155-160cm-5ft2-31kg-e-cup-premium-ros-silicone-soft-and-realistic-love-doll-light-weight-jiusheng-doll",1,1,0,0,0,0,6,,0,0,0,5,6,0,,0,1,1,0,0,0,0,6,,0,0,0,5,6,0,,0,0,0,,,,,0,,,,,0,0,,,
,"/en-ca/products/f6136-169cm-5ft5-50kg-e-cup-big-breasts-silicone-head-tpe-body-life-size-bbw-sex-doll-with-red-hair-rosretty-doll",1,1,0,0,0,0,2,,0,0,0,17,2,0,,0,1,1,0,0,0,0,2,,0,0,0,17,2,0,,0,0,0,,,,,0,,,,,0,0,,,
"Product","/products/6ye-165cm-black-tpe-sex-doll-f5536",1,1,0,0,0,0,1,,0,0,0,0,1,1,,1,1,1,0,0,0,0,1,,0,0,0,0,1,1,,1,0,0,,,,,0,,,,,,0,0,,0
,"/en-fi/collections/starpery-doll-videos",1,1,0,0,0,0,1,,0,0,0,0,1,1,,1,1,1,0,0,0,0,1,,0,0,0,0,1,1,,1,0,0,,,,,0,,,,,,0,0,,0
"Collection","/collections/over-9in-male-sex-doll",1,1,0,0,0,0,4,,0,0,0,335,4,0,,0,1,1,0,0,0,0,4,,0,0,0,335,4,0,,0,0,0,,,,,0,,,,,0,0,,,
"Product","/products/f845-167cm-katherine-e-cup-tpeblonde-realness-celebrity-curves-big-boobs-sex-doll-se-doll",1,1,0,0,0,0,10,,0,0,0,264,10,0,,0,1,1,0,0,0,0,10,,0,0,0,264,10,0,,0,0,0,,,,,0,,,,,0,0,,,
"Collection","/collections/top-fire-doll-factory-photos",1,1,0,0,0,0,50,,0,0,0,1918,50,0,,0,1,1,0,0,0,0,50,,0,0,0,1918,50,0,,0,0,0,,,,,0,,,,,0,0,,,
,"/de/collections/ridmii-factory-photos",1,1,0,0,0,0,8,,0,0,0,158,8,0,,0,1,1,0,0,0,0,8,,0,0,0,158,8,0,,0,0,0,,,,,0,,,,,0,0,,,
,"/ja/blogs/dolls-info-qustions/how-to-make-a-fake-ass-sex-toy",1,1,0,0,0,0,1,,0,0,0,0,1,1,,1,1,1,0,0,0,0,1,,0,0,0,0,1,1,,1,0,0,,,,,0,,,,,,0,0,,0
"Blog Article","/blogs/complete-sex-doll-guide-for-beginners/where-can-i-buy-a-sex-doll-safe-and-reliable-options",1,1,0,0,0,0,1,,0,0,0,0,1,1,,1,1,1,0,0,0,0,1,,0,0,0,0,1,1,,1,0,0,,,,,0,,,,,,0,0,,0
"Collection","/collections/same-style-ass-collection",1,1,0,0,0,0,1,,0,0,0,0,1,1,,1,1,1,0,0,0,0,1,,0,0,0,0,1,1,,1,0,0,,,,,0,,,,,,0,0,,0
,"/en-ca/blogs/dolls-info-qustions/discover-the-secrets-of-the-vagina",1,1,0,0,0,0,1,,0,0,0,0,1,1,,1,1,1,0,0,0,0,1,,0,0,0,0,1,1,,1,0,0,,,,,0,,,,,,0,0,,0
"Collection","/collections/galaxy",1,1,0,0,0,0,2,,0,0,0,38,2,0,,0,1,1,0,0,0,0,2,,0,0,0,38,2,0,,0,0,0,,,,,0,,,,,0,0,,,
"Blog Article","/blogs/dolls-info-qustions/the-perfect-quality-of-sex-dolls-what-you-should-know",1,1,0,0,0,0,1,,0,0,0,0,1,1,,1,1,1,0,0,0,0,1,,0,0,0,0,1,1,,1,0,0,,,,,0,,,,,,0,0,,0
"Product","/products/f2594-170cm-d-cup-silicone-real-lady-sex-doll",1,1,0,0,0,0,4,,0,0,0,18,4,0,,0,1,1,0,0,0,0,4,,0,0,0,18,4,0,,0,0,0,,,,,0,,,,,0,0,,,
"Product","/products/f699-170cm-silicone-love-doll-zelex-doll",1,1,0,0,0,0,65,,0,0,0,2864,65,0,,0,1,1,0,0,0,0,65,,0,0,0,2864,65,0,,0,0,0,,,,,0,,,,,0,0,,,
,"/en-fi/collections/sex-doll-videos",1,1,0,0,0,0,1,,0,0,0,0,1,1,,1,1,1,0,0,0,0,1,,0,0,0,0,1,1,,1,0,0,,,,,0,,,,,,0,0,,0
"Product","/products/593-49lb-80cm-the-realistic-flat-chested-sex-doll-torso-delicate-skin-graceful-figure",1,1,0,0,0,0,1,,0,0,0,0,1,1,,1,1,1,0,0,0,0,1,,0,0,0,0,1,1,,1,0,0,,,,,0,,,,,,0,0,,0
"Product","/collections/sex-doll-torso/products/588-16-09lbsex-doll-torso-with-fully-automatic-cleaning-sucking-and-vibration-pussy",1,1,0,0,0,0,8,,0,0,0,65,8,0,,0,1,1,0,0,0,0,8,,0,0,0,65,8,0,,0,0,0,,,,,0,,,,,0,0,,,
"Collection","/collections/se-doll",1,1,0,0,0,0,6,,0,0,0,76,6,0,,0,1,1,0,0,0,0,6,,0,0,0,76,6,0,,0,0,0,,,,,0,,,,,0,0,,,
"Collection","/collections/best-sell-doll",1,1,0,0,0,0,4,,0,0,0,164,4,0,,0,1,1,0,0,0,0,4,,0,0,0,164,4,0,,0,0,0,,,,,0,,,,,0,0,,,
,"/ja/blogs/dolls-info-qustions/why-do-female-characters-in-anime-often-have-exaggeratedly-large-breasts",1,1,0,0,0,0,1,,0,0,0,0,1,1,,1,1,1,0,0,0,0,1,,0,0,0,0,1,1,,1,0,0,,,,,0,,,,,,0,0,,0
,"/en-fi/blogs/dolls-info-qustions/threesome-with-sex-doll",1,1,0,0,0,0,1,,0,0,0,0,1,1,,1,1,1,0,0,0,0,1,,0,0,0,0,1,1,,1,0,0,,,,,0,,,,,,0,0,,0
,"/en-ca/pages/full-doll",1,1,0,0,0,0,1,,0,0,0,0,1,1,,1,1,1,0,0,0,0,1,,0,0,0,0,1,1,,1,0,0,,,,,0,,,,,,0,0,,0
,"/en-ca/blogs/dolls-info-qustions/2025-first-look-the-scream-worthy-new-models-of-alien-sex-dolls",1,1,0,0,0,0,1,,0,0,0,0,1,1,,1,1,1,0,0,0,0,1,,0,0,0,0,1,1,,1,0,0,,,,,0,,,,,,0,0,,0
"Product","/products/f1860k-164cm5ft4-g-cup-dark-most-popular-sex-doll-irontech-doll",1,1,0,0,0,0,1,,0,0,0,0,1,1,,1,1,1,0,0,0,0,1,,0,0,0,0,1,1,,1,0,0,,,,,0,,,,,,0,0,,0
,"/en-fi/blogs/dolls-info-qustions/traveling-with-adult-toys-packing-tips-security-check-survival-guide",1,1,0,0,0,0,1,,0,0,0,0,1,1,,1,1,1,0,0,0,0,1,,0,0,0,0,1,1,,1,0,0,,,,,0,,,,,,0,0,,0
,"/en-ca/blogs/dolls-info-qustions/2025-top-5-big-booty-sex-doll-torsos-that-will-rock-your-world",1,1,0,0,0,0,1,,0,0,0,0,1,1,,1,1,1,0,0,0,0,1,,0,0,0,0,1,1,,1,0,0,,,,,0,,,,,,0,0,,0
"Blog Article","/blogs/featured-blog/introducing-sedoll-s-ultra-flex-fingers",1,1,0,0,0,0,1,,0,0,0,0,1,1,,1,1,1,0,0,0,0,1,,0,0,0,0,1,1,,1,0,0,,,,,0,,,,,,0,0,,0
"Product","/products/f9237-163cm5ft3-33kg-e-cup-life-size-silicone-sex-doll-lightweight-wm-doll",1,1,0,0,0,0,1,,0,0,0,0,1,1,,1,1,1,0,0,0,0,1,,0,0,0,0,1,1,,1,0,0,,,,,0,,,,,,0,0,,0
,"/en-fi/pages/sex-doll-gif",1,1,0,0,0,0,2,,0,0,0,7,2,0,,0,1,1,0,0,0,0,2,,0,0,0,7,2,0,,0,0,0,,,,,0,,,,,0,0,,,
"Product","/products/f3041-168cm-c-cup-silicone-head-with-tpe-body-jiusheng-doll-%E5%A4%8D%E5%88%B6",1,1,0,0,0,0,1,,0,0,0,0,1,1,,1,1,1,0,0,0,0,1,,0,0,0,0,1,1,,1,0,0,,,,,0,,,,,,0,0,,0
"Product","/products/p36-realistic-masturbator",1,1,0,0,0,0,1,,0,0,0,0,1,1,,1,1,1,0,0,0,0,1,,0,0,0,0,1,1,,1,0,0,,,,,0,,,,,,0,0,,0
"Product","/products/yeloly-ssbbw-silicone-torso-75cm-t778k",1,1,0,0,0,0,1,,0,0,0,0,1,1,,1,1,1,0,0,0,0,1,,0,0,0,0,1,1,,1,0,0,,,,,0,,,,,,0,0,,0
"Product","/products/f9249-165cm5ft4-32kg-f-cup-sleeping-beauty-silicone-gel-breast-full-sized-sex-doll%E4%B8%A8doll-senior",1,1,0,0,0,0,1,,0,0,0,0,1,1,,1,1,1,0,0,0,0,1,,0,0,0,0,1,1,,1,0,0,,,,,0,,,,,,0,0,,0
,"/de/collections/sex-doll-torso",1,1,0,0,0,0,1,,0,0,0,0,1,1,,1,1,1,0,0,0,0,1,,0,0,0,0,1,1,,1,0,0,,,,,0,,,,,,0,0,,0
,"/en-ca/collections/arab-sex-doll-experience-the-exotic-allure",1,1,0,0,0,0,2,,0,0,0,9,2,0,,0,1,1,0,0,0,0,2,,0,0,0,9,2,0,,0,0,0,,,,,0,,,,,0,0,,,
,"/en-ca/collections/cartoon-sex-doll",1,1,0,0,0,0,1,,0,0,0,0,1,1,,1,1,1,0,0,0,0,1,,0,0,0,0,1,1,,1,0,0,,,,,0,,,,,,0,0,,0
"Product","/products/v27-4-41-lbs-left-silicone-customizable-realistic-footjob-sex-toys-with-vajankle-size-eu-42-us-9-5",1,1,0,0,0,0,9,,0,0,0,1059,9,0,,0,1,1,0,0,0,0,9,,0,0,0,1059,9,0,,0,0,0,,,,,0,,,,,0,0,,,
"Product","/products/f5003-160cm-5ft3-d-cup-umi-asian-silicone-sex-doll-jx-doll",1,1,0,0,0,0,1,,0,0,0,0,1,1,,1,1,1,0,0,0,0,1,,0,0,0,0,1,1,,1,0,0,,,,,0,,,,,,0,0,,0
"Product","/products/f6280-160cm-5ft3-34kg-e-cup-silicone-closed-eyes-sex-doll-with-large-breasts-firefly-diary-max",1,1,0,0,0,0,1,,0,0,0,0,1,1,,1,1,1,0,0,0,0,1,,0,0,0,0,1,1,,1,0,0,,,,,0,,,,,,0,0,,0
,"/en-ca/products/562-fat-ass-torso-doll-silicone-ass",1,1,1,1,0,0,5,0,1,1,0,502,5,0,0,0,1,1,1,1,0,0,5,0,1,1,0,502,5,0,0,0,0,0,0,0,,,0,,0,0,,0,0,,,
"Product","/products/p124-pussy-masturbator-skin-like-silicone-doll-sex",1,1,0,0,0,0,1,,0,0,0,0,1,1,,1,1,1,0,0,0,0,1,,0,0,0,0,1,1,,1,0,0,,,,,0,,,,,,0,0,,0
"Collection","/collections/not-ye-doll",1,1,0,0,0,0,1,,0,0,0,0,1,1,,1,1,1,0,0,0,0,1,,0,0,0,0,1,1,,1,0,0,,,,,0,,,,,,0,0,,0
,"/en-ca/blogs/dolls-info-qustions/how-to-install-a-removable-vaginal-insert-into-a-sex-doll",1,1,0,0,0,0,1,,0,0,0,0,1,1,,1,1,1,0,0,0,0,1,,0,0,0,0,1,1,,1,0,0,,,,,0,,,,,,0,0,,0
"Blog Article","/blogs/dolls-info-qustions/why-the-irontech-165t-s20-is-dominating-the-market-and-becoming-a-global-best-seller",1,1,0,0,0,0,2,,0,0,0,9,2,0,,0,1,1,0,0,0,0,2,,0,0,0,9,2,0,,0,0,0,,,,,0,,,,,0,0,,,
"Product","/products/h422-ros-free-hair-impants-real-oral-movable-jaw-silicone-sex-doll-head-sy-doll",1,1,0,0,0,0,1,,0,0,0,0,1,1,,1,1,1,0,0,0,0,1,,0,0,0,0,1,1,,1,0,0,,,,,0,,,,,,0,0,,0
"Checkout","/checkouts/cn/hWNDrZwugENDwmPOIyL4CX11/en-it",1,1,0,1,0,0,1,0,0,1,0,0,1,0,,0,1,1,0,1,0,0,1,0,0,1,0,0,1,0,,0,0,0,,0,,,0,,,0,,,0,,,
,"/en-fi/products/f2530-165cm-35kg-f-cup-mia-life-size-silicone-sex-doll-felexia-doll",1,1,0,0,0,0,1,,0,0,0,1,1,1,,1,1,1,0,0,0,0,1,,0,0,0,1,1,1,,1,0,0,,,,,0,,,,,0,0,0,,0
,"/en-ca/blogs/dolls-info-qustions/the-5-most-popular-black-sex-doll-brands-of-2025",1,1,0,0,0,0,1,,0,0,0,0,1,1,,1,1,1,0,0,0,0,1,,0,0,0,0,1,1,,1,0,0,,,,,0,,,,,,0,0,,0
"Product","/products/f3524-163cm5-4ft-51kg-h-cup-bbw-tpe-sex-doll%E4%B8%A8wm-doll",1,1,0,0,0,0,1,,0,0,0,0,1,1,,1,1,1,0,0,0,0,1,,0,0,0,0,1,1,,1,0,0,,,,,0,,,,,,0,0,,0
"Product","/products/f2233-150cm-4ft9-a-cup-realistic-tpe-sex-doll-sy-doll",1,1,0,0,0,0,1,,0,0,0,0,1,1,,1,1,1,0,0,0,0,1,,0,0,0,0,1,1,,1,0,0,,,,,0,,,,,,0,0,,0
"Product","/products/f2195-157cm5-2ft-g-cup-tpe-japanese-sun-kissed-beauty-young-sex-doll-amy-fun-west-doll",1,1,0,0,0,0,6,,0,0,0,250,6,0,,0,1,1,0,0,0,0,6,,0,0,0,250,6,0,,0,0,0,,,,,0,,,,,0,0,,,
,"/en-ca/products/h857-silicone-sex-doll-head-elsa-babe-head",1,1,0,0,0,0,1,,0,0,0,0,1,1,,1,1,1,0,0,0,0,1,,0,0,0,0,1,1,,1,0,0,,,,,0,,,,,,0,0,,0
"Collection","/collections/anime-sex-doll-under-200",1,1,0,0,0,0,1,,0,0,0,0,1,1,,1,1,1,0,0,0,0,1,,0,0,0,0,1,1,,1,0,0,,,,,0,,,,,,0,0,,0
"Product","/products/t347-24-46lb-huge-breast-shemale-bbw-sex-doll-torso-mrl",1,1,0,0,0,0,1,,0,0,0,0,1,1,,1,1,1,0,0,0,0,1,,0,0,0,0,1,1,,1,0,0,,,,,0,,,,,,0,0,,0
"Product","/products/f2315-161cm-5ft3-h-cup-bbw-ursula-ros-head-full-silicone-sex-doll-starpery-doll",1,1,0,0,0,0,1,,0,0,0,0,1,1,,1,1,1,0,0,0,0,1,,0,0,0,0,1,1,,1,0,0,,,,,0,,,,,,0,0,,0
"Product","/products/f3000-157cm5ft1-32kg-d-cup-medium-breast-tpe-18s-sex-doll-in-stock-usa-aibei-doll",1,1,0,0,0,0,1,,0,0,0,0,1,1,,1,1,1,0,0,0,0,1,,0,0,0,0,1,1,,1,0,0,,,,,0,,,,,,0,0,,0
"Blog Article","/blogs/dolls-info-qustions/makeup-for-hentai-sex-doll-create-your-own-anime-goddess",1,1,0,0,0,0,1,,0,0,0,0,1,1,,1,1,1,0,0,0,0,1,,0,0,0,0,1,1,,1,0,0,,,,,0,,,,,,0,0,,0
"Blog Article","/blogs/dolls-info-qustions/acne-cream-that-also-cures-stains-refresh-your-british-sex-doll-with-benzoyl-peroxide",1,1,0,0,0,0,1,,0,0,0,0,1,1,,1,1,1,0,0,0,0,1,,0,0,0,0,1,1,,1,0,0,,,,,0,,,,,,0,0,,0
"Blog Article","/blogs/dolls-info-qustions/why-choose-a-flat-chest-sex-doll-a-comparison-with-bbw-sex-dolls",1,1,0,0,0,0,1,,0,0,0,0,1,1,,1,1,1,0,0,0,0,1,,0,0,0,0,1,1,,1,0,0,,,,,0,,,,,,0,0,,0
"Product","/products/f7115-155cm5-12ft-34-5kg-2-1-i-cup-robot-silicone-head-adult-asian-sex-doll-bezlya-doll",1,1,0,0,0,0,11,,0,0,0,1409,11,0,,0,1,1,0,0,0,0,11,,0,0,0,1409,11,0,,0,0,0,,,,,0,,,,,0,0,,,
,"/en-ca/products/t403-black9-92lb-mini-gyatt-bbw-thick-sex-doll-torso-big-round-ass",1,1,1,0,0,0,11,,1,0,0,3302,11,0,,0,1,1,1,0,0,0,11,,1,0,0,3302,11,0,,0,0,0,0,,,,0,,0,,,0,0,,,
"Product","/products/climax-doll-lightweight-torso-head-100cm-t736",1,1,0,0,0,0,1,,0,0,0,0,1,1,,1,1,1,0,0,0,0,1,,0,0,0,0,1,1,,1,0,0,,,,,0,,,,,,0,0,,0
"Product","/products/f5479-164cm-5ft4-36kg-usa-stock-d-cup-tpe-silicone-sex-doll-sy-doll",1,1,0,0,0,0,1,,0,0,0,0,1,1,,1,1,1,0,0,0,0,1,,0,0,0,0,1,1,,1,0,0,,,,,0,,,,,,0,0,,0
"Product","/products/f4924-150cm4ft9-26-2kg-a-cup-small-breast-tpe-sex-doll-aibei-doll",1,1,0,0,0,0,1,,0,0,0,0,1,1,,1,1,1,0,0,0,0,1,,0,0,0,0,1,1,,1,0,0,,,,,0,,,,,,0,0,,0
"Product","/products/t666-39-7lbs-luxury-super-realistic-human-size-silicone-torso-sex-doll",1,1,0,0,0,0,1,,0,0,0,0,1,1,,1,1,1,0,0,0,0,1,,0,0,0,0,1,1,,1,0,0,,,,,0,,,,,,0,0,,0
,"/ja/blogs/dolls-info-qustions/what-are-the-sex-positions-with-my-arab-sex-doll",1,1,0,0,0,0,1,,0,0,0,0,1,1,,1,1,1,0,0,0,0,1,,0,0,0,0,1,1,,1,0,0,,,,,0,,,,,,0,0,,0
"Blog Article","/blogs/dolls-info-qustions/improved-missionary-position-with-fit-sex-doll-enhanced-sex-swing-experience",1,1,0,0,0,0,1,,0,0,0,0,1,1,,1,1,1,0,0,0,0,1,,0,0,0,0,1,1,,1,0,0,,,,,0,,,,,,0,0,,0
,"/ja/blogs/dolls-info-qustions/how-to-deal-with-stuck-joints-in-sex-dolls-professional-repair-and-maintenance-guide",1,1,0,0,0,0,1,,0,0,0,0,1,1,,1,1,1,0,0,0,0,1,,0,0,0,0,1,1,,1,0,0,,,,,0,,,,,,0,0,,0
,"/de/products/8705229127919",1,1,0,0,0,0,1,,0,0,0,0,1,1,,1,1,1,0,0,0,0,1,,0,0,0,0,1,1,,1,0,0,,,,,0,,,,,,0,0,,0
"Product","/products/f6088-152cm-5ft-33kg-a-cup-silicone-head-tpe-body-realistic-mini-sex-doll-with-lifelike-skin-for-discreet-pleasure-shedoll",1,1,0,0,0,0,3,,0,0,0,27,3,0,,0,1,1,0,0,0,0,3,,0,0,0,27,3,0,,0,0,0,,,,,0,,,,,0,0,,,
"Product","/products/t460-65-52lb-silicone-savannah-sex-doll-torso-lovenestle",1,1,0,0,0,0,43,,0,0,0,3115,43,0,,0,1,1,0,0,0,0,43,,0,0,0,3115,43,0,,0,0,0,,,,,0,,,,,0,0,,,
,"/en-ca/pages/ai-sex-doll-function",1,1,0,0,0,0,1,,0,0,0,0,1,1,,1,1,1,0,0,0,0,1,,0,0,0,0,1,1,,1,0,0,,,,,0,,,,,,0,0,,0
"Product","/products/f1312-164cm-f-cup-dark-big-boobs-doll-irontech-doll",1,1,0,0,0,0,1,,0,0,0,0,1,1,,1,1,1,0,0,0,0,1,,0,0,0,0,1,1,,1,0,0,,,,,0,,,,,,0,0,,0
"Product","/products/f5919-150cm4ft9-37-6kg-aisa-l-cup-s-tpe-gel-filled-big-breasts-animes-bbw-mini-hentai-sex-doll-irokebijin-doll",1,1,0,0,0,0,4,,0,0,0,61,4,0,,0,1,1,0,0,0,0,4,,0,0,0,61,4,0,,0,0,0,,,,,0,,,,,0,0,,,
"Blog Article","/blogs/sex-doll-option-videos/video5-gel-ass",1,1,0,0,0,0,31,,0,0,0,1176,31,0,,0,1,1,0,0,0,0,31,,0,0,0,1176,31,0,,0,0,0,,,,,0,,,,,0,0,,,
"Collection","/collections/movie-music-celebrities",1,1,0,0,0,0,2,,0,0,0,32,2,0,,0,1,1,0,0,0,0,2,,0,0,0,32,2,0,,0,0,0,,,,,0,,,,,0,0,,,
,"/ja/blogs/dolls-info-qustions/what-to-think-about-before-buying-a-torso-dildo",1,1,0,0,0,0,1,,0,0,0,0,1,1,,1,1,1,0,0,0,0,1,,0,0,0,0,1,1,,1,0,0,,,,,0,,,,,,0,0,,0
"Checkout","/checkouts/cn/hWNDjf7pwTm8sMFZELA0a8CW/en-us",1,1,0,1,0,0,1,0,0,1,0,0,1,0,,0,1,1,0,1,0,0,1,0,0,1,0,0,1,0,,0,0,0,,0,,,0,,,0,,,0,,,
"Checkout","/60719464687/orders/ec66216c0a581148f7521d89e0bcc2cf",1,1,0,0,0,0,1,,0,0,0,0,1,1,,1,1,1,0,0,0,0,1,,0,0,0,0,1,1,,1,0,0,,,,,0,,,,,,0,0,,0
"Product","/products/f4729-in-stock-usa-canada-160cm-5ft8-38-7kg-j-cup-hair-implant-head-silicone-sex-dollzelex-sle-2-0-zelex-doll",1,1,0,0,0,0,1,,0,0,0,0,1,1,,1,1,1,0,0,0,0,1,,0,0,0,0,1,1,,1,0,0,,,,,0,,,,,,0,0,,0
"Checkout","/checkouts/cn/hWNDh5ejMr3QjuZewjy00r5u/en-us/",1,1,0,1,0,0,4,0,0,1,0,176,4,0,,0,1,1,0,1,0,0,4,0,0,1,0,176,4,0,,0,0,0,,0,,,0,,,0,,0,0,,,
"Custom Page","/pages/about-us",1,1,0,0,0,0,10,,0,0,0,233,10,0,,0,1,1,0,0,0,0,10,,0,0,0,233,10,0,,0,0,0,,,,,0,,,,,0,0,,,
"Product","/products/p94-10-8lb-paula-cow-girl-six-boobs-anime-sexdolls-hentai-sex-dolls-torso-mrl",1,1,0,0,0,0,37,,0,0,0,2193,37,0,,0,1,1,0,0,0,0,37,,0,0,0,2193,37,0,,0,0,0,,,,,0,,,,,0,0,,,
,"/en-ca/blogs/featured-blog/over-10-effective-tips-for-drying-sex-doll-torso-vagina-and-anal",1,1,0,0,0,0,2,,0,0,0,849,2,0,,0,1,1,0,0,0,0,2,,0,0,0,849,2,0,,0,0,0,,,,,0,,,,,0,0,,,
"Product","/products/h562-silicone-sex-doll-head-elsa-babe-head",1,1,0,0,0,0,1,,0,0,0,0,1,1,,1,1,1,0,0,0,0,1,,0,0,0,0,1,1,,1,0,0,,,,,0,,,,,,0,0,,0
"Product","/products/f2240-rosretty-158cm-robotic-head-life-size-sex-doll",1,1,0,0,0,0,1,,0,0,0,0,1,1,,1,1,1,0,0,0,0,1,,0,0,0,0,1,1,,1,0,0,,,,,0,,,,,,0,0,,0
,"/ja/collections/electric-sex-doll-head",1,1,0,0,0,0,1,,0,0,0,0,1,1,,1,1,1,0,0,0,0,1,,0,0,0,0,1,1,,1,0,0,,,,,0,,,,,,0,0,,0
"Product","/products/f7036-170cm-6ft3-37kg-e-cup-elf-fantasy-tpe-sexual-hentai-best-alien-sex-doll-in-stock-usa-castle-doll",1,1,0,0,0,0,2,,0,0,0,5,2,0,,0,1,1,0,0,0,0,2,,0,0,0,5,2,0,,0,0,0,,,,,0,,,,,0,0,,,
"Blog Article","/blogs/dolls-info-qustions/creating-the-perfect-companion-the-ultimate-guide-to-sex-doll-hair-care",1,1,0,0,0,0,1,,0,0,0,0,1,1,,1,1,1,0,0,0,0,1,,0,0,0,0,1,1,,1,0,0,,,,,0,,,,,,0,0,,0
,"/en-fi/pages/sex-doll-review-video-collection",1,1,0,0,0,0,3,,0,0,0,407,3,0,,0,1,1,0,0,0,0,3,,0,0,0,407,3,0,,0,0,0,,,,,0,,,,,0,0,,,
"Checkout","/checkouts/cn/hWNDeogmzdpfT4TqUxEWSfkP/en",1,1,0,1,0,0,1,0,0,1,0,0,1,0,,0,1,1,0,1,0,0,1,0,0,1,0,0,1,0,,0,0,0,,0,,,0,,,0,,,0,,,
"Blog Article","/blogs/dolls-info-qustions/buy-your-sex-doll-now-by-afterpaypay-in-4",1,1,0,0,0,0,1,,0,0,0,0,1,1,,1,1,1,0,0,0,0,1,,0,0,0,0,1,1,,1,0,0,,,,,0,,,,,,0,0,,0
"Blog Article","/blogs/dolls-info-qustions/se-doll-review-the-difference-between-tpe-and-silicone-doll",1,1,0,0,0,0,1,,0,0,0,0,1,1,,1,1,1,0,0,0,0,1,,0,0,0,0,1,1,,1,0,0,,,,,0,,,,,,0,0,,0
,"/en-ca/collections/in-stock-sex-doll-heads",1,1,0,0,0,0,1,,0,0,0,0,1,1,,1,1,1,0,0,0,0,1,,0,0,0,0,1,1,,1,0,0,,,,,0,,,,,,0,0,,0
"Product","/products/f8122-154cm5ft1-32-4kg-c-cup-s-tori-black-silicone-head-sex-doll-climax-doll-pro",1,1,0,0,0,0,37,,0,0,0,2020,37,0,,0,1,1,0,0,0,0,37,,0,0,0,2020,37,0,,0,0,0,,,,,0,,,,,0,0,,,
"Product","/products/f1071-155cm-tpe-sex-doll-fun-west-doll",1,1,0,0,0,0,17,,0,0,0,152,17,0,,0,1,1,0,0,0,0,17,,0,0,0,152,17,0,,0,0,0,,,,,0,,,,,0,0,,,
,"/ja/blogs/dolls-info-qustions/how-to-properly-use-chinese-sex-dolls-a-comprehensive-guide",1,1,0,0,0,0,1,,0,0,0,0,1,1,,1,1,1,0,0,0,0,1,,0,0,0,0,1,1,,1,0,0,,,,,0,,,,,,0,0,,0
,"/en-ca/products/f3555-166cm5-5ft-33kg-c-cup-fantasy-tpe-sex-doll%E4%B8%A8wm-doll",1,1,1,1,0,0,5,0,1,1,0,701,5,0,0,0,1,1,1,1,0,0,5,0,1,1,0,701,5,0,0,0,0,0,0,0,,,0,,0,0,,0,0,,,
"Blog Article","/blogs/real-sex-doll-reviews-pros-cons-real-usage-tests/sedoll-sex-doll-torso-custom-upgrade-gel-butt-experience-explained",1,1,0,0,0,0,1,,0,0,0,0,1,1,,1,1,1,0,0,0,0,1,,0,0,0,0,1,1,,1,0,0,,,,,0,,,,,,0,0,,0
"Product","/products/f5682-157cm-5ft1-51kg-e-cup-celebrity-bbw-sex-doll-6ye",1,1,0,0,0,0,1,,0,0,0,0,1,1,,1,1,1,0,0,0,0,1,,0,0,0,0,1,1,,1,0,0,,,,,0,,,,,,0,0,,0
"Blog Article","/blogs/dolls-info-qustions/how-to-use-huge-tits-sex-doll",1,1,0,0,0,0,1,,0,0,0,0,1,1,,1,1,1,0,0,0,0,1,,0,0,0,0,1,1,,1,0,0,,,,,0,,,,,,0,0,,0
,"/en-ca/products/t660-15-43lbs-tpr-8-46in-dildo-insert-ai-sex-doll-torso-toy-masturbator-xinse",1,1,0,0,0,0,1,,0,0,0,0,1,1,,1,1,1,0,0,0,0,1,,0,0,0,0,1,1,,1,0,0,,,,,0,,,,,,0,0,,0
,"/en-fi/collections/electric-pocket-pussy",1,1,0,0,0,0,1,,0,0,0,0,1,1,,1,1,1,0,0,0,0,1,,0,0,0,0,1,1,,1,0,0,,,,,0,,,,,,0,0,,0
,"/en-ca/products/l30735lb-88cm-sexy-silicone-sex-doll-legs-with-big-butt-for-crurophilia-sy-doll",1,1,0,0,0,0,14,,0,0,0,749,14,0,,0,1,1,0,0,0,0,14,,0,0,0,749,14,0,,0,0,0,,,,,0,,,,,0,0,,,
"Product","/products/h386-ros-silicone-sex-doll-head%E4%B8%A8galatate-doll-head",1,1,0,0,0,0,7,,0,0,0,134,7,0,,0,1,1,0,0,0,0,7,,0,0,0,134,7,0,,0,0,0,,,,,0,,,,,0,0,,,
"Collection","/collections/irokebijin-doll-videos",1,1,0,0,0,0,1,,0,0,0,0,1,1,,1,1,1,0,0,0,0,1,,0,0,0,0,1,1,,1,0,0,,,,,0,,,,,,0,0,,0
,"/en-ca/products/f6163-22kg-d-cup-animal-hentai-realistic-silicone-sex-doll-castle-doll",1,1,0,0,0,0,7,,0,0,0,257,7,0,,0,1,1,0,0,0,0,7,,0,0,0,257,7,0,,0,0,0,,,,,0,,,,,0,0,,,
"Product","/products/p91-8-51lb-bbw-futa-shemale-sex-doll-torso-with-muscular-abs-and-5-91-insertable-penis-mrl",1,1,0,0,0,0,2,,0,0,0,33,2,0,,0,1,1,0,0,0,0,2,,0,0,0,33,2,0,,0,0,0,,,,,0,,,,,0,0,,,
"Collection","/collections/big-ass-sex-doll",1,1,0,0,0,0,5,,0,0,0,955,5,0,,0,1,1,0,0,0,0,5,,0,0,0,955,5,0,,0,0,0,,,,,0,,,,,0,0,,,
"Collection","/collections/silicone-torso-sex-doll-in-stock-usa",1,1,0,0,0,0,11,,0,0,0,1542,11,0,,0,1,1,0,0,0,0,11,,0,0,0,1542,11,0,,0,0,0,,,,,0,,,,,0,0,,,
,"/en-ca/collections/anime-pocket-pussy",1,1,0,0,0,0,2,,0,0,0,729,2,0,,0,1,1,0,0,0,0,2,,0,0,0,729,2,0,,0,0,0,,,,,0,,,,,0,0,,,
"Blog Article","/blogs/dolls-info-qustions/types-of-the-sex-doll-head",1,1,0,0,0,0,1,,0,0,0,0,1,1,,1,1,1,0,0,0,0,1,,0,0,0,0,1,1,,1,0,0,,,,,0,,,,,,0,0,,0
,"/de/collections/ros-sex-doll-heads-1",1,1,0,0,0,0,1,,0,0,0,0,1,1,,1,1,1,0,0,0,0,1,,0,0,0,0,1,1,,1,0,0,,,,,0,,,,,,0,0,,0
,"/en-ca/collections/mini",1,1,0,0,0,0,4,,0,0,0,107,4,0,,0,1,1,0,0,0,0,4,,0,0,0,107,4,0,,0,0,0,,,,,0,,,,,0,0,,,
"Product","/products/firefly-diary-165cm-silicone-sex-doll-f8610",1,1,0,0,0,0,40,,0,0,0,1311,40,0,,0,1,1,0,0,0,0,40,,0,0,0,1311,40,0,,0,0,0,,,,,0,,,,,0,0,,,
"Product","/products/f2577-171cm5-6ft-37-5kg-d-cup-ros-silicone-sex-doll-irontech-doll",1,1,0,0,0,0,34,,0,0,0,1659,34,0,,0,1,1,0,0,0,0,34,,0,0,0,1659,34,0,,0,0,0,,,,,0,,,,,0,0,,,
,"/ja/collections/big-ass-sex-doll-torso",1,1,0,0,0,0,4,,0,0,0,2277,4,0,,0,1,1,0,0,0,0,4,,0,0,0,2277,4,0,,0,0,0,,,,,0,,,,,0,0,,,
"Product","/products/f4044-155cm5ft1-o-cup-super-huge-pendulous-breast-tpe-sex-doll-castle-doll",1,1,0,0,0,0,4,,0,0,0,738,4,0,,0,1,1,0,0,0,0,4,,0,0,0,738,4,0,,0,0,0,,,,,0,,,,,0,0,,,
,"/de/blogs/featured-blog/2025-top-sex-doll-brands-annual-update-summary",1,1,0,0,0,0,1,,0,0,0,0,1,1,,1,1,1,0,0,0,0,1,,0,0,0,0,1,1,,1,0,0,,,,,0,,,,,,0,0,,0
,"/en-ca/products/irontech-ros-silicone-doll-168cm-f761",1,1,0,0,0,0,1,,0,0,0,0,1,1,,1,1,1,0,0,0,0,1,,0,0,0,0,1,1,,1,0,0,,,,,0,,,,,,0,0,,0
"Product","/products/f5590-168cm5-5ft-39kg-h-cup-r4-full-size-silicone-sex-doll-real-lady",1,1,0,0,0,0,8,,0,0,0,1760,8,0,,0,1,1,0,0,0,0,8,,0,0,0,1760,8,0,,0,0,0,,,,,0,,,,,0,0,,,
"Collection","/collections/6-foot-sex-doll",1,1,0,0,0,0,2,,0,0,0,2,2,0,,0,1,1,0,0,0,0,2,,0,0,0,2,2,0,,0,0,0,,,,,0,,,,,0,0,,,
"Product","/products/f9254-163cm-5ft4-39kg-silicone-anime-real-life-sex-doll-elsa-babe",1,1,0,0,0,0,5,,0,0,0,196,5,0,,0,1,1,0,0,0,0,5,,0,0,0,196,5,0,,0,0,0,,,,,0,,,,,0,0,,,
"Blog Article","/blogs/dolls-info-qustions/lesbian-beginners-guide-how-to-use-lesbian-sex-dolls",1,1,0,0,0,0,1,,0,0,0,0,1,1,,1,1,1,0,0,0,0,1,,0,0,0,0,1,1,,1,0,0,,,,,0,,,,,,0,0,,0
"Product","/products/f6098-167cm-5-5ft-53kg-d-cup-asian-ros-silicone-sex-doll-shedoll",1,1,0,0,0,0,11,,0,0,0,2871,11,0,,0,1,1,0,0,0,0,11,,0,0,0,2871,11,0,,0,0,0,,,,,0,,,,,0,0,,,
,"/de/collections/full-doll",1,1,0,0,0,0,1,,0,0,0,0,1,1,,1,1,1,0,0,0,0,1,,0,0,0,0,1,1,,1,0,0,,,,,0,,,,,,0,0,,0
"Blog Article","/blogs/dolls-info-qustions/linkdolls-global-shipping-status",1,1,0,0,0,0,11,,0,0,0,390,11,0,,0,1,1,0,0,0,0,11,,0,0,0,390,11,0,,0,0,0,,,,,0,,,,,0,0,,,
"Checkout","/60719464687/orders/0215c4e1d3078d21d5ef2907ff78f522",1,1,0,0,0,0,1,,0,0,0,0,1,1,,1,1,1,0,0,0,0,1,,0,0,0,0,1,1,,1,0,0,,,,,0,,,,,,0,0,,0
,"/en-ca/blogs/dolls-info-qustions/does-youth-mean-being-not-busty-recommended-large-bust-18s-sex-dolls",1,1,0,0,0,0,1,,0,0,0,0,1,1,,1,1,1,0,0,0,0,1,,0,0,0,0,1,1,,1,0,0,,,,,0,,,,,,0,0,,0
"Blog Article","/blogs/sex-doll-option-videos/video02-evo-skeleton-and-exp-skeleton",1,1,0,0,0,0,1,,0,0,0,0,1,1,,1,1,1,0,0,0,0,1,,0,0,0,0,1,1,,1,0,0,,,,,0,,,,,,0,0,,0
"Product","/products/t286-114cm-3ft9-22kg-f-cup-natural-zoe-ellis-a-silicone-realistic-sex-doll-torso-with-head-se-doll",1,1,0,0,0,0,1,,0,0,0,0,1,1,,1,1,1,0,0,0,0,1,,0,0,0,0,1,1,,1,0,0,,,,,0,,,,,,0,0,,0
"Product","/products/f7540-163cm-36kg-d-cup-silicone-head-tpe-body-full-size-adult-sex-doll-stephine-ridmii",1,1,0,0,0,0,1,,0,0,0,0,1,1,,1,1,1,0,0,0,0,1,,0,0,0,0,1,1,,1,0,0,,,,,0,,,,,,0,0,,0
"Product","/products/a800-big-butt-realistic-sex-torso-climax-doll",1,1,0,0,0,0,6,,0,0,0,701,6,0,,0,1,1,0,0,0,0,6,,0,0,0,701,6,0,,0,0,0,,,,,0,,,,,0,0,,,
"Product","/products/h436-ros-free-hair-impants-real-oral-movable-jaw-silicone-sex-doll-head-sy-doll",1,1,0,0,0,0,1,,0,0,0,0,1,1,,1,1,1,0,0,0,0,1,,0,0,0,0,1,1,,1,0,0,,,,,0,,,,,,0,0,,0
,"/en-ca/blogs/dolls-info-qustions/9-things-you-should-never-do-to-your-sex-doll-torso",1,1,0,0,0,0,1,,0,0,0,0,1,1,,1,1,1,0,0,0,0,1,,0,0,0,0,1,1,,1,0,0,,,,,0,,,,,,0,0,,0
,"/de/collections/sucking-vagina-ai-sex-doll",1,1,0,0,0,0,19,,0,0,0,1066,19,0,,0,1,1,0,0,0,0,19,,0,0,0,1066,19,0,,0,0,0,,,,,0,,,,,0,0,,,
,"/en-ca/collections/bbw-sex-dolls",1,1,0,0,0,0,3,,0,0,0,103,3,0,,0,1,1,0,0,0,0,3,,0,0,0,103,3,0,,0,0,0,,,,,0,,,,,0,0,,,
"Collection","/collections/30s-sex-doll",1,1,0,0,0,0,1,,0,0,0,0,1,1,,1,1,1,0,0,0,0,1,,0,0,0,0,1,1,,1,0,0,,,,,0,,,,,,0,0,,0
,"/en-ca/collections/life-size-torso",1,1,0,0,0,0,5,,0,0,0,1424,5,0,,0,1,1,0,0,0,0,5,,0,0,0,1424,5,0,,0,0,0,,,,,0,,,,,0,0,,,
,"/en-ca/blogs/dolls-info-qustions/which-condoms-can-be-used-with-18s-sex-dolls",1,1,0,0,0,0,1,,0,0,0,0,1,1,,1,1,1,0,0,0,0,1,,0,0,0,0,1,1,,1,0,0,,,,,0,,,,,,0,0,,0
,"/en-fi/blogs/dolls-info-qustions/top-yl-dolls-of-2025-you-don-t-want-to-miss",1,1,0,0,0,0,1,,0,0,0,0,1,1,,1,1,1,0,0,0,0,1,,0,0,0,0,1,1,,1,0,0,,,,,0,,,,,,0,0,,0
,"/en-ca/blogs/dolls-info-qustions/4-things-tell-you-how-to-use-a-lesbian-sex-doll",1,1,0,0,0,0,1,,0,0,0,0,1,1,,1,1,1,0,0,0,0,1,,0,0,0,0,1,1,,1,0,0,,,,,0,,,,,,0,0,,0
"Blog Article","/blogs/dolls-info-qustions/shedoll-s-coolrush-tpe-a-game-changer-in-sex-doll-materials",1,1,0,0,0,0,1,,0,0,0,0,1,1,,1,1,1,0,0,0,0,1,,0,0,0,0,1,1,,1,0,0,,,,,0,,,,,,0,0,,0
,"/de/collections/home-best-5",1,1,0,0,0,0,2,,0,0,0,4,2,0,,0,1,1,0,0,0,0,2,,0,0,0,4,2,0,,0,0,0,,,,,0,,,,,0,0,,,
"Blog Article","/blogs/dolls-info-qustions/a-comprehensive-guide-to-finding-the-ideal-dildo-1",1,1,0,0,0,0,1,,0,0,0,0,1,1,,1,1,1,0,0,0,0,1,,0,0,0,0,1,1,,1,0,0,,,,,0,,,,,,0,0,,0
"Collection","/collections/mini",1,1,0,0,0,0,1,,0,0,0,0,1,1,,1,1,1,0,0,0,0,1,,0,0,0,0,1,1,,1,0,0,,,,,0,,,,,,0,0,,0
"Product","/products/f2458-164cm5-4ft-39kg-g-cup-ada-life-size-silicone-head-sex-doll-in-stock-us-sigafun-doll",1,1,0,0,0,0,1,,0,0,0,0,1,1,,1,1,1,0,0,0,0,1,,0,0,0,0,1,1,,1,0,0,,,,,0,,,,,,0,0,,0
"Product","/products/h224-ros-silicone-sex-doll-head%E4%B8%A8galatea-doll-head",1,1,0,0,0,0,1,,0,0,0,0,1,1,,1,1,1,0,0,0,0,1,,0,0,0,0,1,1,,1,0,0,,,,,0,,,,,,0,0,,0
,"/ja/blogs/dolls-info-qustions/4-recommended-futa-sex-dolls-a-guide-to-realistic-touch-and-dual-gender-appeal",1,1,0,0,0,0,1,,0,0,0,0,1,1,,1,1,1,0,0,0,0,1,,0,0,0,0,1,1,,1,0,0,,,,,0,,,,,,0,0,,0
,"/en-ca/collections/md-doll",1,1,0,0,0,0,1,,0,0,0,0,1,1,,1,1,1,0,0,0,0,1,,0,0,0,0,1,1,,1,0,0,,,,,0,,,,,,0,0,,0
"Product","/products/yeloly-39-7lbs-83cm-silicone-torso-sex-doll-t749",1,1,0,0,0,0,1,,0,0,0,0,1,1,,1,1,1,0,0,0,0,1,,0,0,0,0,1,1,,1,0,0,,,,,0,,,,,,0,0,,0
"Product","/products/f7659-150cm4ft11-25kg-d-cup-silicone-ros-japanese-mini-sex-doll-miye-with-implanted-hair-gel-breast-oral%E4%B8%A8doll-senior",1,1,0,0,0,0,1,,0,0,0,0,1,1,,1,1,1,0,0,0,0,1,,0,0,0,0,1,1,,1,0,0,,,,,0,,,,,,0,0,,0
"Checkout","/60719464687/orders/4c822c07546d1920f55d922380d10a57",1,1,0,0,0,0,1,,0,0,0,0,1,1,,1,1,1,0,0,0,0,1,,0,0,0,0,1,1,,1,0,0,,,,,0,,,,,,0,0,,0
"Collection","/collections/best-sellers-in-torso",1,1,0,0,0,0,16,,0,0,0,736,16,0,,0,1,1,0,0,0,0,16,,0,0,0,736,16,0,,0,0,0,,,,,0,,,,,0,0,,,
"Blog Article","/blogs/dolls-info-qustions/what-kind-of-soap-is-best-for-cleaning-torso-sex-dolls-2",1,1,0,0,0,0,1,,0,0,0,0,1,1,,1,1,1,0,0,0,0,1,,0,0,0,0,1,1,,1,0,0,,,,,0,,,,,,0,0,,0
,"/en-ca/collections/s-tpe-doll",1,1,0,0,0,0,1,,0,0,0,0,1,1,,1,1,1,0,0,0,0,1,,0,0,0,0,1,1,,1,0,0,,,,,0,,,,,,0,0,,0
"Blog Article","/blogs/dolls-info-qustions/latest-mini-anime-sex-dolls-are-here-compact-and-fun",1,1,0,0,0,0,2,,0,0,0,400,2,0,,0,1,1,0,0,0,0,2,,0,0,0,400,2,0,,0,0,0,,,,,0,,,,,0,0,,,
,"/de/collections/sex-doll-in-25kg-30kg57-66lbs",1,1,0,0,0,0,2,,0,0,0,7,2,0,,0,1,1,0,0,0,0,2,,0,0,0,7,2,0,,0,0,0,,,,,0,,,,,0,0,,,
,"/en-ca/blogs/dolls-info-qustions/shocking-in-depth-review-of-naimi-1-1-celebrity-sex-doll",1,1,0,0,0,0,1,,0,0,0,0,1,1,,1,1,1,0,0,0,0,1,,0,0,0,0,1,1,,1,0,0,,,,,0,,,,,,0,0,,0
"Product","/products/p117-2-2lb-fake-pussy-realistic-masturbator-mini-hentai-sex-doll-torso-in-stock-mrl",1,1,0,0,0,0,11,,0,0,0,604,11,0,,0,1,1,0,0,0,0,11,,0,0,0,604,11,0,,0,0,0,,,,,0,,,,,0,0,,,
"Product","/products/h628-ros-silicone-sex-doll-head-zelex-doll-head",1,1,0,0,0,0,7,,0,0,0,250,7,0,,0,1,1,0,0,0,0,7,,0,0,0,250,7,0,,0,0,0,,,,,0,,,,,0,0,,,
"Product","/products/t933-zelex-doll-sex-dolls-usa-sex-doll-torso-with-head-sle-117cm-27-1kg-in-stock-usa-canada",1,1,0,0,0,0,2,,0,0,0,1000,2,0,,0,1,1,0,0,0,0,2,,0,0,0,1000,2,0,,0,0,0,,,,,0,,,,,0,0,,,
"Product","/products/p108-26cm-10-2in-1-5kg-silicone-celebrity-anime-hentai-sex-toys-castle-doll",1,1,0,0,0,0,1,,0,0,0,0,1,1,,1,1,1,0,0,0,0,1,,0,0,0,0,1,1,,1,0,0,,,,,0,,,,,,0,0,,0
"Blog Article","/blogs/dolls-info-qustions/exploring-the-world-of-futa-sex-dolls-and-customization",1,1,0,0,0,0,1,,0,0,0,0,1,1,,1,1,1,0,0,0,0,1,,0,0,0,0,1,1,,1,0,0,,,,,0,,,,,,0,0,,0
,"/en-fi/blogs/dolls-info-qustions/do-you-really-know-your-cheap-sex-toys",1,1,0,0,0,0,1,,0,0,0,0,1,1,,1,1,1,0,0,0,0,1,,0,0,0,0,1,1,,1,0,0,,,,,0,,,,,,0,0,,0
,"/ja/blogs/featured-blog/the-best-hyper-realistic-sex-dolls-brands-features-and-buying-guide",1,1,0,0,0,0,1,,0,0,0,0,1,1,,1,1,1,0,0,0,0,1,,0,0,0,0,1,1,,1,0,0,,,,,0,,,,,,0,0,,0
"Product","/products/p10-hentai-fake-pussy",1,1,0,0,0,0,3,,0,0,0,79,3,0,,0,1,1,0,0,0,0,3,,0,0,0,79,3,0,,0,0,0,,,,,0,,,,,0,0,,,
"Product","/products/f9253-150cm-5ft-27-5kg-silicone-head-anime-full-size-sex-dolls-elsa-babe",1,1,0,0,0,0,8,,0,0,0,599,8,0,,0,1,1,0,0,0,0,8,,0,0,0,599,8,0,,0,0,0,,,,,0,,,,,0,0,,,
"Collection","/collections/lilydoll",1,1,0,0,0,0,1,,0,0,0,0,1,1,,1,1,1,0,0,0,0,1,,0,0,0,0,1,1,,1,0,0,,,,,0,,,,,,0,0,,0
"Product","/products/f6227-163cm-5ft4-51kg-h-cup-asian-ros-silicone-sex-doll-shedoll",1,1,0,0,0,0,1,,0,0,0,0,1,1,,1,1,1,0,0,0,0,1,,0,0,0,0,1,1,,1,0,0,,,,,0,,,,,,0,0,,0
,"/en-ca/blogs/dolls-info-qustions/unlock-the-ultimate-pleasure-code-nukige-games-hentai-sex-dolls-that-ll-melt-your-resistance-21",1,1,0,0,0,0,1,,0,0,0,0,1,1,,1,1,1,0,0,0,0,1,,0,0,0,0,1,1,,1,0,0,,,,,0,,,,,,0,0,,0
,"/en-ca/collections/piper-doll",1,1,0,0,0,0,2,,0,0,0,80,2,0,,0,1,1,0,0,0,0,2,,0,0,0,80,2,0,,0,0,0,,,,,0,,,,,0,0,,,
"Product","/products/f7568-157cm-5ft2-54kg-k-cup-tpe-body-silicone-head-sex-doll-lilydoll",1,1,0,0,0,0,5,,0,0,0,773,5,0,,0,1,1,0,0,0,0,5,,0,0,0,773,5,0,,0,0,0,,,,,0,,,,,0,0,,,
"Product","/products/f5514-150cm-5ft-27-5kg-silicone-anime-hentai-sex-doll-elsa-babe",1,1,0,0,0,0,4,,0,0,0,149,4,0,,0,1,1,0,0,0,0,4,,0,0,0,149,4,0,,0,0,0,,,,,0,,,,,0,0,,,
,"/en-ca/collections/alien-sex-dolls",1,1,0,0,0,0,1,,0,0,0,0,1,1,,1,1,1,0,0,0,0,1,,0,0,0,0,1,1,,1,0,0,,,,,0,,,,,,0,0,,0
,"/de/products/p14-anime-hentai-fake-pussy",1,1,0,0,0,0,7,,0,0,0,177,7,0,,0,1,1,0,0,0,0,7,,0,0,0,177,7,0,,0,0,0,,,,,0,,,,,0,0,,,
"Product","/products/f2454-164cm5-4ft-39kg-g-cup-amani-life-size-silicone-head-sex-doll-in-stock-us-sigafun-doll",1,1,0,0,0,0,2,,0,0,0,13,2,0,,0,1,1,0,0,0,0,2,,0,0,0,13,2,0,,0,0,0,,,,,0,,,,,0,0,,,
"Product","/products/h02-irontech-doll-ros-customizable-silicone-sex-doll-head",1,1,0,0,0,0,1,,0,0,0,0,1,1,,1,1,1,0,0,0,0,1,,0,0,0,0,1,1,,1,0,0,,,,,0,,,,,,0,0,,0
"Product","/products/f3479-163cm5f3-52kg-e-cup-chubby-tpe-sex-doll-aibei-doll",1,1,0,0,0,0,1,,0,0,0,0,1,1,,1,1,1,0,0,0,0,1,,0,0,0,0,1,1,,1,0,0,,,,,0,,,,,,0,0,,0
"Product","/products/t920-109cm3ft7-25-8kg-g-cup-silicone-head-movable-jaw-sle-body-bubble-butt-silicone-sex-doll-torso-with-head-zelex-doll",1,1,0,0,0,0,1,,0,0,0,0,1,1,,1,1,1,0,0,0,0,1,,0,0,0,0,1,1,,1,0,0,,,,,0,,,,,,0,0,,0
"Blog Article","/blogs/sex-doll-torso-blog/7-minutes-to-take-you-to-find-the-most-suitable-male-torso-sex-doll",1,1,0,0,0,0,1,,0,0,0,0,1,1,,1,1,1,0,0,0,0,1,,0,0,0,0,1,1,,1,0,0,,,,,0,,,,,,0,0,,0
"Blog Article","/blogs/recent-brand-updates-new-arrivals-for-sex-dolls/irontech-doll-ros-max-head-how-a-more-natural-simulation-experience-is-achieved",1,1,0,0,0,0,1,,0,0,0,0,1,1,,1,1,1,0,0,0,0,1,,0,0,0,0,1,1,,1,0,0,,,,,0,,,,,,0,0,,0
"Collection","/collections/se-doll-videos",1,1,0,0,0,0,13,,0,0,0,760,13,0,,0,1,1,0,0,0,0,13,,0,0,0,760,13,0,,0,0,0,,,,,0,,,,,0,0,,,
,"/en-fi/blogs/sex-doll-torso-blog/top-7-sex-poses-with-your-torso-sex-doll",1,1,0,0,0,0,1,,0,0,0,0,1,1,,1,1,1,0,0,0,0,1,,0,0,0,0,1,1,,1,0,0,,,,,0,,,,,,0,0,,0
"Product","/products/t939-36-6lb-98cm-2-2u-c-cup-asian-real-ros-silicone-torso-sex-doll-with-head-bezlya-doll",1,1,0,0,0,0,1,,0,0,0,0,1,1,,1,1,1,0,0,0,0,1,,0,0,0,0,1,1,,1,0,0,,,,,0,,,,,,0,0,,0
"Product","/products/f7887-160cm5ft2-40kg-elara-b-cup-gel-filled-breasts-sex-doll-with-ros-head-jx-doll",1,1,0,0,0,0,11,,0,0,0,2850,11,0,,0,1,1,0,0,0,0,11,,0,0,0,2850,11,0,,0,0,0,,,,,0,,,,,0,0,,,
,"/en-ca/collections/se-doll-tpe-sex-doll",1,1,0,0,0,0,1,,0,0,0,0,1,1,,1,1,1,0,0,0,0,1,,0,0,0,0,1,1,,1,0,0,,,,,0,,,,,,0,0,,0
"Collection","/collections/6ye-doll",1,1,0,0,0,0,2,,0,0,0,7,2,0,,0,1,1,0,0,0,0,2,,0,0,0,7,2,0,,0,0,0,,,,,0,,,,,0,0,,,
"Custom Page","/pages/linkdolls-my-whatsapp",1,1,0,0,0,0,1,,0,0,0,0,1,1,,1,1,1,0,0,0,0,1,,0,0,0,0,1,1,,1,0,0,,,,,0,,,,,,0,0,,0
,"/en-fi/products/f7690-161cm5ft3-41-5kg-h-cup-huge-breast-silicone-ssbbw-sex-doll-with-weight-reduction-4-0-starpery-doll",1,1,0,0,0,0,2,,0,0,0,1,2,0,,0,1,1,0,0,0,0,2,,0,0,0,1,2,0,,0,0,0,,,,,0,,,,,0,0,,,
"Product","/products/f120-176cm-5ft9-40kg-silicone-muscular-male-sex-doll-irontech-doll",1,1,0,0,0,0,1,,0,0,0,0,1,1,,1,1,1,0,0,0,0,1,,0,0,0,0,1,1,,1,0,0,,,,,0,,,,,,0,0,,0
"Checkout","/checkouts/cn/hWNDemVZpFQq01aacAh3LI0H/en",1,1,0,1,0,0,1,0,0,1,0,0,1,0,,0,1,1,0,1,0,0,1,0,0,1,0,0,1,0,,0,0,0,,0,,,0,,,0,,,0,,,
,"/de/collections/sex-doll-videos",1,1,0,0,0,0,1,,0,0,0,0,1,1,,1,1,1,0,0,0,0,1,,0,0,0,0,1,1,,1,0,0,,,,,0,,,,,,0,0,,0
,"/de/collections/big-ass-sex-doll",1,1,0,0,0,0,2,,0,0,0,58,2,0,,0,1,1,0,0,0,0,2,,0,0,0,58,2,0,,0,0,0,,,,,0,,,,,0,0,,,
"Product","/products/f1444-aibei-163cm-e-cup-bbw-life-size-sex-doll",1,1,0,0,0,0,1,,0,0,0,0,1,1,,1,1,1,0,0,0,0,1,,0,0,0,0,1,1,,1,0,0,,,,,0,,,,,,0,0,,0
,"/de/blogs/dolls-info-qustions/how-does-sex-with-life-size-sex-dolls-compare-to-real-sex",1,1,0,0,0,0,1,,0,0,0,0,1,1,,1,1,1,0,0,0,0,1,,0,0,0,0,1,1,,1,0,0,,,,,0,,,,,,0,0,,0
"Product","/products/f1253-164cm-f-cup-hedy-big-boobs-doll-irontech-doll",1,1,0,0,0,0,16,,0,0,0,972,16,0,,0,1,1,0,0,0,0,16,,0,0,0,972,16,0,,0,0,0,,,,,0,,,,,0,0,,,
,"/en-ca/collections/silicone-torso-with-head",1,1,0,0,0,0,40,,0,0,0,801,40,0,,0,1,1,0,0,0,0,40,,0,0,0,801,40,0,,0,0,0,,,,,0,,,,,0,0,,,
,"/en-ca/blogs/dolls-info-qustions/how-to-titty-fuck-experience-the-ultimate-pleasure-with-a-huge-breast-sex-doll",1,1,0,0,0,0,1,,0,0,0,0,1,1,,1,1,1,0,0,0,0,1,,0,0,0,0,1,1,,1,0,0,,,,,0,,,,,,0,0,,0
"Product","/products/f5530-165cm-5ft5-50kg-n-cup-bbw-black-tpe-sex-doll-6ye",1,1,0,0,0,0,1,,0,0,0,0,1,1,,1,1,1,0,0,0,0,1,,0,0,0,0,1,1,,1,0,0,,,,,0,,,,,,0,0,,0
,"/en-ca/collections/big-ass-sex-doll-curvy-sex-doll",1,1,0,0,0,0,1,,0,0,0,0,1,1,,1,1,1,0,0,0,0,1,,0,0,0,0,1,1,,1,0,0,,,,,0,,,,,,0,0,,0
"Product","/products/f2523-159cm5-2ft-37kg-a-cup-white-giselle-realistic-silicone-sex-doll-fun-west-doll",1,1,0,0,0,0,1,,0,0,0,0,1,1,,1,1,1,0,0,0,0,1,,0,0,0,0,1,1,,1,0,0,,,,,0,,,,,,0,0,,0
"Checkout","/60719464687/orders/7adedd475c7ca53477042e95f4d6cda5",1,1,0,0,0,0,6,,0,0,0,230,6,0,,0,1,1,0,0,0,0,6,,0,0,0,230,6,0,,0,0,0,,,,,0,,,,,0,0,,,
"Product","/products/f5834k-168cm-5ft5-35kg-f-cup-silicone-realistic-sex-doll-in-stock-usa-top-cydoll",1,1,0,0,0,0,4,,0,0,0,121,4,0,,0,1,1,0,0,0,0,4,,0,0,0,121,4,0,,0,0,0,,,,,0,,,,,0,0,,,
"Blog Article","/blogs/dolls-info-qustions/why-linkdolls-is-the-hottest-sex-doll-torso-supplier",1,1,0,0,0,0,1,,0,0,0,0,1,1,,1,1,1,0,0,0,0,1,,0,0,0,0,1,1,,1,0,0,,,,,0,,,,,,0,0,,0
"Product","/products/f5974-158cm-5ft2-d-cup-silicone-head-big-breasts-adult-sex-doll-rosretty-dolls",1,1,0,0,0,0,74,,0,0,0,2626,74,0,,0,1,1,0,0,0,0,74,,0,0,0,2626,74,0,,0,0,0,,,,,0,,,,,0,0,,,
"Blog Article","/blogs/featured-blog/2026-sex-doll-lubricant-recommendations-find-the-perfect-formula-for-your-experience",1,1,0,0,0,0,1,,0,0,0,0,1,1,,1,1,1,0,0,0,0,1,,0,0,0,0,1,1,,1,0,0,,,,,0,,,,,,0,0,,0
"Collection","/collections/facial-expressions-ai-sex-doll",1,1,0,0,0,0,1,,0,0,0,0,1,1,,1,1,1,0,0,0,0,1,,0,0,0,0,1,1,,1,0,0,,,,,0,,,,,,0,0,,0
"Product","/products/f9201-52kg-d-cup-castle-bat-animal-hentai-realistic-silicone-sex-doll-doll-castle",1,1,0,0,0,0,3,,0,0,0,863,3,0,,0,1,1,0,0,0,0,3,,0,0,0,863,3,0,,0,0,0,,,,,0,,,,,0,0,,,
"Product","/products/a515-5-68lb-lightweight-realistic-butt-cheap-mini-sex-toy-male-masturbator",1,1,0,0,0,0,16,,0,0,0,1254,16,0,,0,1,1,0,0,0,0,16,,0,0,0,1254,16,0,,0,0,0,,,,,0,,,,,0,0,,,
"Product","/products/f2351-152cm5ft-d-cup-white-lily-tpe-sex-doll-fun-west-doll",1,1,0,0,0,0,3,,0,0,0,186,3,0,,0,1,1,0,0,0,0,3,,0,0,0,186,3,0,,0,0,0,,,,,0,,,,,0,0,,,
,"/en-ca/products/a798-big-butt-realistic-sex-torso-climax-doll",1,1,0,0,0,0,5,,0,0,0,190,5,0,,0,1,1,0,0,0,0,5,,0,0,0,190,5,0,,0,0,0,,,,,0,,,,,0,0,,,
"Collection","/collections/realshe",1,1,0,0,0,0,1,,0,0,0,0,1,1,,1,1,1,0,0,0,0,1,,0,0,0,0,1,1,,1,0,0,,,,,0,,,,,,0,0,,0
,"/en-fi/blogs/dolls-info-qustions/shocking-in-depth-review-of-naimi-1-1-celebrity-sex-doll",1,1,0,0,0,0,1,,0,0,0,0,1,1,,1,1,1,0,0,0,0,1,,0,0,0,0,1,1,,1,0,0,,,,,0,,,,,,0,0,,0
"Product","/products/f6107-172cm-5-6ft-45kg-d-cup-asian-ros-silicone-realistic-sex-doll-evasdoll",1,1,0,0,0,0,5,,0,0,0,1878,5,0,,0,1,1,0,0,0,0,5,,0,0,0,1878,5,0,,0,0,0,,,,,0,,,,,0,0,,,
,"/ja/blogs/dolls-info-qustions/se-doll-sex-bot-series-feature-comparison-waist-rotation-vs-hip-thrusting-vs-head-nodding",1,1,0,0,0,0,1,,0,0,0,0,1,1,,1,1,1,0,0,0,0,1,,0,0,0,0,1,1,,1,0,0,,,,,0,,,,,,0,0,,0
"Collection","/collections/big-ass-sex-doll-1000-1999",1,1,0,0,0,0,1,,0,0,0,0,1,1,,1,1,1,0,0,0,0,1,,0,0,0,0,1,1,,1,0,0,,,,,0,,,,,,0,0,,0
"Checkout","/checkouts/cn/hWNDeVkb0GpiBgP54DQvCGMz/en-us",1,1,1,1,0,0,1,0,1,1,0,0,1,0,0,0,1,1,1,1,0,0,1,0,1,1,0,0,1,0,0,0,0,0,0,0,,,0,,0,0,,,0,,,
"Product","/products/f2430-158cm-5ft2-40kg-x-cup-bbs-lustina-weight-reduction-full-silicone-sex-doll-starpery-doll",1,1,0,0,0,0,1,,0,0,0,0,1,1,,1,1,1,0,0,0,0,1,,0,0,0,0,1,1,,1,0,0,,,,,0,,,,,,0,0,,0
"Product","/products/f5497-150cm-asian-petite-f-cup-japanese-sex-bot-moving-custom",1,1,0,0,0,0,3,,0,0,0,502,3,0,,0,1,1,0,0,0,0,3,,0,0,0,502,3,0,,0,0,0,,,,,0,,,,,0,0,,,
"Product","/products/f9110-150cm-5ft-27-5kg-silicone-best-sex-doll-anime-elsa-babe",1,1,0,0,0,0,26,,0,0,0,4328,26,0,,0,1,1,0,0,0,0,26,,0,0,0,4328,26,0,,0,0,0,,,,,0,,,,,0,0,,,
,"/en-ca/blogs/dolls-info-qustions/what-s-it-really-like-to-have-sex-nbsp-with-a-sex-doll",1,1,0,0,0,0,5,,0,0,0,228,5,0,,0,1,1,0,0,0,0,5,,0,0,0,228,5,0,,0,0,0,,,,,0,,,,,0,0,,,
,"/en-ca/collections/sexy-celebrity-sexy-doll",1,1,0,0,0,0,12,,0,0,0,743,12,0,,0,1,1,0,0,0,0,12,,0,0,0,743,12,0,,0,0,0,,,,,0,,,,,0,0,,,
"Product","/products/top-fire-doll-170cm-silicone-full-sex-doll-f8591",1,1,0,0,0,0,5,,0,0,0,492,5,0,,0,1,1,0,0,0,0,5,,0,0,0,492,5,0,,0,0,0,,,,,0,,,,,0,0,,,
"Product","/products/t298-40-79lbs-100cm-lightweight-life-size-sex-doll-torso-with-head-can-choose-no-head-climax-doll",1,1,0,0,0,0,2,,0,0,0,34,2,0,,0,1,1,0,0,0,0,2,,0,0,0,34,2,0,,0,0,0,,,,,0,,,,,0,0,,,
,"/ja/blogs/dolls-info-qustions/irontech-doll-launches-the-stunning-oriental-series",1,1,0,0,0,0,1,,0,0,0,0,1,1,,1,1,1,0,0,0,0,1,,0,0,0,0,1,1,,1,0,0,,,,,0,,,,,,0,0,,0
,"/de/collections/halloween-sex-doll",1,1,0,0,0,0,2,,0,0,0,102,2,0,,0,1,1,0,0,0,0,2,,0,0,0,102,2,0,,0,0,0,,,,,0,,,,,0,0,,,
,"/de/products/a210-torso-doll-with-big-dildo-male-torso-dildo-sex-toy",1,1,0,0,0,0,3,,0,0,0,128,3,0,,0,1,1,0,0,0,0,3,,0,0,0,128,3,0,,0,0,0,,,,,0,,,,,0,0,,,
,"/de/blogs/dolls-info-qustions/how-to-make-a-fake-ass-sex-toy",1,1,0,0,0,0,1,,0,0,0,0,1,1,,1,1,1,0,0,0,0,1,,0,0,0,0,1,1,,1,0,0,,,,,0,,,,,,0,0,,0
"Blog Article","/blogs/featured-blog/the-ultimate-guide-to-cleaning-powered-sex-dolls-keep-your-toy-safe-clean-and-fully-functional",1,1,0,0,0,0,1,,0,0,0,0,1,1,,1,1,1,0,0,0,0,1,,0,0,0,0,1,1,,1,0,0,,,,,0,,,,,,0,0,,0
"Product","/products/f8185-150cm-5ft-27-5kg-silicone-anime-sex-doll-elsa-babe",1,1,0,0,0,0,1,,0,0,0,0,1,1,,1,1,1,0,0,0,0,1,,0,0,0,0,1,1,,1,0,0,,,,,0,,,,,,0,0,,0
,"/en-ca/collections/sex-doll-torso/products/562-fat-ass-torso-doll-silicone-ass",1,1,0,0,0,0,11,,0,0,0,451,11,0,,0,1,1,0,0,0,0,11,,0,0,0,451,11,0,,0,0,0,,,,,0,,,,,0,0,,,
,"/en-fi/collections/aitia",1,1,0,0,0,0,3,,0,0,0,29,3,0,,0,1,1,0,0,0,0,3,,0,0,0,29,3,0,,0,0,0,,,,,0,,,,,0,0,,,
,"/en-ca/collections/cheap-mini-sex-doll",1,1,0,0,0,0,1,,0,0,0,0,1,1,,1,1,1,0,0,0,0,1,,0,0,0,0,1,1,,1,0,0,,,,,0,,,,,,0,0,,0
,"/ja/blogs/dolls-info-qustions/why-life-size-sex-doll-torsos-are-more-popular-than-traditional-life-size-sex-dolls",1,1,0,0,0,0,1,,0,0,0,0,1,1,,1,1,1,0,0,0,0,1,,0,0,0,0,1,1,,1,0,0,,,,,0,,,,,,0,0,,0
,"/en-ca/blogs/dolls-info-qustions/what-is-it-like-to-use-a-shemale-sex-doll",1,1,0,0,0,0,1,,0,0,0,0,1,1,,1,1,1,0,0,0,0,1,,0,0,0,0,1,1,,1,0,0,,,,,0,,,,,,0,0,,0
,"/en-fi/blogs/dolls-info-qustions/funwest-new-doll-rose-a-passionate-night-in-the-car-trunk",1,1,0,0,0,0,1,,0,0,0,0,1,1,,1,1,1,0,0,0,0,1,,0,0,0,0,1,1,,1,0,0,,,,,0,,,,,,0,0,,0
"Product","/products/f2135-174cm5-7ft-45kg-g-cup-milf-tpe-sex-doll%E4%B8%A8wm-doll",1,1,0,0,0,0,1,,0,0,0,0,1,1,,1,1,1,0,0,0,0,1,,0,0,0,0,1,1,,1,0,0,,,,,0,,,,,,0,0,,0
"Product","/products/f3497-165cm5f4-33kg-g-cup-medium-breast-tpe-body-silicone-head-sex-doll-aibei-doll",1,1,0,0,0,0,28,,0,0,0,1172,28,0,,0,1,1,0,0,0,0,28,,0,0,0,1172,28,0,,0,0,0,,,,,0,,,,,0,0,,,
"Blog Article","/blogs/dolls-info-qustions/love-doll-comprehensive-guide-and-faqs-for-2025",1,1,0,0,0,0,1,,0,0,0,0,1,1,,1,1,1,0,0,0,0,1,,0,0,0,0,1,1,,1,0,0,,,,,0,,,,,,0,0,,0
"Collection","/collections/human-size-torso-sex-doll",1,1,0,0,0,0,1,,0,0,0,0,1,1,,1,1,1,0,0,0,0,1,,0,0,0,0,1,1,,1,0,0,,,,,0,,,,,,0,0,,0
,"/de/collections/black-ass-sex-doll",1,1,0,0,0,0,4,,0,0,0,77,4,0,,0,1,1,0,0,0,0,4,,0,0,0,77,4,0,,0,0,0,,,,,0,,,,,0,0,,,
"Product","/products/f305-158cm-5ft2-57kg-aisha-e-cup-tpe-big-ass-adult-big-chest-sex-doll-yl-doll",1,1,0,0,0,0,2,,0,0,0,63,2,0,,0,1,1,0,0,0,0,2,,0,0,0,63,2,0,,0,0,0,,,,,0,,,,,0,0,,,
,"/ja/collections/sy-doll-factory-photos",1,1,0,0,0,0,3,,0,0,0,56,3,0,,0,1,1,0,0,0,0,3,,0,0,0,56,3,0,,0,0,0,,,,,0,,,,,0,0,,,
"Product","/products/f4759k-175cm5ft9-69kg-x-cup-huge-breast-fat-thick-ass-tpe-ssbbw-sex-doll-in-stock-castle-doll",1,1,0,0,0,0,1,,0,0,0,0,1,1,,1,1,1,0,0,0,0,1,,0,0,0,0,1,1,,1,0,0,,,,,0,,,,,,0,0,,0
"Collection","/collections/e-cup-sex-dolls",1,1,0,0,0,0,1,,0,0,0,0,1,1,,1,1,1,0,0,0,0,1,,0,0,0,0,1,1,,1,0,0,,,,,0,,,,,,0,0,,0
,"/en-ca/products/f2545-164cm-f-cup-big-boobs-silicone-fuck-doll-irontech",1,1,0,0,0,0,3,,0,0,0,56,3,0,,0,1,1,0,0,0,0,3,,0,0,0,56,3,0,,0,0,0,,,,,0,,,,,0,0,,,
,"/en-fi/blogs/dolls-info-qustions/why-do-men-like-to-have-sex-with-bigass-women",1,1,0,0,0,0,1,,0,0,0,0,1,1,,1,1,1,0,0,0,0,1,,0,0,0,0,1,1,,1,0,0,,,,,0,,,,,,0,0,,0
"Product","/products/f2274-165cm-d-cup-lora-silicone-sex-doll-normon-doll",1,1,0,0,0,0,50,,0,0,0,2280,50,0,,0,1,1,0,0,0,0,50,,0,0,0,2280,50,0,,0,0,0,,,,,0,,,,,0,0,,,
,"/en-ca/collections/sex-doll-best-seller",1,1,0,0,0,0,1,,0,0,0,0,1,1,,1,1,1,0,0,0,0,1,,0,0,0,0,1,1,,1,0,0,,,,,0,,,,,,0,0,,0
,"/de/blogs/dolls-info-qustions/how-to-use-a-sex-doll-head-to-enhance-intimacy-and-physical-mental-well-being",1,1,0,0,0,0,1,,0,0,0,0,1,1,,1,1,1,0,0,0,0,1,,0,0,0,0,1,1,,1,0,0,,,,,0,,,,,,0,0,,0
"Product","/products/a352-8-3lb-siliconewolf-ass-furry-sex-doll-torso-mrl",1,1,0,0,0,0,1,,0,0,0,0,1,1,,1,1,1,0,0,0,0,1,,0,0,0,0,1,1,,1,0,0,,,,,0,,,,,,0,0,,0
"Collection","/collections/black-silicone-sex-doll",1,1,0,0,0,0,1,,0,0,0,0,1,1,,1,1,1,0,0,0,0,1,,0,0,0,0,1,1,,1,0,0,,,,,0,,,,,,0,0,,0
"Product","/products/f5523-168cm5-5ft-39kg-h-cup-r3-life-size-silicone-sex-doll-real-lady",1,1,0,0,0,0,1,,0,0,0,0,1,1,,1,1,1,0,0,0,0,1,,0,0,0,0,1,1,,1,0,0,,,,,0,,,,,,0,0,,0
"Product","/products/f9371-150cm-5ft-27-5kg-anime-futa-sex-doll-elsa-babe",1,1,0,0,0,0,1,,0,0,0,0,1,1,,1,1,1,0,0,0,0,1,,0,0,0,0,1,1,,1,0,0,,,,,0,,,,,,0,0,,0
"Product","/products/h942-se-tpe-sex-doll-head-se-doll-head",1,1,0,0,0,0,1,,0,0,0,0,1,1,,1,1,1,0,0,0,0,1,,0,0,0,0,1,1,,1,0,0,,,,,0,,,,,,0,0,,0
"Collection","/collections/shedoll",1,1,0,0,0,0,19,,0,0,0,407,19,0,,0,1,1,0,0,0,0,19,,0,0,0,407,19,0,,0,0,0,,,,,0,,,,,0,0,,,
,"/en-ca/collections/bbw-life-size-torso",1,1,0,0,0,0,2,,0,0,0,26,2,0,,0,1,1,0,0,0,0,2,,0,0,0,26,2,0,,0,0,0,,,,,0,,,,,0,0,,,
"Collection","/collections/sigafun-doll",1,1,0,0,0,0,5,,0,0,0,470,5,0,,0,1,1,0,0,0,0,5,,0,0,0,470,5,0,,0,0,0,,,,,0,,,,,0,0,,,
"Collection","/collections/all/f-cup",1,1,0,0,0,0,1,,0,0,0,0,1,1,,1,1,1,0,0,0,0,1,,0,0,0,0,1,1,,1,0,0,,,,,0,,,,,,0,0,,0
"Product","/products/a625-55lb-eva-bbw-doggy-style-sex-doll%E4%B8%A8tantaly",1,1,0,0,0,0,2,,0,0,0,36,2,0,,0,1,1,0,0,0,0,2,,0,0,0,36,2,0,,0,0,0,,,,,0,,,,,0,0,,,
"Product","/products/f4249-160cm5-3ft-38kg-i-cup-anime-tpe-hentai-sex-doll%E4%B8%A8wm-doll",1,1,0,0,0,0,5,,0,0,0,216,5,0,,0,1,1,0,0,0,0,5,,0,0,0,216,5,0,,0,0,0,,,,,0,,,,,0,0,,,
"Product","/products/f1988-150cm4-9ft-42-5kg-m-cup-bbw-tpe-sex-doll%E4%B8%A8wm-doll",1,1,0,0,0,0,5,,0,0,0,1327,5,0,,0,1,1,0,0,0,0,5,,0,0,0,1327,5,0,,0,0,0,,,,,0,,,,,0,0,,,
"Product","/products/f3069-160cm-j-cup-milf-silicone-head-movable-jaw-sle-body-real-sex-doll-zelex-doll",1,1,0,0,0,0,40,,0,0,0,914,40,0,,0,1,1,0,0,0,0,40,,0,0,0,914,40,0,,0,0,0,,,,,0,,,,,0,0,,,
,"/en-ca/products/f4929-166cm-sexbot-vine-talk-ai-silicone-head-wm-doll",1,1,0,0,0,0,7,,0,0,0,1448,7,0,,0,1,1,0,0,0,0,7,,0,0,0,1448,7,0,,0,0,0,,,,,0,,,,,0,0,,,
"Product","/products/ka010-pvc-head-stand",1,1,0,0,0,0,1,,0,0,0,0,1,1,,1,1,1,0,0,0,0,1,,0,0,0,0,1,1,,1,0,0,,,,,0,,,,,,0,0,,0
"Blog Article","/blogs/dolls-info-qustions/the-psychological-appeal-behind-femboy-sex-dolls-why-they-ve-become-emotional-safe-havens",1,1,0,0,0,0,4,,0,0,0,1230,4,0,,0,1,1,0,0,0,0,4,,0,0,0,1230,4,0,,0,0,0,,,,,0,,,,,0,0,,,
,"/en-ca/collections/black-pocket-pussy",1,1,0,0,0,0,2,,0,0,0,26,2,0,,0,1,1,0,0,0,0,2,,0,0,0,26,2,0,,0,0,0,,,,,0,,,,,0,0,,,
"Product","/products/f9257-160cm5ft3-35kg-e-cup-silicone-realistic-sex-doll%E4%B8%A8doll-senior",1,1,0,0,0,0,1,,0,0,0,0,1,1,,1,1,1,0,0,0,0,1,,0,0,0,0,1,1,,1,0,0,,,,,0,,,,,,0,0,,0
,"/en-ca/collections/sex-doll-with-papaya-breast-pear-shaped-breast",1,1,0,0,0,0,1,,0,0,0,0,1,1,,1,1,1,0,0,0,0,1,,0,0,0,0,1,1,,1,0,0,,,,,0,,,,,,0,0,,0
"Blog Article","/blogs/dolls-info-qustions/how-to-efficiently-dry-a-bbw-sex-doll-torso-best-tools-and-techniques",1,1,0,0,0,0,1,,0,0,0,0,1,1,,1,1,1,0,0,0,0,1,,0,0,0,0,1,1,,1,0,0,,,,,0,,,,,,0,0,,0
,"/en-ca/collections/new-arrivals-robot-sex-dolls",1,1,0,0,0,0,18,,0,0,0,637,18,0,,0,1,1,0,0,0,0,18,,0,0,0,637,18,0,,0,0,0,,,,,0,,,,,0,0,,,
"Product","/products/a259-19lb-sexy-and-real-realistic-fat-lady-ass-sex-doll-torso",1,1,0,0,0,0,7,,0,0,0,218,7,0,,0,1,1,0,0,0,0,7,,0,0,0,218,7,0,,0,0,0,,,,,0,,,,,0,0,,,
"Collection","/collections/tpe-body-silicone-head",1,1,0,0,0,0,23,,0,0,0,1015,23,0,,0,1,1,0,0,0,0,23,,0,0,0,1015,23,0,,0,0,0,,,,,0,,,,,0,0,,,
"Custom Page","/pages/best-sex-doll-promotions",1,1,0,0,0,0,4,,0,0,0,238,4,0,,0,1,1,0,0,0,0,4,,0,0,0,238,4,0,,0,0,0,,,,,0,,,,,0,0,,,
"Product","/products/f5663-175cm-5ft7-e-cup-movable-jaws-silicone-sex-doll-inspiration-zelex-doll",1,1,0,0,0,0,4,,0,0,0,980,4,0,,0,1,1,0,0,0,0,4,,0,0,0,980,4,0,,0,0,0,,,,,0,,,,,0,0,,,
,"/en-ca/collections/galatea-doll",1,1,0,0,0,0,3,,0,0,0,55,3,0,,0,1,1,0,0,0,0,3,,0,0,0,55,3,0,,0,0,0,,,,,0,,,,,0,0,,,
,"/en-fi/collections/vendors",1,1,0,0,0,0,1,,0,0,0,0,1,1,,1,1,1,0,0,0,0,1,,0,0,0,0,1,1,,1,0,0,,,,,0,,,,,,0,0,,0
"Collection","/collections/medium-bust-japanese-sex-doll",1,1,0,0,0,0,1,,0,0,0,0,1,1,,1,1,1,0,0,0,0,1,,0,0,0,0,1,1,,1,0,0,,,,,0,,,,,,0,0,,0
"Product","/products/f9329-150cm-4ft9-41kg-b-cup-ros-silicone-head-shemale-live-sex-doll-doll-castle",1,1,0,0,0,0,1,,0,0,0,0,1,1,,1,1,1,0,0,0,0,1,,0,0,0,0,1,1,,1,0,0,,,,,0,,,,,,0,0,,0
,"/en-ca/blogs/recent-brand-updates-new-arrivals-for-sex-dolls/zelex-k-series-launch-korean-pop-idol-realistic-sex-dolls",1,1,0,0,0,0,1,,0,0,0,0,1,1,,1,1,1,0,0,0,0,1,,0,0,0,0,1,1,,1,0,0,,,,,0,,,,,,0,0,,0
"Checkout","/60719464687/orders/4d82506219b7d33e2a33f459f39f79fe",1,1,0,0,0,0,1,,0,0,0,0,1,1,,1,1,1,0,0,0,0,1,,0,0,0,0,1,1,,1,0,0,,,,,0,,,,,,0,0,,0
"Product","/products/f115-175cm-male-sex-doll",1,1,0,0,0,0,2,,0,0,0,1,2,0,,0,1,1,0,0,0,0,2,,0,0,0,1,2,0,,0,0,0,,,,,0,,,,,0,0,,,
"Product","/products/f5726-150cm4ft9-29kg-anna-c-cup-s-tpe-animes-gel-filled-hentai-sex-doll-irokebijin-doll",1,1,0,0,0,0,3,,0,0,0,48,3,0,,0,1,1,0,0,0,0,3,,0,0,0,48,3,0,,0,0,0,,,,,0,,,,,0,0,,,
"Blog Article","/blogs/dolls-info-qustions/complete-guide-to-shemale-sex-dolls-meeting-all-your-needs",1,1,0,0,0,0,1,,0,0,0,0,1,1,,1,1,1,0,0,0,0,1,,0,0,0,0,1,1,,1,0,0,,,,,0,,,,,,0,0,,0
"Product","/products/t424-48-5lbs-93cm-silicone-luxury-super-realistic-human-size-torso-sex-dolls-and-robots",1,1,0,0,0,0,2,,0,0,0,4,2,0,,0,1,1,0,0,0,0,2,,0,0,0,4,2,0,,0,0,0,,,,,0,,,,,0,0,,,
"Blog Article","/blogs/featured-blog/how-to-use-and-clean-a-squirting-doggy-dildo-doll",1,1,0,0,0,0,1,,0,0,0,0,1,1,,1,1,1,0,0,0,0,1,,0,0,0,0,1,1,,1,0,0,,,,,0,,,,,,0,0,,0
"Product","/products/f2575-170cm5-6ft-43kg-d-cup-snow-angel-vyrella-ros-max-silicone-sex-doll-real-lady",1,1,0,0,0,0,1,,0,0,0,0,1,1,,1,1,1,0,0,0,0,1,,0,0,0,0,1,1,,1,0,0,,,,,0,,,,,,0,0,,0
"Product","/products/f5931-155mcm5-1ft-40kg-2-0-g-cup-asian-anime-silicone-head-chinese-sex-doll-bezlya-doll",1,1,0,0,0,0,8,,0,0,0,75,8,0,,0,1,1,0,0,0,0,8,,0,0,0,75,8,0,,0,0,0,,,,,0,,,,,0,0,,,
"Product","/products/f8210-150cm-5ft-27-5kg-silicone-anime-sex-doll-elsa-babe",1,1,0,0,0,0,4,,0,0,0,103,4,0,,0,1,1,0,0,0,0,4,,0,0,0,103,4,0,,0,0,0,,,,,0,,,,,0,0,,,
"Product","/products/f9000-160cm-5-2ft-36kg-c-cup-tpe-silicone-head-asian-celebrity-sex-doll-sy-doll",1,1,0,0,0,0,1,,0,0,0,0,1,1,,1,1,1,0,0,0,0,1,,0,0,0,0,1,1,,1,0,0,,,,,0,,,,,,0,0,,0
"Collection","/collections/clothes-for-sex-dolls",1,1,0,0,0,0,1,,0,0,0,0,1,1,,1,1,1,0,0,0,0,1,,0,0,0,0,1,1,,1,0,0,,,,,0,,,,,,0,0,,0
"Blog Article","/blogs/dolls-info-qustions/sedolls-latest-oral-suction-amp-heating-functions-are-here",1,1,0,0,0,0,8,,0,0,0,782,8,0,,0,1,1,0,0,0,0,8,,0,0,0,782,8,0,,0,0,0,,,,,0,,,,,0,0,,,
,"/en-ca/pages/celebrity-sex-doll-guide",1,1,0,0,0,0,21,,0,0,0,2173,21,0,,0,1,1,0,0,0,0,21,,0,0,0,2173,21,0,,0,0,0,,,,,0,,,,,0,0,,,
"Product","/products/f9391-168cm5-6ft-39kg-b-cup-silicone-realistic-sex-doll-%E4%B8%A8zelex-doll-k-series",1,1,0,0,0,0,7,,0,0,0,241,7,0,,0,1,1,0,0,0,0,7,,0,0,0,241,7,0,,0,0,0,,,,,0,,,,,0,0,,,
"Blog Article","/blogs/dolls-info-qustions/irontech-doll-launches-the-stunning-oriental-series",1,1,0,0,0,0,2,,0,0,0,11,2,0,,0,1,1,0,0,0,0,2,,0,0,0,11,2,0,,0,0,0,,,,,0,,,,,0,0,,,
"Collection","/collections/top-fire-doll-videos",1,1,0,0,0,0,30,,0,0,0,3389,30,0,,0,1,1,0,0,0,0,30,,0,0,0,3389,30,0,,0,0,0,,,,,0,,,,,0,0,,,
,"/en-fi/collections/japanese-milf-sex-doll",1,1,0,0,0,0,1,,0,0,0,0,1,1,,1,1,1,0,0,0,0,1,,0,0,0,0,1,1,,1,0,0,,,,,0,,,,,,0,0,,0
"Product","/products/f1875-165cm5ft4-a-cup-victoria-most-realistic-sex-doll-irontech-doll",1,1,0,0,0,0,2,,0,0,0,5,2,0,,0,1,1,0,0,0,0,2,,0,0,0,5,2,0,,0,0,0,,,,,0,,,,,0,0,,,
"Collection","/collections/1000-1599-cheap-sex-doll",1,1,0,0,0,0,1,,0,0,0,0,1,1,,1,1,1,0,0,0,0,1,,0,0,0,0,1,1,,1,0,0,,,,,0,,,,,,0,0,,0
"Blog Article","/blogs/dolls-info-qustions/solo-play-with-twist-how-to-combine-sex-doll-with-sex-swing-for-maximum-thrill-and-safety",1,1,0,0,0,0,1,,0,0,0,0,1,1,,1,1,1,0,0,0,0,1,,0,0,0,0,1,1,,1,0,0,,,,,0,,,,,,0,0,,0
,"/en-fi/blogs/dolls-info-qustions/the-big-ass-sex-toy-craze-why-men-are-obsessed-with-full-hipped-dolls",1,1,0,0,0,0,1,,0,0,0,0,1,1,,1,1,1,0,0,0,0,1,,0,0,0,0,1,1,,1,0,0,,,,,0,,,,,,0,0,,0
,"/en-ca/blogs/dolls-info-qustions/how-women-use-sex-dolls",1,1,0,0,0,0,1,,0,0,0,0,1,1,,1,1,1,0,0,0,0,1,,0,0,0,0,1,1,,1,0,0,,,,,0,,,,,,0,0,,0
"Blog Article","/blogs/dolls-info-qustions/best-3-dressing-ways-to-show-off-your-big-boobs-sex-doll",1,1,0,0,0,0,1,,0,0,0,0,1,1,,1,1,1,0,0,0,0,1,,0,0,0,0,1,1,,1,0,0,,,,,0,,,,,,0,0,,0
,"/en-ca/blogs/sex-doll-option-videos/video-04-moaning-sound",1,1,0,0,0,0,5,,0,0,0,40,5,0,,0,1,1,0,0,0,0,5,,0,0,0,40,5,0,,0,0,0,,,,,0,,,,,0,0,,,
"Product","/products/a310-30lb-soft-silicone-soft-realistic-big-ass-sex-dolls-torso",1,1,0,0,0,0,3,,0,0,0,46,3,0,,0,1,1,0,0,0,0,3,,0,0,0,46,3,0,,0,0,0,,,,,0,,,,,0,0,,,
,"/en-ca/collections/huge-breast-torso-sex-doll",1,1,0,0,0,0,7,,0,0,0,94,7,0,,0,1,1,0,0,0,0,7,,0,0,0,94,7,0,,0,0,0,,,,,0,,,,,0,0,,,
"Blog Article","/blogs/dolls-info-qustions/december-spotlight-sex-doll-torso-with-head",1,1,0,0,0,0,1,,0,0,0,0,1,1,,1,1,1,0,0,0,0,1,,0,0,0,0,1,1,,1,0,0,,,,,0,,,,,,0,0,,0
,"/ja/blogs/dolls-info-qustions/who-should-choose-a-sex-doll-torso-in-depth-analysis-amp-recommendation-guide",1,1,0,0,0,0,1,,0,0,0,0,1,1,,1,1,1,0,0,0,0,1,,0,0,0,0,1,1,,1,0,0,,,,,0,,,,,,0,0,,0
,"/de/blogs/dolls-info-qustions/what-s-it-really-like-to-have-sex-nbsp-with-a-sex-doll",1,1,0,0,0,0,1,,0,0,0,0,1,1,,1,1,1,0,0,0,0,1,,0,0,0,0,1,1,,1,0,0,,,,,0,,,,,,0,0,,0
"Product","/products/a409-big-ass-tpe-sex-torso-17-6lb-dual-entry",1,1,0,0,0,0,7,,0,0,0,99,7,0,,0,1,1,0,0,0,0,7,,0,0,0,99,7,0,,0,0,0,,,,,0,,,,,0,0,,,
"Custom Page","/pages/irontech-doll",1,1,0,0,0,0,44,,0,0,0,4086,44,0,,0,1,1,0,0,0,0,44,,0,0,0,4086,44,0,,0,0,0,,,,,0,,,,,0,0,,,
"Product","/products/h027-sex-doll-head",1,1,0,0,0,0,1,,0,0,0,0,1,1,,1,1,1,0,0,0,0,1,,0,0,0,0,1,1,,1,0,0,,,,,0,,,,,,0,0,,0
"Product","/products/t731-h-cup-realistic-nude-doll-torso",1,1,0,0,0,0,29,,0,0,0,1748,29,0,,0,1,1,0,0,0,0,29,,0,0,0,1748,29,0,,0,0,0,,,,,0,,,,,0,0,,,
"Collection","/collections/japanese-roleplay",1,1,0,0,0,0,6,,0,0,0,168,6,0,,0,1,1,0,0,0,0,6,,0,0,0,168,6,0,,0,0,0,,,,,0,,,,,0,0,,,
"Product","/products/f6199-159cm5-2ft-33-5kg-h-cup-ros-max-r12-halloween-silicone-sex-doll-real-lady",1,1,0,0,0,0,1,,0,0,0,0,1,1,,1,1,1,0,0,0,0,1,,0,0,0,0,1,1,,1,0,0,,,,,0,,,,,,0,0,,0
"Product","/products/f710-159cm5-2ft-33-5kg-h-cup-hailey-silicone-sex-doll-real-lady",1,1,0,0,0,0,1,,0,0,0,0,1,1,,1,1,1,0,0,0,0,1,,0,0,0,0,1,1,,1,0,0,,,,,0,,,,,,0,0,,0
"Product","/products/f5542-164cm5ft4-43kg-f-cup-black-tpe-sex-doll-irontech-doll",1,1,0,0,0,0,31,,0,0,0,4941,31,0,,0,1,1,0,0,0,0,31,,0,0,0,4941,31,0,,0,0,0,,,,,0,,,,,0,0,,,
"Blog Article","/blogs/dolls-info-qustions/video-starpery-weight-reduction-4-0",1,1,0,0,0,0,1,,0,0,0,0,1,1,,1,1,1,0,0,0,0,1,,0,0,0,0,1,1,,1,0,0,,,,,0,,,,,,0,0,,0
"Blog Article","/blogs/dolls-info-qustions/frequently-asked-questions-about-lifelike-foot-sex-toys",1,1,0,0,0,0,1,,0,0,0,0,1,1,,1,1,1,0,0,0,0,1,,0,0,0,0,1,1,,1,0,0,,,,,0,,,,,,0,0,,0
,"/en-fi/blogs/dolls-info-qustions/sex-experts-recommend-top-ten-sex-pillows-to-enhance-your-bbw-sex-doll-experience",1,1,0,0,0,0,1,,0,0,0,0,1,1,,1,1,1,0,0,0,0,1,,0,0,0,0,1,1,,1,0,0,,,,,0,,,,,,0,0,,0
"Product","/products/f7110-158cm-5ft2-29kg-d-cup-elf-fantasy-silicone-bull-furry-sex-doll-dominant-fantasy-sex-doll-with-horns-castle-doll",1,1,0,0,0,0,30,,0,0,0,1864,30,0,,0,1,1,0,0,0,0,30,,0,0,0,1864,30,0,,0,0,0,,,,,0,,,,,0,0,,,
,"/en-ca/blogs/dolls-info-qustions/s-tpe",1,1,0,0,0,0,4,,0,0,0,2153,4,0,,0,1,1,0,0,0,0,4,,0,0,0,2153,4,0,,0,0,0,,,,,0,,,,,0,0,,,
"Blog Article","/blogs/dolls-info-qustions/10-countries-legal-to-buy-sex-dolls",1,1,0,0,0,0,10,,0,0,0,1010,10,0,,0,1,1,0,0,0,0,10,,0,0,0,1010,10,0,,0,0,0,,,,,0,,,,,0,0,,,
,"/de/products/8519665189103",1,1,0,0,0,0,1,,0,0,0,0,1,1,,1,1,1,0,0,0,0,1,,0,0,0,0,1,1,,1,0,0,,,,,0,,,,,,0,0,,0
"Product","/products/a441-8-24lb-pocket-pussy-vagina-stroker-male-masturbator-lovenestle",1,1,0,0,0,0,1,,0,0,0,0,1,1,,1,1,1,0,0,0,0,1,,0,0,0,0,1,1,,1,0,0,,,,,0,,,,,,0,0,,0
"Collection","/collections/buying-first-sex-doll",1,1,1,1,0,0,12,0,1,1,0,215,12,0,0,0,1,1,1,1,0,0,12,0,1,1,0,215,12,0,0,0,0,0,0,0,,,0,,0,0,,0,0,,,
"Product","/products/p112-24-46lb-fake-pussy-mini-sex-doll-torso-mrl",1,1,0,0,0,0,1,,0,0,0,0,1,1,,1,1,1,0,0,0,0,1,,0,0,0,0,1,1,,1,0,0,,,,,0,,,,,,0,0,,0
"Product","/products/yeloly-57-3lbs-91cm-silicone-torso-sex-doll-t751",1,1,0,0,0,0,3,,0,0,0,180,3,0,,0,1,1,0,0,0,0,3,,0,0,0,180,3,0,,0,0,0,,,,,0,,,,,0,0,,,
,"/en-ca/products/f5616-161cm5ft3-35kg-regina-k-f-cup-tpe-buy-robot-celebrity-sex-dolls-se-doll",1,1,0,0,0,0,3,,0,0,0,75,3,0,,0,1,1,0,0,0,0,3,,0,0,0,75,3,0,,0,0,0,,,,,0,,,,,0,0,,,
,"/de/collections/anime-hentai-sex-doll",1,1,0,0,0,0,1,,0,0,0,0,1,1,,1,1,1,0,0,0,0,1,,0,0,0,0,1,1,,1,0,0,,,,,0,,,,,,0,0,,0
,"/en-fi/blogs/dolls-info-qustions/what-is-the-experience-like-with-a-big-ass-sex-doll-real-feelings-in-depth-review",1,1,0,0,0,0,3,,0,0,0,64,3,0,,0,1,1,0,0,0,0,3,,0,0,0,64,3,0,,0,0,0,,,,,0,,,,,0,0,,,
,"/de/collections/rosertty-doll",1,1,0,0,0,0,2,,0,0,0,77,2,0,,0,1,1,0,0,0,0,2,,0,0,0,77,2,0,,0,0,0,,,,,0,,,,,0,0,,,
"Product","/products/v321-silicone-sexy-feet-worship-toy-feet-fleshlight-for-adults",1,1,0,0,0,0,1,,0,0,0,0,1,1,,1,1,1,0,0,0,0,1,,0,0,0,0,1,1,,1,0,0,,,,,0,,,,,,0,0,,0
"Blog Article","/blogs/dolls-info-qustions/zelex-inspiration-series-2-0-gets-a-full-scale-upgrade-ultra-realistic-dolls-are-here-to-amaze",1,1,0,0,0,0,1,,0,0,0,0,1,1,,1,1,1,0,0,0,0,1,,0,0,0,0,1,1,,1,0,0,,,,,0,,,,,,0,0,,0
"Product","/products/l581-30-8lb-39-3-sexy-busty-female-sex-doll-legs-sex-doll-legs-torso",1,1,0,0,0,0,15,,0,0,0,820,15,0,,0,1,1,0,0,0,0,15,,0,0,0,820,15,0,,0,0,0,,,,,0,,,,,0,0,,,
"Product","/products/t619-11lb-hannah-mini-muscular-sex-doll-male-masturbator%E4%B8%A8tantaly",1,1,0,0,0,0,1,,0,0,0,0,1,1,,1,1,1,0,0,0,0,1,,0,0,0,0,1,1,,1,0,0,,,,,0,,,,,,0,0,,0
"Product","/products/a793-silicone-big-ass-sex-doll-torso-butt-yeloly",1,1,0,0,0,0,10,,0,0,0,784,10,0,,0,1,1,0,0,0,0,10,,0,0,0,784,10,0,,0,0,0,,,,,0,,,,,0,0,,,
"Product","/products/f7669-irokebijin-l-cup-gel-filled-anime-bbw-sex-doll-torso",1,1,0,0,0,0,10,,0,0,0,356,10,0,,0,1,1,0,0,0,0,10,,0,0,0,356,10,0,,0,0,0,,,,,0,,,,,0,0,,,
,"/de/collections/firefly-diary",1,1,0,0,0,0,2,,0,0,0,72,2,0,,0,1,1,0,0,0,0,2,,0,0,0,72,2,0,,0,0,0,,,,,0,,,,,0,0,,,
"Collection","/collections/medium-size-ass",1,1,0,0,0,0,4,,0,0,0,215,4,0,,0,1,1,0,0,0,0,4,,0,0,0,215,4,0,,0,0,0,,,,,0,,,,,0,0,,,
,"/de/blogs/dolls-info-qustions/5-new-bbw-sex-dolls-for-november-2025",1,1,0,0,0,0,1,,0,0,0,0,1,1,,1,1,1,0,0,0,0,1,,0,0,0,0,1,1,,1,0,0,,,,,0,,,,,,0,0,,0
"Product","/products/f5897-158cm-5ft2-47kg-c-cup-asian-ros-silicone-sex-doll-shedoll",1,1,0,0,0,0,7,,0,0,0,151,7,0,,0,1,1,0,0,0,0,7,,0,0,0,151,7,0,,0,0,0,,,,,0,,,,,0,0,,,
"Product","/products/f5150-163cm-d-cup-ros-silicone-sex-doll-galatea-doll",1,1,0,0,0,0,1,,0,0,0,0,1,1,,1,1,1,0,0,0,0,1,,0,0,0,0,1,1,,1,0,0,,,,,0,,,,,,0,0,,0
"Product","/products/t292-70-55-lbs-chloe-ros-life-size-silicone-sex-doll-torso-with-head-in-stock-usa-europe-max-series",1,1,0,0,0,0,29,,0,0,0,1263,29,0,,0,1,1,0,0,0,0,29,,0,0,0,1263,29,0,,0,0,0,,,,,0,,,,,0,0,,,
"Product","/products/p401-2-1lbs-zombaebby-monster-girl-tentacle-octopus-hentai-onahole-mrl",1,1,0,0,0,0,1,,0,0,0,0,1,1,,1,1,1,0,0,0,0,1,,0,0,0,0,1,1,,1,0,0,,,,,0,,,,,,0,0,,0
"Product","/products/p12-hentai-fake-vagina",1,1,0,0,0,0,1,,0,0,0,0,1,1,,1,1,1,0,0,0,0,1,,0,0,0,0,1,1,,1,0,0,,,,,0,,,,,,0,0,,0
"Product","/products/f5574-165cm5-5ft-34kg-d-cup-anime-hentai-silicone-sex-doll%E4%B8%A8wm-doll",1,1,0,0,0,0,1,,0,0,0,0,1,1,,1,1,1,0,0,0,0,1,,0,0,0,0,1,1,,1,0,0,,,,,0,,,,,,0,0,,0
"Blog Article","/blogs/dolls-info-qustions/how-to-use-and-clean-a-squirting-doggy-dildo-doll",1,1,0,0,0,0,1,,0,0,0,0,1,1,,1,1,1,0,0,0,0,1,,0,0,0,0,1,1,,1,0,0,,,,,0,,,,,,0,0,,0
"Product","/products/f9133k-160cm-5ft332-5kg-k-cup-best-fat-huge-breasts-silicone-ssbbw-sex-doll-in-stock-us-starpery-doll",1,1,0,0,0,0,1,,0,0,0,0,1,1,,1,1,1,0,0,0,0,1,,0,0,0,0,1,1,,1,0,0,,,,,0,,,,,,0,0,,0
"Product","/products/f6266-172cm-5-6ft-37-5kg-a-cup-realistic-flat-chest-sex-doll-with-ros-head-top-cydoll",1,1,0,0,0,0,1,,0,0,0,0,1,1,,1,1,1,0,0,0,0,1,,0,0,0,0,1,1,,1,0,0,,,,,0,,,,,,0,0,,0
,"/en-ca/blogs/dolls-info-qustions/avoid-sex-doll-scams",1,1,0,0,0,0,1,,0,0,0,0,1,1,,1,1,1,0,0,0,0,1,,0,0,0,0,1,1,,1,0,0,,,,,0,,,,,,0,0,,0
"Product","/products/f2583-164cm-f-cup-ebony-suntan-big-boobs-silicone-sex-doll-irontech-doll",1,1,0,0,0,0,9,,0,0,0,268,9,0,,0,1,1,0,0,0,0,9,,0,0,0,268,9,0,,0,0,0,,,,,0,,,,,0,0,,,
,"/ja/blogs/dolls-info-qustions/shedoll-s-coolrush-tpe-a-game-changer-in-sex-doll-materials",1,1,0,0,0,0,1,,0,0,0,0,1,1,,1,1,1,0,0,0,0,1,,0,0,0,0,1,1,,1,0,0,,,,,0,,,,,,0,0,,0
"Product","/products/f7698-163cm5ft3-33kg-e-cup-life-size-ros-silicone-life-size-sex-dolls-lightweight-wm-doll",1,1,0,0,0,0,1,,0,0,0,0,1,1,,1,1,1,0,0,0,0,1,,0,0,0,0,1,1,,1,0,0,,,,,0,,,,,,0,0,,0
"Product","/products/t345-biggest-bbw-sex-doll-torso-black-stpe-58lbs-climax-doll",1,1,0,0,0,0,1,,0,0,0,0,1,1,,1,1,1,0,0,0,0,1,,0,0,0,0,1,1,,1,0,0,,,,,0,,,,,,0,0,,0
,"/en-ca/collections/torso-shemale-sex-doll",1,1,0,0,0,0,1,,0,0,0,0,1,1,,1,1,1,0,0,0,0,1,,0,0,0,0,1,1,,1,0,0,,,,,0,,,,,,0,0,,0
"Product","/products/p398-2-1lbs-asphodel-anime-pocket-pussy-hentia-sex-dolls-mrl",1,1,1,0,0,0,4,,1,0,0,771,4,0,,0,1,1,1,0,0,0,4,,1,0,0,771,4,0,,0,0,0,0,,,,0,,0,,,0,0,,,
"Blog Article","/blogs/dolls-info-qustions/do-sex-doll-butts-give-you-the-benefits-of-real-ones",1,1,0,0,0,0,1,,0,0,0,0,1,1,,1,1,1,0,0,0,0,1,,0,0,0,0,1,1,,1,0,0,,,,,0,,,,,,0,0,,0
"Blog Article","/blogs/dolls-info-qustions/mlws-power-move-t1-t2-torso-upgrades-debut-alongside-sora-ros",1,1,0,0,0,0,1,,0,0,0,0,1,1,,1,1,1,0,0,0,0,1,,0,0,0,0,1,1,,1,0,0,,,,,0,,,,,,0,0,,0
"Product","/products/f5532-150cm4ft9-26-2kg-b-cup-small-breast-tpe-sex-doll-aibei-doll",1,1,0,0,0,0,1,,0,0,0,0,1,1,,1,1,1,0,0,0,0,1,,0,0,0,0,1,1,,1,0,0,,,,,0,,,,,,0,0,,0
,"/de/blogs/dolls-info-qustions/pocket-pussy-full-range-of-types-which-one-is-best-for-you",1,1,0,0,0,0,1,,0,0,0,0,1,1,,1,1,1,0,0,0,0,1,,0,0,0,0,1,1,,1,0,0,,,,,0,,,,,,0,0,,0
,"/en-ca/products/f5937-155mcm5-1ft-40kg-2-0-g-cup-asian-anime-silicone-head-chinese-sex-doll-bezlya-doll",1,1,0,0,0,0,2,,0,0,0,32,2,0,,0,1,1,0,0,0,0,2,,0,0,0,32,2,0,,0,0,0,,,,,0,,,,,0,0,,,
"Blog Article","/blogs/dolls-info-qustions/how-to-prevent-tearing-in-the-vagina-and-anus-of-tpe-or-silicone-sex-dolls",1,1,0,0,0,0,2,,0,0,0,274,2,0,,0,1,1,0,0,0,0,2,,0,0,0,274,2,0,,0,0,0,,,,,0,,,,,0,0,,,
"Product","/products/t316-sex-torso-realistic-female-sex-torso-sineem",1,1,0,0,0,0,16,,0,0,0,1205,16,0,,0,1,1,0,0,0,0,16,,0,0,0,1205,16,0,,0,0,0,,,,,0,,,,,0,0,,,
"Product","/products/b75-silicone-black-huge-tits-sex-torso-in-stock-usa-mrl",1,1,0,0,0,0,3,,0,0,0,64,3,0,,0,1,1,0,0,0,0,3,,0,0,0,64,3,0,,0,0,0,,,,,0,,,,,0,0,,,
,"/en-fi/collections/anime-sex-doll",1,1,0,0,0,0,2,,0,0,0,2,2,0,,0,1,1,0,0,0,0,2,,0,0,0,2,2,0,,0,0,0,,,,,0,,,,,0,0,,,
,"/en-ca/blogs/featured-blog/best-torso-sex-doll-brands-of-2026",1,1,0,0,0,0,1,,0,0,0,0,1,1,,1,1,1,0,0,0,0,1,,0,0,0,0,1,1,,1,0,0,,,,,0,,,,,,0,0,,0
"Blog Article","/blogs/dolls-info-qustions/sex-doll-torso-could-affect-your-future",1,1,0,0,0,0,1,,0,0,0,0,1,1,,1,1,1,0,0,0,0,1,,0,0,0,0,1,1,,1,0,0,,,,,0,,,,,,0,0,,0
"Blog Article","/blogs/dolls-info-qustions/mini-sex-dolls-does-mini-mean-low-quality",1,1,0,0,0,0,2,,0,0,0,25,2,0,,0,1,1,0,0,0,0,2,,0,0,0,25,2,0,,0,0,0,,,,,0,,,,,0,0,,,
,"/en-fi/blogs/dolls-info-qustions/who-should-choose-a-sex-doll-torso-in-depth-analysis-amp-recommendation-guide",1,1,0,0,0,0,1,,0,0,0,0,1,1,,1,1,1,0,0,0,0,1,,0,0,0,0,1,1,,1,0,0,,,,,0,,,,,,0,0,,0
"Product","/products/f9120k-163cm-5ft3-32-6kg-c-cup-asuka-asian-silicone-anime-japanese-sex-doll-in-stock-us-starpery-doll",1,1,0,0,0,0,2,,0,0,0,45,2,0,,0,1,1,0,0,0,0,2,,0,0,0,45,2,0,,0,0,0,,,,,0,,,,,0,0,,,
,"/de/cart",1,1,0,0,0,0,1,,0,0,0,0,1,1,,1,1,1,0,0,0,0,1,,0,0,0,0,1,1,,1,0,0,,,,,0,,,,,,0,0,,0
"Product","/products/t621-30-3lb-7-1inch-big-penis-trans-sex-doll-torso%E4%B8%A8tantaly",1,1,0,0,0,0,1,,0,0,0,0,1,1,,1,1,1,0,0,0,0,1,,0,0,0,0,1,1,,1,0,0,,,,,0,,,,,,0,0,,0
"Product","/products/p122-realistic-silicone-pocket-pussy-lifelike-details-real-feel-judy-rona",1,1,0,0,0,0,1,,0,0,0,0,1,1,,1,1,1,0,0,0,0,1,,0,0,0,0,1,1,,1,0,0,,,,,0,,,,,,0,0,,0
"Product","/products/a457-37-74lb-silicone-1-1-life-sized-pussy-ass-masturbator-big-ass-torso-lovenestle",1,1,0,0,0,0,4,,0,0,0,125,4,0,,0,1,1,0,0,0,0,4,,0,0,0,125,4,0,,0,0,0,,,,,0,,,,,0,0,,,
,"/en-fi/collections/lesbian-sex-doll-torso",1,1,0,0,0,0,1,,0,0,0,0,1,1,,1,1,1,0,0,0,0,1,,0,0,0,0,1,1,,1,0,0,,,,,0,,,,,,0,0,,0
"Product","/products/f2381-fat-sex-dolls-bbw-sex-doll-150cm-tpe",1,1,0,0,0,0,17,,0,0,0,2606,17,0,,0,1,1,0,0,0,0,17,,0,0,0,2606,17,0,,0,0,0,,,,,0,,,,,0,0,,,
"Product","/products/t683-24lbsexy-and-real-realistic-ass-sex-doll-torso",1,1,0,0,0,0,1,,0,0,0,0,1,1,,1,1,1,0,0,0,0,1,,0,0,0,0,1,1,,1,0,0,,,,,0,,,,,,0,0,,0
"Product","/products/b74-15lbs-silicone-big-boobs-sex-doll-torso-in-stock-usa-mrl",1,1,0,0,0,0,1,,0,0,0,0,1,1,,1,1,1,0,0,0,0,1,,0,0,0,0,1,1,,1,0,0,,,,,0,,,,,,0,0,,0
,"/en-ca/collections/65cm-sex-doll",1,1,0,0,0,0,1,,0,0,0,0,1,1,,1,1,1,0,0,0,0,1,,0,0,0,0,1,1,,1,0,0,,,,,0,,,,,,0,0,,0
"Product","/products/f4768-155rcm5-1ft-37kg-2-0-a-cup-robot-silicone-head-adult-asian-chinese-sex-doll-bezlya-doll",1,1,0,0,0,0,82,,0,0,0,4403,82,0,,0,1,1,0,0,0,0,82,,0,0,0,4403,82,0,,0,0,0,,,,,0,,,,,0,0,,,
,"/en-fi/products/linkdolls-f2236-157cm5ft1-makoto-h-cup-tpe-sexy-big-breasted-love-doll-se-doll",1,1,0,0,0,0,1,,0,0,0,0,1,1,,1,1,1,0,0,0,0,1,,0,0,0,0,1,1,,1,0,0,,,,,0,,,,,,0,0,,0
,"/en-ca/products/f9330-150cm-4ft9-41kg-b-cup-ros-silicone-head-shemale-doll-hot-sex-doll-castle",1,1,0,0,0,0,7,,0,0,0,228,7,0,,0,1,1,0,0,0,0,7,,0,0,0,228,7,0,,0,0,0,,,,,0,,,,,0,0,,,
"Checkout","/checkouts/cn/hWNDdRewAHNduiVdrnDQbQKm/en-us",1,1,0,1,0,0,1,0,0,1,0,0,1,0,,0,1,1,0,1,0,0,1,0,0,1,0,0,1,0,,0,0,0,,0,,,0,,,0,,,0,,,
"Blog Article","/blogs/sex-doll-torso-blog/breast-types-for-sex-doll-torso",1,1,0,0,0,0,1,,0,0,0,0,1,1,,1,1,1,0,0,0,0,1,,0,0,0,0,1,1,,1,0,0,,,,,0,,,,,,0,0,,0
,"/en-ca/search",1,1,0,1,0,0,5,0,0,1,0,781,5,0,,0,1,1,0,1,0,0,5,0,0,1,0,781,5,0,,0,0,0,,0,,,0,,,0,,0,0,,,
"Product","/products/a308-13lb-19lb-30lb-three-sizes-silicone-soft-realistic-big-ass-sex-dolls-torso",1,1,0,0,0,0,2,,0,0,0,32,2,0,,0,1,1,0,0,0,0,2,,0,0,0,32,2,0,,0,0,0,,,,,0,,,,,0,0,,,
"Product","/products/t336-117cm-3ft9-22kg-f-cup-natural-zoe-ellis-a-silicone-realistic-sex-doll-torso-se-doll",1,1,0,0,0,0,1,,0,0,0,0,1,1,,1,1,1,0,0,0,0,1,,0,0,0,0,1,1,,1,0,0,,,,,0,,,,,,0,0,,0
"Product","/products/d4041-lbs%E4%B8%A88-58-fantasy-dog-dildo-silicone-knot-dildo",1,1,0,0,0,0,1,,0,0,0,0,1,1,,1,1,1,0,0,0,0,1,,0,0,0,0,1,1,,1,0,0,,,,,0,,,,,,0,0,,0
,"/en-ca/blogs/dolls-info-qustions/7-best-mini-torso-sex-dolls-for-beginners",1,1,0,0,0,0,2,,0,0,0,44,2,0,,0,1,1,0,0,0,0,2,,0,0,0,44,2,0,,0,0,0,,,,,0,,,,,0,0,,,
"Checkout","/60719464687/orders/42b621fb1c17351a7dcfda5341ebbaad",1,1,0,0,0,0,1,,0,0,0,0,1,1,,1,1,1,0,0,0,0,1,,0,0,0,0,1,1,,1,0,0,,,,,0,,,,,,0,0,,0
,"/en-fi/blogs/featured-blog/exhibition-diary-the-2025-guangzhou-adult-expo-was-absolutely-mind-blowing",1,1,0,0,0,0,1,,0,0,0,0,1,1,,1,1,1,0,0,0,0,1,,0,0,0,0,1,1,,1,0,0,,,,,0,,,,,,0,0,,0
,"/de/collections/ido-doll",1,1,0,0,0,0,2,,0,0,0,17,2,0,,0,1,1,0,0,0,0,2,,0,0,0,17,2,0,,0,0,0,,,,,0,,,,,0,0,,,
"Product","/products/f2384-sy-163cm-g-cup-bbw-big-ass-life-size-sex-doll",1,1,0,0,0,0,1,,0,0,0,0,1,1,,1,1,1,0,0,0,0,1,,0,0,0,0,1,1,,1,0,0,,,,,0,,,,,,0,0,,0
"Product","/products/t68-luxury-lifelike-silicone-sex-doll-torso-sigafun-doll",1,1,0,0,0,0,1,,0,0,0,0,1,1,,1,1,1,0,0,0,0,1,,0,0,0,0,1,1,,1,0,0,,,,,0,,,,,,0,0,,0
,"/ja/blogs/dolls-info-qustions/the-5-most-popular-black-sex-doll-brands-of-2025",1,1,0,0,0,0,1,,0,0,0,0,1,1,,1,1,1,0,0,0,0,1,,0,0,0,0,1,1,,1,0,0,,,,,0,,,,,,0,0,,0
"Blog Article","/blogs/real-sex-doll-reviews-pros-cons-real-usage-tests/the-ultimate-in-in-depth-experience-sharing-of-sy-doll-163cm-big-bottomed-plus-size",1,1,0,0,0,0,3,,0,0,0,1168,3,0,,0,1,1,0,0,0,0,3,,0,0,0,1168,3,0,,0,0,0,,,,,0,,,,,0,0,,,
"Product","/products/p57-large-stimulating-fake-sexy-vagina-big-realistic-pussy",1,1,0,0,0,0,1,,0,0,0,0,1,1,,1,1,1,0,0,0,0,1,,0,0,0,0,1,1,,1,0,0,,,,,0,,,,,,0,0,,0
,"/en-ca/collections/sex-doll-with-electric-hip-and-waist",1,1,0,0,0,0,10,,0,0,0,515,10,0,,0,1,1,0,0,0,0,10,,0,0,0,515,10,0,,0,0,0,,,,,0,,,,,0,0,,,
"Product","/products/h207-ros-silicone-sex-doll-head%E4%B8%A8galatea-doll-head",1,1,1,0,0,0,146,,1,0,0,13458,146,0,,0,1,1,1,0,0,0,146,,1,0,0,13458,146,0,,0,0,0,0,,,,0,,0,,,0,0,,,
"Blog Article","/blogs/dolls-info-qustions/disabled-men-to-improve-their-sex-life",1,1,0,0,0,0,1,,0,0,0,0,1,1,,1,1,1,0,0,0,0,1,,0,0,0,0,1,1,,1,0,0,,,,,0,,,,,,0,0,,0
,"/en-ca/collections/sex-doll-anal",1,1,0,0,0,0,7,,0,0,0,95,7,0,,0,1,1,0,0,0,0,7,,0,0,0,95,7,0,,0,0,0,,,,,0,,,,,0,0,,,
"Product","/products/f6211-165cm-5ft4-37kg-a-cup-silicone-halloween-sex-doll-small-breasts-firefly-diary-max",1,1,0,0,0,0,1,,0,0,0,0,1,1,,1,1,1,0,0,0,0,1,,0,0,0,0,1,1,,1,0,0,,,,,0,,,,,,0,0,,0
"Product","/products/f5865-170cm-5ft6-in-39kg-i-cup-european-silicone-sex-doll-il-doll",1,1,0,0,0,0,29,,0,0,0,1658,29,0,,0,1,1,0,0,0,0,29,,0,0,0,1658,29,0,,0,0,0,,,,,0,,,,,0,0,,,
"Product","/products/f4677-150cm-4ft928kg-ariel-j-cup-mini-realistic-young-silicone-sex-doll-piper-doll",1,1,0,0,0,0,1,,0,0,0,0,1,1,,1,1,1,0,0,0,0,1,,0,0,0,0,1,1,,1,0,0,,,,,0,,,,,,0,0,,0
"Product","/products/h891-silicone-sex-doll-head-elsa-babe-head",1,1,0,0,0,0,1,,0,0,0,0,1,1,,1,1,1,0,0,0,0,1,,0,0,0,0,1,1,,1,0,0,,,,,0,,,,,,0,0,,0
"Product","/products/t1357-3lb-cinnamon-gel-breast-luxury-bbw-big-boobs-sex-doll-torso-in-stock-usa-climax-doll",1,1,0,0,0,0,1,,0,0,0,0,1,1,,1,1,1,0,0,0,0,1,,0,0,0,0,1,1,,1,0,0,,,,,0,,,,,,0,0,,0
"Product","/products/f6161-150cm-34kg-n-cup-full-silicone-bbw-hentai-sex-doll-castle-doll",1,1,0,0,0,0,19,,0,0,0,2311,19,0,,0,1,1,0,0,0,0,19,,0,0,0,2311,19,0,,0,0,0,,,,,0,,,,,0,0,,,
"Product","/products/a423-17-6lb-silicone-butt-sexy-and-real-realistic-big-ass-sex-doll-torso",1,1,0,0,0,0,1,,0,0,0,0,1,1,,1,1,1,0,0,0,0,1,,0,0,0,0,1,1,,1,0,0,,,,,0,,,,,,0,0,,0
"Collection","/collections/huge",1,1,0,0,0,0,2,,0,0,0,29,2,0,,0,1,1,0,0,0,0,2,,0,0,0,29,2,0,,0,0,0,,,,,0,,,,,0,0,,,
,"/de/blogs/dolls-info-qustions/affordable-luxury-top-value-cheap-sex-doll-recommendations",1,1,0,0,0,0,1,,0,0,0,0,1,1,,1,1,1,0,0,0,0,1,,0,0,0,0,1,1,,1,0,0,,,,,0,,,,,,0,0,,0
"Blog Article","/blogs/dolls-info-qustions/2024-why-does-my-realistic-sex-toy-smell-like-chemicals",1,1,0,0,0,0,1,,0,0,0,0,1,1,,1,1,1,0,0,0,0,1,,0,0,0,0,1,1,,1,0,0,,,,,0,,,,,,0,0,,0
,"/en-fi/products/f541-161cm-bbw-sex-doll-starpery-doll",1,1,0,0,0,0,3,,0,0,0,13,3,0,,0,1,1,0,0,0,0,3,,0,0,0,13,3,0,,0,0,0,,,,,0,,,,,0,0,,,
,"/en-ca/blogs/dolls-info-qustions/alien-sex-doll-recommendations-embark-on-an-interdimensional-passion-adventure-%F0%9F%9A%80%F0%9F%92%AB",1,1,0,0,0,0,1,,0,0,0,0,1,1,,1,1,1,0,0,0,0,1,,0,0,0,0,1,1,,1,0,0,,,,,0,,,,,,0,0,,0
"Product","/products/f9319-150cm4ft11-30kg-f-cup-silicone-life-like-mini-sex-doll-doll-castle",1,1,0,0,0,0,1,,0,0,0,0,1,1,,1,1,1,0,0,0,0,1,,0,0,0,0,1,1,,1,0,0,,,,,0,,,,,,0,0,,0
,"/en-fi/products/f4872-162cm-5ft4-51kg-cup-chubby-silicone-ssbbw-sex-doll-irontech-doll",1,1,0,0,0,0,1,,0,0,0,0,1,1,,1,1,1,0,0,0,0,1,,0,0,0,0,1,1,,1,0,0,,,,,0,,,,,,0,0,,0
"Collection","/collections/xing-se",1,1,0,0,0,0,1,,0,0,0,0,1,1,,1,1,1,0,0,0,0,1,,0,0,0,0,1,1,,1,0,0,,,,,0,,,,,,0,0,,0
"Blog Article","/blogs/real-sex-doll-reviews-pros-cons-real-usage-tests/best-budget-full-size-sex-dolls-in-2026-azm-ridmii-top-cy-sigafun-reviewed",1,1,0,0,0,0,1,,0,0,0,0,1,1,,1,1,1,0,0,0,0,1,,0,0,0,0,1,1,,1,0,0,,,,,0,,,,,,0,0,,0
"Product","/products/f2344a-151cm4-9ft-65kg-t-cup-hips-over-155-jasmine-bbw-biggest-ass-huge-breast-movable-jaw-sex-doll%E4%B8%A8climax-doll-pro",1,1,0,0,0,0,2,,0,0,0,51,2,0,,0,1,1,0,0,0,0,2,,0,0,0,51,2,0,,0,0,0,,,,,0,,,,,0,0,,,
"Product","/products/top-cydoll-176cm-silicone-sex-doll-f8587",1,1,0,0,0,0,6,,0,0,0,190,6,0,,0,1,1,0,0,0,0,6,,0,0,0,190,6,0,,0,0,0,,,,,0,,,,,0,0,,,
"Custom Page","/pages/japanese-sex-doll-buying-guide-1",1,1,0,0,0,0,3,,0,0,0,39,3,0,,0,1,1,0,0,0,0,3,,0,0,0,39,3,0,,0,0,0,,,,,0,,,,,0,0,,,
"Product","/products/irontech-doll-164cm-full-sex-doll-f1860k",1,1,0,0,0,0,35,,0,0,0,5686,35,0,,0,1,1,0,0,0,0,35,,0,0,0,5686,35,0,,0,0,0,,,,,0,,,,,0,0,,,
"Product","/products/f7890-13-4kg-silicone-cute-furry-sex-doll-pamick-mrl",1,1,0,0,0,0,2,,0,0,0,0,2,0,,0,1,1,0,0,0,0,2,,0,0,0,0,2,0,,0,0,0,,,,,0,,,,,,0,,,
,"/en-fi/collections/anime-sex-doll-under-200",1,1,0,0,0,0,4,,0,0,0,478,4,0,,0,1,1,0,0,0,0,4,,0,0,0,478,4,0,,0,0,0,,,,,0,,,,,0,0,,,
"Blog Article","/blogs/featured-blog/complete-guide-to-fixing-tpe-full-size-sex-doll-makeup-fading",1,1,0,0,0,0,1,,0,0,0,0,1,1,,1,1,1,0,0,0,0,1,,0,0,0,0,1,1,,1,0,0,,,,,0,,,,,,0,0,,0
,"/en-fi/collections/vajankle-foot-fetish-toys",1,1,0,0,0,0,1,,0,0,0,0,1,1,,1,1,1,0,0,0,0,1,,0,0,0,0,1,1,,1,0,0,,,,,0,,,,,,0,0,,0
"Product","/products/b36-7-5lb-full-bust-24inch-cinnamon-silicone-breast-sex-titty-fucking-mammary-intercourse-sex-toy-titjob-boob-job-titty-fucking",1,1,1,1,0,0,4,0,1,1,0,1238,4,0,0,0,1,1,1,1,0,0,4,0,1,1,0,1238,4,0,0,0,0,0,0,0,,,0,,0,0,,0,0,,,
"Blog Article","/blogs/dolls-info-qustions/enhancing-your-bbw-sex-doll-experience-customization-options-to-consider",1,1,0,0,0,0,1,,0,0,0,0,1,1,,1,1,1,0,0,0,0,1,,0,0,0,0,1,1,,1,0,0,,,,,0,,,,,,0,0,,0
,"/en-ca/blogs/sex-doll-torso-blog/5-ways-to-pick-the-fitted-sex-doll-torso",1,1,0,0,0,0,1,,0,0,0,0,1,1,,1,1,1,0,0,0,0,1,,0,0,0,0,1,1,,1,0,0,,,,,0,,,,,,0,0,,0
,"/en-fi/collections/life-sized-sex-doll",1,1,0,0,0,0,2,,0,0,0,22,2,0,,0,1,1,0,0,0,0,2,,0,0,0,22,2,0,,0,0,0,,,,,0,,,,,0,0,,,
"Checkout","/checkouts/cn/hWNDdL12wJBAiXokRz3MqHVY/en-us",1,1,0,1,0,0,1,0,0,1,0,0,1,0,,0,1,1,0,1,0,0,1,0,0,1,0,0,1,0,,0,0,0,,0,,,0,,,0,,,0,,,
,"/en-fi/pages/full-doll",1,1,0,0,0,0,15,,0,0,0,390,15,0,,0,1,1,0,0,0,0,15,,0,0,0,390,15,0,,0,0,0,,,,,0,,,,,0,0,,,
"Product","/products/firefly-diary-a-cup-silicone-cute-young-asian-151cm",1,1,0,0,0,0,2,,0,0,0,10,2,0,,0,1,1,0,0,0,0,2,,0,0,0,10,2,0,,0,0,0,,,,,0,,,,,0,0,,,
"Product","/products/t924-111cm3ft7-27-4kg-k-cup-silicone-head-movable-jaw-sle-body-bubble-butt-silicone-sex-doll-torso-with-head-zelex-doll",1,1,0,0,0,0,1,,0,0,0,0,1,1,,1,1,1,0,0,0,0,1,,0,0,0,0,1,1,,1,0,0,,,,,0,,,,,,0,0,,0
"Blog Article","/blogs/dolls-info-qustions/10-online-stores-that-sell-regular-dolls-by-tdf",1,1,0,0,0,0,1,,0,0,0,0,1,1,,1,1,1,0,0,0,0,1,,0,0,0,0,1,1,,1,0,0,,,,,0,,,,,,0,0,,0
"Product","/products/f1245-164cm-f-cup-maria-big-tits-sex-doll-irontech-doll",1,1,0,0,0,0,1,,0,0,0,0,1,1,,1,1,1,0,0,0,0,1,,0,0,0,0,1,1,,1,0,0,,,,,0,,,,,,0,0,,0
,"/en-ca/products/h1046-silicone-sex-doll-head%E4%B8%A8aibei-doll-head",1,1,0,0,0,0,4,,0,0,0,570,4,0,,0,1,1,0,0,0,0,4,,0,0,0,570,4,0,,0,0,0,,,,,0,,,,,0,0,,,
,"/de/pages/ai-sex-doll-function",1,1,0,0,0,0,1,,0,0,0,0,1,1,,1,1,1,0,0,0,0,1,,0,0,0,0,1,1,,1,0,0,,,,,0,,,,,,0,0,,0
,"/en-ca/products/f9424-164cm-d-cup-silicone-lifelike-fit-female-sex-dolls-galatea-doll",1,1,0,0,0,0,4,,0,0,0,145,4,0,,0,1,1,0,0,0,0,4,,0,0,0,145,4,0,,0,0,0,,,,,0,,,,,0,0,,,
"Product","/products/h366-silicone-sex-doll-head-real-lady-doll",1,1,0,0,0,0,1,,0,0,0,1,1,1,,1,1,1,0,0,0,0,1,,0,0,0,1,1,1,,1,0,0,,,,,0,,,,,0,0,0,,0
"Product","/products/f1063-162cm-tpe-sex-doll-fun-west-doll",1,1,1,0,0,0,9,,1,0,0,1639,9,0,,0,1,1,1,0,0,0,9,,1,0,0,1639,9,0,,0,0,0,0,,,,0,,0,,,0,0,,,
"Product","/products/f676-170cm-silicone-love-doll-zelex-doll",1,1,0,0,0,0,1,,0,0,0,0,1,1,,1,1,1,0,0,0,0,1,,0,0,0,0,1,1,,1,0,0,,,,,0,,,,,,0,0,,0
"Product","/products/t923-111cm3ft7-27-4kg-k-cup-silicone-head-movable-jaw-sle-body-bubble-butt-silicone-sex-doll-torso-with-head-zelex-doll",1,1,0,0,0,0,1,,0,0,0,0,1,1,,1,1,1,0,0,0,0,1,,0,0,0,0,1,1,,1,0,0,,,,,0,,,,,,0,0,,0
,"/ja/collections/huge-breasts-sex-dolls",1,1,0,0,0,0,1,,0,0,0,0,1,1,,1,1,1,0,0,0,0,1,,0,0,0,0,1,1,,1,0,0,,,,,0,,,,,,0,0,,0
,"/en-ca/collections/anime-sex-doll-heads",1,1,0,0,0,0,1,,0,0,0,0,1,1,,1,1,1,0,0,0,0,1,,0,0,0,0,1,1,,1,0,0,,,,,0,,,,,,0,0,,0
"Product","/products/t346-3-86lb-muscle-tail-anime-fake-pussy-silicone-tomboy-furry-hentai-sex-doll-mrl",1,1,0,0,0,0,1,,0,0,0,0,1,1,,1,1,1,0,0,0,0,1,,0,0,0,0,1,1,,1,0,0,,,,,0,,,,,,0,0,,0
,"/ja/collections/shemale-sex-doll-torso-1",1,1,0,0,0,0,1,,0,0,0,0,1,1,,1,1,1,0,0,0,0,1,,0,0,0,0,1,1,,1,0,0,,,,,0,,,,,,0,0,,0
,"/en-ca/blogs/dolls-info-qustions/how-to-pick-a-fake-pussy-and-sex-doll-torso",1,1,0,0,0,0,1,,0,0,0,0,1,1,,1,1,1,0,0,0,0,1,,0,0,0,0,1,1,,1,0,0,,,,,0,,,,,,0,0,,0
"Product","/products/v21-foot-fleshlight-with-realistic-toes-and-deep-pleasure-tunnel",1,1,0,0,0,0,1,,0,0,0,0,1,1,,1,1,1,0,0,0,0,1,,0,0,0,0,1,1,,1,0,0,,,,,0,,,,,,0,0,,0
"Product","/products/f2244-159cm5-2ft-f-cup-s41-silicone-sex-doll-irontech-doll",1,1,0,0,0,0,1,,0,0,0,0,1,1,,1,1,1,0,0,0,0,1,,0,0,0,0,1,1,,1,0,0,,,,,0,,,,,,0,0,,0
,"/de/blogs/dolls-info-qustions/how-deep-is-the-vagina-5-key-things-you-need-to-know-about-the-vagina",1,1,0,0,0,0,1,,0,0,0,0,1,1,,1,1,1,0,0,0,0,1,,0,0,0,0,1,1,,1,0,0,,,,,0,,,,,,0,0,,0
,"/en-fi/collections/male-sex-doll",1,1,0,0,0,0,1,,0,0,0,0,1,1,,1,1,1,0,0,0,0,1,,0,0,0,0,1,1,,1,0,0,,,,,0,,,,,,0,0,,0
"Product","/products/judy-rona-dildo-male-masturbator-12lb-18cm",1,1,0,0,0,0,1,,0,0,0,0,1,1,,1,1,1,0,0,0,0,1,,0,0,0,0,1,1,,1,0,0,,,,,0,,,,,,0,0,,0
"Product","/products/p96-0-62lb-owl-elf-cheap-silicone-anime-hentai-pocket-pussy-mrl",1,1,0,0,0,0,1,,0,0,0,0,1,1,,1,1,1,0,0,0,0,1,,0,0,0,0,1,1,,1,0,0,,,,,0,,,,,,0,0,,0
"Product","/products/t677-66lb-sola-sex-doll-torso-with-round-thigh-silicone-head-torso",1,1,0,0,0,0,3,,0,0,0,123,3,0,,0,1,1,0,0,0,0,3,,0,0,0,123,3,0,,0,0,0,,,,,0,,,,,0,0,,,
,"/de/collections/chinese-sex-doll",1,1,0,0,0,0,1,,0,0,0,0,1,1,,1,1,1,0,0,0,0,1,,0,0,0,0,1,1,,1,0,0,,,,,0,,,,,,0,0,,0
"Product","/collections/sex-doll-torso/products/592-67lb-75cm-bbw-sex-doll-torso-big-tits-big-ass-sex-doll-torso",1,1,0,0,0,0,1,,0,0,0,0,1,1,,1,1,1,0,0,0,0,1,,0,0,0,0,1,1,,1,0,0,,,,,0,,,,,,0,0,,0
"Blog Article","/blogs/dolls-info-qustions/how-men-can-use-sex-dolls-to-overcome-fake-orgasms",1,1,0,0,0,0,1,,0,0,0,0,1,1,,1,1,1,0,0,0,0,1,,0,0,0,0,1,1,,1,0,0,,,,,0,,,,,,0,0,,0
"Checkout","/60719464687/orders/69b0948aded480ce1acf4ccd121d708b",1,1,0,0,0,0,1,,0,0,0,0,1,1,,1,1,1,0,0,0,0,1,,0,0,0,0,1,1,,1,0,0,,,,,0,,,,,,0,0,,0
"Product","/products/f4593-160cm5ft2-28-5kg-azuka-h-cup-silicone-hhs-animes-mini-hentai-sex-doll-irokebijin-doll",1,1,0,0,0,0,6,,0,0,0,177,6,0,,0,1,1,0,0,0,0,6,,0,0,0,177,6,0,,0,0,0,,,,,0,,,,,0,0,,,
,"/en-ca/products/t3",1,1,0,0,0,0,1,,0,0,0,0,1,1,,1,1,1,0,0,0,0,1,,0,0,0,0,1,1,,1,0,0,,,,,0,,,,,,0,0,,0
"Product","/products/f4710a-150cm4ft9-45kg-j-cup-lightweight-large-breast-tpe-fat-bbw-big-booty-sex-doll-doll-castle",1,1,0,0,0,0,3,,0,0,0,91,3,0,,0,1,1,0,0,0,0,3,,0,0,0,91,3,0,,0,0,0,,,,,0,,,,,0,0,,,
"Product","/products/f4873-162cm-5ft4-51kg-c-cup-chubby-silicone-ssbbw-sex-doll-irontech-doll",1,1,0,0,0,0,56,,0,0,0,4674,56,0,,0,1,1,0,0,0,0,56,,0,0,0,4674,56,0,,0,0,0,,,,,0,,,,,0,0,,,
"Product","/products/f3476-161cm5f3-47kg-d-cup-chubby-tpe-body-silicone-head-sex-doll-aibei-doll",1,1,0,0,0,0,16,,0,0,0,476,16,0,,0,1,1,0,0,0,0,16,,0,0,0,476,16,0,,0,0,0,,,,,0,,,,,0,0,,,
"Collection","/collections/black-ass-sex-doll",1,1,0,0,0,0,1,,0,0,0,0,1,1,,1,1,1,0,0,0,0,1,,0,0,0,0,1,1,,1,0,0,,,,,0,,,,,,0,0,,0
"Product","/products/h644-ros-silicone-sex-doll-head%E4%B8%A8wm-doll-head",1,1,0,0,0,0,3,,0,0,0,157,3,0,,0,1,1,0,0,0,0,3,,0,0,0,157,3,0,,0,0,0,,,,,0,,,,,0,0,,,
,"/en-ca/collections/big-ass-sex-doll-life-size",1,1,0,0,0,0,1,,0,0,0,0,1,1,,1,1,1,0,0,0,0,1,,0,0,0,0,1,1,,1,0,0,,,,,0,,,,,,0,0,,0
"Product","/products/f3402-150cm4ft9-31-5kg-l-cup-large-breast-tpe-sex-doll-aibei-doll",1,1,0,0,0,0,1,,0,0,0,0,1,1,,1,1,1,0,0,0,0,1,,0,0,0,0,1,1,,1,0,0,,,,,0,,,,,,0,0,,0
"Product","/products/p84-2-87lb-bbw-hentai-shemale-femboy-best-mini-sex-doll-torso-mrl",1,1,0,0,0,0,1,,0,0,0,0,1,1,,1,1,1,0,0,0,0,1,,0,0,0,0,1,1,,1,0,0,,,,,0,,,,,,0,0,,0
,"/en-ca/pages/copy-of-sex-doll-videos-2",1,1,0,0,0,0,2,,0,0,0,59,2,0,,0,1,1,0,0,0,0,2,,0,0,0,59,2,0,,0,0,0,,,,,0,,,,,0,0,,,
"Product","/products/f8080-162cm-5ft3-40-5kg-m16-plump-body-asian-sex-doll-md-doll",1,1,0,0,0,0,2,,0,0,0,20,2,0,,0,1,1,0,0,0,0,2,,0,0,0,20,2,0,,0,0,0,,,,,0,,,,,0,0,,,
,"/ja/products/8704461111535",1,1,0,0,0,0,1,,0,0,0,0,1,1,,1,1,1,0,0,0,0,1,,0,0,0,0,1,1,,1,0,0,,,,,0,,,,,,0,0,,0
,"/en-ca/products/f4807k-169cm-5ft5-50kg-d-cup-big-breasts-silicone-head-tpe-body-life-size-bbw-sex-doll-with-red-hair-sy-dolls",1,1,1,0,0,0,44,,1,0,0,6196,44,0,,0,1,1,1,0,0,0,44,,1,0,0,6196,44,0,,0,0,0,0,,,,0,,0,,,0,0,,,
,"/en-ca/collections/teardrop-huge-breast-sex-doll",1,1,0,0,0,0,1,,0,0,0,0,1,1,,1,1,1,0,0,0,0,1,,0,0,0,0,1,1,,1,0,0,,,,,0,,,,,,0,0,,0
"Product","/products/l64838lbs-42-silicone-legs-realistic-skin-feel",1,1,0,0,0,0,1,,0,0,0,0,1,1,,1,1,1,0,0,0,0,1,,0,0,0,0,1,1,,1,0,0,,,,,0,,,,,,0,0,,0
,"/de/collections/best-sellers-in-ass",1,1,0,0,0,0,1,,0,0,0,0,1,1,,1,1,1,0,0,0,0,1,,0,0,0,0,1,1,,1,0,0,,,,,0,,,,,,0,0,,0
,"/ja/blogs/dolls-info-qustions/small-size-big-satisfaction-a-complete-real-life-sex-experience-review-of-the-mini-sex-doll",1,1,0,0,0,0,4,,0,0,0,228,4,0,,0,1,1,0,0,0,0,4,,0,0,0,228,4,0,,0,0,0,,,,,0,,,,,0,0,,,
"Checkout","/60719464687/orders/f5965254982521e75008a2da5fdc0945",1,1,0,0,0,0,1,,0,0,0,0,1,1,,1,1,1,0,0,0,0,1,,0,0,0,0,1,1,,1,0,0,,,,,0,,,,,,0,0,,0
,"/en-ca/blogs/featured-blog/exploring-the-unique-appeal-and-features-of-torso-sex-dolls",1,1,0,0,0,0,1,,0,0,0,0,1,1,,1,1,1,0,0,0,0,1,,0,0,0,0,1,1,,1,0,0,,,,,0,,,,,,0,0,,0
"Product","/products/aibei-doll-157cm-tpe-sex-doll-f8610",1,1,0,0,0,0,8,,0,0,0,158,8,0,,0,1,1,0,0,0,0,8,,0,0,0,158,8,0,,0,0,0,,,,,0,,,,,0,0,,,
,"/en-ca/collections/budget-friendly-life-size-sex-dolls-torsos-flat-20-discount-today",1,1,0,0,0,0,2,,0,0,0,83,2,0,,0,1,1,0,0,0,0,2,,0,0,0,83,2,0,,0,0,0,,,,,0,,,,,0,0,,,
,"/ja/pages/avada-sitemap-articles",1,1,0,0,0,0,1,,0,0,0,0,1,1,,1,1,1,0,0,0,0,1,,0,0,0,0,1,1,,1,0,0,,,,,0,,,,,,0,0,,0
"Product","/products/f4821-164cm-5ft5-37-5kg-g-cup-silicone-sex-dolls-for-men-zelex-sle-2-0-in-stock-usa-canada-zelex-doll",1,1,0,0,0,0,1,,0,0,0,0,1,1,,1,1,1,0,0,0,0,1,,0,0,0,0,1,1,,1,0,0,,,,,0,,,,,,0,0,,0
,"/de/blogs/dolls-info-qustions/do-sex-dolls-feel-real",1,1,0,0,0,0,1,,0,0,0,0,1,1,,1,1,1,0,0,0,0,1,,0,0,0,0,1,1,,1,0,0,,,,,0,,,,,,0,0,,0
,"/en-fi/blogs/dolls-info-qustions/what-body-types-can-full-size-sex-dolls-come-in",1,1,0,0,0,0,1,,0,0,0,0,1,1,,1,1,1,0,0,0,0,1,,0,0,0,0,1,1,,1,0,0,,,,,0,,,,,,0,0,,0
"Product","/products/real-lady-silicone-ros-159cm-f757",1,1,0,0,0,0,1,,0,0,0,0,1,1,,1,1,1,0,0,0,0,1,,0,0,0,0,1,1,,1,0,0,,,,,0,,,,,,0,0,,0
"Custom Page","/pages/win-linkdolls-discout-code",1,1,0,0,0,0,1,,0,0,0,0,1,1,,1,1,1,0,0,0,0,1,,0,0,0,0,1,1,,1,0,0,,,,,0,,,,,,0,0,,0
,"/de/collections/anime-sex-doll-under-200",1,1,0,0,0,0,6,,0,0,0,124,6,0,,0,1,1,0,0,0,0,6,,0,0,0,124,6,0,,0,0,0,,,,,0,,,,,0,0,,,
"Product","/products/f5457-150cm-5ft-27-5kg-silicone-ancient-style-anime-femboy-sex-dolls-elsa-babe",1,1,0,0,0,0,6,,0,0,0,142,6,0,,0,1,1,0,0,0,0,6,,0,0,0,142,6,0,,0,0,0,,,,,0,,,,,0,0,,,
,"/en-ca/blogs/dolls-info-qustions/sex-positions-you-must-try",1,1,0,0,0,0,1,,0,0,0,0,1,1,,1,1,1,0,0,0,0,1,,0,0,0,0,1,1,,1,0,0,,,,,0,,,,,,0,0,,0
"Product","/products/f9248-165cm5ft4-35kg-b-cup-silicone-ros-flat-chest-asian-life-sized-sex-dolls%E4%B8%A8doll-senior",1,1,0,0,0,0,12,,0,0,0,290,12,0,,0,1,1,0,0,0,0,12,,0,0,0,290,12,0,,0,0,0,,,,,0,,,,,0,0,,,
"Product","/products/f1420-158cm5f2-31-25kg-c-cup-small-breast-alien-blue-tpe-sex-doll-aibei-doll",1,1,0,0,0,0,1,,0,0,0,0,1,1,,1,1,1,0,0,0,0,1,,0,0,0,0,1,1,,1,0,0,,,,,0,,,,,,0,0,,0
"Product","/products/x5-hidden-sex-machine-in-a-fashion-bag-sex-toy-for-women",1,1,0,0,0,0,1,,0,0,0,0,1,1,,1,1,1,0,0,0,0,1,,0,0,0,0,1,1,,1,0,0,,,,,0,,,,,,0,0,,0
"Product","/products/f6223-165cm-5ft4-37kg-a-cup-silicone-sex-doll-small-breasts-firefly-diary-max",1,1,0,0,0,0,1,,0,0,0,0,1,1,,1,1,1,0,0,0,0,1,,0,0,0,0,1,1,,1,0,0,,,,,0,,,,,,0,0,,0
"Product","/products/f5808k-176cm-5ft3-41kg-e-cup-polly-silicone-realistic-sex-doll-top-cydoll",1,1,0,0,0,0,1,,0,0,0,0,1,1,,1,1,1,0,0,0,0,1,,0,0,0,0,1,1,,1,0,0,,,,,0,,,,,,0,0,,0
"Product","/products/t522",1,1,0,0,0,0,1,,0,0,0,0,1,1,,1,1,1,0,0,0,0,1,,0,0,0,0,1,1,,1,0,0,,,,,0,,,,,,0,0,,0
"Product","/products/f4678-160cm-5ft2-scarlett-b-cup-s-tpe-european-sex-doll-piper-doll",1,1,0,0,0,0,1,,0,0,0,0,1,1,,1,1,1,0,0,0,0,1,,0,0,0,0,1,1,,1,0,0,,,,,0,,,,,,0,0,,0
"Product","/products/603-20lb-sexy-and-real-realistic-3d-ass-sex-doll-torso",1,1,0,0,0,0,1,,0,0,0,0,1,1,,1,1,1,0,0,0,0,1,,0,0,0,0,1,1,,1,0,0,,,,,0,,,,,,0,0,,0
"Product","/products/f1988-150cm4-9ft-42-5kg-m-cup-bbw-bubble-butt-tpe-sex-dolls%E4%B8%A8wm-doll",1,1,0,0,0,0,1,,0,0,0,0,1,1,,1,1,1,0,0,0,0,1,,0,0,0,0,1,1,,1,0,0,,,,,0,,,,,,0,0,,0
"Product","/products/f4043-155cm5ft1-o-cup-super-huge-pendulous-breast-tpe-sex-doll-castle-doll",1,1,0,0,0,0,1,,0,0,0,0,1,1,,1,1,1,0,0,0,0,1,,0,0,0,0,1,1,,1,0,0,,,,,0,,,,,,0,0,,0
"Product","/products/f5529-157cm-5ft1-52kg-e-cup-bbw-black-silicone-head-sex-doll-6ye",1,1,0,0,0,0,22,,0,0,0,6132,22,0,,0,1,1,0,0,0,0,22,,0,0,0,6132,22,0,,0,0,0,,,,,0,,,,,0,0,,,
"Product","/products/f2433-159cm5-2ft-39kg-d-cup-life-size-silicone-head-sex-doll-sigafun-doll",1,1,0,0,0,0,2,,0,0,0,33,2,0,,0,1,1,0,0,0,0,2,,0,0,0,33,2,0,,0,0,0,,,,,0,,,,,0,0,,,
"Collection","/collections/a-cup-sex-dolls",1,1,0,0,0,0,1,,0,0,0,0,1,1,,1,1,1,0,0,0,0,1,,0,0,0,0,1,1,,1,0,0,,,,,0,,,,,,0,0,,0
"Product","/products/f7140-165cm-5ft5-42kg-v-cup-elf-fantasy-tpe-sexual-hentai-best-alien-sex-doll-castle-doll-1",1,1,0,0,0,0,1,,0,0,0,0,1,1,,1,1,1,0,0,0,0,1,,0,0,0,0,1,1,,1,0,0,,,,,0,,,,,,0,0,,0
"Product","/products/l47048-5lb-110cm-tpe-doggystyle-long-legs-sex-doll-qita-doll",1,1,0,0,0,0,39,,0,0,0,1314,39,0,,0,1,1,0,0,0,0,39,,0,0,0,1314,39,0,,0,0,0,,,,,0,,,,,0,0,,,
"Blog Article","/blogs/dolls-info-qustions/the-gangs-all-here-whos-into-anime-sex-dolls",1,1,0,0,0,0,2,,0,0,0,67,2,0,,0,1,1,0,0,0,0,2,,0,0,0,67,2,0,,0,0,0,,,,,0,,,,,0,0,,,
,"/de/collections/new-arrivals",1,1,0,0,0,0,47,,0,0,0,885,47,0,,0,1,1,0,0,0,0,47,,0,0,0,885,47,0,,0,0,0,,,,,0,,,,,0,0,,,
"Blog Article","/blogs/dolls-info-qustions/bbw-sex-dolls-go-ultra-light-how-the-realistic-flesh-revolution-is-redefining-weight-and-freedom",1,1,0,0,0,0,1,,0,0,0,0,1,1,,1,1,1,0,0,0,0,1,,0,0,0,0,1,1,,1,0,0,,,,,0,,,,,,0,0,,0
"Product","/products/test-501-25-3lb-45cm-life-sized-and-realistic-bbw-sex-doll-torso",1,1,0,0,0,0,1,,0,0,0,0,1,1,,1,1,1,0,0,0,0,1,,0,0,0,0,1,1,,1,0,0,,,,,0,,,,,,0,0,,0
,"/en-ca/products/f4810k-164cm-furry-cat-girl-naked-sex-doll-silicone-rosretty",1,1,0,0,0,0,4,,0,0,0,205,4,0,,0,1,1,0,0,0,0,4,,0,0,0,205,4,0,,0,0,0,,,,,0,,,,,0,0,,,
"Checkout","/60719464687/orders/0512f9cdf907a478b41c88117e2deade",1,1,0,0,0,0,1,,0,0,0,0,1,1,,1,1,1,0,0,0,0,1,,0,0,0,0,1,1,,1,0,0,,,,,0,,,,,,0,0,,0
,"/en-fi/products/f6122-150cm-4ft9-29kg-a-cup-ros-flat-chested-movable-jew-elf-silicone-small-alien-sex-doll-sy-doll",1,1,0,0,0,0,3,,0,0,0,236,3,0,,0,1,1,0,0,0,0,3,,0,0,0,236,3,0,,0,0,0,,,,,0,,,,,0,0,,,
"Product","/products/v331-lifelike-silicone-feet-textured-skin-wrinkles-veins",1,1,0,0,0,0,2,,0,0,0,20,2,0,,0,1,1,0,0,0,0,2,,0,0,0,20,2,0,,0,0,0,,,,,0,,,,,0,0,,,
,"/ja/pages/all-category",1,1,0,0,0,0,8,,0,0,0,145,8,0,,0,1,1,0,0,0,0,8,,0,0,0,145,8,0,,0,0,0,,,,,0,,,,,0,0,,,
"Product","/products/f2022-163cm5-3ft-b-cup-s36-life-size-chinese-sex-doll-irontech-doll",1,1,0,0,0,0,1,,0,0,0,0,1,1,,1,1,1,0,0,0,0,1,,0,0,0,0,1,1,,1,0,0,,,,,0,,,,,,0,0,,0
,"/en-ca/collections/anime-hentai-sex-doll",1,1,0,0,0,0,1,,0,0,0,0,1,1,,1,1,1,0,0,0,0,1,,0,0,0,0,1,1,,1,0,0,,,,,0,,,,,,0,0,,0
"Product","/products/f555k-161cm5ft3-52-5kg-h-cup-huge-areola-adult-silicone-bbw-super-fat-big-belly-sex-doll-in-stock-us-starpery-doll",1,1,0,0,0,0,3,,0,0,0,34,3,0,,0,1,1,0,0,0,0,3,,0,0,0,34,3,0,,0,0,0,,,,,0,,,,,0,0,,,
"Product","/products/a599-83lbsucking-doggy-style-bbw-big-booty-sex-doll-torso-luxury-realistic-biggest-ass-sex-toy-in-stock-usa-climax-doll",1,1,0,0,0,0,4,,0,0,0,134,4,0,,0,1,1,0,0,0,0,4,,0,0,0,134,4,0,,0,0,0,,,,,0,,,,,0,0,,,
"Product","/products/f3859-164cm-5ft4-l-cup-classical-type-tpe-sex-doll-hr-doll",1,1,0,0,0,0,7,,0,0,0,1062,7,0,,0,1,1,0,0,0,0,7,,0,0,0,1062,7,0,,0,0,0,,,,,0,,,,,0,0,,,
,"/en-ca/collections/male-sex-doll",1,1,0,0,0,0,1,,0,0,0,0,1,1,,1,1,1,0,0,0,0,1,,0,0,0,0,1,1,,1,0,0,,,,,0,,,,,,0,0,,0
"Collection","/collections/aibei-doll-silicone",1,1,0,0,0,0,1,,0,0,0,0,1,1,,1,1,1,0,0,0,0,1,,0,0,0,0,1,1,,1,0,0,,,,,0,,,,,,0,0,,0
"Collection","/collections/zelex-k-series",1,1,0,0,0,0,1,,0,0,0,0,1,1,,1,1,1,0,0,0,0,1,,0,0,0,0,1,1,,1,0,0,,,,,0,,,,,,0,0,,0
"Product","/products/t648-15-7lbs-muscle-girl-silicone-female-hentai-sex-doll-mrl",1,1,0,0,0,0,1,,0,0,0,0,1,1,,1,1,1,0,0,0,0,1,,0,0,0,0,1,1,,1,0,0,,,,,0,,,,,,0,0,,0
,"/en-fi/blogs/dolls-info-qustions/complete-guide-to-shemale-sex-dolls-meeting-all-your-needs",1,1,0,0,0,0,1,,0,0,0,0,1,1,,1,1,1,0,0,0,0,1,,0,0,0,0,1,1,,1,0,0,,,,,0,,,,,,0,0,,0
,"/en-ca/collections/silicone-torso-sex-doll-in-stock-usa",1,1,0,0,0,0,2,,0,0,0,29,2,0,,0,1,1,0,0,0,0,2,,0,0,0,29,2,0,,0,0,0,,,,,0,,,,,0,0,,,
,"/en-ca/collections/ai-sex-doll",1,1,0,0,0,0,11,,0,0,0,298,11,0,,0,1,1,0,0,0,0,11,,0,0,0,298,11,0,,0,0,0,,,,,0,,,,,0,0,,,
"Product","/products/f8161-153cm5ft-34kg-ab21-h-cup-ros-chubby-tpe-sex-doll-aibei-doll",1,1,1,1,0,0,3,0,1,1,0,15,3,0,0,0,1,1,1,1,0,0,3,0,1,1,0,15,3,0,0,0,0,0,0,0,,,0,,0,0,,0,0,,,
"Blog Article","/blogs/dolls-info-qustions/complete-analysis-of-sex-doll-torso-skeleton-structure-and-its-benefits",1,1,0,0,0,0,2,,0,0,0,146,2,0,,0,1,1,0,0,0,0,2,,0,0,0,146,2,0,,0,0,0,,,,,0,,,,,0,0,,,
"Blog Article","/blogs/dolls-info-qustions/best-sex-doll-torsos-of-2025-ultra-realistic-picks-for-the-ultimate-pleasure",1,1,0,0,0,0,1,,0,0,0,0,1,1,,1,1,1,0,0,0,0,1,,0,0,0,0,1,1,,1,0,0,,,,,0,,,,,,0,0,,0
"Product","/products/p394-2-2lbs-little-jade-dragon-anime-pocket-pussy-onahole-hentai-sex-doll-mrl",1,1,0,0,0,0,1,,0,0,0,0,1,1,,1,1,1,0,0,0,0,1,,0,0,0,0,1,1,,1,0,0,,,,,0,,,,,,0,0,,0
"Product","/products/f2473-159cm-37kg-a-cup-clara-tpe-sex-doll-fun-west-doll",1,1,0,0,0,0,1,,0,0,0,0,1,1,,1,1,1,0,0,0,0,1,,0,0,0,0,1,1,,1,0,0,,,,,0,,,,,,0,0,,0
,"/de/products/a303-silicone-big-butt-torso-lightweight-realistic-vagina",1,1,0,0,0,0,9,,0,0,0,481,9,0,,0,1,1,0,0,0,0,9,,0,0,0,481,9,0,,0,0,0,,,,,0,,,,,0,0,,,
,"/de/blogs/dolls-info-qustions/can-dildos-be-installed-on-sex-dolls-of-course",1,1,0,0,0,0,1,,0,0,0,0,1,1,,1,1,1,0,0,0,0,1,,0,0,0,0,1,1,,1,0,0,,,,,0,,,,,,0,0,,0
"Checkout","/60719464687/orders/ea46b81dbd086b82f532e16dabef7230",1,1,0,0,0,0,6,,0,0,0,194,6,0,,0,1,1,0,0,0,0,6,,0,0,0,194,6,0,,0,0,0,,,,,0,,,,,0,0,,,
"Collection","/collections/anime-alien-sex-doll",1,1,0,0,0,0,22,,0,0,0,1637,22,0,,0,1,1,0,0,0,0,22,,0,0,0,1637,22,0,,0,0,0,,,,,0,,,,,0,0,,,
,"/en-ca/products/t456-12-52lb-silicone-portable-mini-sex-doll-torso-for-beginners-lovenestle",1,1,0,0,0,0,1,,0,0,0,0,1,1,,1,1,1,0,0,0,0,1,,0,0,0,0,1,1,,1,0,0,,,,,0,,,,,,0,0,,0
"Product","/products/p76-44lb-15-7-huge-cock-trans-torso-hentai-shemale-futa-sex-doll-torso-mrl",1,1,0,0,0,0,1,,0,0,0,0,1,1,,1,1,1,0,0,0,0,1,,0,0,0,0,1,1,,1,0,0,,,,,0,,,,,,0,0,,0
"Product","/products/p83-11-02lb-bbw-hentai-shemale-femboy-best-mini-male-sex-doll-torso-mrl",1,1,0,0,0,0,1,,0,0,0,0,1,1,,1,1,1,0,0,0,0,1,,0,0,0,0,1,1,,1,0,0,,,,,0,,,,,,0,0,,0
"Collection","/collections/under-600",1,1,0,0,0,0,1,,0,0,0,0,1,1,,1,1,1,0,0,0,0,1,,0,0,0,0,1,1,,1,0,0,,,,,0,,,,,,0,0,,0
"Blog Article","/blogs/sex-doll-torso-blog/recommended-portable-and-practical-bbw-sex-doll-torso-styles",1,1,0,0,0,0,1,,0,0,0,0,1,1,,1,1,1,0,0,0,0,1,,0,0,0,0,1,1,,1,0,0,,,,,0,,,,,,0,0,,0
"Product","/products/t407-25-35lb-63cm-big-boobs-round-ass-realistic-curves-sex-doll-torso",1,1,0,0,0,0,7,,0,0,0,1319,7,0,,0,1,1,0,0,0,0,7,,0,0,0,1319,7,0,,0,0,0,,,,,0,,,,,0,0,,,
"Collection","/collections/realistic-sex-doll-list",1,1,0,0,0,0,2,,0,0,0,6,2,0,,0,1,1,0,0,0,0,2,,0,0,0,6,2,0,,0,0,0,,,,,0,,,,,0,0,,,
,"/ja/collections/sex-doll-videos",1,1,0,0,0,0,1,,0,0,0,0,1,1,,1,1,1,0,0,0,0,1,,0,0,0,0,1,1,,1,0,0,,,,,0,,,,,,0,0,,0
"Blog Article","/blogs/dolls-info-qustions/unlock-the-ultimate-pleasure-code-nukige-games-hentai-sex-dolls-that-ll-melt-your-resistance-21",1,1,0,0,0,0,2,,0,0,0,11,2,0,,0,1,1,0,0,0,0,2,,0,0,0,11,2,0,,0,0,0,,,,,0,,,,,0,0,,,
"Collection","/collections/sigafun-doll-in-stock-usa",1,1,0,0,0,0,2,,0,0,0,49,2,0,,0,1,1,0,0,0,0,2,,0,0,0,49,2,0,,0,0,0,,,,,0,,,,,0,0,,,
"Blog Article","/blogs/dolls-info-qustions/waist-hip-ratio-off-the-charts-deep-dive-into-the-top-5-sex-doll-brands",1,1,0,0,0,0,7,,0,0,0,816,7,0,,0,1,1,0,0,0,0,7,,0,0,0,816,7,0,,0,0,0,,,,,0,,,,,0,0,,,
"Product","/products/t1534lbs-luxury-black-silicone-torso-sex-doll-with-huge-breasts-cliamx-doll",1,1,0,0,0,0,21,,0,0,0,1151,21,0,,0,1,1,0,0,0,0,21,,0,0,0,1151,21,0,,0,0,0,,,,,0,,,,,0,0,,,
"Blog Article","/blogs/dolls-info-qustions/sedoll-set-series-grand-launch-all-new-silicone-head-torso-sex-doll-embrace-light-luxury",1,1,0,0,0,0,1,,0,0,0,0,1,1,,1,1,1,0,0,0,0,1,,0,0,0,0,1,1,,1,0,0,,,,,0,,,,,,0,0,,0
,"/en-fi/blogs/dolls-info-qustions/makeup-for-hentai-sex-doll-create-your-own-anime-goddess",1,1,0,0,0,0,1,,0,0,0,0,1,1,,1,1,1,0,0,0,0,1,,0,0,0,0,1,1,,1,0,0,,,,,0,,,,,,0,0,,0
"Product","/products/h1109-ros-silicone-real-oral-sex-doll-head-irontech-doll-s37",1,1,0,0,0,0,1,,0,0,0,0,1,1,,1,1,1,0,0,0,0,1,,0,0,0,0,1,1,,1,0,0,,,,,0,,,,,,0,0,,0
,"/en-ca/blogs/dolls-info-qustions/the-ultimate-guide-to-best-stuffed-animal-sex-dolls-in-2025",1,1,0,0,0,0,1,,0,0,0,0,1,1,,1,1,1,0,0,0,0,1,,0,0,0,0,1,1,,1,0,0,,,,,0,,,,,,0,0,,0
"Blog Article","/blogs/dolls-info-qustions/how-to-store-sex-dolls-correctly",1,1,0,0,0,0,1,,0,0,0,0,1,1,,1,1,1,0,0,0,0,1,,0,0,0,0,1,1,,1,0,0,,,,,0,,,,,,0,0,,0
"Product","/products/591sex-doll-torso",1,1,0,0,0,0,1,,0,0,0,0,1,1,,1,1,1,0,0,0,0,1,,0,0,0,0,1,1,,1,0,0,,,,,0,,,,,,0,0,,0
,"/de/products/v325-poseable-silicone-feet-for-foot-worship-realistic-sex-doll-feet-with-skeleton",1,1,0,0,0,0,1,,0,0,0,0,1,1,,1,1,1,0,0,0,0,1,,0,0,0,0,1,1,,1,0,0,,,,,0,,,,,,0,0,,0
,"/policies/privacy-policy",1,1,0,0,0,0,1,,0,0,0,0,1,1,,1,1,1,0,0,0,0,1,,0,0,0,0,1,1,,1,0,0,,,,,0,,,,,,0,0,,0
"Collection","/collections/dolls-castle-factory-photos",1,1,0,0,0,0,2,,0,0,0,44,2,0,,0,1,1,0,0,0,0,2,,0,0,0,44,2,0,,0,0,0,,,,,0,,,,,0,0,,,
"Product","/products/f5958-alien-sex-dolls-150cm-flat-chested-silicone-sy-doll",1,1,0,0,0,0,1,,0,0,0,0,1,1,,1,1,1,0,0,0,0,1,,0,0,0,0,1,1,,1,0,0,,,,,0,,,,,,0,0,,0
"Product","/products/t90221-49lb-d-cup-2-95-dildo-electric-shemale-male-female-rechargeable-sex-doll-torso-adult-toys",1,1,0,0,0,0,2,,0,0,0,369,2,0,,0,1,1,0,0,0,0,2,,0,0,0,369,2,0,,0,0,0,,,,,0,,,,,0,0,,,
"Product","/products/t507v-70-54lb-lifesize-sex-doll-torso-luxury-sexiest-stripper-plump-hot-sex-toy-for-man",1,1,0,0,0,0,1,,0,0,0,0,1,1,,1,1,1,0,0,0,0,1,,0,0,0,0,1,1,,1,0,0,,,,,0,,,,,,0,0,,0
"Product","/products/t279-38-58lbs-100cm-fukada-lightweight-life-size-sex-doll-torso-with-head-climax-doll",1,1,0,0,0,0,1,,0,0,0,0,1,1,,1,1,1,0,0,0,0,1,,0,0,0,0,1,1,,1,0,0,,,,,0,,,,,,0,0,,0
"Collection","/collections/haughty-hentai-sex-doll",1,1,0,0,0,0,1,,0,0,0,0,1,1,,1,1,1,0,0,0,0,1,,0,0,0,0,1,1,,1,0,0,,,,,0,,,,,,0,0,,0
,"/ja/blogs/dolls-info-qustions/sex-doll-transformation-guide-how-to-revamp-and-create-a-one-of-a-kind-look",1,1,0,0,0,0,1,,0,0,0,0,1,1,,1,1,1,0,0,0,0,1,,0,0,0,0,1,1,,1,0,0,,,,,0,,,,,,0,0,,0
"Product","/products/f4845-163cm5ft4-35kg-e-cup-silicone-ros-japanese-school-style-sex-doll-fantasy-roleplay-ready-doll-senior",1,1,0,0,0,0,1,,0,0,0,0,1,1,,1,1,1,0,0,0,0,1,,0,0,0,0,1,1,,1,0,0,,,,,0,,,,,,0,0,,0
"Product","/products/f5870-161cm-5ft3-30kg-e-cup-european-silicone-sex-doll-il-doll",1,1,0,0,0,0,1,,0,0,0,0,1,1,,1,1,1,0,0,0,0,1,,0,0,0,0,1,1,,1,0,0,,,,,0,,,,,,0,0,,0
"Product","/products/f9357-anime-sex-doll-150cm-silicone-elf",1,1,0,0,0,0,1,,0,0,0,0,1,1,,1,1,1,0,0,0,0,1,,0,0,0,0,1,1,,1,0,0,,,,,0,,,,,,0,0,,0
"Product","/products/f9003-161cm5-3ft-39-6kg-d-cup-real-life-christmas-silicone-head-ai-sex-doll%E4%B8%A8sy-doll",1,1,0,0,0,0,10,,0,0,0,642,10,0,,0,1,1,0,0,0,0,10,,0,0,0,642,10,0,,0,0,0,,,,,0,,,,,0,0,,,
"Product","/products/d049-11-8-male-torso-tpr-dildo-extra-long-and-slim-in-stock-xingse",1,1,0,0,0,0,1,,0,0,0,0,1,1,,1,1,1,0,0,0,0,1,,0,0,0,0,1,1,,1,0,0,,,,,0,,,,,,0,0,,0
,"/en-ca/blogs/sex-doll-option-videos/video-11-electric-hip-and-waist",1,1,0,0,0,0,9,,0,0,0,1221,9,0,,0,1,1,0,0,0,0,9,,0,0,0,1221,9,0,,0,0,0,,,,,0,,,,,0,0,,,
"Product","/products/f3318-160cm-5ft239-5kg-g-cup-tpe-adult-big-chest-curve-beauty-sex-doll-yl-doll",1,1,0,0,0,0,1,,0,0,0,0,1,1,,1,1,1,0,0,0,0,1,,0,0,0,0,1,1,,1,0,0,,,,,0,,,,,,0,0,,0
,"/ja/blogs/real-sex-doll-reviews-pros-cons-real-usage-tests/2026-meru-hentai-sex-doll-review-comprehensive-comparison-of-4-hot-models",1,1,0,0,0,0,1,,0,0,0,0,1,1,,1,1,1,0,0,0,0,1,,0,0,0,0,1,1,,1,0,0,,,,,0,,,,,,0,0,,0
,"/de/blogs/dolls-info-qustions/big-ass-sex-doll-recommendations-under-1000-high-value-picks",1,1,0,0,0,0,1,,0,0,0,0,1,1,,1,1,1,0,0,0,0,1,,0,0,0,0,1,1,,1,0,0,,,,,0,,,,,,0,0,,0
"Product","/products/f4462-160cm5f3-39kg-f-cup-blonde-silicone-head-medium-butt-sex-doll-aibei-doll",1,1,0,0,0,0,1,,0,0,0,0,1,1,,1,1,1,0,0,0,0,1,,0,0,0,0,1,1,,1,0,0,,,,,0,,,,,,0,0,,0
"Collection","/collections/azm-doll-videos",1,1,0,0,0,0,1,,0,0,0,0,1,1,,1,1,1,0,0,0,0,1,,0,0,0,0,1,1,,1,0,0,,,,,0,,,,,,0,0,,0
,"/ja/products/9181995532527",1,1,0,0,0,0,1,,0,0,0,0,1,1,,1,1,1,0,0,0,0,1,,0,0,0,0,1,1,,1,0,0,,,,,0,,,,,,0,0,,0
"Product","/products/t3",1,1,0,0,0,0,1,,0,0,0,0,1,1,,1,1,1,0,0,0,0,1,,0,0,0,0,1,1,,1,0,0,,,,,0,,,,,,0,0,,0
"Product","/products/f1223-160cm-i-cup-pearl-black-lady-sex-doll-irontech-doll",1,1,0,0,0,0,1,,0,0,0,0,1,1,,1,1,1,0,0,0,0,1,,0,0,0,0,1,1,,1,0,0,,,,,0,,,,,,0,0,,0
"Product","/products/t436-9-81lb-hannah-silicone-mini-sex-doll-realistic-love-doll-masturbator",1,1,0,0,0,0,1,,0,0,0,0,1,1,,1,1,1,0,0,0,0,1,,0,0,0,0,1,1,,1,0,0,,,,,0,,,,,,0,0,,0
"Product","/products/f4460-159cm5ft2-43-5kg-k-cup-rae-bbw-siliconne-head-sex-doll-climax-doll-pro",1,1,1,0,0,0,8,,1,0,0,1151,8,0,,0,1,1,1,0,0,0,8,,1,0,0,1151,8,0,,0,0,0,0,,,,0,,0,,,0,0,,,
,"/en-ca/collections/mini-flat-chest-sex-doll",1,1,0,0,0,0,1,,0,0,0,0,1,1,,1,1,1,0,0,0,0,1,,0,0,0,0,1,1,,1,0,0,,,,,0,,,,,,0,0,,0
"App Generated","/apps/order-tracking",1,1,0,0,0,0,1,,0,0,0,0,1,1,,1,1,1,0,0,0,0,1,,0,0,0,0,1,1,,1,0,0,,,,,0,,,,,,0,0,,0
"Product","/products/t444-37-48lb-realistic-silicone-shemale-sex-doll-torso-with-8-3-huge-detachable-dildo-lovenestle-series",1,1,0,0,0,0,2,,0,0,0,36,2,0,,0,1,1,0,0,0,0,2,,0,0,0,36,2,0,,0,0,0,,,,,0,,,,,0,0,,,
,"/en-fi/collections/torso-shemale-sex-doll",1,1,0,0,0,0,1,,0,0,0,0,1,1,,1,1,1,0,0,0,0,1,,0,0,0,0,1,1,,1,0,0,,,,,0,,,,,,0,0,,0
,"/en-ca/products/f8193-150cm-5ft-27-5kg-silicone-anime-sex-doll-elsa-babe",1,1,0,0,0,0,1,,0,0,0,0,1,1,,1,1,1,0,0,0,0,1,,0,0,0,0,1,1,,1,0,0,,,,,0,,,,,,0,0,,0
"Product","/products/p400-gynoid-sex-doll-pocket-pussy-hentai-figure-mrl",1,1,0,0,0,0,1,,0,0,0,0,1,1,,1,1,1,0,0,0,0,1,,0,0,0,0,1,1,,1,0,0,,,,,0,,,,,,0,0,,0
"Product","/products/f2210-153cm-5ft-e-cup-takiyah-silicone-sex-doll-starpery-doll",1,1,0,0,0,0,1,,0,0,0,0,1,1,,1,1,1,0,0,0,0,1,,0,0,0,0,1,1,,1,0,0,,,,,0,,,,,,0,0,,0
,"/de/collections/big-ass-sex-doll-cheap",1,1,0,0,0,0,1,,0,0,0,0,1,1,,1,1,1,0,0,0,0,1,,0,0,0,0,1,1,,1,0,0,,,,,0,,,,,,0,0,,0
,"/en-ca/blogs/dolls-info-qustions/comprehensive-analysis-of-ai-sex-doll-automatic-tongue-function",1,1,0,0,0,0,1,,0,0,0,0,1,1,,1,1,1,0,0,0,0,1,,0,0,0,0,1,1,,1,0,0,,,,,0,,,,,,0,0,,0
"Blog Article","/blogs/dolls-info-qustions/celebrity-sex-dolls-turn-your-fantasies-into-reality",1,1,0,0,0,0,1,,0,0,0,0,1,1,,1,1,1,0,0,0,0,1,,0,0,0,0,1,1,,1,0,0,,,,,0,,,,,,0,0,,0
,"/ja/collections/milf-sex-dolls",1,1,0,0,0,0,1,,0,0,0,0,1,1,,1,1,1,0,0,0,0,1,,0,0,0,0,1,1,,1,0,0,,,,,0,,,,,,0,0,,0
"Product","/products/t359-103cm-50-70-lbs-g-cup-real-feel-silicone-sex-doll-torso-with-head-funwest-doll",1,1,0,0,0,0,5,,0,0,0,613,5,0,,0,1,1,0,0,0,0,5,,0,0,0,613,5,0,,0,0,0,,,,,0,,,,,0,0,,,
"Collection","/collections/yiqu",1,1,0,0,0,0,1,,0,0,0,0,1,1,,1,1,1,0,0,0,0,1,,0,0,0,0,1,1,,1,0,0,,,,,0,,,,,,0,0,,0
"Product","/products/t452-33-69lb-silicone-lightweight-sex-doll-torso-with-big-boobs-and-butt-lovenestle",1,1,0,0,0,0,1,,0,0,0,0,1,1,,1,1,1,0,0,0,0,1,,0,0,0,0,1,1,,1,0,0,,,,,0,,,,,,0,0,,0
,"/en-ca/blogs/dolls-info-qustions/masturbation-place",1,1,0,0,0,0,1,,0,0,0,0,1,1,,1,1,1,0,0,0,0,1,,0,0,0,0,1,1,,1,0,0,,,,,0,,,,,,0,0,,0
,"/de/products/f5710-158cm-5ft2-36kg-g-cup-silicone-sexual-male-best-shemale-sex-doll-castle-doll",1,1,0,0,0,0,2,,0,0,0,7,2,0,,0,1,1,0,0,0,0,2,,0,0,0,7,2,0,,0,0,0,,,,,0,,,,,0,0,,,
"Blog Article","/blogs/dolls-info-qustions/how-to-choose-the-most-suitable-size-of-mini-sex-doll-torso",1,1,0,0,0,0,1,,0,0,0,0,1,1,,1,1,1,0,0,0,0,1,,0,0,0,0,1,1,,1,0,0,,,,,0,,,,,,0,0,,0
"Product","/products/f2465-163cm-c-cup-ai-sex-doll-sigafun-porn-star",1,1,0,0,0,0,4,,0,0,0,73,4,0,,0,1,1,0,0,0,0,4,,0,0,0,73,4,0,,0,0,0,,,,,0,,,,,0,0,,,
,"/de/blogs/dolls-info-qustions/budget-under-200-check-out-these-7-cheap-mini-sex-dolls",1,1,0,0,0,0,1,,0,0,0,0,1,1,,1,1,1,0,0,0,0,1,,0,0,0,0,1,1,,1,0,0,,,,,0,,,,,,0,0,,0
,"/en-ca/collections/ridmii-doll",1,1,0,0,0,0,2,,0,0,0,27,2,0,,0,1,1,0,0,0,0,2,,0,0,0,27,2,0,,0,0,0,,,,,0,,,,,0,0,,,
,"/vi/blogs/dolls-info-qustions/have-sex-with-a-japnese-sex-doll",1,1,1,0,0,0,66,,1,0,0,2336,66,0,,0,1,1,1,0,0,0,66,,1,0,0,2336,66,0,,0,0,0,0,,,,0,,0,,,0,0,,,
,"/en-ca/blogs/complete-sex-doll-guide-for-beginners/zero-to-hero-guide-how-first-timers-should-choose-full-body-sex-dolls",1,1,0,0,0,0,2,,0,0,0,24,2,0,,0,1,1,0,0,0,0,2,,0,0,0,24,2,0,,0,0,0,,,,,0,,,,,0,0,,,
"Product","/products/f9181-160cm5ft3-35kg-e-cup-silicone-realistic-bbw-sex-doll%E4%B8%A8doll-senior",1,1,0,0,0,0,1,,0,0,0,0,1,1,,1,1,1,0,0,0,0,1,,0,0,0,0,1,1,,1,0,0,,,,,0,,,,,,0,0,,0
"Product","/products/f155-154cm-puls-tpe-sex-doll",1,1,0,0,0,0,1,,0,0,0,0,1,1,,1,1,1,0,0,0,0,1,,0,0,0,0,1,1,,1,0,0,,,,,0,,,,,,0,0,,0
,"/de/collections/mrl-doll",1,1,0,0,0,0,1,,0,0,0,0,1,1,,1,1,1,0,0,0,0,1,,0,0,0,0,1,1,,1,0,0,,,,,0,,,,,,0,0,,0
,"/en-ca/products/t659-26-5lbs-realistic-dildo-for-silicone-woman-with-male-sex-doll%E4%B8%A8judy-rona",1,1,0,0,0,0,2,,0,0,0,12,2,0,,0,1,1,0,0,0,0,2,,0,0,0,12,2,0,,0,0,0,,,,,0,,,,,0,0,,,
,"/en-fi/collections/silicone-pocket-pussy",1,1,0,0,0,0,1,,0,0,0,0,1,1,,1,1,1,0,0,0,0,1,,0,0,0,0,1,1,,1,0,0,,,,,0,,,,,,0,0,,0
,"/de/collections/bezlya",1,1,0,0,0,0,1,,0,0,0,0,1,1,,1,1,1,0,0,0,0,1,,0,0,0,0,1,1,,1,0,0,,,,,0,,,,,,0,0,,0
"Blog Article","/blogs/dolls-info-qustions/a-closer-look-at-the-firefly-diary-brand",1,1,0,0,0,0,1,,0,0,0,0,1,1,,1,1,1,0,0,0,0,1,,0,0,0,0,1,1,,1,0,0,,,,,0,,,,,,0,0,,0
,"/en-fi/collections/animal-hentai-sex-doll",1,1,0,0,0,0,2,,0,0,0,6,2,0,,0,1,1,0,0,0,0,2,,0,0,0,6,2,0,,0,0,0,,,,,0,,,,,0,0,,,
"Product","/products/t285k-103cm-3ft5-j-cup-natural-nadia-voss-a-silicon-sex-doll-torso-with-head-in-stock-us-eu-se-doll",1,1,0,0,0,0,6,,0,0,0,931,6,0,,0,1,1,0,0,0,0,6,,0,0,0,931,6,0,,0,0,0,,,,,0,,,,,0,0,,,
"Product","/products/a626-33-1lb-rosie-durable-big-ass-sex-doll%E4%B8%A8tantaly",1,1,0,0,0,0,3,,0,0,0,40,3,0,,0,1,1,0,0,0,0,3,,0,0,0,40,3,0,,0,0,0,,,,,0,,,,,0,0,,,
"Blog Article","/blogs/featured-blog/best-sex-dolls-2025-most-popular-and-hottest-on-linkdolls",1,1,0,0,0,0,18,,0,0,0,179,18,0,,0,1,1,0,0,0,0,18,,0,0,0,179,18,0,,0,0,0,,,,,0,,,,,0,0,,,
,"/de/collections/sex-doll-torso-with-head",1,1,0,0,0,0,1,,0,0,0,0,1,1,,1,1,1,0,0,0,0,1,,0,0,0,0,1,1,,1,0,0,,,,,0,,,,,,0,0,,0
"Collection","/collections/skinny-sex-doll",1,1,0,0,0,0,1,,0,0,0,0,1,1,,1,1,1,0,0,0,0,1,,0,0,0,0,1,1,,1,0,0,,,,,0,,,,,,0,0,,0
"Product","/products/t323k-silicone-life-size-sex-doll-torso-yeloly",1,1,0,0,0,0,7,,0,0,0,162,7,0,,0,1,1,0,0,0,0,7,,0,0,0,162,7,0,,0,0,0,,,,,0,,,,,0,0,,,
,"/en-ca/blogs/dolls-info-qustions/10-online-stores-that-sell-regular-dolls-by-tdf",1,1,0,0,0,0,1,,0,0,0,0,1,1,,1,1,1,0,0,0,0,1,,0,0,0,0,1,1,,1,0,0,,,,,0,,,,,,0,0,,0
"Product","/products/f501-elsa-babe-150cm-cute-and-sexy-anime-g-cup-full-silicone-hentai-sex-doll-elsa-babe",1,1,0,0,0,0,17,,0,0,0,788,17,0,,0,1,1,0,0,0,0,17,,0,0,0,788,17,0,,0,0,0,,,,,0,,,,,0,0,,,
"Product","/products/a802-ultra-soft-silicone-sex-torso-yeloly",1,1,0,0,0,0,6,,0,0,0,258,6,0,,0,1,1,0,0,0,0,6,,0,0,0,258,6,0,,0,0,0,,,,,0,,,,,0,0,,,
"Product","/products/f5937-155mcm5-1ft-40kg-2-0-g-cup-asian-anime-silicone-head-chinese-sex-doll-bezlya-doll",1,1,0,0,0,0,2,,0,0,0,121,2,0,,0,1,1,0,0,0,0,2,,0,0,0,121,2,0,,0,0,0,,,,,0,,,,,0,0,,,
,"/en-ca/products/f211-158cm5ft2-41kg-s-cup-realistic-huge-tits-big-boobs-tpe-sex-doll-wm-doll",1,1,0,0,0,0,1,,0,0,0,0,1,1,,1,1,1,0,0,0,0,1,,0,0,0,0,1,1,,1,0,0,,,,,0,,,,,,0,0,,0
"Product","/products/p82-9-92lb-20cm-denvir-anime-three-breasts-lewd-tattoo-girl-double-vagina-hentai-sex-doll-in-stock-usa-mrl",1,1,0,0,0,0,9,,0,0,0,473,9,0,,0,1,1,0,0,0,0,9,,0,0,0,473,9,0,,0,0,0,,,,,0,,,,,0,0,,,
"Product","/products/f4819-161cm-5ft346kg-m-cup-sexy-silicone-ros-biggest-bbw-sex-doll-hr-doll",1,1,0,0,0,0,13,,0,0,0,1048,13,0,,0,1,1,0,0,0,0,13,,0,0,0,1048,13,0,,0,0,0,,,,,0,,,,,0,0,,,
"Product","/products/58313-2lb-27-5-sex-doll-legs",1,1,0,0,0,0,5,,0,0,0,257,5,0,,0,1,1,0,0,0,0,5,,0,0,0,257,5,0,,0,0,0,,,,,0,,,,,0,0,,,
"Product","/products/f5996-164cm5-4ft-36kg-d-cup-silicone-head-celebrity-sex-doll-%E4%B8%A8rosretty-doll",1,1,0,0,0,0,1,,0,0,0,0,1,1,,1,1,1,0,0,0,0,1,,0,0,0,0,1,1,,1,0,0,,,,,0,,,,,,0,0,,0
"Product","/products/a295-big-butt-torso-silicone-sex-doll-sex-realistic-skin",1,1,0,0,0,0,1,,0,0,0,0,1,1,,1,1,1,0,0,0,0,1,,0,0,0,0,1,1,,1,0,0,,,,,0,,,,,,0,0,,0
,"/ja/collections/qian-you-videos",1,1,0,0,0,0,1,,0,0,0,0,1,1,,1,1,1,0,0,0,0,1,,0,0,0,0,1,1,,1,0,0,,,,,0,,,,,,0,0,,0
"Product","/products/f2383a-157cm-5ft1-52kg-h-cup-114-great-fat-huge-ass-tpe-bbw-sex-doll-2024-sy-doll",1,1,0,0,0,0,3,,0,0,0,22,3,0,,0,1,1,0,0,0,0,3,,0,0,0,22,3,0,,0,0,0,,,,,0,,,,,0,0,,,
"Product","/products/f8193-150cm-5ft-27-5kg-silicone-anime-sex-doll-elsa-babe",1,1,0,0,0,0,1,,0,0,0,0,1,1,,1,1,1,0,0,0,0,1,,0,0,0,0,1,1,,1,0,0,,,,,0,,,,,,0,0,,0
"Collection","/collections/evasdoll-factory-photos",1,1,0,0,0,0,2,,0,0,0,32,2,0,,0,1,1,0,0,0,0,2,,0,0,0,32,2,0,,0,0,0,,,,,0,,,,,0,0,,,
"Product","/products/t6343-8lb-lifelike-silicone-sex-doll-torso-sigafun-doll",1,1,0,0,0,0,1,,0,0,0,0,1,1,,1,1,1,0,0,0,0,1,,0,0,0,0,1,1,,1,0,0,,,,,0,,,,,,0,0,,0
"Product","/products/moonvale-silicone-furry-deer-170cm-f760",1,1,0,0,0,0,1,,0,0,0,0,1,1,,1,1,1,0,0,0,0,1,,0,0,0,0,1,1,,1,0,0,,,,,0,,,,,,0,0,,0
"Product","/products/f232-musical-talent-170cm-5ft7-silicone-male-sex-doll-irontech-doll",1,1,0,0,0,0,1,,0,0,0,0,1,1,,1,1,1,0,0,0,0,1,,0,0,0,0,1,1,,1,0,0,,,,,0,,,,,,0,0,,0
"Product","/products/f1614-rosretty-160cm-celebrity-life-size-realistic-sex-doll",1,1,0,0,0,0,1,,0,0,0,0,1,1,,1,1,1,0,0,0,0,1,,0,0,0,0,1,1,,1,0,0,,,,,0,,,,,,0,0,,0
"Product","/products/f5451-150cm4ft9-27kg-b-cup-asian-tpe-sex-doll-aibei-doll",1,1,0,0,0,0,9,,0,0,0,928,9,0,,0,1,1,0,0,0,0,9,,0,0,0,928,9,0,,0,0,0,,,,,0,,,,,0,0,,,
,"/de/collections/huge-breast-post-torso",1,1,0,0,0,0,4,,0,0,0,110,4,0,,0,1,1,0,0,0,0,4,,0,0,0,110,4,0,,0,0,0,,,,,0,,,,,0,0,,,
"Product","/products/h1031-silicone-sex-doll-head%E4%B8%A8aibei-doll-head",1,1,0,0,0,0,2,,0,0,0,59,2,0,,0,1,1,0,0,0,0,2,,0,0,0,59,2,0,,0,0,0,,,,,0,,,,,0,0,,,
"Collection","/collections/alien-sex-doll-heads-1",1,1,0,0,0,0,1,,0,0,0,0,1,1,,1,1,1,0,0,0,0,1,,0,0,0,0,1,1,,1,0,0,,,,,0,,,,,,0,0,,0
,"/en-ca/blogs/dolls-info-qustions/irontech-dolls-new-release-the-164aio-series-redefines-the-ultimate-realistic-sex-doll-experience",1,1,0,0,0,0,1,,0,0,0,0,1,1,,1,1,1,0,0,0,0,1,,0,0,0,0,1,1,,1,0,0,,,,,0,,,,,,0,0,,0
"Product","/products/f8054-150cm-5ft-27-5kg-silicone-anime-hentai-sex-doll-elsa-babe",1,1,0,0,0,0,1,,0,0,0,0,1,1,,1,1,1,0,0,0,0,1,,0,0,0,0,1,1,,1,0,0,,,,,0,,,,,,0,0,,0
"Collection","/collections/mini-torso-alien",1,1,0,0,0,0,2,,0,0,0,77,2,0,,0,1,1,0,0,0,0,2,,0,0,0,77,2,0,,0,0,0,,,,,0,,,,,0,0,,,
,"/ja/collections/lusandy-doll-factory-photos",1,1,0,0,0,0,2,,0,0,0,17,2,0,,0,1,1,0,0,0,0,2,,0,0,0,17,2,0,,0,0,0,,,,,0,,,,,0,0,,,
,"/de/collections/mini-bbw-sex-doll",1,1,0,0,0,0,2,,0,0,0,21,2,0,,0,1,1,0,0,0,0,2,,0,0,0,21,2,0,,0,0,0,,,,,0,,,,,0,0,,,
,"/en-ca/products/f9231-170cm-5ft7-38kg-e-cup-tpe-full-body-sex-doll-doll-castle",1,1,0,0,0,0,1,,0,0,0,0,1,1,,1,1,1,0,0,0,0,1,,0,0,0,0,1,1,,1,0,0,,,,,0,,,,,,0,0,,0
"Collection","/collections/dw",1,1,0,0,0,0,13,,0,0,0,469,13,0,,0,1,1,0,0,0,0,13,,0,0,0,469,13,0,,0,0,0,,,,,0,,,,,0,0,,,
"Product","/products/f9187-big-tit-sex-doll-futa-trans-doll-castle",1,1,0,0,0,0,4,,0,0,0,186,4,0,,0,1,1,0,0,0,0,4,,0,0,0,186,4,0,,0,0,0,,,,,0,,,,,0,0,,,
,"/en-ca/blogs/dolls-info-qustions/how-to-properly-use-chinese-sex-dolls-a-comprehensive-guide",1,1,0,0,0,0,4,,0,0,0,1823,4,0,,0,1,1,0,0,0,0,4,,0,0,0,1823,4,0,,0,0,0,,,,,0,,,,,0,0,,,
"Product","/products/f4569-162cm5-3ft-e-cup-great-bbw-big-butt-tpe-bbw-sex-doll%E4%B8%A8sy-doll",1,1,0,0,0,0,12,,0,0,0,670,12,0,,0,1,1,0,0,0,0,12,,0,0,0,670,12,0,,0,0,0,,,,,0,,,,,0,0,,,
"Product","/products/f5040-170cm-5ft6-d-cup-yanny-asian-silicone-sex-doll-jx-doll",1,1,0,0,0,0,4,,0,0,0,61,4,0,,0,1,1,0,0,0,0,4,,0,0,0,61,4,0,,0,0,0,,,,,0,,,,,0,0,,,
"Product","/products/f5462-150cm-5ft-27-5kg-silicone-anime-hentai-sex-dolls-elsa-babe",1,1,0,0,0,0,4,,0,0,0,360,4,0,,0,1,1,0,0,0,0,4,,0,0,0,360,4,0,,0,0,0,,,,,0,,,,,0,0,,,
"Checkout","/60719464687/orders/3e44d09b28a7f10834a15e36825f7a20",1,1,0,0,0,0,1,,0,0,0,0,1,1,,1,1,1,0,0,0,0,1,,0,0,0,0,1,1,,1,0,0,,,,,0,,,,,,0,0,,0
"Product","/products/h076-sex-doll-head",1,1,0,0,0,0,2,,0,0,0,47,2,0,,0,1,1,0,0,0,0,2,,0,0,0,47,2,0,,0,0,0,,,,,0,,,,,0,0,,,
"Product","/products/f9300-150cm-ros-silicone-head-alien-sex-doll-shemale-dildo",1,1,0,0,0,0,1,,0,0,0,0,1,1,,1,1,1,0,0,0,0,1,,0,0,0,0,1,1,,1,0,0,,,,,0,,,,,,0,0,,0
"Product","/products/s525-sex-machine-fucking-machine",1,1,0,0,0,0,1,,0,0,0,0,1,1,,1,1,1,0,0,0,0,1,,0,0,0,0,1,1,,1,0,0,,,,,0,,,,,,0,0,,0
,"/de/blogs/dolls-info-qustions/why-foot-fetishes-are-more-common-in-2026",1,1,0,0,0,0,1,,0,0,0,0,1,1,,1,1,1,0,0,0,0,1,,0,0,0,0,1,1,,1,0,0,,,,,0,,,,,,0,0,,0
"Custom Page","/pages/huge-breast-sex-doll-guide",1,1,0,0,0,0,6,,0,0,0,118,6,0,,0,1,1,0,0,0,0,6,,0,0,0,118,6,0,,0,0,0,,,,,0,,,,,0,0,,,
"Product","/products/b33-big-breast-vagina-sex-doll-titfuck-jelly-boobs",1,1,0,0,0,0,1,,0,0,0,0,1,1,,1,1,1,0,0,0,0,1,,0,0,0,0,1,1,,1,0,0,,,,,0,,,,,,0,0,,0
"Product","/products/f1970k-164cm-f-cup-lottie-big-boobs-doll-irontech-doll",1,1,0,0,0,0,2,,0,0,0,928,2,0,,0,1,1,0,0,0,0,2,,0,0,0,928,2,0,,0,0,0,,,,,0,,,,,0,0,,,
"Product","/products/f4540k-167cm5ft5-34kg-e-cup-sexy-adult-european-silicone-medium-butt-real-sex-doll-in-stock-se-doll",1,1,0,0,0,0,5,,0,0,0,185,5,0,,0,1,1,0,0,0,0,5,,0,0,0,185,5,0,,0,0,0,,,,,0,,,,,0,0,,,
,"/de/collections/top-cydoll",1,1,0,0,0,0,5,,0,0,0,121,5,0,,0,1,1,0,0,0,0,5,,0,0,0,121,5,0,,0,0,0,,,,,0,,,,,0,0,,,
"Product","/products/t40515-43lb-18-5inlight-weight-curvy-sex-doll-torso",1,1,0,0,0,0,1,,0,0,0,0,1,1,,1,1,1,0,0,0,0,1,,0,0,0,0,1,1,,1,0,0,,,,,0,,,,,,0,0,,0
,"/de/collections/british-sex-doll",1,1,0,0,0,0,13,,0,0,0,750,13,0,,0,1,1,0,0,0,0,13,,0,0,0,750,13,0,,0,0,0,,,,,0,,,,,0,0,,,
,"/en-ca/products/a303-silicone-big-butt-torso-lightweight-realistic-vagina",1,1,0,0,0,0,1,,0,0,0,0,1,1,,1,1,1,0,0,0,0,1,,0,0,0,0,1,1,,1,0,0,,,,,0,,,,,,0,0,,0
"Collection","/collections/erovenus-factory-photos",1,1,0,0,0,0,2,,0,0,0,14,2,0,,0,1,1,0,0,0,0,2,,0,0,0,14,2,0,,0,0,0,,,,,0,,,,,0,0,,,
,"/en-fi/products/f9388-zelex-k-series-lifelike-sex-doll",1,1,0,0,0,0,11,,0,0,0,470,11,0,,0,1,1,0,0,0,0,11,,0,0,0,470,11,0,,0,0,0,,,,,0,,,,,0,0,,,
,"/en-ca/collections/bbw-latina-sex-doll",1,1,0,0,0,0,1,,0,0,0,0,1,1,,1,1,1,0,0,0,0,1,,0,0,0,0,1,1,,1,0,0,,,,,0,,,,,,0,0,,0
"Product","/products/f9350-doll-senior-185cm-silicone-male-life-size-sex-doll",1,1,0,0,0,0,1,,0,0,0,0,1,1,,1,1,1,0,0,0,0,1,,0,0,0,0,1,1,,1,0,0,,,,,0,,,,,,0,0,,0
"Product","/products/f6251-153cm-5ft4-34kg-d-cup-silicone-asian-sex-doll-firefly-diary-max",1,1,0,0,0,0,1,,0,0,0,0,1,1,,1,1,1,0,0,0,0,1,,0,0,0,0,1,1,,1,0,0,,,,,0,,,,,,0,0,,0
,"/ja/collections/full-femboy-sex-doll",1,1,0,0,0,0,1,,0,0,0,0,1,1,,1,1,1,0,0,0,0,1,,0,0,0,0,1,1,,1,0,0,,,,,0,,,,,,0,0,,0
"Product","/products/f160-156cm-tpe-sex-doll",1,1,0,0,0,0,1,,0,0,0,0,1,1,,1,1,1,0,0,0,0,1,,0,0,0,0,1,1,,1,0,0,,,,,0,,,,,,0,0,,0
"Product","/products/f9267-161cm5ft3-h-cup-huge-breast-adult-silicone-sex-doll-bbw-starpery-doll",1,1,1,0,0,0,27,,1,0,0,3397,27,0,,0,1,1,1,0,0,0,27,,1,0,0,3397,27,0,,0,0,0,0,,,,0,,0,,,0,0,,,
"Product","/products/t270-28-66lbs-60cm-662-lightweight-life-size-sex-doll-torso-climax-doll",1,1,0,0,0,0,2,,0,0,0,23,2,0,,0,1,1,0,0,0,0,2,,0,0,0,23,2,0,,0,0,0,,,,,0,,,,,0,0,,,
"Product","/products/t320-e-cup-realistic-sex-doll-torso-climax-doll",1,1,0,0,0,0,5,,0,0,0,486,5,0,,0,1,1,0,0,0,0,5,,0,0,0,486,5,0,,0,0,0,,,,,0,,,,,0,0,,,
,"/en-ca/products/f2127k-173cm5-7ft-45kg-h-cup-bbw-bubble-butt-tpe-sex-doll-in-stock-usa-%E4%B8%A8wm-doll",1,1,0,0,0,0,2,,0,0,0,46,2,0,,0,1,1,0,0,0,0,2,,0,0,0,46,2,0,,0,0,0,,,,,0,,,,,0,0,,,
"Product","/products/f5422-150cm-5ft-27-5kg-silicone-anime-hentai-sex-dolls-elsa-babe",1,1,0,0,0,0,1,,0,0,0,0,1,1,,1,1,1,0,0,0,0,1,,0,0,0,0,1,1,,1,0,0,,,,,0,,,,,,0,0,,0
,"/ja/blogs/dolls-info-qustions/the-vibration-and-suction-functions-of-automatic-sex-dolls",1,1,0,0,0,0,1,,0,0,0,0,1,1,,1,1,1,0,0,0,0,1,,0,0,0,0,1,1,,1,0,0,,,,,0,,,,,,0,0,,0
"Product","/products/t293-30-9lbs-72cm-super-realistic-luxury-life-size-silicone-sex-doll-torso",1,1,0,0,0,0,1,,0,0,0,0,1,1,,1,1,1,0,0,0,0,1,,0,0,0,0,1,1,,1,0,0,,,,,0,,,,,,0,0,,0
"Blog Article","/blogs/dolls-info-qustions/why-is-everyone-talking-about-ses-silicone-pro-series-heres-the-answer",1,1,0,0,0,0,1,,0,0,0,0,1,1,,1,1,1,0,0,0,0,1,,0,0,0,0,1,1,,1,0,0,,,,,0,,,,,,0,0,,0
"Product","/products/t33-111cm-3ft6-26kg-g-cup-silicone-realistic-sex-toys-sex-doll-torso-with-head-se-doll",1,1,0,0,0,0,9,,0,0,0,556,9,0,,0,1,1,0,0,0,0,9,,0,0,0,556,9,0,,0,0,0,,,,,0,,,,,0,0,,,
"Product","/products/f4765-160cm5-3ft-34kg-2-1-b-cup-mini-asian-real-silicone-chinese-sex-doll-bezlya-doll",1,1,0,0,0,0,4,,0,0,0,310,4,0,,0,1,1,0,0,0,0,4,,0,0,0,310,4,0,,0,0,0,,,,,0,,,,,0,0,,,
,"/en-ca/products/t238-30-75lbs-lightweight-life-size-flat-chested-sex-doll-torso-with-head-climax-doll",1,1,0,0,0,0,1,,0,0,0,0,1,1,,1,1,1,0,0,0,0,1,,0,0,0,0,1,1,,1,0,0,,,,,0,,,,,,0,0,,0
"Product","/products/t431-73-68lb-hailey-life-size-latina-silicone-sex-doll-torso-with-head-in-stock-usa-europe-canada-max",1,1,0,0,0,0,1,,0,0,0,0,1,1,,1,1,1,0,0,0,0,1,,0,0,0,0,1,1,,1,0,0,,,,,0,,,,,,0,0,,0
"Product","/products/f1930k-164cm5ft4-f-cup-lucky-life-size-sex-doll-irontech-doll",1,1,0,0,0,0,2,,0,0,0,122,2,0,,0,1,1,0,0,0,0,2,,0,0,0,122,2,0,,0,0,0,,,,,0,,,,,0,0,,,
"Blog Article","/blogs/dolls-info-qustions/what-is-the-experience-like-with-a-big-ass-sex-doll-real-feelings-in-depth-review",1,1,0,0,0,0,1,,0,0,0,0,1,1,,1,1,1,0,0,0,0,1,,0,0,0,0,1,1,,1,0,0,,,,,0,,,,,,0,0,,0
"Blog Article","/blogs/dolls-info-qustions/threesome-with-sex-doll",1,1,0,0,0,0,1,,0,0,0,0,1,1,,1,1,1,0,0,0,0,1,,0,0,0,0,1,1,,1,0,0,,,,,0,,,,,,0,0,,0
"Collection","/collections/ido-doll",1,1,0,0,0,0,2,,0,0,0,8,2,0,,0,1,1,0,0,0,0,2,,0,0,0,8,2,0,,0,0,0,,,,,0,,,,,0,0,,,
"Product","/products/f2234-160cm5-2ft-e-cup-lisa-christmas-ros-silicone-sex-doll%E4%B8%A8mlw-doll",1,1,0,0,0,0,7,,0,0,0,376,7,0,,0,1,1,0,0,0,0,7,,0,0,0,376,7,0,,0,0,0,,,,,0,,,,,0,0,,,
"Product","/products/f5681-160cm-5ft332-5kg-k-cup-best-fat-huge-breasts-silicone-bbw-sex-doll-in-stock-us-starpery-doll",1,1,0,0,0,0,27,,0,0,0,1104,27,0,,0,1,1,0,0,0,0,27,,0,0,0,1104,27,0,,0,0,0,,,,,0,,,,,0,0,,,
"Collection","/collections/dang-xia",1,1,0,0,0,0,1,,0,0,0,0,1,1,,1,1,1,0,0,0,0,1,,0,0,0,0,1,1,,1,0,0,,,,,0,,,,,,0,0,,0
,"/en-ca/products/f1434-160cm5f3-39kg-f-cup-chubby-tpe-sex-doll-aibei-doll",1,1,0,0,0,0,3,,0,0,0,43,3,0,,0,1,1,0,0,0,0,3,,0,0,0,43,3,0,,0,0,0,,,,,0,,,,,0,0,,,
"Product","/products/f5593-150cm-5ft-27-5kg-anime-silicone-sex-doll-elsa-babe",1,1,0,0,0,0,1,,0,0,0,0,1,1,,1,1,1,0,0,0,0,1,,0,0,0,0,1,1,,1,0,0,,,,,0,,,,,,0,0,,0
"Product","/products/t945-86cm-5ft3-35-7kg-k-cup-sle-bbw-sex-doll-torso-with-headzelex-sle-2-0-in-stock-usa-canada-zelex-doll",1,1,0,0,0,0,17,,0,0,0,648,17,0,,0,1,1,0,0,0,0,17,,0,0,0,648,17,0,,0,0,0,,,,,0,,,,,0,0,,,
"Product","/products/h208-ros-silicone-sex-doll-head%E4%B8%A8galatea-doll-head",1,1,0,0,0,0,1,,0,0,0,0,1,1,,1,1,1,0,0,0,0,1,,0,0,0,0,1,1,,1,0,0,,,,,0,,,,,,0,0,,0
,"/en-ca/collections/haughty-hentai-sex-doll",1,1,0,0,0,0,6,,0,0,0,144,6,0,,0,1,1,0,0,0,0,6,,0,0,0,144,6,0,,0,0,0,,,,,0,,,,,0,0,,,
"Blog Article","/blogs/dolls-info-qustions/guide-to-buying-the-newest-sex-dolls-of-2025",1,1,0,0,0,0,2,,0,0,0,580,2,0,,0,1,1,0,0,0,0,2,,0,0,0,580,2,0,,0,0,0,,,,,0,,,,,0,0,,,
,"/ja/collections/black-sex-dolls",1,1,0,0,0,0,11,,0,0,0,865,11,0,,0,1,1,0,0,0,0,11,,0,0,0,865,11,0,,0,0,0,,,,,0,,,,,0,0,,,
,"/en-ca/blogs/recent-brand-updates-new-arrivals-for-sex-dolls/mrl-fantasy-sex-toys-realistic-anime-furry-and-monster-girl-torso-collection",1,1,0,0,0,0,3,,0,0,0,33,3,0,,0,1,1,0,0,0,0,3,,0,0,0,33,3,0,,0,0,0,,,,,0,,,,,0,0,,,
"Product","/products/h272-silicone-sex-doll-head%E4%B8%A8angel-kiss-doll-head",1,1,0,0,0,0,1,,0,0,0,0,1,1,,1,1,1,0,0,0,0,1,,0,0,0,0,1,1,,1,0,0,,,,,0,,,,,,0,0,,0
"Checkout","/60719464687/orders/c70ae96a97b9c38371d22f892dda4923",1,1,0,0,0,0,1,,0,0,0,0,1,1,,1,1,1,0,0,0,0,1,,0,0,0,0,1,1,,1,0,0,,,,,0,,,,,,0,0,,0
,"/en-ca/blogs/dolls-info-qustions/the-vibration-and-suction-functions-of-automatic-sex-dolls",1,1,0,0,0,0,1,,0,0,0,0,1,1,,1,1,1,0,0,0,0,1,,0,0,0,0,1,1,,1,0,0,,,,,0,,,,,,0,0,,0
"Checkout","/60719464687/orders/229e7b43b9e74d8f8ecdf1a716c312b5",1,1,0,0,0,0,1,,0,0,0,0,1,1,,1,1,1,0,0,0,0,1,,0,0,0,0,1,1,,1,0,0,,,,,0,,,,,,0,0,,0
"Collection","/collections/european-sex-dolls",1,1,0,0,0,0,1,,0,0,0,0,1,1,,1,1,1,0,0,0,0,1,,0,0,0,0,1,1,,1,0,0,,,,,0,,,,,,0,0,,0
"Blog Index","/blogs/dolls-info-qustions",1,1,0,0,0,0,1,,0,0,0,0,1,1,,1,1,1,0,0,0,0,1,,0,0,0,0,1,1,,1,0,0,,,,,0,,,,,,0,0,,0
"List of Collections","/collections/",1,1,0,0,0,0,3,,0,0,0,389,3,0,,0,1,1,0,0,0,0,3,,0,0,0,389,3,0,,0,0,0,,,,,0,,,,,0,0,,,
,"/en-fi/cart",1,1,0,0,0,0,1,,0,0,0,0,1,1,,1,1,1,0,0,0,0,1,,0,0,0,0,1,1,,1,0,0,,,,,0,,,,,,0,0,,0
"Product","/products/f2382-150cm-4ft9-g-cup-256-big-booty-tpe-sex-doll-sy-doll",1,1,0,0,0,0,1,,0,0,0,0,1,1,,1,1,1,0,0,0,0,1,,0,0,0,0,1,1,,1,0,0,,,,,0,,,,,,0,0,,0
,"/en-fi/collections/celebrity-sex-dolls",1,1,0,0,0,0,2,,0,0,0,9,2,0,,0,1,1,0,0,0,0,2,,0,0,0,9,2,0,,0,0,0,,,,,0,,,,,0,0,,,
"Product","/products/f1622-166cm-5ft4-c-cup-realistic-black-skin-silicone-head-sex-doll-rosretty-doll",1,1,0,0,0,0,1,,0,0,0,0,1,1,,1,1,1,0,0,0,0,1,,0,0,0,0,1,1,,1,0,0,,,,,0,,,,,,0,0,,0
,"/ja/blogs/dolls-info-qustions/feel-love-now-enjoy-life-with-sex-dolls-in-3-ways",1,1,0,0,0,0,1,,0,0,0,0,1,1,,1,1,1,0,0,0,0,1,,0,0,0,0,1,1,,1,0,0,,,,,0,,,,,,0,0,,0
"Checkout","/60719464687/orders/c4448b949920b2f1c9ce5bfc6307fadc",1,1,0,0,0,0,1,,0,0,0,0,1,1,,1,1,1,0,0,0,0,1,,0,0,0,0,1,1,,1,0,0,,,,,0,,,,,,0,0,,0
"Blog Article","/blogs/complete-sex-doll-guide-for-beginners/how-to-restore-faded-nipples-on-a-tpe-sex-doll-a-step-by-step-guide",1,1,0,0,0,0,1,,0,0,0,0,1,1,,1,1,1,0,0,0,0,1,,0,0,0,0,1,1,,1,0,0,,,,,0,,,,,,0,0,,0
"Blog Article","/blogs/dolls-info-qustions/comparison-of-four-top-skinny-sex-dolls-brands",1,1,0,0,0,0,4,,0,0,0,88,4,0,,0,1,1,0,0,0,0,4,,0,0,0,88,4,0,,0,0,0,,,,,0,,,,,0,0,,,
"Product","/products/p129-real-feel-silicone-pocket-pussy-highly-detailed-design-firefly-diary",1,1,0,0,0,0,9,,0,0,0,947,9,0,,0,1,1,0,0,0,0,9,,0,0,0,947,9,0,,0,0,0,,,,,0,,,,,0,0,,,
"Product","/products/f8099-150cm-5ft-27-5kg-anime-silicone-sex-doll-elsa-babe",1,1,0,0,0,0,8,,0,0,0,461,8,0,,0,1,1,0,0,0,0,8,,0,0,0,461,8,0,,0,0,0,,,,,0,,,,,0,0,,,
"Blog Article","/blogs/dolls-info-qustions/how-to-enjoy-bigass-sex-doll",1,1,0,0,0,0,1,,0,0,0,0,1,1,,1,1,1,0,0,0,0,1,,0,0,0,0,1,1,,1,0,0,,,,,0,,,,,,0,0,,0
,"/de/collections/big-ass-sex-doll-mini-torso",1,1,0,0,0,0,1,,0,0,0,0,1,1,,1,1,1,0,0,0,0,1,,0,0,0,0,1,1,,1,0,0,,,,,0,,,,,,0,0,,0
"Blog Article","/blogs/dolls-info-qustions/sex-doll-transformation-guide-how-to-revamp-and-create-a-one-of-a-kind-look",1,1,0,0,0,0,1,,0,0,0,0,1,1,,1,1,1,0,0,0,0,1,,0,0,0,0,1,1,,1,0,0,,,,,0,,,,,,0,0,,0
,"/en-ca/products/t267-big-coke-male-sex-dolls-torso-dildo-for-women",1,1,0,0,0,0,1,,0,0,0,0,1,1,,1,1,1,0,0,0,0,1,,0,0,0,0,1,1,,1,0,0,,,,,0,,,,,,0,0,,0
"Product","/products/f744-asian-realistic-sex-doll-with-ros-head-top-cydol",1,1,0,0,0,0,4,,0,0,0,938,4,0,,0,1,1,0,0,0,0,4,,0,0,0,938,4,0,,0,0,0,,,,,0,,,,,0,0,,,
"Product","/products/671-vibrating-realsitic-ass-sex-toy-mini-size-ass-sex-torso",1,1,0,0,0,0,1,,0,0,0,0,1,1,,1,1,1,0,0,0,0,1,,0,0,0,0,1,1,,1,0,0,,,,,0,,,,,,0,0,,0
,"/en-ca/blogs/dolls-info-qustions/vaginal-and-anal-design-of-life-size-sex-dolls",1,1,0,0,0,0,2,,0,0,0,164,2,0,,0,1,1,0,0,0,0,2,,0,0,0,164,2,0,,0,0,0,,,,,0,,,,,0,0,,,
"Product","/products/t456-12-52lb-silicone-portable-mini-sex-doll-torso-for-beginners-lovenestle",1,1,0,0,0,0,4,,0,0,0,25,4,0,,0,1,1,0,0,0,0,4,,0,0,0,25,4,0,,0,0,0,,,,,0,,,,,0,0,,,
,"/en-ca/blogs/dolls-info-qustions/sex-toys-vs-sex-doll-torso-which-one-should-you-choose-this-article-will-help-you-decide",1,1,0,0,0,0,1,,0,0,0,0,1,1,,1,1,1,0,0,0,0,1,,0,0,0,0,1,1,,1,0,0,,,,,0,,,,,,0,0,,0
"Blog Article","/blogs/dolls-info-qustions/choosing-femboy-sex-doll-the-target-group-and-benefits",1,1,0,0,0,0,1,,0,0,0,0,1,1,,1,1,1,0,0,0,0,1,,0,0,0,0,1,1,,1,0,0,,,,,0,,,,,,0,0,,0
"Product","/products/f1301-168cm-b-cup-luna-coser-sex-doll-irontech-doll",1,1,0,0,0,0,1,,0,0,0,0,1,1,,1,1,1,0,0,0,0,1,,0,0,0,0,1,1,,1,0,0,,,,,0,,,,,,0,0,,0
,"/en-ca/blogs/dolls-info-qustions/guide-to-the-buttocks-of-sex-doll-torsos",1,1,0,0,0,0,1,,0,0,0,0,1,1,,1,1,1,0,0,0,0,1,,0,0,0,0,1,1,,1,0,0,,,,,0,,,,,,0,0,,0
,"/en-ca/collections/big-ass-sex-doll-mini-torso",1,1,0,0,0,0,2,,0,0,0,23,2,0,,0,1,1,0,0,0,0,2,,0,0,0,23,2,0,,0,0,0,,,,,0,,,,,0,0,,,
"Product","/products/a309-19lb-soft-silicone-realistic-big-ass-sex-dolls-torso",1,1,0,0,0,0,6,,0,0,0,383,6,0,,0,1,1,0,0,0,0,6,,0,0,0,383,6,0,,0,0,0,,,,,0,,,,,0,0,,,
,"/en-ca/blogs/sex-doll-torso-blog/8-best-sex-doll-torsos-with-heads",1,1,0,0,0,0,2,,0,0,0,611,2,0,,0,1,1,0,0,0,0,2,,0,0,0,611,2,0,,0,0,0,,,,,0,,,,,0,0,,,
"Collection","/collections/elsa-babe",1,1,0,0,0,0,9,,0,0,0,586,9,0,,0,1,1,0,0,0,0,9,,0,0,0,586,9,0,,0,0,0,,,,,0,,,,,0,0,,,
"Blog Article","/blogs/dolls-info-qustions/sex-position",1,1,0,0,0,0,1,,0,0,0,0,1,1,,1,1,1,0,0,0,0,1,,0,0,0,0,1,1,,1,0,0,,,,,0,,,,,,0,0,,0
"Product","/products/f9385-161cm5ft3-41-5kg-h-cup-huge-breast-silicone-ssbbw-sex-doll-with-weight-reduction-4-0-starpery-doll",1,1,0,0,0,0,2,,0,0,0,96,2,0,,0,1,1,0,0,0,0,2,,0,0,0,96,2,0,,0,0,0,,,,,0,,,,,0,0,,,
,"/ja/blogs/dolls-info-qustions/heavyweight-sex-dolls-advantages-and-risks-analysis",1,1,0,0,0,0,1,,0,0,0,0,1,1,,1,1,1,0,0,0,0,1,,0,0,0,0,1,1,,1,0,0,,,,,0,,,,,,0,0,,0
"Blog Article","/blogs/dolls-info-qustions/how-to-use-a-doggy-dildo-doll-from-beginner-basics-to-7-practical-positions",1,1,0,0,0,0,1,,0,0,0,0,1,1,,1,1,1,0,0,0,0,1,,0,0,0,0,1,1,,1,0,0,,,,,0,,,,,,0,0,,0
"Product","/products/irontech-doll-164cm-black-tpe-sex-doll-f5543",1,1,0,0,0,0,29,,0,0,0,2522,29,0,,0,1,1,0,0,0,0,29,,0,0,0,2522,29,0,,0,0,0,,,,,0,,,,,0,0,,,
,"/en-ca/collections/sex-doll-torso/products/55cm-big-boobs-torso-sex-doll-502-sex-doll-torso",1,1,0,0,0,0,25,,0,0,0,200,25,0,,0,1,1,0,0,0,0,25,,0,0,0,200,25,0,,0,0,0,,,,,0,,,,,0,0,,,
"Custom Page","/pages/anime-sex-doll-buy-guide",1,1,0,0,0,0,2,,0,0,0,1503,2,0,,0,1,1,0,0,0,0,2,,0,0,0,1503,2,0,,0,0,0,,,,,0,,,,,0,0,,,
"Blog Article","/blogs/featured-blog/ai-sex-dolls-jinsan-s-1-900-model-takes-over-euro-america",1,1,0,0,0,0,1,,0,0,0,0,1,1,,1,1,1,0,0,0,0,1,,0,0,0,0,1,1,,1,0,0,,,,,0,,,,,,0,0,,0
"Collection","/collections/sineem",1,1,0,0,0,0,3,,0,0,0,65,3,0,,0,1,1,0,0,0,0,3,,0,0,0,65,3,0,,0,0,0,,,,,0,,,,,0,0,,,
"Product","/products/f7645-165cm-5ft4-34kg-d-cup-silicone-asian-sex-doll-firefly-diary",1,1,0,0,0,0,1,,0,0,0,0,1,1,,1,1,1,0,0,0,0,1,,0,0,0,0,1,1,,1,0,0,,,,,0,,,,,,0,0,,0
,"/en-ca/blogs/featured-blog/2026-sex-doll-lubricant-recommendations-find-the-perfect-formula-for-your-experience",1,1,0,0,0,0,3,,0,0,0,61,3,0,,0,1,1,0,0,0,0,3,,0,0,0,61,3,0,,0,0,0,,,,,0,,,,,0,0,,,
,"/en-ca/pages/irontech-ai",1,1,0,0,0,0,1,,0,0,0,0,1,1,,1,1,1,0,0,0,0,1,,0,0,0,0,1,1,,1,0,0,,,,,0,,,,,,0,0,,0
,"/en-ca/products/silicone-butt-thighs-17-4lb",1,1,1,1,0,0,25,0,1,1,0,771,25,0,0,0,1,1,1,1,0,0,25,0,1,1,0,771,25,0,0,0,0,0,0,0,,,0,,0,0,,0,0,,,
"Product","/products/h097-sex-doll-head",1,1,0,0,0,0,2,,0,0,0,20,2,0,,0,1,1,0,0,0,0,2,,0,0,0,20,2,0,,0,0,0,,,,,0,,,,,0,0,,,
"Product","/products/f5949-164cm5ft4-40-5kg-robot-all-in-one-seamless-neck-silicone-sex-doll-irontech-doll",1,1,0,0,0,0,1,,0,0,0,0,1,1,,1,1,1,0,0,0,0,1,,0,0,0,0,1,1,,1,0,0,,,,,0,,,,,,0,0,,0
,"/en-fi/blogs/complete-sex-doll-guide-for-beginners/tpe-vs-silicone-a-guide-to-sex-doll-material-selection",1,1,0,0,0,0,1,,0,0,0,0,1,1,,1,1,1,0,0,0,0,1,,0,0,0,0,1,1,,1,0,0,,,,,0,,,,,,0,0,,0
