"登陆页面类型","登陆页面路径","在线商店访客","访问","有商品添加到购物车的访问","到达结账页面的访问","完成结账的访问","转化率","页面浏览量","结账转化率","添加至购物车率","到达结账页面率","到达并完成结账的访问","平均访问持续时间","每次访问的页面浏览量","跳出率","完成结账率","跳出次数","Online store visitors (20260706)","Sessions (20260706)","Sessions with cart additions (20260706)","Sessions that reached checkout (20260706)","Sessions that completed checkout (20260706)","Conversion rate (20260706)","Pageviews (20260706)","Checkout conversion rate (20260706)","Added to cart rate (20260706)","Reached checkout rate (20260706)","Sessions that reached and completed checkout (20260706)","Average session duration (20260706)","Pageviews per session (20260706)","Bounce rate (20260706)","Completed checkout rate (20260706)","Bounces (20260706)","Online store visitors (20260706) ","Sessions (20260706) ","Sessions with cart additions (20260706) ","Sessions that reached checkout (20260706) ","Sessions that completed checkout (20260706) ","Conversion rate (20260706) ","Pageviews (20260706) ","Checkout conversion rate (20260706) ","Added to cart rate (20260706) ","Reached checkout rate (20260706) ","Sessions that reached and completed checkout (20260706) ","Average session duration (20260706) ","Pageviews per session (20260706) ","Bounce rate (20260706) ","Completed checkout rate (20260706) ","Bounces (20260706) "
"Homepage","/",981,1083,17,6,1,0.0009233610341643582,5916,0.16666666666666666,0.01569713758079409,0.00554016620498615,1,281.2289935364728,5.462603878116344,0.34533702677746997,0.16666666666666666,374,981,1083,17,6,1,0.0009233610341643582,5916,0.16666666666666666,0.01569713758079409,0.00554016620498615,1,281.2289935364728,5.462603878116344,0.34533702677746997,0.16666666666666666,374,0,0,0,0,0,0,0,0,0,0,0,0,0,0,0,0
"Collection","/collections/full-doll",993,1023,28,16,0,0,4811,0,0.02737047898338221,0.015640273704789834,0,206.63440860215053,4.702834799608993,0.364613880742913,0,373,993,1023,28,16,0,0,4811,0,0.02737047898338221,0.015640273704789834,0,206.63440860215053,4.702834799608993,0.364613880742913,0,373,0,0,0,0,,,0,,0,0,,0,0,0,,0
"Collection","/collections/bbw-sex-doll-torso",953,1006,8,4,0,0,4145,0,0.007952286282306162,0.003976143141153081,0,208.40059642147116,4.120278330019881,0.3717693836978131,0,374,953,1006,8,4,0,0,4145,0,0.007952286282306162,0.003976143141153081,0,208.40059642147116,4.120278330019881,0.3717693836978131,0,374,0,0,0,0,,,0,,0,0,,0,0,0,,0
"Collection","/collections/robotic-sex-doll",970,990,5,3,0,0,2486,0,0.005050505050505051,0.0030303030303030303,0,92.65959595959596,2.511111111111111,0.602020202020202,0,596,970,990,5,3,0,0,2486,0,0.005050505050505051,0.0030303030303030303,0,92.65959595959596,2.511111111111111,0.602020202020202,0,596,0,0,0,0,,,0,,0,0,,0,0,0,,0
"Blog Article","/blogs/featured-blog/how-to-make-fake-pussy",835,845,0,0,0,0,994,,0,0,0,26.52189349112426,1.1763313609467456,0.8994082840236687,,760,835,845,0,0,0,0,994,,0,0,0,26.52189349112426,1.1763313609467456,0.8994082840236687,,760,0,0,,,,,0,,,,,0,0,0,,0
"Collection","/collections/sex-doll-head",696,726,13,5,1,0.0013774104683195593,3711,0.2,0.01790633608815427,0.006887052341597796,1,217.64462809917356,5.1115702479338845,0.2024793388429752,0.2,147,696,726,13,5,1,0.0013774104683195593,3711,0.2,0.01790633608815427,0.006887052341597796,1,217.64462809917356,5.1115702479338845,0.2024793388429752,0.2,147,0,0,0,0,0,0,0,0,0,0,0,0,0,0,0,0
"Collection","/collections/anime-sex-doll",636,658,6,3,0,0,2422,0,0.00911854103343465,0.004559270516717325,0,147.46656534954408,3.6808510638297873,0.45896656534954405,0,302,636,658,6,3,0,0,2422,0,0.00911854103343465,0.004559270516717325,0,147.46656534954408,3.6808510638297873,0.45896656534954405,0,302,0,0,0,0,,,0,,0,0,,0,0,0,,0
"Collection","/collections/celebrity-sex-dolls",620,636,3,2,0,0,2243,0,0.0047169811320754715,0.0031446540880503146,0,164.37264150943398,3.5267295597484276,0.4229559748427673,0,269,620,636,3,2,0,0,2243,0,0.0047169811320754715,0.0031446540880503146,0,164.37264150943398,3.5267295597484276,0.4229559748427673,0,269,0,0,0,0,,,0,,0,0,,0,0,0,,0
"Collection","/collections/all",516,523,7,4,0,0,1641,0,0.01338432122370937,0.0076481835564053535,0,149.2772466539197,3.1376673040152965,0.4627151051625239,0,242,516,523,7,4,0,0,1641,0,0.01338432122370937,0.0076481835564053535,0,149.2772466539197,3.1376673040152965,0.4627151051625239,0,242,0,0,0,0,,,0,,0,0,,0,0,0,,0
"Collection","/collections/furry-sex-doll",444,470,3,0,0,0,1273,,0.006382978723404255,0,0,131.76808510638298,2.7085106382978723,0.5553191489361702,,261,444,470,3,0,0,0,1273,,0.006382978723404255,0,0,131.76808510638298,2.7085106382978723,0.5553191489361702,,261,0,0,0,,,,0,,0,,,0,0,0,,0
"Collection","/collections/sex-doll-videos",434,450,2,1,0,0,1261,0,0.0044444444444444444,0.0022222222222222222,0,91.07333333333334,2.8022222222222224,0.7466666666666667,0,336,434,450,2,1,0,0,1261,0,0.0044444444444444444,0.0022222222222222222,0,91.07333333333334,2.8022222222222224,0.7466666666666667,0,336,0,0,0,0,,,0,,0,0,,0,0,0,,0
"Collection","/collections/fake-ass-sex-toy",404,428,7,3,0,0,1450,0,0.016355140186915886,0.007009345794392523,0,164.33878504672896,3.3878504672897196,0.4485981308411215,0,192,404,428,7,3,0,0,1450,0,0.016355140186915886,0.007009345794392523,0,164.33878504672896,3.3878504672897196,0.4485981308411215,0,192,0,0,0,0,,,0,,0,0,,0,0,0,,0
"Blog Article","/blogs/featured-blog/how-to-diy-an-sex-doll-you",408,413,0,0,0,0,547,,0,0,0,31.53510895883777,1.324455205811138,0.8668280871670703,,358,408,413,0,0,0,0,547,,0,0,0,31.53510895883777,1.324455205811138,0.8668280871670703,,358,0,0,,,,,0,,,,,0,0,0,,0
"Collection","/collections/sex-doll-torso-dildo-for-woman",383,397,2,1,0,0,1388,0,0.005037783375314861,0.0025188916876574307,0,174.71788413098236,3.496221662468514,0.43828715365239296,0,174,383,397,2,1,0,0,1388,0,0.005037783375314861,0.0025188916876574307,0,174.71788413098236,3.496221662468514,0.43828715365239296,0,174,0,0,0,0,,,0,,0,0,,0,0,0,,0
"Collection","/collections/femboys-sex-doll",376,381,2,0,0,0,1205,,0.005249343832020997,0,0,109.32020997375328,3.1627296587926508,0.4881889763779528,,186,376,381,2,0,0,0,1205,,0.005249343832020997,0,0,109.32020997375328,3.1627296587926508,0.4881889763779528,,186,0,0,0,,,,0,,0,,,0,0,0,,0
"Collection","/collections/fake-pussy-fake-vagina-sex-toys",352,362,10,6,0,0,959,0,0.027624309392265192,0.016574585635359115,0,77.40331491712708,2.649171270718232,0.5248618784530387,0,190,352,362,10,6,0,0,959,0,0.027624309392265192,0.016574585635359115,0,77.40331491712708,2.649171270718232,0.5248618784530387,0,190,0,0,0,0,,,0,,0,0,,0,0,0,,0
"Collection","/collections/shemale-sex-doll-torso-1",336,342,4,1,0,0,1330,0,0.011695906432748537,0.0029239766081871343,0,210.71637426900585,3.888888888888889,0.3713450292397661,0,127,336,342,4,1,0,0,1330,0,0.011695906432748537,0.0029239766081871343,0,210.71637426900585,3.888888888888889,0.3713450292397661,0,127,0,0,0,0,,,0,,0,0,,0,0,0,,0
"Collection","/collections/futa-sex-doll",330,337,2,0,0,0,1110,,0.005934718100890208,0,0,146.00890207715133,3.293768545994065,0.4836795252225519,,163,330,337,2,0,0,0,1110,,0.005934718100890208,0,0,146.00890207715133,3.293768545994065,0.4836795252225519,,163,0,0,0,,,,0,,0,,,0,0,0,,0
"Collection","/collections/flat-chest-sex-doll",266,279,0,0,0,0,700,,0,0,0,120.6774193548387,2.5089605734767026,0.5448028673835126,,152,266,279,0,0,0,0,700,,0,0,0,120.6774193548387,2.5089605734767026,0.5448028673835126,,152,0,0,,,,,0,,,,,0,0,0,,0
"Collection","/collections/black-sex-dolls",266,278,4,1,0,0,1158,0,0.014388489208633094,0.0035971223021582736,0,217.3884892086331,4.16546762589928,0.4676258992805755,0,130,266,278,4,1,0,0,1158,0,0.014388489208633094,0.0035971223021582736,0,217.3884892086331,4.16546762589928,0.4676258992805755,0,130,0,0,0,0,,,0,,0,0,,0,0,0,,0
"Blog Article","/blogs/dolls-info-qustions/how-to-make-a-fake-ass-sex-toy",243,249,2,0,0,0,381,,0.008032128514056224,0,0,78.0281124497992,1.5301204819277108,0.7991967871485943,,199,243,249,2,0,0,0,381,,0.008032128514056224,0,0,78.0281124497992,1.5301204819277108,0.7991967871485943,,199,0,0,0,,,,0,,0,,,0,0,0,,0
"Collection","/collections/boob-job-sex-toys",241,244,4,3,0,0,697,0,0.01639344262295082,0.012295081967213115,0,108.47131147540983,2.8565573770491803,0.5942622950819673,0,145,241,244,4,3,0,0,697,0,0.01639344262295082,0.012295081967213115,0,108.47131147540983,2.8565573770491803,0.5942622950819673,0,145,0,0,0,0,,,0,,0,0,,0,0,0,,0
"Collection","/collections/enchanting-delights-2024-top-real-sex-doll-recommendations",186,188,0,0,0,0,631,,0,0,0,154.16489361702128,3.356382978723404,0.5372340425531915,,101,186,188,0,0,0,0,631,,0,0,0,154.16489361702128,3.356382978723404,0.5372340425531915,,101,0,0,,,,,0,,,,,0,0,0,,0
"Collection","/collections/sex-doll-torso",176,182,1,1,1,0.005494505494505495,747,1,0.005494505494505495,0.005494505494505495,1,203.28021978021977,4.104395604395604,0.26373626373626374,1,48,176,182,1,1,1,0.005494505494505495,747,1,0.005494505494505495,0.005494505494505495,1,203.28021978021977,4.104395604395604,0.26373626373626374,1,48,0,0,0,0,0,0,0,0,0,0,0,0,0,0,0,0
"Collection","/collections/under-100",166,172,4,0,0,0,610,,0.023255813953488372,0,0,171.52325581395348,3.546511627906977,0.5872093023255814,,101,166,172,4,0,0,0,610,,0.023255813953488372,0,0,171.52325581395348,3.546511627906977,0.5872093023255814,,101,0,0,0,,,,0,,0,,,0,0,0,,0
"Collection","/collections/black-torso-sex-dolls",161,167,2,2,1,0.005988023952095809,413,0.5,0.011976047904191617,0.011976047904191617,1,147.4191616766467,2.4730538922155687,0.5449101796407185,0.5,91,161,167,2,2,1,0.005988023952095809,413,0.5,0.011976047904191617,0.011976047904191617,1,147.4191616766467,2.4730538922155687,0.5449101796407185,0.5,91,0,0,0,0,0,0,0,0,0,0,0,0,0,0,0,0
"Collection","/collections/huge-breasts-sex-dolls",142,150,1,0,0,0,575,,0.006666666666666667,0,0,217.00666666666666,3.8333333333333335,0.48,,72,142,150,1,0,0,0,575,,0.006666666666666667,0,0,217.00666666666666,3.8333333333333335,0.48,,72,0,0,0,,,,0,,0,,,0,0,0,,0
"Collection","/collections/18s-sex-doll",146,147,0,0,0,0,379,,0,0,0,133.4421768707483,2.578231292517007,0.6326530612244898,,93,146,147,0,0,0,0,379,,0,0,0,133.4421768707483,2.578231292517007,0.6326530612244898,,93,0,0,,,,,0,,,,,0,0,0,,0
"Collection","/collections/vajankle-foot-fetish-toys",142,143,0,0,0,0,403,,0,0,0,97.94405594405595,2.8181818181818183,0.48951048951048953,,70,142,143,0,0,0,0,403,,0,0,0,97.94405594405595,2.8181818181818183,0.48951048951048953,,70,0,0,,,,,0,,,,,0,0,0,,0
"Collection","/collections/shemale-sex-toy",132,132,0,0,0,0,214,,0,0,0,75.37121212121212,1.621212121212121,0.7196969696969697,,95,132,132,0,0,0,0,214,,0,0,0,75.37121212121212,1.621212121212121,0.7196969696969697,,95,0,0,,,,,0,,,,,0,0,0,,0
"Collection","/collections/silicone-ass",128,130,1,0,0,0,442,,0.007692307692307693,0,0,182.03076923076924,3.4,0.4153846153846154,,54,128,130,1,0,0,0,442,,0.007692307692307693,0,0,182.03076923076924,3.4,0.4153846153846154,,54,0,0,0,,,,0,,0,,,0,0,0,,0
"Blog Article","/blogs/sex-doll-torso-blog/top-7-sex-poses-with-your-torso-sex-doll",115,124,1,1,1,0.008064516129032258,222,1,0.008064516129032258,0.008064516129032258,1,82.96774193548387,1.7903225806451613,0.8064516129032258,1,100,115,124,1,1,1,0.008064516129032258,222,1,0.008064516129032258,0.008064516129032258,1,82.96774193548387,1.7903225806451613,0.8064516129032258,1,100,0,0,0,0,0,0,0,0,0,0,0,0,0,0,0,0
"Collection","/collections/big-booty-sex-dolls",118,123,0,0,0,0,526,,0,0,0,261.4065040650407,4.276422764227642,0.3821138211382114,,47,118,123,0,0,0,0,526,,0,0,0,261.4065040650407,4.276422764227642,0.3821138211382114,,47,0,0,,,,,0,,,,,0,0,0,,0
,"/de/collections/robotic-sex-doll",114,116,0,0,0,0,272,,0,0,0,112.96551724137932,2.3448275862068964,0.6982758620689655,,81,114,116,0,0,0,0,272,,0,0,0,112.96551724137932,2.3448275862068964,0.6982758620689655,,81,0,0,,,,,0,,,,,0,0,0,,0
"Collection","/collections/anime-pocket-pussy",113,113,0,0,0,0,291,,0,0,0,94.73451327433628,2.575221238938053,0.6194690265486725,,70,113,113,0,0,0,0,291,,0,0,0,94.73451327433628,2.575221238938053,0.6194690265486725,,70,0,0,,,,,0,,,,,0,0,0,,0
"Collection","/collections/asian-sex-doll",109,111,0,0,0,0,360,,0,0,0,178.34234234234233,3.2432432432432434,0.5405405405405406,,60,109,111,0,0,0,0,360,,0,0,0,178.34234234234233,3.2432432432432434,0.5405405405405406,,60,0,0,,,,,0,,,,,0,0,0,,0
"Collection","/collections/anime-mini-sex-doll",97,97,1,0,0,0,202,,0.010309278350515464,0,0,66.16494845360825,2.082474226804124,0.6391752577319587,,62,97,97,1,0,0,0,202,,0.010309278350515464,0,0,66.16494845360825,2.082474226804124,0.6391752577319587,,62,0,0,0,,,,0,,0,,,0,0,0,,0
"Custom Page","/pages/sex-doll-gif",92,93,0,0,0,0,169,,0,0,0,46.70967741935484,1.8172043010752688,0.8064516129032258,,75,92,93,0,0,0,0,169,,0,0,0,46.70967741935484,1.8172043010752688,0.8064516129032258,,75,0,0,,,,,0,,,,,0,0,0,,0
"Collection","/collections/mini-sex-doll-torso",83,86,0,0,0,0,172,,0,0,0,100.20930232558139,2,0.6046511627906976,,52,83,86,0,0,0,0,172,,0,0,0,100.20930232558139,2,0.6046511627906976,,52,0,0,,,,,0,,,,,0,0,0,,0
"Collection","/collections/lesbian-sex-doll-torso",86,86,0,0,0,0,156,,0,0,0,92.65116279069767,1.813953488372093,0.6627906976744186,,57,86,86,0,0,0,0,156,,0,0,0,92.65116279069767,1.813953488372093,0.6627906976744186,,57,0,0,,,,,0,,,,,0,0,0,,0
"Collection","/collections/foot-pocket-pussy",79,82,0,0,0,0,183,,0,0,0,77.8170731707317,2.231707317073171,0.7195121951219512,,59,79,82,0,0,0,0,183,,0,0,0,77.8170731707317,2.231707317073171,0.7195121951219512,,59,0,0,,,,,0,,,,,0,0,0,,0
"Collection","/collections/sex-doll-feet",78,81,0,0,0,0,253,,0,0,0,148.35802469135803,3.123456790123457,0.5802469135802469,,47,78,81,0,0,0,0,253,,0,0,0,148.35802469135803,3.123456790123457,0.5802469135802469,,47,0,0,,,,,0,,,,,0,0,0,,0
"Collection","/collections/vibrating-sex-doll-torso",76,77,2,0,0,0,200,,0.025974025974025976,0,0,90.40259740259741,2.5974025974025974,0.5844155844155844,,45,76,77,2,0,0,0,200,,0.025974025974025976,0,0,90.40259740259741,2.5974025974025974,0.5844155844155844,,45,0,0,0,,,,0,,0,,,0,0,0,,0
"Collection","/collections/pocket-pussy-ass",73,74,0,0,0,0,138,,0,0,0,65.56756756756756,1.864864864864865,0.581081081081081,,43,73,74,0,0,0,0,138,,0,0,0,65.56756756756756,1.864864864864865,0.581081081081081,,43,0,0,,,,,0,,,,,0,0,0,,0
,"/ja/blogs/featured-blog/how-to-make-fake-pussy",68,74,0,0,0,0,90,,0,0,0,63.067567567567565,1.2162162162162162,0.8378378378378378,,62,68,74,0,0,0,0,90,,0,0,0,63.067567567567565,1.2162162162162162,0.8378378378378378,,62,0,0,,,,,0,,,,,0,0,0,,0
"Collection","/collections/best-seller-sex-dolls-under-200",69,72,0,0,0,0,144,,0,0,0,128.625,2,0.5833333333333334,,42,69,72,0,0,0,0,144,,0,0,0,128.625,2,0.5833333333333334,,42,0,0,,,,,0,,,,,0,0,0,,0
"Collection","/collections/torso-shemale-sex-doll",69,71,1,0,0,0,267,,0.014084507042253521,0,0,272.3098591549296,3.76056338028169,0.4225352112676056,,30,69,71,1,0,0,0,267,,0.014084507042253521,0,0,272.3098591549296,3.76056338028169,0.4225352112676056,,30,0,0,0,,,,0,,0,,,0,0,0,,0
"Product","/products/a664-37-5lb-silicone-butt-sexy-and-real-realistic-big-ass-sex-doll-torso",63,70,0,0,0,0,146,,0,0,0,90.02857142857142,2.085714285714286,0.8142857142857143,,57,63,70,0,0,0,0,146,,0,0,0,90.02857142857142,2.085714285714286,0.8142857142857143,,57,0,0,,,,,0,,,,,0,0,0,,0
"Collection","/collections/animal-hentai-sex-doll",67,68,0,0,0,0,221,,0,0,0,90.55882352941177,3.25,0.45588235294117646,,31,67,68,0,0,0,0,221,,0,0,0,90.55882352941177,3.25,0.45588235294117646,,31,0,0,,,,,0,,,,,0,0,0,,0
,"/en-ca/collections/sex-doll-head",60,64,5,1,0,0,445,0,0.078125,0.015625,0,257.6875,6.953125,0.171875,0,11,60,64,5,1,0,0,445,0,0.078125,0.015625,0,257.6875,6.953125,0.171875,0,11,0,0,0,0,,,0,,0,0,,0,0,0,,0
"Collection","/collections/mini-sex-doll",60,63,0,0,0,0,174,,0,0,0,166.85714285714286,2.761904761904762,0.5555555555555556,,35,60,63,0,0,0,0,174,,0,0,0,166.85714285714286,2.761904761904762,0.5555555555555556,,35,0,0,,,,,0,,,,,0,0,0,,0
"Product","/products/599-83lb-sex-doll-torso-with-realistic-oversized-ass",56,61,3,0,0,0,122,,0.04918032786885246,0,0,75.77049180327869,2,0.6229508196721312,,38,56,61,3,0,0,0,122,,0.04918032786885246,0,0,75.77049180327869,2,0.6229508196721312,,38,0,0,0,,,,0,,0,,,0,0,0,,0
,"/en-ca/blogs/featured-blog/how-to-make-fake-pussy",60,60,0,0,0,0,73,,0,0,0,63.6,1.2166666666666666,0.8333333333333334,,50,60,60,0,0,0,0,73,,0,0,0,63.6,1.2166666666666666,0.8333333333333334,,50,0,0,,,,,0,,,,,0,0,0,,0
"Collection","/collections/bbw-black-sex-doll",54,58,0,0,0,0,216,,0,0,0,284.1551724137931,3.7241379310344827,0.3793103448275862,,22,54,58,0,0,0,0,216,,0,0,0,284.1551724137931,3.7241379310344827,0.3793103448275862,,22,0,0,,,,,0,,,,,0,0,0,,0
"Blog Article","/blogs/dolls-info-qustions/gentlemans-paradise-exploring-nsfw-anime-figures-and-sex-dolls",52,53,0,0,0,0,189,,0,0,0,177.9245283018868,3.5660377358490565,0.660377358490566,,35,52,53,0,0,0,0,189,,0,0,0,177.9245283018868,3.5660377358490565,0.660377358490566,,35,0,0,,,,,0,,,,,0,0,0,,0
"Collection","/collections/life-size-anime-sex-doll",50,50,0,0,0,0,138,,0,0,0,103.72,2.76,0.3,,15,50,50,0,0,0,0,138,,0,0,0,103.72,2.76,0.3,,15,0,0,,,,,0,,,,,0,0,0,,0
,"/en-ca/collections/bbw-sex-doll-torso",48,50,1,1,0,0,272,0,0.02,0.02,0,418.68,5.44,0.3,0,15,48,50,1,1,0,0,272,0,0.02,0.02,0,418.68,5.44,0.3,0,15,0,0,0,0,,,0,,0,0,,0,0,0,,0
"Collection","/collections/male-sex-doll",47,48,0,0,0,0,153,,0,0,0,232.75,3.1875,0.4791666666666667,,23,47,48,0,0,0,0,153,,0,0,0,232.75,3.1875,0.4791666666666667,,23,0,0,,,,,0,,,,,0,0,0,,0
"Product","/products/57-32lb-sex-doll-torso-with-life-size-ass-and-soft-skin-512-sex-doll-torso",47,48,0,0,0,0,103,,0,0,0,62.208333333333336,2.1458333333333335,0.5625,,27,47,48,0,0,0,0,103,,0,0,0,62.208333333333336,2.1458333333333335,0.5625,,27,0,0,,,,,0,,,,,0,0,0,,0
"Collection","/collections/torso-dildo",43,47,1,0,0,0,128,,0.02127659574468085,0,0,104.44680851063829,2.723404255319149,0.574468085106383,,27,43,47,1,0,0,0,128,,0.02127659574468085,0,0,104.44680851063829,2.723404255319149,0.574468085106383,,27,0,0,0,,,,0,,0,,,0,0,0,,0
"Collection","/collections/life-size-shemale-sex-doll",47,47,1,0,0,0,141,,0.02127659574468085,0,0,115.85106382978724,3,0.5106382978723404,,24,47,47,1,0,0,0,141,,0.02127659574468085,0,0,115.85106382978724,3,0.5106382978723404,,24,0,0,0,,,,0,,0,,,0,0,0,,0
"Collection","/collections/petite-sex-doll",46,46,0,0,0,0,144,,0,0,0,179.2608695652174,3.130434782608696,0.5434782608695652,,25,46,46,0,0,0,0,144,,0,0,0,179.2608695652174,3.130434782608696,0.5434782608695652,,25,0,0,,,,,0,,,,,0,0,0,,0
"List of Collections","/collections/vendors",39,45,0,0,0,0,227,,0,0,0,212.9111111111111,5.044444444444444,0.3333333333333333,,15,39,45,0,0,0,0,227,,0,0,0,212.9111111111111,5.044444444444444,0.3333333333333333,,15,0,0,,,,,0,,,,,0,0,0,,0
"Collection","/collections/cheap-sex-doll",38,43,0,0,0,0,118,,0,0,0,83.74418604651163,2.744186046511628,0.6511627906976745,,28,38,43,0,0,0,0,118,,0,0,0,83.74418604651163,2.744186046511628,0.6511627906976745,,28,0,0,,,,,0,,,,,0,0,0,,0
"Blog Article","/blogs/dolls-info-qustions/how-to-titty-fuck-experience-the-ultimate-pleasure-with-a-huge-breast-sex-doll",42,43,0,0,0,0,126,,0,0,0,118.79069767441861,2.9302325581395348,0.7441860465116279,,32,42,43,0,0,0,0,126,,0,0,0,118.79069767441861,2.9302325581395348,0.7441860465116279,,32,0,0,,,,,0,,,,,0,0,0,,0
,"/en-ca",40,42,0,0,0,0,202,,0,0,0,117.04761904761905,4.809523809523809,0.35714285714285715,,15,40,42,0,0,0,0,202,,0,0,0,117.04761904761905,4.809523809523809,0.35714285714285715,,15,0,0,,,,,0,,,,,0,0,0,,0
,"/de/blogs/featured-blog/how-to-make-fake-pussy",42,42,0,0,0,0,44,,0,0,0,9.595238095238095,1.0476190476190477,0.9523809523809523,,40,42,42,0,0,0,0,44,,0,0,0,9.595238095238095,1.0476190476190477,0.9523809523809523,,40,0,0,,,,,0,,,,,0,0,0,,0
"Collection","/collections/naked-sex-doll",40,41,1,0,0,0,124,,0.024390243902439025,0,0,98.92682926829268,3.024390243902439,0.3902439024390244,,16,40,41,1,0,0,0,124,,0.024390243902439025,0,0,98.92682926829268,3.024390243902439,0.3902439024390244,,16,0,0,0,,,,0,,0,,,0,0,0,,0
"Collection","/collections/chinese-sex-doll",38,40,0,0,0,0,182,,0,0,0,197.425,4.55,0.5,,20,38,40,0,0,0,0,182,,0,0,0,197.425,4.55,0.5,,20,0,0,,,,,0,,,,,0,0,0,,0
"Blog Article","/blogs/dolls-info-qustions/vaginal-and-anal-design-of-life-size-sex-dolls",39,40,0,0,0,0,81,,0,0,0,70.75,2.025,0.75,,30,39,40,0,0,0,0,81,,0,0,0,70.75,2.025,0.75,,30,0,0,,,,,0,,,,,0,0,0,,0
,"/en-fi/blogs/featured-blog/how-to-make-fake-pussy",40,40,0,0,0,0,64,,0,0,0,59.45,1.6,0.8,,32,40,40,0,0,0,0,64,,0,0,0,59.45,1.6,0.8,,32,0,0,,,,,0,,,,,0,0,0,,0
"Collection","/collections/top-rated-japanese-sex-dolls-in-2026",39,39,0,0,0,0,91,,0,0,0,97.64102564102564,2.3333333333333335,0.717948717948718,,28,39,39,0,0,0,0,91,,0,0,0,97.64102564102564,2.3333333333333335,0.717948717948718,,28,0,0,,,,,0,,,,,0,0,0,,0
"Collection","/collections/silicone-pocket-pussy",39,39,1,0,0,0,122,,0.02564102564102564,0,0,133.4102564102564,3.128205128205128,0.5641025641025641,,22,39,39,1,0,0,0,122,,0.02564102564102564,0,0,133.4102564102564,3.128205128205128,0.5641025641025641,,22,0,0,0,,,,0,,0,,,0,0,0,,0
"Collection","/collections/electric-sex-doll-head",38,39,1,0,0,0,161,,0.02564102564102564,0,0,183.28205128205127,4.128205128205129,0.38461538461538464,,15,38,39,1,0,0,0,161,,0.02564102564102564,0,0,183.28205128205127,4.128205128205129,0.38461538461538464,,15,0,0,0,,,,0,,0,,,0,0,0,,0
"Collection","/collections/lusandy-doll-in-stock-usa",39,39,0,0,0,0,85,,0,0,0,75.41025641025641,2.1794871794871793,0.8717948717948718,,34,39,39,0,0,0,0,85,,0,0,0,75.41025641025641,2.1794871794871793,0.8717948717948718,,34,0,0,,,,,0,,,,,0,0,0,,0
"Blog Article","/blogs/dolls-info-qustions/%F0%9F%94%A5-top-5-most-popular-big-butt-chubby-belly-curvy-body-pornstar-style-sex-dolls-in-2025-%F0%9F%94%A5",38,39,0,0,0,0,51,,0,0,0,21.974358974358974,1.3076923076923077,0.8717948717948718,,34,38,39,0,0,0,0,51,,0,0,0,21.974358974358974,1.3076923076923077,0.8717948717948718,,34,0,0,,,,,0,,,,,0,0,0,,0
,"/en-ca/collections/celebrity-sex-dolls",36,39,0,0,0,0,215,,0,0,0,258.02564102564105,5.512820512820513,0.5128205128205128,,20,36,39,0,0,0,0,215,,0,0,0,258.02564102564105,5.512820512820513,0.5128205128205128,,20,0,0,,,,,0,,,,,0,0,0,,0
"Search","/search",26,38,0,0,0,0,136,,0,0,0,354.44736842105266,3.5789473684210527,0.5263157894736842,,20,26,38,0,0,0,0,136,,0,0,0,354.44736842105266,3.5789473684210527,0.5263157894736842,,20,0,0,,,,,0,,,,,0,0,0,,0
,"/en-ca/collections/full-doll",37,38,0,0,0,0,249,,0,0,0,244.47368421052633,6.552631578947368,0.23684210526315788,,9,37,38,0,0,0,0,249,,0,0,0,244.47368421052633,6.552631578947368,0.23684210526315788,,9,0,0,,,,,0,,,,,0,0,0,,0
,"/en-ca/collections/furry-sex-doll",38,38,0,0,0,0,106,,0,0,0,141.78947368421052,2.789473684210526,0.5789473684210527,,22,38,38,0,0,0,0,106,,0,0,0,141.78947368421052,2.789473684210526,0.5789473684210527,,22,0,0,,,,,0,,,,,0,0,0,,0
"Collection","/collections/black-male-sex-doll",37,38,0,0,0,0,172,,0,0,0,301.07894736842104,4.526315789473684,0.5263157894736842,,20,37,38,0,0,0,0,172,,0,0,0,301.07894736842104,4.526315789473684,0.5263157894736842,,20,0,0,,,,,0,,,,,0,0,0,,0
"Collection","/collections/bbw-milf-sex-doll",35,35,1,0,0,0,160,,0.02857142857142857,0,0,215.97142857142856,4.571428571428571,0.22857142857142856,,8,35,35,1,0,0,0,160,,0.02857142857142857,0,0,215.97142857142856,4.571428571428571,0.22857142857142856,,8,0,0,0,,,,0,,0,,,0,0,0,,0
"Collection","/collections/ros-sex-doll-heads-1",34,34,1,0,0,0,93,,0.029411764705882353,0,0,197.58823529411765,2.735294117647059,0.5294117647058824,,18,34,34,1,0,0,0,93,,0.029411764705882353,0,0,197.58823529411765,2.735294117647059,0.5294117647058824,,18,0,0,0,,,,0,,0,,,0,0,0,,0
"Blog Article","/blogs/dolls-info-qustions/5-things-to-know-before-trying-the-stand-and-carry-sexual-position",34,34,0,0,0,0,44,,0,0,0,11.970588235294118,1.2941176470588236,0.9117647058823529,,31,34,34,0,0,0,0,44,,0,0,0,11.970588235294118,1.2941176470588236,0.9117647058823529,,31,0,0,,,,,0,,,,,0,0,0,,0
"Collection","/collections/life-sized-sex-doll",33,34,0,0,0,0,73,,0,0,0,126.26470588235294,2.1470588235294117,0.5882352941176471,,20,33,34,0,0,0,0,73,,0,0,0,126.26470588235294,2.1470588235294117,0.5882352941176471,,20,0,0,,,,,0,,,,,0,0,0,,0
"Product","/products/a499-bbw-big-booty-silicone-sex-doll-torso",22,33,3,1,0,0,99,0,0.09090909090909091,0.030303030303030304,0,256.8484848484849,3,0.5454545454545454,0,18,22,33,3,1,0,0,99,0,0.09090909090909091,0.030303030303030304,0,256.8484848484849,3,0.5454545454545454,0,18,0,0,0,0,,,0,,0,0,,0,0,0,,0
"Collection","/collections/under-1000-full-doll",27,33,0,0,0,0,124,,0,0,0,155.3939393939394,3.757575757575758,0.48484848484848486,,16,27,33,0,0,0,0,124,,0,0,0,155.3939393939394,3.757575757575758,0.48484848484848486,,16,0,0,,,,,0,,,,,0,0,0,,0
"Collection","/collections/fake-pussy-hentai-sex-doll",31,32,0,0,0,0,129,,0,0,0,160.5625,4.03125,0.5,,16,31,32,0,0,0,0,129,,0,0,0,160.5625,4.03125,0.5,,16,0,0,,,,,0,,,,,0,0,0,,0
"Custom Page","/pages/full-doll",31,32,0,0,0,0,91,,0,0,0,89.84375,2.84375,0.375,,12,31,32,0,0,0,0,91,,0,0,0,89.84375,2.84375,0.375,,12,0,0,,,,,0,,,,,0,0,0,,0
,"/de/collections/futa-sex-doll",32,32,1,0,0,0,82,,0.03125,0,0,157.96875,2.5625,0.4375,,14,32,32,1,0,0,0,82,,0.03125,0,0,157.96875,2.5625,0.4375,,14,0,0,0,,,,0,,0,,,0,0,0,,0
,"/en-ca/collections/all",32,32,2,1,0,0,166,0,0.0625,0.03125,0,247.90625,5.1875,0.53125,0,17,32,32,2,1,0,0,166,0,0.0625,0.03125,0,247.90625,5.1875,0.53125,0,17,0,0,0,0,,,0,,0,0,,0,0,0,,0
"Blog Article","/blogs/real-sex-doll-reviews-pros-cons-real-usage-tests/2026-meru-hentai-sex-doll-review-comprehensive-comparison-of-4-hot-models",30,31,0,0,0,0,34,,0,0,0,2.3225806451612905,1.096774193548387,0.9354838709677419,,29,30,31,0,0,0,0,34,,0,0,0,2.3225806451612905,1.096774193548387,0.9354838709677419,,29,0,0,,,,,0,,,,,0,0,0,,0
"Cart","/cart",28,31,8,6,1,0.03225806451612903,247,0.16666666666666666,0.25806451612903225,0.1935483870967742,1,567.258064516129,7.967741935483871,0.3548387096774194,0.2,11,28,31,8,6,1,0.03225806451612903,247,0.16666666666666666,0.25806451612903225,0.1935483870967742,1,567.258064516129,7.967741935483871,0.3548387096774194,0.2,11,0,0,0,0,0,0,0,0,0,0,0,0,0,0,0,0
,"/en-ca/collections/fake-ass-sex-toy",29,31,0,0,0,0,94,,0,0,0,133.19354838709677,3.032258064516129,0.4838709677419355,,15,29,31,0,0,0,0,94,,0,0,0,133.19354838709677,3.032258064516129,0.4838709677419355,,15,0,0,,,,,0,,,,,0,0,0,,0
"Blog Article","/blogs/dolls-info-qustions/why-do-women-enjoy-anal-sex-5-honest-reasons-you-never-expected",29,30,0,0,0,0,36,,0,0,0,11.133333333333333,1.2,0.9,,27,29,30,0,0,0,0,36,,0,0,0,11.133333333333333,1.2,0.9,,27,0,0,,,,,0,,,,,0,0,0,,0
"Blog Article","/blogs/dolls-info-qustions/what-weight-of-butt-torso-sex-dolls-is-most-suitable",27,30,0,0,0,0,62,,0,0,0,74.4,2.066666666666667,0.6666666666666666,,20,27,30,0,0,0,0,62,,0,0,0,74.4,2.066666666666667,0.6666666666666666,,20,0,0,,,,,0,,,,,0,0,0,,0
"Collection","/collections/young-male-sex-doll",30,30,0,0,0,0,72,,0,0,0,130.16666666666666,2.4,0.6333333333333333,,19,30,30,0,0,0,0,72,,0,0,0,130.16666666666666,2.4,0.6333333333333333,,19,0,0,,,,,0,,,,,0,0,0,,0
"Blog Article","/blogs/dolls-info-qustions/top-cydoll-auto-blowjob-function-game-changing-feature-now-live",25,29,0,0,0,0,82,,0,0,0,100.65517241379311,2.8275862068965516,0.7241379310344828,,21,25,29,0,0,0,0,82,,0,0,0,100.65517241379311,2.8275862068965516,0.7241379310344828,,21,0,0,,,,,0,,,,,0,0,0,,0
,"/en-ca/collections/robotic-sex-doll",28,28,1,0,0,0,84,,0.03571428571428571,0,0,100.75,3,0.6785714285714286,,19,28,28,1,0,0,0,84,,0.03571428571428571,0,0,100.75,3,0.6785714285714286,,19,0,0,0,,,,0,,0,,,0,0,0,,0
"Collection","/collections/sex-doll-legs",28,28,0,0,0,0,75,,0,0,0,177.89285714285714,2.6785714285714284,0.5,,14,28,28,0,0,0,0,75,,0,0,0,177.89285714285714,2.6785714285714284,0.5,,14,0,0,,,,,0,,,,,0,0,0,,0
,"/en-ca/collections/sex-doll-torso-dildo-for-woman",27,28,0,0,0,0,89,,0,0,0,199.71428571428572,3.1785714285714284,0.35714285714285715,,10,27,28,0,0,0,0,89,,0,0,0,199.71428571428572,3.1785714285714284,0.35714285714285715,,10,0,0,,,,,0,,,,,0,0,0,,0
"Collection","/collections/best-sellers-in-big-boobs",27,28,0,0,0,0,73,,0,0,0,114.03571428571429,2.607142857142857,0.6071428571428571,,17,27,28,0,0,0,0,73,,0,0,0,114.03571428571429,2.607142857142857,0.6071428571428571,,17,0,0,,,,,0,,,,,0,0,0,,0
"Collection","/collections/alien-sex-dolls",27,28,0,0,0,0,243,,0,0,0,444.60714285714283,8.678571428571429,0.42857142857142855,,12,27,28,0,0,0,0,243,,0,0,0,444.60714285714283,8.678571428571429,0.42857142857142855,,12,0,0,,,,,0,,,,,0,0,0,,0
"Collection","/collections/mini-hentai-sex-doll",27,27,0,0,0,0,70,,0,0,0,82.92592592592592,2.5925925925925926,0.6296296296296297,,17,27,27,0,0,0,0,70,,0,0,0,82.92592592592592,2.5925925925925926,0.6296296296296297,,17,0,0,,,,,0,,,,,0,0,0,,0
"Collection","/collections/monster-hentai-sex-doll",27,27,0,0,0,0,116,,0,0,0,174.66666666666666,4.296296296296297,0.4444444444444444,,12,27,27,0,0,0,0,116,,0,0,0,174.66666666666666,4.296296296296297,0.4444444444444444,,12,0,0,,,,,0,,,,,0,0,0,,0
"Product","/products/t901-21-51lb-c-cup-7-08-dildo-electric-shemale-big-penis-male-female-sex-doll-torso-adult-toys",26,26,0,0,0,0,26,,0,0,0,0.038461538461538464,1,1,,26,26,26,0,0,0,0,26,,0,0,0,0.038461538461538464,1,1,,26,0,0,,,,,0,,,,,0,0,0,,0
"Collection","/collections/onahole",25,25,0,0,0,0,47,,0,0,0,35.56,1.88,0.56,,14,25,25,0,0,0,0,47,,0,0,0,35.56,1.88,0.56,,14,0,0,,,,,0,,,,,0,0,0,,0
,"/en-ca/collections/enchanting-delights-2024-top-real-sex-doll-recommendations",25,25,0,0,0,0,77,,0,0,0,167.68,3.08,0.24,,6,25,25,0,0,0,0,77,,0,0,0,167.68,3.08,0.24,,6,0,0,,,,,0,,,,,0,0,0,,0
"Collection","/collections/electric-pocket-pussy",25,25,0,0,0,0,100,,0,0,0,178.52,4,0.76,,19,25,25,0,0,0,0,100,,0,0,0,178.52,4,0.76,,19,0,0,,,,,0,,,,,0,0,0,,0
"Product","/products/f1447-153cm5ft-34kg-h-cup-fantasy-tpe-sex-doll-aibei-doll",24,25,0,0,0,0,38,,0,0,0,55.56,1.52,0.84,,21,24,25,0,0,0,0,38,,0,0,0,55.56,1.52,0.84,,21,0,0,,,,,0,,,,,0,0,0,,0
"Blog Article","/blogs/dolls-info-qustions/why-do-men-like-to-have-sex-with-bigass-women",24,25,0,0,0,0,28,,0,0,0,13.24,1.12,0.88,,22,24,25,0,0,0,0,28,,0,0,0,13.24,1.12,0.88,,22,0,0,,,,,0,,,,,0,0,0,,0
"Collection","/collections/ai-sex-doll",24,24,0,0,0,0,70,,0,0,0,108.45833333333333,2.9166666666666665,0.625,,15,24,24,0,0,0,0,70,,0,0,0,108.45833333333333,2.9166666666666665,0.625,,15,0,0,,,,,0,,,,,0,0,0,,0
"Collection","/collections/halloween-sex-doll",23,24,0,0,0,0,148,,0,0,0,329.9166666666667,6.166666666666667,0.25,,6,23,24,0,0,0,0,148,,0,0,0,329.9166666666667,6.166666666666667,0.25,,6,0,0,,,,,0,,,,,0,0,0,,0
"Collection","/collections/300-600",24,24,0,0,0,0,67,,0,0,0,120.75,2.7916666666666665,0.7083333333333334,,17,24,24,0,0,0,0,67,,0,0,0,120.75,2.7916666666666665,0.7083333333333334,,17,0,0,,,,,0,,,,,0,0,0,,0
"Checkout","/orders/4f178a9473f3c62de33570112609cec6",1,24,0,0,0,0,35,,0,0,0,94.91666666666667,1.4583333333333333,0.7083333333333334,,17,1,24,0,0,0,0,35,,0,0,0,94.91666666666667,1.4583333333333333,0.7083333333333334,,17,0,0,,,,,0,,,,,0,0,0,,0
"Collection","/collections/tpe-ass",19,24,0,0,0,0,56,,0,0,0,105.25,2.3333333333333335,0.5416666666666666,,13,19,24,0,0,0,0,56,,0,0,0,105.25,2.3333333333333335,0.5416666666666666,,13,0,0,,,,,0,,,,,0,0,0,,0
,"/en-ca/collections/anime-sex-doll",23,23,0,0,0,0,60,,0,0,0,51.56521739130435,2.608695652173913,0.5652173913043478,,13,23,23,0,0,0,0,60,,0,0,0,51.56521739130435,2.608695652173913,0.5652173913043478,,13,0,0,,,,,0,,,,,0,0,0,,0
"Blog Article","/blogs/dolls-info-qustions/shocking-in-depth-review-of-naimi-1-1-celebrity-sex-doll",23,23,0,0,0,0,39,,0,0,0,24.26086956521739,1.6956521739130435,0.6086956521739131,,14,23,23,0,0,0,0,39,,0,0,0,24.26086956521739,1.6956521739130435,0.6086956521739131,,14,0,0,,,,,0,,,,,0,0,0,,0
,"/en-ca/collections/shemale-sex-doll-torso-1",20,22,1,1,1,0.045454545454545456,74,1,0.045454545454545456,0.045454545454545456,1,197.6818181818182,3.3636363636363638,0.36363636363636365,1,8,20,22,1,1,1,0.045454545454545456,74,1,0.045454545454545456,0.045454545454545456,1,197.6818181818182,3.3636363636363638,0.36363636363636365,1,8,0,0,0,0,0,0,0,0,0,0,0,0,0,0,0,0
"Blog Article","/blogs/dolls-info-qustions/top-5-best-foot-fetish-toys-you-can-buy-online-in-2025",22,22,0,0,0,0,42,,0,0,0,153.04545454545453,1.9090909090909092,0.6818181818181818,,15,22,22,0,0,0,0,42,,0,0,0,153.04545454545453,1.9090909090909092,0.6818181818181818,,15,0,0,,,,,0,,,,,0,0,0,,0
"Product","/products/h121-sex-doll-head",22,22,0,0,0,0,22,,0,0,0,0,1,1,,22,22,22,0,0,0,0,22,,0,0,0,0,1,1,,22,0,0,,,,,0,,,,,,0,0,,0
"Collection","/collections/torso-sex-doll-with-gel-breasts",21,21,0,0,0,0,52,,0,0,0,154.33333333333334,2.4761904761904763,0.3333333333333333,,7,21,21,0,0,0,0,52,,0,0,0,154.33333333333334,2.4761904761904763,0.3333333333333333,,7,0,0,,,,,0,,,,,0,0,0,,0
"Collection","/collections/bbw-ass-torso",21,21,0,0,0,0,96,,0,0,0,259.4761904761905,4.571428571428571,0.23809523809523808,,5,21,21,0,0,0,0,96,,0,0,0,259.4761904761905,4.571428571428571,0.23809523809523808,,5,0,0,,,,,0,,,,,0,0,0,,0
"Collection","/collections/sex-doll-anal",21,21,0,0,0,0,71,,0,0,0,94.14285714285714,3.380952380952381,0.5238095238095238,,11,21,21,0,0,0,0,71,,0,0,0,94.14285714285714,3.380952380952381,0.5238095238095238,,11,0,0,,,,,0,,,,,0,0,0,,0
"Collection","/collections/sex-doll-torso-with-head",18,20,0,0,0,0,58,,0,0,0,182.55,2.9,0.45,,9,18,20,0,0,0,0,58,,0,0,0,182.55,2.9,0.45,,9,0,0,,,,,0,,,,,0,0,0,,0
"Collection","/collections/bezlya",20,20,0,0,0,0,73,,0,0,0,114.2,3.65,0.25,,5,20,20,0,0,0,0,73,,0,0,0,114.2,3.65,0.25,,5,0,0,,,,,0,,,,,0,0,0,,0
"Collection","/collections/silicone-sex-dolls",20,20,0,0,0,0,36,,0,0,0,48.2,1.8,0.75,,15,20,20,0,0,0,0,36,,0,0,0,48.2,1.8,0.75,,15,0,0,,,,,0,,,,,0,0,0,,0
,"/ja/collections/vibrating-sex-doll-torso",19,20,0,0,0,0,26,,0,0,0,7.3,1.3,0.75,,15,19,20,0,0,0,0,26,,0,0,0,7.3,1.3,0.75,,15,0,0,,,,,0,,,,,0,0,0,,0
,"/en-ca/blogs/featured-blog/how-to-diy-an-sex-doll-you",20,20,0,0,0,0,23,,0,0,0,22.55,1.15,0.85,,17,20,20,0,0,0,0,23,,0,0,0,22.55,1.15,0.85,,17,0,0,,,,,0,,,,,0,0,0,,0
,"/de/collections/huge-breast-torso-sex-doll",19,19,0,0,0,0,60,,0,0,0,99.57894736842105,3.1578947368421053,0.5263157894736842,,10,19,19,0,0,0,0,60,,0,0,0,99.57894736842105,3.1578947368421053,0.5263157894736842,,10,0,0,,,,,0,,,,,0,0,0,,0
"Product","/collections/sex-doll-torso/products/591sex-doll-torso",19,19,0,0,0,0,72,,0,0,0,188,3.789473684210526,0.21052631578947367,,4,19,19,0,0,0,0,72,,0,0,0,188,3.789473684210526,0.21052631578947367,,4,0,0,,,,,0,,,,,0,0,0,,0
"Collection","/collections/teen-sex-dolls",19,19,0,0,0,0,54,,0,0,0,120.42105263157895,2.8421052631578947,0.6842105263157895,,13,19,19,0,0,0,0,54,,0,0,0,120.42105263157895,2.8421052631578947,0.6842105263157895,,13,0,0,,,,,0,,,,,0,0,0,,0
"Collection","/collections/japanese-anime-sex-doll",19,19,0,0,0,0,58,,0,0,0,145.8421052631579,3.0526315789473686,0.5263157894736842,,10,19,19,0,0,0,0,58,,0,0,0,145.8421052631579,3.0526315789473686,0.5263157894736842,,10,0,0,,,,,0,,,,,0,0,0,,0
"Collection","/collections/life-size-ass",17,18,0,0,0,0,42,,0,0,0,227.83333333333334,2.3333333333333335,0.5,,9,17,18,0,0,0,0,42,,0,0,0,227.83333333333334,2.3333333333333335,0.5,,9,0,0,,,,,0,,,,,0,0,0,,0
,"/de/collections/vendors",18,18,1,0,0,0,48,,0.05555555555555555,0,0,188,2.6666666666666665,0.2777777777777778,,5,18,18,1,0,0,0,48,,0.05555555555555555,0,0,188,2.6666666666666665,0.2777777777777778,,5,0,0,0,,,,0,,0,,,0,0,0,,0
"Collection","/collections/big-ass-sex-doll-torso",18,18,0,0,0,0,68,,0,0,0,209.94444444444446,3.7777777777777777,0.5555555555555556,,10,18,18,0,0,0,0,68,,0,0,0,209.94444444444446,3.7777777777777777,0.5555555555555556,,10,0,0,,,,,0,,,,,0,0,0,,0
"Product","/products/moonvalel-leopard-155cm-silicone-ros-f764",16,18,1,1,0,0,62,0,0.05555555555555555,0.05555555555555555,0,289.3888888888889,3.4444444444444446,0.3888888888888889,0,7,16,18,1,1,0,0,62,0,0.05555555555555555,0.05555555555555555,0,289.3888888888889,3.4444444444444446,0.3888888888888889,0,7,0,0,0,0,,,0,,0,0,,0,0,0,,0
"Blog Article","/blogs/dolls-info-qustions/what-s-it-really-like-to-have-sex-nbsp-with-a-sex-doll",18,18,0,0,0,0,38,,0,0,0,44.611111111111114,2.111111111111111,0.8888888888888888,,16,18,18,0,0,0,0,38,,0,0,0,44.611111111111114,2.111111111111111,0.8888888888888888,,16,0,0,,,,,0,,,,,0,0,0,,0
,"/en-ca/collections/boob-job-sex-toys",18,18,0,0,0,0,100,,0,0,0,215.94444444444446,5.555555555555555,0.5555555555555556,,10,18,18,0,0,0,0,100,,0,0,0,215.94444444444446,5.555555555555555,0.5555555555555556,,10,0,0,,,,,0,,,,,0,0,0,,0
"Collection","/collections/fantasy-sex-dolls",12,18,0,0,0,0,94,,0,0,0,239.38888888888889,5.222222222222222,0.5555555555555556,,10,12,18,0,0,0,0,94,,0,0,0,239.38888888888889,5.222222222222222,0.5555555555555556,,10,0,0,,,,,0,,,,,0,0,0,,0
"Checkout","/orders/0cd7a09a11a3dd8bd7f5fbc6644cb28c",2,18,0,0,0,0,36,,0,0,0,61.611111111111114,2,0.1111111111111111,,2,2,18,0,0,0,0,36,,0,0,0,61.611111111111114,2,0.1111111111111111,,2,0,0,,,,,0,,,,,0,0,0,,0
,"/en-ca/collections/asian-sex-doll",15,17,0,0,0,0,33,,0,0,0,60.23529411764706,1.9411764705882353,0.5882352941176471,,10,15,17,0,0,0,0,33,,0,0,0,60.23529411764706,1.9411764705882353,0.5882352941176471,,10,0,0,,,,,0,,,,,0,0,0,,0
"Collection","/collections/bbw-latina-sex-doll",17,17,0,0,0,0,38,,0,0,0,80.82352941176471,2.235294117647059,0.5882352941176471,,10,17,17,0,0,0,0,38,,0,0,0,80.82352941176471,2.235294117647059,0.5882352941176471,,10,0,0,,,,,0,,,,,0,0,0,,0
"Product","/products/a660-big-ass-torso-silicone-25lb-super-elastic-realistic",15,17,1,0,0,0,32,,0.058823529411764705,0,0,123.52941176470588,1.8823529411764706,0.6470588235294118,,11,15,17,1,0,0,0,32,,0.058823529411764705,0,0,123.52941176470588,1.8823529411764706,0.6470588235294118,,11,0,0,0,,,,0,,0,,,0,0,0,,0
"Blog Article","/blogs/dolls-info-qustions/are-you-also-leaning-toward-big-butt-sex-dolls",17,17,0,0,0,0,57,,0,0,0,114.94117647058823,3.3529411764705883,0.7058823529411765,,12,17,17,0,0,0,0,57,,0,0,0,114.94117647058823,3.3529411764705883,0.7058823529411765,,12,0,0,,,,,0,,,,,0,0,0,,0
"Product","/products/f2455-164cm5-4ft-39kg-g-cup-life-size-silicone-head-sex-doll-in-stock-us-sigafun-doll",17,17,0,0,0,0,17,,0,0,0,0,1,1,,17,17,17,0,0,0,0,17,,0,0,0,0,1,1,,17,0,0,,,,,0,,,,,,0,0,,0
"Collection","/collections/hyper-realistic-sex-doll",17,17,0,0,0,0,79,,0,0,0,193.2941176470588,4.647058823529412,0.29411764705882354,,5,17,17,0,0,0,0,79,,0,0,0,193.2941176470588,4.647058823529412,0.29411764705882354,,5,0,0,,,,,0,,,,,0,0,0,,0
"Collection","/collections/mini-torso",17,17,0,0,0,0,38,,0,0,0,323,2.235294117647059,0.47058823529411764,,8,17,17,0,0,0,0,38,,0,0,0,323,2.235294117647059,0.47058823529411764,,8,0,0,,,,,0,,,,,0,0,0,,0
"Collection","/collections/cheap-mini-sex-doll",17,17,0,0,0,0,35,,0,0,0,117.6470588235294,2.0588235294117645,0.5294117647058824,,9,17,17,0,0,0,0,35,,0,0,0,117.6470588235294,2.0588235294117645,0.5294117647058824,,9,0,0,,,,,0,,,,,0,0,0,,0
,"/en-ca/collections/femboys-sex-doll",17,17,0,0,0,0,59,,0,0,0,91.41176470588235,3.4705882352941178,0.5294117647058824,,9,17,17,0,0,0,0,59,,0,0,0,91.41176470588235,3.4705882352941178,0.5294117647058824,,9,0,0,,,,,0,,,,,0,0,0,,0
"Collection","/collections/mini-bbw-sex-doll",17,17,0,0,0,0,49,,0,0,0,254.7058823529412,2.8823529411764706,0.35294117647058826,,6,17,17,0,0,0,0,49,,0,0,0,254.7058823529412,2.8823529411764706,0.35294117647058826,,6,0,0,,,,,0,,,,,0,0,0,,0
,"/ja/blogs/dolls-info-qustions/top-3-flat-chested-sex-dolls-of-2025-ultimate-flatness-unique-allure",16,16,0,0,0,0,34,,0,0,0,82.0625,2.125,0.5,,8,16,16,0,0,0,0,34,,0,0,0,82.0625,2.125,0.5,,8,0,0,,,,,0,,,,,0,0,0,,0
,"/de/collections/shemale-sex-doll-torso-1",16,16,0,0,0,0,51,,0,0,0,79.5,3.1875,0.3125,,5,16,16,0,0,0,0,51,,0,0,0,79.5,3.1875,0.3125,,5,0,0,,,,,0,,,,,0,0,0,,0
"Product","/products/t968-50-7lbs-92cm-silicone-luxury-super-realistic-human-size-sex-dolls-torso-with-head",16,16,0,0,0,0,16,,0,0,0,0,1,1,,16,16,16,0,0,0,0,16,,0,0,0,0,1,1,,16,0,0,,,,,0,,,,,,0,0,,0
"Blog Index","/blogs/dolls-info-qustions/articles",6,16,0,0,0,0,67,,0,0,0,949,4.1875,0.4375,,7,6,16,0,0,0,0,67,,0,0,0,949,4.1875,0.4375,,7,0,0,,,,,0,,,,,0,0,0,,0
"Collection","/collections/in-stock-usa-1",15,16,1,0,0,0,157,,0.0625,0,0,534.75,9.8125,0.5,,8,15,16,1,0,0,0,157,,0.0625,0,0,534.75,9.8125,0.5,,8,0,0,0,,,,0,,0,,,0,0,0,,0
,"/de/collections/enchanting-delights-2024-top-real-sex-doll-recommendations",15,15,0,0,0,0,74,,0,0,0,152.13333333333333,4.933333333333334,0.6,,9,15,15,0,0,0,0,74,,0,0,0,152.13333333333333,4.933333333333334,0.6,,9,0,0,,,,,0,,,,,0,0,0,,0
,"/en-ca/collections/flat-chest-sex-doll",15,15,0,0,0,0,51,,0,0,0,280,3.4,0.3333333333333333,,5,15,15,0,0,0,0,51,,0,0,0,280,3.4,0.3333333333333333,,5,0,0,,,,,0,,,,,0,0,0,,0
"Collection","/collections/saggy-huge-breast-sex-doll",14,15,0,0,0,0,102,,0,0,0,378.8,6.8,0.13333333333333333,,2,14,15,0,0,0,0,102,,0,0,0,378.8,6.8,0.13333333333333333,,2,0,0,,,,,0,,,,,0,0,0,,0
,"/ja/collections/robotic-sex-doll",15,15,0,0,0,0,25,,0,0,0,107.86666666666666,1.6666666666666667,0.6,,9,15,15,0,0,0,0,25,,0,0,0,107.86666666666666,1.6666666666666667,0.6,,9,0,0,,,,,0,,,,,0,0,0,,0
"Blog Article","/blogs/dolls-info-qustions/discover-the-secrets-of-the-vagina",15,15,0,0,0,0,77,,0,0,0,354.73333333333335,5.133333333333334,0.6666666666666666,,10,15,15,0,0,0,0,77,,0,0,0,354.73333333333335,5.133333333333334,0.6666666666666666,,10,0,0,,,,,0,,,,,0,0,0,,0
"Collection","/collections/doll-castle",13,15,0,0,0,0,108,,0,0,0,519.8,7.2,0.3333333333333333,,5,13,15,0,0,0,0,108,,0,0,0,519.8,7.2,0.3333333333333333,,5,0,0,,,,,0,,,,,0,0,0,,0
"Collection","/collections/hentai-sex-dolls-connecting-fantasy-to-reality",14,15,0,0,0,0,39,,0,0,0,67.53333333333333,2.6,0.4,,6,14,15,0,0,0,0,39,,0,0,0,67.53333333333333,2.6,0.4,,6,0,0,,,,,0,,,,,0,0,0,,0
"Checkout","/orders/afb77ad0b137201c3e466a4afa0c23a8",3,15,0,0,0,0,56,,0,0,0,228.53333333333333,3.7333333333333334,0.5333333333333333,,8,3,15,0,0,0,0,56,,0,0,0,228.53333333333333,3.7333333333333334,0.5333333333333333,,8,0,0,,,,,0,,,,,0,0,0,,0
,"/de/blogs/dolls-info-qustions/sex-doll-movies",11,15,0,0,0,0,24,,0,0,0,144.13333333333333,1.6,0.7333333333333333,,11,11,15,0,0,0,0,24,,0,0,0,144.13333333333333,1.6,0.7333333333333333,,11,0,0,,,,,0,,,,,0,0,0,,0
"Product","/products/b34-yellow-silicone-breast-sex-toys-titjob-torso",15,15,2,2,0,0,38,0,0.13333333333333333,0.13333333333333333,0,60.13333333333333,2.533333333333333,0.6666666666666666,0,10,15,15,2,2,0,0,38,0,0.13333333333333333,0.13333333333333333,0,60.13333333333333,2.533333333333333,0.6666666666666666,0,10,0,0,0,0,,,0,,0,0,,0,0,0,,0
"Blog Article","/blogs/dolls-info-qustions/4-easy-positions-to-enjoy-with-your-bbw-sex-doll",12,14,0,0,0,0,17,,0,0,0,174.07142857142858,1.2142857142857142,0.7857142857142857,,11,12,14,0,0,0,0,17,,0,0,0,174.07142857142858,1.2142857142857142,0.7857142857142857,,11,0,0,,,,,0,,,,,0,0,0,,0
"Collection","/collections/life-size-torso",11,14,0,0,0,0,46,,0,0,0,137.21428571428572,3.2857142857142856,0.35714285714285715,,5,11,14,0,0,0,0,46,,0,0,0,137.21428571428572,3.2857142857142856,0.35714285714285715,,5,0,0,,,,,0,,,,,0,0,0,,0
"Collection","/collections/anime-cosplay-sex-doll",14,14,0,0,0,0,21,,0,0,0,9.071428571428571,1.5,0.6428571428571429,,9,14,14,0,0,0,0,21,,0,0,0,9.071428571428571,1.5,0.6428571428571429,,9,0,0,,,,,0,,,,,0,0,0,,0
,"/en-ca/blogs/dolls-info-qustions/how-to-make-a-fake-ass-sex-toy",12,14,0,0,0,0,17,,0,0,0,93.28571428571429,1.2142857142857142,0.7857142857142857,,11,12,14,0,0,0,0,17,,0,0,0,93.28571428571429,1.2142857142857142,0.7857142857142857,,11,0,0,,,,,0,,,,,0,0,0,,0
,"/de/collections/shemale-sex-doll",14,14,0,0,0,0,61,,0,0,0,135.21428571428572,4.357142857142857,0.5714285714285714,,8,14,14,0,0,0,0,61,,0,0,0,135.21428571428572,4.357142857142857,0.5714285714285714,,8,0,0,,,,,0,,,,,0,0,0,,0
"Checkout","/orders/fc52c599161fe352063905c819a88bc4",7,14,0,0,0,0,20,,0,0,0,29.857142857142858,1.4285714285714286,0.9285714285714286,,13,7,14,0,0,0,0,20,,0,0,0,29.857142857142858,1.4285714285714286,0.9285714285714286,,13,0,0,,,,,0,,,,,0,0,0,,0
,"/de/collections/celebrity-sex-dolls",14,14,0,0,0,0,128,,0,0,0,517.4285714285714,9.142857142857142,0.5,,7,14,14,0,0,0,0,128,,0,0,0,517.4285714285714,9.142857142857142,0.5,,7,0,0,,,,,0,,,,,0,0,0,,0
"Collection","/collections/s-tpe-doll",14,14,0,0,0,0,29,,0,0,0,207.42857142857142,2.0714285714285716,0.5,,7,14,14,0,0,0,0,29,,0,0,0,207.42857142857142,2.0714285714285716,0.5,,7,0,0,,,,,0,,,,,0,0,0,,0
"Product","/products/f5425-elsa-babe-hentai-anime-waifu-sex-dolls-silicone-head-150cm-27-5kg",9,13,0,0,0,0,43,,0,0,0,169.69230769230768,3.3076923076923075,0.6153846153846154,,8,9,13,0,0,0,0,43,,0,0,0,169.69230769230768,3.3076923076923075,0.6153846153846154,,8,0,0,,,,,0,,,,,0,0,0,,0
"Product","/products/p76-44lb-15-7-huge-cock-trans-torso-hentai-shemale-futa-sex-doll-torso-mrl",13,13,0,0,0,0,14,,0,0,0,82.15384615384616,1.0769230769230769,0.9230769230769231,,12,13,13,0,0,0,0,14,,0,0,0,82.15384615384616,1.0769230769230769,0.9230769230769231,,12,0,0,,,,,0,,,,,0,0,0,,0
"Collection","/collections/anime-sex-doll-cheap",13,13,0,0,0,0,29,,0,0,0,25.46153846153846,2.230769230769231,0.6923076923076923,,9,13,13,0,0,0,0,29,,0,0,0,25.46153846153846,2.230769230769231,0.6923076923076923,,9,0,0,,,,,0,,,,,0,0,0,,0
"Collection","/collections/100-199",10,13,0,0,0,0,18,,0,0,0,15.923076923076923,1.3846153846153846,0.6923076923076923,,9,10,13,0,0,0,0,18,,0,0,0,15.923076923076923,1.3846153846153846,0.6923076923076923,,9,0,0,,,,,0,,,,,0,0,0,,0
"Collection","/collections/black-pocket-pussy",13,13,0,0,0,0,14,,0,0,0,0.6923076923076923,1.0769230769230769,0.9230769230769231,,12,13,13,0,0,0,0,14,,0,0,0,0.6923076923076923,1.0769230769230769,0.9230769230769231,,12,0,0,,,,,0,,,,,0,0,0,,0
"Collection","/collections/fat-sex-doll",12,13,0,0,0,0,32,,0,0,0,148.6153846153846,2.4615384615384617,0.5384615384615384,,7,12,13,0,0,0,0,32,,0,0,0,148.6153846153846,2.4615384615384617,0.5384615384615384,,7,0,0,,,,,0,,,,,0,0,0,,0
,"/en-ca/collections/shemale-sex-toy",13,13,0,0,0,0,31,,0,0,0,66.46153846153847,2.3846153846153846,0.6923076923076923,,9,13,13,0,0,0,0,31,,0,0,0,66.46153846153847,2.3846153846153846,0.6923076923076923,,9,0,0,,,,,0,,,,,0,0,0,,0
"Collection","/collections/climax-doll",13,13,0,0,0,0,44,,0,0,0,188.92307692307693,3.3846153846153846,0.6153846153846154,,8,13,13,0,0,0,0,44,,0,0,0,188.92307692307693,3.3846153846153846,0.6153846153846154,,8,0,0,,,,,0,,,,,0,0,0,,0
"Collection","/collections/sucking-vagina-ai-sex-doll",13,13,0,0,0,0,28,,0,0,0,75.23076923076923,2.1538461538461537,0.7692307692307693,,10,13,13,0,0,0,0,28,,0,0,0,75.23076923076923,2.1538461538461537,0.7692307692307693,,10,0,0,,,,,0,,,,,0,0,0,,0
"Collection","/collections/mini-flat-chest-sex-doll",13,13,0,0,0,0,39,,0,0,0,187.53846153846155,3,0.6153846153846154,,8,13,13,0,0,0,0,39,,0,0,0,187.53846153846155,3,0.6153846153846154,,8,0,0,,,,,0,,,,,0,0,0,,0
"Collection","/collections/pocket-pussy",13,13,1,1,0,0,40,0,0.07692307692307693,0.07692307692307693,0,98.38461538461539,3.076923076923077,0.6153846153846154,0,8,13,13,1,1,0,0,40,0,0.07692307692307693,0.07692307692307693,0,98.38461538461539,3.076923076923077,0.6153846153846154,0,8,0,0,0,0,,,0,,0,0,,0,0,0,,0
"Collection","/collections/new-arrivals",13,13,0,0,0,0,38,,0,0,0,216.84615384615384,2.923076923076923,0.46153846153846156,,6,13,13,0,0,0,0,38,,0,0,0,216.84615384615384,2.923076923076923,0.46153846153846156,,6,0,0,,,,,0,,,,,0,0,0,,0
"Collection","/collections/huge-breast-torso-sex-doll",13,13,0,0,0,0,48,,0,0,0,213.23076923076923,3.6923076923076925,0.46153846153846156,,6,13,13,0,0,0,0,48,,0,0,0,213.23076923076923,3.6923076923076925,0.46153846153846156,,6,0,0,,,,,0,,,,,0,0,0,,0
,"/de/collections/monster-hentai-sex-doll",12,12,0,0,0,0,64,,0,0,0,328.5,5.333333333333333,0.25,,3,12,12,0,0,0,0,64,,0,0,0,328.5,5.333333333333333,0.25,,3,0,0,,,,,0,,,,,0,0,0,,0
"Blog Article","/blogs/dolls-info-qustions/the-latest-sex-dolls-innovations-and-breakthroughs-in-2025",12,12,0,0,0,0,26,,0,0,0,61.583333333333336,2.1666666666666665,0.75,,9,12,12,0,0,0,0,26,,0,0,0,61.583333333333336,2.1666666666666665,0.75,,9,0,0,,,,,0,,,,,0,0,0,,0
,"/de/blogs/dolls-info-qustions/%F0%9F%94%A5-top-5-most-popular-big-butt-chubby-belly-curvy-body-pornstar-style-sex-dolls-in-2025-%F0%9F%94%A5",12,12,0,0,0,0,18,,0,0,0,51.833333333333336,1.5,0.75,,9,12,12,0,0,0,0,18,,0,0,0,51.833333333333336,1.5,0.75,,9,0,0,,,,,0,,,,,0,0,0,,0
"Collection","/collections/black-sex-doll-heads",12,12,0,0,0,0,17,,0,0,0,17.833333333333332,1.4166666666666667,0.6666666666666666,,8,12,12,0,0,0,0,17,,0,0,0,17.833333333333332,1.4166666666666667,0.6666666666666666,,8,0,0,,,,,0,,,,,0,0,0,,0
,"/en-ca/collections/naked-sex-doll",10,12,0,0,0,0,21,,0,0,0,55.083333333333336,1.75,0.5833333333333334,,7,10,12,0,0,0,0,21,,0,0,0,55.083333333333336,1.75,0.5833333333333334,,7,0,0,,,,,0,,,,,0,0,0,,0
,"/products_preview",6,12,0,0,0,0,26,,0,0,0,464.0833333333333,2.1666666666666665,0.3333333333333333,,4,6,12,0,0,0,0,26,,0,0,0,464.0833333333333,2.1666666666666665,0.3333333333333333,,4,0,0,,,,,0,,,,,0,0,0,,0
"Collection","/collections/md-doll",12,12,0,0,0,0,142,,0,0,0,447.1666666666667,11.833333333333334,0.3333333333333333,,4,12,12,0,0,0,0,142,,0,0,0,447.1666666666667,11.833333333333334,0.3333333333333333,,4,0,0,,,,,0,,,,,0,0,0,,0
"Blog Article","/blogs/dolls-info-qustions/how-deep-is-the-vagina-5-key-things-you-need-to-know-about-the-vagina",12,12,0,0,0,0,13,,0,0,0,55.916666666666664,1.0833333333333333,0.9166666666666666,,11,12,12,0,0,0,0,13,,0,0,0,55.916666666666664,1.0833333333333333,0.9166666666666666,,11,0,0,,,,,0,,,,,0,0,0,,0
,"/de/blogs/dolls-info-qustions/shocking-in-depth-review-of-naimi-1-1-celebrity-sex-doll",12,12,0,0,0,0,26,,0,0,0,31,2.1666666666666665,0.8333333333333334,,10,12,12,0,0,0,0,26,,0,0,0,31,2.1666666666666665,0.8333333333333334,,10,0,0,,,,,0,,,,,0,0,0,,0
"Collection","/collections/electric-male-sex-doll",11,12,0,0,0,0,28,,0,0,0,60,2.3333333333333335,0.5,,6,11,12,0,0,0,0,28,,0,0,0,60,2.3333333333333335,0.5,,6,0,0,,,,,0,,,,,0,0,0,,0
"Collection","/collections/200-299",12,12,0,0,0,0,37,,0,0,0,299.1666666666667,3.0833333333333335,0.5,,6,12,12,0,0,0,0,37,,0,0,0,299.1666666666667,3.0833333333333335,0.5,,6,0,0,,,,,0,,,,,0,0,0,,0
"Product","/products/v324-silicone-ultra-realistic-foot-toy-with-veins-and-wrinkles",11,12,0,0,0,0,12,,0,0,0,0,1,1,,12,11,12,0,0,0,0,12,,0,0,0,0,1,1,,12,0,0,,,,,0,,,,,,0,0,,0
"Blog Article","/blogs/dolls-info-qustions/what-are-the-sex-positions-with-my-arab-sex-doll",11,12,0,0,0,0,12,,0,0,0,0,1,1,,12,11,12,0,0,0,0,12,,0,0,0,0,1,1,,12,0,0,,,,,0,,,,,,0,0,,0
"Blog Article","/blogs/dolls-info-qustions/exploring-the-best-breasts-for-titty-fucking",12,12,0,0,0,0,26,,0,0,0,82.16666666666667,2.1666666666666665,0.9166666666666666,,11,12,12,0,0,0,0,26,,0,0,0,82.16666666666667,2.1666666666666665,0.9166666666666666,,11,0,0,,,,,0,,,,,0,0,0,,0
"Product","/products/f555-161cm-bbw-sex-doll-silicone-starpery",5,12,0,0,0,0,21,,0,0,0,117.58333333333333,1.75,0.6666666666666666,,8,5,12,0,0,0,0,21,,0,0,0,117.58333333333333,1.75,0.6666666666666666,,8,0,0,,,,,0,,,,,0,0,0,,0
,"/en-fi/collections/bbw-sex-doll-torso",12,12,0,0,0,0,61,,0,0,0,179.33333333333334,5.083333333333333,0.3333333333333333,,4,12,12,0,0,0,0,61,,0,0,0,179.33333333333334,5.083333333333333,0.3333333333333333,,4,0,0,,,,,0,,,,,0,0,0,,0
,"/en-ca/collections/futa-sex-doll",11,11,0,0,0,0,19,,0,0,0,90.18181818181819,1.7272727272727273,0.6363636363636364,,7,11,11,0,0,0,0,19,,0,0,0,90.18181818181819,1.7272727272727273,0.6363636363636364,,7,0,0,,,,,0,,,,,0,0,0,,0
"Custom Page","/pages/all-category",11,11,0,0,0,0,38,,0,0,0,66.72727272727273,3.4545454545454546,0.36363636363636365,,4,11,11,0,0,0,0,38,,0,0,0,66.72727272727273,3.4545454545454546,0.36363636363636365,,4,0,0,,,,,0,,,,,0,0,0,,0
"Blog Article","/blogs/dolls-info-qustions/%F0%9F%94%A5-2025-best-fake-ass-sex-toy-recommendations-6-ultra-realistic-big-booty-dolls-for-ultimate-pleasure",11,11,0,0,0,0,15,,0,0,0,167.45454545454547,1.3636363636363635,0.7272727272727273,,8,11,11,0,0,0,0,15,,0,0,0,167.45454545454547,1.3636363636363635,0.7272727272727273,,8,0,0,,,,,0,,,,,0,0,0,,0
"Blog Article","/blogs/dolls-info-qustions/safely-disposing-the-used-sex-dolls",11,11,0,0,0,0,14,,0,0,0,109.0909090909091,1.2727272727272727,0.8181818181818182,,9,11,11,0,0,0,0,14,,0,0,0,109.0909090909091,1.2727272727272727,0.8181818181818182,,9,0,0,,,,,0,,,,,0,0,0,,0
"Collection","/collections/big-ass-sex-doll-tpe-body",10,11,0,0,0,0,31,,0,0,0,81.54545454545455,2.8181818181818183,0.18181818181818182,,2,10,11,0,0,0,0,31,,0,0,0,81.54545454545455,2.8181818181818183,0.18181818181818182,,2,0,0,,,,,0,,,,,0,0,0,,0
,"/en-fi/blogs/dolls-info-qustions/%F0%9F%94%A5-top-5-most-popular-big-butt-chubby-belly-curvy-body-pornstar-style-sex-dolls-in-2025-%F0%9F%94%A5",11,11,0,0,0,0,15,,0,0,0,162,1.3636363636363635,0.7272727272727273,,8,11,11,0,0,0,0,15,,0,0,0,162,1.3636363636363635,0.7272727272727273,,8,0,0,,,,,0,,,,,0,0,0,,0
"Blog Article","/blogs/dolls-info-qustions/does-the-sex-doll-feel-real-an-honest-review-from-a-real-user",11,11,0,0,0,0,27,,0,0,0,141.45454545454547,2.4545454545454546,0.5454545454545454,,6,11,11,0,0,0,0,27,,0,0,0,141.45454545454547,2.4545454545454546,0.5454545454545454,,6,0,0,,,,,0,,,,,0,0,0,,0
,"/de/collections/sex-doll-feet",11,11,0,0,0,0,19,,0,0,0,78.72727272727273,1.7272727272727273,0.6363636363636364,,7,11,11,0,0,0,0,19,,0,0,0,78.72727272727273,1.7272727272727273,0.6363636363636364,,7,0,0,,,,,0,,,,,0,0,0,,0
"Blog Article","/blogs/dolls-info-qustions/the-ultimate-guide-to-best-stuffed-animal-sex-dolls-in-2025",11,11,0,0,0,0,33,,0,0,0,160.54545454545453,3,0.7272727272727273,,8,11,11,0,0,0,0,33,,0,0,0,160.54545454545453,3,0.7272727272727273,,8,0,0,,,,,0,,,,,0,0,0,,0
"Blog Article","/blogs/dolls-info-qustions/sex-positions-you-must-try",11,11,0,0,0,0,11,,0,0,0,0,1,1,,11,11,11,0,0,0,0,11,,0,0,0,0,1,1,,11,0,0,,,,,0,,,,,,0,0,,0
"Collection","/collections/hr-doll",9,11,0,0,0,0,41,,0,0,0,158.0909090909091,3.727272727272727,0.45454545454545453,,5,9,11,0,0,0,0,41,,0,0,0,158.0909090909091,3.727272727272727,0.45454545454545453,,5,0,0,,,,,0,,,,,0,0,0,,0
,"/de/blogs/dolls-info-qustions/gentlemans-paradise-exploring-nsfw-anime-figures-and-sex-dolls",11,11,0,0,0,0,15,,0,0,0,22.545454545454547,1.3636363636363635,0.8181818181818182,,9,11,11,0,0,0,0,15,,0,0,0,22.545454545454547,1.3636363636363635,0.8181818181818182,,9,0,0,,,,,0,,,,,0,0,0,,0
"Blog Article","/blogs/dolls-info-qustions/a-must-read-for-anime-fans-anime-futa-sex-dolls-bring-your-2d-fantasy-to-life",11,11,0,0,0,0,21,,0,0,0,19.90909090909091,1.9090909090909092,0.6363636363636364,,7,11,11,0,0,0,0,21,,0,0,0,19.90909090909091,1.9090909090909092,0.6363636363636364,,7,0,0,,,,,0,,,,,0,0,0,,0
,"/en-ca/collections/sex-doll-torso",11,11,0,0,0,0,31,,0,0,0,224.27272727272728,2.8181818181818183,0.2727272727272727,,3,11,11,0,0,0,0,31,,0,0,0,224.27272727272728,2.8181818181818183,0.2727272727272727,,3,0,0,,,,,0,,,,,0,0,0,,0
"Collection","/collections/sex-doll-factory-pictures",6,11,0,0,0,0,186,,0,0,0,620.1818181818181,16.90909090909091,0,,0,6,11,0,0,0,0,186,,0,0,0,620.1818181818181,16.90909090909091,0,,0,0,0,,,,,0,,,,,0,0,,,
,"/ja/pages/sex-doll-gif",10,10,0,0,0,0,11,,0,0,0,0.9,1.1,0.9,,9,10,10,0,0,0,0,11,,0,0,0,0.9,1.1,0.9,,9,0,0,,,,,0,,,,,0,0,0,,0
"Blog Article","/blogs/dolls-info-qustions/have-sex-with-a-japnese-sex-doll",10,10,0,0,0,0,10,,0,0,0,0,1,1,,10,10,10,0,0,0,0,10,,0,0,0,0,1,1,,10,0,0,,,,,0,,,,,,0,0,,0
"Product","/products/p380-3-32-lbs-anime-fake-pussy-medusa-silicone-hentai-sex-doll-mrl",8,10,0,0,0,0,34,,0,0,0,113.7,3.4,0.6,,6,8,10,0,0,0,0,34,,0,0,0,113.7,3.4,0.6,,6,0,0,,,,,0,,,,,0,0,0,,0
"Collection","/collections/top-cydoll",10,10,0,0,0,0,77,,0,0,0,548.1,7.7,0.6,,6,10,10,0,0,0,0,77,,0,0,0,548.1,7.7,0.6,,6,0,0,,,,,0,,,,,0,0,0,,0
"Collection","/collections/sy-doll",10,10,0,0,0,0,35,,0,0,0,298.1,3.5,0.5,,5,10,10,0,0,0,0,35,,0,0,0,298.1,3.5,0.5,,5,0,0,,,,,0,,,,,0,0,0,,0
"Custom Page","/pages/torso-sex-doll-videos",10,10,0,0,0,0,21,,0,0,0,112.3,2.1,0.5,,5,10,10,0,0,0,0,21,,0,0,0,112.3,2.1,0.5,,5,0,0,,,,,0,,,,,0,0,0,,0
"Blog Article","/blogs/recent-brand-updates-new-arrivals-for-sex-dolls/zelex-k-series-launch-korean-pop-idol-realistic-sex-dolls",10,10,0,0,0,0,12,,0,0,0,47.2,1.2,0.9,,9,10,10,0,0,0,0,12,,0,0,0,47.2,1.2,0.9,,9,0,0,,,,,0,,,,,0,0,0,,0
,"/ja/collections/male-sex-doll",5,10,0,0,0,0,15,,0,0,0,28.1,1.5,0.7,,7,5,10,0,0,0,0,15,,0,0,0,28.1,1.5,0.7,,7,0,0,,,,,0,,,,,0,0,0,,0
,"/en-fi/blogs/dolls-info-qustions/are-you-also-leaning-toward-big-butt-sex-dolls",10,10,0,0,0,0,17,,0,0,0,66.5,1.7,0.6,,6,10,10,0,0,0,0,17,,0,0,0,66.5,1.7,0.6,,6,0,0,,,,,0,,,,,0,0,0,,0
"Blog Article","/blogs/recent-brand-updates-new-arrivals-for-sex-dolls/se-x-bot-ai-sex-doll-head-review",9,10,1,0,0,0,53,,0.1,0,0,796.5,5.3,0.6,,6,9,10,1,0,0,0,53,,0.1,0,0,796.5,5.3,0.6,,6,0,0,0,,,,0,,0,,,0,0,0,,0
"Checkout","/orders/9ed2cf594513e0e30be0d45c6f6f88e3",1,10,0,0,0,0,17,,0,0,0,172.7,1.7,0.6,,6,1,10,0,0,0,0,17,,0,0,0,172.7,1.7,0.6,,6,0,0,,,,,0,,,,,0,0,0,,0
"Collection","/collections/latina-sex-dolls",10,10,0,0,0,0,23,,0,0,0,79.8,2.3,0.4,,4,10,10,0,0,0,0,23,,0,0,0,79.8,2.3,0.4,,4,0,0,,,,,0,,,,,0,0,0,,0
"Collection","/collections/torso-only",10,10,0,0,0,0,36,,0,0,0,134.5,3.6,0.4,,4,10,10,0,0,0,0,36,,0,0,0,134.5,3.6,0.4,,4,0,0,,,,,0,,,,,0,0,0,,0
,"/en-ca/collections/18s-sex-doll",9,10,0,0,0,0,22,,0,0,0,128.4,2.2,0.5,,5,9,10,0,0,0,0,22,,0,0,0,128.4,2.2,0.5,,5,0,0,,,,,0,,,,,0,0,0,,0
"Collection","/collections/mrl-doll",10,10,0,0,0,0,20,,0,0,0,35.3,2,0.7,,7,10,10,0,0,0,0,20,,0,0,0,35.3,2,0.7,,7,0,0,,,,,0,,,,,0,0,0,,0
"Collection","/collections/silicone-sex-doll-heads",10,10,1,1,0,0,24,0,0.1,0.1,0,79.8,2.4,0.3,0,3,10,10,1,1,0,0,24,0,0.1,0.1,0,79.8,2.4,0.3,0,3,0,0,0,0,,,0,,0,0,,0,0,0,,0
"Collection","/collections/curvy-sex-dolls",8,10,0,0,0,0,17,,0,0,0,18.1,1.7,0.6,,6,8,10,0,0,0,0,17,,0,0,0,18.1,1.7,0.6,,6,0,0,,,,,0,,,,,0,0,0,,0
,"/en-ca/collections/fake-pussy-fake-vagina-sex-toys",10,10,0,0,0,0,23,,0,0,0,16.2,2.3,0.8,,8,10,10,0,0,0,0,23,,0,0,0,16.2,2.3,0.8,,8,0,0,,,,,0,,,,,0,0,0,,0
,"/en-ca/collections/silicone-ass",10,10,0,0,0,0,21,,0,0,0,35.1,2.1,0.5,,5,10,10,0,0,0,0,21,,0,0,0,35.1,2.1,0.5,,5,0,0,,,,,0,,,,,0,0,0,,0
"Collection","/collections/tpe-sex-dolls",10,10,0,0,0,0,26,,0,0,0,203.5,2.6,0.6,,6,10,10,0,0,0,0,26,,0,0,0,203.5,2.6,0.6,,6,0,0,,,,,0,,,,,0,0,0,,0
"Blog Article","/blogs/dolls-info-qustions/masturbation-place",9,9,0,0,0,0,10,,0,0,0,9.333333333333334,1.1111111111111112,0.8888888888888888,,8,9,9,0,0,0,0,10,,0,0,0,9.333333333333334,1.1111111111111112,0.8888888888888888,,8,0,0,,,,,0,,,,,0,0,0,,0
"Product","/products/a599-coco-sucking-doggy-style-bbw-biggest-ass-sex-toy",8,9,2,1,0,0,28,0,0.2222222222222222,0.1111111111111111,0,195,3.111111111111111,0.4444444444444444,0,4,8,9,2,1,0,0,28,0,0.2222222222222222,0.1111111111111111,0,195,3.111111111111111,0.4444444444444444,0,4,0,0,0,0,,,0,,0,0,,0,0,0,,0
"Checkout","/orders/7271948943599",1,9,0,0,0,0,40,,0,0,0,414.77777777777777,4.444444444444445,0.1111111111111111,,1,1,9,0,0,0,0,40,,0,0,0,414.77777777777777,4.444444444444445,0.1111111111111111,,1,0,0,,,,,0,,,,,0,0,0,,0
"Collection","/collections/aitia",9,9,0,0,0,0,127,,0,0,0,241,14.11111111111111,0.4444444444444444,,4,9,9,0,0,0,0,127,,0,0,0,241,14.11111111111111,0.4444444444444444,,4,0,0,,,,,0,,,,,0,0,0,,0
"Blog Article","/blogs/dolls-info-qustions/why-do-men-love-sucking-breasts-reasons-revealed-busty-sex-doll-recommendations",9,9,0,0,0,0,32,,0,0,0,266.22222222222223,3.5555555555555554,0.6666666666666666,,6,9,9,0,0,0,0,32,,0,0,0,266.22222222222223,3.5555555555555554,0.6666666666666666,,6,0,0,,,,,0,,,,,0,0,0,,0
"Blog Article","/blogs/dolls-info-qustions/2025-best-furry-sex-doll-picks-your-fantasy-comes-to-life",9,9,0,0,0,0,16,,0,0,0,26.555555555555557,1.7777777777777777,0.5555555555555556,,5,9,9,0,0,0,0,16,,0,0,0,26.555555555555557,1.7777777777777777,0.5555555555555556,,5,0,0,,,,,0,,,,,0,0,0,,0
"Collection","/collections/shemale-sex-doll",9,9,0,0,0,0,18,,0,0,0,250,2,0.4444444444444444,,4,9,9,0,0,0,0,18,,0,0,0,250,2,0.4444444444444444,,4,0,0,,,,,0,,,,,0,0,0,,0
"Collection","/collections/bbw-life-size-torso",9,9,0,0,0,0,26,,0,0,0,70.55555555555556,2.888888888888889,0.2222222222222222,,2,9,9,0,0,0,0,26,,0,0,0,70.55555555555556,2.888888888888889,0.2222222222222222,,2,0,0,,,,,0,,,,,0,0,0,,0
"Collection","/collections/big-boobs-sex-dolls",9,9,0,0,0,0,24,,0,0,0,161.55555555555554,2.6666666666666665,0.5555555555555556,,5,9,9,0,0,0,0,24,,0,0,0,161.55555555555554,2.6666666666666665,0.5555555555555556,,5,0,0,,,,,0,,,,,0,0,0,,0
"Checkout","/orders/f3e1c72a0641909cd615817852f093cf",1,9,0,0,0,0,14,,0,0,0,17.88888888888889,1.5555555555555556,0.6666666666666666,,6,1,9,0,0,0,0,14,,0,0,0,17.88888888888889,1.5555555555555556,0.6666666666666666,,6,0,0,,,,,0,,,,,0,0,0,,0
"Product","/products/notye-2sizes-silicone-butt-a779",6,9,1,1,0,0,32,0,0.1111111111111111,0.1111111111111111,0,384.55555555555554,3.5555555555555554,0.5555555555555556,0,5,6,9,1,1,0,0,32,0,0.1111111111111111,0.1111111111111111,0,384.55555555555554,3.5555555555555554,0.5555555555555556,0,5,0,0,0,0,,,0,,0,0,,0,0,0,,0
,"/en-ca/collections/huge-breasts-sex-dolls",9,9,0,0,0,0,54,,0,0,0,241.88888888888889,6,0.2222222222222222,,2,9,9,0,0,0,0,54,,0,0,0,241.88888888888889,6,0.2222222222222222,,2,0,0,,,,,0,,,,,0,0,0,,0
"Product","/products/h651-ros-free-hair-impants-real-oral-movable-jaw-silicone-sex-doll-head-meizaoren",1,9,0,0,0,0,39,,0,0,0,487.55555555555554,4.333333333333333,0,,0,1,9,0,0,0,0,39,,0,0,0,487.55555555555554,4.333333333333333,0,,0,0,0,,,,,0,,,,,0,0,,,
"Blog Article","/blogs/complete-sex-doll-guide-for-beginners/sex-doll-unboxing-guide-for-beginners-what-every-new-owner-should-know",9,9,0,0,0,0,9,,0,0,0,0,1,1,,9,9,9,0,0,0,0,9,,0,0,0,0,1,1,,9,0,0,,,,,0,,,,,,0,0,,0
,"/en-ca/collections/black-sex-dolls",8,9,2,1,0,0,21,0,0.2222222222222222,0.1111111111111111,0,76.55555555555556,2.3333333333333335,0.5555555555555556,0,5,8,9,2,1,0,0,21,0,0.2222222222222222,0.1111111111111111,0,76.55555555555556,2.3333333333333335,0.5555555555555556,0,5,0,0,0,0,,,0,,0,0,,0,0,0,,0
"Product","/products/a418-8lb-sexy-and-real-fat-lady-ass-realistic-chubby-sex-doll-torso",8,9,0,0,0,0,10,,0,0,0,32.666666666666664,1.1111111111111112,0.8888888888888888,,8,8,9,0,0,0,0,10,,0,0,0,32.666666666666664,1.1111111111111112,0.8888888888888888,,8,0,0,,,,,0,,,,,0,0,0,,0
"Product","/products/f5707-168cm-5ft6-40kg-a-cup-rabbit-police-officer-anime-flat-chest-best-animal-furry-character-sex-doll-castle-doll",9,9,0,0,0,0,9,,0,0,0,0,1,1,,9,9,9,0,0,0,0,9,,0,0,0,0,1,1,,9,0,0,,,,,0,,,,,,0,0,,0
"Collection","/collections/qita-doll",9,9,0,0,0,0,20,,0,0,0,122.77777777777777,2.2222222222222223,0.5555555555555556,,5,9,9,0,0,0,0,20,,0,0,0,122.77777777777777,2.2222222222222223,0.5555555555555556,,5,0,0,,,,,0,,,,,0,0,0,,0
"Product","/products/f4987-159cm5-2ft-27kg-b-cup-anime-tpe-best-hentai-sex-doll%E4%B8%A8wm-doll",3,9,2,1,0,0,62,0,0.2222222222222222,0.1111111111111111,0,969.3333333333334,6.888888888888889,0.3333333333333333,0,3,3,9,2,1,0,0,62,0,0.2222222222222222,0.1111111111111111,0,969.3333333333334,6.888888888888889,0.3333333333333333,0,3,0,0,0,0,,,0,,0,0,,0,0,0,,0
"Product","/products/a797-big-butt-torso-sex-doll-climax-doll",9,9,0,0,0,0,9,,0,0,0,0,1,1,,9,9,9,0,0,0,0,9,,0,0,0,0,1,1,,9,0,0,,,,,0,,,,,,0,0,,0
"Blog Article","/blogs/dolls-info-qustions/why-do-female-characters-in-anime-often-have-exaggeratedly-large-breasts",8,9,0,0,0,0,19,,0,0,0,116.55555555555556,2.111111111111111,0.7777777777777778,,7,8,9,0,0,0,0,19,,0,0,0,116.55555555555556,2.111111111111111,0.7777777777777778,,7,0,0,,,,,0,,,,,0,0,0,,0
"Collection","/collections/milf-sex-dolls",9,9,0,0,0,0,20,,0,0,0,117.22222222222223,2.2222222222222223,0.6666666666666666,,6,9,9,0,0,0,0,20,,0,0,0,117.22222222222223,2.2222222222222223,0.6666666666666666,,6,0,0,,,,,0,,,,,0,0,0,,0
"Collection","/collections/new-arrivals-sex-doll",8,9,0,0,0,0,55,,0,0,0,267.55555555555554,6.111111111111111,0.1111111111111111,,1,8,9,0,0,0,0,55,,0,0,0,267.55555555555554,6.111111111111111,0.1111111111111111,,1,0,0,,,,,0,,,,,0,0,0,,0
"Product","/products/mrl-17lbs-silicone-sex-doll-torso-a316",3,9,0,0,0,0,19,,0,0,0,125.66666666666667,2.111111111111111,0.7777777777777778,,7,3,9,0,0,0,0,19,,0,0,0,125.66666666666667,2.111111111111111,0.7777777777777778,,7,0,0,,,,,0,,,,,0,0,0,,0
"Blog Article","/blogs/dolls-info-qustions/what-oral-depth-of-a-sex-doll-head-is-best-for-blowjobs",9,9,0,0,0,0,18,,0,0,0,48.55555555555556,2,0.7777777777777778,,7,9,9,0,0,0,0,18,,0,0,0,48.55555555555556,2,0.7777777777777778,,7,0,0,,,,,0,,,,,0,0,0,,0
"Blog Article","/blogs/dolls-info-qustions/2-in-1-ai-sex-doll-experience-motorized-hip-movement-and-vaginal-suction-combined",8,8,0,0,0,0,11,,0,0,0,21.875,1.375,0.875,,7,8,8,0,0,0,0,11,,0,0,0,21.875,1.375,0.875,,7,0,0,,,,,0,,,,,0,0,0,,0
,"/de/collections/big-ass-sex-doll-torso",8,8,0,0,0,0,36,,0,0,0,196.5,4.5,0.625,,5,8,8,0,0,0,0,36,,0,0,0,196.5,4.5,0.625,,5,0,0,,,,,0,,,,,0,0,0,,0
"Product","/products/f9302-150cm-4ft9-41kg-b-cup-ros-silicone-head-shemale-tiny-sex-dolls-doll-castle",8,8,0,0,0,0,35,,0,0,0,141.625,4.375,0.5,,4,8,8,0,0,0,0,35,,0,0,0,141.625,4.375,0.5,,4,0,0,,,,,0,,,,,0,0,0,,0
,"/en-ca/collections/vibrating-sex-doll-torso",8,8,0,0,0,0,21,,0,0,0,92.625,2.625,0.625,,5,8,8,0,0,0,0,21,,0,0,0,92.625,2.625,0.625,,5,0,0,,,,,0,,,,,0,0,0,,0
"Blog Article","/blogs/dolls-info-qustions/pocket-pussy-full-range-of-types-which-one-is-best-for-you",7,8,0,0,0,0,11,,0,0,0,37.125,1.375,0.75,,6,7,8,0,0,0,0,11,,0,0,0,37.125,1.375,0.75,,6,0,0,,,,,0,,,,,0,0,0,,0
"Product","/products/t435-72-75lb-silicone-lifesize-anime-sex-doll-ssbbw-sex-doll-torso-lovenestle",5,8,0,0,0,0,30,,0,0,0,123.75,3.75,0.375,,3,5,8,0,0,0,0,30,,0,0,0,123.75,3.75,0.375,,3,0,0,,,,,0,,,,,0,0,0,,0
,"/de/collections/mini-hentai-sex-doll",8,8,0,0,0,0,31,,0,0,0,77.75,3.875,0.25,,2,8,8,0,0,0,0,31,,0,0,0,77.75,3.875,0.25,,2,0,0,,,,,0,,,,,0,0,0,,0
"Collection","/collections/anime-hentai-sex-doll",8,8,0,0,0,0,22,,0,0,0,188,2.75,0.375,,3,8,8,0,0,0,0,22,,0,0,0,188,2.75,0.375,,3,0,0,,,,,0,,,,,0,0,0,,0
"Collection","/collections/flat-chest-japanese-sex-doll",8,8,0,0,0,0,18,,0,0,0,228.75,2.25,0.375,,3,8,8,0,0,0,0,18,,0,0,0,228.75,2.25,0.375,,3,0,0,,,,,0,,,,,0,0,0,,0
"Collection","/collections/bbw-sex-dolls",8,8,0,0,0,0,30,,0,0,0,182.375,3.75,0.125,,1,8,8,0,0,0,0,30,,0,0,0,182.375,3.75,0.125,,1,0,0,,,,,0,,,,,0,0,0,,0
"Collection","/collections/anime-sex-doll-torso",7,8,0,0,0,0,10,,0,0,0,12.875,1.25,0.75,,6,7,8,0,0,0,0,10,,0,0,0,12.875,1.25,0.75,,6,0,0,,,,,0,,,,,0,0,0,,0
"Blog Article","/blogs/dolls-info-qustions/pay-in-4",7,8,2,1,0,0,58,0,0.25,0.125,0,365.625,7.25,0.125,0,1,7,8,2,1,0,0,58,0,0.25,0.125,0,365.625,7.25,0.125,0,1,0,0,0,0,,,0,,0,0,,0,0,0,,0
,"/de/collections/silicone-ass",7,8,0,0,0,0,13,,0,0,0,16.75,1.625,0.625,,5,7,8,0,0,0,0,13,,0,0,0,16.75,1.625,0.625,,5,0,0,,,,,0,,,,,0,0,0,,0
"Blog Article","/blogs/dolls-info-qustions/how-to-play-with-a-big-booty-sex-doll-these-positions-will-blow-your-mind",8,8,0,0,0,0,8,,0,0,0,0,1,1,,8,8,8,0,0,0,0,8,,0,0,0,0,1,1,,8,0,0,,,,,0,,,,,,0,0,,0
"Blog Article","/blogs/featured-blog/the-4-technical-features-about-sex-doll-skeleton",8,8,0,0,0,0,9,,0,0,0,1,1.125,0.875,,7,8,8,0,0,0,0,9,,0,0,0,1,1.125,0.875,,7,0,0,,,,,0,,,,,0,0,0,,0
"Collection","/collections/evasdoll",7,8,0,0,0,0,15,,0,0,0,311.25,1.875,0.5,,4,7,8,0,0,0,0,15,,0,0,0,311.25,1.875,0.5,,4,0,0,,,,,0,,,,,0,0,0,,0
,"/de/collections/huge-breasts-japanese-sex-doll",8,8,0,0,0,0,17,,0,0,0,81.75,2.125,0.625,,5,8,8,0,0,0,0,17,,0,0,0,81.75,2.125,0.625,,5,0,0,,,,,0,,,,,0,0,0,,0
"Collection","/collections/huge-breast-post-torso",8,8,0,0,0,0,29,,0,0,0,307.625,3.625,0.375,,3,8,8,0,0,0,0,29,,0,0,0,307.625,3.625,0.375,,3,0,0,,,,,0,,,,,0,0,0,,0
,"/en-ca/collections/mini-sex-doll",8,8,0,0,0,0,14,,0,0,0,400.125,1.75,0.625,,5,8,8,0,0,0,0,14,,0,0,0,400.125,1.75,0.625,,5,0,0,,,,,0,,,,,0,0,0,,0
,"/de/collections/flat-chest-sex-doll",8,8,0,0,0,0,24,,0,0,0,141.75,3,0.5,,4,8,8,0,0,0,0,24,,0,0,0,141.75,3,0.5,,4,0,0,,,,,0,,,,,0,0,0,,0
"Blog Article","/blogs/dolls-info-qustions/foot-fetish-uncovered-10-types-of-foot-fetish-3-must-have-foot-fetish-toys",8,8,0,0,0,0,8,,0,0,0,0,1,1,,8,8,8,0,0,0,0,8,,0,0,0,0,1,1,,8,0,0,,,,,0,,,,,,0,0,,0
,"/en-ca/collections/vajankle-foot-fetish-toys",7,8,0,0,0,0,31,,0,0,0,94.625,3.875,0.375,,3,7,8,0,0,0,0,31,,0,0,0,94.625,3.875,0.375,,3,0,0,,,,,0,,,,,0,0,0,,0
,"/de/collections/bbw-ass-torso",8,8,1,1,0,0,31,0,0.125,0.125,0,139.125,3.875,0.375,0,3,8,8,1,1,0,0,31,0,0.125,0.125,0,139.125,3.875,0.375,0,3,0,0,0,0,,,0,,0,0,,0,0,0,,0
"Collection","/collections/zelex-doll",8,8,0,0,0,0,31,,0,0,0,153.5,3.875,0.5,,4,8,8,0,0,0,0,31,,0,0,0,153.5,3.875,0.5,,4,0,0,,,,,0,,,,,0,0,0,,0
"Blog Article","/blogs/featured-blog/2025-top-sex-doll-brands-annual-update-summary",8,8,0,0,0,0,10,,0,0,0,8.125,1.25,0.875,,7,8,8,0,0,0,0,10,,0,0,0,8.125,1.25,0.875,,7,0,0,,,,,0,,,,,0,0,0,,0
"Blog Article","/blogs/dolls-info-qustions/7-best-mini-torso-sex-dolls-for-beginners",8,8,0,0,0,0,20,,0,0,0,81.125,2.5,0.625,,5,8,8,0,0,0,0,20,,0,0,0,81.125,2.5,0.625,,5,0,0,,,,,0,,,,,0,0,0,,0
"Product","/products/irontech-doll-171cm-collection-silicone-dolls-f761",5,8,0,0,0,0,13,,0,0,0,383,1.625,0.875,,7,5,8,0,0,0,0,13,,0,0,0,383,1.625,0.875,,7,0,0,,,,,0,,,,,0,0,0,,0
,"/de/collections/anime-sex-doll",8,8,0,0,0,0,58,,0,0,0,166.625,7.25,0.5,,4,8,8,0,0,0,0,58,,0,0,0,166.625,7.25,0.5,,4,0,0,,,,,0,,,,,0,0,0,,0
"Collection","/collections/torso-under-200",7,8,0,0,0,0,51,,0,0,0,645.75,6.375,0.25,,2,7,8,0,0,0,0,51,,0,0,0,645.75,6.375,0.25,,2,0,0,,,,,0,,,,,0,0,0,,0
"Collection","/collections/lesbian-sex-doll-1",8,8,0,0,0,0,78,,0,0,0,619.75,9.75,0.625,,5,8,8,0,0,0,0,78,,0,0,0,619.75,9.75,0.625,,5,0,0,,,,,0,,,,,0,0,0,,0
"Blog Article","/blogs/dolls-info-qustions/guide-to-the-buttocks-of-sex-doll-torsos",8,8,0,0,0,0,29,,0,0,0,146.25,3.625,0.625,,5,8,8,0,0,0,0,29,,0,0,0,146.25,3.625,0.625,,5,0,0,,,,,0,,,,,0,0,0,,0
"Collection","/collections/sex-focused-robot-sex-doll",8,8,0,0,0,0,23,,0,0,0,101.875,2.875,0.75,,6,8,8,0,0,0,0,23,,0,0,0,101.875,2.875,0.75,,6,0,0,,,,,0,,,,,0,0,0,,0
"Collection","/collections/600-999",6,7,0,0,0,0,22,,0,0,0,341,3.142857142857143,0.5714285714285714,,4,6,7,0,0,0,0,22,,0,0,0,341,3.142857142857143,0.5714285714285714,,4,0,0,,,,,0,,,,,0,0,0,,0
,"/en-ca/blogs/dolls-info-qustions/why-do-female-characters-in-anime-often-have-exaggeratedly-large-breasts",7,7,0,0,0,0,7,,0,0,0,0,1,1,,7,7,7,0,0,0,0,7,,0,0,0,0,1,1,,7,0,0,,,,,0,,,,,,0,0,,0
"Product","/products/f5985-157cm-5ft1-29kg-b-cup-realistic-skinny-tpe-sex-doll-sy-doll",7,7,0,0,0,0,7,,0,0,0,0,1,1,,7,7,7,0,0,0,0,7,,0,0,0,0,1,1,,7,0,0,,,,,0,,,,,,0,0,,0
"Product","/collections/sex-doll-torso/products/55cm-big-boobs-torso-sex-doll-502-sex-doll-torso",7,7,0,0,0,0,21,,0,0,0,26.714285714285715,3,0.2857142857142857,,2,7,7,0,0,0,0,21,,0,0,0,26.714285714285715,3,0.2857142857142857,,2,0,0,,,,,0,,,,,0,0,0,,0
"Collection","/collections/qian-you",7,7,0,0,0,0,18,,0,0,0,46,2.5714285714285716,0.7142857142857143,,5,7,7,0,0,0,0,18,,0,0,0,46,2.5714285714285716,0.7142857142857143,,5,0,0,,,,,0,,,,,0,0,0,,0
"Blog Article","/blogs/dolls-info-qustions/welcome-to-future-ai-sex-doll-function-exploration",7,7,1,0,0,0,26,,0.14285714285714285,0,0,400.7142857142857,3.7142857142857144,0.42857142857142855,,3,7,7,1,0,0,0,26,,0.14285714285714285,0,0,400.7142857142857,3.7142857142857144,0.42857142857142855,,3,0,0,0,,,,0,,0,,,0,0,0,,0
"Collection","/collections/black-sex-doll-500-1000",7,7,0,0,0,0,16,,0,0,0,233.57142857142858,2.2857142857142856,0.5714285714285714,,4,7,7,0,0,0,0,16,,0,0,0,233.57142857142858,2.2857142857142856,0.5714285714285714,,4,0,0,,,,,0,,,,,0,0,0,,0
"Product","/products/f9189-178cm-5ft10-67-5kg-i-cup-ros-silicone-life-size-male-trans-sex-doll-doll-castle",7,7,0,0,0,0,9,,0,0,0,5,1.2857142857142858,0.8571428571428571,,6,7,7,0,0,0,0,9,,0,0,0,5,1.2857142857142858,0.8571428571428571,,6,0,0,,,,,0,,,,,0,0,0,,0
"Blog Article","/blogs/dolls-info-qustions/how-to-eat-ass-a-deep-dive-into-rimming-techniques-and-sex-doll-play",7,7,0,0,0,0,11,,0,0,0,31.857142857142858,1.5714285714285714,0.7142857142857143,,5,7,7,0,0,0,0,11,,0,0,0,31.857142857142858,1.5714285714285714,0.7142857142857143,,5,0,0,,,,,0,,,,,0,0,0,,0
"Blog Article","/blogs/dolls-info-qustions/top-3-flat-chested-sex-dolls-of-2025-ultimate-flatness-unique-allure",5,7,0,0,0,0,23,,0,0,0,233.42857142857142,3.2857142857142856,0.5714285714285714,,4,5,7,0,0,0,0,23,,0,0,0,233.42857142857142,3.2857142857142856,0.5714285714285714,,4,0,0,,,,,0,,,,,0,0,0,,0
"Collection","/collections/porn-celebrities",7,7,0,0,0,0,16,,0,0,0,57.57142857142857,2.2857142857142856,0.5714285714285714,,4,7,7,0,0,0,0,16,,0,0,0,57.57142857142857,2.2857142857142856,0.5714285714285714,,4,0,0,,,,,0,,,,,0,0,0,,0
"Collection","/collections/erovenus-sex-doll",7,7,0,0,0,0,9,,0,0,0,5.571428571428571,1.2857142857142858,0.7142857142857143,,5,7,7,0,0,0,0,9,,0,0,0,5.571428571428571,1.2857142857142858,0.7142857142857143,,5,0,0,,,,,0,,,,,0,0,0,,0
,"/en-ca/collections/under-100",7,7,0,0,0,0,59,,0,0,0,406.14285714285717,8.428571428571429,0.2857142857142857,,2,7,7,0,0,0,0,59,,0,0,0,406.14285714285717,8.428571428571429,0.2857142857142857,,2,0,0,,,,,0,,,,,0,0,0,,0
"Product","/products/bbw-sex-doll-torso-t71-papaya-breast-tpe",7,7,0,0,0,0,7,,0,0,0,0,1,1,,7,7,7,0,0,0,0,7,,0,0,0,0,1,1,,7,0,0,,,,,0,,,,,,0,0,,0
"Product","/products/f7891-14kg-silicone-cute-furry-sex-doll-demon-sheep-rabbit-mrl",2,7,1,0,0,0,13,,0.14285714285714285,0,0,110.71428571428571,1.8571428571428572,0.8571428571428571,,6,2,7,1,0,0,0,13,,0.14285714285714285,0,0,110.71428571428571,1.8571428571428572,0.8571428571428571,,6,0,0,0,,,,0,,0,,,0,0,0,,0
"Product","/products/a17-25-57lbs-big-ass-mastubator",1,7,0,0,0,0,38,,0,0,0,296.7142857142857,5.428571428571429,0.7142857142857143,,5,1,7,0,0,0,0,38,,0,0,0,296.7142857142857,5.428571428571429,0.7142857142857143,,5,0,0,,,,,0,,,,,0,0,0,,0
"Blog Article","/blogs/featured-blog/over-10-effective-tips-for-drying-sex-doll-torso-vagina-and-anal",6,7,0,0,0,0,7,,0,0,0,0,1,1,,7,6,7,0,0,0,0,7,,0,0,0,0,1,1,,7,0,0,,,,,0,,,,,,0,0,,0
"Product","/products/top-cydoll-161cm-silicone-sex-doll-f8620",7,7,0,0,0,0,20,,0,0,0,127.85714285714286,2.857142857142857,0.5714285714285714,,4,7,7,0,0,0,0,20,,0,0,0,127.85714285714286,2.857142857142857,0.5714285714285714,,4,0,0,,,,,0,,,,,0,0,0,,0
,"/en-ca/blogs/sex-doll-torso-blog/top-7-sex-poses-with-your-torso-sex-doll",7,7,0,0,0,0,9,,0,0,0,7.571428571428571,1.2857142857142858,0.8571428571428571,,6,7,7,0,0,0,0,9,,0,0,0,7.571428571428571,1.2857142857142858,0.8571428571428571,,6,0,0,,,,,0,,,,,0,0,0,,0
,"/en-ca/collections/anime-pocket-pussy",7,7,0,0,0,0,20,,0,0,0,87.57142857142857,2.857142857142857,0.2857142857142857,,2,7,7,0,0,0,0,20,,0,0,0,87.57142857142857,2.857142857142857,0.2857142857142857,,2,0,0,,,,,0,,,,,0,0,0,,0
"Blog Article","/blogs/dolls-info-qustions/what-is-it-like-to-have-sex-with-a-male-sex-doll",6,7,0,0,0,0,7,,0,0,0,0,1,1,,7,6,7,0,0,0,0,7,,0,0,0,0,1,1,,7,0,0,,,,,0,,,,,,0,0,,0
"Collection","/collections/fantasy-sex-doll-heads",7,7,0,1,0,0,19,0,0,0.14285714285714285,0,196.28571428571428,2.7142857142857144,0.2857142857142857,,2,7,7,0,1,0,0,19,0,0,0.14285714285714285,0,196.28571428571428,2.7142857142857144,0.2857142857142857,,2,0,0,,0,,,0,,,0,,0,0,0,,0
"Blog Article","/blogs/dolls-info-qustions/4-things-tell-you-how-to-use-a-lesbian-sex-doll",6,7,0,0,0,0,13,,0,0,0,43.42857142857143,1.8571428571428572,0.8571428571428571,,6,6,7,0,0,0,0,13,,0,0,0,43.42857142857143,1.8571428571428572,0.8571428571428571,,6,0,0,,,,,0,,,,,0,0,0,,0
,"/de/blogs/dolls-info-qustions/2025-five-stylish-and-charming-chinese-sex-doll",7,7,0,0,0,0,9,,0,0,0,5.428571428571429,1.2857142857142858,0.7142857142857143,,5,7,7,0,0,0,0,9,,0,0,0,5.428571428571429,1.2857142857142858,0.7142857142857143,,5,0,0,,,,,0,,,,,0,0,0,,0
"Collection","/collections/loli-sex-dolls",7,7,0,0,0,0,14,,0,0,0,34,2,0.42857142857142855,,3,7,7,0,0,0,0,14,,0,0,0,34,2,0.42857142857142855,,3,0,0,,,,,0,,,,,0,0,0,,0
"Collection","/collections/cartoon-sex-doll",7,7,0,0,0,0,17,,0,0,0,88.71428571428571,2.4285714285714284,0.42857142857142855,,3,7,7,0,0,0,0,17,,0,0,0,88.71428571428571,2.4285714285714284,0.42857142857142855,,3,0,0,,,,,0,,,,,0,0,0,,0
"Blog Article","/blogs/dolls-info-qustions/how-a-most-realistic-male-sex-doll-is-manufactured",7,7,0,0,0,0,10,,0,0,0,78.71428571428571,1.4285714285714286,0.7142857142857143,,5,7,7,0,0,0,0,10,,0,0,0,78.71428571428571,1.4285714285714286,0.7142857142857143,,5,0,0,,,,,0,,,,,0,0,0,,0
,"/en-ca/collections/vendors",7,7,0,0,0,0,29,,0,0,0,245.71428571428572,4.142857142857143,0.42857142857142855,,3,7,7,0,0,0,0,29,,0,0,0,245.71428571428572,4.142857142857143,0.42857142857142855,,3,0,0,,,,,0,,,,,0,0,0,,0
"Blog Article","/blogs/dolls-info-qustions/tpe-dolls-tearing-and-peeling-difficulties-easy-to-solve-there-is-a-trick",5,7,0,0,0,0,7,,0,0,0,0,1,1,,7,5,7,0,0,0,0,7,,0,0,0,0,1,1,,7,0,0,,,,,0,,,,,,0,0,,0
"Collection","/collections/lifesize-male-sex-doll-torso",7,7,0,0,0,0,19,,0,0,0,164.57142857142858,2.7142857142857144,0.2857142857142857,,2,7,7,0,0,0,0,19,,0,0,0,164.57142857142858,2.7142857142857144,0.2857142857142857,,2,0,0,,,,,0,,,,,0,0,0,,0
"Product","/products/f2384-sy-163cm-g-cup-bbw-big-ass-life-size-sex-doll",2,7,0,0,0,0,46,,0,0,0,598.5714285714286,6.571428571428571,0,,0,2,7,0,0,0,0,46,,0,0,0,598.5714285714286,6.571428571428571,0,,0,0,0,,,,,0,,,,,0,0,,,
"Collection","/collections/silicone-torso-with-head",7,7,0,0,0,0,25,,0,0,0,125.71428571428571,3.5714285714285716,0.42857142857142855,,3,7,7,0,0,0,0,25,,0,0,0,125.71428571428571,3.5714285714285716,0.42857142857142855,,3,0,0,,,,,0,,,,,0,0,0,,0
"Blog Article","/blogs/sex-doll-torso-blog/8-best-sex-doll-torsos-with-heads",7,7,0,0,0,0,13,,0,0,0,130.85714285714286,1.8571428571428572,0.7142857142857143,,5,7,7,0,0,0,0,13,,0,0,0,130.85714285714286,1.8571428571428572,0.7142857142857143,,5,0,0,,,,,0,,,,,0,0,0,,0
"Collection","/collections/lesbian-sex-doll",7,7,0,0,0,0,12,,0,0,0,326.7142857142857,1.7142857142857142,0.42857142857142855,,3,7,7,0,0,0,0,12,,0,0,0,326.7142857142857,1.7142857142857142,0.42857142857142855,,3,0,0,,,,,0,,,,,0,0,0,,0
"Collection","/collections/cheap-bbw-sex-doll",7,7,0,0,0,0,15,,0,0,0,47.857142857142854,2.142857142857143,0.5714285714285714,,4,7,7,0,0,0,0,15,,0,0,0,47.857142857142854,2.142857142857143,0.5714285714285714,,4,0,0,,,,,0,,,,,0,0,0,,0
"Product","/products/592-67lb-75cm-bbw-sex-doll-torso-big-tits-big-ass-sex-doll-torso",3,6,1,1,0,0,17,0,0.16666666666666666,0.16666666666666666,0,141.66666666666666,2.8333333333333335,0.16666666666666666,0,1,3,6,1,1,0,0,17,0,0.16666666666666666,0.16666666666666666,0,141.66666666666666,2.8333333333333335,0.16666666666666666,0,1,0,0,0,0,,,0,,0,0,,0,0,0,,0
,"/ja/collections/ai-sex-doll",6,6,0,0,0,0,20,,0,0,0,134.16666666666666,3.3333333333333335,0.5,,3,6,6,0,0,0,0,20,,0,0,0,134.16666666666666,3.3333333333333335,0.5,,3,0,0,,,,,0,,,,,0,0,0,,0
"Collection","/collections/asian-best-sell-sex-doll",6,6,0,0,0,0,12,,0,0,0,32,2,0.5,,3,6,6,0,0,0,0,12,,0,0,0,32,2,0.5,,3,0,0,,,,,0,,,,,0,0,0,,0
,"/de/collections/movie-music-celebrities",6,6,0,0,0,0,25,,0,0,0,131.66666666666666,4.166666666666667,0.3333333333333333,,2,6,6,0,0,0,0,25,,0,0,0,131.66666666666666,4.166666666666667,0.3333333333333333,,2,0,0,,,,,0,,,,,0,0,0,,0
"Collection","/collections/azm-doll",6,6,0,0,0,0,11,,0,0,0,175.5,1.8333333333333333,0.3333333333333333,,2,6,6,0,0,0,0,11,,0,0,0,175.5,1.8333333333333333,0.3333333333333333,,2,0,0,,,,,0,,,,,0,0,0,,0
"Product","/products/moonvale-silicone-furry-deer-170cm-f759",6,6,1,1,0,0,35,0,0.16666666666666666,0.16666666666666666,0,228.83333333333334,5.833333333333333,0.5,0,3,6,6,1,1,0,0,35,0,0.16666666666666666,0.16666666666666666,0,228.83333333333334,5.833333333333333,0.5,0,3,0,0,0,0,,,0,,0,0,,0,0,0,,0
"Product","/products/b439-ultra-soft-silicone-sex-doll-boobs-titfuck-torso-erovenus",6,6,0,0,0,0,6,,0,0,0,0,1,1,,6,6,6,0,0,0,0,6,,0,0,0,0,1,1,,6,0,0,,,,,0,,,,,,0,0,,0
"Product","/products/t267-big-coke-male-sex-dolls-torso-dildo-for-women",5,6,0,0,0,0,20,,0,0,0,197.83333333333334,3.3333333333333335,0.5,,3,5,6,0,0,0,0,20,,0,0,0,197.83333333333334,3.3333333333333335,0.5,,3,0,0,,,,,0,,,,,0,0,0,,0
"Product","/products/f2479-162cm5-3ft-f-cup-rose-tpe-sex-doll-fun-west-doll",6,6,0,0,0,0,6,,0,0,0,0,1,1,,6,6,6,0,0,0,0,6,,0,0,0,0,1,1,,6,0,0,,,,,0,,,,,,0,0,,0
"Product","/products/f5523-168cm5-5ft-39kg-h-cup-r3-life-size-silicone-sex-doll-real-lady",1,6,0,0,0,0,8,,0,0,0,592.1666666666666,1.3333333333333333,0.6666666666666666,,4,1,6,0,0,0,0,8,,0,0,0,592.1666666666666,1.3333333333333333,0.6666666666666666,,4,0,0,,,,,0,,,,,0,0,0,,0
"Product","/products/f2319a-163cm5-3ft-53kg-g-cup-hips-over-140-ros-movable-jaw-super-fat-bbw-huge-ass-sex-doll%E4%B8%A8sy-doll",5,6,0,0,0,0,35,,0,0,0,501.1666666666667,5.833333333333333,0.5,,3,5,6,0,0,0,0,35,,0,0,0,501.1666666666667,5.833333333333333,0.5,,3,0,0,,,,,0,,,,,0,0,0,,0
"Blog Article","/blogs/sex-doll-option-videos/video-16-wm-exclusive-real-oral-sexros",6,6,0,0,0,0,20,,0,0,0,59,3.3333333333333335,0.8333333333333334,,5,6,6,0,0,0,0,20,,0,0,0,59,3.3333333333333335,0.8333333333333334,,5,0,0,,,,,0,,,,,0,0,0,,0
"Collection","/collections/starpery-doll",6,6,0,0,0,0,27,,0,0,0,340.1666666666667,4.5,0.16666666666666666,,1,6,6,0,0,0,0,27,,0,0,0,340.1666666666667,4.5,0.16666666666666666,,1,0,0,,,,,0,,,,,0,0,0,,0
"Blog Article","/blogs/dolls-info-qustions/how-realistic-the-fake-pussy-is",6,6,0,0,0,0,6,,0,0,0,0,1,1,,6,6,6,0,0,0,0,6,,0,0,0,0,1,1,,6,0,0,,,,,0,,,,,,0,0,,0
"Customer Account","/account/unsubscribe",6,6,0,0,0,0,6,,0,0,0,0,1,1,,6,6,6,0,0,0,0,6,,0,0,0,0,1,1,,6,0,0,,,,,0,,,,,,0,0,,0
,"/en-ca/collections/life-size-ass",4,6,1,0,0,0,29,,0.16666666666666666,0,0,158,4.833333333333333,0.16666666666666666,,1,4,6,1,0,0,0,29,,0.16666666666666666,0,0,158,4.833333333333333,0.16666666666666666,,1,0,0,0,,,,0,,0,,,0,0,0,,0
"Collection","/collections/8-9in-male-sex-doll",6,6,0,0,0,0,10,,0,0,0,97.83333333333333,1.6666666666666667,0.6666666666666666,,4,6,6,0,0,0,0,10,,0,0,0,97.83333333333333,1.6666666666666667,0.6666666666666666,,4,0,0,,,,,0,,,,,0,0,0,,0
"Collection","/collections/doll-senior",6,6,0,0,0,0,23,,0,0,0,714,3.8333333333333335,0.3333333333333333,,2,6,6,0,0,0,0,23,,0,0,0,714,3.8333333333333335,0.3333333333333333,,2,0,0,,,,,0,,,,,0,0,0,,0
"Blog Article","/blogs/dolls-info-qustions/what-to-do-if-your-sex-doll-is-too-heavy-a-practical-guide",6,6,0,0,0,0,7,,0,0,0,6.5,1.1666666666666667,0.8333333333333334,,5,6,6,0,0,0,0,7,,0,0,0,6.5,1.1666666666666667,0.8333333333333334,,5,0,0,,,,,0,,,,,0,0,0,,0
"Product","/products/f5546-153cm-5ft-28kg-silicone-anime-hentai-male-sex-dolls-elsa-babe",6,6,1,0,0,0,10,,0.16666666666666666,0,0,150.83333333333334,1.6666666666666667,0.8333333333333334,,5,6,6,1,0,0,0,10,,0.16666666666666666,0,0,150.83333333333334,1.6666666666666667,0.8333333333333334,,5,0,0,0,,,,0,,0,,,0,0,0,,0
"Blog Article","/blogs/dolls-info-qustions/the-vibration-and-suction-functions-of-automatic-sex-dolls",6,6,0,0,0,0,8,,0,0,0,26,1.3333333333333333,0.6666666666666666,,4,6,6,0,0,0,0,8,,0,0,0,26,1.3333333333333333,0.6666666666666666,,4,0,0,,,,,0,,,,,0,0,0,,0
"Blog Article","/blogs/dolls-info-qustions/unlocking-private-desires-the-secrets-of-torso-sex-doll-10-inch-dildo",5,6,0,0,0,0,15,,0,0,0,172.66666666666666,2.5,0.5,,3,5,6,0,0,0,0,15,,0,0,0,172.66666666666666,2.5,0.5,,3,0,0,,,,,0,,,,,0,0,0,,0
"Product","/products/f5931-155mcm5-1ft-40kg-2-0-g-cup-asian-anime-silicone-head-chinese-sex-doll-bezlya-doll",1,6,0,0,0,0,10,,0,0,0,178.16666666666666,1.6666666666666667,0.5,,3,1,6,0,0,0,0,10,,0,0,0,178.16666666666666,1.6666666666666667,0.5,,3,0,0,,,,,0,,,,,0,0,0,,0
"Collection","/collections/the-best-male-sex-dolls-of-2024-explained-choosing-your-ideal-lover",6,6,1,0,0,0,34,,0.16666666666666666,0,0,151,5.666666666666667,0.3333333333333333,,2,6,6,1,0,0,0,34,,0.16666666666666666,0,0,151,5.666666666666667,0.3333333333333333,,2,0,0,0,,,,0,,0,,,0,0,0,,0
"Collection","/collections/silicone-sex-doll-torso-love-torso-silicone-doll",6,6,0,0,0,0,26,,0,0,0,179.16666666666666,4.333333333333333,0.5,,3,6,6,0,0,0,0,26,,0,0,0,179.16666666666666,4.333333333333333,0.5,,3,0,0,,,,,0,,,,,0,0,0,,0
"Checkout","/orders/d3c914860c8769b6f565b7285dbe48e3",1,6,0,0,0,0,10,,0,0,0,154,1.6666666666666667,0.6666666666666666,,4,1,6,0,0,0,0,10,,0,0,0,154,1.6666666666666667,0.6666666666666666,,4,0,0,,,,,0,,,,,0,0,0,,0
"Checkout","/orders/aab86972982aa1906360e253ddb54f74",5,6,0,0,0,0,30,,0,0,0,504.1666666666667,5,0.16666666666666666,,1,5,6,0,0,0,0,30,,0,0,0,504.1666666666667,5,0.16666666666666666,,1,0,0,,,,,0,,,,,0,0,0,,0
"Collection","/collections/real-lady",6,6,0,0,0,0,14,,0,0,0,116.16666666666667,2.3333333333333335,0.5,,3,6,6,0,0,0,0,14,,0,0,0,116.16666666666667,2.3333333333333335,0.5,,3,0,0,,,,,0,,,,,0,0,0,,0
,"/en-ca/collections/sex-doll-feet",6,6,1,1,0,0,44,0,0.16666666666666666,0.16666666666666666,0,190.83333333333334,7.333333333333333,0.5,0,3,6,6,1,1,0,0,44,0,0.16666666666666666,0.16666666666666666,0,190.83333333333334,7.333333333333333,0.5,0,3,0,0,0,0,,,0,,0,0,,0,0,0,,0
"Product","/products/f6101-158cm-5ft2-47kg-c-cup-asian-silicone-sex-doll-shedoll",1,6,0,0,0,0,6,,0,0,0,0,1,1,,6,1,6,0,0,0,0,6,,0,0,0,0,1,1,,6,0,0,,,,,0,,,,,,0,0,,0
,"/ja/collections/silicone-pocket-pussy",6,6,0,0,0,0,6,,0,0,0,0,1,1,,6,6,6,0,0,0,0,6,,0,0,0,0,1,1,,6,0,0,,,,,0,,,,,,0,0,,0
"Product","/products/h658-thick-big-lips-silicone-sex-doll-head-%E4%B8%A8doll-castle-head",6,6,2,2,1,0.16666666666666666,20,0.5,0.3333333333333333,0.3333333333333333,1,577.1666666666666,3.3333333333333335,0.5,0.5,3,6,6,2,2,1,0.16666666666666666,20,0.5,0.3333333333333333,0.3333333333333333,1,577.1666666666666,3.3333333333333335,0.5,0.5,3,0,0,0,0,0,0,0,0,0,0,0,0,0,0,0,0
"Blog Article","/blogs/dolls-info-qustions/%F0%9F%92%A1-the-ultimate-guide-to-tantaly-revolutionary-sex-dolls-that-redefine-pleasure",6,6,0,0,0,0,19,,0,0,0,54.5,3.1666666666666665,0.5,,3,6,6,0,0,0,0,19,,0,0,0,54.5,3.1666666666666665,0.5,,3,0,0,,,,,0,,,,,0,0,0,,0
,"/en-fi/blogs/dolls-info-qustions/how-to-make-a-fake-ass-sex-toy",6,6,0,0,0,0,6,,0,0,0,0,1,1,,6,6,6,0,0,0,0,6,,0,0,0,0,1,1,,6,0,0,,,,,0,,,,,,0,0,,0
"Blog Article","/blogs/sex-doll-option-videos/video-04-moaning-sound",6,6,0,0,0,0,9,,0,0,0,49.166666666666664,1.5,0.6666666666666666,,4,6,6,0,0,0,0,9,,0,0,0,49.166666666666664,1.5,0.6666666666666666,,4,0,0,,,,,0,,,,,0,0,0,,0
"Collection","/collections/anime-elf-sex-doll",5,6,0,0,0,0,10,,0,0,0,18,1.6666666666666667,0.6666666666666666,,4,5,6,0,0,0,0,10,,0,0,0,18,1.6666666666666667,0.6666666666666666,,4,0,0,,,,,0,,,,,0,0,0,,0
"Collection","/collections/new-sex-dolls-2023-05",3,6,0,0,0,0,6,,0,0,0,0,1,1,,6,3,6,0,0,0,0,6,,0,0,0,0,1,1,,6,0,0,,,,,0,,,,,,0,0,,0
"Product","/products/a351-7-7lb-silicone-deer-ass-furry-sex-doll-torso-mrl",6,6,0,0,0,0,32,,0,0,0,284.5,5.333333333333333,0.6666666666666666,,4,6,6,0,0,0,0,32,,0,0,0,284.5,5.333333333333333,0.6666666666666666,,4,0,0,,,,,0,,,,,0,0,0,,0
,"/de/collections/foot-pocket-pussy",6,6,0,0,0,0,11,,0,0,0,17.833333333333332,1.8333333333333333,0.3333333333333333,,2,6,6,0,0,0,0,11,,0,0,0,17.833333333333332,1.8333333333333333,0.3333333333333333,,2,0,0,,,,,0,,,,,0,0,0,,0
"Blog Article","/blogs/dolls-info-qustions/hentai-sex-doll-1v1-real-test-on-the-cleaning-resistance-of-ultra-durable-makeup-vs-regular-makeup",6,6,0,0,0,0,8,,0,0,0,33.5,1.3333333333333333,0.8333333333333334,,5,6,6,0,0,0,0,8,,0,0,0,33.5,1.3333333333333333,0.8333333333333334,,5,0,0,,,,,0,,,,,0,0,0,,0
"Collection","/collections/elf-sex-doll-heads",6,6,0,0,0,0,54,,0,0,0,326,9,0.5,,3,6,6,0,0,0,0,54,,0,0,0,326,9,0.5,,3,0,0,,,,,0,,,,,0,0,0,,0
,"/en-ca/collections/foot-pocket-pussy",6,6,0,0,0,0,9,,0,0,0,5.166666666666667,1.5,0.5,,3,6,6,0,0,0,0,9,,0,0,0,5.166666666666667,1.5,0.5,,3,0,0,,,,,0,,,,,0,0,0,,0
"Blog Article","/blogs/dolls-info-qustions/zelex-sle-3-0-upgrade-all-new-features-same-great-price",6,6,0,0,0,0,29,,0,0,0,362.5,4.833333333333333,0.3333333333333333,,2,6,6,0,0,0,0,29,,0,0,0,362.5,4.833333333333333,0.3333333333333333,,2,0,0,,,,,0,,,,,0,0,0,,0
,"/de/collections/torso-shemale-sex-doll",6,6,0,0,0,0,17,,0,0,0,138.16666666666666,2.8333333333333335,0.3333333333333333,,2,6,6,0,0,0,0,17,,0,0,0,138.16666666666666,2.8333333333333335,0.3333333333333333,,2,0,0,,,,,0,,,,,0,0,0,,0
"Collection","/collections/japanese-milf-sex-doll",5,6,0,0,0,0,26,,0,0,0,180.33333333333334,4.333333333333333,0.3333333333333333,,2,5,6,0,0,0,0,26,,0,0,0,180.33333333333334,4.333333333333333,0.3333333333333333,,2,0,0,,,,,0,,,,,0,0,0,,0
"Blog Article","/blogs/real-sex-doll-reviews-pros-cons-real-usage-tests/top-8-big-ass-sex-doll-torsos-you-can-t-resist",6,6,0,0,0,0,13,,0,0,0,206.5,2.1666666666666665,0.3333333333333333,,2,6,6,0,0,0,0,13,,0,0,0,206.5,2.1666666666666665,0.3333333333333333,,2,0,0,,,,,0,,,,,0,0,0,,0
"Product","/products/h125-sex-doll-head",6,6,0,0,0,0,13,,0,0,0,44,2.1666666666666665,0.8333333333333334,,5,6,6,0,0,0,0,13,,0,0,0,44,2.1666666666666665,0.8333333333333334,,5,0,0,,,,,0,,,,,0,0,0,,0
"Product","/products/f9284-178cm-5ft10-63kg-p-cup-ros-silicone-pawg-sex-doll-doll-castle",4,6,0,0,0,0,41,,0,0,0,237.16666666666666,6.833333333333333,0.6666666666666666,,4,4,6,0,0,0,0,41,,0,0,0,237.16666666666666,6.833333333333333,0.6666666666666666,,4,0,0,,,,,0,,,,,0,0,0,,0
"Product","/products/f9187-big-tit-sex-doll-futa-trans-doll-castle",6,6,0,0,0,0,8,,0,0,0,26.333333333333332,1.3333333333333333,0.8333333333333334,,5,6,6,0,0,0,0,8,,0,0,0,26.333333333333332,1.3333333333333333,0.8333333333333334,,5,0,0,,,,,0,,,,,0,0,0,,0
"Collection","/collections/o-cup-sex-doll",5,6,0,0,0,0,8,,0,0,0,29.333333333333332,1.3333333333333333,0.6666666666666666,,4,5,6,0,0,0,0,8,,0,0,0,29.333333333333332,1.3333333333333333,0.6666666666666666,,4,0,0,,,,,0,,,,,0,0,0,,0
"Collection","/collections/best-sellers-in-pussy",5,6,1,0,0,0,16,,0.16666666666666666,0,0,214.5,2.6666666666666665,0.5,,3,5,6,1,0,0,0,16,,0.16666666666666666,0,0,214.5,2.6666666666666665,0.5,,3,0,0,0,,,,0,,0,,,0,0,0,,0
,"/ja/blogs/dolls-info-qustions/budget-under-200-check-out-these-7-cheap-mini-sex-dolls",4,5,0,0,0,0,34,,0,0,0,155,6.8,0.4,,2,4,5,0,0,0,0,34,,0,0,0,155,6.8,0.4,,2,0,0,,,,,0,,,,,0,0,0,,0
"Blog Article","/blogs/dolls-info-qustions/how-ultra-realistic-silicone-sex-dolls-are-made",5,5,0,0,0,0,25,,0,0,0,210.2,5,0.8,,4,5,5,0,0,0,0,25,,0,0,0,210.2,5,0.8,,4,0,0,,,,,0,,,,,0,0,0,,0
"Product","/products/562-fat-ass-torso-doll-silicone-ass",4,5,0,0,0,0,8,,0,0,0,229.4,1.6,0.8,,4,4,5,0,0,0,0,8,,0,0,0,229.4,1.6,0.8,,4,0,0,,,,,0,,,,,0,0,0,,0
"Blog Article","/blogs/dolls-info-qustions/how-to-use-a-milf-sex-doll",5,5,0,0,0,0,6,,0,0,0,7.6,1.2,0.8,,4,5,5,0,0,0,0,6,,0,0,0,7.6,1.2,0.8,,4,0,0,,,,,0,,,,,0,0,0,,0
"Collection","/collections/2000-sex-doll",5,5,0,0,0,0,7,,0,0,0,8.2,1.4,0.6,,3,5,5,0,0,0,0,7,,0,0,0,8.2,1.4,0.6,,3,0,0,,,,,0,,,,,0,0,0,,0
"Collection","/collections/ros-sex-doll",5,5,0,0,0,0,31,,0,0,0,257.6,6.2,0.4,,2,5,5,0,0,0,0,31,,0,0,0,257.6,6.2,0.4,,2,0,0,,,,,0,,,,,0,0,0,,0
"Blog Article","/blogs/featured-blog/say-goodbye-to-stickiness-and-deforming-the-ultimate-care-and-storage-guide-for-silicone-sex-dolls",4,5,0,0,0,0,11,,0,0,0,454.4,2.2,0.2,,1,4,5,0,0,0,0,11,,0,0,0,454.4,2.2,0.2,,1,0,0,,,,,0,,,,,0,0,0,,0
,"/en-fi/blogs/featured-blog/how-to-diy-an-sex-doll-you",5,5,0,0,0,0,6,,0,0,0,1,1.2,0.8,,4,5,5,0,0,0,0,6,,0,0,0,1,1.2,0.8,,4,0,0,,,,,0,,,,,0,0,0,,0
"Product","/products/f6129-170cm-5ft6-40kg-d-cup-s11-tpe-silicone-head-sex-doll-sy-doll",4,5,0,0,0,0,6,,0,0,0,13.8,1.2,0.8,,4,4,5,0,0,0,0,6,,0,0,0,13.8,1.2,0.8,,4,0,0,,,,,0,,,,,0,0,0,,0
"Blog Article","/blogs/dolls-info-qustions/is-a-fully-loose-skeleton-full-body-doll-worth-it",5,5,0,0,0,0,5,,0,0,0,0,1,1,,5,5,5,0,0,0,0,5,,0,0,0,0,1,1,,5,0,0,,,,,0,,,,,,0,0,,0
"Collection","/collections/huge-breasts-japanese-sex-doll",5,5,0,0,0,0,7,,0,0,0,8,1.4,0.6,,3,5,5,0,0,0,0,7,,0,0,0,8,1.4,0.6,,3,0,0,,,,,0,,,,,0,0,0,,0
"Collection","/collections/shedoll",5,5,0,0,0,0,43,,0,0,0,458.4,8.6,0.2,,1,5,5,0,0,0,0,43,,0,0,0,458.4,8.6,0.2,,1,0,0,,,,,0,,,,,0,0,0,,0
"Collection","/collections/ai-sex-dolls-list",5,5,0,0,0,0,14,,0,0,0,76.6,2.8,0.2,,1,5,5,0,0,0,0,14,,0,0,0,76.6,2.8,0.2,,1,0,0,,,,,0,,,,,0,0,0,,0
"Collection","/collections/big-ass-sex-dolls",5,5,0,0,0,0,7,,0,0,0,8,1.4,0.6,,3,5,5,0,0,0,0,7,,0,0,0,8,1.4,0.6,,3,0,0,,,,,0,,,,,0,0,0,,0
"Custom Page","/pages/ai-robot-function-videos",4,5,0,0,0,0,6,,0,0,0,34.4,1.2,0.8,,4,4,5,0,0,0,0,6,,0,0,0,34.4,1.2,0.8,,4,0,0,,,,,0,,,,,0,0,0,,0
"Product","/products/f7890-13-4kg-silicone-cute-furry-sex-doll-pamick-mrl",3,5,0,0,0,0,7,,0,0,0,8.2,1.4,0.6,,3,3,5,0,0,0,0,7,,0,0,0,8.2,1.4,0.6,,3,0,0,,,,,0,,,,,0,0,0,,0
"Product","/products/l64838lbs-42-silicone-legs-realistic-skin-feel",5,5,0,0,0,0,9,,0,0,0,166,1.8,0.8,,4,5,5,0,0,0,0,9,,0,0,0,166,1.8,0.8,,4,0,0,,,,,0,,,,,0,0,0,,0
"Product","/products/p381-meru-the-succubus-hentai-figurine-pussy-mrl-sex-doll",5,5,0,0,0,0,6,,0,0,0,73.6,1.2,0.8,,4,5,5,0,0,0,0,6,,0,0,0,73.6,1.2,0.8,,4,0,0,,,,,0,,,,,0,0,0,,0
"Blog Article","/blogs/dolls-info-qustions/best-vibrating-sex-torso-types-who-it-suits",5,5,0,0,0,0,10,,0,0,0,144.8,2,0.4,,2,5,5,0,0,0,0,10,,0,0,0,144.8,2,0.4,,2,0,0,,,,,0,,,,,0,0,0,,0
,"/en-ca/collections/male-sex-doll",4,5,0,0,0,0,16,,0,0,0,214.8,3.2,0.2,,1,4,5,0,0,0,0,16,,0,0,0,214.8,3.2,0.2,,1,0,0,,,,,0,,,,,0,0,0,,0
"Collection","/collections/latina-sex-doll-heads",5,5,1,0,0,0,20,,0.2,0,0,280.8,4,0.2,,1,5,5,1,0,0,0,20,,0.2,0,0,280.8,4,0.2,,1,0,0,0,,,,0,,0,,,0,0,0,,0
"Checkout","/orders/29da167ff356a8ed64f0e00ee9c32fc6",1,5,0,0,0,0,31,,0,0,0,317.6,6.2,0.2,,1,1,5,0,0,0,0,31,,0,0,0,317.6,6.2,0.2,,1,0,0,,,,,0,,,,,0,0,0,,0
"Blog Article","/blogs/sex-doll-option-videos/video-12-auto-blowjob",5,5,0,0,0,0,5,,0,0,0,0,1,1,,5,5,5,0,0,0,0,5,,0,0,0,0,1,1,,5,0,0,,,,,0,,,,,,0,0,,0
,"/en-ca/blogs/dolls-info-qustions/top-cydoll-auto-blowjob-function-game-changing-feature-now-live",3,5,0,0,0,0,43,,0,0,0,683.8,8.6,0.6,,3,3,5,0,0,0,0,43,,0,0,0,683.8,8.6,0.6,,3,0,0,,,,,0,,,,,0,0,0,,0
,"/ja/collections/sex-doll-factory-pictures",2,5,0,0,0,0,5,,0,0,0,0,1,1,,5,2,5,0,0,0,0,5,,0,0,0,0,1,1,,5,0,0,,,,,0,,,,,,0,0,,0
"Product","/products/f4092k-153cm-45kg-q-cup-full-silicone-ssbbw-biggest-sex-doll-bbw-in-stock-castle-doll",4,5,1,0,0,0,8,,0.2,0,0,211.6,1.6,0.6,,3,4,5,1,0,0,0,8,,0.2,0,0,211.6,1.6,0.6,,3,0,0,0,,,,0,,0,,,0,0,0,,0
,"/ja/blogs/dolls-info-qustions/gentlemans-paradise-exploring-nsfw-anime-figures-and-sex-dolls",5,5,0,0,0,0,6,,0,0,0,7.2,1.2,0.8,,4,5,5,0,0,0,0,6,,0,0,0,7.2,1.2,0.8,,4,0,0,,,,,0,,,,,0,0,0,,0
"Product","/products/p382-2-4lb-dragon-head-silicone-hentai-sex-doll-torso-toy-male-masturbator-mrl",5,5,0,0,0,0,22,,0,0,0,148.8,4.4,0.8,,4,5,5,0,0,0,0,22,,0,0,0,148.8,4.4,0.8,,4,0,0,,,,,0,,,,,0,0,0,,0
,"/ja/blogs/dolls-info-qustions/4-things-tell-you-how-to-use-a-lesbian-sex-doll",5,5,0,0,0,0,5,,0,0,0,0,1,1,,5,5,5,0,0,0,0,5,,0,0,0,0,1,1,,5,0,0,,,,,0,,,,,,0,0,,0
"Collection","/collections/judy-rona-doll",5,5,0,0,0,0,21,,0,0,0,167.2,4.2,0.4,,2,5,5,0,0,0,0,21,,0,0,0,167.2,4.2,0.4,,2,0,0,,,,,0,,,,,0,0,0,,0
"Collection","/collections/doggy-dildo-doll-guide-dog-knot-dildos-1",5,5,0,0,0,0,5,,0,0,0,0,1,1,,5,5,5,0,0,0,0,5,,0,0,0,0,1,1,,5,0,0,,,,,0,,,,,,0,0,,0
"Product","/products/f5968-158cm-5ft2-c-cup-realistic-black-skin-silicone-head-sex-doll-rosretty-doll",4,5,0,0,0,0,7,,0,0,0,19.8,1.4,0.6,,3,4,5,0,0,0,0,7,,0,0,0,19.8,1.4,0.6,,3,0,0,,,,,0,,,,,0,0,0,,0
"Product","/products/p72-8-82lb-6-5-5-5inch-dildo-diphallia-futanari-double-penis-sex-doll-torso-mrl",3,5,0,0,0,0,6,,0,0,0,0.8,1.2,0.8,,4,3,5,0,0,0,0,6,,0,0,0,0.8,1.2,0.8,,4,0,0,,,,,0,,,,,0,0,0,,0
"Collection","/collections/big-ass-sex-doll-mini-torso",5,5,0,0,0,0,5,,0,0,0,0,1,1,,5,5,5,0,0,0,0,5,,0,0,0,0,1,1,,5,0,0,,,,,0,,,,,,0,0,,0
"Product","/products/f7634-164cm-5ft4-36kg-g-cup-silicone-asian-sex-doll-firefly-diary",2,5,0,0,0,0,5,,0,0,0,0,1,1,,5,2,5,0,0,0,0,5,,0,0,0,0,1,1,,5,0,0,,,,,0,,,,,,0,0,,0
"Collection","/collections/sigafun-doll-factory-photos",5,5,0,0,0,0,14,,0,0,0,408.2,2.8,0,,0,5,5,0,0,0,0,14,,0,0,0,408.2,2.8,0,,0,0,0,,,,,0,,,,,0,0,,,
"Custom Page","/pages/video9-irontech",3,5,0,0,0,0,63,,0,0,0,1031.6,12.6,0.4,,2,3,5,0,0,0,0,63,,0,0,0,1031.6,12.6,0.4,,2,0,0,,,,,0,,,,,0,0,0,,0
"Product","/products/l42548-5lb-117cm-silicone-leg-and-foot-worship-model-for-femdom-and-trampling-roleplay",1,5,0,0,0,0,36,,0,0,0,504,7.2,0,,0,1,5,0,0,0,0,36,,0,0,0,504,7.2,0,,0,0,0,,,,,0,,,,,0,0,,,
"Collection","/collections/breast-toy",5,5,0,0,0,0,15,,0,0,0,156,3,0.4,,2,5,5,0,0,0,0,15,,0,0,0,156,3,0.4,,2,0,0,,,,,0,,,,,0,0,0,,0
"Product","/products/t588v-torso-tpe-16lb-sucking-vibration-auto-clean",4,5,0,0,0,0,12,,0,0,0,84.6,2.4,0.8,,4,4,5,0,0,0,0,12,,0,0,0,84.6,2.4,0.8,,4,0,0,,,,,0,,,,,0,0,0,,0
"Blog Index","/blogs/real-sex-doll-reviews-pros-cons-real-usage-tests",2,5,0,0,0,0,39,,0,0,0,598.4,7.8,0.2,,1,2,5,0,0,0,0,39,,0,0,0,598.4,7.8,0.2,,1,0,0,,,,,0,,,,,0,0,0,,0
"Collection","/collections/effeminate-femboy-sex-doll",5,5,0,0,0,0,7,,0,0,0,7.6,1.4,0.8,,4,5,5,0,0,0,0,7,,0,0,0,7.6,1.4,0.8,,4,0,0,,,,,0,,,,,0,0,0,,0
"Collection","/collections/big-ass-sex-doll-head-torso",5,5,0,0,0,0,22,,0,0,0,204.8,4.4,0.4,,2,5,5,0,0,0,0,22,,0,0,0,204.8,4.4,0.4,,2,0,0,,,,,0,,,,,0,0,0,,0
"Product","/products/p88-24-3lb-sex-dolls-torso-mrl",5,5,0,0,0,0,20,,0,0,0,243.8,4,0.6,,3,5,5,0,0,0,0,20,,0,0,0,243.8,4,0.6,,3,0,0,,,,,0,,,,,0,0,0,,0
,"/de/collections/fake-pussy-hentai-sex-doll",5,5,1,1,0,0,17,0,0.2,0.2,0,84.2,3.4,0.6,0,3,5,5,1,1,0,0,17,0,0.2,0.2,0,84.2,3.4,0.6,0,3,0,0,0,0,,,0,,0,0,,0,0,0,,0
"Collection","/collections/mlw-doll",5,5,0,0,0,0,11,,0,0,0,48.6,2.2,0.8,,4,5,5,0,0,0,0,11,,0,0,0,48.6,2.2,0.8,,4,0,0,,,,,0,,,,,0,0,0,,0
"Product","/products/t664-15-43lbs-tpr-9-4in-dildo-detachable-real-male-ai-sex-doll-torso-xinse",3,5,0,0,0,0,35,,0,0,0,941.8,7,0.4,,2,3,5,0,0,0,0,35,,0,0,0,941.8,7,0.4,,2,0,0,,,,,0,,,,,0,0,0,,0
,"/de/collections/bbw-milf-sex-doll",5,5,0,0,0,0,39,,0,0,0,337,7.8,0,,0,5,5,0,0,0,0,39,,0,0,0,337,7.8,0,,0,0,0,,,,,0,,,,,0,0,,,
"Collection","/collections/anime-sex-doll-heads",5,5,1,0,0,0,23,,0.2,0,0,248,4.6,0.2,,1,5,5,1,0,0,0,23,,0.2,0,0,248,4.6,0.2,,1,0,0,0,,,,0,,0,,,0,0,0,,0
,"/en-fi/collections/anime-sex-doll",5,5,0,0,0,0,13,,0,0,0,46.4,2.6,0.6,,3,5,5,0,0,0,0,13,,0,0,0,46.4,2.6,0.6,,3,0,0,,,,,0,,,,,0,0,0,,0
,"/en-ca/search",5,5,0,0,0,0,59,,0,0,0,411.8,11.8,0,,0,5,5,0,0,0,0,59,,0,0,0,411.8,11.8,0,,0,0,0,,,,,0,,,,,0,0,,,
"Collection","/collections/full-femboy-sex-doll",5,5,0,0,0,0,35,,0,0,0,184,7,0.4,,2,5,5,0,0,0,0,35,,0,0,0,184,7,0.4,,2,0,0,,,,,0,,,,,0,0,0,,0
"Collection","/collections/irokebijin-doll",5,5,0,0,0,0,8,,0,0,0,63.2,1.6,0.6,,3,5,5,0,0,0,0,8,,0,0,0,63.2,1.6,0.6,,3,0,0,,,,,0,,,,,0,0,0,,0
"Product","/collections/sex-doll-torso/products/test-501-25-3lb-45cm-life-sized-and-realistic-bbw-sex-doll-torso",5,5,0,0,0,0,5,,0,0,0,0,1,1,,5,5,5,0,0,0,0,5,,0,0,0,0,1,1,,5,0,0,,,,,0,,,,,,0,0,,0
"Product","/products/t522",5,5,0,0,0,0,6,,0,0,0,64.8,1.2,0.8,,4,5,5,0,0,0,0,6,,0,0,0,64.8,1.2,0.8,,4,0,0,,,,,0,,,,,0,0,0,,0
"Product","/products/f9368-168cm-2-2cf-ros-asian-cosplay-silicone-celebrity-lifesize-sex-doll-aitia-doll",4,5,0,0,0,0,6,,0,0,0,9.4,1.2,0.8,,4,4,5,0,0,0,0,6,,0,0,0,9.4,1.2,0.8,,4,0,0,,,,,0,,,,,0,0,0,,0
,"/de/collections/erovenus-sex-doll",5,5,0,0,0,0,6,,0,0,0,12.4,1.2,0.8,,4,5,5,0,0,0,0,6,,0,0,0,12.4,1.2,0.8,,4,0,0,,,,,0,,,,,0,0,0,,0
"Collection","/collections/european-sex-dolls",5,5,0,0,0,0,9,,0,0,0,46.6,1.8,0.6,,3,5,5,0,0,0,0,9,,0,0,0,46.6,1.8,0.6,,3,0,0,,,,,0,,,,,0,0,0,,0
"Product","/products/ironai-ros-silicone-blowjob-head-h903",5,5,0,0,0,0,15,,0,0,0,199.6,3,0.4,,2,5,5,0,0,0,0,15,,0,0,0,199.6,3,0.4,,2,0,0,,,,,0,,,,,0,0,0,,0
"Product","/products/f1977k-170cm-5-6ft-43kg-d-cup-joline-life-size-silicone-sex-doll-real-lady",5,5,2,0,0,0,75,,0.4,0,0,854.2,15,0.6,,3,5,5,2,0,0,0,75,,0.4,0,0,854.2,15,0.6,,3,0,0,0,,,,0,,0,,,0,0,0,,0
"Collection","/collections/firefly-diary",5,5,0,0,0,0,20,,0,0,0,136,4,0.2,,1,5,5,0,0,0,0,20,,0,0,0,136,4,0.2,,1,0,0,,,,,0,,,,,0,0,0,,0
"Product","/collections/sex-doll-torso/products/562-fat-ass-torso-doll-silicone-ass",4,5,0,0,0,0,26,,0,0,0,120,5.2,0,,0,4,5,0,0,0,0,26,,0,0,0,120,5.2,0,,0,0,0,,,,,0,,,,,0,0,,,
"Checkout","/orders/42b621fb1c17351a7dcfda5341ebbaad",2,5,0,0,0,0,5,,0,0,0,0,1,1,,5,2,5,0,0,0,0,5,,0,0,0,0,1,1,,5,0,0,,,,,0,,,,,,0,0,,0
"Collection","/collections/tayuta",5,5,0,0,0,0,15,,0,0,0,48.8,3,0.8,,4,5,5,0,0,0,0,15,,0,0,0,48.8,3,0.8,,4,0,0,,,,,0,,,,,0,0,0,,0
"Product","/products/t292-70-55-lbs-chloe-ros-life-size-silicone-sex-doll-torso-with-head-in-stock-usa-europe-max-series",1,5,0,0,0,0,5,,0,0,0,0,1,1,,5,1,5,0,0,0,0,5,,0,0,0,0,1,1,,5,0,0,,,,,0,,,,,,0,0,,0
,"/ja/collections/young-male-sex-doll",4,5,0,0,0,0,12,,0,0,0,408.6,2.4,0.4,,2,4,5,0,0,0,0,12,,0,0,0,408.6,2.4,0.4,,2,0,0,,,,,0,,,,,0,0,0,,0
"Collection","/collections/yeloly",4,5,0,0,0,0,9,,0,0,0,226,1.8,0.6,,3,4,5,0,0,0,0,9,,0,0,0,226,1.8,0.6,,3,0,0,,,,,0,,,,,0,0,0,,0
"Product","/products/t3",5,5,1,1,0,0,9,0,0.2,0.2,0,111.4,1.8,0.4,0,2,5,5,1,1,0,0,9,0,0.2,0.2,0,111.4,1.8,0.4,0,2,0,0,0,0,,,0,,0,0,,0,0,0,,0
"Collection","/collections/newest-sex-doll",5,5,0,0,0,0,7,,0,0,0,10.2,1.4,0.8,,4,5,5,0,0,0,0,7,,0,0,0,10.2,1.4,0.8,,4,0,0,,,,,0,,,,,0,0,0,,0
,"/en-ca/collections/life-size-shemale-sex-doll",5,5,0,0,0,0,26,,0,0,0,1004.8,5.2,0.4,,2,5,5,0,0,0,0,26,,0,0,0,1004.8,5.2,0.4,,2,0,0,,,,,0,,,,,0,0,0,,0
"Product","/products/a309-19lb-soft-silicone-realistic-big-ass-sex-dolls-torso",3,5,0,0,0,0,23,,0,0,0,202.8,4.6,0.4,,2,3,5,0,0,0,0,23,,0,0,0,202.8,4.6,0.4,,2,0,0,,,,,0,,,,,0,0,0,,0
"Blog Article","/blogs/recent-brand-updates-new-arrivals-for-sex-dolls/sy-doll-redefining-oral-interaction-for-robotic-sex-dolls",4,4,0,0,0,0,4,,0,0,0,0,1,1,,4,4,4,0,0,0,0,4,,0,0,0,0,1,1,,4,0,0,,,,,0,,,,,,0,0,,0
,"/de/collections/silicone-pocket-pussy",4,4,0,0,0,0,4,,0,0,0,0,1,1,,4,4,4,0,0,0,0,4,,0,0,0,0,1,1,,4,0,0,,,,,0,,,,,,0,0,,0
"Blog Article","/blogs/dolls-info-qustions/sex-experts-recommend-top-ten-sex-pillows-to-enhance-your-bbw-sex-doll-experience",4,4,0,0,0,0,6,,0,0,0,70.25,1.5,0.75,,3,4,4,0,0,0,0,6,,0,0,0,70.25,1.5,0.75,,3,0,0,,,,,0,,,,,0,0,0,,0
,"/de/collections/big-booty-sex-dolls",4,4,0,0,0,0,15,,0,0,0,486,3.75,0.5,,2,4,4,0,0,0,0,15,,0,0,0,486,3.75,0.5,,2,0,0,,,,,0,,,,,0,0,0,,0
"Product","/products/a323-big-ass-torso-liquid-silicone-32lb-chubby-belly-ass",4,4,0,0,0,0,4,,0,0,0,0,1,1,,4,4,4,0,0,0,0,4,,0,0,0,0,1,1,,4,0,0,,,,,0,,,,,,0,0,,0
,"/de/blogs/sex-doll-torso-blog/top-7-sex-poses-with-your-torso-sex-doll",4,4,0,0,0,0,4,,0,0,0,0,1,1,,4,4,4,0,0,0,0,4,,0,0,0,0,1,1,,4,0,0,,,,,0,,,,,,0,0,,0
"Product","/products/f4246-150cm4-9ft-25kg-a-cup-anime-tpe-hentai-sex-doll%E4%B8%A8wm-doll",1,4,0,0,0,0,4,,0,0,0,0,1,1,,4,1,4,0,0,0,0,4,,0,0,0,0,1,1,,4,0,0,,,,,0,,,,,,0,0,,0
"Blog Article","/blogs/dolls-info-qustions/budget-under-200-check-out-these-7-cheap-mini-sex-dolls",4,4,0,0,0,0,4,,0,0,0,0,1,1,,4,4,4,0,0,0,0,4,,0,0,0,0,1,1,,4,0,0,,,,,0,,,,,,0,0,,0
,"/ja/blogs/dolls-info-qustions/whats-the-deal-with-moaning-sex-robots-anyway",4,4,0,0,0,0,5,,0,0,0,6,1.25,0.75,,3,4,4,0,0,0,0,5,,0,0,0,6,1.25,0.75,,3,0,0,,,,,0,,,,,0,0,0,,0
"Collection","/collections/galaxy",4,4,0,0,0,0,5,,0,0,0,1.75,1.25,0.75,,3,4,4,0,0,0,0,5,,0,0,0,1.75,1.25,0.75,,3,0,0,,,,,0,,,,,0,0,0,,0
"Blog Article","/blogs/dolls-info-qustions/2025-hot-selling-japanese-sex-dolls-popular-products-and-their-unique-charm-unveiled",4,4,0,0,0,0,5,,0,0,0,0,1.25,0.75,,3,4,4,0,0,0,0,5,,0,0,0,0,1.25,0.75,,3,0,0,,,,,0,,,,,,0,0,,0
"Blog Article","/blogs/dolls-info-qustions/2025-most-popular-anime-sex-dolls-new-releases",4,4,0,0,0,0,7,,0,0,0,20.75,1.75,0.75,,3,4,4,0,0,0,0,7,,0,0,0,20.75,1.75,0.75,,3,0,0,,,,,0,,,,,0,0,0,,0
"Product","/products/f6123-150cm-4ft9-29kg-a-cup-flat-chested-silicone-sex-doll-sy-doll",4,4,0,0,0,0,9,,0,0,0,58,2.25,0.5,,2,4,4,0,0,0,0,9,,0,0,0,58,2.25,0.5,,2,0,0,,,,,0,,,,,0,0,0,,0
"Product","/products/f2458-164cm5-4ft-39kg-g-cup-ada-life-size-silicone-head-sex-doll-in-stock-us-sigafun-doll",1,4,0,0,0,0,4,,0,0,0,0,1,1,,4,1,4,0,0,0,0,4,,0,0,0,0,1,1,,4,0,0,,,,,0,,,,,,0,0,,0
,"/de/collections/sex-doll-in-25kg-30kg57-66lbs",4,4,0,0,0,0,18,,0,0,0,144.75,4.5,0,,0,4,4,0,0,0,0,18,,0,0,0,144.75,4.5,0,,0,0,0,,,,,0,,,,,0,0,,,
,"/en-ca/collections/lusandy-doll-in-stock-usa",4,4,0,0,0,0,4,,0,0,0,0,1,1,,4,4,4,0,0,0,0,4,,0,0,0,0,1,1,,4,0,0,,,,,0,,,,,,0,0,,0
,"/en-ca/collections/fake-pussy-hentai-sex-doll",4,4,0,0,0,0,7,,0,0,0,13.5,1.75,0.75,,3,4,4,0,0,0,0,7,,0,0,0,13.5,1.75,0.75,,3,0,0,,,,,0,,,,,0,0,0,,0
"Custom Page","/pages/ai-sex-doll-function",4,4,0,0,0,0,14,,0,0,0,204.25,3.5,0.75,,3,4,4,0,0,0,0,14,,0,0,0,204.25,3.5,0.75,,3,0,0,,,,,0,,,,,0,0,0,,0
"Blog Article","/blogs/dolls-info-qustions/test-3",4,4,0,0,0,0,4,,0,0,0,0,1,1,,4,4,4,0,0,0,0,4,,0,0,0,0,1,1,,4,0,0,,,,,0,,,,,,0,0,,0
,"/de/blogs/dolls-info-qustions/what-are-the-sex-positions-with-my-arab-sex-doll",4,4,0,0,0,0,5,,0,0,0,3.5,1.25,0.75,,3,4,4,0,0,0,0,5,,0,0,0,3.5,1.25,0.75,,3,0,0,,,,,0,,,,,0,0,0,,0
"Blog Article","/blogs/dolls-info-qustions/13-sex-doll-storage-practical-tips-youll-definitely-use",4,4,0,0,0,0,4,,0,0,0,0,1,1,,4,4,4,0,0,0,0,4,,0,0,0,0,1,1,,4,0,0,,,,,0,,,,,,0,0,,0
"Product","/products/t683-24lbsexy-and-real-realistic-ass-sex-doll-torso",4,4,0,0,0,0,5,,0,0,0,26.5,1.25,0.75,,3,4,4,0,0,0,0,5,,0,0,0,26.5,1.25,0.75,,3,0,0,,,,,0,,,,,0,0,0,,0
"Blog Article","/blogs/dolls-info-qustions/2025-how-to-perform-oral-sex-with-a-real-sex-doll",4,4,0,0,0,0,18,,0,0,0,441.25,4.5,0.75,,3,4,4,0,0,0,0,18,,0,0,0,441.25,4.5,0.75,,3,0,0,,,,,0,,,,,0,0,0,,0
"Collection","/collections/in-stock-sex-doll-heads",3,4,1,1,0,0,10,0,0.25,0.25,0,28.75,2.5,0.75,0,3,3,4,1,1,0,0,10,0,0.25,0.25,0,28.75,2.5,0.75,0,3,0,0,0,0,,,0,,0,0,,0,0,0,,0
"Collection","/collections/teardrop-huge-breast-sex-doll",4,4,0,0,0,0,7,,0,0,0,64.75,1.75,0.5,,2,4,4,0,0,0,0,7,,0,0,0,64.75,1.75,0.5,,2,0,0,,,,,0,,,,,0,0,0,,0
"Collection","/collections/sex-doll-best-seller",4,4,0,0,0,0,7,,0,0,0,52.75,1.75,0.5,,2,4,4,0,0,0,0,7,,0,0,0,52.75,1.75,0.5,,2,0,0,,,,,0,,,,,0,0,0,,0
,"/de/collections/mrl-doll",4,4,0,0,0,0,7,,0,0,0,29.25,1.75,0.5,,2,4,4,0,0,0,0,7,,0,0,0,29.25,1.75,0.5,,2,0,0,,,,,0,,,,,0,0,0,,0
"Product","/products/b44-torso-realistic-breast-masturbator-silicone-sex-dolls-notye",3,4,0,0,0,0,6,,0,0,0,2.25,1.5,0.75,,3,3,4,0,0,0,0,6,,0,0,0,2.25,1.5,0.75,,3,0,0,,,,,0,,,,,0,0,0,,0
"Collection","/collections/funwest-doll-factory-photos",4,4,0,0,0,0,26,,0,0,0,182.25,6.5,0.25,,1,4,4,0,0,0,0,26,,0,0,0,182.25,6.5,0.25,,1,0,0,,,,,0,,,,,0,0,0,,0
"Collection","/collections/sigafun",4,4,0,0,0,0,4,,0,0,0,0.5,1,1,,4,4,4,0,0,0,0,4,,0,0,0,0.5,1,1,,4,0,0,,,,,0,,,,,0,0,0,,0
"Product","/products/a723-28-7lb-silicone-big-ass-real-realistic-sexy-sex-doll-torso-butt",1,4,0,0,0,0,55,,0,0,0,1375.5,13.75,0,,0,1,4,0,0,0,0,55,,0,0,0,1375.5,13.75,0,,0,0,0,,,,,0,,,,,0,0,,,
"Product","/products/f6209-172cm-5-6ft-37-5kg-a-cup-realistic-flat-chest-sex-doll-top-cydoll",4,4,0,0,0,0,6,,0,0,0,54.5,1.5,0.5,,2,4,4,0,0,0,0,6,,0,0,0,54.5,1.5,0.5,,2,0,0,,,,,0,,,,,0,0,0,,0
"Blog Article","/blogs/dolls-info-qustions/2025-top-5-big-booty-sex-doll-torsos-that-will-rock-your-world",4,4,0,0,0,0,16,,0,0,0,625,4,0.25,,1,4,4,0,0,0,0,16,,0,0,0,625,4,0.25,,1,0,0,,,,,0,,,,,0,0,0,,0
,"/ja",4,4,0,0,0,0,5,,0,0,0,4,1.25,0.75,,3,4,4,0,0,0,0,5,,0,0,0,4,1.25,0.75,,3,0,0,,,,,0,,,,,0,0,0,,0
"Product","/products/t337-103cm-3ft5-j-cup-natural-sophia-lane-a-silicone-sex-doll-torso-with-head-se-doll",3,4,0,0,0,0,5,,0,0,0,84.5,1.25,0.75,,3,3,4,0,0,0,0,5,,0,0,0,84.5,1.25,0.75,,3,0,0,,,,,0,,,,,0,0,0,,0
"Product","/products/f1871-anime-cosplay-tpe-sex-doll-fun-west-doll",2,4,0,0,0,0,10,,0,0,0,33.75,2.5,0.5,,2,2,4,0,0,0,0,10,,0,0,0,33.75,2.5,0.5,,2,0,0,,,,,0,,,,,0,0,0,,0
"Product","/products/b38-17-1lb-suntan-silicone-sex-doll-titfuck-torso",2,4,1,1,0,0,20,0,0.25,0.25,0,114.75,5,0.75,0,3,2,4,1,1,0,0,20,0,0.25,0.25,0,114.75,5,0.75,0,3,0,0,0,0,,,0,,0,0,,0,0,0,,0
"Product","/products/f1224-160cm-46kg-i-cup-hedy-thick-ass-silicone-sex-doll-usa",3,4,0,0,0,0,7,,0,0,0,28.25,1.75,0.5,,2,3,4,0,0,0,0,7,,0,0,0,28.25,1.75,0.5,,2,0,0,,,,,0,,,,,0,0,0,,0
,"/de/collections/lifesize-male-sex-doll-torso",4,4,0,0,0,0,8,,0,0,0,32.25,2,0.5,,2,4,4,0,0,0,0,8,,0,0,0,32.25,2,0.5,,2,0,0,,,,,0,,,,,0,0,0,,0
"Blog Article","/blogs/dolls-info-qustions/the-best-futa-sex-dolls-to-buy-in-2025-brand-guide-buying-tips",4,4,0,0,0,0,14,,0,0,0,166.25,3.5,0.25,,1,4,4,0,0,0,0,14,,0,0,0,166.25,3.5,0.25,,1,0,0,,,,,0,,,,,0,0,0,,0
"Collection","/collections/big-ass-sex-doll-500-999",4,4,0,0,0,0,24,,0,0,0,152.5,6,0.25,,1,4,4,0,0,0,0,24,,0,0,0,152.5,6,0.25,,1,0,0,,,,,0,,,,,0,0,0,,0
"Blog Article","/blogs/dolls-info-qustions/how-to-deal-with-stuck-joints-in-sex-dolls-professional-repair-and-maintenance-guide",4,4,0,0,0,0,4,,0,0,0,0,1,1,,4,4,4,0,0,0,0,4,,0,0,0,0,1,1,,4,0,0,,,,,0,,,,,,0,0,,0
"Collection","/collections/sex-doll-with-electric-hip-and-waist",2,4,0,0,0,0,20,,0,0,0,231.5,5,0,,0,2,4,0,0,0,0,20,,0,0,0,231.5,5,0,,0,0,0,,,,,0,,,,,0,0,,,
"Product","/products/t408-fat-sex-dolls-121cm-long-legs-bbw-torso",2,4,0,0,0,0,5,,0,0,0,157.25,1.25,0.75,,3,2,4,0,0,0,0,5,,0,0,0,157.25,1.25,0.75,,3,0,0,,,,,0,,,,,0,0,0,,0
"Blog Article","/blogs/dolls-info-qustions/sex-doll-storage-furniture-discreet-safe-and-space-saving-solutions",4,4,0,0,0,0,4,,0,0,0,0,1,1,,4,4,4,0,0,0,0,4,,0,0,0,0,1,1,,4,0,0,,,,,0,,,,,,0,0,,0
"Blog Article","/blogs/dolls-info-qustions/sedolls-latest-oral-suction-amp-heating-functions-are-here",4,4,0,0,0,0,10,,0,0,0,529.5,2.5,0.75,,3,4,4,0,0,0,0,10,,0,0,0,529.5,2.5,0.75,,3,0,0,,,,,0,,,,,0,0,0,,0
"Product","/products/a519-28-4lb-doggy-style-sex-doll-bottom-realistic-3d-ass-sex-doll",4,4,1,0,0,0,23,,0.25,0,0,290.25,5.75,0.5,,2,4,4,1,0,0,0,23,,0.25,0,0,290.25,5.75,0.5,,2,0,0,0,,,,0,,0,,,0,0,0,,0
,"/en-ca/blogs/sex-doll-option-videos/video-12-auto-blowjob",3,4,0,0,0,0,8,,0,0,0,237.25,2,0.75,,3,3,4,0,0,0,0,8,,0,0,0,237.25,2,0.75,,3,0,0,,,,,0,,,,,0,0,0,,0
"Product","/products/f1447-153cm5ft-34kg-h-cup-petite-fantasy-anime-tpe-sex-doll-in-stock-usa-aibei-doll",4,4,1,0,0,0,6,,0.25,0,0,18.25,1.5,0.75,,3,4,4,1,0,0,0,6,,0.25,0,0,18.25,1.5,0.75,,3,0,0,0,,,,0,,0,,,0,0,0,,0
"Collection","/collections/rui-mei",4,4,0,0,0,0,4,,0,0,0,0.75,1,1,,4,4,4,0,0,0,0,4,,0,0,0,0.75,1,1,,4,0,0,,,,,0,,,,,0,0,0,,0
"Product","/products/irontech-big-ass-silicone-doll-165cm-g-cup-f740",1,4,2,0,0,0,16,,0.5,0,0,1149,4,0.25,,1,1,4,2,0,0,0,16,,0.5,0,0,1149,4,0.25,,1,0,0,0,,,,0,,0,,,0,0,0,,0
"Product","/products/f1246-164cm-f-cup-luna-big-boobs-silicone-sex-doll-in-stock-usa-irontech-doll",4,4,0,0,0,0,4,,0,0,0,0,1,1,,4,4,4,0,0,0,0,4,,0,0,0,0,1,1,,4,0,0,,,,,0,,,,,,0,0,,0
,"/en-fi/blogs/dolls-info-qustions/how-to-properly-use-chinese-sex-dolls-a-comprehensive-guide",4,4,0,0,0,0,6,,0,0,0,70.5,1.5,0.75,,3,4,4,0,0,0,0,6,,0,0,0,70.5,1.5,0.75,,3,0,0,,,,,0,,,,,0,0,0,,0
"App Generated","/apps/order-tracking",4,4,0,0,0,0,4,,0,0,0,0,1,1,,4,4,4,0,0,0,0,4,,0,0,0,0,1,1,,4,0,0,,,,,0,,,,,,0,0,,0
"Collection","/collections/piper-doll",4,4,0,0,0,0,4,,0,0,0,0,1,1,,4,4,4,0,0,0,0,4,,0,0,0,0,1,1,,4,0,0,,,,,0,,,,,,0,0,,0
"Product","/products/f7595-163cm5-3ft-f-cup-great-huge-butt-tpe-ai-big-ass-bbw-chubby-sex-doll-for-men-in-stock-usa-%E4%B8%A8sy-doll",4,4,0,0,0,0,7,,0,0,0,76.5,1.75,0.5,,2,4,4,0,0,0,0,7,,0,0,0,76.5,1.75,0.5,,2,0,0,,,,,0,,,,,0,0,0,,0
,"/en-ca/products/f2231-166cm5-4ft-c-cup-s7-movable-jaw-head-halloween-sex-doll%E4%B8%A8sy-doll",4,4,0,0,0,0,5,,0,0,0,43,1.25,0.75,,3,4,4,0,0,0,0,5,,0,0,0,43,1.25,0.75,,3,0,0,,,,,0,,,,,0,0,0,,0
,"/de/collections/electric-pocket-pussy",4,4,1,1,1,0.25,15,1,0.25,0.25,1,252,3.75,0,1,0,4,4,1,1,1,0.25,15,1,0.25,0.25,1,252,3.75,0,1,0,0,0,0,0,0,0,0,0,0,0,0,0,0,,0,
"Blog Article","/blogs/real-sex-doll-reviews-pros-cons-real-usage-tests/shedoll-sex-doll-real-review-hands-on-experience",4,4,0,0,0,0,4,,0,0,0,0,1,1,,4,4,4,0,0,0,0,4,,0,0,0,0,1,1,,4,0,0,,,,,0,,,,,,0,0,,0
"Blog Article","/blogs/sex-doll-option-videos/video01-gel-breasts",3,4,0,0,0,0,9,,0,0,0,383.25,2.25,0.25,,1,3,4,0,0,0,0,9,,0,0,0,383.25,2.25,0.25,,1,0,0,,,,,0,,,,,0,0,0,,0
,"/en-ca/products/a664-37-5lb-silicone-butt-sexy-and-real-realistic-big-ass-sex-doll-torso",4,4,0,0,0,0,4,,0,0,0,0,1,1,,4,4,4,0,0,0,0,4,,0,0,0,0,1,1,,4,0,0,,,,,0,,,,,,0,0,,0
"Collection","/collections/asia-sex-doll-heads",4,4,0,0,0,0,12,,0,0,0,34.25,3,0.25,,1,4,4,0,0,0,0,12,,0,0,0,34.25,3,0.25,,1,0,0,,,,,0,,,,,0,0,0,,0
,"/en-ca/cart",2,4,2,1,0,0,42,0,0.5,0.25,0,1005.75,10.5,0.5,0,2,2,4,2,1,0,0,42,0,0.5,0.25,0,1005.75,10.5,0.5,0,2,0,0,0,0,,,0,,0,0,,0,0,0,,0
"Product","/products/f1439-160cm5f3-39kg-f-cup-chubby-alien-blue-tpe-sex-doll-aibei-doll",1,4,0,0,0,0,4,,0,0,0,0,1,1,,4,1,4,0,0,0,0,4,,0,0,0,0,1,1,,4,0,0,,,,,0,,,,,,0,0,,0
"Blog Article","/blogs/dolls-info-qustions/must-read-for-trans-men-sleeves-vs-electric-pocket-pussy-which-one-is-right-for-you",4,4,0,0,0,0,4,,0,0,0,0,1,1,,4,4,4,0,0,0,0,4,,0,0,0,0,1,1,,4,0,0,,,,,0,,,,,,0,0,,0
"Blog Article","/blogs/sex-doll-torso-blog/4-best-sex-doll-torsos-for-titty-sex",2,4,0,0,0,0,33,,0,0,0,345,8.25,0.25,,1,2,4,0,0,0,0,33,,0,0,0,345,8.25,0.25,,1,0,0,,,,,0,,,,,0,0,0,,0
"Collection","/collections/fit-sex-doll",3,4,0,0,0,0,12,,0,0,0,184,3,0.5,,2,3,4,0,0,0,0,12,,0,0,0,184,3,0.5,,2,0,0,,,,,0,,,,,0,0,0,,0
,"/de/collections/full-femboy-sex-doll",3,4,0,0,0,0,7,,0,0,0,19.25,1.75,0.5,,2,3,4,0,0,0,0,7,,0,0,0,19.25,1.75,0.5,,2,0,0,,,,,0,,,,,0,0,0,,0
"Blog Article","/blogs/dolls-info-qustions/real-lady-vs-mlw-sex-dolls-unboxing-hands-on-review",4,4,0,0,0,0,4,,0,0,0,0,1,1,,4,4,4,0,0,0,0,4,,0,0,0,0,1,1,,4,0,0,,,,,0,,,,,,0,0,,0
"Blog Article","/blogs/featured-blog/2026-sex-doll-lubricant-recommendations-find-the-perfect-formula-for-your-experience",2,4,0,0,0,0,5,,0,0,0,104.5,1.25,0.75,,3,2,4,0,0,0,0,5,,0,0,0,104.5,1.25,0.75,,3,0,0,,,,,0,,,,,0,0,0,,0
,"/en-fi/collections/robotic-sex-doll",4,4,0,0,0,0,5,,0,0,0,7.75,1.25,0.75,,3,4,4,0,0,0,0,5,,0,0,0,7.75,1.25,0.75,,3,0,0,,,,,0,,,,,0,0,0,,0
,"/en-ca/products/f9013-160cm-5ft3-36kg-c-cup-lifelike-silicone-head-tpe-body-sex-doll-rosretty-doll",4,4,0,0,0,0,4,,0,0,0,0,1,1,,4,4,4,0,0,0,0,4,,0,0,0,0,1,1,,4,0,0,,,,,0,,,,,,0,0,,0
"Product","/products/f7626-163cm5-3ft-e-cup-great-huge-butt-tpe-body-silicone-head-sex-doll-for-men%E4%B8%A8sy-doll",4,4,0,0,0,0,4,,0,0,0,0,1,1,,4,4,4,0,0,0,0,4,,0,0,0,0,1,1,,4,0,0,,,,,0,,,,,,0,0,,0
"Product","/products/f5710-158cm-5ft2-36kg-g-cup-silicone-sexual-male-best-shemale-sex-doll-castle-doll",4,4,0,0,0,0,7,,0,0,0,39.75,1.75,0.75,,3,4,4,0,0,0,0,7,,0,0,0,39.75,1.75,0.75,,3,0,0,,,,,0,,,,,0,0,0,,0
"Product","/products/f2319-sy-163cm-g-cup-super-fat-bbw-life-size-sex-doll",4,4,2,1,1,0.25,9,1,0.5,0.25,1,300.75,2.25,0.25,1,1,4,4,2,1,1,0.25,9,1,0.5,0.25,1,300.75,2.25,0.25,1,1,0,0,0,0,0,0,0,0,0,0,0,0,0,0,0,0
"Product","/products/moonvalel-leopard-170cm-silicone-ros-f763",4,4,0,0,0,0,12,,0,0,0,403.75,3,0.5,,2,4,4,0,0,0,0,12,,0,0,0,403.75,3,0.5,,2,0,0,,,,,0,,,,,0,0,0,,0
"Product","/products/t434-2-69lb-silicone-male-masturbator-sex-toys-for-men-lovenestle",4,4,0,0,0,0,4,,0,0,0,0,1,1,,4,4,4,0,0,0,0,4,,0,0,0,0,1,1,,4,0,0,,,,,0,,,,,,0,0,,0
"Product","/products/t779-ssbbwsex-huge-boobs-torso-doll-b10-yeloly",4,4,0,0,0,0,7,,0,0,0,57.25,1.75,0.75,,3,4,4,0,0,0,0,7,,0,0,0,57.25,1.75,0.75,,3,0,0,,,,,0,,,,,0,0,0,,0
"Product","/products/f9141-doll-senior-huge-boob-sex-doll-anime-asian-ros-gel-breast-silicone-170cm-43kg",4,4,0,0,0,0,4,,0,0,0,0,1,1,,4,4,4,0,0,0,0,4,,0,0,0,0,1,1,,4,0,0,,,,,0,,,,,,0,0,,0
"Collection","/collections/dolls-castle-factory-photos",4,4,0,0,0,0,16,,0,0,0,85,4,0,,0,4,4,0,0,0,0,16,,0,0,0,85,4,0,,0,0,0,,,,,0,,,,,0,0,,,
,"/en-ca/collections/top-rated-japanese-sex-dolls-in-2026",3,4,0,0,0,0,5,,0,0,0,36,1.25,0.75,,3,3,4,0,0,0,0,5,,0,0,0,36,1.25,0.75,,3,0,0,,,,,0,,,,,0,0,0,,0
"Blog Article","/blogs/dolls-info-qustions/what-size-penis-should-you-buy-for-your-male-sex-doll",4,4,0,0,0,0,4,,0,0,0,0,1,1,,4,4,4,0,0,0,0,4,,0,0,0,0,1,1,,4,0,0,,,,,0,,,,,,0,0,,0
"Collection","/collections/wm-doll",4,4,0,0,0,0,8,,0,0,0,76.5,2,0.75,,3,4,4,0,0,0,0,8,,0,0,0,76.5,2,0.75,,3,0,0,,,,,0,,,,,0,0,0,,0
"Product","/products/t291-67-24-lbs-marina-ros-life-size-silicone-sex-doll-torso-with-head-in-stock-usa-europe-max-series",2,4,0,0,0,0,39,,0,0,0,396.5,9.75,0,,0,2,4,0,0,0,0,39,,0,0,0,396.5,9.75,0,,0,0,0,,,,,0,,,,,0,0,,,
"Product","/products/t403-black9-92lb-mini-gyatt-bbw-thick-sex-doll-torso-big-round-ass",4,4,0,0,0,0,18,,0,0,0,153,4.5,0.75,,3,4,4,0,0,0,0,18,,0,0,0,153,4.5,0.75,,3,0,0,,,,,0,,,,,0,0,0,,0
"Blog Article","/blogs/dolls-info-qustions/the-fusion-of-anime-culture-and-reality-from-figures-to-furry-sex-dolls",4,4,0,0,0,0,4,,0,0,0,0,1,1,,4,4,4,0,0,0,0,4,,0,0,0,0,1,1,,4,0,0,,,,,0,,,,,,0,0,,0
,"/en-ca/collections/bbw-milf-sex-doll",3,4,0,0,0,0,14,,0,0,0,265.5,3.5,0.25,,1,3,4,0,0,0,0,14,,0,0,0,265.5,3.5,0.25,,1,0,0,,,,,0,,,,,0,0,0,,0
"Blog Article","/blogs/featured-blog/best-torso-sex-doll-brands-of-2026",4,4,0,0,0,0,6,,0,0,0,46.25,1.5,0.75,,3,4,4,0,0,0,0,6,,0,0,0,46.25,1.5,0.75,,3,0,0,,,,,0,,,,,0,0,0,,0
"Blog Article","/blogs/dolls-info-qustions/celebrity-sex-dolls-hot-picks-6-asian-inspired-star-lookalikes",4,4,0,0,0,0,9,,0,0,0,121.5,2.25,0.5,,2,4,4,0,0,0,0,9,,0,0,0,121.5,2.25,0.5,,2,0,0,,,,,0,,,,,0,0,0,,0
"Collection","/collections/full-round-huge-breast-sex-doll",3,4,0,0,0,0,19,,0,0,0,718.75,4.75,0.5,,2,3,4,0,0,0,0,19,,0,0,0,718.75,4.75,0.5,,2,0,0,,,,,0,,,,,0,0,0,,0
,"/en-ca/collections/best-seller-sex-dolls-under-200",4,4,1,1,0,0,10,0,0.25,0.25,0,91,2.5,0.25,0,1,4,4,1,1,0,0,10,0,0.25,0.25,0,91,2.5,0.25,0,1,0,0,0,0,,,0,,0,0,,0,0,0,,0
"Blog Article","/blogs/sex-doll-torso-blog/5-ways-to-pick-the-fitted-sex-doll-torso",4,4,0,0,0,0,4,,0,0,0,0,1,1,,4,4,4,0,0,0,0,4,,0,0,0,0,1,1,,4,0,0,,,,,0,,,,,,0,0,,0
"Product","/products/v26-vajancle-silicone-right-feet",3,4,1,1,0,0,15,0,0.25,0.25,0,63.25,3.75,0.75,0,3,3,4,1,1,0,0,15,0,0.25,0.25,0,63.25,3.75,0.75,0,3,0,0,0,0,,,0,,0,0,,0,0,0,,0
"Product","/products/f5826k-150cm-4ft9-24kg-c-cup-polly-s-silicone-realistic-with-ros-head-celebrities-sex-dolls-top-cydoll",4,4,0,0,0,0,13,,0,0,0,643.5,3.25,0.5,,2,4,4,0,0,0,0,13,,0,0,0,643.5,3.25,0.5,,2,0,0,,,,,0,,,,,0,0,0,,0
"Product","/products/silicone-big-butt-ass-17lb-a781",4,4,0,0,0,0,59,,0,0,0,1020.25,14.75,0.5,,2,4,4,0,0,0,0,59,,0,0,0,1020.25,14.75,0.5,,2,0,0,,,,,0,,,,,0,0,0,,0
"Product","/products/f1028-fun-west-doll-anime-adult-sex-dolls-stpe-155cm-34kg-in-stock-usa-eu",4,4,0,0,0,0,4,,0,0,0,0,1,1,,4,4,4,0,0,0,0,4,,0,0,0,0,1,1,,4,0,0,,,,,0,,,,,,0,0,,0
"Product","/products/t681-61lbbig-boots-sex-doll-torso",4,4,0,0,0,0,5,,0,0,0,3.75,1.25,0.75,,3,4,4,0,0,0,0,5,,0,0,0,3.75,1.25,0.75,,3,0,0,,,,,0,,,,,0,0,0,,0
,"/en-ca/collections/animal-hentai-sex-doll",2,4,0,0,0,0,8,,0,0,0,5.75,2,0.25,,1,2,4,0,0,0,0,8,,0,0,0,5.75,2,0.25,,1,0,0,,,,,0,,,,,0,0,0,,0
,"/de",3,4,0,0,0,0,21,,0,0,0,485.25,5.25,0.5,,2,3,4,0,0,0,0,21,,0,0,0,485.25,5.25,0.5,,2,0,0,,,,,0,,,,,0,0,0,,0
"Collection","/collections/1000-1599-cheap-sex-doll",4,4,0,0,0,0,4,,0,0,0,0,1,1,,4,4,4,0,0,0,0,4,,0,0,0,0,1,1,,4,0,0,,,,,0,,,,,,0,0,,0
"Checkout","/orders/d5047fcc5a0893eb67a183aa763d7583",2,4,0,0,0,0,5,,0,0,0,10.75,1.25,0.75,,3,2,4,0,0,0,0,5,,0,0,0,10.75,1.25,0.75,,3,0,0,,,,,0,,,,,0,0,0,,0
,"/en-ca/collections/breast-toy",4,4,0,0,0,0,8,,0,0,0,21.5,2,0.25,,1,4,4,0,0,0,0,8,,0,0,0,21.5,2,0.25,,1,0,0,,,,,0,,,,,0,0,0,,0
"Blog Article","/blogs/dolls-info-qustions/the-best-types-of-big-ass-torso-sex-dolls-designed-for-doggy-style",4,4,0,0,0,0,8,,0,0,0,23,2,0.75,,3,4,4,0,0,0,0,8,,0,0,0,23,2,0.75,,3,0,0,,,,,0,,,,,0,0,0,,0
"Blog Article","/blogs/dolls-info-qustions/soul-sync-five-ai-girlfriend-apps-that-bring-a-vivid-experience-to-robotic-sex-dolls",2,4,0,0,0,0,8,,0,0,0,242.5,2,0.5,,2,2,4,0,0,0,0,8,,0,0,0,242.5,2,0.5,,2,0,0,,,,,0,,,,,0,0,0,,0
"Collection","/collections/nianta-doll",4,4,0,0,0,0,5,,0,0,0,3.75,1.25,0.75,,3,4,4,0,0,0,0,5,,0,0,0,3.75,1.25,0.75,,3,0,0,,,,,0,,,,,0,0,0,,0
"Blog Article","/blogs/dolls-info-qustions/hidden-art-sex-doll-torsos-and-astonishing-storage-hacks",4,4,0,0,0,0,4,,0,0,0,0,1,1,,4,4,4,0,0,0,0,4,,0,0,0,0,1,1,,4,0,0,,,,,0,,,,,,0,0,,0
"Collection","/collections/ido-doll",3,4,0,0,0,0,20,,0,0,0,214.25,5,0.5,,2,3,4,0,0,0,0,20,,0,0,0,214.25,5,0.5,,2,0,0,,,,,0,,,,,0,0,0,,0
,"/de/collections/bbw-sex-doll-torso",4,4,0,0,0,0,7,,0,0,0,18.75,1.75,0.5,,2,4,4,0,0,0,0,7,,0,0,0,18.75,1.75,0.5,,2,0,0,,,,,0,,,,,0,0,0,,0
,"/de/collections/huge-breasts-sex-dolls",4,4,0,0,0,0,6,,0,0,0,13.25,1.5,0.75,,3,4,4,0,0,0,0,6,,0,0,0,13.25,1.5,0.75,,3,0,0,,,,,0,,,,,0,0,0,,0
"Checkout","/orders",4,4,1,0,0,0,36,,0.25,0,0,1449.25,9,0,,0,4,4,1,0,0,0,36,,0.25,0,0,1449.25,9,0,,0,0,0,0,,,,0,,0,,,0,0,,,
"Blog Article","/blogs/featured-blog/what-is-a-sex-doll",3,3,0,0,0,0,5,,0,0,0,18,1.6666666666666667,0.6666666666666666,,2,3,3,0,0,0,0,5,,0,0,0,18,1.6666666666666667,0.6666666666666666,,2,0,0,,,,,0,,,,,0,0,0,,0
,"/ja/collections/anime-pocket-pussy",3,3,0,0,0,0,8,,0,0,0,14,2.6666666666666665,0.6666666666666666,,2,3,3,0,0,0,0,8,,0,0,0,14,2.6666666666666665,0.6666666666666666,,2,0,0,,,,,0,,,,,0,0,0,,0
,"/en-fi/collections/flat-chest-sex-doll",3,3,0,0,0,0,8,,0,0,0,116.33333333333333,2.6666666666666665,0,,0,3,3,0,0,0,0,8,,0,0,0,116.33333333333333,2.6666666666666665,0,,0,0,0,,,,,0,,,,,0,0,,,
,"/en-ca/blogs/dolls-info-qustions/why-do-men-like-to-have-sex-with-bigass-women",3,3,0,0,0,0,3,,0,0,0,0,1,1,,3,3,3,0,0,0,0,3,,0,0,0,0,1,1,,3,0,0,,,,,0,,,,,,0,0,,0
"Product","/products/a720-s-tpe-bbw-big-ass-fat-sex-doll-torso",3,3,0,0,0,0,12,,0,0,0,540.6666666666666,4,0,,0,3,3,0,0,0,0,12,,0,0,0,540.6666666666666,4,0,,0,0,0,,,,,0,,,,,0,0,,,
"Blog Article","/blogs/sex-doll-torso-blog/fake-pussy-why-men-choose",3,3,0,0,0,0,3,,0,0,0,0,1,1,,3,3,3,0,0,0,0,3,,0,0,0,0,1,1,,3,0,0,,,,,0,,,,,,0,0,,0
"Product","/collections/life-sized-sex-doll/products/65cm-realistic-sex-doll-torso-with-perky-breasts-and-big-sexy-ass-509-sex-doll-torso",3,3,0,0,0,0,5,,0,0,0,8.333333333333334,1.6666666666666667,0.3333333333333333,,1,3,3,0,0,0,0,5,,0,0,0,8.333333333333334,1.6666666666666667,0.3333333333333333,,1,0,0,,,,,0,,,,,0,0,0,,0
,"/en-ca/products/f5996-164cm5-4ft-36kg-d-cup-silicone-head-celebrity-sex-doll-%E4%B8%A8rosretty-doll",3,3,0,0,0,0,3,,0,0,0,0,1,1,,3,3,3,0,0,0,0,3,,0,0,0,0,1,1,,3,0,0,,,,,0,,,,,,0,0,,0
,"/en-ca/blogs/dolls-info-qustions/lusandy-doll-redefining-realism-and-the-warmth-of-companionship",1,3,0,0,0,0,3,,0,0,0,0,1,1,,3,1,3,0,0,0,0,3,,0,0,0,0,1,1,,3,0,0,,,,,0,,,,,,0,0,,0
,"/ja/collections/bbw-milf-sex-doll",3,3,0,0,0,0,8,,0,0,0,176.33333333333334,2.6666666666666665,0.6666666666666666,,2,3,3,0,0,0,0,8,,0,0,0,176.33333333333334,2.6666666666666665,0.6666666666666666,,2,0,0,,,,,0,,,,,0,0,0,,0
"Product","/products/f5307-life-size-silicone-sex-doll-md-doll",3,3,0,0,0,0,3,,0,0,0,0,1,1,,3,3,3,0,0,0,0,3,,0,0,0,0,1,1,,3,0,0,,,,,0,,,,,,0,0,,0
"Collection","/collections/mini-silicone-torso",3,3,0,0,0,0,7,,0,0,0,20.333333333333332,2.3333333333333335,0.3333333333333333,,1,3,3,0,0,0,0,7,,0,0,0,20.333333333333332,2.3333333333333335,0.3333333333333333,,1,0,0,,,,,0,,,,,0,0,0,,0
"Collection","/collections/se-doll",3,3,0,0,0,0,7,,0,0,0,25,2.3333333333333335,0.6666666666666666,,2,3,3,0,0,0,0,7,,0,0,0,25,2.3333333333333335,0.6666666666666666,,2,0,0,,,,,0,,,,,0,0,0,,0
"Blog Article","/blogs/featured-blog/introducing-sedoll-s-ultra-flex-fingers",3,3,0,0,0,0,10,,0,0,0,274.6666666666667,3.3333333333333335,0.6666666666666666,,2,3,3,0,0,0,0,10,,0,0,0,274.6666666666667,3.3333333333333335,0.6666666666666666,,2,0,0,,,,,0,,,,,0,0,0,,0
"Collection","/collections/all/big-ass",3,3,0,0,0,0,4,,0,0,0,6.333333333333333,1.3333333333333333,0.6666666666666666,,2,3,3,0,0,0,0,4,,0,0,0,6.333333333333333,1.3333333333333333,0.6666666666666666,,2,0,0,,,,,0,,,,,0,0,0,,0
"Blog Article","/blogs/recent-brand-updates-new-arrivals-for-sex-dolls/mrl-fantasy-sex-toys-realistic-anime-furry-and-monster-girl-torso-collection",3,3,0,0,0,0,8,,0,0,0,66.33333333333333,2.6666666666666665,0.6666666666666666,,2,3,3,0,0,0,0,8,,0,0,0,66.33333333333333,2.6666666666666665,0.6666666666666666,,2,0,0,,,,,0,,,,,0,0,0,,0
"Product","/products/180cm-5ft11-58kg-silicone-realistic-male-sex-doll-with-6-69-in-thick-cock",3,3,0,0,0,0,3,,0,0,0,0,1,1,,3,3,3,0,0,0,0,3,,0,0,0,0,1,1,,3,0,0,,,,,0,,,,,,0,0,,0
"Product","/products/p379-3-86lb-anime-fake-pussy-medusa-silicone-hentai-sex-doll-mrl",3,3,0,0,0,0,16,,0,0,0,326.3333333333333,5.333333333333333,0.3333333333333333,,1,3,3,0,0,0,0,16,,0,0,0,326.3333333333333,5.333333333333333,0.3333333333333333,,1,0,0,,,,,0,,,,,0,0,0,,0
"Blog Article","/blogs/dolls-info-qustions/2026-doggy-dildo-doll-user-guide",3,3,0,0,0,0,3,,0,0,0,0,1,1,,3,3,3,0,0,0,0,3,,0,0,0,0,1,1,,3,0,0,,,,,0,,,,,,0,0,,0
"Product","/products/f5700-160cm-5ft4-55kg-q-cup-silicone-anime-bear-furry-sex-doll-with-round-ears-castle-doll",2,3,0,0,0,0,7,,0,0,0,33,2.3333333333333335,0.6666666666666666,,2,2,3,0,0,0,0,7,,0,0,0,33,2.3333333333333335,0.6666666666666666,,2,0,0,,,,,0,,,,,0,0,0,,0
,"/ja/blogs/featured-blog/how-to-diy-an-sex-doll-you",3,3,0,0,0,0,3,,0,0,0,0,1,1,,3,3,3,0,0,0,0,3,,0,0,0,0,1,1,,3,0,0,,,,,0,,,,,,0,0,,0
"Collection","/collections/jiusheng-doll",3,3,0,0,0,0,3,,0,0,0,0,1,1,,3,3,3,0,0,0,0,3,,0,0,0,0,1,1,,3,0,0,,,,,0,,,,,,0,0,,0
"Blog Article","/blogs/sex-doll-torso-blog/what-is-the-most-suitable-weight-for-butt-torso-sex-dolls",3,3,0,0,0,0,3,,0,0,0,0,1,1,,3,3,3,0,0,0,0,3,,0,0,0,0,1,1,,3,0,0,,,,,0,,,,,,0,0,,0
"Product","/products/f5938-163mcm5-4ft-37kg-2-2cf-e-cup-silicone-japanese-flight-attendant-sex-doll-cabin-crew-roleplay-love-doll-bezlya-doll",1,3,0,0,0,0,34,,0,0,0,348.3333333333333,11.333333333333334,0.6666666666666666,,2,1,3,0,0,0,0,34,,0,0,0,348.3333333333333,11.333333333333334,0.6666666666666666,,2,0,0,,,,,0,,,,,0,0,0,,0
"Blog Article","/blogs/dolls-info-qustions/hey-as-a-woman-is-it-weird-if-i-want-to-buy-a-strap-on-dildo-to-get-it-on-with-a-female-trans-sex-doll",3,3,0,0,0,0,3,,0,0,0,0,1,1,,3,3,3,0,0,0,0,3,,0,0,0,0,1,1,,3,0,0,,,,,0,,,,,,0,0,,0
"Blog Article","/blogs/dolls-info-qustions/vine-talk-aibox-bringing-your-girl-to-life-and-understanding-your-heart",3,3,1,0,0,0,8,,0.3333333333333333,0,0,442,2.6666666666666665,0.6666666666666666,,2,3,3,1,0,0,0,8,,0.3333333333333333,0,0,442,2.6666666666666665,0.6666666666666666,,2,0,0,0,,,,0,,0,,,0,0,0,,0
,"/en-fi/blogs/dolls-info-qustions/why-do-men-like-to-have-sex-with-bigass-women",3,3,0,0,0,0,4,,0,0,0,4.333333333333333,1.3333333333333333,0.6666666666666666,,2,3,3,0,0,0,0,4,,0,0,0,4.333333333333333,1.3333333333333333,0.6666666666666666,,2,0,0,,,,,0,,,,,0,0,0,,0
,"/en-ca/collections/pocket-pussy-ass",3,3,0,0,0,0,17,,0,0,0,252.66666666666666,5.666666666666667,0,,0,3,3,0,0,0,0,17,,0,0,0,252.66666666666666,5.666666666666667,0,,0,0,0,,,,,0,,,,,0,0,,,
"Collection","/collections/sex-doll-with-papaya-breast-pear-shaped-breast",3,3,0,0,0,0,3,,0,0,0,0,1,1,,3,3,3,0,0,0,0,3,,0,0,0,0,1,1,,3,0,0,,,,,0,,,,,,0,0,,0
,"/en-ca/collections/onahole",3,3,0,0,0,0,10,,0,0,0,98.33333333333333,3.3333333333333335,0.6666666666666666,,2,3,3,0,0,0,0,10,,0,0,0,98.33333333333333,3.3333333333333335,0.6666666666666666,,2,0,0,,,,,0,,,,,0,0,0,,0
,"/de/collections/breast-toy",3,3,0,0,0,0,5,,0,0,0,218.33333333333334,1.6666666666666667,0.6666666666666666,,2,3,3,0,0,0,0,5,,0,0,0,218.33333333333334,1.6666666666666667,0.6666666666666666,,2,0,0,,,,,0,,,,,0,0,0,,0
"Blog Article","/blogs/real-sex-doll-reviews-pros-cons-real-usage-tests/evas-doll-180cm-f6229-full-review",3,3,0,0,0,0,9,,0,0,0,1153,3,0,,0,3,3,0,0,0,0,9,,0,0,0,1153,3,0,,0,0,0,,,,,0,,,,,0,0,,,
"Product","/products/a325k-4-6-lbs-silicone-premium-9-5-male-torso-dildo-with-5-solid-phallus-in-stock-eu-yeloly",3,3,0,0,0,0,17,,0,0,0,263,5.666666666666667,0.6666666666666666,,2,3,3,0,0,0,0,17,,0,0,0,263,5.666666666666667,0.6666666666666666,,2,0,0,,,,,0,,,,,0,0,0,,0
"Blog Article","/blogs/dolls-info-qustions/se-doll-sex-bot-series-feature-comparison-waist-rotation-vs-hip-thrusting-vs-head-nodding",2,3,0,0,0,0,16,,0,0,0,158.33333333333334,5.333333333333333,0.6666666666666666,,2,2,3,0,0,0,0,16,,0,0,0,158.33333333333334,5.333333333333333,0.6666666666666666,,2,0,0,,,,,0,,,,,0,0,0,,0
,"/ja/collections/huge-breasts-sex-dolls",3,3,0,0,0,0,20,,0,0,0,688.3333333333334,6.666666666666667,0,,0,3,3,0,0,0,0,20,,0,0,0,688.3333333333334,6.666666666666667,0,,0,0,0,,,,,0,,,,,0,0,,,
"Blog Article","/blogs/dolls-info-qustions/what-are-the-different-types-of-sex-dolls",3,3,0,0,0,0,3,,0,0,0,0,1,1,,3,3,3,0,0,0,0,3,,0,0,0,0,1,1,,3,0,0,,,,,0,,,,,,0,0,,0
"Collection","/collections/lusandy-doll",3,3,0,0,0,0,99,,0,0,0,1530,33,0,,0,3,3,0,0,0,0,99,,0,0,0,1530,33,0,,0,0,0,,,,,0,,,,,0,0,,,
"Product","/products/f5674-175cm-e-cup-naked-sex-doll-movable-jaws-zelex",1,3,0,0,0,0,3,,0,0,0,0,1,1,,3,1,3,0,0,0,0,3,,0,0,0,0,1,1,,3,0,0,,,,,0,,,,,,0,0,,0
"Blog Article","/blogs/dolls-info-qustions/vajankle-unveiled-the-ultimate-foot-fetish-toy-that-blends-pleasure-and-fantasy",3,3,0,0,0,0,5,,0,0,0,43,1.6666666666666667,0.6666666666666666,,2,3,3,0,0,0,0,5,,0,0,0,43,1.6666666666666667,0.6666666666666666,,2,0,0,,,,,0,,,,,0,0,0,,0
"Collection","/collections/anime-alien-sex-doll",3,3,0,0,0,0,14,,0,0,0,71,4.666666666666667,0.3333333333333333,,1,3,3,0,0,0,0,14,,0,0,0,71,4.666666666666667,0.3333333333333333,,1,0,0,,,,,0,,,,,0,0,0,,0
,"/ja/collections/naked-sex-doll",3,3,0,0,0,0,7,,0,0,0,50.333333333333336,2.3333333333333335,0.6666666666666666,,2,3,3,0,0,0,0,7,,0,0,0,50.333333333333336,2.3333333333333335,0.6666666666666666,,2,0,0,,,,,0,,,,,0,0,0,,0
,"/en-ca/collections/funwest-doll-factory-photos",1,3,0,0,0,0,46,,0,0,0,1818.3333333333333,15.333333333333334,0,,0,1,3,0,0,0,0,46,,0,0,0,1818.3333333333333,15.333333333333334,0,,0,0,0,,,,,0,,,,,0,0,,,
"Collection","/collections/ass-mini-male-sex-doll",3,3,0,0,0,0,5,,0,0,0,134,1.6666666666666667,0.3333333333333333,,1,3,3,0,0,0,0,5,,0,0,0,134,1.6666666666666667,0.3333333333333333,,1,0,0,,,,,0,,,,,0,0,0,,0
,"/en-ca/collections/japanese-milf-sex-doll",3,3,0,0,0,0,4,,0,0,0,12.333333333333334,1.3333333333333333,0.6666666666666666,,2,3,3,0,0,0,0,4,,0,0,0,12.333333333333334,1.3333333333333333,0.6666666666666666,,2,0,0,,,,,0,,,,,0,0,0,,0
"Product","/products/a210-torso-doll-with-big-dildo-male-torso-dildo-sex-toy",3,3,0,0,0,0,12,,0,0,0,586,4,0.6666666666666666,,2,3,3,0,0,0,0,12,,0,0,0,586,4,0.6666666666666666,,2,0,0,,,,,0,,,,,0,0,0,,0
"Product","/products/silicone-realistic-legs-feet-50lb",1,3,0,0,0,0,3,,0,0,0,0,1,1,,3,1,3,0,0,0,0,3,,0,0,0,0,1,1,,3,0,0,,,,,0,,,,,,0,0,,0
"Product","/products/a446-10-80lb-silicone-pocket-pussy-big-ass-sex-doll-torso-lovenestle",3,3,1,0,0,0,5,,0.3333333333333333,0,0,69,1.6666666666666667,0.6666666666666666,,2,3,3,1,0,0,0,5,,0.3333333333333333,0,0,69,1.6666666666666667,0.6666666666666666,,2,0,0,0,,,,0,,0,,,0,0,0,,0
,"/de/blogs/real-sex-doll-reviews-pros-cons-real-usage-tests/shedoll-sex-doll-real-review-hands-on-experience",3,3,0,0,0,0,5,,0,0,0,11.333333333333334,1.6666666666666667,0.6666666666666666,,2,3,3,0,0,0,0,5,,0,0,0,11.333333333333334,1.6666666666666667,0.6666666666666666,,2,0,0,,,,,0,,,,,0,0,0,,0
"Collection","/collections/aibei-doll-factory-photos",1,3,0,0,0,0,22,,0,0,0,197,7.333333333333333,0.6666666666666666,,2,1,3,0,0,0,0,22,,0,0,0,197,7.333333333333333,0.6666666666666666,,2,0,0,,,,,0,,,,,0,0,0,,0
,"/de/collections/shedoll-videos",3,3,0,0,0,0,7,,0,0,0,34.666666666666664,2.3333333333333335,0.6666666666666666,,2,3,3,0,0,0,0,7,,0,0,0,34.666666666666664,2.3333333333333335,0.6666666666666666,,2,0,0,,,,,0,,,,,0,0,0,,0
"Product","/products/t6-luxury-realistic-flat-chested-sex-doll-torso",3,3,0,0,0,0,3,,0,0,0,0,1,1,,3,3,3,0,0,0,0,3,,0,0,0,0,1,1,,3,0,0,,,,,0,,,,,,0,0,,0
"Product","/products/f5317-realistic-skin-bbw-sex-doll-se-doll",3,3,0,0,0,0,17,,0,0,0,365,5.666666666666667,0.3333333333333333,,1,3,3,0,0,0,0,17,,0,0,0,365,5.666666666666667,0.3333333333333333,,1,0,0,,,,,0,,,,,0,0,0,,0
"Blog Article","/blogs/dolls-info-qustions/the-best-asian-sex-doll-bezlya-sex-doll-2-2u-series-function-analysis",3,3,0,0,0,0,3,,0,0,0,0,1,1,,3,3,3,0,0,0,0,3,,0,0,0,0,1,1,,3,0,0,,,,,0,,,,,,0,0,,0
"Collection","/collections/felexia-doll",3,3,0,0,0,0,3,,0,0,0,0.6666666666666666,1,1,,3,3,3,0,0,0,0,3,,0,0,0,0.6666666666666666,1,1,,3,0,0,,,,,0,,,,,0,0,0,,0
"Blog Article","/blogs/dolls-info-qustions/whether-sex-dolls-can-be-rented",3,3,0,0,0,0,3,,0,0,0,0,1,1,,3,3,3,0,0,0,0,3,,0,0,0,0,1,1,,3,0,0,,,,,0,,,,,,0,0,,0
"Product","/products/f7119-161cm5-28ft-32-8kg-2-2-i-cup-asian-real-silicone-japanese-office-lady-sex-doll-bezlya-doll",1,3,0,0,0,0,42,,0,0,0,453.6666666666667,14,0.3333333333333333,,1,1,3,0,0,0,0,42,,0,0,0,453.6666666666667,14,0.3333333333333333,,1,0,0,,,,,0,,,,,0,0,0,,0
"Product","/products/f8229-168cm5-5ft-34kg-b-cup-silicone-full-size-sex-doll-azm-doll",3,3,0,0,0,0,3,,0,0,0,0,1,1,,3,3,3,0,0,0,0,3,,0,0,0,0,1,1,,3,0,0,,,,,0,,,,,,0,0,,0
"Product","/products/firefly-diary-160cm-silicone-sex-doll-f8621",3,3,0,0,0,0,12,,0,0,0,239.33333333333334,4,0,,0,3,3,0,0,0,0,12,,0,0,0,239.33333333333334,4,0,,0,0,0,,,,,0,,,,,0,0,,,
"Checkout","/orders/19790c737ad8dcbf1a435d3c0f457499",3,3,0,0,0,0,3,,0,0,0,0,1,1,,3,3,3,0,0,0,0,3,,0,0,0,0,1,1,,3,0,0,,,,,0,,,,,,0,0,,0
"Blog Article","/blogs/real-sex-doll-reviews-pros-cons-real-usage-tests/irontech-oriental-series-best-silicone-sex-dolls",2,3,0,0,0,0,11,,0,0,0,342,3.6666666666666665,0.6666666666666666,,2,2,3,0,0,0,0,11,,0,0,0,342,3.6666666666666665,0.6666666666666666,,2,0,0,,,,,0,,,,,0,0,0,,0
,"/en-fi/collections/femboys-sex-doll",3,3,0,0,0,0,4,,0,0,0,3,1.3333333333333333,0.6666666666666666,,2,3,3,0,0,0,0,4,,0,0,0,3,1.3333333333333333,0.6666666666666666,,2,0,0,,,,,0,,,,,0,0,0,,0
"Product","/products/f9283-178cm-p-cup-ssbbw-sex-doll-pawg",3,3,0,0,0,0,3,,0,0,0,0,1,1,,3,3,3,0,0,0,0,3,,0,0,0,0,1,1,,3,0,0,,,,,0,,,,,,0,0,,0
"Blog Article","/blogs/dolls-info-qustions/little-secrets-about-vagina-and-anus-of-sex-dolls",3,3,0,0,0,0,3,,0,0,0,0,1,1,,3,3,3,0,0,0,0,3,,0,0,0,0,1,1,,3,0,0,,,,,0,,,,,,0,0,,0
"Custom Page","/pages/about-us",3,3,0,0,0,0,3,,0,0,0,0,1,1,,3,3,3,0,0,0,0,3,,0,0,0,0,1,1,,3,0,0,,,,,0,,,,,,0,0,,0
"Blog Article","/blogs/dolls-info-qustions/s-tpe",3,3,0,0,0,0,3,,0,0,0,0,1,1,,3,3,3,0,0,0,0,3,,0,0,0,0,1,1,,3,0,0,,,,,0,,,,,,0,0,,0
"Blog Article","/blogs/dolls-info-qustions/linkdolls-global-shipping-status",3,3,0,0,0,0,5,,0,0,0,119,1.6666666666666667,0.3333333333333333,,1,3,3,0,0,0,0,5,,0,0,0,119,1.6666666666666667,0.3333333333333333,,1,0,0,,,,,0,,,,,0,0,0,,0
"Product","/products/p108-26cm-10-2in-1-5kg-silicone-celebrity-anime-hentai-sex-toys-castle-doll",3,3,0,0,0,0,34,,0,0,0,567.6666666666666,11.333333333333334,0.6666666666666666,,2,3,3,0,0,0,0,34,,0,0,0,567.6666666666666,11.333333333333334,0.6666666666666666,,2,0,0,,,,,0,,,,,0,0,0,,0
,"/en-ca/collections/chinese-sex-doll",3,3,0,0,0,0,4,,0,0,0,6.333333333333333,1.3333333333333333,0.6666666666666666,,2,3,3,0,0,0,0,4,,0,0,0,6.333333333333333,1.3333333333333333,0.6666666666666666,,2,0,0,,,,,0,,,,,0,0,0,,0
"Collection","/collections/frontpage",3,3,0,0,0,0,14,,0,0,0,495.3333333333333,4.666666666666667,0,,0,3,3,0,0,0,0,14,,0,0,0,495.3333333333333,4.666666666666667,0,,0,0,0,,,,,0,,,,,0,0,,,
,"/en-fi/pages/torso-sex-doll-videos",3,3,0,0,0,0,3,,0,0,0,0,1,1,,3,3,3,0,0,0,0,3,,0,0,0,0,1,1,,3,0,0,,,,,0,,,,,,0,0,,0
"Product","/products/f5961-150cm-4ft9-f-cup-114-powerful-big-ass-tpe-ssbbw-plus-size-sex-dolls-2025-sy-doll",3,3,1,0,0,0,30,,0.3333333333333333,0,0,885,10,0,,0,3,3,1,0,0,0,30,,0.3333333333333333,0,0,885,10,0,,0,0,0,0,,,,0,,0,,,0,0,,,
"Product","/products/f3559-166cm5-5ft-33kg-c-cup-european-tpe-sex-doll%E4%B8%A8wm-doll",1,3,0,0,0,0,10,,0,0,0,642.6666666666666,3.3333333333333335,0.3333333333333333,,1,1,3,0,0,0,0,10,,0,0,0,642.6666666666666,3.3333333333333335,0.3333333333333333,,1,0,0,,,,,0,,,,,0,0,0,,0
"Product","/products/a310-30lb-soft-silicone-soft-realistic-big-ass-sex-dolls-torso",2,3,0,0,0,0,3,,0,0,0,0,1,1,,3,2,3,0,0,0,0,3,,0,0,0,0,1,1,,3,0,0,,,,,0,,,,,,0,0,,0
"Product","/products/f110-165cm-37kg-finley-thin-face-shy-asian-teen-tpe-cute-femboy-sex-doll-qita-doll",3,3,0,0,0,0,6,,0,0,0,111,2,0.3333333333333333,,1,3,3,0,0,0,0,6,,0,0,0,111,2,0.3333333333333333,,1,0,0,,,,,0,,,,,0,0,0,,0
"Product","/products/top-fire-doll-170cm-silicone-full-sex-doll-f8600",1,3,0,0,0,0,8,,0,0,0,106.66666666666667,2.6666666666666665,0.6666666666666666,,2,1,3,0,0,0,0,8,,0,0,0,106.66666666666667,2.6666666666666665,0.6666666666666666,,2,0,0,,,,,0,,,,,0,0,0,,0
,"/en-fi/blogs/featured-blog/exploring-the-unique-appeal-and-features-of-torso-sex-dolls",3,3,0,0,0,0,3,,0,0,0,0,1,1,,3,3,3,0,0,0,0,3,,0,0,0,0,1,1,,3,0,0,,,,,0,,,,,,0,0,,0
"Blog Article","/blogs/dolls-info-qustions/dangerous-and-fascinating-the-irresistible-allure-of-mermaid-sex-doll",3,3,0,0,0,0,5,,0,0,0,48.666666666666664,1.6666666666666667,0.6666666666666666,,2,3,3,0,0,0,0,5,,0,0,0,48.666666666666664,1.6666666666666667,0.6666666666666666,,2,0,0,,,,,0,,,,,0,0,0,,0
"Product","/products/f2344a-151cm4-9ft-65kg-t-cup-hips-over-155-jasmine-bbw-biggest-ass-huge-breast-movable-jaw-sex-doll%E4%B8%A8climax-doll-pro",3,3,0,0,0,0,7,,0,0,0,115,2.3333333333333335,0.6666666666666666,,2,3,3,0,0,0,0,7,,0,0,0,115,2.3333333333333335,0.6666666666666666,,2,0,0,,,,,0,,,,,0,0,0,,0
,"/en-fi/collections/all",3,3,1,0,0,0,57,,0.3333333333333333,0,0,1258,19,0,,0,3,3,1,0,0,0,57,,0.3333333333333333,0,0,1258,19,0,,0,0,0,0,,,,0,,0,,,0,0,,,
"Checkout","/orders/f548497c60290a7fd9892b6f86533002",1,3,0,0,0,0,5,,0,0,0,10.333333333333334,1.6666666666666667,0.3333333333333333,,1,1,3,0,0,0,0,5,,0,0,0,10.333333333333334,1.6666666666666667,0.3333333333333333,,1,0,0,,,,,0,,,,,0,0,0,,0
"Blog Article","/blogs/dolls-info-qustions/porn-stars-brought-to-life-the-irontech-porn-star-series-that-ignites-your-desire",3,3,0,0,0,0,11,,0,0,0,169.66666666666666,3.6666666666666665,0.6666666666666666,,2,3,3,0,0,0,0,11,,0,0,0,169.66666666666666,3.6666666666666665,0.6666666666666666,,2,0,0,,,,,0,,,,,0,0,0,,0
"Product","/products/silicone-butt-torso-lightweight-a782",3,3,1,1,1,0.3333333333333333,56,1,0.3333333333333333,0.3333333333333333,1,1866.6666666666667,18.666666666666668,0.3333333333333333,1,1,3,3,1,1,1,0.3333333333333333,56,1,0.3333333333333333,0.3333333333333333,1,1866.6666666666667,18.666666666666668,0.3333333333333333,1,1,0,0,0,0,0,0,0,0,0,0,0,0,0,0,0,0
,"/en-ca/collections/mini-flat-chest-sex-doll",3,3,0,0,0,0,14,,0,0,0,371.6666666666667,4.666666666666667,0.6666666666666666,,2,3,3,0,0,0,0,14,,0,0,0,371.6666666666667,4.666666666666667,0.6666666666666666,,2,0,0,,,,,0,,,,,0,0,0,,0
"Product","/products/lusandy-big-ass-torso-gel-silicone-22lb-sex-doll",2,3,0,0,0,0,12,,0,0,0,385.3333333333333,4,0.6666666666666666,,2,2,3,0,0,0,0,12,,0,0,0,385.3333333333333,4,0.6666666666666666,,2,0,0,,,,,0,,,,,0,0,0,,0
"Collection","/collections/irontech-doll",3,3,0,0,0,0,8,,0,0,0,104,2.6666666666666665,0.6666666666666666,,2,3,3,0,0,0,0,8,,0,0,0,104,2.6666666666666665,0.6666666666666666,,2,0,0,,,,,0,,,,,0,0,0,,0
"Blog Article","/blogs/dolls-info-qustions/comprehensive-analysis-of-ai-sex-doll-automatic-tongue-function",3,3,0,0,0,0,14,,0,0,0,174.66666666666666,4.666666666666667,0.3333333333333333,,1,3,3,0,0,0,0,14,,0,0,0,174.66666666666666,4.666666666666667,0.3333333333333333,,1,0,0,,,,,0,,,,,0,0,0,,0
,"/de/collections/male-sex-doll",3,3,0,0,0,0,3,,0,0,0,0,1,1,,3,3,3,0,0,0,0,3,,0,0,0,0,1,1,,3,0,0,,,,,0,,,,,,0,0,,0
,"/en-ca/products/top-fire-doll-170cm-silicone-doll-f8602",3,3,0,0,0,0,4,,0,0,0,13.333333333333334,1.3333333333333333,0.6666666666666666,,2,3,3,0,0,0,0,4,,0,0,0,13.333333333333334,1.3333333333333333,0.6666666666666666,,2,0,0,,,,,0,,,,,0,0,0,,0
,"/de/blogs/dolls-info-qustions/what-to-do-if-your-sex-doll-is-too-heavy-a-practical-guide",2,3,0,0,0,0,3,,0,0,0,0,1,1,,3,2,3,0,0,0,0,3,,0,0,0,0,1,1,,3,0,0,,,,,0,,,,,,0,0,,0
"Custom Page","/pages/sex-doll-video-4",3,3,0,0,0,0,6,,0,0,0,22.333333333333332,2,0.6666666666666666,,2,3,3,0,0,0,0,6,,0,0,0,22.333333333333332,2,0.6666666666666666,,2,0,0,,,,,0,,,,,0,0,0,,0
"Blog Article","/blogs/dolls-info-qustions/new-sigafun-series-officially-released-every-model-is-irresistible",3,3,0,0,0,0,3,,0,0,0,0,1,1,,3,3,3,0,0,0,0,3,,0,0,0,0,1,1,,3,0,0,,,,,0,,,,,,0,0,,0
"Blog Article","/blogs/dolls-info-qustions/in-depth-review-of-chunmomo-bezlya-collaborative-celebrity-sex-doll",3,3,0,0,0,0,8,,0,0,0,878.6666666666666,2.6666666666666665,0.3333333333333333,,1,3,3,0,0,0,0,8,,0,0,0,878.6666666666666,2.6666666666666665,0.3333333333333333,,1,0,0,,,,,0,,,,,0,0,0,,0
"Product","/products/p103-5-28lb-strong-suction-cup-silicone-hentai-male-mini-sex-doll-with-dildo-tayuta",3,3,0,0,0,0,3,,0,0,0,0,1,1,,3,3,3,0,0,0,0,3,,0,0,0,0,1,1,,3,0,0,,,,,0,,,,,,0,0,,0
"Product","/products/f1618-163cm-5ft3-g-cup-fat-girl-realistic-silicone-head-sex-doll-rosretty-doll",2,3,0,0,0,0,14,,0,0,0,222,4.666666666666667,0.6666666666666666,,2,2,3,0,0,0,0,14,,0,0,0,222,4.666666666666667,0.6666666666666666,,2,0,0,,,,,0,,,,,0,0,0,,0
"Product","/products/f4283-163cm5ft3-34kg-c-cup-asian-tpe-real-femboy-sex-doll-wm-doll",2,3,1,0,0,0,65,,0.3333333333333333,0,0,2756.3333333333335,21.666666666666668,0,,0,2,3,1,0,0,0,65,,0.3333333333333333,0,0,2756.3333333333335,21.666666666666668,0,,0,0,0,0,,,,0,,0,,,0,0,,,
"Collection","/collections/1600-1999-sex-doll",3,3,0,0,0,0,5,,0,0,0,10,1.6666666666666667,0.3333333333333333,,1,3,3,0,0,0,0,5,,0,0,0,10,1.6666666666666667,0.3333333333333333,,1,0,0,,,,,0,,,,,0,0,0,,0
"Collection","/collections/zelex%C2%AE-sle-doll-factory-photos",3,3,0,0,0,0,16,,0,0,0,375.3333333333333,5.333333333333333,0.3333333333333333,,1,3,3,0,0,0,0,16,,0,0,0,375.3333333333333,5.333333333333333,0.3333333333333333,,1,0,0,,,,,0,,,,,0,0,0,,0
,"/en-ca/collections/anime-mini-sex-doll",3,3,0,0,0,0,22,,0,0,0,185,7.333333333333333,0,,0,3,3,0,0,0,0,22,,0,0,0,185,7.333333333333333,0,,0,0,0,,,,,0,,,,,0,0,,,
,"/en-ca/blogs/dolls-info-qustions/gentlemans-paradise-exploring-nsfw-anime-figures-and-sex-dolls",3,3,0,0,0,0,5,,0,0,0,61,1.6666666666666667,0.6666666666666666,,2,3,3,0,0,0,0,5,,0,0,0,61,1.6666666666666667,0.6666666666666666,,2,0,0,,,,,0,,,,,0,0,0,,0
"Blog Article","/blogs/dolls-info-qustions/bringing-fantasies-to-life-the-ultimate-sex-doll-roleplay-experience",3,3,0,0,0,0,3,,0,0,0,0,1,1,,3,3,3,0,0,0,0,3,,0,0,0,0,1,1,,3,0,0,,,,,0,,,,,,0,0,,0
"Product","/products/f500-silicone-love-doll-starbery-doll",1,3,0,0,0,0,12,,0,0,0,505,4,0,,0,1,3,0,0,0,0,12,,0,0,0,505,4,0,,0,0,0,,,,,0,,,,,0,0,,,
,"/en-ca/products/57-32lb-sex-doll-torso-with-life-size-ass-and-soft-skin-512-sex-doll-torso",3,3,1,1,0,0,5,0,0.3333333333333333,0.3333333333333333,0,15.666666666666666,1.6666666666666667,0.6666666666666666,0,2,3,3,1,1,0,0,5,0,0.3333333333333333,0.3333333333333333,0,15.666666666666666,1.6666666666666667,0.6666666666666666,0,2,0,0,0,0,,,0,,0,0,,0,0,0,,0
"Collection","/collections/europe-sex-doll-heads-1",3,3,0,0,0,0,5,,0,0,0,25.333333333333332,1.6666666666666667,0.6666666666666666,,2,3,3,0,0,0,0,5,,0,0,0,25.333333333333332,1.6666666666666667,0.6666666666666666,,2,0,0,,,,,0,,,,,0,0,0,,0
,"/en-ca/blogs/dolls-info-qustions/sex-experts-recommend-top-ten-sex-pillows-to-enhance-your-bbw-sex-doll-experience",3,3,0,0,0,0,3,,0,0,0,0,1,1,,3,3,3,0,0,0,0,3,,0,0,0,0,1,1,,3,0,0,,,,,0,,,,,,0,0,,0
"Custom Page","/pages/sy-rotating-tongue",3,3,1,1,0,0,35,0,0.3333333333333333,0.3333333333333333,0,977,11.666666666666666,0,0,0,3,3,1,1,0,0,35,0,0.3333333333333333,0.3333333333333333,0,977,11.666666666666666,0,0,0,0,0,0,0,,,0,,0,0,,0,0,,,
,"/de/collections/rosertty-doll",2,3,0,0,0,0,5,,0,0,0,5.333333333333333,1.6666666666666667,0.3333333333333333,,1,2,3,0,0,0,0,5,,0,0,0,5.333333333333333,1.6666666666666667,0.3333333333333333,,1,0,0,,,,,0,,,,,0,0,0,,0
,"/de/collections/curvy-sex-dolls",3,3,0,0,0,0,16,,0,0,0,75.33333333333333,5.333333333333333,0.6666666666666666,,2,3,3,0,0,0,0,16,,0,0,0,75.33333333333333,5.333333333333333,0.6666666666666666,,2,0,0,,,,,0,,,,,0,0,0,,0
"Product","/products/t239-mini-bbw-sex-doll-torso-collection-fat-belly",3,3,0,0,0,0,9,,0,0,0,567,3,0.3333333333333333,,1,3,3,0,0,0,0,9,,0,0,0,567,3,0.3333333333333333,,1,0,0,,,,,0,,,,,0,0,0,,0
"Collection","/collections/cst-doll",3,3,0,0,0,0,19,,0,0,0,467,6.333333333333333,0.6666666666666666,,2,3,3,0,0,0,0,19,,0,0,0,467,6.333333333333333,0.6666666666666666,,2,0,0,,,,,0,,,,,0,0,0,,0
"Blog Article","/blogs/dolls-info-qustions/how-to-install-a-removable-vaginal-insert-into-a-sex-doll",3,3,0,0,0,0,3,,0,0,0,0,1,1,,3,3,3,0,0,0,0,3,,0,0,0,0,1,1,,3,0,0,,,,,0,,,,,,0,0,,0
,"/en-ca/products/599-83lb-sex-doll-torso-with-realistic-oversized-ass",3,3,0,0,0,0,9,,0,0,0,666.3333333333334,3,0.3333333333333333,,1,3,3,0,0,0,0,9,,0,0,0,666.3333333333334,3,0.3333333333333333,,1,0,0,,,,,0,,,,,0,0,0,,0
"Product","/collections/sex-doll-torso/products/631-lifesize-sex-doll-torso",3,3,0,0,0,0,4,,0,0,0,40,1.3333333333333333,0.6666666666666666,,2,3,3,0,0,0,0,4,,0,0,0,40,1.3333333333333333,0.6666666666666666,,2,0,0,,,,,0,,,,,0,0,0,,0
"Blog Article","/blogs/dolls-info-qustions/can-dildos-be-installed-on-sex-dolls-of-course",3,3,0,0,0,0,3,,0,0,0,0,1,1,,3,3,3,0,0,0,0,3,,0,0,0,0,1,1,,3,0,0,,,,,0,,,,,,0,0,,0
"Collection","/collections/dildo-male-sex-doll",3,3,0,0,0,0,5,,0,0,0,76.33333333333333,1.6666666666666667,0.6666666666666666,,2,3,3,0,0,0,0,5,,0,0,0,76.33333333333333,1.6666666666666667,0.6666666666666666,,2,0,0,,,,,0,,,,,0,0,0,,0
"Collection","/collections/blonde-sex-dolls",3,3,0,0,0,0,3,,0,0,0,0,1,1,,3,3,3,0,0,0,0,3,,0,0,0,0,1,1,,3,0,0,,,,,0,,,,,,0,0,,0
"List of Collections","/collections",3,3,0,0,0,0,6,,0,0,0,540.3333333333334,2,0.6666666666666666,,2,3,3,0,0,0,0,6,,0,0,0,540.3333333333334,2,0.6666666666666666,,2,0,0,,,,,0,,,,,0,0,0,,0
"Product","/products/f2430a-158cm-5ft2-40kg-x-cup-bbs-lustina-weight-reduction-full-silicone-ssbbw-sex-doll-starpery-doll",3,3,0,0,0,0,3,,0,0,0,0,1,1,,3,3,3,0,0,0,0,3,,0,0,0,0,1,1,,3,0,0,,,,,0,,,,,,0,0,,0
"Collection","/collections/fake-ass-500-999",3,3,0,0,0,0,7,,0,0,0,27.333333333333332,2.3333333333333335,0.3333333333333333,,1,3,3,0,0,0,0,7,,0,0,0,27.333333333333332,2.3333333333333335,0.3333333333333333,,1,0,0,,,,,0,,,,,0,0,0,,0
"Collection","/collections/funwest-doll",3,3,0,0,0,0,10,,0,0,0,100.33333333333333,3.3333333333333335,0.3333333333333333,,1,3,3,0,0,0,0,10,,0,0,0,100.33333333333333,3.3333333333333335,0.3333333333333333,,1,0,0,,,,,0,,,,,0,0,0,,0
"Blog Article","/blogs/dolls-info-qustions/is-a-half-torso-sex-doll-worth-it-the-honest-breakdown",3,3,0,0,0,0,3,,0,0,0,0,1,1,,3,3,3,0,0,0,0,3,,0,0,0,0,1,1,,3,0,0,,,,,0,,,,,,0,0,,0
"Blog Article","/blogs/dolls-info-qustions/how-to-use-a-doggy-dildo-doll-from-beginner-basics-to-7-practical-positions",3,3,0,0,0,0,4,,0,0,0,13.333333333333334,1.3333333333333333,0.6666666666666666,,2,3,3,0,0,0,0,4,,0,0,0,13.333333333333334,1.3333333333333333,0.6666666666666666,,2,0,0,,,,,0,,,,,0,0,0,,0
"Blog Article","/blogs/dolls-info-qustions/starpery-doll-2025-full-upgrade-three-major-innovations-enhancing-the-user-experience",3,3,0,0,0,0,3,,0,0,0,0,1,1,,3,3,3,0,0,0,0,3,,0,0,0,0,1,1,,3,0,0,,,,,0,,,,,,0,0,,0
"Product","/products/f5312-j-cup-ros-head-sex-doll-se-doll",2,3,0,0,0,0,3,,0,0,0,0,1,1,,3,2,3,0,0,0,0,3,,0,0,0,0,1,1,,3,0,0,,,,,0,,,,,,0,0,,0
"Blog Article","/blogs/dolls-info-qustions/why-are-furry-sex-dolls-so-popular-a-deep-dive-into-5-core-attractions",3,3,0,0,0,0,9,,0,0,0,59.666666666666664,3,0.3333333333333333,,1,3,3,0,0,0,0,9,,0,0,0,59.666666666666664,3,0.3333333333333333,,1,0,0,,,,,0,,,,,0,0,0,,0
,"/en-ca/collections/sex-doll-videos",3,3,0,0,0,0,4,,0,0,0,227,1.3333333333333333,0.6666666666666666,,2,3,3,0,0,0,0,4,,0,0,0,227,1.3333333333333333,0.6666666666666666,,2,0,0,,,,,0,,,,,0,0,0,,0
"Blog Article","/blogs/sex-doll-torso-blog/must-have-in-july-high-value-bbw-torso-sex-doll-recommendations",3,3,0,0,0,0,3,,0,0,0,0,1,1,,3,3,3,0,0,0,0,3,,0,0,0,0,1,1,,3,0,0,,,,,0,,,,,,0,0,,0
"Collection","/collections/sex-doll-lingerie",3,3,0,0,0,0,8,,0,0,0,32,2.6666666666666665,0,,0,3,3,0,0,0,0,8,,0,0,0,32,2.6666666666666665,0,,0,0,0,,,,,0,,,,,0,0,,,
"Blog Article","/blogs/dolls-info-qustions/how-to-hide-your-full-size-sex-doll",3,3,0,0,0,0,3,,0,0,0,0,1,1,,3,3,3,0,0,0,0,3,,0,0,0,0,1,1,,3,0,0,,,,,0,,,,,,0,0,,0
"Product","/products/t442-91-93lb-silicone-big-booty-life-sex-doll-torso-lovenestle",3,3,0,0,0,0,3,,0,0,0,0,1,1,,3,3,3,0,0,0,0,3,,0,0,0,0,1,1,,3,0,0,,,,,0,,,,,,0,0,,0
"Collection","/collections/climax-doll-ultra-series",3,3,0,0,0,0,6,,0,0,0,25.333333333333332,2,0.3333333333333333,,1,3,3,0,0,0,0,6,,0,0,0,25.333333333333332,2,0.3333333333333333,,1,0,0,,,,,0,,,,,0,0,0,,0
"Blog Article","/blogs/dolls-info-qustions/7-sex-doll-delivery-steps",2,3,0,0,0,0,5,,0,0,0,163.66666666666666,1.6666666666666667,0.6666666666666666,,2,2,3,0,0,0,0,5,,0,0,0,163.66666666666666,1.6666666666666667,0.6666666666666666,,2,0,0,,,,,0,,,,,0,0,0,,0
"Product","/products/t643-plump-sexual-bbw-sex-toy-torso",3,3,0,0,0,0,44,,0,0,0,646.6666666666666,14.666666666666666,0.3333333333333333,,1,3,3,0,0,0,0,44,,0,0,0,646.6666666666666,14.666666666666666,0.3333333333333333,,1,0,0,,,,,0,,,,,0,0,0,,0
"Product","/products/a892-sexy-fat-lady-ass-silicone-sex-doll-torso-ass-md-doll",3,3,0,0,0,0,10,,0,0,0,166.33333333333334,3.3333333333333335,0,,0,3,3,0,0,0,0,10,,0,0,0,166.33333333333334,3.3333333333333335,0,,0,0,0,,,,,0,,,,,0,0,,,
,"/de/collections/sex-doll-videos",3,3,0,0,0,0,44,,0,0,0,598.6666666666666,14.666666666666666,0.3333333333333333,,1,3,3,0,0,0,0,44,,0,0,0,598.6666666666666,14.666666666666666,0.3333333333333333,,1,0,0,,,,,0,,,,,0,0,0,,0
"Collection","/collections/facial-expressions-ai-sex-doll",3,3,0,0,0,0,6,,0,0,0,40,2,0.6666666666666666,,2,3,3,0,0,0,0,6,,0,0,0,40,2,0.6666666666666666,,2,0,0,,,,,0,,,,,0,0,0,,0
,"/de/blogs/dolls-info-qustions/in-depth-review-of-chunmomo-bezlya-collaborative-celebrity-sex-doll",3,3,0,0,0,0,6,,0,0,0,352.6666666666667,2,0.6666666666666666,,2,3,3,0,0,0,0,6,,0,0,0,352.6666666666667,2,0.6666666666666666,,2,0,0,,,,,0,,,,,0,0,0,,0
"Collection","/collections/sigafun-doll",3,3,0,0,0,0,3,,0,0,0,2.3333333333333335,1,1,,3,3,3,0,0,0,0,3,,0,0,0,2.3333333333333335,1,1,,3,0,0,,,,,0,,,,,0,0,0,,0
"Blog Article","/blogs/featured-blog/yeloly-new-product-launch-which-sex-doll-torso-are-worth-your-attention",2,3,0,0,0,0,3,,0,0,0,0,1,1,,3,2,3,0,0,0,0,3,,0,0,0,0,1,1,,3,0,0,,,,,0,,,,,,0,0,,0
"Product","/products/p101-0-88lb-18in-double-realistic-dildo-with-snakehead-silicone-hentai-male-sex-doll-tayuta",3,3,1,1,0,0,21,0,0.3333333333333333,0.3333333333333333,0,566,7,0.6666666666666666,0,2,3,3,1,1,0,0,21,0,0.3333333333333333,0.3333333333333333,0,566,7,0.6666666666666666,0,2,0,0,0,0,,,0,,0,0,,0,0,0,,0
"Collection","/collections/silver-fox-male-sex-doll",3,3,0,0,0,0,4,,0,0,0,3.6666666666666665,1.3333333333333333,0.6666666666666666,,2,3,3,0,0,0,0,4,,0,0,0,3.6666666666666665,1.3333333333333333,0.6666666666666666,,2,0,0,,,,,0,,,,,0,0,0,,0
,"/en-fi/blogs/dolls-info-qustions/gentlemans-paradise-exploring-nsfw-anime-figures-and-sex-dolls",3,3,0,0,0,0,35,,0,0,0,172,11.666666666666666,0.6666666666666666,,2,3,3,0,0,0,0,35,,0,0,0,172,11.666666666666666,0.6666666666666666,,2,0,0,,,,,0,,,,,0,0,0,,0
,"/en-fi/blogs/dolls-info-qustions/discover-the-secrets-of-the-vagina",3,3,0,0,0,0,7,,0,0,0,4,2.3333333333333335,0.6666666666666666,,2,3,3,0,0,0,0,7,,0,0,0,4,2.3333333333333335,0.6666666666666666,,2,0,0,,,,,0,,,,,0,0,0,,0
"Custom Page","/pages/sex-doll-review-video-collection",3,3,0,0,0,0,24,,0,0,0,257.3333333333333,8,0.6666666666666666,,2,3,3,0,0,0,0,24,,0,0,0,257.3333333333333,8,0.6666666666666666,,2,0,0,,,,,0,,,,,0,0,0,,0
"Collection","/collections/big-boobs-japanese-sex-doll",3,3,0,0,0,0,55,,0,0,0,2951,18.333333333333332,0,,0,3,3,0,0,0,0,55,,0,0,0,2951,18.333333333333332,0,,0,0,0,,,,,0,,,,,0,0,,,
"Product","/products/t890-bbw-realistic-sex-doll-torso-with-head-se-doll",3,3,0,0,0,0,103,,0,0,0,1011.6666666666666,34.333333333333336,0,,0,3,3,0,0,0,0,103,,0,0,0,1011.6666666666666,34.333333333333336,0,,0,0,0,,,,,0,,,,,0,0,,,
,"/en-fi/blogs/dolls-info-qustions/makeup-for-hentai-sex-doll-create-your-own-anime-goddess",3,3,0,0,0,0,3,,0,0,0,0,1,1,,3,3,3,0,0,0,0,3,,0,0,0,0,1,1,,3,0,0,,,,,0,,,,,,0,0,,0
"Product","/products/t290-72-10-lbs-doris-ros-life-size-silicone-sex-doll-torso-with-head-in-stock-usa-europe-max-series",3,3,0,0,0,0,4,,0,0,0,4.666666666666667,1.3333333333333333,0.6666666666666666,,2,3,3,0,0,0,0,4,,0,0,0,4.666666666666667,1.3333333333333333,0.6666666666666666,,2,0,0,,,,,0,,,,,0,0,0,,0
"Product","/products/f9300-150cm-ros-silicone-head-alien-sex-doll-shemale-dildo",3,3,0,0,0,0,5,,0,0,0,277,1.6666666666666667,0.3333333333333333,,1,3,3,0,0,0,0,5,,0,0,0,277,1.6666666666666667,0.3333333333333333,,1,0,0,,,,,0,,,,,0,0,0,,0
"Product","/products/f5928-165cm-5ft4-37-5kg-f-cup-realistic-lifesize-silicone-celebrity-sex-doll-zelex-doll",3,3,0,0,0,0,15,,0,0,0,760.3333333333334,5,0,,0,3,3,0,0,0,0,15,,0,0,0,760.3333333333334,5,0,,0,0,0,,,,,0,,,,,0,0,,,
,"/de/pages/sex-doll-video",3,3,0,0,0,0,25,,0,0,0,218,8.333333333333334,0.3333333333333333,,1,3,3,0,0,0,0,25,,0,0,0,218,8.333333333333334,0.3333333333333333,,1,0,0,,,,,0,,,,,0,0,0,,0
,"/de/collections/big-ass-sex-doll-life-size",3,3,0,0,0,0,3,,0,0,0,0,1,1,,3,3,3,0,0,0,0,3,,0,0,0,0,1,1,,3,0,0,,,,,0,,,,,,0,0,,0
"Blog Article","/blogs/dolls-info-qustions/sex-doll-transformation-guide-how-to-revamp-and-create-a-one-of-a-kind-look",3,3,0,0,0,0,3,,0,0,0,0,1,1,,3,3,3,0,0,0,0,3,,0,0,0,0,1,1,,3,0,0,,,,,0,,,,,,0,0,,0
"Product","/products/f4893-huge-butt-tpe-bbw-sex-dolls%E4%B8%A8sy-doll",3,3,0,0,0,0,18,,0,0,0,638,6,0.3333333333333333,,1,3,3,0,0,0,0,18,,0,0,0,638,6,0.3333333333333333,,1,0,0,,,,,0,,,,,0,0,0,,0
"Product","/products/f5544-164cm5ft4-43kg-f-cup-black-tpe-sex-doll-irontech-doll",3,3,0,0,0,0,34,,0,0,0,620.3333333333334,11.333333333333334,0,,0,3,3,0,0,0,0,34,,0,0,0,620.3333333333334,11.333333333333334,0,,0,0,0,,,,,0,,,,,0,0,,,
"Blog Article","/blogs/dolls-info-qustions/magic-technology-zelex-sex-doll-torso-sle-series",2,2,0,0,0,0,2,,0,0,0,0,1,1,,2,2,2,0,0,0,0,2,,0,0,0,0,1,1,,2,0,0,,,,,0,,,,,,0,0,,0
"Product","/products/f3278-154cm-5ft134kg-d-cup-tpe-sexy-woman-full-body-asian-sex-doll-yl-doll",2,2,0,0,0,0,2,,0,0,0,0,1,1,,2,2,2,0,0,0,0,2,,0,0,0,0,1,1,,2,0,0,,,,,0,,,,,,0,0,,0
"Collection","/collections/demo",1,2,0,0,0,0,2,,0,0,0,0,1,1,,2,1,2,0,0,0,0,2,,0,0,0,0,1,1,,2,0,0,,,,,0,,,,,,0,0,,0
"Product","/products/top-fire-doll-170cm-silicone-full-sex-doll-f8601",1,2,0,0,0,0,13,,0,0,0,364.5,6.5,0.5,,1,1,2,0,0,0,0,13,,0,0,0,364.5,6.5,0.5,,1,0,0,,,,,0,,,,,0,0,0,,0
"Blog Article","/blogs/dolls-info-qustions/how-to-effectively-reduce-the-weight-of-a-bbw-sex-doll-torso-tips-and-advice",2,2,0,0,0,0,4,,0,0,0,20.5,2,0.5,,1,2,2,0,0,0,0,4,,0,0,0,20.5,2,0.5,,1,0,0,,,,,0,,,,,0,0,0,,0
"Blog Article","/blogs/dolls-info-qustions/the-ultimate-guide-to-starpery-sex-dolls-the-realism-and-innovation",2,2,0,0,0,0,2,,0,0,0,0,1,1,,2,2,2,0,0,0,0,2,,0,0,0,0,1,1,,2,0,0,,,,,0,,,,,,0,0,,0
,"/en-ca/products/f1444-aibei-163cm-e-cup-bbw-life-size-sex-doll",2,2,0,0,0,0,2,,0,0,0,0,1,1,,2,2,2,0,0,0,0,2,,0,0,0,0,1,1,,2,0,0,,,,,0,,,,,,0,0,,0
"Product","/products/f4558-170cm5-7ft-40kg-d-cup-medium-butt-silicone-real-fit-sex-doll%E4%B8%A8sy-doll-1",1,2,0,0,0,0,22,,0,0,0,412,11,0.5,,1,1,2,0,0,0,0,22,,0,0,0,412,11,0.5,,1,0,0,,,,,0,,,,,0,0,0,,0
"Product","/products/f2434-159cm5-2ft-39kg-d-cup-ai-chat-life-size-silicone-head-sex-doll-sigafun-doll",2,2,0,0,0,0,2,,0,0,0,0,1,1,,2,2,2,0,0,0,0,2,,0,0,0,0,1,1,,2,0,0,,,,,0,,,,,,0,0,,0
,"/en-ca/blogs/dolls-info-qustions/your-first-sex-doll-the-ultimate-beginner-s-guide-to-using-her-right",2,2,0,0,0,0,2,,0,0,0,0,1,1,,2,2,2,0,0,0,0,2,,0,0,0,0,1,1,,2,0,0,,,,,0,,,,,,0,0,,0
"Product","/products/590-sex-doll-torso",1,2,0,0,0,0,22,,0,0,0,554,11,0.5,,1,1,2,0,0,0,0,22,,0,0,0,554,11,0.5,,1,0,0,,,,,0,,,,,0,0,0,,0
"Collection","/collections/smiling-sex-doll",1,2,0,0,0,0,3,,0,0,0,11.5,1.5,0.5,,1,1,2,0,0,0,0,3,,0,0,0,11.5,1.5,0.5,,1,0,0,,,,,0,,,,,0,0,0,,0
"Blog Article","/blogs/dolls-info-qustions/elevate-your-experience-popular-ai-girlfriend-software-to-enhance-your-connection-with-sex-dolls",2,2,0,0,0,0,2,,0,0,0,0,1,1,,2,2,2,0,0,0,0,2,,0,0,0,0,1,1,,2,0,0,,,,,0,,,,,,0,0,,0
"Product","/products/yeloly-silicone-ass-sex-doll-torso-a760",2,2,0,0,0,0,19,,0,0,0,692,9.5,0.5,,1,2,2,0,0,0,0,19,,0,0,0,692,9.5,0.5,,1,0,0,,,,,0,,,,,0,0,0,,0
"Blog Article","/blogs/dolls-info-qustions/oral-sex-cleaning-maintaining-the-cleanliness-of-your-sex-doll-s-oral-cavity",2,2,0,0,0,0,2,,0,0,0,0,1,1,,2,2,2,0,0,0,0,2,,0,0,0,0,1,1,,2,0,0,,,,,0,,,,,,0,0,,0
"Product","/products/f4871-162cm-5ft2-40kg-x-cup-bbs-ssbbw-sex-doll-body-weight-loss-starpery-doll",2,2,0,0,0,0,7,,0,0,0,136,3.5,0,,0,2,2,0,0,0,0,7,,0,0,0,136,3.5,0,,0,0,0,,,,,0,,,,,0,0,,,
"Product","/products/t393-8-9lb-heketa-anime-hentai-sex-doll-ass-mrl",1,2,0,0,0,0,14,,0,0,0,217.5,7,0.5,,1,1,2,0,0,0,0,14,,0,0,0,217.5,7,0.5,,1,0,0,,,,,0,,,,,0,0,0,,0
,"/en-ca/blogs/dolls-info-qustions/is-a-fully-loose-skeleton-full-body-doll-worth-it",2,2,0,0,0,0,3,,0,0,0,128,1.5,0.5,,1,2,2,0,0,0,0,3,,0,0,0,128,1.5,0.5,,1,0,0,,,,,0,,,,,0,0,0,,0
"Collection","/collections/ridmii-doll",2,2,0,0,0,0,2,,0,0,0,1.5,1,1,,2,2,2,0,0,0,0,2,,0,0,0,1.5,1,1,,2,0,0,,,,,0,,,,,0,0,0,,0
"Product","/products/b43-silicone-sex-doll-big-boobs-torso-gel-breasts",2,2,0,0,0,0,2,,0,0,0,0,1,1,,2,2,2,0,0,0,0,2,,0,0,0,0,1,1,,2,0,0,,,,,0,,,,,,0,0,,0
"Collection","/collections/top-fire-doll-factory-photos",2,2,0,0,0,0,12,,0,0,0,259,6,0,,0,2,2,0,0,0,0,12,,0,0,0,259,6,0,,0,0,0,,,,,0,,,,,0,0,,,
"Blog Article","/blogs/dolls-info-qustions/the-perfect-quality-of-sex-dolls-what-you-should-know",2,2,0,0,0,0,2,,0,0,0,0,1,1,,2,2,2,0,0,0,0,2,,0,0,0,0,1,1,,2,0,0,,,,,0,,,,,,0,0,,0
,"/ja/cart",2,2,0,0,0,0,2,,0,0,0,0,1,1,,2,2,2,0,0,0,0,2,,0,0,0,0,1,1,,2,0,0,,,,,0,,,,,,0,0,,0
"Blog Article","/blogs/dolls-info-qustions/quick-orgasm-top-7-tips-for-anal-sex-with-sex-dolls",2,2,0,0,0,0,2,,0,0,0,0,1,1,,2,2,2,0,0,0,0,2,,0,0,0,0,1,1,,2,0,0,,,,,0,,,,,,0,0,,0
"Product","/products/t717-44-1lb-25-2in-bbw-silicone-sex-doll-torso",2,2,0,0,0,0,2,,0,0,0,0,1,1,,2,2,2,0,0,0,0,2,,0,0,0,0,1,1,,2,0,0,,,,,0,,,,,,0,0,,0
"Product","/products/h422-ros-free-hair-impants-real-oral-movable-jaw-silicone-sex-doll-head-sy-doll",2,2,1,0,0,0,4,,0.5,0,0,78.5,2,0.5,,1,2,2,1,0,0,0,4,,0.5,0,0,78.5,2,0.5,,1,0,0,0,,,,0,,0,,,0,0,0,,0
"Collection","/collections/irontech-ai-sex-doll",2,2,0,0,0,0,4,,0,0,0,116.5,2,0.5,,1,2,2,0,0,0,0,4,,0,0,0,116.5,2,0.5,,1,0,0,,,,,0,,,,,0,0,0,,0
"Blog Article","/blogs/dolls-info-qustions/how-to-choose-a-sex-doll-torso-that-matches-your-height",2,2,0,0,0,0,2,,0,0,0,0,1,1,,2,2,2,0,0,0,0,2,,0,0,0,0,1,1,,2,0,0,,,,,0,,,,,,0,0,,0
,"/en-ca/collections/under-1000-full-doll",2,2,0,0,0,0,20,,0,0,0,864,10,0,,0,2,2,0,0,0,0,20,,0,0,0,864,10,0,,0,0,0,,,,,0,,,,,0,0,,,
"Collection","/collections/movie-music-celebrities",2,2,0,0,0,0,19,,0,0,0,424,9.5,0,,0,2,2,0,0,0,0,19,,0,0,0,424,9.5,0,,0,0,0,,,,,0,,,,,0,0,,,
,"/en-ca/blogs/featured-blog/over-10-effective-tips-for-drying-sex-doll-torso-vagina-and-anal",2,2,0,0,0,0,2,,0,0,0,0,1,1,,2,2,2,0,0,0,0,2,,0,0,0,0,1,1,,2,0,0,,,,,0,,,,,,0,0,,0
"Product","/products/t966-76cm-2-5ft-36kg-g-cup-silicone-head-cheap-huge-breast-bbw-sex-doll-torso-with-head-rosretty-doll",2,2,0,0,0,0,11,,0,0,0,328.5,5.5,0,,0,2,2,0,0,0,0,11,,0,0,0,328.5,5.5,0,,0,0,0,,,,,0,,,,,0,0,,,
"Product","/products/t478-14-3-lbs-e-cup-realistic-half-body-silicone-life-size-sex-doll-torso-sy-doll",2,2,0,0,0,0,2,,0,0,0,0,1,1,,2,2,2,0,0,0,0,2,,0,0,0,0,1,1,,2,0,0,,,,,0,,,,,,0,0,,0
"Product","/products/f6098-167cm-5-5ft-53kg-d-cup-asian-ros-silicone-sex-doll-shedoll",2,2,0,0,0,0,4,,0,0,0,51.5,2,0.5,,1,2,2,0,0,0,0,4,,0,0,0,51.5,2,0.5,,1,0,0,,,,,0,,,,,0,0,0,,0
"Blog Article","/blogs/dolls-info-qustions/full-size-sex-dolls-the-most-popular-types",2,2,0,0,0,0,18,,0,0,0,1292,9,0.5,,1,2,2,0,0,0,0,18,,0,0,0,1292,9,0.5,,1,0,0,,,,,0,,,,,0,0,0,,0
"Product","/products/f9405-ros-silicone-asian-life-sized-sex-doll-aitia-doll",2,2,0,0,0,0,2,,0,0,0,0,1,1,,2,2,2,0,0,0,0,2,,0,0,0,0,1,1,,2,0,0,,,,,0,,,,,,0,0,,0
"Collection","/collections/lilydoll",2,2,1,0,0,0,57,,0.5,0,0,635.5,28.5,0.5,,1,2,2,1,0,0,0,57,,0.5,0,0,635.5,28.5,0.5,,1,0,0,0,,,,0,,0,,,0,0,0,,0
"Product","/products/irontech-doll-164cm-silicone-sex-doll-in-stock-usa-f3207",2,2,0,0,0,0,2,,0,0,0,0,1,1,,2,2,2,0,0,0,0,2,,0,0,0,0,1,1,,2,0,0,,,,,0,,,,,,0,0,,0
"Product","/products/f2454-164cm5-4ft-39kg-g-cup-amani-life-size-silicone-head-sex-doll-in-stock-us-sigafun-doll",2,2,0,0,0,0,16,,0,0,0,1127,8,0,,0,2,2,0,0,0,0,16,,0,0,0,1127,8,0,,0,0,0,,,,,0,,,,,0,0,,,
"Blog Article","/blogs/dolls-info-qustions/introduction-to-sex-dolls-with-the-largest-hips-on-the-market",2,2,0,0,0,0,5,,0,0,0,88.5,2.5,0.5,,1,2,2,0,0,0,0,5,,0,0,0,88.5,2.5,0.5,,1,0,0,,,,,0,,,,,0,0,0,,0
"Collection","/collections/funwest-doll-videos",1,2,0,0,0,0,6,,0,0,0,215.5,3,0.5,,1,1,2,0,0,0,0,6,,0,0,0,215.5,3,0.5,,1,0,0,,,,,0,,,,,0,0,0,,0
,"/de/collections/halloween-sex-doll",2,2,0,0,0,0,8,,0,0,0,362.5,4,0,,0,2,2,0,0,0,0,8,,0,0,0,362.5,4,0,,0,0,0,,,,,0,,,,,0,0,,,
"Product","/products/f4610-165cm-5ft5-36-5kg-femboy-full-size-sex-with-silicone-head-male-sex-doll-qita-doll",2,2,0,0,0,0,2,,0,0,0,0,1,1,,2,2,2,0,0,0,0,2,,0,0,0,0,1,1,,2,0,0,,,,,0,,,,,,0,0,,0
"Collection","/collections/all/f-cup",2,2,0,0,0,0,3,,0,0,0,27.5,1.5,0.5,,1,2,2,0,0,0,0,3,,0,0,0,27.5,1.5,0.5,,1,0,0,,,,,0,,,,,0,0,0,,0
"Product","/products/a625-55lb-eva-bbw-doggy-style-sex-doll%E4%B8%A8tantaly",1,2,0,0,0,0,2,,0,0,0,0,1,1,,2,1,2,0,0,0,0,2,,0,0,0,0,1,1,,2,0,0,,,,,0,,,,,,0,0,,0
"Product","/products/f5663-175cm-5ft7-e-cup-movable-jaws-silicone-sex-doll-inspiration-zelex-doll",2,2,0,0,0,0,4,,0,0,0,4.5,2,0.5,,1,2,2,0,0,0,0,4,,0,0,0,4.5,2,0.5,,1,0,0,,,,,0,,,,,0,0,0,,0
"Product","/products/h668-silicone-sex-doll-head%E4%B8%A8irontech-doll-head",2,2,0,0,0,0,2,,0,0,0,0,1,1,,2,2,2,0,0,0,0,2,,0,0,0,0,1,1,,2,0,0,,,,,0,,,,,,0,0,,0
"Collection","/collections/yateaolai",2,2,0,0,0,0,5,,0,0,0,39,2.5,0.5,,1,2,2,0,0,0,0,5,,0,0,0,39,2.5,0.5,,1,0,0,,,,,0,,,,,0,0,0,,0
,"/en-ca/collections/petite-sex-doll",2,2,0,0,0,0,2,,0,0,0,0,1,1,,2,2,2,0,0,0,0,2,,0,0,0,0,1,1,,2,0,0,,,,,0,,,,,,0,0,,0
,"/de/collections/dildo-male-sex-doll",2,2,0,0,0,0,14,,0,0,0,163.5,7,0.5,,1,2,2,0,0,0,0,14,,0,0,0,163.5,7,0.5,,1,0,0,,,,,0,,,,,0,0,0,,0
,"/en-ca/collections/aitia",2,2,0,0,0,0,32,,0,0,0,703,16,0.5,,1,2,2,0,0,0,0,32,,0,0,0,703,16,0.5,,1,0,0,,,,,0,,,,,0,0,0,,0
"Product","/products/a324-12lbs-realistic-male-silicone-torso-sex-doll-with-18cm-posable-dildo-testicles-yeloly",2,2,0,0,0,0,6,,0,0,0,119.5,3,0,,0,2,2,0,0,0,0,6,,0,0,0,119.5,3,0,,0,0,0,,,,,0,,,,,0,0,,,
"Product","/products/f2344-huge-boobs-sex-doll-bbw-climax-pro",2,2,0,0,0,0,4,,0,0,0,6.5,2,0.5,,1,2,2,0,0,0,0,4,,0,0,0,6.5,2,0.5,,1,0,0,,,,,0,,,,,0,0,0,,0
,"/en-ca/collections/judy-rona-doll",2,2,0,0,0,0,5,,0,0,0,179,2.5,0,,0,2,2,0,0,0,0,5,,0,0,0,179,2.5,0,,0,0,0,,,,,0,,,,,0,0,,,
"Product","/products/t665-silicone-realistic-torso-32lbs",2,2,0,0,0,0,8,,0,0,0,778,4,0.5,,1,2,2,0,0,0,0,8,,0,0,0,778,4,0.5,,1,0,0,,,,,0,,,,,0,0,0,,0
,"/en-fi/collections/shemale-sex-doll-torso-1",2,2,0,0,0,0,5,,0,0,0,33.5,2.5,0.5,,1,2,2,0,0,0,0,5,,0,0,0,33.5,2.5,0.5,,1,0,0,,,,,0,,,,,0,0,0,,0
"Product","/products/f5526-150cm4-9ft-28kg-d-cup-black-sex-doll%E4%B8%A8rosretty-doll",2,2,0,0,0,0,2,,0,0,0,0,1,1,,2,2,2,0,0,0,0,2,,0,0,0,0,1,1,,2,0,0,,,,,0,,,,,,0,0,,0
"Product","/products/f4891-171cm-robotic-sex-doll-realistic-silicone-head-robot-pussy",2,2,0,0,0,0,3,,0,0,0,7.5,1.5,0.5,,1,2,2,0,0,0,0,3,,0,0,0,7.5,1.5,0.5,,1,0,0,,,,,0,,,,,0,0,0,,0
"Product","/products/f4093-153cm-45kg-q-cup-full-silicone-ssbbw-hentai-biggest-ssbbw-sex-doll-castle-doll",2,2,0,0,0,0,6,,0,0,0,16,3,0,,0,2,2,0,0,0,0,6,,0,0,0,16,3,0,,0,0,0,,,,,0,,,,,0,0,,,
"Product","/products/silicone-butt-thighs-17-4lb",2,2,0,0,0,0,5,,0,0,0,87,2.5,0.5,,1,2,2,0,0,0,0,5,,0,0,0,87,2.5,0.5,,1,0,0,,,,,0,,,,,0,0,0,,0
"Product","/products/f5573-150cm-5ft-27-5kg-shemale-anime-futa-silicone-sex-doll-elsa-babe",2,2,0,0,0,0,2,,0,0,0,0,1,1,,2,2,2,0,0,0,0,2,,0,0,0,0,1,1,,2,0,0,,,,,0,,,,,,0,0,,0
"Blog Article","/blogs/dolls-info-qustions/best-sex-doll-torsos-of-2025-ultra-realistic-picks-for-the-ultimate-pleasure",2,2,0,0,0,0,2,,0,0,0,0,1,1,,2,2,2,0,0,0,0,2,,0,0,0,0,1,1,,2,0,0,,,,,0,,,,,,0,0,,0
"Product","/products/t276-36-38lbs-80cm-882-lightweight-life-size-sex-doll-torso-climax-doll",1,2,0,0,0,0,7,,0,0,0,299.5,3.5,0,,0,1,2,0,0,0,0,7,,0,0,0,299.5,3.5,0,,0,0,0,,,,,0,,,,,0,0,,,
"Product","/products/a647-17-6lbs-scaly-fantasy-butt-silicone-ass",2,2,0,0,0,0,2,,0,0,0,0,1,1,,2,2,2,0,0,0,0,2,,0,0,0,0,1,1,,2,0,0,,,,,0,,,,,,0,0,,0
"Blog Article","/blogs/dolls-info-qustions/waist-hip-ratio-off-the-charts-deep-dive-into-the-top-5-sex-doll-brands",2,2,0,0,0,0,2,,0,0,0,0,1,1,,2,2,2,0,0,0,0,2,,0,0,0,0,1,1,,2,0,0,,,,,0,,,,,,0,0,,0
,"/en-ca/collections/mini-hentai-sex-doll",2,2,0,0,0,0,7,,0,0,0,19.5,3.5,0,,0,2,2,0,0,0,0,7,,0,0,0,19.5,3.5,0,,0,0,0,,,,,0,,,,,0,0,,,
,"/en-ca/blogs/real-sex-doll-reviews-pros-cons-real-usage-tests/2026-meru-hentai-sex-doll-review-comprehensive-comparison-of-4-hot-models",2,2,0,0,0,0,2,,0,0,0,0,1,1,,2,2,2,0,0,0,0,2,,0,0,0,0,1,1,,2,0,0,,,,,0,,,,,,0,0,,0
"Collection","/collections/yiqu",2,2,0,0,0,0,2,,0,0,0,0,1,1,,2,2,2,0,0,0,0,2,,0,0,0,0,1,1,,2,0,0,,,,,0,,,,,,0,0,,0
"Blog Article","/blogs/featured-blog/the-science-behind-sex-doll-weight-reduction-why-lighter-better",2,2,0,0,0,0,2,,0,0,0,0,1,1,,2,2,2,0,0,0,0,2,,0,0,0,0,1,1,,2,0,0,,,,,0,,,,,,0,0,,0
"Product","/products/t647-13-2lbs-muscle-trans-tpe-big-butt-futa-male-sex-doll-mrl",1,2,0,0,0,0,22,,0,0,0,433,11,0.5,,1,1,2,0,0,0,0,22,,0,0,0,433,11,0.5,,1,0,0,,,,,0,,,,,0,0,0,,0
"Product","/products/f8193-150cm-5ft-27-5kg-silicone-anime-sex-doll-elsa-babe",2,2,0,0,0,0,2,,0,0,0,0,1,1,,2,2,2,0,0,0,0,2,,0,0,0,0,1,1,,2,0,0,,,,,0,,,,,,0,0,,0
"Collection","/collections/large-breast-sex-doll",2,2,0,0,0,0,4,,0,0,0,65.5,2,0.5,,1,2,2,0,0,0,0,4,,0,0,0,65.5,2,0.5,,1,0,0,,,,,0,,,,,0,0,0,,0
,"/ja/blogs/recent-brand-updates-new-arrivals-for-sex-dolls/mrl-fantasy-sex-toys-realistic-anime-furry-and-monster-girl-torso-collection",2,2,0,0,0,0,10,,0,0,0,134.5,5,0,,0,2,2,0,0,0,0,10,,0,0,0,134.5,5,0,,0,0,0,,,,,0,,,,,0,0,,,
"Product","/products/t293-30-9lbs-72cm-super-realistic-luxury-life-size-silicone-sex-doll-torso",2,2,0,0,0,0,2,,0,0,0,0,1,1,,2,2,2,0,0,0,0,2,,0,0,0,0,1,1,,2,0,0,,,,,0,,,,,,0,0,,0
"Product","/products/f3315-160cm-5ft239-5kg-g-cup-tpe-adult-big-chest-curve-beauty-sex-doll-yl-doll",2,2,0,0,0,0,3,,0,0,0,50,1.5,0.5,,1,2,2,0,0,0,0,3,,0,0,0,50,1.5,0.5,,1,0,0,,,,,0,,,,,0,0,0,,0
"Product","/products/f4458-166cm5f4-41kg-h-cup-big-breast-tpe-sex-doll-aibei-doll",2,2,0,0,0,0,2,,0,0,0,0,1,1,,2,2,2,0,0,0,0,2,,0,0,0,0,1,1,,2,0,0,,,,,0,,,,,,0,0,,0
"Blog Index","/blogs/dolls-info-qustions",2,2,0,0,0,0,31,,0,0,0,448,15.5,0.5,,1,2,2,0,0,0,0,31,,0,0,0,448,15.5,0.5,,1,0,0,,,,,0,,,,,0,0,0,,0
"Blog Article","/blogs/complete-sex-doll-guide-for-beginners/how-to-restore-faded-nipples-on-a-tpe-sex-doll-a-step-by-step-guide",2,2,0,0,0,0,2,,0,0,0,0,1,1,,2,2,2,0,0,0,0,2,,0,0,0,0,1,1,,2,0,0,,,,,0,,,,,,0,0,,0
,"/en-ca/collections/ai-sex-dolls-list",2,2,0,0,0,0,4,,0,0,0,149.5,2,0.5,,1,2,2,0,0,0,0,4,,0,0,0,149.5,2,0.5,,1,0,0,,,,,0,,,,,0,0,0,,0
,"/de/collections/big-ass-sex-doll-mini-torso",2,2,0,0,0,0,3,,0,0,0,14,1.5,0.5,,1,2,2,0,0,0,0,3,,0,0,0,14,1.5,0.5,,1,0,0,,,,,0,,,,,0,0,0,,0
"Collection","/collections/new-arrival-sex-doll-heads",2,2,0,0,0,0,25,,0,0,0,414.5,12.5,0,,0,2,2,0,0,0,0,25,,0,0,0,414.5,12.5,0,,0,0,0,,,,,0,,,,,0,0,,,
"Blog Article","/blogs/dolls-info-qustions/small-size-big-satisfaction-a-complete-real-life-sex-experience-review-of-the-mini-sex-doll",2,2,0,0,0,0,3,,0,0,0,10,1.5,0.5,,1,2,2,0,0,0,0,3,,0,0,0,10,1.5,0.5,,1,0,0,,,,,0,,,,,0,0,0,,0
,"/de/blogs/dolls-info-qustions/the-best-asian-sex-doll-bezlya-sex-doll-2-2u-series-function-analysis",2,2,0,0,0,0,6,,0,0,0,111.5,3,0.5,,1,2,2,0,0,0,0,6,,0,0,0,111.5,3,0.5,,1,0,0,,,,,0,,,,,0,0,0,,0
,"/en-ca/blogs/dolls-info-qustions/foot-fetish-uncovered-10-types-of-foot-fetish-3-must-have-foot-fetish-toys",2,2,0,0,0,0,2,,0,0,0,0,1,1,,2,2,2,0,0,0,0,2,,0,0,0,0,1,1,,2,0,0,,,,,0,,,,,,0,0,,0
,"/en-ca/products/f3393-151cm-5ft30kg-c-cup-tpe-sexy-whole-body-europe-girl-sex-doll-yl-doll",2,2,0,0,0,0,2,,0,0,0,0,1,1,,2,2,2,0,0,0,0,2,,0,0,0,0,1,1,,2,0,0,,,,,0,,,,,,0,0,,0
"Custom Page","/pages/pay-in-4-now-shop-now-pay-later-with-paypal-us-uk-de-fr-au-es-it-only",2,2,0,0,0,0,12,,0,0,0,1457.5,6,0,,0,2,2,0,0,0,0,12,,0,0,0,1457.5,6,0,,0,0,0,,,,,0,,,,,0,0,,,
"Collection","/collections/gay-sex-doll",2,2,0,0,0,0,4,,0,0,0,34.5,2,0.5,,1,2,2,0,0,0,0,4,,0,0,0,34.5,2,0.5,,1,0,0,,,,,0,,,,,0,0,0,,0
"Blog Article","/blogs/dolls-info-qustions/explore-the-new-features-of-se-sex-dolls-waist-spin-sex-robots",2,2,0,0,0,0,2,,0,0,0,0,1,1,,2,2,2,0,0,0,0,2,,0,0,0,0,1,1,,2,0,0,,,,,0,,,,,,0,0,,0
,"/ja/collections/full-size-type-torso",2,2,0,0,0,0,2,,0,0,0,0,1,1,,2,2,2,0,0,0,0,2,,0,0,0,0,1,1,,2,0,0,,,,,0,,,,,,0,0,,0
"Blog Article","/blogs/complete-sex-doll-guide-for-beginners/sex-doll-torso-usage-guide",2,2,0,0,0,0,2,,0,0,0,0,1,1,,2,2,2,0,0,0,0,2,,0,0,0,0,1,1,,2,0,0,,,,,0,,,,,,0,0,,0
"Blog Article","/blogs/dolls-info-qustions/how-to-create-diy-nail-art-for-your-fit-sex-doll",2,2,0,0,0,0,2,,0,0,0,0,1,1,,2,2,2,0,0,0,0,2,,0,0,0,0,1,1,,2,0,0,,,,,0,,,,,,0,0,,0
"Collection","/collections/big-ass-sex-doll-life-size",2,2,0,0,0,0,8,,0,0,0,324,4,0,,0,2,2,0,0,0,0,8,,0,0,0,324,4,0,,0,0,0,,,,,0,,,,,0,0,,,
"Product","/products/p393-7-39lbs-silicone-pussy-onahole-sex-toys-meru-with-mouth-to-vagina-mrl",2,2,0,0,0,0,3,,0,0,0,3,1.5,0.5,,1,2,2,0,0,0,0,3,,0,0,0,3,1.5,0.5,,1,0,0,,,,,0,,,,,0,0,0,,0
"Product","/products/a555-moving-sex-doll-nude-robot-vibrating-torso",2,2,0,0,0,0,90,,0,0,0,3292.5,45,0,,0,2,2,0,0,0,0,90,,0,0,0,3292.5,45,0,,0,0,0,,,,,0,,,,,0,0,,,
,"/ja/collections/foot-toy",2,2,0,0,0,0,2,,0,0,0,0,1,1,,2,2,2,0,0,0,0,2,,0,0,0,0,1,1,,2,0,0,,,,,0,,,,,,0,0,,0
"Product","/products/f7679-150cm4ft9-37-6kg-l-cup-s-tpe-gel-filled-life-size-anime-sex-doll-irokebijin-doll",1,2,0,0,0,0,4,,0,0,0,58.5,2,0,,0,1,2,0,0,0,0,4,,0,0,0,58.5,2,0,,0,0,0,,,,,0,,,,,0,0,,,
"Product","/products/f2006-157cm5-1ft-28-6kg-b-cup-european-tpe-sex-doll%E4%B8%A8wm-doll",1,2,0,0,0,0,2,,0,0,0,0,1,1,,2,1,2,0,0,0,0,2,,0,0,0,0,1,1,,2,0,0,,,,,0,,,,,,0,0,,0
"Product","/products/f2574-168cm-h-cup-most-realistic-sex-doll-silicone",2,2,0,0,0,0,5,,0,0,0,17.5,2.5,0.5,,1,2,2,0,0,0,0,5,,0,0,0,17.5,2.5,0.5,,1,0,0,,,,,0,,,,,0,0,0,,0
"Product","/products/l10-67lb-104cm-tall-fat-pop-art-faty-sex-doll-legs-climax-doll",2,2,0,0,0,0,4,,0,0,0,27,2,0.5,,1,2,2,0,0,0,0,4,,0,0,0,27,2,0.5,,1,0,0,,,,,0,,,,,0,0,0,,0
"Product","/products/a571-19-4lbblack-sex-doll-torso-fat-ass",1,2,1,1,0,0,12,0,0.5,0.5,0,624,6,0,0,0,1,2,1,1,0,0,12,0,0.5,0.5,0,624,6,0,0,0,0,0,0,0,,,0,,0,0,,0,0,,,
"Product","/products/f5449-150cm-5ft-27-5kg-silicone-anime-hentai-sex-dolls-elsa-babe",2,2,0,0,0,0,24,,0,0,0,1256,12,0.5,,1,2,2,0,0,0,0,24,,0,0,0,1256,12,0.5,,1,0,0,,,,,0,,,,,0,0,0,,0
"Blog Article","/blogs/dolls-info-qustions/makeup-for-hentai-sex-doll-create-your-own-anime-goddess",2,2,0,0,0,0,9,,0,0,0,92,4.5,0,,0,2,2,0,0,0,0,9,,0,0,0,92,4.5,0,,0,0,0,,,,,0,,,,,0,0,,,
"Product","/products/t230-big-breast-torso-dildo-bisexual-torso",2,2,0,0,0,0,2,,0,0,0,0,1,1,,2,2,2,0,0,0,0,2,,0,0,0,0,1,1,,2,0,0,,,,,0,,,,,,0,0,,0
,"/en-fi/collections/top-rated-japanese-sex-dolls-in-2026",2,2,0,0,0,0,2,,0,0,0,0,1,1,,2,2,2,0,0,0,0,2,,0,0,0,0,1,1,,2,0,0,,,,,0,,,,,,0,0,,0
"Product","/products/f4918-150cm4ft9-26-2kg-b-cup-small-breast-tpe-sex-doll-in-stock-usa-aibei-doll",2,2,0,0,0,0,2,,0,0,0,0,1,1,,2,2,2,0,0,0,0,2,,0,0,0,0,1,1,,2,0,0,,,,,0,,,,,,0,0,,0
"Blog Article","/blogs/dolls-info-qustions/ido-doll-weight-reduction-technology-4-0-innovation-and-breakthrough",2,2,0,0,0,0,2,,0,0,0,0,1,1,,2,2,2,0,0,0,0,2,,0,0,0,0,1,1,,2,0,0,,,,,0,,,,,,0,0,,0
"Blog Article","/blogs/dolls-info-qustions/how-overweight-individuals-can-correctly-use-sex-dolls-a-pitfall-guide-practical-tips",2,2,0,0,0,0,7,,0,0,0,282.5,3.5,0,,0,2,2,0,0,0,0,7,,0,0,0,282.5,3.5,0,,0,0,0,,,,,0,,,,,0,0,,,
"Blog Article","/blogs/dolls-info-qustions/ridmii-tenar-f9127-new-ai-sex-doll",2,2,0,0,0,0,2,,0,0,0,0,1,1,,2,2,2,0,0,0,0,2,,0,0,0,0,1,1,,2,0,0,,,,,0,,,,,,0,0,,0
"Product","/products/f1444-aibei-163cm-e-cup-bbw-life-size-sex-doll",2,2,0,0,0,0,19,,0,0,0,350,9.5,0.5,,1,2,2,0,0,0,0,19,,0,0,0,350,9.5,0.5,,1,0,0,,,,,0,,,,,0,0,0,,0
"Blog Article","/blogs/dolls-info-qustions/5-reasons-fake-breasts-toys-are-trending",1,2,0,0,0,0,3,,0,0,0,130.5,1.5,0.5,,1,1,2,0,0,0,0,3,,0,0,0,130.5,1.5,0.5,,1,0,0,,,,,0,,,,,0,0,0,,0
,"/en-ca/products/f3710-161cm5-3ft-zoey-f-cup-tpe-young-sexy-christmas-blonde-woman-love-doll-se-doll",2,2,0,0,0,0,2,,0,0,0,0,1,1,,2,2,2,0,0,0,0,2,,0,0,0,0,1,1,,2,0,0,,,,,0,,,,,,0,0,,0
,"/en-ca/products/f3347-168cm-5ft536kg-b-cup-tpe-sexy-woman-adult-skinny-sex-doll-yl-doll",2,2,0,0,0,0,2,,0,0,0,0,1,1,,2,2,2,0,0,0,0,2,,0,0,0,0,1,1,,2,0,0,,,,,0,,,,,,0,0,,0
,"/en-ca/blogs/dolls-info-qustions/how-ultra-realistic-silicone-sex-dolls-are-made",2,2,0,0,0,0,2,,0,0,0,0,1,1,,2,2,2,0,0,0,0,2,,0,0,0,0,1,1,,2,0,0,,,,,0,,,,,,0,0,,0
"Collection","/collections/budget-friendly-life-size-sex-dolls-torsos-flat-20-discount-today",2,2,0,0,0,0,2,,0,0,0,0,1,1,,2,2,2,0,0,0,0,2,,0,0,0,0,1,1,,2,0,0,,,,,0,,,,,,0,0,,0
"Blog Article","/blogs/sex-doll-option-videos/video-11-electric-hip-and-waist",2,2,0,0,0,0,2,,0,0,0,0,1,1,,2,2,2,0,0,0,0,2,,0,0,0,0,1,1,,2,0,0,,,,,0,,,,,,0,0,,0
,"/en-ca/collections/mrl-doll",2,2,0,0,0,0,6,,0,0,0,73.5,3,0,,0,2,2,0,0,0,0,6,,0,0,0,73.5,3,0,,0,0,0,,,,,0,,,,,0,0,,,
,"/ja/collections/fake-ass-sex-toy",2,2,0,0,0,0,3,,0,0,0,2,1.5,0.5,,1,2,2,0,0,0,0,3,,0,0,0,2,1.5,0.5,,1,0,0,,,,,0,,,,,0,0,0,,0
"Custom Page","/pages/best-sex-doll-promotions",2,2,0,0,0,0,3,,0,0,0,3.5,1.5,0.5,,1,2,2,0,0,0,0,3,,0,0,0,3.5,1.5,0.5,,1,0,0,,,,,0,,,,,0,0,0,,0
,"/en-ca/blogs/recent-brand-updates-new-arrivals-for-sex-dolls/zelex-k-series-launch-korean-pop-idol-realistic-sex-dolls",2,2,0,0,0,0,2,,0,0,0,0,1,1,,2,2,2,0,0,0,0,2,,0,0,0,0,1,1,,2,0,0,,,,,0,,,,,,0,0,,0
"Collection","/collections/all/g-cup",2,2,0,0,0,0,19,,0,0,0,637.5,9.5,0,,0,2,2,0,0,0,0,19,,0,0,0,637.5,9.5,0,,0,0,0,,,,,0,,,,,0,0,,,
"Blog Article","/blogs/dolls-info-qustions/irontech-doll-launches-the-stunning-oriental-series",2,2,0,0,0,0,2,,0,0,0,0,1,1,,2,2,2,0,0,0,0,2,,0,0,0,0,1,1,,2,0,0,,,,,0,,,,,,0,0,,0
,"/de/collections/gel-breasts",2,2,0,0,0,0,3,,0,0,0,61,1.5,0.5,,1,2,2,0,0,0,0,3,,0,0,0,61,1.5,0.5,,1,0,0,,,,,0,,,,,0,0,0,,0
,"/en-ca/collections/mini-bbw-sex-doll",2,2,0,0,0,0,4,,0,0,0,41,2,0.5,,1,2,2,0,0,0,0,4,,0,0,0,41,2,0.5,,1,0,0,,,,,0,,,,,0,0,0,,0
,"/en-ca/products/f3443-153cm5ft-34kg-n-cup-real-silicone-mine-sex-doll-aibei-doll",1,2,1,0,0,0,3,,0.5,0,0,11.5,1.5,0.5,,1,1,2,1,0,0,0,3,,0.5,0,0,11.5,1.5,0.5,,1,0,0,0,,,,0,,0,,,0,0,0,,0
,"/en-fi/collections/cheap-sex-doll",2,2,0,0,0,0,4,,0,0,0,162.5,2,0.5,,1,2,2,0,0,0,0,4,,0,0,0,162.5,2,0.5,,1,0,0,,,,,0,,,,,0,0,0,,0
"Collection","/collections/best-seller-sex-dolls-200-499",2,2,0,0,0,0,2,,0,0,0,0,1,1,,2,2,2,0,0,0,0,2,,0,0,0,0,1,1,,2,0,0,,,,,0,,,,,,0,0,,0
"Blog Article","/blogs/dolls-info-qustions/10-countries-legal-to-buy-sex-dolls",1,2,0,0,0,0,11,,0,0,0,517.5,5.5,0,,0,1,2,0,0,0,0,11,,0,0,0,517.5,5.5,0,,0,0,0,,,,,0,,,,,0,0,,,
"Product","/products/f2130k-173cm5-7ft-45kg-h-cup-bbw-big-butt-tpe-sex-doll-in-stock-usa-%E4%B8%A8wm-doll",2,2,0,0,0,0,2,,0,0,0,0,1,1,,2,2,2,0,0,0,0,2,,0,0,0,0,1,1,,2,0,0,,,,,0,,,,,,0,0,,0
"Blog Article","/blogs/dolls-info-qustions/your-first-sex-doll-the-ultimate-beginner-s-guide-to-using-her-right",2,2,0,0,0,0,4,,0,0,0,256,2,0.5,,1,2,2,0,0,0,0,4,,0,0,0,256,2,0.5,,1,0,0,,,,,0,,,,,0,0,0,,0
,"/en-ca/products/f5984-170cm-5ft6-40kg-d-cup-tpe-body-silicone-head-celebrity-sex-doll-rosretty-doll",2,2,0,0,0,0,2,,0,0,0,0,1,1,,2,2,2,0,0,0,0,2,,0,0,0,0,1,1,,2,0,0,,,,,0,,,,,,0,0,,0
"Product","/products/p672-vibrating-buttocks-sex-doll-automatic-sucking-pocket-pussy",2,2,0,0,0,0,3,,0,0,0,77,1.5,0.5,,1,2,2,0,0,0,0,3,,0,0,0,77,1.5,0.5,,1,0,0,,,,,0,,,,,0,0,0,,0
"Collection","/collections/normon-doll",2,2,0,0,0,0,3,,0,0,0,17.5,1.5,0.5,,1,2,2,0,0,0,0,3,,0,0,0,17.5,1.5,0.5,,1,0,0,,,,,0,,,,,0,0,0,,0
"Collection","/collections/sex-doll-torso-combination-package-for-couples",2,2,0,0,0,0,3,,0,0,0,6,1.5,0.5,,1,2,2,0,0,0,0,3,,0,0,0,6,1.5,0.5,,1,0,0,,,,,0,,,,,0,0,0,,0
,"/de/collections/fat-sex-doll",2,2,0,0,0,0,13,,0,0,0,239,6.5,0.5,,1,2,2,0,0,0,0,13,,0,0,0,239,6.5,0.5,,1,0,0,,,,,0,,,,,0,0,0,,0
"Collection","/collections/self-cleaning-ai-sex-doll",2,2,0,0,0,0,6,,0,0,0,165.5,3,0.5,,1,2,2,0,0,0,0,6,,0,0,0,165.5,3,0.5,,1,0,0,,,,,0,,,,,0,0,0,,0
"Product","/products/x1-female-sex-toys-mini-sex-machine-free-hands-up-to-240-times-min",2,2,0,0,0,0,2,,0,0,0,0,1,1,,2,2,2,0,0,0,0,2,,0,0,0,0,1,1,,2,0,0,,,,,0,,,,,,0,0,,0
,"/de/collections/natural-huge-breast-sex-doll",2,2,0,0,0,0,4,,0,0,0,110.5,2,0.5,,1,2,2,0,0,0,0,4,,0,0,0,110.5,2,0.5,,1,0,0,,,,,0,,,,,0,0,0,,0
"Blog Article","/blogs/featured-blog/exhibition-diary-the-2025-guangzhou-adult-expo-was-absolutely-mind-blowing",2,2,0,0,0,0,3,,0,0,0,271.5,1.5,0.5,,1,2,2,0,0,0,0,3,,0,0,0,271.5,1.5,0.5,,1,0,0,,,,,0,,,,,0,0,0,,0
,"/de/blogs/dolls-info-qustions/a-must-read-for-anime-fans-anime-futa-sex-dolls-bring-your-2d-fantasy-to-life",2,2,0,0,0,0,2,,0,0,0,0,1,1,,2,2,2,0,0,0,0,2,,0,0,0,0,1,1,,2,0,0,,,,,0,,,,,,0,0,,0
,"/en-ca/collections/ai-sex-doll",2,2,1,0,0,0,5,,0.5,0,0,92,2.5,0.5,,1,2,2,1,0,0,0,5,,0.5,0,0,92,2.5,0.5,,1,0,0,0,,,,0,,0,,,0,0,0,,0
"Product","/products/a433-16-54lb-lucy-silicone-realistic-pussy-sex-doll-bubble-butt-hip-toy-lovenestle",2,2,1,0,0,0,14,,0.5,0,0,347,7,0,,0,2,2,1,0,0,0,14,,0.5,0,0,347,7,0,,0,0,0,0,,,,0,,0,,,0,0,,,
"Product","/products/p394-2-2lbs-little-jade-dragon-anime-pocket-pussy-onahole-hentai-sex-doll-mrl",2,2,0,0,0,0,8,,0,0,0,218,4,0.5,,1,2,2,0,0,0,0,8,,0,0,0,218,4,0.5,,1,0,0,,,,,0,,,,,0,0,0,,0
,"/en-fi/collections/sex-doll-torso-dildo-for-woman",2,2,0,0,0,0,7,,0,0,0,95,3.5,0,,0,2,2,0,0,0,0,7,,0,0,0,95,3.5,0,,0,0,0,,,,,0,,,,,0,0,,,
,"/de/collections/petite-sex-doll",2,2,0,0,0,0,3,,0,0,0,2,1.5,0.5,,1,2,2,0,0,0,0,3,,0,0,0,2,1.5,0.5,,1,0,0,,,,,0,,,,,0,0,0,,0
"Collection","/collections/sex-doll-ass",2,2,0,0,0,0,4,,0,0,0,19.5,2,0,,0,2,2,0,0,0,0,4,,0,0,0,19.5,2,0,,0,0,0,,,,,0,,,,,0,0,,,
"Product","/products/f5958-alien-sex-dolls-150cm-flat-chested-silicone-sy-doll",1,2,0,0,0,0,4,,0,0,0,24,2,0.5,,1,1,2,0,0,0,0,4,,0,0,0,24,2,0.5,,1,0,0,,,,,0,,,,,0,0,0,,0
,"/ja/blogs/dolls-info-qustions/ways-to-interact-with-femboy-sex-dolls",2,2,0,0,0,0,4,,0,0,0,226.5,2,0.5,,1,2,2,0,0,0,0,4,,0,0,0,226.5,2,0.5,,1,0,0,,,,,0,,,,,0,0,0,,0
,"/vi/blogs/dolls-info-qustions/how-to-make-fake-pussy",2,2,0,0,0,0,2,,0,0,0,0,1,1,,2,2,2,0,0,0,0,2,,0,0,0,0,1,1,,2,0,0,,,,,0,,,,,,0,0,,0
"Product","/products/f6264-168cm-5ft5-47kg-d-cup-lifelike-asian-ros-silicone-sex-doll-shedoll",2,2,0,0,0,0,2,,0,0,0,0,1,1,,2,2,2,0,0,0,0,2,,0,0,0,0,1,1,,2,0,0,,,,,0,,,,,,0,0,,0
"Product","/products/h959-sex-doll-head-silicone-girl-with-dreadlocks-irontech-doll-head",1,2,0,0,0,0,4,,0,0,0,10,2,0.5,,1,1,2,0,0,0,0,4,,0,0,0,10,2,0.5,,1,0,0,,,,,0,,,,,0,0,0,,0
"Blog Article","/blogs/featured-blog/top-10-most-unique-torso-dolls-of-2026-beyond-the-ordinary",2,2,0,0,0,0,2,,0,0,0,0,1,1,,2,2,2,0,0,0,0,2,,0,0,0,0,1,1,,2,0,0,,,,,0,,,,,,0,0,,0
,"/en-ca/products/f5575-150cm4ft9-33kg-f-cup-milf-tpe-sex-doll-aibei-doll",2,2,0,0,0,0,2,,0,0,0,0,1,1,,2,2,2,0,0,0,0,2,,0,0,0,0,1,1,,2,0,0,,,,,0,,,,,,0,0,,0
,"/en-ca/products/f2052-166cm5-5ft-33kg-asian-c-cup-tpe-sex-doll%E4%B8%A8wm-doll",2,2,0,0,0,0,2,,0,0,0,0,1,1,,2,2,2,0,0,0,0,2,,0,0,0,0,1,1,,2,0,0,,,,,0,,,,,,0,0,,0
"Product","/products/f1004-159cm-k-cup-tpe-sex-doll-fun-west-doll",1,2,0,0,0,0,77,,0,0,0,1737.5,38.5,0,,0,1,2,0,0,0,0,77,,0,0,0,1737.5,38.5,0,,0,0,0,,,,,0,,,,,0,0,,,
,"/en-ca/blogs/dolls-info-qustions/safely-disposing-the-used-sex-dolls",2,2,0,0,0,0,2,,0,0,0,0,1,1,,2,2,2,0,0,0,0,2,,0,0,0,0,1,1,,2,0,0,,,,,0,,,,,,0,0,,0
,"/en-fi/collections/sex-doll-torso",2,2,0,0,0,0,8,,0,0,0,88,4,0.5,,1,2,2,0,0,0,0,8,,0,0,0,88,4,0.5,,1,0,0,,,,,0,,,,,0,0,0,,0
"Collection","/collections/alien-sex-doll-heads-1",2,2,0,0,0,0,2,,0,0,0,0,1,1,,2,2,2,0,0,0,0,2,,0,0,0,0,1,1,,2,0,0,,,,,0,,,,,,0,0,,0
"Blog Article","/blogs/sex-doll-option-videos/video06-sucking-vagina",2,2,0,0,0,0,2,,0,0,0,0,1,1,,2,2,2,0,0,0,0,2,,0,0,0,0,1,1,,2,0,0,,,,,0,,,,,,0,0,,0
"Product","/products/f692-170cm-silicone-love-doll-zelex-doll",2,2,0,0,0,0,2,,0,0,0,0,1,1,,2,2,2,0,0,0,0,2,,0,0,0,0,1,1,,2,0,0,,,,,0,,,,,,0,0,,0
,"/en-ca/blogs/recent-brand-updates-new-arrivals-for-sex-dolls/se-x-bot-ai-sex-doll-head-review",2,2,0,0,0,0,2,,0,0,0,0,1,1,,2,2,2,0,0,0,0,2,,0,0,0,0,1,1,,2,0,0,,,,,0,,,,,,0,0,,0
,"/en-ca/products/f5979-158cm-5ft2-33kg-d-cup-tpe-big-breasts-adult-sex-doll-rosretty-dolls",2,2,0,0,0,0,2,,0,0,0,0,1,1,,2,2,2,0,0,0,0,2,,0,0,0,0,1,1,,2,0,0,,,,,0,,,,,,0,0,,0
"Blog Article","/blogs/dolls-info-qustions/repair-the-sex-dolls-torso",2,2,0,0,0,0,2,,0,0,0,0,1,1,,2,2,2,0,0,0,0,2,,0,0,0,0,1,1,,2,0,0,,,,,0,,,,,,0,0,,0
,"/en-ca/products/f821k-157cm5ft1-35kg-queena-h-cup-stpe-life-size-sex-dolls-se-doll",2,2,0,0,0,0,2,,0,0,0,0,1,1,,2,2,2,0,0,0,0,2,,0,0,0,0,1,1,,2,0,0,,,,,0,,,,,,0,0,,0
"Product","/products/h384-ros-silicone-sex-doll-head%E4%B8%A8galatate-doll-head",1,2,1,1,0,0,38,0,0.5,0.5,0,811.5,19,0.5,0,1,1,2,1,1,0,0,38,0,0.5,0.5,0,811.5,19,0.5,0,1,0,0,0,0,,,0,,0,0,,0,0,0,,0
,"/en-fi",2,2,0,0,0,0,13,,0,0,0,438,6.5,0,,0,2,2,0,0,0,0,13,,0,0,0,438,6.5,0,,0,0,0,,,,,0,,,,,0,0,,,
,"/en-ca/collections/life-sized-sex-doll",2,2,0,0,0,0,12,,0,0,0,360,6,0,,0,2,2,0,0,0,0,12,,0,0,0,360,6,0,,0,0,0,,,,,0,,,,,0,0,,,
"Blog Article","/blogs/dolls-info-qustions/metabox-let-dolls-embrace-the-ai-era-interaction-will-never-be-monotonous-again",2,2,0,0,0,0,8,,0,0,0,294,4,0,,0,2,2,0,0,0,0,8,,0,0,0,294,4,0,,0,0,0,,,,,0,,,,,0,0,,,
"Product","/products/h543-tpe-oral-sex-doll-head-with-tonge%E4%B8%A8funwest-doll-head",2,2,1,0,0,0,29,,0.5,0,0,1545.5,14.5,0,,0,2,2,1,0,0,0,29,,0.5,0,0,1545.5,14.5,0,,0,0,0,0,,,,0,,0,,,0,0,,,
"Blog Article","/blogs/dolls-info-qustions/top-10-sex-doll-torsos-with-the-best-butt-feel",2,2,0,0,0,0,2,,0,0,0,0,1,1,,2,2,2,0,0,0,0,2,,0,0,0,0,1,1,,2,0,0,,,,,0,,,,,,0,0,,0
,"/en-ca/blogs/dolls-info-qustions/vine-talk-aibox-bringing-your-girl-to-life-and-understanding-your-heart",2,2,0,0,0,0,5,,0,0,0,124.5,2.5,0.5,,1,2,2,0,0,0,0,5,,0,0,0,124.5,2.5,0.5,,1,0,0,,,,,0,,,,,0,0,0,,0
"Blog Article","/blogs/dolls-info-qustions/3-funny-things-about-the-sex-doll-ass",1,2,0,0,0,0,2,,0,0,0,0,1,1,,2,1,2,0,0,0,0,2,,0,0,0,0,1,1,,2,0,0,,,,,0,,,,,,0,0,,0
"Product","/products/f3807-165cm-5ft4-ishihara-minako-silicone-anime-sex-doll-elsa-babe",2,2,0,0,0,0,6,,0,0,0,123,3,0,,0,2,2,0,0,0,0,6,,0,0,0,123,3,0,,0,0,0,,,,,0,,,,,0,0,,,
,"/ja/collections/bbw-sex-doll-2",2,2,0,0,0,0,5,,0,0,0,113,2.5,0.5,,1,2,2,0,0,0,0,5,,0,0,0,113,2.5,0.5,,1,0,0,,,,,0,,,,,0,0,0,,0
"Collection","/collections/joyotoy",2,2,0,0,0,0,2,,0,0,0,1.5,1,1,,2,2,2,0,0,0,0,2,,0,0,0,1.5,1,1,,2,0,0,,,,,0,,,,,0,0,0,,0
,"/en-ca/products/f3351-168cm-5ft536kg-b-cup-tpe-sexy-christmas-blonde-girl-skinny-sex-doll-yl-doll",2,2,0,0,0,0,2,,0,0,0,0,1,1,,2,2,2,0,0,0,0,2,,0,0,0,0,1,1,,2,0,0,,,,,0,,,,,,0,0,,0
"Product","/products/f1308-160cm-i-cup-penny-black-sex-doll-irontech-doll",2,2,0,0,0,0,11,,0,0,0,336,5.5,0,,0,2,2,0,0,0,0,11,,0,0,0,336,5.5,0,,0,0,0,,,,,0,,,,,0,0,,,
"Product","/products/yeloly-23-1lbs-silicone-torso-sex-doll-t754",1,2,0,0,0,0,2,,0,0,0,0,1,1,,2,1,2,0,0,0,0,2,,0,0,0,0,1,1,,2,0,0,,,,,0,,,,,,0,0,,0
"Product","/products/f5143-163cm-d-cup-sexy-beach-beauty-ros-silicone-sex-doll-galatea-doll",2,2,0,0,0,0,2,,0,0,0,0.5,1,1,,2,2,2,0,0,0,0,2,,0,0,0,0.5,1,1,,2,0,0,,,,,0,,,,,0,0,0,,0
"Blog Article","/blogs/dolls-info-qustions/most-comprehensive-guideline-of-best-sex-dolls-sex-doll-torsos",2,2,0,0,0,0,2,,0,0,0,0,1,1,,2,2,2,0,0,0,0,2,,0,0,0,0,1,1,,2,0,0,,,,,0,,,,,,0,0,,0
,"/en-ca/products/f6209-172cm-5-6ft-37-5kg-a-cup-realistic-flat-chest-sex-doll-top-cydoll",2,2,0,0,0,0,3,,0,0,0,174.5,1.5,0.5,,1,2,2,0,0,0,0,3,,0,0,0,174.5,1.5,0.5,,1,0,0,,,,,0,,,,,0,0,0,,0
"Collection","/collections/anime-banner",2,2,0,0,0,0,8,,0,0,0,158,4,0,,0,2,2,0,0,0,0,8,,0,0,0,158,4,0,,0,0,0,,,,,0,,,,,0,0,,,
,"/de/collections/top-rated-japanese-sex-dolls-in-2026",1,2,0,0,0,0,3,,0,0,0,59.5,1.5,0.5,,1,1,2,0,0,0,0,3,,0,0,0,59.5,1.5,0.5,,1,0,0,,,,,0,,,,,0,0,0,,0
"Blog Article","/blogs/dolls-info-qustions/how-to-properly-use-chinese-sex-dolls-a-comprehensive-guide",2,2,0,0,0,0,2,,0,0,0,0,1,1,,2,2,2,0,0,0,0,2,,0,0,0,0,1,1,,2,0,0,,,,,0,,,,,,0,0,,0
"Product","/products/b37-14-8lb-full-bust-33-8inch-black-silicone-boob-job-breast-sex-titty-fucking-mammary-intercourse-sex-toy-titjob",2,2,0,0,0,0,11,,0,0,0,540.5,5.5,0,,0,2,2,0,0,0,0,11,,0,0,0,540.5,5.5,0,,0,0,0,,,,,0,,,,,0,0,,,
"Product","/products/p387-mrl-snake-girl-cartoon-hentai-figure-best-pocket-pussy-small-sex-doll-silicone-19-62lb",1,2,0,0,0,0,4,,0,0,0,14,2,0.5,,1,1,2,0,0,0,0,4,,0,0,0,14,2,0.5,,1,0,0,,,,,0,,,,,0,0,0,,0
"Product","/products/f1993-150cm4-9ft-42-5kg-m-cup-bbw-tpe-sex-doll%E4%B8%A8wm-doll",2,2,0,0,0,0,2,,0,0,0,0,1,1,,2,2,2,0,0,0,0,2,,0,0,0,0,1,1,,2,0,0,,,,,0,,,,,,0,0,,0
"Product","/products/f9127-robotic-sex-dolls-full-size-bot-ridmii",2,2,0,0,0,0,6,,0,0,0,262.5,3,0,,0,2,2,0,0,0,0,6,,0,0,0,262.5,3,0,,0,0,0,,,,,0,,,,,0,0,,,
"Product","/products/f1304-153cm-5ft-f-cup-fenny-blonde-milf-petite-silicone-love-doll-irontech-doll",1,2,0,0,0,0,2,,0,0,0,0,1,1,,2,1,2,0,0,0,0,2,,0,0,0,0,1,1,,2,0,0,,,,,0,,,,,,0,0,,0
"Blog Article","/blogs/complete-sex-doll-guide-for-beginners/where-can-i-buy-a-sex-doll-safe-and-reliable-options",2,2,0,0,0,0,25,,0,0,0,940,12.5,0.5,,1,2,2,0,0,0,0,25,,0,0,0,940,12.5,0.5,,1,0,0,,,,,0,,,,,0,0,0,,0
"Custom Page","/pages/contack-us",2,2,0,0,0,0,3,,0,0,0,137,1.5,0.5,,1,2,2,0,0,0,0,3,,0,0,0,137,1.5,0.5,,1,0,0,,,,,0,,,,,0,0,0,,0
"Product","/products/f2385-163cm5-3ft-g-cup-138-bbw-big-butt-tpe-sex-doll%E4%B8%A8sy-doll",2,2,1,1,1,0.5,26,1,0.5,0.5,1,956,13,0.5,1,1,2,2,1,1,1,0.5,26,1,0.5,0.5,1,956,13,0.5,1,1,0,0,0,0,0,0,0,0,0,0,0,0,0,0,0,0
"Blog Article","/blogs/dolls-info-qustions/recommended-small-breast-sex-dolls-suitable-for-japanese-porn-student-movies",2,2,0,0,0,0,2,,0,0,0,0,1,1,,2,2,2,0,0,0,0,2,,0,0,0,0,1,1,,2,0,0,,,,,0,,,,,,0,0,,0
"Blog Article","/blogs/dolls-info-qustions/3-stunning-black-sex-dolls-you-can-t-miss-in-2025",2,2,0,0,0,0,2,,0,0,0,0,1,1,,2,2,2,0,0,0,0,2,,0,0,0,0,1,1,,2,0,0,,,,,0,,,,,,0,0,,0
,"/en-fi/pages/sex-doll-review-video-collection",2,2,0,0,0,0,2,,0,0,0,0,1,1,,2,2,2,0,0,0,0,2,,0,0,0,0,1,1,,2,0,0,,,,,0,,,,,,0,0,,0
"Product","/products/f4918-150cm4ft9-26-2kg-b-cup-small-breast-tpe-sex-doll-aibei-doll",2,2,0,0,0,0,2,,0,0,0,0,1,1,,2,2,2,0,0,0,0,2,,0,0,0,0,1,1,,2,0,0,,,,,0,,,,,,0,0,,0
"Collection","/collections/starpery-doll-videos",2,2,0,0,0,0,3,,0,0,0,8.5,1.5,0.5,,1,2,2,0,0,0,0,3,,0,0,0,8.5,1.5,0.5,,1,0,0,,,,,0,,,,,0,0,0,,0
"Checkout","/orders/9eeaa963a1a295e339a1024484e57210",1,2,0,0,0,0,23,,0,0,0,478,11.5,0,,0,1,2,0,0,0,0,23,,0,0,0,478,11.5,0,,0,0,0,,,,,0,,,,,0,0,,,
"Collection","/collections/big-ass-sex-doll",2,2,0,0,0,0,8,,0,0,0,457.5,4,0,,0,2,2,0,0,0,0,8,,0,0,0,457.5,4,0,,0,0,0,,,,,0,,,,,0,0,,,
,"/en-ca/blogs/dolls-info-qustions/shocking-in-depth-review-of-naimi-1-1-celebrity-sex-doll",2,2,0,0,0,0,2,,0,0,0,0,1,1,,2,2,2,0,0,0,0,2,,0,0,0,0,1,1,,2,0,0,,,,,0,,,,,,0,0,,0
"Product","/products/f4039-150cm-k-cup-huge-breast-tpe-sex-doll-castle-doll",2,2,0,1,0,0,16,0,0,0.5,0,186,8,0.5,,1,2,2,0,1,0,0,16,0,0,0.5,0,186,8,0.5,,1,0,0,,0,,,0,,,0,,0,0,0,,0
"Blog Article","/blogs/dolls-info-qustions/sex-doll-ass-sexier",2,2,0,0,0,0,3,,0,0,0,464.5,1.5,0.5,,1,2,2,0,0,0,0,3,,0,0,0,464.5,1.5,0.5,,1,0,0,,,,,0,,,,,0,0,0,,0
,"/ja/collections/hyper-realistic-sex-doll",2,2,0,0,0,0,16,,0,0,0,477.5,8,0,,0,2,2,0,0,0,0,16,,0,0,0,477.5,8,0,,0,0,0,,,,,0,,,,,0,0,,,
,"/en-ca/blogs/dolls-info-qustions/why-do-women-enjoy-anal-sex-5-honest-reasons-you-never-expected",2,2,0,0,0,0,2,,0,0,0,0,1,1,,2,2,2,0,0,0,0,2,,0,0,0,0,1,1,,2,0,0,,,,,0,,,,,,0,0,,0
"Blog Article","/blogs/dolls-info-qustions/affordable-luxury-top-value-cheap-sex-doll-recommendations",2,2,0,0,0,0,2,,0,0,0,0,1,1,,2,2,2,0,0,0,0,2,,0,0,0,0,1,1,,2,0,0,,,,,0,,,,,,0,0,,0
"Collection","/collections/custom-full-body-sex-doll",2,2,0,0,0,0,2,,0,0,0,0,1,1,,2,2,2,0,0,0,0,2,,0,0,0,0,1,1,,2,0,0,,,,,0,,,,,,0,0,,0
,"/en-ca/blogs/dolls-info-qustions/zelex-sle-3-0-upgrade-all-new-features-same-great-price",2,2,0,0,0,0,4,,0,0,0,5,2,0.5,,1,2,2,0,0,0,0,4,,0,0,0,5,2,0.5,,1,0,0,,,,,0,,,,,0,0,0,,0
,"/en-ca/blogs/dolls-info-qustions/elevate-your-experience-popular-ai-girlfriend-software-to-enhance-your-connection-with-sex-dolls",2,2,0,0,0,0,2,,0,0,0,0,1,1,,2,2,2,0,0,0,0,2,,0,0,0,0,1,1,,2,0,0,,,,,0,,,,,,0,0,,0
"Product","/products/f3782-158cm-5ft232kg-e-cup-silicone-adult-full-sexy-europe-sex-doll-yl-doll",1,2,0,0,0,0,2,,0,0,0,0,1,1,,2,1,2,0,0,0,0,2,,0,0,0,0,1,1,,2,0,0,,,,,0,,,,,,0,0,,0
"Blog Article","/blogs/dolls-info-qustions/how-to-be-a-qualified-cowboy-through-a-male-sex-doll",2,2,0,0,0,0,3,,0,0,0,36.5,1.5,0.5,,1,2,2,0,0,0,0,3,,0,0,0,36.5,1.5,0.5,,1,0,0,,,,,0,,,,,0,0,0,,0
"Checkout","/checkouts/cn/hWNEIj6UL6Ica7LFOeFHAReC/en-us/",1,2,0,2,0,0,6,0,0,1,0,100,3,0,,0,1,2,0,2,0,0,6,0,0,1,0,100,3,0,,0,0,0,,0,,,0,,,0,,0,0,,,
"Product","/products/t443-silicone-big-boobs-life-size-sex-doll-torso",2,2,0,0,0,0,21,,0,0,0,1442.5,10.5,0,,0,2,2,0,0,0,0,21,,0,0,0,1442.5,10.5,0,,0,0,0,,,,,0,,,,,0,0,,,
"Product","/products/f4249-160cm5-3ft-38kg-i-cup-anime-tpe-hentai-sex-doll%E4%B8%A8wm-doll",2,2,0,0,0,0,3,,0,0,0,112.5,1.5,0.5,,1,2,2,0,0,0,0,3,,0,0,0,112.5,1.5,0.5,,1,0,0,,,,,0,,,,,0,0,0,,0
"Product","/products/f6338-168cm-5ft5-35kg-f-cup-realistic-silicone-doll",2,2,1,1,0,0,14,0,0.5,0.5,0,1327,7,0.5,0,1,2,2,1,1,0,0,14,0,0.5,0.5,0,1327,7,0.5,0,1,0,0,0,0,,,0,,0,0,,0,0,0,,0
"Product","/products/f9144-176cm-5ft8-f-cup-full-silicone-full-size-sex-doll-starpery-doll",1,2,0,0,0,0,2,,0,0,0,0,1,1,,2,1,2,0,0,0,0,2,,0,0,0,0,1,1,,2,0,0,,,,,0,,,,,,0,0,,0
"Collection","/collections/pornstar-sex-doll",2,2,0,0,0,0,2,,0,0,0,0,1,1,,2,2,2,0,0,0,0,2,,0,0,0,0,1,1,,2,0,0,,,,,0,,,,,,0,0,,0
"Collection","/collections/clothes-for-sex-dolls",2,2,0,0,0,0,15,,0,0,0,1127,7.5,0,,0,2,2,0,0,0,0,15,,0,0,0,1127,7.5,0,,0,0,0,,,,,0,,,,,0,0,,,
,"/ja/blogs/dolls-info-qustions/why-you-should-buy-your-husband-a-life-size-silicone-sex-doll",2,2,0,0,0,0,2,,0,0,0,0,1,1,,2,2,2,0,0,0,0,2,,0,0,0,0,1,1,,2,0,0,,,,,0,,,,,,0,0,,0
,"/en-fi/blogs/dolls-info-qustions/sex-experts-recommend-top-ten-sex-pillows-to-enhance-your-bbw-sex-doll-experience",2,2,0,0,0,0,2,,0,0,0,0,1,1,,2,2,2,0,0,0,0,2,,0,0,0,0,1,1,,2,0,0,,,,,0,,,,,,0,0,,0
"Product","/products/h699-tpe-oral-sex-doll-head-in-stock-usa%E4%B8%A8wm-doll-head",1,2,0,0,0,0,8,,0,0,0,101,4,0.5,,1,1,2,0,0,0,0,8,,0,0,0,101,4,0.5,,1,0,0,,,,,0,,,,,0,0,0,,0
"Product","/products/f9271-180cm-5ft3-26kg-weight-loss-realistic-male-sex-doll-nordic-phantom-soft-penis",1,2,0,0,0,0,3,,0,0,0,1.5,1.5,0.5,,1,1,2,0,0,0,0,3,,0,0,0,1.5,1.5,0.5,,1,0,0,,,,,0,,,,,0,0,0,,0
"Product","/products/t345-biggest-bbw-sex-doll-torso-black-stpe-58lbs-climax-doll",2,2,0,0,0,0,12,,0,0,0,384.5,6,0,,0,2,2,0,0,0,0,12,,0,0,0,384.5,6,0,,0,0,0,,,,,0,,,,,0,0,,,
"Collection","/collections/blue-skin-alien",2,2,0,0,0,0,2,,0,0,0,0,1,1,,2,2,2,0,0,0,0,2,,0,0,0,0,1,1,,2,0,0,,,,,0,,,,,,0,0,,0
"Product","/products/f8000-150cm-5ft-27-5kg-silicone-anime-hentai-sex-doll-elsa-babe",2,2,0,0,0,0,8,,0,0,0,37.5,4,0.5,,1,2,2,0,0,0,0,8,,0,0,0,37.5,4,0.5,,1,0,0,,,,,0,,,,,0,0,0,,0
"Collection","/collections/anime-sex-doll-head",2,2,0,0,0,0,8,,0,0,0,289.5,4,0,,0,2,2,0,0,0,0,8,,0,0,0,289.5,4,0,,0,0,0,,,,,0,,,,,0,0,,,
,"/ja/collections/shemale-sex-doll-torso-1",1,2,0,0,0,0,6,,0,0,0,78.5,3,0.5,,1,1,2,0,0,0,0,6,,0,0,0,78.5,3,0.5,,1,0,0,,,,,0,,,,,0,0,0,,0
"Product","/products/irontech-ros-silicone-doll-168cm-f735",1,2,0,0,0,0,8,,0,0,0,575.5,4,0.5,,1,1,2,0,0,0,0,8,,0,0,0,575.5,4,0.5,,1,0,0,,,,,0,,,,,0,0,0,,0
"Checkout","/orders/49d4c135ad83439d4cd592b2c667ab0c",2,2,0,0,1,0.5,21,,0,0,0,1289.5,10.5,0,,0,2,2,0,0,1,0.5,21,,0,0,0,1289.5,10.5,0,,0,0,0,,,0,0,0,,,,,0,0,,,
"Blog Article","/blogs/dolls-info-qustions/introduction-of-oral-heating-and-automatic-tongue-licking-function-and-precautions-for-operation",2,2,0,0,0,0,2,,0,0,0,0,1,1,,2,2,2,0,0,0,0,2,,0,0,0,0,1,1,,2,0,0,,,,,0,,,,,,0,0,,0
"Blog Article","/blogs/dolls-info-qustions/popularization-of-knowledge-about-sex-doll-skeletons",2,2,0,0,0,0,2,,0,0,0,0,1,1,,2,2,2,0,0,0,0,2,,0,0,0,0,1,1,,2,0,0,,,,,0,,,,,,0,0,,0
"Checkout","/orders/24f9680cc6188230b2546e2b4348ffa1",1,2,0,0,0,0,5,,0,0,0,22.5,2.5,0.5,,1,1,2,0,0,0,0,5,,0,0,0,22.5,2.5,0.5,,1,0,0,,,,,0,,,,,0,0,0,,0
,"/en-ca/collections/torso-dildo",2,2,0,0,0,0,2,,0,0,0,0,1,1,,2,2,2,0,0,0,0,2,,0,0,0,0,1,1,,2,0,0,,,,,0,,,,,,0,0,,0
,"/en-ca/collections/black-male-sex-doll",2,2,0,0,0,0,4,,0,0,0,354,2,0.5,,1,2,2,0,0,0,0,4,,0,0,0,354,2,0.5,,1,0,0,,,,,0,,,,,0,0,0,,0
"Product","/products/firefly-diary-164cm-silicone-sex-doll-f8614",2,2,0,0,0,0,2,,0,0,0,0,1,1,,2,2,2,0,0,0,0,2,,0,0,0,0,1,1,,2,0,0,,,,,0,,,,,,0,0,,0
,"/de/collections/climax-doll-videos",2,2,0,0,0,0,14,,0,0,0,106,7,0.5,,1,2,2,0,0,0,0,14,,0,0,0,106,7,0.5,,1,0,0,,,,,0,,,,,0,0,0,,0
"Product","/products/t359-103cm-50-70-lbs-g-cup-real-feel-silicone-sex-doll-torso-with-head-funwest-doll",2,2,0,0,0,0,10,,0,0,0,423,5,0.5,,1,2,2,0,0,0,0,10,,0,0,0,423,5,0.5,,1,0,0,,,,,0,,,,,0,0,0,,0
"Product","/products/f4474-163cm5-4ft-51kg-h-cup-bbw-big-booty-tpe-sex-doll%E4%B8%A8wm-doll",1,2,0,0,0,0,2,,0,0,0,0,1,1,,2,1,2,0,0,0,0,2,,0,0,0,0,1,1,,2,0,0,,,,,0,,,,,,0,0,,0
,"/en-ca/collections/full-femboy-sex-doll",2,2,0,0,0,0,4,,0,0,0,37,2,0.5,,1,2,2,0,0,0,0,4,,0,0,0,37,2,0.5,,1,0,0,,,,,0,,,,,0,0,0,,0
"Blog Article","/blogs/dolls-info-qustions/foot-smother-a-guide-to-safe-and-sensual-play",2,2,0,0,0,0,2,,0,0,0,0,1,1,,2,2,2,0,0,0,0,2,,0,0,0,0,1,1,,2,0,0,,,,,0,,,,,,0,0,,0
,"/de/collections/erovenus-max",2,2,0,0,0,0,2,,0,0,0,0,1,1,,2,2,2,0,0,0,0,2,,0,0,0,0,1,1,,2,0,0,,,,,0,,,,,,0,0,,0
,"/en-ca/products/f1554-elsa-babe-165cm-5ft4-full-silicone-sexy-anime-sex-dolls",2,2,0,0,0,0,2,,0,0,0,0,1,1,,2,2,2,0,0,0,0,2,,0,0,0,0,1,1,,2,0,0,,,,,0,,,,,,0,0,,0
"Product","/products/a437-38-8lb-silicone-big-ass-sex-doll-torso-with-bubble-butt-lovenestle",2,2,0,0,0,0,2,,0,0,0,0,1,1,,2,2,2,0,0,0,0,2,,0,0,0,0,1,1,,2,0,0,,,,,0,,,,,,0,0,,0
,"/de/collections/mini-sex-doll-torso",2,2,0,0,0,0,14,,0,0,0,192,7,0.5,,1,2,2,0,0,0,0,14,,0,0,0,192,7,0.5,,1,0,0,,,,,0,,,,,0,0,0,,0
"Product","/products/a303-silicone-big-butt-torso-lightweight-realistic-vagina",2,2,0,0,0,0,2,,0,0,0,0,1,1,,2,2,2,0,0,0,0,2,,0,0,0,0,1,1,,2,0,0,,,,,0,,,,,,0,0,,0
"Blog Article","/blogs/dolls-info-qustions/how-does-sex-with-life-size-sex-dolls-compare-to-real-sex",2,2,0,0,0,0,2,,0,0,0,0,1,1,,2,2,2,0,0,0,0,2,,0,0,0,0,1,1,,2,0,0,,,,,0,,,,,,0,0,,0
"Product","/products/v637-portable-tpe-foot-fetish-toys-for-discrete-storage-in-small-apartments",2,2,0,0,0,0,2,,0,0,0,0,1,1,,2,2,2,0,0,0,0,2,,0,0,0,0,1,1,,2,0,0,,,,,0,,,,,,0,0,,0
,"/en-ca/products/f5819-168cm-5ft5-35kg-f-cup-tanya-silicone-realistic-with-ros-head-sex-doll-top-cydoll",2,2,0,0,0,0,2,,0,0,0,0,1,1,,2,2,2,0,0,0,0,2,,0,0,0,0,1,1,,2,0,0,,,,,0,,,,,,0,0,,0
"Product","/products/f2001-156cm5-1ft-39-5-h-cup-fantasy-tpe-sex-doll%E4%B8%A8wm-doll",2,2,0,0,0,0,2,,0,0,0,0,1,1,,2,2,2,0,0,0,0,2,,0,0,0,0,1,1,,2,0,0,,,,,0,,,,,,0,0,,0
"Product","/products/f1932k-irontech-164cm-f-cup-full-body-sexdoll-hybrid",2,2,0,0,0,0,23,,0,0,0,929.5,11.5,0,,0,2,2,0,0,0,0,23,,0,0,0,929.5,11.5,0,,0,0,0,,,,,0,,,,,0,0,,,
"Product","/products/f2384a-163cm5-3ft-70kg-53kg-g-cup-s6-best-big-ass-silicone-head-real-bbw-sex-doll-booty-2025%E4%B8%A8sy-doll",2,2,0,0,0,0,4,,0,0,0,26,2,0,,0,2,2,0,0,0,0,4,,0,0,0,26,2,0,,0,0,0,,,,,0,,,,,0,0,,,
"Product","/products/a627-sex-doll-ass-torso-tpe-bouncy-butt-26-2lb",2,2,0,0,0,0,14,,0,0,0,194,7,0.5,,1,2,2,0,0,0,0,14,,0,0,0,194,7,0.5,,1,0,0,,,,,0,,,,,0,0,0,,0
"Blog Article","/blogs/dolls-info-qustions/what-is-ass-worship-and-why-do-you-need-a-big-ass-torso",2,2,0,0,0,0,3,,0,0,0,562,1.5,0.5,,1,2,2,0,0,0,0,3,,0,0,0,562,1.5,0.5,,1,0,0,,,,,0,,,,,0,0,0,,0
"Product","/products/f8033-150cm-5ft-27-5kg-silicone-anime-hentai-sex-doll-elsa-babe",2,2,0,0,0,0,7,,0,0,0,36,3.5,0.5,,1,2,2,0,0,0,0,7,,0,0,0,36,3.5,0.5,,1,0,0,,,,,0,,,,,0,0,0,,0
"Product","/products/f6128-157cm-5ft1-29kg-b-cup-realistic-skinny-tpe-sex-doll-sy-doll",2,2,1,0,0,0,33,,0.5,0,0,765.5,16.5,0,,0,2,2,1,0,0,0,33,,0.5,0,0,765.5,16.5,0,,0,0,0,0,,,,0,,0,,,0,0,,,
"Product","/products/582-sexdoll-legs",2,2,0,0,0,0,2,,0,0,0,0,1,1,,2,2,2,0,0,0,0,2,,0,0,0,0,1,1,,2,0,0,,,,,0,,,,,,0,0,,0
,"/en-fi/collections/sex-doll-head",2,2,0,0,0,0,4,,0,0,0,12.5,2,0.5,,1,2,2,0,0,0,0,4,,0,0,0,12.5,2,0.5,,1,0,0,,,,,0,,,,,0,0,0,,0
"Product","/products/f2537-ros-silicone-head-tpe-body-huge-breast-sex-doll",2,2,0,0,0,0,5,,0,0,0,39,2.5,0.5,,1,2,2,0,0,0,0,5,,0,0,0,39,2.5,0.5,,1,0,0,,,,,0,,,,,0,0,0,,0
"Product","/products/t706-70-54lb-lifesize-vibrating-sucking-sex-doll-torso-luxury-sexiest-stripper-plump-hot-sex-toy-for-man",2,2,0,0,0,0,11,,0,0,0,437,5.5,0.5,,1,2,2,0,0,0,0,11,,0,0,0,437,5.5,0.5,,1,0,0,,,,,0,,,,,0,0,0,,0
,"/en-fi/collections/boob-job-sex-toys",2,2,0,0,0,0,7,,0,0,0,123.5,3.5,0,,0,2,2,0,0,0,0,7,,0,0,0,123.5,3.5,0,,0,0,0,,,,,0,,,,,0,0,,,
"Product","/products/t266-huge-penis-male-sex-doll-torso-dildo-adult-toys-for-female-masturbation",2,2,0,0,0,0,4,,0,0,0,34,2,0.5,,1,2,2,0,0,0,0,4,,0,0,0,34,2,0.5,,1,0,0,,,,,0,,,,,0,0,0,,0
"Collection","/collections/climax-doll-full-body-doll",2,2,0,0,0,0,13,,0,0,0,195.5,6.5,0,,0,2,2,0,0,0,0,13,,0,0,0,195.5,6.5,0,,0,0,0,,,,,0,,,,,0,0,,,
"Product","/products/f7690-161cm5ft3-41-5kg-h-cup-huge-breast-silicone-ssbbw-sex-doll-with-weight-reduction-4-0-starpery-doll",2,2,0,0,0,0,14,,0,0,0,839.5,7,0.5,,1,2,2,0,0,0,0,14,,0,0,0,839.5,7,0.5,,1,0,0,,,,,0,,,,,0,0,0,,0
"Collection","/collections/se-sex-doll-torso",2,2,0,0,0,0,22,,0,0,0,496,11,0.5,,1,2,2,0,0,0,0,22,,0,0,0,496,11,0.5,,1,0,0,,,,,0,,,,,0,0,0,,0
"Collection","/collections/best-sellers-in-head",2,2,0,0,0,0,7,,0,0,0,99.5,3.5,0.5,,1,2,2,0,0,0,0,7,,0,0,0,99.5,3.5,0.5,,1,0,0,,,,,0,,,,,0,0,0,,0
"Product","/products/f7149-157cm5-2ft-36-2kg-2-2cf-k-cup-ros-asian-chinese-silicone-sex-doll-bezlya-doll",2,2,0,0,0,0,3,,0,0,0,68,1.5,0.5,,1,2,2,0,0,0,0,3,,0,0,0,68,1.5,0.5,,1,0,0,,,,,0,,,,,0,0,0,,0
"Product","/products/f8558-162cm-5ft3-29kg-i-cup-real-lady-silicone-adult-full-size-sex-doll-t34-top-fire-doll",1,2,0,0,0,0,17,,0,0,0,1045,8.5,0.5,,1,1,2,0,0,0,0,17,,0,0,0,1045,8.5,0.5,,1,0,0,,,,,0,,,,,0,0,0,,0
"Product","/products/t34467lbs-160-black-stpe-bbw-torso-sex-doll-climax-doll-classic",2,2,0,0,0,0,5,,0,0,0,39.5,2.5,0.5,,1,2,2,0,0,0,0,5,,0,0,0,39.5,2.5,0.5,,1,0,0,,,,,0,,,,,0,0,0,,0
,"/en-ca/products/f1614-rosretty-160cm-celebrity-life-size-realistic-sex-doll",1,2,0,0,0,0,23,,0,0,0,342.5,11.5,0.5,,1,1,2,0,0,0,0,23,,0,0,0,342.5,11.5,0.5,,1,0,0,,,,,0,,,,,0,0,0,,0
,"/ja/blogs/dolls-info-qustions/decision-fatigue-the-ultimate-2025-guide-to-choosing-the-best-sex-doll-brand",2,2,0,0,0,0,2,,0,0,0,0,1,1,,2,2,2,0,0,0,0,2,,0,0,0,0,1,1,,2,0,0,,,,,0,,,,,,0,0,,0
,"/en-ca/blogs/dolls-info-qustions/how-a-most-realistic-male-sex-doll-is-manufactured",2,2,0,0,0,0,3,,0,0,0,3,1.5,0.5,,1,2,2,0,0,0,0,3,,0,0,0,3,1.5,0.5,,1,0,0,,,,,0,,,,,0,0,0,,0
"Collection","/collections/japanese-cosplay-sex-doll",2,2,0,0,0,0,2,,0,0,0,0,1,1,,2,2,2,0,0,0,0,2,,0,0,0,0,1,1,,2,0,0,,,,,0,,,,,,0,0,,0
"Collection","/collections/irontech-doll-factory-photos",2,2,0,0,0,0,22,,0,0,0,167,11,0,,0,2,2,0,0,0,0,22,,0,0,0,167,11,0,,0,0,0,,,,,0,,,,,0,0,,,
,"/de/collections/fake-ass-sex-toy",2,2,1,0,0,0,13,,0.5,0,0,1084.5,6.5,0,,0,2,2,1,0,0,0,13,,0.5,0,0,1084.5,6.5,0,,0,0,0,0,,,,0,,0,,,0,0,,,
"Blog Article","/blogs/dolls-info-qustions/anal-pleasure-with-big-booty-sex-doll",2,2,0,0,0,0,2,,0,0,0,0,1,1,,2,2,2,0,0,0,0,2,,0,0,0,0,1,1,,2,0,0,,,,,0,,,,,,0,0,,0
"Product","/products/h001-sex-doll-head",2,2,0,0,0,0,2,,0,0,0,0,1,1,,2,2,2,0,0,0,0,2,,0,0,0,0,1,1,,2,0,0,,,,,0,,,,,,0,0,,0
"Product","/products/f1444-163cm5f3-52kg-e-cup-best-big-ass-chubby-tpe-life-size-bbw-sex-doll-2024-aibei-doll",1,2,0,0,0,0,3,,0,0,0,10,1.5,0.5,,1,1,2,0,0,0,0,3,,0,0,0,10,1.5,0.5,,1,0,0,,,,,0,,,,,0,0,0,,0
"Collection","/collections/full-size-type-torso",2,2,0,0,0,0,5,,0,0,0,118,2.5,0,,0,2,2,0,0,0,0,5,,0,0,0,118,2.5,0,,0,0,0,,,,,0,,,,,0,0,,,
"Product","/products/f7601-170cm-5ft6-41kg-tpe-huge-breast-sex-doll-in-stock-us",2,2,0,0,0,0,23,,0,0,0,422.5,11.5,0.5,,1,2,2,0,0,0,0,23,,0,0,0,422.5,11.5,0.5,,1,0,0,,,,,0,,,,,0,0,0,,0
"Product","/products/p399-osiimi-anime-pocket-pussy-bbw-succubus-sex-doll-mrl",2,2,0,0,0,0,3,,0,0,0,348,1.5,0.5,,1,2,2,0,0,0,0,3,,0,0,0,348,1.5,0.5,,1,0,0,,,,,0,,,,,0,0,0,,0
,"/en-ca/blogs/dolls-info-qustions/discover-the-secrets-of-the-vagina",2,2,0,0,0,0,2,,0,0,0,0,1,1,,2,2,2,0,0,0,0,2,,0,0,0,0,1,1,,2,0,0,,,,,0,,,,,,0,0,,0
"Product","/products/md-silicone-small-breasts-159cm-a-cup-f6319",2,2,0,0,0,0,2,,0,0,0,0,1,1,,2,2,2,0,0,0,0,2,,0,0,0,0,1,1,,2,0,0,,,,,0,,,,,,0,0,,0
"Collection","/collections/aibei-doll",2,2,0,0,0,0,4,,0,0,0,17,2,0,,0,2,2,0,0,0,0,4,,0,0,0,17,2,0,,0,0,0,,,,,0,,,,,0,0,,,
"Blog Article","/blogs/dolls-info-qustions/superhero-sex-dolls",2,2,0,0,0,0,2,,0,0,0,0,1,1,,2,2,2,0,0,0,0,2,,0,0,0,0,1,1,,2,0,0,,,,,0,,,,,,0,0,,0
,"/en-ca/collections/sucking-vagina-ai-sex-doll",2,2,0,0,0,0,3,,0,0,0,5.5,1.5,0.5,,1,2,2,0,0,0,0,3,,0,0,0,5.5,1.5,0.5,,1,0,0,,,,,0,,,,,0,0,0,,0
"Blog Article","/blogs/dolls-info-qustions/the-best-usage-of-shemale-sex-dolls",2,2,0,0,0,0,2,,0,0,0,0,1,1,,2,2,2,0,0,0,0,2,,0,0,0,0,1,1,,2,0,0,,,,,0,,,,,,0,0,,0
,"/ja/blogs/dolls-info-qustions/what-to-think-about-before-buying-a-torso-dildo",2,2,0,0,0,0,2,,0,0,0,0,1,1,,2,2,2,0,0,0,0,2,,0,0,0,0,1,1,,2,0,0,,,,,0,,,,,,0,0,,0
"Product","/products/f1336-159cm5-2ft-a-cup-small-tits-blonde-hair-sweet-young-tpe-sex-doll-in-stock-usa-fun-west-doll",2,2,0,0,0,0,7,,0,0,0,55.5,3.5,0.5,,1,2,2,0,0,0,0,7,,0,0,0,55.5,3.5,0.5,,1,0,0,,,,,0,,,,,0,0,0,,0
"Blog Article","/blogs/dolls-info-qustions/japanese-girls-become-the-most-popular-women",2,2,0,0,0,0,2,,0,0,0,0,1,1,,2,2,2,0,0,0,0,2,,0,0,0,0,1,1,,2,0,0,,,,,0,,,,,,0,0,,0
"Blog Article","/blogs/real-sex-doll-reviews-pros-cons-real-usage-tests/7-top-brands-of-silicone-sex-dolls-jelly-breast-experience-which-is-the-softest-and-most-realistic",2,2,0,0,0,0,12,,0,0,0,272,6,0,,0,2,2,0,0,0,0,12,,0,0,0,272,6,0,,0,0,0,,,,,0,,,,,0,0,,,
"Product","/products/f1226-160cm-i-cup-zara-black-lady-sex-doll-irontech-doll",2,2,0,0,0,0,4,,0,0,0,90.5,2,0,,0,2,2,0,0,0,0,4,,0,0,0,90.5,2,0,,0,0,0,,,,,0,,,,,0,0,,,
,"/en-ca/collections/md-doll",2,2,0,0,0,0,2,,0,0,0,0,1,1,,2,2,2,0,0,0,0,2,,0,0,0,0,1,1,,2,0,0,,,,,0,,,,,,0,0,,0
"Product","/products/p391-futanari-toys-anime-pocket-pussy-onahole",2,2,0,0,0,0,3,,0,0,0,7,1.5,0.5,,1,2,2,0,0,0,0,3,,0,0,0,7,1.5,0.5,,1,0,0,,,,,0,,,,,0,0,0,,0
,"/en-ca/collections/alien-sex-dolls",2,2,0,0,0,0,4,,0,0,0,13.5,2,0.5,,1,2,2,0,0,0,0,4,,0,0,0,13.5,2,0.5,,1,0,0,,,,,0,,,,,0,0,0,,0
"Product","/products/products-climax-doll-bbw-big-butt-black-gel-27-5lb-realistic-torso",2,2,0,0,0,0,10,,0,0,0,666.5,5,0,,0,2,2,0,0,0,0,10,,0,0,0,666.5,5,0,,0,0,0,,,,,0,,,,,0,0,,,
"Blog Article","/blogs/dolls-info-qustions/how-sci-fi-culture-shapes-the-design-of-alien-sex-dolls",2,2,0,0,0,0,2,,0,0,0,0,1,1,,2,2,2,0,0,0,0,2,,0,0,0,0,1,1,,2,0,0,,,,,0,,,,,,0,0,,0
"Product","/products/f1929k-164cm5ft4-g-cup-hazel-life-size-sex-doll-irontech-doll",2,2,0,0,0,0,24,,0,0,0,1011,12,0.5,,1,2,2,0,0,0,0,24,,0,0,0,1011,12,0.5,,1,0,0,,,,,0,,,,,0,0,0,,0
,"/ja/collections/top-rated-japanese-sex-dolls-in-2026",2,2,0,0,0,0,4,,0,0,0,15,2,0.5,,1,2,2,0,0,0,0,4,,0,0,0,15,2,0.5,,1,0,0,,,,,0,,,,,0,0,0,,0
,"/en-fi/collections/full-doll",2,2,0,0,0,0,13,,0,0,0,748,6.5,0.5,,1,2,2,0,0,0,0,13,,0,0,0,748,6.5,0.5,,1,0,0,,,,,0,,,,,0,0,0,,0
,"/en-ca/collections/big-ass-sex-doll-torso",1,2,0,0,0,0,4,,0,0,0,5,2,0,,0,1,2,0,0,0,0,4,,0,0,0,5,2,0,,0,0,0,,,,,0,,,,,0,0,,,
"Product","/products/t9725-76cm-2ft6-33-5kg-s16-g-cup-silicone-head-ssbbw-plus-size-huge-breast-big-ass-sex-doll-torso-with-head-rosretty-doll",2,2,0,0,0,0,10,,0,0,0,397.5,5,0,,0,2,2,0,0,0,0,10,,0,0,0,397.5,5,0,,0,0,0,,,,,0,,,,,0,0,,,
"Blog Article","/blogs/dolls-info-qustions/how-to-integrate-sex-toys-and-torso-sex-dolls-into-foreplay",2,2,0,0,0,0,3,,0,0,0,213,1.5,0.5,,1,2,2,0,0,0,0,3,,0,0,0,213,1.5,0.5,,1,0,0,,,,,0,,,,,0,0,0,,0
"Blog Article","/blogs/dolls-info-qustions/how-male-sex-dolls-impact-the-development-of-feminism",2,2,0,0,0,0,2,,0,0,0,0,1,1,,2,2,2,0,0,0,0,2,,0,0,0,0,1,1,,2,0,0,,,,,0,,,,,,0,0,,0
,"/en-ca/blogs/dolls-info-qustions/how-women-use-sex-dolls",2,2,0,0,0,0,2,,0,0,0,0,1,1,,2,2,2,0,0,0,0,2,,0,0,0,0,1,1,,2,0,0,,,,,0,,,,,,0,0,,0
"Blog Article","/blogs/dolls-info-qustions/sex-torso-vs-masturbation-which-one-is-right-for-you-this-article-has-the-answer",2,2,0,0,0,0,2,,0,0,0,0,1,1,,2,2,2,0,0,0,0,2,,0,0,0,0,1,1,,2,0,0,,,,,0,,,,,,0,0,,0
"Product","/products/f1264-165cm-g-cup-eva-big-boobs-doll-irontech-doll",2,2,0,0,0,0,3,,0,0,0,8,1.5,0.5,,1,2,2,0,0,0,0,3,,0,0,0,8,1.5,0.5,,1,0,0,,,,,0,,,,,0,0,0,,0
,"/en-ca/collections/big-boobs-sex-dolls",2,2,0,0,0,0,5,,0,0,0,93,2.5,0,,0,2,2,0,0,0,0,5,,0,0,0,93,2.5,0,,0,0,0,,,,,0,,,,,0,0,,,
"Product","/products/f3465-158cm5f2-33kg-e-cup-medium-breast-tpe-sex-doll-in-stock-usa-aibei-doll",1,2,0,0,0,0,2,,0,0,0,0,1,1,,2,1,2,0,0,0,0,2,,0,0,0,0,1,1,,2,0,0,,,,,0,,,,,,0,0,,0
,"/en-ca/collections/black-torso-sex-dolls",2,2,0,0,0,0,22,,0,0,0,765,11,0,,0,2,2,0,0,0,0,22,,0,0,0,765,11,0,,0,0,0,,,,,0,,,,,0,0,,,
"Product","/products/a682-big-ass-torso-silicone-19lb-sucking-vibration",2,2,0,0,0,0,43,,0,0,0,1706.5,21.5,0,,0,2,2,0,0,0,0,43,,0,0,0,1706.5,21.5,0,,0,0,0,,,,,0,,,,,0,0,,,
"Blog Article","/blogs/sex-doll-torso-blog/breast-types-for-sex-doll-torso",2,2,0,0,0,0,3,,0,0,0,16.5,1.5,0.5,,1,2,2,0,0,0,0,3,,0,0,0,16.5,1.5,0.5,,1,0,0,,,,,0,,,,,0,0,0,,0
"Blog Article","/blogs/real-sex-doll-reviews-pros-cons-real-usage-tests/the-ultimate-in-in-depth-experience-sharing-of-sy-doll-163cm-big-bottomed-plus-size",2,2,0,0,0,0,8,,0,0,0,347,4,0.5,,1,2,2,0,0,0,0,8,,0,0,0,347,4,0.5,,1,0,0,,,,,0,,,,,0,0,0,,0
"Product","/products/t370-24lbs-61cm-life-size-realistic-torso-flat-chest-sex-dolls",2,2,0,0,0,0,2,,0,0,0,0,1,1,,2,2,2,0,0,0,0,2,,0,0,0,0,1,1,,2,0,0,,,,,0,,,,,,0,0,,0
"Product","/products/f5531-165cm-5ft5-50kg-n-cup-bbw-black-tpe-sex-doll-6ye",2,2,0,0,0,0,2,,0,0,0,0,1,1,,2,2,2,0,0,0,0,2,,0,0,0,0,1,1,,2,0,0,,,,,0,,,,,,0,0,,0
"Product","/products/f9408-asian-flat-chest-sex-doll",2,2,0,0,0,0,18,,0,0,0,1454,9,0,,0,2,2,0,0,0,0,18,,0,0,0,1454,9,0,,0,0,0,,,,,0,,,,,0,0,,,
"Collection","/collections/black-ass-sex-doll",2,2,0,0,0,0,5,,0,0,0,94,2.5,0.5,,1,2,2,0,0,0,0,5,,0,0,0,94,2.5,0.5,,1,0,0,,,,,0,,,,,0,0,0,,0
"Collection","/collections/starpery-doll-factory-photos",2,2,0,0,0,0,16,,0,0,0,139,8,0,,0,2,2,0,0,0,0,16,,0,0,0,139,8,0,,0,0,0,,,,,0,,,,,0,0,,,
"Product","/products/f5963-159cm-5ft3-34kg-a-cup-tpe-silicone-celebrity-young-flat-chest-sex-doll-sy-doll",1,2,0,0,0,0,5,,0,0,0,42.5,2.5,0.5,,1,1,2,0,0,0,0,5,,0,0,0,42.5,2.5,0.5,,1,0,0,,,,,0,,,,,0,0,0,,0
"Product","/products/t328-35-7lb-85cm-g-cup-real-skin-texture-weight-reduction-silicone-sex-doll-torso-starpery-doll",1,2,0,0,0,0,73,,0,0,0,1096.5,36.5,0.5,,1,1,2,0,0,0,0,73,,0,0,0,1096.5,36.5,0.5,,1,0,0,,,,,0,,,,,0,0,0,,0
"Product","/products/a357-27-5lb-silicone-butt-sexy-and-real-realistic-big-ass-sex-doll-torso-climax-doll",1,2,0,0,0,0,3,,0,0,0,1.5,1.5,0.5,,1,1,2,0,0,0,0,3,,0,0,0,1.5,1.5,0.5,,1,0,0,,,,,0,,,,,0,0,0,,0
"Product","/products/f5309-g-cup-full-size-real-sex-doll-top-fire-doll",1,2,0,0,0,0,9,,0,0,0,902.5,4.5,0.5,,1,1,2,0,0,0,0,9,,0,0,0,902.5,4.5,0.5,,1,0,0,,,,,0,,,,,0,0,0,,0
"Product","/products/t779-ssbbwsex-huge-boobs-torso-doll-eliza-yeloly",2,2,0,0,0,0,6,,0,0,0,39,3,0.5,,1,2,2,0,0,0,0,6,,0,0,0,39,3,0.5,,1,0,0,,,,,0,,,,,0,0,0,,0
"Collection","/collections/galatea-doll",2,2,0,0,0,0,2,,0,0,0,0,1,1,,2,2,2,0,0,0,0,2,,0,0,0,0,1,1,,2,0,0,,,,,0,,,,,,0,0,,0
"Product","/products/f5882-158cm-5ft2-37kg-c-cup-asian-silicone-head-tpe-body-sex-doll-shedoll",2,2,0,0,0,0,2,,0,0,0,0,1,1,,2,2,2,0,0,0,0,2,,0,0,0,0,1,1,,2,0,0,,,,,0,,,,,,0,0,,0
"Product","/products/p95-10-8lb-paula-cow-girl-six-boobs-anime-sexdolls-hentai-sex-dolls-torso-mrl",2,2,0,0,0,0,4,,0,0,0,79,2,0.5,,1,2,2,0,0,0,0,4,,0,0,0,79,2,0.5,,1,0,0,,,,,0,,,,,0,0,0,,0
"Product","/products/t90221-49lb-d-cup-2-95-dildo-electric-shemale-male-female-rechargeable-sex-doll-torso-adult-toys",2,2,0,0,0,0,2,,0,0,0,0,1,1,,2,2,2,0,0,0,0,2,,0,0,0,0,1,1,,2,0,0,,,,,0,,,,,,0,0,,0
,"/ja/blogs/dolls-info-qustions/choosing-between-a-torso-dildo-and-a-dildo-a-relaxed-guide",2,2,0,0,0,0,2,,0,0,0,0,1,1,,2,2,2,0,0,0,0,2,,0,0,0,0,1,1,,2,0,0,,,,,0,,,,,,0,0,,0
"Product","/products/t452-33-69lb-silicone-lightweight-sex-doll-torso-with-big-boobs-and-butt-lovenestle",2,2,0,0,0,0,3,,0,0,0,47.5,1.5,0.5,,1,2,2,0,0,0,0,3,,0,0,0,47.5,1.5,0.5,,1,0,0,,,,,0,,,,,0,0,0,,0
,"/en-ca/blogs/dolls-info-qustions/masturbation-place",2,2,0,0,0,0,2,,0,0,0,0,1,1,,2,2,2,0,0,0,0,2,,0,0,0,0,1,1,,2,0,0,,,,,0,,,,,,0,0,,0
,"/vi/blogs/dolls-info-qustions/have-sex-with-a-japnese-sex-doll",2,2,0,0,0,0,2,,0,0,0,0,1,1,,2,2,2,0,0,0,0,2,,0,0,0,0,1,1,,2,0,0,,,,,0,,,,,,0,0,,0
"Collection","/collections/qsx",2,2,0,0,0,0,2,,0,0,0,0,1,1,,2,2,2,0,0,0,0,2,,0,0,0,0,1,1,,2,0,0,,,,,0,,,,,,0,0,,0
,"/en-ca/blogs/dolls-info-qustions/how-to-choose-a-sex-doll-torso-that-matches-your-height",2,2,0,0,0,0,2,,0,0,0,0,1,1,,2,2,2,0,0,0,0,2,,0,0,0,0,1,1,,2,0,0,,,,,0,,,,,,0,0,,0
"Product","/products/t683-110cm3-6ft-27kg-e-cup-silicone-real-skin-textured-sex-doll-torso-in-stock-usa-top-cydoll",2,2,0,0,0,0,5,,0,0,0,134,2.5,0.5,,1,2,2,0,0,0,0,5,,0,0,0,134,2.5,0.5,,1,0,0,,,,,0,,,,,0,0,0,,0
"Blog Article","/blogs/sex-doll-torso-blog/the-most-life-like-torso-sex-doll",2,2,0,0,0,0,2,,0,0,0,0,1,1,,2,2,2,0,0,0,0,2,,0,0,0,0,1,1,,2,0,0,,,,,0,,,,,,0,0,,0
"Product","/products/f6336-life-size-ros-sex-doll-realistic",1,2,0,0,0,0,2,,0,0,0,0,1,1,,2,1,2,0,0,0,0,2,,0,0,0,0,1,1,,2,0,0,,,,,0,,,,,,0,0,,0
"Collection","/collections/yehe",2,2,0,0,0,0,2,,0,0,0,0,1,1,,2,2,2,0,0,0,0,2,,0,0,0,0,1,1,,2,0,0,,,,,0,,,,,,0,0,,0
,"/en-ca/products/b38-17-1lb-suntan-silicone-sex-doll-titfuck-torso",1,1,0,0,0,0,1,,0,0,0,0,1,1,,1,1,1,0,0,0,0,1,,0,0,0,0,1,1,,1,0,0,,,,,0,,,,,,0,0,,0
,"/en-ca/products/f3419-158cm5f2-33kg-e-cup-medium-breast-tpe-sex-doll-aibei-doll",1,1,0,0,0,0,1,,0,0,0,0,1,1,,1,1,1,0,0,0,0,1,,0,0,0,0,1,1,,1,0,0,,,,,0,,,,,,0,0,,0
,"/de/blogs/real-sex-doll-reviews-pros-cons-real-usage-tests/evas-doll-180cm-f6229-full-review",1,1,0,0,0,0,4,,0,0,0,2456,4,0,,0,1,1,0,0,0,0,4,,0,0,0,2456,4,0,,0,0,0,,,,,0,,,,,0,0,,,
"Product","/products/9257399943407",1,1,0,0,0,0,1,,0,0,0,0,1,1,,1,1,1,0,0,0,0,1,,0,0,0,0,1,1,,1,0,0,,,,,0,,,,,,0,0,,0
"Blog Article","/blogs/dolls-info-qustions/would-you-put-a-dildo-on-your-sex-doll",1,1,0,0,0,0,1,,0,0,0,0,1,1,,1,1,1,0,0,0,0,1,,0,0,0,0,1,1,,1,0,0,,,,,0,,,,,,0,0,,0
"Product","/products/f9004-161cm5-3ft-39-6kg-d-cup-real-life-tpe-ai-huge-breast-sex-doll%E4%B8%A8sy-doll",1,1,0,0,0,0,28,,0,0,0,1209,28,0,,0,1,1,0,0,0,0,28,,0,0,0,1209,28,0,,0,0,0,,,,,0,,,,,0,0,,,
"Product","/products/f1246-164cm-f-cup-hedy-big-boobs-doll-irontech-doll",1,1,0,0,0,0,1,,0,0,0,0,1,1,,1,1,1,0,0,0,0,1,,0,0,0,0,1,1,,1,0,0,,,,,0,,,,,,0,0,,0
"Product","/products/f3908-159cm5-2ft-37kg-asian-alice-a-cup-realistic-silicone-sex-doll-fun-west-doll",1,1,0,0,0,0,1,,0,0,0,0,1,1,,1,1,1,0,0,0,0,1,,0,0,0,0,1,1,,1,0,0,,,,,0,,,,,,0,0,,0
"Collection","/collections/sex-doll-in-stock-europe-all",1,1,0,0,0,0,2,,0,0,0,18,2,0,,0,1,1,0,0,0,0,2,,0,0,0,18,2,0,,0,0,0,,,,,0,,,,,0,0,,,
"Product","/products/f9411-aitia-doll-170cm-f-cup-silicone-head-tpe-body",1,1,0,0,0,0,1,,0,0,0,0,1,1,,1,1,1,0,0,0,0,1,,0,0,0,0,1,1,,1,0,0,,,,,0,,,,,,0,0,,0
,"/en-fi/products/a664-37-5lb-silicone-butt-sexy-and-real-realistic-big-ass-sex-doll-torso",1,1,0,0,0,0,2,,0,0,0,64,2,0,,0,1,1,0,0,0,0,2,,0,0,0,64,2,0,,0,0,0,,,,,0,,,,,0,0,,,
,"/de/blogs/dolls-info-qustions/understanding-ai-robotic-sex-dolls",1,1,0,0,0,0,1,,0,0,0,0,1,1,,1,1,1,0,0,0,0,1,,0,0,0,0,1,1,,1,0,0,,,,,0,,,,,,0,0,,0
,"/de/blogs/dolls-info-qustions/what-weight-of-butt-torso-sex-dolls-is-most-suitable",1,1,0,0,0,0,2,,0,0,0,8,2,0,,0,1,1,0,0,0,0,2,,0,0,0,8,2,0,,0,0,0,,,,,0,,,,,0,0,,,
,"/de/collections/torso-dildo",1,1,0,0,0,0,2,,0,0,0,40,2,0,,0,1,1,0,0,0,0,2,,0,0,0,40,2,0,,0,0,0,,,,,0,,,,,0,0,,,
,"/en-fi/collections/fake-ass-sex-toy",1,1,0,0,0,0,4,,0,0,0,70,4,0,,0,1,1,0,0,0,0,4,,0,0,0,70,4,0,,0,0,0,,,,,0,,,,,0,0,,,
"Blog Article","/blogs/dolls-info-qustions/inside-the-2025-shenzhen-adult-expo-where-tech-meets-fantasy-in-the-world-of-sex-dolls",1,1,0,0,0,0,1,,0,0,0,0,1,1,,1,1,1,0,0,0,0,1,,0,0,0,0,1,1,,1,0,0,,,,,0,,,,,,0,0,,0
,"/en-ca/collections/curvy-sex-dolls",1,1,0,0,0,0,1,,0,0,0,0,1,1,,1,1,1,0,0,0,0,1,,0,0,0,0,1,1,,1,0,0,,,,,0,,,,,,0,0,,0
,"/ja/collections/hr-doll",1,1,0,0,0,0,1,,0,0,0,2,1,1,,1,1,1,0,0,0,0,1,,0,0,0,2,1,1,,1,0,0,,,,,0,,,,,0,0,0,,0
"Product","/products/aibei-doll-167cm-silicone-full-sex-doll-f8598",1,1,0,0,0,0,1,,0,0,0,0,1,1,,1,1,1,0,0,0,0,1,,0,0,0,0,1,1,,1,0,0,,,,,0,,,,,,0,0,,0
"Product","/products/f9211-150cm-5ft-27-5kg-anime-hentai-silicone-lifesize-sex-doll-elsa-babe",1,1,0,0,0,0,3,,0,0,0,694,3,0,,0,1,1,0,0,0,0,3,,0,0,0,694,3,0,,0,0,0,,,,,0,,,,,0,0,,,
,"/de/blogs/dolls-info-qustions/top-5-most-popular-femboy-sex-dolls-of-2025-which-one-is-your-type",1,1,0,0,0,0,1,,0,0,0,0,1,1,,1,1,1,0,0,0,0,1,,0,0,0,0,1,1,,1,0,0,,,,,0,,,,,,0,0,,0
,"/en-fi/collections/mini-sex-doll",1,1,0,0,0,0,1,,0,0,0,0,1,1,,1,1,1,0,0,0,0,1,,0,0,0,0,1,1,,1,0,0,,,,,0,,,,,,0,0,,0
,"/en-fi/products/f5811-167cm-5ft5-37kg-d-cup-wan-song-silicone-realistic-sex-doll-top-cydoll",1,1,0,0,0,0,1,,0,0,0,0,1,1,,1,1,1,0,0,0,0,1,,0,0,0,0,1,1,,1,0,0,,,,,0,,,,,,0,0,,0
,"/de/collections/cheap-sex-doll",1,1,0,0,0,0,1,,0,0,0,0,1,1,,1,1,1,0,0,0,0,1,,0,0,0,0,1,1,,1,0,0,,,,,0,,,,,,0,0,,0
"Collection","/collections/sy-doll-videos",1,1,0,0,0,0,1,,0,0,0,2,1,1,,1,1,1,0,0,0,0,1,,0,0,0,2,1,1,,1,0,0,,,,,0,,,,,0,0,0,,0
"Blog Article","/blogs/sex-doll-torso-blog/why-buy-an-expensive-sex-doll-torso-complete-guide",1,1,0,0,0,0,1,,0,0,0,0,1,1,,1,1,1,0,0,0,0,1,,0,0,0,0,1,1,,1,0,0,,,,,0,,,,,,0,0,,0
"Product","/products/f9117-160cm-5ft2-36kg-g-cup-silicone-sexual-male-best-shemale-sex-doll-castle-doll",1,1,0,0,0,0,1,,0,0,0,0,1,1,,1,1,1,0,0,0,0,1,,0,0,0,0,1,1,,1,0,0,,,,,0,,,,,,0,0,,0
,"/en-ca/collections/mini-torso",1,1,0,0,0,0,1,,0,0,0,0,1,1,,1,1,1,0,0,0,0,1,,0,0,0,0,1,1,,1,0,0,,,,,0,,,,,,0,0,,0
"Product","/products/b71-39lbs-silicone-sex-doll-big-boobs-3-in-1",1,1,0,0,0,0,1,,0,0,0,0,1,1,,1,1,1,0,0,0,0,1,,0,0,0,0,1,1,,1,0,0,,,,,0,,,,,,0,0,,0
"Product","/products/f6146-161cm5ft3-29kg-a-cup-flat-chested-silicone-sex-doll-irontech-doll",1,1,0,0,0,0,1,,0,0,0,0,1,1,,1,1,1,0,0,0,0,1,,0,0,0,0,1,1,,1,0,0,,,,,0,,,,,,0,0,,0
"Product","/products/f5817-167cm-ebony-silicone-realistic-love-dolls",1,1,0,0,0,0,1,,0,0,0,0,1,1,,1,1,1,0,0,0,0,1,,0,0,0,0,1,1,,1,0,0,,,,,0,,,,,,0,0,,0
,"/ja/blogs/dolls-info-qustions/what-types-of-cheap-sex-dolls-can-i-buy-on-linkdolls",1,1,0,0,0,0,1,,0,0,0,0,1,1,,1,1,1,0,0,0,0,1,,0,0,0,0,1,1,,1,0,0,,,,,0,,,,,,0,0,,0
"Product","/products/f9330-150cm-4ft9-41kg-b-cup-ros-silicone-head-shemale-doll-hot-sex-doll-castle",1,1,0,0,0,0,1,,0,0,0,0,1,1,,1,1,1,0,0,0,0,1,,0,0,0,0,1,1,,1,0,0,,,,,0,,,,,,0,0,,0
,"/en-ca/collections/monster-hentai-sex-doll",1,1,0,0,0,0,1,,0,0,0,0,1,1,,1,1,1,0,0,0,0,1,,0,0,0,0,1,1,,1,0,0,,,,,0,,,,,,0,0,,0
"Product","/products/f5475-159cm-5ft2-34kg-usa-stock-a-cup-silicone-sex-doll-sy-doll-%E5%A4%8D%E5%88%B6",1,1,0,0,0,0,2,,0,0,0,7,2,0,,0,1,1,0,0,0,0,2,,0,0,0,7,2,0,,0,0,0,,,,,0,,,,,0,0,,,
"Product","/products/f5220-alice-158cm5ft2-h-cup-black-skin-tpe-sex-doll-jx-galaxy",1,1,0,0,0,0,1,,0,0,0,0,1,1,,1,1,1,0,0,0,0,1,,0,0,0,0,1,1,,1,0,0,,,,,0,,,,,,0,0,,0
,"/en-ca/blogs/dolls-info-qustions/heavyweight-sex-dolls-advantages-and-risks-analysis",1,1,0,0,0,0,1,,0,0,0,0,1,1,,1,1,1,0,0,0,0,1,,0,0,0,0,1,1,,1,0,0,,,,,0,,,,,,0,0,,0
"Product","/products/l37-41-45lb-107cm-long-silicone-sex-doll-legs-with-pubic-hair-sigafun",1,1,0,0,0,0,1,,0,0,0,0,1,1,,1,1,1,0,0,0,0,1,,0,0,0,0,1,1,,1,0,0,,,,,0,,,,,,0,0,,0
"Product","/products/f305-thicc-huge-tpe-sex-doll-f305-yl-doll",1,1,0,0,0,0,1,,0,0,0,0,1,1,,1,1,1,0,0,0,0,1,,0,0,0,0,1,1,,1,0,0,,,,,0,,,,,,0,0,,0
"Checkout","/orders/521f00aec1b22b625128ebf6ba8ddf6b",1,1,0,0,0,0,1,,0,0,0,0,1,1,,1,1,1,0,0,0,0,1,,0,0,0,0,1,1,,1,0,0,,,,,0,,,,,,0,0,,0
"Collection","/collections/sex-torso-doll-in-stock-europe",1,1,0,0,0,0,7,,0,0,0,736,7,0,,0,1,1,0,0,0,0,7,,0,0,0,736,7,0,,0,0,0,,,,,0,,,,,0,0,,,
"Product","/products/h377-ros-silicone-sex-doll-head%E4%B8%A8galatate-doll-head",1,1,0,0,0,0,1,,0,0,0,0,1,1,,1,1,1,0,0,0,0,1,,0,0,0,0,1,1,,1,0,0,,,,,0,,,,,,0,0,,0
"Product","/products/f8205-150cm-5ft-27-5kg-silicone-anime-sex-doll-elsa-babe",1,1,0,0,0,0,1,,0,0,0,0,1,1,,1,1,1,0,0,0,0,1,,0,0,0,0,1,1,,1,0,0,,,,,0,,,,,,0,0,,0
"Product","/products/f2173-170cm-5-6ft-43kg-d-cup-zara-life-size-silicone-sex-doll-real-lady",1,1,0,0,0,0,4,,0,0,0,527,4,0,,0,1,1,0,0,0,0,4,,0,0,0,527,4,0,,0,0,0,,,,,0,,,,,0,0,,,
,"/de/blogs/dolls-info-qustions/the-ultimate-guide-to-starpery-sex-dolls-the-realism-and-innovation",1,1,0,0,0,0,1,,0,0,0,0,1,1,,1,1,1,0,0,0,0,1,,0,0,0,0,1,1,,1,0,0,,,,,0,,,,,,0,0,,0
"Collection","/collections/silicone-torso",1,1,0,0,0,0,4,,0,0,0,294,4,0,,0,1,1,0,0,0,0,4,,0,0,0,294,4,0,,0,0,0,,,,,0,,,,,0,0,,,
,"/ja/blogs/recent-brand-updates-new-arrivals-for-sex-dolls/climax-pa-series-platinum-silicone-fantasy-horse-tail-sex-torso",1,1,0,0,0,0,1,,0,0,0,0,1,1,,1,1,1,0,0,0,0,1,,0,0,0,0,1,1,,1,0,0,,,,,0,,,,,,0,0,,0
"Product","/products/a425-big-ass-realistic-silicone-torso-30-9lb",1,1,0,0,0,0,10,,0,0,0,2395,10,0,,0,1,1,0,0,0,0,10,,0,0,0,2395,10,0,,0,0,0,,,,,0,,,,,0,0,,,
"Product","/products/f2453-164cm5-4ft-39kg-g-cup-life-size-silicone-head-sex-doll-in-stock-us-sigafun-doll",1,1,0,0,0,0,1,,0,0,0,0,1,1,,1,1,1,0,0,0,0,1,,0,0,0,0,1,1,,1,0,0,,,,,0,,,,,,0,0,,0
,"/ja/blogs/dolls-info-qustions/the-ultimate-guide-to-best-stuffed-animal-sex-dolls-in-2025",1,1,0,0,0,0,1,,0,0,0,0,1,1,,1,1,1,0,0,0,0,1,,0,0,0,0,1,1,,1,0,0,,,,,0,,,,,,0,0,,0
,"/en-ca/products/f3376-171cm-5ft744kg-regina-h-cup-tpe-sexy-woman-latina-large-breast-sex-doll-yl-doll",1,1,0,0,0,0,1,,0,0,0,0,1,1,,1,1,1,0,0,0,0,1,,0,0,0,0,1,1,,1,0,0,,,,,0,,,,,,0,0,,0
,"/en-ca/pages/ai-robot-function-videos",1,1,0,0,0,0,5,,0,0,0,739,5,0,,0,1,1,0,0,0,0,5,,0,0,0,739,5,0,,0,0,0,,,,,0,,,,,0,0,,,
,"/en-fi/collections/fake-pussy-hentai-sex-doll",1,1,0,0,0,0,3,,0,0,0,31,3,0,,0,1,1,0,0,0,0,3,,0,0,0,31,3,0,,0,0,0,,,,,0,,,,,0,0,,,
,"/ja/blogs/dolls-info-qustions/why-do-people-feel-biological-reproductive-desire-for-characters-in-hentai-anime-nbsp",1,1,0,0,0,0,1,,0,0,0,0,1,1,,1,1,1,0,0,0,0,1,,0,0,0,0,1,1,,1,0,0,,,,,0,,,,,,0,0,,0
,"/en-ca/blogs/complete-sex-doll-guide-for-beginners/sex-doll-unboxing-guide-for-beginners-what-every-new-owner-should-know",1,1,0,0,0,0,2,,0,0,0,4,2,0,,0,1,1,0,0,0,0,2,,0,0,0,4,2,0,,0,0,0,,,,,0,,,,,0,0,,,
"Blog Article","/blogs/dolls-info-qustions/explore-five-different-types-of-realistic-life-size-sex-dolls",1,1,0,0,0,0,1,,0,0,0,0,1,1,,1,1,1,0,0,0,0,1,,0,0,0,0,1,1,,1,0,0,,,,,0,,,,,,0,0,,0
"Product","/products/f9328-150cm-4ft9-41kg-b-cup-ros-silicone-head-shemale-real-size-sex-doll-doll-castle",1,1,0,0,0,0,1,,0,0,0,0,1,1,,1,1,1,0,0,0,0,1,,0,0,0,0,1,1,,1,0,0,,,,,0,,,,,,0,0,,0
,"/de/collections/tpe-ass",1,1,0,0,0,0,1,,0,0,0,0,1,1,,1,1,1,0,0,0,0,1,,0,0,0,0,1,1,,1,0,0,,,,,0,,,,,,0,0,,0
"Collection","/collections/elsa-babe-videos",1,1,0,0,0,0,9,,0,0,0,1156,9,0,,0,1,1,0,0,0,0,9,,0,0,0,1156,9,0,,0,0,0,,,,,0,,,,,0,0,,,
,"/en-ca/blogs/dolls-info-qustions/why-are-furry-sex-dolls-so-popular-a-deep-dive-into-5-core-attractions",1,1,0,0,0,0,1,,0,0,0,0,1,1,,1,1,1,0,0,0,0,1,,0,0,0,0,1,1,,1,0,0,,,,,0,,,,,,0,0,,0
"Blog Article","/blogs/dolls-info-qustions/top-4-huge-breast-sex-dolls-for-2025",1,1,0,0,0,0,1,,0,0,0,0,1,1,,1,1,1,0,0,0,0,1,,0,0,0,0,1,1,,1,0,0,,,,,0,,,,,,0,0,,0
"Product","/products/f1048-165cm-tpe-sex-doll-fun-west-doll",1,1,0,0,0,0,1,,0,0,0,0,1,1,,1,1,1,0,0,0,0,1,,0,0,0,0,1,1,,1,0,0,,,,,0,,,,,,0,0,,0
"Blog Article","/blogs/featured-blog/what-are-ultra-soft-sex-dolls-the-real-feel-revolution-from-material-to-touch",1,1,0,0,0,0,1,,0,0,0,0,1,1,,1,1,1,0,0,0,0,1,,0,0,0,0,1,1,,1,0,0,,,,,0,,,,,,0,0,,0
,"/en-fi/blogs/real-sex-doll-reviews-pros-cons-real-usage-tests/best-budget-full-size-sex-dolls-in-2026-azm-ridmii-top-cy-sigafun-reviewed",1,1,0,0,0,0,1,,0,0,0,0,1,1,,1,1,1,0,0,0,0,1,,0,0,0,0,1,1,,1,0,0,,,,,0,,,,,,0,0,,0
,"/de/products/f2007-157cm5-1ft-28-6kg-b-cup-asian-shemale-sex-doll-with-slim-body-trans-woman-doll%E4%B8%A8wm-doll",1,1,0,0,0,0,1,,0,0,0,0,1,1,,1,1,1,0,0,0,0,1,,0,0,0,0,1,1,,1,0,0,,,,,0,,,,,,0,0,,0
,"/en-fi/products/9230240776431",1,1,0,0,0,0,1,,0,0,0,0,1,1,,1,1,1,0,0,0,0,1,,0,0,0,0,1,1,,1,0,0,,,,,0,,,,,,0,0,,0
"Collection","/collections/zelex%C2%AE-sle-doll-videos",1,1,0,0,0,0,3,,0,0,0,24,3,0,,0,1,1,0,0,0,0,3,,0,0,0,24,3,0,,0,0,0,,,,,0,,,,,0,0,,,
"Blog Article","/blogs/dolls-info-qustions/2025-five-stylish-and-charming-chinese-sex-doll",1,1,0,0,0,0,1,,0,0,0,0,1,1,,1,1,1,0,0,0,0,1,,0,0,0,0,1,1,,1,0,0,,,,,0,,,,,,0,0,,0
"Checkout","/orders/9a3a67c20967e226cfb07907893c3f7f",1,1,0,0,0,0,1,,0,0,0,0,1,1,,1,1,1,0,0,0,0,1,,0,0,0,0,1,1,,1,0,0,,,,,0,,,,,,0,0,,0
"Product","/products/f5470-170cm5-6ft-43kg-d-cup-s47-life-size-silicone-sex-doll-real-lady",1,1,0,0,0,0,1,,0,0,0,0,1,1,,1,1,1,0,0,0,0,1,,0,0,0,0,1,1,,1,0,0,,,,,0,,,,,,0,0,,0
"Product","/products/f4757-175cm5ft9-69kg-x-cup-large-breast-fat-ass-tpe-fat-ssbbw-sex-doll-castle-doll",1,1,0,0,0,0,3,,0,0,0,64,3,0,,0,1,1,0,0,0,0,3,,0,0,0,64,3,0,,0,0,0,,,,,0,,,,,0,0,,,
"Collection","/collections/mini-ass",1,1,0,0,0,0,1,,0,0,0,0,1,1,,1,1,1,0,0,0,0,1,,0,0,0,0,1,1,,1,0,0,,,,,0,,,,,,0,0,,0
"Blog Article","/blogs/sex-doll-torso-blog/comprehensive-guide-how-to-clean-a-sex-doll-torso",1,1,0,0,0,0,1,,0,0,0,0,1,1,,1,1,1,0,0,0,0,1,,0,0,0,0,1,1,,1,0,0,,,,,0,,,,,,0,0,,0
"Blog Article","/blogs/dolls-info-qustions/lets-talk-about-sex-robots-baby",1,1,0,0,0,0,1,,0,0,0,0,1,1,,1,1,1,0,0,0,0,1,,0,0,0,0,1,1,,1,0,0,,,,,0,,,,,,0,0,,0
"Checkout","/checkouts/cn/hWNEEKDqD3ypHTKJuiAbp5Ma/en-au",1,1,0,1,0,0,3,0,0,1,0,244,3,0,,0,1,1,0,1,0,0,3,0,0,1,0,244,3,0,,0,0,0,,0,,,0,,,0,,0,0,,,
"Product","/products/f9203-165cm5ft4-32kg-f-cup-sleeping-fully-articulated-skeleton-silicone-gel-breast-most-realistic-sex-doll%E4%B8%A8doll-senior",1,1,0,0,0,0,11,,0,0,0,817,11,0,,0,1,1,0,0,0,0,11,,0,0,0,817,11,0,,0,0,0,,,,,0,,,,,0,0,,,
"Product","/products/597-12lb-36-5cm-bbw-pear-shaped-saggy-breasts-sex-doll-torso",1,1,0,0,0,0,3,,0,0,0,345,3,0,,0,1,1,0,0,0,0,3,,0,0,0,345,3,0,,0,0,0,,,,,0,,,,,0,0,,,
"Product","/products/f2327-175cm5-7ft-e-cup-ge58-life-size-sex-doll%E4%B8%A8zelex-doll",1,1,0,0,0,0,3,,0,0,0,72,3,0,,0,1,1,0,0,0,0,3,,0,0,0,72,3,0,,0,0,0,,,,,0,,,,,0,0,,,
,"/en-ca/products/f5577-150cm4ft9-33kg-f-cup-life-size-tpe-sex-doll-aibei-doll",1,1,0,0,0,0,1,,0,0,0,0,1,1,,1,1,1,0,0,0,0,1,,0,0,0,0,1,1,,1,0,0,,,,,0,,,,,,0,0,,0
,"/en-ca/products/f1432-160cm5f3-39kg-f-cup-chubby-tpe-sex-doll-aibei-doll",1,1,0,0,0,0,1,,0,0,0,0,1,1,,1,1,1,0,0,0,0,1,,0,0,0,0,1,1,,1,0,0,,,,,0,,,,,,0,0,,0
"Collection","/collections/jiuai",1,1,0,0,0,0,1,,0,0,0,1,1,1,,1,1,1,0,0,0,0,1,,0,0,0,1,1,1,,1,0,0,,,,,0,,,,,0,0,0,,0
"Checkout","/checkouts/cn/hWNEHW7KeGdJE3bsg9nvXRrP/en-us",1,1,1,1,0,0,18,0,1,1,0,1883,18,0,0,0,1,1,1,1,0,0,18,0,1,1,0,1883,18,0,0,0,0,0,0,0,,,0,,0,0,,0,0,,,
"Product","/products/f1906k-167cm5-5ft-e-cup-zara-most-realistic-sex-doll-irontech-doll",1,1,0,0,0,0,1,,0,0,0,0,1,1,,1,1,1,0,0,0,0,1,,0,0,0,0,1,1,,1,0,0,,,,,0,,,,,,0,0,,0
,"/en-fi/products/f5690-185cm-6ft1-45kg-finn-7-09in-dildo-realistic-femboy-sex-doll-with-soft-silicone-body-lifelike-design-jiusheng-doll",1,1,0,0,0,0,1,,0,0,0,0,1,1,,1,1,1,0,0,0,0,1,,0,0,0,0,1,1,,1,0,0,,,,,0,,,,,,0,0,,0
"Blog Article","/blogs/dolls-info-qustions/dress-up-your-male-sex-doll",1,1,0,0,0,0,1,,0,0,0,0,1,1,,1,1,1,0,0,0,0,1,,0,0,0,0,1,1,,1,0,0,,,,,0,,,,,,0,0,,0
"Blog Article","/blogs/featured-blog/the-differences-between-tpe-and-silicone-vajankle",1,1,0,0,0,0,1,,0,0,0,0,1,1,,1,1,1,0,0,0,0,1,,0,0,0,0,1,1,,1,0,0,,,,,0,,,,,,0,0,,0
,"/ja/blogs/featured-blog/say-goodbye-to-stickiness-and-deforming-the-ultimate-care-and-storage-guide-for-silicone-sex-dolls",1,1,0,0,0,0,1,,0,0,0,0,1,1,,1,1,1,0,0,0,0,1,,0,0,0,0,1,1,,1,0,0,,,,,0,,,,,,0,0,,0
"Product","/products/f168-156cm-tpe-sex-doll",1,1,0,0,0,0,1,,0,0,0,0,1,1,,1,1,1,0,0,0,0,1,,0,0,0,0,1,1,,1,0,0,,,,,0,,,,,,0,0,,0
"Blog Article","/blogs/dolls-info-qustions/best-sex-doll-materials-compared-tpe-s-tpe-sle-and-silicone",1,1,0,0,0,0,1,,0,0,0,0,1,1,,1,1,1,0,0,0,0,1,,0,0,0,0,1,1,,1,0,0,,,,,0,,,,,,0,0,,0
"Product","/products/f5707k-168cm-5ft6-40kg-a-cup-rabbit-police-officer-anime-best-animal-hentai-sex-doll-in-stock-castle-doll",1,1,0,0,0,0,1,,0,0,0,0,1,1,,1,1,1,0,0,0,0,1,,0,0,0,0,1,1,,1,0,0,,,,,0,,,,,,0,0,,0
,"/ja/blogs/dolls-info-qustions/how-to-make-a-fake-ass-sex-toy",1,1,0,0,0,0,1,,0,0,0,0,1,1,,1,1,1,0,0,0,0,1,,0,0,0,0,1,1,,1,0,0,,,,,0,,,,,,0,0,,0
"Product","/products/546-4lb-lightweight-black-ass-sex-doll-torso",1,1,0,0,0,0,2,,0,0,0,1774,2,0,,0,1,1,0,0,0,0,2,,0,0,0,1774,2,0,,0,0,0,,,,,0,,,,,0,0,,,
"Collection","/collections/lifesize",1,1,0,0,0,0,2,,0,0,0,31,2,0,,0,1,1,0,0,0,0,2,,0,0,0,31,2,0,,0,0,0,,,,,0,,,,,0,0,,,
"Checkout","/checkouts/cn/hWNECBJB7qfG38Cq3LXAh940/en-au",1,1,0,1,0,0,1,0,0,1,0,0,1,0,,0,1,1,0,1,0,0,1,0,0,1,0,0,1,0,,0,0,0,,0,,,0,,,0,,,0,,,
,"/en-ca/products/f3360-170cm-5ft637kg-d-cup-tpe-sexy-woman-skinny-lightweight-sex-doll-yl-doll",1,1,0,0,0,0,1,,0,0,0,0,1,1,,1,1,1,0,0,0,0,1,,0,0,0,0,1,1,,1,0,0,,,,,0,,,,,,0,0,,0
,"/en-ca/collections/best-sellers-in-pussy",1,1,0,0,0,0,1,,0,0,0,0,1,1,,1,1,1,0,0,0,0,1,,0,0,0,0,1,1,,1,0,0,,,,,0,,,,,,0,0,,0
"Collection","/collections/home-most-realistic",1,1,0,0,0,0,1,,0,0,0,0,1,1,,1,1,1,0,0,0,0,1,,0,0,0,0,1,1,,1,0,0,,,,,0,,,,,,0,0,,0
"Product","/products/t355-55lb-102cm-female-silicone-sex-doll-torso-doll-forever",1,1,0,0,0,0,1,,0,0,0,0,1,1,,1,1,1,0,0,0,0,1,,0,0,0,0,1,1,,1,0,0,,,,,0,,,,,,0,0,,0
,"/en-fi/collections/monster-hentai-sex-doll",1,1,0,0,0,0,9,,0,0,0,419,9,0,,0,1,1,0,0,0,0,9,,0,0,0,419,9,0,,0,0,0,,,,,0,,,,,0,0,,,
"Collection","/collections/not-ye-doll",1,1,0,0,0,0,2,,0,0,0,33,2,0,,0,1,1,0,0,0,0,2,,0,0,0,33,2,0,,0,0,0,,,,,0,,,,,0,0,,,
"Product","/products/f8049-150cm-5ft-27-5kg-silicone-anime-hentai-sex-doll-elsa-babe",1,1,0,0,0,0,1,,0,0,0,0,1,1,,1,1,1,0,0,0,0,1,,0,0,0,0,1,1,,1,0,0,,,,,0,,,,,,0,0,,0
"Product","/products/52516-1lb-53cm-premium-shemale-boys-male-sex-dolls-torso-for-women",1,1,0,0,0,0,1,,0,0,0,0,1,1,,1,1,1,0,0,0,0,1,,0,0,0,0,1,1,,1,0,0,,,,,0,,,,,,0,0,,0
,"/en-fi/blogs/dolls-info-qustions/why-do-female-characters-in-anime-often-have-exaggeratedly-large-breasts",1,1,0,0,0,0,1,,0,0,0,0,1,1,,1,1,1,0,0,0,0,1,,0,0,0,0,1,1,,1,0,0,,,,,0,,,,,,0,0,,0
"Checkout","/orders/7272290353391",1,1,0,0,0,0,2,,0,0,0,12,2,0,,0,1,1,0,0,0,0,2,,0,0,0,12,2,0,,0,0,0,,,,,0,,,,,0,0,,,
,"/en-fi/products/f7123-159cm5-2ft-31-5kg-2-2cf-b-cup-mini-ros-silicone-asian-adult-chinese-anime-sex-doll-bezlya-doll",1,1,0,0,0,0,2,,0,0,0,12,2,0,,0,1,1,0,0,0,0,2,,0,0,0,12,2,0,,0,0,0,,,,,0,,,,,0,0,,,
"Blog Article","/blogs/dolls-info-qustions/improved-missionary-position-with-fit-sex-doll-enhanced-sex-swing-experience",1,1,0,0,0,0,1,,0,0,0,0,1,1,,1,1,1,0,0,0,0,1,,0,0,0,0,1,1,,1,0,0,,,,,0,,,,,,0,0,,0
"Product","/products/a420-33lbsexy-and-real-realistic-ass",1,1,0,0,0,0,1,,0,0,0,0,1,1,,1,1,1,0,0,0,0,1,,0,0,0,0,1,1,,1,0,0,,,,,0,,,,,,0,0,,0
"Collection","/collections/black-tpe-sex-doll",1,1,0,0,0,0,1,,0,0,0,0,1,1,,1,1,1,0,0,0,0,1,,0,0,0,0,1,1,,1,0,0,,,,,0,,,,,,0,0,,0
,"/en-ca/collections/doggy-dildo-doll-guide-dog-knot-dildos-1",1,1,0,0,0,0,1,,0,0,0,0,1,1,,1,1,1,0,0,0,0,1,,0,0,0,0,1,1,,1,0,0,,,,,0,,,,,,0,0,,0
"Product","/products/f3417-157cm5ft1-32kg-d-cup-celebrity-tpe-sex-doll-in-stock-usa-aibei-doll",1,1,0,0,0,0,1,,0,0,0,0,1,1,,1,1,1,0,0,0,0,1,,0,0,0,0,1,1,,1,0,0,,,,,0,,,,,,0,0,,0
"Product","/products/f5917-150cm4ft9-37-6kg-anna-l-cup-s-tpe-gel-filled-big-breasts-animes-bbw-mini-hentai-sex-doll-irokebijin-doll",1,1,0,0,0,0,17,,0,0,0,1190,17,0,,0,1,1,0,0,0,0,17,,0,0,0,1190,17,0,,0,0,0,,,,,0,,,,,0,0,,,
"Blog Article","/blogs/dolls-info-qustions/buy-your-sex-doll-now-by-afterpaypay-in-4",1,1,0,0,0,0,9,,0,0,0,300,9,0,,0,1,1,0,0,0,0,9,,0,0,0,300,9,0,,0,0,0,,,,,0,,,,,0,0,,,
"Product","/products/f9109-150cm-5ft-27-5kg-silicone-best-sex-doll-anime-elsa-babe",1,1,0,0,0,0,2,,0,0,0,15,2,0,,0,1,1,0,0,0,0,2,,0,0,0,15,2,0,,0,0,0,,,,,0,,,,,0,0,,,
"Product","/products/f2325-fun-west-155cm-34kg-f-cup-rose-small-tpe-sex-doll-usa",1,1,0,0,0,0,5,,0,0,0,194,5,0,,0,1,1,0,0,0,0,5,,0,0,0,194,5,0,,0,0,0,,,,,0,,,,,0,0,,,
"Blog Article","/blogs/real-sex-doll-reviews-pros-cons-real-usage-tests/sedoll-sex-doll-torso-custom-upgrade-gel-butt-experience-explained",1,1,0,0,0,0,1,,0,0,0,0,1,1,,1,1,1,0,0,0,0,1,,0,0,0,0,1,1,,1,0,0,,,,,0,,,,,,0,0,,0
,"/ja/collections/26-30kg-57-66lbs",1,1,0,0,0,0,4,,0,0,0,203,4,0,,0,1,1,0,0,0,0,4,,0,0,0,203,4,0,,0,0,0,,,,,0,,,,,0,0,,,
"Collection","/collections/dolls-castle-sex-dolls-fullsize",1,1,0,0,0,0,4,,0,0,0,49,4,0,,0,1,1,0,0,0,0,4,,0,0,0,49,4,0,,0,0,0,,,,,0,,,,,0,0,,,
"Product","/products/f8145-154cm5ft1-32-4kg-c-cup-black-silicone-head-sex-doll-climax-doll-pro",1,1,0,0,0,0,1,,0,0,0,0,1,1,,1,1,1,0,0,0,0,1,,0,0,0,0,1,1,,1,0,0,,,,,0,,,,,,0,0,,0
"Checkout","/orders/caa46c300592e700669d322512395e9c",1,1,0,0,0,0,1,,0,0,0,0,1,1,,1,1,1,0,0,0,0,1,,0,0,0,0,1,1,,1,0,0,,,,,0,,,,,,0,0,,0
"Product","/products/f4453-160cm5-2ft-39kg-d-cup-fantasy-elf-tpe-sex-doll%E4%B8%A8wm-doll",1,1,0,0,0,0,6,,0,0,0,1467,6,0,,0,1,1,0,0,0,0,6,,0,0,0,1467,6,0,,0,0,0,,,,,0,,,,,0,0,,,
"Product","/products/f4044-155cm5ft1-o-cup-super-huge-pendulous-breast-tpe-sex-doll-castle-doll",1,1,0,0,0,0,3,,0,0,0,238,3,0,,0,1,1,0,0,0,0,3,,0,0,0,238,3,0,,0,0,0,,,,,0,,,,,0,0,,,
,"/en-ca/products/f2180-158cm5ft2-zoey-d-cup-tpe-sexy-long-hair-latin-beauty-love-doll-se-doll-1",1,1,0,0,0,0,2,,0,0,0,43,2,0,,0,1,1,0,0,0,0,2,,0,0,0,43,2,0,,0,0,0,,,,,0,,,,,0,0,,,
"Checkout","/orders/1f9f01c62f5dd7eaca26c67e7784f853",1,1,0,0,0,0,1,,0,0,0,0,1,1,,1,1,1,0,0,0,0,1,,0,0,0,0,1,1,,1,0,0,,,,,0,,,,,,0,0,,0
"Product","/products/9441837351151",1,1,0,0,0,0,1,,0,0,0,0,1,1,,1,1,1,0,0,0,0,1,,0,0,0,0,1,1,,1,0,0,,,,,0,,,,,,0,0,,0
"Product","/products/a800-big-butt-realistic-sex-torso-climax-doll",1,1,0,0,0,0,5,,0,0,0,958,5,0,,0,1,1,0,0,0,0,5,,0,0,0,958,5,0,,0,0,0,,,,,0,,,,,0,0,,,
,"/de/collections/sucking-vagina-ai-sex-doll",1,1,0,0,0,0,6,,0,0,0,283,6,0,,0,1,1,0,0,0,0,6,,0,0,0,283,6,0,,0,0,0,,,,,0,,,,,0,0,,,
"Collection","/collections/bbw-sex-doll-list",1,1,0,0,0,0,1,,0,0,0,0,1,1,,1,1,1,0,0,0,0,1,,0,0,0,0,1,1,,1,0,0,,,,,0,,,,,,0,0,,0
"Product","/products/f2255-163cm5-3ft-b-cup-s9-small-breat-sex-doll-irontech-doll",1,1,0,0,0,0,1,,0,0,0,0,1,1,,1,1,1,0,0,0,0,1,,0,0,0,0,1,1,,1,0,0,,,,,0,,,,,,0,0,,0
"Checkout","/checkouts/cn/hWNEMl9EpUeaLvpAFTrxyx8r/en",1,1,0,1,0,0,1,0,0,1,0,0,1,0,,0,1,1,0,1,0,0,1,0,0,1,0,0,1,0,,0,0,0,,0,,,0,,,0,,,0,,,
,"/ja/blogs/dolls-info-qustions/4-recommended-futa-sex-dolls-a-guide-to-realistic-touch-and-dual-gender-appeal",1,1,0,0,0,0,1,,0,0,0,0,1,1,,1,1,1,0,0,0,0,1,,0,0,0,0,1,1,,1,0,0,,,,,0,,,,,,0,0,,0
"Blog Article","/blogs/dolls-info-qustions/4-recommended-futa-sex-dolls-a-guide-to-realistic-touch-and-dual-gender-appeal",1,1,0,0,0,0,1,,0,0,0,0,1,1,,1,1,1,0,0,0,0,1,,0,0,0,0,1,1,,1,0,0,,,,,0,,,,,,0,0,,0
"Product","/products/t479-14-3-lbs-e-cup-realistic-silicone-life-size-sex-doll-torso-with-head-sy-doll",1,1,0,0,0,0,5,,0,0,0,108,5,0,,0,1,1,0,0,0,0,5,,0,0,0,108,5,0,,0,0,0,,,,,0,,,,,0,0,,,
"Collection","/collections/irokebijin-doll-head-factory-photos",1,1,0,0,0,0,1,,0,0,0,0,1,1,,1,1,1,0,0,0,0,1,,0,0,0,0,1,1,,1,0,0,,,,,0,,,,,,0,0,,0
"Product","/products/f6227-163cm-5ft4-51kg-h-cup-asian-ros-silicone-sex-doll-shedoll",1,1,0,0,0,0,1,,0,0,0,0,1,1,,1,1,1,0,0,0,0,1,,0,0,0,0,1,1,,1,0,0,,,,,0,,,,,,0,0,,0
,"/en-ca/products/moonvalel-leopard-155cm-silicone-ros-f764",1,1,0,0,0,0,3,,0,0,0,27,3,0,,0,1,1,0,0,0,0,3,,0,0,0,27,3,0,,0,0,0,,,,,0,,,,,0,0,,,
"Product","/products/f9359-150cm-5ft-27-5kg-anime-adult-sex-dolls-silicone-head-elsa-babe",1,1,0,0,0,0,1,,0,0,0,0,1,1,,1,1,1,0,0,0,0,1,,0,0,0,0,1,1,,1,0,0,,,,,0,,,,,,0,0,,0
,"/en-ca/products/notye-breast-titjob-32lbs-b45",1,1,0,0,0,0,5,,0,0,0,58,5,0,,0,1,1,0,0,0,0,5,,0,0,0,58,5,0,,0,0,0,,,,,0,,,,,0,0,,,
"Product","/products/b34-3-9lb-upper-chest-20-9in-silicone-mammary-intercourse-sex-toy-titjob-boob-job-breast-sex-titty-fucking",1,1,0,0,0,0,2,,0,0,0,21,2,0,,0,1,1,0,0,0,0,2,,0,0,0,21,2,0,,0,0,0,,,,,0,,,,,0,0,,,
"Product","/products/f1711-bbw-sex-dolls-161cm-h-cup-silicone-starpery",1,1,0,0,0,0,1,,0,0,0,0,1,1,,1,1,1,0,0,0,0,1,,0,0,0,0,1,1,,1,0,0,,,,,0,,,,,,0,0,,0
,"/de/blogs/dolls-info-qustions/how-does-sex-with-life-size-sex-dolls-compare-to-real-sex",1,1,0,0,0,0,1,,0,0,0,0,1,1,,1,1,1,0,0,0,0,1,,0,0,0,0,1,1,,1,0,0,,,,,0,,,,,,0,0,,0
"Product","/products/f125-175cm-5ft8-fashion-bald-guy-male-sex-doll-irontech-doll",1,1,0,0,0,0,3,,0,0,0,140,3,0,,0,1,1,0,0,0,0,3,,0,0,0,140,3,0,,0,0,0,,,,,0,,,,,0,0,,,
"Collection","/collections/sex-doll-cheerleader",1,1,0,0,0,0,1,,0,0,0,0,1,1,,1,1,1,0,0,0,0,1,,0,0,0,0,1,1,,1,0,0,,,,,0,,,,,,0,0,,0
,"/en-ca/blogs/dolls-info-qustions/how-to-titty-fuck-experience-the-ultimate-pleasure-with-a-huge-breast-sex-doll",1,1,0,0,0,0,18,,0,0,0,1303,18,0,,0,1,1,0,0,0,0,18,,0,0,0,1303,18,0,,0,0,0,,,,,0,,,,,0,0,,,
,"/en-ca/collections/big-ass-sex-doll-curvy-sex-doll",1,1,0,0,0,0,13,,0,0,0,389,13,0,,0,1,1,0,0,0,0,13,,0,0,0,389,13,0,,0,0,0,,,,,0,,,,,0,0,,,
"Product","/products/t69-43lb-belle-lifelike-silicone-sex-doll-torso-sigafun-doll",1,1,0,0,0,0,11,,0,0,0,586,11,0,,0,1,1,0,0,0,0,11,,0,0,0,586,11,0,,0,0,0,,,,,0,,,,,0,0,,,
"Collection","/collections/nianta-doll-in-stock-usa",1,1,0,0,0,0,4,,0,0,0,392,4,0,,0,1,1,0,0,0,0,4,,0,0,0,392,4,0,,0,0,0,,,,,0,,,,,0,0,,,
"Blog Article","/blogs/featured-blog/the-ultimate-guide-to-cleaning-powered-sex-dolls-keep-your-toy-safe-clean-and-fully-functional",1,1,0,0,0,0,2,,0,0,0,235,2,0,,0,1,1,0,0,0,0,2,,0,0,0,235,2,0,,0,0,0,,,,,0,,,,,0,0,,,
,"/en-fi/products/moonvalel-leopard-170cm-silicone-ros-f763",1,1,0,0,0,0,1,,0,0,0,0,1,1,,1,1,1,0,0,0,0,1,,0,0,0,0,1,1,,1,0,0,,,,,0,,,,,,0,0,,0
"Product","/products/f5927-175cm-5ft7-e-cup-movable-jaws-silicone-sex-doll-inspiration-zelex-doll",1,1,0,0,0,0,5,,0,0,0,496,5,0,,0,1,1,0,0,0,0,5,,0,0,0,496,5,0,,0,0,0,,,,,0,,,,,0,0,,,
,"/en-ca/collections/cheap-mini-sex-doll",1,1,0,0,0,0,1,,0,0,0,0,1,1,,1,1,1,0,0,0,0,1,,0,0,0,0,1,1,,1,0,0,,,,,0,,,,,,0,0,,0
"Product","/products/a495-35-27lb-brenda-big-ass-sex-doll-lifesize-realistic-sex-doll-with-big-booty-lovenestle-inf",1,1,0,0,0,0,4,,0,0,0,11,4,0,,0,1,1,0,0,0,0,4,,0,0,0,11,4,0,,0,0,0,,,,,0,,,,,0,0,,,
"Product","/products/8708943249647",1,1,0,0,0,0,1,,0,0,0,0,1,1,,1,1,1,0,0,0,0,1,,0,0,0,0,1,1,,1,0,0,,,,,0,,,,,,0,0,,0
"Product","/products/f4901-161cm5-3ft-53kg-h-cup-tasha-asian-silicone-sex-doll%E4%B8%A8climax-doll",1,1,0,0,0,0,1,,0,0,0,0,1,1,,1,1,1,0,0,0,0,1,,0,0,0,0,1,1,,1,0,0,,,,,0,,,,,,0,0,,0
"Product","/products/a2-23-8lbs-sex-doll-butt-with-sucking-pussy",1,1,1,1,0,0,16,0,1,1,0,2120,16,0,0,0,1,1,1,1,0,0,16,0,1,1,0,2120,16,0,0,0,0,0,0,0,,,0,,0,0,,0,0,,,
"Product","/products/9212465119471",1,1,0,0,0,0,1,,0,0,0,0,1,1,,1,1,1,0,0,0,0,1,,0,0,0,0,1,1,,1,0,0,,,,,0,,,,,,0,0,,0
"Collection","/collections/bezlya-videos",1,1,0,0,0,0,2,,0,0,0,7,2,0,,0,1,1,0,0,0,0,2,,0,0,0,7,2,0,,0,0,0,,,,,0,,,,,0,0,,,
,"/en-ca/blogs/dolls-info-qustions/futa-sex-dolls-where-fantasy-meets-reality-in-the-world-of-anime-temptation",1,1,0,0,0,0,2,,0,0,0,12,2,0,,0,1,1,0,0,0,0,2,,0,0,0,12,2,0,,0,0,0,,,,,0,,,,,0,0,,,
,"/ja/collections/funwest-doll-videos",1,1,0,0,0,0,1,,0,0,0,1,1,1,,1,1,1,0,0,0,0,1,,0,0,0,1,1,1,,1,0,0,,,,,0,,,,,0,0,0,,0
"Product","/products/t937-117cm3ft10-27-1kg-e-cup-silicone-head-movable-jaw-sle-body-bubble-butt-silicone-sex-doll-torso-with-head-in-stock-usa-canada-zelex-doll",1,1,0,0,0,0,1,,0,0,0,0,1,1,,1,1,1,0,0,0,0,1,,0,0,0,0,1,1,,1,0,0,,,,,0,,,,,,0,0,,0
"Blog Article","/blogs/dolls-info-qustions/metabox-ai-a-revolutionary-upgrade-of-the-smart-companion",1,1,0,0,0,0,1,,0,0,0,0,1,1,,1,1,1,0,0,0,0,1,,0,0,0,0,1,1,,1,0,0,,,,,0,,,,,,0,0,,0
"Blog Article","/blogs/dolls-info-qustions/complete-guide-to-shemale-sex-dolls-meeting-all-your-needs",1,1,0,0,0,0,2,,0,0,0,6,2,0,,0,1,1,0,0,0,0,2,,0,0,0,6,2,0,,0,0,0,,,,,0,,,,,0,0,,,
"Product","/products/f2575-170cm5-6ft-43kg-d-cup-snow-angel-vyrella-ros-max-silicone-sex-doll-real-lady",1,1,0,0,0,0,1,,0,0,0,0,1,1,,1,1,1,0,0,0,0,1,,0,0,0,0,1,1,,1,0,0,,,,,0,,,,,,0,0,,0
"Product","/products/t6551-8lb-full-silicone-sex-doll-torso-with-big-tits-gel-breasts",1,1,0,0,0,0,1,,0,0,0,0,1,1,,1,1,1,0,0,0,0,1,,0,0,0,0,1,1,,1,0,0,,,,,0,,,,,,0,0,,0
"Blog Article","/blogs/dolls-info-qustions/solo-play-with-twist-how-to-combine-sex-doll-with-sex-swing-for-maximum-thrill-and-safety",1,1,0,0,0,0,1,,0,0,0,0,1,1,,1,1,1,0,0,0,0,1,,0,0,0,0,1,1,,1,0,0,,,,,0,,,,,,0,0,,0
,"/en-fi/collections/piper-doll",1,1,0,0,0,0,3,,0,0,0,89,3,0,,0,1,1,0,0,0,0,3,,0,0,0,89,3,0,,0,0,0,,,,,0,,,,,0,0,,,
"Checkout","/orders/3ce811bfbaaefde836e5bb0d56d0de4b",1,1,0,0,0,0,1,,0,0,0,0,1,1,,1,1,1,0,0,0,0,1,,0,0,0,0,1,1,,1,0,0,,,,,0,,,,,,0,0,,0
"Collection","/collections/buying-first-sex-doll",1,1,0,0,0,0,8,,0,0,0,292,8,0,,0,1,1,0,0,0,0,8,,0,0,0,292,8,0,,0,0,0,,,,,0,,,,,0,0,,,
,"/de/blogs/dolls-info-qustions/love-doll-comprehensive-guide-and-faqs-for-2025",1,1,0,0,0,0,1,,0,0,0,0,1,1,,1,1,1,0,0,0,0,1,,0,0,0,0,1,1,,1,0,0,,,,,0,,,,,,0,0,,0
,"/en-ca/products/f1308-160cm-i-cup-penny-black-sex-doll-irontech-doll",1,1,0,0,0,0,1,,0,0,0,0,1,1,,1,1,1,0,0,0,0,1,,0,0,0,0,1,1,,1,0,0,,,,,0,,,,,,0,0,,0
"Custom Page","/pages/celebrity-sex-doll-guide",1,1,0,0,0,0,2,,0,0,0,214,2,0,,0,1,1,0,0,0,0,2,,0,0,0,214,2,0,,0,0,0,,,,,0,,,,,0,0,,,
,"/en-ca/products/f1416-158cm5f2-33kg-e-cup-medium-breast-tpe-sex-doll-aibei-doll-1",1,1,0,0,0,0,1,,0,0,0,0,1,1,,1,1,1,0,0,0,0,1,,0,0,0,0,1,1,,1,0,0,,,,,0,,,,,,0,0,,0
"Product","/products/f4699-155cm5-1ft-38kg-e-cup-mini-anime-hentai-ros-silicone-asian-chinese-sex-doll-bezlya-doll",1,1,0,0,0,0,1,,0,0,0,0,1,1,,1,1,1,0,0,0,0,1,,0,0,0,0,1,1,,1,0,0,,,,,0,,,,,,0,0,,0
"Product","/products/f5150-163cm-d-cup-ros-silicone-sex-doll-galatea-doll",1,1,0,0,0,0,1,,0,0,0,0,1,1,,1,1,1,0,0,0,0,1,,0,0,0,0,1,1,,1,0,0,,,,,0,,,,,,0,0,,0
"Blog Article","/blogs/dolls-info-qustions/how-to-use-and-clean-a-squirting-doggy-dildo-doll",1,1,0,0,0,0,1,,0,0,0,0,1,1,,1,1,1,0,0,0,0,1,,0,0,0,0,1,1,,1,0,0,,,,,0,,,,,,0,0,,0
,"/en-fi/products/8917362508015",1,1,0,0,0,0,1,,0,0,0,0,1,1,,1,1,1,0,0,0,0,1,,0,0,0,0,1,1,,1,0,0,,,,,0,,,,,,0,0,,0
"Product","/products/f7004k-159cm5ft2-45-5kg-g-cup-silicone-japanese-sex-doll-soft-skin-and-flexible-skeleton-in-stock-%E4%B8%A8lusandy-doll",1,1,0,0,0,0,1,,0,0,0,0,1,1,,1,1,1,0,0,0,0,1,,0,0,0,0,1,1,,1,0,0,,,,,0,,,,,,0,0,,0
"Collection","/collections/doll-forever",1,1,0,0,0,0,1,,0,0,0,5,1,1,,1,1,1,0,0,0,0,1,,0,0,0,5,1,1,,1,0,0,,,,,0,,,,,0,0,0,,0
,"/en-ca/products/f1825k-163cm5ft4-c-cup-julia-most-popular-sex-doll-irontech-doll",1,1,1,0,0,0,7,,1,0,0,541,7,0,,0,1,1,1,0,0,0,7,,1,0,0,541,7,0,,0,0,0,0,,,,0,,0,,,0,0,,,
,"/ja/blogs/dolls-info-qustions/celebrity-sex-dolls-revealed-from-screen-to-reality",1,1,0,0,0,0,2,,0,0,0,32,2,0,,0,1,1,0,0,0,0,2,,0,0,0,32,2,0,,0,0,0,,,,,0,,,,,0,0,,,
"Blog Article","/blogs/dolls-info-qustions/why-are-female-sex-dolls-more-popular-than-male-sex-dolls",1,1,0,0,0,0,1,,0,0,0,0,1,1,,1,1,1,0,0,0,0,1,,0,0,0,0,1,1,,1,0,0,,,,,0,,,,,,0,0,,0
"Collection","/collections/new-this-week",1,1,0,0,0,0,5,,0,0,0,244,5,0,,0,1,1,0,0,0,0,5,,0,0,0,244,5,0,,0,0,0,,,,,0,,,,,0,0,,,
,"/en-ca/products/f1703-174cm-5ft7-c-cup-petite-silicone-sex-doll-starpery-doll",1,1,0,0,0,0,5,,0,0,0,117,5,0,,0,1,1,0,0,0,0,5,,0,0,0,117,5,0,,0,0,0,,,,,0,,,,,0,0,,,
"Product","/products/f5689-185cm-6ft1-45kg-gavin-7-09in-dildo-premium-silicone-head-femboy-sex-doll-for-roleplay-fetish-scenarios-jiusheng-doll",1,1,0,0,0,0,1,,0,0,0,0,1,1,,1,1,1,0,0,0,0,1,,0,0,0,0,1,1,,1,0,0,,,,,0,,,,,,0,0,,0
"Product","/products/45cm-tpr-luxury-sex-doll-torso-with-sexy-small-waist-514-sex-doll-torso",1,1,0,0,0,0,1,,0,0,0,0,1,1,,1,1,1,0,0,0,0,1,,0,0,0,0,1,1,,1,0,0,,,,,0,,,,,,0,0,,0
"Product","/products/f2470-159cm5-2ft-38kg-f-cup-lyra-tpe-sex-doll-fun-west-doll",1,1,0,0,0,0,1,,0,0,0,0,1,1,,1,1,1,0,0,0,0,1,,0,0,0,0,1,1,,1,0,0,,,,,0,,,,,,0,0,,0
,"/en-ca/products/f3751-168cm5-5ft-f-cup-tpe-blonde-european-anime-cute-young-big-boobs-love-doll-se-doll",1,1,0,0,0,0,1,,0,0,0,0,1,1,,1,1,1,0,0,0,0,1,,0,0,0,0,1,1,,1,0,0,,,,,0,,,,,,0,0,,0
"Blog Article","/blogs/dolls-info-qustions/2024-why-does-my-realistic-sex-toy-smell-like-chemicals",1,1,0,0,0,0,1,,0,0,0,0,1,1,,1,1,1,0,0,0,0,1,,0,0,0,0,1,1,,1,0,0,,,,,0,,,,,,0,0,,0
"Blog Article","/blogs/dolls-info-qustions/rock-roll-tongue-video",1,1,0,0,0,0,1,,0,0,0,0,1,1,,1,1,1,0,0,0,0,1,,0,0,0,0,1,1,,1,0,0,,,,,0,,,,,,0,0,,0
,"/en-ca/products/f3752-155cm5ft1-yuuki-e-cup-silicone-sexy-big-breasted-latina-women-love-doll-se-doll",1,1,0,0,0,0,4,,0,0,0,128,4,0,,0,1,1,0,0,0,0,4,,0,0,0,128,4,0,,0,0,0,,,,,0,,,,,0,0,,,
,"/de/collections/irontech-ai-sex-doll",1,1,1,0,0,0,64,,1,0,0,7289,64,0,,0,1,1,1,0,0,0,64,,1,0,0,7289,64,0,,0,0,0,0,,,,0,,0,,,0,0,,,
,"/en-ca/products/f1830k-163cm5ft4-c-cup-natalia-most-popular-sex-doll-irontech-doll",1,1,0,0,0,0,1,,0,0,0,0,1,1,,1,1,1,0,0,0,0,1,,0,0,0,0,1,1,,1,0,0,,,,,0,,,,,,0,0,,0
"Checkout","/orders/3e49f868403c50fe845dfa47e78b7f7f",1,1,0,0,0,0,10,,0,0,0,150,10,0,,0,1,1,0,0,0,0,10,,0,0,0,150,10,0,,0,0,0,,,,,0,,,,,0,0,,,
,"/en-ca/collections/big-ass-sex-doll-life-size",1,1,0,0,0,0,1,,0,0,0,0,1,1,,1,1,1,0,0,0,0,1,,0,0,0,0,1,1,,1,0,0,,,,,0,,,,,,0,0,,0
,"/ja/collections/big-ass-sex-doll-life-size",1,1,0,0,0,0,2,,0,0,0,35,2,0,,0,1,1,0,0,0,0,2,,0,0,0,35,2,0,,0,0,0,,,,,0,,,,,0,0,,,
,"/en-ca/pages/copy-of-sex-doll-videos-2",1,1,0,0,0,0,1,,0,0,0,0,1,1,,1,1,1,0,0,0,0,1,,0,0,0,0,1,1,,1,0,0,,,,,0,,,,,,0,0,,0
,"/en-ca/collections/teardrop-huge-breast-sex-doll",1,1,0,0,0,0,5,,0,0,0,292,5,0,,0,1,1,0,0,0,0,5,,0,0,0,292,5,0,,0,0,0,,,,,0,,,,,0,0,,,
"Checkout","/orders/e2cc5767eb1556bacaae8e3e651d969c",1,1,0,0,0,0,1,,0,0,0,0,1,1,,1,1,1,0,0,0,0,1,,0,0,0,0,1,1,,1,0,0,,,,,0,,,,,,0,0,,0
"Product","/products/f3396-153cm-5ft44kg-g-cup-tpe-sexy-mature-woman-big-butt-sex-doll-yl-doll",1,1,0,0,0,0,50,,0,0,0,2962,50,0,,0,1,1,0,0,0,0,50,,0,0,0,2962,50,0,,0,0,0,,,,,0,,,,,0,0,,,
"Collection","/collections/yl-doll",1,1,0,0,0,0,1,,0,0,0,0,1,1,,1,1,1,0,0,0,0,1,,0,0,0,0,1,1,,1,0,0,,,,,0,,,,,,0,0,,0
"Collection","/collections/tpe-sex-doll-head",1,1,0,0,0,0,3,,0,0,0,68,3,0,,0,1,1,0,0,0,0,3,,0,0,0,68,3,0,,0,0,0,,,,,0,,,,,0,0,,,
,"/de/collections/torso-in-stock-eu",1,1,0,0,0,0,1,,0,0,0,0,1,1,,1,1,1,0,0,0,0,1,,0,0,0,0,1,1,,1,0,0,,,,,0,,,,,,0,0,,0
"Product","/products/f1990-m-cup-bbw-tpe-mini-sex-doll-wm-doll",1,1,0,0,0,0,1,,0,0,0,0,1,1,,1,1,1,0,0,0,0,1,,0,0,0,0,1,1,,1,0,0,,,,,0,,,,,,0,0,,0
,"/en-ca/collections/rosertty-doll",1,1,0,0,0,0,2,,0,0,0,146,2,0,,0,1,1,0,0,0,0,2,,0,0,0,146,2,0,,0,0,0,,,,,0,,,,,0,0,,,
"Collection","/collections/huge-breast-torso-sex-doll-with-head",1,1,0,0,0,0,3,,0,0,0,2497,3,0,,0,1,1,0,0,0,0,3,,0,0,0,2497,3,0,,0,0,0,,,,,0,,,,,0,0,,,
,"/en-ca/products/f3381-158cm-5ft232kg-isla-e-cup-silicone-adult-full-sexy-europe-sex-doll-yl-doll",1,1,0,0,0,0,1,,0,0,0,0,1,1,,1,1,1,0,0,0,0,1,,0,0,0,0,1,1,,1,0,0,,,,,0,,,,,,0,0,,0
"Product","/products/p6-hentai-fake-pussy",1,1,0,0,0,0,1,,0,0,0,0,1,1,,1,1,1,0,0,0,0,1,,0,0,0,0,1,1,,1,0,0,,,,,0,,,,,,0,0,,0
"Blog Article","/blogs/dolls-info-qustions/whats-the-difference-between-ecchi-and-hentai-in-japanese-anime",1,1,0,0,0,0,1,,0,0,0,0,1,1,,1,1,1,0,0,0,0,1,,0,0,0,0,1,1,,1,0,0,,,,,0,,,,,,0,0,,0
"Product","/products/t915-108cm3ft7-30kg-j-cup-silicone-head-movable-jaw-sle-body-bubble-butt-bbw-sex-doll-torso-with-head-zelex-doll",1,1,0,0,0,0,1,,0,0,0,0,1,1,,1,1,1,0,0,0,0,1,,0,0,0,0,1,1,,1,0,0,,,,,0,,,,,,0,0,,0
"Product","/products/537-sex-doll",1,1,0,0,0,0,1,,0,0,0,0,1,1,,1,1,1,0,0,0,0,1,,0,0,0,0,1,1,,1,0,0,,,,,0,,,,,,0,0,,0
"Product","/collections/sex-doll-legs-feet/products/581-30-8lb-39-3-sex-doll-legs",1,1,0,0,0,0,3,,0,0,0,164,3,0,,0,1,1,0,0,0,0,3,,0,0,0,164,3,0,,0,0,0,,,,,0,,,,,0,0,,,
,"/de/collections/doll-castle",1,1,0,0,0,0,1,,0,0,0,0,1,1,,1,1,1,0,0,0,0,1,,0,0,0,0,1,1,,1,0,0,,,,,0,,,,,,0,0,,0
"Product","/products/t1534lbs-luxury-black-silicone-torso-sex-doll-with-huge-breasts-cliamx-doll",1,1,0,0,0,0,10,,0,0,0,161,10,0,,0,1,1,0,0,0,0,10,,0,0,0,161,10,0,,0,0,0,,,,,0,,,,,0,0,,,
,"/ja/collections/flat-chest-sex-doll",1,1,0,0,0,0,4,,0,0,0,2503,4,0,,0,1,1,0,0,0,0,4,,0,0,0,2503,4,0,,0,0,0,,,,,0,,,,,0,0,,,
,"/de/products/f9000-160cm-5-2ft-36kg-c-cup-tpe-silicone-head-asian-celebrity-sex-doll-sy-doll",1,1,0,0,0,0,1,,0,0,0,0,1,1,,1,1,1,0,0,0,0,1,,0,0,0,0,1,1,,1,0,0,,,,,0,,,,,,0,0,,0
,"/en-fi/blogs/dolls-info-qustions/recommended-small-breast-sex-dolls-suitable-for-japanese-porn-student-movies",1,1,0,0,0,0,2,,0,0,0,13,2,0,,0,1,1,0,0,0,0,2,,0,0,0,13,2,0,,0,0,0,,,,,0,,,,,0,0,,,
"Blog Article","/blogs/dolls-info-qustions/who-will-keep-you-company-on-lonely-nights-4-realistic-silicone-sex-doll-torsos-you-ll-love",1,1,0,0,0,0,1,,0,0,0,0,1,1,,1,1,1,0,0,0,0,1,,0,0,0,0,1,1,,1,0,0,,,,,0,,,,,,0,0,,0
"Checkout","/checkouts/cn/hWNEJ91hb1WNFA6nPGnPSLNB/en-us",1,1,0,1,0,0,1,0,0,1,0,0,1,0,,0,1,1,0,1,0,0,1,0,0,1,0,0,1,0,,0,0,0,,0,,,0,,,0,,,0,,,
,"/en-ca/collections/300-600",1,1,0,0,0,0,2,,0,0,0,1193,2,0,,0,1,1,0,0,0,0,2,,0,0,0,1193,2,0,,0,0,0,,,,,0,,,,,0,0,,,
"Product","/products/f9403-mini-anime-silicone-alien-sex-doll-g-cup-38kg",1,1,0,0,0,0,2,,0,0,0,13,2,0,,0,1,1,0,0,0,0,2,,0,0,0,13,2,0,,0,0,0,,,,,0,,,,,0,0,,,
,"/ja/blogs/dolls-info-qustions/sex-doll-transformation-guide-how-to-revamp-and-create-a-one-of-a-kind-look",1,1,0,0,0,0,1,,0,0,0,0,1,1,,1,1,1,0,0,0,0,1,,0,0,0,0,1,1,,1,0,0,,,,,0,,,,,,0,0,,0
"Blog Article","/blogs/dolls-info-qustions/avoid-sex-doll-scams",1,1,0,0,0,0,5,,0,0,0,258,5,0,,0,1,1,0,0,0,0,5,,0,0,0,258,5,0,,0,0,0,,,,,0,,,,,0,0,,,
"Product","/products/p89-11-24lb-big-penis-sex-doll-for-women-anal-sex-toy-male-sex-dolls-torso-mrl",1,1,0,0,0,0,1,,0,0,0,0,1,1,,1,1,1,0,0,0,0,1,,0,0,0,0,1,1,,1,0,0,,,,,0,,,,,,0,0,,0
,"/en-ca/products/f5146-167cm-d-cup-gel-boobs-ros-silicone-sex-doll-galatea-doll",1,1,0,0,0,0,1,,0,0,0,0,1,1,,1,1,1,0,0,0,0,1,,0,0,0,0,1,1,,1,0,0,,,,,0,,,,,,0,0,,0
"Product","/collections/600-999/products/599-83lb-sex-doll-torso-with-realistic-oversized-ass",1,1,0,0,0,0,3,,0,0,0,654,3,0,,0,1,1,0,0,0,0,3,,0,0,0,654,3,0,,0,0,0,,,,,0,,,,,0,0,,,
"Checkout","/checkouts/cn/hWNECQV5wKAElmjwzjIyEi6G/en-au",1,1,0,1,0,0,1,0,0,1,0,0,1,0,,0,1,1,0,1,0,0,1,0,0,1,0,0,1,0,,0,0,0,,0,,,0,,,0,,,0,,,
"Blog Article","/blogs/dolls-info-qustions/celebrity-sex-dolls-turn-your-fantasies-into-reality",1,1,0,0,0,0,1,,0,0,0,0,1,1,,1,1,1,0,0,0,0,1,,0,0,0,0,1,1,,1,0,0,,,,,0,,,,,,0,0,,0
"Product","/products/f9402-150cm-5ft-27-5kg-anime-silicone-head-full-body-sex-doll-elsa-babe",1,1,0,0,0,0,3,,0,0,0,149,3,0,,0,1,1,0,0,0,0,3,,0,0,0,149,3,0,,0,0,0,,,,,0,,,,,0,0,,,
,"/en-ca/products/f2325-fun-west-155cm-34kg-f-cup-rose-small-tpe-sex-doll-usa",1,1,0,0,0,0,1,,0,0,0,0,1,1,,1,1,1,0,0,0,0,1,,0,0,0,0,1,1,,1,0,0,,,,,0,,,,,,0,0,,0
,"/en-ca/collections/big-booty-sex-dolls",1,1,0,0,0,0,4,,0,0,0,221,4,0,,0,1,1,0,0,0,0,4,,0,0,0,221,4,0,,0,0,0,,,,,0,,,,,0,0,,,
,"/en-ca/products/f3407-150cm4ft9-26-2kg-a-cup-small-breast-tpe-sex-doll-aibei-doll",1,1,0,0,0,0,1,,0,0,0,0,1,1,,1,1,1,0,0,0,0,1,,0,0,0,0,1,1,,1,0,0,,,,,0,,,,,,0,0,,0
,"/en-ca/products/52516-1lb-53cm-premium-shemale-boys-male-sex-dolls-torso-for-women",1,1,0,0,0,0,1,,0,0,0,0,1,1,,1,1,1,0,0,0,0,1,,0,0,0,0,1,1,,1,0,0,,,,,0,,,,,,0,0,,0
"Product","/products/a295-big-butt-torso-silicone-sex-doll-sex-realistic-skin",1,1,0,0,0,0,1,,0,0,0,0,1,1,,1,1,1,0,0,0,0,1,,0,0,0,0,1,1,,1,0,0,,,,,0,,,,,,0,0,,0
"Collection","/collections/wm-doll-factory-photos",1,1,0,0,0,0,2,,0,0,0,16,2,0,,0,1,1,0,0,0,0,2,,0,0,0,16,2,0,,0,0,0,,,,,0,,,,,0,0,,,
,"/en-ca/blogs/dolls-info-qustions/in-depth-review-of-chunmomo-bezlya-collaborative-celebrity-sex-doll",1,1,0,0,0,0,1,,0,0,0,0,1,1,,1,1,1,0,0,0,0,1,,0,0,0,0,1,1,,1,0,0,,,,,0,,,,,,0,0,,0
"Product","/products/t360-38-58lbs-100cm-lightweight-life-size-sex-doll-torso-with-head-can-choose-no-head-climax-doll",1,1,0,0,0,0,1,,0,0,0,0,1,1,,1,1,1,0,0,0,0,1,,0,0,0,0,1,1,,1,0,0,,,,,0,,,,,,0,0,,0
"Product","/products/h1031-silicone-sex-doll-head%E4%B8%A8aibei-doll-head",1,1,0,0,0,0,1,,0,0,0,0,1,1,,1,1,1,0,0,0,0,1,,0,0,0,0,1,1,,1,0,0,,,,,0,,,,,,0,0,,0
"Collection","/collections/black-sex-doll-luxury",1,1,0,0,0,0,1,,0,0,0,0,1,1,,1,1,1,0,0,0,0,1,,0,0,0,0,1,1,,1,0,0,,,,,0,,,,,,0,0,,0
,"/de/collections/mini-bbw-sex-doll",1,1,0,0,0,0,2,,0,0,0,12,2,0,,0,1,1,0,0,0,0,2,,0,0,0,12,2,0,,0,0,0,,,,,0,,,,,0,0,,,
"Product","/products/f9157-161cm5ft3-34kg-e-cup-fit-real-medium-butt-silicone-real-sex-doll-nude-se-doll",1,1,0,0,0,0,6,,0,0,0,1681,6,0,,0,1,1,0,0,0,0,6,,0,0,0,1681,6,0,,0,0,0,,,,,0,,,,,0,0,,,
"Product","/products/f1202-152cm-a-cup-miya-wild-sex-dolll-irontech-doll",1,1,0,0,0,0,3,,0,0,0,483,3,0,,0,1,1,0,0,0,0,3,,0,0,0,483,3,0,,0,0,0,,,,,0,,,,,0,0,,,
,"/en-ca/products/f2149-161cm5-3ft-f-cup-tracy-b-tpe-love-doll-se-doll",1,1,0,0,0,0,1,,0,0,0,0,1,1,,1,1,1,0,0,0,0,1,,0,0,0,0,1,1,,1,0,0,,,,,0,,,,,,0,0,,0
,"/de/blogs/dolls-info-qustions/8-different-brands-of-anime-sex-dolls",1,1,0,0,0,0,1,,0,0,0,0,1,1,,1,1,1,0,0,0,0,1,,0,0,0,0,1,1,,1,0,0,,,,,0,,,,,,0,0,,0
"Product","/products/f6239-159cm-5ft2-40kg-b-cup-asian-sex-doll-tpe-body-silicone-head-lilydoll",1,1,0,0,0,0,7,,0,0,0,858,7,0,,0,1,1,0,0,0,0,7,,0,0,0,858,7,0,,0,0,0,,,,,0,,,,,0,0,,,
"Product","/products/f6122-150cm-4ft9-29kg-a-cup-ros-flat-chested-movable-jew-elf-silicone-small-alien-sex-doll-sy-doll",1,1,0,0,0,0,1,,0,0,0,0,1,1,,1,1,1,0,0,0,0,1,,0,0,0,0,1,1,,1,0,0,,,,,0,,,,,,0,0,,0
,"/en-fi/collections/big-ass-sex-doll-life-size",1,1,0,0,0,0,7,,0,0,0,809,7,0,,0,1,1,0,0,0,0,7,,0,0,0,809,7,0,,0,0,0,,,,,0,,,,,0,0,,,
"Blog Article","/blogs/dolls-info-qustions/aibei-doll-the-perfect-combination-of-fine-details-and-customization",1,1,0,0,0,0,8,,0,0,0,1282,8,0,,0,1,1,0,0,0,0,8,,0,0,0,1282,8,0,,0,0,0,,,,,0,,,,,0,0,,,
,"/ja/collections/full-femboy-sex-doll",1,1,0,0,0,0,3,,0,0,0,189,3,0,,0,1,1,0,0,0,0,3,,0,0,0,189,3,0,,0,0,0,,,,,0,,,,,0,0,,,
,"/de/products/t943-8-4lb-7-9inch-huge-penis-dildo-femboy-tpe-cheap-male-sex-doll-torso-qita-doll",1,1,0,0,0,0,3,,0,0,0,31,3,0,,0,1,1,0,0,0,0,3,,0,0,0,31,3,0,,0,0,0,,,,,0,,,,,0,0,,,
"Blog Article","/blogs/sex-doll-torso-blog/guide-to-sex-doll-torsos-choosing-the-perfect-companion-for-you",1,1,0,0,0,0,1,,0,0,0,0,1,1,,1,1,1,0,0,0,0,1,,0,0,0,0,1,1,,1,0,0,,,,,0,,,,,,0,0,,0
,"/en-ca/products/t238-30-75lbs-lightweight-life-size-flat-chested-sex-doll-torso-with-head-climax-doll",1,1,0,0,0,0,1,,0,0,0,0,1,1,,1,1,1,0,0,0,0,1,,0,0,0,0,1,1,,1,0,0,,,,,0,,,,,,0,0,,0
"Blog Article","/blogs/dolls-info-qustions/how-silicone-heads-are-made",1,1,0,0,0,0,1,,0,0,0,0,1,1,,1,1,1,0,0,0,0,1,,0,0,0,0,1,1,,1,0,0,,,,,0,,,,,,0,0,,0
,"/en-ca/products/a682-big-ass-torso-silicone-19lb-sucking-vibration",1,1,0,0,0,0,1,,0,0,0,0,1,1,,1,1,1,0,0,0,0,1,,0,0,0,0,1,1,,1,0,0,,,,,0,,,,,,0,0,,0
,"/en-ca/products/top-cydoll-161cm-silicone-sex-doll-f8620",1,1,0,0,0,0,1,,0,0,0,0,1,1,,1,1,1,0,0,0,0,1,,0,0,0,0,1,1,,1,0,0,,,,,0,,,,,,0,0,,0
,"/de/collections/black-pocket-pussy",1,1,0,0,0,0,1,,0,0,0,0,1,1,,1,1,1,0,0,0,0,1,,0,0,0,0,1,1,,1,0,0,,,,,0,,,,,,0,0,,0
"Product","/products/f4923-161cm5-3ft-53kg-i-cup-miko-silicone-ssbbw-sex-doll%E4%B8%A8climax-doll",1,1,0,0,0,0,3,,0,0,0,124,3,0,,0,1,1,0,0,0,0,3,,0,0,0,124,3,0,,0,0,0,,,,,0,,,,,0,0,,,
"Product","/products/top-cydoll-176cm-silicone-sex-doll-f8613",1,1,0,0,0,0,2,,0,0,0,110,2,0,,0,1,1,0,0,0,0,2,,0,0,0,110,2,0,,0,0,0,,,,,0,,,,,0,0,,,
"Product","/products/f4039-150cm-k-cup-big-ass-huge-breast-tpe-bbw-sex-dolls-doll-castle",1,1,0,0,0,0,17,,0,0,0,454,17,0,,0,1,1,0,0,0,0,17,,0,0,0,454,17,0,,0,0,0,,,,,0,,,,,0,0,,,
"Product","/products/a219-9-4lb-realistic-pocket-pussy-with-thick-ass-silincone-sex-toy-top-fire",1,1,0,0,0,0,1,,0,0,0,0,1,1,,1,1,1,0,0,0,0,1,,0,0,0,0,1,1,,1,0,0,,,,,0,,,,,,0,0,,0
"Product","/products/8961139114223",1,1,0,0,0,0,1,,0,0,0,0,1,1,,1,1,1,0,0,0,0,1,,0,0,0,0,1,1,,1,0,0,,,,,0,,,,,,0,0,,0
"Custom Page","/pages/snow-angel-irontech-doll-real-lady",1,1,0,0,0,0,1,,0,0,0,0,1,1,,1,1,1,0,0,0,0,1,,0,0,0,0,1,1,,1,0,0,,,,,0,,,,,,0,0,,0
"List of Collections","/collections/",1,1,0,0,0,0,11,,0,0,0,2150,11,0,,0,1,1,0,0,0,0,11,,0,0,0,2150,11,0,,0,0,0,,,,,0,,,,,0,0,,,
"Collection","/collections/gel-breasts",1,1,0,0,0,0,1,,0,0,0,0,1,1,,1,1,1,0,0,0,0,1,,0,0,0,0,1,1,,1,0,0,,,,,0,,,,,,0,0,,0
,"/en-fi/collections/anime-cosplay-sex-doll",1,1,0,0,0,0,2,,0,0,0,24,2,0,,0,1,1,0,0,0,0,2,,0,0,0,24,2,0,,0,0,0,,,,,0,,,,,0,0,,,
"Collection","/collections/new-arrivals-robot-sex-dolls",1,1,0,0,0,0,1,,0,0,0,0,1,1,,1,1,1,0,0,0,0,1,,0,0,0,0,1,1,,1,0,0,,,,,0,,,,,,0,0,,0
"Product","/products/f5806-167cm-5ft3-37kg-d-cup-hannah-silicone-realistic-sex-doll-top-cydoll",1,1,0,0,0,0,1,,0,0,0,0,1,1,,1,1,1,0,0,0,0,1,,0,0,0,0,1,1,,1,0,0,,,,,0,,,,,,0,0,,0
,"/en-fi/blogs/dolls-info-qustions/masturbation-place",1,1,0,0,0,0,1,,0,0,0,0,1,1,,1,1,1,0,0,0,0,1,,0,0,0,0,1,1,,1,0,0,,,,,0,,,,,,0,0,,0
,"/en-ca/blogs/dolls-info-qustions/what-to-do-if-your-sex-doll-is-too-heavy-a-practical-guide",1,1,0,0,0,0,3,,0,0,0,247,3,0,,0,1,1,0,0,0,0,3,,0,0,0,247,3,0,,0,0,0,,,,,0,,,,,0,0,,,
"Product","/products/h490-tpe-oral-sex-doll-head-with-tonge%E4%B8%A8funwest-doll-head",1,1,0,0,0,0,1,,0,0,0,0,1,1,,1,1,1,0,0,0,0,1,,0,0,0,0,1,1,,1,0,0,,,,,0,,,,,,0,0,,0
"Product","/products/b438-13-40lb-breast-sex-toy-with-vagina-tunnel-silicone-male-masturbator-lovenestle",1,1,0,0,0,0,1,,0,0,0,0,1,1,,1,1,1,0,0,0,0,1,,0,0,0,0,1,1,,1,0,0,,,,,0,,,,,,0,0,,0
"Product","/products/f9186-170cm5ft7-43kg-g-cup-silicone-ros-gel-breast-huge-tits-sex-doll-full-size%E4%B8%A8doll-senior",1,1,0,0,0,0,1,,0,0,0,0,1,1,,1,1,1,0,0,0,0,1,,0,0,0,0,1,1,,1,0,0,,,,,0,,,,,,0,0,,0
"Product","/products/t660-15-43lbs-tpr-8-46in-dildo-insert-ai-sex-doll-torso-toy-masturbator-xinse",1,1,0,0,0,0,2,,0,0,0,155,2,0,,0,1,1,0,0,0,0,2,,0,0,0,155,2,0,,0,0,0,,,,,0,,,,,0,0,,,
"Custom Page","/pages/shemale-sex-doll-guide",1,1,0,0,0,0,1,,0,0,0,0,1,1,,1,1,1,0,0,0,0,1,,0,0,0,0,1,1,,1,0,0,,,,,0,,,,,,0,0,,0
"Product","/products/f7077-153cm-5ft0-38kg-g-cup-tpe-sexual-mini-latina-sex-doll-castle-doll",1,1,0,0,0,0,1,,0,0,0,2,1,1,,1,1,1,0,0,0,0,1,,0,0,0,2,1,1,,1,0,0,,,,,0,,,,,0,0,0,,0
"Blog Article","/blogs/dolls-info-qustions/sex-position",1,1,0,0,0,0,1,,0,0,0,0,1,1,,1,1,1,0,0,0,0,1,,0,0,0,0,1,1,,1,0,0,,,,,0,,,,,,0,0,,0
"Product","/products/f9301-150cm-4ft9-41kg-b-cup-ros-silicone-head-flat-chest-life-size-trans-sex-doll-with-fixed-6-7-dildo-doll-castle",1,1,0,0,0,0,1,,0,0,0,0,1,1,,1,1,1,0,0,0,0,1,,0,0,0,0,1,1,,1,0,0,,,,,0,,,,,,0,0,,0
"Product","/products/f5684-161cm5ft3-34kg-e-cup-silicone-buy-robot-alien-sex-dolls-se-doll",1,1,0,0,0,0,1,,0,0,0,0,1,1,,1,1,1,0,0,0,0,1,,0,0,0,0,1,1,,1,0,0,,,,,0,,,,,,0,0,,0
,"/en-ca/products/t454-20-74lb-silicone-realistic-mini-sex-doll-torso-lovenestle",1,1,0,0,0,0,1,,0,0,0,0,1,1,,1,1,1,0,0,0,0,1,,0,0,0,0,1,1,,1,0,0,,,,,0,,,,,,0,0,,0
,"/en-ca/products/f5573-150cm-5ft-27-5kg-shemale-anime-futa-silicone-sex-doll-elsa-babe",1,1,0,0,0,0,1,,0,0,0,0,1,1,,1,1,1,0,0,0,0,1,,0,0,0,0,1,1,,1,0,0,,,,,0,,,,,,0,0,,0
"Product","/products/f7643-168cm-5ft5-35kg-f-cup-silicone-asian-realistic-sex-doll-xixi-top-cydoll",1,1,0,0,0,0,5,,0,0,0,176,5,0,,0,1,1,0,0,0,0,5,,0,0,0,176,5,0,,0,0,0,,,,,0,,,,,0,0,,,
,"/en-fi/collections/alien-sex-dolls",1,1,0,0,0,0,5,,0,0,0,220,5,0,,0,1,1,0,0,0,0,5,,0,0,0,220,5,0,,0,0,0,,,,,0,,,,,0,0,,,
"Collection","/collections/breast-lovers",1,1,0,0,0,0,1,,0,0,0,0,1,1,,1,1,1,0,0,0,0,1,,0,0,0,0,1,1,,1,0,0,,,,,0,,,,,,0,0,,0
"Blog Article","/blogs/dolls-info-qustions/5-minutes-to-understand-what-a-pocket-pussy-is",1,1,0,0,0,0,1,,0,0,0,0,1,1,,1,1,1,0,0,0,0,1,,0,0,0,0,1,1,,1,0,0,,,,,0,,,,,,0,0,,0
,"/ja/blogs/dolls-info-qustions/the-best-futa-sex-dolls-to-buy-in-2025-brand-guide-buying-tips",1,1,0,0,0,0,1,,0,0,0,0,1,1,,1,1,1,0,0,0,0,1,,0,0,0,0,1,1,,1,0,0,,,,,0,,,,,,0,0,,0
"Product","/products/f1411-158cm5f2-33kg-e-cup-alien-blue-elves-tpe-sex-doll-aibei-doll",1,1,0,0,0,0,3,,0,0,0,682,3,0,,0,1,1,0,0,0,0,3,,0,0,0,682,3,0,,0,0,0,,,,,0,,,,,0,0,,,
"Blog Article","/blogs/dolls-info-qustions/shedoll-introduces-ball-joint-neck-for-more-natural-and-expressive-head-movement",1,1,0,0,0,0,1,,0,0,0,0,1,1,,1,1,1,0,0,0,0,1,,0,0,0,0,1,1,,1,0,0,,,,,0,,,,,,0,0,,0
"Collection","/collections/se-doll-factory-photos",1,1,0,0,0,0,11,,0,0,0,267,11,0,,0,1,1,0,0,0,0,11,,0,0,0,267,11,0,,0,0,0,,,,,0,,,,,0,0,,,
"Product","/products/f1643a-162cm-5ft3-f-cup-fat-best-realistic-big-booty-tpe-robotic-powered-sex-dolls-in-stock-usa-2025-sy-doll",1,1,0,0,0,0,1,,0,0,0,0,1,1,,1,1,1,0,0,0,0,1,,0,0,0,0,1,1,,1,0,0,,,,,0,,,,,,0,0,,0
"Product","/products/f9138-160cm-34-5kg-f-cup-silicone-sex-doll-irontech-doll",1,1,0,0,0,0,1,,0,0,0,0,1,1,,1,1,1,0,0,0,0,1,,0,0,0,0,1,1,,1,0,0,,,,,0,,,,,,0,0,,0
"Blog Article","/blogs/dolls-info-qustions/lubricant-that-enhances-the-sex-experience",1,1,0,0,0,0,1,,0,0,0,0,1,1,,1,1,1,0,0,0,0,1,,0,0,0,0,1,1,,1,0,0,,,,,0,,,,,,0,0,,0
,"/en-fi/products/f9317-150cm4ft11-30kg-f-cup-silicone-high-end-sex-dolls-doll-castle",1,1,0,0,0,0,1,,0,0,0,0,1,1,,1,1,1,0,0,0,0,1,,0,0,0,0,1,1,,1,0,0,,,,,0,,,,,,0,0,,0
"Product","/products/f5837-168cm-5ft5-35kg-f-cup-kaia-silicone-realistic-sex-doll-top-cydoll",1,1,0,0,0,0,1,,0,0,0,0,1,1,,1,1,1,0,0,0,0,1,,0,0,0,0,1,1,,1,0,0,,,,,0,,,,,,0,0,,0
"Product","/products/a894-silicone-butt-automatic-sucking-big-ass-sex-md-doll",1,1,0,0,0,0,1,,0,0,0,0,1,1,,1,1,1,0,0,0,0,1,,0,0,0,0,1,1,,1,0,0,,,,,0,,,,,,0,0,,0
"Product","/products/f3060-172cm-movable-jaws-sex-doll-zelex-doll",1,1,0,0,0,0,1,,0,0,0,0,1,1,,1,1,1,0,0,0,0,1,,0,0,0,0,1,1,,1,0,0,,,,,0,,,,,,0,0,,0
"Product","/products/f1987-150cm4-9ft-42-5kg-m-cup-bbw-tpe-sex-doll%E4%B8%A8wm-doll",1,1,0,0,0,0,1,,0,0,0,0,1,1,,1,1,1,0,0,0,0,1,,0,0,0,0,1,1,,1,0,0,,,,,0,,,,,,0,0,,0
"Collection","/collections/big-ass-sex-doll-curvy-sex-doll",1,1,0,0,0,0,12,,0,0,0,250,12,0,,0,1,1,0,0,0,0,12,,0,0,0,250,12,0,,0,0,0,,,,,0,,,,,0,0,,,
"Product","/products/h709-ros-silicone-sex-doll-head-in-stock-usa-zelex-doll-head",1,1,0,0,0,0,12,,0,0,0,1085,12,0,,0,1,1,0,0,0,0,12,,0,0,0,1085,12,0,,0,0,0,,,,,0,,,,,0,0,,,
"Product","/products/9431605281007",1,1,0,0,0,0,1,,0,0,0,0,1,1,,1,1,1,0,0,0,0,1,,0,0,0,0,1,1,,1,0,0,,,,,0,,,,,,0,0,,0
"Product","/products/f2276-165cm-d-cup-mary-silicone-sex-doll-normon-doll",1,1,0,0,0,0,6,,0,0,0,329,6,0,,0,1,1,0,0,0,0,6,,0,0,0,329,6,0,,0,0,0,,,,,0,,,,,0,0,,,
"Product","/products/t709-86lb-grace-sex-doll-torso-with-huge-breast-silicone-head-torso-pro",1,1,0,0,0,0,1,,0,0,0,0,1,1,,1,1,1,0,0,0,0,1,,0,0,0,0,1,1,,1,0,0,,,,,0,,,,,,0,0,,0
,"/en-ca/products/f1639-158cm-5ft2-d-cup-lisa-realistic-cuvly-short-hair-tpe-sex-doll-sy-doll",1,1,0,0,0,0,1,,0,0,0,0,1,1,,1,1,1,0,0,0,0,1,,0,0,0,0,1,1,,1,0,0,,,,,0,,,,,,0,0,,0
"Product","/products/f2408-164cm5-4ft-d-cup-ai-chatbot-blinking-smiling-robot-sex-doll%E4%B8%A8sy-doll",1,1,0,0,0,0,1,,0,0,0,0,1,1,,1,1,1,0,0,0,0,1,,0,0,0,0,1,1,,1,0,0,,,,,0,,,,,,0,0,,0
,"/en-ca/products/b75-silicone-black-huge-tits-sex-torso-in-stock-usa-mrl",1,1,0,0,0,0,7,,0,0,0,260,7,0,,0,1,1,0,0,0,0,7,,0,0,0,260,7,0,,0,0,0,,,,,0,,,,,0,0,,,
"Product","/products/a599-83lb-coco-sucking-doggy-style-bbw-big-booty-sex-doll-torso-luxury-realistic-biggest-ass-sex-toy",1,1,0,0,0,0,2,,0,0,0,47,2,0,,0,1,1,0,0,0,0,2,,0,0,0,47,2,0,,0,0,0,,,,,0,,,,,0,0,,,
,"/de/blogs/featured-blog/exhibition-diary-the-2025-guangzhou-adult-expo-was-absolutely-mind-blowing",1,1,0,0,0,0,1,,0,0,0,0,1,1,,1,1,1,0,0,0,0,1,,0,0,0,0,1,1,,1,0,0,,,,,0,,,,,,0,0,,0
,"/ja/collections/fake-pussy-hentai-sex-doll",1,1,0,0,0,0,1,,0,0,0,0,1,1,,1,1,1,0,0,0,0,1,,0,0,0,0,1,1,,1,0,0,,,,,0,,,,,,0,0,,0
"Product","/products/f7160-163rcm5-4ft-35-8kg-2-2cf-d-cup-mini-ros-silicone-asian-anime-celebrity-sex-doll-bezlya-doll",1,1,0,0,0,0,1,,0,0,0,0,1,1,,1,1,1,0,0,0,0,1,,0,0,0,0,1,1,,1,0,0,,,,,0,,,,,,0,0,,0
"Product","/products/f4823-164cm-5ft5-37-5kg-g-cup-cheap-silicone-sex-dolls-zelex-sle-2-0-in-stock-usa-canada-zelex-doll",1,1,0,0,0,0,15,,0,0,0,871,15,0,,0,1,1,0,0,0,0,15,,0,0,0,871,15,0,,0,0,0,,,,,0,,,,,0,0,,,
,"/en-ca/products/f1216-169cm-f-cup-miyuki-big-boobs-doll-irontech-doll",1,1,0,0,0,0,1,,0,0,0,0,1,1,,1,1,1,0,0,0,0,1,,0,0,0,0,1,1,,1,0,0,,,,,0,,,,,,0,0,,0
"Product","/products/t423-38-5lbs-72cm-medium-size-realistic-torso-trans-sex-doll-youqu",1,1,0,0,0,0,9,,0,0,0,285,9,0,,0,1,1,0,0,0,0,9,,0,0,0,285,9,0,,0,0,0,,,,,0,,,,,0,0,,,
,"/de/products/8948962820335",1,1,0,0,0,0,1,,0,0,0,0,1,1,,1,1,1,0,0,0,0,1,,0,0,0,0,1,1,,1,0,0,,,,,0,,,,,,0,0,,0
"Blog Article","/blogs/dolls-info-qustions/which-condoms-can-be-used-with-18s-sex-dolls",1,1,0,0,0,0,1,,0,0,0,0,1,1,,1,1,1,0,0,0,0,1,,0,0,0,0,1,1,,1,0,0,,,,,0,,,,,,0,0,,0
,"/en-ca/products/a323-big-ass-torso-liquid-silicone-32lb-chubby-belly-ass",1,1,0,0,0,0,4,,0,0,0,833,4,0,,0,1,1,0,0,0,0,4,,0,0,0,833,4,0,,0,0,0,,,,,0,,,,,0,0,,,
"Blog Article","/blogs/dolls-info-qustions/top-sex-doll-torsos-under-200",1,1,0,0,0,0,1,,0,0,0,0,1,1,,1,1,1,0,0,0,0,1,,0,0,0,0,1,1,,1,0,0,,,,,0,,,,,,0,0,,0
"Blog Article","/blogs/dolls-info-qustions/exploring-lightweight-options-recommended-weight-reduced-bbw-sex-dolls",1,1,0,0,0,0,1,,0,0,0,0,1,1,,1,1,1,0,0,0,0,1,,0,0,0,0,1,1,,1,0,0,,,,,0,,,,,,0,0,,0
"Collection","/collections/36-40kg-79-88lb",1,1,0,0,0,0,2,,0,0,0,174,2,0,,0,1,1,0,0,0,0,2,,0,0,0,174,2,0,,0,0,0,,,,,0,,,,,0,0,,,
"Product","/products/9000856518895",1,1,0,0,0,0,1,,0,0,0,0,1,1,,1,1,1,0,0,0,0,1,,0,0,0,0,1,1,,1,0,0,,,,,0,,,,,,0,0,,0
"Blog Article","/blogs/dolls-info-qustions/se-doll-new-oral-robot-sex-doll-realistic-oral-experience",1,1,0,0,0,0,8,,0,0,0,515,8,0,,0,1,1,0,0,0,0,8,,0,0,0,515,8,0,,0,0,0,,,,,0,,,,,0,0,,,
,"/en-ca/products/f5901-161cm5ft3-37kg-d-cup-mei-silicone-ros-best-big-tits-asian-sex-doll%E4%B8%A8lusandy-doll",1,1,0,0,0,0,1,,0,0,0,0,1,1,,1,1,1,0,0,0,0,1,,0,0,0,0,1,1,,1,0,0,,,,,0,,,,,,0,0,,0
"Collection","/collections/rosertty-doll",1,1,0,0,0,0,1,,0,0,0,0,1,1,,1,1,1,0,0,0,0,1,,0,0,0,0,1,1,,1,0,0,,,,,0,,,,,,0,0,,0
"Blog Article","/blogs/dolls-info-qustions/from-midnight-anime-to-3d-nightstands-3-hentai-sex-dolls-that-actually-exist",1,1,0,0,0,0,4,,0,0,0,1194,4,0,,0,1,1,0,0,0,0,4,,0,0,0,1194,4,0,,0,0,0,,,,,0,,,,,0,0,,,
"Collection","/collections/w-r-4-0",1,1,0,0,0,0,3,,0,0,0,43,3,0,,0,1,1,0,0,0,0,3,,0,0,0,43,3,0,,0,0,0,,,,,0,,,,,0,0,,,
,"/en-fi/collections/black-sex-bbw",1,1,0,0,0,0,6,,0,0,0,448,6,0,,0,1,1,0,0,0,0,6,,0,0,0,448,6,0,,0,0,0,,,,,0,,,,,0,0,,,
,"/en-ca/products/p388-4-2lb-furry-futa-hentai-sex-doll-realistic-anime-furry-futa-sex-toy-with-5-1dildo-mrl",1,1,0,0,0,0,2,,0,0,0,11,2,0,,0,1,1,0,0,0,0,2,,0,0,0,11,2,0,,0,0,0,,,,,0,,,,,0,0,,,
"Blog Article","/blogs/recent-brand-updates-new-arrivals-for-sex-dolls/se-doll-waist-spin-silicone-sex-dolls-can-finally-move-too",1,1,0,0,0,0,1,,0,0,0,0,1,1,,1,1,1,0,0,0,0,1,,0,0,0,0,1,1,,1,0,0,,,,,0,,,,,,0,0,,0
"Collection","/collections/best-selling-anime-sex-doll",1,1,0,0,0,0,2,,0,0,0,183,2,0,,0,1,1,0,0,0,0,2,,0,0,0,183,2,0,,0,0,0,,,,,0,,,,,0,0,,,
,"/de/collections/hyper-realistic-sex-doll",1,1,0,0,0,0,3,,0,0,0,142,3,0,,0,1,1,0,0,0,0,3,,0,0,0,142,3,0,,0,0,0,,,,,0,,,,,0,0,,,
"Product","/products/f9429-166cm-i-cup-ros-silicone-life-size-sex-dolls-galatea-doll",1,1,0,0,0,0,1,,0,0,0,0,1,1,,1,1,1,0,0,0,0,1,,0,0,0,0,1,1,,1,0,0,,,,,0,,,,,,0,0,,0
,"/en-ca/products/h094-sex-doll-head",1,1,0,0,0,0,1,,0,0,0,0,1,1,,1,1,1,0,0,0,0,1,,0,0,0,0,1,1,,1,0,0,,,,,0,,,,,,0,0,,0
"Product","/products/t425-35lbs-70cm-tpe-realistic-male-gay-sex-dolls-for-women-in-stock-eu-yq",1,1,0,0,0,0,1,,0,0,0,0,1,1,,1,1,1,0,0,0,0,1,,0,0,0,0,1,1,,1,0,0,,,,,0,,,,,,0,0,,0
,"/en-ca/collections/zelex-doll",1,1,0,0,0,0,3,,0,0,0,63,3,0,,0,1,1,0,0,0,0,3,,0,0,0,63,3,0,,0,0,0,,,,,0,,,,,0,0,,,
"Blog Article","/blogs/dolls-info-qustions/whats-the-deal-with-moaning-sex-robots-anyway",1,1,0,0,0,0,1,,0,0,0,0,1,1,,1,1,1,0,0,0,0,1,,0,0,0,0,1,1,,1,0,0,,,,,0,,,,,,0,0,,0
"Collection","/collections/150cm-159cm-4ft11-5ft2",1,1,0,0,0,0,4,,0,0,0,137,4,0,,0,1,1,0,0,0,0,4,,0,0,0,137,4,0,,0,0,0,,,,,0,,,,,0,0,,,
"Blog Article","/blogs/dolls-info-qustions/how-to-safely-bathe-with-your-love-doll",1,1,0,0,0,0,1,,0,0,0,0,1,1,,1,1,1,0,0,0,0,1,,0,0,0,0,1,1,,1,0,0,,,,,0,,,,,,0,0,,0
,"/en-ca/blogs/dolls-info-qustions/castle-doll-overseas-warehouse-sex-dolls-july-promotion-starting-at-1299",1,1,0,0,0,0,1,,0,0,0,0,1,1,,1,1,1,0,0,0,0,1,,0,0,0,0,1,1,,1,0,0,,,,,0,,,,,,0,0,,0
"Product","/products/p386-fake-pussy-realistic-masturbator-mini-furry-hentai-tiny-sex-doll-mrl",1,1,0,0,0,0,10,,0,0,0,548,10,0,,0,1,1,0,0,0,0,10,,0,0,0,548,10,0,,0,0,0,,,,,0,,,,,0,0,,,
"Product","/products/f7150-163cm5-4ft-35kg-2-1-b-cup-asian-real-tpe-body-silicon-head-flat-chest-chinese-sex-doll-bezlya-doll",1,1,0,0,0,0,4,,0,0,0,685,4,0,,0,1,1,0,0,0,0,4,,0,0,0,685,4,0,,0,0,0,,,,,0,,,,,0,0,,,
,"/en-ca/blogs/dolls-info-qustions/se-doll-sex-bot-series-feature-comparison-waist-rotation-vs-hip-thrusting-vs-head-nodding",1,1,0,0,0,0,1,,0,0,0,0,1,1,,1,1,1,0,0,0,0,1,,0,0,0,0,1,1,,1,0,0,,,,,0,,,,,,0,0,,0
"Blog Article","/blogs/dolls-info-qustions/3-minute-hack-master-your-robot-sex-doll-s-clamping-function",1,1,0,0,0,0,1,,0,0,0,0,1,1,,1,1,1,0,0,0,0,1,,0,0,0,0,1,1,,1,0,0,,,,,0,,,,,,0,0,,0
,"/ja/collections/7-8in-male-sex-doll",1,1,0,0,0,0,1,,0,0,0,0,1,1,,1,1,1,0,0,0,0,1,,0,0,0,0,1,1,,1,0,0,,,,,0,,,,,,0,0,,0
,"/ja/blogs/dolls-info-qustions/must-read-for-trans-men-sleeves-vs-electric-pocket-pussy-which-one-is-right-for-you",1,1,0,0,0,0,1,,0,0,0,0,1,1,,1,1,1,0,0,0,0,1,,0,0,0,0,1,1,,1,0,0,,,,,0,,,,,,0,0,,0
,"/de/products/irontech-ros-silicone-doll-153cm-f732",1,1,0,0,0,0,11,,0,0,0,2165,11,0,,0,1,1,0,0,0,0,11,,0,0,0,2165,11,0,,0,0,0,,,,,0,,,,,0,0,,,
,"/en-ca/products/f1066-159cm-tpe-sex-doll-fun-west-doll",1,1,0,0,0,0,1,,0,0,0,0,1,1,,1,1,1,0,0,0,0,1,,0,0,0,0,1,1,,1,0,0,,,,,0,,,,,,0,0,,0
,"/en-ca/collections/saggy-huge-breast-sex-doll",1,1,0,0,0,0,12,,0,0,0,1151,12,0,,0,1,1,0,0,0,0,12,,0,0,0,1151,12,0,,0,0,0,,,,,0,,,,,0,0,,,
"Collection","/collections/big-ass-sex-doll-cheap",1,1,0,0,0,0,2,,0,0,0,32,2,0,,0,1,1,0,0,0,0,2,,0,0,0,32,2,0,,0,0,0,,,,,0,,,,,0,0,,,
"Collection","/collections/fake-ass-over-899",1,1,0,0,0,0,3,,0,0,0,52,3,0,,0,1,1,0,0,0,0,3,,0,0,0,52,3,0,,0,0,0,,,,,0,,,,,0,0,,,
"Product","/products/f7034-170cm-6ft6-38kg-g-cup-tpe-sexual-european-sex-doll-in-stock-usa-castle-doll",1,1,0,0,0,0,1,,0,0,0,0,1,1,,1,1,1,0,0,0,0,1,,0,0,0,0,1,1,,1,0,0,,,,,0,,,,,,0,0,,0
"Blog Article","/blogs/dolls-info-qustions/the-allure-of-latin-curves-and-the-sensual-beauty-of-thick-thighs-and-big-buttocks",1,1,0,0,0,0,1,,0,0,0,0,1,1,,1,1,1,0,0,0,0,1,,0,0,0,0,1,1,,1,0,0,,,,,0,,,,,,0,0,,0
"Collection","/collections/angel-kiss-doll",1,1,0,0,0,0,1,,0,0,0,0,1,1,,1,1,1,0,0,0,0,1,,0,0,0,0,1,1,,1,0,0,,,,,0,,,,,,0,0,,0
,"/de/blogs/dolls-info-qustions/must-read-for-trans-men-sleeves-vs-electric-pocket-pussy-which-one-is-right-for-you",1,1,0,0,0,0,1,,0,0,0,0,1,1,,1,1,1,0,0,0,0,1,,0,0,0,0,1,1,,1,0,0,,,,,0,,,,,,0,0,,0
"Product","/products/p36-realistic-masturbator",1,1,0,0,0,0,1,,0,0,0,0,1,1,,1,1,1,0,0,0,0,1,,0,0,0,0,1,1,,1,0,0,,,,,0,,,,,,0,0,,0
"Product","/products/b38-17-1lb-full-bust-36-2inch-yellow-silicone-titjob-boob-job-breast-sex-titty-fucking-mammary-intercourse-sex-toy",1,1,0,0,0,0,21,,0,0,0,1078,21,0,,0,1,1,0,0,0,0,21,,0,0,0,1078,21,0,,0,0,0,,,,,0,,,,,0,0,,,
"Product","/products/f4811-161cm-5ft346kg-j-cup-sexy-silicone-bbw-chubby-chinese-sex-doll-hr-doll",1,1,0,0,0,0,31,,0,0,0,1830,31,0,,0,1,1,0,0,0,0,31,,0,0,0,1830,31,0,,0,0,0,,,,,0,,,,,0,0,,,
,"/en-ca/products/f3703-161cm5-3ft-doris-f-cup-tpe-blonde-european-beauty-love-doll-se-doll",1,1,0,0,0,0,2,,0,0,0,24,2,0,,0,1,1,0,0,0,0,2,,0,0,0,24,2,0,,0,0,0,,,,,0,,,,,0,0,,,
"Blog Article","/blogs/dolls-info-qustions/heavyweight-sex-dolls-advantages-and-risks-analysis",1,1,0,0,0,0,1,,0,0,0,0,1,1,,1,1,1,0,0,0,0,1,,0,0,0,0,1,1,,1,0,0,,,,,0,,,,,,0,0,,0
"Blog Article","/blogs/dolls-info-qustions/exploring-irontechs-most-iconic-sex-doll-collections",1,1,0,0,0,0,4,,0,0,0,227,4,0,,0,1,1,0,0,0,0,4,,0,0,0,227,4,0,,0,0,0,,,,,0,,,,,0,0,,,
"Product","/products/h363-silicone-sex-doll-head-real-lady-doll",1,1,0,0,0,0,3,,0,0,0,25,3,0,,0,1,1,0,0,0,0,3,,0,0,0,25,3,0,,0,0,0,,,,,0,,,,,0,0,,,
"Product","/products/f2026-162cm5-3ft-34kg-f-cup-realistic-trans-fuck-sex-doll-with-soft-skin%C3%A4%C2%B8%C2%A8wm-doll",1,1,0,0,0,0,1,,0,0,0,0,1,1,,1,1,1,0,0,0,0,1,,0,0,0,0,1,1,,1,0,0,,,,,0,,,,,,0,0,,0
"Blog Article","/blogs/dolls-info-qustions/why-choose-a-flat-chest-sex-doll-a-comparison-with-bbw-sex-dolls",1,1,0,0,0,0,1,,0,0,0,0,1,1,,1,1,1,0,0,0,0,1,,0,0,0,0,1,1,,1,0,0,,,,,0,,,,,,0,0,,0
"Collection","/collections/black-sex-doll-premium",1,1,0,0,0,0,4,,0,0,0,176,4,0,,0,1,1,0,0,0,0,4,,0,0,0,176,4,0,,0,0,0,,,,,0,,,,,0,0,,,
,"/en-ca/products/t588v-torso-tpe-16lb-sucking-vibration-auto-clean",1,1,0,0,0,0,9,,0,0,0,1455,9,0,,0,1,1,0,0,0,0,9,,0,0,0,1455,9,0,,0,0,0,,,,,0,,,,,0,0,,,
"Product","/products/f4924-150cm4ft9-26-2kg-a-cup-small-breast-tpe-sex-doll-aibei-doll",1,1,0,0,0,0,8,,0,0,0,1787,8,0,,0,1,1,0,0,0,0,8,,0,0,0,1787,8,0,,0,0,0,,,,,0,,,,,0,0,,,
"Product","/products/f2460-164cm5-4ft-39kg-g-cup-life-size-silicone-head-sex-doll-in-stock-us-sigafun-doll",1,1,0,0,0,0,2,,0,0,0,64,2,0,,0,1,1,0,0,0,0,2,,0,0,0,64,2,0,,0,0,0,,,,,0,,,,,0,0,,,
"Blog Article","/blogs/dolls-info-qustions/do-sex-dolls-feel-real-1",1,1,0,0,0,0,2,,0,0,0,578,2,0,,0,1,1,0,0,0,0,2,,0,0,0,578,2,0,,0,0,0,,,,,0,,,,,0,0,,,
"Product","/products/h814-sex-doll-head-silicone-irontech-doll-head",1,1,0,0,0,0,1,,0,0,0,0,1,1,,1,1,1,0,0,0,0,1,,0,0,0,0,1,1,,1,0,0,,,,,0,,,,,,0,0,,0
"Blog Article","/blogs/dolls-info-qustions/unveiling-irontech-6-key-features-you-need-to-know",1,1,0,0,0,0,1,,0,0,0,0,1,1,,1,1,1,0,0,0,0,1,,0,0,0,0,1,1,,1,0,0,,,,,0,,,,,,0,0,,0
,"/ja/blogs/dolls-info-qustions/complete-guide-to-shemale-sex-dolls-meeting-all-your-needs",1,1,0,0,0,0,1,,0,0,0,0,1,1,,1,1,1,0,0,0,0,1,,0,0,0,0,1,1,,1,0,0,,,,,0,,,,,,0,0,,0
"Product","/products/f8517-150cm-27kg-silicone-head-tpe-body-full-size-adult-flat-chest-sex-doll-alma-plus-in-stock-usa-ridmii",1,1,0,0,0,0,1,,0,0,0,0,1,1,,1,1,1,0,0,0,0,1,,0,0,0,0,1,1,,1,0,0,,,,,0,,,,,,0,0,,0
,"/en-ca/products/f1642-160cm-5ft2-b-cup-petite-lifelike-tpe-sex-doll-sy-doll-1",1,1,0,0,0,0,1,,0,0,0,0,1,1,,1,1,1,0,0,0,0,1,,0,0,0,0,1,1,,1,0,0,,,,,0,,,,,,0,0,,0
,"/ja/blogs/featured-blog/why-irontech-doll-has-become-a-global-leading-sex-doll-brand",1,1,0,0,0,0,1,,0,0,0,0,1,1,,1,1,1,0,0,0,0,1,,0,0,0,0,1,1,,1,0,0,,,,,0,,,,,,0,0,,0
,"/en-ca/products/linkdolls-f811-157cm5ft1-jenny-h-cup-tpe-full-size-adult-blond-hair-sexy-girl-sex-doll-se-doll",1,1,0,0,0,0,21,,0,0,0,709,21,0,,0,1,1,0,0,0,0,21,,0,0,0,709,21,0,,0,0,0,,,,,0,,,,,0,0,,,
,"/de/products/f3594-160cm5-2ft-34kg-a-cup-asian-tpe-sex-doll%E4%B8%A8wm-doll",1,1,0,0,0,0,1,,0,0,0,0,1,1,,1,1,1,0,0,0,0,1,,0,0,0,0,1,1,,1,0,0,,,,,0,,,,,,0,0,,0
"Blog Article","/blogs/dolls-info-qustions/less-shame-about-sex",1,1,0,0,0,0,1,,0,0,0,0,1,1,,1,1,1,0,0,0,0,1,,0,0,0,0,1,1,,1,0,0,,,,,0,,,,,,0,0,,0
"Blog Article","/blogs/dolls-info-qustions/exploring-the-best-personal-time-spaces",1,1,0,0,0,0,1,,0,0,0,0,1,1,,1,1,1,0,0,0,0,1,,0,0,0,0,1,1,,1,0,0,,,,,0,,,,,,0,0,,0
,"/en-ca/collections/flat-chest-japanese-sex-doll",1,1,0,0,0,0,1,,0,0,0,4,1,1,,1,1,1,0,0,0,0,1,,0,0,0,4,1,1,,1,0,0,,,,,0,,,,,0,0,0,,0
,"/en-ca/products/f7146-168cm-5ft6-41kg-a-cup-elf-fantasy-tpe-sexual-hentai-flat-chest-best-alien-sex-doll-castle-doll-1",1,1,0,0,0,0,1,,0,0,0,0,1,1,,1,1,1,0,0,0,0,1,,0,0,0,0,1,1,,1,0,0,,,,,0,,,,,,0,0,,0
"Product","/products/f2474-163cm5-3ft-40kg-g-cup-eira-tpe-sex-doll-fun-west-doll",1,1,0,0,0,0,1,,0,0,0,0,1,1,,1,1,1,0,0,0,0,1,,0,0,0,0,1,1,,1,0,0,,,,,0,,,,,,0,0,,0
"Product","/products/f7677-163cm5ft3-33kg-e-cup-life-size-ros-silicone-life-size-sex-dolls-lightweight-wm-doll",1,1,0,0,0,0,13,,0,0,0,484,13,0,,0,1,1,0,0,0,0,13,,0,0,0,484,13,0,,0,0,0,,,,,0,,,,,0,0,,,
,"/de/search",1,1,0,0,0,0,3,,0,0,0,30,3,0,,0,1,1,0,0,0,0,3,,0,0,0,30,3,0,,0,0,0,,,,,0,,,,,0,0,,,
,"/en-ca/products/f1311-164cm-f-cup-miya-big-boobs-doll-irontech-doll",1,1,0,0,0,0,1,,0,0,0,0,1,1,,1,1,1,0,0,0,0,1,,0,0,0,0,1,1,,1,0,0,,,,,0,,,,,,0,0,,0
"Blog Article","/blogs/dolls-info-qustions/how-to-carry-your-heavy-doll",1,1,0,0,0,0,10,,0,0,0,254,10,0,,0,1,1,0,0,0,0,10,,0,0,0,254,10,0,,0,0,0,,,,,0,,,,,0,0,,,
"Product","/products/f4904-150cm4ft9-35-5kg-b-cup-silicone-anime-style-furry-bunny-doll-climax-doll-ultra",1,1,0,0,0,0,2,,0,0,0,42,2,0,,0,1,1,0,0,0,0,2,,0,0,0,42,2,0,,0,0,0,,,,,0,,,,,0,0,,,
"Product","/products/f2441-163cm5-3ft-53kg-g-cup-sex-doll%E4%B8%A8sy-doll",1,1,0,0,0,0,2,,0,0,0,1335,2,0,,0,1,1,0,0,0,0,2,,0,0,0,1335,2,0,,0,0,0,,,,,0,,,,,0,0,,,
"Product","/products/f7685-157cm5-1ft-33kg-b-cup-anime-pvc-head-silicone-sex-doll%E4%B8%A8wm-doll",1,1,0,0,0,0,16,,0,0,0,689,16,0,,0,1,1,0,0,0,0,16,,0,0,0,689,16,0,,0,0,0,,,,,0,,,,,0,0,,,
,"/en-ca/products/f408-160cm5-2ft-34kg-a-cup-petite-asian-tpe-medium-butt-sex-doll%E4%B8%A8wm-doll",1,1,0,0,0,0,1,,0,0,0,0,1,1,,1,1,1,0,0,0,0,1,,0,0,0,0,1,1,,1,0,0,,,,,0,,,,,,0,0,,0
"Blog Article","/blogs/dolls-info-qustions/nsfw-time-revealing-the-most-popular-porn-stars-and-celebrity-sex-dolls",1,1,0,0,0,0,1,,0,0,0,0,1,1,,1,1,1,0,0,0,0,1,,0,0,0,0,1,1,,1,0,0,,,,,0,,,,,,0,0,,0
"Product","/products/f9365-elsa-babe-163cm-anime-style-full-size-silicone-sex-doll",1,1,0,0,0,0,1,,0,0,0,0,1,1,,1,1,1,0,0,0,0,1,,0,0,0,0,1,1,,1,0,0,,,,,0,,,,,,0,0,,0
"Collection","/collections/6ye-doll",1,1,0,0,0,0,1,,0,0,0,0,1,1,,1,1,1,0,0,0,0,1,,0,0,0,0,1,1,,1,0,0,,,,,0,,,,,,0,0,,0
,"/en-ca/blogs/dolls-info-qustions/explore-five-different-types-of-realistic-life-size-sex-dolls",1,1,0,0,0,0,1,,0,0,0,0,1,1,,1,1,1,0,0,0,0,1,,0,0,0,0,1,1,,1,0,0,,,,,0,,,,,,0,0,,0
,"/de/collections/big-ass-sex-doll",1,1,0,0,0,0,1,,0,0,0,0,1,1,,1,1,1,0,0,0,0,1,,0,0,0,0,1,1,,1,0,0,,,,,0,,,,,,0,0,,0
"Product","/products/f5834k-168cm-5ft5-35kg-f-cup-silicone-realistic-sex-doll-in-stock-usa-top-cydoll",1,1,0,0,0,0,1,,0,0,0,0,1,1,,1,1,1,0,0,0,0,1,,0,0,0,0,1,1,,1,0,0,,,,,0,,,,,,0,0,,0
"Product","/products/f3911-168cm5-5ft-42kg-d-cup-asian-lexie-premium-realistic-silicone-sex-doll-fun-west-doll",1,1,0,0,0,0,3,,0,0,0,56,3,0,,0,1,1,0,0,0,0,3,,0,0,0,56,3,0,,0,0,0,,,,,0,,,,,0,0,,,
,"/de/blogs/dolls-info-qustions/how-to-make-a-fake-ass-sex-toy",1,1,0,0,0,0,6,,0,0,0,151,6,0,,0,1,1,0,0,0,0,6,,0,0,0,151,6,0,,0,0,0,,,,,0,,,,,0,0,,,
,"/en-ca/products/f2585-156cm5-1ft-34kg-f-cup-realistic-silicone-sex-doll-fun-west-doll",1,1,0,0,0,0,2,,0,0,0,66,2,0,,0,1,1,0,0,0,0,2,,0,0,0,66,2,0,,0,0,0,,,,,0,,,,,0,0,,,
"Blog Article","/blogs/dolls-info-qustions/comprehensive-guide-to-realistic-foot-fetish-toys",1,1,0,0,0,0,1,,0,0,0,0,1,1,,1,1,1,0,0,0,0,1,,0,0,0,0,1,1,,1,0,0,,,,,0,,,,,,0,0,,0
,"/en-ca/collections/sex-doll-torso/products/562-fat-ass-torso-doll-silicone-ass",1,1,0,0,0,0,9,,0,0,0,217,9,0,,0,1,1,0,0,0,0,9,,0,0,0,217,9,0,,0,0,0,,,,,0,,,,,0,0,,,
,"/de/products/f1053-159cm-tpe-sex-doll-fun-west-doll",1,1,0,0,0,0,20,,0,0,0,536,20,0,,0,1,1,0,0,0,0,20,,0,0,0,536,20,0,,0,0,0,,,,,0,,,,,0,0,,,
"Product","/products/f4708a-150cm4ft9-45kg-j-cup-lightweight-large-breast-fat-ass-tpe-bbw-real-sex-doll-doll-castle",1,1,0,0,0,0,3,,0,0,0,9,3,0,,0,1,1,0,0,0,0,3,,0,0,0,9,3,0,,0,0,0,,,,,0,,,,,0,0,,,
"Product","/products/f8170-150cm4-9ft-27-6kg-f-cup-ros-max-r8-lena-silicone-sex-doll-real-lady",1,1,0,0,0,0,4,,0,0,0,143,4,0,,0,1,1,0,0,0,0,4,,0,0,0,143,4,0,,0,0,0,,,,,0,,,,,0,0,,,
"Collection","/collections/vajankle-foot-fetish-toys/",1,1,0,0,0,0,1,,0,0,0,0,1,1,,1,1,1,0,0,0,0,1,,0,0,0,0,1,1,,1,0,0,,,,,0,,,,,,0,0,,0
"Product","/products/f7009k-165cm5ft4-40-5kg-d-cup-silicone-ros-best-latina-sex-doll-in-stock-%E4%B8%A8lusandy-doll",1,1,0,0,0,0,4,,0,0,0,241,4,0,,0,1,1,0,0,0,0,4,,0,0,0,241,4,0,,0,0,0,,,,,0,,,,,0,0,,,
"Collection","/collections/black-silicone-sex-doll",1,1,0,0,0,0,6,,0,0,0,407,6,0,,0,1,1,0,0,0,0,6,,0,0,0,407,6,0,,0,0,0,,,,,0,,,,,0,0,,,
"Product","/products/irontech-oriental-ros-silicone-doll-161cm-f750",1,1,0,0,0,0,2,,0,0,0,53,2,0,,0,1,1,0,0,0,0,2,,0,0,0,53,2,0,,0,0,0,,,,,0,,,,,0,0,,,
,"/en-fi/products/h430-ros-free-hair-impants-real-oral-movable-jaw-silicone-sex-doll-head-sy-doll",1,1,0,0,0,0,2,,0,0,0,23,2,0,,0,1,1,0,0,0,0,2,,0,0,0,23,2,0,,0,0,0,,,,,0,,,,,0,0,,,
"Product","/products/t356-55-lbs-d-cup-realistic-silicone-bodylife-size-sex-doll-torso-with-movable-jaw-head-sy-doll",1,1,0,0,0,0,19,,0,0,0,7476,19,0,,0,1,1,0,0,0,0,19,,0,0,0,7476,19,0,,0,0,0,,,,,0,,,,,0,0,,,
"Product","/products/top-fire-doll-170cm-silicone-sex-doll-f8606",1,1,0,0,0,0,2,,0,0,0,17,2,0,,0,1,1,0,0,0,0,2,,0,0,0,17,2,0,,0,0,0,,,,,0,,,,,0,0,,,
,"/en-fi/blogs/dolls-info-qustions/meet-the-new-black-sex-dolls-realistic-and-ready-to-please",1,1,0,0,0,0,1,,0,0,0,0,1,1,,1,1,1,0,0,0,0,1,,0,0,0,0,1,1,,1,0,0,,,,,0,,,,,,0,0,,0
"Blog Article","/blogs/dolls-info-qustions/futa-sex-dolls-where-fantasy-meets-reality-in-the-world-of-anime-temptation",1,1,0,0,0,0,1,,0,0,0,0,1,1,,1,1,1,0,0,0,0,1,,0,0,0,0,1,1,,1,0,0,,,,,0,,,,,,0,0,,0
"Product","/products/a441-8-24lb-pocket-pussy-vagina-stroker-male-masturbator-lovenestle",1,1,0,0,0,0,8,,0,0,0,709,8,0,,0,1,1,0,0,0,0,8,,0,0,0,709,8,0,,0,0,0,,,,,0,,,,,0,0,,,
,"/de/blogs/dolls-info-qustions/%F0%9F%94%A5-2025-best-fake-ass-sex-toy-recommendations-6-ultra-realistic-big-booty-dolls-for-ultimate-pleasure",1,1,0,0,0,0,1,,0,0,0,0,1,1,,1,1,1,0,0,0,0,1,,0,0,0,0,1,1,,1,0,0,,,,,0,,,,,,0,0,,0
,"/ja/collections/aitia",1,1,0,0,0,0,3,,0,0,0,123,3,0,,0,1,1,0,0,0,0,3,,0,0,0,123,3,0,,0,0,0,,,,,0,,,,,0,0,,,
"Collection","/collections/jly",1,1,0,0,0,0,1,,0,0,0,2,1,1,,1,1,1,0,0,0,0,1,,0,0,0,2,1,1,,1,0,0,,,,,0,,,,,0,0,0,,0
"Product","/products/f2475-159cm5-2ft-37kg-a-cup-sophiemina-realistic-silicone-sex-doll-fun-west-doll",1,1,0,0,0,0,1,,0,0,0,0,1,1,,1,1,1,0,0,0,0,1,,0,0,0,0,1,1,,1,0,0,,,,,0,,,,,,0,0,,0
"Product","/products/f1618-bbw-sex-doll-big-booty-us-tpe-sy",1,1,0,0,0,0,2,,0,0,0,49,2,0,,0,1,1,0,0,0,0,2,,0,0,0,49,2,0,,0,0,0,,,,,0,,,,,0,0,,,
"Blog Article","/blogs/dolls-info-qustions/the-role-of-torso-sex-dolls-in-dating",1,1,0,0,0,0,1,,0,0,0,0,1,1,,1,1,1,0,0,0,0,1,,0,0,0,0,1,1,,1,0,0,,,,,0,,,,,,0,0,,0
,"/en-ca/collections/effeminate-femboy-sex-doll",1,1,1,0,0,0,3,,1,0,0,271,3,0,,0,1,1,1,0,0,0,3,,1,0,0,271,3,0,,0,0,0,0,,,,0,,0,,,0,0,,,
,"/en-ca/products/f6129-170cm-5ft6-40kg-d-cup-s11-tpe-silicone-head-sex-doll-sy-doll",1,1,0,0,0,0,1,,0,0,0,0,1,1,,1,1,1,0,0,0,0,1,,0,0,0,0,1,1,,1,0,0,,,,,0,,,,,,0,0,,0
"Product","/products/notye-breast-titjob-32lbs-b45",1,1,0,0,0,0,3,,0,0,0,57,3,0,,0,1,1,0,0,0,0,3,,0,0,0,57,3,0,,0,0,0,,,,,0,,,,,0,0,,,
,"/en-ca/products/lightweight-ass-toy-silicone-8-5lb-a805",1,1,0,0,0,0,1,,0,0,0,0,1,1,,1,1,1,0,0,0,0,1,,0,0,0,0,1,1,,1,0,0,,,,,0,,,,,,0,0,,0
"Product","/products/a457-37-74lb-silicone-1-1-life-sized-pussy-ass-masturbator-big-ass-torso-lovenestle",1,1,0,0,0,0,1,,0,0,0,0,1,1,,1,1,1,0,0,0,0,1,,0,0,0,0,1,1,,1,0,0,,,,,0,,,,,,0,0,,0
"Product","/products/a308-13lb-19lb-30lb-three-sizes-silicone-soft-realistic-big-ass-sex-dolls-torso",1,1,0,0,0,0,7,,0,0,0,3169,7,0,,0,1,1,0,0,0,0,7,,0,0,0,3169,7,0,,0,0,0,,,,,0,,,,,0,0,,,
"Product","/products/f1596-171cm-5ft6-d-cup-silicone-thin-pink-hair-teen-sex-doll-in-stock-usa-starpery-doll",1,1,0,0,0,0,1,,0,0,0,0,1,1,,1,1,1,0,0,0,0,1,,0,0,0,0,1,1,,1,0,0,,,,,0,,,,,,0,0,,0
,"/en-fi/products/9238458073327",1,1,0,0,0,0,1,,0,0,0,0,1,1,,1,1,1,0,0,0,0,1,,0,0,0,0,1,1,,1,0,0,,,,,0,,,,,,0,0,,0
,"/en-ca/blogs/dolls-info-qustions/2-in-1-ai-sex-doll-experience-motorized-hip-movement-and-vaginal-suction-combined",1,1,0,0,0,0,2,,0,0,0,781,2,0,,0,1,1,0,0,0,0,2,,0,0,0,781,2,0,,0,0,0,,,,,0,,,,,0,0,,,
"Product","/products/f2194-159cm5-2ft-f-cup-s13-fantasy-silicone-sex-doll-irontech-doll",1,1,0,0,0,0,1,,0,0,0,0,1,1,,1,1,1,0,0,0,0,1,,0,0,0,0,1,1,,1,0,0,,,,,0,,,,,,0,0,,0
,"/en-fi/blogs/dolls-info-qustions/how-to-integrate-sex-toys-and-torso-sex-dolls-into-foreplay",1,1,0,0,0,0,2,,0,0,0,129,2,0,,0,1,1,0,0,0,0,2,,0,0,0,129,2,0,,0,0,0,,,,,0,,,,,0,0,,,
"Blog Article","/blogs/dolls-info-qustions/don-t-let-stains-ruin-your-doll-the-complete-guide-to-cleaning-tpe-sex-dolls",1,1,0,0,0,0,1,,0,0,0,0,1,1,,1,1,1,0,0,0,0,1,,0,0,0,0,1,1,,1,0,0,,,,,0,,,,,,0,0,,0
,"/ja/blogs/dolls-info-qustions/what-is-it-like-to-use-a-shemale-sex-doll",1,1,0,0,0,0,1,,0,0,0,0,1,1,,1,1,1,0,0,0,0,1,,0,0,0,0,1,1,,1,0,0,,,,,0,,,,,,0,0,,0
,"/en-ca/products/f110-165cm-37kg-finley-thin-face-shy-asian-teen-tpe-cute-femboy-sex-doll-qita-doll",1,1,0,0,0,0,1,,0,0,0,0,1,1,,1,1,1,0,0,0,0,1,,0,0,0,0,1,1,,1,0,0,,,,,0,,,,,,0,0,,0
"Collection","/collections/huge",1,1,0,0,0,0,1,,0,0,0,0,1,1,,1,1,1,0,0,0,0,1,,0,0,0,0,1,1,,1,0,0,,,,,0,,,,,,0,0,,0
,"/en-ca/products/f8167-158cm5ft2-32kg-f-cup-ab27-asian-silicone-sex-doll-aibei-doll-luxe",1,1,0,0,0,0,1,,0,0,0,0,1,1,,1,1,1,0,0,0,0,1,,0,0,0,0,1,1,,1,0,0,,,,,0,,,,,,0,0,,0
"Blog Article","/blogs/dolls-info-qustions/does-youth-mean-being-not-busty-recommended-large-bust-18s-sex-dolls",1,1,0,0,0,0,2,,0,0,0,611,2,0,,0,1,1,0,0,0,0,2,,0,0,0,611,2,0,,0,0,0,,,,,0,,,,,0,0,,,
"Blog Article","/blogs/featured-blog/complete-guide-to-fixing-tpe-full-size-sex-doll-makeup-fading",1,1,0,0,0,0,1,,0,0,0,0,1,1,,1,1,1,0,0,0,0,1,,0,0,0,0,1,1,,1,0,0,,,,,0,,,,,,0,0,,0
"Blog Article","/blogs/dolls-info-qustions/8-different-brands-of-anime-sex-dolls",1,1,0,0,0,0,1,,0,0,0,0,1,1,,1,1,1,0,0,0,0,1,,0,0,0,0,1,1,,1,0,0,,,,,0,,,,,,0,0,,0
,"/de/blogs/dolls-info-qustions/real-lady-vs-mlw-sex-dolls-unboxing-hands-on-review",1,1,0,0,0,0,2,,0,0,0,751,2,0,,0,1,1,0,0,0,0,2,,0,0,0,751,2,0,,0,0,0,,,,,0,,,,,0,0,,,
,"/en-ca/collections/600-999",1,1,0,0,0,0,1,,0,0,0,1,1,1,,1,1,1,0,0,0,0,1,,0,0,0,1,1,1,,1,0,0,,,,,0,,,,,0,0,0,,0
,"/de/blogs/dolls-info-qustions/sedolls-latest-oral-suction-amp-heating-functions-are-here",1,1,0,0,0,0,1,,0,0,0,0,1,1,,1,1,1,0,0,0,0,1,,0,0,0,0,1,1,,1,0,0,,,,,0,,,,,,0,0,,0
"Product","/products/t361-52-91lbs-100cm-lightweight-life-size-sex-doll-torso-with-head-can-choose-no-head-climax-doll",1,1,0,0,0,0,1,,0,0,0,0,1,1,,1,1,1,0,0,0,0,1,,0,0,0,0,1,1,,1,0,0,,,,,0,,,,,,0,0,,0
,"/de/products/f5425-elsa-babe-hentai-anime-waifu-sex-dolls-silicone-head-150cm-27-5kg",1,1,0,0,0,0,2,,0,0,0,94,2,0,,0,1,1,0,0,0,0,2,,0,0,0,94,2,0,,0,0,0,,,,,0,,,,,0,0,,,
"Product","/products/p96-0-62lb-owl-elf-cheap-silicone-anime-hentai-pocket-pussy-mrl",1,1,0,0,0,0,1,,0,0,0,0,1,1,,1,1,1,0,0,0,0,1,,0,0,0,0,1,1,,1,0,0,,,,,0,,,,,,0,0,,0
"Product","/products/f1725-165cm-5ft4-carmen-f-cup-silicone-head-movable-jaws-sex-doll-zelex-doll",1,1,0,0,0,0,1,,0,0,0,0,1,1,,1,1,1,0,0,0,0,1,,0,0,0,0,1,1,,1,0,0,,,,,0,,,,,,0,0,,0
,"/de/blogs/dolls-info-qustions/detailed-showcase-of-bbw-love-doll-features",1,1,0,0,0,0,1,,0,0,0,0,1,1,,1,1,1,0,0,0,0,1,,0,0,0,0,1,1,,1,0,0,,,,,0,,,,,,0,0,,0
,"/ja/blogs/real-sex-doll-reviews-pros-cons-real-usage-tests/top-8-big-ass-sex-doll-torsos-you-can-t-resist",1,1,0,0,0,0,1,,0,0,0,0,1,1,,1,1,1,0,0,0,0,1,,0,0,0,0,1,1,,1,0,0,,,,,0,,,,,,0,0,,0
"Product","/products/f4593-160cm5ft2-28-5kg-azuka-h-cup-silicone-hhs-animes-mini-hentai-sex-doll-irokebijin-doll",1,1,0,0,0,0,6,,0,0,0,166,6,0,,0,1,1,0,0,0,0,6,,0,0,0,166,6,0,,0,0,0,,,,,0,,,,,0,0,,,
"Product","/products/611-49lb-90cm-sex-doll-legs-slim-and-graceful-sexy-long-legged-torso",1,1,0,0,0,0,1,,0,0,0,0,1,1,,1,1,1,0,0,0,0,1,,0,0,0,0,1,1,,1,0,0,,,,,0,,,,,,0,0,,0
,"/en-fi/blogs/featured-blog/how-to-repair-a-tpe-sex-doll",1,1,0,0,0,0,1,,0,0,0,0,1,1,,1,1,1,0,0,0,0,1,,0,0,0,0,1,1,,1,0,0,,,,,0,,,,,,0,0,,0
"Product","/products/f3833-159cm-5ft2-f-cup-big-ass-tpe-sex-doll-hr-doll",1,1,0,0,0,0,23,,0,0,0,856,23,0,,0,1,1,0,0,0,0,23,,0,0,0,856,23,0,,0,0,0,,,,,0,,,,,0,0,,,
"Blog Article","/blogs/dolls-info-qustions/tpe-torso-silicone-torso-vs-full-body-silicone-sex-doll-a-comprehensive-practical-guide-from-beginner-to-advanced",1,1,0,0,0,0,1,,0,0,0,0,1,1,,1,1,1,0,0,0,0,1,,0,0,0,0,1,1,,1,0,0,,,,,0,,,,,,0,0,,0
"Product","/products/f5565-150cm4ft9-33kg-f-cup-life-size-tpe-sex-doll-aibei-doll",1,1,0,0,0,0,1,,0,0,0,0,1,1,,1,1,1,0,0,0,0,1,,0,0,0,0,1,1,,1,0,0,,,,,0,,,,,,0,0,,0
"Checkout","/orders/78dc4ff6cb629a8663a108a0c1bb2d68",1,1,0,0,0,0,1,,0,0,0,0,1,1,,1,1,1,0,0,0,0,1,,0,0,0,0,1,1,,1,0,0,,,,,0,,,,,,0,0,,0
"Product","/products/f5457-150cm-5ft-27-5kg-silicone-ancient-style-anime-femboy-sex-dolls-elsa-babe",1,1,0,0,0,0,1,,0,0,0,0,1,1,,1,1,1,0,0,0,0,1,,0,0,0,0,1,1,,1,0,0,,,,,0,,,,,,0,0,,0
"Product","/products/9020298395887",1,1,0,0,0,0,1,,0,0,0,0,1,1,,1,1,1,0,0,0,0,1,,0,0,0,0,1,1,,1,0,0,,,,,0,,,,,,0,0,,0
,"/en-ca/products/f1871-anime-cosplay-tpe-sex-doll-fun-west-doll",1,1,0,0,0,0,1,,0,0,0,0,1,1,,1,1,1,0,0,0,0,1,,0,0,0,0,1,1,,1,0,0,,,,,0,,,,,,0,0,,0
,"/en-ca/products/f8069-150cm-5ft-27-5kg-silicone-anime-hentai-sex-doll-elsa-babe",1,1,0,0,0,0,1,,0,0,0,0,1,1,,1,1,1,0,0,0,0,1,,0,0,0,0,1,1,,1,0,0,,,,,0,,,,,,0,0,,0
"Blog Article","/blogs/featured-blog/the-best-hyper-realistic-sex-dolls-brands-features-and-buying-guide",1,1,0,0,0,0,6,,0,0,0,77,6,0,,0,1,1,0,0,0,0,6,,0,0,0,77,6,0,,0,0,0,,,,,0,,,,,0,0,,,
"Product","/products/f7140-165cm-5ft5-42kg-v-cup-elf-fantasy-tpe-sexual-hentai-best-alien-sex-doll-castle-doll-1",1,1,0,0,0,0,1,,0,0,0,0,1,1,,1,1,1,0,0,0,0,1,,0,0,0,0,1,1,,1,0,0,,,,,0,,,,,,0,0,,0
,"/de/blogs/dolls-info-qustions/how-to-choose-the-perfect-life-size-silicone-sex-doll-create-your-ideal-companion",1,1,0,0,0,0,1,,0,0,0,0,1,1,,1,1,1,0,0,0,0,1,,0,0,0,0,1,1,,1,0,0,,,,,0,,,,,,0,0,,0
"Product","/products/f555k-161cm5ft3-52-5kg-h-cup-huge-areola-adult-silicone-bbw-super-fat-big-belly-sex-doll-in-stock-us-starpery-doll",1,1,0,0,0,0,1,,0,0,0,0,1,1,,1,1,1,0,0,0,0,1,,0,0,0,0,1,1,,1,0,0,,,,,0,,,,,,0,0,,0
"Collection","/collections/anime-sex-doll-stpe",1,1,0,0,0,0,6,,0,0,0,1136,6,0,,0,1,1,0,0,0,0,6,,0,0,0,1136,6,0,,0,0,0,,,,,0,,,,,0,0,,,
,"/en-ca/blogs/dolls-info-qustions/why-do-you-have-sex-dolls",1,1,0,0,0,0,1,,0,0,0,0,1,1,,1,1,1,0,0,0,0,1,,0,0,0,0,1,1,,1,0,0,,,,,0,,,,,,0,0,,0
"Collection","/collections/linkdolls-most-popular-brand-in-tantaly-sex-doll-comprehensive-guide",1,1,0,0,0,0,1,,0,0,0,0,1,1,,1,1,1,0,0,0,0,1,,0,0,0,0,1,1,,1,0,0,,,,,0,,,,,,0,0,,0
"Blog Article","/blogs/dolls-info-qustions/asian-sex-dolls-are-going-viral-they-not-only-understand-you-but-they-also-know-how-to-flirt",1,1,0,0,0,0,1,,0,0,0,0,1,1,,1,1,1,0,0,0,0,1,,0,0,0,0,1,1,,1,0,0,,,,,0,,,,,,0,0,,0
"Product","/products/f1372-158cm-i-cup-tanned-lola-sex-doll-irontech-doll",1,1,0,0,0,0,2,,0,0,0,464,2,0,,0,1,1,0,0,0,0,2,,0,0,0,464,2,0,,0,0,0,,,,,0,,,,,0,0,,,
"Product","/products/p48-realistic-vibraitng-pussy-sex-toy",1,1,0,0,0,0,1,,0,0,0,0,1,1,,1,1,1,0,0,0,0,1,,0,0,0,0,1,1,,1,0,0,,,,,0,,,,,,0,0,,0
"Product","/products/t277-40-79lbs-100cm-eydis-lightweight-life-size-sex-doll-torso-with-head-climax-doll",1,1,0,0,0,0,1,,0,0,0,0,1,1,,1,1,1,0,0,0,0,1,,0,0,0,0,1,1,,1,0,0,,,,,0,,,,,,0,0,,0
,"/en-ca/collections/fat-sex-doll",1,1,0,0,0,0,6,,0,0,0,55,6,0,,0,1,1,0,0,0,0,6,,0,0,0,55,6,0,,0,0,0,,,,,0,,,,,0,0,,,
"Blog Article","/blogs/dolls-info-qustions/how-to-store-sex-dolls-correctly",1,1,0,0,0,0,1,,0,0,0,0,1,1,,1,1,1,0,0,0,0,1,,0,0,0,0,1,1,,1,0,0,,,,,0,,,,,,0,0,,0
"Product","/products/t260-12lbs-big-breast-torso-dildo-vagina-femboy-trans-male-shemale-sex-doll-torso-qsx",1,1,0,0,0,0,1,,0,0,0,0,1,1,,1,1,1,0,0,0,0,1,,0,0,0,0,1,1,,1,0,0,,,,,0,,,,,,0,0,,0
"Product","/products/p81-6-8lb-20cm-anime-balloon-girl-futanari-sex-toys-mrl",1,1,0,0,0,0,1,,0,0,0,0,1,1,,1,1,1,0,0,0,0,1,,0,0,0,0,1,1,,1,0,0,,,,,0,,,,,,0,0,,0
"Product","/products/t406-7-45lb-30cm-papaya-breast-torso-sex-doll-2024-new-sex-doll",1,1,0,0,0,0,1,,0,0,0,0,1,1,,1,1,1,0,0,0,0,1,,0,0,0,0,1,1,,1,0,0,,,,,0,,,,,,0,0,,0
"Blog Article","/blogs/dolls-info-qustions/scientific-anti-sag-guide-keep-your-huge-breast-sex-doll-perfectly-upright",1,1,0,0,0,0,1,,0,0,0,0,1,1,,1,1,1,0,0,0,0,1,,0,0,0,0,1,1,,1,0,0,,,,,0,,,,,,0,0,,0
,"/en-fi/blogs/dolls-info-qustions/elsa-babe-doll-craftsmanship-introduction",1,1,0,0,0,0,1,,0,0,0,0,1,1,,1,1,1,0,0,0,0,1,,0,0,0,0,1,1,,1,0,0,,,,,0,,,,,,0,0,,0
,"/ja/blogs/dolls-info-qustions/how-to-choose-the-perfect-life-size-silicone-sex-doll-create-your-ideal-companion",1,1,0,0,0,0,1,,0,0,0,0,1,1,,1,1,1,0,0,0,0,1,,0,0,0,0,1,1,,1,0,0,,,,,0,,,,,,0,0,,0
"Collection","/collections/7-8in-male-sex-doll",1,1,0,0,0,0,2,,0,0,0,4,2,0,,0,1,1,0,0,0,0,2,,0,0,0,4,2,0,,0,0,0,,,,,0,,,,,0,0,,,
"Checkout","/checkouts/cn/hWNEOVuVCLo9lBC2Lw6XLWef/en-us",1,1,0,1,0,0,1,0,0,1,0,0,1,0,,0,1,1,0,1,0,0,1,0,0,1,0,0,1,0,,0,0,0,,0,,,0,,,0,,,0,,,
"Product","/products/f2413-movable-jaw-realistic-sex-robots-sy",1,1,0,0,0,0,6,,0,0,0,119,6,0,,0,1,1,0,0,0,0,6,,0,0,0,119,6,0,,0,0,0,,,,,0,,,,,0,0,,,
"Product","/products/t610-45lb-ruka-momoto-obokozu-japanese-sex-doll-life-size-with-tantabosom%E4%B8%A8tantaly",1,1,0,0,0,0,1,,0,0,0,0,1,1,,1,1,1,0,0,0,0,1,,0,0,0,0,1,1,,1,0,0,,,,,0,,,,,,0,0,,0
,"/en-ca/products/52416-8lb-54cm-charming-abs-and-big-hard-cock-boys-male-sex-dolls-torso-for-women",1,1,0,0,0,0,2,,0,0,0,161,2,0,,0,1,1,0,0,0,0,2,,0,0,0,161,2,0,,0,0,0,,,,,0,,,,,0,0,,,
"Blog Article","/blogs/dolls-info-qustions/femboy-sex-doll-vs-shemale-sex-doll-what-s-the-real-difference",1,1,0,0,0,0,1,,0,0,0,0,1,1,,1,1,1,0,0,0,0,1,,0,0,0,0,1,1,,1,0,0,,,,,0,,,,,,0,0,,0
"Product","/products/h1032-silicone-sex-doll-head%E4%B8%A8aibei-doll-head",1,1,0,0,0,0,18,,0,0,0,4302,18,0,,0,1,1,0,0,0,0,18,,0,0,0,4302,18,0,,0,0,0,,,,,0,,,,,0,0,,,
,"/en-ca/blogs/dolls-info-qustions/pocket-pussy-full-range-of-types-which-one-is-best-for-you",1,1,0,0,0,0,1,,0,0,0,0,1,1,,1,1,1,0,0,0,0,1,,0,0,0,0,1,1,,1,0,0,,,,,0,,,,,,0,0,,0
,"/de/collections/bezlya",1,1,0,0,0,0,2,,0,0,0,42,2,0,,0,1,1,0,0,0,0,2,,0,0,0,42,2,0,,0,0,0,,,,,0,,,,,0,0,,,
"Blog Article","/blogs/dolls-info-qustions/a-closer-look-at-the-firefly-diary-brand",1,1,0,0,0,0,1,,0,0,0,0,1,1,,1,1,1,0,0,0,0,1,,0,0,0,0,1,1,,1,0,0,,,,,0,,,,,,0,0,,0
,"/de/blogs/dolls-info-qustions/top-5-most-popular-silicone-torso-sex-dolls-which-one-is-the-true-goddess",1,1,0,0,0,0,1,,0,0,0,0,1,1,,1,1,1,0,0,0,0,1,,0,0,0,0,1,1,,1,0,0,,,,,0,,,,,,0,0,,0
"Product","/products/p120-30cm-11-8in-2-5kg-silicone-anime-hentai-sex-doll-castle-doll",1,1,0,0,0,0,32,,0,0,0,2835,32,0,,0,1,1,0,0,0,0,32,,0,0,0,2835,32,0,,0,0,0,,,,,0,,,,,0,0,,,
,"/en-ca/products/f959-163cm-full-body-doll-se-doll",1,1,0,0,0,0,2,,0,0,0,40,2,0,,0,1,1,0,0,0,0,2,,0,0,0,40,2,0,,0,0,0,,,,,0,,,,,0,0,,,
"Product","/products/58313-2lb-27-5-sex-doll-legs",1,1,0,0,0,0,24,,0,0,0,1102,24,0,,0,1,1,0,0,0,0,24,,0,0,0,1102,24,0,,0,0,0,,,,,0,,,,,0,0,,,
,"/ja/collections/best-sellers-in-big-boobs",1,1,0,0,0,0,2,,0,0,0,23,2,0,,0,1,1,0,0,0,0,2,,0,0,0,23,2,0,,0,0,0,,,,,0,,,,,0,0,,,
"Blog Article","/blogs/dolls-info-qustions/wash-and-maintain-vajankle-sex-toy",1,1,0,0,0,0,1,,0,0,0,0,1,1,,1,1,1,0,0,0,0,1,,0,0,0,0,1,1,,1,0,0,,,,,0,,,,,,0,0,,0
"Product","/products/f3677-157cm5ft1-phoebe-h-cup-tpe-sexy-big-breasted-pure-chinese-girl-love-doll-se-doll",1,1,0,0,0,0,1,,0,0,0,0,1,1,,1,1,1,0,0,0,0,1,,0,0,0,0,1,1,,1,0,0,,,,,0,,,,,,0,0,,0
"Product","/products/f5957-170cm-5ft6-41kg-k-cup-93-tpe-huge-breast-sex-doll-sy-doll",1,1,0,0,0,0,6,,0,0,0,214,6,0,,0,1,1,0,0,0,0,6,,0,0,0,214,6,0,,0,0,0,,,,,0,,,,,0,0,,,
,"/ja/blogs/dolls-info-qustions/bbw-sex-dolls-go-ultra-light-how-the-realistic-flesh-revolution-is-redefining-weight-and-freedom",1,1,0,0,0,0,1,,0,0,0,0,1,1,,1,1,1,0,0,0,0,1,,0,0,0,0,1,1,,1,0,0,,,,,0,,,,,,0,0,,0
,"/en-fi/pages/anime-sex-doll-buy-guide",1,1,0,0,0,0,1,,0,0,0,0,1,1,,1,1,1,0,0,0,0,1,,0,0,0,0,1,1,,1,0,0,,,,,0,,,,,,0,0,,0
,"/de/collections/top-cydoll",1,1,0,0,0,0,7,,0,0,0,338,7,0,,0,1,1,0,0,0,0,7,,0,0,0,338,7,0,,0,0,0,,,,,0,,,,,0,0,,,
,"/en-ca/collections/mini-sex-doll-torso",1,1,0,0,0,0,4,,0,0,0,321,4,0,,0,1,1,0,0,0,0,4,,0,0,0,321,4,0,,0,0,0,,,,,0,,,,,0,0,,,
"Product","/products/p79-11-02lb-hentai-best-mini-bbw-sex-doll-torso-mrl",1,1,0,0,0,0,1,,0,0,0,0,1,1,,1,1,1,0,0,0,0,1,,0,0,0,0,1,1,,1,0,0,,,,,0,,,,,,0,0,,0
,"/en-ca/pages/cheap-sex-doll-guide",1,1,0,0,0,0,3,,0,0,0,229,3,0,,0,1,1,0,0,0,0,3,,0,0,0,229,3,0,,0,0,0,,,,,0,,,,,0,0,,,
,"/en-fi/blogs/dolls-info-qustions/lusandy-doll-redefining-realism-and-the-warmth-of-companionship",1,1,0,0,0,0,1,,0,0,0,0,1,1,,1,1,1,0,0,0,0,1,,0,0,0,0,1,1,,1,0,0,,,,,0,,,,,,0,0,,0
"Checkout","/orders/7091a1da3d5bf6869638e841aa374262",1,1,0,0,0,0,1,,0,0,0,0,1,1,,1,1,1,0,0,0,0,1,,0,0,0,0,1,1,,1,0,0,,,,,0,,,,,,0,0,,0
"Product","/products/f4719-152cm-5ft-37kg-f-cup-realistic-tpe-big-ass-bbw-sex-doll-sy-doll",1,1,0,0,0,0,1,,0,0,0,0,1,1,,1,1,1,0,0,0,0,1,,0,0,0,0,1,1,,1,0,0,,,,,0,,,,,,0,0,,0
"Product","/products/f8014-150cm-5ft-27-5kg-silicone-anime-hentai-sex-doll-elsa-babe",1,1,0,0,0,0,1,,0,0,0,0,1,1,,1,1,1,0,0,0,0,1,,0,0,0,0,1,1,,1,0,0,,,,,0,,,,,,0,0,,0
"Product","/products/f5593-150cm-5ft-27-5kg-anime-silicone-sex-doll-elsa-babe",1,1,0,0,0,0,5,,0,0,0,534,5,0,,0,1,1,0,0,0,0,5,,0,0,0,534,5,0,,0,0,0,,,,,0,,,,,0,0,,,
"Product","/products/f2225-159cm-a-cup-kylie-cosplay-elf-tpe-sex-doll-fun-west-doll",1,1,0,0,0,0,1,,0,0,0,0,1,1,,1,1,1,0,0,0,0,1,,0,0,0,0,1,1,,1,0,0,,,,,0,,,,,,0,0,,0
,"/en-ca/products/f4518-150cm-4ft928kg-ariel-j-cup-full-anime-mini-silicone-love-doll-piper-doll",1,1,0,0,0,0,1,,0,0,0,0,1,1,,1,1,1,0,0,0,0,1,,0,0,0,0,1,1,,1,0,0,,,,,0,,,,,,0,0,,0
"Blog Article","/blogs/sex-doll-torso-blog/top-7-sex-doll-torsos",1,1,0,0,0,0,4,,0,0,0,75,4,0,,0,1,1,0,0,0,0,4,,0,0,0,75,4,0,,0,0,0,,,,,0,,,,,0,0,,,
"Blog Article","/blogs/dolls-info-qustions/zelex-fusion-series-redefining-realism-in-lifelike-dolls",1,1,0,0,0,0,2,,0,0,0,434,2,0,,0,1,1,0,0,0,0,2,,0,0,0,434,2,0,,0,0,0,,,,,0,,,,,0,0,,,
"Product","/products/f2344-151cm4-9ft-65kg-m-cup-bbw-jasmine-huge-breast-silicone-mini-sex-doll%E4%B8%A8climax-doll-pro",1,1,0,0,0,0,4,,0,0,0,69,4,0,,0,1,1,0,0,0,0,4,,0,0,0,69,4,0,,0,0,0,,,,,0,,,,,0,0,,,
,"/en-fi/cart",1,1,0,0,0,0,1,,0,0,0,0,1,1,,1,1,1,0,0,0,0,1,,0,0,0,0,1,1,,1,0,0,,,,,0,,,,,,0,0,,0
,"/ja/blogs/sex-doll-torso-blog/recognize-these-4-points-better-understand-the-sex-torsos",1,1,0,0,0,0,1,,0,0,0,0,1,1,,1,1,1,0,0,0,0,1,,0,0,0,0,1,1,,1,0,0,,,,,0,,,,,,0,0,,0
,"/en-fi/collections/celebrity-sex-dolls",1,1,0,0,0,0,2,,0,0,0,5,2,0,,0,1,1,0,0,0,0,2,,0,0,0,5,2,0,,0,0,0,,,,,0,,,,,0,0,,,
"Product","/products/f121-176cm-5ft8-silicone-male-sex-doll-irontech",1,1,0,0,0,0,1,,0,0,0,0,1,1,,1,1,1,0,0,0,0,1,,0,0,0,0,1,1,,1,0,0,,,,,0,,,,,,0,0,,0
"Product","/products/ironai-ros-silicone-blowjob-head-h901",1,1,0,0,0,0,1,,0,0,0,0,1,1,,1,1,1,0,0,0,0,1,,0,0,0,0,1,1,,1,0,0,,,,,0,,,,,,0,0,,0
"Product","/products/t427-106cm3ft5-33-4kg-c-cup-kelly-bubble-butt-silicone-sex-doll-torso-with-head-in-stock-usa-canada-lovenestle",1,1,0,0,0,0,12,,0,0,0,895,12,0,,0,1,1,0,0,0,0,12,,0,0,0,895,12,0,,0,0,0,,,,,0,,,,,0,0,,,
"Product","/products/f630-170cm-silicone-real-sex-doll-zelex-doll",1,1,0,0,0,0,1,,0,0,0,0,1,1,,1,1,1,0,0,0,0,1,,0,0,0,0,1,1,,1,0,0,,,,,0,,,,,,0,0,,0
,"/en-ca/blogs/dolls-info-qustions/%F0%9F%94%A5-top-5-most-popular-big-butt-chubby-belly-curvy-body-pornstar-style-sex-dolls-in-2025-%F0%9F%94%A5",1,1,0,0,0,0,1,,0,0,0,0,1,1,,1,1,1,0,0,0,0,1,,0,0,0,0,1,1,,1,0,0,,,,,0,,,,,,0,0,,0
,"/en-ca/blogs/featured-blog/2025-top-sex-doll-brands-annual-update-summary",1,1,0,0,0,0,1,,0,0,0,0,1,1,,1,1,1,0,0,0,0,1,,0,0,0,0,1,1,,1,0,0,,,,,0,,,,,,0,0,,0
,"/de/blogs/dolls-info-qustions/the-amazing-gift-a-sex-doll-torso",1,1,0,0,0,0,1,,0,0,0,0,1,1,,1,1,1,0,0,0,0,1,,0,0,0,0,1,1,,1,0,0,,,,,0,,,,,,0,0,,0
,"/en-ca/blogs/dolls-info-qustions/vaginal-and-anal-design-of-life-size-sex-dolls",1,1,0,0,0,0,2,,0,0,0,778,2,0,,0,1,1,0,0,0,0,2,,0,0,0,778,2,0,,0,0,0,,,,,0,,,,,0,0,,,
,"/en-ca/blogs/dolls-info-qustions/guide-to-the-buttocks-of-sex-doll-torsos",1,1,0,0,0,0,1,,0,0,0,0,1,1,,1,1,1,0,0,0,0,1,,0,0,0,0,1,1,,1,0,0,,,,,0,,,,,,0,0,,0
"Collection","/collections/elsa-babe",1,1,0,0,0,0,1,,0,0,0,0,1,1,,1,1,1,0,0,0,0,1,,0,0,0,0,1,1,,1,0,0,,,,,0,,,,,,0,0,,0
,"/en-ca/products/f1421-158cm5f231-25kg-c-cup-small-breast-tpe-sex-doll-aibei-doll",1,1,0,0,0,0,1,,0,0,0,0,1,1,,1,1,1,0,0,0,0,1,,0,0,0,0,1,1,,1,0,0,,,,,0,,,,,,0,0,,0
,"/en-ca/products/f1871k-anime-tpe-sex-doll-fun-west-doll",1,1,0,0,0,0,1,,0,0,0,0,1,1,,1,1,1,0,0,0,0,1,,0,0,0,0,1,1,,1,0,0,,,,,0,,,,,,0,0,,0
,"/ja/collections/celebrity-sex-dolls",1,1,0,0,0,0,1,,0,0,0,0,1,1,,1,1,1,0,0,0,0,1,,0,0,0,0,1,1,,1,0,0,,,,,0,,,,,,0,0,,0
,"/en-ca/collections/sex-doll-torso/products/55cm-big-boobs-torso-sex-doll-502-sex-doll-torso",1,1,0,0,0,0,4,,0,0,0,75,4,0,,0,1,1,0,0,0,0,4,,0,0,0,75,4,0,,0,0,0,,,,,0,,,,,0,0,,,
"Product","/products/linkdolls-f934-168cm5-5ft-f-cup-tpe-asian-big-tits-young-adults-love-doll-se-doll",1,1,0,0,0,0,1,,0,0,0,0,1,1,,1,1,1,0,0,0,0,1,,0,0,0,0,1,1,,1,0,0,,,,,0,,,,,,0,0,,0
"Product","/products/h122-sex-doll-head",1,1,0,0,0,0,1,,0,0,0,0,1,1,,1,1,1,0,0,0,0,1,,0,0,0,0,1,1,,1,0,0,,,,,0,,,,,,0,0,,0
,"/de/blogs/dolls-info-qustions/how-realistic-the-fake-pussy-is",1,1,0,0,0,0,1,,0,0,0,0,1,1,,1,1,1,0,0,0,0,1,,0,0,0,0,1,1,,1,0,0,,,,,0,,,,,,0,0,,0
,"/de/collections/irontech-doll-videos",1,1,0,0,0,0,1,,0,0,0,0,1,1,,1,1,1,0,0,0,0,1,,0,0,0,0,1,1,,1,0,0,,,,,0,,,,,,0,0,,0
"Product","/products/f9401-life-sized-anime-silicone-doll-elsa-babe",1,1,0,0,0,0,1,,0,0,0,0,1,1,,1,1,1,0,0,0,0,1,,0,0,0,0,1,1,,1,0,0,,,,,0,,,,,,0,0,,0
,"/ja/blogs/dolls-info-qustions/who-is-buying-sex-dolls",1,1,0,0,0,0,1,,0,0,0,0,1,1,,1,1,1,0,0,0,0,1,,0,0,0,0,1,1,,1,0,0,,,,,0,,,,,,0,0,,0
"Product","/products/f4830-158cm-29kg-d-cup-elf-fantasy-tpe-sexual-best-alien-sex-doll-in-stock-usa-castle-doll",1,1,0,0,0,0,8,,0,0,0,293,8,0,,0,1,1,0,0,0,0,8,,0,0,0,293,8,0,,0,0,0,,,,,0,,,,,0,0,,,
"Product","/products/p80-megumi-shemale-sex-doll-torso-11-inch-dildo-3-channels",1,1,0,0,0,0,1,,0,0,0,0,1,1,,1,1,1,0,0,0,0,1,,0,0,0,0,1,1,,1,0,0,,,,,0,,,,,,0,0,,0
"Blog Article","/blogs/complete-sex-doll-guide-for-beginners/doll-head-connectors-for-different-brands",1,1,0,0,0,0,1,,0,0,0,0,1,1,,1,1,1,0,0,0,0,1,,0,0,0,0,1,1,,1,0,0,,,,,0,,,,,,0,0,,0
"Product","/products/f5152-163cm-d-cup-sexy-beauty-ros-silicone-sex-doll-galatea-doll",1,1,0,0,0,0,1,,0,0,0,0,1,1,,1,1,1,0,0,0,0,1,,0,0,0,0,1,1,,1,0,0,,,,,0,,,,,,0,0,,0
,"/en-fi/blogs/recent-brand-updates-new-arrivals-for-sex-dolls/zelex-k-series-launch-korean-pop-idol-realistic-sex-dolls",1,1,0,0,0,0,1,,0,0,0,0,1,1,,1,1,1,0,0,0,0,1,,0,0,0,0,1,1,,1,0,0,,,,,0,,,,,,0,0,,0
,"/en-fi/collections/bbw-sex-dolls",1,1,0,0,0,0,1,,0,0,0,0,1,1,,1,1,1,0,0,0,0,1,,0,0,0,0,1,1,,1,0,0,,,,,0,,,,,,0,0,,0
"Product","/products/f9193k-167cm5ft4-28-5kg-naomi-b-cup-silicone-ros-best-full-size-sex-doll-in-stock-us-%E4%B8%A8lusandy-doll",1,1,0,0,0,0,1,,0,0,0,0,1,1,,1,1,1,0,0,0,0,1,,0,0,0,0,1,1,,1,0,0,,,,,0,,,,,,0,0,,0
"Product","/products/f1712a-168cm-5ft5-h-cup-bbw-realistic-silicone-japanese-grany-super-fat-big-belly-sex-doll-starpery-doll",1,1,0,0,0,0,1,,0,0,0,0,1,1,,1,1,1,0,0,0,0,1,,0,0,0,0,1,1,,1,0,0,,,,,0,,,,,,0,0,,0
"Blog Article","/blogs/recent-brand-updates-new-arrivals-for-sex-dolls/irontech-brand-new-iron-ai-complete-highlights-breakdown",1,1,0,0,0,0,8,,0,0,0,139,8,0,,0,1,1,0,0,0,0,8,,0,0,0,139,8,0,,0,0,0,,,,,0,,,,,0,0,,,
,"/en-ca/products/f1403-158cm5f232kg-h-cup-big-breast-tpe-sex-doll-aibei-doll",1,1,0,0,0,0,1,,0,0,0,0,1,1,,1,1,1,0,0,0,0,1,,0,0,0,0,1,1,,1,0,0,,,,,0,,,,,,0,0,,0
,"/en-ca/collections/electric-sex-doll-head",1,1,0,0,0,0,1,,0,0,0,0,1,1,,1,1,1,0,0,0,0,1,,0,0,0,0,1,1,,1,0,0,,,,,0,,,,,,0,0,,0
"Blog Article","/blogs/dolls-info-qustions/how-to-safely-and-enjoyably-use-a-vajankle",1,1,0,0,0,0,1,,0,0,0,0,1,1,,1,1,1,0,0,0,0,1,,0,0,0,0,1,1,,1,0,0,,,,,0,,,,,,0,0,,0
,"/en-ca/blogs/dolls-info-qustions/scientific-anti-sag-guide-keep-your-huge-breast-sex-doll-perfectly-upright",1,1,0,0,0,0,1,,0,0,0,0,1,1,,1,1,1,0,0,0,0,1,,0,0,0,0,1,1,,1,0,0,,,,,0,,,,,,0,0,,0
,"/de/blogs/dolls-info-qustions/is-using-sex-dolls-in-a-relationship-considered-cheating",1,1,0,0,0,0,2,,0,0,0,8,2,0,,0,1,1,0,0,0,0,2,,0,0,0,8,2,0,,0,0,0,,,,,0,,,,,0,0,,,
"Product","/products/f1222-160cm46kg-i-cup-luna-big-ass-silicone-sex-doll-in-stock-usa-irontech-doll",1,1,0,0,0,0,2,,0,0,0,51,2,0,,0,1,1,0,0,0,0,2,,0,0,0,51,2,0,,0,0,0,,,,,0,,,,,0,0,,,
"Product","/products/f1703-174cm-5ft7-c-cup-petite-silicone-sex-doll-starpery-doll",1,1,0,0,0,0,1,,0,0,0,0,1,1,,1,1,1,0,0,0,0,1,,0,0,0,0,1,1,,1,0,0,,,,,0,,,,,,0,0,,0
"Blog Article","/blogs/dolls-info-qustions/if-you-dont-clean-your-silicone-love-doll-properly-what-consequences-will-you-face",1,1,0,0,0,0,1,,0,0,0,0,1,1,,1,1,1,0,0,0,0,1,,0,0,0,0,1,1,,1,0,0,,,,,0,,,,,,0,0,,0
"Product","/products/f8180-167cm-5ft5-43kg-m36-d-cup-asian-sex-doll-md-doll",1,1,0,0,0,0,1,,0,0,0,0,1,1,,1,1,1,0,0,0,0,1,,0,0,0,0,1,1,,1,0,0,,,,,0,,,,,,0,0,,0
,"/en-ca/products/f5714k-t161cm5-3ft-34kg-kitty-g-c-cup-silicone-nerd-life-size-sex-doll-in-stock-se-doll",1,1,0,0,0,0,3,,0,0,0,52,3,0,,0,1,1,0,0,0,0,3,,0,0,0,52,3,0,,0,0,0,,,,,0,,,,,0,0,,,
"Product","/products/f7022-162cm-6ft3-44kg-p-cup-elf-fantasy-tpe-sexual-hentai-best-alien-sex-doll-in-stock-usa-castle-doll",1,1,0,0,0,0,14,,0,0,0,481,14,0,,0,1,1,0,0,0,0,14,,0,0,0,481,14,0,,0,0,0,,,,,0,,,,,0,0,,,
,"/en-ca/products/p129-real-feel-silicone-pocket-pussy-highly-detailed-design-firefly-diary",1,1,0,0,0,0,1,,0,0,0,0,1,1,,1,1,1,0,0,0,0,1,,0,0,0,0,1,1,,1,0,0,,,,,0,,,,,,0,0,,0
,"/en-ca/products/f5700-160cm-5ft4-55kg-q-cup-silicone-anime-bear-furry-sex-doll-with-round-ears-castle-doll",1,1,0,0,0,0,4,,0,0,0,96,4,0,,0,1,1,0,0,0,0,4,,0,0,0,96,4,0,,0,0,0,,,,,0,,,,,0,0,,,
"Blog Article","/blogs/dolls-info-qustions/why-you-should-buy-your-husband-a-life-size-silicone-sex-doll",1,1,0,0,0,0,1,,0,0,0,0,1,1,,1,1,1,0,0,0,0,1,,0,0,0,0,1,1,,1,0,0,,,,,0,,,,,,0,0,,0
,"/en-ca/products/f957k-163cm5-3ft-37kg-e-cup-tpe-sexy-european-realistic-beauty-fuck-doll-in-stock-usa-se-doll",1,1,0,0,0,0,2,,0,0,0,42,2,0,,0,1,1,0,0,0,0,2,,0,0,0,42,2,0,,0,0,0,,,,,0,,,,,0,0,,,
,"/de/blogs/featured-blog/the-best-hyper-realistic-sex-dolls-brands-features-and-buying-guide",1,1,0,0,0,0,2,,0,0,0,601,2,0,,0,1,1,0,0,0,0,2,,0,0,0,601,2,0,,0,0,0,,,,,0,,,,,0,0,,,
,"/de/blogs/featured-blog",1,1,0,0,0,0,1,,0,0,0,0,1,1,,1,1,1,0,0,0,0,1,,0,0,0,0,1,1,,1,0,0,,,,,0,,,,,,0,0,,0
"Product","/products/f1606-152cm-5ft-c-cup-realistic-silicone-head-shemale-sex-dolls-with-7-5-inch-detachable-dildo-rosretty-doll",1,1,0,0,0,0,2,,0,0,0,1,2,0,,0,1,1,0,0,0,0,2,,0,0,0,1,2,0,,0,0,0,,,,,0,,,,,0,0,,,
"Product","/products/f5140-162cm-d-cup-sexy-killer-ros-silicone-sex-doll-galatea-doll",1,1,0,0,0,0,1,,0,0,0,0,1,1,,1,1,1,0,0,0,0,1,,0,0,0,0,1,1,,1,0,0,,,,,0,,,,,,0,0,,0
"Collection","/collections/devil-fairy-alien-sex-dolls",1,1,0,0,0,0,1,,0,0,0,0,1,1,,1,1,1,0,0,0,0,1,,0,0,0,0,1,1,,1,0,0,,,,,0,,,,,,0,0,,0
"Product","/products/9432554209519",1,1,0,0,0,0,1,,0,0,0,0,1,1,,1,1,1,0,0,0,0,1,,0,0,0,0,1,1,,1,0,0,,,,,0,,,,,,0,0,,0
,"/de/collections/tpe-torso",1,1,0,0,0,0,1,,0,0,0,0,1,1,,1,1,1,0,0,0,0,1,,0,0,0,0,1,1,,1,0,0,,,,,0,,,,,,0,0,,0
"Product","/products/t908k94-8lbsblack-ssbbw-tpe-ebony-torso-sex-doll-with-huge-breasts-climax-doll-classic",1,1,0,0,0,0,2,,0,0,0,47,2,0,,0,1,1,0,0,0,0,2,,0,0,0,47,2,0,,0,0,0,,,,,0,,,,,0,0,,,
"Collection","/collections/xingse-doll-in-stock-usa",1,1,0,0,0,0,11,,0,0,0,946,11,0,,0,1,1,0,0,0,0,11,,0,0,0,946,11,0,,0,0,0,,,,,0,,,,,0,0,,,
"Product","/products/f3472-160cm5f3-39kg-f-cup-chinese-tpe-sex-doll-aibei-doll",1,1,0,0,0,0,2,,0,0,0,64,2,0,,0,1,1,0,0,0,0,2,,0,0,0,64,2,0,,0,0,0,,,,,0,,,,,0,0,,,
,"/en-fi/collections/futa-sex-doll",1,1,0,0,0,0,3,,0,0,0,122,3,0,,0,1,1,0,0,0,0,3,,0,0,0,122,3,0,,0,0,0,,,,,0,,,,,0,0,,,
"Product","/products/f7699-163cm5ft3-33kg-h-cup-life-size-silicone-life-size-sex-dolls-wm-doll",1,1,0,0,0,0,1,,0,0,0,0,1,1,,1,1,1,0,0,0,0,1,,0,0,0,0,1,1,,1,0,0,,,,,0,,,,,,0,0,,0
,"/de/blogs/dolls-info-qustions/sex-doll-robots",1,1,0,0,0,0,1,,0,0,0,0,1,1,,1,1,1,0,0,0,0,1,,0,0,0,0,1,1,,1,0,0,,,,,0,,,,,,0,0,,0
"Product","/products/f9169-165cm5ft4-32kg-f-cup-silicone-ros-gel-breast-chinese-sex-doll%E4%B8%A8doll-senior",1,1,0,0,0,0,1,,0,0,0,0,1,1,,1,1,1,0,0,0,0,1,,0,0,0,0,1,1,,1,0,0,,,,,0,,,,,,0,0,,0
"Blog Article","/blogs/dolls-info-qustions/naked-sex-doll-the-ultimate-sexual-fantasy",1,1,0,0,0,0,1,,0,0,0,0,1,1,,1,1,1,0,0,0,0,1,,0,0,0,0,1,1,,1,0,0,,,,,0,,,,,,0,0,,0
,"/en-ca/products/p94-10-8lb-paula-cow-girl-six-boobs-anime-sexdolls-hentai-sex-dolls-torso-mrl",1,1,0,0,0,0,1,,0,0,0,0,1,1,,1,1,1,0,0,0,0,1,,0,0,0,0,1,1,,1,0,0,,,,,0,,,,,,0,0,,0
,"/en-ca/blogs/dolls-info-qustions/how-does-sex-with-life-size-sex-dolls-compare-to-real-sex",1,1,0,0,0,0,1,,0,0,0,0,1,1,,1,1,1,0,0,0,0,1,,0,0,0,0,1,1,,1,0,0,,,,,0,,,,,,0,0,,0
,"/en-ca/collections/young-male-sex-doll",1,1,0,0,0,0,25,,0,0,0,3265,25,0,,0,1,1,0,0,0,0,25,,0,0,0,3265,25,0,,0,0,0,,,,,0,,,,,0,0,,,
,"/en-ca/blogs/dolls-info-qustions/2025-hot-selling-japanese-sex-dolls-popular-products-and-their-unique-charm-unveiled",1,1,0,0,0,0,2,,0,0,0,12,2,0,,0,1,1,0,0,0,0,2,,0,0,0,12,2,0,,0,0,0,,,,,0,,,,,0,0,,,
,"/en-ca/products/f1304-153cm-5ft-f-cup-fenny-blonde-milf-petite-silicone-love-doll-irontech-doll",1,1,0,0,0,0,1,,0,0,0,0,1,1,,1,1,1,0,0,0,0,1,,0,0,0,0,1,1,,1,0,0,,,,,0,,,,,,0,0,,0
"Blog Article","/blogs/dolls-info-qustions/what-types-of-cheap-sex-dolls-can-i-buy-on-linkdolls",1,1,0,0,0,0,1,,0,0,0,0,1,1,,1,1,1,0,0,0,0,1,,0,0,0,0,1,1,,1,0,0,,,,,0,,,,,,0,0,,0
,"/ja/products/9024920387823",1,1,0,0,0,0,1,,0,0,0,0,1,1,,1,1,1,0,0,0,0,1,,0,0,0,0,1,1,,1,0,0,,,,,0,,,,,,0,0,,0
"Product","/products/b37-14-8lb-suntan-silicone-torso-realistic-titfuck-to",1,1,0,0,0,0,1,,0,0,0,0,1,1,,1,1,1,0,0,0,0,1,,0,0,0,0,1,1,,1,0,0,,,,,0,,,,,,0,0,,0
"Product","/products/p106-1-5kg-clownfish-pluggable-mouth-figures-silicone-anime-hentai-sex-toys-castle-doll",1,1,0,0,0,0,1,,0,0,0,0,1,1,,1,1,1,0,0,0,0,1,,0,0,0,0,1,1,,1,0,0,,,,,0,,,,,,0,0,,0
"Product","/products/f9404-170cm-life-size-sex-doll-g-cup",1,1,0,0,0,0,1,,0,0,0,0,1,1,,1,1,1,0,0,0,0,1,,0,0,0,0,1,1,,1,0,0,,,,,0,,,,,,0,0,,0
"Collection","/collections/ai-post",1,1,0,0,0,0,6,,0,0,0,42,6,0,,0,1,1,0,0,0,0,6,,0,0,0,42,6,0,,0,0,0,,,,,0,,,,,0,0,,,
,"/ja/blogs/dolls-info-qustions/why-do-people-have-foot-fetishes",1,1,0,0,0,0,1,,0,0,0,0,1,1,,1,1,1,0,0,0,0,1,,0,0,0,0,1,1,,1,0,0,,,,,0,,,,,,0,0,,0
,"/ja/search",1,1,0,0,0,0,1,,0,0,0,0,1,1,,1,1,1,0,0,0,0,1,,0,0,0,0,1,1,,1,0,0,,,,,0,,,,,,0,0,,0
"Product","/products/f7617-162cm-d-cup-silicone-sex-doll-galatea-doll",1,1,0,0,0,0,1,,0,0,0,0,1,1,,1,1,1,0,0,0,0,1,,0,0,0,0,1,1,,1,0,0,,,,,0,,,,,,0,0,,0
,"/en-ca/products/f4920-175cm5-9ft-38kg-d-cup-life-size-silicone-head-s-tpe-sex-doll%E4%B8%A8wm-doll",1,1,0,0,0,0,1,,0,0,0,0,1,1,,1,1,1,0,0,0,0,1,,0,0,0,0,1,1,,1,0,0,,,,,0,,,,,,0,0,,0
,"/en-ca/products/f5500-171cm-5ft6-55kg-c-cup-realistic-silicone-head-tpe-body-sex-doll-in-stock-usa-sy-doll-1",1,1,0,0,0,0,2,,0,0,0,700,2,0,,0,1,1,0,0,0,0,2,,0,0,0,700,2,0,,0,0,0,,,,,0,,,,,0,0,,,
"Product","/products/f2250-170cm-5-6ft-43kg-d-cup-s33-life-size-silicone-sex-doll-real-lady",1,1,0,0,0,0,1,,0,0,0,0,1,1,,1,1,1,0,0,0,0,1,,0,0,0,0,1,1,,1,0,0,,,,,0,,,,,,0,0,,0
,"/en-fi/pages/linkdolls-my-whatsapp",1,1,0,0,0,0,2,,0,0,0,72,2,0,,0,1,1,0,0,0,0,2,,0,0,0,72,2,0,,0,0,0,,,,,0,,,,,0,0,,,
"Product","/products/f2169-157cm5-15ft-35kg-c-cup-meru-fantasy-alien-silicone-hentai-sex-doll%E4%B8%A8climax-doll-ultra",1,1,0,0,0,0,1,,0,0,0,0,1,1,,1,1,1,0,0,0,0,1,,0,0,0,0,1,1,,1,0,0,,,,,0,,,,,,0,0,,0
"Product","/products/f2319a-163cm5-3ft-53kg-g-cup-m12-movable-jaw-super-fat-bbw-doggy-style-huge-ass-sex-doll-2024%E4%B8%A8sy-doll",1,1,0,0,0,0,1,,0,0,0,0,1,1,,1,1,1,0,0,0,0,1,,0,0,0,0,1,1,,1,0,0,,,,,0,,,,,,0,0,,0
"Product","/products/f5691-164cm-d-cup-ai-sex-doll-lifelike-galatea-doll",1,1,0,0,0,0,1,,0,0,0,0,1,1,,1,1,1,0,0,0,0,1,,0,0,0,0,1,1,,1,0,0,,,,,0,,,,,,0,0,,0
,"/ja/blogs/real-sex-doll-reviews-pros-cons-real-usage-tests/are-aitia-1-1-real-person-replica-asian-sex-dolls-worth-buying-a-complete-review-of-6-celebrity-sex-dolls",1,1,0,0,0,0,21,,0,0,0,281,21,0,,0,1,1,0,0,0,0,21,,0,0,0,281,21,0,,0,0,0,,,,,0,,,,,0,0,,,
"Collection","/collections/20s-sex-doll",1,1,0,0,0,0,7,,0,0,0,203,7,0,,0,1,1,0,0,0,0,7,,0,0,0,203,7,0,,0,0,0,,,,,0,,,,,0,0,,,
,"/en-ca/blogs/dolls-info-qustions/have-sex-with-a-japnese-sex-doll",1,1,0,0,0,0,1,,0,0,0,0,1,1,,1,1,1,0,0,0,0,1,,0,0,0,0,1,1,,1,0,0,,,,,0,,,,,,0,0,,0
"Product","/products/f900-161cm5-3ft-mio-g-cup-tpe-sexy-fantasy-redhead-woman-love-doll-se-doll",1,1,0,0,0,0,28,,0,0,0,1438,28,0,,0,1,1,0,0,0,0,28,,0,0,0,1438,28,0,,0,0,0,,,,,0,,,,,0,0,,,
,"/ja/collections/zelex%C2%AE-sle-doll-videos",1,1,0,0,0,0,1,,0,0,0,1,1,1,,1,1,1,0,0,0,0,1,,0,0,0,1,1,1,,1,0,0,,,,,0,,,,,0,0,0,,0
,"/en-ca/products/f2143-175cm5-9ft-38kg-d-cup-celebrity-tpe-sex-doll%E4%B8%A8wm-doll",1,1,0,0,0,0,2,,0,0,0,2,2,0,,0,1,1,0,0,0,0,2,,0,0,0,2,2,0,,0,0,0,,,,,0,,,,,0,0,,,
"Product","/products/h659-thick-big-lips-silicone-sex-doll-head-%E4%B8%A8doll-castle-head",1,1,0,0,0,0,1,,0,0,0,0,1,1,,1,1,1,0,0,0,0,1,,0,0,0,0,1,1,,1,0,0,,,,,0,,,,,,0,0,,0
"Blog Article","/blogs/dolls-info-qustions/celebrity-sex-dolls-revealed-from-screen-to-reality",1,1,0,0,0,0,2,,0,0,0,2,2,0,,0,1,1,0,0,0,0,2,,0,0,0,2,2,0,,0,0,0,,,,,0,,,,,0,0,,,
"Blog Article","/blogs/dolls-info-qustions/5-unexpected-reasons-you-must-try-shemale-sex-dolls-at-least-once",1,1,0,0,0,0,1,,0,0,0,0,1,1,,1,1,1,0,0,0,0,1,,0,0,0,0,1,1,,1,0,0,,,,,0,,,,,,0,0,,0
,"/de/blogs/dolls-info-qustions/comparison-of-four-top-skinny-sex-dolls-brands",1,1,0,0,0,0,1,,0,0,0,0,1,1,,1,1,1,0,0,0,0,1,,0,0,0,0,1,1,,1,0,0,,,,,0,,,,,,0,0,,0
,"/de/policies/privacy-policy",1,1,0,0,0,0,1,,0,0,0,0,1,1,,1,1,1,0,0,0,0,1,,0,0,0,0,1,1,,1,0,0,,,,,0,,,,,,0,0,,0
,"/en-ca/collections/torso-under-200",1,1,0,0,0,0,1,,0,0,0,0,1,1,,1,1,1,0,0,0,0,1,,0,0,0,0,1,1,,1,0,0,,,,,0,,,,,,0,0,,0
,"/en-ca/blogs/dolls-info-qustions/how-to-use-a-pocket-pussy",1,1,0,0,0,0,1,,0,0,0,0,1,1,,1,1,1,0,0,0,0,1,,0,0,0,0,1,1,,1,0,0,,,,,0,,,,,,0,0,,0
"Product","/products/f4374-150cm4-9ft-42-5kg-m-cup-bbw-tpe-sex-doll%E4%B8%A8wm-doll",1,1,1,0,0,0,3,,1,0,0,113,3,0,,0,1,1,1,0,0,0,3,,1,0,0,113,3,0,,0,0,0,0,,,,0,,0,,,0,0,,,
,"/en-ca/products/p381-meru-the-succubus-hentai-figurine-pussy-mrl-sex-doll",1,1,0,0,0,0,5,,0,0,0,606,5,0,,0,1,1,0,0,0,0,5,,0,0,0,606,5,0,,0,0,0,,,,,0,,,,,0,0,,,
"Product","/products/t263-big-coke-male-sex-dolls-torso-dildo-for-women",1,1,0,0,0,0,3,,0,0,0,5,3,0,,0,1,1,0,0,0,0,3,,0,0,0,5,3,0,,0,0,0,,,,,0,,,,,0,0,,,
"Collection","/collections/black-sex-bbw",1,1,0,0,0,0,4,,0,0,0,247,4,0,,0,1,1,0,0,0,0,4,,0,0,0,247,4,0,,0,0,0,,,,,0,,,,,0,0,,,
,"/en-ca/blogs/dolls-info-qustions/what-weight-of-butt-torso-sex-dolls-is-most-suitable",1,1,0,0,0,0,1,,0,0,0,0,1,1,,1,1,1,0,0,0,0,1,,0,0,0,0,1,1,,1,0,0,,,,,0,,,,,,0,0,,0
,"/en-ca/collections/sex-doll-factory-pictures",1,1,0,0,0,0,37,,0,0,0,1184,37,0,,0,1,1,0,0,0,0,37,,0,0,0,1184,37,0,,0,0,0,,,,,0,,,,,0,0,,,
"Product","/products/p102-2-83lb-perfect-muscular-physique-and-anal-passage-for-gay-men-silicone-mini-hentai-male-sex-doll-tayuta",1,1,0,0,0,0,1,,0,0,0,0,1,1,,1,1,1,0,0,0,0,1,,0,0,0,0,1,1,,1,0,0,,,,,0,,,,,,0,0,,0
,"/en-ca/products/f3402-150cm4ft9-31-5kg-l-cup-large-breast-tpe-sex-doll-aibei-doll",1,1,0,0,0,0,7,,0,0,0,231,7,0,,0,1,1,0,0,0,0,7,,0,0,0,231,7,0,,0,0,0,,,,,0,,,,,0,0,,,
"Collection","/collections/same-style-ass-collection",1,1,0,0,0,0,4,,0,0,0,105,4,0,,0,1,1,0,0,0,0,4,,0,0,0,105,4,0,,0,0,0,,,,,0,,,,,0,0,,,
,"/en-ca/products/f9313-160cm5ft2-39kg-c-cup-tpe-full-size-realistic-sex-doll-se-doll",1,1,0,0,0,0,1,,0,0,0,0,1,1,,1,1,1,0,0,0,0,1,,0,0,0,0,1,1,,1,0,0,,,,,0,,,,,,0,0,,0
,"/de/collections/skinny-sex-doll",1,1,0,0,0,0,1,,0,0,0,0,1,1,,1,1,1,0,0,0,0,1,,0,0,0,0,1,1,,1,0,0,,,,,0,,,,,,0,0,,0
"Product","/products/f7123-159cm5-2ft-31-5kg-2-2cf-b-cup-mini-ros-silicone-asian-adult-chinese-anime-sex-doll-bezlya-doll",1,1,0,0,0,0,7,,0,0,0,444,7,0,,0,1,1,0,0,0,0,7,,0,0,0,444,7,0,,0,0,0,,,,,0,,,,,0,0,,,
,"/de/blogs/dolls-info-qustions/traveling-with-adult-toys-packing-tips-security-check-survival-guide",1,1,0,0,0,0,1,,0,0,0,0,1,1,,1,1,1,0,0,0,0,1,,0,0,0,0,1,1,,1,0,0,,,,,0,,,,,,0,0,,0
"Blog Article","/blogs/dolls-info-qustions/exploring-the-mens-psychology-of-sex-doll-ownership",1,1,0,0,0,0,1,,0,0,0,0,1,1,,1,1,1,0,0,0,0,1,,0,0,0,0,1,1,,1,0,0,,,,,0,,,,,,0,0,,0
"Product","/products/f7694-162cm5ft3-50kg-j-cup-life-sized-tpe-bbw-sex-doll-galaxy",1,1,0,0,0,0,1,,0,0,0,0,1,1,,1,1,1,0,0,0,0,1,,0,0,0,0,1,1,,1,0,0,,,,,0,,,,,,0,0,,0
"Blog Article","/blogs/dolls-info-qustions/sy-dolls-releases-six-new-movable-jaw-sex-dolls",1,1,0,0,0,0,1,,0,0,0,0,1,1,,1,1,1,0,0,0,0,1,,0,0,0,0,1,1,,1,0,0,,,,,0,,,,,,0,0,,0
,"/de/collections/18s-sex-doll",1,1,0,0,0,0,3,,0,0,0,1547,3,0,,0,1,1,0,0,0,0,3,,0,0,0,1547,3,0,,0,0,0,,,,,0,,,,,0,0,,,
,"/en-ca/products/f6274-165cm5ft4-36kg-large-breasts-tpe-realistic-sex-doll-rui-mei",1,1,0,0,0,0,1,,0,0,0,0,1,1,,1,1,1,0,0,0,0,1,,0,0,0,0,1,1,,1,0,0,,,,,0,,,,,,0,0,,0
,"/en-ca/collections/yateaolai",1,1,0,0,0,0,1,,0,0,0,0,1,1,,1,1,1,0,0,0,0,1,,0,0,0,0,1,1,,1,0,0,,,,,0,,,,,,0,0,,0
"Product","/products/v27-4-41-lbs-left-silicone-customizable-realistic-footjob-sex-toys-with-vajankle-size-eu-42-us-9-5",1,1,1,1,0,0,19,0,1,1,0,3223,19,0,0,0,1,1,1,1,0,0,19,0,1,1,0,3223,19,0,0,0,0,0,0,0,,,0,,0,0,,0,0,,,
,"/de/blogs/dolls-info-qustions/top-sex-doll-torsos-under-200",1,1,0,0,0,0,1,,0,0,0,0,1,1,,1,1,1,0,0,0,0,1,,0,0,0,0,1,1,,1,0,0,,,,,0,,,,,,0,0,,0
,"/en-ca/blogs/dolls-info-qustions/how-to-install-a-removable-vaginal-insert-into-a-sex-doll",1,1,0,0,0,0,10,,0,0,0,578,10,0,,0,1,1,0,0,0,0,10,,0,0,0,578,10,0,,0,0,0,,,,,0,,,,,0,0,,,
"Product","/products/f4475-151cm4ft11-37kg-f-cup-robotic-blonde-tpe-sex-doll-aibei-doll",1,1,0,0,0,0,2,,0,0,0,77,2,0,,0,1,1,0,0,0,0,2,,0,0,0,77,2,0,,0,0,0,,,,,0,,,,,0,0,,,
"Checkout","/checkouts/cn/hWNEHWJ3yzhhJGCHxGbT6oeA/en-us",1,1,0,1,0,0,1,0,0,1,0,0,1,0,,0,1,1,0,1,0,0,1,0,0,1,0,0,1,0,,0,0,0,,0,,,0,,,0,,,0,,,
"Checkout","/orders/0512f9cdf907a478b41c88117e2deade",1,1,0,0,0,0,1,,0,0,0,0,1,1,,1,1,1,0,0,0,0,1,,0,0,0,0,1,1,,1,0,0,,,,,0,,,,,,0,0,,0
,"/en-ca/products/f7528-163cm-d-cup-silicone-sex-doll-galatea-doll",1,1,0,0,0,0,1,,0,0,0,0,1,1,,1,1,1,0,0,0,0,1,,0,0,0,0,1,1,,1,0,0,,,,,0,,,,,,0,0,,0
"Product","/products/f5864-170cm-5ft6-in-39kg-i-cup-european-silicone-sex-doll-il-doll",1,1,0,0,0,0,9,,0,0,0,342,9,0,,0,1,1,0,0,0,0,9,,0,0,0,342,9,0,,0,0,0,,,,,0,,,,,0,0,,,
"Blog Article","/blogs/dolls-info-qustions/2025-s-hottest-sex-doll-brands-bestsellers-did-you-pick-the-right-one",1,1,0,0,0,0,2,,0,0,0,80,2,0,,0,1,1,0,0,0,0,2,,0,0,0,80,2,0,,0,0,0,,,,,0,,,,,0,0,,,
,"/ja/blogs/dolls-info-qustions/how-to-combine-cheap-sex-toys-creating-diverse-pleasurable-experiences",1,1,0,0,0,0,1,,0,0,0,0,1,1,,1,1,1,0,0,0,0,1,,0,0,0,0,1,1,,1,0,0,,,,,0,,,,,,0,0,,0
"Product","/products/f8037-150cm-5ft-27-5kg-silicone-anime-hentai-sex-doll-elsa-babe",1,1,0,0,0,0,1,,0,0,0,0,1,1,,1,1,1,0,0,0,0,1,,0,0,0,0,1,1,,1,0,0,,,,,0,,,,,,0,0,,0
"Product","/products/climax-doll-lightweight-torso-head-100cm-t736",1,1,0,0,0,0,10,,0,0,0,168,10,0,,0,1,1,0,0,0,0,10,,0,0,0,168,10,0,,0,0,0,,,,,0,,,,,0,0,,,
"Product","/products/t666-39-7lbs-luxury-super-realistic-human-size-silicone-torso-sex-doll",1,1,0,0,0,0,6,,0,0,0,768,6,0,,0,1,1,0,0,0,0,6,,0,0,0,768,6,0,,0,0,0,,,,,0,,,,,0,0,,,
"Product","/products/f3511-170cm-5-6ft-43kg-d-cup-life-size-silicone-sex-doll-real-lady",1,1,0,0,0,0,2,,0,0,0,376,2,0,,0,1,1,0,0,0,0,2,,0,0,0,376,2,0,,0,0,0,,,,,0,,,,,0,0,,,
,"/en-ca/products/f5526-150cm4-9ft-28kg-d-cup-black-sex-doll%E4%B8%A8rosretty-doll",1,1,0,0,0,0,15,,0,0,0,553,15,0,,0,1,1,0,0,0,0,15,,0,0,0,553,15,0,,0,0,0,,,,,0,,,,,0,0,,,
"Product","/products/f4734-in-stock-usa-canada-165cm-5ft5-37kg-d-cup-hair-implant-head-silicone-bbw-sex-dollzelex-sle-2-0-zelex-doll",1,1,0,0,0,0,1,,0,0,0,0,1,1,,1,1,1,0,0,0,0,1,,0,0,0,0,1,1,,1,0,0,,,,,0,,,,,,0,0,,0
"Product","/products/p7071-one-channels-fake-pussy-anime-pocket-pussy-mini-hentai-sex-toy-mrl",1,1,0,0,0,0,1,,0,0,0,0,1,1,,1,1,1,0,0,0,0,1,,0,0,0,0,1,1,,1,0,0,,,,,0,,,,,,0,0,,0
"Product","/products/p94-10-8lb-paula-cow-girl-six-boobs-anime-sexdolls-hentai-sex-dolls-torso-mrl",1,1,0,0,0,0,66,,0,0,0,1306,66,0,,0,1,1,0,0,0,0,66,,0,0,0,1306,66,0,,0,0,0,,,,,0,,,,,0,0,,,
"Blog Article","/blogs/dolls-info-qustions/creating-the-perfect-companion-the-ultimate-guide-to-sex-doll-hair-care",1,1,0,0,0,0,1,,0,0,0,0,1,1,,1,1,1,0,0,0,0,1,,0,0,0,0,1,1,,1,0,0,,,,,0,,,,,,0,0,,0
,"/ja/collections/mini-hentai-sex-doll",1,1,0,0,0,0,20,,0,0,0,790,20,0,,0,1,1,0,0,0,0,20,,0,0,0,790,20,0,,0,0,0,,,,,0,,,,,0,0,,,
"Blog Article","/blogs/dolls-info-qustions/se-doll-review-the-difference-between-tpe-and-silicone-doll",1,1,0,0,0,0,1,,0,0,0,0,1,1,,1,1,1,0,0,0,0,1,,0,0,0,0,1,1,,1,0,0,,,,,0,,,,,,0,0,,0
"Collection","/collections/tantaly-sex-doll",1,1,0,0,0,0,1,,0,0,0,0,1,1,,1,1,1,0,0,0,0,1,,0,0,0,0,1,1,,1,0,0,,,,,0,,,,,,0,0,,0
,"/ja/collections/enchanting-delights-2024-top-real-sex-doll-recommendations",1,1,0,0,0,0,5,,0,0,0,1132,5,0,,0,1,1,0,0,0,0,5,,0,0,0,1132,5,0,,0,0,0,,,,,0,,,,,0,0,,,
,"/de/blogs/dolls-info-qustions/whats-the-deal-with-moaning-sex-robots-anyway",1,1,0,0,0,0,1,,0,0,0,0,1,1,,1,1,1,0,0,0,0,1,,0,0,0,0,1,1,,1,0,0,,,,,0,,,,,,0,0,,0
"Product","/products/se-doll-head-x-bot-ai-smart-multi-language-talking-h002",1,1,0,0,0,0,1,,0,0,0,1,1,1,,1,1,1,0,0,0,0,1,,0,0,0,1,1,1,,1,0,0,,,,,0,,,,,0,0,0,,0
"Product","/products/f2141-157cm-g-cup-lily-tpe-sex-doll-fun-west-doll",1,1,0,0,0,0,1,,0,0,0,0,1,1,,1,1,1,0,0,0,0,1,,0,0,0,0,1,1,,1,0,0,,,,,0,,,,,,0,0,,0
"Collection","/collections/6-foot-sex-doll",1,1,0,0,0,0,1,,0,0,0,0,1,1,,1,1,1,0,0,0,0,1,,0,0,0,0,1,1,,1,0,0,,,,,0,,,,,,0,0,,0
"Product","/products/f4790-155mcm5-1ft-40kg-2-0-g-cup-asian-robot-silicone-head-chinese-sex-doll-bezlya-doll",1,1,0,0,0,0,128,,0,0,0,3343,128,0,,0,1,1,0,0,0,0,128,,0,0,0,3343,128,0,,0,0,0,,,,,0,,,,,0,0,,,
"Product","/products/f5830k-150cm-4ft9-24kg-c-cup-realistic-silicone-sex-doll-latina-beauty-in-stock-usa-top-cydoll",1,1,0,0,0,0,1,,0,0,0,0,1,1,,1,1,1,0,0,0,0,1,,0,0,0,0,1,1,,1,0,0,,,,,0,,,,,,0,0,,0
,"/en-ca/collections/26-30kg-57-66lbs",1,1,1,1,0,0,15,0,1,1,0,979,15,0,0,0,1,1,1,1,0,0,15,0,1,1,0,979,15,0,0,0,0,0,0,0,,,0,,0,0,,0,0,,,
"Product","/products/h442-ros-free-hair-impants-real-oral-movable-jaw-silicone-sex-doll-head-sy-doll",1,1,0,0,0,0,1,,0,0,0,0,1,1,,1,1,1,0,0,0,0,1,,0,0,0,0,1,1,,1,0,0,,,,,0,,,,,,0,0,,0
"Product","/products/f7658-170cm5ft7-43kg-g-cup-silicone-ros-gel-breast-huge-tits-sex-doll-full-size%E4%B8%A8doll-senior",1,1,0,0,0,0,7,,0,0,0,797,7,0,,0,1,1,0,0,0,0,7,,0,0,0,797,7,0,,0,0,0,,,,,0,,,,,0,0,,,
"Blog Article","/blogs/dolls-info-qustions/shedoll-s-coolrush-tpe-a-game-changer-in-sex-doll-materials",1,1,0,0,0,0,1,,0,0,0,0,1,1,,1,1,1,0,0,0,0,1,,0,0,0,0,1,1,,1,0,0,,,,,0,,,,,,0,0,,0
"Blog Article","/blogs/dolls-info-qustions/latest-mini-anime-sex-dolls-are-here-compact-and-fun",1,1,0,0,0,0,2,,0,0,0,23,2,0,,0,1,1,0,0,0,0,2,,0,0,0,23,2,0,,0,0,0,,,,,0,,,,,0,0,,,
"Product","/products/f111-165cm-37kg-freddy-k-pop-style-man-femboy-toy-masturbator-realistic-life-size-androgynous-sex-doll-qita-doll",1,1,0,0,0,0,5,,0,0,0,115,5,0,,0,1,1,0,0,0,0,5,,0,0,0,115,5,0,,0,0,0,,,,,0,,,,,0,0,,,
,"/en-ca/blogs/dolls-info-qustions/how-to-deal-with-stuck-joints-in-sex-dolls-professional-repair-and-maintenance-guide",1,1,0,0,0,0,1,,0,0,0,0,1,1,,1,1,1,0,0,0,0,1,,0,0,0,0,1,1,,1,0,0,,,,,0,,,,,,0,0,,0
"Product","/products/p396-3-31lbs-realistic-fake-pussy-for-men-lifelike-premium-silicone-pussy-in-stock-us-lusandy",1,1,0,0,0,0,1,,0,0,0,0,1,1,,1,1,1,0,0,0,0,1,,0,0,0,0,1,1,,1,0,0,,,,,0,,,,,,0,0,,0
,"/en-ca/products/f4604-175cm60kg-femboy-real-life-gay-best-male-sex-doll-qita-doll",1,1,0,0,0,0,13,,0,0,0,281,13,0,,0,1,1,0,0,0,0,13,,0,0,0,281,13,0,,0,0,0,,,,,0,,,,,0,0,,,
"Blog Article","/blogs/dolls-info-qustions/top-4-vajankle-foot-fetish-toys-you-can-t-miss-in-2026",1,1,0,0,0,0,1,,0,0,0,0,1,1,,1,1,1,0,0,0,0,1,,0,0,0,0,1,1,,1,0,0,,,,,0,,,,,,0,0,,0
,"/en-fi/collections/asian-sex-doll",1,1,0,0,0,0,3,,0,0,0,38,3,0,,0,1,1,0,0,0,0,3,,0,0,0,38,3,0,,0,0,0,,,,,0,,,,,0,0,,,
"Blog Article","/blogs/recent-brand-updates-new-arrivals-for-sex-dolls/irontech-doll-ros-max-head-how-a-more-natural-simulation-experience-is-achieved",1,1,0,0,0,0,25,,0,0,0,1908,25,0,,0,1,1,0,0,0,0,25,,0,0,0,1908,25,0,,0,0,0,,,,,0,,,,,0,0,,,
,"/en-ca/collections/silicone-sex-doll-heads",1,1,0,0,0,0,3,,0,0,0,201,3,0,,0,1,1,0,0,0,0,3,,0,0,0,201,3,0,,0,0,0,,,,,0,,,,,0,0,,,
"Product","/products/t939-36-6lb-98cm-2-2u-c-cup-asian-real-ros-silicone-torso-sex-doll-with-head-bezlya-doll",1,1,0,0,0,0,51,,0,0,0,1843,51,0,,0,1,1,0,0,0,0,51,,0,0,0,1843,51,0,,0,0,0,,,,,0,,,,,0,0,,,
,"/en-ca/collections/life-sized-sex-doll/products/65cm-realistic-sex-doll-torso-with-perky-breasts-and-big-sexy-ass-509-sex-doll-torso",1,1,0,0,0,0,1,,0,0,0,0,1,1,,1,1,1,0,0,0,0,1,,0,0,0,0,1,1,,1,0,0,,,,,0,,,,,,0,0,,0
"Product","/products/m940-tight-vagina-sex-toys-19-for-man-automatic-pocket-pussy-thruster-male-cup-pussycat",1,1,0,0,0,0,2,,0,0,0,30,2,0,,0,1,1,0,0,0,0,2,,0,0,0,30,2,0,,0,0,0,,,,,0,,,,,0,0,,,
,"/en-ca/products/t40515-43lb-18-5inlight-weight-curvy-sex-doll-torso",1,1,0,0,0,0,1,,0,0,0,0,1,1,,1,1,1,0,0,0,0,1,,0,0,0,0,1,1,,1,0,0,,,,,0,,,,,,0,0,,0
"Checkout","/checkouts/cn/hWNEMYwxGA2UIsWsniEo0qHs/en-us",1,1,0,1,0,0,1,0,0,1,0,0,1,0,,0,1,1,0,1,0,0,1,0,0,1,0,0,1,0,,0,0,0,,0,,,0,,,0,,,0,,,
,"/en-fi/blogs/dolls-info-qustions/why-are-female-sex-dolls-more-popular-than-male-sex-dolls",1,1,0,0,0,0,1,,0,0,0,0,1,1,,1,1,1,0,0,0,0,1,,0,0,0,0,1,1,,1,0,0,,,,,0,,,,,,0,0,,0
"Product","/products/f371-156cm5ft1-48kg-m-cup-juliet-huge-boobs-big-tits-bbw-tpe-sex-doll-wm-doll",1,1,0,0,0,0,1,,0,0,0,0,1,1,,1,1,1,0,0,0,0,1,,0,0,0,0,1,1,,1,0,0,,,,,0,,,,,,0,0,,0
"Product","/products/f2229-ssbbw-sex-doll-bbw-tpe-us-sy-doll",1,1,0,0,0,0,4,,0,0,0,662,4,0,,0,1,1,0,0,0,0,4,,0,0,0,662,4,0,,0,0,0,,,,,0,,,,,0,0,,,
,"/en-ca/products/f7557-157cm-29kg-silicone-head-tpe-body-trans-fuck-sex-doll-belle-with-7-5-inch-detachable-dildo-ridmii",1,1,0,0,0,0,1,,0,0,0,0,1,1,,1,1,1,0,0,0,0,1,,0,0,0,0,1,1,,1,0,0,,,,,0,,,,,,0,0,,0
"Product","/products/f8185-150cm-5ft-27-5kg-silicone-anime-sex-doll-elsa-babe",1,1,0,0,0,0,1,,0,0,0,0,1,1,,1,1,1,0,0,0,0,1,,0,0,0,0,1,1,,1,0,0,,,,,0,,,,,,0,0,,0
"Product","/products/f2417-150cm-4ft9-d-cup-m42-wild-jungle-leopard-girl-silicone-furry-sex-doll-sy-doll",1,1,0,0,0,0,1,,0,0,0,0,1,1,,1,1,1,0,0,0,0,1,,0,0,0,0,1,1,,1,0,0,,,,,0,,,,,,0,0,,0
,"/de/collections/black-ass-sex-doll",1,1,0,0,0,0,1,,0,0,0,0,1,1,,1,1,1,0,0,0,0,1,,0,0,0,0,1,1,,1,0,0,,,,,0,,,,,,0,0,,0
"Product","/products/f2387-163cm5-3ft-53kg-g-cup-s6-great-doggy-style-huge-butt-silicone-head-realistic-sex-doll-2025%E4%B8%A8sy-doll",1,1,0,0,0,0,3,,0,0,0,115,3,0,,0,1,1,0,0,0,0,3,,0,0,0,115,3,0,,0,0,0,,,,,0,,,,,0,0,,,
"Product","/products/irontech-ros-silicone-doll-168cm-f761",1,1,0,0,0,0,8,,0,0,0,207,8,0,,0,1,1,0,0,0,0,8,,0,0,0,207,8,0,,0,0,0,,,,,0,,,,,0,0,,,
"Collection","/collections/b-cup-sex-dolls",1,1,0,0,0,0,3,,0,0,0,903,3,0,,0,1,1,0,0,0,0,3,,0,0,0,903,3,0,,0,0,0,,,,,0,,,,,0,0,,,
,"/en-ca/products/f3716-163cm5-3ft-yutsuki-e-cup-tpe-glasses-china-short-hair-big-tits-woman-sex-doll-se-doll",1,1,0,0,0,0,1,,0,0,0,0,1,1,,1,1,1,0,0,0,0,1,,0,0,0,0,1,1,,1,0,0,,,,,0,,,,,,0,0,,0
"Product","/products/a352-8-3lb-siliconewolf-ass-furry-sex-doll-torso-mrl",1,1,0,0,0,0,1,,0,0,0,0,1,1,,1,1,1,0,0,0,0,1,,0,0,0,0,1,1,,1,0,0,,,,,0,,,,,,0,0,,0
"Product","/products/f8549-158cm-5ft2-28kg-d-cup-best-realistic-silicone-full-size-sex-doll-t25-top-fire-doll",1,1,0,0,0,0,6,,0,0,0,280,6,0,,0,1,1,0,0,0,0,6,,0,0,0,280,6,0,,0,0,0,,,,,0,,,,,0,0,,,
"Blog Article","/blogs/dolls-info-qustions/how-to-choose-the-perfect-30-40-pound-torso-doll",1,1,0,0,0,0,4,,0,0,0,143,4,0,,0,1,1,0,0,0,0,4,,0,0,0,143,4,0,,0,0,0,,,,,0,,,,,0,0,,,
,"/en-ca/products/f9202-165cm5ft4-40-5kg-d-cup-silicone-ros-best-sex-dolls-for-men%E4%B8%A8lusandy-doll",1,1,0,0,0,0,2,,0,0,0,52,2,0,,0,1,1,0,0,0,0,2,,0,0,0,52,2,0,,0,0,0,,,,,0,,,,,0,0,,,
,"/de/collections/big-ass-sex-doll-500-999",1,1,0,0,0,0,5,,0,0,0,691,5,0,,0,1,1,0,0,0,0,5,,0,0,0,691,5,0,,0,0,0,,,,,0,,,,,0,0,,,
"Collection","/collections/medium-bust-japanese-sex-doll",1,1,0,0,0,0,1,,0,0,0,0,1,1,,1,1,1,0,0,0,0,1,,0,0,0,0,1,1,,1,0,0,,,,,0,,,,,,0,0,,0
"Product","/products/f7006k-159cm5ft2-45-5kg-g-cup-silicone-ros-best-latina-sex-doll-in-stock-%E4%B8%A8lusandy-doll",1,1,0,0,0,0,25,,0,0,0,1474,25,0,,0,1,1,0,0,0,0,25,,0,0,0,1474,25,0,,0,0,0,,,,,0,,,,,0,0,,,
"Product","/products/662-sex-doll-torso",1,1,0,0,0,0,1,,0,0,0,1,1,1,,1,1,1,0,0,0,0,1,,0,0,0,1,1,1,,1,0,0,,,,,0,,,,,0,0,0,,0
"Product","/products/f9000-160cm-5-2ft-36kg-c-cup-tpe-silicone-head-asian-celebrity-sex-doll-sy-doll",1,1,0,0,0,0,19,,0,0,0,698,19,0,,0,1,1,0,0,0,0,19,,0,0,0,698,19,0,,0,0,0,,,,,0,,,,,0,0,,,
,"/en-fi/blogs/dolls-info-qustions/how-to-use-a-doggy-dildo-doll-from-beginner-basics-to-7-practical-positions",1,1,0,0,0,0,1,,0,0,0,0,1,1,,1,1,1,0,0,0,0,1,,0,0,0,0,1,1,,1,0,0,,,,,0,,,,,,0,0,,0
"Product","/products/a361-27-5lb-silicone-butt-sexy-and-gel-big-ass-sex-doll-torso-climax-doll",1,1,0,0,0,0,8,,0,0,0,267,8,0,,0,1,1,0,0,0,0,8,,0,0,0,267,8,0,,0,0,0,,,,,0,,,,,0,0,,,
,"/en-ca/policies/terms-of-service",1,1,0,0,0,0,1,,0,0,0,0,1,1,,1,1,1,0,0,0,0,1,,0,0,0,0,1,1,,1,0,0,,,,,0,,,,,,0,0,,0
"Product","/products/notye-silicone-with-head-75lbs-158cm-t780",1,1,0,0,0,0,7,,0,0,0,97,7,0,,0,1,1,0,0,0,0,7,,0,0,0,97,7,0,,0,0,0,,,,,0,,,,,0,0,,,
,"/en-ca/products/f2247-159cm5-2ft-f-cup-s45-silicone-sex-doll-irontech-doll",1,1,0,0,0,0,1,,0,0,0,0,1,1,,1,1,1,0,0,0,0,1,,0,0,0,0,1,1,,1,0,0,,,,,0,,,,,,0,0,,0
"Product","/products/f1744-158cm-5ft2-c-cup-movable-jaw-realistic-love-doll-rosretty-dolls",1,1,0,0,0,0,1,,0,0,0,0,1,1,,1,1,1,0,0,0,0,1,,0,0,0,0,1,1,,1,0,0,,,,,0,,,,,,0,0,,0
"Checkout","/orders/7adedd475c7ca53477042e95f4d6cda5",1,1,0,0,0,0,1,,0,0,0,0,1,1,,1,1,1,0,0,0,0,1,,0,0,0,0,1,1,,1,0,0,,,,,0,,,,,,0,0,,0
,"/en-ca/products/t230-big-breast-torso-dildo-bisexual-torso",1,1,0,0,0,0,1,,0,0,0,0,1,1,,1,1,1,0,0,0,0,1,,0,0,0,0,1,1,,1,0,0,,,,,0,,,,,,0,0,,0
,"/en-fi/products/climax-doll-lightweight-torso-head-100cm-t736",1,1,0,0,0,0,1,,0,0,0,0,1,1,,1,1,1,0,0,0,0,1,,0,0,0,0,1,1,,1,0,0,,,,,0,,,,,,0,0,,0
,"/de/collections/fake-pussy-fake-vagina-sex-toys",1,1,0,0,0,0,14,,0,0,0,2335,14,0,,0,1,1,0,0,0,0,14,,0,0,0,2335,14,0,,0,0,0,,,,,0,,,,,0,0,,,
,"/ja/blogs/dolls-info-qustions/why-do-people-own-sex-dolls",1,1,0,0,0,0,2,,0,0,0,1,2,0,,0,1,1,0,0,0,0,2,,0,0,0,1,2,0,,0,0,0,,,,,0,,,,,0,0,,,
"Product","/products/f5970-165cm5ft4-40-5kg-d-cup-silicone-ros-best-latina-celebrity-sex-doll%E4%B8%A8lusandy-doll",1,1,0,0,0,0,6,,0,0,0,164,6,0,,0,1,1,0,0,0,0,6,,0,0,0,164,6,0,,0,0,0,,,,,0,,,,,0,0,,,
"Blog Article","/blogs/dolls-info-qustions/how-to-prevent-tearing-in-the-vagina-and-anus-of-tpe-or-silicone-sex-dolls",1,1,0,0,0,0,1,,0,0,0,0,1,1,,1,1,1,0,0,0,0,1,,0,0,0,0,1,1,,1,0,0,,,,,0,,,,,,0,0,,0
"Product","/products/f2344a-151cm4-9ft-65kg-m-cup-jasmine-bbw-biggest-ass-huge-breast-movable-jaw-sex-doll-2024%E4%B8%A8climax-doll-pro",1,1,0,0,0,0,5,,0,0,0,19,5,0,,0,1,1,0,0,0,0,5,,0,0,0,19,5,0,,0,0,0,,,,,0,,,,,0,0,,,
,"/en-ca/products/506plus",1,1,0,0,0,0,1,,0,0,0,0,1,1,,1,1,1,0,0,0,0,1,,0,0,0,0,1,1,,1,0,0,,,,,0,,,,,,0,0,,0
,"/en-ca/products/f9330-150cm-4ft9-41kg-b-cup-ros-silicone-head-shemale-doll-hot-sex-doll-castle",1,1,0,0,0,0,1,,0,0,0,0,1,1,,1,1,1,0,0,0,0,1,,0,0,0,0,1,1,,1,0,0,,,,,0,,,,,,0,0,,0
"Product","/products/d4041-lbs%E4%B8%A88-58-fantasy-dog-dildo-silicone-knot-dildo",1,1,0,0,0,0,1,,0,0,0,0,1,1,,1,1,1,0,0,0,0,1,,0,0,0,0,1,1,,1,0,0,,,,,0,,,,,,0,0,,0
"Product","/products/f5527k-174cm-5ft7-33-5kg-d-cup-sunniva-black-silicone-celebrity-sexdoll-in-stock-us-starpery-doll",1,1,0,0,0,0,1,,0,0,0,0,1,1,,1,1,1,0,0,0,0,1,,0,0,0,0,1,1,,1,0,0,,,,,0,,,,,,0,0,,0
"Product","/products/f7067-156cm-5ft1-32kg-e-cup-ultra-realistic-furry-sex-doll-with-animal-earsy-silicon-head-tpe-body-castle-doll",1,1,0,0,0,0,1,,0,0,0,0,1,1,,1,1,1,0,0,0,0,1,,0,0,0,0,1,1,,1,0,0,,,,,0,,,,,,0,0,,0
"Product","/products/h992-free-ai-talking-ros-max-silicone-blowjob-sex-doll-head-real-lady-doll",1,1,0,0,0,0,1,,0,0,0,0,1,1,,1,1,1,0,0,0,0,1,,0,0,0,0,1,1,,1,0,0,,,,,0,,,,,,0,0,,0
,"/de/blogs/dolls-info-qustions/are-you-really-suitable-for-hentai-sex-dolls-take-the-test-and-start-your-fantasy-journey",1,1,0,0,0,0,1,,0,0,0,0,1,1,,1,1,1,0,0,0,0,1,,0,0,0,0,1,1,,1,0,0,,,,,0,,,,,,0,0,,0
"Blog Article","/blogs/dolls-info-qustions/differences-between-tpe-and-silicone-sex-dolls",1,1,0,0,0,0,1,,0,0,0,0,1,1,,1,1,1,0,0,0,0,1,,0,0,0,0,1,1,,1,0,0,,,,,0,,,,,,0,0,,0
,"/ja/collections/electric-male-sex-doll",1,1,0,0,0,0,6,,0,0,0,126,6,0,,0,1,1,0,0,0,0,6,,0,0,0,126,6,0,,0,0,0,,,,,0,,,,,0,0,,,
"Product","/products/520-sex-doll-torso",1,1,0,0,0,0,1,,0,0,0,0,1,1,,1,1,1,0,0,0,0,1,,0,0,0,0,1,1,,1,0,0,,,,,0,,,,,,0,0,,0
,"/en-fi/collections/vajankle-foot-fetish-toys",1,1,0,0,0,0,2,,0,0,0,15,2,0,,0,1,1,0,0,0,0,2,,0,0,0,15,2,0,,0,0,0,,,,,0,,,,,0,0,,,
"Blog Article","/blogs/dolls-info-qustions/enhancing-your-bbw-sex-doll-experience-customization-options-to-consider",1,1,0,0,0,0,1,,0,0,0,0,1,1,,1,1,1,0,0,0,0,1,,0,0,0,0,1,1,,1,0,0,,,,,0,,,,,,0,0,,0
"Product","/products/h663-ros-max-silicone-sex-doll-head-real-lady-doll",1,1,0,0,0,0,1,,0,0,0,0,1,1,,1,1,1,0,0,0,0,1,,0,0,0,0,1,1,,1,0,0,,,,,0,,,,,,0,0,,0
"Product","/products/h369-silicone-sex-doll-head-real-lady-doll",1,1,0,0,0,0,3,,0,0,0,18,3,0,,0,1,1,0,0,0,0,3,,0,0,0,18,3,0,,0,0,0,,,,,0,,,,,0,0,,,
"Product","/products/f1710-165cm-5ft5-g-cup-big-breast-realistic-silicone-sex-doll-starpery-doll",1,1,0,0,0,0,1,,0,0,0,0,1,1,,1,1,1,0,0,0,0,1,,0,0,0,0,1,1,,1,0,0,,,,,0,,,,,,0,0,,0
"Blog Article","/blogs/dolls-info-qustions/a",1,1,0,0,0,0,1,,0,0,0,0,1,1,,1,1,1,0,0,0,0,1,,0,0,0,0,1,1,,1,0,0,,,,,0,,,,,,0,0,,0
,"/en-fi/blogs/dolls-info-qustions/a-must-read-for-anime-fans-anime-futa-sex-dolls-bring-your-2d-fantasy-to-life",1,1,0,0,0,0,2,,0,0,0,13,2,0,,0,1,1,0,0,0,0,2,,0,0,0,13,2,0,,0,0,0,,,,,0,,,,,0,0,,,
,"/en-fi/products/8855111532783",1,1,0,0,0,0,1,,0,0,0,0,1,1,,1,1,1,0,0,0,0,1,,0,0,0,0,1,1,,1,0,0,,,,,0,,,,,,0,0,,0
,"/en-ca/blogs/dolls-info-qustions/unlocking-private-desires-the-secrets-of-torso-sex-doll-10-inch-dildo",1,1,0,0,0,0,1,,0,0,0,0,1,1,,1,1,1,0,0,0,0,1,,0,0,0,0,1,1,,1,0,0,,,,,0,,,,,,0,0,,0
,"/en-ca/products/linkdolls-f904-161cm5ft3-g-cup-tpe-blonde-european-celebrities-sexy-large-breast-woman-love-doll-se-doll",1,1,0,0,0,0,1,,0,0,0,0,1,1,,1,1,1,0,0,0,0,1,,0,0,0,0,1,1,,1,0,0,,,,,0,,,,,,0,0,,0
"Product","/products/p388-4-2lb-furry-futa-hentai-sex-doll-realistic-anime-furry-futa-sex-toy-with-5-1dildo-mrl",1,1,0,0,0,0,1,,0,0,0,0,1,1,,1,1,1,0,0,0,0,1,,0,0,0,0,1,1,,1,0,0,,,,,0,,,,,,0,0,,0
"Blog Article","/blogs/dolls-info-qustions/how-men-can-use-sex-dolls-to-overcome-fake-orgasms",1,1,0,0,0,0,19,,0,0,0,872,19,0,,0,1,1,0,0,0,0,19,,0,0,0,872,19,0,,0,0,0,,,,,0,,,,,0,0,,,
"Product","/products/h166-silicone-sex-doll-head-real-lady-doll",1,1,0,0,0,0,16,,0,0,0,1952,16,0,,0,1,1,0,0,0,0,16,,0,0,0,1952,16,0,,0,0,0,,,,,0,,,,,0,0,,,
"Product","/products/f4873-162cm-5ft4-51kg-c-cup-chubby-silicone-ssbbw-sex-doll-irontech-doll",1,1,0,0,0,0,1,,0,0,0,0,1,1,,1,1,1,0,0,0,0,1,,0,0,0,0,1,1,,1,0,0,,,,,0,,,,,,0,0,,0
,"/en-ca/blogs/complete-sex-doll-guide-for-beginners/tpe-vs-silicone-a-guide-to-sex-doll-material-selection",1,1,0,0,0,0,1,,0,0,0,0,1,1,,1,1,1,0,0,0,0,1,,0,0,0,0,1,1,,1,0,0,,,,,0,,,,,,0,0,,0
,"/en-ca/blogs/dolls-info-qustions/linkdolls-global-shipping-status",1,1,0,0,0,0,11,,0,0,0,261,11,0,,0,1,1,0,0,0,0,11,,0,0,0,261,11,0,,0,0,0,,,,,0,,,,,0,0,,,
,"/de/collections/bbw-sex-dolls",1,1,0,0,0,0,1,,0,0,0,0,1,1,,1,1,1,0,0,0,0,1,,0,0,0,0,1,1,,1,0,0,,,,,0,,,,,,0,0,,0
"Blog Article","/blogs/dolls-info-qustions/unveiling-the-real-person-molding-process-how-realistic-are-celebrity-sex-dolls",1,1,0,0,0,0,1,,0,0,0,0,1,1,,1,1,1,0,0,0,0,1,,0,0,0,0,1,1,,1,0,0,,,,,0,,,,,,0,0,,0
"Product","/products/t959-86cm-3ft-22-5kg-k-cup-sle-bbw-sex-doll-torso-with-headzelex-sle-2-0-in-stock-usa-canada-zelex-doll",1,1,0,0,0,0,2,,0,0,0,173,2,0,,0,1,1,0,0,0,0,2,,0,0,0,173,2,0,,0,0,0,,,,,0,,,,,0,0,,,
"Blog Article","/blogs/dolls-info-qustions/a-2026-deep-dive-into-single-people-s-buying-motivations",1,1,0,0,0,0,1,,0,0,0,0,1,1,,1,1,1,0,0,0,0,1,,0,0,0,0,1,1,,1,0,0,,,,,0,,,,,,0,0,,0
,"/de/collections/best-sellers-in-ass",1,1,0,0,0,0,3,,0,0,0,128,3,0,,0,1,1,0,0,0,0,3,,0,0,0,128,3,0,,0,0,0,,,,,0,,,,,0,0,,,
"Product","/products/t926-80cm-34kg-bbw-sex-doll-bbl-body-h-cup-big-booty-tpe",1,1,0,0,0,0,1,,0,0,0,0,1,1,,1,1,1,0,0,0,0,1,,0,0,0,0,1,1,,1,0,0,,,,,0,,,,,,0,0,,0
"Product","/products/f4821-164cm-5ft5-37-5kg-g-cup-silicone-sex-dolls-for-men-zelex-sle-2-0-in-stock-usa-canada-zelex-doll",1,1,0,0,0,0,6,,0,0,0,711,6,0,,0,1,1,0,0,0,0,6,,0,0,0,711,6,0,,0,0,0,,,,,0,,,,,0,0,,,
"Product","/products/t59417-61lb-suntan-bbw-pear-shaped-saggy-breasts-sex-doll-torso-big-tits",1,1,0,0,0,0,1,,0,0,0,0,1,1,,1,1,1,0,0,0,0,1,,0,0,0,0,1,1,,1,0,0,,,,,0,,,,,,0,0,,0
,"/en-ca/products/f1698-169cm-5ft5-c-cup-silicone-petite-sex-doll-starpery-doll",1,1,0,0,0,0,1,,0,0,0,0,1,1,,1,1,1,0,0,0,0,1,,0,0,0,0,1,1,,1,0,0,,,,,0,,,,,,0,0,,0
"Product","/products/x5-hidden-sex-machine-in-a-fashion-bag-sex-toy-for-women",1,1,0,0,0,0,1,,0,0,0,0,1,1,,1,1,1,0,0,0,0,1,,0,0,0,0,1,1,,1,0,0,,,,,0,,,,,,0,0,,0
,"/ja/blogs/dolls-info-qustions/the-secret-desire-behind-big-breasts-why-are-men-so-fascinated-by-breast-play",1,1,0,0,0,0,1,,0,0,0,0,1,1,,1,1,1,0,0,0,0,1,,0,0,0,0,1,1,,1,0,0,,,,,0,,,,,,0,0,,0
"Blog Article","/blogs/dolls-info-qustions/big-ass-sex-doll-recommendations-under-1000-high-value-picks",1,1,0,0,0,0,3,,0,0,0,15,3,0,,0,1,1,0,0,0,0,3,,0,0,0,15,3,0,,0,0,0,,,,,0,,,,,0,0,,,
,"/en-ca/products/f5981-164cm5-4ft-d-cup-m5-ros-movable-jaw-celebrity-ai-sex-doll%E4%B8%A8sy-doll",1,1,0,0,0,0,2,,0,0,0,1762,2,0,,0,1,1,0,0,0,0,2,,0,0,0,1762,2,0,,0,0,0,,,,,0,,,,,0,0,,,
,"/ja/collections/big-booty-sex-dolls",1,1,0,0,0,0,1,,0,0,0,0,1,1,,1,1,1,0,0,0,0,1,,0,0,0,0,1,1,,1,0,0,,,,,0,,,,,,0,0,,0
"Product","/products/f1440-162cm5f3-49kg-m-cup-chubby-tpe-sex-doll-aibei-doll",1,1,0,0,0,0,1,,0,0,0,0,1,1,,1,1,1,0,0,0,0,1,,0,0,0,0,1,1,,1,0,0,,,,,0,,,,,,0,0,,0
,"/en-ca/blogs/dolls-info-qustions/2026-doggy-dildo-doll-user-guide",1,1,0,0,0,0,1,,0,0,0,0,1,1,,1,1,1,0,0,0,0,1,,0,0,0,0,1,1,,1,0,0,,,,,0,,,,,,0,0,,0
"Product","/products/a-3-4kg-silicone-animes-hentai-sex-doll-torso-irokebijin-doll",1,1,0,0,0,0,1,,0,0,0,0,1,1,,1,1,1,0,0,0,0,1,,0,0,0,0,1,1,,1,0,0,,,,,0,,,,,,0,0,,0
"Product","/products/top-cydoll-168cm-ros-silicone-doll-f743",1,1,0,0,0,0,1,,0,0,0,0,1,1,,1,1,1,0,0,0,0,1,,0,0,0,0,1,1,,1,0,0,,,,,0,,,,,,0,0,,0
"Product","/products/f9315-150cm4ft11-30kg-2-2-a-cup-asian-real-silicone-japanese-life-sized-sex-doll-aitia-doll",1,1,0,0,0,0,1,,0,0,0,0,1,1,,1,1,1,0,0,0,0,1,,0,0,0,0,1,1,,1,0,0,,,,,0,,,,,,0,0,,0
,"/en-ca/blogs/dolls-info-qustions/the-hidden-risks-behind-used-nbsp-sex-dolls-would-you-still-buy-one",1,1,0,0,0,0,1,,0,0,0,0,1,1,,1,1,1,0,0,0,0,1,,0,0,0,0,1,1,,1,0,0,,,,,0,,,,,,0,0,,0
"Product","/products/h632-ros-silicone-sex-doll-head-zelex-doll-head",1,1,0,0,0,0,1,,0,0,0,0,1,1,,1,1,1,0,0,0,0,1,,0,0,0,0,1,1,,1,0,0,,,,,0,,,,,,0,0,,0
,"/ja/products/8950785999087",1,1,0,0,0,0,1,,0,0,0,0,1,1,,1,1,1,0,0,0,0,1,,0,0,0,0,1,1,,1,0,0,,,,,0,,,,,,0,0,,0
"Blog Article","/blogs/dolls-info-qustions/unlock-the-ultimate-pleasure-code-nukige-games-hentai-sex-dolls-that-ll-melt-your-resistance-21",1,1,0,0,0,0,2,,0,0,0,8,2,0,,0,1,1,0,0,0,0,2,,0,0,0,8,2,0,,0,0,0,,,,,0,,,,,0,0,,,
"Product","/products/f9422-40kg-g-cup-mini-silicone-head-life-sized-sex-doll-aitia-doll",1,1,0,0,0,0,15,,0,0,0,1430,15,0,,0,1,1,0,0,0,0,15,,0,0,0,1430,15,0,,0,0,0,,,,,0,,,,,0,0,,,
,"/ja/blogs/dolls-info-qustions/8-different-brands-of-anime-sex-dolls",1,1,0,0,0,0,1,,0,0,0,0,1,1,,1,1,1,0,0,0,0,1,,0,0,0,0,1,1,,1,0,0,,,,,0,,,,,,0,0,,0
"Product","/products/h1109-ros-silicone-real-oral-sex-doll-head-irontech-doll-s37",1,1,0,0,0,0,15,,0,0,0,938,15,0,,0,1,1,0,0,0,0,15,,0,0,0,938,15,0,,0,0,0,,,,,0,,,,,0,0,,,
,"/de/blogs/dolls-info-qustions/what-are-the-different-types-of-sex-dolls",1,1,0,0,0,0,1,,0,0,0,0,1,1,,1,1,1,0,0,0,0,1,,0,0,0,0,1,1,,1,0,0,,,,,0,,,,,,0,0,,0
"Product","/products/f2177-152cm5ft-d-cup-lily-tpe-sex-doll-fun-west-doll",1,1,0,0,0,0,1,,0,0,0,0,1,1,,1,1,1,0,0,0,0,1,,0,0,0,0,1,1,,1,0,0,,,,,0,,,,,,0,0,,0
,"/de/collections/movable-jaw",1,1,0,0,0,0,1,,0,0,0,0,1,1,,1,1,1,0,0,0,0,1,,0,0,0,0,1,1,,1,0,0,,,,,0,,,,,,0,0,,0
,"/ja/blogs/dolls-info-qustions/dangerous-and-fascinating-the-irresistible-allure-of-mermaid-sex-doll",1,1,0,0,0,0,1,,0,0,0,0,1,1,,1,1,1,0,0,0,0,1,,0,0,0,0,1,1,,1,0,0,,,,,0,,,,,,0,0,,0
"Product","/products/f4557-fernando-170cm-5ft7-femboy-silicone-male-sex-doll-irontech-doll",1,1,0,0,0,0,1,,0,0,0,0,1,1,,1,1,1,0,0,0,0,1,,0,0,0,0,1,1,,1,0,0,,,,,0,,,,,,0,0,,0
"Blog Article","/blogs/dolls-info-qustions/the-funniest-sex-doll-torso-news-in-2025",1,1,0,0,0,0,1,,0,0,0,0,1,1,,1,1,1,0,0,0,0,1,,0,0,0,0,1,1,,1,0,0,,,,,0,,,,,,0,0,,0
,"/en-ca/products/f3464-158cm5f232kg-h-cup-big-breast-tpe-sex-doll-aibei-doll",1,1,0,0,0,0,1,,0,0,0,0,1,1,,1,1,1,0,0,0,0,1,,0,0,0,0,1,1,,1,0,0,,,,,0,,,,,,0,0,,0
"Product","/products/f4462-160cm5f3-39kg-f-cup-blonde-silicone-head-medium-butt-sex-doll-aibei-doll",1,1,0,0,0,0,2,,0,0,0,150,2,0,,0,1,1,0,0,0,0,2,,0,0,0,150,2,0,,0,0,0,,,,,0,,,,,0,0,,,
,"/ja/blogs/dolls-info-qustions/from-midnight-anime-to-3d-nightstands-3-hentai-sex-dolls-that-actually-exist",1,1,0,0,0,0,1,,0,0,0,0,1,1,,1,1,1,0,0,0,0,1,,0,0,0,0,1,1,,1,0,0,,,,,0,,,,,,0,0,,0
"Product","/products/f5979-158cm-5ft2-33kg-d-cup-tpe-big-breasts-adult-sex-doll-rosretty-dolls",1,1,0,0,0,0,2,,0,0,0,15,2,0,,0,1,1,0,0,0,0,2,,0,0,0,15,2,0,,0,0,0,,,,,0,,,,,0,0,,,
"Product","/products/t799-mini-sex-doll-torso-42cm-silicone-in-stock-us",1,1,0,0,0,0,1,,0,0,0,0,1,1,,1,1,1,0,0,0,0,1,,0,0,0,0,1,1,,1,0,0,,,,,0,,,,,,0,0,,0
"Product","/products/f2515-158cm-5ft2-e-cup-a4-ros-max-silk-glow-asian-realistic-silicone-sex-doll-irontech-doll-asian-series",1,1,0,0,0,0,6,,0,0,0,223,6,0,,0,1,1,0,0,0,0,6,,0,0,0,223,6,0,,0,0,0,,,,,0,,,,,0,0,,,
,"/ja/pages/about-us",1,1,0,0,0,0,1,,0,0,0,0,1,1,,1,1,1,0,0,0,0,1,,0,0,0,0,1,1,,1,0,0,,,,,0,,,,,,0,0,,0
"Blog Article","/blogs/dolls-info-qustions/mrl-fantasy-sex-toys-realistic-anime-furry-and-monster-girl-torso-collection",1,1,0,0,0,0,2,,0,0,0,15,2,0,,0,1,1,0,0,0,0,2,,0,0,0,15,2,0,,0,0,0,,,,,0,,,,,0,0,,,
,"/en-ca/products/f8193-150cm-5ft-27-5kg-silicone-anime-sex-doll-elsa-babe",1,1,0,0,0,0,1,,0,0,0,0,1,1,,1,1,1,0,0,0,0,1,,0,0,0,0,1,1,,1,0,0,,,,,0,,,,,,0,0,,0
"Blog Article","/blogs/dolls-info-qustions/a-guide-to-changing-the-head-of-your-sex-doll",1,1,0,0,0,0,1,,0,0,0,0,1,1,,1,1,1,0,0,0,0,1,,0,0,0,0,1,1,,1,0,0,,,,,0,,,,,,0,0,,0
,"/en-ca/products/f5721-150cm4ft9-29kg-hina-c-cup-s-tpe-animes-gel-filled-hentai-sex-doll-irokebijin-doll",1,1,0,0,0,0,1,,0,0,0,0,1,1,,1,1,1,0,0,0,0,1,,0,0,0,0,1,1,,1,0,0,,,,,0,,,,,,0,0,,0
"Checkout","/checkouts/cn/hWNE6GaUOgP9WxogodaLxBwJ/en-pl",1,1,0,1,0,0,1,0,0,1,0,0,1,0,,0,1,1,0,1,0,0,1,0,0,1,0,0,1,0,,0,0,0,,0,,,0,,,0,,,0,,,
,"/ja/blogs/dolls-info-qustions/sex-experts-recommend-top-ten-sex-pillows-to-enhance-your-bbw-sex-doll-experience",1,1,0,0,0,0,1,,0,0,0,0,1,1,,1,1,1,0,0,0,0,1,,0,0,0,0,1,1,,1,0,0,,,,,0,,,,,,0,0,,0
,"/en-ca/collections/erovenus-sex-doll",1,1,0,0,0,0,1,,0,0,0,0,1,1,,1,1,1,0,0,0,0,1,,0,0,0,0,1,1,,1,0,0,,,,,0,,,,,,0,0,,0
"Product","/products/v24-silicone-fleshlight-foot-with-toe-detail-and-soft-insert-tunnel",1,1,0,0,0,0,1,,0,0,0,0,1,1,,1,1,1,0,0,0,0,1,,0,0,0,0,1,1,,1,0,0,,,,,0,,,,,,0,0,,0
"Product","/products/f2465-163cm-c-cup-ai-sex-doll-sigafun-porn-star",1,1,0,0,0,0,1,,0,0,0,0,1,1,,1,1,1,0,0,0,0,1,,0,0,0,0,1,1,,1,0,0,,,,,0,,,,,,0,0,,0
,"/en-ca/products/f1737-155cm-5ft1-ichika-c-cup-petite-realistic-full-silicone-sex-doll-piper-doll",1,1,0,0,0,0,1,,0,0,0,0,1,1,,1,1,1,0,0,0,0,1,,0,0,0,0,1,1,,1,0,0,,,,,0,,,,,,0,0,,0
,"/en-ca/collections/ros-sex-doll-heads-1",1,1,0,0,0,0,2,,0,0,0,6,2,0,,0,1,1,0,0,0,0,2,,0,0,0,6,2,0,,0,0,0,,,,,0,,,,,0,0,,,
"Collection","/collections/aiyuan",1,1,0,0,0,0,1,,0,0,0,0,1,1,,1,1,1,0,0,0,0,1,,0,0,0,0,1,1,,1,0,0,,,,,0,,,,,,0,0,,0
"Collection","/collections/arab-sex-doll-experience-the-exotic-allure",1,1,0,0,0,0,1,,0,0,0,0,1,1,,1,1,1,0,0,0,0,1,,0,0,0,0,1,1,,1,0,0,,,,,0,,,,,,0,0,,0
"Product","/products/f5678-165cm5ft4-35kg-b-cup-silicone-ros-best-european-flat-chest-sex-doll%E4%B8%A8doll-senior",1,1,0,0,0,0,1,,0,0,0,0,1,1,,1,1,1,0,0,0,0,1,,0,0,0,0,1,1,,1,0,0,,,,,0,,,,,,0,0,,0
,"/en-fi/collections/big-ass-sex-doll-mini-torso",1,1,0,0,0,0,2,,0,0,0,20,2,0,,0,1,1,0,0,0,0,2,,0,0,0,20,2,0,,0,0,0,,,,,0,,,,,0,0,,,
,"/ja/blogs/dolls-info-qustions/introduction-to-sex-dolls-with-the-largest-hips-on-the-market",1,1,0,0,0,0,1,,0,0,0,0,1,1,,1,1,1,0,0,0,0,1,,0,0,0,0,1,1,,1,0,0,,,,,0,,,,,,0,0,,0
"Collection","/collections/top-fire-doll",1,1,0,0,0,0,1,,0,0,0,0,1,1,,1,1,1,0,0,0,0,1,,0,0,0,0,1,1,,1,0,0,,,,,0,,,,,,0,0,,0
"Collection","/collections/erovenus-doll-in-stock-usa",1,1,0,0,0,0,1,,0,0,0,0,1,1,,1,1,1,0,0,0,0,1,,0,0,0,0,1,1,,1,0,0,,,,,0,,,,,,0,0,,0
,"/en-ca/blogs/dolls-info-qustions/foot-smother-a-guide-to-safe-and-sensual-play",1,1,0,0,0,0,1,,0,0,0,0,1,1,,1,1,1,0,0,0,0,1,,0,0,0,0,1,1,,1,0,0,,,,,0,,,,,,0,0,,0
,"/en-ca/blogs/dolls-info-qustions/5-things-to-know-before-trying-the-stand-and-carry-sexual-position",1,1,0,0,0,0,1,,0,0,0,0,1,1,,1,1,1,0,0,0,0,1,,0,0,0,0,1,1,,1,0,0,,,,,0,,,,,,0,0,,0
"Product","/products/h613-ros-silicone-sex-doll-zelex-doll-head",1,1,0,0,0,0,1,,0,0,0,0,1,1,,1,1,1,0,0,0,0,1,,0,0,0,0,1,1,,1,0,0,,,,,0,,,,,,0,0,,0
"Product","/products/f6141-150cm4-9ft-28kg-d-cup-s13-black-silicone-sex-doll%E4%B8%A8rosretty-doll",1,1,0,0,0,0,1,,0,0,0,0,1,1,,1,1,1,0,0,0,0,1,,0,0,0,0,1,1,,1,0,0,,,,,0,,,,,,0,0,,0
"Product","/products/f5955-t161cm5-3ft-34kg-aryana-a-c-cup-silicone-nerd-asian-celebrity-sex-doll-se-doll",1,1,0,0,0,0,8,,0,0,0,496,8,0,,0,1,1,0,0,0,0,8,,0,0,0,496,8,0,,0,0,0,,,,,0,,,,,0,0,,,
"Product","/products/t639-26-5lbs-realistic-dildo-for-silicone-woman-with-male-sex-doll%E4%B8%A8",1,1,0,0,0,0,1,,0,0,0,0,1,1,,1,1,1,0,0,0,0,1,,0,0,0,0,1,1,,1,0,0,,,,,0,,,,,,0,0,,0
,"/en-ca/products/f3023-165cm-5ft4-f-cup-silicone-head-with-tpe-body-sex-doll-zelex-doll",1,1,0,0,0,0,1,,0,0,0,0,1,1,,1,1,1,0,0,0,0,1,,0,0,0,0,1,1,,1,0,0,,,,,0,,,,,,0,0,,0
"Product","/products/f160-156cm-tpe-sex-doll",1,1,0,0,0,0,3,,0,0,0,32,3,0,,0,1,1,0,0,0,0,3,,0,0,0,32,3,0,,0,0,0,,,,,0,,,,,0,0,,,
,"/en-ca/products/f1961k-175cm5-7ft-e-cup-doris-sex-doll-irontech-doll",1,1,0,0,0,0,1,,0,0,0,0,1,1,,1,1,1,0,0,0,0,1,,0,0,0,0,1,1,,1,0,0,,,,,0,,,,,,0,0,,0
,"/ja/blogs/featured-blog",1,1,0,0,0,0,1,,0,0,0,0,1,1,,1,1,1,0,0,0,0,1,,0,0,0,0,1,1,,1,0,0,,,,,0,,,,,,0,0,,0
,"/en-fi/blogs/dolls-info-qustions/what-to-do-if-your-sex-doll-is-too-heavy-a-practical-guide",1,1,0,0,0,0,1,,0,0,0,0,1,1,,1,1,1,0,0,0,0,1,,0,0,0,0,1,1,,1,0,0,,,,,0,,,,,,0,0,,0
,"/en-ca/products/f932-165cm-anime-sex-doll-se-doll",1,1,0,0,0,0,1,,0,0,0,0,1,1,,1,1,1,0,0,0,0,1,,0,0,0,0,1,1,,1,0,0,,,,,0,,,,,,0,0,,0
,"/de/collections/big-boobs-japanese-sex-doll",1,1,0,0,0,0,2,,0,0,0,50,2,0,,0,1,1,0,0,0,0,2,,0,0,0,50,2,0,,0,0,0,,,,,0,,,,,0,0,,,
,"/en-ca/products/top-fire-doll-176cm-silicone-life-like-sex-doll-f8608",1,1,0,0,0,0,2,,0,0,0,3,2,0,,0,1,1,0,0,0,0,2,,0,0,0,3,2,0,,0,0,0,,,,,0,,,,,0,0,,,
"Blog Article","/blogs/dolls-info-qustions/discover-a-new-brand-galatea-doll",1,1,0,0,0,0,3,,0,0,0,381,3,0,,0,1,1,0,0,0,0,3,,0,0,0,381,3,0,,0,0,0,,,,,0,,,,,0,0,,,
,"/ja/products/8558485307631",1,1,0,0,0,0,1,,0,0,0,0,1,1,,1,1,1,0,0,0,0,1,,0,0,0,0,1,1,,1,0,0,,,,,0,,,,,,0,0,,0
"Blog Article","/blogs/dolls-info-qustions/latest-linkdolls-companion-dolls-2025",1,1,0,0,0,0,1,,0,0,0,0,1,1,,1,1,1,0,0,0,0,1,,0,0,0,0,1,1,,1,0,0,,,,,0,,,,,,0,0,,0
"Blog Article","/blogs/dolls-info-qustions/guide-to-buying-the-newest-sex-dolls-of-2025",1,1,0,0,0,0,2,,0,0,0,14,2,0,,0,1,1,0,0,0,0,2,,0,0,0,14,2,0,,0,0,0,,,,,0,,,,,0,0,,,
"Product","/products/t732-72-7lbs-92cm-silicone-luxury-super-realistic-human-size-torso-with-arm-sex-doll",1,1,0,0,0,0,1,,0,0,0,0,1,1,,1,1,1,0,0,0,0,1,,0,0,0,0,1,1,,1,0,0,,,,,0,,,,,,0,0,,0
"Product","/products/f5108-150cm-4ft9-d-cup-jan-asian-sexy-silicone-sex-doll-jx-doll",1,1,0,0,0,0,1,,0,0,0,0,1,1,,1,1,1,0,0,0,0,1,,0,0,0,0,1,1,,1,0,0,,,,,0,,,,,,0,0,,0
,"/de/blogs/sex-doll-torso-blog/most-comprehensive-guideline-of-best-sex-dolls-sex-doll-torsos",1,1,0,0,0,0,1,,0,0,0,0,1,1,,1,1,1,0,0,0,0,1,,0,0,0,0,1,1,,1,0,0,,,,,0,,,,,,0,0,,0
,"/en-ca/collections/elsa-babe-irokebijin-doll",1,1,0,0,0,0,1,,0,0,0,0,1,1,,1,1,1,0,0,0,0,1,,0,0,0,0,1,1,,1,0,0,,,,,0,,,,,,0,0,,0
,"/de/blogs/dolls-info-qustions/decision-fatigue-the-ultimate-2025-guide-to-choosing-the-best-sex-doll-brand",1,1,0,0,0,0,1,,0,0,0,0,1,1,,1,1,1,0,0,0,0,1,,0,0,0,0,1,1,,1,0,0,,,,,0,,,,,,0,0,,0
"Product","/products/f744-asian-realistic-sex-doll-with-ros-head-top-cydol",1,1,0,0,0,0,1,,0,0,0,0,1,1,,1,1,1,0,0,0,0,1,,0,0,0,0,1,1,,1,0,0,,,,,0,,,,,,0,0,,0
"Product","/products/f4693-155cm5-3ft-33kg-e-cup-silicone-asian-chinese-adult-sex-doll-bezlya-doll",1,1,0,0,0,0,1,,0,0,0,0,1,1,,1,1,1,0,0,0,0,1,,0,0,0,0,1,1,,1,0,0,,,,,0,,,,,,0,0,,0
"Product","/products/p132-10-8-lbs-silicone-fuck-doll-hentai-sex-doll-pusssy-qita",1,1,0,0,0,0,23,,0,0,0,740,23,0,,0,1,1,0,0,0,0,23,,0,0,0,740,23,0,,0,0,0,,,,,0,,,,,0,0,,,
"Blog Article","/blogs/dolls-info-qustions/who-are-sex-doll-torsos-suitable-for",1,1,0,0,0,0,1,,0,0,0,0,1,1,,1,1,1,0,0,0,0,1,,0,0,0,0,1,1,,1,0,0,,,,,0,,,,,,0,0,,0
"Checkout","/orders/f5965254982521e75008a2da5fdc0945",1,1,0,0,0,0,1,,0,0,0,0,1,1,,1,1,1,0,0,0,0,1,,0,0,0,0,1,1,,1,0,0,,,,,0,,,,,,0,0,,0
"Product","/products/f3477-163cm5f3-52kg-e-cup-european-tpe-sex-doll-aibei-doll",1,1,0,0,0,0,8,,0,0,0,1413,8,0,,0,1,1,0,0,0,0,8,,0,0,0,1413,8,0,,0,0,0,,,,,0,,,,,0,0,,,
,"/en-ca/blogs/dolls-info-qustions/breaking-news-irontech-sex-doll-s-oral-function-innovation",1,1,0,0,0,0,1,,0,0,0,0,1,1,,1,1,1,0,0,0,0,1,,0,0,0,0,1,1,,1,0,0,,,,,0,,,,,,0,0,,0
,"/en-ca/products/f9241k-171cm-5ft6-d-cup-lifelike-sexy-silicone-head-cheap-realistic-sex-dolls-in-stock-us-starpery-doll",1,1,0,0,0,0,2,,0,0,0,47,2,0,,0,1,1,0,0,0,0,2,,0,0,0,47,2,0,,0,0,0,,,,,0,,,,,0,0,,,
"Checkout","/orders/92f6c0b829b0fccca6ac0815ab39c6ea",1,1,0,0,0,0,2,,0,0,0,6,2,0,,0,1,1,0,0,0,0,2,,0,0,0,6,2,0,,0,0,0,,,,,0,,,,,0,0,,,
"Product","/products/f4230-175cm5-8ft-38kg-d-cup-european-tpe-sex-doll-in-stock-us-%E4%B8%A8wm-doll",1,1,0,0,0,0,1,,0,0,0,0,1,1,,1,1,1,0,0,0,0,1,,0,0,0,0,1,1,,1,0,0,,,,,0,,,,,,0,0,,0
"Checkout","/checkouts/cn/hWNEMkEnor74TIw2OSuhG13J/en",1,1,0,1,0,0,1,0,0,1,0,0,1,0,,0,1,1,0,1,0,0,1,0,0,1,0,0,1,0,,0,0,0,,0,,,0,,,0,,,0,,,
"Product","/products/f5510-157cm5-1ft-33kg-b-cup-anime-pvc-head-stpe-sex-doll%E4%B8%A8wm-doll",1,1,0,0,0,0,1,,0,0,0,0,1,1,,1,1,1,0,0,0,0,1,,0,0,0,0,1,1,,1,0,0,,,,,0,,,,,,0,0,,0
"Collection","/collections/skinny-sex-dolls",1,1,0,0,0,0,2,,0,0,0,50,2,0,,0,1,1,0,0,0,0,2,,0,0,0,50,2,0,,0,0,0,,,,,0,,,,,0,0,,,
"Product","/products/f9299-157cm5-2ft-36-2kg-2-2cf-k-cup-ros-asian-chinese-silicone-real-life-size-sex-doll-aitia-doll",1,1,0,0,0,0,1,,0,0,0,0,1,1,,1,1,1,0,0,0,0,1,,0,0,0,0,1,1,,1,0,0,,,,,0,,,,,,0,0,,0
"Product","/products/h231-ros-silicone-sex-doll-head%E4%B8%A8wm-doll-head",1,1,0,0,0,0,4,,0,0,0,137,4,0,,0,1,1,0,0,0,0,4,,0,0,0,137,4,0,,0,0,0,,,,,0,,,,,0,0,,,
,"/en-ca/products/f4625-153cm-5ft-29-5kg-yuuki-k-cup-tpe-fit-medium-butt-sex-doll-se-doll",1,1,0,0,0,0,4,,0,0,0,228,4,0,,0,1,1,0,0,0,0,4,,0,0,0,228,4,0,,0,0,0,,,,,0,,,,,0,0,,,
"Blog Article","/blogs/dolls-info-qustions/where-does-odor-come-from-dealing-with-odor-tips-for-keeping-your-sex-doll-fresh-and-clean",1,1,0,0,0,0,4,,0,0,0,1202,4,0,,0,1,1,0,0,0,0,4,,0,0,0,1202,4,0,,0,0,0,,,,,0,,,,,0,0,,,
,"/en-ca/collections/clothes-for-sex-dolls",1,1,0,0,0,0,1,,0,0,0,0,1,1,,1,1,1,0,0,0,0,1,,0,0,0,0,1,1,,1,0,0,,,,,0,,,,,,0,0,,0
,"/ja/blogs/dolls-info-qustions/the-appeal-of-long-legs-big-butts-and-full-size-sex-doll-recommendations",1,1,0,0,0,0,1,,0,0,0,0,1,1,,1,1,1,0,0,0,0,1,,0,0,0,0,1,1,,1,0,0,,,,,0,,,,,,0,0,,0
,"/ja/blogs/featured-blog/top-10-most-unique-torso-dolls-of-2026-beyond-the-ordinary",1,1,0,0,0,0,1,,0,0,0,0,1,1,,1,1,1,0,0,0,0,1,,0,0,0,0,1,1,,1,0,0,,,,,0,,,,,,0,0,,0
,"/en-ca/products/f9411-aitia-doll-170cm-f-cup-silicone-head-tpe-body",1,1,0,0,0,0,2,,0,0,0,29,2,0,,0,1,1,0,0,0,0,2,,0,0,0,29,2,0,,0,0,0,,,,,0,,,,,0,0,,,
"Product","/products/f5314-realistic-skin-silicone-bbw-sex-doll-se-doll",1,1,0,0,0,0,7,,0,0,0,1974,7,0,,0,1,1,0,0,0,0,7,,0,0,0,1974,7,0,,0,0,0,,,,,0,,,,,0,0,,,
"Product","/products/f5950-164cm5ft4-40-5kg-robot-all-in-one-seamless-neck-silicone-celebrity-sex-doll-irontech-doll",1,1,0,0,0,0,1,,0,0,0,0,1,1,,1,1,1,0,0,0,0,1,,0,0,0,0,1,1,,1,0,0,,,,,0,,,,,,0,0,,0
"Product","/products/f4473-163cm5-4ft-51kg-h-cup-bbw-big-booty-tpe-sex-doll%E4%B8%A8wm-doll",1,1,0,0,0,0,1,,0,0,0,0,1,1,,1,1,1,0,0,0,0,1,,0,0,0,0,1,1,,1,0,0,,,,,0,,,,,,0,0,,0
,"/en-ca/products/f3698-161cm5-3ft-kazuki-f-cup-tpe-china-charming-sexy-woman-big-ass-love-doll-se-doll",1,1,0,0,0,0,8,,0,0,0,153,8,0,,0,1,1,0,0,0,0,8,,0,0,0,153,8,0,,0,0,0,,,,,0,,,,,0,0,,,
"Product","/products/f2063-167cm5-5ft-42kg-f-cup-european-tpe-sex-doll%E4%B8%A8wm-doll",1,1,0,0,0,0,1,,0,0,0,0,1,1,,1,1,1,0,0,0,0,1,,0,0,0,0,1,1,,1,0,0,,,,,0,,,,,,0,0,,0
"Product","/products/f5591-168cm5-5ft-39kg-h-cup-r5-realistic-full-size-silicone-sex-doll-real-lady",1,1,0,0,0,0,8,,0,0,0,133,8,0,,0,1,1,0,0,0,0,8,,0,0,0,133,8,0,,0,0,0,,,,,0,,,,,0,0,,,
"Product","/products/f6163-22kg-d-cup-animal-hentai-realistic-silicone-sex-doll-castle-doll",1,1,0,0,0,0,3,,0,0,0,2179,3,0,,0,1,1,0,0,0,0,3,,0,0,0,2179,3,0,,0,0,0,,,,,0,,,,,0,0,,,
,"/en-ca/pages/torso-sex-doll-videos",1,1,0,0,0,0,1,,0,0,0,0,1,1,,1,1,1,0,0,0,0,1,,0,0,0,0,1,1,,1,0,0,,,,,0,,,,,,0,0,,0
"Product","/products/f2431-162cm5-4ft-39kg-h-cup-r1-adela-silicone-sex-doll-real-lady",1,1,0,0,0,0,9,,0,0,0,199,9,0,,0,1,1,0,0,0,0,9,,0,0,0,199,9,0,,0,0,0,,,,,0,,,,,0,0,,,
"Product","/products/f4228-175cm5-9ft-38kg-d-cup-celebrity-tpe-sex-doll%E4%B8%A8wm-doll",1,1,0,0,0,0,62,,0,0,0,10593,62,0,,0,1,1,0,0,0,0,62,,0,0,0,10593,62,0,,0,0,0,,,,,0,,,,,0,0,,,
"Blog Article","/blogs/dolls-info-qustions/3-reasons-why-couples-must-use-sex-torso",1,1,0,0,0,0,1,,0,0,0,0,1,1,,1,1,1,0,0,0,0,1,,0,0,0,0,1,1,,1,0,0,,,,,0,,,,,,0,0,,0
"Checkout","/checkouts/cn/hWNE98Vn8ghR21GZDB32ZIWH/en-us",1,1,0,1,0,0,3,0,0,1,0,15,3,0,,0,1,1,0,1,0,0,3,0,0,1,0,15,3,0,,0,0,0,,0,,,0,,,0,,0,0,,,
"Product","/products/se-doll-167cm-silicone-sex-doll-f4749",1,1,0,0,0,0,1,,0,0,0,0,1,1,,1,1,1,0,0,0,0,1,,0,0,0,0,1,1,,1,0,0,,,,,0,,,,,,0,0,,0
"Product","/products/f7676-165cm5ft5-23kg-e-cup-life-size-ros-silicone-life-size-sex-dolls-lightweight-wm-doll",1,1,0,0,0,0,1,,0,0,0,0,1,1,,1,1,1,0,0,0,0,1,,0,0,0,0,1,1,,1,0,0,,,,,0,,,,,,0,0,,0
"Product","/products/f7636-159cm5-2ft-33-5kg-h-cup-ros-max-r12-honey-bronze-silicone-sex-doll-real-lady",1,1,0,0,0,0,30,,0,0,0,2520,30,0,,0,1,1,0,0,0,0,30,,0,0,0,2520,30,0,,0,0,0,,,,,0,,,,,0,0,,,
"Blog Article","/blogs/dolls-info-qustions/2026-must-have-the-latest-trend-in-anime-sex-dolls-revealed",1,1,0,0,0,0,1,,0,0,0,0,1,1,,1,1,1,0,0,0,0,1,,0,0,0,0,1,1,,1,0,0,,,,,0,,,,,,0,0,,0
"Product","/products/t429-106cm3ft5-33-4kg-c-cup-sydney-bubble-butt-silicone-sex-doll-torso-with-head-in-stock-usa-canada-lovenestle",1,1,0,0,0,0,12,,0,0,0,229,12,0,,0,1,1,0,0,0,0,12,,0,0,0,229,12,0,,0,0,0,,,,,0,,,,,0,0,,,
,"/de/products/t588v-torso-tpe-16lb-sucking-vibration-auto-clean",1,1,0,0,0,0,7,,0,0,0,309,7,0,,0,1,1,0,0,0,0,7,,0,0,0,309,7,0,,0,0,0,,,,,0,,,,,0,0,,,
"Product","/products/f6120k-170cm-5-6ft-35kg-d-cup-ros-silicone-realistic-sex-doll-weight-reduction-in-stock-usa-ido-doll",1,1,0,0,0,0,1,,0,0,0,0,1,1,,1,1,1,0,0,0,0,1,,0,0,0,0,1,1,,1,0,0,,,,,0,,,,,,0,0,,0
,"/de/products/f1711-bbw-sex-dolls-161cm-h-cup-silicone-starpery",1,1,1,1,0,0,23,0,1,1,0,876,23,0,0,0,1,1,1,1,0,0,23,0,1,1,0,876,23,0,0,0,0,0,0,0,,,0,,0,0,,0,0,,,
,"/de/collections/tpe-body-silicone-head",1,1,0,0,0,0,3,,0,0,0,26,3,0,,0,1,1,0,0,0,0,3,,0,0,0,26,3,0,,0,0,0,,,,,0,,,,,0,0,,,
"Product","/products/f9420-157cm5ft2-chloe-b-cup-silicone-sex-doll-realistic%E4%B8%A8lusandy-doll",1,1,0,0,0,0,2,,0,0,0,281,2,0,,0,1,1,0,0,0,0,2,,0,0,0,281,2,0,,0,0,0,,,,,0,,,,,0,0,,,
,"/ja/blogs/dolls-info-qustions/are-sex-doll-worths-buying",1,1,0,0,0,0,1,,0,0,0,0,1,1,,1,1,1,0,0,0,0,1,,0,0,0,0,1,1,,1,0,0,,,,,0,,,,,,0,0,,0
,"/en-ca/products/f4833-158cm5-6ft-33kg-d-cup-full-silicone-ros-asian-best-chinese-sex-doll%E4%B8%A8doll-senior",1,1,0,0,0,0,1,,0,0,0,0,1,1,,1,1,1,0,0,0,0,1,,0,0,0,0,1,1,,1,0,0,,,,,0,,,,,,0,0,,0
,"/de/products/9181060923631",1,1,0,0,0,0,1,,0,0,0,0,1,1,,1,1,1,0,0,0,0,1,,0,0,0,0,1,1,,1,0,0,,,,,0,,,,,,0,0,,0
,"/en-ca/products/f9154-167cm5ft4-28-5kg-belle-b-cup-silicone-ros-best-life-size-sex-doll%E4%B8%A8lusandy-doll",1,1,0,0,0,0,1,,0,0,0,0,1,1,,1,1,1,0,0,0,0,1,,0,0,0,0,1,1,,1,0,0,,,,,0,,,,,,0,0,,0
"Product","/products/f5538-161cm5ft3-33kg-e-cup-black-silicone-sex-doll-irontech-doll",1,1,0,0,0,0,3,,0,0,0,218,3,0,,0,1,1,0,0,0,0,3,,0,0,0,218,3,0,,0,0,0,,,,,0,,,,,0,0,,,
"Blog Article","/blogs/dolls-info-qustions/sex-doll-movies",1,1,0,0,0,0,1,,0,0,0,0,1,1,,1,1,1,0,0,0,0,1,,0,0,0,0,1,1,,1,0,0,,,,,0,,,,,,0,0,,0
"Product","/products/65cm-realistic-sex-doll-torso-with-perky-breasts-and-big-sexy-ass-509-sex-doll-torso",1,1,0,0,0,0,1,,0,0,0,0,1,1,,1,1,1,0,0,0,0,1,,0,0,0,0,1,1,,1,0,0,,,,,0,,,,,,0,0,,0
"Collection","/collections/climax-doll-videos",1,1,0,0,0,0,1,,0,0,0,0,1,1,,1,1,1,0,0,0,0,1,,0,0,0,0,1,1,,1,0,0,,,,,0,,,,,,0,0,,0
,"/en-ca/blogs/dolls-info-qustions/what-are-some-common-sexual-fantasies",1,1,0,0,0,0,1,,0,0,0,0,1,1,,1,1,1,0,0,0,0,1,,0,0,0,0,1,1,,1,0,0,,,,,0,,,,,,0,0,,0
"Product","/products/f2248-170cm-tanned-silicone-virtual-sex-doll-robotic-dolls-s17",1,1,0,0,0,0,30,,0,0,0,1192,30,0,,0,1,1,0,0,0,0,30,,0,0,0,1192,30,0,,0,0,0,,,,,0,,,,,0,0,,,
"Blog Article","/blogs/dolls-info-qustions/why-there-is-an-exophilia",1,1,0,0,0,0,1,,0,0,0,0,1,1,,1,1,1,0,0,0,0,1,,0,0,0,0,1,1,,1,0,0,,,,,0,,,,,,0,0,,0
"Blog Article","/blogs/dolls-info-qustions/traveling-with-a-sex-doll",1,1,0,0,0,0,1,,0,0,0,0,1,1,,1,1,1,0,0,0,0,1,,0,0,0,0,1,1,,1,0,0,,,,,0,,,,,,0,0,,0
,"/en-fi/collections/enchanting-delights-2024-top-real-sex-doll-recommendations",1,1,0,0,0,0,2,,0,0,0,29,2,0,,0,1,1,0,0,0,0,2,,0,0,0,29,2,0,,0,0,0,,,,,0,,,,,0,0,,,
"Product","/products/f4875-150cm4ft11-41kg-e-cup-fat-ass-tpe-black-bbw-real-sex-doll-castle-doll",1,1,0,0,0,0,1,,0,0,0,0,1,1,,1,1,1,0,0,0,0,1,,0,0,0,0,1,1,,1,0,0,,,,,0,,,,,,0,0,,0
"Checkout","/orders/54e33b8dbb4234a2e7e22c101e21fda3",1,1,0,0,0,0,2,,0,0,0,8,2,0,,0,1,1,0,0,0,0,2,,0,0,0,8,2,0,,0,0,0,,,,,0,,,,,0,0,,,
,"/de/blogs/dolls-info-qustions/complete-guide-to-shemale-sex-dolls-meeting-all-your-needs",1,1,0,0,0,0,1,,0,0,0,0,1,1,,1,1,1,0,0,0,0,1,,0,0,0,0,1,1,,1,0,0,,,,,0,,,,,,0,0,,0
"Product","/products/f3078-166cm-k-cup-silicone-head-movable-jaw-sle-body-real-sex-doll-zelex-doll",1,1,0,0,0,0,1,,0,0,0,0,1,1,,1,1,1,0,0,0,0,1,,0,0,0,0,1,1,,1,0,0,,,,,0,,,,,,0,0,,0
"Product","/products/t797-89cm-2ft9-51lb-premium-silicone-shemale-sex-doll-torso-with-ros-head-detachable-dildos-yeloly",1,1,0,0,0,0,1,,0,0,0,0,1,1,,1,1,1,0,0,0,0,1,,0,0,0,0,1,1,,1,0,0,,,,,0,,,,,,0,0,,0
,"/en-ca/collections/pocket-pussy",1,1,0,0,0,0,1,,0,0,0,0,1,1,,1,1,1,0,0,0,0,1,,0,0,0,0,1,1,,1,0,0,,,,,0,,,,,,0,0,,0
"Product","/products/f6320-151cm-5ft-25kg-asian-silicone-sex-doll-with-realistic-skin-texture-md-doll",1,1,0,0,0,0,1,,0,0,0,0,1,1,,1,1,1,0,0,0,0,1,,0,0,0,0,1,1,,1,0,0,,,,,0,,,,,,0,0,,0
"Blog Article","/blogs/dolls-info-qustions/elsa-babe-doll-craftsmanship-introduction",1,1,0,0,0,0,1,,0,0,0,0,1,1,,1,1,1,0,0,0,0,1,,0,0,0,0,1,1,,1,0,0,,,,,0,,,,,,0,0,,0
,"/en-ca/products/f3787-170cm-5ft637kg-d-cup-tpe-sexy-woman-latina-lightweight-sex-doll-yl-doll",1,1,0,0,0,0,1,,0,0,0,0,1,1,,1,1,1,0,0,0,0,1,,0,0,0,0,1,1,,1,0,0,,,,,0,,,,,,0,0,,0
,"/en-ca/products/f5970-165cm5ft4-40-5kg-d-cup-silicone-ros-best-latina-celebrity-sex-doll%E4%B8%A8lusandy-doll",1,1,0,0,0,0,2,,0,0,0,45,2,0,,0,1,1,0,0,0,0,2,,0,0,0,45,2,0,,0,0,0,,,,,0,,,,,0,0,,,
,"/en-ca/products/f6317-176cm-5-77ft-41kg-e-cup-elva-silicone-realistic-sex-doll-top-cydoll",1,1,0,0,0,0,2,,0,0,0,188,2,0,,0,1,1,0,0,0,0,2,,0,0,0,188,2,0,,0,0,0,,,,,0,,,,,0,0,,,
"Collection","/collections/ido-doll-in-stock-usa",1,1,0,0,0,0,2,,0,0,0,10,2,0,,0,1,1,0,0,0,0,2,,0,0,0,10,2,0,,0,0,0,,,,,0,,,,,0,0,,,
,"/ja/blogs/dolls-info-qustions/how-to-use-a-pocket-pussy",1,1,0,0,0,0,1,,0,0,0,0,1,1,,1,1,1,0,0,0,0,1,,0,0,0,0,1,1,,1,0,0,,,,,0,,,,,,0,0,,0
"Collection","/collections/tpe-torso",1,1,1,1,0,0,32,0,1,1,0,1908,32,0,0,0,1,1,1,1,0,0,32,0,1,1,0,1908,32,0,0,0,0,0,0,0,,,0,,0,0,,0,0,,,
"Product","/products/t250-fat-lady-l-real-texture-breast-pussy",1,1,0,0,0,0,12,,0,0,0,1372,12,0,,0,1,1,0,0,0,0,12,,0,0,0,1372,12,0,,0,0,0,,,,,0,,,,,0,0,,,
"Product","/products/f2349-163cm-d-cup-peggy-b-japanese-tpe-sex-doll-se-doll",1,1,0,0,0,0,2,,0,0,0,29,2,0,,0,1,1,0,0,0,0,2,,0,0,0,29,2,0,,0,0,0,,,,,0,,,,,0,0,,,
"Product","/products/h1020-sex-doll-head-motorbike-cool-girl-irontech-doll-head",1,1,0,0,0,0,1,,0,0,0,0,1,1,,1,1,1,0,0,0,0,1,,0,0,0,0,1,1,,1,0,0,,,,,0,,,,,,0,0,,0
,"/de/blogs/dolls-info-qustions/can-ai-sex-dolls-replace-real-women",1,1,0,0,0,0,1,,0,0,0,0,1,1,,1,1,1,0,0,0,0,1,,0,0,0,0,1,1,,1,0,0,,,,,0,,,,,,0,0,,0
"Blog Article","/blogs/dolls-info-qustions/sex-toys-vs-sex-doll-torso-which-one-should-you-choose-this-article-will-help-you-decide",1,1,0,0,0,0,1,,0,0,0,0,1,1,,1,1,1,0,0,0,0,1,,0,0,0,0,1,1,,1,0,0,,,,,0,,,,,,0,0,,0
"Product","/products/f4929-166cm-sexbot-vine-talk-ai-silicone-head-wm-doll",1,1,0,0,0,0,1,,0,0,0,0,1,1,,1,1,1,0,0,0,0,1,,0,0,0,0,1,1,,1,0,0,,,,,0,,,,,,0,0,,0
"Product","/products/f8112k-162cm-5ft3-40-5kg-h-cup-m29-plump-body-silicone-bbw-sex-doll-in-stock-us-md-doll",1,1,0,0,0,0,12,,0,0,0,2804,12,0,,0,1,1,0,0,0,0,12,,0,0,0,2804,12,0,,0,0,0,,,,,0,,,,,0,0,,,
"Product","/products/f5863-161cm-5ft3-30kg-e-cup-european-silicone-sex-doll-il-doll",1,1,0,0,0,0,3,,0,0,0,41,3,0,,0,1,1,0,0,0,0,3,,0,0,0,41,3,0,,0,0,0,,,,,0,,,,,0,0,,,
,"/en-ca/blogs/dolls-info-qustions/top-3-flat-chested-sex-dolls-of-2025-ultimate-flatness-unique-allure",1,1,0,0,0,0,1,,0,0,0,0,1,1,,1,1,1,0,0,0,0,1,,0,0,0,0,1,1,,1,0,0,,,,,0,,,,,,0,0,,0
"Product","/products/v323-silicone-ultra-soft-foot-fleshlight-with-real-feel-texture",1,1,0,0,0,0,1,,0,0,0,0,1,1,,1,1,1,0,0,0,0,1,,0,0,0,0,1,1,,1,0,0,,,,,0,,,,,,0,0,,0
,"/en-ca/blogs/dolls-info-qustions/top-5-best-foot-fetish-toys-you-can-buy-online-in-2025",1,1,0,0,0,0,1,,0,0,0,0,1,1,,1,1,1,0,0,0,0,1,,0,0,0,0,1,1,,1,0,0,,,,,0,,,,,,0,0,,0
"Product","/products/f5446-170cm-5-6ft-43kg-d-cup-life-size-silicone-sex-doll-real-lady",1,1,0,0,0,0,7,,0,0,0,921,7,0,,0,1,1,0,0,0,0,7,,0,0,0,921,7,0,,0,0,0,,,,,0,,,,,0,0,,,
"Custom Page","/pages/irontech-ai",1,1,0,0,0,0,3,,0,0,0,931,3,0,,0,1,1,0,0,0,0,3,,0,0,0,931,3,0,,0,0,0,,,,,0,,,,,0,0,,,
"Product","/products/f7635-164cm-5ft4-36kg-g-cup-silicone-asian-sex-doll-firefly-diary",1,1,0,0,0,0,25,,0,0,0,483,25,0,,0,1,1,0,0,0,0,25,,0,0,0,483,25,0,,0,0,0,,,,,0,,,,,0,0,,,
"Product","/products/57652-9lb-life-size-sex-doll-torso-with-perky-tits-and-slender-waist",1,1,0,0,0,0,6,,0,0,0,420,6,0,,0,1,1,0,0,0,0,6,,0,0,0,420,6,0,,0,0,0,,,,,0,,,,,0,0,,,
,"/en-ca/products/notye-2sizes-silicone-butt-a779",1,1,0,0,0,0,9,,0,0,0,2501,9,0,,0,1,1,0,0,0,0,9,,0,0,0,2501,9,0,,0,0,0,,,,,0,,,,,0,0,,,
"Product","/products/f2053-166cm5-33kg-c-cup-milf-tpe-sex-doll-wm-doll",1,1,0,0,0,0,3,,0,0,0,311,3,0,,0,1,1,0,0,0,0,3,,0,0,0,311,3,0,,0,0,0,,,,,0,,,,,0,0,,,
"Product","/products/h080-sex-doll-head-1",1,1,0,0,0,0,13,,0,0,0,475,13,0,,0,1,1,0,0,0,0,13,,0,0,0,475,13,0,,0,0,0,,,,,0,,,,,0,0,,,
"Product","/products/f4691-152cm-5ft-c-cup-s8-ros-movable-jaw-silicone-head-tpe-ai-sex-doll-sy-doll",1,1,0,0,0,0,2,,0,0,0,108,2,0,,0,1,1,0,0,0,0,2,,0,0,0,108,2,0,,0,0,0,,,,,0,,,,,0,0,,,
"Checkout","/orders/f07b4b44a4171954ed37c24701ec5f6f",1,1,0,0,0,0,1,,0,0,0,0,1,1,,1,1,1,0,0,0,0,1,,0,0,0,0,1,1,,1,0,0,,,,,0,,,,,,0,0,,0
"Product","/products/funwest-cosplay-silicone-ros-157cm-2",1,1,0,0,0,0,1,,0,0,0,1,1,1,,1,1,1,0,0,0,0,1,,0,0,0,1,1,1,,1,0,0,,,,,0,,,,,0,0,0,,0
,"/ja/collections/mlw-doll-head-factory-photos",1,1,0,0,0,0,1,,0,0,0,0,1,1,,1,1,1,0,0,0,0,1,,0,0,0,0,1,1,,1,0,0,,,,,0,,,,,,0,0,,0
"Product","/products/f3399-153cm-5ft44kg-g-cup-tpe-sexy-mature-woman-big-butt-sex-doll-yl-doll",1,1,0,0,0,0,17,,0,0,0,395,17,0,,0,1,1,0,0,0,0,17,,0,0,0,395,17,0,,0,0,0,,,,,0,,,,,0,0,,,
"Collection","/collections/top-cydoll-videos",1,1,0,0,0,0,1,,0,0,0,0,1,1,,1,1,1,0,0,0,0,1,,0,0,0,0,1,1,,1,0,0,,,,,0,,,,,,0,0,,0
"Blog Article","/blogs/dolls-info-qustions/what-to-think-about-before-buying-a-torso-dildo",1,1,0,0,0,0,5,,0,0,0,260,5,0,,0,1,1,0,0,0,0,5,,0,0,0,260,5,0,,0,0,0,,,,,0,,,,,0,0,,,
,"/ja/blogs/dolls-info-qustions/bbw-love-doll-review-climax-t17-doggystyle-bbw-love-doll-torso",1,1,0,0,0,0,1,,0,0,0,0,1,1,,1,1,1,0,0,0,0,1,,0,0,0,0,1,1,,1,0,0,,,,,0,,,,,,0,0,,0
,"/en-ca/collections/bbw-new-product",1,1,0,0,0,0,2,,0,0,0,5,2,0,,0,1,1,0,0,0,0,2,,0,0,0,5,2,0,,0,0,0,,,,,0,,,,,0,0,,,
,"/en-ca/collections/top-cydoll",1,1,0,0,0,0,2,,0,0,0,232,2,0,,0,1,1,0,0,0,0,2,,0,0,0,232,2,0,,0,0,0,,,,,0,,,,,0,0,,,
"Product","/products/f2233-150cm-4ft9-a-cup-realistic-tpe-sex-doll-sy-doll",1,1,0,0,0,0,5,,0,0,0,654,5,0,,0,1,1,0,0,0,0,5,,0,0,0,654,5,0,,0,0,0,,,,,0,,,,,0,0,,,
"Product","/products/f6261-164cm-5ft4-36kg-g-cup-silicone-asian-sex-doll-firefly-diary",1,1,1,0,0,0,2,,1,0,0,31,2,0,,0,1,1,1,0,0,0,2,,1,0,0,31,2,0,,0,0,0,0,,,,0,,0,,,0,0,,,
"Product","/products/f2195-157cm5-2ft-g-cup-tpe-japanese-sun-kissed-beauty-young-sex-doll-amy-fun-west-doll",1,1,0,0,0,0,3,,0,0,0,9,3,0,,0,1,1,0,0,0,0,3,,0,0,0,9,3,0,,0,0,0,,,,,0,,,,,0,0,,,
"Product","/products/a410-22lbsexy-and-real-realistic-ass-chubby-masturbator-sex-doll-torso",1,1,0,0,0,0,51,,0,0,0,1995,51,0,,0,1,1,0,0,0,0,51,,0,0,0,1995,51,0,,0,0,0,,,,,0,,,,,0,0,,,
"Product","/products/f3599-162cm5-3ft-35kg-e-cup-asian-tpe-sex-doll%E4%B8%A8wm-doll",1,1,1,0,0,0,25,,1,0,0,2423,25,0,,0,1,1,1,0,0,0,25,,1,0,0,2423,25,0,,0,0,0,0,,,,0,,0,,,0,0,,,
,"/ja/blogs/dolls-info-qustions/how-to-choose-the-most-suitable-size-of-mini-sex-doll-torso",1,1,0,0,0,0,1,,0,0,0,0,1,1,,1,1,1,0,0,0,0,1,,0,0,0,0,1,1,,1,0,0,,,,,0,,,,,,0,0,,0
"Product","/products/f704-161cm5ft3-33kg-e-cup-penny-black-silicone-realistic-sex-doll",1,1,0,0,0,0,1,,0,0,0,0,1,1,,1,1,1,0,0,0,0,1,,0,0,0,0,1,1,,1,0,0,,,,,0,,,,,,0,0,,0
,"/en-ca/products/f2522-159cm5-2ft-37kg-a-cup-lyra-realistic-silicone-sex-doll-fun-west-doll",1,1,0,0,0,0,1,,0,0,0,0,1,1,,1,1,1,0,0,0,0,1,,0,0,0,0,1,1,,1,0,0,,,,,0,,,,,,0,0,,0
"Blog Article","/blogs/dolls-info-qustions/how-to-use-huge-tits-sex-doll",1,1,0,0,0,0,1,,0,0,0,0,1,1,,1,1,1,0,0,0,0,1,,0,0,0,0,1,1,,1,0,0,,,,,0,,,,,,0,0,,0
,"/en-ca/blogs/dolls-info-qustions/fake-penis-vs-real-penis-whats-the-real-difference",1,1,0,0,0,0,1,,0,0,0,0,1,1,,1,1,1,0,0,0,0,1,,0,0,0,0,1,1,,1,0,0,,,,,0,,,,,,0,0,,0
"Product","/products/p383-fake-sexy-pussy-100-genuine-notye",1,1,0,0,0,0,6,,0,0,0,73,6,0,,0,1,1,0,0,0,0,6,,0,0,0,73,6,0,,0,0,0,,,,,0,,,,,0,0,,,
,"/de/blogs/sex-doll-option-videos/video-11-electric-hip-and-waist",1,1,0,0,0,0,4,,0,0,0,161,4,0,,0,1,1,0,0,0,0,4,,0,0,0,161,4,0,,0,0,0,,,,,0,,,,,0,0,,,
,"/en-ca/products/f2011-157cm5-1ft-28-6kg-b-cup-asian-tpe-sex-doll%E4%B8%A8wm-doll",1,1,0,0,0,0,1,,0,0,0,0,1,1,,1,1,1,0,0,0,0,1,,0,0,0,0,1,1,,1,0,0,,,,,0,,,,,,0,0,,0
"Collection","/collections/silicone-torso-sex-doll-in-stock-usa",1,1,0,0,0,0,2,,0,0,0,102,2,0,,0,1,1,0,0,0,0,2,,0,0,0,102,2,0,,0,0,0,,,,,0,,,,,0,0,,,
,"/en-ca/blogs/dolls-info-qustions/sex-doll-movies",1,1,0,0,0,0,1,,0,0,0,0,1,1,,1,1,1,0,0,0,0,1,,0,0,0,0,1,1,,1,0,0,,,,,0,,,,,,0,0,,0
,"/ja/collections/big-ass-sex-doll-torso",1,1,0,0,0,0,1,,0,0,0,0,1,1,,1,1,1,0,0,0,0,1,,0,0,0,0,1,1,,1,0,0,,,,,0,,,,,,0,0,,0
"Product","/products/f3774-153cm-5ft44kg-g-cup-tpe-sexy-mature-woman-big-butt-sex-doll-yl-doll",1,1,0,0,0,0,1,,0,0,0,0,1,1,,1,1,1,0,0,0,0,1,,0,0,0,0,1,1,,1,0,0,,,,,0,,,,,,0,0,,0
"Product","/products/519-20-28lb-curvy-lightweight-55cm-sex-doll-torso",1,1,1,0,0,0,11,,1,0,0,1792,11,0,,0,1,1,1,0,0,0,11,,1,0,0,1792,11,0,,0,0,0,0,,,,0,,0,,,0,0,,,
"Blog Article","/blogs/dolls-info-qustions/lesbian-beginners-guide-how-to-use-lesbian-sex-dolls",1,1,0,0,0,0,1,,0,0,0,0,1,1,,1,1,1,0,0,0,0,1,,0,0,0,0,1,1,,1,0,0,,,,,0,,,,,,0,0,,0
"Collection","/collections/rosretty-doll-factory-photos",1,1,0,0,0,0,5,,0,0,0,139,5,0,,0,1,1,0,0,0,0,5,,0,0,0,139,5,0,,0,0,0,,,,,0,,,,,0,0,,,
,"/en-ca/products/f4291-163cm5ft3-34kg-c-cup-asian-tpe-sex-doll-wm-doll",1,1,0,0,0,0,5,,0,0,0,139,5,0,,0,1,1,0,0,0,0,5,,0,0,0,139,5,0,,0,0,0,,,,,0,,,,,0,0,,,
"Blog Article","/blogs/dolls-info-qustions/what-is-the-difference-between-ai-sex-dolls-and-sex-robots",1,1,0,0,0,0,1,,0,0,0,0,1,1,,1,1,1,0,0,0,0,1,,0,0,0,0,1,1,,1,0,0,,,,,0,,,,,,0,0,,0
"Collection","/collections/best-sellers-in-torso",1,1,0,0,0,0,1,,0,0,0,0,1,1,,1,1,1,0,0,0,0,1,,0,0,0,0,1,1,,1,0,0,,,,,0,,,,,,0,0,,0
,"/de/blogs/dolls-info-qustions/why-the-sound-of-vibration-is-the-soul-of-a-sex-toy",1,1,0,0,0,0,1,,0,0,0,0,1,1,,1,1,1,0,0,0,0,1,,0,0,0,0,1,1,,1,0,0,,,,,0,,,,,,0,0,,0
"Product","/products/f2398-humanoid-sex-robots-irontech-doll",1,1,0,0,0,0,1,,0,0,0,0,1,1,,1,1,1,0,0,0,0,1,,0,0,0,0,1,1,,1,0,0,,,,,0,,,,,,0,0,,0
,"/en-fi/blogs/dolls-info-qustions/the-hot-item-of-the-year-is-coming-caste-dolls-new-hentai-sex-doll-is-on-the-shelves",1,1,0,0,0,0,1,,0,0,0,0,1,1,,1,1,1,0,0,0,0,1,,0,0,0,0,1,1,,1,0,0,,,,,0,,,,,,0,0,,0
"Collection","/collections/lilydoll-factory-photos",1,1,0,0,0,0,16,,0,0,0,990,16,0,,0,1,1,0,0,0,0,16,,0,0,0,990,16,0,,0,0,0,,,,,0,,,,,0,0,,,
"Product","/products/t289-79-37-lbs-lydia-ros-life-size-silicone-sex-doll-torso-with-head-in-stock-usa-europe-max-series",1,1,0,0,0,0,18,,0,0,0,1460,18,0,,0,1,1,0,0,0,0,18,,0,0,0,1460,18,0,,0,0,0,,,,,0,,,,,0,0,,,
"Checkout","/checkouts/cn/hWNE9gjjucVINoaMdvoaXOrJ/en-us",1,1,0,1,0,0,1,0,0,1,0,0,1,0,,0,1,1,0,1,0,0,1,0,0,1,0,0,1,0,,0,0,0,,0,,,0,,,0,,,0,,,
"Product","/products/f8144-150cm4-9ft-27-6kg-f-cup-ros-max-r8-black-silicone-sex-doll-real-lady",1,1,0,0,0,0,2,,0,0,0,47,2,0,,0,1,1,0,0,0,0,2,,0,0,0,47,2,0,,0,0,0,,,,,0,,,,,0,0,,,
,"/ja/collections/fake-ass-500-999",1,1,0,0,0,0,1,,0,0,0,9,1,1,,1,1,1,0,0,0,0,1,,0,0,0,9,1,1,,1,0,0,,,,,0,,,,,0,0,0,,0
"Product","/products/f3652-160cm-5ft3-doris-arnold-d-cup-silicone-big-butt-pure-sexy-chinese-girl-sex-doll-cst-doll",1,1,0,0,0,0,1,,0,0,0,0,1,1,,1,1,1,0,0,0,0,1,,0,0,0,0,1,1,,1,0,0,,,,,0,,,,,,0,0,,0
"Product","/products/t68-human-size-silicone-torso-sex-doll",1,1,0,0,0,0,1,,0,0,0,0,1,1,,1,1,1,0,0,0,0,1,,0,0,0,0,1,1,,1,0,0,,,,,0,,,,,,0,0,,0
,"/en-ca/products/f6259-165cm5ft4-36kg-large-breasts-tpe-realistic-sex-doll-rui-mei",1,1,0,0,0,0,3,,0,0,0,32,3,0,,0,1,1,0,0,0,0,3,,0,0,0,32,3,0,,0,0,0,,,,,0,,,,,0,0,,,
"Product","/products/ironai-ros-silicone-blowjob-head-h902",1,1,0,0,0,0,1,,0,0,0,0,1,1,,1,1,1,0,0,0,0,1,,0,0,0,0,1,1,,1,0,0,,,,,0,,,,,,0,0,,0
,"/en-ca/products/a798-big-butt-realistic-sex-torso-climax-doll",1,1,0,0,0,0,6,,0,0,0,172,6,0,,0,1,1,0,0,0,0,6,,0,0,0,172,6,0,,0,0,0,,,,,0,,,,,0,0,,,
"Collection","/collections/big-ass-sex-doll-1000-1999",1,1,0,0,0,0,13,,0,0,0,719,13,0,,0,1,1,0,0,0,0,13,,0,0,0,719,13,0,,0,0,0,,,,,0,,,,,0,0,,,
"Blog Article","/blogs/featured-blog/how-to-properly-dry-the-sex-doll-torso-keep-her-body-vagina-anus-fresh-and-clean",1,1,0,0,0,0,3,,0,0,0,348,3,0,,0,1,1,0,0,0,0,3,,0,0,0,348,3,0,,0,0,0,,,,,0,,,,,0,0,,,
"Collection","/collections/gaming-celebrities",1,1,0,0,0,0,6,,0,0,0,55,6,0,,0,1,1,0,0,0,0,6,,0,0,0,55,6,0,,0,0,0,,,,,0,,,,,0,0,,,
"Blog Article","/blogs/dolls-info-qustions/lusandy-doll-redefining-realism-and-the-warmth-of-companionship",1,1,0,0,0,0,1,,0,0,0,0,1,1,,1,1,1,0,0,0,0,1,,0,0,0,0,1,1,,1,0,0,,,,,0,,,,,,0,0,,0
"Collection","/collections/human-size-torso-sex-doll",1,1,0,0,0,0,2,,0,0,0,18,2,0,,0,1,1,0,0,0,0,2,,0,0,0,18,2,0,,0,0,0,,,,,0,,,,,0,0,,,
"Product","/products/h858-silicone-sex-doll-head-elsa-babe-head",1,1,0,0,0,0,9,,0,0,0,112,9,0,,0,1,1,0,0,0,0,9,,0,0,0,112,9,0,,0,0,0,,,,,0,,,,,0,0,,,
"Product","/products/52357-32lb-80cm-sex-doll-torso-with-luxurious-breasts-and-sexy-thin-waist",1,1,0,0,0,0,9,,0,0,0,628,9,0,,0,1,1,0,0,0,0,9,,0,0,0,628,9,0,,0,0,0,,,,,0,,,,,0,0,,,
"Checkout","/checkouts/cn/hWNEDCEo7sAuPPs9QxD7y8Tk/en-au",1,1,0,1,0,0,1,0,0,1,0,0,1,0,,0,1,1,0,1,0,0,1,0,0,1,0,0,1,0,,0,0,0,,0,,,0,,,0,,,0,,,
"Product","/products/f2233-150cm-4ft9-a-cup-ultra-realistic-mini-tpe-sex-doll-petite-body-with-lifelike-features-sy-doll",1,1,0,0,0,0,2,,0,0,0,89,2,0,,0,1,1,0,0,0,0,2,,0,0,0,89,2,0,,0,0,0,,,,,0,,,,,0,0,,,
"Product","/products/f2010-157cm5-1ft-28-6-b-cup-european-tpe-sex-doll%E4%B8%A8wm-doll",1,1,0,0,0,0,1,,0,0,0,0,1,1,,1,1,1,0,0,0,0,1,,0,0,0,0,1,1,,1,0,0,,,,,0,,,,,,0,0,,0
"Product","/products/t908k-giant-sex-doll-bbw-torso-climax",1,1,0,0,0,0,2,,0,0,0,56,2,0,,0,1,1,0,0,0,0,2,,0,0,0,56,2,0,,0,0,0,,,,,0,,,,,0,0,,,
"Product","/products/ka010-pvc-head-stand",1,1,0,0,0,0,10,,0,0,0,479,10,0,,0,1,1,0,0,0,0,10,,0,0,0,479,10,0,,0,0,0,,,,,0,,,,,0,0,,,
"Product","/products/f1069-157cm-tpe-sex-doll-fun-west-doll",1,1,0,0,0,0,1,,0,0,0,1,1,1,,1,1,1,0,0,0,0,1,,0,0,0,1,1,1,,1,0,0,,,,,0,,,,,0,0,0,,0
,"/en-ca/products/v24-silicone-fleshlight-foot-with-toe-detail-and-soft-insert-tunnel",1,1,0,0,0,0,3,,0,0,0,629,3,0,,0,1,1,0,0,0,0,3,,0,0,0,629,3,0,,0,0,0,,,,,0,,,,,0,0,,,
,"/en-ca/blogs/dolls-info-qustions/a",1,1,0,0,0,0,1,,0,0,0,0,1,1,,1,1,1,0,0,0,0,1,,0,0,0,0,1,1,,1,0,0,,,,,0,,,,,,0,0,,0
,"/en-fi/blogs/dolls-info-qustions/reasons-of-foot-fetishes",1,1,0,0,0,0,1,,0,0,0,0,1,1,,1,1,1,0,0,0,0,1,,0,0,0,0,1,1,,1,0,0,,,,,0,,,,,,0,0,,0
"Collection","/collections/tpe-body-silicone-head",1,1,0,0,0,0,3,,0,0,0,290,3,0,,0,1,1,0,0,0,0,3,,0,0,0,290,3,0,,0,0,0,,,,,0,,,,,0,0,,,
"Blog Article","/blogs/dolls-info-qustions/prepare-for-sex-with-a-male-sex-doll-torso-6-steps",1,1,0,0,0,0,1,,0,0,0,0,1,1,,1,1,1,0,0,0,0,1,,0,0,0,0,1,1,,1,0,0,,,,,0,,,,,,0,0,,0
,"/en-fi/products/t706-70-54lb-lifesize-vibrating-sucking-sex-doll-torso-luxury-sexiest-stripper-plump-hot-sex-toy-for-man",1,1,0,0,0,0,1,,0,0,0,0,1,1,,1,1,1,0,0,0,0,1,,0,0,0,0,1,1,,1,0,0,,,,,0,,,,,,0,0,,0
,"/en-ca/products/p379-3-86lb-anime-fake-pussy-medusa-silicone-hentai-sex-doll-mrl",1,1,0,0,0,0,2,,0,0,0,30,2,0,,0,1,1,0,0,0,0,2,,0,0,0,30,2,0,,0,0,0,,,,,0,,,,,0,0,,,
,"/de/collections/mini-torso",1,1,0,0,0,0,3,,0,0,0,713,3,0,,0,1,1,0,0,0,0,3,,0,0,0,713,3,0,,0,0,0,,,,,0,,,,,0,0,,,
"Blog Article","/blogs/real-sex-doll-reviews-pros-cons-real-usage-tests/are-aitia-1-1-real-person-replica-asian-sex-dolls-worth-buying-a-complete-review-of-6-celebrity-sex-dolls",1,1,0,0,0,0,2,,0,0,0,230,2,0,,0,1,1,0,0,0,0,2,,0,0,0,230,2,0,,0,0,0,,,,,0,,,,,0,0,,,
,"/en-fi/collections/fantasy-sex-doll-heads",1,1,0,0,0,0,4,,0,0,0,478,4,0,,0,1,1,0,0,0,0,4,,0,0,0,478,4,0,,0,0,0,,,,,0,,,,,0,0,,,
"Blog Article","/blogs/dolls-info-qustions/best-3-dressing-ways-to-show-off-your-big-boobs-sex-doll",1,1,0,0,0,0,1,,0,0,0,0,1,1,,1,1,1,0,0,0,0,1,,0,0,0,0,1,1,,1,0,0,,,,,0,,,,,,0,0,,0
,"/en-ca/products/ironai-ros-silicone-blowjob-head-h903",1,1,0,0,0,0,7,,0,0,0,358,7,0,,0,1,1,0,0,0,0,7,,0,0,0,358,7,0,,0,0,0,,,,,0,,,,,0,0,,,
,"/en-ca/products/t502-big-boobs-sex-torso-21lb-tpe-round-ass",1,1,0,0,0,0,1,,0,0,0,0,1,1,,1,1,1,0,0,0,0,1,,0,0,0,0,1,1,,1,0,0,,,,,0,,,,,,0,0,,0
,"/en-ca/products/f4617-180cm-5ft10-55kg-femboy-full-size-sex-with-silicone-male-sex-doll-qita-doll",1,1,0,0,0,0,1,,0,0,0,0,1,1,,1,1,1,0,0,0,0,1,,0,0,0,0,1,1,,1,0,0,,,,,0,,,,,,0,0,,0
"Collection","/collections/sci-fi-alien-sex-doll",1,1,0,0,0,0,4,,0,0,0,42,4,0,,0,1,1,0,0,0,0,4,,0,0,0,42,4,0,,0,0,0,,,,,0,,,,,0,0,,,
,"/en-ca/products/f1720-151cm-4ft9-b-cup-petite-silicone-sex-doll-starpery-doll",1,1,0,0,0,0,1,,0,0,0,0,1,1,,1,1,1,0,0,0,0,1,,0,0,0,0,1,1,,1,0,0,,,,,0,,,,,,0,0,,0
,"/en-fi/blogs/dolls-info-qustions/what-is-the-experience-like-with-a-big-ass-sex-doll-real-feelings-in-depth-review",1,1,0,0,0,0,2,,0,0,0,46,2,0,,0,1,1,0,0,0,0,2,,0,0,0,46,2,0,,0,0,0,,,,,0,,,,,0,0,,,
,"/en-ca/blogs/dolls-info-qustions/bringing-fantasies-to-life-the-ultimate-sex-doll-roleplay-experience",1,1,0,0,0,0,1,,0,0,0,0,1,1,,1,1,1,0,0,0,0,1,,0,0,0,0,1,1,,1,0,0,,,,,0,,,,,,0,0,,0
"Product","/products/f3905-159cm5-2ft-37kg-a-cup-white-amy-realistic-silicone-sex-doll-with-natural-soft-features-fun-west-doll",1,1,0,0,0,0,1,,0,0,0,0,1,1,,1,1,1,0,0,0,0,1,,0,0,0,0,1,1,,1,0,0,,,,,0,,,,,,0,0,,0
,"/ja/collections/8%20Men%20Reveal%20What%20They%20Really%20Think%20Of%20Women%20With%20Big%20Butts",1,1,0,0,0,0,1,,0,0,0,0,1,1,,1,1,1,0,0,0,0,1,,0,0,0,0,1,1,,1,0,0,,,,,0,,,,,,0,0,,0
"Product","/products/f1487-160cm5ft3-45-2kg-l-cup-josie-celebrity-tpe-sex-doll-climax-doll",1,1,0,0,0,0,1,,0,0,0,0,1,1,,1,1,1,0,0,0,0,1,,0,0,0,0,1,1,,1,0,0,,,,,0,,,,,,0,0,,0
"Blog Article","/blogs/featured-blog/exploring-the-unique-appeal-and-features-of-torso-sex-dolls",1,1,0,0,0,0,1,,0,0,0,0,1,1,,1,1,1,0,0,0,0,1,,0,0,0,0,1,1,,1,0,0,,,,,0,,,,,,0,0,,0
"Product","/products/f6149-158cm-5ft2-35kg-g-cup-asian-realistic-silicone-sex-doll-irontech-doll",1,1,0,0,0,0,1,,0,0,0,0,1,1,,1,1,1,0,0,0,0,1,,0,0,0,0,1,1,,1,0,0,,,,,0,,,,,,0,0,,0
"Blog Article","/blogs/dolls-info-qustions/the-big-ass-sex-toy-craze-why-men-are-obsessed-with-full-hipped-dolls",1,1,0,0,0,0,1,,0,0,0,0,1,1,,1,1,1,0,0,0,0,1,,0,0,0,0,1,1,,1,0,0,,,,,0,,,,,,0,0,,0
"Custom Page","/pages/wish-list",1,1,0,0,0,0,1,,0,0,0,0,1,1,,1,1,1,0,0,0,0,1,,0,0,0,0,1,1,,1,0,0,,,,,0,,,,,,0,0,,0
"Product","/products/t621-30-3lb-7-1inch-big-penis-trans-sex-doll-torso%E4%B8%A8tantaly",1,1,0,0,0,0,7,,0,0,0,290,7,0,,0,1,1,0,0,0,0,7,,0,0,0,290,7,0,,0,0,0,,,,,0,,,,,0,0,,,
"Product","/products/f4768-155rcm5-1ft-37kg-2-0-a-cup-robot-silicone-head-adult-asian-chinese-sex-doll-bezlya-doll",1,1,0,0,0,0,18,,0,0,0,572,18,0,,0,1,1,0,0,0,0,18,,0,0,0,572,18,0,,0,0,0,,,,,0,,,,,0,0,,,
,"/en-ca/blogs/dolls-info-qustions/hidden-art-sex-doll-torsos-and-astonishing-storage-hacks",1,1,0,0,0,0,2,,0,0,0,82,2,0,,0,1,1,0,0,0,0,2,,0,0,0,82,2,0,,0,0,0,,,,,0,,,,,0,0,,,
"Product","/products/f7680-150cm4ft9-37-6kg-l-cup-s-tpe-gel-filled-big-breasts-life-size-anime-bbw-sex-doll-eliya-irokebijin-doll",1,1,0,0,0,0,8,,0,0,0,80,8,0,,0,1,1,0,0,0,0,8,,0,0,0,80,8,0,,0,0,0,,,,,0,,,,,0,0,,,
"Collection","/collections/foot-toy",1,1,0,0,0,0,1,,0,0,0,0,1,1,,1,1,1,0,0,0,0,1,,0,0,0,0,1,1,,1,0,0,,,,,0,,,,,,0,0,,0
"Product","/products/f5576-153cm5ft-34kg-h-cup-chubby-life-size-tpe-sex-doll-aibei-doll",1,1,0,0,0,0,11,,0,0,0,1950,11,0,,0,1,1,0,0,0,0,11,,0,0,0,1950,11,0,,0,0,0,,,,,0,,,,,0,0,,,
"Product","/products/t332-65lb-105cm-e-cup-hao-hard-head-silicone-sex-doll-torso-starpery-doll",1,1,0,0,0,0,1,,0,0,0,0,1,1,,1,1,1,0,0,0,0,1,,0,0,0,0,1,1,,1,0,0,,,,,0,,,,,,0,0,,0
"Product","/products/f6131-159cm-5ft3-36kg-c-cup-lifelike-silicone-head-tpe-body-sex-doll-rosretty-doll",1,1,0,0,0,0,1,,0,0,0,0,1,1,,1,1,1,0,0,0,0,1,,0,0,0,0,1,1,,1,0,0,,,,,0,,,,,,0,0,,0
"Blog Article","/blogs/dolls-info-qustions/6-budget-sex-dolls-under-1-000-affordable-without-sacrificing-quality",1,1,0,0,0,0,1,,0,0,0,0,1,1,,1,1,1,0,0,0,0,1,,0,0,0,0,1,1,,1,0,0,,,,,0,,,,,,0,0,,0
"Product","/products/f6211-165cm-5ft4-37kg-a-cup-silicone-halloween-sex-doll-small-breasts-firefly-diary-max",1,1,0,0,0,0,1,,0,0,0,0,1,1,,1,1,1,0,0,0,0,1,,0,0,0,0,1,1,,1,0,0,,,,,0,,,,,,0,0,,0
"Product","/products/f4677-150cm-4ft928kg-ariel-j-cup-mini-realistic-young-silicone-sex-doll-piper-doll",1,1,0,0,0,0,1,,0,0,0,0,1,1,,1,1,1,0,0,0,0,1,,0,0,0,0,1,1,,1,0,0,,,,,0,,,,,,0,0,,0
,"/en-ca/products/f4741-153cm31kg-b-cup-silicone-head-movable-jaw-sle-body-realistic-silicone-sex-dolls-for-men-in-stock-usa-canada-zelex-doll",1,1,0,0,0,0,1,,0,0,0,0,1,1,,1,1,1,0,0,0,0,1,,0,0,0,0,1,1,,1,0,0,,,,,0,,,,,,0,0,,0
"Product","/products/f2264-163cm-f-cup-cara-blonde-silicone-sex-doll-normon-doll",1,1,0,0,0,0,2,,0,0,0,12,2,0,,0,1,1,0,0,0,0,2,,0,0,0,12,2,0,,0,0,0,,,,,0,,,,,0,0,,,
"Product","/products/f1863k-164cm5ft4-g-cup-saya-life-size-sex-doll-irontech-doll",1,1,0,0,0,0,1,,0,0,0,0,1,1,,1,1,1,0,0,0,0,1,,0,0,0,0,1,1,,1,0,0,,,,,0,,,,,,0,0,,0
"Blog Article","/blogs/dolls-info-qustions/how-to-pick-a-fake-pussy-and-sex-doll-torso",1,1,0,0,0,0,2,,0,0,0,0,2,0,,0,1,1,0,0,0,0,2,,0,0,0,0,2,0,,0,0,0,,,,,0,,,,,,0,,,
"Product","/products/t402-34-61lb-61cm-6-29-dildo-electric-male-sex-doll-torso-adult-toys-for-female",1,1,0,0,0,0,4,,0,0,0,81,4,0,,0,1,1,0,0,0,0,4,,0,0,0,81,4,0,,0,0,0,,,,,0,,,,,0,0,,,
"Product","/products/f2450-164cm5ft4-42kg-e-cup-blonde-girl-silicone-sex-doll-irontech-doll",1,1,0,0,0,0,1,,0,0,0,0,1,1,,1,1,1,0,0,0,0,1,,0,0,0,0,1,1,,1,0,0,,,,,0,,,,,,0,0,,0
,"/en-ca/products/f8199-158cm5ft2-32kg-f-cup-ab23-ros-silicone-sex-doll-aibei-doll-luxe",1,1,0,0,0,0,1,,0,0,0,0,1,1,,1,1,1,0,0,0,0,1,,0,0,0,0,1,1,,1,0,0,,,,,0,,,,,,0,0,,0
,"/en-ca/pages/sex-doll-gif",1,1,0,0,0,0,1,,0,0,0,0,1,1,,1,1,1,0,0,0,0,1,,0,0,0,0,1,1,,1,0,0,,,,,0,,,,,,0,0,,0
,"/en-ca/blogs/sex-doll-torso-blog/5-ways-to-pick-the-fitted-sex-doll-torso",1,1,0,0,0,0,1,,0,0,0,0,1,1,,1,1,1,0,0,0,0,1,,0,0,0,0,1,1,,1,0,0,,,,,0,,,,,,0,0,,0
,"/de/blogs/dolls-info-qustions/why-do-people-own-sex-dolls",1,1,0,0,0,0,1,,0,0,0,0,1,1,,1,1,1,0,0,0,0,1,,0,0,0,0,1,1,,1,0,0,,,,,0,,,,,,0,0,,0
,"/en-ca/products/f4004-161cm-5ft352-5kg-h-cup-best-fat-big-ass-breasts-life-size-bbw-silicone-super-fat-big-belly-sex-doll-starpery-doll",1,1,0,0,0,0,1,,0,0,0,0,1,1,,1,1,1,0,0,0,0,1,,0,0,0,0,1,1,,1,0,0,,,,,0,,,,,,0,0,,0
,"/en-ca/collections/anime-sex-doll-heads",1,1,0,0,0,0,1,,0,0,0,0,1,1,,1,1,1,0,0,0,0,1,,0,0,0,0,1,1,,1,0,0,,,,,0,,,,,,0,0,,0
"Product","/products/t346-3-86lb-muscle-tail-anime-fake-pussy-silicone-tomboy-furry-hentai-sex-doll-mrl",1,1,0,0,0,0,1,,0,0,0,0,1,1,,1,1,1,0,0,0,0,1,,0,0,0,0,1,1,,1,0,0,,,,,0,,,,,,0,0,,0
,"/de/blogs/dolls-info-qustions/how-deep-is-the-vagina-5-key-things-you-need-to-know-about-the-vagina",1,1,0,0,0,0,1,,0,0,0,0,1,1,,1,1,1,0,0,0,0,1,,0,0,0,0,1,1,,1,0,0,,,,,0,,,,,,0,0,,0
"Product","/products/judy-rona-dildo-male-masturbator-12lb-18cm",1,1,0,0,0,0,20,,0,0,0,1173,20,0,,0,1,1,0,0,0,0,20,,0,0,0,1173,20,0,,0,0,0,,,,,0,,,,,0,0,,,
"Product","/products/f4710a-150cm4ft9-45kg-j-cup-lightweight-large-breast-tpe-fat-bbw-big-booty-sex-doll-doll-castle",1,1,0,0,0,0,2,,0,0,0,13,2,0,,0,1,1,0,0,0,0,2,,0,0,0,13,2,0,,0,0,0,,,,,0,,,,,0,0,,,
"Collection","/collections/sy-doll-factory-photos",1,1,0,0,0,0,1,,0,0,0,0,1,1,,1,1,1,0,0,0,0,1,,0,0,0,0,1,1,,1,0,0,,,,,0,,,,,,0,0,,0
,"/de/blogs/dolls-info-qustions/is-a-fully-loose-skeleton-full-body-doll-worth-it",1,1,0,0,0,0,1,,0,0,0,0,1,1,,1,1,1,0,0,0,0,1,,0,0,0,0,1,1,,1,0,0,,,,,0,,,,,,0,0,,0
,"/en-ca/blogs/dolls-info-qustions/se-doll-new-oral-robot-sex-doll-realistic-oral-experience",1,1,0,0,0,0,1,,0,0,0,0,1,1,,1,1,1,0,0,0,0,1,,0,0,0,0,1,1,,1,0,0,,,,,0,,,,,,0,0,,0
"Product","/products/t690-86lbsuntan-tpe-mega-torso-sex-toy",1,1,0,0,0,0,1,,0,0,0,0,1,1,,1,1,1,0,0,0,0,1,,0,0,0,0,1,1,,1,0,0,,,,,0,,,,,,0,0,,0
,"/en-ca/collections/budget-friendly-life-size-sex-dolls-torsos-flat-20-discount-today",1,1,0,0,0,0,1,,0,0,0,0,1,1,,1,1,1,0,0,0,0,1,,0,0,0,0,1,1,,1,0,0,,,,,0,,,,,,0,0,,0
"Product","/products/f5577-150cm4ft9-33kg-f-cup-life-size-tpe-sex-doll-aibei-doll",1,1,0,0,0,0,1,,0,0,0,0,1,1,,1,1,1,0,0,0,0,1,,0,0,0,0,1,1,,1,0,0,,,,,0,,,,,,0,0,,0
"Collection","/collections/il-doll",1,1,0,0,0,0,1,,0,0,0,0,1,1,,1,1,1,0,0,0,0,1,,0,0,0,0,1,1,,1,0,0,,,,,0,,,,,,0,0,,0
,"/en-ca/collections/loli-sex-dolls",1,1,0,0,0,0,1,,0,0,0,0,1,1,,1,1,1,0,0,0,0,1,,0,0,0,0,1,1,,1,0,0,,,,,0,,,,,,0,0,,0
,"/de/blogs/dolls-info-qustions/unlocking-private-desires-the-secrets-of-torso-sex-doll-10-inch-dildo",1,1,0,0,0,0,1,,0,0,0,0,1,1,,1,1,1,0,0,0,0,1,,0,0,0,0,1,1,,1,0,0,,,,,0,,,,,,0,0,,0
,"/en-ca/collections/huge-breast-post-torso",1,1,0,0,0,0,5,,0,0,0,200,5,0,,0,1,1,0,0,0,0,5,,0,0,0,200,5,0,,0,0,0,,,,,0,,,,,0,0,,,
,"/en-ca/collections/ass-mini-male-sex-doll",1,1,0,0,0,0,1,,0,0,0,0,1,1,,1,1,1,0,0,0,0,1,,0,0,0,0,1,1,,1,0,0,,,,,0,,,,,,0,0,,0
,"/de/collections/new-arrivals",1,1,0,0,0,0,1,,0,0,0,0,1,1,,1,1,1,0,0,0,0,1,,0,0,0,0,1,1,,1,0,0,,,,,0,,,,,,0,0,,0
"Product","/products/f5694-161cm5ft3-34kg-aryana-c-e-cup-silicone-buy-robot-alien-sex-dolls-se-doll",1,1,0,0,0,0,1,,0,0,0,0,1,1,,1,1,1,0,0,0,0,1,,0,0,0,0,1,1,,1,0,0,,,,,0,,,,,,0,0,,0
"Product","/products/f3705-161cm5-3ft-kikuchi-f-cup-tpe-young-kimono-european-woman-love-doll-se-doll",1,1,0,0,0,0,1,,0,0,0,0,1,1,,1,1,1,0,0,0,0,1,,0,0,0,0,1,1,,1,0,0,,,,,0,,,,,,0,0,,0
,"/de/collections/best-seller-sex-dolls-1000-1999",1,1,0,0,0,0,2,,0,0,0,5,2,0,,0,1,1,0,0,0,0,2,,0,0,0,5,2,0,,0,0,0,,,,,0,,,,,0,0,,,
,"/de/collections/ros-1-robot-features",1,1,0,0,0,0,1,,0,0,0,0,1,1,,1,1,1,0,0,0,0,1,,0,0,0,0,1,1,,1,0,0,,,,,0,,,,,,0,0,,0
"Product","/products/f3206-164cm-f-cup-s30-big-boobs-doll-irontech-doll",1,1,0,0,0,0,1,,0,0,0,0,1,1,,1,1,1,0,0,0,0,1,,0,0,0,0,1,1,,1,0,0,,,,,0,,,,,,0,0,,0
"Product","/products/lightweight-ass-toy-silicone-8-5lb-a805",1,1,0,0,0,0,1,,0,0,0,0,1,1,,1,1,1,0,0,0,0,1,,0,0,0,0,1,1,,1,0,0,,,,,0,,,,,,0,0,,0
,"/en-ca/blogs/dolls-info-qustions/why-do-men-love-sucking-breasts-reasons-revealed-busty-sex-doll-recommendations",1,1,0,0,0,0,1,,0,0,0,0,1,1,,1,1,1,0,0,0,0,1,,0,0,0,0,1,1,,1,0,0,,,,,0,,,,,,0,0,,0
"Product","/products/f5951-5ft4-robot-silicone-celebrity-sex-doll-irontech-doll",1,1,0,0,0,0,2,,0,0,0,26,2,0,,0,1,1,0,0,0,0,2,,0,0,0,26,2,0,,0,0,0,,,,,0,,,,,0,0,,,
"Collection","/collections/haughty-hentai-sex-doll",1,1,0,0,0,0,5,,0,0,0,547,5,0,,0,1,1,0,0,0,0,5,,0,0,0,547,5,0,,0,0,0,,,,,0,,,,,0,0,,,
"Product","/products/h009-sex-doll-head",1,1,0,0,0,0,4,,0,0,0,423,4,0,,0,1,1,0,0,0,0,4,,0,0,0,423,4,0,,0,0,0,,,,,0,,,,,0,0,,,
"Product","/products/irontech-silicone-doll-164cm-f753",1,1,0,0,0,0,2,,0,0,0,51,2,0,,0,1,1,0,0,0,0,2,,0,0,0,51,2,0,,0,0,0,,,,,0,,,,,0,0,,,
,"/en-fi/products/f4808-164cm-5ft5-37-5kg-g-cup-full-size-realistic-silicone-sex-dollszelex-sle-2-0-in-stock-usa-canada-zelex-doll",1,1,0,0,0,0,1,,0,0,0,0,1,1,,1,1,1,0,0,0,0,1,,0,0,0,0,1,1,,1,0,0,,,,,0,,,,,,0,0,,0
,"/ja/blogs/real-sex-doll-reviews-pros-cons-real-usage-tests/2026-meru-hentai-sex-doll-review-comprehensive-comparison-of-4-hot-models",1,1,0,0,0,0,1,,0,0,0,0,1,1,,1,1,1,0,0,0,0,1,,0,0,0,0,1,1,,1,0,0,,,,,0,,,,,,0,0,,0
"Product","/products/f4832-168cm5-1ft-36kg-b-cup-silicone-head-best-chinese-sex-doll%E4%B8%A8doll-senior",1,1,0,0,0,0,4,,0,0,0,128,4,0,,0,1,1,0,0,0,0,4,,0,0,0,128,4,0,,0,0,0,,,,,0,,,,,0,0,,,
"Blog Article","/blogs/dolls-info-qustions/is-using-sex-dolls-in-a-relationship-considered-cheating",1,1,0,0,0,0,1,,0,0,0,0,1,1,,1,1,1,0,0,0,0,1,,0,0,0,0,1,1,,1,0,0,,,,,0,,,,,,0,0,,0
"Collection","/collections/azm-doll-videos",1,1,0,0,0,0,2,,0,0,0,116,2,0,,0,1,1,0,0,0,0,2,,0,0,0,116,2,0,,0,0,0,,,,,0,,,,,0,0,,,
,"/de/collections/vajankle-foot-fetish-toys",1,1,0,0,0,0,5,,0,0,0,72,5,0,,0,1,1,0,0,0,0,5,,0,0,0,72,5,0,,0,0,0,,,,,0,,,,,0,0,,,
"Product","/products/9155255173359",1,1,0,0,0,0,1,,0,0,0,0,1,1,,1,1,1,0,0,0,0,1,,0,0,0,0,1,1,,1,0,0,,,,,0,,,,,,0,0,,0
"Blog Article","/blogs/dolls-info-qustions/tips-for-having-sex-with-black-sex-dolls",1,1,0,0,0,0,1,,0,0,0,0,1,1,,1,1,1,0,0,0,0,1,,0,0,0,0,1,1,,1,0,0,,,,,0,,,,,,0,0,,0
"Product","/products/f4603-175cm60kg-femboy-real-life-gay-best-male-sex-doll-qita-doll",1,1,0,0,0,0,1,,0,0,0,0,1,1,,1,1,1,0,0,0,0,1,,0,0,0,0,1,1,,1,0,0,,,,,0,,,,,,0,0,,0
"Product","/products/f9427-171cm-36kg-c-cup-sle-celebrity-realistic-sex-doll-zelex-doll",1,1,0,0,0,0,1,,0,0,0,0,1,1,,1,1,1,0,0,0,0,1,,0,0,0,0,1,1,,1,0,0,,,,,0,,,,,,0,0,,0
,"/en-ca/blogs/complete-sex-doll-guide-for-beginners/zero-to-hero-guide-how-first-timers-should-choose-full-body-sex-dolls",1,1,0,0,0,0,1,,0,0,0,0,1,1,,1,1,1,0,0,0,0,1,,0,0,0,0,1,1,,1,0,0,,,,,0,,,,,,0,0,,0
,"/en-ca/products/t659-26-5lbs-realistic-dildo-for-silicone-woman-with-male-sex-doll%E4%B8%A8judy-rona",1,1,0,0,0,0,1,,0,0,0,0,1,1,,1,1,1,0,0,0,0,1,,0,0,0,0,1,1,,1,0,0,,,,,0,,,,,,0,0,,0
"Product","/products/h664-ros-max-silicone-sex-doll-head-real-lady-doll",1,1,0,0,0,0,2,,0,0,0,74,2,0,,0,1,1,0,0,0,0,2,,0,0,0,74,2,0,,0,0,0,,,,,0,,,,,0,0,,,
,"/en-fi/blogs/dolls-info-qustions/what-is-ass-worship-and-why-do-you-need-a-big-ass-torso",1,1,0,0,0,0,1,,0,0,0,0,1,1,,1,1,1,0,0,0,0,1,,0,0,0,0,1,1,,1,0,0,,,,,0,,,,,,0,0,,0
"Blog Article","/blogs/featured-blog/best-sex-dolls-2025-most-popular-and-hottest-on-linkdolls",1,1,0,0,0,0,1,,0,0,0,0,1,1,,1,1,1,0,0,0,0,1,,0,0,0,0,1,1,,1,0,0,,,,,0,,,,,,0,0,,0
,"/en-fi/blogs/dolls-info-qustions/the-ultimate-guide-to-best-stuffed-animal-sex-dolls-in-2025",1,1,0,0,0,0,1,,0,0,0,0,1,1,,1,1,1,0,0,0,0,1,,0,0,0,0,1,1,,1,0,0,,,,,0,,,,,,0,0,,0
,"/de/blogs/recent-brand-updates-new-arrivals-for-sex-dolls/sy-doll-redefining-oral-interaction-for-robotic-sex-dolls",1,1,0,0,0,0,1,,0,0,0,0,1,1,,1,1,1,0,0,0,0,1,,0,0,0,0,1,1,,1,0,0,,,,,0,,,,,,0,0,,0
"Product","/products/h111-sex-doll-head",1,1,0,0,0,0,2,,0,0,0,30,2,0,,0,1,1,0,0,0,0,2,,0,0,0,30,2,0,,0,0,0,,,,,0,,,,,0,0,,,
"Product","/products/t667-20-3lbs-luxury-super-realistic-silicone-torso-sex-doll",1,1,0,0,0,0,8,,0,0,0,271,8,0,,0,1,1,0,0,0,0,8,,0,0,0,271,8,0,,0,0,0,,,,,0,,,,,0,0,,,
,"/en-ca/products/f5425-elsa-babe-hentai-anime-waifu-sex-dolls-silicone-head-150cm-27-5kg",1,1,0,0,0,0,2,,0,0,0,1081,2,0,,0,1,1,0,0,0,0,2,,0,0,0,1081,2,0,,0,0,0,,,,,0,,,,,0,0,,,
"Product","/products/b69-18-8lb-big-breast-vagina-sex-tool",1,1,0,0,0,0,1,,0,0,0,0,1,1,,1,1,1,0,0,0,0,1,,0,0,0,0,1,1,,1,0,0,,,,,0,,,,,,0,0,,0
"Product","/products/f2582-158cm-5ft2-39kg-e-cup-asian-realistic-silicone-sex-doll-irontech-doll",1,1,0,0,0,0,1,,0,0,0,0,1,1,,1,1,1,0,0,0,0,1,,0,0,0,0,1,1,,1,0,0,,,,,0,,,,,,0,0,,0
,"/en-ca/collections/shemale-sex-doll",1,1,0,0,0,0,2,,0,0,0,140,2,0,,0,1,1,0,0,0,0,2,,0,0,0,140,2,0,,0,0,0,,,,,0,,,,,0,0,,,
,"/ja/collections/judy-rona-in-stock-usa",1,1,0,0,0,0,1,,0,0,0,0,1,1,,1,1,1,0,0,0,0,1,,0,0,0,0,1,1,,1,0,0,,,,,0,,,,,,0,0,,0
"Blog Article","/blogs/dolls-info-qustions/top-quality-manufacturers-of-asian-love-dolls",1,1,0,0,0,0,1,,0,0,0,0,1,1,,1,1,1,0,0,0,0,1,,0,0,0,0,1,1,,1,0,0,,,,,0,,,,,,0,0,,0
"Product","/products/f5301-silicone-full-size-big-breast-dolls-life-size-sex-dolls-sineem",1,1,0,0,0,0,11,,0,0,0,2259,11,0,,0,1,1,0,0,0,0,11,,0,0,0,2259,11,0,,0,0,0,,,,,0,,,,,0,0,,,
"Collection","/collections/mini-torso-alien",1,1,0,0,0,0,1,,0,0,0,0,1,1,,1,1,1,0,0,0,0,1,,0,0,0,0,1,1,,1,0,0,,,,,0,,,,,,0,0,,0
"Product","/products/t9065-66lb-7-87-dildo-electric-male-rechargeable-sex-doll-ass-torso-adult-toys-for-female",1,1,1,1,0,0,26,0,1,1,0,2512,26,0,0,0,1,1,1,1,0,0,26,0,1,1,0,2512,26,0,0,0,0,0,0,0,,,0,,0,0,,0,0,,,
,"/en-ca/collections/doll-senior",1,1,0,0,0,0,1,,0,0,0,0,1,1,,1,1,1,0,0,0,0,1,,0,0,0,0,1,1,,1,0,0,,,,,0,,,,,,0,0,,0
"Product","/products/f4890-169cm-big-ass-robot-sex-doll-sexbot-sy-dolls",1,1,0,0,0,0,1,,0,0,0,0,1,1,,1,1,1,0,0,0,0,1,,0,0,0,0,1,1,,1,0,0,,,,,0,,,,,,0,0,,0
,"/en-ca/blogs/dolls-info-qustions/wanna-make-your-sex-doll-look-like-an-anime-character-heres-how",1,1,0,0,0,0,1,,0,0,0,0,1,1,,1,1,1,0,0,0,0,1,,0,0,0,0,1,1,,1,0,0,,,,,0,,,,,,0,0,,0
"Custom Page","/pages/huge-breast-sex-doll-guide",1,1,0,0,0,0,2,,0,0,0,6,2,0,,0,1,1,0,0,0,0,2,,0,0,0,6,2,0,,0,0,0,,,,,0,,,,,0,0,,,
"Product","/products/f3064-zelex-172cm-alexandra-silicone-life-size-sex-doll",1,1,0,0,0,0,3,,0,0,0,7,3,0,,0,1,1,0,0,0,0,3,,0,0,0,7,3,0,,0,0,0,,,,,0,,,,,0,0,,,
"Blog Article","/blogs/dolls-info-qustions/3-sex-toys",1,1,0,0,0,0,1,,0,0,0,0,1,1,,1,1,1,0,0,0,0,1,,0,0,0,0,1,1,,1,0,0,,,,,0,,,,,,0,0,,0
,"/en-ca/collections/lilydoll",1,1,0,0,0,0,1,,0,0,0,0,1,1,,1,1,1,0,0,0,0,1,,0,0,0,0,1,1,,1,0,0,,,,,0,,,,,,0,0,,0
"Product","/products/f2422-168cm-m-cup-shemale-trans-big-dick-musculature-shemale-sex-doll-castle-doll",1,1,0,0,0,0,1,,0,0,0,0,1,1,,1,1,1,0,0,0,0,1,,0,0,0,0,1,1,,1,0,0,,,,,0,,,,,,0,0,,0
,"/en-ca/products/f178-tpe-sex-doll-158cm5ft2",1,1,0,0,0,0,1,,0,0,0,0,1,1,,1,1,1,0,0,0,0,1,,0,0,0,0,1,1,,1,0,0,,,,,0,,,,,,0,0,,0
"Blog Article","/blogs/dolls-info-qustions/the-top-5-most-popular-naked-sex-dolls-in-2025",1,1,0,0,0,0,1,,0,0,0,0,1,1,,1,1,1,0,0,0,0,1,,0,0,0,0,1,1,,1,0,0,,,,,0,,,,,,0,0,,0
,"/en-ca/products/f346-166cm5ft5-33kg-c-cup-premium-boxing-women-tpe-sex-doll-wm-doll",1,1,0,0,0,0,1,,0,0,0,0,1,1,,1,1,1,0,0,0,0,1,,0,0,0,0,1,1,,1,0,0,,,,,0,,,,,,0,0,,0
"Product","/products/t320-e-cup-realistic-sex-doll-torso-climax-doll",1,1,0,0,0,0,1,,0,0,0,0,1,1,,1,1,1,0,0,0,0,1,,0,0,0,0,1,1,,1,0,0,,,,,0,,,,,,0,0,,0
"Product","/products/t678-66lb-fukada-sex-doll-torso-with-round-thigh-silicone-head-torso",1,1,0,0,0,0,1,,0,0,0,0,1,1,,1,1,1,0,0,0,0,1,,0,0,0,0,1,1,,1,0,0,,,,,0,,,,,,0,0,,0
"Product","/products/f6191-41kg-e-cup-monie-fantasy-cute-horse-face-anime-furry-sex-doll-climax-doll-pro",1,1,0,0,0,0,1,,0,0,0,0,1,1,,1,1,1,0,0,0,0,1,,0,0,0,0,1,1,,1,0,0,,,,,0,,,,,,0,0,,0
"Product","/products/f1930k-164cm5ft4-f-cup-lucky-life-size-sex-doll-irontech-doll",1,1,0,0,0,0,94,,0,0,0,6271,94,0,,0,1,1,0,0,0,0,94,,0,0,0,6271,94,0,,0,0,0,,,,,0,,,,,0,0,,,
"Blog Article","/blogs/dolls-info-qustions/sy-sex-dolls-introduction",1,1,0,0,0,0,1,,0,0,0,0,1,1,,1,1,1,0,0,0,0,1,,0,0,0,0,1,1,,1,0,0,,,,,0,,,,,,0,0,,0
"Collection","/collections/dang-xia",1,1,0,0,0,0,1,,0,0,0,0,1,1,,1,1,1,0,0,0,0,1,,0,0,0,0,1,1,,1,0,0,,,,,0,,,,,,0,0,,0
"Product","/products/f5147-163cm-d-cup-ros-silicone-sex-doll-galatea-doll",1,1,0,0,0,0,7,,0,0,0,668,7,0,,0,1,1,0,0,0,0,7,,0,0,0,668,7,0,,0,0,0,,,,,0,,,,,0,0,,,
,"/de/blogs/dolls-info-qustions/how-sci-fi-culture-shapes-the-design-of-alien-sex-dolls",1,1,0,0,0,0,1,,0,0,0,0,1,1,,1,1,1,0,0,0,0,1,,0,0,0,0,1,1,,1,0,0,,,,,0,,,,,,0,0,,0
"Product","/products/f3474-160cm5f3-39kg-f-cup-asian-robotic-silicone-head-medium-butt-sex-doll-aibei-doll",1,1,0,0,0,0,2,,0,0,0,540,2,0,,0,1,1,0,0,0,0,2,,0,0,0,540,2,0,,0,0,0,,,,,0,,,,,0,0,,,
,"/en-ca/blogs/dolls-info-qustions/the-vibration-and-suction-functions-of-automatic-sex-dolls",1,1,0,0,0,0,7,,0,0,0,299,7,0,,0,1,1,0,0,0,0,7,,0,0,0,299,7,0,,0,0,0,,,,,0,,,,,0,0,,,
"Product","/products/f6142-150cm4-9ft-28kg-d-cup-silicone-sex-doll%E4%B8%A8rosretty-doll",1,1,0,0,0,0,1,,0,0,0,0,1,1,,1,1,1,0,0,0,0,1,,0,0,0,0,1,1,,1,0,0,,,,,0,,,,,,0,0,,0
"Blog Article","/blogs/dolls-info-qustions/how-to-assemble-and-use-a-sex-doll-electric-stand",1,1,0,0,0,0,1,,0,0,0,0,1,1,,1,1,1,0,0,0,0,1,,0,0,0,0,1,1,,1,0,0,,,,,0,,,,,,0,0,,0
"Product","/products/f8141-167cm5ft6-35kg-e-cup-ab25-silicone-sex-doll-in-stock-us-aibei-doll-luxe",1,1,0,0,0,0,1,,0,0,0,0,1,1,,1,1,1,0,0,0,0,1,,0,0,0,0,1,1,,1,0,0,,,,,0,,,,,,0,0,,0
"Product","/products/t912-108cm3ft7-30kg-j-cup-silicone-head-movable-jaw-sle-body-bubble-butt-sex-doll-torso-with-head-zelex-doll-1",1,1,0,0,0,0,1,,0,0,0,0,1,1,,1,1,1,0,0,0,0,1,,0,0,0,0,1,1,,1,0,0,,,,,0,,,,,,0,0,,0
"Product","/products/f3594-160cm5-2ft-34kg-a-cup-asian-tpe-sex-doll%E4%B8%A8wm-doll",1,1,0,0,0,0,2,,0,0,0,78,2,0,,0,1,1,0,0,0,0,2,,0,0,0,78,2,0,,0,0,0,,,,,0,,,,,0,0,,,
"Blog Article","/blogs/dolls-info-qustions/comparison-of-four-top-skinny-sex-dolls-brands",1,1,0,0,0,0,26,,0,0,0,2707,26,0,,0,1,1,0,0,0,0,26,,0,0,0,2707,26,0,,0,0,0,,,,,0,,,,,0,0,,,
,"/en-ca/blogs/dolls-info-qustions/sex-doll-support-bracket-back-neck-assembly",1,1,0,0,0,0,1,,0,0,0,0,1,1,,1,1,1,0,0,0,0,1,,0,0,0,0,1,1,,1,0,0,,,,,0,,,,,,0,0,,0
"Collection","/collections/6-7in-male-sex-doll",1,1,0,0,0,0,4,,0,0,0,102,4,0,,0,1,1,0,0,0,0,4,,0,0,0,102,4,0,,0,0,0,,,,,0,,,,,0,0,,,
"Blog Article","/blogs/dolls-info-qustions/2025-sedoll-elf-series-silicone-sex-dolls-make-their-stunning-debut",1,1,0,0,0,0,1,,0,0,0,0,1,1,,1,1,1,0,0,0,0,1,,0,0,0,0,1,1,,1,0,0,,,,,0,,,,,,0,0,,0
"Collection","/collections/sedoll-silicone-torso-series",1,1,0,0,0,0,16,,0,0,0,431,16,0,,0,1,1,0,0,0,0,16,,0,0,0,431,16,0,,0,0,0,,,,,0,,,,,0,0,,,
,"/ja/collections/muha",1,1,0,0,0,0,2,,0,0,0,7,2,0,,0,1,1,0,0,0,0,2,,0,0,0,7,2,0,,0,0,0,,,,,0,,,,,0,0,,,
,"/en-ca/blogs/dolls-info-qustions/2024-why-does-my-realistic-sex-toy-smell-like-chemicals",1,1,0,0,0,0,1,,0,0,0,0,1,1,,1,1,1,0,0,0,0,1,,0,0,0,0,1,1,,1,0,0,,,,,0,,,,,,0,0,,0
"Product","/products/t693-64-6lb-meru-anime-alien-sex-doll-torso-with-flat-chest-silicone-head-red-skin-torso-pro",1,1,1,1,0,0,9,0,1,1,0,149,9,0,0,0,1,1,1,1,0,0,9,0,1,1,0,149,9,0,0,0,0,0,0,0,,,0,,0,0,,0,0,,,
,"/de/blogs/dolls-info-qustions/what-is-it-like-to-use-a-shemale-sex-doll",1,1,0,0,0,0,2,,0,0,0,7,2,0,,0,1,1,0,0,0,0,2,,0,0,0,7,2,0,,0,0,0,,,,,0,,,,,0,0,,,
"Custom Page","/pages/anime-sex-doll-buy-guide",1,1,0,0,0,0,1,,0,0,0,0,1,1,,1,1,1,0,0,0,0,1,,0,0,0,0,1,1,,1,0,0,,,,,0,,,,,,0,0,,0
"Blog Article","/blogs/featured-blog/ai-sex-dolls-jinsan-s-1-900-model-takes-over-euro-america",1,1,0,0,0,0,1,,0,0,0,0,1,1,,1,1,1,0,0,0,0,1,,0,0,0,0,1,1,,1,0,0,,,,,0,,,,,,0,0,,0
"Product","/products/f2171-170cm-5-6ft-43kg-d-cup-luna-life-size-silicone-sex-doll-real-lady",1,1,0,0,0,0,7,,0,0,0,496,7,0,,0,1,1,0,0,0,0,7,,0,0,0,496,7,0,,0,0,0,,,,,0,,,,,0,0,,,
